Item,Count obs
AAAAAA,0.11604541575784265
AAAAAT,0.00819676720417849
AAAAAC,0.3921216929344799
AAAAAG,0.24407107142016554
AAAATA,0.24390554276263893
AAAATT,-0.09173874743672772
AAAATC,0.1823215567939546
AAAATG,-0.047954393122035865
AAAACA,0.14806955107054984
AAAACT,-0.11437089488544684
AAAACC,-0.03848079451057083
AAAACG,0.02423964076394448
AAAAGA,0.05566456755818398
AAAAGT,-0.31956628454313835
AAAAGC,-0.008959741371471982
AAAAGG,0.008342393508345182
AAATAA,0.6346198411126549
AAATAT,-0.017136282242987355
AAATAC,0.5782969512841794
AAATAG,0.6436357758255303
AAATTA,-0.1980699137620938
AAATTT,-0.2958219306583373
AAATTC,-0.02339567200888438
AAATTG,0.04627740023975607
AAATCA,-0.1668516350218229
AAATCT,-0.16103934082244356
AAATCC,0.20096109767124878
AAATCG,-0.012212702135831446
AAATGA,-0.1803066457757758
AAATGT,-0.4824261492442928
AAATGC,-0.010100010645606465
AAATGG,-0.1542975658439736
AAACAA,-0.5462309946336199
AAACAT,-0.5553634781968924
AAACAC,-0.20861998846080032
AAACAG,-0.22301970463623855
AAACTA,-0.7164040427242125
AAACTT,-0.6753765782110384
AAACTC,0.17979842677583346
AAACTG,0.05116887759112269
AAACCA,-0.34772246022413866
AAACCT,-0.22538593325473638
AAACCC,0.5434285341942766
AAACCG,0.27054579020879377
AAACGA,-0.5795484165908906
AAACGT,-0.01884780755435364
AAACGC,0.2789016008306485
AAACGG,-0.1139841322874598
AAAGAA,-0.08104722809954189
AAAGAT,-0.22900049177761272
AAAGAC,0.020803127629763326
AAAGAG,-0.18016870343285354
AAAGTA,-0.6469018524696996
AAAGTT,-0.6190392084062235
AAAGTC,0.1574765167968404
AAAGTG,-0.011236073266925842
AAAGCA,0.1279949528529773
AAAGCT,0.060883722737692623
AAAGCC,0.2734508525238316
AAAGCG,0.17571825101864474
AAAGGA,-0.2297880940328784
AAAGGT,-0.30961714931803663
AAAGGC,-0.1510289291130737
AAAGGG,-0.18197714487389782
AATAAA,0.4498796135489106
AATAAT,0.44820220056451904
AATAAC,0.51480177214563
AATAAG,-0.33442933499141264
AATATA,-0.47208479544956006
AATATT,0.5255860393491113
AATATC,0.613773593018433
AATATG,-0.24294617861038947
AATACA,0.9404715300713699
AATACT,0.5582278626605746
AATACC,1.099597995992869
AATACG,0.7845081794074735
AATAGA,0.6464041000122381
AATAGT,0.38334319102089365
AATAGC,0.38153498125812735
AATAGG,0.11712535723741264
AATTAA,0.26787944515560125
AATTAT,0.26826398659467937
AATTAC,0.25160601597797133
AATTAG,-0.2501441531327156
AATTTA,0.10981486600720661
AATTTT,0.06453852113757116
AATTTC,0.5345153948883955
AATTTG,0.043802622658393055
AATTCA,0.42712660488934384
AATTCT,0.0905140075408319
AATTCC,0.7895087603492023
AATTCG,0.4304450972727334
AATTGA,0.33096258081024327
AATTGT,0.27377364240564894
AATTGC,1.0539345360517702
AATTGG,-0.10976826297955482
AATCAA,-0.8248677240601104
AATCAT,-0.4652960340951903
AATCAC,-0.35254879602756034
AATCAG,-0.7369646840599988
AATCTA,-0.9103910097469667
AATCTT,-0.15842723659451854
AATCTC,0.24875360741923241
AATCTG,-0.693366454763214
AATCCA,-0.14799082893486512
AATCCT,-0.059316577156419505
AATCCC,0.41040687601894327
AATCCG,-0.004081369630974262
AATCGA,-0.4373858442864588
AATCGT,-0.260313916329219
AATCGC,-0.3410482170002618
AATCGG,-0.6503738505300547
AATGAA,-0.2921623124336592
AATGAT,-0.2639092628435719
AATGAC,-0.38907129833248805
AATGAG,-1.0962565749756505
AATGTA,-0.5974860619908325
AATGTT,-0.3067611979679381
AATGTC,0.039788250058412584
AATGTG,-0.596037136357002
AATGCA,-0.20796724311903156
AATGCT,-0.052082456601333066
AATGCC,0.3355771149740965
AATGCG,-0.25950614751676576
AATGGA,-0.15856374965484696
AATGGT,-0.21154716056512937
AATGGC,0.047284855693139935
AATGGG,0.11007031796419148
AACAAA,-0.6088868369422055
AACAAT,0.058279490190547636
AACAAC,0.4868262831113376
AACAAG,0.03325860796056355
AACATA,-0.8642452749840503
AACATT,-0.32810398695069626
AACATC,0.4302206796259803
AACATG,0.14321669835898643
AACACA,-0.6331932377428644
AACACT,-0.389798991363765
AACACC,0.819184795243041
AACACG,0.18977564605708408
AACAGA,-0.15421278969964256
AACAGT,0.18347829492177828
AACAGC,0.6512501997658272
AACAGG,0.5898075039514087
AACTAA,-0.13223745239654328
AACTAT,0.052463569535740946
AACTAC,0.3290346861205416
AACTAG,-1.333615065124463
AACTTA,-0.20701416938432615
AACTTT,-0.6628000241706535
AACTTC,0.1933292886037835
AACTTG,-0.11433968978709873
AACTCA,0.21222902795048626
AACTCT,0.1650797503594486
AACTCC,0.46356114981846736
AACTCG,0.5509964117222249
AACTGA,0.3524952095360244
AACTGT,0.17239067797692903
AACTGC,0.5293708452070465
AACTGG,0.9590750348341894
AACCAA,-1.61818263443989
AACCAT,-0.98228707581315
AACCAC,-0.48488006339988077
AACCAG,-0.30687850441326636
AACCTA,-1.6927142526747017
AACCTT,-0.7983771393927281
AACCTC,-0.36784195749013243
AACCTG,-0.04542702425925895
AACCCA,-0.6673038036351926
AACCCT,-0.509653634179746
AACCCC,0.10074156980153164
AACCCG,0.011770455598915526
AACCGA,-1.0006224048233532
AACCGT,-0.4965190465812319
AACCGC,-0.42857111568088607
AACCGG,-0.6163986916832843
AACGAA,-0.5046857000232602
AACGAT,-0.6990671230709355
AACGAC,0.06062462181643484
AACGAG,-0.11046198482492703
AACGTA,-0.46063669172149324
AACGTT,-0.6801745092559068
AACGTC,0.3091746823114816
AACGTG,0.08846053592611564
AACGCA,-0.2614194501391007
AACGCT,-0.16584844275241747
AACGCC,0.5080265549608092
AACGCG,-0.30414627920123594
AACGGA,-0.4425770486695011
AACGGT,-0.5204512792916313
AACGGC,0.2931450856840186
AACGGG,-0.030314016921840065
AAGAAA,0.6900571819638104
AAGAAT,0.0808656499172357
AAGAAC,0.5553256407340159
AAGAAG,0.3980850008105418
AAGATA,-0.2045094717693168
AAGATT,-0.21124919370013395
AAGATC,0.5713855880410708
AAGATG,0.2374465365045409
AAGACA,-0.257499258520733
AAGACT,-0.3350193815058576
AAGACC,0.5532168252358387
AAGACG,-0.042344644224412226
AAGAGA,-0.3224518911423348
AAGAGT,-0.056803201089150594
AAGAGC,0.25772701002748316
AAGAGG,-0.25045936196117263
AAGTAA,0.17435338714477774
AAGTAT,-0.20585205420414887
AAGTAC,0.41358623063050626
AAGTAG,0.4381040802407274
AAGTTA,0.033901551675681416
AAGTTT,-0.4936699574652827
AAGTTC,0.04656698990474526
AAGTTG,0.2189038930614068
AAGTCA,-0.3017236514370668
AAGTCT,-0.3025067074655827
AAGTCC,0.4828125875383168
AAGTCG,0.3718753098571381
AAGTGA,-0.0882717100326138
AAGTGT,-0.6039160468320027
AAGTGC,0.0906161028399838
AAGTGG,0.1364137454935528
AAGCAA,-0.7941569279715014
AAGCAT,-0.8590715951279894
AAGCAC,-0.23338627372352197
AAGCAG,-0.2901344201304881
AAGCTA,-1.249618311815896
AAGCTT,-0.8430272531006886
AAGCTC,0.1352622771483736
AAGCTG,0.2992969796036746
AAGCCA,-0.6558354721225881
AAGCCT,-0.5433376205757341
AAGCCC,0.12521772042989535
AAGCCG,0.16806737109950803
AAGCGA,-0.9807176396403284
AAGCGT,-0.257049013050673
AAGCGC,0.18039743858863838
AAGCGG,-0.2827955446474631
AAGGAA,0.17711082922665386
AAGGAT,-0.5381315204168696
AAGGAC,0.3618963532930388
AAGGAG,-0.10014200485248245
AAGGTA,-0.412969833762232
AAGGTT,-0.8763364163671225
AAGGTC,0.24829567980509987
AAGGTG,0.21939631477132765
AAGGCA,-0.31710662354386887
AAGGCT,-0.5365691361782947
AAGGCC,0.1590092066725416
AAGGCG,0.0768449229175542
AAGGGA,-0.36352641888783427
AAGGGT,-0.5405420960944676
AAGGGC,0.21650656857452455
AAGGGG,-0.06574746748670998
ATAAAA,0.3118716669228941
ATAAAT,-0.03571808260207923
ATAAAC,0.18571714579509285
ATAAAG,0.4588658848352796
ATAATA,-0.2696635669491026
ATAATT,0.26933293378358436
ATAATC,0.29626581614317243
ATAATG,0.19923803046065539
ATAACA,-0.37773369500263876
ATAACT,-0.22858327461002798
ATAACC,0.3331444465285383
ATAACG,0.5261869089274778
ATAAGA,-0.4190972568982222
ATAAGT,-0.44468582126144557
ATAAGC,-0.23383884043095768
ATAAGG,-0.18732907852457698
ATATAA,0.3060312111199775
ATATAT,-0.40871186420703437
ATATAC,-0.5449727593185707
ATATAG,0.47907692545141034
ATATTA,0.2657031657330057
ATATTT,0.26322177488162024
ATATTC,0.36340444443567205
ATATTG,0.319063673192949
ATATCA,-0.2687134921461498
ATATCT,0.05129329438755048
ATATCC,0.780158557549575
ATATCG,0.46668856819628246
ATATGA,-1.1551532279592636
ATATGT,-0.6577050339100133
ATATGC,-0.39145151720208227
ATATGG,-0.33579815503181937
ATACAA,-0.5776885689951172
ATACAT,-0.2676351405064902
ATACAC,-0.3620297090763923
ATACAG,-0.11305808592773049
ATACTA,-1.3261904370501851
ATACTT,-0.3131425867884679
ATACTC,-0.16603315552905898
ATACTG,-0.6178061856632732
ATACCA,-0.26129531727858607
ATACCT,-0.12446922855519503
ATACCC,0.5507049899975871
ATACCG,0.2762289608767419
ATACGA,-1.0330696793733107
ATACGT,-0.1796441790232383
ATACGC,-0.09499986172580671
ATACGG,-0.2383813867903817
ATAGAA,0.3249811358893773
ATAGAT,0.22486521601494575
ATAGAC,0.6177712156564377
ATAGAG,0.9461436950238363
ATAGTA,-0.7702829094421725
ATAGTT,-0.13491931789937064
ATAGTC,0.44144968389664946
ATAGTG,-0.059615709674354464
ATAGCA,-0.8949535944860237
ATAGCT,0.013866184531726887
ATAGCC,0.2167579381300769
ATAGCG,0.07911721015259347
ATAGGA,-0.6074088782171135
ATAGGT,-0.3745793918421995
ATAGGC,-0.12982859033606928
ATAGGG,-0.1468353582508854
ATTAAA,0.21130909366720696
ATTAAT,0.11778303565638346
ATTAAC,0.33716212971515064
ATTAAG,0.124873329881408
ATTATA,-0.0953101798043249
ATTATT,0.5254244231871433
ATTATC,0.3129998804360708
ATTATG,-0.3101549283038396
ATTACA,0.2946025152963547
ATTACT,0.6063296208012741
ATTACC,1.1612478596595948
ATTACG,0.6687713745618006
ATTAGA,-0.8256363636060242
ATTAGT,-0.8544153281560676
ATTAGC,-0.09324192674026582
ATTAGG,-0.6887898751909894
ATTTAA,0.14310084364067344
ATTTAT,0.010050335853501506
ATTTAC,-0.02298951822469872
ATTTAG,-0.4989911661189879
ATTTTA,-0.4560173872709956
ATTTTT,0.31108300261639343
ATTTTC,0.32344542201577575
ATTTTG,-0.9775739602910536
ATTTCA,0.5120027869390056
ATTTCT,0.6713394627485471
ATTTCC,1.2980527491449805
ATTTCG,0.27918366485389257
ATTTGA,0.17313313073954853
ATTTGT,0.21223831783194733
ATTTGC,0.4254305393538623
ATTTGG,-0.5497310287028806
ATTCAA,-0.5042586537960544
ATTCAT,0.08598274669149159
ATTCAC,-0.42557625186333947
ATTCAG,-0.679532912976401
ATTCTA,-1.513556140730818
ATTCTT,-0.04371143309041632
ATTCTC,0.2778780723551601
ATTCTG,-0.861547398835292
ATTCCA,0.018153194707542345
ATTCCT,0.16282376108068708
ATTCCC,0.5714645542928531
ATTCCG,-0.06353124854490222
ATTCGA,-0.5013609394665638
ATTCGT,-0.12906776372853385
ATTCGC,-0.21006086383087694
ATTCGG,-0.5507422311714332
ATTGAA,-0.1022788491204183
ATTGAT,0.03932993413474045
ATTGAC,-0.11291007091450914
ATTGAG,0.10454084348078656
ATTGTA,-1.0144252024402418
ATTGTT,0.1675258940609251
ATTGTC,-0.001790510773788233
ATTGTG,-0.8521599707284326
ATTGCA,0.29417932443096156
ATTGCT,0.39800636282048835
ATTGCC,0.2745203030620524
ATTGCG,-0.02293709301926478
ATTGGA,-0.794972041385464
ATTGGT,-0.45241322708715487
ATTGGC,-0.2531958963806117
ATTGGG,-0.5378873231314492
ATCAAA,-0.9115269277082871
ATCAAT,0.20976542536803364
ATCAAC,0.3782259315620106
ATCAAG,0.15993188482971432
ATCATA,-1.594914349580691
ATCATT,-0.39429180751003917
ATCATC,0.3715557235649876
ATCATG,0.026158850927053664
ATCACA,-1.1254174293309365
ATCACT,-0.2628012319203693
ATCACC,1.0014753574150161
ATCACG,0.02020270731751947
ATCAGA,-1.5505132337840706
ATCAGT,-0.09204753416950852
ATCAGC,0.44306675731799827
ATCAGG,0.06538693747805559
ATCTAA,-0.4727173351173317
ATCTAT,0.3220834991691132
ATCTAC,0.45037351984871576
ATCTAG,-1.713797927758343
ATCTTA,-0.9096017437233586
ATCTTT,-0.2649832096571186
ATCTTC,0.6022720253795606
ATCTTG,-0.005636842196873799
ATCTCA,-0.6254787664134464
ATCTCT,-0.06645386361164006
ATCTCC,0.7275817204082928
ATCTCG,0.6167702272204718
ATCTGA,-1.2532640960428134
ATCTGT,-0.5330529468318388
ATCTGC,0.20605338297471
ATCTGG,-0.27574218230420333
ATCCAA,-1.5514235173734725
ATCCAT,-0.37173120571058677
ATCCAC,0.11336739573366143
ATCCAG,0.2572648448587103
ATCCTA,-1.9968624762292406
ATCCTT,-0.5169205490334873
ATCCTC,0.618324497238218
ATCCTG,-0.11844726683324615
ATCCCA,-0.7122438780164017
ATCCCT,-0.7275048876077914
ATCCCC,0.4879363410949268
ATCCCG,0.3816275055998055
ATCCGA,-1.2513905986550888
ATCCGT,-0.29881892190794435
ATCCGC,0.35211275795370006
ATCCGG,-0.27400506191639484
ATCGAA,-0.3556967517898429
ATCGAT,-0.48981833026406285
ATCGAC,0.27275229555425656
ATCGAG,0.4404385103436831
ATCGTA,-1.0155756857700864
ATCGTT,-0.7163410240013292
ATCGTC,0.5218116759785861
ATCGTG,-0.47233011342807907
ATCGCA,-1.3113313226464356
ATCGCT,-0.8180286187535021
ATCGCC,0.4734412706016846
ATCGCG,-0.6322610016007458
ATCGGA,-1.294091163988214
ATCGGT,-0.7398830931082395
ATCGGC,0.1644069391375556
ATCGGG,-0.6682229073663983
ATGAAA,0.48906413198447796
ATGAAT,-0.010490239081886671
ATGAAC,0.2922448180101991
ATGAAG,0.45611870952651573
ATGATA,-1.179802443398123
ATGATT,-0.6920101707728702
ATGATC,0.44443142192401425
ATGATG,0.10349310148303094
ATGACA,-0.8971615619651597
ATGACT,-0.48227974707727916
ATGACC,0.29820761983500543
ATGACG,-0.1520241505835712
ATGAGA,-0.994106108816199
ATGAGT,-0.23684833689584775
ATGAGC,0.04641761432406657
ATGAGG,-0.824151988333472
ATGTAA,-0.11300975690372582
ATGTAT,-0.44997261048559556
ATGTAC,0.32980387218428264
ATGTAG,0.5264456357426169
ATGTTA,-0.37800826187512515
ATGTTT,-0.5201280164283042
ATGTTC,0.4159172218341324
ATGTTG,0.3335496821786112
ATGTCA,-0.6704856988467219
ATGTCT,-0.3980958780016161
ATGTCC,0.7367528602108196
ATGTCG,0.5611117273873877
ATGTGA,-0.8035830301874948
ATGTGT,-0.6486607192608165
ATGTGC,0.11478874700655009
ATGTGG,-0.18065349969325747
ATGCAA,-0.6458524374832056
ATGCAT,-0.7256976715961393
ATGCAC,-0.04948509123006007
ATGCAG,-0.052616318176550554
ATGCTA,-1.4161086238303169
ATGCTT,-0.6981765289649473
ATGCTC,0.6214485255936433
ATGCTG,0.17144859569950377
ATGCCA,-0.6888731891252934
ATGCCT,-0.46558771120322295
ATGCCC,0.542574322080571
ATGCCG,0.4862705732145057
ATGCGA,-1.3952044289764427
ATGCGT,-0.2980038109821979
ATGCGC,0.20561127816600092
ATGCGG,-0.2993993240664955
ATGGAA,-0.07679547234783189
ATGGAT,-0.4087006089663126
ATGGAC,0.040367480496601715
ATGGAG,-0.03557900575119693
ATGGTA,-1.0347084866886296
ATGGTT,-0.900760930256028
ATGGTC,0.16280906021981786
ATGGTG,0.06894126257924266
ATGGCA,-0.5937846019727898
ATGGCT,-0.5021108370060728
ATGGCC,0.0193073540158068
ATGGCG,0.0954336442158651
ATGGGA,-0.5732368838873878
ATGGGT,-0.5593796325440783
ATGGGC,0.07921017364539434
ATGGGG,-0.192618115008902
ACAAAA,-0.9773509886354014
ACAAAT,-0.6550824255355765
ACAAAC,-0.5147615298872291
ACAAAG,-0.587786664902119
ACAATA,0.09084647277357216
ACAATT,0.3491842722095747
ACAATC,-0.48589428921646294
ACAATG,-0.10181356279476517
ACAACA,0.3542676772110769
ACAACT,0.39731808490975823
ACAACC,0.0985595477752442
ACAACG,0.42714889298527264
ACAAGA,0.21744913542065325
ACAAGT,-0.028082968742825364
ACAAGC,-0.11383514264879854
ACAAGG,0.3830535098750413
ACATAA,0.06090875308699252
ACATAT,-0.6859786910813328
ACATAC,-1.1079800386717098
ACATAG,0.5480837916623511
ACATTA,0.15906469462968728
ACATTT,-0.022427035787444323
ACATTC,-0.5077830250698939
ACATTG,0.026075424774681385
ACATCA,0.4390348307391232
ACATCT,0.2866639152282408
ACATCC,0.37146907865830914
ACATCG,0.3071168257097089
ACATGA,0.1403422212015937
ACATGT,0.1492914448835529
ACATGC,0.13374704929993247
ACATGG,0.1923718926474561
ACACAA,-1.1128515132825922
ACACAT,-0.46183425592450467
ACACAC,-1.089878608699355
ACACAG,-1.4513829070224422
ACACTA,-0.7083373460539204
ACACTT,-0.5676621467241679
ACACTC,-0.7765920786354372
ACACTG,-0.8424867572907938
ACACCA,0.2739832280936191
ACACCT,0.09439740597925285
ACACCC,0.5987600012826484
ACACCG,0.29630266862532284
ACACGA,-0.9145688201271354
ACACGT,-0.0763321282770007
ACACGC,-0.287650305746462
ACACGG,-0.48741019130447405
ACAGAA,-0.9519935588297378
ACAGAT,-0.3994882505697233
ACAGAC,-0.8459850456701719
ACAGAG,-0.9317666893596025
ACAGTA,-0.7498425242364906
ACAGTT,0.19808075686777618
ACAGTC,-0.9322481417223142
ACAGTG,-0.598277581651704
ACAGCA,0.4490791607998065
ACAGCT,0.024688378899079547
ACAGCC,-0.197293252692785
ACAGCG,0.28536814932138366
ACAGGA,-0.4456039424983998
ACAGGT,0.11758261842347467
ACAGGC,-0.18455378094317482
ACAGGG,0.007707704035824597
ACTAAA,-0.30830135965451655
ACTAAT,-0.6466271649250525
ACTAAC,-0.7724203614544531
ACTAAG,-0.31237468504215243
ACTATA,0.030239885189718176
ACTATT,0.5355541565417141
ACTATC,0.05936673273517715
ACTATG,-0.015389000963653568
ACTACA,0.7736101445960445
ACTACT,0.36468566768481125
ACTACC,0.49482094198164267
ACTACG,0.5835946440400773
ACTAGA,-0.7357067949787413
ACTAGT,-1.2032032775469073
ACTAGC,-0.8738648877719254
ACTAGG,-1.4271163556401458
ACTTAA,0.11995931507897897
ACTTAT,-0.34937564145712074
ACTTAC,-0.5475957843188736
ACTTAG,-1.001018802347943
ACTTTA,-0.2272729446562209
ACTTTT,-0.36557750596717936
ACTTTC,-0.4208227637624842
ACTTTG,-0.04378901712366122
ACTTCA,0.48147660020870453
ACTTCT,0.42542097295106884
ACTTCC,0.5973936400744497
ACTTCG,0.3267815808294457
ACTTGA,-0.19156254664768438
ACTTGT,-0.12486898204586919
ACTTGC,-0.2416456780171543
ACTTGG,-0.8041169349822822
ACTCAA,-0.003220614700042172
ACTCAT,-0.15763666022319733
ACTCAC,-0.6265600508280798
ACTCAG,-0.9522092956316773
ACTCTA,0.22546104945457218
ACTCTT,-0.035442846929798794
ACTCTC,-0.33498303306974514
ACTCTG,-0.7882762501582151
ACTCCA,0.3193730567193734
ACTCCT,0.18498311829892766
ACTCCC,0.05735492092711765
ACTCCG,-0.06530847112886126
ACTCGA,0.06937288289186638
ACTCGT,-0.034674837518762214
ACTCGC,-0.08047933690287626
ACTCGG,-0.024634676841101162
ACTGAA,-0.5300541982335475
ACTGAT,-0.04030810103172217
ACTGAC,-0.6072858899535529
ACTGAG,-0.8961606488349638
ACTGTA,-0.7575565611278271
ACTGTT,0.1704935455819122
ACTGTC,-0.6032456281480822
ACTGTG,-1.126277067137238
ACTGCA,-0.09596466068412186
ACTGCT,0.32078414488846957
ACTGCC,-0.4442352185727354
ACTGCG,-0.3176918988752316
ACTGGA,0.3632311502675308
ACTGGT,0.3159810185344388
ACTGGC,0.052867666675232225
ACTGGG,0.25684554009633936
ACCAAA,-1.4429132551193986
ACCAAT,-0.3036665933914791
ACCAAC,-0.35176211922217393
ACCAAG,-0.7446004621488611
ACCATA,-1.109289546608954
ACCATT,-0.3680432007616648
ACCATC,-0.08116630753384621
ACCATG,-0.18100885149527732
ACCACA,-0.44149712549287135
ACCACT,-0.12480145749584641
ACCACC,0.4430154845280886
ACCACG,0.19857753969883485
ACCAGA,-0.200970433193882
ACCAGT,0.2383325335897718
ACCAGC,0.2323953884069138
ACCAGG,0.2899362751262467
ACCTAA,-0.8946292350929756
ACCTAT,-0.3589830352176747
ACCTAC,-0.353284950579708
ACCTAG,-1.1532641343338734
ACCTTA,-0.5306282510621704
ACCTTT,-0.5983878694077831
ACCTTC,-0.004914909320420379
ACCTTG,0.30408772119743066
ACCTCA,-0.38081931090133647
ACCTCT,-0.2673890594494573
ACCTCC,-0.29615241528606445
ACCTCG,0.30238914189848287
ACCTGA,-0.09625724922163574
ACCTGT,0.09531017980432493
ACCTGC,0.2648202873272174
ACCTGG,0.3166090491433341
ACCCAA,-0.8590822542028109
ACCCAT,-0.5113728424355929
ACCCAC,-0.042512556501185655
ACCCAG,0.16319342938170198
ACCCTA,-1.2736095362868494
ACCCTT,-0.6356426860797542
ACCCTC,0.003165275082250125
ACCCTG,0.36938296949399146
ACCCCA,-0.19937775106334044
ACCCCT,-0.325422400434628
ACCCCC,-0.02182660699262044
ACCCCG,0.7297625948014632
ACCCGA,-0.567598524333083
ACCCGT,-0.05635117580020668
ACCCGC,0.4641267972231561
ACCCGG,0.355527554124395
ACCGAA,-0.6984791279850916
ACCGAT,-0.7313494896097855
ACCGAC,-0.19069746358339779
ACCGAG,0.08114817987294654
ACCGTA,-0.3449947953731251
ACCGTT,-0.5223864461670668
ACCGTC,-0.028822083530717357
ACCGTG,0.1850457250683583
ACCGCA,-0.45471525388644274
ACCGCT,-0.4163616595013004
ACCGCC,0.16038395527605367
ACCGCG,-0.04915039472087792
ACCGGA,-0.6594014123455684
ACCGGT,-0.7041017042166731
ACCGGC,-0.02904691272511074
ACCGGG,0.11506059171498306
ACGAAA,0.13487457617099044
ACGAAT,-0.045168284078277735
ACGAAC,-0.025429783797631195
ACGAAG,0.2257224986680262
ACGATA,0.03324405857915443
ACGATT,-0.22111903144602615
ACGATC,-0.14643046619671934
ACGATG,0.11969834623065398
ACGACA,0.329869675871295
ACGACT,0.10978041235597745
ACGACC,-0.16786266334149236
ACGACG,0.20268413195439797
ACGAGA,0.3218809334800313
ACGAGT,0.0009367682183868799
ACGAGC,-0.2136605269866743
ACGAGG,-0.04471989961899639
ACGTAA,0.05999191062797526
ACGTAT,-0.308042995100696
ACGTAC,-0.0539489410643303
ACGTAG,0.6639029219030368
ACGTTA,0.15988850272900157
ACGTTT,-0.17097267898530033
ACGTTC,-0.3967394499909333
ACGTTG,0.3970911766356075
ACGTCA,0.19903845555454153
ACGTCT,0.19478832555908465
ACGTCC,0.2990128555534624
ACGTCG,0.5341133379076151
ACGTGA,0.15748406216145872
ACGTGT,-0.14468035157473147
ACGTGC,0.3592083176019523
ACGTGG,0.1650500834971196
ACGCAA,-0.39246283531033893
ACGCAT,-0.28711773835102494
ACGCAC,-0.33824029944618156
ACGCAG,-0.41212292231503145
ACGCTA,-0.19262030899452903
ACGCTT,-0.20342029423627708
ACGCTC,-0.025228126071332922
ACGCTG,-0.004608489378768041
ACGCCA,0.15009846677162425
ACGCCT,0.14336241630935978
ACGCCC,0.47252447472643894
ACGCCG,0.5001278652238162
ACGCGA,-0.7727168315830838
ACGCGT,-0.9259689054606145
ACGCGC,-0.29204819407810084
ACGCGG,-0.23283931451033385
ACGGAA,-0.5191676950833861
ACGGAT,-0.2091732754548117
ACGGAC,-0.6430190964582043
ACGGAG,-1.0404213502139719
ACGGTA,-0.031967623393322375
ACGGTT,-0.5133306269465246
ACGGTC,-0.24729086321440047
ACGGTG,0.2589739942903229
ACGGCA,0.39272563089617724
ACGGCT,-0.09238556766772944
ACGGCC,-0.22830508034081673
ACGGCG,0.2747384430930748
ACGGGA,-0.17091553182355038
ACGGGT,-0.14926584995618505
ACGGGC,-0.4358096928304545
ACGGGG,-0.25126822716745095
AGAAAA,0.04596806308879801
AGAAAT,0.3426934715113862
AGAAAC,0.351718304298804
AGAAAG,0.4496387935803311
AGAATA,-0.28163975799581836
AGAATT,0.29590290559663807
AGAATC,-0.3868532609135652
AGAATG,-0.19271836727165603
AGAACA,0.6758300427529688
AGAACT,0.36541692283485067
AGAACC,-0.3455138895381631
AGAACG,0.1715848811830128
AGAAGA,0.4968028927653212
AGAAGT,0.3388976274992994
AGAAGC,-0.048325328945146157
AGAAGG,0.030608217103200296
AGATAA,0.3124590767886898
AGATAT,0.28867759269328264
AGATAC,-0.31267575383864604
AGATAG,0.1639316916823637
AGATTA,-0.05406722127027582
AGATTT,0.358281369987006
AGATTC,-0.4508076140397378
AGATTG,-0.3131079573023229
AGATCA,0.5749601861018657
AGATCT,0.1898647280103644
AGATCC,0.1893754163316368
AGATCG,0.342965514135455
AGATGA,0.16106282317466847
AGATGT,0.17207349612838996
AGATGC,-0.028262928331422757
AGATGG,-0.09343048000274723
AGACAA,-0.8588381571260697
AGACAT,-0.2903401336332574
AGACAC,-0.7081287341755621
AGACAG,-1.3207296726270075
AGACTA,-1.057941248937182
AGACTT,-0.31481073984003355
AGACTC,-0.7102253945029818
AGACTG,-0.9402234980857832
AGACCA,0.2717330475454047
AGACCT,0.1479454231602299
AGACCC,0.48577705518202596
AGACCG,0.13800177174678363
AGACGA,-0.08375328707007212
AGACGT,0.01743781080051222
AGACGC,-0.10868006189732397
AGACGG,-0.30645685261633704
AGAGAA,-0.4180968550140649
AGAGAT,-0.11090444169549685
AGAGAC,-0.709346911774054
AGAGAG,-0.9234592213527676
AGAGTA,-0.7612849857271633
AGAGTT,0.2977027870134958
AGAGTC,-0.6132532713391795
AGAGTG,-0.5061446342478594
AGAGCA,0.7206995045569679
AGAGCT,-0.1346337260082391
AGAGCC,-0.30168348947613816
AGAGCG,0.0903498623266642
AGAGGA,0.07544666043931812
AGAGGT,-0.29959908603047447
AGAGGC,-0.8860563120463395
AGAGGG,-0.2962944329498249
AGTAAA,-0.017621601349819445
AGTAAT,0.8094607082369688
AGTAAC,-0.047873993697652426
AGTAAG,-0.8811344748895773
AGTATA,-1.2047724844965004
AGTATT,0.48543065826459136
AGTATC,-0.49080842799709706
AGTATG,-1.004667842491568
AGTACA,0.4895482253187058
AGTACT,0.41040687601894327
AGTACC,0.25222639505732675
AGTACG,0.4049652330665134
AGTAGA,0.24693172228896632
AGTAGT,0.36407805587179
AGTAGC,-0.19260133492259782
AGTAGG,-0.6104494362423564
AGTTAA,-0.15565330971179328
AGTTAT,0.22519483408476715
AGTTAC,0.01467018974779384
AGTTAG,-0.9343092373768334
AGTTTA,-0.32208349916911333
AGTTTT,0.06356338697936482
AGTTTC,-0.2151462903327932
AGTTTG,0.14045183546909631
AGTTCA,0.25860569397546435
AGTTCT,0.4434865406859635
AGTTCC,0.5904214145703857
AGTTCG,0.5890959328343999
AGTTGA,0.37960244858243697
AGTTGT,0.4829865668352193
AGTTGC,0.9218762984346361
AGTTGG,0.16645512683185518
AGTCAA,-1.1481879371289685
AGTCAT,-0.42842057740455
AGTCAC,-0.7706329003424465
AGTCAG,-1.3228952154306721
AGTCTA,-1.1096621248546947
AGTCTT,-0.31301154081584953
AGTCTC,-0.7490994165259923
AGTCTG,-1.1167361404969323
AGTCCA,0.019516953819019023
AGTCCT,0.24131615189385539
AGTCCC,0.04423496711649507
AGTCCG,-0.027810514507914552
AGTCGA,0.0791278073647165
AGTCGT,0.07224880787374047
AGTCGC,-0.10659813957817628
AGTCGG,-0.21545449164638816
AGTGAA,-0.689916159978499
AGTGAT,-0.20165722167212302
AGTGAC,-0.5573683664153501
AGTGAG,-1.136178990467692
AGTGTA,-1.4862557120999464
AGTGTT,-0.382613392619068
AGTGTC,-0.7172388677070787
AGTGTG,-1.0417554884633837
AGTGCA,-0.23591019466193963
AGTGCT,-0.03181674457559528
AGTGCC,-0.23238414765243418
AGTGCG,-0.4084687228191201
AGTGGA,0.020929475543489815
AGTGGT,-0.06839028032680704
AGTGGC,-0.3513302517004427
AGTGGG,0.01887484413063238
AGCAAA,-0.6446795450177245
AGCAAT,0.6468509661904638
AGCAAC,0.5787990418655017
AGCAAG,0.007067167223092353
AGCATA,-1.4265899012978998
AGCATT,-0.04233436382656077
AGCATC,0.21066387702763664
AGCATG,0.22799251213315636
AGCACA,-0.0594896399353744
AGCACT,0.0042709033803269595
AGCACC,0.6646744167985035
AGCACG,0.46468446776813555
AGCAGA,0.11917193075928809
AGCAGT,0.316387521876054
AGCAGC,0.36447586597334747
AGCAGG,0.669888691007384
AGCTAA,-0.2275781483820755
AGCTAT,-0.06787265139933804
AGCTAC,-0.04288864733036223
AGCTAG,-1.179559564472073
AGCTTA,-0.718814927308523
AGCTTT,-0.08499710122867138
AGCTTC,-0.07806662444387791
AGCTTG,0.21082746524689025
AGCTCA,-0.17878423439310365
AGCTCT,-0.09147197019124448
AGCTCC,-0.18747297786221903
AGCTCG,0.15468136724071158
AGCTGA,-0.0928970362888345
AGCTGT,0.06911487478119187
AGCTGC,-0.37676366016283797
AGCTGG,0.01342891115747483
AGCCAA,-0.9243602751358674
AGCCAT,-0.5421779463414433
AGCCAC,-0.48256152792404966
AGCCAG,-0.3529891909370983
AGCCTA,-1.3271466886171959
AGCCTT,-0.5597492903720405
AGCCTC,-0.7045815581856084
AGCCTG,-0.14420119154019267
AGCCCA,-0.36067033012131205
AGCCCT,-0.1938369206645672
AGCCCC,0.0015112084145432966
AGCCCG,-0.02221462473377404
AGCCGA,-0.2636024162029345
AGCCGT,-0.13250252714365116
AGCCGC,-0.24666572673147735
AGCCGG,-0.07621490258906531
AGCGAA,-0.48391205929186754
AGCGAT,-0.7352183944806323
AGCGAC,-0.08873825556448545
AGCGAG,-0.11425911247430837
AGCGTA,-0.4993582549419185
AGCGTT,-0.2833624113072645
AGCGTC,-0.030218087103494492
AGCGTG,0.1047853484840148
AGCGCA,0.1001842700899071
AGCGCT,0.13986139862392252
AGCGCC,0.4652539512361494
AGCGCG,0.10541714881655573
AGCGGA,-0.2281754560076174
AGCGGT,-0.34632330450186977
AGCGGC,0.10560714650554866
AGCGGG,0.22690719896351355
AGGAAA,0.8755642073048054
AGGAAT,0.14924324191691896
AGGAAC,0.18536317928290405
AGGAAG,0.4193608299381168
AGGATA,-0.390358265646021
AGGATT,-0.08166290917000682
AGGATC,0.027903144685983254
AGGATG,0.10741311419760141
AGGACA,0.5140433368196179
AGGACT,0.13662896866865687
AGGACC,-0.05418852294769586
AGGACG,0.377303226576285
AGGAGA,0.2336009459733093
AGGAGT,0.10372184261600612
AGGAGC,-0.15354500921783568
AGGAGG,-0.2234604583046611
AGGTAA,0.5136544799664684
AGGTAT,-0.028938903471822607
AGGTAC,-0.2547020441097756
AGGTAG,0.36915351539254027
AGGTTA,-0.09246522767209356
AGGTTT,-0.23340649614376827
AGGTTC,-0.7582881372766471
AGGTTG,0.07258131807722391
AGGTCA,0.15076675174739657
AGGTCT,0.11501547973025099
AGGTCC,-0.1020587952642446
AGGTCG,0.3738440713490375
AGGTGA,0.20433192910117828
AGGTGT,0.12365128402481543
AGGTGC,0.21867817262751665
AGGTGG,0.06162717692946511
AGGCAA,-0.6355383416237039
AGGCAT,-0.45332891741746556
AGGCAC,-0.6867641266961781
AGGCAG,-1.153020545659234
AGGCTA,-0.5619760508056305
AGGCTT,-0.5273792635118854
AGGCTC,-0.5811079860828139
AGGCTG,-0.26337694976883197
AGGCCA,-0.2388825547516249
AGGCCT,-0.10394754605528711
AGGCCC,-0.011724609151094008
AGGCCG,0.22258725745309174
AGGCGA,-0.20799627488702593
AGGCGT,0.09081008967966296
AGGCGC,0.1756078037692305
AGGCGG,-0.056385087052223115
AGGGAA,-0.1900902622445741
AGGGAT,-0.46182420132804586
AGGGAC,-0.09465875642124696
AGGGAG,-0.2769240224852304
AGGGTA,-0.3824880929310837
AGGGTT,-0.507470720068106
AGGGTC,0.16370399777788427
AGGGTG,0.5580870386639328
AGGGCA,0.2787639190005663
AGGGCT,-0.12729116846961297
AGGGCC,0.023088809059090734
AGGGCG,0.5297781116825782
AGGGGA,-0.0020855064910213707
AGGGGT,-0.3269934926666691
AGGGGC,-0.2767607562319576
AGGGGG,-0.3271036089815782
TAAAAA,0.041473248206575095
TAAAAT,-0.25851069515150105
TAAAAC,0.17538912001830984
TAAAAG,0.0870113769896297
TAAATA,0.4423884622127622
TAAATT,-0.030305349495328922
TAAATC,-0.3774335942522783
TAAATG,-0.49979729272451257
TAAACA,0.10265415406008337
TAAACT,-0.34574587340654206
TAAACC,-0.374938517449009
TAAACG,0.005277057100843819
TAAAGA,0.3368723166425526
TAAAGT,0.00972454989199478
TAAAGC,0.48054442565151806
TAAAGG,0.569161200778954
TAATAA,0.616186139423817
TAATAT,0.035627177643151035
TAATAC,0.12921173148000625
TAATAG,1.1687578980348694
TAATTA,0.14014663174324185
TAATTT,0.12695962746128805
TAATTC,-0.17216918532993664
TAATTG,0.43374588122311114
TAATCA,0.08773891430800689
TAATCT,-0.49571198595594246
TAATCC,0.7976047616191794
TAATCG,0.6803264921308839
TAATGA,0.5436983687665655
TAATGT,0.1508228897345835
TAATGC,0.617082598470854
TAATGG,0.7368358755622765
TAACAA,0.01142869582362285
TAACAT,-1.483668525145067
TAACAC,-0.8206605008589049
TAACAG,-0.8047646761728467
TAACTA,0.2903523010076598
TAACTT,-0.6219196712715775
TAACTC,-0.7162124534909414
TAACTG,-0.34072756219135136
TAACCA,-0.19912867511033588
TAACCT,-0.3265711656385013
TAACCC,0.3360749645508353
TAACCG,0.16098557882678532
TAACGA,0.1552532157713584
TAACGT,0.20785013514471148
TAACGC,0.41272826318063754
TAACGG,0.26303933890473974
TAAGAA,-0.6386589952758756
TAAGAT,-0.8201468713212527
TAAGAC,-0.6418538861723948
TAAGAG,-1.0930412436186543
TAAGTA,-0.24221969837502352
TAAGTT,-0.5711887734930811
TAAGTC,-0.3784364357202451
TAAGTG,-0.6132532713391795
TAAGCA,-0.4105802087749349
TAAGCT,-0.4658282578352548
TAAGCC,-0.503320898111923
TAAGCG,-0.606347197715485
TAAGGA,-0.10021215040453155
TAAGGT,-0.6931471805599453
TAAGGC,-0.45138882080350357
TAAGGG,-0.04196419909903208
TATAAA,0.436164094996971
TATAAT,-0.538440790798964
TATAAC,0.2083722339938972
TATAAG,0.024625047305389194
TATATA,0.25704510298989114
TATATT,-0.014184634991956413
TATATC,0.2632737688503315
TATATG,-0.5116253039365551
TATACA,-0.467549640284169
TATACT,-1.2881540934355513
TATACC,0.3359595475558943
TATACG,-0.2790926572379542
TATAGA,0.9041272456809577
TATAGT,-0.15984870094189602
TATAGC,0.5174554823046602
TATAGG,0.38692153039599536
TATTAA,0.5614693565847456
TATTAT,-0.20701416938432615
TATTAC,1.2125565480173275
TATTAG,-0.1216969349775197
TATTTA,-0.07232066157962613
TATTTT,0.007874056430905866
TATTTC,1.1170272536207653
TATTTG,0.4209062925965422
TATTCA,0.3921216929344799
TATTCT,-0.26055266976914027
TATTCC,0.9798493411253775
TATTCG,0.6683808841468237
TATTGA,0.587228161676208
TATTGT,0.03157434559859511
TATTGC,0.9365388927041025
TATTGG,0.13890293642643356
TATCAA,-0.4479601209571198
TATCAT,-1.2247553435084644
TATCAC,-0.33886362875328857
TATCAG,-0.7639162514481526
TATCTA,-0.02259983191724092
TATCTT,-0.382785619338747
TATCTC,0.3566749439387324
TATCTG,-0.16459345350037402
TATCCA,0.5742554378641486
TATCCT,-0.250436850339547
TATCCC,0.2921826858994091
TATCCG,0.40012644299801226
TATCGA,0.15951311871280408
TATCGT,0.022472855852058576
TATCGC,0.04265843353049248
TATCGG,-0.18103273073592818
TATGAA,-0.8106804971489803
TATGAT,-1.6933815255813596
TATGAC,-0.49929082151752435
TATGAG,-1.0943019371669873
TATGTA,-0.5148176450355281
TATGTT,-0.7820573385188025
TATGTC,0.06566064581114177
TATGTG,-0.20688303044242945
TATGCA,-0.4416731226195096
TATGCT,-1.197125888189972
TATGCC,0.04248099497616738
TATGCG,-0.30939273314498916
TATGGA,-0.479897702890934
TATGGT,-0.9175497814581657
TATGGC,-0.26907426180407734
TATGGG,-0.40142766456162965
TACAAA,-0.7099691797179872
TACAAT,-1.0120670035070063
TACAAC,0.5007114601622893
TACAAG,0.2742426520901199
TACATA,-0.6830968447064438
TACATT,-1.0325109854609573
TACATC,0.5194767188633682
TACATG,0.32250833166570186
TACACA,-0.903711949667295
TACACT,-1.2820905835898881
TACACC,0.5483940713771529
TACACG,-0.49825789671885
TACAGA,-0.6649384599254363
TACAGT,-0.7720903829000649
TACAGC,0.37496400643446737
TACAGG,-0.0036166404701885504
TACTAA,-0.4382549309311553
TACTAT,-0.5939405304764972
TACTAC,0.671497708863092
TACTAG,-0.9577713329948738
TACTTA,-0.3334916084830752
TACTTT,-0.5962973545700277
TACTTC,0.5446878123367052
TACTTG,0.24507654540470844
TACTCA,-0.3622363735573443
TACTCT,-0.5176026080450145
TACTCC,0.305918728343784
TACTCG,0.34055556205884907
TACTGA,-0.5765642977943303
TACTGT,-0.8351948382159601
TACTGC,-0.1918779435141728
TACTGG,0.1315794549193825
TACCAA,-1.0975861213127975
TACCAT,-1.1415460414936989
TACCAC,-0.12315480983585657
TACCAG,0.2211026571480047
TACCTA,-0.8216365868319604
TACCTT,-0.5479702769115611
TACCTC,-0.1212226641599981
TACCTG,0.44466160847951686
TACCCA,-0.054633862318343066
TACCCT,-0.4066938610786572
TACCCC,0.0776592714193494
TACCCG,0.09945768414074688
TACCGA,-0.45579019199568016
TACCGT,-0.09945646653059043
TACCGC,0.07495452069472146
TACCGG,-0.06104015954094241
TACGAA,-0.21362247842148116
TACGAT,-1.1128691492929745
TACGAC,0.3364373332163822
TACGAG,0.07092523923800546
TACGTA,-0.047879831835286546
TACGTT,-0.4259690883058717
TACGTC,0.36367316993419413
TACGTG,0.47019503512248023
TACGCA,-0.34358970439007686
TACGCT,-0.5115800560914759
TACGCC,0.4385621034109166
TACGCG,-0.34641954518956386
TACGGA,-0.7636056442085066
TACGGT,-0.3884557121447962
TACGGC,0.1173963530020158
TACGGG,-0.13644195104326093
TAGAAA,0.3423889866912559
TAGAAT,-1.1844735792745023
TAGAAC,0.4094731295057031
TAGAAG,0.5914900118887795
TAGATA,0.1878688293933012
TAGATT,-0.8840105830668628
TAGATC,0.4393666597838457
TAGATG,0.5060435657289325
TAGACA,-0.012959144642505228
TAGACT,-0.8434810618605028
TAGACC,0.8561084900693585
TAGACG,0.7400813606240344
TAGAGA,0.8937164098356162
TAGAGT,0.23496529027937657
TAGAGC,1.0324724861635646
TAGAGG,0.7947247151009985
TAGTAA,0.46734051182625186
TAGTAT,-1.798149267326826
TAGTAC,-0.0013976242666378616
TAGTAG,0.4844432197579289
TAGTTA,0.42674250655544926
TAGTTT,-0.6841323094637297
TAGTTC,-0.15229366908004557
TAGTTG,0.38559424238690093
TAGTCA,-0.6740776178395945
TAGTCT,-0.5320977590415303
TAGTCC,0.6395665880678807
TAGTCG,0.8999278746636749
TAGTGA,-0.1271408240619439
TAGTGT,-0.5057217118478149
TAGTGC,0.2605779820324519
TAGTGG,0.44646267983894866
TAGCAA,-0.4585749334221128
TAGCAT,-1.4347065249068214
TAGCAC,-0.9681530950805571
TAGCAG,-0.7991722152604704
TAGCTA,0.24632688676986703
TAGCTT,-1.1717447284554823
TAGCTC,-0.37473611064744944
TAGCTG,0.14985002561560187
TAGCCA,-0.4589895885238691
TAGCCT,-0.490555112943004
TAGCCC,0.31808841323985276
TAGCCG,0.5033629025644012
TAGCGA,-0.44981931854078705
TAGCGT,-0.31038165996788764
TAGCGC,0.24452872193123243
TAGCGG,0.1693640440331968
TAGGAA,-0.8149489758112465
TAGGAT,-2.343218834501697
TAGGAC,-0.5312222516736365
TAGGAG,-0.36999492865985656
TAGGTA,-0.795400684671428
TAGGTT,-1.5158595654745344
TAGGTC,-0.5176816741281951
TAGGTG,0.25091067335465805
TAGGCA,-0.7065131146551544
TAGGCT,-1.3268709406490897
TAGGCC,-0.19366569817715057
TAGGCG,0.03232846632857723
TAGGGA,0.04107102951095808
TAGGGT,-1.4288345049441513
TAGGGC,-0.40546510810816444
TAGGGG,-0.019376278963138722
TTAAAA,0.18677590714333503
TTAAAT,-0.10483406131558039
TTAAAC,-0.13102826240640414
TTAAAG,0.29415458695739827
TTAATA,0.7667589979031912
TTAATT,0.017804624633506686
TTAATC,0.1376213778760479
TTAATG,0.04879016416943205
TTAACA,-0.4795730802618862
TTAACT,-0.28915158043114086
TTAACC,0.38478490287062567
TTAACG,0.06136894637629202
TTAAGA,-0.2700271372130601
TTAAGT,-0.14842000511827322
TTAAGC,-0.1445812288111077
TTAAGG,0.22592519427608654
TTATAA,0.028170876966696224
TTATAT,-0.13665151996076627
TTATAC,-0.01778954156349841
TTATAG,0.8244831826210323
TTATTA,0.8153148145341529
TTATTT,0.5658854009490181
TTATTC,0.19119195150760745
TTATTG,0.5616448721622036
TTATCA,-0.20742747792503083
TTATCT,0.39260695316479577
TTATCC,0.5925655072621084
TTATCG,0.17515627759336816
TTATGA,-0.3679271887890991
TTATGT,-0.24686007793152578
TTATGC,-0.26875406256626216
TTATGG,-0.22960909107885158
TTACAA,0.003129893008927787
TTACAT,-0.44948199352493884
TTACAC,-0.6066141580400924
TTACAG,-0.4474293072071966
TTACTA,0.35350536917745334
TTACTT,0.3386021628790379
TTACTC,0.19035372849121873
TTACTG,-0.29934844874701394
TTACCA,0.13307313247749744
TTACCT,0.47265305026096105
TTACCC,0.5130906303968428
TTACCG,0.5127745622117714
TTACGA,-0.06693948267510938
TTACGT,0.16862271243579272
TTACGC,0.1032954658790567
TTACGG,-0.13613217432458005
TTAGAA,-0.08416179232171059
TTAGAT,-0.41021571086676223
TTAGAC,-0.6561059088795962
TTAGAG,-0.2204733227583309
TTAGTA,-1.1537315878891894
TTAGTT,-1.0224509277025458
TTAGTC,-0.9950138880036826
TTAGTG,-0.23638877806423053
TTAGCA,-0.5777651064411001
TTAGCT,-0.3655485007027219
TTAGCC,-0.33477010855068245
TTAGCG,-0.3268441534922373
TTAGGA,-0.7884573603642702
TTAGGT,-1.230437681447532
TTAGGC,-1.0654288698778691
TTAGGG,-1.4678743481123133
TTTAAA,0.30722666852475117
TTTAAT,0.371563556432483
TTTAAC,-0.3829922522561057
TTTAAG,-0.178691788743376
TTTATA,-0.03402974858631137
TTTATT,0.5140358993962388
TTTATC,0.3611964286575783
TTTATG,-0.10373128220073317
TTTACA,-0.20044894138651134
TTTACT,-0.2922767638300913
TTTACC,0.39943238620837834
TTTACG,-0.11236296818704417
TTTAGA,-0.3886579897917832
TTTAGT,-0.7701082216960736
TTTAGC,-0.29432661517044945
TTTAGG,-0.9913982043609604
TTTTAA,-0.02197890671877534
TTTTAT,0.30482158232847695
TTTTAC,0.10536051565782635
TTTTAG,-0.5944312076207875
TTTTTA,0.3076328588711296
TTTTTT,0.23251569114307297
TTTTTC,0.3421186461645249
TTTTTG,-0.28302840377043387
TTTTCA,0.17443606251996438
TTTTCT,0.07599786877195205
TTTTCC,1.1070536137159104
TTTTCG,-0.2917279309713247
TTTTGA,-0.9534017396035869
TTTTGT,-1.1176884357289234
TTTTGC,-0.6706093875345791
TTTTGG,-1.6815298021364182
TTTCAA,0.058045982154144034
TTTCAT,0.22704871666763551
TTTCAC,-0.15510017411032948
TTTCAG,-0.382579693976398
TTTCTA,0.21184399606027648
TTTCTT,0.33912036792709355
TTTCTC,0.4515934953703358
TTTCTG,-0.5116925947767677
TTTCCA,0.7706024451228831
TTTCCT,0.6551291133724244
TTTCCC,0.6099908222131294
TTTCCG,0.4032083245373731
TTTCGA,-0.3790474739650895
TTTCGT,-0.04194082232385729
TTTCGC,-0.38046590336995056
TTTCGG,-0.6286086594223742
TTTGAA,-0.2770488161504121
TTTGAT,-0.5117043584446797
TTTGAC,-0.5644819775865955
TTTGAG,-0.2631331995303681
TTTGTA,-0.21511137961694557
TTTGTT,0.04634033725870192
TTTGTC,0.14953173397096384
TTTGTG,-0.6142199219702746
TTTGCA,0.10912497291326889
TTTGCT,0.08017026682926774
TTTGCC,0.2027346796830026
TTTGCG,-0.1190168421053118
TTTGGA,-0.7199453737146695
TTTGGT,-0.8943227990320664
TTTGGC,-0.6374785753520232
TTTGGG,-0.81259549553539
TTCAAA,-0.6532876079172061
TTCAAT,0.196139210122535
TTCAAC,0.32769440817515594
TTCAAG,0.1361095542402062
TTCATA,-0.7213180575266417
TTCATT,-0.2535671145993149
TTCATC,0.5459286207046876
TTCATG,0.15047926680009885
TTCACA,-1.520186265675254
TTCACT,-0.5844743067891363
TTCACC,0.6540044857410121
TTCACG,-0.46940726703742386
TTCAGA,-1.4586150226995167
TTCAGT,-0.6337237600891445
TTCAGC,0.1405155723632193
TTCAGG,-0.14888288889239942
TTCTAA,-0.39553946830819436
TTCTAT,0.3356353775831127
TTCTAC,0.559350218952319
TTCTAG,-1.273965176145971
TTCTTA,-0.6505875661411494
TTCTTT,-0.29953462948250037
TTCTTC,0.8525319520108017
TTCTTG,-0.05709630010968846
TTCTCA,-0.9959993178011711
TTCTCT,-0.2680762343019852
TTCTCC,0.9136157414248521
TTCTCG,0.4719808913827542
TTCTGA,-1.2339097975584363
TTCTGT,-0.9184701733470874
TTCTGC,-0.04630019193261618
TTCTGG,-0.27635396956773634
TTCCAA,-0.8903038037578409
TTCCAT,-0.10593476327873319
TTCCAC,0.42165043252918166
TTCCAG,0.6533866667342285
TTCCTA,-1.0269947437583868
TTCCTT,0.21785676209006
TTCCTC,0.9877372381346926
TTCCTG,0.17357439528479898
TTCCCA,-0.14398659241373238
TTCCCT,-0.5519563425558285
TTCCCC,0.46376462894560233
TTCCCG,0.24231140883665148
TTCCGA,-0.9806295525617366
TTCCGT,-0.6331919774899191
TTCCGC,0.08428528407240576
TTCCGG,-0.056436615646771236
TTCGAA,-0.3207255384473791
TTCGAT,-0.4077346711600391
TTCGAC,0.16046276298145556
TTCGAG,0.1927266074013971
TTCGTA,-0.3446411043750088
TTCGTT,-0.4512309591663544
TTCGTC,0.5995150099122879
TTCGTG,-0.3452087690222365
TTCGCA,-1.31664337838839
TTCGCT,-0.5876984775922159
TTCGCC,0.31826232524178993
TTCGCG,-0.6345631186135536
TTCGGA,-1.0217649534418014
TTCGGT,-0.7279158026151982
TTCGGC,0.09408771472687821
TTCGGG,-0.7619678932534611
TTGAAA,0.03546470957228268
TTGAAT,-0.7719583609842351
TTGAAC,0.19385722526364788
TTGAAG,0.36768890954636235
TTGATA,-0.597643183524662
TTGATT,-0.7705789206927613
TTGATC,0.4541154329041004
TTGATG,0.16440717999444743
TTGACA,-1.4422019930581866
TTGACT,-1.0772257990282719
TTGACC,0.5234799481227084
TTGACG,0.2135741002980591
TTGAGA,-0.13415360564884865
TTGAGT,0.1010049356181712
TTGAGC,0.652309154104074
TTGAGG,0.40772397511789255
TTGTAA,-0.15669845190605702
TTGTAT,-0.6012755266880626
TTGTAC,0.05085600846847681
TTGTAG,0.5531316048864477
TTGTTA,0.3275466710157088
TTGTTT,-0.5810976767513224
TTGTTC,0.3172507512853085
TTGTTG,0.18645975921562336
TTGTCA,-1.0656615333559505
TTGTCT,-0.9435352539807206
TTGTCC,0.72792316637735
TTGTCG,0.49951417868321113
TTGTGA,-1.4059626791015174
TTGTGT,-0.9839493803479699
TTGTGC,0.04327989591377002
TTGTGG,-0.30151453276145673
TTGCAA,-0.06367008860361731
TTGCAT,-0.7832949100916763
TTGCAC,-0.2546288297900257
TTGCAG,0.2896200575544595
TTGCTA,-0.565006636570299
TTGCTT,-0.8475623756645031
TTGCTC,0.49385335392270846
TTGCTG,0.47213825888850824
TTGCCA,-0.7369257690898746
TTGCCT,-0.7533600612473769
TTGCCC,0.5932917679419492
TTGCCG,0.6671086397435714
TTGCGA,-1.0458224524722224
TTGCGT,-0.48213390112355997
TTGCGC,0.41058301363126304
TTGCGG,-0.056668651741511866
TTGGAA,-0.7507226178346688
TTGGAT,-1.6155619791420603
TTGGAC,-0.8132594630048429
TTGGAG,-0.30652851454532914
TTGGTA,-1.0747482334384868
TTGGTT,-1.6360798433805217
TTGGTC,-0.3264325221730297
TTGGTG,-0.05041281887392249
TTGGCA,-0.8687206023804379
TTGGCT,-0.8962853760995785
TTGGCC,-0.006580889259150822
TTGGCG,0.07220265052518653
TTGGGA,-0.4091619699894905
TTGGGT,-1.2562976177967529
TTGGGC,-0.6140034311795279
TTGGGG,-0.34894819968955276
TCAAAA,-0.9590554534621655
TCAAAT,-1.331819968844145
TCAAAC,-0.7321044238131384
TCAAAG,-0.6340947487782448
TCAATA,0.3417492937220567
TCAATT,0.6754476034605443
TCAATC,-0.155616786035316
TCAATG,0.28274967024171677
TCAACA,0.3437715391028244
TCAACT,0.3927871928841097
TCAACC,0.1298891524024764
TCAACG,0.6573945803841029
TCAAGA,-0.047511555121693035
TCAAGT,-0.20127474259619288
TCAAGC,0.10049647776824672
TCAAGG,0.5741614989378014
TCATAA,-0.41566927828240613
TCATAT,-1.011292697775593
TCATAC,-1.5764678931965306
TCATAG,-0.24768572817796164
TCATTA,0.4295626596872249
TCATTT,0.31308450786387076
TCATTC,-0.6887256553020681
TCATTG,-0.4093303807283697
TCATCA,0.37531133869770733
TCATCT,0.11352382629698736
TCATCC,0.0697660914532191
TCATCG,0.18418918894648562
TCATGA,-0.053345980705292735
TCATGT,0.12173821549931152
TCATGC,-0.030991934856491408
TCATGG,-0.0610151147472842
TCACAA,-1.73522005881239
TCACAT,-0.7228561066539497
TCACAC,-1.3416083587645276
TCACAG,-1.903473802369448
TCACTA,-0.1647437255299819
TCACTT,-0.11196906579096363
TCACTC,-0.547322488910784
TCACTG,-0.9074421747976709
TCACCA,0.4394309953582239
TCACCT,0.2430640134214907
TCACCC,0.8375365530825704
TCACCG,0.7091331007579997
TCACGA,-0.8011886629710294
TCACGT,0.21290649508916387
TCACGC,-0.2225522435212835
TCACGG,-0.5287056357138648
TCAGAA,-1.5045766479099592
TCAGAT,-1.452695043297958
TCAGAC,-1.3087550278050681
TCAGAG,-1.4418460487851312
TCAGTA,-0.6745419927289108
TCAGTT,0.3501055214886642
TCAGTC,-0.8304751206100593
TCAGTG,-0.8399416773490574
TCAGCA,0.4053337846489157
TCAGCT,-0.08989141767401819
TCAGCC,-0.20476161178006747
TCAGCG,0.30168836374785196
TCAGGA,-0.547439945294135
TCAGGT,-0.022405073356377966
TCAGGC,-0.32087993530099845
TCAGGG,-0.10037221604863635
TCTAAA,-0.2231435513142097
TCTAAT,-0.8919980393051105
TCTAAC,-0.9631743177730054
TCTAAG,-0.7125234595230839
TCTATA,0.9631461491556602
TCTATT,0.8978896465032639
TCTATC,0.38484582090542874
TCTATG,0.5108256237659906
TCTACA,0.8309045000356914
TCTACT,0.27212965944429607
TCTACC,0.5905125545079081
TCTACG,0.9808292530117262
TCTAGA,-0.7348576691413156
TCTAGT,-1.6193882432872684
TCTAGC,-1.2891581908849676
TCTAGG,-1.5074903693725141
TCTTAA,-0.42853038103916036
TCTTAT,-0.3784364357202451
TCTTAC,-0.9745596399981309
TCTTAG,-1.067704751205033
TCTTTA,0.4054651081081644
TCTTTT,0.10635752471349488
TCTTTC,-0.6088673871760882
TCTTTG,0.05824259268075629
TCTTCA,0.7679008694816908
TCTTCT,0.5949602207630053
TCTTCC,0.620303518849534
TCTTCG,0.43510873392766525
TCTTGA,-0.07833184326990696
TCTTGT,0.24611470018633583
TCTTGC,-0.004538897827434467
TCTTGG,-0.8123928851826366
TCTCAA,-0.18873869111458802
TCTCAT,-0.9250522375427279
TCTCAC,-1.1207314380068467
TCTCAG,-1.6987078833758662
TCTCTA,0.7289007405097417
TCTCTT,-0.21439793667583648
TCTCTC,-0.6936121887059669
TCTCTG,-1.0223235878322603
TCTCCA,0.8424640141168872
TCTCCT,0.27166712617856675
TCTCCC,0.40315906195363355
TCTCCG,0.409213405117651
TCTCGA,0.32660726277377283
TCTCGT,0.40556481397593724
TCTCGC,0.23215405378827222
TCTCGG,0.14514105626715257
TCTGAA,-1.5499237849016927
TCTGAT,-1.5124071521561655
TCTGAC,-1.9438975431114096
TCTGAG,-2.11187681743299
TCTGTA,-0.8542503797020854
TCTGTT,-0.22517538404843662
TCTGTC,-1.191163846033355
TCTGTG,-1.24749816847452
TCTGCA,0.171118995468113
TCTGCT,0.16042626561099466
TCTGCC,-0.43961764853455404
TCTGCG,-0.09641444458669268
TCTGGA,-0.08727175975376195
TCTGGT,-0.215673003018888
TCTGGC,-0.6042616083397337
TCTGGG,0.03766825614685142
TCCAAA,-1.5686159179138452
TCCAAT,-0.49297083641716577
TCCAAC,-0.5330653660294348
TCCAAG,-1.0071709727096865
TCCATA,-0.6014149296766484
TCCATT,-0.09213389338590408
TCCATC,-0.1309213543650357
TCCATG,0.0282185332522446
TCCACA,-0.119348760835688
TCCACT,-0.09939274387803487
TCCACC,0.5248732189291435
TCCACG,0.10061763800892494
TCCAGA,-0.04010215878108709
TCCAGT,0.3937493905421603
TCCAGC,0.5103121865629426
TCCAGG,0.558105892747434
TCCTAA,-0.9419584786227327
TCCTAT,-0.6771468392135042
TCCTAC,-0.8086677718123593
TCCTAG,-1.110139793839177
TCCTTA,-0.27013776280087154
TCCTTT,-0.46619202648240937
TCCTTC,-0.1615421814482291
TCCTTG,0.4713519061837822
TCCTCA,0.16214669796546657
TCCTCT,0.17179721731489686
TCCTCC,0.4087818607341583
TCCTCG,0.8831864648287319
TCCTGA,-0.5480566204565818
TCCTGT,-0.3844919847278856
TCCTGC,0.19888657366864973
TCCTGG,0.11896112927605178
TCCCAA,-0.5204696915367791
TCCCAT,-0.6365435517550307
TCCCAC,-0.31947753463770295
TCCCAG,-0.008298802814695066
TCCCTA,-0.2399871986437636
TCCCTT,-0.7743726204825312
TCCCTC,-0.738516198730906
TCCCTG,-0.49303188638949413
TCCCCA,0.12082255167428008
TCCCCT,0.0326330525626696
TCCCCC,0.0208684124347481
TCCCCG,0.3044470645157775
TCCCGA,-0.23598508018623546
TCCCGT,-0.4563100542438955
TCCCGC,-0.019872368208717996
TCCCGG,0.382597313542422
TCCGAA,-1.1459905217875888
TCCGAT,-1.3722949559678228
TCCGAC,-0.7326469800441385
TCCGAG,-0.761856678567091
TCCGTA,-0.6035350218702582
TCCGTT,-0.47948821103117495
TCCGTC,-0.6600520526690815
TCCGTG,-0.694717112082468
TCCGCA,-0.16748546604113834
TCCGCT,-0.17628171655663377
TCCGCC,0.11033317632720463
TCCGCG,-0.02318717923670785
TCCGGA,-0.1924917067529687
TCCGGT,-0.5921344978382223
TCCGGC,0.037945184129269796
TCCGGG,0.2750804706193899
TCGAAA,-0.10357019850985674
TCGAAT,-0.4426771162003651
TCGAAC,-0.10143515425909459
TCGAAG,0.0825027277890287
TCGATA,0.08245760106395238
TCGATT,-0.501141789657475
TCGATC,-0.08008172115269845
TCGATG,0.2706262457605487
TCGACA,0.39455948864779194
TCGACT,0.06502446915069762
TCGACC,0.28112427001504814
TCGACG,0.6693136662025622
TCGAGA,0.4036904847497959
TCGAGT,0.01680711831638119
TCGAGC,0.3115673719663199
TCGAGG,0.5320078862130361
TCGTAA,-0.05754295527902671
TCGTAT,-0.9160453029859431
TCGTAC,-0.6988173492367966
TCGTAG,0.4787979465125108
TCGTTA,0.16658397574594433
TCGTTT,-0.6772558132233106
TCGTTC,-0.6282630530883796
TCGTTG,0.2354869809487567
TCGTCA,0.007760709873686169
TCGTCT,-0.11995707392900003
TCGTCC,0.39127225581797337
TCGTCG,0.5845649749864422
TCGTGA,-0.9759366859230583
TCGTGT,-1.069444847143837
TCGTGC,-0.3270781581432039
TCGTGG,-0.1980749089542214
TCGCAA,-1.044522391403774
TCGCAT,-1.373126650745243
TCGCAC,-1.1567372251542494
TCGCAG,-1.0889255699883826
TCGCTA,-0.4102728096762675
TCGCTT,-1.1075129572849034
TCGCTC,-0.5906965718239292
TCGCTG,-0.06980937166503301
TCGCCA,0.10128646875098846
TCGCCT,-0.20536157879382125
TCGCCC,0.49882674283329065
TCGCCG,0.627439001055762
TCGCGA,-0.9146586494414619
TCGCGT,-0.8027690318320568
TCGCGC,-0.24531525812574997
TCGCGG,-0.06738626461159138
TCGGAA,-0.8972325755920871
TCGGAT,-1.1560050866647624
TCGGAC,-0.8904069339136305
TCGGAG,-0.6783390046459009
TCGGTA,-0.40610592838001364
TCGGTT,-0.9945736502681992
TCGGTC,-0.6041329292124351
TCGGTG,0.2294956258801531
TCGGCA,0.35039724348372026
TCGGCT,-0.27522526721019136
TCGGCC,0.1144677993308018
TCGGCG,0.6295438348359065
TCGGGA,-0.10336247346946081
TCGGGT,-0.7951942502845141
TCGGGC,-0.6650773836636154
TCGGGG,0.04217615878165702
TGAAAA,0.09475033654581073
TGAAAT,0.02005079704556122
TGAAAC,0.1301278275834084
TGAAAG,-0.034685557987889984
TGAATA,0.38192364103457427
TGAATT,0.41443377809092485
TGAATC,-1.1173249976002637
TGAATG,-0.6201249370514003
TGAACA,0.8333128642769723
TGAACT,0.25540659119721243
TGAACC,-0.8184058116973612
TGAACG,-0.1879901177726797
TGAAGA,0.721380853846798
TGAAGT,0.46214344512660255
TGAAGC,-0.06940346480004894
TGAAGG,0.0909150904701031
TGATAA,-0.12299817133549162
TGATAT,-0.31466376387033995
TGATAC,-0.9843943191762224
TGATAG,-0.620076237589615
TGATTA,0.12136085700426734
TGATTT,0.47581759911115534
TGATTC,-0.9121392693231035
TGATTG,-1.169381359556317
TGATCA,0.7612980885383718
TGATCT,0.5993043524495701
TGATCC,0.3935752886718544
TGATCG,0.35831205208063194
TGATGA,0.36914071264035836
TGATGT,0.4484306595777448
TGATGC,0.09053942573926879
TGATGG,0.05234765249834631
TGACAA,-1.4339280547082518
TGACAT,-0.6605378969943176
TGACAC,-1.2561083365242176
TGACAG,-1.7896614615650486
TGACTA,-0.7725743141912672
TGACTT,-0.37733109682136756
TGACTC,-1.0342669855777051
TGACTG,-1.3682072426287466
TGACCA,0.423269732741671
TGACCT,0.145081757605999
TGACCC,0.6340170942911174
TGACCG,-0.07425593580425507
TGACGA,0.04782365026243719
TGACGT,0.26141233674210895
TGACGC,-0.4442576474163256
TGACGG,-0.5309682136695582
TGAGAA,-0.904061563347743
TGAGAT,-0.7066116815132347
TGAGAC,-1.154794991065806
TGAGAG,-1.3715066609655113
TGAGTA,-0.31139859906909695
TGAGTT,0.16135478501240108
TGAGTC,-1.0438040521731147
TGAGTG,-0.8992228233620071
TGAGCA,0.7597990443449232
TGAGCT,-0.21904238356999509
TGAGCC,-0.420463947117516
TGAGCG,-0.1270186066894653
TGAGGA,0.1729074453877593
TGAGGT,-0.36084804261935766
TGAGGC,-1.2090812896828949
TGAGGG,-0.40083518054825484
TGTAAA,-0.327776529653659
TGTAAT,0.043228734550820214
TGTAAC,-0.5681956554249492
TGTAAG,-1.1517221139820581
TGTATA,-0.44817622620121406
TGTATT,0.6537332120190686
TGTATC,-0.6601982160963709
TGTATG,-0.7473647664647425
TGTACA,0.6444362525539398
TGTACT,0.6214441206468879
TGTACC,-0.2211296905376318
TGTACG,-0.06798289791290389
TGTAGA,0.811915923541088
TGTAGT,0.7686212731447107
TGTAGC,0.16703474249045944
TGTAGG,-0.16302678310175436
TGTTAA,0.141563564321787
TGTTAT,0.22509858615001305
TGTTAC,-0.3194633223198869
TGTTAG,-1.0906441190189327
TGTTTA,-0.4274440148269396
TGTTTT,0.10838440668290326
TGTTTC,-0.6591925770791638
TGTTTG,-0.11407245625984781
TGTTCA,0.8393510011129837
TGTTCT,0.7380671284822038
TGTTCC,0.6014506634031433
TGTTCG,0.5168947712534167
TGTTGA,0.37243458243168254
TGTTGT,0.37229495591535866
TGTTGC,0.4015399125813105
TGTTGG,-0.379852532251438
TGTCAA,-1.7017630153949719
TGTCAT,-0.6895852889935845
TGTCAC,-0.966341245196712
TGTCAG,-1.7427033122388607
TGTCTA,-0.04248099497616723
TGTCTT,-0.4510045823380588
TGTCTC,-1.000310388583549
TGTCTG,-1.4257963358610857
TGTCCA,0.6313042367943942
TGTCCT,0.5477897137244271
TGTCCC,0.14884562759756517
TGTCCG,0.14234252101390363
TGTCGA,0.38907186057893234
TGTCGT,0.4158951938060225
TGTCGC,0.05428484864421673
TGTCGG,-0.04323401191593725
TGTGAA,-1.6594598107047291
TGTGAT,-1.0296194171811581
TGTGAC,-1.5343124736842075
TGTGAG,-2.087281102236173
TGTGTA,-0.9822987609910862
TGTGTT,-0.48316393391171725
TGTGTC,-1.1970523614813622
TGTGTG,-1.6643411215879995
TGTGCA,0.14601351581484834
TGTGCT,-0.11925386155695461
TGTGCC,-0.5040333778320469
TGTGCG,-0.4290819342799182
TGTGGA,-0.10927038790899843
TGTGGT,-0.4906634885146092
TGTGGC,-0.8324040865898108
TGTGGG,-0.29362629435507775
TGCAAA,-0.3177021339392224
TGCAAT,0.4477285217355068
TGCAAC,0.40618078544776487
TGCAAG,-0.44664045384714224
TGCATA,-0.29007646388133934
TGCATT,-0.2859564464843111
TGCATC,-0.44790041241620226
TGCATG,-0.1369779331529702
TGCACA,0.18376664375063526
TGCACT,-0.16651630567736336
TGCACC,0.10739989200195423
TGCACG,0.26329942744467916
TGCAGA,0.2529040688141633
TGCAGT,-0.14885045768709082
TGCAGC,-0.21333352333057418
TGCAGG,0.3440439908294698
TGCTAA,-0.8224195162640845
TGCTAT,-0.8659383725032058
TGCTAC,-0.9861080882048726
TGCTAG,-1.2827053251104463
TGCTTA,-0.10763066419236544
TGCTTT,-0.09716374845364774
TGCTTC,-0.7515082729911445
TGCTTG,-0.052430350198188674
TGCTCA,0.7769815659968513
TGCTCT,0.683261005048266
TGCTCC,0.288959483738962
TGCTCG,0.8686872905115623
TGCTGA,0.45627731522923487
TGCTGT,0.4866528372658538
TGCTGC,0.41684756841535864
TGCTGG,0.6472564095495158
TGCCAA,-0.9938612504023024
TGCCAT,-0.6570585436323866
TGCCAC,-0.8124498871712069
TGCCAG,-0.7320603777409399
TGCCTA,-0.7506042355847325
TGCCTT,-0.3041609982006988
TGCCTC,-1.3560438584411412
TGCCTG,-0.8824655822259794
TGCCCA,0.35858492096299094
TGCCCT,0.10113262647238373
TGCCCC,-0.160499907505917
TGCCCG,0.14167399530603367
TGCCGA,0.2733829358280511
TGCCGT,0.4064822610924339
TGCCGC,0.07824915145485817
TGCCGG,0.37668597741261123
TGCGAA,-1.4536358365358304
TGCGAT,-1.2896354831152412
TGCGAC,-0.9215669877327528
TGCGAG,-0.9564960054112877
TGCGTA,-0.4435030890123962
TGCGTT,-0.29102666270237754
TGCGTC,-0.5125632436645317
TGCGTG,-0.40503211394682065
TGCGCA,0.45550025991614884
TGCGCT,0.10555615294691746
TGCGCC,0.15300449508541672
TGCGCG,0.1490279151800463
TGCGGA,-0.11306758188245394
TGCGGT,-0.41602298777378305
TGCGGC,-0.41229019887270846
TGCGGG,0.060595912995647684
TGGAAA,1.02028977693366
TGGAAT,0.08728585719446845
TGGAAC,0.11655036419118328
TGGAAG,0.36083479907350785
TGGATA,0.41981388472188025
TGGATT,-0.13997609806716466
TGGATC,-0.23642069482532024
TGGATG,0.07634530976142721
TGGACA,0.5896383134626572
TGGACT,-0.0744213728866058
TGGACC,-0.2797293138396902
TGGACG,0.243929075737842
TGGAGA,0.8691780686223171
TGGAGT,0.3790666342536334
TGGAGC,0.2702380845007473
TGGAGG,0.19061271437793567
TGGTAA,0.22744199207442417
TGGTAT,-0.20200605757650092
TGGTAC,-0.3924803495462111
TGGTAG,0.13873973773166082
TGGTTA,-0.059270243321128034
TGGTTT,-0.41626373535039
TGGTTC,-0.8639039436652333
TGGTTG,-0.27063188014375955
TGGTCA,0.4867649400909102
TGGTCT,0.2992043766481858
TGGTCC,-0.17683734619467462
TGGTCG,0.2265979603772184
TGGTGA,0.49239531956063665
TGGTGT,0.29749810218943745
TGGTGC,0.2580436210206249
TGGTGG,0.39068214450412264
TGGCAA,-0.6425648709161736
TGGCAT,-0.6400331658781934
TGGCAC,-0.7080501547825612
TGGCAG,-0.8193392057977047
TGGCTA,-0.5776204291006429
TGGCTT,-0.6331227999110466
TGGCTC,-0.8764954947392137
TGGCTG,-0.2964841555433844
TGGCCA,0.1508277176087982
TGGCCT,-0.19708091945919326
TGGCCC,-0.13637370820798514
TGGCCG,0.10613029950278279
TGGCGA,0.1130891511560686
TGGCGT,0.16226270140678634
TGGCGC,0.09054697386800528
TGGCGG,0.1038586192316265
TGGGAA,0.03844644650109293
TGGGAT,-0.6249325192289998
TGGGAC,0.10851131541614377
TGGGAG,-0.08601464994295385
TGGGTA,-0.3839387738601367
TGGGTT,-0.8579297331790374
TGGGTC,-0.2598585955750966
TGGGTG,0.21038657925001572
TGGGCA,0.29273211591602627
TGGGCT,-0.4259724612772403
TGGGCC,-0.18052952613282053
TGGGCG,0.28230042062226884
TGGGGA,0.044833450058238786
TGGGGT,-0.23898514990295583
TGGGGC,0.018587243866771897
TGGGGG,-0.1097436084077153
CAAAAA,-0.7579260574251487
CAAAAT,-0.6265726899372757
CAAAAC,-1.2036949879607652
CAAAAG,-1.2029442381498843
CAAATA,-0.5690945318899665
CAAATT,-0.6916308800419813
CAAATC,-1.4624544689518375
CAAATG,-1.1415108657550537
CAAACA,-0.8852249122992645
CAAACT,-0.4043215974060853
CAAACC,-0.8758909455087892
CAAACG,-0.8004560045008688
CAAAGA,-0.5779119169823606
CAAAGT,-0.6132728088854599
CAAAGC,-0.5493203840743229
CAAAGG,-0.49155314907369085
CAATAA,0.46521511251393827
CAATAT,0.4576821900902787
CAATAC,0.8370129596008791
CAATAG,0.25469676531578356
CAATTA,0.5245244681241527
CAATTT,0.6364518368834
CAATTC,0.4110361531576198
CAATTG,1.1748098022701086
CAATCA,-0.7969300977836932
CAATCT,-0.2037568375140196
CAATCC,0.17757095403535672
CAATCG,-0.6234813821213472
CAATGA,-0.25699045668806597
CAATGT,0.015915455305899582
CAATGC,0.26529595815331797
CAATGG,0.19799331769143486
CAACAA,0.2559289130479364
CAACAT,0.288772813844478
CAACAC,0.15002586525030842
CAACAG,0.20825493882045895
CAACTA,0.5089754844778293
CAACTT,0.2030643084082305
CAACTC,0.34266420686913407
CAACTG,0.8011928160795274
CAACCA,-0.2786005559892558
CAACCT,0.12148905294817249
CAACCC,-0.028394577602491654
CAACCG,-0.5187749167646398
CAACGA,0.20775455035055615
CAACGT,0.4714572982425247
CAACGC,0.23667016724931095
CAACGG,0.28336021495562425
CAAGAA,-0.0797045270818791
CAAGAT,0.0008906041853330577
CAAGAC,-0.07864312731911323
CAAGAG,-0.4908035033564112
CAAGTA,0.28768207245178085
CAAGTT,-0.07492539498197802
CAAGTC,-0.44624156079444205
CAAGTG,-0.6879950421702498
CAAGCA,-0.1453007545808372
CAAGCT,0.2547850857214914
CAAGCC,-0.5143185954211078
CAAGCG,-0.4082438525151157
CAAGGA,0.4764705996843363
CAAGGT,0.2800840594018916
CAAGGC,0.02353899532955579
CAAGGG,0.4656218352277864
CATAAA,-0.21549533047595298
CATAAT,-0.1694181519580468
CATAAC,-0.13522266994173945
CATAAG,-0.7944996748202328
CATATA,-0.3464667673462086
CATATT,-0.2996472405100541
CATATC,-0.320413875490009
CATATG,-1.1977031913123406
CATACA,-0.7007614305451907
CATACT,-1.1105680245882585
CATACC,-0.5118777017167944
CATACG,-1.3433181017286595
CATAGA,0.6348782724359695
CATAGT,0.09582755499910271
CATAGC,-0.17185025692665928
CATAGG,-0.20619133244948973
CATTAA,0.10536051565782635
CATTAT,0.26637228586502987
CATTAC,0.9697794168251412
CATTAG,-0.6887898751909894
CATTTA,-0.06269859421556405
CATTTT,0.014051753455650287
CATTTC,0.5672621343752443
CATTTG,0.14310084364067344
CATTCA,-0.5282281760616369
CATTCT,-0.2586231452518875
CATTCC,-0.029932145535035416
CATTCG,-0.5305572913317876
CATTGA,0.17828266528466735
CATTGT,-0.22484825861215843
CATTGC,0.1213237794565721
CATTGG,-0.2929871246814741
CATCAA,0.12560412193447293
CATCAT,0.07506120761897175
CATCAC,0.41114208007117503
CATCAG,0.026040023119296377
CATCTA,0.5081410583953215
CATCTT,0.1105997390030978
CATCTC,0.2365216772603859
CATCTG,-0.2743823133408003
CATCCA,0.10780935368411201
CATCCT,0.1569554970619855
CATCCC,-0.0438084918746472
CATCCG,-0.21925789557879402
CATCGA,0.27777905343008724
CATCGT,0.16162516028608195
CATCGC,-0.11253903913906194
CATCGG,-0.1095677731852714
CATGAA,0.14666368372105504
CATGAT,0.042097464892121454
CATGAC,-0.13492966831261105
CATGAG,-0.38029215418366275
CATGTA,0.3198408795346269
CATGTT,0.1762684850808774
CATGTC,0.29549482560729806
CATGTG,-0.1936837408283382
CATGCA,-0.07196907992116522
CATGCT,0.2886105776252661
CATGCC,0.03444048998029177
CATGCG,-0.38810609469593466
CATGGA,-0.009277525464121368
CATGGT,-0.15242222220906926
CATGGC,-0.16392598510759576
CATGGG,0.03013222945938958
CACAAA,-1.0513210006224136
CACAAT,-0.6160043047110695
CACAAC,-0.24968245645922352
CACAAG,-0.25807389735766506
CACATA,-0.04822311000056569
CACATT,-0.5071970010261376
CACATC,-0.11023654869808858
CACATG,-0.11185917732764326
CACACA,-1.5307204910551542
CACACT,-1.1233049012584813
CACACC,-0.3232135008302664
CACACG,-1.0770250189971793
CACAGA,-1.2066233170476488
CACAGT,-1.0850203351486427
CACAGC,-0.6029230123414694
CACAGG,-0.7811141510529441
CACTAA,-0.5659449229870702
CACTAT,0.0485629172646933
CACTAC,0.39587003282070243
CACTAG,-0.848690618272507
CACTTA,-0.8441182074698239
CACTTT,-0.28643129055012834
CACTTC,0.42567993436091434
CACTTG,-0.8040223538079189
CACTCA,-0.8998601904780592
CACTCT,-0.648613409003224
CACTCC,-0.0024164329116284564
CACTCG,-0.5540704872189974
CACTGA,-0.7222322736500449
CACTGT,-0.7296118697112447
CACTGC,-0.5210061836981082
CACTGG,-0.30423070610601843
CACCAA,-0.09958233100953705
CACCAT,-0.02371930884279041
CACCAC,0.5371132037998729
CACCAG,0.42678191050504355
CACCTA,0.26452278935102713
CACCTT,0.25599975705945216
CACCTC,0.17825506981584155
CACCTG,0.15107154365742406
CACCCA,0.19093353364251858
CACCCT,0.48487859222798035
CACCCC,0.5703153336064867
CACCCG,0.3147252102348589
CACCGA,0.22349434235158822
CACCGT,0.24971357415033846
CACCGC,0.2580192357367511
CACCGG,0.22663502868201438
CACGAA,-0.3506275894650288
CACGAT,-0.4339541573318978
CACGAC,-0.26842034653558106
CACGAG,-0.6535235085317989
CACGTA,0.5436383406239418
CACGTT,0.06044135415350093
CACGTC,0.45012315194423386
CACGTG,-0.24012412911915898
CACGCA,-0.31001698775599684
CACGCT,0.1255407195783246
CACGCC,0.29039922225686854
CACGCG,-0.5830424349556746
CACGGA,-0.5640674689452376
CACGGT,0.16319219418354475
CACGGC,-0.09489143185455742
CACGGG,-0.45451677066483687
CAGAAA,-0.2975500876478766
CAGAAT,-0.9397807835726001
CAGAAC,-0.2968776217997132
CAGAAG,-0.34577613013488434
CAGATA,-0.22338594617662558
CAGATT,-0.6483331647701527
CAGATC,-0.03376545531925109
CAGATG,-0.3421940307511021
CAGACA,-1.3730372295371032
CAGACT,-1.066078165073683
CAGACC,-0.05737216771505152
CAGACG,-0.44630162157928044
CAGAGA,-1.1334162108628019
CAGAGT,-0.6098776227163111
CAGAGC,-0.13947045512566184
CAGAGG,-0.9176292572626129
CAGTAA,-0.0888469616141129
CAGTAT,-0.7266231097563349
CAGTAC,0.3560148052856471
CAGTAG,-0.6051832615941305
CAGTTA,-0.3354055698534105
CAGTTT,-0.10522681688097096
CAGTTC,0.674584161022577
CAGTTG,0.790796571216626
CAGTCA,-1.3477987371385836
CAGTCT,-1.0893244987029145
CAGTCC,-0.2218888460053133
CAGTCG,-0.4923137054350643
CAGTGA,-0.8693941226346873
CAGTGT,-0.9892063888986845
CAGTGC,-0.36335243395819633
CAGTGG,-0.41950746523120314
CAGCAA,0.5160261281649562
CAGCAT,0.16262716632004753
CAGCAC,0.5981595683968192
CAGCAG,0.5438613794751368
CAGCTA,0.19845093872383823
CAGCTT,0.2828010377458667
CAGCTC,0.31966687269233557
CAGCTG,-1.028141821751983
CAGCCA,-0.3160394749750467
CAGCCT,-0.2661201614182631
CAGCCC,-0.1683540689802948
CAGCCG,-0.4303702285296147
CAGCGA,-0.04451129375318874
CAGCGT,-0.02269468976482747
CAGCGC,0.30905063659041804
CAGCGG,0.14794667767391312
CAGGAA,0.10833827629322933
CAGGAT,-0.1529960786136663
CAGGAC,0.15068275462762484
CAGGAG,-0.24274762802897681
CAGGTA,0.42714390188745016
CAGGTT,-0.03089213018193336
CAGGTC,0.3041250202837966
CAGGTG,0.1117271564883904
CAGGCA,-0.8670827120386825
CAGGCT,-0.16300451753181172
CAGGCC,0.12354089780381797
CAGGCG,0.09692501849588314
CAGGGA,-0.17579964371594584
CAGGGT,0.40512650383174337
CAGGGC,0.4146141567225587
CAGGGG,-0.3107290456142686
CTAAAA,-0.28312625591592017
CTAAAT,-0.1955667835439752
CTAAAC,-0.5047200662035056
CTAAAG,-0.022814677766171288
CTAATA,-0.31985135538517256
CTAATT,-0.7514160886839211
CTAATC,-0.20615800494846595
CTAATG,-0.5771482666970632
CTAACA,-1.227445160511078
CTAACT,-0.99714282850325
CTAACC,-0.8641873928898601
CTAACG,-0.8777184570879154
CTAAGA,-0.9426080401915284
CTAAGT,-0.6747980418917489
CTAAGC,-1.0494562038993638
CTAAGG,-0.8103880638582404
CTATAA,0.4736466205242367
CTATAT,0.7178397931503168
CTATAC,0.3380671332910289
CTATAG,0.8383291904044432
CTATTA,1.0187694011570925
CTATTT,1.0015801971167653
CTATTC,0.03450457889048175
CTATTG,0.3747973509428809
CTATCA,-0.6625800166895117
CTATCT,0.18030578567207306
CTATCC,0.13236684142734678
CTATCG,-0.28104854895614706
CTATGA,-0.3161299500573498
CTATGT,0.5165453724387776
CTATGC,0.12481527978415786
CTATGG,-0.25272563562972233
CTACAA,0.5419080032160674
CTACAT,0.5422671496008097
CTACAC,0.27309964915751084
CTACAG,-0.10492898959003809
CTACTA,0.6825200879856591
CTACTT,0.4212557940144884
CTACTC,-0.17723811121336788
CTACTG,-0.6565419120719959
CTACCA,0.06738341419250293
CTACCT,0.38218291612859234
CTACCC,-0.301827870732684
CTACCG,-0.22818170621488307
CTACGA,0.46983707559723087
CTACGT,0.6517310768432283
CTACGC,0.0375837303876817
CTACGG,0.06603305668517812
CTAGAA,-1.2586977040151826
CTAGAT,-0.9884613446876507
CTAGAC,-0.6171856397569004
CTAGAG,-0.49779998074883475
CTAGTA,-1.943867247425513
CTAGTT,-1.3595510361443797
CTAGTC,-0.9301477665355812
CTAGTG,-0.8649974374866046
CTAGCA,-1.009839831094182
CTAGCT,-0.992663710658729
CTAGCC,-0.8357822294605805
CTAGCG,-1.04623161553264
CTAGGA,-1.3914282191137424
CTAGGT,-1.2859716394920213
CTAGGC,-1.2991929710783074
CTAGGG,-1.0878883253051341
CTTAAA,-0.2926696139628201
CTTAAT,-0.1420476576560146
CTTAAC,-0.11332868530700312
CTTAAG,-0.24640041347847697
CTTATA,0.10807422152942271
CTTATT,-0.27802016154004405
CTTATC,-0.21573755371379869
CTTATG,-0.9943094145684188
CTTACA,-1.2837077723447894
CTTACT,-0.9629881153704566
CTTACC,-0.14250006260728304
CTTACG,-0.7157063325805075
CTTAGA,-0.72305266333885
CTTAGT,-1.1245877750713704
CTTAGC,-0.5766133643039937
CTTAGG,-1.3822539515828858
CTTTAA,0.26060111384911017
CTTTAT,0.4048770457566101
CTTTAC,0.3652833184753327
CTTTAG,-0.27510329024492075
CTTTTA,-0.35324802612605005
CTTTTT,0.25906826683364775
CTTTTC,0.3578595442746927
CTTTTG,-1.0866185088641271
CTTTCA,-0.5117973736862851
CTTTCT,-0.1449450915048333
CTTTCC,0.11436304487732452
CTTTCG,-0.8248606825057857
CTTTGA,-0.315314011113867
CTTTGT,0.14948532056676433
CTTTGC,0.27955912473294037
CTTTGG,-0.3676836439439834
CTTCAA,0.32784523308414426
CTTCAT,0.49624150809359935
CTTCAC,0.36830846611883306
CTTCAG,0.04870068759641238
CTTCTA,0.6038430248158324
CTTCTT,0.49077565055529027
CTTCTC,0.45384910477478546
CTTCTG,-0.28643412856073963
CTTCCA,0.4235147172420589
CTTCCT,0.5089720551166678
CTTCCC,-0.07999125278659715
CTTCCG,-0.3378162984324284
CTTCGA,0.13432871559462886
CTTCGT,0.2690411491579083
CTTCGC,-0.15058032386796644
CTTCGG,-0.16587099062214924
CTTGAA,0.09684146020430753
CTTGAT,0.11212905822631197
CTTGAC,0.07449230558905574
CTTGAG,0.5531755097822981
CTTGTA,0.3166375708788952
CTTGTT,0.05765916497710224
CTTGTC,0.3835246970490083
CTTGTG,-0.35788633112502943
CTTGCA,-0.5091105989641191
CTTGCT,-0.10348482238047285
CTTGCC,0.3149672763744442
CTTGCG,-0.17113273680046484
CTTGGA,-1.1286735968378965
CTTGGT,-0.6791244495592759
CTTGGC,-0.1656746255764469
CTTGGG,-0.838075474935221
CTCAAA,-1.0111779892784354
CTCAAT,0.049778306542326005
CTCAAC,0.4122997886623646
CTCAAG,0.5399486598759642
CTCATA,-0.8085118353520472
CTCATT,-1.037270563916678
CTCATC,-0.46346338356512573
CTCATG,-0.41112518647839885
CTCACA,-2.0632395671035555
CTCACT,-1.4893728631995264
CTCACC,0.14887212751222126
CTCACG,-0.9495083762691692
CTCAGA,-2.3293132983053253
CTCAGT,-0.985564265726126
CTCAGC,-0.31908189093493666
CTCAGG,-0.9438831439664611
CTCTAA,-0.587786664902119
CTCTAT,0.8315685584786596
CTCTAC,1.0335460351841306
CTCTAG,-0.5709795465857378
CTCTTA,-0.7582864827309068
CTCTTT,-0.36621264841922113
CTCTTC,0.34031137238207365
CTCTTG,-0.46208400210767236
CTCTCA,-1.5677904948376777
CTCTCT,-1.07137121186138
CTCTCC,0.2496387480959853
CTCTCG,-0.31401819739175924
CTCTGA,-1.4812256812871778
CTCTGT,-1.1670494502213384
CTCTGC,-0.38410456686307637
CTCTGG,-0.355906730849866
CTCCAA,-0.3555151360615997
CTCCAT,-0.0008673027430047211
CTCCAC,0.3630668916898508
CTCCAG,0.6167967804904176
CTCCTA,-0.35457972724860337
CTCCTT,-0.033558540114502024
CTCCTC,0.36549626929993995
CTCCTG,-0.18614398796312975
CTCCCA,-0.1606499641525827
CTCCCT,-0.612669526951239
CTCCCC,-0.0945010528081624
CTCCCG,-0.3465832520198411
CTCCGA,-0.7659193094158627
CTCCGT,-0.9235955231914748
CTCCGC,-0.35300946190624544
CTCCGG,0.030318476386421985
CTCGAA,0.15110594221342658
CTCGAT,0.3760541003554396
CTCGAC,0.7580834630142507
CTCGAG,-0.17672448185567805
CTCGTA,0.11176492913109458
CTCGTT,-0.03469715346797206
CTCGTC,0.27024905153067263
CTCGTG,-0.6469755362924495
CTCGCA,-1.0080314825661725
CTCGCT,-0.11639444002769919
CTCGCC,0.4160009745378431
CTCGCG,-0.1710417873972293
CTCGGA,-0.7125162071288873
CTCGGT,0.09706499109634673
CTCGGC,0.6007368728097735
CTCGGG,-0.19774995417531152
CTGAAA,-0.2328636000707931
CTGAAT,-0.7039727260648677
CTGAAC,-0.2726618383003051
CTGAAG,-0.07361488807289739
CTGATA,-0.7976479517433831
CTGATT,-0.7618967134400263
CTGATC,0.3825303289762962
CTGATG,0.05224251135488264
CTGACA,-1.7379177070918679
CTGACT,-1.4357845603196604
CTGACC,0.14869359532159088
CTGACG,-0.6307024877809178
CTGAGA,-1.5957735502400425
CTGAGT,-1.0921929190087833
CTGAGC,-0.24177736899327446
CTGAGG,-1.1968707210541145
CTGTAA,-0.6846364908920367
CTGTAT,-0.2706015433339699
CTGTAC,0.20468619339370256
CTGTAG,-0.07992941248279604
CTGTTA,-0.6688544879909006
CTGTTT,-0.29600851522833466
CTGTTC,0.7878786764211811
CTGTTG,0.17448576295990975
CTGTCA,-1.7595705054892117
CTGTCT,-1.2466597254557035
CTGTCC,0.14200573687007642
CTGTCG,-0.1287605731045498
CTGTGA,-1.9473618792885
CTGTGT,-1.459679607611985
CTGTGC,-0.5283390037967413
CTGTGG,-0.6446684433019545
CTGCAA,0.3959135543438912
CTGCAT,-0.08380576139792008
CTGCAC,0.3404775417124937
CTGCAG,-0.10730599041503758
CTGCTA,-0.9365017724902859
CTGCTT,-0.10735011993466895
CTGCTC,0.838017936167077
CTGCTG,0.5671990305176288
CTGCCA,-0.8334988180306955
CTGCCT,-1.154886605776613
CTGCCC,-0.17711452894683952
CTGCCG,-0.05447082281651535
CTGCGA,-1.0754122834517768
CTGCGT,-0.43000681693561504
CTGCGC,0.1693566002391955
CTGCGG,-0.338906973384626
CTGGAA,0.6369578540332955
CTGGAT,0.2122779990594252
CTGGAC,0.24303006043374525
CTGGAG,0.5827577380350941
CTGGTA,0.2916206360307093
CTGGTT,-0.2267479968188583
CTGGTC,0.28286858542023324
CTGGTG,0.41998552673399686
CTGGCA,-0.717864281047175
CTGGCT,-0.38684613755576636
CTGGCC,0.11418847571889798
CTGGCG,0.12530522037103953
CTGGGA,0.15453699039063254
CTGGGT,0.12006317557365603
CTGGGC,0.27345272573863943
CTGGGG,0.1255588817460399
CCAAAA,-1.733051868401277
CCAAAT,-1.7865817687928833
CCAAAC,-1.4536986699217043
CCAAAG,-1.025623044923185
CCAATA,0.4281134795376809
CCAATT,0.22460376087033188
CCAATC,-0.6860122301207778
CCAATG,-0.0859838539634448
CCAACA,-0.4272700866588344
CCAACT,0.2309170496475901
CCAACC,-0.5558452930510763
CCAACG,-0.17736463539114303
CCAAGA,-0.8768566626287481
CCAAGT,-0.6931471805599453
CCAAGC,-0.6814035464608049
CCAAGG,-0.11499443931206847
CCATAA,-0.48337536621162486
CCATAT,-0.5290019700076913
CCATAC,-0.7660213987548691
CCATAG,-0.32754290651532375
CCATTA,0.6975687058178226
CCATTT,0.4626093477041314
CCATTC,-0.2777948376941368
CCATTG,-0.030264401131210324
CCATCA,-0.008334734616139925
CCATCT,-0.06770690442338069
CCATCC,-0.32037097403932246
CCATCG,-0.1534572357057199
CCATGA,-0.044356723604786145
CCATGT,0.19972635259553695
CCATGC,-0.11336468696308323
CCATGG,-0.20855713571730597
CCACAA,-0.1775844565096854
CCACAT,-0.2617325125986054
CCACAC,-0.7049249392218447
CCACAG,-0.5939748034608209
CCACTA,0.3942779187176001
CCACTT,0.1375312089896625
CCACTC,-0.3129730395850608
CCACTG,-0.3999557652318317
CCACCA,0.36291584877256794
CCACCT,0.09944925219244975
CCACCC,0.1480645865593581
CCACCG,0.10447397112847347
CCACGA,-0.16933968878992525
CCACGT,0.20590576133915453
CCACGC,-0.0878893258973732
CCACGG,0.04320951911698308
CCAGAA,-0.2967214647073431
CCAGAT,-0.2557506739237024
CCAGAC,-0.25634830407657644
CCAGAG,-0.3393774057116204
CCAGTA,0.17416173671457486
CCAGTT,0.9320614643616869
CCAGTC,-0.2685692183680662
CCAGTG,-0.3463600621932431
CCAGCA,0.6505897214087851
CCAGCT,0.022952049838645006
CCAGCC,-0.22446180262529353
CCAGCG,0.23319491536552203
CCAGGA,0.127815008678703
CCAGGT,0.30302875564047443
CCAGGC,0.11275908121146622
CCAGGG,0.5229522575934462
CCTAAA,-0.7288652631620245
CCTAAT,-1.1605432463986
CCTAAC,-1.4037339954052468
CCTAAG,-1.3552622518721622
CCTATA,0.4954615619412475
CCTATT,-0.06194640711444651
CCTATC,-0.5984137574764052
CCTATG,-0.17371423325767035
CCTACA,-0.1758718842992071
CCTACT,-0.4985900566296412
CCTACC,-0.5185343772789237
CCTACG,-0.2047014740646811
CCTAGA,-1.3741238254996355
CCTAGT,-1.548529159347108
CCTAGC,-0.9941332186380891
CCTAGG,-1.3679121531218408
CCTTAA,-0.17067998177846894
CCTTAT,-0.4377873134337403
CCTTAC,-0.5065700061141436
CCTTAG,-0.7461800324681673
CCTTTA,0.34195895930621933
CCTTTT,-0.024622724062544916
CCTTTC,-0.7382144862413714
CCTTTG,0.03253805595777675
CCTTCA,0.12747509838250803
CCTTCT,0.11626498193409421
CCTTCC,-0.1259577397379674
CCTTCG,-0.19417064705265946
CCTTGA,0.5659642760153359
CCTTGT,0.3836777539232571
CCTTGC,0.1962447153326011
CCTTGG,-0.12986540198105845
CCTCAA,0.338679114430114
CCTCAT,-0.8717224123942785
CCTCAC,-0.40726067098637225
CCTCAG,-1.1455901119510001
CCTCTA,0.852719442568562
CCTCTT,-0.21641978841683063
CCTCTC,-0.6226291604069473
CCTCTG,-0.8792818973603141
CCTCCA,0.18871558144434558
CCTCCT,-0.07965194446578436
CCTCCC,-0.6145670636134003
CCTCCG,-0.6797407789573506
CCTCGA,0.5360599558121713
CCTCGT,0.02381418396779946
CCTCGC,0.014170373597000642
CCTCGG,0.3812112354307085
CCTGAA,-0.31319378456035224
CCTGAT,0.08381914996550209
CCTGAC,-0.45411913079916205
CCTGAG,-0.9315509457677514
CCTGTA,-0.05930897828561165
CCTGTT,0.5828892720720728
CCTGTC,-0.4836941806799622
CCTGTG,-0.8047477286411939
CCTGCA,0.3651965123360054
CCTGCT,0.7461868082676032
CCTGCC,-0.4294411329517328
CCTGCG,-0.20568838878757795
CCTGGA,0.510354092459364
CCTGGT,0.32009123437643966
CCTGGC,-0.00343210252796071
CCTGGG,0.3733862041003716
CCCAAA,-1.3462161375524802
CCCAAT,-0.22330548152264396
CCCAAC,-0.36518155066496716
CCCAAG,-0.7142375932176053
CCCATA,-0.5450604532317924
CCCATT,0.13394959852732086
CCCATC,-0.4138077920634836
CCCATG,0.0544858219190634
CCCACA,-0.26998646007428456
CCCACT,-0.014981553615616946
CCCACC,-0.1660560921697179
CCCACG,-0.13420097972179393
CCCAGA,-0.05365271349232014
CCCAGT,0.32594531532347154
CCCAGC,0.10669623567583043
CCCAGG,0.3780971490221918
CCCTAA,-1.2160053847601837
CCCTAT,-0.2914771434203325
CCCTAC,-0.4930091750378505
CCCTAG,-1.0301861499818188
CCCTTA,-0.3270292958209309
CCCTTT,-0.6404367862659031
CCCTTC,-0.44293988293952996
CCCTTG,0.31373221636375515
CCCTCA,-0.5109236581761473
CCCTCT,-0.44684273770833843
CCCTCC,-0.43961701967749867
CCCTCG,0.10443531453852303
CCCTGA,-0.23837093926822167
CCCTGT,-0.1320107688758947
CCCTGC,0.09200782846657718
CCCTGG,0.38041322688796964
CCCCAA,-0.36825151176773
CCCCAT,-0.25657832740044706
CCCCAC,-0.12655515304216405
CCCCAG,0.10688027278924245
CCCCTA,0.0447865613863064
CCCCTT,-0.04436600295498434
CCCCTC,-0.32236763043967087
CCCCTG,-0.20809268328346264
CCCCCA,-0.03348966942365302
CCCCCT,-0.3904227513499546
CCCCCC,-0.6550799520849768
CCCCCG,-0.23088983716907022
CCCCGA,0.04815661398359104
CCCCGT,-0.25837224319795354
CCCCGC,-0.06281948719309448
CCCCGG,0.5503653670703269
CCCGAA,-0.7372299081530468
CCCGAT,-0.5526511631496076
CCCGAC,-0.23143155085119022
CCCGAG,-0.12970332017879316
CCCGTA,-0.08854621547135794
CCCGTT,-0.030795058416377398
CCCGTC,-0.32798034949023713
CCCGTG,-0.4741382293737388
CCCGCA,0.06527010358295932
CCCGCT,0.23919009352915988
CCCGCC,-0.02580834185848182
CCCGCG,0.005337686356751935
CCCGGA,0.26900304787198526
CCCGGT,0.1780748870759069
CCCGGC,0.4644015623801856
CCCGGG,0.15998367719693604
CCGAAA,-0.42127028164403013
CCGAAT,-0.4728198927469204
CCGAAC,-0.300762394475655
CCGAAG,-0.19538865101669434
CCGATA,-0.15880539545862948
CCGATT,-0.733986017043637
CCGATC,-0.317458313567023
CCGATG,-0.0957169098360982
CCGACA,-0.00556219153527427
CCGACT,-0.16562593984358062
CCGACC,-0.07427450158818412
CCGACG,0.09243813424135158
CCGAGA,0.22979857913525753
CCGAGT,-0.04571456354115975
CCGAGC,0.21927314823904862
CCGAGG,0.37764522553482244
CCGTAA,-0.16488649497185315
CCGTAT,-0.23781574803422503
CCGTAC,-0.3246525033703262
CCGTAG,0.18418942593653184
CCGTTA,0.24461423571108648
CCGTTT,-0.20717126006524456
CCGTTC,-0.1561969526954729
CCGTTG,0.17279072758841557
CCGTCA,-0.4832883576287948
CCGTCT,-0.26915207252176493
CCGTCC,-0.10769612020436525
CCGTCG,0.04170754355665228
CCGTGA,-0.48754414894343207
CCGTGT,-0.5319404150084783
CCGTGC,-0.0603886844515814
CCGTGG,0.04173329343500193
CCGCAA,-0.08172762803845594
CCGCAT,-0.3626673836020136
CCGCAC,-0.2042912363350006
CCGCAG,-0.3847361657707171
CCGCTA,0.1251838043244755
CCGCTT,-0.30465084962495526
CCGCTC,-0.17073142343078615
CCGCTG,0.13616749609438852
CCGCCA,0.12375547014922658
CCGCCT,-0.0049120837543623385
CCGCCC,-0.02667368671149284
CCGCCG,0.23613960872011425
CCGCGA,-0.053477526271927076
CCGCGT,-0.21626582382367643
CCGCGC,0.07588135866294042
CCGCGG,-0.26245009646571266
CCGGAA,-0.11210110553066628
CCGGAT,-0.3451453178746419
CCGGAC,0.05752960909291162
CCGGAG,0.038805260399818804
CCGGTA,-0.008586028985183241
CCGGTT,-0.6556896180250449
CCGGTC,-0.46530148291785695
CCGGTG,0.24839555388508316
CCGGCA,0.4355389962547079
CCGGCT,-0.03737670814337846
CCGGCC,-0.09396213763114433
CCGGCG,0.39010825050245607
CCGGGA,0.47825626759831136
CCGGGT,0.19369604538330765
CCGGGC,0.12316995057074832
CCGGGG,0.581182986984815
CGAAAA,-0.3263585799929774
CGAAAT,-0.15906814670878833
CGAAAC,-0.07299006014099133
CGAAAG,-0.2582299391335388
CGAATA,0.7387667008615879
CGAATT,0.4152859018970748
CGAATC,-0.8110474770044557
CGAATG,-0.5203287131332514
CGAACA,0.4662966236959061
CGAACT,0.5464401948045415
CGAACC,-1.145407673292985
CGAACG,-0.543664731951239
CGAAGA,0.42744401482693967
CGAAGT,0.2960503221222976
CGAAGC,-0.26274863122799313
CGAAGG,-0.2656857954240742
CGATAA,0.25932965786091344
CGATAT,0.4855231910536512
CGATAC,-0.04720016791688303
CGATAG,-0.31617841728139906
CGATTA,0.4999912816002806
CGATTT,0.5349584219834067
CGATTC,-0.923113233035314
CGATTG,-0.7031942590791515
CGATCA,0.39591125580979925
CGATCT,0.37675132956605756
CGATCC,-0.14241179941614765
CGATCG,-0.9496240454269822
CGATGA,0.16489224402099373
CGATGT,0.31902313111416397
CGATGC,-0.005003746996596404
CGATGG,-0.13286261671668348
CGACAA,0.49604660140095425
CGACAT,0.5637777917022846
CGACAC,-0.04601145304408826
CGACAG,-0.10550824969018437
CGACTA,0.9137167278789822
CGACTT,0.3702890155936539
CGACTC,-0.3248727988819091
CGACTG,-0.4745580417069249
CGACCA,0.16834747554522989
CGACCT,0.35140076603125375
CGACCC,0.011687428853599234
CGACCG,-0.6245661647760731
CGACGA,0.6093414288969377
CGACGT,0.5385993298064876
CGACGC,0.013757040972133455
CGACGG,0.06280410735887199
CGAGAA,0.43443263173264524
CGAGAT,0.6226353763734515
CGAGAC,0.15300463848385792
CGAGAG,-0.27401615636604015
CGAGTA,0.28897203853870157
CGAGTT,0.5806300144833274
CGAGTC,-0.37029044022742386
CGAGTG,-0.5525375987051973
CGAGCA,0.8445004233401343
CGAGCT,0.17109026716480086
CGAGCC,-0.5017034177975314
CGAGCG,-0.11780259728039012
CGAGGA,0.8555070787850213
CGAGGT,0.3224480302949945
CGAGGC,-0.12376107287021078
CGAGGG,0.1955276744948077
CGTAAA,0.003665245398295874
CGTAAT,0.6281623304705327
CGTAAC,0.0765400771223344
CGTAAG,-0.7518090932085314
CGTATA,-0.3916800531374226
CGTATT,0.7899970065498632
CGTATC,-0.25774348919844725
CGTATG,-1.4325483839350213
CGTACA,-0.05934992438443424
CGTACT,0.39749693845898754
CGTACC,-0.41967402643810975
CGTACG,-0.7926147531377108
CGTAGA,1.0050837331579077
CGTAGT,0.6248742279495993
CGTAGC,0.1295003242695198
CGTAGG,-0.14114220484411716
CGTTAA,0.0467921615067591
CGTTAT,0.5235499134303646
CGTTAC,0.41978114208137046
CGTTAG,-0.7956627440855403
CGTTTA,-0.30010459245033816
CGTTTT,-0.0733959749716321
CGTTTC,-0.1744809152446079
CGTTTG,0.056722778895137126
CGTTCA,-0.030898441551234175
CGTTCT,0.24032778755624282
CGTTCC,-0.2935687708345124
CGTTCG,-0.5523798309715123
CGTTGA,0.6447760400714819
CGTTGT,0.33172814284378865
CGTTGC,0.21948645355213348
CGTTGG,-0.23395061570181158
CGTCAA,0.07080973245185328
CGTCAT,-0.04130509928286511
CGTCAC,0.031956836519098974
CGTCAG,-0.6378209971947189
CGTCTA,0.8667639872460451
CGTCTT,-0.012551112553225548
CGTCTC,-0.10034797383428198
CGTCTG,-0.4625471164970927
CGTCCA,0.31028069977723854
CGTCCT,0.4070329738137451
CGTCCC,-0.1382589071177303
CGTCCG,-0.22271527049821266
CGTCGA,0.6615613884931799
CGTCGT,0.2063307434373185
CGTCGC,0.03565634137319416
CGTCGG,0.11230617688043827
CGTGAA,-0.5768483091464334
CGTGAT,0.014884089890912302
CGTGAC,-0.28879828773961536
CGTGAG,-1.0478017362643486
CGTGTA,-0.6044492379936613
CGTGTT,0.06591878360652974
CGTGTC,-0.6317200337413132
CGTGTG,-1.0938017742883996
CGTGCA,0.2684892747767639
CGTGCT,0.5698328612855232
CGTGCC,-0.17944012561145345
CGTGCG,-0.38389810802817537
CGTGGA,0.13983183045895126
CGTGGT,0.2347472463179704
CGTGGC,-0.18838777610858087
CGTGGG,-0.1813896236823109
CGCAAA,-0.6644399218106644
CGCAAT,0.060455957063861095
CGCAAC,0.12787131425428822
CGCAAG,-0.12993681457060458
CGCATA,-0.31325799929444487
CGCATT,-0.2085287996222509
CGCATC,-0.17262915588620079
CGCATG,-0.38272119182733233
CGCACA,-0.41813868072058297
CGCACT,-0.2857747668955132
CGCACC,-0.03241378401135476
CGCACG,-0.41759962290838176
CGCAGA,-0.16362473259115437
CGCAGT,-0.3443038735839311
CGCAGC,-0.29567341286563265
CGCAGG,-0.21880964939613423
CGCTAA,-0.3090732624330984
CGCTAT,0.07800563220845942
CGCTAC,0.13027140603731524
CGCTAG,-0.8983530311874877
CGCTTA,-0.46816370232372845
CGCTTT,-0.05685344394406415
CGCTTC,-0.08752527659606998
CGCTTG,-0.4371166268810949
CGCTCA,-0.1838655475172933
CGCTCT,0.07487697201780333
CGCTCC,-0.12578287098210356
CGCTCG,-0.10879604518176147
CGCTGA,0.27928793656475587
CGCTGT,0.28713763253088753
CGCTGC,-0.042806749254572785
CGCTGG,0.19160541286579086
CGCCAA,0.04556159322216497
CGCCAT,0.10115034737648396
CGCCAC,0.12358567610970539
CGCCAG,0.1560819744101208
CGCCTA,0.08152459819183826
CGCCTT,0.11713580548463222
CGCCTC,-0.1286598015760082
CGCCTG,0.1123821191444095
CGCCCA,0.3627187264769356
CGCCCT,0.4169543631260888
CGCCCC,-0.004225448571198107
CGCCCG,-0.03315261487456843
CGCCGA,0.6023199914352472
CGCCGT,0.2667382497216949
CGCCGC,0.20660209714430758
CGCCGG,0.3727091932782595
CGCGAA,-0.5789288553384005
CGCGAT,-0.6206217611767656
CGCGAC,-0.14047974020233897
CGCGAG,-0.18668206019533037
CGCGTA,-0.2899660475596115
CGCGTT,-0.32871766231646965
CGCGTC,-0.4304315030027551
CGCGTG,-0.5869021943769288
CGCGCA,0.12702391180851008
CGCGCT,0.11183153430957656
CGCGCC,0.029442405434266836
CGCGCG,-0.42237579787105317
CGCGGA,-0.075201148920327
CGCGGT,-0.05292376361307358
CGCGGC,-0.13949645083342196
CGCGGG,-0.042667659952375904
CGGAAA,0.6161393765815629
CGGAAT,0.014690715410003592
CGGAAC,-0.483553373860196
CGGAAG,-0.429580194164391
CGGATA,0.4136151124700888
CGGATT,0.04198458100027528
CGGATC,-0.17810392084975116
CGGATG,-0.23642680593866683
CGGACA,0.1750641553119805
CGGACT,-0.08153639941804461
CGGACC,-0.7814793034094814
CGGACG,-0.2506552005229335
CGGAGA,0.40208321102431227
CGGAGT,-0.04988359506132734
CGGAGC,-0.6347021792154072
CGGAGG,-0.7004698851079605
CGGTAA,0.3540809087616857
CGGTAT,0.3079624257811715
CGGTAC,-0.2205779854827971
CGGTAG,-0.17182681274140216
CGGTTA,0.0021528533611010927
CGGTTT,0.30596606454014985
CGGTTC,-1.0310751240429035
CGGTTG,-0.5394824151222471
CGGTCA,-0.02645201929517471
CGGTCT,0.09979170946458396
CGGTCC,-0.7870517207074543
CGGTCG,-0.6147810711448856
CGGTGA,0.709895826427275
CGGTGT,0.3022970768332723
CGGTGC,0.05589410463253031
CGGTGG,0.13900765050931216
CGGCAA,0.7504352139666476
CGGCAT,0.5691995297535997
CGGCAC,0.2589458125433853
CGGCAG,-0.015162646221699995
CGGCTA,0.5796736621728135
CGGCTT,0.1679189809429644
CGGCTC,-0.3314542111801547
CGGCTG,-0.39632826560079004
CGGCCA,0.12004057955425833
CGGCCT,0.251928310034534
CGGCCC,-0.44742270288969
CGGCCG,-0.4637417289389533
CGGCGA,0.6455135391459096
CGGCGT,0.5388243985035382
CGGCGC,0.20508108080703533
CGGCGG,0.24725212928493875
CGGGAA,0.46358974803233216
CGGGAT,0.4500516606510756
CGGGAC,-0.14390825366116727
CGGGAG,-0.22852726318368224
CGGGTA,-0.062470268073512185
CGGGTT,-0.19093327066913196
CGGGTC,0.06744712031388912
CGGGTG,0.17913943487829753
CGGGCA,0.06287040338256758
CGGGCT,-0.14487157045529497
CGGGCC,-0.5296313826508767
CGGGCG,-0.08643905917764595
CGGGGA,0.33086299785670237
CGGGGT,0.8127782086626555
CGGGGC,-0.2566561989398069
CGGGGG,-0.2034305200041899
GAAAAA,0.627247188824053
GAAAAT,0.44795344922947106
GAAAAC,0.31197476502082544
GAAAAG,0.30256388224758163
GAAATA,0.8660730157135376
GAAATT,0.1921657708287318
GAAATC,0.370316078232243
GAAATG,0.1507180212133959
GAAACA,-0.3219989897462624
GAAACT,0.13059199394896467
GAAACC,0.48747114447438267
GAAACG,0.24032163235309195
GAAAGA,0.01296888771761473
GAAAGT,0.1357579928421972
GAAAGC,0.5092048778682574
GAAAGG,-0.21643416353468564
GAATAA,0.1386727921249412
GAATAT,0.30668119489326734
GAATAC,1.1284462333603773
GAATAG,0.10743305525979872
GAATTA,0.025975486403260736
GAATTT,0.4242330949500237
GAATTC,0.7539767414077357
GAATTG,0.24543186397604735
GAATCA,-0.8169588704964847
GAATCT,-0.3252555530162046
GAATCC,-0.24522980600152777
GAATCG,-0.7020466756659292
GAATGA,-0.6066723922209262
GAATGT,-0.41379968717816257
GAATGC,-0.24542115974954046
GAATGG,-0.20556419329655048
GAACAA,0.2628348456439172
GAACAT,0.33578675733011953
GAACAC,0.609351520965437
GAACAG,0.7536451026023422
GAACTA,-0.14496577025018567
GAACTT,0.028746485889802314
GAACTC,0.564806313646951
GAACTG,0.657301778932594
GAACCA,-0.95656373055696
GAACCT,-0.8415989372538931
GAACCC,-0.7338777423289253
GAACCG,-1.0595772226888014
GAACGA,-0.6807106155189367
GAACGT,-0.4566706793499068
GAACGC,-0.1404795195279027
GAACGG,-0.20202015829164263
GAAGAA,0.8087233508105285
GAAGAT,0.5980280044807738
GAAGAC,0.4012002710809018
GAAGAG,0.2827452249049121
GAAGTA,0.48703897516827377
GAAGTT,0.22477640980675676
GAAGTC,0.5398174929162228
GAAGTG,0.3349787871548461
GAAGCA,-0.8918380445751839
GAAGCT,-0.11356662003469897
GAAGCC,0.028496067002487423
GAAGCG,-0.1236419363198836
GAAGGA,-0.2942899279332844
GAAGGT,-0.10474737666374653
GAAGGC,-0.03502605063026637
GAAGGG,-0.44668003125033284
GATAAA,0.33013939031276684
GATAAT,0.406529504163951
GATAAC,0.379914915067072
GATAAG,-0.04374454896285695
GATATA,0.3432037029488526
GATATT,0.6602347110206666
GATATC,0.7657075640632892
GATATG,-0.22564866172838746
GATACA,-0.6651733285175392
GATACT,-0.38087370497084216
GATACC,0.11425380661993481
GATACG,-0.29866217898022224
GATAGA,0.35733348857892994
GATAGT,-0.04464078062262056
GATAGC,-0.10110794384277719
GATAGG,-0.536915063790251
GATTAA,0.2657031657330057
GATTAT,0.16348371490787394
GATTAC,0.7649635833345034
GATTAG,-0.38911597010663485
GATTTA,-0.16921520928865408
GATTTT,-0.01853680434234979
GATTTC,0.8316366853308849
GATTTG,0.01020817659252385
GATTCA,-1.0233759005414733
GATTCT,-0.3952817207174656
GATTCC,-0.28489286012614706
GATTCG,-0.9776525709046499
GATTGA,-0.33949429996685243
GATTGT,-0.47946335293418524
GATTGC,-0.347930283747189
GATTGG,-0.770423828452678
GATCAA,0.5077777701417374
GATCAT,0.41572434138575615
GATCAC,0.6915224848329434
GATCAG,0.3799227944960498
GATCTA,0.3381659778837729
GATCTT,0.5977846049577515
GATCTC,0.6394401709521111
GATCTG,-0.02580626734879139
GATCCA,-0.2313533184816826
GATCCT,0.034170564132580405
GATCCC,-0.07587955848754148
GATCCG,-0.1495443337210043
GATCGA,-0.05434882217325955
GATCGT,-0.19439593766667654
GATCGC,-0.21722988333387572
GATCGG,-0.2953057123868918
GATGAA,0.5105756550107834
GATGAT,0.3672324088674493
GATGAC,-0.015144007719248138
GATGAG,-0.5055346834645136
GATGTA,0.4834597309414931
GATGTT,0.5101747939350123
GATGTC,0.47846451868657175
GATGTG,-0.11231544066650415
GATGCA,-0.4171404574313726
GATGCT,0.19545041228469495
GATGCC,0.195446036117258
GATGCG,-0.11843706512571944
GATGGA,-0.20453347451523218
GATGGT,-0.015328657599258758
GATGGC,-0.08864386764758814
GATGGG,-0.388881175848045
GACAAA,-0.4039313654762159
GACAAT,0.11070482436975114
GACAAC,0.3541148795235906
GACAAG,0.3454439866117966
GACATA,0.15373409994204193
GACATT,0.16637462141297255
GACATC,0.5031698619798324
GACATG,0.2852766481561557
GACACA,-1.1606399441697919
GACACT,-0.6219196712715775
GACACC,0.21217021146519657
GACACG,-0.555084130949229
GACAGA,-1.1157311089998903
GACAGT,-0.5403356371899225
GACAGC,0.07158480554778006
GACAGG,-0.4163432262553474
GACTAA,-0.37037378829689427
GACTAT,0.3688553624956034
GACTAC,0.7057355017933478
GACTAG,-0.6998553992950638
GACTTA,-0.5588829187197701
GACTTT,-0.1366383752971708
GACTTC,0.5336077075392319
GACTTG,-0.46792198168011917
GACTCA,-1.0584675715188163
GACTCT,-0.5824033868343916
GACTCC,-0.16716888863550974
GACTCG,-0.34590538481532557
GACTGA,-0.7075931150369782
GACTGT,-0.8398356851502393
GACTGC,-0.6940309632069531
GACTGG,-0.2832482671492392
GACCAA,-0.4332290109220281
GACCAT,0.13646609759211661
GACCAC,0.2540778099125293
GACCAG,0.22904445356968983
GACCTA,-0.5148584018903272
GACCTT,0.3169838554805589
GACCTC,0.10859653677228402
GACCTG,0.29513930295449814
GACCCA,-0.1430906186395229
GACCCT,0.11230875770351302
GACCCC,0.0919513410428595
GACCCG,0.2667719013622709
GACCGA,-0.6041433894087732
GACCGT,-0.20358965633246637
GACCGC,-0.3223832277504771
GACCGG,-0.5250376401707613
GACGAA,0.595473911099215
GACGAT,0.540280038504133
GACGAC,0.201865164295307
GACGAG,0.2685653515724612
GACGTA,0.3395585654349775
GACGTT,0.2899422608765596
GACGTC,0.38227104170071874
GACGTG,0.4248247011781412
GACGCA,-0.5061492134260935
GACGCT,-0.017635989424983074
GACGCC,0.2664530720298661
GACGCG,-0.41756313853450616
GACGGA,-0.6132700906410108
GACGGT,-0.024406301138820773
GACGGC,0.11302166173649267
GACGGG,-0.4207325802389528
GAGAAA,0.7437868801529868
GAGAAT,0.44284578854172924
GAGAAC,0.3081849448623541
GAGAAG,0.3373036448155416
GAGATA,0.4983074054085873
GAGATT,0.31213316831594534
GAGATC,0.6346070722037872
GAGATG,0.19245614929324878
GAGACA,-1.0535578281193416
GAGACT,-0.6273958029971649
GAGACC,0.2139710044509179
GAGACG,-0.09767801948581012
GAGAGA,-0.6451859410302195
GAGAGT,-0.3448209242850582
GAGAGC,-0.011060463800313813
GAGAGG,-0.5385369528246541
GAGTAA,0.09706171284313124
GAGTAT,-0.1488988176723097
GAGTAC,0.41124603421373
GAGTAG,-0.2773073396262293
GAGTTA,-0.21247459496464213
GAGTTT,0.2173772900498217
GAGTTC,0.6276356127366665
GAGTTG,0.2801578002292348
GAGTCA,-1.097559102683451
GAGTCT,-0.8331618715779255
GAGTCC,-0.12193529075715079
GAGTCG,-0.3256085747295275
GAGTGA,-0.4163311646827421
GAGTGT,-0.6941466808930289
GAGTGC,-0.5716391500231003
GAGTGG,-0.2006118147838288
GAGCAA,0.5654667541667946
GAGCAT,0.6292671355937346
GAGCAC,0.6425086613016612
GAGCAG,0.7750560351827218
GAGCTA,-0.2667576040058519
GAGCTT,0.0976740827336699
GAGCTC,-1.5813061736447442
GAGCTG,0.3552930389934718
GAGCCA,-0.7611401201407502
GAGCCT,-0.5509616687909602
GAGCCC,-0.46120877570569246
GAGCCG,-0.3365705505376271
GAGCGA,-0.5301193352376063
GAGCGT,-0.0678437762728923
GAGCGC,0.14560857297811017
GAGCGG,-0.20031512184196726
GAGGAA,0.9683664293458775
GAGGAT,0.6349895938209225
GAGGAC,0.3508409311042697
GAGGAG,0.21295260034747684
GAGGTA,-0.0857508929908688
GAGGTT,-0.3364722366212129
GAGGTC,0.14453875457076254
GAGGTG,0.15181900986786356
GAGGCA,-1.3355061288427572
GAGGCT,-0.7663127120195258
GAGGCC,-0.2826615668475115
GAGGCG,-0.19390273038153216
GAGGGA,-0.4599132999054537
GAGGGT,0.02735213248962588
GAGGGC,0.03196619206249229
GAGGGG,-0.3338335294447123
GTAAAA,-0.13976194237515874
GTAAAT,-0.30453918951820375
GTAAAC,-0.2612647591340742
GTAAAG,0.5998009948402805
GTAATA,1.1950041343431754
GTAATT,0.3827736969060936
GTAATC,0.8130244578194434
GTAATG,1.0302520283045806
GTAACA,-0.7215534347196785
GTAACT,-0.34416458224436863
GTAACC,0.06595021107350972
GTAACG,0.4702375747375032
GTAAGA,-1.128465251817791
GTAAGT,-0.4539666303359185
GTAAGC,-0.532613560429759
GTAAGG,-0.3780212395340854
GTATAA,-0.26449873699612364
GTATAT,-0.752018075257734
GTATAC,-0.5301121220184546
GTATAG,0.3076605393826673
GTATTA,0.28768207245178085
GTATTT,0.9082952580979576
GTATTC,1.110583218509115
GTATTG,0.7269770450783501
GTATCA,-1.0078643356355101
GTATCT,-0.43508736413950766
GTATCC,0.1153820741188452
GTATCG,-0.05089340258823638
GTATGA,-1.4700339306747532
GTATGT,-1.008198526729086
GTATGC,-0.7391918766368227
GTATGG,-0.7218453446466887
GTACAA,-0.017774229034786933
GTACAT,0.3043313898809936
GTACAC,-0.15585803895808106
GTACAG,0.26221186287205933
GTACTA,0.10981486600720661
GTACTT,0.47764308580369313
GTACTC,0.45504981166715064
GTACTG,0.32388142561741284
GTACCA,-0.5052518667749072
GTACCT,-0.2702667278564803
GTACCC,-0.29226614411671725
GTACCG,-0.25318381006011054
GTACGA,-0.6776806984289903
GTACGT,-0.10881764763873253
GTACGC,-0.11391357730938574
GTACGG,-0.2936408047029892
GTAGAA,0.5664632404152536
GTAGAT,0.5302354258199982
GTAGAC,0.7711939844247295
GTAGAG,1.0040200698854116
GTAGTA,0.5638909685568408
GTAGTT,0.3512708531647207
GTAGTC,0.7711087220296572
GTAGTG,0.4169797459639394
GTAGCA,-0.8726020368718238
GTAGCT,-0.1768131924412157
GTAGCC,0.23660058274530907
GTAGCG,0.1456949691433117
GTAGGA,-0.8126738958211556
GTAGGT,-0.33613995550833664
GTAGGC,-0.2166880645172592
GTAGGG,-0.4294447254236466
GTTAAA,-0.06453852113757105
GTTAAT,0.3174542307854511
GTTAAC,0.027398974188114347
GTTAAG,-0.04317217186520878
GTTATA,0.653274789312568
GTTATT,0.5478265801809591
GTTATC,0.536928247668628
GTTATG,0.03208831455150045
GTTACA,-0.6863936575441654
GTTACT,-0.014329825554824968
GTTACC,0.3734066135927483
GTTACG,0.1676028245350472
GTTAGA,-0.718814927308523
GTTAGT,-0.9994056385846617
GTTAGC,-0.6102595207541777
GTTAGG,-1.4265447637411879
GTTTAA,-0.0368139731227162
GTTTAT,0.0429075010112766
GTTTAC,-0.4032026637041948
GTTTAG,-0.7717903078790586
GTTTTA,0.2529965144638909
GTTTTT,0.13976194237515863
GTTTTC,0.40085022243185753
GTTTTG,-1.3130583322658342
GTTTCA,-0.22248998025140396
GTTTCT,0.016516603619136254
GTTTCC,0.3431612247720095
GTTTCG,-0.3923309862968725
GTTTGA,-0.08597677871701989
GTTTGT,0.24419696051204215
GTTTGC,0.2899317921857965
GTTTGG,-0.5092243423990169
GTTCAA,0.19711690111736183
GTTCAT,0.4205079878196394
GTTCAC,-0.087926180009685
GTTCAG,-0.1968043848344512
GTTCTA,0.4475721745551072
GTTCTT,0.598422842920464
GTTCTC,0.3649166055288755
GTTCTG,-0.241079888673431
GTTCCA,0.15914875973816336
GTTCCT,0.31310123349955393
GTTCCC,-0.4332641514661146
GTTCCG,-0.4759509543879245
GTTCGA,-0.042819997182928185
GTTCGT,0.003053818084843993
GTTCGC,-0.3638242959316728
GTTCGG,-0.26442258423364545
GTTGAA,0.3579258680797923
GTTGAT,0.32816970267902706
GTTGAC,0.32323734605558996
GTTGAG,0.4487401473158521
GTTGTA,0.42889701265749725
GTTGTT,0.34051548727312836
GTTGTC,0.33098694838851705
GTTGTG,-0.1813030045050964
GTTGCA,0.26341745045214976
GTTGCT,0.5072174937240554
GTTGCC,0.13284770866395385
GTTGCG,0.10150964445410207
GTTGGA,-0.5408494969392335
GTTGGT,-0.3257338784000803
GTTGGC,-0.149927732505287
GTTGGG,-0.5189525109775991
GTCAAA,-1.1309884610198455
GTCAAT,-0.010362787035546547
GTCAAC,0.33011567086637755
GTCAAG,-0.014120025074311537
GTCATA,-0.5285693662500425
GTCATT,-0.4183728960157728
GTCATC,0.02360012825634746
GTCATG,-0.06575697769643703
GTCACA,-1.5837781656535226
GTCACT,-0.6193937554760603
GTCACC,0.39887369627025315
GTCACG,-0.27711883546940747
GTCAGA,-2.020285335261226
GTCAGT,-0.5976121360750248
GTCAGC,-0.00782418952098155
GTCAGG,-0.3886297564906026
GTCTAA,-0.6330432564902398
GTCTAT,0.6994607757167977
GTCTAC,0.770987531942858
GTCTAG,-0.8119878577744643
GTCTTA,-0.7545558086885888
GTCTTT,-0.10753029113910012
GTCTTC,0.438314922297633
GTCTTG,-0.16365101156311876
GTCTCA,-1.2035432642340373
GTCTCT,-0.7237098309701121
GTCTCC,0.015107347690881975
GTCTCG,0.09195196655597565
GTCTGA,-1.4114364624244262
GTCTGT,-0.8468681225206846
GTCTGC,-0.1732514417938281
GTCTGG,-0.26048902261853035
GTCCAA,-0.6274941144972318
GTCCAT,0.11165665057373447
GTCCAC,0.11299694310450992
GTCCAG,0.30679628028675626
GTCCTA,-0.5119485885106144
GTCCTT,0.39333259984393265
GTCCTC,0.4094821296902071
GTCCTG,0.1655198004222436
GTCCCA,-0.057804488956227126
GTCCCT,-0.4414260761909341
GTCCCC,-0.3430698823409749
GTCCCG,-0.25102528558697323
GTCCGA,-0.8934617427354513
GTCCGT,-0.6728908601679712
GTCCGC,-0.24209464696324245
GTCCGG,0.06732237084790556
GTCGAA,0.1471818850242837
GTCGAT,0.27891872992755107
GTCGAC,0.3498347053280286
GTCGAG,0.7648489206811506
GTCGTA,0.38566248081198473
GTCGTT,0.09834757490723639
GTCGTC,0.2025401832422899
GTCGTG,-0.28317925866913124
GTCGCA,-1.0046204028251784
GTCGCT,-0.1407846560022384
GTCGCC,0.24908977492633055
GTCGCG,-0.14244988175813342
GTCGGA,-0.7075667600991594
GTCGGT,-0.1963913944636167
GTCGGC,0.29719884437696903
GTCGGG,-0.3363854950676172
GTGAAA,0.060429881572748124
GTGAAT,-0.28000807440592795
GTGAAC,-0.13865305839579317
GTGAAG,0.3004813341254612
GTGATA,-0.17045902148413464
GTGATT,-0.24865887065604483
GTGATC,0.6951893868517435
GTGATG,0.4510481379655398
GTGACA,-0.9916556034774612
GTGACT,-0.6685442053862836
GTGACC,0.21508308839581836
GTGACG,0.007662213028145954
GTGAGA,-1.0800502708080502
GTGAGT,-0.5365524390044997
GTGAGC,-0.20542446622140784
GTGAGG,-0.47777382518196443
GTGTAA,-0.535142931416697
GTGTAT,-0.45795213415892244
GTGTAC,-0.11227771306102817
GTGTAG,0.19861659077209046
GTGTTA,-0.1397619423751586
GTGTTT,-0.3293037471426004
GTGTTC,0.6224122376174096
GTGTTG,0.09403635283312636
GTGTCA,-1.391611084616675
GTGTCT,-0.8143143142005694
GTGTCC,0.013483350337286988
GTGTCG,-0.09743645379721594
GTGTGA,-1.2827839847502258
GTGTGT,-0.9015154462920008
GTGTGC,-0.4854522741115485
GTGTGG,-0.7430598052804976
GTGCAA,-0.25200601298043973
GTGCAT,-0.059168134121161516
GTGCAC,0.053728400056826615
GTGCAG,0.3192840648052467
GTGCTA,-1.0506933045441476
GTGCTT,-0.26942893531968265
GTGCTC,0.6475611988516856
GTGCTG,0.6551487941754703
GTGCCA,-0.7412717873004829
GTGCCT,-0.6392270581966439
GTGCCC,-0.0403360465071286
GTGCCG,0.24391489609556707
GTGCGA,-1.076943759810112
GTGCGT,-0.4657310896796123
GTGCGC,0.1020073927553617
GTGCGG,-0.2549228264607269
GTGGAA,0.41021525033449285
GTGGAT,0.12745597928564423
GTGGAC,0.12477106296466638
GTGGAG,0.42367501948758757
GTGGTA,-0.0014378147696274715
GTGGTT,-0.5528282295016944
GTGGTC,0.3539453050796043
GTGGTG,0.5800747631397075
GTGGCA,-0.7933891805362056
GTGGCT,-0.5441041670908666
GTGGCC,-0.20165055325416897
GTGGCG,0.10440984097289457
GTGGGA,-0.15930284063646755
GTGGGT,-0.1469578027814262
GTGGGC,-0.22441810104934717
GTGGGG,-0.13809666305609747
GCAAAA,-0.7119869963724321
GCAAAT,-0.8740553095567528
GCAAAC,-0.4633527733758259
GCAAAG,-0.1803440280596204
GCAATA,0.9745708508233037
GCAATT,1.1425419438469986
GCAATC,-0.0919884884161329
GCAATG,0.319287411867112
GCAACA,0.5206375705794569
GCAACT,0.9550581656899437
GCAACC,-0.22856255716490256
GCAACG,0.33682777222062044
GCAAGA,0.08332572584646607
GCAAGT,-0.17175426767738142
GCAAGC,-0.14789404626934796
GCAAGG,0.3011931325779654
GCATAA,-0.21685878322631633
GCATAT,-0.3568609731458542
GCATAC,-0.5673520840168645
GCATAG,0.15557823181844363
GCATTA,0.5324247355694525
GCATTT,0.5440726537645475
GCATTC,-0.2233229074262501
GCATTG,0.10019956436820879
GCATCA,0.05291955751144315
GCATCT,-0.02233995665590312
GCATCC,0.02522881494052069
GCATCG,-0.00639854952703139
GCATGA,-0.055245474225978496
GCATGT,0.12921850611172025
GCATGC,-0.07270713501438819
GCATGG,-0.1290160835446015
GCACAA,-0.00762708966261413
GCACAT,0.21935096192551123
GCACAC,-0.48188575474316575
GCACAG,-0.548771617228612
GCACTA,0.36259562434846015
GCACTT,0.08942549749787337
GCACTC,-0.4463925143491292
GCACTG,-0.3371485215883771
GCACCA,0.25299442977768316
GCACCT,0.27072866065513346
GCACCC,0.21369094056059268
GCACCG,0.05004256937260398
GCACGA,-0.39884933265248185
GCACGT,0.3566749439387324
GCACGC,0.09174610244800328
GCACGG,-0.1162432394238373
GCAGAA,-0.04000653094264416
GCAGAT,0.13988943647872912
GCAGAC,-0.20291523744141068
GCAGAG,-0.34965032900176785
GCAGTA,-0.17828114725694977
GCAGTT,0.5488788918233678
GCAGTC,-0.7416306433008115
GCAGTG,-0.5517771645506366
GCAGCA,0.38054645289523836
GCAGCT,-0.36045844777815156
GCAGCC,-0.538910428632905
GCAGCG,-0.05846801524555758
GCAGGA,0.11514606608054448
GCAGGT,0.23641764418970307
GCAGGC,-0.0858794222580957
GCAGGG,0.15192350741443408
GCTAAA,0.04414189322992536
GCTAAT,0.11778303565638346
GCTAAC,-0.8153648132841944
GCTAAG,-0.9537616633036488
GCTATA,0.4683723075136515
GCTATT,0.35722454549145116
GCTATC,-0.10505660207745732
GCTATG,-0.11687187386213775
GCTACA,0.21445128007027944
GCTACT,-0.1687271146836397
GCTACC,-0.06301946610468416
GCTACG,0.1275906701144379
GCTAGA,-1.0994056246875055
GCTAGT,-1.113414474473245
GCTAGC,-1.2500891701109658
GCTAGG,-1.408482276095253
GCTTAA,-0.168715904738176
GCTTAT,-0.2839714930552452
GCTTAC,-0.4429695035666187
GCTTAG,-0.838787170719295
GCTTTA,0.23963391321362515
GCTTTT,0.034620200646603455
GCTTTC,-0.044666446985569874
GCTTTG,-0.09048003033953064
GCTTCA,0.027294105811629204
GCTTCT,0.03169012507500309
GCTTCC,-0.07602689814433149
GCTTCG,-0.2556749003062369
GCTTGA,0.09482762298626989
GCTTGT,-0.03760186218367819
GCTTGC,-0.16909367745179799
GCTTGG,-0.6680094197485011
GCTCAA,0.5765457337407502
GCTCAT,0.08852628917307463
GCTCAC,-0.2162527448447862
GCTCAG,-0.27543953094262746
GCTCTA,0.9887974226609032
GCTCTT,0.2616416340614815
GCTCTC,0.006348092309115738
GCTCTG,-0.20173645663384845
GCTCCA,0.3253849038160149
GCTCCT,-0.05770259452135952
GCTCCC,-0.6081788886648772
GCTCCG,-0.5840146902886748
GCTCGA,0.2722399583366156
GCTCGT,-0.22692197653525317
GCTCGC,-0.09494956882238847
GCTCGG,0.24922422497633648
GCTGAA,0.12477519738128849
GCTGAT,0.44537465743362936
GCTGAC,-0.01377383598211646
GCTGAG,-0.3184757694431821
GCTGTA,0.3576183402351157
GCTGTT,0.7002617269191123
GCTGTC,0.09625029674982474
GCTGTG,-0.6089492365014098
GCTGCA,-0.14684423464156168
GCTGCT,0.3878736711659704
GCTGCC,-0.3315425711599963
GCTGCG,-0.25693573693323307
GCTGGA,0.47550558876131704
GCTGGT,0.2785613111634686
GCTGGC,-0.007068801649920041
GCTGGG,0.06363688404174793
GCCAAA,-1.3549874564948465
GCCAAT,-0.07657815609268365
GCCAAC,-0.1392102689518256
GCCAAG,-0.19196861733658846
GCCATA,-0.3306872491050078
GCCATT,0.05229821860034924
GCCATC,-0.11178544222987558
GCCATG,-0.15151170068973502
GCCACA,-0.7733392422775202
GCCACT,-0.3126575944847273
GCCACC,-0.011753856413760358
GCCACG,-0.16033025612095014
GCCAGA,-0.5639345358708723
GCCAGT,-0.0005674516566639708
GCCAGC,0.020131224479327116
GCCAGG,0.01423310120133896
GCCTAA,-1.429969424622552
GCCTAT,-0.11066556788751943
GCCTAC,-0.18692857017374703
GCCTAG,-1.1847058133675106
GCCTTA,-0.7316808445621882
GCCTTT,-0.22912288836412464
GCCTTC,0.05810728885860762
GCCTTG,-0.017644132213583342
GCCTCA,-1.1306613364213445
GCCTCT,-0.864855393152751
GCCTCC,-0.5653798396222394
GCCTCG,-0.04162488496884562
GCCTGA,-0.34267194777011956
GCCTGT,-0.2091203176967826
GCCTGC,-0.05757437350634815
GCCTGG,0.14272761125348046
GCCCAA,-0.5005124017969954
GCCCAT,0.09958583076098751
GCCCAC,-0.1551095963251774
GCCCAG,0.3407329904879133
GCCCTA,-0.5639016418823836
GCCCTT,0.15292106172141712
GCCCTC,-0.0535168478564987
GCCCTG,0.2517986035618129
GCCCCA,-0.09378676462288696
GCCCCT,-0.1185451812258944
GCCCCC,-0.43360152073683106
GCCCCG,-0.17533666227200356
GCCCGA,-0.5633907911813119
GCCCGT,-0.3080017454056179
GCCCGC,-0.1377951750551776
GCCCGG,0.2151381867141623
GCCGAA,0.1088841629525328
GCCGAT,0.13305975737437456
GCCGAC,0.25299078395264324
GCCGAG,0.5884867458775718
GCCGTA,0.1493389978544533
GCCGTT,0.2510235191879454
GCCGTC,0.07176879812894701
GCCGTG,-0.0417194683132176
GCCGCA,-0.4214593230086598
GCCGCT,0.08380104468077242
GCCGCC,0.15264346513149035
GCCGCG,-0.13080928499554903
GCCGGA,0.006329208418952714
GCCGGT,-0.020202707317519466
GCCGGC,0.2210252678384925
GCCGGG,0.37137375823559865
GCGAAA,-0.18052931808439435
GCGAAT,-0.12935947914229334
GCGAAC,-0.3689549639293039
GCGAAG,-0.17612019750874575
GCGATA,0.06499673339432503
GCGATT,-0.4110908905461832
GCGATC,-0.17733173749129535
GCGATG,-0.08498728549523624
GCGACA,0.10179080815256354
GCGACT,-0.13518696732140453
GCGACC,-0.23519235691482682
GCGACG,0.08592967199889397
GCGAGA,0.18302583438255812
GCGAGT,-0.04438588424807217
GCGAGC,-0.11575832813007729
GCGAGG,0.004543301174457856
GCGTAA,0.060595687049863935
GCGTAT,-0.10455373868788624
GCGTAC,-0.13435749758682822
GCGTAG,0.02484223479458577
GCGTTA,0.30168337818387403
GCGTTT,0.17808732553748235
GCGTTC,-0.11054973106286338
GCGTTG,0.1335637503717791
GCGTCA,-0.39868127426287275
GCGTCT,-0.14187107099359816
GCGTCC,-0.08617769624105227
GCGTCG,0.009403970755801587
GCGTGA,-0.2605951665995916
GCGTGT,-0.3953894561194227
GCGTGC,0.12274997579883598
GCGTGG,-0.06489435422117584
GCGCAA,0.4019609039742684
GCGCAT,0.19960768554031985
GCGCAC,0.11305781383796232
GCGCAG,0.13841232523978286
GCGCTA,0.23941764300872145
GCGCTT,0.1901924511745239
GCGCTC,0.142667974432558
GCGCTG,0.291277700633674
GCGCCA,0.1309863340561319
GCGCCT,0.19962620248178453
GCGCCC,0.018367731731125166
GCGCCG,0.2085036550956333
GCGCGA,-0.24447664382394024
GCGCGT,-0.29646472710630856
GCGCGC,-0.02383781205652582
GCGCGG,0.04113215541591557
GCGGAA,0.07322089395565302
GCGGAT,0.34462861505337866
GCGGAC,-0.29999855032121586
GCGGAG,-0.4230627814334804
GCGGTA,0.05731911541746568
GCGGTT,-0.37179994309462217
GCGGTC,-0.3254783075346972
GCGGTG,0.27954104715897116
GCGGCA,0.11581726569952344
GCGGCT,-0.2244470492176538
GCGGCC,-0.29942075122882356
GCGGCG,0.19573588680146814
GCGGGA,0.14344533465860615
GCGGGT,0.2792520962913214
GCGGGC,-0.17004285490496018
GCGGGG,-0.08530051258600034
GGAAAA,1.1847502444788605
GGAAAT,0.9553037103730869
GGAAAC,0.7139198213143062
GGAAAG,0.6969155146661654
GGAATA,0.916762541271914
GGAATT,0.8714908943476672
GGAATC,-0.023333658232346347
GGAATG,0.08352008432527246
GGAACA,0.5657177001268909
GGAACT,0.5900529790509599
GGAACC,-1.0375907626988161
GGAACG,-0.2771818378179147
GGAAGA,0.600374429166037
GGAAGT,0.603923584018597
GGAAGC,-0.10493561336955792
GGAAGG,-0.25400943611380244
GGATAA,0.5189889344051517
GGATAT,0.7831733322176649
GGATAC,0.051690293082669043
GGATAG,0.13578298845546852
GGATTA,0.7021970160798632
GGATTT,0.9027148719586161
GGATTC,-0.3418150810317084
GGATTG,-0.025709817469465802
GGATCA,0.35186462135142726
GGATCT,0.1848129937725195
GGATCC,-1.0433765945174374
GGATCG,-0.09339053023635156
GGATGA,-0.0042339526119283995
GGATGT,0.43445264498141656
GGATGC,0.0023818666516084736
GGATGG,-0.3371510656672211
GGACAA,0.6682852056184196
GGACAT,0.7770758354644987
GGACAC,0.036917148301551336
GGACAG,0.1737136941755786
GGACTA,0.537493870848152
GGACTT,0.3512444881721563
GGACTC,-0.16984253311286363
GGACTG,-0.1930979532392211
GGACCA,-0.3061984565246609
GGACCT,-0.05842229412013509
GGACCC,-0.5490148773126096
GGACCG,-0.8003093509512846
GGACGA,0.31943166052167415
GGACGT,0.2497028243865646
GGACGC,-0.06516553821666618
GGACGG,-0.06769187319395893
GGAGAA,0.9532021868122894
GGAGAT,0.7479022693841244
GGAGAC,0.026162046109570406
GGAGAG,0.2267528137650501
GGAGTA,0.2699853690435932
GGAGTT,0.4698036492430692
GGAGTC,-0.13134898477460402
GGAGTG,0.03800896618881625
GGAGCA,0.20712884101619897
GGAGCT,-0.1664705471882525
GGAGCC,-0.6263615322055762
GGAGCG,-0.16472840733272923
GGAGGA,0.3142277863647408
GGAGGT,-0.2720247611431028
GGAGGC,-0.6166338883148709
GGAGGG,-0.4152991386738594
GGTAAA,0.26316750668819516
GGTAAT,1.246297428730726
GGTAAC,0.27542505782425086
GGTAAG,-0.1567788022335278
GGTATA,0.30120231703172556
GGTATT,1.2375131350709574
GGTATC,0.13073418800346132
GGTATG,-0.5815378401306948
GGTACA,-0.12663265093336593
GGTACT,0.2441113440736335
GGTACC,-0.5817238788561434
GGTACG,-0.3810633925215273
GGTAGA,0.5937937251639662
GGTAGT,0.5155198198772468
GGTAGC,-0.07443259478276978
GGTAGG,-0.5430049725805747
GGTTAA,0.18325222228690782
GGTTAT,0.476891199520822
GGTTAC,0.06638638122605081
GGTTAG,-0.80159383826964
GGTTTA,-0.2087548138621101
GGTTTT,-0.03261158558876089
GGTTTC,0.18166114625025134
GGTTTG,-0.035975102458277924
GGTTCA,-0.7174484292421189
GGTTCT,-0.33632979662382095
GGTTCC,-0.9753342403521055
GGTTCG,-1.130840775884781
GGTTGA,0.1120027833768077
GGTTGT,0.007136112664293961
GGTTGC,-0.34791973005212645
GGTTGG,-0.5681865487447441
GGTCAA,0.5263210421024619
GGTCAT,0.27004937380082494
GGTCAC,0.2232077877041467
GGTCAG,0.18453320570832515
GGTCTA,0.8318958907238082
GGTCTT,0.531879032963823
GGTCTC,0.15197236871229355
GGTCTG,-0.03743531380467296
GGTCCA,-0.2501418900927968
GGTCCT,-0.02650010825038707
GGTCCC,-0.7859973345234078
GGTCCG,-0.721517476022969
GGTCGA,0.26708609137894684
GGTCGT,-0.1461957059673053
GGTCGC,-0.23512973814603622
GGTCGG,-0.03449079705631713
GGTGAA,0.6686070821663993
GGTGAT,1.0242353665855501
GGTGAC,0.37707364466827875
GGTGAG,0.1474261809433388
GGTGTA,0.5735333273578358
GGTGTT,0.8364223693172176
GGTGTC,0.16532398042538352
GGTGTG,-0.2949378700267888
GGTGCA,0.10001276192014923
GGTGCT,0.6659699604474707
GGTGCC,0.030492679727853984
GGTGCG,-0.057861603794130606
GGTGGA,0.5112800143224855
GGTGGT,0.5360682409535986
GGTGGC,-0.02075126949712422
GGTGGG,-0.21923877928300178
GGCAAA,-0.31706064986236143
GGCAAT,0.47879471408387403
GGCAAC,0.27134713651339576
GGCAAG,0.3921659570139854
GGCATA,0.24287382232802365
GGCATT,0.4068006038709047
GGCATC,0.23731696902879773
GGCATG,0.07352239120625953
GGCACA,-0.5649676485435173
GGCACT,-0.2656820906953332
GGCACC,0.07508298605650536
GGCACG,-0.18843948466377286
GGCAGA,-0.45670775664601637
GGCAGT,-0.4350164820605551
GGCAGC,-0.3033694396568564
GGCAGG,-0.4003154837108652
GGCTAA,-0.5714930254160185
GGCTAT,0.25037670177256854
GGCTAC,0.2636896457085597
GGCTAG,-0.9953072721923794
GGCTTA,-0.5842342632977512
GGCTTT,0.07264731825152367
GGCTTC,0.05262191573995779
GGCTTG,-0.47590529773781154
GGCTCA,-0.5286055511928625
GGCTCT,-0.3578654917859137
GGCTCC,-0.6275481251486544
GGCTCG,-0.5073921043999629
GGCTGA,-0.24221252947942787
GGCTGT,-0.15990814551063542
GGCTGC,-0.5233760669675589
GGCTGG,-0.2071448412212808
GGCCAA,-0.05524390041544485
GGCCAT,0.0216157821471552
GGCCAC,-0.17791499289157628
GGCCAG,0.1120668390293668
GGCCTA,-0.1885498238591026
GGCCTT,0.18815962977978887
GGCCTC,-0.19495569461152168
GGCCTG,0.13842736323672936
GGCCCA,-0.16429386851265929
GGCCCT,-0.15087923529740166
GGCCCC,-0.60205624666303
GGCCCG,-0.46220301312624956
GGCCGA,0.09761179969686355
GGCCGT,-0.23155395800964712
GGCCGC,-0.30638182274144243
GGCCGG,-0.08632714128291642
GGCGAA,0.32702575839760045
GGCGAT,0.5189542129464765
GGCGAC,0.2721671375584031
GGCGAG,0.3945228802088771
GGCGTA,0.4039978697276414
GGCGTT,0.49365461584217096
GGCGTC,0.27537130420606076
GGCGTG,0.3464150369911798
GGCGCA,0.13716282433044502
GGCGCT,0.435302467759541
GGCGCC,0.09539981130687038
GGCGCG,-0.003849085001002833
GGCGGA,0.08357386733492653
GGCGGT,0.1640063959963841
GGCGGC,0.16096448971474178
GGCGGG,-0.09012681306661376
GGGAAA,1.0405848299848657
GGGAAT,0.9091325051739847
GGGAAC,-0.23204600941502906
GGGAAG,0.047468861741857805
GGGATA,0.4090966943422142
GGGATT,0.39891576009674196
GGGATC,0.05106613351881933
GGGATG,0.0315669792517506
GGGACA,0.28030196515415834
GGGACT,0.18204762171485503
GGGACC,-0.6805683983530851
GGGACG,0.02253314221228781
GGGAGA,0.5355119518110018
GGGAGT,0.14867596204306852
GGGAGC,-0.41409358417711484
GGGAGG,-0.5589209413527467
GGGTAA,0.4298178203122218
GGGTAT,0.44647313183554144
GGGTAC,-0.382927315082798
GGGTAG,-0.485931863127158
GGGTTA,0.32053923760955605
GGGTTT,0.4580355898523791
GGGTTC,-0.78402233574033
GGGTTG,-0.25374889632280473
GGGTCA,0.5354215217514142
GGGTCT,0.4599463819690338
GGGTCC,-0.6075561142483612
GGGTCG,-0.07527821105801188
GGGTGA,0.861714836516953
GGGTGT,0.5438471519175856
GGGTGC,0.1445251185486226
GGGTGG,0.1432905822332097
GGGCAA,0.5596444909879943
GGGCAT,0.5454760196519607
GGGCAC,-0.06286488057954155
GGGCAG,-0.1741858338414914
GGGCTA,0.2742575378296643
GGGCTT,0.05163635410236368
GGGCTC,-0.5183110514313781
GGGCTG,-0.21419961565779658
GGGCCA,-0.14203795602953687
GGGCCT,0.01128684249723548
GGGCCC,-0.9136348015946193
GGGCCG,-0.41459171448696097
GGGCGA,0.5016764291124026
GGGCGT,0.4633142397907806
GGGCGC,-0.02775034067795475
GGGCGG,-0.030519674288451697
GGGGAA,0.592122136448299
GGGGAT,0.4087470276932738
GGGGAC,-0.4671888248373534
GGGGAG,-0.16405620881666122
GGGGTA,0.007425459799954601
GGGGTT,0.08796020796559222
GGGGTC,0.17135668127617207
GGGGTG,0.6343785847303819
GGGGCA,-0.22151152483954875
GGGGCT,-0.051105650008597375
GGGGCC,-0.5975340615649545
GGGGCG,-0.0055481297855703715
GGGGGA,0.037906213605091214
GGGGGT,-0.07782534542502363
GGGGGC,-0.3850144976368736
GGGGGG,-0.649742971496348
