Item,Count obs
AAAAAA,0.5983948808258776
AAAAAT,0.15289950668937544
AAAAAC,0.6039160468320027
AAAAAG,0.6423502872746705
AAAATA,0.4159515538682726
AAAATT,-0.2008683043947178
AAAATC,-0.06238777243481573
AAAATG,-0.1480250864005757
AAAACA,0.44268781859877254
AAAACT,0.04784798520863793
AAAACC,0.5231483084926635
AAAACG,0.1798855019960736
AAAAGA,0.13385247145213255
AAAAGT,0.09449084342092251
AAAAGC,0.3696677642212183
AAAAGG,0.2562122234209707
AAATAA,0.37746091169856705
AAATAT,0.5849335959197126
AAATAC,0.32008549650644025
AAATAG,-0.06541841560701056
AAATTA,-0.28729137113796155
AAATTT,-0.3162942362179248
AAATTC,-0.21655472843619683
AAATTG,-0.6148153372900383
AAATCA,-0.09774228477293734
AAATCT,-0.08717637987755465
AAATCC,0.07647764150904034
AAATCG,-0.4039488075902003
AAATGA,0.06957852304102605
AAATGT,-0.1643030512912763
AAATGC,-0.2623642644674911
AAATGG,-0.3289611053712167
AAACAA,0.12447202380718006
AAACAT,-0.18341744731459164
AAACAC,0.1383046713771803
AAACAG,0.21038285072399537
AAACTA,-0.40546510810816444
AAACTT,-0.23668777642196703
AAACTC,-0.13473259397015672
AAACTG,-0.023716526617316044
AAACCA,-0.022329476398088657
AAACCT,0.23293155768037266
AAACCC,0.19905834914947848
AAACCG,0.1423162221802554
AAACGA,0.058931778376335335
AAACGT,-0.1867918369248582
AAACGC,0.09167019604914341
AAACGG,0.1118360239468526
AAAGAA,0.14613049322054145
AAAGAT,-0.5485659517488378
AAAGAC,0.08543159783011124
AAAGAG,0.013375771401138959
AAAGTA,0.0941244423909003
AAAGTT,-0.09984533496971613
AAAGTC,-0.21287827725461478
AAAGTG,-0.16290347093685292
AAAGCA,-0.0537041789718611
AAAGCT,-0.29121564503309194
AAAGCC,0.5053553807964254
AAAGCG,-0.07268973336827765
AAAGGA,0.15636307011019895
AAAGGT,-0.07059652322148643
AAAGGC,0.22563835510299254
AAAGGG,-0.003392297898141454
AATAAA,0.4047191177714429
AATAAT,0.31647549110642903
AATAAC,0.8416178198715002
AATAAG,0.0762524314997556
AATATA,0.41985384556026406
AATATT,0.3922870157276093
AATATC,0.1852889180217566
AATATG,-0.003327790092674691
AATACA,0.15600424847658118
AATACT,-0.06869653128623497
AATACC,0.26860592539096717
AATACG,-0.11678751541488185
AATAGA,-0.006872879287762064
AATAGT,-0.08388148398070212
AATAGC,0.0318987470807108
AATAGG,-0.5555258026838976
AATTAA,-0.5294510878891556
AATTAT,0.11006640669523904
AATTAC,-0.26378775225234485
AATTAG,-0.561607159320348
AATTTA,-0.21217451994363576
AATTTT,-0.062303883336154865
AATTTC,-0.4042411177472759
AATTTG,-0.8569364892249722
AATTCA,-0.02490467918007523
AATTCT,-0.2725072744325458
AATTCC,-0.29218013769264595
AATTCG,-0.3839009301923239
AATTGA,-0.40546510810816444
AATTGT,-0.08860324654760676
AATTGC,-0.5925542543855917
AATTGG,-0.7041162119305192
AATCAA,-0.0788809300232579
AATCAT,-0.07419007058979277
AATCAC,-0.31371024450611673
AATCAG,-0.0535407669280298
AATCTA,-0.37240424584727627
AATCTT,-0.45447268721485895
AATCTC,-0.2719337154836418
AATCTG,-0.12450198590512844
AATCCA,0.15115756175912642
AATCCT,0.03278982282299097
AATCCC,-0.2231435513142097
AATCCG,-0.06186535341632702
AATCGA,-0.020591893319787946
AATCGT,-0.16680321707812343
AATCGC,-0.373805481349914
AATCGG,-0.1533340199207024
AATGAA,0.3493287217367537
AATGAT,0.013889112160667093
AATGAC,0.1961307520681412
AATGAG,-0.5333395044175463
AATGTA,-0.2578291093020998
AATGTT,-0.2807616296072071
AATGTC,-0.01517834159906576
AATGTG,-0.28983492581288195
AATGCA,-0.11178216038324604
AATGCT,-0.08223809823697212
AATGCC,0.07717465618320782
AATGCG,-0.33050206963470913
AATGGA,0.09972669793957033
AATGGT,-0.3067611979679381
AATGGC,0.05747135391447864
AATGGG,-0.427866044797331
AACAAA,-0.22827885787908261
AACAAT,0.3296621446926637
AACAAC,0.42836687239484894
AACAAG,0.28172285243269357
AACATA,0.01853812099891106
AACATT,-0.6151856390902334
AACATC,-0.07696104113612832
AACATG,-0.08448626174331458
AACACA,-0.012959144642505228
AACACT,0.33917250828895956
AACACC,0.31666960932503324
AACACG,-0.41051562389423285
AACAGA,-0.06852764700775334
AACAGT,0.18759861389479834
AACAGC,0.17449512054449068
AACAGG,0.4527179929587099
AACTAA,-0.5322609044860558
AACTAT,0.29977677733512575
AACTAC,-0.07696104113612832
AACTAG,-0.6618946370558407
AACTTA,-0.10660973505825826
AACTTT,-0.0009341429917969075
AACTTC,-0.26759531388504354
AACTTG,-0.07779298793952097
AACTCA,-0.11426809354893898
AACTCT,-0.20080637146805771
AACTCC,0.14949064173944435
AACTCG,-0.3595421167961787
AACTGA,-0.16034265007517937
AACTGT,0.17095779814363948
AACTGC,-0.0015612805669524645
AACTGG,0.1462584086259946
AACCAA,-0.2779575225597862
AACCAT,-0.10966940088221372
AACCAC,-0.007863736460214576
AACCAG,0.2833624113072646
AACCTA,-0.2950412904937914
AACCTT,0.1782123640438215
AACCTC,0.09564807472222125
AACCTG,0.4023449807719207
AACCCA,0.017577831263972783
AACCCT,0.2696635669491026
AACCCC,-0.20528002634986256
AACCCG,0.0634496200421894
AACCGA,0.0771896386911299
AACCGT,-0.09710874144023963
AACCGC,0.20647045757326266
AACCGG,0.11222160603777163
AACGAA,0.25799880695785105
AACGAT,0.07621938075032679
AACGAC,0.39233059092751743
AACGAG,-0.06988799313406785
AACGTA,-0.1314014663666978
AACGTT,-0.15941629521504874
AACGTC,-0.2615709284480951
AACGTG,-0.9264949020483967
AACGCA,-0.1397619423751586
AACGCT,0.037041271680349076
AACGCC,0.39215692690566945
AACGCG,-0.37398897600614694
AACGGA,0.2322871688131616
AACGGT,0.08286821798056858
AACGGC,0.3611375768562057
AACGGG,-0.19804868391717703
AAGAAA,0.28373250025094754
AAGAAT,0.008968669982760316
AAGAAC,0.2753827704136296
AAGAAG,0.09956759576504222
AAGATA,-0.078008710168572
AAGATT,-0.33176191232102975
AAGATC,-0.7047463164032972
AAGATG,-0.40449845747706936
AAGACA,0.039050514871873034
AAGACT,0.13986721107360847
AAGACC,0.1683026356146235
AAGACG,-0.026723070140753508
AAGAGA,-0.07714437599776568
AAGAGT,-0.2507587183471831
AAGAGC,-0.2682639865946794
AAGAGG,0.07148240541957511
AAGTAA,-0.24342430436656937
AAGTAT,-0.004750602758597865
AAGTAC,0.26652384694443476
AAGTAG,-0.15082288973458366
AAGTTA,-0.0746908926015891
AAGTTT,-0.3939707286824292
AAGTTC,-0.2623642644674911
AAGTTG,-0.05686286189454321
AAGTCA,-0.17626460308576472
AAGTCT,0.04629328397084485
AAGTCC,-0.24356518203467326
AAGTCG,-0.07213752816642312
AAGTGA,-0.06936838782632467
AAGTGT,-0.15236336925316246
AAGTGC,-0.22150956402255476
AAGTGG,-0.2939912416450457
AAGCAA,-0.2534978352618495
AAGCAT,0.031908668453828774
AAGCAC,-0.1671926751976545
AAGCAG,-0.13848235166953346
AAGCTA,-0.6796417573601383
AAGCTT,-0.40896773865936636
AAGCTC,-0.399995632303629
AAGCTG,0.10397259038297837
AAGCCA,-0.033760979546886546
AAGCCT,0.08978872794943771
AAGCCC,0.26753165408300417
AAGCCG,0.13490053873297733
AAGCGA,-0.25512659716726055
AAGCGT,0.1476628953485156
AAGCGC,-0.011142176553241848
AAGCGG,-0.04673140978006224
AAGGAA,0.5231274946722859
AAGGAT,0.22400008241582614
AAGGAC,0.03142384971437348
AAGGAG,0.44832722574336364
AAGGTA,0.4643056081310979
AAGGTT,-0.011049836186585046
AAGGTC,0.12497668015279449
AAGGTG,0.16251892949777494
AAGGCA,0.10473649067657786
AAGGCT,0.20221034164774387
AAGGCC,0.13616524365443305
AAGGCG,0.006666691358189297
AAGGGA,0.006116227017436054
AAGGGT,-0.03489793985127719
AAGGGC,-0.09380017574240057
AAGGGG,-0.3519364623187945
ATAAAA,0.6184333313807217
ATAAAT,0.48684365907950533
ATAAAC,-0.12612699845031272
ATAAAG,0.07898841131863046
ATAATA,-0.0953101798043249
ATAATT,0.24599298408655354
ATAATC,0.28090238546640217
ATAATG,0.47426802803219315
ATAACA,0.5773863902843297
ATAACT,0.46081520319132935
ATAACC,1.0129907659675341
ATAACG,0.8366953514279393
ATAAGA,0.05906334124948254
ATAAGT,0.2495303064874047
ATAAGC,-0.06006424074265014
ATAAGG,0.01634913800152941
ATATAA,0.7476160889213825
ATATAT,0.5228018148127063
ATATAC,0.18665525805107305
ATATAG,0.4206745267716933
ATATTA,-0.014888612493750637
ATATTT,0.36114922433365343
ATATTC,0.4829686692630245
ATATTG,0.16337180801429244
ATATCA,0.01980262729617973
ATATCT,0.24023798467350987
ATATCC,0.6239553238967329
ATATCG,0.13077023118319475
ATATGA,0.1564521768155376
ATATGT,0.030180617149991238
ATATGC,-0.35040533092513704
ATATGG,-0.1203298807659867
ATACAA,0.40338394190433974
ATACAT,-0.09285015396346252
ATACAC,0.06818151241607226
ATACAG,0.44430494142442833
ATACTA,0.013889112160667093
ATACTT,0.018779894651596275
ATACTC,0.07354868802281221
ATACTG,0.5641716044712834
ATACCA,-0.007662872745569137
ATACCT,0.3589095817401486
ATACCC,0.2595111954850846
ATACCG,0.328070133357069
ATACGA,-0.06453852113757118
ATACGT,-0.26016404355788864
ATACGC,0.10948423284168841
ATACGG,-0.02129072280888165
ATAGAA,0.11832666165509376
ATAGAT,-0.04587045406609718
ATAGAC,0.1584703409717747
ATAGAG,0.4317101298816464
ATAGTA,0.12695962746128805
ATAGTT,0.28204825473352485
ATAGTC,0.14585187701256333
ATAGTG,0.024692612590371414
ATAGCA,-0.26706278524904525
ATAGCT,-0.11689375147149943
ATAGCC,0.36277252380685093
ATAGCG,0.4010445136027678
ATAGGA,-0.25249576332673723
ATAGGT,0.20763936477824455
ATAGGC,0.25733491606248904
ATAGGG,-0.19953368567507604
ATTAAA,-0.47807283729418265
ATTAAT,-0.1511386293572666
ATTAAC,-0.2871384464530707
ATTAAG,-0.8551487348629425
ATTATA,0.34905101882807305
ATTATT,0.24904427974636692
ATTATC,0.11843259722517889
ATTATG,-0.05826890812397576
ATTACA,-0.16799173123912972
ATTACT,-0.21511137961694543
ATTACC,0.0443919557468574
ATTACG,-0.6352532021410426
ATTAGA,-0.5356575994671723
ATTAGT,-0.25754497803154214
ATTAGC,-0.3850194169478749
ATTAGG,-0.9265603985116112
ATTTAA,-0.4649910874221912
ATTTAT,0.3657384500920793
ATTTAC,-0.1200792479167337
ATTTAG,-0.7349099089219204
ATTTTA,-0.40667649529446137
ATTTTT,0.29951653009878365
ATTTTC,0.23271300233036035
ATTTTG,-0.5541760646396044
ATTTCA,0.13823326065840097
ATTTCT,-0.032485455144488425
ATTTCC,0.12736487770885857
ATTTCG,-0.20732285899937186
ATTTGA,-0.6314617284047805
ATTTGT,-0.2788935664187016
ATTTGC,-0.39829661862955196
ATTTGG,-1.0874389880699844
ATTCAA,-0.21545449164638802
ATTCAT,0.2152204764768824
ATTCAC,0.19028420921697198
ATTCAG,-0.08486622064324152
ATTCTA,0.6237660349465861
ATTCTT,-0.04647588403445331
ATTCTC,-0.1941560144409575
ATTCTG,-0.3677247801253174
ATTCCA,-0.030052345066401823
ATTCCT,0.14877300859313972
ATTCCC,-0.20748011643010947
ATTCCG,-0.22870382189484634
ATTCGA,-0.10744788781874906
ATTCGT,0.14926069453306645
ATTCGC,0.1271911107299397
ATTCGG,-0.2173405830935359
ATTGAA,-0.005865119452398022
ATTGAT,0.024692612590371414
ATTGAC,-0.05046942568915208
ATTGAG,-0.38366047814131155
ATTGTA,0.43078291609245434
ATTGTT,0.26529307755830234
ATTGTC,0.08452642875498444
ATTGTG,-0.6299411046561527
ATTGCA,-0.2539679095145847
ATTGCT,-0.3195226783074397
ATTGCC,0.06015176065992252
ATTGCG,-0.5349231753450512
ATTGGA,-0.3673031949588709
ATTGGT,-0.3966210833117115
ATTGGC,0.0
ATTGGG,-0.8047922547718559
ATCAAA,-0.751912489786197
ATCAAT,0.14609261849749589
ATCAAC,-0.1387503085003144
ATCAAG,0.05129329438755048
ATCATA,-0.012205905679503734
ATCATT,0.11204950380862293
ATCATC,0.06321807199306763
ATCATG,-0.21118038525593458
ATCACA,-0.10859058747221928
ATCACT,-0.18677590714333495
ATCACC,0.17471695740873533
ATCACG,-0.4700036292457356
ATCAGA,-0.3721286878405726
ATCAGT,0.05997184984379861
ATCAGC,0.05021975697902635
ATCAGG,0.12124647324663629
ATCTAA,-0.712949807856125
ATCTAT,-0.09107288532880962
ATCTAC,-0.10735851832049939
ATCTAG,-0.6875761355104899
ATCTTA,-0.4649231780133165
ATCTTT,-0.5895771756759073
ATCTTC,-0.11652438224918724
ATCTTG,-0.31585294941847714
ATCTCA,-0.6655972287917147
ATCTCT,-0.35960169131498315
ATCTCC,-0.01834913866819654
ATCTCG,-0.45188840726733015
ATCTGA,-0.2685485760762757
ATCTGT,-0.028618805305652563
ATCTGC,-0.09682418463553981
ATCTGG,-0.2832077920568599
ATCCAA,-0.3956611080115434
ATCCAT,0.3379439072326691
ATCCAC,0.25645074933197837
ATCCAG,0.5083035543332809
ATCCTA,-0.30421137440299145
ATCCTT,0.0025895569067336767
ATCCTC,0.05771500750119891
ATCCTG,0.3482573858192031
ATCCCA,-0.5202807825367458
ATCCCT,0.18259186359381646
ATCCCC,-0.3167583365332899
ATCCCG,-0.17333823790876302
ATCCGA,-0.42608439531090014
ATCCGT,0.30274443741335477
ATCCGC,0.5205750046099941
ATCCGG,0.17701193680034163
ATCGAA,0.16770364623196177
ATCGAT,0.3501655637532154
ATCGAC,0.4361284805588742
ATCGAG,-0.04148843906341556
ATCGTA,-0.3974969384589874
ATCGTT,0.0929852982301726
ATCGTC,0.3177595276890589
ATCGTG,-0.3802612537448742
ATCGCA,-0.40782220996554586
ATCGCT,0.02594339449202402
ATCGCC,0.11716211045791775
ATCGCG,-0.3596068120228698
ATCGGA,-0.183555363242883
ATCGGT,0.20581209496256972
ATCGGC,0.3083809345797763
ATCGGG,-0.38581153802538776
ATGAAA,0.7761680391343336
ATGAAT,0.20593142243308826
ATGAAC,0.12243670433773039
ATGAAG,0.2730832730306283
ATGATA,0.12294338621569315
ATGATT,-0.23598383778738694
ATGATC,-0.09319377689794738
ATGATG,-0.2237067729568089
ATGACA,0.19198838353441414
ATGACT,0.1451820098444979
ATGACC,0.35873255783341257
ATGACG,0.37389331223235067
ATGAGA,-0.3662895916736089
ATGAGT,-0.07020425867324857
ATGAGC,-0.20366944147883095
ATGAGG,-0.162320890087285
ATGTAA,-0.12062798778861475
ATGTAT,0.15021108182317805
ATGTAC,-0.12095261041766256
ATGTAG,-0.13102826240640403
ATGTTA,-0.4984415645662689
ATGTTT,0.14014663174324185
ATGTTC,0.017804624633506686
ATGTTG,-0.3829922522561057
ATGTCA,-0.03497442227183019
ATGTCT,-0.33480972584759944
ATGTCC,0.10956220251152624
ATGTCG,0.12801667276601175
ATGTGA,-0.14221995262542778
ATGTGT,-0.07864312731911323
ATGTGC,-0.07410797215372185
ATGTGG,-0.5948538321252115
ATGCAA,-0.0070547029798899265
ATGCAT,-0.2347218331874864
ATGCAC,-0.20223686649489606
ATGCAG,0.1529693447814271
ATGCTA,-0.14064886039338662
ATGCTT,-0.16196932794505614
ATGCTC,-0.04239555896768562
ATGCTG,0.014511564941046141
ATGCCA,-0.06888357589691967
ATGCCT,0.27738332025120643
ATGCCC,0.04101227137365022
ATGCCG,0.26345908849266947
ATGCGA,-0.4139913473364095
ATGCGT,-0.16407432301946484
ATGCGC,0.015256637953291985
ATGCGG,-0.28359478348652595
ATGGAA,0.45086215899843346
ATGGAT,0.3913346457644511
ATGGAC,0.44471459865392815
ATGGAG,0.1905909482764612
ATGGTA,0.074442476254516
ATGGTT,-0.003607941376199054
ATGGTC,0.029462032730316282
ATGGTG,-0.027333846701035464
ATGGCA,0.12470347850095724
ATGGCT,0.1855266877429031
ATGGCC,0.10297899512284985
ATGGCG,0.2535360343043315
ATGGGA,-0.3969014123312894
ATGGGT,0.15588173699097627
ATGGGC,-0.03571808260207923
ATGGGG,-0.24674346665508332
ACAAAA,0.16415425283850565
ACAAAT,-0.26459143688031533
ACAAAC,-0.20386805778588252
ACAAAG,-0.1303045424544247
ACAATA,0.3364722366212129
ACAATT,-0.22071636565659858
ACAATC,0.18409303644233668
ACAATG,-0.06047182175501745
ACAACA,0.7160746852036499
ACAACT,-0.17807526591250353
ACAACC,0.2589896830873456
ACAACG,0.25596096833690163
ACAAGA,0.40333970879585085
ACAAGT,-0.048790164169432056
ACAAGC,0.18454625181606593
ACAAGG,0.41215409625896093
ACATAA,-0.11208206141815315
ACATAT,0.1690763300439339
ACATAC,-0.03593200922606333
ACATAG,-0.30606053620318946
ACATTA,-0.38526240079064494
ACATTT,-0.34396290835037063
ACATTC,-0.3139572142535782
ACATTG,-0.5148989491536266
ACATCA,-0.31237468504215243
ACATCT,-0.48858001481867097
ACATCC,0.12546169497891346
ACATCG,-0.016386740114772744
ACATGA,0.16406811648460434
ACATGT,-0.14595391262307983
ACATGC,-0.08778427410397804
ACATGG,-0.0022701485345391855
ACACAA,-0.14111971583561914
ACACAT,-0.22661577702495897
ACACAC,-0.12715517548524663
ACACAG,0.07971808504448867
ACACTA,0.1592562838629586
ACACTT,0.09025448822681297
ACACTC,-0.02690745291992427
ACACTG,0.45039908058742245
ACACCA,0.01759576189037966
ACACCT,0.3688784852194613
ACACCC,0.05168323395185993
ACACCG,0.03366858720170981
ACACGA,-0.2729913570417772
ACACGT,-0.7077459799810979
ACACGC,-0.4769240720903093
ACACGG,-0.3640390664538675
ACAGAA,0.13573161353412508
ACAGAT,-0.05472489968924649
ACAGAC,0.2347851263296954
ACAGAG,-0.008500354765392605
ACAGTA,0.2263538269444579
ACAGTT,0.3263965846324714
ACAGTC,0.11934675763256623
ACAGTG,0.2608838792970568
ACAGCA,0.16016875215282136
ACAGCT,-0.28559656596075955
ACAGCC,0.38962484359894684
ACAGCG,0.28324747538391504
ACAGGA,0.7500100424544885
ACAGGT,0.4969171937198586
ACAGGC,0.5581933125888797
ACAGGG,0.31200653576315157
ACTAAA,-0.44333538216357427
ACTAAT,-0.36150198468704825
ACTAAC,-0.6333971761541713
ACTAAG,-0.42433359241254726
ACTATA,0.7455609232439855
ACTATT,0.021506205220963682
ACTATC,0.10913410504146574
ACTATG,-0.4971322966339881
ACTACA,0.42933258951480774
ACTACT,0.15942773692810217
ACTACC,0.41245148139614435
ACTACG,0.0
ACTAGA,-0.13747099062860288
ACTAGT,-0.23038995983497687
ACTAGC,-0.4101054876646665
ACTAGG,-0.5083224935478722
ACTTAA,-0.3817629958013761
ACTTAT,0.14850000831844395
ACTTAC,-0.25423413838424086
ACTTAG,-0.7884573603642702
ACTTTA,-0.2586945355785286
ACTTTT,0.012927234501459755
ACTTTC,0.033616610798985064
ACTTTG,-0.43029099183886765
ACTTCA,0.16131916930587087
ACTTCT,-0.09278173345096621
ACTTCC,0.09028684667210053
ACTTCG,-0.19511811831548112
ACTTGA,-0.17608323338126294
ACTTGT,0.1481301920456754
ACTTGC,-0.22042140302622512
ACTTGG,-0.42680442414315983
ACTCAA,-0.40206951910702615
ACTCAT,-0.38450625708732067
ACTCAC,-0.2168739383006143
ACTCAG,-0.31126542258786666
ACTCTA,0.4102383868608222
ACTCTT,-0.34396290835037063
ACTCTC,0.08421807908401722
ACTCTG,-0.30133839889926656
ACTCCA,0.2561630593054704
ACTCCT,0.6319035553192266
ACTCCC,0.05614845848069221
ACTCCG,-0.12772598319363057
ACTCGA,-0.1873090983049937
ACTCGT,-0.1568866596461331
ACTCGC,-0.47471938333467784
ACTCGG,-0.5865782055405507
ACTGAA,0.1156170158250154
ACTGAT,-0.024292692569044587
ACTGAC,-0.01840108537089118
ACTGAG,-0.48165424646571087
ACTGTA,0.6620565934899143
ACTGTT,0.23982605127414577
ACTGTC,0.35810453674832676
ACTGTG,-0.010291686036547636
ACTGCA,0.0021074823395647994
ACTGCT,-0.09742211300746836
ACTGCC,0.00668898815079671
ACTGCG,0.06878996999492921
ACTGGA,0.20593142243308826
ACTGGT,0.21239901203123257
ACTGGC,0.42759763645716725
ACTGGG,-0.28398205399981624
ACCAAA,-0.5820512948173748
ACCAAT,-0.22524660151098863
ACCAAC,-0.40630863409660345
ACCAAG,-0.2244059120961954
ACCATA,-0.32727253972278936
ACCATT,-0.17339292604965328
ACCATC,-0.1018492035713815
ACCATG,0.0045558165358608824
ACCACA,-0.10219094089654732
ACCACT,0.03215711163453144
ACCACC,0.09924896111182377
ACCACG,-0.3357647728492223
ACCAGA,0.12903025974373092
ACCAGT,0.06362569588021155
ACCAGC,0.24883303742952068
ACCAGG,0.531879032963823
ACCTAA,-0.9835429588833225
ACCTAT,0.23086559740812007
ACCTAC,0.005899722127188322
ACCTAG,-0.6746437089953856
ACCTTA,0.10536051565782635
ACCTTT,-0.12424360265932752
ACCTTC,0.2450891917865789
ACCTTG,0.21559634567882682
ACCTCA,-0.1474052916877267
ACCTCT,0.10765409464492583
ACCTCC,0.28735045248522
ACCTCG,0.1855428198975139
ACCTGA,0.2627091515204009
ACCTGT,0.5855856989750998
ACCTGC,0.45741651374026415
ACCTGG,0.3973403091219925
ACCCAA,-0.5673081335585783
ACCCAT,-0.1629785939508237
ACCCAC,0.01438873745209967
ACCCAG,-0.09090164951955891
ACCCTA,0.16251892949777494
ACCCTT,-0.16806953408675326
ACCCTC,-0.12265687597794643
ACCCTG,0.46474916546815487
ACCCCA,-0.11281467861359946
ACCCCT,-0.2342527857960812
ACCCCC,-0.9440911698664356
ACCCCG,-0.11291809199390561
ACCCGA,-0.30087058252992066
ACCCGT,-0.18540322333136267
ACCCGC,0.04052861033155836
ACCCGG,0.027820242211074906
ACCGAA,-0.10697211955216783
ACCGAT,0.1100998610217228
ACCGAC,0.1796133628570749
ACCGAG,-0.1568316465805161
ACCGTA,-0.25901417758220907
ACCGTT,0.006980831141340141
ACCGTC,0.14061524751292764
ACCGTG,-0.26994324811439935
ACCGCA,-0.054692914530357586
ACCGCT,0.21876717671441098
ACCGCC,0.12701575772842671
ACCGCG,-0.28759556351967974
ACCGGA,0.16503114296139307
ACCGGT,0.21303852945601495
ACCGGC,0.38092785945813484
ACCGGG,0.03765671943800492
ACGAAA,0.5095685525759397
ACGAAT,0.012037978559479098
ACGAAC,0.16822779371809515
ACGAAG,0.17058739347230564
ACGATA,0.30234848741101006
ACGATT,-0.04974209189481399
ACGATC,-0.2149686346306207
ACGATG,0.11203038316693364
ACGACA,0.5179648687754613
ACGACT,0.15791592942581406
ACGACC,0.07811777926395207
ACGACG,0.05709682041810666
ACGAGA,-0.008658062743114541
ACGAGT,-0.20359895524123955
ACGAGC,-0.25534669180884456
ACGAGG,0.0820465762752017
ACGTAA,-0.19845093872383832
ACGTAT,-0.17605194378035927
ACGTAC,-0.004246290881451208
ACGTAG,-0.18430371799794587
ACGTTA,-0.20341533985375423
ACGTTT,-0.18978427799554415
ACGTTC,-0.31321537445694575
ACGTTG,-0.4867280721869302
ACGTCA,-0.04310510053482374
ACGTCT,-0.4258617360158102
ACGTCC,-0.30284432019145835
ACGTCG,-0.26360419023081155
ACGTGA,-0.5142240977251021
ACGTGT,-1.0986122886681098
ACGTGC,-0.6845388060233452
ACGTGG,-0.4010107577587842
ACGCAA,-0.15531618112469345
ACGCAT,-0.05262305502513928
ACGCAC,-0.16248321457429024
ACGCAG,0.16864196560534633
ACGCTA,-0.0739122582867697
ACGCTT,-0.0599137493880943
ACGCTC,-0.12242341521288569
ACGCTG,0.18626715427062676
ACGCCA,0.3387211403221366
ACGCCT,0.2140257622162671
ACGCCC,0.009211348953236935
ACGCCG,0.1392874412820759
ACGCGA,-0.4757437024067956
ACGCGT,-0.7098670857710487
ACGCGC,-0.5495141186972432
ACGCGG,-0.23187246653069565
ACGGAA,0.28169686006578387
ACGGAT,0.24104476164345007
ACGGAC,0.022472855852058576
ACGGAG,0.03511220557657762
ACGGTA,0.15639199567027232
ACGGTT,0.12292683937572546
ACGGTC,-0.12910986736664526
ACGGTG,-0.1886506918456021
ACGGCA,0.3535515681564641
ACGGCT,-0.009667405402136639
ACGGCC,-0.06391951771328745
ACGGCG,0.2704944768431901
ACGGGA,-0.06352339568241597
ACGGGT,-0.1460661397709446
ACGGGC,-0.19153821189887857
ACGGGG,-0.24130279286665934
AGAAAA,0.553543353451145
AGAAAT,-0.08365608107205029
AGAAAC,0.14310084364067344
AGAAAG,0.19775431730939028
AGAATA,0.11222160603777163
AGAATT,-0.19825814905676734
AGAATC,-0.06103021906393393
AGAATG,0.15062582598382265
AGAACA,0.4445762382247901
AGAACT,0.023157646675230723
AGAACC,0.15906469462968728
AGAACG,-0.041772591510785426
AGAAGA,0.038449081113310905
AGAAGT,-0.17975416128870875
AGAAGC,-0.19873458643528474
AGAAGG,0.12540126654127245
AGATAA,0.028264558169631422
AGATAT,-0.07825219689974826
AGATAC,0.22106238511038526
AGATAG,0.1518805312927191
AGATTA,-0.3594211696067576
AGATTT,-0.23762640198458035
AGATTC,-0.43046641031358157
AGATTG,-0.3260800788535988
AGATCA,-0.15634607039069398
AGATCT,-0.6053090155943214
AGATCC,-0.8284778010604337
AGATCG,-0.2012666430364038
AGATGA,-0.15000676732358317
AGATGT,-0.06391332574365277
AGATGC,-0.4966515707286272
AGATGG,-0.28374173523985796
AGACAA,0.15913100982583878
AGACAT,-0.2021847002933661
AGACAC,-0.05310982531394841
AGACAG,0.2554391460055603
AGACTA,0.14536585027152543
AGACTT,0.06421337075265471
AGACTC,-0.09742211300746836
AGACTG,0.44044482700419113
AGACCA,0.14481935239837396
AGACCT,-0.24029295338716417
AGACCC,-0.389654502081522
AGACCG,0.0
AGACGA,0.06378000129841821
AGACGT,-0.23433074070477417
AGACGC,-0.030025958565734052
AGACGG,-0.18408057219913407
AGAGAA,0.020938407185170406
AGAGAT,-0.2117354420002479
AGAGAC,-0.3663251997708941
AGAGAG,0.003514942107444592
AGAGTA,-0.0779615414697118
AGAGTT,-0.09931285359398223
AGAGTC,-0.20430046351272993
AGAGTG,-0.283010159091038
AGAGCA,-0.16847204825759007
AGAGCT,-0.7591051483517427
AGAGCC,-0.11804443939594554
AGAGCG,-0.10944307973153622
AGAGGA,0.2172088157943953
AGAGGT,0.2834866812216782
AGAGGC,-0.13702528187877833
AGAGGG,-0.03258433633300448
AGTAAA,-0.10454385575127031
AGTAAT,-0.4394489609237629
AGTAAC,-0.1431008436406733
AGTAAG,-0.5068176023684517
AGTATA,0.7594482603811854
AGTATT,0.4002157522220206
AGTATC,0.20145072670295003
AGTATG,-0.18964759688602756
AGTACA,0.0
AGTACT,0.1181402423042251
AGTACC,0.4929680063659842
AGTACG,-0.02974196919873753
AGTAGA,0.1960148839259572
AGTAGT,0.049480057263369716
AGTAGC,0.07061756721395342
AGTAGG,-0.24387944979338808
AGTTAA,-0.3364722366212129
AGTTAT,0.0970097364404063
AGTTAC,-0.20726050514120672
AGTTAG,-0.4382549309311553
AGTTTA,-0.28095216023558184
AGTTTT,0.08492184798055244
AGTTTC,-0.1687620270083223
AGTTTG,-0.7100252183472969
AGTTCA,-0.060781472259859005
AGTTCT,-0.2174128766052247
AGTTCC,0.1028760423301644
AGTTCG,0.03440877968554182
AGTTGA,-0.4004209612214863
AGTTGT,0.1359833758718093
AGTTGC,0.25663745076982064
AGTTGG,-0.1451212731078641
AGTCAA,-0.3151696559173446
AGTCAT,0.18826511069480276
AGTCAC,-0.16878955057537842
AGTCAG,-0.024405627368140632
AGTCTA,0.5422671496008096
AGTCTT,0.17845806196891015
AGTCTC,-0.17373781310256312
AGTCTG,0.15762894420358306
AGTCCA,-0.2452503270952397
AGTCCT,0.2584829177595186
AGTCCC,-0.14193349588866663
AGTCCG,-0.1416505170630268
AGTCGA,0.07160953237812322
AGTCGT,0.17609100704331856
AGTCGC,-0.1743787032800179
AGTCGG,-0.18421370494599246
AGTGAA,0.30579382239482716
AGTGAT,-0.49758039701597007
AGTGAC,-0.10156020014949617
AGTGAG,-0.07591719970523012
AGTGTA,0.2991294582921319
AGTGTT,0.16079032059715723
AGTGTC,-0.05423976893699673
AGTGTG,-0.12024912815157693
AGTGCA,-0.3807169384189703
AGTGCT,-0.11778303565638351
AGTGCC,-0.09255155736524526
AGTGCG,-0.3358342780668805
AGTGGA,-0.1251631429540059
AGTGGT,0.3043069584214164
AGTGGC,-0.2020374199583721
AGTGGG,-0.17989142194066282
AGCAAA,-0.3076148318322095
AGCAAT,-0.2016905833628967
AGCAAC,-0.17203491208367924
AGCAAG,-0.2077881632310151
AGCATA,-0.0014695079793598834
AGCATT,-0.17206505662676552
AGCATC,-0.19251532498349763
AGCATG,0.0947177627253874
AGCACA,-0.13502484209088944
AGCACT,-0.22206188544346875
AGCACC,-0.19673735015709598
AGCACG,-0.3855969048914393
AGCAGA,0.05517077113397107
AGCAGT,0.0722449068733288
AGCAGC,0.05105299641691204
AGCAGG,0.3153467484458863
AGCTAA,-0.8122365521303841
AGCTAT,-0.054269629934057616
AGCTAC,-0.1442496088445468
AGCTAG,-0.6364411530656444
AGCTTA,-0.2569515313607409
AGCTTT,-0.33249608824157345
AGCTTC,-0.3895820619351613
AGCTTG,-0.3764775712349121
AGCTCA,-0.7059953230377943
AGCTCT,-0.7928184662732827
AGCTCC,-0.4147244335209612
AGCTCG,-0.8333619189582353
AGCTGA,-0.30984836790904136
AGCTGT,-0.18924199963852842
AGCTGC,-0.5194766203450784
AGCTGG,-0.2660205756706016
AGCCAA,-0.379852532251438
AGCCAT,0.13217177310848302
AGCCAC,0.09148891870254748
AGCCAG,0.17888854231016893
AGCCTA,-0.045610511252052295
AGCCTT,0.19480557600975312
AGCCTC,-0.023577716222177535
AGCCTG,0.49698248967379294
AGCCCA,-0.2236434263558607
AGCCCT,-0.031119908713804517
AGCCCC,0.003349066914769378
AGCCCG,0.006976148495926642
AGCCGA,-0.0844383191465745
AGCCGT,0.080903585368805
AGCCGC,0.03170616111224566
AGCCGG,0.13078790667877177
AGCGAA,-0.004216450378934804
AGCGAT,0.005347606326595277
AGCGAC,0.1676471458646943
AGCGAG,-0.08111905128479208
AGCGTA,-0.21868920096482958
AGCGTT,0.19022153204711056
AGCGTC,0.12332018205601893
AGCGTG,-0.18803042101427475
AGCGCA,-0.13483489052796668
AGCGCT,0.1707800256327273
AGCGCC,0.23446870067126313
AGCGCG,-0.2908739040795571
AGCGGA,0.1214217231292445
AGCGGT,0.17719709462822092
AGCGGC,0.1009536895535685
AGCGGG,-0.08353728544358971
AGGAAA,0.663876798259832
AGGAAT,0.417190018731998
AGGAAC,0.6014799920341215
AGGAAG,0.44330917591163455
AGGATA,0.2991294582921319
AGGATT,0.00851068966790861
AGGATC,-0.11394425934921772
AGGATG,0.3129998804360708
AGGACA,0.09207467894617645
AGGACT,0.04327598348182187
AGGACC,-0.11170398958000129
AGGACG,0.2466315326214235
AGGAGA,0.5632107588532816
AGGAGT,0.642594901397114
AGGAGC,0.1693189013004298
AGGAGG,0.12405264866997882
AGGTAA,0.31255013902979434
AGGTAT,0.6426777548707933
AGGTAC,0.4180438903150246
AGGTAG,0.5323739599721936
AGGTTA,-0.08065790301745453
AGGTTT,0.13696585507315742
AGGTTC,0.17824823140631876
AGGTTG,0.13537641159809188
AGGTCA,0.32604294032422726
AGGTCT,-0.07894320234011956
AGGTCC,-0.2000211338933556
AGGTCG,0.29185744386226153
AGGTGA,0.21309321546070836
AGGTGT,0.24005402346252633
AGGTGC,0.1131758307478185
AGGTGG,0.13858616328614673
AGGCAA,0.18978653648152302
AGGCAT,0.2042155414286909
AGGCAC,0.007562772381699746
AGGCAG,0.35611923400500944
AGGCTA,-0.0050505157860685915
AGGCTT,0.24331995979808108
AGGCTC,0.1718213221600885
AGGCTG,0.40162633180099866
AGGCCA,0.14310084364067324
AGGCCT,0.1819424817325539
AGGCCC,-0.12578872946174027
AGGCCG,0.18250094508038062
AGGCGA,0.1432438335601276
AGGCGT,0.15530076621049552
AGGCGC,0.1085730012108488
AGGCGG,0.14211970812067976
AGGGAA,0.23712979328894954
AGGGAT,-0.031983045853050764
AGGGAC,-0.11465602124408225
AGGGAG,0.1604095419444977
AGGGTA,0.4097295068946219
AGGGTT,0.1879185863306725
AGGGTC,-0.3035925625020566
AGGGTG,0.21631758624381
AGGGCA,-0.15963014559188396
AGGGCT,-0.11735283560672873
AGGGCC,-0.19682411816058165
AGGGCG,0.3017144942044043
AGGGGA,-0.1697151963683699
AGGGGT,0.014815085785140682
AGGGGC,-0.1419418711331191
AGGGGG,-0.45871257967146983
TAAAAA,0.3541422283594485
TAAAAT,-0.35830997019088673
TAAAAC,-0.04466644698556999
TAAAAG,-0.1601476992996326
TAAATA,0.4093790074293007
TAAATT,-0.34536118403845883
TAAATC,-0.12596862024282285
TAAATG,-0.4555771495355122
TAAACA,-0.37716133194531265
TAAACT,-0.36061454194281256
TAAACC,-0.5283187812135078
TAAACG,-0.7332416377618234
TAAAGA,-0.05880025776453242
TAAAGT,-0.5549968420791281
TAAAGC,-0.39973443339917936
TAAAGG,-0.24550045841548626
TAATAA,0.23712979328894954
TAATAT,-0.3140553577066707
TAATAC,-0.519360526215828
TAATAG,-0.4888467170472155
TAATTA,0.10083562105953664
TAATTT,-0.0881072675102669
TAATTC,-0.5670415646322722
TAATTG,-0.4767741358129461
TAATCA,0.06957852304102605
TAATCT,-0.6670019004556231
TAATCC,-0.19929989332837245
TAATCG,-0.34509297966512
TAATGA,-0.07020425867324857
TAATGT,-0.3522205935893521
TAATGC,-0.010204170174241623
TAATGG,-0.07267837934412759
TAACAA,0.38667719424253116
TAACAT,-0.44158641652215874
TAACAC,0.03459144476961908
TAACAG,0.11739849421730544
TAACTA,0.31237468504215243
TAACTT,-0.15933203856925593
TAACTC,-0.07410797215372185
TAACTG,-0.20244295999337578
TAACCA,0.3046934182783174
TAACCT,-0.12967782330853275
TAACCC,-0.2567745349887043
TAACCG,0.5283608848305156
TAACGA,0.13639262490555495
TAACGT,-0.08599044785552253
TAACGC,0.35020242943311497
TAACGG,0.0429075010112766
TAAGAA,-0.1727126976873178
TAAGAT,-0.6862267377153716
TAAGAC,-0.4634029452143835
TAAGAG,-0.8444366281061714
TAAGTA,-0.048790164169431945
TAAGTT,-0.3039956479433047
TAAGTC,-0.4426046550576212
TAAGTG,-0.29673190797169874
TAAGCA,-0.35251536146178863
TAAGCT,-0.3784364357202451
TAAGCC,-0.504837581921368
TAAGCG,-0.6050497323258998
TAAGGA,0.054629967486589937
TAAGGT,-0.07696104113612832
TAAGGC,-0.5243698488737478
TAAGGG,-0.8825573746316344
TATAAA,0.669890318395678
TATAAT,0.5950001194204209
TATAAC,0.7169578292536637
TATAAG,0.34876976443161906
TATATA,0.9950716097272694
TATATT,0.4320875477191192
TATATC,0.375723138909427
TATATG,0.025914288765470368
TATACA,0.4430030274272297
TATACT,0.7434479190347443
TATACC,0.15415067982725836
TATACG,0.24419696051204215
TATAGA,0.5413411676919411
TATAGT,0.6486954179891115
TATAGC,0.029600469776290682
TATAGG,0.31162227999778924
TATTAA,-0.04762804898925459
TATTAT,0.09781331002244334
TATTAC,-0.21926507198563897
TATTAG,-0.3930425881096072
TATTTA,0.5599583123436352
TATTTT,0.48020473780966194
TATTTC,0.2985673131314517
TATTTG,-0.1740910576574391
TATTCA,0.16817551023704888
TATTCT,0.24033595185458262
TATTCC,0.28125118212149064
TATTCG,0.6380278813388659
TATTGA,0.38046380590274714
TATTGT,0.5703397512983983
TATTGC,-0.017094433359300068
TATTGG,0.0028208763416414846
TATCAA,0.07671491758086163
TATCAT,0.22106238511038526
TATCAC,0.09582755499910271
TATCAG,0.05955097962653215
TATCTA,0.012195273093818206
TATCTT,-0.06152918994686168
TATCTC,0.0759466304515329
TATCTG,0.18107233739352274
TATCCA,0.9078802533655586
TATCCT,0.10536051565782635
TATCCC,0.1454862596636034
TATCCG,1.065512340241765
TATCGA,0.60625401386657
TATCGT,0.11421796949188714
TATCGC,0.07051378432765813
TATCGG,0.2960503221222976
TATGAA,0.18349871996696934
TATGAT,-0.36724389528796664
TATGAC,0.3746934494414107
TATGAG,-0.2965710198690269
TATGTA,0.3656436139214929
TATGTT,-0.21309321546070834
TATGTC,-0.01324522675002068
TATGTG,-0.044244701797757316
TATGCA,-0.16453612436073828
TATGCT,0.1967102942460543
TATGCC,0.048691159169598645
TATGCG,-0.17865182790499218
TATGGA,0.53785429615391
TATGGT,-0.08863607271663158
TATGGC,-0.14903557916048782
TATGGG,-0.2109482782203915
TACAAA,0.25489224962879004
TACAAT,-0.15260508446547766
TACAAC,0.29173066097778116
TACAAG,0.4738204277724365
TACATA,0.09015109699429748
TACATT,-0.2306826284873758
TACATC,0.0
TACATG,-0.16126814759612226
TACACA,0.0408219945202552
TACACT,0.4367176516122687
TACACC,0.11778303565638346
TACACG,-0.44834213246455606
TACAGA,0.40092995294277295
TACAGT,0.49977578757940566
TACAGC,0.2529965144638909
TACAGG,0.4691151351846204
TACTAA,-0.15305117449384148
TACTAT,0.12615128532690004
TACTAC,0.240657133806918
TACTAG,-0.2352439582482972
TACTTA,-0.27565349658617383
TACTTT,0.009478743954543739
TACTTC,0.21570857282669165
TACTTG,-0.18425766582082112
TACTCA,-0.2785495888885084
TACTCT,0.3713093514571701
TACTCC,0.4852651267864556
TACTCG,-0.3792747758559732
TACTGA,0.028987536873252406
TACTGT,0.49643688631389105
TACTGC,0.16554007983195132
TACTGG,0.16337180801429244
TACCAA,-0.24445333790096085
TACCAT,-0.3184537311185346
TACCAC,-0.21813100949066555
TACCAG,0.6818900260353109
TACCTA,-0.08923113372794264
TACCTT,-0.024264621999631208
TACCTC,0.2262734443231375
TACCTG,0.7002520061836899
TACCCA,0.3141153295199365
TACCCT,0.44183275227903923
TACCCC,-0.05148195583514333
TACCCG,0.3029884937344564
TACCGA,0.2315926058007373
TACCGT,0.028082968742825305
TACCGC,0.2556256563356648
TACCGG,0.4482201495355947
TACGAA,0.10130371496221191
TACGAT,-0.46652536486941065
TACGAC,0.1508228897345837
TACGAG,-0.17624251071757235
TACGTA,0.12405264866997882
TACGTT,-0.29639401305380236
TACGTC,-0.0808520966290949
TACGTG,-0.3326037598432927
TACGCA,0.06187540371808745
TACGCT,0.0280205123321749
TACGCC,0.1445532767209882
TACGCG,-0.3722529739020508
TACGGA,0.18632957819149334
TACGGT,-0.20123871592615988
TACGGC,-0.2012543449555193
TACGGG,-0.14729493468270383
TAGAAA,0.24097841895024402
TAGAAT,0.4270375933622922
TAGAAC,-0.20607564280206178
TAGAAG,-0.19105523676270922
TAGATA,0.14090545307723773
TAGATT,-0.4817585924771793
TAGATC,-0.6450386022399146
TAGATG,-0.4410160923724832
TAGACA,0.1376213778760477
TAGACT,0.7418123525412263
TAGACC,0.029413885206293407
TAGACG,-0.07020425867324846
TAGAGA,-0.2919412818111771
TAGAGT,0.34000789145352084
TAGAGC,-0.05129329438755058
TAGAGG,-0.03559094510270263
TAGTAA,-0.34358970439007686
TAGTAT,-0.1823215567939546
TAGTAC,-0.11874875277634238
TAGTAG,-0.21217451994363576
TAGTTA,0.06040912779555998
TAGTTT,-0.2923224520082831
TAGTTC,-0.22694583726394843
TAGTTG,0.19020972964296085
TAGTCA,-0.05105517080028418
TAGTCT,0.22825865198098017
TAGTCC,-0.048790164169431945
TAGTCG,0.018479559274837135
TAGTGA,-0.2674793651342615
TAGTGT,-0.37156355643248296
TAGTGC,-0.2544840030421852
TAGTGG,0.19286878706761787
TAGCAA,-0.4200252594394941
TAGCAT,-0.2128951368228417
TAGCAC,-0.27584761480477815
TAGCAG,0.017723708664695994
TAGCTA,-0.14994014729091476
TAGCTT,-0.5481214085096877
TAGCTC,-0.8708283577973976
TAGCTG,-0.38253760346445975
TAGCCA,0.18596454807245566
TAGCCT,0.048202101817877686
TAGCCC,-0.3171407796029058
TAGCCG,0.10331761402802594
TAGCGA,0.11570186945255895
TAGCGT,-0.09140646632385156
TAGCGC,0.0021413284413432996
TAGCGG,0.023240964039450886
TAGGAA,0.3944681051008283
TAGGAT,-0.503229276874056
TAGGAC,-0.5750069382557202
TAGGAG,-0.34806656940213226
TAGGTA,0.38776553100876343
TAGGTT,-0.3784364357202451
TAGGTC,-0.24946085963158313
TAGGTG,-0.309321247555262
TAGGCA,0.010178204915756052
TAGGCT,0.04473589384139152
TAGGCC,-0.4171611478713557
TAGGCG,-0.12721302409544988
TAGGGA,-0.10949481479628127
TAGGGT,-0.11007664992062578
TAGGGC,0.19447052930437714
TAGGGG,-0.32047189527477177
TTAAAA,-0.34570591256815836
TTAAAT,-0.4236003201523769
TTAAAC,-0.8909729238898653
TTAAAG,-0.6317243679335391
TTAATA,-0.3022808718729337
TTAATT,-0.4204466617237813
TTAATC,-0.8232003088081431
TTAATG,-0.4294183491306571
TTAACA,-0.20863886511132804
TTAACT,-0.20151600405010175
TTAACC,-0.5577904147483239
TTAACG,-0.5013468798114469
TTAAGA,-0.8685000680378065
TTAAGT,-0.5519675670971659
TTAAGC,-0.78440877183827
TTAAGG,-0.5306282510621704
TTATAA,0.6301723813985569
TTATAT,0.39768296766610944
TTATAC,0.36208036250564035
TTATAG,0.28885234759997125
TTATTA,-0.20972053098206914
TTATTT,0.3323428432792017
TTATTC,0.5551736142202991
TTATTG,0.4105237530644247
TTATCA,0.15438218810471308
TTATCT,-0.1466943791508035
TTATCC,1.0144410755820925
TTATCG,0.24613306953890854
TTATGA,0.13036181786324363
TTATGT,0.03233538064293645
TTATGC,0.17689939014025352
TTATGG,0.13081399964802262
TTACAA,0.046842908760074894
TTACAT,-0.25642952894767645
TTACAC,-0.12857728078726394
TTACAG,-0.042232763623273016
TTACTA,-0.34325192360659174
TTACTT,0.04352626504989093
TTACTC,0.1361321743245799
TTACTG,-0.11460338273900374
TTACCA,-0.29862201249011533
TTACCT,-0.0016934805063331428
TTACCC,0.2724146003209925
TTACCG,0.059121123007797254
TTACGA,-0.4175134466243389
TTACGT,-0.21107097007994055
TTACGC,-0.5332586778309437
TTACGG,-0.5897688261061101
TTAGAA,-0.25423413838424086
TTAGAT,-0.9736607635331137
TTAGAC,-0.5162653470618089
TTAGAG,-0.7498425242364906
TTAGTA,-0.33306507829959864
TTAGTT,-0.5139457511022344
TTAGTC,-0.28099308430098435
TTAGTG,-0.937124818776997
TTAGCA,-0.5576204430765266
TTAGCT,-0.880663554231004
TTAGCC,-0.43388620401774014
TTAGCG,-0.4638874022282996
TTAGGA,-0.8919980393051105
TTAGGT,-0.6115755268661338
TTAGGC,-0.7761441001309132
TTAGGG,-0.8580413357549408
TTTAAA,-0.4325460667108351
TTTAAT,-0.4370134658430903
TTTAAC,-0.5608572530234875
TTTAAG,-0.8216982431858874
TTTATA,0.4201558235181681
TTTATT,0.37152387468013154
TTTATC,0.23767165187711956
TTTATG,0.15493530128767624
TTTACA,-0.21511137961694557
TTTACT,0.17153251080313642
TTTACC,0.15296091169166964
TTTACG,-0.4349123094344654
TTTAGA,-0.6390799592896695
TTTAGT,-0.44607086303410726
TTTAGC,-0.6147274489333056
TTTAGG,-0.8243893695903336
TTTTAA,-0.2328523654411707
TTTTAT,0.5486958978214005
TTTTAC,-0.023765971597424537
TTTTAG,-0.48785187207052727
TTTTTA,0.4470141110210369
TTTTTT,0.5965203448708737
TTTTTC,0.7772993704695299
TTTTTG,0.027413146624143906
TTTTCA,0.48108846167022856
TTTTCT,0.6171432735640229
TTTTCC,0.7618491429539361
TTTTCG,0.309892219777437
TTTTGA,-0.39548640805826824
TTTTGT,0.12641392485565872
TTTTGC,-0.10008345855698253
TTTTGG,-0.6969443101561539
TTTCAA,-0.10148939617028287
TTTCAT,0.7036367872309648
TTTCAC,0.15033851094090378
TTTCAG,0.29991124097819294
TTTCTA,-0.05826890812397576
TTTCTT,0.3303665126347767
TTTCTC,0.34698181473307277
TTTCTG,0.29234408555759217
TTTCCA,0.5666326860489403
TTTCCT,0.6100113356067848
TTTCCC,0.39597351142659304
TTTCCG,0.3351607610234022
TTTCGA,0.13059844824768896
TTTCGT,0.5510808854855853
TTTCGC,0.02707121562248802
TTTCGG,-0.1641392377107643
TTTGAA,-0.29266961396281993
TTTGAT,-0.40546510810816444
TTTGAC,-0.41284521540578695
TTTGAG,-0.8817383503674954
TTTGTA,0.1923718926474561
TTTGTT,-0.13391791585293863
TTTGTC,0.011571112637185497
TTTGTG,-0.20972053098206914
TTTGCA,-0.3832194991608445
TTTGCT,-0.3279494577592302
TTTGCC,0.06583331119658285
TTTGCG,-0.4525326189661501
TTTGGA,-0.7023900476411229
TTTGGT,-0.6122856853904435
TTTGGC,-0.5864416747867863
TTTGGG,-1.200281790380727
TTCAAA,-0.4849771710358981
TTCAAT,-0.03002101625485782
TTCAAC,-0.20802991350416158
TTCAAG,-0.001458789463659873
TTCATA,0.17958557697507987
TTCATT,0.41587412402289997
TTCATC,0.38484582090542874
TTCATG,0.4542251522492813
TTCACA,-0.07316088008585538
TTCACT,0.23825718912425795
TTCACC,0.2590927854371395
TTCACG,-0.07405466582891385
TTCAGA,-0.05921185963184606
TTCAGT,0.10008345855698263
TTCAGC,0.11107481692126493
TTCAGG,0.2449770352158888
TTCTAA,-0.6390799592896695
TTCTAT,0.21233263520999412
TTCTAC,0.4904356680629414
TTCTAG,0.2706003351674892
TTCTTA,0.0013708021337786216
TTCTTT,-0.010540282035432271
TTCTTC,0.37501247959246564
TTCTTG,0.05635293655113178
TTCTCA,-0.5095940965167441
TTCTCT,-0.11689375147149943
TTCTCC,0.4454262527935446
TTCTCG,-0.20320584996087532
TTCTGA,-0.1129404111805954
TTCTGT,0.2060040414375138
TTCTGC,0.0563184305902234
TTCTGG,0.044206092504495705
TTCCAA,-0.1575819506181988
TTCCAT,0.24934592370823383
TTCCAC,0.10536051565782635
TTCCAG,0.5661546293664798
TTCCTA,0.035228691883743814
TTCCTT,0.3938587148177647
TTCCTC,0.34692995423779327
TTCCTG,0.6071425995274963
TTCCCA,0.09172112256450761
TTCCCT,0.2607465260930772
TTCCCC,-0.02150620522096362
TTCCCG,0.1697344412884832
TTCCGA,-0.03064796517905812
TTCCGT,0.248862080602199
TTCCGC,0.0833234846110972
TTCCGG,0.18553112183128767
TTCGAA,0.18103797726501233
TTCGAT,0.0759365660899405
TTCGAC,0.19031458112093835
TTCGAG,0.02546106419827309
TTCGTA,0.24442094976149464
TTCGTT,0.3800553925827961
TTCGTC,0.43337191430235944
TTCGTG,0.09584012152313953
TTCGCA,-0.21649291333887
TTCGCT,0.059712427372852
TTCGCC,0.47707079646882805
TTCGCG,-0.4607477783010989
TTCGGA,-0.09278173345096621
TTCGGT,-0.10660973505825826
TTCGGC,0.02778354278929625
TTCGGG,-0.34510339671157475
TTGAAA,0.11793929786468657
TTGAAT,-0.27607652633147306
TTGAAC,-0.2709701695603705
TTGAAG,-0.2912838257666069
TTGATA,-0.13377646063212087
TTGATT,0.07960801955541158
TTGATC,-0.10735851832049939
TTGATG,-0.27988145633229505
TTGACA,-0.09278173345096621
TTGACT,-0.08725644499722808
TTGACC,-0.04184710993550049
TTGACG,-0.17034536574723902
TTGAGA,-0.799507196550855
TTGAGT,-0.42700026065946245
TTGAGC,-0.4561582224236826
TTGAGG,-0.3506568716131693
TTGTAA,0.2767962648065299
TTGTAT,0.395691596281184
TTGTAC,0.20213927854367772
TTGTAG,0.658586505494478
TTGTTA,0.3492811949137942
TTGTTT,0.10974456476636077
TTGTTC,0.35238124906403295
TTGTTG,0.40904292945604837
TTGTCA,0.15286944967120977
TTGTCT,0.11934675763256623
TTGTCC,0.3622771994874023
TTGTCG,0.3488872939610485
TTGTGA,-0.16228080591050847
TTGTGT,-0.10554917710541913
TTGTGC,0.017220597751670556
TTGTGG,-0.13929432487774362
TTGCAA,-0.1979098087328528
TTGCAT,-0.27711507422563936
TTGCAC,-0.21993842036526137
TTGCAG,0.13133600206108695
TTGCTA,-0.13704085226079818
TTGCTT,-0.24519940774638532
TTGCTC,-0.2003288735480384
TTGCTG,-0.07682283368652673
TTGCCA,0.10597799020662094
TTGCCT,0.1325466559619831
TTGCCC,-0.00974824941366059
TTGCCG,0.3399080840816653
TTGCGA,-0.4508667638874442
TTGCGT,-0.2309760449574802
TTGCGC,-0.05861399353603894
TTGCGG,-0.18946809052802857
TTGGAA,-0.31285754357398704
TTGGAT,-0.26984093481051125
TTGGAC,-0.5998661905567201
TTGGAG,-0.40697911293937933
TTGGTA,-0.24613306953890846
TTGGTT,-0.2536727563490325
TTGGTC,-0.30798028082690665
TTGGTG,-0.3059355127611313
TTGGCA,-0.07852476311231098
TTGGCT,-0.11898816621456519
TTGGCC,-0.2854188750536242
TTGGCG,-0.08761783418116909
TTGGGA,-0.7057342960654168
TTGGGT,-0.5437117346830331
TTGGGC,-0.8821132800725685
TTGGGG,-0.7670170291264007
TCAAAA,-0.4977737849087325
TCAAAT,-0.5443208428997849
TCAAAC,-0.5479651707154474
TCAAAG,-0.7009293210020002
TCAATA,0.29180578963564296
TCAATT,-0.36411554828946885
TCAATC,-0.1549666733445876
TCAATG,-0.1294500415224978
TCAACA,-0.3053816495511819
TCAACT,-0.06618190688130123
TCAACC,-0.059359845659119774
TCAACG,-0.3848458209054287
TCAAGA,-0.20223686649489606
TCAAGT,-0.3483066942682157
TCAAGC,-0.03377884476099275
TCAAGG,0.048031831087005046
TCATAA,-0.26563224123210716
TCATAT,0.04352626504989093
TCATAC,0.1654160826589277
TCATAG,-0.04248099497616723
TCATTA,0.018503471564559726
TCATTT,-0.0427111180930498
TCATTC,0.26756066925235983
TCATTG,0.07468326341077924
TCATCA,0.05445618579605875
TCATCT,-0.22488117121275064
TCATCC,0.44570042030006335
TCATCG,0.31648807170086213
TCATGA,0.052490182621396764
TCATGT,-0.15845407538731124
TCATGC,0.17830596146060096
TCATGG,0.2983545323425527
TCACAA,-0.15057285847937432
TCACAT,-0.0687908308761016
TCACAC,-0.4428526401797848
TCACAG,-0.04714677842570196
TCACTA,0.009569451016150672
TCACTT,-0.5620971787868081
TCACTC,-0.220212430505351
TCACTG,0.2330938821673778
TCACCA,-0.11291809199390573
TCACCT,0.3392630124619102
TCACCC,0.03262522731607661
TCACCG,-0.04734612059719831
TCACGA,-0.23144235412890482
TCACGT,-0.5945663518874977
TCACGC,-0.31807748479817477
TCACGG,-0.23405158375693821
TCAGAA,0.08509933051800433
TCAGAT,-0.43655569517819554
TCAGAC,-0.40546510810816444
TCAGAG,-0.3609325341913735
TCAGTA,0.28768207245178085
TCAGTT,-0.0012812301560484619
TCAGTC,-0.02112363145129342
TCAGTG,0.07539084596661097
TCAGCA,0.002346500881123612
TCAGCT,-0.39429180751003917
TCAGCC,-0.05529542744287991
TCAGCG,-0.08204738592591436
TCAGGA,0.17133732879529506
TCAGGT,0.23071524784510358
TCAGGC,0.1733618154224826
TCAGGG,-0.04634517517636549
TCTAAA,-0.5758104738554033
TCTAAT,-0.2275781483820755
TCTAAC,-0.3400373027857092
TCTAAG,-0.8437200390393195
TCTATA,0.41248972304512876
TCTATT,0.05406722127027579
TCTATC,0.3985740127228365
TCTATG,-0.10536051565782628
TCTACA,-0.002171553513507907
TCTACT,0.28256697178501045
TCTACC,0.3086897265765116
TCTACG,0.014184634991956381
TCTAGA,0.1923718926474561
TCTAGT,0.020726130517116952
TCTAGC,0.0256125758567263
TCTAGG,-0.2528726677859198
TCTTAA,-0.5603481204470978
TCTTAT,0.07753263303508597
TCTTAC,-0.13400297952314702
TCTTAG,-0.8983530311874878
TCTTTA,-0.28175545378214156
TCTTTT,0.12340224214298533
TCTTTC,-0.035776173165283594
TCTTTG,-0.44543968484784524
TCTTCA,0.24976283758948714
TCTTCT,0.05040163137706887
TCTTCC,0.21394949329200327
TCTTCG,0.11422628429014954
TCTTGA,-0.26041494611144134
TCTTGT,0.6212826193303012
TCTTGC,-0.19207773173931936
TCTTGG,-0.5574155670258203
TCTCAA,-0.829121239618167
TCTCAT,-0.30010459245033816
TCTCAC,-0.7664784536454949
TCTCAG,-0.712949807856125
TCTCTA,-0.262364264467491
TCTCTT,-0.06237033072645808
TCTCTC,-0.06402185876493102
TCTCTG,-0.6111900732862795
TCTCCA,0.26457449744163136
TCTCCT,0.4621203456371003
TCTCCC,0.21373417713528267
TCTCCG,-0.0032656898628838494
TCTCGA,-0.28477606839486874
TCTCGT,-0.02166829947912938
TCTCGC,-0.24055718760141018
TCTCGG,-0.5163915008434358
TCTGAA,-0.21321204381329306
TCTGAT,-0.24445333790096085
TCTGAC,-0.5229737577016381
TCTGAG,-0.5653138090500603
TCTGTA,0.3368231753860008
TCTGTT,0.10149203887990585
TCTGTC,0.0749013081731177
TCTGTG,-0.045120435280469544
TCTGCA,-0.17131848344962372
TCTGCT,-0.15330999041246518
TCTGCC,0.019782008952038296
TCTGCG,-0.020280753052359587
TCTGGA,0.0765400771223344
TCTGGT,-0.09531017980432477
TCTGGC,0.10054122922187746
TCTGGG,-0.5032459500710585
TCCAAA,-0.8118687427985931
TCCAAT,-0.461635379575219
TCCAAC,-0.07346373657549406
TCCAAG,-0.4323123581443524
TCCATA,0.05129329438755048
TCCATT,-0.09354339489243894
TCCATC,0.3016683144265208
TCCATG,0.49237491585287413
TCCACA,0.14926069453306645
TCCACT,-0.07874436751155599
TCCACC,0.09740818746733129
TCCACG,-0.10594857800938055
TCCAGA,0.24959799983655906
TCCAGT,0.32039526985808353
TCCAGC,0.3231288214475285
TCCAGG,0.732224191464039
TCCTAA,-0.941308494849443
TCCTAT,0.10536051565782635
TCCTAC,0.3153336037822909
TCCTAG,-0.15686807280375825
TCCTTA,-0.02535159119741453
TCCTTT,0.2727191997750685
TCCTTC,0.1376213778760477
TCCTTG,0.49835144954081495
TCCTCA,-0.2423395665202075
TCCTCT,0.26160983214200584
TCCTCC,0.23240764227400784
TCCTCG,0.2329431843030132
TCCTGA,0.40484418290969865
TCCTGT,0.7579019412918288
TCCTGC,0.4634029452143835
TCCTGG,0.5174902955117234
TCCCAA,-0.8022506824966059
TCCCAT,-0.08341412873547986
TCCCAC,-0.17193185294481875
TCCCAG,-0.2814124594381856
TCCCTA,0.14353308916285615
TCCCTT,0.06237033072645809
TCCCTC,-0.09842221551095472
TCCCTG,0.38310290844743244
TCCCCA,-0.24006621851011764
TCCCCT,0.18758424927772302
TCCCCC,-0.4006268767167829
TCCCCG,-0.11076643804101671
TCCCGA,-0.00042363906585717796
TCCCGT,0.020086758566737292
TCCCGC,-0.0953101798043249
TCCCGG,0.1979993695131845
TCCGAA,-0.2608548302186367
TCCGAT,-0.2958453830909419
TCCGAC,-0.0953101798043249
TCCGAG,-0.5329973590169742
TCCGTA,0.5444422345649756
TCCGTT,0.09946079353063808
TCCGTC,0.18632957819149334
TCCGTG,0.01776696481464611
TCCGCA,-0.03128513749703437
TCCGCT,0.01976858532242269
TCCGCC,0.5343782904385035
TCCGCG,-0.27577637366536467
TCCGGA,0.16480151437379129
TCCGGT,0.11905936001598816
TCCGGC,0.332705753825736
TCCGGG,-0.0074434927126598195
TCGAAA,0.1735291546645691
TCGAAT,-0.005427421735365128
TCGAAC,0.26426179824368246
TCGAAG,0.11620660896721657
TCGATA,0.6826068985245131
TCGATT,0.10881713852573706
TCGATC,-0.06715485602564347
TCGATG,0.3321622889770049
TCGACA,0.350090558010553
TCGACT,0.17290042648233733
TCGACC,0.1677893645863879
TCGACG,0.21130909366720696
TCGAGA,0.03866914115915412
TCGAGT,-0.46532853891674164
TCGAGC,-0.17697064878069277
TCGAGG,0.025078200938696473
TCGTAA,-0.3729419164026042
TCGTAT,0.082330268383127
TCGTAC,-0.05644131090495173
TCGTAG,0.24442094976149464
TCGTTA,0.35515634076154234
TCGTTT,0.10396386738610533
TCGTTC,0.2921764620396203
TCGTTG,0.10902218214378945
TCGTCA,0.21955288318348132
TCGTCT,0.09179178645175742
TCGTCC,0.14203303787984323
TCGTCG,0.5047065178287253
TCGTGA,-0.29775772444052256
TCGTGT,-0.24565743196576534
TCGTGC,-0.1911711720709372
TCGTGG,0.026406201157113788
TCGCAA,-0.41154984487827073
TCGCAT,-0.2942718821308365
TCGCAC,-0.45205505136799395
TCGCAG,-0.02784932321621675
TCGCTA,0.13197416417591626
TCGCTT,-0.25372697468629
TCGCTC,0.012578782206860185
TCGCTG,0.18805223150293962
TCGCCA,0.3390286930625144
TCGCCT,-0.0012703791672521217
TCGCCC,0.10890536162436618
TCGCCG,0.3829561192142418
TCGCGA,-0.3567646260158294
TCGCGT,-0.5453313094627222
TCGCGC,-0.3479501244658997
TCGCGG,-0.005597609723176286
TCGGAA,-0.03793122232340956
TCGGAT,-0.3253266104062967
TCGGAC,-0.1673480150037921
TCGGAG,-0.3233557017187414
TCGGTA,0.35267760350611205
TCGGTT,-0.032789822822990956
TCGGTC,-0.06544129270741528
TCGGTG,-0.030583423372080278
TCGGCA,0.2849169957139769
TCGGCT,-0.0651065416015799
TCGGCC,-0.09797329722380863
TCGGCG,0.242514123332897
TCGGGA,-0.0953101798043249
TCGGGT,-0.11589308815771956
TCGGGC,-0.36919551145476037
TCGGGG,-0.6475584082020365
TGAAAA,0.7223314709999907
TGAAAT,0.027973852042406162
TGAAAC,0.45915361322166975
TGAAAG,0.1076153080449153
TGAATA,0.15988850272900157
TGAATT,-0.1427219840036355
TGAATC,-0.18413151203919406
TGAATG,0.22314355131420976
TGAACA,0.13865728957089515
TGAACT,-0.06030660623099102
TGAACC,-0.08306012869838698
TGAACG,0.007832008706732818
TGAAGA,0.28668754228527266
TGAAGT,-0.06805346324501564
TGAAGC,-0.06169356900534002
TGAAGG,0.009908078224696297
TGATAA,0.14369273474999242
TGATAT,-0.3674985101843135
TGATAC,-0.3012262975595381
TGATAG,0.32850406697203605
TGATTA,-0.13326539980476046
TGATTT,0.1383046713771803
TGATTC,-0.3634421183333166
TGATTG,-0.15415067982725836
TGATCA,-0.1451079604535203
TGATCT,-0.19297885126794267
TGATCC,0.008768489819946046
TGATCG,0.0755075525081451
TGATGA,0.013673301900209642
TGATGT,-0.3429447511268303
TGATGC,-0.24731507149363324
TGATGG,-0.04259819392151091
TGACAA,0.05675281659244942
TGACAT,-0.40871186420703437
TGACAC,-0.26946152633825277
TGACAG,0.5978370007556204
TGACTA,-0.14486399425905408
TGACTT,-0.1481418796819096
TGACTC,-0.21998065990570145
TGACTG,0.15570227051867735
TGACCA,0.08759805931798578
TGACCT,0.23184466276694607
TGACCC,-0.5396907041621628
TGACCG,0.2580598164204376
TGACGA,0.18818486629323947
TGACGT,-0.0640788566845224
TGACGC,0.06844357183018465
TGACGG,-0.012183542819740292
TGAGAA,-0.29576619085173994
TGAGAT,-0.4638573283970413
TGAGAC,-0.8243893695903336
TGAGAG,-0.6808072043243695
TGAGTA,-0.1331525329874849
TGAGTT,-0.42616442412131444
TGAGTC,-0.23309388216737792
TGAGTG,-0.14922786836404162
TGAGCA,-0.18665244273179463
TGAGCT,-0.7528664152615676
TGAGCC,-0.3380821108621164
TGAGCG,-0.18760621958537607
TGAGGA,-0.146750091009087
TGAGGT,-0.05730085383734056
TGAGGC,-0.6006485785445268
TGAGGG,-0.4738621549332651
TGTAAA,0.11347415043199605
TGTAAT,0.09309042306601203
TGTAAC,0.47753189566652704
TGTAAG,-0.4344526449814166
TGTATA,0.7765287894989963
TGTATT,-0.03357629553360421
TGTATC,0.3719424160695208
TGTATG,0.125311302077175
TGTACA,0.32078202087812574
TGTACT,-0.3208224649540852
TGTACC,0.2732040532711277
TGTACG,0.06591878360652974
TGTAGA,0.5056308068888866
TGTAGT,0.7681102190334006
TGTAGC,0.2640323215681882
TGTAGG,0.14932363907894236
TGTTAA,-0.2724348430310872
TGTTAT,0.4485217404298358
TGTTAC,0.20089294237939007
TGTTAG,-0.4072652886123123
TGTTTA,-0.3312320499576567
TGTTTT,0.46354409013516495
TGTTTC,0.43078291609245434
TGTTTG,-0.21680773286512398
TGTTCA,0.1518805312927193
TGTTCT,0.44235782448852995
TGTTCC,0.274099520685912
TGTTCG,0.1651120037420247
TGTTGA,-0.13907157300013806
TGTTGT,0.6849166814234299
TGTTGC,0.05215647959436173
TGTTGG,-0.19961305390401568
TGTCAA,-0.017184824754100856
TGTCAT,0.49744749781981457
TGTCAC,-0.02985296314968116
TGTCAG,0.2653043621384879
TGTCTA,-0.07747531216829057
TGTCTT,0.05757867020251142
TGTCTC,-0.3752702061621955
TGTCTG,0.12733942237660148
TGTCCA,0.0982933484347338
TGTCCT,0.45352476992865015
TGTCCC,0.00288184637488895
TGTCCG,0.3463389346080703
TGTCGA,0.2863037124816595
TGTCGT,0.44582079345699477
TGTCGC,0.3189346159558853
TGTCGG,0.12127272409979055
TGTGAA,0.059864775437691406
TGTGAT,-0.15798945613442392
TGTGAC,-0.14204765765601474
TGTGAG,-0.5640503850032883
TGTGTA,0.2977324083052824
TGTGTT,-0.11647499099636806
TGTGTC,-0.1923287882701999
TGTGTG,-0.24409891649019771
TGTGCA,0.13022858223583977
TGTGCT,-0.05715841383994864
TGTGCC,0.0755075525081451
TGTGCG,-0.18417169608211612
TGTGGA,0.23074815069942906
TGTGGT,-0.160907462290138
TGTGGC,-0.19565041073401102
TGTGGG,-0.2879451957265525
TGCAAA,-0.11158172524435557
TGCAAT,-0.16848050538208317
TGCAAC,0.09607970658335338
TGCAAG,0.06488045993385895
TGCATA,0.14415513999557933
TGCATT,-0.3927260823307346
TGCATC,-0.17956293435487497
TGCATG,0.0954594446751147
TGCACA,-0.10070684697647932
TGCACT,-0.45118735744625954
TGCACC,-0.3364722366212129
TGCACG,-0.10071397560183075
TGCAGA,-0.06051668290975112
TGCAGT,-0.16757370015939896
TGCAGC,-0.1246728266901991
TGCAGG,0.21472498084861388
TGCTAA,-0.40971139898961545
TGCTAT,0.08614595071320094
TGCTAC,0.014622518867541963
TGCTAG,0.0027063615977430673
TGCTTA,-0.17665581925827734
TGCTTT,-0.32139312979409274
TGCTTC,-0.23767165187711958
TGCTTG,0.0744116619875081
TGCTCA,-0.03887415276166506
TGCTCT,-0.23551120012287138
TGCTCC,0.0021074823395647994
TGCTCG,-0.17099640743690117
TGCTGA,-0.09704028404210756
TGCTGT,0.17017342285830717
TGCTGC,0.0943604047391465
TGCTGG,0.2219814361340325
TGCCAA,-0.22649670184207096
TGCCAT,-0.022329476398088657
TGCCAC,-0.17459951070004445
TGCCAG,0.36990493270961355
TGCCTA,-0.2905006770961578
TGCCTT,0.153509859555409
TGCCTC,-0.23911915518708785
TGCCTG,0.5792029212107276
TGCCCA,-0.10219094089654732
TGCCCT,-0.010410736017838687
TGCCCC,-0.3865071943635503
TGCCCG,0.15750638767423067
TGCCGA,0.27856507937541336
TGCCGT,0.2196773433377235
TGCCGC,0.18785138123613773
TGCCGG,0.4760826753221178
TGCGAA,-0.1823215567939546
TGCGAT,-0.36998052618263016
TGCGAC,-0.046049685611328904
TGCGAG,-0.5316000684370028
TGCGTA,-0.04348511193973889
TGCGTT,-0.07656972827650776
TGCGTC,-0.06029223025612001
TGCGTG,-0.406076541939503
TGCGCA,0.10948423284168841
TGCGCT,-0.1625439291852801
TGCGCC,0.18918401589880943
TGCGCG,-0.22861081207245249
TGCGGA,-0.045153407567265595
TGCGGT,0.03661736323822331
TGCGGC,-0.07255319268170868
TGCGGG,-0.09244730925464772
TGGAAA,0.5405977820996609
TGGAAT,0.15236164749155934
TGGAAC,0.2272102506967634
TGGAAG,0.21812741754309342
TGGATA,0.7195078502510139
TGGATT,-0.045120435280469544
TGGATC,-0.24933226707691483
TGGATG,0.30862047963695133
TGGACA,0.330006696856571
TGGACT,-0.030305349495329037
TGGACC,-0.37977562199285353
TGGACG,0.08089648569290518
TGGAGA,0.31104659131432133
TGGAGT,0.2792330179652533
TGGAGC,-0.11432641278847258
TGGAGG,-0.03869728995368384
TGGTAA,0.014388737452099452
TGGTAT,-0.045610511252052295
TGGTAC,-0.03132247112904116
TGGTAG,0.2821418920761657
TGGTTA,0.26341745045214976
TGGTTT,-0.0075901692666755964
TGGTTC,-0.29561753617627656
TGGTTG,-0.09439148428725234
TGGTCA,0.22842060841505363
TGGTCT,0.009569451016150672
TGGTCC,-0.21751369830213924
TGGTCG,0.19411861798239766
TGGTGA,0.20012618142746136
TGGTGT,0.11934675763256623
TGGTGC,-0.10512793047245411
TGGTGG,0.2473187818461971
TGGCAA,0.07401416792308223
TGGCAT,-0.031252543504104426
TGGCAC,0.14647190390025755
TGGCAG,0.2850654115606094
TGGCTA,0.3605786574192057
TGGCTT,-0.023689771122404665
TGGCTC,-0.21006476506464203
TGGCTG,0.33732730294094626
TGGCCA,0.18138741380215767
TGGCCT,0.07796154146971192
TGGCCC,-0.36648449251146414
TGGCCG,0.2499192980317438
TGGCGA,0.3406232349282245
TGGCGT,0.31634689855176057
TGGCGC,0.20540957508166358
TGGCGG,0.3658598535158049
TGGGAA,-0.05880025776453242
TGGGAT,-0.5298109236770714
TGGGAC,-0.5439420571903988
TGGGAG,-0.493020999132484
TGGGTA,0.3147107448397002
TGGGTT,0.0425596144187959
TGGGTC,-0.35826941677188984
TGGGTG,0.03233538064293645
TGGGCA,-0.14562018994352663
TGGGCT,-0.3906668870092145
TGGGCC,-0.5826610770533066
TGGGCG,-0.15958700402281842
TGGGGA,-0.3323654546685595
TGGGGT,-0.10832222715215448
TGGGGC,-0.42088957843379615
TGGGGG,-0.8348310916220736
CAAAAA,-0.048790164169432056
CAAAAT,-0.5173213348130049
CAAAAC,-0.3690974639372896
CAAAAG,-0.4471143465746716
CAAATA,-0.09531017980432477
CAAATT,-0.6054621760608413
CAAATC,-0.6301578464092035
CAAATG,-0.5336403015321621
CAAACA,-0.6254664730193016
CAAACT,-0.48113546961457987
CAAACC,-0.3801473001238745
CAAACG,-0.5068176023684517
CAAAGA,-0.5334591092866945
CAAAGT,-0.6109090823229733
CAAAGC,-0.35339914410879636
CAAAGG,-0.24204868512107966
CAATAA,0.3603446728276948
CAATAT,-0.07076907088820739
CAATAC,0.060103924069705515
CAATAG,-0.20544397421480884
CAATTA,-0.6580133428379988
CAATTT,-0.6005771455664881
CAATTC,-0.36716518302061923
CAATTG,-0.5794941183241098
CAATCA,-0.15750638767423072
CAATCT,-0.3450071390710504
CAATCC,-0.08900101061106022
CAATCG,-0.1292826132492448
CAATGA,-0.22694583726394843
CAATGT,-0.3249262456241521
CAATGC,-0.2793138227812644
CAATGG,-0.1562390899145289
CAACAA,0.18016172874052466
CAACAT,-0.1493152603257847
CAACAC,-0.004889985294191792
CAACAG,0.11401108863383523
CAACTA,-0.0969922659873097
CAACTT,-0.13082888048968336
CAACTC,-0.2902298445305796
CAACTG,-0.11161749561290148
CAACCA,-0.09909090264423089
CAACCT,0.27869036125981683
CAACCC,-0.06104256969844805
CAACCG,-0.07061756721395342
CAACGA,0.19870503604447873
CAACGT,-0.6595534632717955
CAACGC,-0.21919209260228228
CAACGG,0.11387501925917815
CAAGAA,0.14354817086799398
CAAGAT,-0.5344161343791074
CAAGAC,0.12445417447340605
CAAGAG,-0.3704740338987024
CAAGTA,-0.4093790074293007
CAAGTT,-0.35903327200685886
CAAGTC,-0.18145312426000065
CAAGTG,-0.5216146697568089
CAAGCA,-0.0881072675102669
CAAGCT,-0.23057350781799404
CAAGCC,0.0025959591808214985
CAAGCG,-0.007872708811912843
CAAGGA,0.6319035553192266
CAAGGT,0.3619799961684256
CAAGGC,0.15693232278913502
CAAGGG,-0.1142440171786914
CATAAA,0.01242251999855711
CATAAT,-0.19946928795473312
CATAAC,0.1139442593492179
CATAAG,-0.4069133342845291
CATATA,0.41443377809092485
CATATT,0.04512043528046964
CATATC,0.0881927120354609
CATATG,-0.3234001550538601
CATACA,0.0670107102829603
CATACT,0.04038806090528803
CATACC,0.06332713395127411
CATACG,-0.29947664894461784
CATAGA,0.018820059326769886
CATAGT,-0.4214289590971784
CATAGC,0.13297132540181775
CATAGG,-0.0751837142749664
CATTAA,-0.6302333551493762
CATTAT,0.11344463405778525
CATTAC,-0.020134908409055925
CATTAG,-0.29660441386812836
CATTTA,-0.5423242908253618
CATTTT,-0.29199095767616845
CATTTC,0.0447745688360784
CATTTG,-0.5703685797116845
CATTCA,0.1314014663666978
CATTCT,0.04329680575332426
CATTCC,-0.03225204383718802
CATTCG,0.08751655507564492
CATTGA,-0.194839775151358
CATTGT,-0.21828327443195697
CATTGC,-0.14703047270386843
CATTGG,-0.27546488851318923
CATCAA,-0.3465057656107907
CATCAT,0.03156080491221751
CATCAC,-0.15848908142585647
CATCAG,-0.022691411202070765
CATCTA,-0.38473897759104736
CATCTT,-0.2923010183080755
CATCTC,-0.4729753996348931
CATCTG,-0.2552657430898138
CATCCA,0.41015589562546917
CATCCT,0.31950850406345827
CATCCC,0.03235643393935699
CATCCG,0.35210398231290957
CATCGA,0.34325192360659174
CATCGT,0.06980488939596301
CATCGC,-0.05112346864722098
CATCGG,0.17452911862752504
CATGAA,0.48166903947453504
CATGAT,-0.3364722366212129
CATGAC,0.27443684570176036
CATGAG,0.01634913800152941
CATGTA,-0.17327172127403667
CATGTT,-0.21996389839683
CATGTC,0.07665040977539478
CATGTG,-0.3232904999191487
CATGCA,0.10383960281711972
CATGCT,-0.0779615414697118
CATGCC,0.25598019171252706
CATGCG,-0.036976043299457445
CATGGA,0.4002157522220206
CATGGT,0.23712979328894954
CATGGC,0.40346710544549136
CATGGG,0.1332242201447613
CACAAA,-0.31718442694980875
CACAAT,-0.21919209260228242
CACAAC,0.019418085857101516
CACAAG,0.16583843462062758
CACATA,-0.31034009634436494
CACATT,-0.4078432305131318
CACATC,-0.34350214254947103
CACATG,-0.3376053812183817
CACACA,-0.14525813941706703
CACACT,0.04360363748213193
CACACC,-0.13559448038598523
CACACG,-0.8431731426625492
CACAGA,-0.3208224649540852
CACAGT,-0.0953101798043249
CACAGC,0.02020270731751947
CACAGG,0.4547065936199486
CACTAA,-0.6228779847133892
CACTAT,-0.12361395596717664
CACTAC,0.4517920921817976
CACTAG,-0.5747389495096434
CACTTA,-0.4382549309311553
CACTTT,-0.16472579490357506
CACTTC,-0.011794576492837041
CACTTG,-0.4019032165418037
CACTCA,-0.32208349916911333
CACTCT,-0.027012799246068645
CACTCC,0.06616586079694661
CACTCG,-0.30407588222745735
CACTGA,0.04533024749930413
CACTGT,0.38703140641932643
CACTGC,-0.07774875287437771
CACTGG,0.13332286379465627
CACCAA,-0.5558493051399459
CACCAT,-0.3056700001875512
CACCAC,0.0789484161180492
CACCAG,0.05093532051582031
CACCTA,-0.07157019250125178
CACCTT,0.2587707289573608
CACCTC,0.2520911273490783
CACCTG,0.27477866761587305
CACCCA,-0.09336022793524575
CACCCT,0.10676797542570614
CACCCC,-0.2623642644674911
CACCCG,-0.16894222143491824
CACCGA,-0.07525673735759521
CACCGT,-0.13210493712396412
CACCGC,-0.19885085874516517
CACCGG,0.12730671912589556
CACGAA,-0.12455021005096753
CACGAT,-0.22019183084936456
CACGAC,-0.2039121893863222
CACGAG,-0.30640808022893046
CACGTA,-0.30186670744373734
CACGTT,-0.526945005645874
CACGTC,-0.3548733219921042
CACGTG,-0.9702622547855847
CACGCA,-0.03534671503676763
CACGCT,-0.19965301314559458
CACGCC,-0.040772303844700056
CACGCG,-0.5833765144245663
CACGGA,0.07663322602091589
CACGGT,-0.22078783762175078
CACGGC,0.012619484732457399
CACGGG,-0.3707323011892726
CAGAAA,0.22584991291195278
CAGAAT,-0.2194156812001953
CAGAAC,0.11146740486600579
CAGAAG,-0.042467698429945036
CAGATA,0.09884583463663264
CAGATT,-0.28798323191799335
CAGATC,-0.15364034554723607
CAGATG,-0.2571057072140241
CAGACA,0.1882008751301179
CAGACT,0.21747781377853248
CAGACC,-0.23787324445919533
CAGACG,-0.08372821553071245
CAGAGA,-0.3338871425491081
CAGAGT,-0.4406415669088862
CAGAGC,-0.08696375680818795
CAGAGG,-0.022582589200133136
CAGTAA,-0.3418150810317084
CAGTAT,0.7007711056706046
CAGTAC,0.4716049106127094
CAGTAG,0.3015026280704133
CAGTTA,-0.5158131652770298
CAGTTT,0.058840500022933395
CAGTTC,0.21607638409111726
CAGTTG,0.26305152347663485
CAGTCA,0.03090753746307649
CAGTCT,0.3221682485229502
CAGTCC,0.011173300598125255
CAGTCG,0.0185249628444736
CAGTGA,0.1370689425429669
CAGTGT,0.2988553730499061
CAGTGC,-0.17660725553051598
CAGTGG,0.04180673118279457
CAGCAA,-0.05802384011637738
CAGCAT,-0.02941388520629334
CAGCAC,-0.039220713153281385
CAGCAG,0.36410992242625045
CAGCTA,-0.13049648892936863
CAGCTT,-0.16758242422167147
CAGCTC,-0.25348923884225827
CAGCTG,-0.9404735676628959
CAGCCA,0.27222111310021974
CAGCCT,0.45214212193790054
CAGCCC,-0.002740144810867462
CAGCCG,0.12162971034638975
CAGCGA,0.17977161916068202
CAGCGT,0.12996632646002657
CAGCGC,0.1301397683452889
CAGCGG,0.177720393692682
CAGGAA,0.6536594090528268
CAGGAT,0.420608088210728
CAGGAC,0.47717211872434806
CAGGAG,0.5576321969865908
CAGGTA,0.7033687346314833
CAGGTT,0.4230748752084823
CAGGTC,0.4061695815434281
CAGGTG,0.4649336305093354
CAGGCA,0.5792934230434514
CAGGCT,0.633474849073547
CAGGCC,0.4410184199864812
CAGGCG,0.45912871995156407
CAGGGA,0.2486913500998813
CAGGGT,0.42914759275172343
CAGGGC,0.27522861138049437
CAGGGG,0.04550815428598099
CTAAAA,-0.713766467762681
CTAAAT,-0.6263296416689028
CTAAAC,-0.650799632730853
CTAAAG,-0.6566184928264388
CTAATA,-0.597402123601561
CTAATT,-0.6665464987627663
CTAATC,-0.4918976138804719
CTAATG,-0.40863468286944343
CTAACA,-0.5646451363404246
CTAACT,-0.5747389495096434
CTAACC,-0.40667649529446137
CTAACG,-0.36116484921158437
CTAAGA,-0.8109302162163288
CTAAGT,-1.0095786662977122
CTAAGC,-0.8186299655176318
CTAAGG,-0.8711860755618992
CTATAA,0.5580785086165361
CTATAT,0.3707795501202743
CTATAC,0.19540679634261005
CTATAG,0.44926773076655724
CTATTA,-0.022814677766171288
CTATTT,0.2566662433528532
CTATTC,0.08110916761270538
CTATTG,0.09004628068478393
CTATCA,0.27677134734561787
CTATCT,0.07331253263146796
CTATCC,0.47890216443665273
CTATCG,0.36331948665740094
CTATGA,-0.15879105938376042
CTATGT,-0.2755396856260555
CTATGC,0.09684982598991781
CTATGG,-0.02798317166347035
CTACAA,0.27177550015224616
CTACAT,-0.05781957088882625
CTACAC,0.20604911795490952
CTACAG,0.5711178540221108
CTACTA,0.13858616328614673
CTACTT,-0.1087589896169379
CTACTC,0.0016406894574600179
CTACTG,0.1938159362196897
CTACCA,0.35346981298978397
CTACCT,0.3387737336094922
CTACCC,0.4327829167591213
CTACCG,0.3445309366839334
CTACGA,0.12313268540362406
CTACGT,-0.1163635890021571
CTACGC,0.17581217660843776
CTACGG,-0.07232066157962613
CTAGAA,0.08448293063627109
CTAGAT,-0.6436671232965756
CTAGAC,0.3629054936893685
CTAGAG,-0.31918073951115183
CTAGTA,-0.6061358035703156
CTAGTT,-0.4497098099059217
CTAGTC,-0.2710675395957927
CTAGTG,-0.024194728587056992
CTAGCA,0.0012995453420854258
CTAGCT,-0.581305760818036
CTAGCC,-0.30010459245033816
CTAGCG,-0.5115150412355584
CTAGGA,-0.0967521411212262
CTAGGT,-0.4036616811090136
CTAGGC,-0.12289813632315377
CTAGGG,-0.4045122733528925
CTTAAA,-0.7363848596145914
CTTAAT,-0.907980434740527
CTTAAC,-0.3906898225260101
CTTAAG,-0.7755539555283623
CTTATA,0.3655050233870044
CTTATT,-0.10536051565782628
CTTATC,0.07765093423006607
CTTATG,-0.047300960617964134
CTTACA,-0.005644417619676958
CTTACT,-0.11488027599842202
CTTACC,-0.11071202441583138
CTTACG,-0.7266698725985888
CTTAGA,-0.8574502318512216
CTTAGT,-0.587786664902119
CTTAGC,-0.45448528952990447
CTTAGG,-0.9886113934537812
CTTTAA,-0.7330385095872473
CTTTAT,0.18550844772247363
CTTTAC,-0.09658977050995
CTTTAG,-0.6226333962322872
CTTTTA,-0.3077009393422728
CTTTTT,0.5795200917096726
CTTTTC,0.4197200752436978
CTTTTG,-0.4118772548229982
CTTTCA,0.07924937165414048
CTTTCT,0.004976903269752874
CTTTCC,0.4033122547470634
CTTTCG,0.05170137437689041
CTTTGA,-0.5230581922016251
CTTTGT,-0.029458707151125026
CTTTGC,-0.18943902456281864
CTTTGG,-0.6361166357822514
CTTCAA,-0.2231435513142097
CTTCAT,0.17018180224334403
CTTCAC,0.16994809367686126
CTTCAG,0.04578768312321759
CTTCTA,-0.2534489008095387
CTTCTT,-0.015630627435550038
CTTCTC,-0.23556607131276697
CTTCTG,-0.07268973336827765
CTTCCA,0.07496303847345512
CTTCCT,0.3479118275306074
CTTCCC,0.1745142752474497
CTTCCG,0.08683137518912563
CTTCGA,0.14585187701256333
CTTCGT,0.16146277731370023
CTTCGC,-0.003389311517530326
CTTCGG,-0.1570738038028631
CTTGAA,-0.014079521206186656
CTTGAT,0.007504725654067792
CTTGAC,0.03532747520261449
CTTGAG,-0.2855057930291854
CTTGTA,0.3194307707663613
CTTGTT,0.5739840556060365
CTTGTC,0.44459933851469985
CTTGTG,0.2151113796169455
CTTGCA,-0.07951206292773363
CTTGCT,-0.03869728995368384
CTTGCC,0.27792006644962464
CTTGCG,0.0055918132657779345
CTTGGA,-0.4310606552971281
CTTGGT,-0.2982510238010151
CTTGGC,-0.045120435280469544
CTTGGG,-0.48965062662953196
CTCAAA,-0.906417591024218
CTCAAT,-0.7954260296803635
CTCAAC,-0.2671111088237106
CTCAAG,-0.3511160435811359
CTCATA,-0.7316808445621883
CTCATT,-0.5484942645915613
CTCATC,-0.059152951204978724
CTCATG,-0.2076393647782445
CTCACA,-0.7367479194871518
CTCACT,-0.42515306308038375
CTCACC,-0.21770506068327122
CTCACG,-0.6343066805370119
CTCAGA,-0.7090908309570814
CTCAGT,-0.38928553923189496
CTCAGC,-0.4421184257561998
CTCAGG,-0.23741621060092843
CTCTAA,-0.5448735061982194
CTCTAT,0.36054342071665263
CTCTAC,0.22463275486567763
CTCTAG,-0.16200155430299717
CTCTTA,-0.5690945318899665
CTCTTT,-0.09531017980432477
CTCTTC,0.24387944979338794
CTCTTG,-0.18307884573586342
CTCTCA,-0.6976823357253366
CTCTCT,-0.22813109282524877
CTCTCC,0.28523608672352063
CTCTCG,-0.1990519850531642
CTCTGA,-0.618782765271083
CTCTGT,-0.16833531481921477
CTCTGC,-0.16562308098949508
CTCTGG,-0.14329835499821847
CTCCAA,-0.5580446957033816
CTCCAT,0.17403384727946106
CTCCAC,0.05602783146966251
CTCCAG,0.5713390418013825
CTCCTA,-0.166020255382642
CTCCTT,0.2921793495466765
CTCCTC,0.25542121023355946
CTCCTG,0.6077811473360126
CTCCCA,-0.2926696139628201
CTCCCT,0.17574131241962576
CTCCCC,-0.0019524900442917782
CTCCCG,0.08725254424028608
CTCCGA,-0.4371263900146292
CTCCGT,0.133687532838752
CTCCGC,-0.19506058257138445
CTCCGG,0.16694045475565233
CTCGAA,-0.02141846283255947
CTCGAT,0.05129329438755048
CTCGAC,0.1209858335609072
CTCGAG,-0.8608034934858174
CTCGTA,-0.22864562846819325
CTCGTT,-0.030040680198069065
CTCGTC,0.13521347880750756
CTCGTG,-0.4680279947539457
CTCGCA,-0.49929082151752435
CTCGCT,-0.045823818583015194
CTCGCC,0.08116075669990541
CTCGCG,-0.23792268874079753
CTCGGA,-0.5717202187795836
CTCGGT,-0.28589476187768514
CTCGGC,-0.048158412300546356
CTCGGG,-0.49924365949237814
CTGAAA,0.28267669911271154
CTGAAT,0.009132483563272693
CTGAAC,0.19725772286591117
CTGAAG,-0.023802061280290467
CTGATA,0.35090014444484846
CTGATT,-0.11879262685773577
CTGATC,0.2223215208527948
CTGATG,-0.04925237818274543
CTGACA,0.13088394292405436
CTGACT,-0.21013624497683178
CTGACC,-0.0014482261763647637
CTGACG,-0.1720121871350934
CTGAGA,-0.4681637023237283
CTGAGT,-0.2611024346470689
CTGAGC,-0.2387950726080109
CTGAGG,-0.6061358035703156
CTGTAA,0.28125118212149064
CTGTAT,0.5765344200517522
CTGTAC,0.32850406697203616
CTGTAG,0.4897318407061911
CTGTTA,0.07439829005385933
CTGTTT,0.36277252380685093
CTGTTC,0.4884332864533692
CTGTTG,0.17435338714477774
CTGTCA,0.6464556530474346
CTGTCT,0.17689939014025352
CTGTCC,0.40109323538677427
CTGTCG,0.4855570295911055
CTGTGA,-0.03822121282019774
CTGTGT,-0.10016848895540117
CTGTGC,0.0973517360470203
CTGTGG,0.21473307280561327
CTGCAA,0.1897962312106603
CTGCAT,0.1406998821031351
CTGCAC,-0.03722934176835604
CTGCAG,-0.2893336004902539
CTGCTA,0.01748531434101955
CTGCTT,0.008547060578458348
CTGCTC,0.02387243620648178
CTGCTG,0.42009997921207887
CTGCCA,0.21755382183542302
CTGCCT,0.14895095173268794
CTGCCC,-0.0053727463023904454
CTGCCG,0.385147621385835
CTGCGA,0.057209125064889045
CTGCGT,-0.07088408612785335
CTGCGC,0.1816726801388573
CTGCGG,0.2634016687447265
CTGGAA,0.6710162635041745
CTGGAT,0.23098672877523563
CTGGAC,0.17903582149868721
CTGGAG,0.42630577398001623
CTGGTA,0.2662908824704633
CTGGTT,0.004395611473038129
CTGGTC,0.329425301491357
CTGGTG,0.26989253088828274
CTGGCA,0.40891934297625193
CTGGCT,0.34277778918448965
CTGGCC,0.39749693845898737
CTGGCG,0.6283206824585409
CTGGGA,-0.18293865030320086
CTGGGT,0.14255154398390646
CTGGGC,-0.12516314295400605
CTGGGG,-0.3732442290970012
CCAAAA,-0.8034952377288106
CCAAAT,-0.9039569176185466
CCAAAC,-1.0340053891244125
CCAAAG,-0.7547942973529902
CCAATA,-0.2518193512908761
CCAATT,-0.9990826933210766
CCAATC,-0.5992942717535988
CCAATG,-0.579818495252942
CCAACA,-0.38120311439865967
CCAACT,-0.3346622813759735
CCAACC,-0.14861049945164287
CCAACG,-0.22865320712517942
CCAAGA,-0.5024389049988894
CCAAGT,-0.6346918143757796
CCAAGC,-0.5339946279087642
CCAAGG,0.15570227051867716
CCATAA,-0.22140290683642563
CCATAT,-0.11086259281180957
CCATAC,0.08763853285841437
CCATAG,-0.07545841125159326
CCATTA,-0.17626460308576472
CCATTT,-0.38539321379364405
CCATTC,0.07586319839021198
CCATTG,-0.3428169882545474
CCATCA,0.13036181786324344
CCATCT,-0.2315926058007373
CCATCC,0.31548990018310313
CCATCG,0.19041174827598167
CCATGA,0.22488117121275064
CCATGT,-0.036121308413994295
CCATGC,0.19541900329935488
CCATGG,0.41551544396166595
CCACAA,-0.03432474254107461
CCACAT,-0.5674666624111614
CCACAC,-0.222358929853792
CCACAG,0.15972172487671368
CCACTA,-0.33477010855068245
CCACTT,-0.31237468504215243
CCACTC,-0.019934214900817253
CCACTG,0.1061488483750427
CCACCA,-0.020869151860679943
CCACCT,0.2187671767144108
CCACCC,0.008464844695947897
CCACCG,-0.02373052741536177
CCACGA,-0.17272148306493532
CCACGT,-0.3874747910735856
CCACGC,-0.13793601368769448
CCACGG,-0.03495501503357662
CCAGAA,0.023588927396479713
CCAGAT,-0.23258339157484292
CCAGAC,0.025483247640552847
CCAGAG,-0.21295093759179076
CCAGTA,0.38361259967054084
CCAGTT,0.018018505502678212
CCAGTC,0.07688104433595759
CCAGTG,0.01680711831638119
CCAGCA,0.22597775255008487
CCAGCT,-0.219709088865575
CCAGCC,0.3393958963303803
CCAGCG,0.233323119527674
CCAGGA,0.6146391646403866
CCAGGT,0.5232790848372773
CCAGGC,0.6994794796729186
CCAGGG,0.3418953659445967
CCTAAA,-0.845968072957202
CCTAAT,-1.2953792706497875
CCTAAC,-0.6689941950719487
CCTAAG,-1.1939224684724346
CCTATA,0.2943710606025774
CCTATT,-0.11332868530700324
CCTATC,0.2045128754510795
CCTATG,0.20182078184538865
CCTACA,0.3413031638908785
CCTACT,-0.08388148398070212
CCTACC,0.5843443207111463
CCTACG,0.15665381004537696
CCTAGA,-0.24455208870339137
CCTAGT,-0.6437318209965949
CCTAGC,-0.44531101665536404
CCTAGG,-0.20840126957700628
CCTTAA,-0.7388932023481493
CCTTAT,-0.13911280246271784
CCTTAC,-0.09411329157047876
CCTTAG,-0.4970469214098265
CCTTTA,-0.137201121513485
CCTTTT,0.2784936463973746
CCTTTC,0.32158362412746216
CCTTTG,-0.19094229983786173
CCTTCA,0.050627293696932474
CCTTCT,-0.08829260714567819
CCTTCC,0.2959299373724921
CCTTCG,0.06829963055797486
CCTTGA,-0.05587234674572333
CCTTGT,0.6235453574658275
CCTTGC,0.312168216682695
CCTTGG,0.03834490630789347
CCTCAA,-0.5468360612890237
CCTCAT,-0.2814124594381856
CCTCAC,-0.5055846410505335
CCTCAG,-0.5620971787868081
CCTCTA,-0.1823215567939546
CCTCTT,0.19964465197653594
CCTCTC,0.10977066613537904
CCTCTG,-0.1179384237384303
CCTCCA,0.1489055598741106
CCTCCT,0.22040607355762074
CCTCCC,0.023567469403913032
CCTCCG,-0.10545666488149533
CCTCGA,0.1218750619262543
CCTCGT,0.15177255742229076
CCTCGC,0.09955498411250577
CCTCGG,-0.08889990144340583
CCTGAA,0.3482656442076611
CCTGAT,0.3640279182439911
CCTGAC,0.18625566563001988
CCTGAG,-0.15674471500430504
CCTGTA,0.5457942216037374
CCTGTT,0.5005210829371763
CCTGTC,0.7973783906206201
CCTGTG,0.41279527907459884
CCTGCA,0.2634759933201815
CCTGCT,0.46611229335604676
CCTGCC,0.5370566359148604
CCTGCG,0.36132206238028614
CCTGGA,0.6731111537995248
CCTGGT,0.47537887477024304
CCTGGC,0.7158072637627223
CCTGGG,0.15130919222431014
CCCAAA,-1.232013464481458
CCCAAT,-1.4252684955516661
CCCAAC,-0.6304760735971695
CCCAAG,-0.5181670306243584
CCCATA,-0.2869775990165171
CCCATT,-0.6472837637667641
CCCATC,0.02139849460989539
CCCATG,0.05867759377511863
CCCACA,-0.15131132005139442
CCCACT,-0.1971680649109491
CCCACC,-0.14336281805600393
CCCACG,-0.36865552094074194
CCCAGA,-0.5840038989755584
CCCAGT,-0.40705115126379926
CCCAGC,-0.25270235355575404
CCCAGG,0.15815643992991182
CCCTAA,-1.042089602758027
CCCTAT,0.18632957819149354
CCCTAC,0.6963268334773249
CCCTAG,-0.5172565140962812
CCCTTA,-0.6553736955287356
CCCTTT,-0.0228146777661714
CCCTTC,0.017895013985702535
CCCTTG,-0.008742163495865915
CCCTCA,-0.6322898188957358
CCCTCT,0.05186554046897477
CCCTCC,-0.050858417233491084
CCCTCG,-0.10427366326685127
CCCTGA,0.018237587549780793
CCCTGT,0.4532377488930295
CCCTGC,0.2535629041355853
CCCTGG,0.40055696003133
CCCCAA,-0.9102726595485919
CCCCAT,-0.29276780238648376
CCCCAC,-0.36573490188945107
CCCCAG,-0.3575331614233187
CCCCTA,-0.48782336254834496
CCCCTT,-0.1627130854055783
CCCCTC,-0.16769490493501552
CCCCTG,0.05425450472433
CCCCCA,-0.6560206585989291
CCCCCT,-0.40925756223129706
CCCCCC,-1.3294086019644753
CCCCCG,-0.7462270724757024
CCCCGA,-0.5584409297622985
CCCCGT,-0.2729426423781669
CCCCGC,-0.20925921252576296
CCCCGG,-0.1306773236416161
CCCGAA,-0.4769240720903093
CCCGAT,-0.2395526846859258
CCCGAC,-0.061868577756224015
CCCGAG,-0.4228568508200336
CCCGTA,-0.13436437892841444
CCCGTT,-0.14084290670050054
CCCGTC,0.04630146028488077
CCCGTG,-0.30619103850674023
CCCGCA,-0.09430515459410078
CCCGCT,0.003965636393346885
CCCGCC,0.15822057527737035
CCCGCG,-0.4792923785056572
CCCGGA,0.023842188962759657
CCCGGT,0.08239739414937748
CCCGGC,0.3374946569249863
CCCGGG,-0.4344632860527597
CCGAAA,-0.2167160124655255
CCGAAT,-0.5926910396172089
CCGAAC,-0.09268796440405994
CCGAAG,-0.002171553513507907
CCGATA,0.45206493538761855
CCGATT,-0.39318342326229416
CCGATC,-0.0821328295385222
CCGATG,0.08755310977384154
CCGACA,0.35723096285769984
CCGACT,-0.3341654305232979
CCGACC,0.05771713159726327
CCGACG,0.0881212282387379
CCGAGA,-0.33602848245373584
CCGAGT,-0.6919700173869304
CCGAGC,-0.21590025649446107
CCGAGG,-0.04923510299768454
CCGTAA,-0.5407191540441332
CCGTAT,-0.04266644631890295
CCGTAC,0.20197284419124323
CCGTAG,0.31573633814203467
CCGTTA,-0.25748382530258257
CCGTTT,-0.02860256270618669
CCGTTC,0.22395556922322135
CCGTTG,0.006786259684359007
CCGTCA,0.13512802552049477
CCGTCT,-0.2012765724876529
CCGTCC,0.19395926087416443
CCGTCG,0.20325864029194138
CCGTGA,-0.10135249426028758
CCGTGT,-0.2993162597331216
CCGTGC,-0.06014697357356654
CCGTGG,-0.09290440478673208
CCGCAA,-0.10318423623523075
CCGCAT,-0.2185559298244976
CCGCAC,-0.12615629031938005
CCGCAG,0.07165892684685066
CCGCTA,-0.05288143659535828
CCGCTT,-0.05763977944641462
CCGCTC,0.11770187011922603
CCGCTG,0.23035338788095946
CCGCCA,0.5584121330566396
CCGCCT,0.13991598267477556
CCGCCC,0.08427731520729932
CCGCCG,0.34823607529286776
CCGCGA,-0.12378042668432149
CCGCGT,-0.3617007549050104
CCGCGC,-0.17385326210309546
CCGCGG,-0.4662690301086674
CCGGAA,0.1919763699590738
CCGGAT,0.14668173982547567
CCGGAC,0.1912751700504988
CCGGAG,0.16700793898124022
CCGGTA,0.4277453784998299
CCGGTT,0.27115277050057046
CCGGTC,0.153509859555409
CCGGTG,0.04380262265839284
CCGGCA,0.5320128569854345
CCGGCT,0.2000274972607223
CCGGCC,0.31322892618667014
CCGGCG,0.42179889844675905
CCGGGA,0.13952267629124374
CCGGGT,-0.03779797151525863
CCGGGC,0.06621122852507462
CCGGGG,-0.11212040293456466
CGAAAA,0.29360234048365746
CGAAAT,-0.12087589094238597
CGAAAC,0.09724254755537871
CGAAAG,0.07093575144530606
CGAATA,0.5721205481577196
CGAATT,-0.3805416996557074
CGAATC,-0.24580615196009067
CGAATG,-0.07271034788708394
CGAACA,0.009360442759563672
CGAACT,0.015725842305464095
CGAACC,0.08139338468540651
CGAACG,0.10738891391921908
CGAAGA,0.11953796831545223
CGAAGT,-0.13751053429470128
CGAAGC,0.09684982598991781
CGAAGG,0.027264883561806112
CGATAA,0.43663555317619784
CGATAT,0.49182267664037527
CGATAC,0.5212969236332861
CGATAG,0.25142432442915674
CGATTA,-0.21491703504340612
CGATTT,-0.2940447662396096
CGATTC,-0.0966936248024711
CGATTG,-0.12460804996167887
CGATCA,0.04005541725005958
CGATCT,-0.19260442374953868
CGATCC,-0.05176193455858957
CGATCG,-0.35531888471898077
CGATGA,0.27365934145111154
CGATGT,-0.06643066928960903
CGATGC,0.016873070501071254
CGATGG,0.2862545204605954
CGACAA,0.35357416626048416
CGACAT,0.2983545323425527
CGACAC,0.08989802271564643
CGACAG,0.5518871105637646
CGACTA,0.06421337075265471
CGACTT,-0.17670356448973135
CGACTC,-0.30143597328872795
CGACTG,-0.07787350942599115
CGACCA,0.1729214322820395
CGACCT,0.320111086679815
CGACCC,-0.19108805000613724
CGACCG,0.08288134490038078
CGACGA,0.4551288932098805
CGACGT,-0.3352183179616192
CGACGC,-0.07908310679383562
CGACGG,0.13059021403370635
CGAGAA,-0.07168505487164524
CGAGAT,-0.3284292978217525
CGAGAC,-0.20792905791247399
CGAGAG,-0.18531109564232065
CGAGTA,-0.39429180751003917
CGAGTT,-0.4654199695780775
CGAGTC,-0.4622301309123552
CGAGTG,-0.3960879462955673
CGAGCA,-0.20901276677954644
CGAGCT,-0.7478720802491918
CGAGCC,-0.18753184025936157
CGAGCG,-0.0658397574955429
CGAGGA,0.2968656961851569
CGAGGT,0.014571052858256503
CGAGGC,0.0180727810596946
CGAGGG,-0.14568742361417433
CGTAAA,-0.5653138090500603
CGTAAT,-0.3515554788325414
CGTAAC,-0.2257208723285103
CGTAAG,-0.5260930958967791
CGTATA,0.24893630587593868
CGTATT,-0.294799540220645
CGTATC,-0.06089818220659671
CGTATG,-0.1904848674331155
CGTACA,0.24565532448642652
CGTACT,0.007168489478612497
CGTACC,0.10743951848565934
CGTACG,-0.24976283758948734
CGTAGA,0.13720112151348496
CGTAGT,-0.26602057567060144
CGTAGC,-0.00978800636616282
CGTAGG,0.2904255583975317
CGTTAA,-0.6397033477091664
CGTTAT,1.0081494280981098
CGTTAC,0.18962085927556613
CGTTAG,-0.9921288082656595
CGTTTA,-0.8073060859229376
CGTTTT,0.2059757476918444
CGTTTC,0.2917234425071585
CGTTTG,-0.4382549309311551
CGTTCA,0.11072965607288451
CGTTCT,0.012486390651382458
CGTTCC,0.20773992287577014
CGTTCG,0.10500896002052648
CGTTGA,-0.32366067348701266
CGTTGT,0.2657031657330057
CGTTGC,0.1279998855390766
CGTTGG,-0.3520543563684555
CGTCAA,-0.20453673049551827
CGTCAT,0.32950858739804145
CGTCAC,-0.1327246156545825
CGTCAG,0.08039207009068504
CGTCTA,-0.18960491018506287
CGTCTT,-0.21118038525593458
CGTCTC,-0.18887895734011367
CGTCTG,-0.13248918304607887
CGTCCA,-0.08273139759746476
CGTCCT,0.1515693441111198
CGTCCC,-0.03532747520261435
CGTCCG,0.04740755876509813
CGTCGA,0.3901622358676319
CGTCGT,0.2513821353800213
CGTCGC,0.10236201266156968
CGTCGG,0.013581549184723825
CGTGAA,-0.16712039546190402
CGTGAT,-0.4456011531331338
CGTGAC,0.06870719800979082
CGTGAG,-0.7275486072772778
CGTGTA,-0.5083224935478722
CGTGTT,-0.3778574527840672
CGTGTC,-0.38792079845725486
CGTGTG,-0.5895487798955183
CGTGCA,-0.22719331097112996
CGTGCT,-0.35386397933308217
CGTGCC,0.0034904049397685676
CGTGCG,-0.4101737689563021
CGTGGA,-0.18359301278215132
CGTGGT,-0.14467193587271449
CGTGGC,-0.0044881829181521215
CGTGGG,-0.4543563691790626
CGCAAA,-0.560812676169269
CGCAAT,-0.45198512374305727
CGCAAC,0.08138034821849734
CGCAAG,0.08230864746272365
CGCATA,0.028220567642251247
CGCATT,-0.31023825816514355
CGCATC,-0.17402574726979889
CGCATG,-0.06293092122978712
CGCACA,-0.13898984093415098
CGCACT,-0.273375676800543
CGCACC,-0.18868810853949625
CGCACG,-0.20836826573205536
CGCAGA,-0.16116122431347576
CGCAGT,0.10712574118239536
CGCAGC,-0.012027831374561745
CGCAGG,0.35322468174657984
CGCTAA,-0.7714514052425412
CGCTAT,0.40095914618745837
CGCTAC,0.3526701328192198
CGCTAG,-0.2794708826213861
CGCTTA,-0.7034117791718282
CGCTTT,-0.05797055651439344
CGCTTC,-0.008941937375661282
CGCTTG,-0.007689656905418587
CGCTCA,-0.2584229412134868
CGCTCT,-0.1048578767932604
CGCTCC,0.14123236752942012
CGCTCG,-0.0957450569583844
CGCTGA,-0.1887465444766124
CGCTGT,0.2665123909440682
CGCTGC,0.2009739686486274
CGCTGG,0.31739450968298183
CGCCAA,-0.16849007764549292
CGCCAT,0.38660915175677685
CGCCAC,0.19214292870827598
CGCCAG,0.6030218943468125
CGCCTA,-0.21883676976905203
CGCCTT,0.0063694482854799285
CGCCTC,-0.10141744197739816
CGCCTG,0.5310050343648519
CGCCCA,-0.12771742275910283
CGCCCT,0.34032580593720296
CGCCCC,-0.12340151809529813
CGCCCG,-0.06146460506615994
CGCCGA,0.2753091347226144
CGCCGT,0.1475285107256214
CGCCGC,0.2184916896072844
CGCCGG,0.41529137106234537
CGCGAA,-0.3447435823718902
CGCGAT,-0.27836460581393224
CGCGAC,-0.12717880376514823
CGCGAG,-0.33734029223127665
CGCGTA,-0.5312744546387766
CGCGTT,-0.45598089824506616
CGCGTC,-0.36860351480400616
CGCGTG,-0.734901255895308
CGCGCA,-0.27293823590964716
CGCGCT,-0.3203396813524532
CGCGCC,-0.06672969327958227
CGCGCG,-0.7078338109942851
CGCGGA,-0.2932372659263254
CGCGGT,-0.3426064070760413
CGCGGC,-0.06765864847381481
CGCGGG,-0.32896469385147736
CGGAAA,0.44223143662599246
CGGAAT,-0.20352376444455758
CGGAAC,0.1445812288111075
CGGAAG,0.10283024139985864
CGGATA,1.086422733143524
CGGATT,-0.1429146065603324
CGGATC,-0.2387080678553214
CGGATG,0.2895356411011038
CGGACA,0.35025531290439826
CGGACT,-0.1746631983032738
CGGACC,-0.09862253791730763
CGGACG,0.04320578587553136
CGGAGA,0.016568426347232705
CGGAGT,0.09777034639115081
CGGAGC,-0.08234991545321271
CGGAGG,-0.11243542932978809
CGGTAA,-0.01025650016718911
CGGTAT,0.28647068526548397
CGGTAC,0.42912408242481137
CGGTAG,0.4284260919989239
CGGTTA,0.4929398234589155
CGGTTT,0.2030102908525119
CGGTTC,0.1349923132641975
CGGTTG,0.05877131741541334
CGGTCA,0.18627022924937098
CGGTCT,-0.21424915131939404
CGGTCC,-0.33931113135963786
CGGTCG,0.13530026101026782
CGGTGA,-0.09346572800567711
CGGTGT,-0.03278982282299084
CGGTGC,-0.10502712675658861
CGGTGG,-0.11604060709070092
CGGCAA,0.3760992133038
CGGCAT,0.3369192638973206
CGGCAC,0.12669131187176236
CGGCAG,0.45889943193821087
CGGCTA,0.14575688769878958
CGGCTT,0.08919985366975919
CGGCTC,-0.1617807052700807
CGGCTG,0.08514579640043853
CGGCCA,0.18625083493384426
CGGCCT,0.25631941355310917
CGGCCC,-0.18217712117588006
CGGCCG,-0.017812175764099776
CGGCGA,0.351578612451718
CGGCGT,0.16971838464062916
CGGCGC,0.20969020334711225
CGGCGG,0.38971542474022575
CGGGAA,0.2574400217075888
CGGGAT,-0.04067912717234443
CGGGAC,-0.05023212548633336
CGGGAG,-0.01143595690675865
CGGGTA,0.3467156040359739
CGGGTT,0.014202950177993535
CGGGTC,-0.1556533097117934
CGGGTG,-0.12489327383888818
CGGGCA,-0.04550068751903326
CGGGCT,-0.06149184934455348
CGGGCC,-0.14890132394111455
CGGGCG,-0.08347424769971962
CGGGGA,-0.26757562542215413
CGGGGT,-0.10064352577968741
CGGGGC,-0.07235835262612239
CGGGGG,-0.6480696283053087
GAAAAA,0.8399492842092221
GAAAAT,0.1918108828150702
GAAAAC,0.5455842571311649
GAAAAG,0.3395488600018066
GAAATA,0.46227239834899986
GAAATT,-0.3036410050733979
GAAATC,0.11995931507897897
GAAATG,0.11000089521432849
GAAACA,0.3566749439387324
GAAACT,-0.08334422506271259
GAAACC,0.31905133611942615
GAAACG,0.4403899768821358
GAAAGA,0.1580499811991409
GAAAGT,0.10942391011508287
GAAAGC,0.30722666852475117
GAAAGG,0.29368009110033444
GAATAA,0.644078581194506
GAATAT,0.3475977257876156
GAATAC,0.046117682094965536
GAATAG,0.01342302033214077
GAATTA,-0.3135354512781148
GAATTT,-0.3320376395533472
GAATTC,-0.09048216801205425
GAATTG,-0.29767866854357017
GAATCA,-0.2060917761278666
GAATCT,-0.2854323527177655
GAATCC,-0.04622671749523348
GAATCG,-0.019082814416440597
GAATGA,0.2580598164204376
GAATGT,-0.08863607271663158
GAATGC,0.07969873014334307
GAATGG,0.06818151241607226
GAACAA,0.24641845766869924
GAACAT,-0.13367673089961316
GAACAC,0.05818195538273589
GAACAG,0.35746018151343456
GAACTA,-0.4940185054496094
GAACTT,0.004514680354526613
GAACTC,0.03866914115915412
GAACTG,0.27356003722822586
GAACCA,0.13626487952018318
GAACCT,0.15159838415111399
GAACCC,0.029826381897436676
GAACCG,0.04391613003649451
GAACGA,0.29336621280677083
GAACGT,-0.3864826571958744
GAACGC,0.010842885924707925
GAACGG,0.26060111384911017
GAAGAA,0.35726059549280703
GAAGAT,-0.11932200485097105
GAAGAC,0.22387481277275612
GAAGAG,0.15860503017663857
GAAGTA,0.08058048665933938
GAAGTT,-0.1448913544144616
GAAGTC,0.11150965109817629
GAAGTG,0.024625047305389194
GAAGCA,-0.16689708646832285
GAAGCT,-0.24083233213400862
GAAGCC,0.0793138067197255
GAAGCG,0.10773369980338206
GAAGGA,0.27193371548364176
GAAGGT,0.21072103131565253
GAAGGC,0.13074781393087628
GAAGGG,-0.06399489513886095
GATAAA,0.26889933305634667
GATAAT,0.36270814474290025
GATAAC,1.2024378846078523
GATAAG,0.13744883020932683
GATATA,0.19513051508653578
GATATT,0.3352608494349159
GATATC,0.5068336024964533
GATATG,-0.06737540247277077
GATACA,0.3566749439387324
GATACT,0.19971329950582384
GATACC,0.4641294432403049
GATACG,0.1477737493400657
GATAGA,0.23211222129697034
GATAGT,0.4032935545946566
GATAGC,0.4470590054070014
GATAGG,0.2985673131314517
GATTAA,-0.3883497758888962
GATTAT,0.2534907077035015
GATTAC,-0.38441169891033206
GATTAG,-0.8794928876536254
GATTTA,-0.4310606552971281
GATTTT,0.044617065488806694
GATTTC,0.1014201784459033
GATTTG,-0.6188492568433007
GATTCA,-0.12708542831869699
GATTCT,-0.05052026840721472
GATTCC,-0.2597968689622453
GATTCG,-0.23275241042084654
GATTGA,-0.08275396102891237
GATTGT,0.07394431942444733
GATTGC,-0.2004360638327313
GATTGG,-0.26175838744198937
GATCAA,-0.18635870398092577
GATCAT,-0.08745930532858609
GATCAC,-0.054558984250434366
GATCAG,0.02852808361453803
GATCTA,-0.6403046991855653
GATCTT,-0.46833557214503846
GATCTC,-0.4251286630169426
GATCTG,-0.3498280278027686
GATCCA,-0.31097998467660287
GATCCT,-0.12126640153994854
GATCCC,-0.7112852579952478
GATCCG,-0.31935739100230903
GATCGA,0.07571182173569638
GATCGT,0.009569451016150672
GATCGC,-0.16118337668944657
GATCGG,-0.12581363409773963
GATGAA,0.4179796374155904
GATGAT,-0.02105340919783238
GATGAC,0.35762777869400414
GATGAG,-0.1059966769007104
GATGTA,-0.04348511193973878
GATGTT,0.169463401850586
GATGTC,0.019378474837310696
GATGTG,-0.147269918735036
GATGCA,-0.12956520435464366
GATGCT,-0.10996528204457452
GATGCC,0.13930750019510418
GATGCG,-0.18575601924258942
GATGGA,0.43078291609245434
GATGGT,0.0412653552014258
GATGGC,0.15585667967235864
GATGGG,-0.1298788970429484
GACAAA,0.021605778714582056
GACAAT,0.12151595588011155
GACAAC,0.40458829963462994
GACAAG,0.3048834348103275
GACATA,-0.0126851595273158
GACATT,-0.2549607404339263
GACATC,0.06002697435630521
GACATG,0.3248216194012377
GACACA,-0.0916671885258238
GACACT,-0.015592094759836162
GACACC,0.1061432945627671
GACACG,-0.1595226418291486
GACAGA,0.3616824656693548
GACAGT,0.4029929189627753
GACAGC,0.3957128166654861
GACAGG,0.6853207443104814
GACTAA,-0.45107561936021656
GACTAT,0.027292142288007554
GACTAC,0.3350843113463649
GACTAG,0.005371543801910849
GACTTA,-0.30010459245033816
GACTTT,-0.22533894187764536
GACTTC,0.08247622182423861
GACTTG,-0.09170332287333181
GACTCA,-0.5237418490325371
GACTCT,-0.21725960815523512
GACTCC,0.1571280808628985
GACTCG,-0.4655690321778698
GACTGA,-0.1740570469440613
GACTGT,0.18574203410878645
GACTGC,0.010309369658861287
GACTGG,0.2657031657330057
GACCAA,-0.3357431078976968
GACCAT,0.07637297878457396
GACCAC,-0.25494032539620864
GACCAG,0.3245043374828385
GACCTA,-0.6448568914321644
GACCTT,-0.03871451218069039
GACCTC,0.0607362351878327
GACCTG,0.4396028709577326
GACCCA,-0.4656625371570781
GACCCT,-0.3307159047686364
GACCCC,-0.7096764825111559
GACCCG,-0.2737699567140566
GACCGA,-0.02152825326364944
GACCGT,0.0552394878493392
GACCGC,-0.1834394998952959
GACCGG,0.27164424784665636
GACGAA,0.5125877387593899
GACGAT,0.2641233865734872
GACGAC,0.276021921934381
GACGAG,0.09854617923809607
GACGTA,-0.12405264866997888
GACGTT,-0.2781540662001263
GACGTC,-0.2375224365010271
GACGTG,-0.27224088796340296
GACGCA,-0.0034593560567495094
GACGCT,0.1043028740996909
GACGCC,0.10755771511359588
GACGCG,-0.4433484260104657
GACGGA,0.08726749173043308
GACGGT,0.07706700701521436
GACGGC,0.182223281524847
GACGGG,-0.030058391874745276
GAGAAA,0.23747848048520184
GAGAAT,-0.11367536584436352
GAGAAC,0.18439266557709091
GAGAAG,-0.10429611960203958
GAGATA,0.18601257073916358
GAGATT,-0.34409616173187224
GAGATC,-0.3640702118248892
GAGATG,-0.15276275455241028
GAGACA,-0.08279196144692155
GAGACT,-0.30904319945114905
GAGACC,-0.33840087752761844
GAGACG,-0.1497892431231584
GAGAGA,0.07137666284222759
GAGAGT,-0.20128475750171065
GAGAGC,-0.3569507679647536
GAGAGG,0.12255927523582255
GAGTAA,-0.24472712298138433
GAGTAT,0.24207156119972859
GAGTAC,-0.12516314295400605
GAGTAG,-0.03278982282299084
GAGTTA,-0.22963407015887347
GAGTTT,-0.2930249168622763
GAGTTC,0.0736621406706351
GAGTTG,-0.38662202030668447
GAGTCA,-0.03860677677873316
GAGTCT,-0.05321006086758325
GAGTCC,-0.05614068172877353
GAGTCG,-0.16786883162747435
GAGTGA,-0.07232066157962613
GAGTGT,0.031844995680921626
GAGTGC,-0.2569987251028593
GAGTGG,-0.16371290668872535
GAGCAA,-0.27867213898101206
GAGCAT,-0.1498557555443775
GAGCAC,-0.5866163897539287
GAGCAG,0.12432613424531944
GAGCTA,-0.5571282244636209
GAGCTT,-0.4599532933922342
GAGCTC,-1.6638289679040974
GAGCTG,-0.3688230778743799
GAGCCA,-0.19087076652118892
GAGCCT,0.1058847620656391
GAGCCC,-0.30365384196147954
GAGCCG,-0.13434467129121183
GAGCGA,-0.00620477688688287
GAGCGT,-0.17471695740873536
GAGCGC,-0.1618080169608516
GAGCGG,0.051930683662746696
GAGGAA,0.4671092712193711
GAGGAT,-0.06034667675511893
GAGGAC,-0.1297278721061206
GAGGAG,0.2097205309820691
GAGGTA,0.26905325261828766
GAGGTT,0.13185213110480254
GAGGTC,-0.10056643369315191
GAGGTG,0.0007754944165303511
GAGGCA,-0.15279727072200644
GAGGCT,-0.0506716322691375
GAGGCC,-0.21609366958701065
GAGGCG,-0.06952606264861022
GAGGGA,0.01809756001080278
GAGGGT,-0.0685856639072638
GAGGGC,-0.2654863400599967
GAGGGG,-0.3126080572719164
GTAAAA,0.1426782786650215
GTAAAT,-0.3239720738569815
GTAAAC,-0.46854908353474134
GTAAAG,-0.03138631382067072
GTAATA,0.20585205420414882
GTAATT,-0.390722826370961
GTAATC,-0.26549906327286255
GTAATG,-0.2204733227583309
GTAACA,0.33511722286375323
GTAACT,-0.04401688541677421
GTAACC,-0.028381292538225026
GTAACG,0.20124956667947344
GTAAGA,-0.6864581924091488
GTAAGT,-0.09038406146826906
GTAAGC,-0.37776250555882857
GTAAGG,-0.15166311635545662
GTATAA,0.26469255422708216
GTATAT,0.49429632181478017
GTATAC,0.7472144018302211
GTATAG,0.23850483647569695
GTATTA,-0.3162695293036934
GTATTT,0.20763936477824455
GTATTC,0.34597965482198445
GTATTG,0.05469465821104073
GTATCA,-0.1465024589890015
GTATCT,0.08121005542554327
GTATCC,0.4465519682106857
GTATCG,0.32158362412746216
GTATGA,-0.16632121544751347
GTATGT,0.13562417329765333
GTATGC,-0.18366474034042224
GTATGG,0.15934432365700227
GTACAA,0.25886163391628897
GTACAT,0.11138463026120725
GTACAC,-0.020248160829947424
GTACAG,0.532148393234812
GTACTA,0.14585187701256333
GTACTT,0.05358424613410626
GTACTC,0.225161715470447
GTACTG,0.04122271582395431
GTACCA,0.17832953552441702
GTACCT,0.37362450225250576
GTACCC,-0.10343558724824191
GTACCG,0.34140747180794395
GTACGA,-0.006329135051647512
GTACGT,-0.10558776256256511
GTACGC,-0.039791761041645925
GTACGG,0.16034265007517948
GTAGAA,0.3702115296562657
GTAGAT,0.00217627942259567
GTAGAC,0.49408883141046683
GTAGAG,0.29673190797169885
GTAGTA,-0.1454169998585037
GTAGTT,0.15219181534192533
GTAGTC,0.4328640822962789
GTAGTG,0.1569848810631335
GTAGCA,-0.11514301903724318
GTAGCT,-0.5306282510621704
GTAGCC,0.25489224962879004
GTAGCG,0.4283046000779872
GTAGGA,0.2931873950471363
GTAGGT,-0.061135999991731374
GTAGGC,-0.08872811560868431
GTAGGG,0.6909517899965096
GTTAAA,-0.5758104738554033
GTTAAT,-0.7368222440626069
GTTAAC,-0.2788193851939357
GTTAAG,-0.339269441242274
GTTATA,0.5746475558367101
GTTATT,0.7071989340155956
GTTATC,1.1242913030858013
GTTATG,0.4110989258264204
GTTACA,0.11610175748923912
GTTACT,-0.04995093040539431
GTTACC,0.1445812288111075
GTTACG,-0.14922786836404162
GTTAGA,-0.25293912400790786
GTTAGT,-0.7332416377618234
GTTAGC,-0.7058323400872611
GTTAGG,-0.48141783053017567
GTTTAA,-1.0003946605226635
GTTTAT,-0.137470990628603
GTTTAC,-0.07563741420561995
GTTTAG,-0.8109302162163288
GTTTTA,-0.1279414737747325
GTTTTT,0.5442659740037725
GTTTTC,0.6101502609889774
GTTTTG,-0.23292016549882674
GTTTCA,0.3549018938288466
GTTTCT,0.2584365043553192
GTTTCC,0.33112805168411835
GTTTCG,0.1410022069837522
GTTTGA,-0.4286680051878283
GTTTGT,-0.16309019486606707
GTTTGC,-0.3325583373000766
GTTTGG,-0.7252916338865125
GTTCAA,-0.19671029424605427
GTTCAT,0.25517279388648656
GTTCAC,-0.22114154864353666
GTTCAG,0.15367117849944242
GTTCTA,0.07309965343960491
GTTCTT,0.16166677776320865
GTTCTC,-0.045409879260608375
GTTCTG,0.16251892949777494
GTTCCA,0.3083487092603399
GTTCCT,0.35430994480723443
GTTCCC,-0.10873941612336227
GTTCCG,0.14664217463113016
GTTCGA,0.2665863629641853
GTTCGT,0.2611227993794261
GTTCGC,-0.013937507843781624
GTTCGG,0.05446890836143701
GTTGAA,-0.35801550839517665
GTTGAT,-0.024418527348145886
GTTGAC,-0.047707327030599975
GTTGAG,-0.4727571876629183
GTTGTA,0.6375773294051345
GTTGTT,0.3688365089780078
GTTGTC,0.4637581129080048
GTTGTG,0.03579800587577903
GTTGCA,0.2264603039402036
GTTGCT,-0.062303883336154865
GTTGCC,0.21484474849951474
GTTGCG,0.05316731888187141
GTTGGA,-0.1113819543143569
GTTGGT,0.03978087001184467
GTTGGC,-0.01298071147272111
GTTGGG,-0.6790700666691085
GTCAAA,-0.25649422664769594
GTCAAT,0.07935565852249812
GTCAAC,-0.2250928696702594
GTCAAG,-0.06836374280939017
GTCATA,0.24239548281353118
GTCATT,0.18913039872328508
GTCATC,0.476055424024273
GTCATG,0.3609167318470955
GTCACA,0.16049258635254268
GTCACT,-0.2231435513142097
GTCACC,-0.09024687784777817
GTCACG,-0.1466798654680289
GTCAGA,0.011771136450210908
GTCAGT,0.3379018294308073
GTCAGC,-0.17570499130182543
GTCAGG,0.3414307462956155
GTCTAA,-0.13297568269079968
GTCTAT,0.25225163547228047
GTCTAC,-0.15154989812720093
GTCTAG,0.1885380221367343
GTCTTA,-0.48097266061630956
GTCTTT,0.07206678755836272
GTCTTC,0.01933465170745563
GTCTTG,-0.007380107297622534
GTCTCA,-0.4842459859612787
GTCTCT,-0.23880966805860915
GTCTCC,0.007076259826714094
GTCTCG,-0.3474454914017258
GTCTGA,-0.5792029212107275
GTCTGT,0.28096312220303593
GTCTGC,-0.021066849967719882
GTCTGG,-0.005171788402393956
GTCCAA,-0.6884486597783912
GTCCAT,0.13125837737639837
GTCCAC,-0.5168349289298346
GTCCAG,0.0161887273499181
GTCCTA,-0.034401426717332435
GTCCTT,0.27669965578317207
GTCCTC,-0.11794289498051905
GTCCTG,0.4328199915575315
GTCCCA,-0.41335469538332725
GTCCCT,-0.2076393647782445
GTCCCC,-0.4358326447245606
GTCCCG,-0.009810870564259335
GTCCGA,-0.30748469974796055
GTCCGT,-0.0006894174695677704
GTCCGC,0.03204199645423969
GTCCGG,0.16829575081454104
GTCGAA,0.23434466406903032
GTCGAT,0.4801989661869992
GTCGAC,0.1767754674926116
GTCGAG,0.23112990294685967
GTCGTA,0.20307598826340054
GTCGTT,0.29826418178231784
GTCGTC,0.2625113341052295
GTCGTG,0.040974074210305696
GTCGCA,0.003162891408508217
GTCGCT,0.14113497757998597
GTCGCC,0.2185139134154678
GTCGCG,-0.034772966755045
GTCGGA,-0.07663799154520702
GTCGGT,0.2531594472544753
GTCGGC,0.17458741476110443
GTCGGG,-0.15095833872828515
GTGAAA,0.31805317032807967
GTGAAT,0.12405264866997882
GTGAAC,-0.10170679010101744
GTGAAG,0.20015403308951107
GTGATA,-0.4679854650894983
GTGATT,-0.30861528211824674
GTGATC,-0.2478361639045812
GTGATG,-0.030220542642884523
GTGACA,0.21425460389696385
GTGACT,-0.10660973505825813
GTGACC,-0.21529675360950526
GTGACG,0.17764286379517652
GTGAGA,-0.6151856390902334
GTGAGT,-0.24258960880807334
GTGAGC,-0.3855400243349044
GTGAGG,-0.32740873046786606
GTGTAA,-0.36000273403140703
GTGTAT,-0.2272729446562209
GTGTAC,-0.05715841383994864
GTGTAG,0.3476455372193381
GTGTTA,-0.24946085963158326
GTGTTT,0.20593142243308826
GTGTTC,-0.007341406858367745
GTGTTG,-0.09412884475849365
GTGTCA,-0.36435371986573317
GTGTCT,-0.3722670386985684
GTGTCC,-0.0681035873020674
GTGTCG,0.027320175086383472
GTGTGA,-0.6246793812824845
GTGTGT,-0.16983254522317986
GTGTGC,-0.18813794211539442
GTGTGG,-0.23892202831066403
GTGCAA,-0.14857963477780292
GTGCAT,-0.11296042899645219
GTGCAC,-0.5929017655688894
GTGCAG,-0.048790164169431945
GTGCTA,-0.045610511252052295
GTGCTT,-0.25039762784997
GTGCTC,-0.2341749184042101
GTGCTG,-0.09600923610682281
GTGCCA,-0.129324796096555
GTGCCT,0.045839974806237305
GTGCCC,-0.3389608318499781
GTGCCG,0.20322824161326825
GTGCGA,-0.47393732355676066
GTGCGT,-0.1982754847361963
GTGCGC,-0.27572878645219334
GTGCGG,-0.19109058431754578
GTGGAA,0.11362502550771977
GTGGAT,0.27303164623335885
GTGGAC,-0.21529675360950526
GTGGAG,-0.1578820274401164
GTGGTA,0.07847161544149531
GTGGTT,-0.046280752564006225
GTGGTC,0.0425596144187959
GTGGTG,0.326590190789752
GTGGCA,-0.10088899483136395
GTGGCT,-0.11576079027561557
GTGGCC,-0.19822014286175288
GTGGCG,0.16039503489407075
GTGGGA,-0.3602400101032286
GTGGGT,0.046842908760074894
GTGGGC,-0.3597338445433659
GTGGGG,-0.4396364646530797
GCAAAA,-0.15357038095706396
GCAAAT,-0.32889423474912777
GCAAAC,-0.26087432130633753
GCAAAG,-0.15198383174216804
GCAATA,-0.05870760082677804
GCAATT,-0.48104062772025735
GCAATC,-0.05329129705022363
GCAATG,-0.15181559411941145
GCAACA,0.12650603557280574
GCAACT,-0.10560438835748634
GCAACC,0.0
GCAACG,0.07700359523303024
GCAAGA,-0.09069656147081216
GCAAGT,-0.2988553730499061
GCAAGC,0.1294110736515025
GCAAGG,0.32992150165300943
GCATAA,0.08096906253366709
GCATAT,0.07733320340317051
GCATAC,-0.3376620047568016
GCATAG,0.13243309487546004
GCATTA,-0.3040852630464967
GCATTT,-0.276465555708097
GCATTC,0.0547424232072686
GCATTG,-0.14587105228413358
GCATCA,-0.2971503805529066
GCATCT,-0.4918226766403753
GCATCC,0.19153049587926438
GCATCG,0.008873172680486726
GCATGA,0.16683237975149418
GCATGT,-0.21923347790636666
GCATGC,-0.027445976608747803
GCATGG,0.3478825418093468
GCACAA,0.01101939524961048
GCACAT,-0.4480247225269604
GCACAC,-0.31380837704400105
GCACAG,0.13169515139410784
GCACTA,-0.21784652795633985
GCACTT,-0.13023049610960635
GCACTC,-0.23195953788572607
GCACTG,-0.2777707316641785
GCACCA,-0.13858616328614667
GCACCT,0.07999062569649294
GCACCC,-0.5096273012738819
GCACCG,-0.13135309593207986
GCACGA,-0.1827949295838593
GCACGT,-0.5630940523117476
GCACGC,-0.14390052381123775
GCACGG,0.0006898930939376467
GCAGAA,-0.015873349156290233
GCAGAT,-0.03636764417087483
GCAGAC,0.00645352782477357
GCAGAG,-0.06648974126883286
GCAGTA,0.27134565313208747
GCAGTT,0.14984759706949954
GCAGTC,0.13291046742605703
GCAGTG,-0.0799252609648455
GCAGCA,0.07404222809531741
GCAGCT,-0.5282535171036172
GCAGCC,0.031933047103009225
GCAGCG,0.13718918983428
GCAGGA,0.4924185828945991
GCAGGT,0.5218602184896999
GCAGGC,0.4617104677184951
GCAGGG,0.23151180098472635
GCTAAA,-0.7455247925230332
GCTAAT,-0.40077576774477813
GCTAAC,-0.2968312671053689
GCTAAG,-0.8956133034463674
GCTATA,0.3144933299024377
GCTATT,0.35541151989196035
GCTATC,0.5118064968215825
GCTATG,-0.05590763193829595
GCTACA,0.3264154491756198
GCTACT,-0.028618805305652563
GCTACC,0.18085204881459463
GCTACG,0.028742468865653945
GCTAGA,-0.021604023865275202
GCTAGT,-0.29039577832337726
GCTAGC,-0.5137758131291854
GCTAGG,-0.14018397234555005
GCTTAA,-0.9961714831136183
GCTTAT,0.14966077455440627
GCTTAC,-0.4593539013290775
GCTTAG,-0.724289827915799
GCTTTA,-0.4249915304585197
GCTTTT,0.36408399940466163
GCTTTC,0.21123392265311453
GCTTTG,-0.3767596586838913
GCTTCA,-0.15492258260584027
GCTTCT,-0.29980825224962143
GCTTCC,0.01778308521097774
GCTTCG,-0.01986314349941156
GCTTGA,0.07842496929912258
GCTTGT,0.07065538226056485
GCTTGC,0.09091092504438607
GCTTGG,-0.39667660207508515
GCTCAA,-0.48007182208265714
GCTCAT,-0.26382839357238036
GCTCAC,-0.4241572411203169
GCTCAG,-0.21717985784616034
GCTCTA,0.02679251699657489
GCTCTT,-0.20689281752445998
GCTCTC,-0.4479826340991674
GCTCTG,-0.12904019018101792
GCTCCA,0.01892800988551886
GCTCCT,0.1584703409717747
GCTCCC,-0.14121988110840267
GCTCCG,-0.010684405888346982
GCTCGA,-0.22962496455665166
GCTCGT,-0.4289956055183584
GCTCGC,-0.18575209189074382
GCTCGG,-0.27488273930778817
GCTGAA,0.08265318836538368
GCTGAT,0.037457562534900415
GCTGAC,-0.10866490928570575
GCTGAG,-0.46782734982313995
GCTGTA,0.19814224910879255
GCTGTT,0.29600059932687167
GCTGTC,0.2981340581646977
GCTGTG,-0.1562912443263694
GCTGCA,-0.11826601079255288
GCTGCT,0.09976964976051932
GCTGCC,0.050745199005235254
GCTGCG,0.06312492329626979
GCTGGA,0.3572081351003912
GCTGGT,0.12484383266151892
GCTGGC,0.4439475198328118
GCTGGG,-0.254398854386773
GCCAAA,-0.8119130172782368
GCCAAT,-0.529079064075341
GCCAAC,-0.01075279177626185
GCCAAG,-0.06427588160881269
GCCATA,0.06932985548340055
GCCATT,0.06198022002760113
GCCATC,0.2777841291618173
GCCATG,0.31369654596980506
GCCACA,-0.1925349228355736
GCCACT,-0.044149784612929746
GCCACC,0.10465079242008651
GCCACG,0.06655836380134651
GCCAGA,-0.10154371713112537
GCCAGT,0.27763173659827955
GCCAGC,0.4296161304541525
GCCAGG,0.7383470234596176
GCCTAA,-0.9458495341156995
GCCTAT,0.05551270993025876
GCCTAC,-0.03646967978139144
GCCTAG,-0.21987290244608695
GCCTTA,-0.7591869780641569
GCCTTT,0.24461423571108648
GCCTTC,0.11973447976989501
GCCTTG,0.23745958528741584
GCCTCA,-0.602459328841007
GCCTCT,-0.19822014286175288
GCCTCC,-0.11632818763920105
GCCTCG,0.03225694970973622
GCCTGA,0.14712992853412124
GCCTGT,0.569161200778954
GCCTGC,0.5094045634160057
GCCTGG,0.6952326870509666
GCCCAA,-1.0012084153483785
GCCCAT,-0.07943323028151739
GCCCAC,-0.26837241118548283
GCCCAG,-0.04992717395650715
GCCCTA,0.19513051508653578
GCCCTT,-0.047300960617964134
GCCCTC,-0.11501959851126564
GCCCTG,0.33411629168149054
GCCCCA,-0.3940963805014048
GCCCCT,-0.08009485755229982
GCCCCC,-0.6608266568815826
GCCCCG,-0.07113380319793468
GCCCGA,-0.24926466194216254
GCCCGT,-0.04653537178234291
GCCCGC,-0.07971532184641843
GCCCGG,0.13690058072802874
GCCGAA,0.012578782206860185
GCCGAT,0.23814470476649527
GCCGAC,0.2107768956769979
GCCGAG,-0.03112993365442477
GCCGTA,-0.07381991223526731
GCCGTT,0.17052049628907046
GCCGTC,0.1754017884289946
GCCGTG,0.02054866822738776
GCCGCA,-0.03637576102104999
GCCGCT,0.19188061285373795
GCCGCC,0.3050047719457065
GCCGCG,-0.10613121973987072
GCCGGA,0.28192251729341417
GCCGGT,0.31293955043092436
GCCGGC,0.4327477945337736
GCCGGG,0.28768207245178085
GCGAAA,0.08247622182423842
GCGAAT,0.13820287466512624
GCGAAC,0.02625529473637924
GCGAAG,-0.00804210953608256
GCGATA,0.2565064549833312
GCGATT,-0.25382814776155854
GCGATC,-0.2539310891720777
GCGATG,0.07976496846886241
GCGACA,0.27552160494229516
GCGACT,-0.35199246538030987
GCGACC,0.02943450057505153
GCGACG,0.005160350559309611
GCGAGA,-0.28460040591437274
GCGAGT,-0.3469377686608741
GCGAGC,-0.22452925744651225
GCGAGG,0.09399525522301577
GCGTAA,-0.5102284305562444
GCGTAT,-0.24143674436153517
GCGTAC,-0.11472826566142649
GCGTAG,-0.16453612436073828
GCGTTA,0.2902828541518383
GCGTTT,0.019418085857101516
GCGTTC,0.05376898088631747
GCGTTG,-0.05003162925749694
GCGTCA,-0.031063303057096793
GCGTCT,-0.2209790483046367
GCGTCC,-0.1033585129871532
GCGTCG,0.041520005218187044
GCGTGA,-0.37832414556235944
GCGTGT,-0.6056634370050844
GCGTGC,-0.27008410266352995
GCGTGG,-0.3286557142407804
GCGCAA,-0.10446725968061125
GCGCAT,-0.06699086881627825
GCGCAC,-0.1595340230676324
GCGCAG,0.15445012585434986
GCGCTA,-0.020144566092467463
GCGCTT,-0.022681984309975665
GCGCTC,-0.2029408439966903
GCGCTG,0.1376914377772919
GCGCCA,0.13811546428945898
GCGCCT,0.20515376865049875
GCGCCC,-0.18877672810374097
GCGCCG,0.22137575591804434
GCGCGA,-0.2894182326145778
GCGCGT,-0.5744928638090568
GCGCGC,-0.4331255999720054
GCGCGG,-0.16157946394793354
GCGGAA,0.1730034038145432
GCGGAT,0.5147009148586056
GCGGAC,-0.034531983542375806
GCGGAG,-0.16951929180419817
GCGGTA,0.16740156830597444
GCGGTT,0.2897735267743716
GCGGTC,-0.1781905388212423
GCGGTG,-0.2484613592984996
GCGGCA,0.1379366860924391
GCGGCT,-0.030305349495328922
GCGGCC,-0.1687058910695182
GCGGCG,0.19113579854692772
GCGGGA,0.0462524034034169
GCGGGT,0.07680059555548686
GCGGGC,-0.09605812299551277
GCGGGG,-0.23260060776400868
GGAAAA,0.6242983079212518
GGAAAT,0.3821729158727034
GGAAAC,0.5655065987171314
GGAAAG,0.4961489093500578
GGAATA,0.2126844205240725
GGAATT,-0.1742644943050374
GGAATC,0.07876464685352791
GGAATG,0.15818178232022692
GGAACA,0.23166743089710956
GGAACT,0.19316965894425386
GGAACC,0.10341309537343078
GGAACG,0.2582348711254799
GGAAGA,0.2820682299642395
GGAAGT,0.29821957775456676
GGAAGC,0.036919156647836855
GGAAGG,0.2833570734331796
GGATAA,1.009976215951478
GGATAT,0.5067019065821285
GGATAC,0.3526399687265533
GGATAG,0.6045111078433137
GGATTA,-0.3541718137206139
GGATTT,-0.08588170689450775
GGATTC,-0.0622663887260007
GGATTG,-0.055139391848090795
GGATCA,-0.12640862823146207
GGATCT,-1.011213989638443
GGATCC,-1.0701406145867978
GGATCG,0.17072800553046097
GGATGA,0.3612446396287976
GGATGT,0.26844571116131205
GGATGC,0.1263311399721311
GGATGG,0.20697069206860877
GGACAA,0.1838321310993214
GGACAT,0.11449299922109886
GGACAC,-0.08272084022076161
GGACAG,0.4607012365834221
GGACTA,-0.1316778239751997
GGACTT,-0.10107863420106533
GGACTC,-0.17834540841431518
GGACTG,-0.06252035698133393
GGACCA,-0.34043263783730987
GGACCT,-0.048079179425653075
GGACCC,-0.7857341530793386
GGACCG,-0.1790974809222019
GGACGA,0.25749709611338345
GGACGT,-0.22766163128899883
GGACGC,-0.15591642484165727
GGACGG,0.19550542849408137
GGAGAA,0.38542908134774384
GGAGAT,0.06483053457226418
GGAGAC,0.13405100812075538
GGAGAG,0.22483416879211715
GGAGTA,0.31918073951115183
GGAGTT,0.12077664246407813
GGAGTC,0.3378064596343495
GGAGTG,0.14234698005427374
GGAGCA,-0.11980119981262065
GGAGCT,-0.5976389613451306
GGAGCC,0.0009235032209371943
GGAGCG,0.04293392772339866
GGAGGA,0.07353031310090505
GGAGGT,-0.0036166404701885504
GGAGGC,-0.0713604369610298
GGAGGG,-0.2011490499319281
GGTAAA,0.10899028370840508
GGTAAT,-0.12266750901585867
GGTAAC,0.3777283531365647
GGTAAG,0.03085077572047603
GGTATA,0.10821358464023279
GGTATT,0.44246188095660055
GGTATC,0.4808559540747753
GGTATG,0.15650387376801364
GGTACA,0.33526084943491574
GGTACT,0.41224479509354306
GGTACC,0.08123389304368939
GGTACG,0.3044891907681621
GGTAGA,0.42425760745753177
GGTAGT,0.17811986994025458
GGTAGC,0.33605565673599663
GGTAGG,0.5536587237601271
GGTTAA,-0.47747564408443643
GGTTAT,1.0246587685959365
GGTTAC,-0.23537611974984415
GGTTAG,-0.33270575382573614
GGTTTA,-0.455188543460595
GGTTTT,0.4886491081146488
GGTTTC,0.32602120284772995
GGTTTG,-0.3886579897917832
GGTTCA,-0.14018397234555005
GGTTCT,0.0408219945202552
GGTTCC,0.025317807984289786
GGTTCG,0.12791632120094493
GGTTGA,-0.08141539148550858
GGTTGT,0.30767221732828326
GGTTGC,0.07915814326380224
GGTTGG,-0.04409985346029722
GGTCAA,-0.011317824932661572
GGTCAT,0.3525723740819547
GGTCAC,-0.0034423441909729015
GGTCAG,0.12843559977259078
GGTCTA,-0.06782259633876106
GGTCTT,-0.04296603588344337
GGTCTC,-0.23284424621850494
GGTCTG,-0.2703905753417199
GGTCCA,-0.5736221221334682
GGTCCT,-0.09888288814189833
GGTCCC,-0.7921360892217327
GGTCCG,-0.16339354690843585
GGTCGA,0.24108368998169255
GGTCGT,-0.0013504390978713512
GGTCGC,0.03714878700138583
GGTCGG,0.12864058263941475
GGTGAA,0.36506425488703753
GGTGAT,0.07770898432731632
GGTGAC,0.12874287589272546
GGTGAG,-0.1711979715752923
GGTGTA,-0.1471576443362877
GGTGTT,0.25906326714612826
GGTGTC,0.09585720439499842
GGTGTG,-0.09627683043541983
GGTGCA,-0.30243753801770024
GGTGCT,-0.07232066157962601
GGTGCC,-0.043304018132652077
GGTGCG,-0.1561894165171067
GGTGGA,0.09956759576504222
GGTGGT,0.36489792311916436
GGTGGC,0.10736091640490954
GGTGGG,-0.260508976365745
GGCAAA,0.06927084230180598
GGCAAT,0.08636553113980566
GGCAAC,0.06214821779698588
GGCAAG,0.32260434484484773
GGCATA,-0.14214800888540147
GGCATT,0.17564704838599793
GGCATC,0.20441960004792223
GGCATG,0.30739344915857064
GGCACA,-0.048461703007011005
GGCACT,-0.048790164169432056
GGCACC,-0.08427775900074817
GGCACG,0.004048588526000111
GGCAGA,0.06817030008250534
GGCAGT,0.21826719194743285
GGCAGC,0.06024008037735672
GGCAGG,0.6071166766259075
GGCTAA,-0.3614735388266302
GGCTAT,0.481349805633037
GGCTAC,0.07533404682539878
GGCTAG,-0.18070212324165166
GGCTTA,-0.47439537982671454
GGCTTT,0.4989911661189878
GGCTTC,0.08089006111160037
GGCTTG,0.020370689847731344
GGCTCA,-0.42829952005492383
GGCTCT,-0.10311662069715435
GGCTCC,0.008116683670850312
GGCTCG,-0.25195021565015463
GGCTGA,0.0042194155427082896
GGCTGT,0.20459997360204063
GGCTGC,0.041795453525750245
GGCTGG,0.29007810303500675
GGCCAA,-0.5060871421460528
GGCCAT,0.13273489716226278
GGCCAC,-0.19137139231387248
GGCCAG,0.3848187905909292
GGCCTA,-0.30951642663268464
GGCCTT,0.1340092898857089
GGCCTC,-0.21179737492690817
GGCCTG,0.49446889925933657
GGCCCA,-0.5923549688724989
GGCCCT,-0.17273375563880106
GGCCCC,-0.6665592085537538
GGCCCG,-0.12831852243598954
GGCCGA,-0.1665137485609723
GGCCGT,-0.06410288619275967
GGCCGC,-0.09194673845226567
GGCCGG,0.2904255583975317
GGCGAA,0.4803345880841008
GGCGAT,0.2712453931098156
GGCGAC,0.13367944207330879
GGCGAG,0.1409990311051851
GGCGTA,-0.12962376779350568
GGCGTT,0.4273783355388794
GGCGTC,0.13990084091000252
GGCGTG,-0.0820918887184721
GGCGCA,0.17484954195525357
GGCGCT,0.25149626299365363
GGCGCC,0.15522317729206428
GGCGCG,-0.08289802566890722
GGCGGA,0.5260033937079857
GGCGGT,0.17997137944900118
GGCGGC,0.2080685098665215
GGCGGG,0.16168864677656697
GGGAAA,0.5157884131081197
GGGAAT,0.045825812205417135
GGGAAC,-0.0924046087529103
GGGAAG,0.1209017728690382
GGGATA,0.07541506695894629
GGGATT,-0.13864649329129303
GGGATC,-0.6764999471267891
GGGATG,-0.007265210991412413
GGGACA,-0.02941388520629334
GGGACT,-0.12736659592044103
GGGACC,-0.9133390114093098
GGGACG,-0.13145433825434963
GGGAGA,0.041253866692806514
GGGAGT,-0.017575144821507488
GGGAGC,-0.25752603307610955
GGGAGG,-0.1777974495473328
GGGTAA,0.17748478799334064
GGGTAT,0.43146388309187067
GGGTAC,0.1395015596110264
GGGTAG,0.3829922522561057
GGGTTA,-0.35388416809803513
GGGTTT,0.2029168058240709
GGGTTC,-0.027345453890528837
GGGTTG,0.08691618875482368
GGGTCA,-0.2680460979349219
GGGTCT,-0.3172408746933253
GGGTCC,-0.6611903440408463
GGGTCG,-0.1629825316950869
GGGTGA,0.18669474160617736
GGGTGT,-0.09442717753944677
GGGTGC,-0.36650946703265114
GGGTGG,0.04676635139177345
GGGCAA,-0.22218615535788241
GGGCAT,0.02236812736057685
GGGCAC,-0.5347621965938986
GGGCAG,-0.0817629711315357
GGGCTA,-0.48887923684364437
GGGCTT,0.24116205681688804
GGGCTC,-0.41257158015986006
GGGCTG,-0.11910885620193633
GGGCCA,-0.5668534552356532
GGGCCT,-0.05918887139033065
GGGCCC,-0.8201769505801021
GGGCCG,-0.14519154314192256
GGGCGA,0.09793266312874971
GGGCGT,-0.07170031416519117
GGGCGC,-0.14769299672565592
GGGCGG,0.031252543504104315
GGGGAA,0.09586015919396138
GGGGAT,-0.3122109787309085
GGGGAC,-0.6537638525595701
GGGGAG,-0.32020045645347633
GGGGTA,0.053802705992976194
GGGGTT,0.009791369129278001
GGGGTC,-0.5968663806025154
GGGGTG,-0.2605419405007692
GGGGCA,-0.49436658961621066
GGGGCT,-0.053693637065146384
GGGGCC,-0.6573552115148704
GGGGCG,-0.13747901009987906
GGGGGA,-0.34117812765862554
GGGGGT,-0.7614058376233119
GGGGGC,-0.775820367421095
GGGGGG,-1.5448471023477865
