Item,cod,non,color
AAAAAA,-0.46302942692970295,-0.06379269903653936,6-mer
AAAAAT,0.07951337011910048,0.08318065939121584,6-mer
AAAAAC,0.08986732995723896,0.2989386708301791,6-mer
AAAAAG,0.01877168558778077,0.35804502442486397,6-mer
AAAATA,0.2793096004187604,0.25933283512488764,6-mer
AAAATT,-0.25695484388555495,-0.5941054029231928,Inverted repeat
AAAATC,0.3148604775901964,0.43488560893408357,6-mer
AAAATG,0.23241903859570942,-0.07422366136704503,6-mer
AAAACA,0.07232948694322922,-0.048881510350767245,6-mer
AAAACT,-0.01687381856439607,0.02264156462061111,6-mer
AAAACC,0.40346899061458047,0.6940181122458936,6-mer
AAAACG,0.30956710704617735,0.15527822547791076,6-mer
AAAAGA,-0.3526113098830731,-0.08692675588804699,6-mer
AAAAGT,-0.3214750582873484,-0.14905438642137128,6-mer
AAAAGC,-0.16773174110324476,0.1843921397278139,6-mer
AAAAGG,-0.21702428686864392,-0.12352574619348179,6-mer
AAATAA,-0.059728895314316924,0.13871501886493556,6-mer
AAATAT,0.04966519252891054,-0.1416953766967612,6-mer
AAATAC,0.459528838559898,0.29296791543765177,6-mer
AAATAG,0.4312110196560654,0.1247634840488027,6-mer
AAATTA,-0.1685697218303013,-0.39292385751835485,Inverted repeat
AAATTT,-0.4569292585734288,-0.6728325071821385,Palindromes
AAATTC,0.35536775735620796,-0.28390359788139286,Inverted repeat
AAATTG,0.1405662949856903,-0.2487197037667933,Inverted repeat
AAATCA,0.033209189991984196,0.4105317137201189,6-mer
AAATCT,-0.25706810640275535,-0.22816882949841277,6-mer
AAATCC,0.34976523797103826,0.08439532764933912,6-mer
AAATCG,0.40445302598198785,0.5681096517138196,6-mer
AAATGA,-0.42946312411471016,-0.38552890576749804,6-mer
AAATGT,-0.4300361721633796,-0.9592014050985828,6-mer
AAATGC,-0.08941102105040047,-0.6284305292972655,6-mer
AAATGG,0.2855950170467109,0.19499750132651997,6-mer
AAACAA,-0.3820020505118106,-0.1946656924693472,6-mer
AAACAT,-0.2527765004683549,-0.47028655799045904,6-mer
AAACAC,0.12689097920248596,0.014549995064858086,6-mer
AAACAG,0.641628865630656,0.515061064292267,6-mer
AAACTA,-0.6833877304758174,-0.4166975414257112,6-mer
AAACTT,-0.6627028909613012,-0.463366055664095,Inverted repeat
AAACTC,0.4425108125400076,0.5411234419816262,6-mer
AAACTG,0.16348555704586323,0.40504954678092164,6-mer
AAACCA,-0.09278408474257571,0.7102056125535522,6-mer
AAACCT,0.2400090780653998,0.39618587560817453,6-mer
AAACCC,0.08964673676445027,0.2571766767099976,6-mer
AAACCG,0.3103401206121505,0.7693126027664458,6-mer
AAACGA,-0.42887068715407367,-0.2859106692090571,6-mer
AAACGT,0.05471254243109302,-0.09559335117178223,6-mer
AAACGC,0.29943952897824405,0.2658259577253192,6-mer
AAACGG,0.4262713945141413,0.3753202600480094,6-mer
AAAGAA,-0.21196022123952443,-0.08768661624294583,6-mer
AAAGAT,-0.397690778478935,0.03833657319185345,6-mer
AAAGAC,-0.17509711557566981,-0.43970454380209856,6-mer
AAAGAG,0.54848477369565,0.6413075868027251,6-mer
AAAGTA,-0.19847154104136194,0.10990126056522023,6-mer
AAAGTT,-0.6617299495663095,-0.4379796647677813,Inverted repeat
AAAGTC,0.0788743063377309,-0.1056721451626588,6-mer
AAAGTG,0.27534431240966595,0.5470361031071054,6-mer
AAAGCA,-0.38347114337272703,-0.22758147021934508,6-mer
AAAGCT,-0.4295726694164209,-0.0528276883542143,6-mer
AAAGCC,0.2427072000322433,0.6318387625368485,6-mer
AAAGCG,0.1784064429593899,0.5608590888304863,6-mer
AAAGGA,-0.7151612238478576,-0.6852080863942661,6-mer
AAAGGT,-0.06290909128960902,0.2020382128997059,6-mer
AAAGGC,0.30465569426745437,0.23744923802762097,6-mer
AAAGGG,0.040461996344047735,-0.22414154490971036,6-mer
AATAAA,0.27664687285022405,0.45091453560744027,6-mer
AATAAT,-0.10358080762534519,0.048092172938035346,6-mer
AATAAC,0.07806225216322658,0.21718316366883916,6-mer
AATAAG,-0.16755149658962104,-0.03260017281131388,6-mer
AATATA,-0.46972814081225395,-0.4162583877054952,Inverted repeat
AATATT,0.5345761974773822,0.04800537291083218,Palindromes
AATATC,0.8369432924484207,0.7384563667513367,Inverted repeat
AATATG,0.2708237539393565,-0.28123755352980423,Inverted repeat
AATACA,0.15413915400833675,-0.24525005755292661,6-mer
AATACT,0.15110533670115225,0.1687488488926881,6-mer
AATACC,0.8743274758718579,1.0749429650692175,6-mer
AATACG,0.7643226753033855,0.5040982573583433,6-mer
AATAGA,0.09419352620908647,-0.12290023716835405,6-mer
AATAGT,-0.2185908511765918,-0.325190881896363,6-mer
AATAGC,-0.038116973672292775,-0.33019667790543766,6-mer
AATAGG,0.10381540092815059,-0.19384682315214902,6-mer
AATTAA,-0.2792108772287813,-0.4568535447212348,6-mer
AATTAT,-0.6875857081118124,-0.6980000214378532,6-mer
AATTAC,-0.20545713025697868,-0.35920389215278514,6-mer
AATTAG,-0.22221082462894043,-0.8523185125050438,6-mer
AATTTA,-0.20240329854302969,-0.2708999991052011,6-mer
AATTTT,-0.26840628715503057,-0.56350727347567,Inverted repeat
AATTTC,0.17481741138233514,-0.30185700305842506,6-mer
AATTTG,0.0035564700918590928,-0.3125487831170942,6-mer
AATTCA,-0.11600173843676198,-0.41211358886791694,6-mer
AATTCT,-0.18430593054378286,-0.7578636433651372,6-mer
AATTCC,0.45009465830467654,-0.5251552141326803,6-mer
AATTCG,0.09482938505781577,-0.502220100624698,6-mer
AATTGA,-0.187143748080259,-0.2571443439003423,6-mer
AATTGT,-0.6450443660421893,-1.1137765747312338,6-mer
AATTGC,-0.2431190277708462,-0.8068031167187337,6-mer
AATTGG,-0.07549907426694566,-0.23403453411124137,6-mer
AATCAA,-0.26935901063366874,0.21915974436148572,6-mer
AATCAT,-0.3093361444874032,-0.02123782007273186,6-mer
AATCAC,0.18729568526154858,0.6770436752755349,6-mer
AATCAG,-0.1018979315139081,0.3009149171389488,6-mer
AATCTA,-0.550730865901857,-0.6127209334432383,6-mer
AATCTT,-0.41209233876097023,-0.2455182869703886,Inverted repeat
AATCTC,-0.11626100440210749,-0.07055769984010835,6-mer
AATCTG,-0.31127059148664127,-0.11452996828187859,6-mer
AATCCA,-0.02990648464851679,0.06237141483534914,6-mer
AATCCT,0.10695021271402104,-0.32365375254388784,6-mer
AATCCC,0.4227182363604676,-0.0049949099203922655,6-mer
AATCCG,0.2592285376812111,0.0951069684905601,6-mer
AATCGA,0.1744788098110885,0.38580027805374734,6-mer
AATCGT,-0.11473563868885121,-0.012350246980958412,6-mer
AATCGC,0.34597874604815926,0.6079347084768429,6-mer
AATCGG,0.19411187288965823,0.33641346126332833,6-mer
AATGAA,-0.0924598266519889,-0.2591806102637449,6-mer
AATGAT,-0.24928279305559647,0.016070132045129585,6-mer
AATGAC,-0.08807130234645057,-0.3638388145558381,6-mer
AATGAG,-0.4168039576795508,-0.3529549905079868,6-mer
AATGTA,-0.35834022698567797,-0.6813439095920836,6-mer
AATGTT,-0.07679125372487802,-0.7361409613681676,Inverted repeat
AATGTC,0.36745479591542035,-0.5973150393901441,6-mer
AATGTG,-0.15036021645604114,-0.6773727555758681,6-mer
AATGCA,-0.3671197250484358,-1.0326278254438217,6-mer
AATGCT,-0.1797006845442758,-0.6340174982426315,6-mer
AATGCC,0.5997090860903425,-0.0046158705928774964,6-mer
AATGCG,0.2431613760839583,-0.289128898894388,6-mer
AATGGA,-0.10572518157993817,-0.43762901425109224,6-mer
AATGGT,0.044354745031111385,0.3191372814715632,6-mer
AATGGC,0.2902332615858438,0.1954193220688304,6-mer
AATGGG,0.2836119704006804,0.003182026867231631,6-mer
AACAAA,-0.21454604043432532,-0.10722362743032948,6-mer
AACAAT,-0.2951812289052831,-0.44165488329036934,6-mer
AACAAC,0.0607262305406783,-0.007527121635946674,6-mer
AACAAG,0.2942127166755394,0.226548285549736,6-mer
AACATA,-0.19321480315962403,-0.4816808919960371,6-mer
AACATT,-0.20186877040095805,-0.7269119295022832,Inverted repeat
AACATC,0.2564460918048981,0.15014533126158622,6-mer
AACATG,0.07351183601279486,-0.509897068663735,6-mer
AACACA,0.03936729273339663,-0.39884546577625785,6-mer
AACACT,0.1422454211994009,-0.018775752406945817,6-mer
AACACC,0.23374147339563733,0.4657765260920854,6-mer
AACACG,0.08091999538356735,-0.3747641496981635,6-mer
AACAGA,0.27761788973808704,0.07076324548487285,6-mer
AACAGT,0.23438098160563758,0.057374796082013575,6-mer
AACAGC,0.2681225922071871,0.21346797377068522,6-mer
AACAGG,0.44470296126360864,-0.08458125390459473,6-mer
AACTAA,-1.0309762975259291,-0.8795315172282822,6-mer
AACTAT,-0.4766250624278374,-0.34390481469616196,6-mer
AACTAC,-0.13701678452774416,-0.025797402946716983,6-mer
AACTAG,-1.2818748453669233,-1.338955106448015,6-mer
AACTTA,-0.2164163368422076,-0.12583746254656192,6-mer
AACTTT,-0.5666820255439969,-0.38751030063781494,Inverted repeat
AACTTC,-0.12020946270506298,-0.23872814900879522,6-mer
AACTTG,-0.47184842066970123,-0.24127985319327258,6-mer
AACTCA,0.3831580830221638,0.6655470729726386,6-mer
AACTCT,0.3525597135410255,0.31981481859901184,6-mer
AACTCC,-0.0863847952140836,-0.218579029441134,6-mer
AACTCG,0.18232469927812467,0.17276165361184725,6-mer
AACTGA,-0.012241819819338154,0.41939468748403147,6-mer
AACTGT,-0.11886379365009228,-0.24656909263329932,6-mer
AACTGC,0.2507045981141591,0.12161565597917326,6-mer
AACTGG,0.2104762883576703,0.6776910458071287,6-mer
AACCAA,-0.08259065102220463,0.6651879020192055,6-mer
AACCAT,-0.20314395015217201,0.33201584365833053,6-mer
AACCAC,-0.0715447499264636,0.7493011885184845,6-mer
AACCAG,-0.41658421926866374,0.35436206826024774,6-mer
AACCTA,0.19524934502901856,0.22143705739127229,6-mer
AACCTT,0.2425927560990307,0.3336758529838824,Inverted repeat
AACCTC,-0.161521857101049,-0.022199231217341957,6-mer
AACCTG,-0.1943183757605994,-0.07179068306801009,6-mer
AACCCA,0.16271135966201009,0.5003015288390993,6-mer
AACCCT,0.24823644329409372,0.08896887005087635,6-mer
AACCCC,0.046552338851800185,-0.0573179111976432,6-mer
AACCCG,0.16942014652245932,0.14064988844719437,6-mer
AACCGA,0.20945670768026528,0.6703349180948425,6-mer
AACCGT,0.18150051758200508,0.45303077164089534,6-mer
AACCGC,-0.1780186834886488,0.32440058056688326,6-mer
AACCGG,-0.2537212460788404,0.13826647963114103,6-mer
AACGAA,-0.37353193488116027,-0.4236366282050424,6-mer
AACGAT,-0.2617152880452235,-0.03871710757285363,6-mer
AACGAC,-0.05868857404731274,-0.2996667162262193,6-mer
AACGAG,-0.31398559328054926,-0.284073057286733,6-mer
AACGTA,-0.011626739300538397,0.010172361034954416,Inverted repeat
AACGTT,0.10226574807232308,-0.0846161256739322,Palindromes
AACGTC,0.30770194080608343,-0.14076846441556493,Inverted repeat
AACGTG,-0.03485204355164982,-0.23071248500075342,Inverted repeat
AACGCA,0.07332985826651447,-0.24968776835092774,6-mer
AACGCT,0.3272307342443219,0.38180071482459443,6-mer
AACGCC,0.2720007814184721,0.29865964646461324,6-mer
AACGCG,-0.03610257431404025,-0.09218525149274256,6-mer
AACGGA,-0.0014814600386731192,-0.46451366630772595,6-mer
AACGGT,0.23469117482358245,0.4598715317496825,6-mer
AACGGC,0.14458337789398526,0.10808385123913404,6-mer
AACGGG,0.24865558074334568,-0.229755025614864,6-mer
AAGAAA,0.031068544462004757,0.1525781014402621,6-mer
AAGAAT,-0.46161586589917286,-0.6442966401035584,6-mer
AAGAAC,-0.421359786670176,-0.48046960840808445,6-mer
AAGAAG,0.5928365936012312,0.6384664490158631,6-mer
AAGATA,0.16053136482643532,0.41170388883649867,6-mer
AAGATT,-0.43810271055206595,-0.21323873933425883,Inverted repeat
AAGATC,-0.2547036485384707,0.3959286763311391,6-mer
AAGATG,0.12393917502717365,0.3551707538424584,6-mer
AAGACA,0.0712612195557381,-0.5034806628381083,6-mer
AAGACT,-0.3694280751613856,-0.5312981169471639,6-mer
AAGACC,-0.5534425867135417,-0.4773745548755088,6-mer
AAGACG,-0.0051353433376391845,-0.45059648562270427,6-mer
AAGAGA,0.6002406430422306,0.6228325444023338,6-mer
AAGAGT,0.43641625868349343,0.42613634147922647,6-mer
AAGAGC,0.44272132621999455,0.43889400817862473,6-mer
AAGAGG,0.3453565902776386,0.17815670933921754,6-mer
AAGTAA,-0.27910453787892336,0.1164625588625236,6-mer
AAGTAT,-0.5153918325207717,-0.22661764715857013,6-mer
AAGTAC,-0.13983771246811844,0.24974345645829651,6-mer
AAGTAG,0.009886348317113092,0.23746665546492834,6-mer
AAGTTA,-0.10381169835087826,0.029003426739107222,6-mer
AAGTTT,-0.5890142415472595,-0.4513728146507901,Inverted repeat
AAGTTC,-0.3766318900355071,-0.4997699737447213,6-mer
AAGTTG,-0.47296306101097285,-0.18354687564593206,6-mer
AAGTCA,0.09693336639111469,0.11212489548460847,6-mer
AAGTCT,-0.25535366875216964,-0.5351660278125676,6-mer
AAGTCC,-0.48426523689743417,-0.9040742342032239,6-mer
AAGTCG,0.4376946076170383,0.34893904744787146,6-mer
AAGTGA,0.15799116328464755,0.6650192889589059,6-mer
AAGTGT,-0.03724455137596995,-0.14423095510974734,6-mer
AAGTGC,-0.02760694725903699,-0.07326530663463961,6-mer
AAGTGG,0.32098860240685484,0.8345942019524617,6-mer
AAGCAA,-0.5963367567781402,-0.347206125435737,6-mer
AAGCAT,-0.4786450263863011,-0.5998421689259852,6-mer
AAGCAC,-0.2892639435121773,-0.28066224826627556,6-mer
AAGCAG,0.11131126545270412,0.23041771097614966,6-mer
AAGCTA,-0.34139074875975006,-0.2341130735515408,Inverted repeat
AAGCTT,-0.39130218276980006,-0.0726248390882011,Palindromes
AAGCTC,-0.15184574396248457,0.14741290490566109,Inverted repeat
AAGCTG,-0.17899704617898532,0.2786126952072566,Inverted repeat
AAGCCA,0.2198573013972085,0.7687243146148643,6-mer
AAGCCT,0.2811049591188519,0.2942440438573632,6-mer
AAGCCC,-0.12129329656867577,-0.0667592019982593,6-mer
AAGCCG,0.09553413591306209,0.4096550519776564,6-mer
AAGCGA,0.005775442704784529,0.4096457153560782,6-mer
AAGCGT,-0.02612193303044679,0.1771186145034575,6-mer
AAGCGC,0.06746474744351731,0.37357805254755505,6-mer
AAGCGG,0.5544086139829745,0.8559253007029733,6-mer
AAGGAA,-0.2947998762476698,-0.4890254696968652,6-mer
AAGGAT,-0.5090418001069351,-0.28192165012728637,6-mer
AAGGAC,-0.41056864168119495,-1.2288744457485743,6-mer
AAGGAG,-0.2800669213086793,-0.43361088393693464,6-mer
AAGGTA,0.3587121647665976,0.7055114443348905,6-mer
AAGGTT,0.2824725326829516,0.37948554979657934,Inverted repeat
AAGGTC,0.23117967936138545,0.09837042428242318,6-mer
AAGGTG,0.4631720128638787,0.6915090290414293,6-mer
AAGGCA,0.5157037008851716,0.10847780581468551,6-mer
AAGGCT,0.30214518687058084,0.2683444138566769,6-mer
AAGGCC,-0.11521400793687735,-0.13431026475533203,6-mer
AAGGCG,0.4601683939953568,0.413749234841516,6-mer
AAGGGA,0.14442263872277994,-0.3133409309621502,6-mer
AAGGGT,-0.24281840022460466,-0.24334607091168156,6-mer
AAGGGC,0.243314259644608,-0.4474067044647974,6-mer
AAGGGG,0.5368506501975205,0.11050952750848574,6-mer
ATAAAA,0.04920886823929548,0.37481465918912044,6-mer
ATAAAT,-0.03724251823849002,0.06458844403547441,Inverted repeat
ATAAAC,0.11597076095519673,0.4141358404642454,6-mer
ATAAAG,0.5075478613569154,0.6176501435787425,6-mer
ATAATA,-0.6004344937183717,-0.2623867312815519,6-mer
ATAATT,-0.9397092208066474,-0.6317452156602203,6-mer
ATAATC,-0.3632511380423339,0.09374524854702011,6-mer
ATAATG,-0.058192614264901035,-0.18304791341515403,6-mer
ATAACA,-0.24455183910435535,-0.2772516814912438,6-mer
ATAACT,-0.14999257088700724,0.09245378291194627,6-mer
ATAACC,0.32674253919008206,0.7591535819367213,6-mer
ATAACG,0.5636899391652831,0.44232769505851083,6-mer
ATAAGA,-0.5077369888953304,-0.25983019565293447,6-mer
ATAAGT,-0.4076704148268447,-0.16231181733243705,6-mer
ATAAGC,0.05686588379165247,0.1978488239143516,6-mer
ATAAGG,0.3102393644769281,0.2412124617168839,6-mer
ATATAA,-0.6897555651714251,-0.4399216046677588,Inverted repeat
ATATAT,-1.1241569731123497,-0.7887392438902573,Palindromes
ATATAC,-0.8329530263304998,-0.4358772377508246,Inverted repeat
ATATAG,-0.28936855364725633,-0.3371512218363959,Inverted repeat
ATATTA,-0.292109383535064,-0.3607423271826258,6-mer
ATATTT,-0.20691431950189323,-0.16176641726807928,6-mer
ATATTC,0.8619740445800835,0.26043059816909236,6-mer
ATATTG,0.8377486468713914,0.5176548679903866,6-mer
ATATCA,-0.12511491003718286,0.28688114778816143,6-mer
ATATCT,-0.1573435888539548,-0.025465746771216574,6-mer
ATATCC,0.7472210484718159,0.5477466115491852,6-mer
ATATCG,0.7112233938543333,0.8024067895811114,6-mer
ATATGA,-0.6401112253482875,-0.5853381536437029,6-mer
ATATGT,-0.40728078484592456,-0.9321031779250021,6-mer
ATATGC,-0.23694517696513312,-0.8065368358202654,6-mer
ATATGG,0.13332784777874174,0.07304877864435917,6-mer
ATACAA,-0.6897464384935558,-0.6163304186908192,6-mer
ATACAT,-0.4102373537461536,-0.6749303744217244,Inverted repeat
ATACAC,0.044360411924172144,-0.08928953323467745,6-mer
ATACAG,0.103485157155701,-0.032683399728518525,6-mer
ATACTA,-1.2126832103565197,-0.8809225359173404,6-mer
ATACTT,-0.650525142809375,-0.3957010141812446,6-mer
ATACTC,0.10401062628391035,0.29321058595840355,6-mer
ATACTG,-0.0020536587679744487,0.3405635372188141,6-mer
ATACCA,-0.031119210378839378,0.7523844543467725,6-mer
ATACCT,0.3671204586424263,0.6003855219187424,6-mer
ATACCC,0.485240384285401,0.9001941841318674,6-mer
ATACCG,0.5619438841184267,0.9757412831032602,6-mer
ATACGA,-0.3402971374372373,-0.3390047659884915,6-mer
ATACGT,-0.1617608942399133,-0.23207595944100753,6-mer
ATACGC,0.11355551014798015,0.1839785377312192,6-mer
ATACGG,0.4634297531039953,0.3391283519735469,6-mer
ATAGAA,0.06346641884339237,-0.12126436899154344,6-mer
ATAGAT,-0.4979902886341541,-0.21298290565002545,Inverted repeat
ATAGAC,0.10844672745831017,-0.2576943810785951,6-mer
ATAGAG,0.33245108129936973,0.1913530478676831,6-mer
ATAGTA,-0.39968325240180785,-0.17613772870499625,6-mer
ATAGTT,-0.4769153273147244,-0.35337206097522156,6-mer
ATAGTC,0.207311417332421,-0.2444431236831357,6-mer
ATAGTG,0.20726312955281473,0.09920004599539582,6-mer
ATAGCA,-0.6234825624343178,-0.784251998213787,6-mer
ATAGCT,-0.19368875596297266,-0.3430454656678853,6-mer
ATAGCC,0.4038192751213977,0.2662628631938887,6-mer
ATAGCG,0.16257892914188138,0.040580186932885474,6-mer
ATAGGA,-0.12412908767284475,-0.3827971622786359,6-mer
ATAGGT,0.10874063019238267,0.12042574048968095,6-mer
ATAGGC,0.06046954397910768,-0.23969784364657246,6-mer
ATAGGG,0.207452818643116,-0.3285291513288271,6-mer
ATTAAA,-0.022628438996264565,-0.17129985295797676,Inverted repeat
ATTAAT,-0.013417142453474794,-0.24147826246734636,Palindromes
ATTAAC,0.13980395126184492,-0.05796350049821397,Inverted repeat
ATTAAG,-0.32085239330337245,-0.279299460196578,Inverted repeat
ATTATA,-1.6067054216087384,-0.9002459844069152,6-mer
ATTATT,-0.04242431935541901,0.04185717024661022,6-mer
ATTATC,0.11646897183031972,0.2947557160574956,6-mer
ATTATG,-0.5610387917465208,-0.6552375149925198,6-mer
ATTACA,-0.29278174922784583,-0.4052611297830158,6-mer
ATTACT,0.17695398022292935,0.2644670723277838,6-mer
ATTACC,0.31956436185729575,0.5224366297539291,6-mer
ATTACG,0.2815960008521443,0.02712932594366908,6-mer
ATTAGA,-0.3105739637184068,-0.7042817844354865,6-mer
ATTAGT,-0.5814923967249078,-0.7900861517464125,6-mer
ATTAGC,-0.01906528369098607,-0.47920359204533386,6-mer
ATTAGG,-0.006911614091490459,-0.5538422136837381,6-mer
ATTTAA,-0.5055340092102357,-0.3181745850875079,6-mer
ATTTAT,-0.26395625573154197,0.13383238938550826,Inverted repeat
ATTTAC,-0.15105250217104174,0.18125391928934778,6-mer
ATTTAG,-0.10490520959190229,-0.2506713544782051,6-mer
ATTTTA,-0.04073423491402339,-0.23424213921419174,6-mer
ATTTTT,0.009867096876255149,0.12137611981332366,6-mer
ATTTTC,0.3347825355461919,-0.06383161186923561,6-mer
ATTTTG,0.2864896394154546,0.1656845145250654,6-mer
ATTTCA,0.07409670023796852,0.08627200281320728,6-mer
ATTTCT,0.19033121210414927,-0.11747558844430975,6-mer
ATTTCC,0.3281600485988767,-0.3178052078009824,6-mer
ATTTCG,-0.11701382992039101,-0.38434070205592735,6-mer
ATTTGA,-0.43738809319110267,-0.3382416963003962,6-mer
ATTTGT,-0.3423233156384329,-0.5748877737395832,6-mer
ATTTGC,-0.21773104396658488,-0.5663225682408922,6-mer
ATTTGG,-0.07922240873103298,0.09822008726180856,6-mer
ATTCAA,-0.08517694813546305,-0.1855929730821184,6-mer
ATTCAT,-0.10983251752827415,-0.2655975407161393,Inverted repeat
ATTCAC,-0.027214296838887497,-0.03924954020183189,6-mer
ATTCAG,0.1170073478212203,0.04838653168865837,6-mer
ATTCTA,-0.6010063234914215,-0.8945973194170894,6-mer
ATTCTT,-0.3279424654149401,-0.5523410791519582,6-mer
ATTCTC,-0.04008069521116136,-0.43085420474161884,6-mer
ATTCTG,0.21927491782500977,-0.18544558677869039,6-mer
ATTCCA,0.2604880447879245,-0.3314555273614121,6-mer
ATTCCT,0.4304675398484498,-0.40969327850200943,6-mer
ATTCCC,0.5009854842796522,-0.5340010861455782,6-mer
ATTCCG,0.4211444350454011,-0.3781530115091815,6-mer
ATTCGA,-0.4969630201983192,-0.7509254250771678,6-mer
ATTCGT,0.30652406780581376,-0.2557697324611648,6-mer
ATTCGC,0.09995237649731177,-0.23160189799713662,6-mer
ATTCGG,-0.12479424941996684,-0.42156916696556573,6-mer
ATTGAA,0.24501985792014602,0.15441562752044088,6-mer
ATTGAT,0.09132872539103831,0.5398247349574267,Inverted repeat
ATTGAC,0.16987288189819091,-0.08106830862072913,6-mer
ATTGAG,0.5679606126324177,0.6569698460077871,6-mer
ATTGTA,-1.014117864421887,-1.0150075447347837,6-mer
ATTGTT,-0.2807506882124516,-0.4769941997440629,6-mer
ATTGTC,0.20370201342673674,-0.5927515150626451,6-mer
ATTGTG,-0.029915577904287387,-0.3674546126182799,6-mer
ATTGCA,-0.45275439507357457,-0.8986752900381253,6-mer
ATTGCT,0.08377376510543341,-0.15002403266874367,6-mer
ATTGCC,0.4794737841158632,0.02375582678885693,6-mer
ATTGCG,0.05003371213333993,-0.2253361678652138,6-mer
ATTGGA,-0.3831634360044553,-0.5639927268740329,6-mer
ATTGGT,0.0838887447830517,0.6706156924309408,6-mer
ATTGGC,0.37491262486991755,0.525654558725216,6-mer
ATTGGG,0.03950713825049157,0.018412037113880297,6-mer
ATCAAA,0.0037714551005849748,0.5452130216675657,6-mer
ATCAAT,0.16218143942959412,0.6444534553766681,Inverted repeat
ATCAAC,-0.0007958721197269463,0.5386625989695683,6-mer
ATCAAG,0.020056871239655983,0.5868180572996381,6-mer
ATCATA,-1.0065299700068309,-0.4753146602439524,6-mer
ATCATT,-0.1667554028604248,-0.021570838278579176,6-mer
ATCATC,0.1367467526479868,0.9238167083336277,6-mer
ATCATG,-0.19185454040238936,0.08646483648265124,6-mer
ATCACA,-0.15249414009406864,0.28957302280319375,6-mer
ATCACT,0.28444158601330394,0.9320528936087409,6-mer
ATCACC,0.3429528773722883,1.3614155191943325,6-mer
ATCACG,0.04804825644610789,0.5524738834605941,6-mer
ATCAGA,-0.7276345926838176,-0.06926266243711371,6-mer
ATCAGT,-0.2541129792392869,0.36139524622459884,6-mer
ATCAGC,-0.04657494025108691,0.7217514718024807,6-mer
ATCAGG,-0.09398173841436414,0.25998168286034995,6-mer
ATCTAA,-0.3384640334805326,-0.22017892687199656,6-mer
ATCTAT,-0.3144877853018873,-0.12606412734621827,Inverted repeat
ATCTAC,-0.34770725025017046,-0.060860263915997734,6-mer
ATCTAG,-0.5655971758542251,-0.711494906650088,6-mer
ATCTTA,-0.6658628474174203,-0.32541226607750784,6-mer
ATCTTT,-0.4158225784202465,0.06273321494688737,6-mer
ATCTTC,0.10561760551116332,0.3660342963167843,6-mer
ATCTTG,0.001855556578481629,0.3822690030434292,6-mer
ATCTCA,-0.38325815667411384,0.019959407637085713,6-mer
ATCTCT,0.5015435927051916,0.598884610380187,6-mer
ATCTCC,-0.11778647110800482,-0.2028070489793203,6-mer
ATCTCG,-0.2018779100649105,0.034899570993367164,6-mer
ATCTGA,-0.7357958320676792,-0.16112347177374606,6-mer
ATCTGT,-0.21365917308810395,-0.030752355654053102,6-mer
ATCTGC,0.0353569746662702,0.15214712529670327,6-mer
ATCTGG,-0.027057829221573546,0.5369017940810533,6-mer
ATCCAA,-0.03387260605167721,0.23475006166102344,6-mer
ATCCAT,0.05778692409969306,0.2746107571414135,Inverted repeat
ATCCAC,0.2016338611696504,0.5438238059276697,6-mer
ATCCAG,0.2557683069379123,0.6215941733246838,6-mer
ATCCTA,-0.055359002865588355,-0.41595417518020544,6-mer
ATCCTT,-0.30223060437512406,-0.3147655689929458,6-mer
ATCCTC,0.05448042455091045,-0.17118665000622343,6-mer
ATCCTG,0.13633527978098375,-0.06750169090644738,6-mer
ATCCCA,0.21919956681599273,0.1625282733077605,6-mer
ATCCCT,0.3659197327141528,0.007131477896983238,6-mer
ATCCCC,0.676061474938247,0.5308418955279153,6-mer
ATCCCG,0.371303894325077,-0.10815043291414353,6-mer
ATCCGA,-0.35693125636780665,-0.30248690857485633,6-mer
ATCCGT,0.361933324710961,0.2261399587766676,6-mer
ATCCGC,0.4775657321020579,0.628325368922421,6-mer
ATCCGG,0.09997992145000245,0.10549666335287687,6-mer
ATCGAA,-0.08769346950450964,0.15170926553346623,Inverted repeat
ATCGAT,0.009984088572621988,0.7711729882877946,Palindromes
ATCGAC,0.7294487440490378,0.8467888721189574,Inverted repeat
ATCGAG,0.3708090389104844,0.7148515032950692,Inverted repeat
ATCGTA,-0.032674144352256275,0.3056508063017011,6-mer
ATCGTT,-0.31052795318617343,0.10418750234370151,6-mer
ATCGTC,0.22931050806026831,0.2495468297823118,6-mer
ATCGTG,-0.27618445376609385,0.09249208675352022,6-mer
ATCGCA,-0.1732885191814453,0.06891262512857038,6-mer
ATCGCT,0.2274504372733492,0.7520216292358527,6-mer
ATCGCC,0.6039215158861521,1.0962212482595597,6-mer
ATCGCG,0.09672477146172104,0.601746472884814,6-mer
ATCGGA,-0.3732544791539907,-0.40099325388635254,6-mer
ATCGGT,0.25726735877310075,1.0450314405393542,6-mer
ATCGGC,0.18130010434838653,0.704445016663315,6-mer
ATCGGG,-0.06879077366592046,0.006310171881768096,6-mer
ATGAAA,-0.04134943071408583,-0.00498532090163534,6-mer
ATGAAT,-0.07594212124661197,-0.2542600931587248,Inverted repeat
ATGAAC,0.022367813028454434,-0.01875132200649,6-mer
ATGAAG,0.28313447528034574,0.3037859743326306,6-mer
ATGATA,-0.7393279418344666,-0.3313884241364287,6-mer
ATGATT,-0.3771709063857805,-0.036980995390925295,6-mer
ATGATC,-0.23977368280237876,0.3774143378978263,6-mer
ATGATG,0.16919931154797233,0.5786518169103969,6-mer
ATGACA,-0.04508165487789742,-0.4528312464310376,6-mer
ATGACT,0.09039173262814945,-0.07773784774415668,6-mer
ATGACC,0.056017347967239874,0.07251249978436797,6-mer
ATGACG,0.3360893804837128,-0.06327128454422513,6-mer
ATGAGA,-0.5567909596686885,-0.41313796636336236,6-mer
ATGAGT,0.07305959105871199,0.23446525363702295,6-mer
ATGAGC,-0.04949716010819751,0.09052778418415523,6-mer
ATGAGG,-0.5315641130443391,-0.5733828309455449,6-mer
ATGTAA,-0.6014088540851247,-0.7018155151612112,6-mer
ATGTAT,-0.45472500471994615,-0.6557719494777504,Inverted repeat
ATGTAC,0.06534166383935695,-0.17199190013522547,6-mer
ATGTAG,0.031996217544599935,-0.5442355243217626,6-mer
ATGTTA,-0.23354764133341308,-0.6241030494496556,6-mer
ATGTTT,-0.2278402604543846,-0.6390777734967739,6-mer
ATGTTC,0.22618933797908872,-0.5148028165698842,6-mer
ATGTTG,0.3892141731599811,-0.04014945509211377,6-mer
ATGTCA,0.2057513211132796,-0.4914500014071328,6-mer
ATGTCT,0.4114450126132857,-0.49290542524140835,6-mer
ATGTCC,0.124352450292065,-1.0162406410072111,6-mer
ATGTCG,0.8567025124750908,0.08366596368189601,6-mer
ATGTGA,-0.22680562516411357,-0.38066350806707955,6-mer
ATGTGT,-0.1941246963136428,-0.776324612780079,6-mer
ATGTGC,-0.03574318508450668,-0.7139163336126167,6-mer
ATGTGG,0.22924388033529194,0.07773100226984678,6-mer
ATGCAA,-0.5686572764708872,-1.0133265989863074,Inverted repeat
ATGCAT,-0.6209351246919259,-1.2414533620118473,Palindromes
ATGCAC,-0.11389096652798443,-0.7597592889738318,Inverted repeat
ATGCAG,0.2025605468074786,-0.3258341756930547,Inverted repeat
ATGCTA,-0.862721879741015,-1.2373620784455188,6-mer
ATGCTT,-0.6241194670319135,-0.7642892541639906,6-mer
ATGCTC,0.16560477589585532,-0.09310940439148137,6-mer
ATGCTG,0.28621599816795923,0.07988999065119441,6-mer
ATGCCA,0.12294860643884335,0.010762779960032056,6-mer
ATGCCT,0.5168836698584712,-0.16579880239420225,6-mer
ATGCCC,0.3612465850478096,-0.3294824310256358,6-mer
ATGCCG,0.4767791917321255,0.1602786135025517,6-mer
ATGCGA,-0.3294468748106074,-0.6862112499226539,6-mer
ATGCGT,0.09714115841053175,-0.320182547135533,6-mer
ATGCGC,0.06930091211673382,-0.147112023329502,6-mer
ATGCGG,0.08626109604058622,-0.2190602646572075,6-mer
ATGGAA,0.16430665513401305,-0.09772481437219012,6-mer
ATGGAT,0.07003660409798151,0.24271809010486597,Inverted repeat
ATGGAC,-0.1265324059289317,-0.6657335705493946,6-mer
ATGGAG,-0.12016475527582023,-0.4081642369173497,6-mer
ATGGTA,-0.3392668231831553,0.22898819000155526,6-mer
ATGGTT,-0.30437099867212486,0.3153051526936272,6-mer
ATGGTC,0.06465295834225349,0.3015143516909893,6-mer
ATGGTG,0.26805350752866713,0.8776088254467082,6-mer
ATGGCA,0.1608275714213454,0.09030239377287708,6-mer
ATGGCT,0.09939707947415767,0.4264806774326475,6-mer
ATGGCC,-0.18281033199397062,-0.06358269058179097,6-mer
ATGGCG,0.39550389426595034,0.6453648117263638,6-mer
ATGGGA,-0.2010126792264093,-0.5045385598068401,6-mer
ATGGGT,-0.09182070842290886,0.21423076989696907,6-mer
ATGGGC,0.25742369540058696,-0.03477844586996887,6-mer
ATGGGG,0.2538994875732572,0.12605039776858298,6-mer
ACAAAA,-0.07780904344246238,-0.037188789042482025,6-mer
ACAAAT,-0.22518581068967802,-0.5378427213213802,6-mer
ACAAAC,-0.022871123968995623,-0.04289222315496068,6-mer
ACAAAG,-0.031379219674730195,-0.016579996636965917,6-mer
ACAATA,0.0874766920756686,-0.15925481506401412,6-mer
ACAATT,-0.6150527306387211,-0.977097216548136,6-mer
ACAATC,-0.16352707349123888,-0.19687843196770136,6-mer
ACAATG,-0.2631970821649001,-0.7672870787063,6-mer
ACAACA,0.3221033600325561,-0.11074706550753881,6-mer
ACAACT,-0.08944128297580028,-0.16266744730402327,6-mer
ACAACC,-0.20234737981961168,0.018339590702933728,6-mer
ACAACG,0.009712639238123502,-0.3990386191471611,6-mer
ACAAGA,0.09451759878428967,-0.12252213221152067,6-mer
ACAAGT,-0.35049724708413316,-0.4560349937557835,Inverted repeat
ACAAGC,0.0002240383638152445,-0.032078457134626044,6-mer
ACAAGG,0.539995769709665,0.13303605174072913,6-mer
ACATAA,-0.10111262794869505,-0.3498113110004216,6-mer
ACATAT,-0.6205482039916618,-0.9155234777316835,6-mer
ACATAC,-0.33746666844110473,-0.6215475023806257,6-mer
ACATAG,0.3094641293213065,-0.22197430945382599,6-mer
ACATTA,0.1579628925881052,-0.5709384178840683,6-mer
ACATTT,-0.42975766861180076,-0.8861066914327103,6-mer
ACATTC,0.2127213221496264,-0.5644943088839872,6-mer
ACATTG,-0.05327686856242187,-0.6353196400517139,6-mer
ACATCA,0.47751014049725754,0.5546829108356028,6-mer
ACATCT,-0.052688539526860374,-0.20661263848456016,6-mer
ACATCC,0.37625525727671927,-0.06100538627589124,6-mer
ACATCG,0.4802621139361626,0.3452546103898456,6-mer
ACATGA,-0.281874304526208,-0.6826024813191154,Inverted repeat
ACATGT,-0.5023041088856696,-1.3433672110283807,Palindromes
ACATGC,-0.04064198449734588,-0.9603626967371526,Inverted repeat
ACATGG,0.12947735856860368,-0.24235653274503777,Inverted repeat
ACACAA,-0.2881348087554141,-0.5731790595257583,6-mer
ACACAT,0.003254106616308355,-0.6886599513801583,6-mer
ACACAC,-0.05391335355103453,-0.580450089897492,6-mer
ACACAG,-0.16146342269411615,-0.5352784028167564,6-mer
ACACTA,-0.07557577460673302,-0.37316361092980943,6-mer
ACACTT,-0.10531354397860751,-0.23049041147191132,6-mer
ACACTC,0.054170369341992784,-0.07896598395695828,6-mer
ACACTG,0.06487878245073381,-0.01039160584659548,6-mer
ACACCA,0.2940856349717893,0.7746852601153649,6-mer
ACACCT,0.3038761850841199,0.13219809865548873,6-mer
ACACCC,0.09260633891070424,-0.08157700852385612,6-mer
ACACCG,0.15124177678311407,0.4219592845142072,6-mer
ACACGA,-0.547182601698758,-0.8553953588761104,6-mer
ACACGT,-0.4062758803686799,-1.0095712588589696,Inverted repeat
ACACGC,-0.07209632281452764,-0.45648645313818903,6-mer
ACACGG,0.13966030344152244,-0.23698555454708703,6-mer
ACAGAA,0.13515805344803794,-0.15785691785610706,6-mer
ACAGAT,-0.19341474543859305,-0.037144737428165805,6-mer
ACAGAC,-0.04858018044506155,-0.6243955273864709,6-mer
ACAGAG,-0.04248927282483344,-0.1574703332031831,6-mer
ACAGTA,-0.006706622315944008,0.04566050118157549,6-mer
ACAGTT,-0.1280923364494509,-0.3369296772267274,6-mer
ACAGTC,-0.39876448739250947,-0.8435109843125667,6-mer
ACAGTG,0.07102937490626282,0.01692720738815859,6-mer
ACAGCA,0.3539862594090045,0.11538450220889608,6-mer
ACAGCT,-0.2671531256392926,-0.31699754313341005,6-mer
ACAGCC,-0.2983602326414873,-0.28052183256263485,6-mer
ACAGCG,0.1225421359587981,0.1400847816816085,6-mer
ACAGGA,0.18744276270034183,-0.4646682670034443,6-mer
ACAGGT,0.15539197597183776,0.0049119670739752085,Inverted repeat
ACAGGC,0.19310061790225563,-0.2320778104394696,6-mer
ACAGGG,0.5230273138745876,-0.31674886102113947,6-mer
ACTAAA,-0.1986065783539546,-0.2553808332903586,6-mer
ACTAAT,-0.6993956739216846,-0.8891008961931394,6-mer
ACTAAC,-0.13594872777997807,-0.3221989980974137,6-mer
ACTAAG,0.013026680296239353,-0.029354719894312292,6-mer
ACTATA,-0.45126022401904997,-0.37277240120101696,6-mer
ACTATT,-0.2286401180332244,-0.32562536316478474,6-mer
ACTATC,0.15227343824878073,0.21199057998777818,6-mer
ACTATG,-0.07537459706054196,-0.09549374333255128,6-mer
ACTACA,0.055543676736215936,-0.12674554384686615,6-mer
ACTACT,0.06506745667376918,0.20911871809481972,6-mer
ACTACC,0.10331296723631637,0.5568985823032797,6-mer
ACTACG,0.25044436524358676,0.02395578030621444,6-mer
ACTAGA,-0.6302236115248293,-1.0084235745850052,Inverted repeat
ACTAGT,-1.4705651579461154,-1.2918783143928316,Palindromes
ACTAGC,-1.1782498660932441,-1.1344947738775968,Inverted repeat
ACTAGG,-0.25340998694539346,-0.7752471760269803,Inverted repeat
ACTTAA,-0.4269473864247641,-0.3046259106376651,6-mer
ACTTAT,-0.3407470745310505,-0.10784417693050898,6-mer
ACTTAC,-0.10529817374604754,0.08395071186599215,6-mer
ACTTAG,0.05444778402237649,-0.12235209617501917,6-mer
ACTTTA,-0.0030597997490580276,0.2835505058964695,6-mer
ACTTTT,-0.3161102583120042,-0.16842757125806324,6-mer
ACTTTC,-0.19713672095334506,-0.11323835490945028,6-mer
ACTTTG,0.054327162389356996,0.18725694214828625,6-mer
ACTTCA,0.1892980200467792,0.3347684406607869,6-mer
ACTTCT,0.21349999443187978,0.1502252804771468,6-mer
ACTTCC,0.3885196698233614,-0.040510800588104204,6-mer
ACTTCG,-0.13103598804871747,-0.24987315775855495,6-mer
ACTTGA,-0.5468754531747155,-0.00214938111188444,6-mer
ACTTGT,-0.4127161873687226,-0.6206275650507561,Inverted repeat
ACTTGC,-0.23104429158935688,-0.17268161898257328,6-mer
ACTTGG,-0.06296261832123154,0.478121328622025,6-mer
ACTCAA,0.38797634087824157,0.6035310443145023,6-mer
ACTCAT,0.13975236264202,0.2774861970506251,6-mer
ACTCAC,0.16823665128954254,0.5236739076737712,6-mer
ACTCAG,0.28715403744623363,0.5245509840253343,6-mer
ACTCTA,0.210674690302272,0.05170593884434256,6-mer
ACTCTT,0.39346242998520486,0.34104714975107286,6-mer
ACTCTC,-0.012979546159245377,0.10199132527722675,6-mer
ACTCTG,0.04230503371999017,0.18081105630932698,6-mer
ACTCCA,-0.0027717492500537507,0.0451971142733292,6-mer
ACTCCT,-0.18608370419499637,-0.37013427471579174,6-mer
ACTCCC,-0.09953567355091435,-0.4946105823608838,6-mer
ACTCCG,-0.28648800716235995,-0.6461481168659086,6-mer
ACTCGA,-0.008883357742835664,0.0725457627918683,6-mer
ACTCGT,-0.11902410314227421,-0.1243540364024103,Inverted repeat
ACTCGC,0.09075720097033683,0.12997061488040113,6-mer
ACTCGG,0.2813216381876143,0.2478817433878754,6-mer
ACTGAA,-0.1955843333545441,0.12669604133536638,6-mer
ACTGAT,-0.2532450889463674,0.5338871598900905,6-mer
ACTGAC,0.5189691999013993,0.5629910869370938,6-mer
ACTGAG,0.09212328334086002,0.41001942451221923,6-mer
ACTGTA,-0.19179137926843937,-0.1791849053667323,6-mer
ACTGTT,0.17090329878832936,-0.026056183366151852,6-mer
ACTGTC,0.008878151346452742,-0.38733401526450467,6-mer
ACTGTG,-0.14784937136178675,-0.20760938473490753,6-mer
ACTGCA,-0.020884447837556018,-0.31136081309302993,6-mer
ACTGCT,0.37914043278921267,0.39973024649099553,6-mer
ACTGCC,0.22701219994974284,0.10258094125868476,6-mer
ACTGCG,0.10162541702430186,0.13775822759979509,6-mer
ACTGGA,0.3518916857585318,0.38570774194811985,6-mer
ACTGGT,-0.24509972604628005,0.6149750697875956,Inverted repeat
ACTGGC,0.34013095015040323,0.8611186379181422,6-mer
ACTGGG,0.4218608465419164,0.48133986964699865,6-mer
ACCAAA,-0.02093611784552008,0.6957484351469578,6-mer
ACCAAT,0.12233321738626331,0.6667161911127908,6-mer
ACCAAC,0.04082897329157699,0.7282000181475624,6-mer
ACCAAG,0.11907998325774048,0.872387989045681,6-mer
ACCATA,-0.3112204940772408,0.2811434220973896,6-mer
ACCATT,0.14328160352136893,0.3706529988812891,6-mer
ACCATC,0.004530566441478461,0.9212756786275783,6-mer
ACCATG,-0.08232166303639708,0.18407204943967112,6-mer
ACCACA,0.2559519841294067,0.7036345232642103,6-mer
ACCACT,0.13915049137298652,0.9278437459344143,6-mer
ACCACC,0.03212558273453617,1.3062936789453932,6-mer
ACCACG,-0.06654623813647174,0.6488634425970313,6-mer
ACCAGA,-0.24099694603941443,0.5630080220798473,6-mer
ACCAGT,-0.036525876025113896,0.6915491930708144,Inverted repeat
ACCAGC,-0.46499412343431945,0.46823961805022984,6-mer
ACCAGG,-2.453164320079263,-2.0117863312066078,6-mer
ACCTAA,0.17763204074142722,0.14852252471008814,6-mer
ACCTAT,0.21652459948053526,0.15563584011664341,6-mer
ACCTAC,0.05522482903683099,0.2823092654214422,6-mer
ACCTAG,0.28729572817910026,-0.05079859953351691,6-mer
ACCTTA,0.38613383495608794,0.43209524142833905,6-mer
ACCTTT,-0.04141244915698668,0.18753215454874325,6-mer
ACCTTC,0.4408562421469741,0.44390022391775075,6-mer
ACCTTG,0.5290947724393754,0.7861032406522994,6-mer
ACCTCA,-0.12115094801280112,0.201443253415526,6-mer
ACCTCT,-0.09742239726256403,0.1434951789093307,6-mer
ACCTCC,-0.7424141386979524,-1.016734015759801,6-mer
ACCTCG,-0.33828784838305237,-0.2985135030132379,6-mer
ACCTGA,-0.09401990933864146,0.3845081793448624,6-mer
ACCTGT,0.157143778592141,-0.0025557049037564362,Inverted repeat
ACCTGC,0.17330910363962426,0.17161868796288823,6-mer
ACCTGG,-1.991284770080775,-1.5129291671299223,6-mer
ACCCAA,0.15306859943210063,0.6184973342926915,6-mer
ACCCAT,-0.09599492089237929,0.05478808241784259,6-mer
ACCCAC,0.038765235345310914,0.5302674315901538,6-mer
ACCCAG,0.21438187859673666,0.5247449778870493,6-mer
ACCCTA,0.15040098884854827,-0.07846123856821866,6-mer
ACCCTT,-0.124356845636953,-0.2130941510980403,6-mer
ACCCTC,-0.18231131910861018,-0.36888903847495425,6-mer
ACCCTG,0.016608002720574333,-0.21207422772272339,6-mer
ACCCCA,0.18390270640361653,0.5300406694587917,6-mer
ACCCCT,0.26413551969482624,-0.2119325279638878,6-mer
ACCCCC,-0.3833055192534116,-0.6454121190497604,6-mer
ACCCCG,-0.16635838642211992,-0.3269944675394438,6-mer
ACCCGA,0.15931980196308615,0.24225552616162782,6-mer
ACCCGT,0.15707074314616296,0.0736616421632589,Inverted repeat
ACCCGC,0.2616772137855478,0.331802842822478,6-mer
ACCCGG,-0.40321206388205433,-0.5842525129898539,6-mer
ACCGAA,0.05174055365137664,0.42870014731281236,6-mer
ACCGAT,0.21376947566849752,1.008010273181912,6-mer
ACCGAC,0.615565378600189,0.7853946166810536,6-mer
ACCGAG,0.23209668465829678,0.570144638691704,6-mer
ACCGTA,0.3575408727548508,0.755868227350986,6-mer
ACCGTT,0.13705275197907818,0.323850122463184,6-mer
ACCGTC,0.11465294619964712,0.23337964592267196,6-mer
ACCGTG,0.0070953595560398685,0.4351193860710478,6-mer
ACCGCA,0.06090201497920442,0.3100679396773012,6-mer
ACCGCT,0.026079043695322636,0.6856187141659857,6-mer
ACCGCC,0.3117082525694833,0.9118157563248708,6-mer
ACCGCG,-0.11416420187370652,0.47231548536805135,6-mer
ACCGGA,0.2494332500760699,0.31521929165455803,Inverted repeat
ACCGGT,-0.46789319738549334,0.32293031447673926,Palindromes
ACCGGC,-0.7955800566146167,-0.3516283291027823,Inverted repeat
ACCGGG,-0.09896979982689583,-0.123708146477041,Inverted repeat
ACGAAA,-0.5493352835702272,-0.6067218472895504,6-mer
ACGAAT,0.06051179037558922,-0.34608660811784653,6-mer
ACGAAC,-0.4041765066470769,-0.5800670259155902,6-mer
ACGAAG,-0.2834072496009756,-0.4150374992788438,6-mer
ACGATA,0.3619191227927311,0.47618615480382437,6-mer
ACGATT,-0.08151006812091686,-0.09874058119632366,6-mer
ACGATC,-0.40754167901209926,0.16944384563032575,6-mer
ACGATG,-0.09890115749435606,-0.024522319134068965,6-mer
ACGACA,0.33247158912883173,-0.4325545538874836,6-mer
ACGACT,-0.10058758394450086,-0.2399753900531925,6-mer
ACGACC,0.041678031249870455,0.0804549319852096,6-mer
ACGACG,0.21637296706966763,-0.1627899653607934,6-mer
ACGAGA,-0.3592585151988916,-0.429812851959242,6-mer
ACGAGT,-0.08866806160970667,-0.24598262488288314,Inverted repeat
ACGAGC,-0.32415249615013,-0.38273503128262687,6-mer
ACGAGG,-0.8281467236626557,-0.8355009302032224,6-mer
ACGTAA,0.10636687754763392,0.03501801092318839,6-mer
ACGTAT,-0.2497985786770995,-0.35689888947561976,6-mer
ACGTAC,-0.027074104583630684,0.1512746435225354,6-mer
ACGTAG,0.033767903399893835,-0.07915192774596364,6-mer
ACGTTA,0.24404945658563634,-0.061685259010537605,6-mer
ACGTTT,0.256471265710199,0.05231103866360053,6-mer
ACGTTC,-0.10593344474906508,-0.3427706860614367,6-mer
ACGTTG,0.037108241931737666,-0.1581676914120605,6-mer
ACGTCA,0.13248308119427843,-0.17820523109790468,6-mer
ACGTCT,-0.027453917787470923,-0.5415999129045348,6-mer
ACGTCC,0.1346836172450234,-0.7562085651488661,6-mer
ACGTCG,0.12146715657978921,-0.3346368138756466,6-mer
ACGTGA,-0.11850194004776372,-0.16519046256514494,6-mer
ACGTGT,-0.3823809226176102,-1.0443384265235764,Inverted repeat
ACGTGC,-0.25364290581309323,-0.6966078565500652,6-mer
ACGTGG,-0.3227183962168425,-0.13354618873748897,6-mer
ACGCAA,-0.3032051276393422,-0.5527277337462597,6-mer
ACGCAT,0.03899413161586378,-0.48773916591964606,6-mer
ACGCAC,-0.05551206184528427,-0.29117795736640717,6-mer
ACGCAG,0.4590051099493433,0.2392612867334227,6-mer
ACGCTA,0.018727750104433064,-0.21456197831179957,6-mer
ACGCTT,0.003907564835289783,0.22282185876807195,6-mer
ACGCTC,0.3435493936946611,0.3628626080346155,6-mer
ACGCTG,0.22321989198768935,0.3104141068703214,6-mer
ACGCCA,0.25949838680655024,0.5243484803655348,6-mer
ACGCCT,0.27825084264472133,-0.03486582201397811,6-mer
ACGCCC,-0.02433130684687154,-0.28392177230761734,6-mer
ACGCCG,-0.056346957268557714,-0.03828797432484935,6-mer
ACGCGA,-0.14959384315714452,-0.14776053096178346,Inverted repeat
ACGCGT,-0.36150924694965303,-0.5676911817759873,Palindromes
ACGCGC,-0.09717430897945081,-0.06473070989649853,Inverted repeat
ACGCGG,-0.25404456577961604,-0.25098280540454837,Inverted repeat
ACGGAA,0.14492036187368348,-0.46831563864766795,6-mer
ACGGAT,0.34097462664786843,0.13838928208197554,6-mer
ACGGAC,-0.3458120816182522,-1.0775713964434188,6-mer
ACGGAG,-0.6605018962284567,-0.9893697186054241,6-mer
ACGGTA,0.5422280905748614,0.9126996989313222,6-mer
ACGGTT,0.18555040490253227,0.4366675152503865,6-mer
ACGGTC,0.11605939046198686,-0.03547157405232733,6-mer
ACGGTG,0.12547904345210434,0.47358188562118836,6-mer
ACGGCA,0.20661852548817036,-0.04837452366185362,6-mer
ACGGCT,0.16205675810897302,0.16847140430081362,6-mer
ACGGCC,0.015479936563692839,-0.05708333611115111,6-mer
ACGGCG,0.3042524436186809,0.3314063794855968,6-mer
ACGGGA,-0.0018192878084122024,-0.75375017846177,6-mer
ACGGGT,0.04635130588118731,0.023912619944328188,Inverted repeat
ACGGGC,0.1471628455301227,-0.40586805906481865,6-mer
ACGGGG,-0.0774945207844438,-0.6552605909814793,6-mer
AGAAAA,0.3701396210108223,0.3143028390763321,6-mer
AGAAAT,0.33531612154268264,-0.015206412622089065,6-mer
AGAAAC,0.10043125681940926,0.12433906455148694,6-mer
AGAAAG,0.0344202638183751,0.2324460860003708,6-mer
AGAATA,0.18983884871941703,-0.1092651727825223,6-mer
AGAATT,-0.18405171347426708,-0.6851290022513349,6-mer
AGAATC,-0.4020869245422394,-0.4143694302505182,6-mer
AGAATG,-0.23952979651690198,-0.5636737653634022,6-mer
AGAACA,0.1031981394024543,-0.31880743648225024,6-mer
AGAACT,-0.2959638469888038,-0.3590977558718554,Inverted repeat
AGAACC,-0.6151660803623739,-0.43016792186339947,6-mer
AGAACG,-0.38089198134779156,-0.6095345430984666,6-mer
AGAAGA,0.5520878174284006,0.5085810274710693,6-mer
AGAAGT,0.33830471486551006,0.25743936843564863,6-mer
AGAAGC,0.2122718462249228,0.16614654595731765,6-mer
AGAAGG,0.6812848331866619,0.288601822533225,6-mer
AGATAA,0.3126417499176268,0.6417184528578318,6-mer
AGATAT,0.06789682207499798,0.1552176008219884,6-mer
AGATAC,-0.21539983419490946,0.16587816837961036,6-mer
AGATAG,0.29171049657833187,0.3686729952598664,6-mer
AGATTA,-0.5343175193353943,-0.2938346832540677,6-mer
AGATTT,-0.37577261697420783,-0.20903276881019986,6-mer
AGATTC,-0.5345343625445458,-0.5438775311989346,6-mer
AGATTG,-0.1956552765357299,-0.004605908846055239,6-mer
AGATCA,-0.4370371480262538,0.37587641723229426,Inverted repeat
AGATCT,-0.31602474973992106,0.14521186592204097,Palindromes
AGATCC,0.018007236154390663,0.24883084885593523,Inverted repeat
AGATCG,-0.2699822262720522,0.3839108996909352,Inverted repeat
AGATGA,-0.06820049214078049,0.3071048799175639,6-mer
AGATGT,0.024470728056561426,-0.2762063576252679,6-mer
AGATGC,-0.16396377608511883,-0.3049825878317646,6-mer
AGATGG,-0.11416377338177908,0.35084417085675,6-mer
AGACAA,-0.03914906318942778,-0.38384450427257033,6-mer
AGACAT,0.4224793932890128,-0.47107334208056145,6-mer
AGACAC,-0.2239223207808667,-0.8332431398649233,6-mer
AGACAG,-0.010613674024851869,-0.5469803698769368,6-mer
AGACTA,-0.4475791965488825,-0.6506033371196523,6-mer
AGACTT,-0.2644051375672083,-0.4943599519402497,6-mer
AGACTC,-0.15543399884532338,-0.4988874122296326,6-mer
AGACTG,-0.694458362773896,-0.6773816754331505,6-mer
AGACCA,-0.4488842803951217,-0.07950480683480002,6-mer
AGACCT,-0.5177602255536453,-0.7027545420774542,Inverted repeat
AGACCC,-0.3737305251219302,-0.829925333632932,6-mer
AGACCG,-0.6059683588414584,-0.44969704063081634,6-mer
AGACGA,0.08712198004594486,-0.3316537609742812,6-mer
AGACGT,-0.04473037271993105,-0.6702777476308397,6-mer
AGACGC,-0.24807668317342824,-0.7409675247237025,6-mer
AGACGG,0.157626272465131,-0.3679595604724712,6-mer
AGAGAA,0.3763902541810473,0.27983201449642525,6-mer
AGAGAT,0.3694628802696072,0.5327969314486657,6-mer
AGAGAC,0.132103536007345,-0.15965666598848516,6-mer
AGAGAG,0.4319581507678525,0.42873097874146465,6-mer
AGAGTA,0.09862078034954619,0.2986529523958933,6-mer
AGAGTT,0.30407933473987936,0.22225115376807175,6-mer
AGAGTC,0.09237124428767243,-0.22382544359570486,6-mer
AGAGTG,0.16278010671135926,0.30813988823883165,6-mer
AGAGCA,0.5639729856976464,0.3482113394741798,6-mer
AGAGCT,0.19105445480344066,0.22077136757017005,Inverted repeat
AGAGCC,-0.07696719357159887,0.06115081548991397,6-mer
AGAGCG,0.2853509877036738,0.2784582343745438,6-mer
AGAGGA,0.4020069822879096,-0.04611427580510164,6-mer
AGAGGT,-0.08883836499117413,-0.012594798701536233,6-mer
AGAGGC,0.10296359650330471,-0.12205869017705376,6-mer
AGAGGG,0.4045386270690674,-0.23436958103239958,6-mer
AGTAAA,0.21456473304618334,0.6265375709420484,6-mer
AGTAAT,0.02399548106897823,0.2105881516190825,6-mer
AGTAAC,0.11258214856830832,0.35479272879298906,6-mer
AGTAAG,-0.12517355823289558,0.31521475080092715,6-mer
AGTATA,-1.4253058347326706,-0.6755348198497682,6-mer
AGTATT,0.24110406910642615,0.20971859130133727,6-mer
AGTATC,-0.1339167110272496,0.3506207707830733,6-mer
AGTATG,-0.4874242515902231,-0.3842448842129257,6-mer
AGTACA,0.2119483400649066,0.28630418515664097,Inverted repeat
AGTACT,-0.18917288603559082,0.21036882715342703,Palindromes
AGTACC,-0.03498219635961022,0.7261898844712817,Inverted repeat
AGTACG,0.1719474351084531,0.4946486308476299,Inverted repeat
AGTAGA,0.010906608322107141,0.04561878007395439,6-mer
AGTAGT,-0.12125115470662275,0.039528364186637216,6-mer
AGTAGC,-0.028569152196770736,0.04769446318201728,6-mer
AGTAGG,0.2586856608955434,0.22979205950225579,6-mer
AGTTAA,-0.051909742330791694,0.01500216333924652,6-mer
AGTTAT,-0.33648455847633046,-0.08607273832516707,6-mer
AGTTAC,-0.10389801735441251,0.12571368682826065,6-mer
AGTTAG,0.270801288877484,0.04541045968994656,6-mer
AGTTTA,-0.26522130187311127,-0.009300818491991917,6-mer
AGTTTT,-0.07594075864154512,-0.044360822682109835,6-mer
AGTTTC,-0.18258030224834126,-0.20646264971675124,6-mer
AGTTTG,0.2701015055401084,0.37880389358073596,6-mer
AGTTCA,-0.044410837438085604,0.0199017189745047,6-mer
AGTTCT,-0.35113444741153044,-0.47939968412949574,Inverted repeat
AGTTCC,-0.2114285536218116,-0.6881832210799266,6-mer
AGTTCG,-0.35072067479065355,-0.4768966013208682,6-mer
AGTTGA,-0.18353873263154116,0.08460447396836776,6-mer
AGTTGT,-0.2838371294585282,-0.35207031563885044,6-mer
AGTTGC,-0.32909566766610915,-0.2960132360150242,6-mer
AGTTGG,0.03377314335512609,0.35489060143411516,6-mer
AGTCAA,-0.24950139233792853,-0.18797363821849816,6-mer
AGTCAT,0.07151480419816686,-0.05502016849363712,6-mer
AGTCAC,0.29982643720342955,0.32312604815796203,6-mer
AGTCAG,0.2348537014155918,0.35771060104371,6-mer
AGTCTA,-0.4789718050329422,-0.79090440127701,6-mer
AGTCTT,-0.3525870736819306,-0.66454194419889,6-mer
AGTCTC,-0.23429258033365374,-0.5548005302109036,6-mer
AGTCTG,-0.2874996461745223,-0.527567432648443,6-mer
AGTCCA,-0.5299861601657054,-0.9308824268214074,6-mer
AGTCCT,-0.28204637435959695,-0.9489910611824522,Inverted repeat
AGTCCC,-0.2817709684153795,-1.057517613890024,6-mer
AGTCCG,-0.6599973133907135,-1.0390931974018596,6-mer
AGTCGA,0.4687155557316859,0.18349365786619862,6-mer
AGTCGT,0.01488748777555226,-0.19326412752961955,6-mer
AGTCGC,-0.017777876145608877,-0.1997257333792656,6-mer
AGTCGG,0.310425405598385,0.1489874254555148,6-mer
AGTGAA,0.2873956889279334,0.5980013965321002,6-mer
AGTGAT,0.2841251863283273,0.9299851063284275,6-mer
AGTGAC,0.3732232079442986,0.4473013484497981,6-mer
AGTGAG,-0.007864638907075597,0.4627590677785056,6-mer
AGTGTA,-0.3212706808678346,-0.17734834476753455,6-mer
AGTGTT,0.17838985986909106,-0.015512999371324528,6-mer
AGTGTC,0.06578688219637428,-0.33413180492511757,6-mer
AGTGTG,-0.011693281832985892,-0.08888062737185747,6-mer
AGTGCA,-0.09149174811886882,-0.40206966707929037,6-mer
AGTGCT,0.12402303324992997,0.031599194945187516,Inverted repeat
AGTGCC,0.13398793689131994,0.09849776340478922,6-mer
AGTGCG,-0.021381472376357277,-0.038973248062435184,6-mer
AGTGGA,0.2838190476797337,0.2968574892751865,6-mer
AGTGGT,0.12420553755590709,0.9122388687989614,6-mer
AGTGGC,0.17415052523244953,0.6836360917600794,6-mer
AGTGGG,0.2036684367960994,0.25131464162020073,6-mer
AGCAAA,0.08135335426486749,0.184023952342548,6-mer
AGCAAT,0.05530079498522966,-0.14728873449537236,6-mer
AGCAAC,-0.14043766674059222,-0.10976713689492051,6-mer
AGCAAG,0.37700270112088463,0.4556951270709855,6-mer
AGCATA,-0.3861726825578514,-0.42303029003237447,6-mer
AGCATT,-0.05694379682644643,-0.5205484859812632,6-mer
AGCATC,-0.1946344375223338,-0.057685907450262655,6-mer
AGCATG,-0.01881715781866071,-0.4254248051727571,6-mer
AGCACA,0.14054539636538196,-0.17519776096926593,6-mer
AGCACT,0.2000273333330743,0.108888941639886,Inverted repeat
AGCACC,-0.18001719049856904,0.19722162502703244,6-mer
AGCACG,-0.11206452610846589,-0.30773421330460793,6-mer
AGCAGA,0.5050577879203206,0.4065782389752432,6-mer
AGCAGT,0.3894088011868331,0.46071472367261085,6-mer
AGCAGC,0.1710455413362274,0.31497905529859715,6-mer
AGCAGG,0.36082915045869746,0.06086344575629811,6-mer
AGCTAA,-0.30470168077676596,-0.30567874324228733,6-mer
AGCTAT,-0.2796806860695631,-0.276646908670885,6-mer
AGCTAC,-0.24479210645360847,-0.07136051274186604,6-mer
AGCTAG,-0.18057224564182084,-0.6257567083830738,6-mer
AGCTTA,-0.04620200811745422,0.162717348417837,6-mer
AGCTTT,-0.36887350848779477,-0.05466365938427686,6-mer
AGCTTC,-0.39659269580563117,-0.10023182896143738,6-mer
AGCTTG,-0.12734134897478788,0.20830027120043615,6-mer
AGCTCA,0.18924073735317287,0.5452370169507406,6-mer
AGCTCT,0.21892499011964628,0.33202679943518093,Inverted repeat
AGCTCC,-0.6647369396768347,-0.799320846348231,6-mer
AGCTCG,-0.19719607613547155,0.061531913726416365,6-mer
AGCTGA,-0.3420169188268232,0.1345400191454185,6-mer
AGCTGT,-0.280654649479466,-0.2955022121028162,6-mer
AGCTGC,-0.24735070459700456,-0.12305663625705354,6-mer
AGCTGG,-0.3403258962722632,0.23578304133042377,6-mer
AGCCAA,0.24156119252798683,0.7622565134639451,6-mer
AGCCAT,0.170867923192976,0.4725553465835264,6-mer
AGCCAC,-0.13264634948522794,0.45395503236322393,6-mer
AGCCAG,-0.02500475333616925,0.584076129930452,6-mer
AGCCTA,0.15458567644106333,-0.06900915459098737,6-mer
AGCCTT,0.4550090772777288,0.29908459878649074,6-mer
AGCCTC,-0.3027190411471968,-0.30819830468986403,6-mer
AGCCTG,-0.294977298336548,-0.1740589386831465,6-mer
AGCCCA,-0.15649798777079205,-0.024774551009503362,6-mer
AGCCCT,0.02297784755888001,-0.33773895082364813,Inverted repeat
AGCCCC,-0.23249659964827735,-0.3811307375117464,6-mer
AGCCCG,-0.286975183444621,-0.3821979255085891,6-mer
AGCCGA,0.06071978048312242,0.28502228799593027,6-mer
AGCCGT,0.09728988380586905,0.17771321255094485,6-mer
AGCCGC,-0.04409640450038176,0.24817633459127905,6-mer
AGCCGG,-0.6180936598330581,-0.47699492098898644,6-mer
AGCGAA,-0.10177343293428409,0.0453574429888348,6-mer
AGCGAT,0.06632950033616643,0.6689427857062229,6-mer
AGCGAC,0.03098548057373259,-0.07158361193384513,6-mer
AGCGAG,-0.11769504266975439,0.14100359533057813,6-mer
AGCGTA,0.1930287677650798,0.40031599357207825,6-mer
AGCGTT,0.3284041904179456,0.3077382423743353,6-mer
AGCGTC,0.14057075809775113,-0.04984694113881419,6-mer
AGCGTG,0.05869362502649939,0.20830896444688107,6-mer
AGCGCA,0.22514710081374326,0.24256485565742958,Inverted repeat
AGCGCT,0.18417933835204703,0.4741638623174162,Palindromes
AGCGCC,0.026612305072137875,0.3775323479423168,Inverted repeat
AGCGCG,-0.21357914379387039,0.16689374894166248,Inverted repeat
AGCGGA,0.3170774410144583,0.12193114210481319,6-mer
AGCGGT,0.08673100693912147,0.8000265084932907,6-mer
AGCGGC,0.14663462589649248,0.5182344149492456,6-mer
AGCGGG,0.29890531519723457,0.12653240592893153,6-mer
AGGAAA,0.1682133206263089,-0.24598871714126064,6-mer
AGGAAT,0.20046458240169512,-0.4868623447423018,6-mer
AGGAAC,-0.027480736422106907,-0.7305145532446373,6-mer
AGGAAG,0.19623387342706056,-0.2219607352048939,6-mer
AGGATA,-0.0761328340226429,-0.054890082160991345,6-mer
AGGATT,0.06385754652783276,-0.2362859017329167,6-mer
AGGATC,-0.1942668917614377,-0.11158465696045276,6-mer
AGGATG,-0.22932291524506443,-0.3070602155826237,6-mer
AGGACA,0.08586073665383791,-1.0202331789832502,6-mer
AGGACT,-0.4301443916690523,-1.1660028557346762,Inverted repeat
AGGACC,-1.5997182271672974,-2.107756180355883,6-mer
AGGACG,0.13862088152430252,-0.8608105922827135,6-mer
AGGAGA,0.2545728270855977,-0.12535841847523715,6-mer
AGGAGT,-0.08612727740620144,-0.41678164018144703,6-mer
AGGAGC,-0.42421491941024914,-0.6156000332591562,6-mer
AGGAGG,-0.4829234514928535,-1.00990448940899,6-mer
AGGTAA,0.39541942301573685,0.7637225747807748,6-mer
AGGTAT,0.06713724965476281,0.411154973570455,6-mer
AGGTAC,-0.2447484178258333,0.19763398531035511,6-mer
AGGTAG,0.055639063838481995,0.3152059186320528,6-mer
AGGTTA,0.15602875365287866,0.24293629596955263,6-mer
AGGTTT,0.265666068167859,0.37842272753053974,6-mer
AGGTTC,-0.20003486400858073,-0.08723031726871124,6-mer
AGGTTG,-0.17968309415392644,0.04407497434202333,6-mer
AGGTCA,0.09696172988708811,0.11723767528437325,6-mer
AGGTCT,-0.2738929213084874,-0.5831802953791465,Inverted repeat
AGGTCC,-1.088239169461118,-1.6501378907333915,6-mer
AGGTCG,0.21643306471623275,0.0804549319852096,6-mer
AGGTGA,0.26196895605321474,0.6243722681653078,6-mer
AGGTGT,0.10303449857920308,-0.11835465319460257,6-mer
AGGTGC,-0.24106907433700214,-0.30162773315734775,6-mer
AGGTGG,0.022051245094221992,0.44016999337808704,6-mer
AGGCAA,0.0850782566366246,-0.23461599759420398,6-mer
AGGCAT,0.3436231659866814,-0.289679178051705,6-mer
AGGCAC,-0.22239242133644793,-0.5806021057409724,6-mer
AGGCAG,0.017624247540050278,-0.2604225170339525,6-mer
AGGCTA,0.16294484372697585,-0.1293882552979648,6-mer
AGGCTT,0.36230244279347795,0.3390266616766428,6-mer
AGGCTC,-0.07975274883400048,-0.21985713105226548,6-mer
AGGCTG,-0.5975027973388362,-0.4521579807629476,6-mer
AGGCCA,-0.27514443903134495,-0.10006373115275848,Inverted repeat
AGGCCT,-0.32716474325350936,-0.7242037628359212,Palindromes
AGGCCC,-0.7251185257531109,-1.1928481457224327,Inverted repeat
AGGCCG,-0.38179122239482227,-0.4548520131249484,Inverted repeat
AGGCGA,0.40278760287166493,0.19952307613149936,6-mer
AGGCGT,0.2220453579795397,-0.036910008377565376,6-mer
AGGCGC,-0.2318660625890657,-0.34793832515635464,6-mer
AGGCGG,0.14703609715484328,0.12039044224969975,6-mer
AGGGAA,0.016806695730510322,-0.6127923435239195,6-mer
AGGGAT,0.3409453210577346,0.01825013815376443,6-mer
AGGGAC,-0.08787275602533429,-1.301671254440763,6-mer
AGGGAG,-0.15303322204353925,-0.582325031904525,6-mer
AGGGTA,-0.18174393013803436,0.020399144360033167,6-mer
AGGGTT,0.16995175790409175,0.17872270171002624,6-mer
AGGGTC,-0.7160892341266487,-0.8367037370235912,6-mer
AGGGTG,-0.29450513251447497,-0.3888176264418802,6-mer
AGGGCA,0.5095474502089301,-0.43695890249629105,6-mer
AGGGCT,0.22193536603692124,-0.219819070082076,Inverted repeat
AGGGCC,-0.4592401400995035,-1.1928876632145349,6-mer
AGGGCG,0.26833567967184735,-0.3253186840881366,6-mer
AGGGGA,0.8645892888201945,0.01034194422145882,6-mer
AGGGGT,0.15632078009853595,-0.20364407689165304,6-mer
AGGGGC,-0.050234302520136394,-0.4977960732048777,6-mer
AGGGGG,0.18813899919048482,-0.30773421330460793,6-mer
TAAAAA,0.041408021268115054,0.35407884992216315,6-mer
TAAAAT,-0.213795142123487,-0.2733178324767181,6-mer
TAAAAC,0.30079695942597523,0.187817691906212,6-mer
TAAAAG,-0.18183637202565678,-0.14372290205152108,6-mer
TAAATA,0.36592909147462277,0.31782724729639633,Inverted repeat
TAAATT,-0.09083112550540484,-0.32586945049801086,6-mer
TAAATC,-0.06732822969037944,0.1720440833796466,6-mer
TAAATG,-0.35435879841780826,-0.6283742993950218,6-mer
TAAACA,0.2660668715659262,0.2582568002803083,6-mer
TAAACT,-0.1126020202639704,0.12089886142622054,6-mer
TAAACC,0.04501395256294132,0.6533546585961815,6-mer
TAAACG,0.162774548360258,0.1003631442021558,6-mer
TAAAGA,0.4439145765689801,0.466601701214073,6-mer
TAAAGT,0.16536007087411336,0.29545588352617125,6-mer
TAAAGC,0.27790859726100453,0.4862827484238253,6-mer
TAAAGG,0.36885733124006786,0.1851188912407155,6-mer
TAATAA,-0.17707358974868626,0.1387211592484826,6-mer
TAATAT,-0.2823217067352114,-0.4170558598131495,6-mer
TAATAC,-0.024722429411231237,-0.0024852633895942394,6-mer
TAATAG,-0.32603249322009886,-0.45675251844141584,6-mer
TAATTA,-0.8835039089446659,-0.6579537856091365,Palindromes
TAATTT,-0.3068579517061116,-0.33816873589457336,Inverted repeat
TAATTC,-0.16041275240913658,-0.5409189159128367,Inverted repeat
TAATTG,-0.5745270480548456,-0.771122164824736,Inverted repeat
TAATCA,-0.4777646322304876,0.06393266547675547,6-mer
TAATCT,-0.5864301458537176,-0.20800383245148704,6-mer
TAATCC,0.10177762433758399,0.07541614496623052,6-mer
TAATCG,-0.06149226238408011,0.15097325897995637,6-mer
TAATGA,0.14945280987324222,0.08166812380014547,6-mer
TAATGT,0.07639200944654763,-0.5416852193346765,6-mer
TAATGC,0.5353691371017908,-0.08204151121008693,6-mer
TAATGG,0.11072116629446334,-0.004282730293851452,6-mer
TAACAA,-0.3643146163533878,-0.3425828383424231,6-mer
TAACAT,-0.3663147089848273,-0.7070186408052952,6-mer
TAACAC,0.0676427523916112,-0.1795003271432264,6-mer
TAACAG,-0.3299379534003904,-0.47951413430035006,6-mer
TAACTA,-0.24601125799147974,-0.28019050993244704,Inverted repeat
TAACTT,-0.03315476479824465,0.003019863898314124,6-mer
TAACTC,0.28562363157501125,0.2696301744989012,6-mer
TAACTG,-0.20549158242904583,0.005559525341900504,6-mer
TAACCA,0.14732660623557664,0.8125789291206165,6-mer
TAACCT,0.20222777556749336,0.28555910137984536,6-mer
TAACCC,0.6979586043630714,0.6871447312755874,6-mer
TAACCG,0.23799742497921547,0.5123996205679475,6-mer
TAACGA,0.2919862946126816,0.171144345151495,6-mer
TAACGT,0.34253641179904176,0.10254578074224983,6-mer
TAACGC,0.5186814671320034,0.35239561744107395,6-mer
TAACGG,0.5440700700742551,0.19671857252882072,6-mer
TAAGAA,-0.1868039477749857,-0.2121056840428016,6-mer
TAAGAT,-0.7988988539751283,-0.38192533710136123,6-mer
TAAGAC,-0.6669504321636082,-0.6472730460566419,6-mer
TAAGAG,-0.8583405751670415,-0.45099099837438655,6-mer
TAAGTA,-0.19878549886062005,0.15378200247547988,Inverted repeat
TAAGTT,-0.22776621887873164,-0.1584164669487178,6-mer
TAAGTC,-0.014270096966638638,-0.18644881197849014,6-mer
TAAGTG,-0.5385205527138441,-0.266640880132317,6-mer
TAAGCA,-0.09555449141590365,-0.09349264122223527,6-mer
TAAGCT,-0.0534879841180643,0.15794567643997262,6-mer
TAAGCC,0.2988388414106463,0.4210612869066137,6-mer
TAAGCG,-0.1676674228537753,0.07736913227607595,6-mer
TAAGGA,-0.13066011913767647,-0.3128001237854782,6-mer
TAAGGT,0.4002621465984456,0.5832220512401348,6-mer
TAAGGC,-0.05163186383598528,-0.14513396487431243,6-mer
TAAGGG,-0.1536001308954324,-0.39919024612198206,6-mer
TATAAA,-0.5555424248566841,-0.20181358026560237,6-mer
TATAAT,-1.6798537959939865,-1.068227338814699,6-mer
TATAAC,-0.02708293676331921,-0.022156413652167525,6-mer
TATAAG,-0.6389426689088077,-0.3752277939735241,6-mer
TATATA,-1.1340070213334628,-0.534588978206037,Palindromes
TATATT,-0.47788527815762244,-0.316731529013547,Inverted repeat
TATATC,-0.4335188082295627,-0.13241352494103154,Inverted repeat
TATATG,-0.8766127959344575,-0.9360181743812143,Inverted repeat
TATACA,-0.6929104140882707,-0.6869137818644445,6-mer
TATACT,-1.3153475515427973,-0.6087186239737644,6-mer
TATACC,-0.25933043707037506,0.5295545643681725,6-mer
TATACG,-0.581079066233928,-0.6142285981972897,6-mer
TATAGA,-0.4173625522250876,-0.36859175578734765,6-mer
TATAGT,-0.7710289899093103,-0.4054367289965679,6-mer
TATAGC,-0.4039778502910232,-0.45794609074813486,6-mer
TATAGG,-0.49711915174320176,-0.6026796694800293,6-mer
TATTAA,-0.19639721280350345,-0.10591626131866899,6-mer
TATTAT,-0.5485927014031656,-0.19598079050565215,6-mer
TATTAC,0.18715062174698177,0.24600187163203957,6-mer
TATTAG,-0.12357160900642394,-0.39326938258953875,6-mer
TATTTA,-0.017242251227597552,0.3917283742641386,Inverted repeat
TATTTT,0.1844487873847258,0.2080401572237352,6-mer
TATTTC,0.08879573278890199,-0.00480614557298166,6-mer
TATTTG,-0.3141959010813266,-0.36368972114158343,6-mer
TATTCA,0.5822499718561324,0.4120324757298699,6-mer
TATTCT,0.17059849437477548,-0.11648574248085185,6-mer
TATTCC,0.868444160219875,0.07423788632808351,6-mer
TATTCG,0.4286993675381403,-0.01133956923986528,6-mer
TATTGA,0.6291245876073133,0.6991470449132868,6-mer
TATTGT,0.18552527695177914,-0.07685921528913404,6-mer
TATTGC,0.5156494093890973,0.13103886002380347,6-mer
TATTGG,0.5325170064501776,0.7209310302100517,6-mer
TATCAA,0.20634250600890489,0.6685127699761507,6-mer
TATCAT,-0.6410140945737033,-0.246864319506583,6-mer
TATCAC,-0.00016337637080918107,0.5621037689208609,6-mer
TATCAG,-0.3669799747949624,0.18914382879218233,6-mer
TATCTA,0.32724189478383026,0.5652112535989368,Inverted repeat
TATCTT,-0.004748314898163335,0.33131378331892014,6-mer
TATCTC,0.10203356835055462,0.3225118274629526,6-mer
TATCTG,0.12282186258184917,0.45048633528313353,6-mer
TATCCA,0.6426166063819676,0.8123527158809458,6-mer
TATCCT,-0.0420474352084868,-0.18190726623974143,6-mer
TATCCC,0.6936045540075634,0.4618835605678818,6-mer
TATCCG,0.5747349845138945,0.4970857461009172,6-mer
TATCGA,0.9203177730123185,1.2182198686936145,6-mer
TATCGT,0.26206017607593285,0.4839427585763333,6-mer
TATCGC,0.5153057656657353,0.7740185205902294,6-mer
TATCGG,0.3838339997431381,0.6653483200500517,6-mer
TATGAA,-0.42853667223394665,-0.2533905808169558,6-mer
TATGAT,-1.0843937137571467,-0.46221535523309165,6-mer
TATGAC,0.07413789596735565,-0.24849651169228956,6-mer
TATGAG,-0.784365800367238,-0.5465814089933001,6-mer
TATGTA,-0.4243153128668545,-0.6674416237180616,Inverted repeat
TATGTT,-0.14027660493221178,-0.5698771489695533,6-mer
TATGTC,0.2569110691547988,-0.5095148830067292,6-mer
TATGTG,-0.27787120737597565,-0.5303129270570929,6-mer
TATGCA,-0.30345738539092576,-0.8976194067098825,6-mer
TATGCT,-0.3373375342097666,-0.3884846196756044,6-mer
TATGCC,0.23116263096418005,-0.23063989213586408,6-mer
TATGCG,-0.39507204996426987,-0.6396709107113426,6-mer
TATGGA,0.1496337464830609,0.04213792271630863,6-mer
TATGGT,-0.19670870908904667,0.4096530775104388,6-mer
TATGGC,0.06456801314684371,0.20746379265394116,6-mer
TATGGG,-0.10815043291414353,-0.15806484623225148,6-mer
TACAAA,-0.2423035023116672,-0.19714647017733658,6-mer
TACAAT,-1.0360214559004701,-1.010946949173607,6-mer
TACAAC,0.057428280049069524,0.011140557605200382,6-mer
TACAAG,-0.03746477459776245,-0.16425011422561833,6-mer
TACATA,-0.4001735666468536,-0.6388604562217325,Inverted repeat
TACATT,-0.3959163718433513,-0.6923500225469084,6-mer
TACATC,0.12819966851162448,0.1967357226342145,6-mer
TACATG,-0.30940312949145343,-0.7904705866944279,6-mer
TACACA,-0.12404649614510652,-0.4648860487294054,6-mer
TACACT,-0.38079798671306203,-0.290998398311145,6-mer
TACACC,0.3529858194111022,0.6022663968087519,6-mer
TACACG,-0.3045110418099529,-0.48683777597794897,6-mer
TACAGA,-0.08211495388340269,-0.11045944356989097,6-mer
TACAGT,-0.40947137409824164,-0.27941414902265055,6-mer
TACAGC,0.06826927601702835,0.1542405241678361,6-mer
TACAGG,0.04419066572860751,-0.17024556472346436,6-mer
TACTAA,-0.6286607244573629,-0.4962182888910765,6-mer
TACTAT,-0.5344575279213928,-0.21741320879454953,6-mer
TACTAC,-0.017081936601266775,0.17060077335844806,6-mer
TACTAG,-1.2854654519731212,-1.1027804742433651,6-mer
TACTTA,-0.28924428515664224,0.04439411935845331,Inverted repeat
TACTTT,-0.20311481429290906,0.10544304009180773,6-mer
TACTTC,-0.17193395817991583,-0.029650806538256955,6-mer
TACTTG,-0.5097779892492535,-0.05877328026998779,6-mer
TACTCA,0.4140483356878901,0.6766588205021111,6-mer
TACTCT,0.016025423926075037,0.3291203352305121,6-mer
TACTCC,-0.05358104020484401,-0.0786569438749984,6-mer
TACTCG,0.06898161142985963,0.2811542912076058,6-mer
TACTGA,0.1988894810758856,0.7502985597849267,6-mer
TACTGT,0.116302524130321,0.19003491432599504,6-mer
TACTGC,0.44343999597066275,0.5399928982490387,6-mer
TACTGG,0.4528012455867391,1.0681966045588265,6-mer
TACCAA,0.03617969844915469,0.8142413076428441,6-mer
TACCAT,-0.4381399083744649,0.1838958208874593,6-mer
TACCAC,0.007661701708066772,0.9344730918045595,6-mer
TACCAG,-0.7419368802638897,0.15392029643934071,6-mer
TACCTA,0.48233061186618814,0.6784134118110932,Inverted repeat
TACCTT,0.41631783765905317,0.7463284121756939,6-mer
TACCTC,-0.3242815946603344,-0.02163591394745467,6-mer
TACCTG,-0.03168609979768441,0.5386266649984123,6-mer
TACCCA,0.3710449940310533,0.9770995978899212,6-mer
TACCCT,0.04515203639237489,0.027027371656219608,6-mer
TACCCC,0.1200378837230984,0.31417165125292795,6-mer
TACCCG,0.3579464487962045,0.547400414845128,6-mer
TACCGA,0.4934537465972309,1.0676231727701095,6-mer
TACCGT,0.2683101516157138,0.757080955463282,6-mer
TACCGC,0.49360339898263483,1.129644056761329,6-mer
TACCGG,-0.08059985495698603,0.37385161466538974,6-mer
TACGAA,-0.43583371170949,-0.4786428106852232,6-mer
TACGAT,-0.14145070826659792,0.1661853160031802,6-mer
TACGAC,0.2372503800635609,-0.025415132431278326,6-mer
TACGAG,-0.5452147462190677,-0.6290327464581149,6-mer
TACGTA,0.14564538727837723,0.2602955439938608,Palindromes
TACGTT,0.11269380070988348,0.06510217648704052,Inverted repeat
TACGTC,0.1704924650119147,-0.1371528017253831,Inverted repeat
TACGTG,-0.11138280344685687,-0.11204765272023692,Inverted repeat
TACGCA,0.06340188749720112,-0.0364510455035127,6-mer
TACGCT,0.10900253735160739,0.40181515074999974,6-mer
TACGCC,0.35479471219657316,0.46149335732942154,6-mer
TACGCG,-0.05837236311618027,0.03944927123188002,6-mer
TACGGA,-0.10537589534310716,-0.38328424825191626,6-mer
TACGGT,0.35479071901076004,0.7565057805618514,6-mer
TACGGC,0.4080655386711344,0.3814849395678172,6-mer
TACGGG,-0.05851008167268927,-0.30691890102470665,6-mer
TAGAAA,0.36871302431673786,0.12621771620341987,6-mer
TAGAAT,-0.43977774239473894,-0.7989282306220806,6-mer
TAGAAC,0.18150577608361573,-0.3767687866820869,6-mer
TAGAAG,0.60159913295871,0.06340668662246743,6-mer
TAGATA,0.40601157865430576,0.39343912430544137,Inverted repeat
TAGATT,-0.7668705751999791,-0.6890263620022458,6-mer
TAGATC,-1.0993849138411906,-0.6917468420097141,6-mer
TAGATG,-0.26938667199186583,-0.4422071088848025,6-mer
TAGACA,0.2860165760835108,-0.46352640153515917,6-mer
TAGACT,-0.40476568241386407,-0.7224660244710911,6-mer
TAGACC,-0.1453253834931987,-0.4041891685864474,6-mer
TAGACG,0.28817930353282195,-0.4289959568687635,6-mer
TAGAGA,0.6181996303411974,0.22832005742801673,6-mer
TAGAGT,-0.04642498695383662,-0.17545353823734278,6-mer
TAGAGC,0.5432939960780656,0.24867911285672373,6-mer
TAGAGG,0.4224143344061183,-0.1393444006628293,6-mer
TAGTAA,-0.25553687325637786,-0.018802615785165084,6-mer
TAGTAT,-1.0363970582170112,-0.6791892628870054,6-mer
TAGTAC,-0.2734343350250516,-0.06391983256184032,6-mer
TAGTAG,-0.3847435769652444,-0.5607149544744789,6-mer
TAGTTA,-0.3619104688598602,-0.2865854832639401,Inverted repeat
TAGTTT,-0.6198042499334572,-0.3841038210987242,6-mer
TAGTTC,-0.744389340007151,-0.9296353755793074,6-mer
TAGTTG,-0.6545583106117511,-0.7442142619038499,6-mer
TAGTCA,0.28198276681317264,0.07687652295894105,6-mer
TAGTCT,-0.3373632943786969,-0.5895982014213103,6-mer
TAGTCC,-0.37649245561707767,-1.1585297205079625,6-mer
TAGTCG,0.42119911040575747,-0.20063256902473403,6-mer
TAGTGA,0.4979136916277375,0.5369449274810154,6-mer
TAGTGT,-0.29333716599731957,-0.5044592584396099,6-mer
TAGTGC,0.22582633536315044,-0.3290679550072241,6-mer
TAGTGG,0.10534932636674282,0.15481810905210394,6-mer
TAGCAA,-0.3757646129445225,-0.5293183528845635,6-mer
TAGCAT,-0.8606707365900607,-1.1739931689072338,6-mer
TAGCAC,-0.27385273749758693,-0.5436105956791157,6-mer
TAGCAG,-0.4930314987754137,-0.7179363659905769,6-mer
TAGCTA,-0.2555231465564093,-0.5350004417196438,Palindromes
TAGCTT,-0.3351065696104922,-0.3360343565427607,Inverted repeat
TAGCTC,0.07124922104409302,-0.11964911995737405,Inverted repeat
TAGCTG,-0.5374366919895751,-0.4953379480647585,Inverted repeat
TAGCCA,0.45834199396835124,0.6156592979440726,6-mer
TAGCCT,0.14818322228824563,-0.16821503912183813,6-mer
TAGCCC,0.3065413614564194,-0.12225357731586642,6-mer
TAGCCG,0.2534628113459818,0.08233827585538135,6-mer
TAGCGA,0.2893319673502237,0.23691749025459868,6-mer
TAGCGT,-0.17495043612813346,-0.48126955406807725,6-mer
TAGCGC,0.19458406600991607,0.10215162175792576,6-mer
TAGCGG,0.4794874817364633,0.3317778018156112,6-mer
TAGGAA,0.2246419994306017,-0.3843674481009383,6-mer
TAGGAT,-0.05952309139361257,-0.38605159568364855,6-mer
TAGGAC,-0.45845977956997225,-1.3078119657369334,6-mer
TAGGAG,-0.3963009366972581,-0.6814492653149576,6-mer
TAGGTA,0.4611572857406448,0.6859040815207896,Inverted repeat
TAGGTT,0.19215024170331743,0.18989970120357852,6-mer
TAGGTC,-0.002402490215304543,-0.43759830207962674,6-mer
TAGGTG,0.15356023881034425,0.06428220804892978,6-mer
TAGGCA,0.23028667503119563,-0.3211555083037592,6-mer
TAGGCT,0.2699181415761367,0.01684098937731344,6-mer
TAGGCC,-0.03799416498603954,-0.563110264738966,6-mer
TAGGCG,0.02617205635316165,-0.3454805871245801,6-mer
TAGGGA,0.21891642678451706,-0.46020290710308215,6-mer
TAGGGT,-0.023363993065510475,0.03178050371806079,6-mer
TAGGGC,0.3308336481092543,-0.5913390637688205,6-mer
TAGGGG,0.6633753939059358,0.028506427688994217,6-mer
TTAAAA,-0.30869407989014164,-0.3371420876110067,Inverted repeat
TTAAAT,-0.09724339915025394,-0.2092788652818625,6-mer
TTAAAC,-0.09871768219104823,0.07078035514433756,6-mer
TTAAAG,0.08211945286183693,0.06161911826366583,6-mer
TTAATA,-0.21066343244441652,-0.17072850747304572,6-mer
TTAATT,-0.1989810347263955,-0.45870948879446233,6-mer
TTAATC,-0.10151718736664994,0.1418437775715154,6-mer
TTAATG,0.35060048477002576,-0.06249459569867996,6-mer
TTAACA,-0.44124320685888885,-0.5746105283479229,6-mer
TTAACT,-0.16747100476072702,-0.18057224564182084,6-mer
TTAACC,0.4026639595301014,0.6034381509028856,6-mer
TTAACG,0.35176214130983013,0.10557844677580733,6-mer
TTAAGA,-0.8437273117225661,-0.7099326803246465,6-mer
TTAAGT,-0.46615849346546273,-0.2937779292649016,6-mer
TTAAGC,-0.24023027645678524,-0.13518396816489867,6-mer
TTAAGG,-0.31223840383456364,-0.32766690926588904,6-mer
TTATAA,-0.7663624543838959,-0.42378570301817053,Palindromes
TTATAT,-0.5458772927477681,-0.3284463064613303,Inverted repeat
TTATAC,-0.5002689341089447,-0.10065036940771264,Inverted repeat
TTATAG,-0.5418512302392741,-0.48434453526585386,Inverted repeat
TTATTA,-0.15526115711263322,0.12854118591918354,6-mer
TTATTT,-0.23909004687353724,0.06526782582497224,6-mer
TTATTC,0.18344321266078126,0.088823461193767,6-mer
TTATTG,0.2803524645007008,0.40353674086116803,6-mer
TTATCA,-0.03382041930598609,0.5300653489826753,6-mer
TTATCT,0.47484897500272716,0.8040050776973887,6-mer
TTATCC,0.7436602467402145,0.7687901602353583,6-mer
TTATCG,0.6286449395385532,1.0093445849318727,6-mer
TTATGA,-0.6723418937231632,-0.27497533678032715,6-mer
TTATGT,-0.12263700899280205,-0.4454874986101339,6-mer
TTATGC,-0.24511249783653136,-0.46234321405720064,6-mer
TTATGG,-0.15611920191728182,0.17701314801478732,6-mer
TTACAA,-0.23833396520546937,-0.2902437784075614,Inverted repeat
TTACAT,-0.40835297528738296,-0.5305719199675921,6-mer
TTACAC,-0.25630226556887176,-0.2756456436183992,6-mer
TTACAG,-0.3713979228426156,-0.3314966769347849,6-mer
TTACTA,-0.2830285197218611,-0.1327587875813413,6-mer
TTACTT,-0.32944195856950587,-0.025279408448357698,6-mer
TTACTC,0.2720596522771335,0.5173507435572823,6-mer
TTACTG,0.4502366244601333,0.7701517737445048,6-mer
TTACCA,-0.2009010278811936,0.552250186410338,6-mer
TTACCT,0.4212401080465605,0.7637822592113919,6-mer
TTACCC,0.552564199038882,0.6519339755981364,6-mer
TTACCG,0.4830188185955678,1.016732652154547,6-mer
TTACGA,-0.019566168027105754,-0.0726884439809859,6-mer
TTACGT,0.20471111838907657,0.07964522349023455,6-mer
TTACGC,0.2932716362642953,0.34093620965444665,6-mer
TTACGG,0.19703684705955357,0.16917504299069475,6-mer
TTAGAA,0.27463781074514226,-0.2801551308898691,Inverted repeat
TTAGAT,-0.3634089480924558,-0.3573671187756441,6-mer
TTAGAC,-0.2532201160068381,-0.7792313211432161,6-mer
TTAGAG,0.3988377734372138,0.01811655114932347,6-mer
TTAGTA,-0.6873148741381783,-0.4633265653976298,6-mer
TTAGTT,-0.7706257779742618,-0.6682375450080623,6-mer
TTAGTC,0.3211861586195889,-0.18074649469582685,6-mer
TTAGTG,0.3960160567885044,0.15811666381022557,6-mer
TTAGCA,-0.32896608577856623,-0.6488727305745148,6-mer
TTAGCT,-0.2559449810474744,-0.2946123824269538,6-mer
TTAGCC,0.599018300790844,0.3409028757425347,6-mer
TTAGCG,0.3792422867491596,0.18869665172214736,6-mer
TTAGGA,-0.22120146467743007,-0.8339900485610707,6-mer
TTAGGT,0.4030094024017949,0.22843574430982724,6-mer
TTAGGC,0.41261722775892046,-0.09526493301731423,6-mer
TTAGGG,0.30083643854617825,-0.20271228134760544,6-mer
TTTAAA,-0.1957453908243748,-0.0676732397828148,Palindromes
TTTAAT,-0.09156622445814744,-0.04403678047834157,Inverted repeat
TTTAAC,0.002298254311183093,-0.009540767209606036,Inverted repeat
TTTAAG,-0.5327243137515654,-0.3509911346795521,Inverted repeat
TTTATA,-0.5014218051784529,-0.07387831397127777,6-mer
TTTATT,0.07184155051464822,0.40726014868712446,6-mer
TTTATC,0.48994525458563715,1.043515748652521,6-mer
TTTATG,-0.29298048124012893,0.026861340167566312,6-mer
TTTACA,-0.4824407229054207,-0.3141574766697813,6-mer
TTTACT,0.03390728328952053,0.4979778480866926,6-mer
TTTACC,0.44019539977438005,1.0166241683392276,6-mer
TTTACG,0.11767363593273135,0.2052064851425736,6-mer
TTTAGA,0.03712264750865487,-0.21365917308810395,6-mer
TTTAGT,-0.06791325156486158,-0.08287557175468767,6-mer
TTTAGC,0.20779470836375422,0.12662521760144607,6-mer
TTTAGG,0.3875516796423215,0.07521599435550146,6-mer
TTTTAA,-0.28704257724350385,-0.29252193681170013,Inverted repeat
TTTTAT,0.06308562571158624,0.5119844109402744,6-mer
TTTTAC,0.11147528686243986,0.23042333362051828,6-mer
TTTTAG,0.09323351252875853,-0.11708212966433582,6-mer
TTTTTA,-0.11529630387767253,0.3867983262669288,6-mer
TTTTTT,-0.48353429826036104,0.028803424559252565,6-mer
TTTTTC,0.3168560082255194,0.317784040477815,6-mer
TTTTTG,-0.17959975147564802,0.04417546510207422,6-mer
TTTTCA,0.11478333970162038,0.17266998145492513,6-mer
TTTTCT,0.3224854858616832,0.29508370789499405,6-mer
TTTTCC,0.397770996147574,-0.1460518258855256,6-mer
TTTTCG,-0.09803048377653689,-0.1588994977110646,6-mer
TTTTGA,-0.1421981074195155,0.09023992592091304,6-mer
TTTTGT,-0.02746610158381988,-0.027632043812531946,6-mer
TTTTGC,0.12943624248181992,0.029598155434043823,6-mer
TTTTGG,-0.18721207520121538,0.08246216019197294,6-mer
TTTCAA,-0.2703326852561996,-0.1743965845093822,Inverted repeat
TTTCAT,-0.07670430342110544,-0.022888904287468884,6-mer
TTTCAC,0.2711880558610281,0.46284597616422113,6-mer
TTTCAG,-0.06224471233231644,0.13250691781925258,6-mer
TTTCTA,0.42254005999098143,0.028578966482131606,6-mer
TTTCTT,-0.05765237892614195,0.10346641012708956,6-mer
TTTCTC,0.3522755309844186,0.1875930705839316,6-mer
TTTCTG,0.2640591685435469,0.12306420904715515,6-mer
TTTCCA,0.22867791269518703,-0.005028068463244498,6-mer
TTTCCT,0.058375572674902426,-0.4002977006195753,6-mer
TTTCCC,0.4141660434740985,-0.3013272080330956,6-mer
TTTCCG,0.2090513327321333,-0.3909408862373979,6-mer
TTTCGA,-0.31429942731286986,-0.3645112661609438,6-mer
TTTCGT,-0.43211989893650865,-0.492807043911001,6-mer
TTTCGC,-0.05650761902216601,-0.08042332645834747,6-mer
TTTCGG,-0.11374757443504882,-0.1458573110798158,6-mer
TTTGAA,-0.20961927846230952,-0.21557006816214608,Inverted repeat
TTTGAT,0.04279708190807092,0.5747344840958233,6-mer
TTTGAC,0.048948649757339174,-0.05119523884010228,6-mer
TTTGAG,-0.09553777567832242,0.1030816453077263,6-mer
TTTGTA,-0.16568033717597275,-0.25606013410184275,6-mer
TTTGTT,-0.13935348879266474,-0.13139235100722413,6-mer
TTTGTC,0.16598786728750275,-0.2942290274373879,6-mer
TTTGTG,-0.00981463398537096,-0.13161456377684136,6-mer
TTTGCA,-0.4121566277706454,-0.7603090411421959,6-mer
TTTGCT,0.18478770592717783,0.23442202228569015,6-mer
TTTGCC,0.45067554621788947,0.2971130470355409,6-mer
TTTGCG,-0.09370762833191307,-0.17747670139351768,6-mer
TTTGGA,-0.21425423954174833,-0.28680859768677136,6-mer
TTTGGT,0.10644304058685533,0.7672746222587439,6-mer
TTTGGC,0.1420466539451531,0.49643460166346864,6-mer
TTTGGG,-0.21095109470134618,-0.04394636262110457,6-mer
TTCAAA,-0.26310635172788116,-0.17009975706494607,Inverted repeat
TTCAAT,0.23485105255385325,0.1446176757177525,6-mer
TTCAAC,0.009763752417377695,0.03310139996201041,6-mer
TTCAAG,-0.32368487779318456,-0.14686638643840919,6-mer
TTCATA,-0.44939629708677997,-0.2840194309631296,6-mer
TTCATT,-0.17490098676242816,-0.2818178815132095,6-mer
TTCATC,0.29993611156004496,0.713912358376762,6-mer
TTCATG,-0.3039955787993283,-0.549102996551256,6-mer
TTCACA,-0.5059435022480335,-0.5057424228288289,6-mer
TTCACT,0.24566449511103633,0.4783977400143035,6-mer
TTCACC,0.4363423140345786,0.9530495850734303,6-mer
TTCACG,0.12308826514541632,0.14816225458396604,6-mer
TTCAGA,-0.47894793219893855,-0.3918384709367895,6-mer
TTCAGT,-0.06820375704333981,0.16669316822969163,6-mer
TTCAGC,-0.030071344930196777,0.24096129294881002,6-mer
TTCAGG,0.2999212263293643,0.09725916212005334,6-mer
TTCTAA,0.30174364762026595,-0.2730869220887817,Inverted repeat
TTCTAT,0.08942639162692015,-0.16337663037929928,6-mer
TTCTAC,0.20357725899767243,0.04994639178743561,6-mer
TTCTAG,0.10031656398453401,-0.4384421036137875,6-mer
TTCTTA,-0.3295698646219682,-0.32716474325350936,6-mer
TTCTTT,-0.11531867079184185,-0.05343364607915981,6-mer
TTCTTC,0.44096276065699597,0.2506256425689349,6-mer
TTCTTG,-0.04407772631751266,-0.028545792686389373,6-mer
TTCTCA,-0.4007751856860419,-0.29414885767043175,6-mer
TTCTCT,0.43858509194256873,0.33663940739401804,6-mer
TTCTCC,0.12340282152004739,-0.4044527486376778,6-mer
TTCTCG,0.09726234354489867,-0.27719460673763385,6-mer
TTCTGA,-0.30454261373806296,-0.3101990878107391,6-mer
TTCTGT,0.0386100504225075,-0.37278141159695816,6-mer
TTCTGC,0.4561384995422629,0.06037660528550777,6-mer
TTCTGG,0.3536250453437226,0.43670872437621355,6-mer
TTCCAA,0.11505927857180333,-0.22320269658430683,Inverted repeat
TTCCAT,0.1860899240187467,-0.21821590199194799,6-mer
TTCCAC,0.3139433472347925,0.10984132766582036,6-mer
TTCCAG,0.18390695047497513,0.003375557943727582,6-mer
TTCCTA,0.13338109184189667,-0.40516725525478253,6-mer
TTCCTT,-0.06394151809335955,-0.3270153882100622,6-mer
TTCCTC,0.3226569128068222,-0.45378420536403213,6-mer
TTCCTG,0.41788432869838216,-0.2642696655614172,6-mer
TTCCCA,0.13273306651473318,-0.41534055463987607,6-mer
TTCCCT,0.3558417067709437,-0.47248777146274373,6-mer
TTCCCC,0.46231074871130406,-0.3382252647106719,6-mer
TTCCCG,0.3719687773869579,-0.6613108766136861,6-mer
TTCCGA,-0.2604440769815804,-0.8382598951896636,6-mer
TTCCGT,0.31015539709810674,-0.34947195030237593,6-mer
TTCCGC,0.30516661679315826,-0.2515387669959645,6-mer
TTCCGG,0.1709861968126228,-0.4929359920262495,6-mer
TTCGAA,-0.9191424900546861,-1.155680423380913,Palindromes
TTCGAT,-0.0850361038557992,0.17396780448962362,Inverted repeat
TTCGAC,-0.1096906733879717,-0.4944477277416554,Inverted repeat
TTCGAG,-0.3318251794997144,-0.4776318862045812,Inverted repeat
TTCGTA,-0.3529503571965214,-0.4253379427845476,6-mer
TTCGTT,-0.20958735170203313,-0.34361609777088464,6-mer
TTCGTC,0.1762032519848831,-0.2923021458056938,6-mer
TTCGTG,-0.3597222205945252,-0.6238103113261637,6-mer
TTCGCA,-0.7600605003469136,-1.0485130801819822,6-mer
TTCGCT,-0.06462348220007312,0.028235756199750852,6-mer
TTCGCC,0.26331388956982643,0.22649911803575812,6-mer
TTCGCG,-0.27815569285845687,-0.3076958889885811,6-mer
TTCGGA,-0.4865894471387852,-1.0028223583325848,6-mer
TTCGGT,0.09421367635241797,0.3597727803886598,6-mer
TTCGGC,-0.1308492024498517,-0.17694542912008476,6-mer
TTCGGG,-0.01127623422317339,-0.38664204888475084,6-mer
TTGAAA,-0.32588781428567704,-0.2486073351985141,Inverted repeat
TTGAAT,-0.12377654063842287,-0.14924051179321854,6-mer
TTGAAC,0.11127978224507587,0.0818288862084953,6-mer
TTGAAG,0.22443007323817782,0.351275117647749,6-mer
TTGATA,0.18140829041436318,0.639726513853545,6-mer
TTGATT,-0.3576035462203184,0.17747424818534316,6-mer
TTGATC,-0.2736267058184582,0.5654786768345801,6-mer
TTGATG,0.45252242773176704,0.8212714543418674,6-mer
TTGACA,-0.8944953686548417,-1.0885535427486337,6-mer
TTGACT,-0.15914987737104214,-0.1473383163750722,6-mer
TTGACC,0.17901300886510554,0.394849487869729,6-mer
TTGACG,0.09908770117007908,-0.06261690671702994,6-mer
TTGAGA,-0.3492309371454512,-0.11254277930634342,6-mer
TTGAGT,0.3375078625123557,0.6395833432893135,6-mer
TTGAGC,0.4806932411297876,0.7171647561187787,6-mer
TTGAGG,-0.03453271936834319,-0.061948965090745045,6-mer
TTGTAA,-0.43615024912167405,-0.40002883293401054,Inverted repeat
TTGTAT,-0.5636894915532797,-0.5506109959303793,6-mer
TTGTAC,-0.1201665206202064,0.023191120474832405,6-mer
TTGTAG,-0.008318088396597279,-0.38128337250378336,6-mer
TTGTTA,-0.3251842475803601,-0.3441093428821114,6-mer
TTGTTT,-0.3790383144822953,-0.22937192892479008,6-mer
TTGTTC,0.17198195426396168,-0.17296930525370133,6-mer
TTGTTG,0.2995243481860915,0.18743494117712978,6-mer
TTGTCA,-0.485878068911153,-0.5945977975334579,6-mer
TTGTCT,-0.15228394478695279,-0.6429317823768981,6-mer
TTGTCC,0.26859187193460465,-0.7483520661135225,6-mer
TTGTCG,0.5425603752513737,-0.0773510353404445,6-mer
TTGTGA,-0.4312347268066452,-0.3537856505258355,6-mer
TTGTGT,-0.18363637785395548,-0.5546056711079049,6-mer
TTGTGC,0.07723407277265955,-0.34944152545467727,6-mer
TTGTGG,0.1172433931287338,0.1442083003185891,6-mer
TTGCAA,-0.5438944730238007,-0.8658633273484637,Palindromes
TTGCAT,-0.6845653529194197,-1.0805676919731173,Inverted repeat
TTGCAC,-0.2923920949267902,-0.5438812213504345,Inverted repeat
TTGCAG,0.11472207736559054,-0.09788918250481625,Inverted repeat
TTGCTA,-0.30366225949245534,-0.4889011095016475,6-mer
TTGCTT,-0.47851125377564385,-0.3146911594554674,6-mer
TTGCTC,0.5533864705522856,0.5110007715520773,6-mer
TTGCTG,0.48562072016488583,0.5004119999364696,6-mer
TTGCCA,0.18709390064846423,0.3316085747692336,6-mer
TTGCCT,0.16156036704886462,-0.2699908915157839,6-mer
TTGCCC,0.5269442178192348,-0.03491173611626745,6-mer
TTGCCG,0.3416231409397964,0.2613128125019447,6-mer
TTGCGA,-0.40383186274308325,-0.4657493423937757,6-mer
TTGCGT,-0.43356584806115134,-0.5576479134618675,6-mer
TTGCGC,0.04597326396454803,0.04565681914165442,6-mer
TTGCGG,0.001317128856752876,-0.07506581510087115,6-mer
TTGGAA,-0.020161294564854,-0.24387020005566776,Inverted repeat
TTGGAT,-0.018900205343279214,0.2757661214282706,6-mer
TTGGAC,-0.45687772340338595,-0.9225847541434586,6-mer
TTGGAG,-0.5577776713949257,-0.517330474589888,6-mer
TTGGTA,0.026717338375779373,0.8916472170134455,6-mer
TTGGTT,-0.08490888767998489,0.6609433871989763,6-mer
TTGGTC,0.18051825104837022,0.526908626174702,6-mer
TTGGTG,0.1949471664568344,0.9939572894239164,6-mer
TTGGCA,0.09910720392057583,0.2428637576439461,6-mer
TTGGCT,0.2916153804199289,0.8740519387214042,6-mer
TTGGCC,-0.11008140172175013,0.2492841847163501,6-mer
TTGGCG,0.3129321372674074,0.7426417786984094,6-mer
TTGGGA,-0.1532397581400486,-0.3199242249459312,6-mer
TTGGGT,0.1933090937473262,0.6901649771006575,6-mer
TTGGGC,-0.05844593369965362,-0.14900760559734672,6-mer
TTGGGG,0.014944605571517926,0.0678153842275714,6-mer
TCAAAA,-0.20888767815602413,0.010039778643441749,6-mer
TCAAAT,-0.4022827449166315,-0.2835763902201197,6-mer
TCAAAC,0.07379526528635952,0.4674880367600171,6-mer
TCAAAG,-0.06793932613753835,0.17528391728095827,6-mer
TCAATA,0.7014256306042868,0.8160564073770755,6-mer
TCAATT,-0.08247415860382983,-0.17262804459843656,6-mer
TCAATC,0.3480010648605848,0.7817018565745996,6-mer
TCAATG,0.27174902260823236,0.11566521409671841,6-mer
TCAACA,0.39249684482371733,0.30691604044775755,6-mer
TCAACT,-0.20054989773693163,0.015039399464140731,6-mer
TCAACC,-0.005074025279078281,0.5758762388591784,6-mer
TCAACG,0.015213093946507147,0.05395426112818315,6-mer
TCAAGA,-0.03835380790207567,0.14129819794217535,Inverted repeat
TCAAGT,-0.5198184754016458,-0.026228597685097874,6-mer
TCAAGC,-0.05839179479180481,0.33483285745990615,6-mer
TCAAGG,0.06482364997714916,-0.001210387233006487,6-mer
TCATAA,-0.576082496950229,-0.18864487917208142,6-mer
TCATAT,-0.40424507091488865,-0.4628827531110698,6-mer
TCATAC,-0.6215800705510037,-0.38523636676707307,6-mer
TCATAG,-0.4890290638504372,-0.5296354266877801,6-mer
TCATTA,0.2919920282225996,0.10132620604540449,6-mer
TCATTT,-0.4383571089904385,-0.3203109901985441,6-mer
TCATTC,-0.20249073036412651,-0.3841846192085542,6-mer
TCATTG,-0.11426413726948112,-0.14983005446149772,6-mer
TCATCA,0.28666911711946125,0.9838663483250631,6-mer
TCATCT,-0.07945069934549608,0.3296524479466965,6-mer
TCATCC,0.40690666305541884,0.5859875061219209,6-mer
TCATCG,0.26452303587244946,0.8068089260954086,6-mer
TCATGA,-0.3833026448120767,-0.29882273462456976,Palindromes
TCATGT,-0.4268852863329084,-0.7279016166124269,Inverted repeat
TCATGC,-0.18002706488648343,-0.4355232875330606,Inverted repeat
TCATGG,-0.05488922982649188,0.12511192025693038,Inverted repeat
TCACAA,-0.4038689199253433,-0.30910082750177176,6-mer
TCACAT,-0.1948454561154269,-0.27235669908703825,6-mer
TCACAC,-0.26995058355472445,-0.08573729222483385,6-mer
TCACAG,-0.5624719040909893,-0.442518235700951,6-mer
TCACTA,0.6120772388759396,0.5074107482437528,6-mer
TCACTT,0.14697802726789763,0.6352037107130322,6-mer
TCACTC,0.06909880981346696,0.5526606296480554,6-mer
TCACTG,0.37199159058189,0.7022400256068382,6-mer
TCACCA,0.3093338473091312,1.260214825048932,6-mer
TCACCT,0.2622386556531732,0.5999781480611552,6-mer
TCACCC,0.4420045468791131,0.7624588194732859,6-mer
TCACCG,0.4396259946081099,1.108474475138403,6-mer
TCACGA,-0.010016080568296828,0.1454515086062728,Inverted repeat
TCACGT,-0.27515112609993353,-0.28959801088168297,6-mer
TCACGC,0.1851752905720277,0.4299959993310452,6-mer
TCACGG,0.17642784230091502,0.3435243236941616,6-mer
TCAGAA,-0.44903258990984224,-0.34040320541820906,6-mer
TCAGAT,-0.7090800150300697,-0.16961456800625233,6-mer
TCAGAC,-0.49497621510467993,-0.4112512781632295,6-mer
TCAGAG,-0.5257966307327385,-0.2640998331334444,6-mer
TCAGTA,0.15692552379673175,0.713847165933477,6-mer
TCAGTT,0.09849213278867873,0.3519132438502007,6-mer
TCAGTC,-0.2425349746401712,-0.15449010551245407,6-mer
TCAGTG,0.06322808745375597,0.4440021109781921,6-mer
TCAGCA,0.4307607141365811,0.6224212542704585,6-mer
TCAGCT,-0.31702276351166375,0.21574635285223948,6-mer
TCAGCC,-0.03329171549362887,0.38509065439226775,6-mer
TCAGCG,-0.013661540840222685,0.49616881353037406,6-mer
TCAGGA,0.42268708019721984,0.10111529302388399,Inverted repeat
TCAGGT,0.0672325210790448,0.39872088332100075,6-mer
TCAGGC,-0.0793418545460713,-0.03722454154758531,6-mer
TCAGGG,0.28583273544340154,-0.006789165662638978,6-mer
TCTAAA,0.04138128859266014,-0.23183536913638164,6-mer
TCTAAT,-0.3799521576129447,-0.627334543035719,6-mer
TCTAAC,0.3094896169108492,-0.06376600323759037,6-mer
TCTAAG,0.10825976637454797,-0.18834157601081522,6-mer
TCTATA,-0.06724277257453407,-0.22261826589559544,6-mer
TCTATT,0.15912250534522046,-0.037083032605576105,6-mer
TCTATC,0.32245781585563726,0.3840984875104825,6-mer
TCTATG,-0.18358042518868245,-0.38684060744819176,6-mer
TCTACA,0.025011888008072993,-0.26466549141272194,6-mer
TCTACT,0.06884646947977419,0.26915761963219464,6-mer
TCTACC,0.13498998306884202,0.42263064860107424,6-mer
TCTACG,0.04766643363031457,-0.21706390173925644,6-mer
TCTAGA,0.13250691781925286,-0.3763278483127743,Palindromes
TCTAGT,-0.7787059872839184,-1.0769485346475025,Inverted repeat
TCTAGC,0.17010571103619654,-0.23672623428998005,Inverted repeat
TCTAGG,0.09727036076662408,-0.40849857012459795,Inverted repeat
TCTTAA,-0.7352447994001367,-0.7273337274512631,6-mer
TCTTAT,-0.5080060086029846,-0.262214925527245,6-mer
TCTTAC,-0.4060460483437956,-0.13646840618740247,6-mer
TCTTAG,-0.33286357256851773,-0.5306815890650395,6-mer
TCTTTA,0.3423819089807906,0.49931179947737697,6-mer
TCTTTT,-0.4907065953351703,-0.20685977244152196,6-mer
TCTTTC,-0.10097450186030288,0.035473351690920626,6-mer
TCTTTG,0.04447985583258655,0.10422031813160434,6-mer
TCTTCA,0.3558395310784036,0.4005421728106774,6-mer
TCTTCT,0.522657488280642,0.4323154907106792,6-mer
TCTTCC,0.6952234884973506,0.24074548692196182,6-mer
TCTTCG,0.06768680751157452,0.0031157752941649943,6-mer
TCTTGA,-0.13206085209068966,0.027040761138357735,Inverted repeat
TCTTGT,-0.004879374431999733,-0.1996338570603243,6-mer
TCTTGC,0.1919081847950642,0.07370001371401023,6-mer
TCTTGG,-0.009204780626621934,0.36870720759611475,6-mer
TCTCAA,-0.36404165420656204,-0.13706579073796313,6-mer
TCTCAT,-0.5514772193373022,-0.51036120753648,6-mer
TCTCAC,-0.43402961978428456,-0.2550974716064774,6-mer
TCTCAG,-0.6270879763938327,-0.2814800731546122,6-mer
TCTCTA,0.6322202862278722,0.31020131127247613,6-mer
TCTCTT,0.6739171428421026,0.6047105433923755,6-mer
TCTCTC,0.05680944848085643,0.13608749709522217,6-mer
TCTCTG,0.26390497171680544,0.22325142406554035,6-mer
TCTCCA,-0.13381729998557396,-0.33068550071879005,6-mer
TCTCCT,0.10556174855485308,-0.30867707138950623,6-mer
TCTCCC,0.26788031503781184,-0.2507617219815098,6-mer
TCTCCG,-0.06475279241411482,-0.5552321862048955,6-mer
TCTCGA,0.09757208075357224,-0.14774492044284235,Inverted repeat
TCTCGT,-0.3264373034090847,-0.5015015900283133,6-mer
TCTCGC,-0.24420670304354078,-0.23950254753737923,6-mer
TCTCGG,-0.17609431535843992,-0.2570649989912275,6-mer
TCTGAA,-0.42092378593744234,-0.3767922526568706,6-mer
TCTGAT,-0.6689013192210521,-0.07211876353471226,6-mer
TCTGAC,-0.21489057776615256,-0.24124295137488005,6-mer
TCTGAG,-0.43871529749616167,-0.28575448233387735,6-mer
TCTGTA,0.013445531064951369,-0.08066431172478751,6-mer
TCTGTT,0.34014595282858756,0.01059893085808757,6-mer
TCTGTC,-0.018076778379128505,-0.4383924580811596,6-mer
TCTGTG,-0.4220113771933055,-0.4752813757825689,6-mer
TCTGCA,0.1367676425603564,-0.2727665832758841,6-mer
TCTGCT,0.48450979813414896,0.36003490481838885,6-mer
TCTGCC,0.2574547661339468,0.06221305088805338,6-mer
TCTGCG,0.07950517224292503,-0.05011403303680985,6-mer
TCTGGA,0.3219280948873623,0.20762260954474127,Inverted repeat
TCTGGT,-0.021644994039979774,0.6652913960332334,6-mer
TCTGGC,0.045096855852909665,0.4189119943319785,6-mer
TCTGGG,0.16292748102184665,0.15765281551070617,6-mer
TCCAAA,-0.4115282546385045,-0.44207045797585975,6-mer
TCCAAT,-0.28539272148040046,-0.45892570147727846,6-mer
TCCAAC,0.2451550746796602,0.1299851912209482,6-mer
TCCAAG,-0.18152265414235724,-0.10455479057625848,6-mer
TCCATA,-0.01512078148540587,-0.16472499248495914,6-mer
TCCATT,-0.09124222758278427,-0.45509575120059936,6-mer
TCCATC,0.11384084597556778,0.34568829903699827,6-mer
TCCATG,0.007763060489453929,-0.4247089842451335,6-mer
TCCACA,0.24434284826597227,-0.12761950485489842,6-mer
TCCACT,0.2254050575229731,0.229968292276853,6-mer
TCCACC,0.09584707429135884,0.5055090904015215,6-mer
TCCACG,-0.33145954684467777,-0.4732385284611143,6-mer
TCCAGA,0.24696059563042438,0.10133836657677864,Inverted repeat
TCCAGT,0.21860967907665058,0.26667537840770855,6-mer
TCCAGC,0.19148590579356747,0.32027288973824347,6-mer
TCCAGG,-1.6513697049035698,-2.0537646421995177,6-mer
TCCTAA,0.11314331428971323,-0.6578100552419808,6-mer
TCCTAT,-0.32560687726546095,-0.5744091766857286,6-mer
TCCTAC,-0.0195401863956451,-0.22447799458130885,6-mer
TCCTAG,-0.05844227250266159,-0.9226456122239494,6-mer
TCCTTA,-0.11196843164279742,-0.25371875553035356,6-mer
TCCTTT,-0.4331656981238,-0.5444991670866338,6-mer
TCCTTC,-0.2698527409524266,-0.6614669980085565,6-mer
TCCTTG,-0.03318748550080998,-0.34353861769605887,6-mer
TCCTCA,-0.07719963199786534,-0.41251724834813597,6-mer
TCCTCT,0.2959098294878483,-0.2380674903172184,6-mer
TCCTCC,-0.055300666194631934,-0.9515173586937855,6-mer
TCCTCG,-0.14866994978093276,-0.6600362480394157,6-mer
TCCTGA,0.40762002771636074,0.026157470145677354,Inverted repeat
TCCTGT,0.2881452382581535,-0.41432546749295585,6-mer
TCCTGC,0.5201977220236362,-0.2387868595871166,6-mer
TCCTGG,-1.9113632563797212,-2.249791288785608,6-mer
TCCCAA,0.13161362880668198,-0.2307467030073741,6-mer
TCCCAT,0.011950870778417891,-0.5209184463098026,6-mer
TCCCAC,-0.01936532486693097,-0.32507733791080184,6-mer
TCCCAG,-0.2948238878216737,-0.6368341349198996,6-mer
TCCCTA,0.2423522552326386,-0.2697861912320738,6-mer
TCCCTT,0.2300715738059627,-0.41472177654186027,6-mer
TCCCTC,0.010962342597297862,-0.5504766926862122,6-mer
TCCCTG,0.13770559602996105,-0.593729379447402,6-mer
TCCCCA,0.34824387857329375,0.1313665628863515,6-mer
TCCCCT,0.741895481944149,0.10776146157737636,6-mer
TCCCCC,0.37274047841679875,-0.15299460549243507,6-mer
TCCCCG,0.2612321631998084,-0.4956951626240687,6-mer
TCCCGA,0.36951879450674624,-0.40987579416306497,Inverted repeat
TCCCGT,0.10056653821848968,-0.6746476623895941,6-mer
TCCCGC,0.31336608138393846,-0.4373364117005083,6-mer
TCCCGG,0.040392188800956935,-0.805664593755404,6-mer
TCCGAA,-0.38989068538422034,-0.8280973491172453,6-mer
TCCGAT,-0.4119552868181613,-0.4470245517733405,6-mer
TCCGAC,-0.2563189784678163,-0.8240303956731214,6-mer
TCCGAG,-0.4247499570295755,-0.779791825925428,6-mer
TCCGTA,0.05532707403337595,-0.23352760476497475,6-mer
TCCGTT,-0.14021790844697088,-0.42057568282027386,6-mer
TCCGTC,0.26118259201280214,-0.4886074368260205,6-mer
TCCGTG,-0.1297825650943098,-0.5118013578353064,6-mer
TCCGCA,0.04129126220447417,-0.49107953591171133,6-mer
TCCGCT,0.3211187287842892,0.07090263087038513,6-mer
TCCGCC,0.2866731726687104,0.06161188773445477,6-mer
TCCGCG,-0.1842384049276214,-0.3749337059147966,6-mer
TCCGGA,-0.05219621112542848,-0.9571107066315576,Palindromes
TCCGGT,0.18159908991323276,0.29165508377356164,Inverted repeat
TCCGGC,-0.07292299908619712,-0.26832517537392475,Inverted repeat
TCCGGG,-0.139228204219396,-0.8760718581676681,Inverted repeat
TCGAAA,-0.34470137253797195,-0.3896399046405928,6-mer
TCGAAT,-0.3545089147114798,-0.5980719746232672,6-mer
TCGAAC,-0.25743984704060047,-0.33044180259586786,6-mer
TCGAAG,-0.0882203603230802,-0.09735289948242769,6-mer
TCGATA,0.808148130146251,1.0896983073877469,6-mer
TCGATT,0.26989350769644965,0.4101654241116848,6-mer
TCGATC,-0.41365229029975276,0.2307802068291671,6-mer
TCGATG,0.274174963438994,0.4759380261151919,6-mer
TCGACA,0.7004591093337871,0.06286884027398465,6-mer
TCGACT,0.40515598776487977,0.19840676837016427,6-mer
TCGACC,0.17818238964455632,0.35527845278202186,6-mer
TCGACG,0.03465879275573605,-0.23111922575703156,6-mer
TCGAGA,-0.11925671591832583,-0.23790542070777243,Inverted repeat
TCGAGT,0.13672987181534008,0.19940596267584176,6-mer
TCGAGC,0.09197832237283238,0.17454566209613834,6-mer
TCGAGG,-0.43462822763672465,-0.6159418054185917,6-mer
TCGTAA,0.02978572978810708,-0.008960867571621664,6-mer
TCGTAT,-0.26350395670559984,-0.17879535462687762,6-mer
TCGTAC,-0.3998989024409226,-0.07022052252750209,6-mer
TCGTAG,-0.0542203909978864,-0.20444468272180083,6-mer
TCGTTA,0.3648876622781075,0.2792294687795118,6-mer
TCGTTT,-0.21133342410370773,-0.16084706676384536,6-mer
TCGTTC,-0.5626240390998721,-0.47391012693720636,6-mer
TCGTTG,-0.3680940786962709,-0.34821850412540306,6-mer
TCGTCA,0.38846990627463834,0.2157396284763812,6-mer
TCGTCT,0.013201039623673055,-0.3491910495835084,6-mer
TCGTCC,0.2354593245375729,-0.4644397393551147,6-mer
TCGTCG,0.17298901639954103,-0.09981192622240904,6-mer
TCGTGA,0.05908690036250839,0.22974734767730723,Inverted repeat
TCGTGT,-0.49262457226987766,-0.7469107814406356,6-mer
TCGTGC,-0.36720230336760484,-0.6614535458048296,6-mer
TCGTGG,-0.3636383467721996,-0.09476944653834873,6-mer
TCGCAA,-0.46106701844312686,-0.5630724749351766,6-mer
TCGCAT,-0.45380222224879624,-0.7307693282023006,6-mer
TCGCAC,-0.4735888132935562,-0.5263228296347705,6-mer
TCGCAG,-0.43234510237396145,-0.47524213348475947,6-mer
TCGCTA,0.415151057076603,0.3750807178534565,6-mer
TCGCTT,0.17398040434141618,0.5066470079301244,6-mer
TCGCTC,-0.15057429658299068,0.06569293097805196,6-mer
TCGCTG,-0.10399345328513152,0.1272532269823385,6-mer
TCGCCA,0.5548737117403014,0.9365675765838897,6-mer
TCGCCT,0.32152606199054606,0.24876526807886465,6-mer
TCGCCC,0.45290810948737226,0.2729859576727084,6-mer
TCGCCG,0.3055368681530499,0.49781370024374166,6-mer
TCGCGA,0.07448896839525475,0.16813931667314924,Palindromes
TCGCGT,-0.13735762750256467,-0.17111191639275455,Inverted repeat
TCGCGC,-0.1825855177067426,0.06993129976633086,Inverted repeat
TCGCGG,0.031342684807646924,0.13598188448084328,Inverted repeat
TCGGAA,-0.3935869437158281,-0.8578163347932061,6-mer
TCGGAT,-0.22380205419417837,-0.2537922535289449,6-mer
TCGGAC,-0.7202223303316299,-1.2774233873545935,6-mer
TCGGAG,-0.5214695770957729,-0.8939864437614495,6-mer
TCGGTA,0.6062948872293159,1.1707144378728935,6-mer
TCGGTT,0.008087380485722396,0.49929549242008536,6-mer
TCGGTC,0.12494970677376296,0.2919870621541069,6-mer
TCGGTG,0.3250700816992448,0.7755499962159117,6-mer
TCGGCA,0.4524676708875331,0.31724756182915126,6-mer
TCGGCT,-0.04113512927770344,0.2849544992482733,6-mer
TCGGCC,-0.34839234543177156,-0.21421675825391995,6-mer
TCGGCG,0.05861922980402206,0.280096088053443,6-mer
TCGGGA,0.1996211136777896,-0.4191858867796128,Inverted repeat
TCGGGT,0.0773458958748408,0.2131704752737945,6-mer
TCGGGC,-0.3101943766650067,-0.6281594754726133,6-mer
TCGGGG,-0.21013644315558047,-0.5048104109950775,6-mer
TGAAAA,0.03757568144956252,0.17518425222818204,6-mer
TGAAAT,0.25672539718785325,0.041766600670357035,6-mer
TGAAAC,-0.30212459384670937,-0.12912250591308957,6-mer
TGAAAG,-0.1851819791425013,0.0652786347742819,6-mer
TGAATA,0.44322863351422553,0.2977401743297191,6-mer
TGAATT,-0.052853502733367155,-0.30774401778545457,6-mer
TGAATC,-0.3485619383388848,-0.1537552526454358,6-mer
TGAATG,-0.010454357637166223,-0.18748781903641862,6-mer
TGAACA,0.3170824539719551,0.08304572104678366,Inverted repeat
TGAACT,0.016270019422919068,0.20992626751355603,6-mer
TGAACC,-0.3080741833426442,0.12104628089460452,6-mer
TGAACG,-0.11023010947194775,-0.14878416374948392,6-mer
TGAAGA,0.418577090561537,0.49696601972332716,6-mer
TGAAGT,0.14155819684770912,0.35998312575130875,6-mer
TGAAGC,-0.09038882091081306,0.2700546426631235,6-mer
TGAAGG,0.25407500270492,0.06196109088610485,6-mer
TGATAA,-0.052317300395339814,0.47068977675341866,6-mer
TGATAT,-0.132750428806167,0.27239700501358816,6-mer
TGATAC,-0.5227936796347267,0.22018941263826347,6-mer
TGATAG,-0.03121291780396376,0.13636782174380407,6-mer
TGATTA,-0.41049427215342904,0.1537482572856949,6-mer
TGATTT,-0.09379046122235031,0.40634596989602295,6-mer
TGATTC,-0.7272469948273046,-0.4279224108848127,6-mer
TGATTG,0.10708890088730921,0.6551390776672213,6-mer
TGATCA,-0.2800209167040104,0.6879899506917506,Palindromes
TGATCT,-0.5021625321705856,0.2513687280964935,Inverted repeat
TGATCC,0.03923516328309993,0.5220614012583862,Inverted repeat
TGATCG,-0.25244474817512674,0.7070460811865462,Inverted repeat
TGATGA,0.28114199143169255,1.042305307630818,6-mer
TGATGT,0.4739080772936227,0.5740206185055335,6-mer
TGATGC,0.15610528978531626,0.3361109020296865,6-mer
TGATGG,0.19519221952666263,0.9313109610984415,6-mer
TGACAA,-0.3882624234175609,-0.5273617569111239,6-mer
TGACAT,0.1339845277466758,-0.38584141837702685,6-mer
TGACAC,-0.17468502125458413,-0.5399583379084959,6-mer
TGACAG,-0.2339039664917422,-0.4737736157641002,6-mer
TGACTA,0.3276282012392174,0.15840881856300307,6-mer
TGACTT,0.18256441362392953,0.1874719830240197,6-mer
TGACTC,0.06211609363485037,0.007033262148450432,6-mer
TGACTG,-0.17031986205735425,-0.055101635320379004,6-mer
TGACCA,0.2711510032954269,0.7898253812853907,Inverted repeat
TGACCT,0.005582574841018993,0.08935952013864365,6-mer
TGACCC,0.05316057603843009,-0.1434405487577871,6-mer
TGACCG,0.2366623477303346,0.510320220071478,6-mer
TGACGA,0.2868179654472879,0.13714160265261052,6-mer
TGACGT,-0.0008348929867776503,-0.19903955181943572,6-mer
TGACGC,0.09445385836433412,-0.17329166982266067,6-mer
TGACGG,0.5908330888456561,0.35323931994496066,6-mer
TGAGAA,-0.3240968900692101,-0.19650857957975976,6-mer
TGAGAT,-0.36692364897851787,0.18356648805682324,6-mer
TGAGAC,-0.9988863796892914,-0.9854580672492556,6-mer
TGAGAG,-0.5846120768571818,-0.37787853831375773,6-mer
TGAGTA,0.36777640508476,0.7348533023673611,6-mer
TGAGTT,0.28711733106054793,0.5306353383317992,6-mer
TGAGTC,0.08790015946223761,0.11176990444379385,6-mer
TGAGTG,0.015079752288143714,0.4018052426678085,6-mer
TGAGCA,0.5570716482504996,0.6026615206971128,Inverted repeat
TGAGCT,0.32612110813004264,0.6758435627147795,6-mer
TGAGCC,0.07999328140022562,0.36813967754861376,6-mer
TGAGCG,0.11569268975860686,0.4380065605097445,6-mer
TGAGGA,-0.11530174976697234,-0.3069755555296482,6-mer
TGAGGT,-0.23589931967519698,0.06894735371749136,6-mer
TGAGGC,-0.4513039633196586,-0.5246776432527355,6-mer
TGAGGG,-0.3163230973911135,-0.560779132727604,6-mer
TGTAAA,-0.5908241442987461,-0.4647250057080133,6-mer
TGTAAT,-0.3901356337418316,-0.5187484954416838,6-mer
TGTAAC,-0.3232747300575271,-0.33171507999004557,6-mer
TGTAAG,-0.6033181547450001,-0.4767428845337705,6-mer
TGTATA,-0.656678749874998,-0.5867208129935149,6-mer
TGTATT,0.009745232940334119,-0.23157492963434953,6-mer
TGTATC,-0.43512665185571003,-0.24950602098914676,6-mer
TGTATG,-0.018510141059502015,-0.352748527188648,6-mer
TGTACA,0.13066106163316246,-0.11848361609244282,Palindromes
TGTACT,0.1903205052898891,0.24163690903927787,Inverted repeat
TGTACC,-0.16056344125833255,0.1968231724955795,Inverted repeat
TGTACG,-0.06452300247696752,-0.0954362573214321,Inverted repeat
TGTAGA,0.1405503993087987,-0.38482424608400306,6-mer
TGTAGT,-0.006299988355738173,-0.21308560763149698,6-mer
TGTAGC,-0.2233236429539911,-0.5111238106584491,6-mer
TGTAGG,0.13357425657057442,-0.3746238282913332,6-mer
TGTTAA,-0.2624716225066302,-0.562320426710394,6-mer
TGTTAT,-0.26940211692848315,-0.2537032519477443,6-mer
TGTTAC,-0.1604111984431373,-0.2987679303532235,6-mer
TGTTAG,-0.07524484796778384,-0.6336647706204112,6-mer
TGTTTA,0.2247545913948901,0.15517227004642423,6-mer
TGTTTT,-0.004400700029045417,-0.07262825890506754,6-mer
TGTTTC,-0.25494111520463986,-0.6012616046004896,6-mer
TGTTTG,0.3418057177013124,0.11710997725043075,6-mer
TGTTCA,0.2369535291175226,-0.020481817924761378,Inverted repeat
TGTTCT,0.2635014809846591,-0.23297554951264324,6-mer
TGTTCC,0.27686837226871086,-0.699699684762009,6-mer
TGTTCG,-0.04051287156078383,-0.5544532809709977,6-mer
TGTTGA,0.3201740581474195,0.19362612903987342,6-mer
TGTTGT,0.21696166157864802,-0.07099241925706289,6-mer
TGTTGC,0.18659687457728208,-0.2906643964576837,6-mer
TGTTGG,0.3708298929890216,0.465396801815343,6-mer
TGTCAA,-1.0429770727452752,-1.3698002547068586,6-mer
TGTCAT,0.11067306536911214,-0.2969604488643595,6-mer
TGTCAC,0.2003807267220012,-0.15300263476144402,6-mer
TGTCAG,-0.16044033502709365,-0.3678331272868157,6-mer
TGTCTA,0.31777246539605125,-0.4422506859684601,6-mer
TGTCTT,0.14352056683377812,-0.4628904149137089,6-mer
TGTCTC,0.0361926516233809,-0.6936111617989058,6-mer
TGTCTG,0.06951319045146301,-0.44927254734315236,6-mer
TGTCCA,-0.06286002383857628,-0.8662332017360531,Inverted repeat
TGTCCT,0.04501305512538355,-1.004737919006663,6-mer
TGTCCC,0.1650088032698132,-1.0283987316613545,6-mer
TGTCCG,-0.23504940437870422,-1.1190526716437634,6-mer
TGTCGA,0.7782085763980877,0.15104123259144006,6-mer
TGTCGT,0.24628100388421895,-0.37976034956442695,6-mer
TGTCGC,0.3429260866439365,-0.2040693381549218,6-mer
TGTCGG,0.7124147836920016,0.04875365873719751,6-mer
TGTGAA,-0.4134459987965565,-0.5396322636293254,6-mer
TGTGAT,-0.21816370788126074,0.24885122082482386,6-mer
TGTGAC,-0.22387135026236116,-0.5255172173038087,6-mer
TGTGAG,-0.8112598168495103,-0.7408815958307743,6-mer
TGTGTA,-0.18887362284181045,-0.5627325533376908,6-mer
TGTGTT,0.09369374117712999,-0.41583877396808255,6-mer
TGTGTC,-0.22839962909920647,-1.0211820266606755,6-mer
TGTGTG,-0.33366807194931536,-0.6276682699268399,6-mer
TGTGCA,-0.04769187512351253,-0.7924722899714731,Inverted repeat
TGTGCT,0.0737863038919476,-0.1651738030254706,6-mer
TGTGCC,-0.0679888364209556,-0.4741381969837541,6-mer
TGTGCG,-0.2927475528226418,-0.6839235762871314,6-mer
TGTGGA,0.22955940650023435,-0.07356217949109206,6-mer
TGTGGT,0.22963055736129453,0.6927383961848845,6-mer
TGTGGC,-0.025701964473397128,0.10334045195978336,6-mer
TGTGGG,-0.04010114286368684,-0.24929223824353539,6-mer
TGCAAA,-0.42385998931660346,-0.6389684927361977,6-mer
TGCAAT,-0.425078553954448,-0.9889404812961489,6-mer
TGCAAC,-0.23688747377974456,-0.4833078132653398,6-mer
TGCAAG,-0.13054843542568767,-0.44400502094960476,6-mer
TGCATA,-0.3662164158418794,-0.9073331244401694,6-mer
TGCATT,-0.33986569535424643,-0.9934571541332279,6-mer
TGCATC,-0.33523578551152583,-0.4369206171772935,6-mer
TGCATG,-0.3272954162340696,-1.0828606396975828,6-mer
TGCACA,-0.06296954431948393,-0.7048088926038962,Inverted repeat
TGCACT,-0.20061475165795353,-0.4676368589088516,6-mer
TGCACC,-0.21450743233848457,-0.1675281764172948,6-mer
TGCACG,-0.34843707134840035,-0.8892139249236263,6-mer
TGCAGA,0.2241873326070953,-0.2520744009258359,6-mer
TGCAGT,-0.02929430679403787,-0.3608960803367584,6-mer
TGCAGC,0.008462124149418415,-0.04221921450782076,6-mer
TGCAGG,0.29920195217021167,-0.25956075998497946,6-mer
TGCTAA,-0.3447943830701771,-0.7249600031343573,6-mer
TGCTAT,-0.6551526851184302,-0.7768058586979972,6-mer
TGCTAC,-0.4389298983068389,-0.5315232417596956,6-mer
TGCTAG,-0.5092436690190989,-1.1039064540441736,6-mer
TGCTTA,-0.21841511269337383,-0.18032975550915664,6-mer
TGCTTT,-0.34417857883274316,-0.24885085204398555,6-mer
TGCTTC,-0.4444587296933056,-0.5526615640357327,6-mer
TGCTTG,-0.19777883224803175,-0.12066677352249938,6-mer
TGCTCA,0.5383097790861591,0.6372189000216675,Inverted repeat
TGCTCT,0.4407126336725739,0.25712236197521765,6-mer
TGCTCC,-0.08888351594996678,-0.47316691050503057,6-mer
TGCTCG,0.36869024942315287,0.24339691013991566,6-mer
TGCTGA,0.3987540371382096,0.5507467853832435,6-mer
TGCTGT,0.42157529833983526,0.06614861727927276,6-mer
TGCTGC,0.582751855148213,0.41462958380545717,6-mer
TGCTGG,0.2554571273613669,0.51397934897248,6-mer
TGCCAA,0.17806699636780837,0.26912880022386504,6-mer
TGCCAT,0.16977127983281354,0.13932080635947647,6-mer
TGCCAC,0.05026700535532487,0.23591470016863514,6-mer
TGCCAG,-0.1263385651765924,0.0417987670708867,6-mer
TGCCTA,0.2787602357309886,-0.36783059584540356,6-mer
TGCCTT,0.5939334714918774,0.1940513570104862,6-mer
TGCCTC,-0.3509934448674903,-0.9132883668066691,6-mer
TGCCTG,-0.07023389018819433,-0.4874952075114709,6-mer
TGCCCA,0.2522513390513049,0.002912833015099149,Inverted repeat
TGCCCT,0.13111191434715858,-0.5615035278971673,6-mer
TGCCCC,-0.10151787272709276,-0.7112967167529795,6-mer
TGCCCG,0.3191130792803082,-0.2782970735573495,6-mer
TGCCGA,0.6093505851824388,0.46886691600851393,6-mer
TGCCGT,0.06848735256181224,-0.13663122488976165,6-mer
TGCCGC,0.3903708112717774,0.3937991203528589,6-mer
TGCCGG,-0.24413102549536708,-0.4320049282198626,6-mer
TGCGAA,-0.7801364049742912,-1.0810086375169177,6-mer
TGCGAT,-0.11301855546028146,0.15916225056324537,6-mer
TGCGAC,-0.14494245071087322,-0.6390144293312837,6-mer
TGCGAG,-0.757356888330733,-0.8013440051206618,6-mer
TGCGTA,0.10464503029168482,0.04030960457630676,6-mer
TGCGTT,0.07080995344027902,-0.2019244985809134,6-mer
TGCGTC,-0.12462806380781165,-0.5786867553284505,6-mer
TGCGTG,-0.0893930881164688,-0.16797565881798585,6-mer
TGCGCA,0.07327846666131596,-0.21661543958463195,Palindromes
TGCGCT,0.10841214700258656,0.18217835402974586,Inverted repeat
TGCGCC,0.3071741708638758,0.2859103469338332,Inverted repeat
TGCGCG,-0.2589319130363225,-0.173180237663542,Inverted repeat
TGCGGA,0.21026151711887706,-0.3884227671433474,6-mer
TGCGGT,-0.07199124846129741,0.23272727602545343,6-mer
TGCGGC,-0.03739375745730675,-0.06298187862884069,6-mer
TGCGGG,-0.04229870135626007,-0.4672302560015136,6-mer
TGGAAA,0.18912583094238972,-0.04394454385164571,6-mer
TGGAAT,0.14801774549387098,-0.23676434298289598,6-mer
TGGAAC,-0.23735578340361183,-0.39322108396764716,6-mer
TGGAAG,0.45452289885332625,0.33758891127780577,6-mer
TGGATA,0.6900826696947151,0.7769598677638958,6-mer
TGGATT,-0.036249695668555924,0.15772921741737095,6-mer
TGGATC,-0.29650455679937465,0.23758198687942045,6-mer
TGGATG,0.41176236724598286,0.5970080894862922,6-mer
TGGACA,0.1745041819286096,-0.5121267545828706,Inverted repeat
TGGACT,-0.4101386998660045,-0.8045417361661116,6-mer
TGGACC,-1.3571845362239705,-1.522887326612459,6-mer
TGGACG,-0.13723800519928397,-0.5989693587150353,6-mer
TGGAGA,-0.10544231451763617,-0.2593801066744271,6-mer
TGGAGT,-0.1110711278971953,-0.05752370112097574,6-mer
TGGAGC,-0.3585101058141735,-0.4232197337425255,6-mer
TGGAGG,-0.8057631023013702,-1.1138353852654466,6-mer
TGGTAA,-0.1403427510305291,0.6003695481193938,6-mer
TGGTAT,-0.06423033977164391,0.783853487678099,6-mer
TGGTAC,-0.5158234235473932,0.5402810614110805,6-mer
TGGTAG,-0.2706842032451412,0.29373120305671024,6-mer
TGGTTA,0.17975848244202103,0.8670033561144647,6-mer
TGGTTT,0.013448316300739302,0.7272573210246402,6-mer
TGGTTC,-0.6714039103323209,-0.16298993487295435,6-mer
TGGTTG,-0.3264944393614676,0.4944226330851589,6-mer
TGGTCA,0.2720145811210908,0.8216182554592671,Inverted repeat
TGGTCT,-0.5442315954532876,-0.1313462473218105,6-mer
TGGTCC,-1.2797684215935954,-1.2299417679702231,6-mer
TGGTCG,0.3086120204251639,0.7603095388018014,6-mer
TGGTGA,0.2268546969107836,1.2496753153297473,6-mer
TGGTGT,0.36271089943770457,0.7766122733181846,6-mer
TGGTGC,-0.082003956794113,0.4851166035283865,6-mer
TGGTGG,0.20109573756414847,1.3230458566546643,6-mer
TGGCAA,0.07291418737585609,0.2888826926822666,6-mer
TGGCAT,0.14865649960598742,0.07263644798160783,6-mer
TGGCAC,-0.18832380390063216,-0.05079947652165745,6-mer
TGGCAG,-0.0014147042229398425,0.22254177637989495,6-mer
TGGCTA,0.5359255766725163,0.8213477050465723,6-mer
TGGCTT,0.20041799651471262,0.7303805872457891,6-mer
TGGCTC,-0.1388232631688959,0.3561094947949503,6-mer
TGGCTG,-0.18369544626970669,0.47213351071583115,6-mer
TGGCCA,-0.2950921565559132,0.3292452451841625,Palindromes
TGGCCT,-0.36460843891071765,-0.16349873228287945,Inverted repeat
TGGCCC,-1.0142102693499988,-1.0006782238035534,Inverted repeat
TGGCCG,-0.07853485898982533,0.3762569003896366,Inverted repeat
TGGCGA,0.6253720488253722,1.0307298212302631,6-mer
TGGCGT,0.09222776058897303,0.5054459759095443,6-mer
TGGCGC,-0.09069831029173733,0.43401425430703255,6-mer
TGGCGG,0.45769458876513447,0.9422257329708063,6-mer
TGGGAA,0.0683673303061864,-0.3785116232537298,6-mer
TGGGAT,0.1046456125768442,0.2259162494227419,6-mer
TGGGAC,-0.5624857845002825,-1.220848120229062,6-mer
TGGGAG,-0.6582027993765348,-0.8342669086871491,6-mer
TGGGTA,0.4176988757013766,1.0987585687430659,6-mer
TGGGTT,0.06860036136816144,0.49740267482885975,6-mer
TGGGTC,-0.1340817728642154,-0.043398994678788765,6-mer
TGGGTG,-0.0017461513822184934,0.5208869467619606,6-mer
TGGGCA,0.2403803077497323,-0.07046695265485516,Inverted repeat
TGGGCT,-0.07054908593827933,-0.0388548117189243,6-mer
TGGGCC,-1.2754246752465663,-1.3731534182425356,6-mer
TGGGCG,0.33505342897953316,0.31264662691312095,6-mer
TGGGGA,0.3373835665825895,-0.018823874291655,6-mer
TGGGGT,-0.038083501731479626,0.3917098324135339,6-mer
TGGGGC,-0.1683975316957185,-0.26505169123479455,6-mer
TGGGGG,0.008530138965107221,-0.3434672099789993,6-mer
CAAAAA,-0.2184224473938222,0.04214901085715455,6-mer
CAAAAT,0.24932329575413434,0.07134337359236578,6-mer
CAAAAC,0.2213540546741651,0.17104145681710664,6-mer
CAAAAG,-0.5251401376471787,-0.27997715145723756,6-mer
CAAATA,-0.16251862092202246,-0.21694977206849314,6-mer
CAAATT,-0.039239895983329984,-0.37405082596349476,6-mer
CAAATC,-0.15989394822949426,0.052596730108177184,6-mer
CAAATG,-0.6091060833283092,-0.8290607393486183,Inverted repeat
CAAACA,0.12867354893727065,0.16220916459551224,6-mer
CAAACT,0.006417861086204157,0.3203319894072092,6-mer
CAAACC,-0.057799863520525234,0.513171817653146,6-mer
CAAACG,0.0627420622253148,0.20237661596016934,6-mer
CAAAGA,-0.06433175518720993,0.031404261514233575,6-mer
CAAAGT,-0.005303023422674095,0.15076099690608766,6-mer
CAAAGC,-0.14459418194048207,0.22461093705134003,6-mer
CAAAGG,-0.046122762236241045,-0.0539784345136296,6-mer
CAATAA,0.3205978089093922,0.4393167611248691,6-mer
CAATAT,0.8349353644157463,0.4891353570201776,6-mer
CAATAC,0.7661994395249786,0.6938439652555604,6-mer
CAATAG,-0.21614528825863588,-0.4804319172498495,6-mer
CAATTA,-0.4730793618104038,-0.7754397419808418,Inverted repeat
CAATTT,0.11954855617807023,-0.21577506195348797,Inverted repeat
CAATTC,-0.1332806435018941,-0.61541629726287,Inverted repeat
CAATTG,-0.517792187093221,-0.7884958948062882,Palindromes
CAATCA,0.21129447399035853,0.7043691003948269,6-mer
CAATCT,-0.1537760228397571,0.012798351572032688,6-mer
CAATCC,0.2603310739150588,0.14308836863730218,6-mer
CAATCG,0.207031010860763,0.5095312279376205,6-mer
CAATGA,-0.10668512862581475,-0.12075563204364814,6-mer
CAATGT,0.11667996450159332,-0.6024746442399705,6-mer
CAATGC,0.0774178977680876,-0.44745070698454387,6-mer
CAATGG,-0.022859374949176305,-0.08041783373102653,6-mer
CAACAA,0.3036940993670844,0.18560834448020488,6-mer
CAACAT,0.4048449575175865,-0.05438334984489499,6-mer
CAACAC,0.3630814513939708,0.19430961954977707,6-mer
CAACAG,0.08886312478647711,-0.10871883737407731,6-mer
CAACTA,-0.7428685510244425,-0.7973274617700091,6-mer
CAACTT,-0.33679633650755786,-0.12037566293652614,6-mer
CAACTC,0.09393595996124343,0.2510521098684322,6-mer
CAACTG,0.215383561511613,0.33103121363440663,Inverted repeat
CAACCA,-0.24050261494460254,0.5228585942578289,6-mer
CAACCT,-0.13071932431696848,0.06478383606113956,6-mer
CAACCC,0.1367721538957495,0.22548406963002857,6-mer
CAACCG,-0.17777056875851852,0.3524556921602898,6-mer
CAACGA,-0.27067618488430606,-0.32676682086842823,6-mer
CAACGT,0.06513354554007965,-0.17831109734828185,6-mer
CAACGC,0.04461405914710851,0.07162967698102993,6-mer
CAACGG,-0.007286354078492306,-0.12949318788178132,6-mer
CAAGAA,0.07389769714771693,-0.04760886566009594,6-mer
CAAGAT,0.11137420536735812,0.4759884977652662,6-mer
CAAGAC,-0.13401409352398136,-0.4701872505789317,6-mer
CAAGAG,0.31943373213071774,0.25279024037705033,6-mer
CAAGTA,-0.45405272277328895,0.005938289015041918,6-mer
CAAGTT,-0.3750835951267503,-0.21098366446681785,6-mer
CAAGTC,-0.11446028008396933,-0.21006658877849407,6-mer
CAAGTG,-0.10659786072333674,0.18908273013557295,Inverted repeat
CAAGCA,-0.19510314791556538,-0.0983346728376843,6-mer
CAAGCT,-0.0923660664407013,0.2688795102183705,6-mer
CAAGCC,0.11262004747575866,0.43080717609094005,6-mer
CAAGCG,0.0973171426799306,0.43894674929072297,6-mer
CAAGGA,-0.2759967126277955,-0.4560471711755061,6-mer
CAAGGT,0.6375106782654507,0.7268627799184244,6-mer
CAAGGC,0.4227550654953563,0.3098394179898168,6-mer
CAAGGG,0.17094250415812404,-0.3109688828974959,6-mer
CATAAA,-0.07383711412431809,0.02490972981411136,6-mer
CATAAT,-0.8405101484929273,-0.6044521997323804,6-mer
CATAAC,-0.13164400581047095,-0.20956051457224434,6-mer
CATAAG,-0.29373120305671024,-0.31240285514822136,6-mer
CATATA,-0.9990505461711355,-1.025924430941207,Inverted repeat
CATATT,0.1370394605794009,-0.26396728335798214,Inverted repeat
CATATC,0.003958013568683247,0.026806699155758687,Inverted repeat
CATATG,-1.1436456766434635,-1.6128370740861577,Palindromes
CATACA,-0.2054019208784675,-0.4802250366141109,6-mer
CATACT,-0.5844766630196834,-0.4232580060838122,6-mer
CATACC,-0.13932677125342952,0.3040358228848193,6-mer
CATACG,-0.46826707489274755,-0.5788155163860068,6-mer
CATAGA,-0.22481508360330377,-0.3403336787078647,6-mer
CATAGT,0.0018468469015239545,-0.18393185943619147,6-mer
CATAGC,-0.2040029959037053,-0.42092619367250556,6-mer
CATAGG,-0.011366254949945002,-0.3808584233497247,6-mer
CATTAA,0.4061865816965782,-0.16929623915696704,6-mer
CATTAT,0.14767716804225975,-0.09496099186389179,6-mer
CATTAC,0.5322804100371165,0.1999033275680716,6-mer
CATTAG,0.35426881492958096,-0.46523838953245594,6-mer
CATTTA,-0.4804571528075766,-0.5440135834758297,6-mer
CATTTT,0.2711114286417569,0.0077699588082172505,6-mer
CATTTC,-0.08734342909267404,-0.4239632400519869,6-mer
CATTTG,-0.433907023018156,-0.7555108453783619,Inverted repeat
CATTCA,-0.039031430728476216,-0.26115294220208407,6-mer
CATTCT,-0.07469543505231882,-0.5681499315258722,6-mer
CATTCC,0.44774412274562303,-0.5398621587618879,6-mer
CATTCG,-0.08445157019903686,-0.5557594241660194,6-mer
CATTGA,0.2631395240560626,0.15113334508961113,6-mer
CATTGT,-0.35382143067669847,-0.8638174240373492,6-mer
CATTGC,-0.08862677438397536,-0.5762508245513005,6-mer
CATTGG,-0.02430590651613316,-0.11900803311157654,6-mer
CATCAA,0.48799880423911507,0.8598111681870508,6-mer
CATCAT,0.2546751230393193,0.5645559077467134,6-mer
CATCAC,0.4259546724966768,1.0228819778440783,6-mer
CATCAG,-0.15478742940551674,0.42538236308160127,6-mer
CATCTA,-0.23659393479279672,-0.3620484033562834,6-mer
CATCTT,0.05023589576133462,0.3001152713025242,6-mer
CATCTC,-0.05954474661150291,0.08008005027394391,6-mer
CATCTG,-0.5066415200223383,-0.23989642423170737,Inverted repeat
CATCCA,0.28867500844901106,0.5378044177616894,6-mer
CATCCT,-0.0849048125019397,-0.37153236221169234,6-mer
CATCCC,0.32462220405662534,0.10134181337023868,6-mer
CATCCG,0.01742451270156163,0.02424754624667708,6-mer
CATCGA,0.33033181269529344,0.5635459724260259,6-mer
CATCGT,-0.1490800184088292,0.057571068924757295,6-mer
CATCGC,0.18024643375224964,0.5259576867558515,6-mer
CATCGG,0.24030526720739237,0.5514959704362591,6-mer
CATGAA,-0.37921830709881227,-0.6011395674118399,6-mer
CATGAT,-0.13956514812571705,0.07406632434250474,6-mer
CATGAC,0.050113685993229434,-0.3773499661729393,6-mer
CATGAG,-0.6040392034644559,-0.5197492817777954,6-mer
CATGTA,-0.38876927449146587,-0.9227903082862448,6-mer
CATGTT,0.011676324110394848,-0.6003226885877055,6-mer
CATGTC,0.15317577795659074,-0.7873705476034492,6-mer
CATGTG,-0.5661287836871352,-1.1615282857563687,Inverted repeat
CATGCA,-0.23832897659028116,-0.9780838188592372,6-mer
CATGCT,-0.021452073946502836,-0.45709943406713494,6-mer
CATGCC,0.12352299374921108,-0.38465610856533095,6-mer
CATGCG,-0.39957323878155954,-0.8710166254808035,6-mer
CATGGA,-0.1708621206963659,-0.5277238480322869,6-mer
CATGGT,-0.023788343887574826,0.29111050289757445,6-mer
CATGGC,0.13716030613676367,0.11866626771481416,6-mer
CATGGG,0.034162034660677014,-0.3049239735604145,6-mer
CACAAA,-0.09065068755669622,-0.16221587011114377,6-mer
CACAAT,0.0005901800208663209,-0.3402138979450785,6-mer
CACAAC,-0.1330882332619408,-0.3152930130181089,6-mer
CACAAG,-0.0015672951469602753,-0.22770133272151322,6-mer
CACATA,-0.11149903651048966,-0.3862889738454491,6-mer
CACATT,-0.025623897932833428,-0.6561908487239533,6-mer
CACATC,0.35963348659668776,0.3429776118667301,6-mer
CACATG,-0.46709312186760427,-1.1059591848677286,Inverted repeat
CACACA,-0.2983040336388886,-0.6040409993414033,6-mer
CACACT,-0.0548923301433254,-0.09600890635403807,6-mer
CACACC,0.17902524465057734,0.4350183834191767,6-mer
CACACG,-0.3890039970713721,-0.7284835307588159,6-mer
CACAGA,-0.44435019778269447,-0.45484867751027624,6-mer
CACAGT,-0.24186799571504333,-0.3254330919866975,6-mer
CACAGC,-0.2814428724815445,-0.2676682539109781,6-mer
CACAGG,0.13046024674581508,-0.3022695691168939,6-mer
CACTAA,0.3637550445773124,0.07010922012605082,6-mer
CACTAT,0.2965600780601903,0.10085531237229925,6-mer
CACTAC,0.30125750661247225,0.34652376082949443,6-mer
CACTAG,-0.23150790027985016,-0.6336873374640957,6-mer
CACTTA,-0.3480375868557379,-0.224472731777495,6-mer
CACTTT,0.16758690512160548,0.43363165537403875,6-mer
CACTTC,0.5339785720023512,0.6145083644638941,6-mer
CACTTG,-0.1838631402900032,0.14951657022648004,Inverted repeat
CACTCA,0.136728783711149,0.4983081184669741,6-mer
CACTCT,0.045706010806583576,0.21572869105543724,6-mer
CACTCC,-0.21406443017588506,-0.301680333733277,6-mer
CACTCG,0.057245665046561485,0.13559857849405696,6-mer
CACTGA,0.09965923956879559,0.4920891586783793,6-mer
CACTGT,0.2327225173177309,0.07119104785695285,6-mer
CACTGC,0.24676867047280296,0.2131999369356566,6-mer
CACTGG,0.2061024845555932,0.6383114569979157,6-mer
CACCAA,0.1672897721201054,0.9519510493900032,6-mer
CACCAT,0.2835801110995401,0.8654022074254762,6-mer
CACCAC,0.3423724886330544,1.3009052474152376,6-mer
CACCAG,-0.26775123149707075,0.6103578328497772,6-mer
CACCTA,0.06573486019174972,-0.008256696774514327,6-mer
CACCTT,0.3879877360653358,0.6645374980398119,6-mer
CACCTC,-0.11401626029165586,0.0835726899950922,6-mer
CACCTG,-0.3516092732677179,-0.09200936999515223,Inverted repeat
CACCCA,-0.079132960963374,0.3784944892100967,6-mer
CACCCT,-0.21596380501662849,-0.2638788278894429,6-mer
CACCCC,0.03757461850716751,0.15070307529816096,6-mer
CACCCG,0.00313970753056708,0.14868464450434168,6-mer
CACCGA,0.212706852275369,0.7415052298844894,6-mer
CACCGT,0.10942060837983866,0.3952313131102811,6-mer
CACCGC,0.09855989059799745,0.8251384231478479,6-mer
CACCGG,-0.2700424326189868,0.23361402239536116,6-mer
CACGAA,-0.4396620163563079,-0.6354173873604773,6-mer
CACGAT,-0.28782268405072275,0.018917213342629764,6-mer
CACGAC,0.12480911351670482,-0.179064096810261,6-mer
CACGAG,-0.6102058748314945,-0.6207002819575909,6-mer
CACGTA,-0.19164477530735494,-0.216301075526698,Inverted repeat
CACGTT,0.03048974400726338,-0.17078458909903288,Inverted repeat
CACGTC,-0.16210549698301302,-0.7152774624202842,Inverted repeat
CACGTG,-0.7222031666693458,-1.006594112221793,Palindromes
CACGCA,0.03380270809073815,-0.21386702012194822,6-mer
CACGCT,-0.021691068721684605,0.1508395626156689,6-mer
CACGCC,0.04395832565603389,0.10605350758455503,6-mer
CACGCG,-0.3602275228954474,-0.23709619491225425,6-mer
CACGGA,-0.2740443237028928,-0.5501303745084545,6-mer
CACGGT,0.08567975956704565,0.3734275878475795,6-mer
CACGGC,0.020240792437624378,0.050105056437043154,6-mer
CACGGG,-0.29804085566170696,-0.6761164657027628,6-mer
CAGAAA,0.262259269361509,0.156999838191184,6-mer
CAGAAT,0.17056920553468108,-0.13903912266116006,6-mer
CAGAAC,-0.2617144651736611,-0.2718217094097343,6-mer
CAGAAG,0.352746676869146,0.2643261117783647,6-mer
CAGATA,0.0580164041126476,0.34301338929650044,6-mer
CAGATT,-0.3898432607366594,-0.17357632930035313,6-mer
CAGATC,-0.12904672575090054,0.5583775257603868,6-mer
CAGATG,-0.3159177078411837,-0.21612515566011656,Inverted repeat
CAGACA,0.04764870999514566,-0.4885887072543274,6-mer
CAGACT,-0.3944952190076449,-0.5185990999576666,6-mer
CAGACC,-0.275776745599825,-0.10738353537359945,6-mer
CAGACG,-0.05364174478948317,-0.5149181238796409,6-mer
CAGAGA,0.02724550922953853,0.025228780766258133,6-mer
CAGAGT,-0.010603767922412915,0.07298551238200551,6-mer
CAGAGC,0.18858099879165785,0.24538193383337178,6-mer
CAGAGG,-0.045768672318231535,-0.19798542523454526,6-mer
CAGTAA,0.44232582026464384,0.7588953184013815,6-mer
CAGTAT,0.011249141132959377,0.24172802718184344,6-mer
CAGTAC,0.3030004740289546,0.8035487040474998,6-mer
CAGTAG,0.11861777398545073,0.20602655539351786,6-mer
CAGTTA,-0.1452199985645707,-0.03663500162865209,6-mer
CAGTTT,0.26613747395556697,0.36483392003195286,6-mer
CAGTTC,0.09766049662266832,0.04390810359925054,6-mer
CAGTTG,0.16054068838642827,0.2970357533246556,Inverted repeat
CAGTCA,-0.18635600928240337,-0.05071735110871209,6-mer
CAGTCT,-0.6480247684708496,-0.9399498419138533,6-mer
CAGTCC,-0.6212564964095296,-1.133483005474252,6-mer
CAGTCG,-0.201010621888208,-0.3484258970644383,6-mer
CAGTGA,0.3083322144316007,0.7231597946411756,6-mer
CAGTGT,0.15108212626351042,0.07713517266255217,6-mer
CAGTGC,0.13003575717073637,0.12071286556454533,6-mer
CAGTGG,0.054648577922197406,0.5043804709931485,6-mer
CAGCAA,0.48555328407042403,0.5218229119091461,6-mer
CAGCAT,0.1847522595495709,0.024366252384144062,6-mer
CAGCAC,0.43522039223589526,0.5020188220403081,6-mer
CAGCAG,0.5122135491605159,0.6181075925640133,6-mer
CAGCTA,-0.42560303301921804,-0.4790778582575933,Inverted repeat
CAGCTT,-0.17789708895421946,0.30693562048209216,Inverted repeat
CAGCTC,0.2956376650452277,0.5842467006365692,Inverted repeat
CAGCTG,-1.388806488834552,-1.0292315532372927,Palindromes
CAGCCA,-0.12339130116547316,0.5148708198373931,6-mer
CAGCCT,-0.25795984892794727,-0.15951803665931588,6-mer
CAGCCC,-0.2478295342224614,-0.29577846270320807,6-mer
CAGCCG,-0.4985174436281166,-0.1724382090538421,6-mer
CAGCGA,-0.15502057835857466,0.13758588737827532,6-mer
CAGCGT,0.27239806045676473,0.4536304086044515,6-mer
CAGCGC,0.14107918938451236,0.5318298891822795,6-mer
CAGCGG,-0.1737287814299139,0.25375659224578306,6-mer
CAGGAA,0.38669588356088047,-0.3537509971459553,6-mer
CAGGAT,0.10860229765576303,-0.03446803032515748,6-mer
CAGGAC,-0.03796785019902047,-0.8902430644010115,6-mer
CAGGAG,-0.07727571347663786,-0.5068299751983343,6-mer
CAGGTA,-0.11529792269020928,0.3483884638437752,6-mer
CAGGTT,-0.16830125896264816,0.06827407865834345,6-mer
CAGGTC,-0.21417475238468234,-0.4235147792066829,6-mer
CAGGTG,-0.25957380179242623,-0.1813061801547186,Inverted repeat
CAGGCA,-0.26175655363254546,-0.5305313298578577,6-mer
CAGGCT,-0.29714619430229533,-0.264361196347885,6-mer
CAGGCC,-0.5824085359319493,-0.6331460342311214,6-mer
CAGGCG,-0.15147120532328978,-0.2863179250439832,6-mer
CAGGGA,0.20926824906616315,-0.6081629028766711,6-mer
CAGGGT,-0.03005723385617986,-0.07142761152087504,6-mer
CAGGGC,0.3083555541572721,-0.2623626037071545,6-mer
CAGGGG,-0.027400437251914597,-0.7846943246464322,6-mer
CTAAAA,0.029178736293679657,-0.164179285864509,6-mer
CTAAAT,-0.01797571681217571,-0.42625487218004315,6-mer
CTAAAC,0.3867232176844298,0.2474725097413199,6-mer
CTAAAG,0.287999548667217,0.12389647039790734,Inverted repeat
CTAATA,-0.16779842779226664,-0.3551138751545033,6-mer
CTAATT,-0.3703622209474236,-0.8379831179269308,6-mer
CTAATC,-0.7428035981421095,-0.6449254989881588,6-mer
CTAATG,0.029696782537955685,-0.5928769917975452,6-mer
CTAACA,-0.022585490461374973,-0.542400831100228,6-mer
CTAACT,0.19505408712812275,0.05784863646104891,6-mer
CTAACC,0.2678903973513,0.32999306344185525,6-mer
CTAACG,0.34020923507271433,-0.155026350997528,6-mer
CTAAGA,-0.5344208921013683,-0.48321692879447503,6-mer
CTAAGT,0.051974275113777786,-0.08252465375031535,6-mer
CTAAGC,0.2973701269488567,0.2134813674290521,6-mer
CTAAGG,0.25751838197473453,-0.1844777570709973,6-mer
CTATAA,-0.23590287356330988,-0.3455603273251778,Inverted repeat
CTATAT,-0.17312743348065632,-0.3643705918376327,Inverted repeat
CTATAC,-0.23611852398250188,-0.2726038672902154,Inverted repeat
CTATAG,-0.6035616274823584,-0.7338000524883024,Palindromes
CTATTA,-0.34742268972321233,-0.3831509568071602,6-mer
CTATTT,0.31332896596116344,0.13097004189367797,6-mer
CTATTC,-0.06766597636843211,-0.5452787992486742,6-mer
CTATTG,0.020387997000080472,-0.21815691371570445,6-mer
CTATCA,0.0,0.23633161229432173,6-mer
CTATCT,0.24614490929502364,0.38099229079654895,6-mer
CTATCC,0.293389491759229,0.08311363685280132,6-mer
CTATCG,0.45054252680102763,0.5326581432788347,6-mer
CTATGA,-0.38870899184426405,-0.40980775374326833,6-mer
CTATGT,0.04408433215146253,-0.3962198331043757,6-mer
CTATGC,0.007490511175751625,-0.3724313279009838,6-mer
CTATGG,-0.15184188946243748,-0.11345804978328398,6-mer
CTACAA,0.036166773337288606,-0.22063582177584565,6-mer
CTACAT,0.012765769413266702,-0.49522040968580033,6-mer
CTACAC,-0.03093071808847479,-0.27782481214734955,6-mer
CTACAG,-0.1015309344203422,-0.2996090207329478,Inverted repeat
CTACTA,-0.3360566381522345,-0.2799135601147009,6-mer
CTACTT,0.04206405956654376,0.2809809663343585,6-mer
CTACTC,0.14654479403884862,0.1964974034380026,6-mer
CTACTG,0.17438879714793706,0.42870796790551613,6-mer
CTACCA,-0.23386582227181912,0.31359435230431915,6-mer
CTACCT,-0.07264530183176582,0.3769023703920726,6-mer
CTACCC,0.11625306849584809,0.20173295077035486,6-mer
CTACCG,0.14546480945261764,0.6424734018756061,6-mer
CTACGA,-0.1211388401093248,-0.3674688787975473,6-mer
CTACGT,0.16948619524380507,0.006506778941584469,6-mer
CTACGC,0.09423359099043661,0.0052406530768847985,6-mer
CTACGG,0.3620108368946929,0.0895071677112859,6-mer
CTAGAA,0.23503238790661635,-0.49966208062143724,6-mer
CTAGAT,-0.5208321633014406,-0.7212839719339365,6-mer
CTAGAC,0.10710655547072684,-0.74712807870536,6-mer
CTAGAG,0.5691795034802284,-0.16756839659192635,Inverted repeat
CTAGTA,-0.883128778014953,-0.9860434092502816,6-mer
CTAGTT,-1.213980181520248,-1.3278762462854177,6-mer
CTAGTC,-0.7834789458649778,-1.2027808295943574,6-mer
CTAGTG,-0.24224435643210973,-0.6012678562276847,6-mer
CTAGCA,-0.7413824207303843,-1.0958435537088427,6-mer
CTAGCT,-0.37195119630200224,-0.5980670596344103,6-mer
CTAGCC,-0.097314433634236,-0.30983554946391406,6-mer
CTAGCG,-0.06869773835156774,-0.37590418527505776,6-mer
CTAGGA,-0.10303852163521326,-1.027117748612697,6-mer
CTAGGT,0.19028092149658243,-0.09134297746663159,6-mer
CTAGGC,-0.001961516333285895,-0.8070402323320922,6-mer
CTAGGG,0.3126012064228235,-0.2887975018988755,6-mer
CTTAAA,-0.3406479726171314,-0.2981459738839756,Inverted repeat
CTTAAT,-0.17336768283945883,-0.23126300920530407,Inverted repeat
CTTAAC,-0.20420055428411477,-0.15262730863457752,Inverted repeat
CTTAAG,-0.8619114812940649,-0.6535740156446509,Palindromes
CTTATA,-0.4944817548902892,-0.4224467095366607,6-mer
CTTATT,-0.14386992553394692,0.054037478956140125,6-mer
CTTATC,0.3533732757303518,0.6647257710871382,6-mer
CTTATG,-0.3386986757658659,-0.39348783082652095,6-mer
CTTACA,-0.3074843581240404,-0.4509417617195202,6-mer
CTTACT,-0.08935339897057792,0.23406812695445223,6-mer
CTTACC,0.08396365693629172,0.6588583531139713,6-mer
CTTACG,0.013274759544690293,0.08574029627802053,6-mer
CTTAGA,-0.036847310305105074,-0.35122865142978044,6-mer
CTTAGT,0.11079371159565489,0.035372452693983494,6-mer
CTTAGC,-0.046796609573758,-0.17804593265982532,6-mer
CTTAGG,0.3718533202190447,-0.1219196285314801,6-mer
CTTTAA,0.09383547136246267,0.15765943866727733,6-mer
CTTTAT,0.37164287690487985,0.6576488529318144,6-mer
CTTTAC,0.22037867160459587,0.6994908887475434,6-mer
CTTTAG,0.21767189546365107,0.08697489871247174,Inverted repeat
CTTTTA,-0.22858164055719707,-0.21233570962113144,6-mer
CTTTTT,-0.043004526504379366,0.3333703934500849,6-mer
CTTTTC,-0.4082896678392941,-0.2712594066728338,6-mer
CTTTTG,-0.4827720863989467,-0.2839704877491109,6-mer
CTTTCA,-0.17133403878648287,0.09113102636336068,6-mer
CTTTCT,-0.015384899217550591,0.05784661385999098,6-mer
CTTTCC,-0.06941866578057786,-0.3003081520786563,6-mer
CTTTCG,-0.2480827838565739,-0.13735827380862023,6-mer
CTTTGA,0.06640181502995182,0.2806111790579178,6-mer
CTTTGT,-0.014238311907061102,-0.15505172496078196,6-mer
CTTTGC,0.0034974442362270346,-0.0032861025388572773,6-mer
CTTTGG,0.029809542482079614,0.4077008577604129,6-mer
CTTCAA,0.18127602912553786,0.2890519386406733,6-mer
CTTCAT,0.2398337758423133,0.23383468978423408,6-mer
CTTCAC,0.32414973722096074,0.5729229306183131,6-mer
CTTCAG,-0.26479947907436424,-0.032451865893469455,Inverted repeat
CTTCTA,0.4540626562609066,0.07998791166639002,6-mer
CTTCTT,0.6353385616527479,0.6329438988851719,6-mer
CTTCTC,-0.010839232361464448,-0.04078931102705159,6-mer
CTTCTG,0.2758398620647659,0.1538643082050134,6-mer
CTTCCA,0.4700472992962079,0.3573923851096912,6-mer
CTTCCT,0.43820348385788643,0.004906372158006183,6-mer
CTTCCC,0.23446525363702295,-0.35160743955206897,6-mer
CTTCCG,0.24327115101236385,-0.21670334945462374,6-mer
CTTCGA,-0.18724800911109868,-0.22012783369997024,6-mer
CTTCGT,-0.3465868558574928,-0.5456965544629008,6-mer
CTTCGC,-0.30477941571493117,-0.22294661615214606,6-mer
CTTCGG,0.1799551218957627,0.05815443638279982,6-mer
CTTGAA,-0.22926735945949966,-0.021299795377181338,6-mer
CTTGAT,-0.05890020601249507,0.5623926639211797,6-mer
CTTGAC,-0.6748698115443745,-0.6724473559187596,6-mer
CTTGAG,0.08823962062766444,0.3082387403392615,Inverted repeat
CTTGTA,-0.18402653139400307,-0.18933206473147202,6-mer
CTTGTT,0.35023174482146535,0.17814799887531038,6-mer
CTTGTC,-0.19121724522431194,-0.5905987234078035,6-mer
CTTGTG,-0.11968886394640858,-0.30993386660032546,6-mer
CTTGCA,-0.11506802928959185,-0.32863668647655314,6-mer
CTTGCT,0.34320381717053633,0.4274892403251004,6-mer
CTTGCC,-0.0034158621740141885,0.04039810062542904,6-mer
CTTGCG,-0.20576925021268078,-0.13091841675079605,6-mer
CTTGGA,-0.24002071072256373,-0.1519262501181315,6-mer
CTTGGT,0.13329868220597066,0.9925603836286512,6-mer
CTTGGC,0.13954170874759655,0.6289058483087533,6-mer
CTTGGG,0.22304243037690485,0.31438879793397223,6-mer
CTCAAA,-0.2567124945203242,0.004098568213620412,6-mer
CTCAAT,0.5845224534275542,0.5884060217904401,6-mer
CTCAAC,0.30803457287199854,0.4944076612570057,6-mer
CTCAAG,0.13397636231711404,0.4009973940055217,Inverted repeat
CTCATA,-0.6375150830981765,-0.5902164861504462,6-mer
CTCATT,-0.3249126030862287,-0.28486929328646055,6-mer
CTCATC,0.2683798108914489,0.7059130120469138,6-mer
CTCATG,-0.6100534816839867,-0.52448943602524,6-mer
CTCACA,-0.8557264901121026,-0.7678901673611069,6-mer
CTCACT,0.08782978785349084,0.44899017541774716,6-mer
CTCACC,0.31422685752056806,0.8205076470547239,6-mer
CTCACG,-0.15165541419505085,0.004160956375142422,6-mer
CTCAGA,-0.6228948650685463,-0.4888224040031562,6-mer
CTCAGT,0.23916827815854397,0.46935714056090494,6-mer
CTCAGC,0.029799165267327204,0.3752235899144502,6-mer
CTCAGG,0.21325322419664616,0.2121399493492505,6-mer
CTCTAA,0.41630775693597916,0.04347478396817744,6-mer
CTCTAT,0.5335251043585827,0.28648526521974804,6-mer
CTCTAC,0.41095842049157394,0.36144633919478414,6-mer
CTCTAG,0.5255165505163397,-0.039667969864030476,Inverted repeat
CTCTTA,-0.40314560320988363,-0.3089649090575913,6-mer
CTCTTT,0.5053304822479424,0.5649517216577382,6-mer
CTCTTC,1.0185044314401535,0.783391964939577,6-mer
CTCTTG,0.23423487090836867,0.1839227932501979,6-mer
CTCTCA,-0.5623246970414245,-0.19091061210107918,6-mer
CTCTCT,0.411876255129167,0.45727597420936456,6-mer
CTCTCC,0.26343801334541755,-0.031149946387315657,6-mer
CTCTCG,-0.1695386859919149,-0.2616949803909212,6-mer
CTCTGA,-0.3421433639671346,-0.09480171548393335,6-mer
CTCTGT,0.2531498169019498,-0.03459197999326143,6-mer
CTCTGC,0.3599735114210281,0.18058259871119597,6-mer
CTCTGG,0.1986223036794305,0.4695141086649289,6-mer
CTCCAA,-0.4215069946084013,-0.3433306913912816,6-mer
CTCCAT,-0.07475773554286604,-0.32642614557413996,6-mer
CTCCAC,-0.18401313012544943,-0.22335070436131188,6-mer
CTCCAG,-0.3605983852727286,-0.5015117074236088,Inverted repeat
CTCCTA,-0.3120104272093393,-0.8442467223770179,6-mer
CTCCTT,-0.32854042513422627,-0.4354268953144049,6-mer
CTCCTC,-0.15131358636291745,-0.4986829238725085,6-mer
CTCCTG,-0.30925426485225177,-0.8273109439496668,6-mer
CTCCCA,-0.3995286990137934,-0.7548540013671987,6-mer
CTCCCT,-0.15080034636339262,-0.4954204551369936,6-mer
CTCCCC,0.1727968537446007,-0.02196641737252384,6-mer
CTCCCG,0.1329352264821003,-0.5427150919033569,6-mer
CTCCGA,-0.2677352735996081,-0.6920489088436292,6-mer
CTCCGT,-0.7210319338551032,-1.0064045334771918,6-mer
CTCCGC,-0.44525696055722314,-0.8569720506937408,6-mer
CTCCGG,0.005668750086691992,-0.34081552674418664,6-mer
CTCGAA,-0.19393805405209022,-0.3002708627008836,Inverted repeat
CTCGAT,0.3720375508366616,0.5391541343293018,Inverted repeat
CTCGAC,0.38332863955150565,0.10354670746273022,Inverted repeat
CTCGAG,-1.3815779263015133,-1.334754510538386,Palindromes
CTCGTA,-0.547017347610708,-0.43647266880922225,6-mer
CTCGTT,-0.17414228997551207,-0.25660032038757896,6-mer
CTCGTC,0.0,-0.41329716029907027,6-mer
CTCGTG,-0.5252305006934294,-0.6343000216984185,6-mer
CTCGCA,-0.7914253407844333,-0.9124093840469243,6-mer
CTCGCT,-0.06398984710497904,0.2095663496019727,6-mer
CTCGCC,0.3565354931817765,0.4212523690619899,6-mer
CTCGCG,-0.17434925235165866,-0.16372306094960054,6-mer
CTCGGA,-0.7355524736045823,-1.1193083521774851,6-mer
CTCGGT,0.28285169272130317,0.5977605639158161,6-mer
CTCGGC,0.10399159900253162,0.1372610743684904,6-mer
CTCGGG,-0.22065945411199248,-0.6194007400526973,6-mer
CTGAAA,-0.015343718359088118,0.14177842243458763,6-mer
CTGAAT,0.006051864091313026,-0.10942797986687404,6-mer
CTGAAC,-0.21794452014616186,-0.005492064841908386,6-mer
CTGAAG,-0.2426676672189436,-0.02867114908895442,Inverted repeat
CTGATA,-0.4095452268218645,0.17789131125236893,6-mer
CTGATT,-0.08298224345708798,0.45732448447271407,6-mer
CTGATC,-0.3836976624569296,0.5336118028351606,6-mer
CTGATG,-0.20307304831152181,0.3456372807248836,6-mer
CTGACA,0.08255184796166679,-0.22545122302563744,6-mer
CTGACT,0.24118574578319368,0.35969832916375494,6-mer
CTGACC,0.34688824774451676,0.6671089209018259,6-mer
CTGACG,0.2855947621871627,0.1569716786471226,6-mer
CTGAGA,-0.5480401509162641,-0.32706952779924886,6-mer
CTGAGT,0.158280939512298,0.4355918083345097,6-mer
CTGAGC,0.38896075030384464,0.6811442783220605,6-mer
CTGAGG,-0.6401010265833169,-0.6334988690253768,6-mer
CTGTAA,-0.31879973433907005,-0.31592409853670683,6-mer
CTGTAT,0.10321474021372891,0.006397771198150584,6-mer
CTGTAC,0.22135204639708808,0.29067716090292267,6-mer
CTGTAG,-0.02933916824890779,-0.3222366597566573,Inverted repeat
CTGTTA,-0.17780773901248448,-0.4805816760965204,6-mer
CTGTTT,0.7674058296469044,0.498409768292197,6-mer
CTGTTC,0.22984369589664536,-0.18737142752755878,6-mer
CTGTTG,0.018793631648670334,-0.19550473208163646,6-mer
CTGTCA,-0.3068412282002618,-0.5044257067619261,6-mer
CTGTCT,0.31480671849169795,-0.19865474240291406,6-mer
CTGTCC,-0.4890067174460428,-1.2029621874221204,6-mer
CTGTCG,0.3302497582651451,-0.2582719090372295,6-mer
CTGTGA,-0.6330210699970489,-0.47835131009012044,6-mer
CTGTGT,-0.06726322690467827,-0.588235447436847,6-mer
CTGTGC,-0.08872030748356861,-0.4162147290796923,6-mer
CTGTGG,-0.09326926865458358,0.14910365124913516,6-mer
CTGCAA,0.14218634326072324,-0.08267275723502818,Inverted repeat
CTGCAT,0.14824509433945018,-0.39286207579254906,Inverted repeat
CTGCAC,0.20713091285163596,-0.07552509201982756,Inverted repeat
CTGCAG,-0.13663180466547445,-0.30144967270282547,Palindromes
CTGCTA,-0.4200596051753897,-0.7604592968331425,6-mer
CTGCTT,0.12224910534593517,0.20395964958821167,6-mer
CTGCTC,0.6802319641956827,0.5510511266751912,6-mer
CTGCTG,0.5783577945320948,0.6427043373854826,6-mer
CTGCCA,0.04194488999630303,0.23138523458899915,6-mer
CTGCCT,0.10061853409930475,-0.2171126531715195,6-mer
CTGCCC,0.08884834585109022,-0.360767137770398,6-mer
CTGCCG,0.24189067877477285,0.20632660897681238,6-mer
CTGCGA,-0.363814220847864,-0.4111330448229276,6-mer
CTGCGT,0.3913239534718181,0.22825639510333592,6-mer
CTGCGC,0.36480081174655893,0.367353471913846,6-mer
CTGCGG,-0.06630686789069297,-0.12147341393098597,6-mer
CTGGAA,0.3238772440794428,0.04726013271674612,6-mer
CTGGAT,0.3352236797060012,0.5875729681518247,6-mer
CTGGAC,-0.3966589699639893,-0.7730874590156668,6-mer
CTGGAG,-0.30210930622889703,-0.38258775534089323,Inverted repeat
CTGGTA,-0.6258162004635178,0.2535011440023106,6-mer
CTGGTT,-0.36800396543533637,0.3514925524295009,6-mer
CTGGTC,-0.541535163656213,-0.07092594498551051,6-mer
CTGGTG,-0.34891864784509613,0.5193238567961634,6-mer
CTGGCA,-0.22962172573836614,0.018577323919281782,6-mer
CTGGCT,-0.1420081846190451,0.45781781812302774,6-mer
CTGGCC,-0.4932338453338867,0.011123378471710606,6-mer
CTGGCG,0.11368852810240178,0.7054569905436959,6-mer
CTGGGA,-0.11556599592160335,-0.41468728807651994,6-mer
CTGGGT,0.13394702181893778,0.6336777857541843,6-mer
CTGGGC,-0.1019317964022564,-0.186271610885284,6-mer
CTGGGG,-0.1525160946049594,-0.33342373372519163,6-mer
CCAAAA,-0.22580290448803084,0.021550567513329653,6-mer
CCAAAT,-0.15796054874144932,-0.06714673993182603,6-mer
CCAAAC,0.0925002500387801,0.6567550068711812,6-mer
CCAAAG,0.01518053552429086,0.42809736489306255,6-mer
CCAATA,0.4876372058048908,0.6236278642229391,6-mer
CCAATT,-0.09227356598557865,-0.2925252067649719,6-mer
CCAATC,0.21944573641208293,0.7860367235104337,6-mer
CCAATG,0.06889998934706432,0.004565919420386641,6-mer
CCAACA,0.4160890263231274,0.4784723451780353,6-mer
CCAACT,0.07373371221606637,0.3992847033712206,6-mer
CCAACC,0.021213167084341435,0.7709534216557311,6-mer
CCAACG,0.066295824045099,0.26772269076124605,6-mer
CCAAGA,0.014132238046818743,0.24653955030453728,6-mer
CCAAGT,-0.018791594264279392,0.4038708553571011,6-mer
CCAAGC,0.11201371786965655,0.7045309231638676,6-mer
CCAAGG,0.4492414575573692,0.5042080089560895,Inverted repeat
CCATAA,-0.24776764918048325,0.1066915909365022,6-mer
CCATAT,-0.0528053831438516,-0.055345694707513396,6-mer
CCATAC,0.06489153258399752,0.3759157415195197,6-mer
CCATAG,0.04416208688615706,0.011807730684464326,6-mer
CCATTA,0.35385359175616765,0.03307994674139703,6-mer
CCATTT,0.2663195673322822,0.2003329956657401,6-mer
CCATTC,0.19207085337282137,-0.05158936696725056,6-mer
CCATTG,0.034782016220270814,-0.002564311987801531,6-mer
CCATCA,0.24241562912078488,1.0326824673760215,6-mer
CCATCT,-0.27392272197653006,0.14590733786411691,6-mer
CCATCC,-0.1665369267405076,0.16037370248875468,6-mer
CCATCG,0.09135652057754581,0.6777542824553047,6-mer
CCATGA,-0.1237954899682004,0.12481467197877631,Inverted repeat
CCATGT,0.1443323867562356,-0.3064744424808496,Inverted repeat
CCATGC,0.14356908624496945,-0.17875656840603318,Inverted repeat
CCATGG,-0.04511736205774485,0.08471967642147374,Palindromes
CCACAA,0.23069553881157032,0.20070870323178333,6-mer
CCACAT,0.2057552675017375,0.06845965333335532,6-mer
CCACAC,0.16791179735724565,0.3617126083099034,6-mer
CCACAG,-0.08527741463306525,0.06372831519249163,6-mer
CCACTA,0.13324966916862935,0.19097174115218526,6-mer
CCACTT,0.2646626592975584,0.7399885288309065,6-mer
CCACTC,0.08464361776258673,0.4698925941568024,6-mer
CCACTG,0.10756702686343304,0.5968800651796258,6-mer
CCACCA,0.13321569773422146,1.2509725515968582,6-mer
CCACCT,-0.18045169456250346,0.42855128482840316,6-mer
CCACCC,-0.28625311540174136,0.3316914642555951,6-mer
CCACCG,-0.15505923760839624,0.766666715852897,6-mer
CCACGA,-0.5409700660121755,-0.18566438808534777,6-mer
CCACGT,-0.3005921440605883,-0.17155850207683096,6-mer
CCACGC,-0.11816316138014338,0.25283413326964915,6-mer
CCACGG,-0.2170618261654348,-0.031587056777298256,Inverted repeat
CCAGAA,0.2930449134817822,0.4245488585419184,6-mer
CCAGAT,-0.1885089130142075,0.42606558170329684,6-mer
CCAGAC,-0.2643820892955404,-0.2500206513383383,6-mer
CCAGAG,0.19109217212271548,0.48170021804376084,6-mer
CCAGTA,0.3752996423503997,0.8895503022294495,6-mer
CCAGTT,0.2845690750049503,0.6287917366216333,6-mer
CCAGTC,-0.16291119611475524,-0.0641064870813771,6-mer
CCAGTG,0.21736217506087938,0.6493926865384807,6-mer
CCAGCA,0.21144048969316923,0.515309955972726,6-mer
CCAGCT,-0.40149727465347274,0.15351436244891462,6-mer
CCAGCC,-0.37082107675520337,0.2585125330385696,6-mer
CCAGCG,-0.1278434634708205,0.5136254653524095,6-mer
CCAGGA,-1.5964469797101288,-1.9583627101572862,6-mer
CCAGGT,-1.965242999920966,-1.6397642497623177,6-mer
CCAGGC,-2.023739234592577,-1.8851136532132668,6-mer
CCAGGG,-2.088405471170113,-2.3212795468697474,Inverted repeat
CCTAAA,0.4738742649351831,0.006857503668962302,6-mer
CCTAAT,-0.03930165010730091,-0.5918866588779471,6-mer
CCTAAC,0.19167170893602067,-0.13902423121748753,6-mer
CCTAAG,0.2967327802290135,-0.07365704172530874,6-mer
CCTATA,-0.30552648794787257,-0.507370954408715,6-mer
CCTATT,0.06786681812268686,-0.2645240239742802,6-mer
CCTATC,0.38345115622101056,0.32542045931581215,6-mer
CCTATG,0.08483622622085522,-0.3536048694132428,6-mer
CCTACA,-0.008796948237158795,-0.43087191895692034,6-mer
CCTACT,0.19718640246771243,0.3806040022149698,6-mer
CCTACC,-0.21505437693197224,0.20328359838874338,6-mer
CCTACG,-0.023363993065510475,-0.41732354307124936,6-mer
CCTAGA,0.41944460080162455,-0.508675773201283,Inverted repeat
CCTAGT,-0.07102529662150645,-0.6147610479994707,Inverted repeat
CCTAGC,0.01064041569814011,-0.45776646712326785,Inverted repeat
CCTAGG,0.41933763671246943,-0.481371145796214,Palindromes
CCTTAA,-0.3722897482048223,-0.48582541676827057,6-mer
CCTTAT,0.330498878301512,0.17061877161239672,6-mer
CCTTAC,0.20743679634737971,0.1378171872017389,6-mer
CCTTAG,0.3527222934283611,-0.08798156972942202,6-mer
CCTTTA,0.3639991979175081,0.32396493701715035,6-mer
CCTTTT,-0.16043242923509596,-0.059869410774907005,6-mer
CCTTTC,-0.13491141183952085,-0.28143947845467726,6-mer
CCTTTG,0.16034721757778647,-0.008047544214839358,6-mer
CCTTCA,0.2526830252552366,0.07087636093313446,6-mer
CCTTCT,0.6186673061545879,0.28021307572479026,6-mer
CCTTCC,0.44797239158193813,0.00784786182268494,6-mer
CCTTCG,-0.06764826011870723,-0.4094387462830523,6-mer
CCTTGA,0.1465331530880839,0.14352731137770489,6-mer
CCTTGT,0.5126943575996924,0.09432738254815308,6-mer
CCTTGC,0.28508594328553466,0.02147972741045131,6-mer
CCTTGG,0.4684843385055954,0.5425429631402965,Inverted repeat
CCTCAA,-0.081968846786281,-0.07546277714899839,6-mer
CCTCAT,-0.42034641066390876,-0.519657860985431,6-mer
CCTCAC,-0.21374950143983948,-0.18356228824763243,6-mer
CCTCAG,-0.5098610454804375,-0.6149518190758106,6-mer
CCTCTA,0.4099842715525585,-0.12285674778553343,6-mer
CCTCTT,0.4398914322416519,0.1821590593435481,6-mer
CCTCTC,-0.18466078256593696,-0.2514940315724382,6-mer
CCTCTG,-0.05557225410337813,-0.30565812977939516,6-mer
CCTCCA,-0.9244361991586286,-1.1160985522365798,6-mer
CCTCCT,-0.7185372668258077,-1.2368480675630957,6-mer
CCTCCC,-0.18101883132589727,-0.45686542304633265,6-mer
CCTCCG,-0.4979720804893553,-1.236945176965133,6-mer
CCTCGA,-0.2484312351877966,-0.5339727897617869,6-mer
CCTCGT,-0.7483254563307539,-1.0161033081839177,6-mer
CCTCGC,-0.3635757922458536,-0.5681577407470364,6-mer
CCTCGG,-0.5563538220913935,-0.7947841625278221,Inverted repeat
CCTGAA,0.20216318810231065,-0.008126906721013821,6-mer
CCTGAT,-0.07082043353957486,0.3627368745800948,6-mer
CCTGAC,0.20378837597717467,-0.048178594185967434,6-mer
CCTGAG,0.1617793799222103,0.058170870065093666,6-mer
CCTGTA,0.15755406235898578,-0.13815914522947007,6-mer
CCTGTT,0.35242703769455264,-0.16323034886830404,6-mer
CCTGTC,0.306943245377596,-0.46450617554314355,6-mer
CCTGTG,0.14341860339989818,-0.2949450350446177,6-mer
CCTGCA,0.24256552780643248,-0.3015126098028739,6-mer
CCTGCT,0.4028443165904188,0.048473825583407716,6-mer
CCTGCC,0.15032679393099938,-0.12530822677962974,6-mer
CCTGCG,0.1793236994445619,-0.18440744705905404,6-mer
CCTGGA,-2.1043366598147357,-2.391662990905035,6-mer
CCTGGT,-2.343242536734147,-1.941447817644887,6-mer
CCTGGC,-2.5144857341169895,-2.2212142301391666,6-mer
CCTGGG,-1.3001612795934434,-1.8154512245629917,Inverted repeat
CCCAAA,-0.29274991887029184,-0.06213868489047252,6-mer
CCCAAT,0.302552955801834,0.15165389943611085,6-mer
CCCAAC,0.2114160205069981,0.30180896587311484,6-mer
CCCAAG,0.2666456593861727,0.30871908741781595,6-mer
CCCATA,0.08780030939051174,-0.0017910555259880116,6-mer
CCCATT,0.3340009271879373,-0.1856734550900164,6-mer
CCCATC,-0.11486899859099123,0.2728641486999881,6-mer
CCCATG,-0.018496343617389395,-0.3469126588669705,6-mer
CCCACA,0.15101999627522694,-0.13193541556105068,6-mer
CCCACT,0.11579962220750008,0.36250656790395175,6-mer
CCCACC,-0.40466639998466464,0.259199634148898,6-mer
CCCACG,-0.34154643401231727,-0.378800595721574,6-mer
CCCAGA,0.07928495949367904,-0.021138767058150258,6-mer
CCCAGT,0.3772839301679068,0.4282195026016206,6-mer
CCCAGC,-0.17158580932676584,0.018065211285806095,6-mer
CCCAGG,-1.2593966628291093,-1.5962905065226691,Inverted repeat
CCCTAA,0.45314864101731506,-0.15441690668628108,6-mer
CCCTAT,0.277687380286445,-0.14170351227922023,6-mer
CCCTAC,-0.10400443297598716,-0.357261167999643,6-mer
CCCTAG,0.3190684407481217,-0.6520766965796931,6-mer
CCCTTA,-0.10565885490413844,-0.5529560079420065,6-mer
CCCTTT,0.08353930602073106,-0.21372355516506017,6-mer
CCCTTC,0.3323158636821151,-0.022147069318466755,6-mer
CCCTTG,0.020246763746275098,-0.34617564113403965,6-mer
CCCTCA,-0.3649315349836811,-0.6377251615947092,6-mer
CCCTCT,0.3895116277619418,-0.12525899182186967,6-mer
CCCTCC,-1.0857169094183785,-1.0101024035379633,6-mer
CCCTCG,-0.5993401473737415,-1.1408798300905545,6-mer
CCCTGA,0.30700300516148477,-0.08905317215643364,6-mer
CCCTGT,0.41503749927884365,-0.34577483684173005,6-mer
CCCTGC,0.4486697995692689,-0.24507217149473376,6-mer
CCCTGG,-2.0172740880308817,-2.366342314350182,Inverted repeat
CCCCAA,0.23728899299723796,0.17070294432494712,6-mer
CCCCAT,0.28092456472968313,0.14402356513323372,6-mer
CCCCAC,-0.13494214706134716,0.09656833834905182,6-mer
CCCCAG,-0.36830006960388645,-0.4632911802027363,6-mer
CCCCTA,0.528694281074411,-0.1384333949009715,6-mer
CCCCTT,0.45140461931580417,0.12051091966598476,6-mer
CCCCTC,-0.32064512900388903,-0.6632202214690506,6-mer
CCCCTG,-0.09642061778189248,-0.8068736761396857,6-mer
CCCCCA,0.004634153626780141,-0.2963105607080922,6-mer
CCCCCT,0.07276978793171329,-0.3127874410308934,6-mer
CCCCCC,-0.53268255338149,-0.9545497244353227,6-mer
CCCCCG,-0.26428620204325337,-0.8559066668897137,6-mer
CCCCGA,0.010404095865664022,-0.40782924086851996,6-mer
CCCCGT,-0.11009175192512945,-0.7835264999239476,6-mer
CCCCGC,-0.4137488033102714,-0.7832912171671348,6-mer
CCCCGG,-0.12057730082194651,-0.6161161574241747,Inverted repeat
CCCGAA,-0.016618071450417052,-0.42896633791024613,6-mer
CCCGAT,0.12048754673433348,0.10604815228959574,6-mer
CCCGAC,-0.009466241073538124,-0.46101292807923056,6-mer
CCCGAG,-0.09287147332128114,-0.3758669019981659,6-mer
CCCGTA,0.12010588003366743,-0.23113605440842414,6-mer
CCCGTT,0.28761032634471895,-0.20684149635260318,6-mer
CCCGTC,-0.016108416235281038,-0.6428616302334724,6-mer
CCCGTG,-0.11800086720358549,-0.6749787072705054,6-mer
CCCGCA,0.07143288471391457,-0.4711491981960325,6-mer
CCCGCT,0.30852143633621254,0.053395496504390516,6-mer
CCCGCC,0.019206399825087317,-0.08735828171503639,6-mer
CCCGCG,-0.47558997200531994,-0.6725457120054303,6-mer
CCCGGA,-0.04669323544804141,-0.7509317733302089,Inverted repeat
CCCGGT,-0.03174409855053171,-0.23192091316334862,Inverted repeat
CCCGGC,-0.26332477416342215,-0.5591945092607177,Inverted repeat
CCCGGG,-0.9265229878019946,-1.5196491414714042,Palindromes
CCGAAA,-0.044715348174921885,-0.11252308694094366,6-mer
CCGAAT,-0.1402829013224387,-0.43736788297131096,6-mer
CCGAAC,-0.31182013324084473,-0.36684051676293666,6-mer
CCGAAG,0.0890157564344237,0.22118591558700593,6-mer
CCGATA,0.5658782671403662,0.8159871791882748,6-mer
CCGATT,0.2259028400091152,0.3779002058012707,6-mer
CCGATC,-0.4043538642800827,0.25133907220141916,6-mer
CCGATG,0.287206014767461,0.5929150639233385,6-mer
CCGACA,0.6110067396553318,0.042512171090845395,6-mer
CCGACT,0.3293746637109673,0.19360399791182278,6-mer
CCGACC,0.1155726369140605,0.2952139690720335,6-mer
CCGACG,-0.18047072961314808,-0.48740719129848276,6-mer
CCGAGA,-0.053619838495555766,-0.0989937144758372,6-mer
CCGAGT,0.2703759750680406,0.26044982090336033,6-mer
CCGAGC,0.18312561094083046,0.24244331106054692,6-mer
CCGAGG,-0.488109663909692,-0.6970825671044891,Inverted repeat
CCGTAA,0.23374826776578167,0.1986243861491966,6-mer
CCGTAT,0.5020746788729843,0.4140289742179277,6-mer
CCGTAC,0.08731972384127513,0.45061931786454923,6-mer
CCGTAG,0.09620242720680275,-0.1424134378737413,6-mer
CCGTTA,0.4995710094905115,0.21988828524948983,6-mer
CCGTTT,0.4370912923206178,0.35273875871374216,6-mer
CCGTTC,-0.5188278758378584,-0.7353072371781525,6-mer
CCGTTG,-0.05812230273115097,-0.09860158802725794,6-mer
CCGTCA,0.4469215602986297,0.2519132012157897,6-mer
CCGTCT,-0.1514496248121569,-0.6924749702396115,6-mer
CCGTCC,-0.288025084711494,-0.8483499458423812,6-mer
CCGTCG,-0.05521561261196789,-0.26096007759593515,6-mer
CCGTGA,0.21386095682978637,0.26471917118792904,6-mer
CCGTGT,-0.13669035602100088,-0.4142644198421676,6-mer
CCGTGC,-0.3763551280227722,-0.6124878604878141,6-mer
CCGTGG,-0.05576414923897638,0.24659948394862155,Inverted repeat
CCGCAA,0.009891474801818014,-0.19144115004713014,6-mer
CCGCAT,0.12563838944564987,-0.23926919489583273,6-mer
CCGCAC,-0.029789706449681427,-0.08513134696795722,6-mer
CCGCAG,0.059489915356563235,-0.025607878462501413,6-mer
CCGCTA,0.37590418527505776,0.28948168748052006,6-mer
CCGCTT,0.5525410230287786,0.7924517378136721,6-mer
CCGCTC,-0.319936797068271,-0.16016353381618387,6-mer
CCGCTG,-0.058214613945295576,0.18289864005464435,6-mer
CCGCCA,0.4400296919014738,0.9135189993983418,6-mer
CCGCCT,0.17684207212932687,0.187908573031396,6-mer
CCGCCC,-0.09107874490011007,-0.11305048002539578,6-mer
CCGCCG,0.18942898495604818,0.46051023756014553,6-mer
CCGCGA,0.031281457845708606,0.18623418531085165,Inverted repeat
CCGCGT,-0.20188778971750113,-0.20216624061437555,Inverted repeat
CCGCGC,-0.2776299314115714,0.07006997610842598,Inverted repeat
CCGCGG,-0.29844384116512684,-0.16173897085965758,Palindromes
CCGGAA,0.20887716139311843,-0.3697414136259978,6-mer
CCGGAT,0.18291836424137903,0.07105220225694152,6-mer
CCGGAC,-0.25166421328454314,-0.8334707925770606,6-mer
CCGGAG,0.09505195263156968,-0.32127588192829365,6-mer
CCGGTA,-0.11121911439901794,0.3341096621172087,6-mer
CCGGTT,-0.22517273734947327,0.10662837868812326,6-mer
CCGGTC,-0.8435372583642502,-0.6933093443568922,6-mer
CCGGTG,-0.3418586736655517,0.11567432037001912,6-mer
CCGGCA,-0.3962738197456571,-0.48867334593982814,6-mer
CCGGCT,-0.6426525135432899,-0.5148553349743872,6-mer
CCGGCC,-1.3233598473669936,-1.1266718034884284,6-mer
CCGGCG,-0.8651380393763439,-0.606712084111611,6-mer
CCGGGA,0.0868550921544084,-0.6437284177663555,6-mer
CCGGGT,-0.6107330195652535,-0.571956790896393,6-mer
CCGGGC,-0.31074324479042054,-0.726184845194985,6-mer
CCGGGG,-0.21950414201162138,-0.7252708761492499,Inverted repeat
CGAAAA,-0.15960481617838818,-0.2729780153154665,6-mer
CGAAAT,-0.02713097508337845,-0.34980146938032225,6-mer
CGAAAC,-0.4190843323415457,-0.3318080913624202,6-mer
CGAAAG,-0.3108397477402507,-0.13910207797541216,6-mer
CGAATA,0.3779809001068653,-0.046976550287460596,6-mer
CGAATT,-0.002235004383308347,-0.6200504578579275,6-mer
CGAATC,-0.5368159190069333,-0.40270551572179886,6-mer
CGAATG,-0.10485766921081559,-0.5312783207359449,6-mer
CGAACA,-0.0548278907406571,-0.41766554393908356,6-mer
CGAACT,-0.24721940861113112,-0.3295629734963903,6-mer
CGAACC,-0.6166201965140661,-0.3499989355113167,6-mer
CGAACG,-0.6673825869534331,-0.7567028507348983,Inverted repeat
CGAAGA,0.14319111849349817,0.09026824155765767,6-mer
CGAAGT,-0.16597132661687442,-0.08711232616657427,6-mer
CGAAGC,-0.4529332849886818,-0.2768915367722858,6-mer
CGAAGG,-0.06919121182466861,-0.26718919548471387,6-mer
CGATAA,0.5790859343844867,0.8595937690450329,6-mer
CGATAT,0.6350260810521545,0.8206726375494855,6-mer
CGATAC,0.3758360491407127,0.8368641642203267,6-mer
CGATAG,0.4627906307272119,0.4786360536233583,6-mer
CGATTA,-0.018717371299423444,0.10347372718454957,6-mer
CGATTT,0.3354994512286018,0.5680411062998997,6-mer
CGATTC,0.1686104728403064,0.11635438640529477,6-mer
CGATTG,0.341951814739757,0.5218992683364911,6-mer
CGATCA,-0.16122247186567495,0.683594850164654,Inverted repeat
CGATCT,-0.21648061097247356,0.39941269341768215,Inverted repeat
CGATCC,-0.11140535829202881,0.2204528803216413,Inverted repeat
CGATCG,-0.6045241232878591,0.19044416974912481,Palindromes
CGATGA,0.2574637637136303,0.729040068194527,6-mer
CGATGT,0.38905734335813597,0.2275350596535632,6-mer
CGATGC,-0.04011984200747796,0.07105828198454267,6-mer
CGATGG,0.0161079019448788,0.5557381736535028,6-mer
CGACAA,0.4731135657313904,-0.0912650036595476,6-mer
CGACAT,0.726263670323685,-0.14793599766925436,6-mer
CGACAC,0.37747201835893107,-0.15522555411225317,6-mer
CGACAG,0.24614490929502364,-0.2475094823282187,6-mer
CGACTA,0.5170735114814063,-0.03399392984782245,6-mer
CGACTT,0.4013902822622745,0.29744683412064654,6-mer
CGACTC,0.2545138688643065,0.010675526673148968,6-mer
CGACTG,-0.41583434825844395,-0.5307323013520675,6-mer
CGACCA,0.2077030358340873,0.6469865427926116,6-mer
CGACCT,0.20080177710877506,0.12995859412466756,6-mer
CGACCC,0.10459815276198837,-0.1504551372440874,6-mer
CGACCG,-0.03133596545198103,0.2029506047252016,Inverted repeat
CGACGA,0.22612595272429348,-0.05846326158459012,6-mer
CGACGT,0.0939080981610829,-0.3389072267971961,6-mer
CGACGC,-0.3280371871781327,-0.5697267494308003,6-mer
CGACGG,0.26878744697520623,-0.13581385534571974,6-mer
CGAGAA,-0.08989874903375444,-0.2854134116117307,6-mer
CGAGAT,-0.24180556668402464,0.07607193146347156,6-mer
CGAGAC,-0.5010767619972352,-0.776986931185325,6-mer
CGAGAG,-0.09097225391128766,-0.2009816776944649,6-mer
CGAGTA,0.26254126105343595,0.4610528606077565,6-mer
CGAGTT,0.1352617344613981,0.17500031332242139,6-mer
CGAGTC,0.08504933965083422,-0.2409331134053406,6-mer
CGAGTG,0.09460262002337486,0.16440423681026073,6-mer
CGAGCA,0.3665839751176015,0.1949133761648599,6-mer
CGAGCT,-0.08772234211278719,0.09565223906368628,6-mer
CGAGCC,-0.399191626458261,-0.29527474283400174,6-mer
CGAGCG,-0.19577090486921278,0.03739088756750009,Inverted repeat
CGAGGA,-0.060235107133370054,-0.6711617710048047,6-mer
CGAGGT,-0.657006982831713,-0.30246528733240535,6-mer
CGAGGC,-0.7918407800702122,-0.9139485887879372,6-mer
CGAGGG,-0.7234372093215591,-1.1064421932259667,6-mer
CGTAAA,0.2662384791643579,0.2894080758172006,6-mer
CGTAAT,0.1984231419002987,0.078409125870098,6-mer
CGTAAC,0.3235620834587992,0.22485672434345896,6-mer
CGTAAG,-0.07367658659848308,0.08657724773928299,6-mer
CGTATA,-0.7792930020154435,-0.7822574261664693,6-mer
CGTATT,0.7348523741591199,0.5319063458501139,6-mer
CGTATC,0.04904104135575377,0.4299228910524739,6-mer
CGTATG,-0.47078220597266907,-0.5347960876849969,6-mer
CGTACA,-0.08195407952432036,-0.030446217391457444,Inverted repeat
CGTACT,0.25004200115984015,0.5321158870442362,Inverted repeat
CGTACC,-0.13117635137219807,0.5731571266602766,Inverted repeat
CGTACG,-0.5972231112180828,-0.36217052387681925,Palindromes
CGTAGA,0.007096066738171957,-0.16263530037940258,6-mer
CGTAGT,0.1918041015030248,-0.0010578236139735528,6-mer
CGTAGC,0.063056899682878,0.07691862682662415,6-mer
CGTAGG,-0.03305828857929548,-0.3813543730225552,6-mer
CGTTAA,0.2651983811766305,-0.08963267413081173,6-mer
CGTTAT,0.5352431398533003,0.4502473768526442,6-mer
CGTTAC,0.4676055500829975,0.5159405267761943,6-mer
CGTTAG,0.4632839441329038,-0.09949773235402908,6-mer
CGTTTA,0.25915697633321855,0.2672811595165745,6-mer
CGTTTT,0.38321898310476205,0.2391095314084321,6-mer
CGTTTC,0.02417625804204818,-0.1538807297212823,6-mer
CGTTTG,0.3340364803759794,0.272909441392154,6-mer
CGTTCA,-0.1476095318507165,-0.051487593979898265,6-mer
CGTTCT,-0.42854262359366757,-0.6613346644407895,6-mer
CGTTCC,-0.46221321225122025,-1.0600247710722177,6-mer
CGTTCG,-0.7002089792296224,-0.7714879722836536,Inverted repeat
CGTTGA,-0.0378179520181085,0.11974994600535992,6-mer
CGTTGT,-0.09135337990716129,-0.3889464672205738,6-mer
CGTTGC,-0.2539773115650297,-0.4311940254831923,6-mer
CGTTGG,-0.0826738076713944,0.12978580418332272,6-mer
CGTCAA,0.12425372858075756,-0.02566888558223007,6-mer
CGTCAT,0.28608832594461436,-0.08006233423097829,6-mer
CGTCAC,0.25335011590952083,0.13276532933440843,6-mer
CGTCAG,0.3309117896111722,0.18830064074595707,6-mer
CGTCTA,0.18404335960372858,-0.408286253466596,6-mer
CGTCTT,-0.18140253030385525,-0.5231863031344663,6-mer
CGTCTC,-0.05208851114845419,-0.6046963712553832,6-mer
CGTCTG,-0.07428611244586156,-0.4583406470314332,6-mer
CGTCCA,0.009907902633233849,-0.5037038644016077,6-mer
CGTCCT,0.019297159068487512,-0.8311645352165073,6-mer
CGTCCC,0.02031564884385499,-0.8819442384782877,6-mer
CGTCCG,-0.1704939996910167,-0.8970252424823147,Inverted repeat
CGTCGA,-0.07664310078215215,-0.39014632373713315,6-mer
CGTCGT,0.3069317072684451,-0.023580978843937648,6-mer
CGTCGC,-0.1394452401142252,-0.33294070198354414,6-mer
CGTCGG,-0.2748350694684475,-0.48896573746696376,6-mer
CGTGAA,0.2320889199468123,0.2363935265869316,6-mer
CGTGAT,0.09202339837588393,0.5982284704771608,6-mer
CGTGAC,0.2245096982177792,0.16164382635851104,6-mer
CGTGAG,-0.008670987988203056,0.01676921290945591,6-mer
CGTGTA,-0.6062407484802939,-0.7652460630121612,6-mer
CGTGTT,0.16409928525600648,-0.31681214966504173,6-mer
CGTGTC,-0.37051883250019907,-0.9491397041775266,6-mer
CGTGTG,-0.5510108964181185,-0.8666101086706051,6-mer
CGTGCA,-0.42993450158452184,-0.9192225188206897,6-mer
CGTGCT,-0.1260278143351998,-0.29690963485052246,6-mer
CGTGCC,-0.32166536473684004,-0.5604775324315028,6-mer
CGTGCG,-0.5592281275803583,-0.6340384924185823,Inverted repeat
CGTGGA,-0.4145905776154454,-0.44870085229644774,6-mer
CGTGGT,-0.013790274071130752,0.7074677872323263,6-mer
CGTGGC,-0.408286253466596,-0.006045875965427921,6-mer
CGTGGG,-0.43426738111083724,-0.47747807405475096,6-mer
CGCAAA,-0.10517519226547867,-0.18199152272715513,6-mer
CGCAAT,0.026967047600269297,-0.31354471368948167,6-mer
CGCAAC,-0.3046720017056632,-0.43531389323251424,6-mer
CGCAAG,0.014111833475102855,-0.06940756872395103,6-mer
CGCATA,-0.4495039029562456,-0.6824594002553264,6-mer
CGCATT,0.21078818262345803,-0.3935982347006551,6-mer
CGCATC,0.12827237239163014,0.231063338032291,6-mer
CGCATG,-0.5631614789700604,-1.035332108382487,6-mer
CGCACA,-0.32245604351892904,-0.6575326754994848,6-mer
CGCACT,0.08126476987006162,-0.01757503027642058,6-mer
CGCACC,-0.2237214818089679,0.12715333558036762,6-mer
CGCACG,-0.3830713458890904,-0.6023299118248188,Inverted repeat
CGCAGA,0.2275850905567702,0.0013998443627511602,6-mer
CGCAGT,0.13581598678419954,0.1702880132873075,6-mer
CGCAGC,0.22824835496610765,0.3198254912578632,6-mer
CGCAGG,0.29091808365551075,-0.05268501513365527,6-mer
CGCTAA,0.46484331550445346,0.3586718019623977,6-mer
CGCTAT,0.18708555260049523,0.07192625320591817,6-mer
CGCTAC,0.2015205649607349,0.3127234039912088,6-mer
CGCTAG,-0.1029183129455666,-0.46342510015281246,6-mer
CGCTTA,0.10245222567225096,0.22032995487955556,6-mer
CGCTTT,0.19808651482031478,0.5260510281711421,6-mer
CGCTTC,0.3286017519649192,0.5657932241690977,6-mer
CGCTTG,0.01724592540128725,0.41651984725501984,6-mer
CGCTCA,0.05827652061811192,0.43322361925437797,6-mer
CGCTCT,0.11402185545589091,0.2154984833823309,6-mer
CGCTCC,-0.4430694349209472,-0.514214897072467,6-mer
CGCTCG,-0.2241894833741585,-0.021441722246110427,Inverted repeat
CGCTGA,0.11210605998127979,0.5290635445673352,6-mer
CGCTGT,0.1410672913308832,-0.05981889480024112,6-mer
CGCTGC,0.17322096005694784,0.27819509074366094,6-mer
CGCTGG,-0.04818353350996502,0.4233417221322115,6-mer
CGCCAA,0.35468707926212545,0.8048002370014574,6-mer
CGCCAT,0.4640810534874179,0.6985822563955746,6-mer
CGCCAC,0.140278700556821,0.7020318040568191,6-mer
CGCCAG,0.11130154144874271,0.586064215200728,6-mer
CGCCTA,0.32608771826165883,0.0452604039577158,6-mer
CGCCTT,0.4248064780947178,0.3328750828942876,6-mer
CGCCTC,-0.18004644107576206,-0.20933696762647516,6-mer
CGCCTG,-0.2867522551729691,-0.3710190328429369,6-mer
CGCCCA,0.19142426548038902,0.3176094886899206,6-mer
CGCCCT,-0.006989507372984274,-0.37925624006555714,6-mer
CGCCCC,-0.0942112871616799,-0.26584066044529064,6-mer
CGCCCG,-0.1937717433966801,-0.42148056828271324,Inverted repeat
CGCCGA,0.018130327274262024,0.26178614392041033,6-mer
CGCCGT,0.35108124971094395,0.3993646887701764,6-mer
CGCCGC,0.17533725248749887,0.5018872696714214,6-mer
CGCCGG,-0.708614779291054,-0.6173681462823185,6-mer
CGCGAA,-0.3135513780574218,-0.3528418224228277,6-mer
CGCGAT,0.06420333070729847,0.5777826824042375,6-mer
CGCGAC,0.11091590140185086,-0.05286922884837983,6-mer
CGCGAG,-0.15130258600672347,-0.06416523317089377,6-mer
CGCGTA,0.026187684185258506,0.1862283362705286,6-mer
CGCGTT,-0.004106067128781548,-0.08188836031167407,6-mer
CGCGTC,-0.3372221760468435,-0.6375603573081965,6-mer
CGCGTG,-0.48135780054055943,-0.40050583081875896,6-mer
CGCGCA,-0.11669590214322849,-0.04223264271146156,Inverted repeat
CGCGCT,-0.19871018384976416,0.10693532672985061,Inverted repeat
CGCGCC,-0.19612293533790182,0.1757095073912412,Inverted repeat
CGCGCG,-0.5852107917536749,-0.26168293497066464,Palindromes
CGCGGA,-0.3647361078786642,-0.588906987227268,6-mer
CGCGGT,-0.17614543934285296,0.41415941340822576,6-mer
CGCGGC,-0.14037864649117227,0.1486102260031705,6-mer
CGCGGG,-0.44929158832092597,-0.6069346995618511,6-mer
CGGAAA,0.2261375987729693,-0.308729397739962,6-mer
CGGAAT,0.2214980040474846,-0.49753140857218986,6-mer
CGGAAC,-0.5385847630594143,-1.0455948178833978,6-mer
CGGAAG,0.35789710704726335,-0.09530696009572731,6-mer
CGGATA,0.6067469166132511,0.3041261316059063,6-mer
CGGATT,0.30812229536233193,0.05119177611103042,6-mer
CGGATC,0.015007639179692174,0.3501950658297111,6-mer
CGGATG,0.2007877489476474,-0.0026844687530076143,6-mer
CGGACA,0.2055219471785857,-0.827024182577127,6-mer
CGGACT,-0.5227382925518564,-1.0204641025597156,6-mer
CGGACC,-2.240646174082934,-2.228607291119594,6-mer
CGGACG,-0.07196776901262583,-0.8656679328820054,Inverted repeat
CGGAGA,-0.03626941087835301,-0.5114946722527426,6-mer
CGGAGT,-0.3261964265241657,-0.5362005131774529,6-mer
CGGAGC,-0.42318202867144855,-0.5946609483693809,6-mer
CGGAGG,-0.6945648611070933,-1.268764074781796,6-mer
CGGTAA,0.5453814459320442,0.9962012897796242,6-mer
CGGTAT,0.5403259727187839,1.027825583919059,6-mer
CGGTAC,0.07400058144377666,0.9006167587003647,6-mer
CGGTAG,0.35445743359738857,0.6387270432209423,6-mer
CGGTTA,-0.01532573122883632,0.28449792327867324,6-mer
CGGTTT,0.3494620402215796,0.7923772906758855,6-mer
CGGTTC,-0.7321832901632453,-0.4657731455111238,6-mer
CGGTTG,-0.26734739870487634,0.2721916175170784,6-mer
CGGTCA,0.3113217413347351,0.5458944690248987,6-mer
CGGTCT,-0.4192310246209817,-0.3097276412818352,6-mer
CGGTCC,-1.4574380277522772,-1.6741616783873126,6-mer
CGGTCG,-0.10273810558925822,0.07414467083624497,Inverted repeat
CGGTGA,0.42035109740924875,1.0920188234337462,6-mer
CGGTGT,0.3228456647464994,0.5435629971510695,6-mer
CGGTGC,-0.2638657592452512,0.0013172720260650843,6-mer
CGGTGG,-0.10062345804878808,0.7389447939447659,6-mer
CGGCAA,0.14308881646999688,0.14794094898321128,6-mer
CGGCAT,0.45894966660642184,0.18772879616292884,6-mer
CGGCAC,0.053735488078531124,-0.054116935202803064,6-mer
CGGCAG,0.053330706071818,0.02228422295315384,6-mer
CGGCTA,0.18498041589132294,0.02770542394081352,6-mer
CGGCTT,0.20840442555318123,0.5509199916608999,6-mer
CGGCTC,-0.1875422110842432,-0.07583141295964582,6-mer
CGGCTG,-0.46605380856577466,-0.10648457010179593,6-mer
CGGCCA,-0.00033835634151615384,0.45677591966554737,Inverted repeat
CGGCCT,-0.41162669582548195,-0.5015301353541595,Inverted repeat
CGGCCC,-1.257608694132725,-1.4383210184890336,Inverted repeat
CGGCCG,-0.7791631180843663,-0.5656918129391675,Palindromes
CGGCGA,0.22941248559899177,0.46124859271552604,6-mer
CGGCGT,-0.03621750554816479,0.039282670625003124,6-mer
CGGCGC,-0.2624224461041987,0.04239122797485612,6-mer
CGGCGG,0.249171752452048,0.481179856070056,6-mer
CGGGAA,0.208342499017601,-0.6225259136776394,6-mer
CGGGAT,0.24464209397153416,0.03590602852217878,6-mer
CGGGAC,-0.19127478019091584,-1.2436553899756846,6-mer
CGGGAG,-0.2427144214541978,-0.9649400293076682,6-mer
CGGGTA,0.31748902972086535,0.45679947010222705,6-mer
CGGGTT,0.05328766670927901,0.19463294603628944,6-mer
CGGGTC,-0.3559543682919863,-0.5240296663939891,6-mer
CGGGTG,-0.054052451608349594,0.16144653415463492,6-mer
CGGGCA,0.3289897587215486,-0.2593924447185646,6-mer
CGGGCT,-0.2218186710640662,-0.4144661833838307,6-mer
CGGGCC,-1.319110330239883,-1.7732291381529781,6-mer
CGGGCG,-0.045650381183245645,-0.32360328215134043,Inverted repeat
CGGGGA,0.24717019960669423,-0.5476143419488521,6-mer
CGGGGT,-0.3856437142840342,-0.3796246707880868,6-mer
CGGGGC,-0.647325008530425,-0.9725878311043855,6-mer
CGGGGG,-0.0786698856876917,-0.733149659469852,6-mer
GAAAAA,0.3635137438926351,0.35413421559773123,6-mer
GAAAAT,0.34452379576420483,-0.02880012980807655,6-mer
GAAAAC,0.26971135347820213,0.10037124790360079,6-mer
GAAAAG,-0.4980182725160835,-0.28289743241017157,6-mer
GAAATA,0.33113383730038587,0.010146535051858677,6-mer
GAAATT,0.3017342257262467,-0.2750987607347557,6-mer
GAAATC,0.3995467516766488,0.2746223801090057,Inverted repeat
GAAATG,0.01459990142600992,-0.3767323915947168,6-mer
GAAACA,-0.31466514122910383,-0.5802264784787824,6-mer
GAAACT,-0.2982857070885605,-0.22205091463799237,6-mer
GAAACC,-0.00011157302823614939,0.3718288977713588,6-mer
GAAACG,-0.08202323326603446,-0.18327396853251485,6-mer
GAAAGA,-0.21219363002648642,-0.04545919458070931,6-mer
GAAAGT,-0.1494090184820911,-0.01683026774161567,6-mer
GAAAGC,-0.19417521600860252,0.09323948043174163,6-mer
GAAAGG,-0.08515012655780275,-0.16676538911642605,6-mer
GAATAA,0.26290545561553774,0.0590141596010804,6-mer
GAATAT,0.7283155765732748,0.2146994443535185,6-mer
GAATAC,0.6708453322366755,0.42109850305200575,6-mer
GAATAG,-0.16657644794624873,-0.4246539754043531,6-mer
GAATTA,-0.11011726381888931,-0.5403756420518471,Inverted repeat
GAATTT,0.26770358642697145,-0.2369934185310445,Inverted repeat
GAATTC,-0.11954401374469761,-0.8868090506907824,Palindromes
GAATTG,-0.2959708099315267,-0.7051145786988038,Inverted repeat
GAATCA,-0.7495535827089588,-0.4463713186408429,6-mer
GAATCT,-0.5168161402428336,-0.6060466388277014,6-mer
GAATCC,-0.33162395875302736,-0.5866892454406242,6-mer
GAATCG,-0.02570726169274531,0.008569838099113321,6-mer
GAATGA,-0.33877797671516097,-0.4100050621207597,6-mer
GAATGT,0.03567897547781804,-0.5302734431735265,6-mer
GAATGC,-0.053169082373508786,-0.7589325151431745,6-mer
GAATGG,0.1615168964442247,0.03086433232708321,6-mer
GAACAA,0.14871392362653288,-0.10123099657802961,6-mer
GAACAT,0.20205058417684857,-0.48133287108028183,6-mer
GAACAC,-0.18567811782580654,-0.5775313840072168,6-mer
GAACAG,0.3077161026262385,-0.04886773061431505,6-mer
GAACTA,-0.8129144473995048,-0.8867847308805733,6-mer
GAACTT,-0.3399601701208195,-0.4349870886230889,6-mer
GAACTC,0.11236963400862014,0.02814296434570444,Inverted repeat
GAACTG,0.07680040702971089,0.15288027170572593,6-mer
GAACCA,-0.595715821538549,-0.03758736755927584,6-mer
GAACCT,-0.28089713969430385,-0.4060473498624565,6-mer
GAACCC,-0.28170619167785294,-0.4598917350631039,6-mer
GAACCG,-0.6189926723586157,-0.3019673531564745,6-mer
GAACGA,-0.586927660513558,-0.5933098434346761,6-mer
GAACGT,-0.07374145346088189,-0.2779339848205323,6-mer
GAACGC,-0.29826828851647086,-0.5532406084594264,6-mer
GAACGG,-0.5165755257409059,-0.7167427836630491,6-mer
GAAGAA,0.38758752099382254,0.3116056235195009,6-mer
GAAGAT,0.2811628283546545,0.5243733380159903,6-mer
GAAGAC,-0.03690926562101606,-0.4659098290773929,6-mer
GAAGAG,1.038236991165426,0.8247160827190414,6-mer
GAAGTA,-0.09291589690800586,0.1314001722061652,6-mer
GAAGTT,-0.2962949654942201,-0.2709064234893602,6-mer
GAAGTC,0.2428565238961635,0.005651667776589058,Inverted repeat
GAAGTG,0.5036611913537311,0.6228893917055003,6-mer
GAAGCA,-0.564797438694051,-0.6261902560824061,6-mer
GAAGCT,-0.4357054110761127,-0.17729287587961418,6-mer
GAAGCC,-0.075208107415914,0.06438782224420886,6-mer
GAAGCG,0.36744335125020666,0.5831380830775117,6-mer
GAAGGA,-0.2884902768634917,-0.6695747284360977,6-mer
GAAGGT,0.4285412164351095,0.4392269648459147,6-mer
GAAGGC,0.4902848038714332,0.18358676911568933,6-mer
GAAGGG,0.4949220852483855,-0.04089885177139577,6-mer
GATAAA,0.5531402644244805,0.873194160996518,6-mer
GATAAT,-0.11154254380475569,0.12062871137523334,6-mer
GATAAC,0.5243855734621996,0.8685845616642841,6-mer
GATAAG,0.2862704808722559,0.6054954458994745,6-mer
GATATA,-0.5784821078333724,-0.1155291961283378,Inverted repeat
GATATT,0.8270691350163752,0.771143334735814,Inverted repeat
GATATC,0.26386617007758206,0.6949715055015792,Palindromes
GATATG,0.0016219170239900787,0.07267680550668196,Inverted repeat
GATACA,-0.4903070667230373,-0.2093630344044704,6-mer
GATACT,-0.17130052518314706,0.28931114330526253,6-mer
GATACC,0.2838172785586834,1.082010928678222,6-mer
GATACG,-0.12967061244478287,0.19756412350447378,6-mer
GATAGA,0.24115245871694352,0.34541402549175565,6-mer
GATAGT,0.20070078997953672,0.2271045486857687,6-mer
GATAGC,0.27467490764504354,0.3216854007929402,6-mer
GATAGG,0.3406179781283233,0.22383295569566292,6-mer
GATTAA,-0.10124540494819011,0.05259935963000778,6-mer
GATTAT,-0.19607598334266926,0.2036417085895479,6-mer
GATTAC,0.059966395193269344,0.3751231297277927,6-mer
GATTAG,-0.8670776481206547,-0.7142384534057579,6-mer
GATTTA,-0.3349509819660928,0.22395376785842172,6-mer
GATTTT,0.3700500445055338,0.5019302390555018,6-mer
GATTTC,0.20404196884148842,0.18411158815737572,Inverted repeat
GATTTG,-0.3200019582098,0.0007493685684917518,6-mer
GATTCA,-0.43123124051602607,-0.1187600060497199,6-mer
GATTCT,-0.2853299868549502,-0.3397916048178319,6-mer
GATTCC,-0.15625060687601094,-0.5358593148603972,6-mer
GATTCG,-0.4146641793024074,-0.4291137787673368,6-mer
GATTGA,0.36130479963881407,0.825266588967409,6-mer
GATTGT,-0.054996508519144324,-0.10786594593898452,6-mer
GATTGC,0.09921128354822349,0.06064347100352795,6-mer
GATTGG,0.06628550107188627,0.6916147510160728,6-mer
GATCAA,-0.24929090466890544,0.5804860006355238,6-mer
GATCAT,-0.2532488096251052,0.3766847079895626,6-mer
GATCAC,-0.06125676536961077,0.8061531768478507,6-mer
GATCAG,-0.3759496229661016,0.530635931204051,6-mer
GATCTA,-1.0040019305574963,-0.5966512311315901,6-mer
GATCTT,-0.3502207892810666,0.34395440121736115,6-mer
GATCTC,-0.03981191274118407,0.3466666743046885,Inverted repeat
GATCTG,-0.12649200573288114,0.5052176466698367,6-mer
GATCCA,-0.3311034432096573,0.24986023854496764,6-mer
GATCCT,-0.10831535538771826,0.0,6-mer
GATCCC,0.18473247745401375,0.1483918398926711,6-mer
GATCCG,0.06829987446273028,0.405338460858384,6-mer
GATCGA,-0.4621037535647455,0.28287531832358737,6-mer
GATCGT,-0.36499329907903555,0.2705444681559244,6-mer
GATCGC,-0.13610095757216917,0.6613981066575202,6-mer
GATCGG,-0.39840149768698196,0.37517732850360286,6-mer
GATGAA,0.42247430348136744,0.8445322159114987,6-mer
GATGAT,0.04917656623042817,0.8790043640150483,6-mer
GATGAC,0.23139372801251007,0.37428431584195704,6-mer
GATGAG,0.2827946035123543,0.6990994901990524,6-mer
GATGTA,0.009331153886049373,0.058408993923563614,6-mer
GATGTT,0.28681895442335176,0.15644281961400489,6-mer
GATGTC,0.6592677535225702,0.1709019676561426,Inverted repeat
GATGTG,0.4436223757579365,0.3552281040435402,6-mer
GATGCA,-0.22805309615892622,-0.4224150844293392,6-mer
GATGCT,-0.10332126679552522,-0.03011756989570528,6-mer
GATGCC,0.31980959958614735,0.31288085443686237,6-mer
GATGCG,0.17738550408907836,0.2733439955502507,6-mer
GATGGA,0.10310754206397178,0.33583656961966046,6-mer
GATGGT,-0.03935144407593802,0.889952980426099,6-mer
GATGGC,0.034586673468112436,0.6713083575723602,6-mer
GATGGG,0.0004762155649408331,0.2652000730519082,6-mer
GACAAA,0.27229732716276184,-0.15992898577805298,6-mer
GACAAT,0.03696632635394763,-0.6610479340019758,6-mer
GACAAC,0.10492893232113291,-0.3843121388335022,6-mer
GACAAG,-0.22239242133644793,-0.4857702851032743,6-mer
GACATA,0.007808367096155165,-0.5811483675256718,6-mer
GACATT,0.3806157860990901,-0.6295780723404539,6-mer
GACATC,0.7107580974921593,0.20638370194808442,Inverted repeat
GACATG,0.12079039357922915,-0.8147471981486901,6-mer
GACACA,-0.22892369673523558,-1.0668950045849437,6-mer
GACACT,0.1341957432109862,-0.3348109406021564,6-mer
GACACC,0.15595027796171265,-0.017241936715933055,6-mer
GACACG,-0.3028876647500757,-0.9781046538308905,6-mer
GACAGA,-0.07638806851284105,-0.4911640416099771,6-mer
GACAGT,-0.12105106224452782,-0.618044266221465,6-mer
GACAGC,-0.044356376679256286,-0.44072701969942746,6-mer
GACAGG,0.2575858613020476,-0.5125266645944245,6-mer
GACTAA,0.3090800110149683,-0.22337351286755125,6-mer
GACTAT,0.2385491811277243,-0.09900492948500426,6-mer
GACTAC,0.3560929672430886,0.1389295414572929,6-mer
GACTAG,-0.9405496082419013,-1.2271689532767882,6-mer
GACTTA,0.005420275784252981,-0.1663018145830064,6-mer
GACTTT,0.12400757172104941,-0.05537675703637335,6-mer
GACTTC,0.19698115539734073,-0.19663686535470548,Inverted repeat
GACTTG,-0.022409298989576238,-0.07241107907926028,6-mer
GACTCA,0.051736496484010644,-0.025895505353139333,6-mer
GACTCT,0.22698194749898948,-0.19039395934593978,6-mer
GACTCC,-0.14061230293846164,-0.7177405206036086,6-mer
GACTCG,-0.13722325273576771,-0.3192162613052664,6-mer
GACTGA,-0.41432663696296423,-0.22442295656381883,6-mer
GACTGT,-0.5103865673092797,-0.9208818235577176,6-mer
GACTGC,-0.5311179581678296,-0.8436481616166994,6-mer
GACTGG,-0.20948963657566227,-0.04739110408564624,6-mer
GACCAA,0.11180810973854222,0.4557235698597358,6-mer
GACCAT,0.05240965548336958,0.21076496331620775,6-mer
GACCAC,-0.030983200098893143,0.40453925226422915,6-mer
GACCAG,-0.6617592499770323,-0.21762174347360866,6-mer
GACCTA,-0.13611742752716588,-0.45714887284317685,6-mer
GACCTT,0.2308185942446121,0.11660918690985576,6-mer
GACCTC,-0.5909199560175558,-0.7117672857936482,Inverted repeat
GACCTG,-0.5518481413821191,-0.5670599316698918,6-mer
GACCCA,-0.15197769366088065,-0.1869185546791503,6-mer
GACCCT,-0.5210977156873653,-1.105205596202438,6-mer
GACCCC,-0.09837559422746905,-0.6855664416595618,6-mer
GACCCG,-0.2548301592363295,-0.6431771146664518,6-mer
GACCGA,0.09510070221057282,0.2958657983011662,6-mer
GACCGT,-0.02645439745228089,0.07819921185035943,6-mer
GACCGC,-0.17911605268993147,-0.08020322500235504,6-mer
GACCGG,-0.9107820109610814,-0.8150311183332375,6-mer
GACGAA,0.07036773082190123,-0.42281980498872596,6-mer
GACGAT,0.38587117874838955,0.3254597858576157,6-mer
GACGAC,0.2896045631565888,-0.25588007664576784,6-mer
GACGAG,0.07037495849043961,-0.3415753373378225,6-mer
GACGTA,-0.008562013503423963,-0.27810972629589215,Inverted repeat
GACGTT,0.26925999027917596,-0.2293236622869019,Inverted repeat
GACGTC,-0.057672765897073555,-0.7618525934793855,Palindromes
GACGTG,-0.22998096221177564,-0.6673029093589079,Inverted repeat
GACGCA,-0.05965371136226794,-0.6657882141386549,6-mer
GACGCT,0.14885103835485325,-0.18859737149275713,6-mer
GACGCC,-0.22861942004892977,-0.61819303028779,6-mer
GACGCG,-0.4134060448011421,-0.7461172925357364,6-mer
GACGGA,0.42625540115979954,-0.45571882374594824,6-mer
GACGGT,0.32864120757807785,0.2872735347355529,6-mer
GACGGC,0.23798602746823053,-0.09956855511445081,6-mer
GACGGG,0.23195124976129267,-0.4996406863899425,6-mer
GAGAAA,0.3519737362224924,0.2746767485980508,6-mer
GAGAAT,-0.17537826451739322,-0.4240262825060983,6-mer
GAGAAC,-0.46200312194138804,-0.5559810910445435,6-mer
GAGAAG,0.0038944166406223277,-0.02106753026076314,6-mer
GAGATA,-0.0291228104750381,0.33058122061895817,6-mer
GAGATT,-0.06467741681155391,-0.011986652290772113,6-mer
GAGATC,-0.15093403445512438,0.415273832319079,Inverted repeat
GAGATG,-0.07558335180646765,0.11323947618376141,6-mer
GAGACA,-0.17632277264046287,-0.6644292971539696,6-mer
GAGACT,-0.4009839629899368,-0.5787873752721477,6-mer
GAGACC,-1.055450670011425,-0.9751253313609709,6-mer
GAGACG,-0.247681228689087,-0.7771836476490076,6-mer
GAGAGA,0.052016957767614155,0.17253190680972325,6-mer
GAGAGT,0.15494287039886978,0.15875413543612985,6-mer
GAGAGC,-0.12128428457800267,-0.08693563677128081,6-mer
GAGAGG,-0.009378332315861037,-0.41061019898481427,6-mer
GAGTAA,0.34479720243358725,0.5928136944069053,6-mer
GAGTAT,0.10038898583751052,0.25307305943121305,6-mer
GAGTAC,0.10437162053819247,0.48237232781928463,6-mer
GAGTAG,0.19452364055053314,0.13943299772615053,6-mer
GAGTTA,0.23591665722109664,0.29349085180355344,6-mer
GAGTTT,0.45840879332618906,0.49417000003780603,6-mer
GAGTTC,-0.17702049012543933,-0.27446001263156755,Inverted repeat
GAGTTG,-0.0416093769286278,0.11208268664158849,6-mer
GAGTCA,0.21133723282745204,0.2183333264541349,6-mer
GAGTCT,-0.06911654876968469,-0.44498366316828974,6-mer
GAGTCC,-0.31300653244361965,-0.8171509396021908,6-mer
GAGTCG,0.10202522557661226,-0.10195277114206527,6-mer
GAGTGA,0.13186806641151322,0.5726676491060269,6-mer
GAGTGT,0.05833112517789304,-0.11871121843369327,6-mer
GAGTGC,-0.15076647238283886,-0.21644928197041755,6-mer
GAGTGG,0.18318839642689727,0.5664061342762309,6-mer
GAGCAA,0.5753858096811648,0.48831001342286046,6-mer
GAGCAT,0.19861053661241607,-0.09961814036379761,6-mer
GAGCAC,-0.07789403461177957,-0.21279805723809397,6-mer
GAGCAG,0.7417738535631059,0.6269996945833333,6-mer
GAGCTA,0.02173372904063564,-0.05059002326822242,Inverted repeat
GAGCTT,-0.07143402202310013,0.17187997495578214,Inverted repeat
GAGCTC,-0.3340091242955641,-0.19483669881588642,Palindromes
GAGCTG,0.4092620910820125,0.6234304495415006,Inverted repeat
GAGCCA,-0.12637251665324875,0.37669027535430205,6-mer
GAGCCT,-0.019684864097657087,-0.23271834595823207,6-mer
GAGCCC,-0.5222103043103851,-0.6334678511179491,6-mer
GAGCCG,-0.12166594291626048,0.009590494737561146,6-mer
GAGCGA,-0.13475764936696155,0.07132096648149396,6-mer
GAGCGT,0.5263490588627847,0.4518776482382261,6-mer
GAGCGC,-0.14151286873207958,0.08270244345613735,6-mer
GAGCGG,-0.27242087382387103,-0.0686323539602685,6-mer
GAGGAA,0.28065435533807426,-0.31844242958671803,6-mer
GAGGAT,0.04271581214431166,-0.09657325969505273,6-mer
GAGGAC,-0.5666506224442146,-1.408350604151601,6-mer
GAGGAG,0.028663758252143453,-0.4294737197838919,6-mer
GAGGTA,-0.3610753305982391,0.04531633575693784,6-mer
GAGGTT,-0.2771647346686821,-0.0665424405528889,6-mer
GAGGTC,-0.6010126281179365,-0.7079263091012169,Inverted repeat
GAGGTG,-0.4632997642534663,-0.21871207484849914,6-mer
GAGGCA,-0.5175846142948112,-0.8675435110756924,6-mer
GAGGCT,-0.3968539898132931,-0.4211877834971584,6-mer
GAGGCC,-0.8893198272210827,-1.0068287167476722,6-mer
GAGGCG,-0.05027174038657905,-0.2255597004151309,6-mer
GAGGGA,-0.32464992837624834,-0.8040847392273718,6-mer
GAGGGT,-0.38251725759252825,-0.45346919285656684,6-mer
GAGGGC,-0.12176296832382526,-0.7175132315000337,6-mer
GAGGGG,-0.15968789281592075,-0.5615451763950213,6-mer
GTAAAA,0.20246442828579078,0.41016215234387193,6-mer
GTAAAT,-0.02620728744015499,0.004353034643256341,6-mer
GTAAAC,0.05351793353767015,0.4405173675523745,Inverted repeat
GTAAAG,0.3520289196031223,0.7026116401880659,6-mer
GTAATA,0.17260233743578865,0.22036736722956246,6-mer
GTAATT,-0.3459214408214198,-0.34716538638638506,6-mer
GTAATC,-0.12876518667223524,0.293199078427489,6-mer
GTAATG,0.5070549973470772,0.2640062449011186,6-mer
GTAACA,-0.24245661850597885,-0.25611084105987497,6-mer
GTAACT,0.036305701275981664,0.17252541731839507,6-mer
GTAACC,0.10815932629650515,0.620377451518259,6-mer
GTAACG,0.441572946522527,0.41338964639736137,6-mer
GTAAGA,-0.42720558835304784,-0.0643371111879632,6-mer
GTAAGT,-0.15611920191728182,0.1164006267036183,6-mer
GTAAGC,-0.07270792660065997,0.3140158662786071,6-mer
GTAAGG,0.06264181001178165,0.17865729380547488,6-mer
GTATAA,-0.7011121465107061,-0.2874441507380926,Inverted repeat
GTATAT,-0.9144390499296849,-0.37325078708183246,Inverted repeat
GTATAC,-1.1157096103071795,-0.5814766759123208,Palindromes
GTATAG,-0.622743908035336,-0.29173730189279895,Inverted repeat
GTATTA,0.03052283182527538,0.08334577779648072,6-mer
GTATTT,0.19180720957060873,0.2712306148216335,6-mer
GTATTC,0.8224891773443962,0.50129859531943,6-mer
GTATTG,0.704203723823999,0.6941693650897638,6-mer
GTATCA,-0.3704254378884671,0.24946284223942722,6-mer
GTATCT,-0.3105407038645958,0.2089468902714964,6-mer
GTATCC,0.054814160871220693,0.18289864005464435,6-mer
GTATCG,0.3754126791631041,0.8448724030611321,6-mer
GTATGA,-0.5586501642524578,-0.19835431725233352,6-mer
GTATGT,-0.13407057735701589,-0.5338078711181137,6-mer
GTATGC,-0.3136885849039163,-0.5905737678511837,6-mer
GTATGG,0.08664843055424365,0.4234317063247719,6-mer
GTACAA,-0.17479544990027227,-0.08274653441138066,6-mer
GTACAT,0.043820434272004764,-0.09661364473685971,6-mer
GTACAC,0.022566610763523745,0.11066611936290087,Inverted repeat
GTACAG,0.06730925569265174,0.3812208145176385,6-mer
GTACTA,-0.436078749120285,-0.250871096907126,6-mer
GTACTT,-0.22881327953386923,0.23322789182600273,6-mer
GTACTC,0.10096514608885843,0.3819240595892722,6-mer
GTACTG,0.5117332210447967,0.989685782407066,6-mer
GTACCA,-0.4623147672304722,0.6262185286586671,6-mer
GTACCT,-0.283717666799609,0.15708748651678234,6-mer
GTACCC,-0.3222270680603086,0.1439348722581052,6-mer
GTACCG,0.0636089755971809,0.863116234994137,6-mer
GTACGA,-0.4617938347401649,-0.14635653030390783,6-mer
GTACGT,0.001991297819091152,0.2011348007759293,6-mer
GTACGC,-0.10460081710575805,0.23153223594074754,6-mer
GTACGG,-0.07288295651102415,0.2131517489700307,6-mer
GTAGAA,0.3644065845522936,0.1241240608696133,6-mer
GTAGAT,-0.37440447559243256,-0.1840612317217007,6-mer
GTAGAC,0.16431635488390148,-0.24019238636726228,Inverted repeat
GTAGAG,0.4052564784862584,0.24476023436490235,6-mer
GTAGTA,-0.03221462486516972,0.2666164215931315,6-mer
GTAGTT,-0.2666510912096855,-0.14249651291666676,6-mer
GTAGTC,0.20587894681934585,-0.08437801350735095,6-mer
GTAGTG,0.22108497045425043,0.1913007187202175,6-mer
GTAGCA,-0.3611585137558401,-0.42132470679270284,6-mer
GTAGCT,-0.33377000477564095,-0.2655311385726921,6-mer
GTAGCC,0.13471235865197553,0.22869061601038768,6-mer
GTAGCG,0.24961779030664655,0.3282939538375926,6-mer
GTAGGA,0.04926498785579147,-0.22239242133644793,6-mer
GTAGGT,0.07744866774440572,0.29435037599650177,6-mer
GTAGGC,-0.08365792904690969,-0.20131215416845366,6-mer
GTAGGG,0.3142620087800089,-0.20531890797750652,6-mer
GTTAAA,0.054573899240856906,-0.010171805057291074,Inverted repeat
GTTAAT,0.1264538693918767,-0.10673417687055152,Inverted repeat
GTTAAC,0.28968408137392676,0.20468256523063652,Palindromes
GTTAAG,-0.18707073802676458,-0.1305517484805531,Inverted repeat
GTTATA,-0.1583119860298411,-0.13187568341301703,6-mer
GTTATT,-0.01573141807569839,0.09015634983481773,6-mer
GTTATC,0.6224934526569467,0.928397405666826,6-mer
GTTATG,-0.12076377940910976,-0.14997759262926044,6-mer
GTTACA,-0.20196338152759946,-0.26281931898421335,6-mer
GTTACT,0.09866631827249049,0.26992079141903375,6-mer
GTTACC,0.05389949958895242,0.6381671178929005,6-mer
GTTACG,0.2962949036375704,0.24528213685617423,6-mer
GTTAGA,0.3162543906694114,-0.04510803032109021,6-mer
GTTAGT,-0.1166291097950324,-0.32823466882634716,6-mer
GTTAGC,0.23511820456054205,0.03244530675810569,6-mer
GTTAGG,0.20291051976217767,-0.2633515862332002,6-mer
GTTTAA,-0.059590255480259355,0.10850848371512221,6-mer
GTTTAT,-0.0451588793607587,0.3019725528538731,6-mer
GTTTAC,0.12088985543162391,0.4077221157770833,Inverted repeat
GTTTAG,0.39471104083259134,0.28851815739392883,6-mer
GTTTTA,0.3558035812370743,0.26349320534183884,6-mer
GTTTTT,0.07351891118488044,0.27410598162611505,6-mer
GTTTTC,0.26485790939346254,0.12255809903440834,6-mer
GTTTTG,0.1054776551807287,0.18052141758684698,6-mer
GTTTCA,-0.23865239361291382,-0.08996337688771991,6-mer
GTTTCT,0.30353832056550534,0.14441198256157514,6-mer
GTTTCC,0.18112440296471385,-0.2725085408430876,6-mer
GTTTCG,-0.38976000828673557,-0.3773129981637922,6-mer
GTTTGA,0.27390789873977595,0.46421221170949145,6-mer
GTTTGT,0.17164280693817108,-0.06454450541674556,6-mer
GTTTGC,0.2282332999255084,0.1017600268473617,6-mer
GTTTGG,0.31468871689758793,0.7100372667592021,6-mer
GTTCAA,-0.1274908610175184,-0.0391505399005082,6-mer
GTTCAT,-0.11485088155867156,-0.1569927684234692,6-mer
GTTCAC,-0.14166342284743225,0.07299340052832444,Inverted repeat
GTTCAG,-0.05378169785243185,0.035727704474525945,6-mer
GTTCTA,0.1670508965255537,-0.20005166941075403,6-mer
GTTCTT,-0.4842749747809995,-0.6003974447391652,6-mer
GTTCTC,-0.3004371402344632,-0.46071060368639005,6-mer
GTTCTG,-0.15620920441526098,-0.3016843098819281,6-mer
GTTCCA,-0.31150493475698404,-0.587505655569134,6-mer
GTTCCT,-0.09219369820974627,-0.6648668964507924,6-mer
GTTCCC,-0.03617533543054664,-0.8455578611035327,6-mer
GTTCCG,-0.39801145886999034,-1.0488307625323003,6-mer
GTTCGA,-0.34109332930121766,-0.44837146551971935,6-mer
GTTCGT,-0.31494814701856205,-0.39044839782308766,6-mer
GTTCGC,-0.595975493443574,-0.6754402379099085,6-mer
GTTCGG,-0.3616970415118399,-0.4827064711645548,6-mer
GTTGAA,-0.016023420392153022,0.08000611032161922,6-mer
GTTGAT,-0.060953443125121715,0.5089260571318533,6-mer
GTTGAC,-0.2101903349758414,-0.19912980269666913,Inverted repeat
GTTGAG,0.23030162869548657,0.4231596603002914,6-mer
GTTGTA,-0.026598888731817212,0.04376734477648597,6-mer
GTTGTT,-0.04532399050949027,-0.009298870003414918,6-mer
GTTGTC,-0.08056548130366849,-0.563853474127058,6-mer
GTTGTG,-0.1992727712857247,-0.34589865738344355,6-mer
GTTGCA,-0.3524621830214646,-0.5433458224584045,6-mer
GTTGCT,-0.09500606311675235,-0.08738131693528992,6-mer
GTTGCC,0.11728467917257673,-0.014821821740661038,6-mer
GTTGCG,-0.43997435324041284,-0.40774746334836626,6-mer
GTTGGA,0.07215338772533035,0.03491841620322829,6-mer
GTTGGT,-0.018369352420068374,0.6808133463499509,6-mer
GTTGGC,0.028092774987183936,0.5601404534977359,6-mer
GTTGGG,0.10145952373717747,0.18701546385571138,6-mer
GTCAAA,-0.11460836342595548,-0.1746668135693811,6-mer
GTCAAT,0.21648923962625033,0.02665830895916089,6-mer
GTCAAC,-0.05425275934605508,-0.18987960781795724,Inverted repeat
GTCAAG,-0.5572591344460127,-0.5846088556548213,6-mer
GTCATA,0.08130010210184811,-0.16736043198481326,6-mer
GTCATT,0.07556988227964644,-0.22890899721813424,6-mer
GTCATC,0.2132006560419024,0.43581837405127777,6-mer
GTCATG,0.038800390255082196,-0.3997096988698463,6-mer
GTCACA,-0.10591275219750682,-0.40992802503543063,6-mer
GTCACT,0.4738878179212835,0.518164052575132,6-mer
GTCACC,0.31667236943586696,0.631785642766918,6-mer
GTCACG,0.1256758110147043,-0.0851673832626771,6-mer
GTCAGA,-0.3423267659682709,-0.2683975906008866,6-mer
GTCAGT,0.3816926710355469,0.5109062343795704,6-mer
GTCAGC,0.33184932609270074,0.45547397003534096,6-mer
GTCAGG,0.17327975307546462,-0.16558606571797488,6-mer
GTCTAA,-0.21669569116692383,-0.8017807509328896,6-mer
GTCTAT,0.09745955426776573,-0.1654463465386914,6-mer
GTCTAC,0.0812300190316692,-0.18864438045705698,Inverted repeat
GTCTAG,-0.15541775785781464,-0.8285714079673,6-mer
GTCTTA,-0.6735074424187242,-0.9183598213772451,6-mer
GTCTTT,-0.15696934633839923,-0.3516834065289456,6-mer
GTCTTC,-0.2053333974499892,-0.5830461466104422,6-mer
GTCTTG,-0.1199335148657539,-0.43234510237396145,6-mer
GTCTCA,-0.7105149863425884,-0.9165864594741836,6-mer
GTCTCT,0.32925312583221655,-0.16197586074151119,6-mer
GTCTCC,-0.2982238342960937,-1.0371240260195398,6-mer
GTCTCG,-0.48360178576191515,-0.835315003398491,6-mer
GTCTGA,-0.37028893723176726,-0.4326315592935819,6-mer
GTCTGT,0.060443807437240926,-0.5034429704489569,6-mer
GTCTGC,0.1250606130193146,-0.4297699213147448,6-mer
GTCTGG,-0.2390759644157103,-0.068074806968879,6-mer
GTCCAA,-0.7882741804918992,-1.0792983182455984,6-mer
GTCCAT,-0.12264159678358544,-0.7288229680064561,6-mer
GTCCAC,-0.3391222592383307,-0.6905113396080917,Inverted repeat
GTCCAG,-0.4297637603836687,-0.8905016350694855,6-mer
GTCCTA,-0.11132487125452183,-0.8987632663879193,6-mer
GTCCTT,-0.17433705985850723,-0.9149494142425971,6-mer
GTCCTC,-0.5518081324664647,-1.3758980445663185,6-mer
GTCCTG,-0.27950939213480874,-1.0034689807764487,6-mer
GTCCCA,-0.43016541960350513,-1.1259675292416491,6-mer
GTCCCT,-0.3122779248536428,-1.326276839825613,6-mer
GTCCCC,0.0823732996677301,-0.8558253438062652,6-mer
GTCCCG,-0.18135060824008575,-1.1965112553347583,6-mer
GTCCGA,-0.8080533946158558,-1.2241088939254696,6-mer
GTCCGT,-0.8895760103063495,-1.3671168686536177,6-mer
GTCCGC,-0.5622688978756114,-1.1756796761681196,6-mer
GTCCGG,-0.5105469343641516,-1.0071614840018872,6-mer
GTCGAA,0.02650906227987392,-0.2822480197756271,Inverted repeat
GTCGAT,0.6695368563572639,0.7209481968288378,Inverted repeat
GTCGAC,0.07931560487510877,-0.4953286851269284,Palindromes
GTCGAG,0.4561926853139031,0.0733117140091688,Inverted repeat
GTCGTA,0.2100975697213187,0.03565777620898868,6-mer
GTCGTT,-0.024176714518811954,-0.23895151320985727,6-mer
GTCGTC,0.5022318226279902,-0.10391545547884827,6-mer
GTCGTG,0.18277085277126848,-0.03964833383793829,6-mer
GTCGCA,-0.2944914769050652,-0.6698952485543523,6-mer
GTCGCT,0.0908722781341446,0.020553588220599144,6-mer
GTCGCC,0.40820700610957605,0.27998426491719514,6-mer
GTCGCG,0.05790578671898908,-0.08174404710859648,6-mer
GTCGGA,-0.06755356277024238,-0.5910333634732859,6-mer
GTCGGT,0.4995495665012217,0.6921014650166958,6-mer
GTCGGC,0.11932889742148145,-0.015481940475236818,6-mer
GTCGGG,0.10182449076329671,-0.3809835037473761,6-mer
GTGAAA,0.25496926448889823,0.42357156928072937,6-mer
GTGAAT,0.1166953252034679,0.10452438327816664,6-mer
GTGAAC,-0.009159999285475852,0.237805976506191,Inverted repeat
GTGAAG,0.2855640401131681,0.5545225528774652,6-mer
GTGATA,-0.0494935054590587,0.4815592432636384,6-mer
GTGATT,0.11143163503616385,0.6191351677946432,6-mer
GTGATC,-0.15614292986874562,0.7918848361553013,6-mer
GTGATG,0.4592138932542324,1.052266690534323,6-mer
GTGACA,0.12609904989945905,-0.10312794414891971,6-mer
GTGACT,0.19175143013736703,0.2660875597664459,6-mer
GTGACC,0.1164625588625236,0.49346414623566015,6-mer
GTGACG,0.3021410870889715,0.11874063931330174,6-mer
GTGAGA,-0.5637176115287221,-0.21017180614111794,6-mer
GTGAGT,0.1256377325535335,0.41803183826890666,6-mer
GTGAGC,0.20841148847359642,0.5686606883920556,6-mer
GTGAGG,-0.16228216159992265,-0.14527389284415768,6-mer
GTGTAA,-0.4498081219576973,-0.40906239132110994,6-mer
GTGTAT,0.0440925841831704,-0.05823022845742467,6-mer
GTGTAC,-0.047733395403101994,0.07782714033134487,Inverted repeat
GTGTAG,0.0,-0.23763418915711848,6-mer
GTGTTA,-0.03911349860767821,-0.28626095769133075,6-mer
GTGTTT,0.19550995382664302,0.021648563304763193,6-mer
GTGTTC,0.1020149576133734,-0.466289576453969,6-mer
GTGTTG,0.3773452092068933,0.26043639494586746,6-mer
GTGTCA,-0.266640880132317,-0.5596995895488678,6-mer
GTGTCT,-0.05041925319133936,-0.6783079288417349,6-mer
GTGTCC,-0.3502744886430376,-1.169787398786775,6-mer
GTGTCG,0.30581728261360097,-0.1604783534469232,6-mer
GTGTGA,-0.24619454621913,-0.0702026316710289,6-mer
GTGTGT,-0.10581003055993098,-0.5851632793786217,6-mer
GTGTGC,-0.3788346628970161,-0.7402653055116367,6-mer
GTGTGG,0.14649135783602749,0.283237976556975,6-mer
GTGCAA,-0.31522177233660265,-0.6165357305677056,Inverted repeat
GTGCAT,-0.14242460313499034,-0.6843921872722516,Inverted repeat
GTGCAC,-0.7207927800972593,-0.9875195979415369,Palindromes
GTGCAG,0.2013530098277476,-0.15380533607903538,Inverted repeat
GTGCTA,-0.43753213706593025,-0.7149392878362072,6-mer
GTGCTT,-0.2395020467600935,-0.2212662294558257,6-mer
GTGCTC,-0.04596469570010497,-0.09688179456902644,6-mer
GTGCTG,0.26940059599362676,0.3265101945608394,6-mer
GTGCCA,-0.07812322446763553,0.09841044603616542,6-mer
GTGCCT,-0.11625455061450429,-0.5906320189851878,6-mer
GTGCCC,-0.5775259118793745,-0.844567632202279,6-mer
GTGCCG,-0.03838035205285334,-0.051252899295019395,6-mer
GTGCGA,-0.5380871933995355,-0.5278691603808722,6-mer
GTGCGT,-0.05447037714342179,-0.1723026550555806,6-mer
GTGCGC,-0.3299766236609084,-0.30599656969911554,6-mer
GTGCGG,-0.022935864120041102,-0.13865522288578272,6-mer
GTGGAA,0.24692331265903147,0.1105728669489179,6-mer
GTGGAT,0.34051636102657085,0.6919604481411757,6-mer
GTGGAC,-0.44544565113939566,-0.6853643976789937,Inverted repeat
GTGGAG,-0.17329007924557038,-0.23766768567536695,6-mer
GTGGTA,-0.15965666598848516,0.7632688759204493,6-mer
GTGGTT,-0.0030720642528242158,0.7504831141337005,6-mer
GTGGTC,-0.09940841810045802,0.42308621831692883,6-mer
GTGGTG,0.4214807622134579,1.3727176245401165,6-mer
GTGGCA,-0.010818331663793144,0.21537463684270342,6-mer
GTGGCT,-0.06482503757060762,0.5209020545445939,6-mer
GTGGCC,-0.7152523826907888,-0.19422889085905357,6-mer
GTGGCG,0.2408429998007045,0.8437450035173476,6-mer
GTGGGA,-0.09328147130573969,-0.3902753912405416,6-mer
GTGGGT,0.09258960793805118,0.5715002409145937,6-mer
GTGGGC,-0.23095443483987188,-0.19264507794239585,6-mer
GTGGGG,-0.12466872031266236,-0.1595152183643816,6-mer
GCAAAA,0.18068661363434096,0.05351461625212202,6-mer
GCAAAT,-0.15049501217784964,-0.44734395932893145,6-mer
GCAAAC,-0.02932374272736132,0.06126849624147182,6-mer
GCAAAG,-0.2035356978247352,-0.1349628215243627,6-mer
GCAATA,0.5397385308705157,0.036030087491113534,6-mer
GCAATT,-0.20215735442293184,-0.8177115452389853,6-mer
GCAATC,0.035880271712839557,0.07850024040460492,6-mer
GCAATG,-0.19373158878290586,-0.6854453822673585,6-mer
GCAACA,0.029268015070584595,-0.40828013310353517,6-mer
GCAACT,-0.15080034636339262,-0.17822023798964504,6-mer
GCAACC,-0.4115109880120712,-0.12798761966155867,6-mer
GCAACG,-0.22582677078193272,-0.40483290140968936,6-mer
GCAAGA,0.31572294536065404,0.1318488427375784,6-mer
GCAAGT,-0.17324148073417805,-0.17080353290611275,6-mer
GCAAGC,-0.12019370492122207,-0.013127613612953247,Inverted repeat
GCAAGG,0.34544961170310284,0.02788178161586249,6-mer
GCATAA,-0.18051749336792322,-0.4757045944910493,6-mer
GCATAT,-0.35332329116289646,-0.8614824136525148,6-mer
GCATAC,-0.48500269221469866,-0.5802380733567993,6-mer
GCATAG,-0.2957370832231709,-0.5577776713949257,6-mer
GCATTA,0.5671888884572708,-0.11997229829863591,6-mer
GCATTT,-0.05626940962051221,-0.5662921613260627,6-mer
GCATTC,-0.02649780217707613,-0.8042490111897824,6-mer
GCATTG,0.09538932184700499,-0.4577912602560418,6-mer
GCATCA,0.2051941378999723,0.4054227592280536,6-mer
GCATCT,-0.2293204102160788,-0.26595661675973903,6-mer
GCATCC,0.030328838587367853,-0.1788472325626979,6-mer
GCATCG,-0.11323558331547402,-0.06719540353866252,6-mer
GCATGA,-0.21889024964619844,-0.5031595138891851,Inverted repeat
GCATGT,-0.14842364989721182,-1.0872440213787082,Inverted repeat
GCATGC,-0.47019231347508145,-1.1928851514458576,Palindromes
GCATGG,0.0506305263891048,-0.19335133895723478,Inverted repeat
GCACAA,0.07400058144377666,-0.3474180696414122,6-mer
GCACAT,-0.03652149359123767,-0.7460125142450688,6-mer
GCACAC,-0.3081222953623318,-0.6584223736492378,6-mer
GCACAG,-0.10475703775438903,-0.41478770358245515,6-mer
GCACTA,0.1086888356945646,-0.32007239791186987,6-mer
GCACTT,-0.01997732227980801,-0.06227278736119354,6-mer
GCACTC,-0.03410870768274739,-0.17566561760945973,6-mer
GCACTG,0.1621031085159021,0.08903481411545912,6-mer
GCACCA,-0.10679682678028801,0.4666292317161157,6-mer
GCACCT,-0.2174491905212135,-0.2380041686465094,6-mer
GCACCC,-0.6923366853411842,-0.711719643007095,6-mer
GCACCG,-0.2818737312689515,0.015889901929586045,6-mer
GCACGA,-0.2763671946682791,-0.6106751990135346,6-mer
GCACGT,-0.06059605937604612,-0.5764860072360815,6-mer
GCACGC,-0.35046673097061104,-0.5606827374371312,Inverted repeat
GCACGG,-0.35138830621938805,-0.5983120543801757,6-mer
GCAGAA,0.5137985714469144,0.1145470994175987,6-mer
GCAGAT,0.13370227670210594,0.19900337400276144,6-mer
GCAGAC,0.12663164749906794,-0.37348292886260726,6-mer
GCAGAG,0.43179886630328035,0.13817693857803387,6-mer
GCAGTA,0.3861347577051187,0.4477560723266554,6-mer
GCAGTT,0.18526264280901056,0.09647672002505285,6-mer
GCAGTC,-0.6281362056973345,-1.0049725926683164,6-mer
GCAGTG,0.2765070244539487,0.33505113675962367,6-mer
GCAGCA,0.6213009285499577,0.40395733833463465,6-mer
GCAGCT,-0.4010434765930007,-0.12975263633395395,6-mer
GCAGCC,-0.3859210141175409,-0.17558918238132465,6-mer
GCAGCG,0.17011082689754958,0.3026026791489387,6-mer
GCAGGA,0.6147900673777132,-0.1634987322828793,6-mer
GCAGGT,0.14913491150455624,0.162848251773532,6-mer
GCAGGC,-0.01373279048977331,-0.3100705671518536,Inverted repeat
GCAGGG,0.598539557370122,-0.12073807160488842,6-mer
GCTAAA,0.3143921947224478,0.13841014882107028,6-mer
GCTAAT,-0.21233276104431206,-0.47257162226866584,6-mer
GCTAAC,0.3028697590716775,0.08965269046750966,6-mer
GCTAAG,-0.09675667839163171,-0.08055430732262173,6-mer
GCTATA,-0.37198901707440274,-0.5500166216132321,6-mer
GCTATT,0.06977768182149875,-0.16588532511975723,6-mer
GCTATC,0.1525502943015584,0.34727450979579383,6-mer
GCTATG,-0.31449075922184894,-0.4635365730846427,6-mer
GCTACA,-0.1193151119715264,-0.44852501031519,6-mer
GCTACT,-0.09050604421276541,0.04294131613252659,6-mer
GCTACC,-0.1906368407659043,0.35230174393088115,6-mer
GCTACG,0.14179726216006852,0.1818747578990241,6-mer
GCTAGA,0.25464084138561544,-0.3402824359695898,Inverted repeat
GCTAGT,-0.7886131584852025,-1.0586542177208105,Inverted repeat
GCTAGC,-0.4479169027141197,-0.6898037990302606,Palindromes
GCTAGG,0.12270192139857401,-0.5275802785851871,Inverted repeat
GCTTAA,-0.06615041976072727,0.03767472651835576,6-mer
GCTTAT,0.0884419470702031,0.25751608195195136,6-mer
GCTTAC,0.03250642455499722,0.3422242566936272,6-mer
GCTTAG,0.19350408067148844,0.029927859478592753,6-mer
GCTTTA,0.21804185500787754,0.4809732020524631,6-mer
GCTTTT,-0.14360659060373304,0.17902507783527627,6-mer
GCTTTC,-0.11281499426076333,0.07790279572801738,6-mer
GCTTTG,-0.07552329786885101,0.2121491926387176,6-mer
GCTTCA,-0.13047372949201705,0.2536017135509603,6-mer
GCTTCT,0.2777342246847428,0.2145804652105769,6-mer
GCTTCC,0.02437557526933632,-0.1643560335109721,6-mer
GCTTCG,-0.4442886044664592,-0.28905429079501416,6-mer
GCTTGA,-0.10677672070260026,0.28939831082198325,6-mer
GCTTGT,0.01846473009903317,-0.03312455554237855,6-mer
GCTTGC,-0.09609352215437447,0.07152723069878011,Inverted repeat
GCTTGG,0.0328313924673724,0.5976452953349113,6-mer
GCTCAA,0.4191071635878907,0.7119749152885059,6-mer
GCTCAT,-0.07274800734925402,0.137384516235347,6-mer
GCTCAC,0.047672827974094806,0.3953088131622359,6-mer
GCTCAG,0.28159965069900006,0.5831602580871706,6-mer
GCTCTA,0.5378429521526052,0.29717601231960217,6-mer
GCTCTT,0.31919633302714284,0.3733699978042534,6-mer
GCTCTC,-0.049914213506230334,-0.001508757183331942,6-mer
GCTCTG,0.1578763216046361,0.27881646948065925,6-mer
GCTCCA,-0.29246849441369804,-0.29233148392632596,6-mer
GCTCCT,-0.4649669307123859,-0.7935491225325738,6-mer
GCTCCC,-0.3224606839689866,-0.6358848337162354,6-mer
GCTCCG,-0.5025731836808935,-0.6337466780885266,6-mer
GCTCGA,-0.022586403524539982,0.09783805220474251,6-mer
GCTCGT,-0.24432739184033356,-0.28716754698613634,6-mer
GCTCGC,-0.12279545848215723,0.10278819298605403,Inverted repeat
GCTCGG,0.08578187099987256,0.09976267300711208,6-mer
GCTGAA,-0.04147326947620178,0.2004038213912561,6-mer
GCTGAT,-0.11551217023797472,0.6258652929174219,6-mer
GCTGAC,0.3323565997883109,0.43957968354163546,6-mer
GCTGAG,0.1036986661542748,0.3969597865888885,6-mer
GCTGTA,0.024091806510908993,0.011325562710983698,6-mer
GCTGTT,0.37237217139239653,0.17455462095950006,6-mer
GCTGTC,-0.11798039733221397,-0.5750963475979239,6-mer
GCTGTG,-0.3553620735272595,-0.34226585213164606,6-mer
GCTGCA,0.0829724782037517,-0.014263397996215146,6-mer
GCTGCT,0.2110742865493644,0.3286419196158822,6-mer
GCTGCC,-0.0786469463001418,0.0014713872166678998,6-mer
GCTGCG,0.16237348092425846,0.25123436884294387,6-mer
GCTGGA,0.31044612708127406,0.27587588546760383,6-mer
GCTGGT,-0.4055202478502255,0.4555824991342328,6-mer
GCTGGC,-0.10845896966930892,0.5369725577863225,Inverted repeat
GCTGGG,-0.12118177298956037,0.06618930931998555,6-mer
GCCAAA,0.14911249932859347,0.47862491043407407,6-mer
GCCAAT,0.32174875558190574,0.4563342282853291,6-mer
GCCAAC,0.15955496715413017,0.6254625430204139,6-mer
GCCAAG,0.21671105350446174,0.6557283926900578,6-mer
GCCATA,0.03821932223049002,0.2370022624167342,6-mer
GCCATT,0.3308909991871927,0.2866430334574328,6-mer
GCCATC,0.09467610321417907,0.7099011358555626,6-mer
GCCATG,0.14334903266147225,0.14361250894249175,6-mer
GCCACA,-0.047065185427868104,0.09519305014434985,6-mer
GCCACT,0.16394476568908772,0.5677608958198338,6-mer
GCCACC,-0.08564408644127514,0.8456173577905839,6-mer
GCCACG,-0.4364924638561421,-0.10282795898088855,6-mer
GCCAGA,0.11456615491227637,0.48578754602219953,6-mer
GCCAGT,0.3310694637839234,0.7418058826791425,6-mer
GCCAGC,-0.06281366095809521,0.5704095173541515,Inverted repeat
GCCAGG,-2.1064220591361544,-1.9876314425695818,6-mer
GCCTAA,0.3975625327242135,-0.15143443161628833,6-mer
GCCTAT,0.1688249399885249,-0.18888164939479232,6-mer
GCCTAC,-0.021513092621449525,-0.01165035973892563,6-mer
GCCTAG,0.14492757636492856,-0.5392180946666635,6-mer
GCCTTA,0.0992257830887867,-0.12614531780050975,6-mer
GCCTTT,0.35018635492887573,0.28653138321427635,6-mer
GCCTTC,0.435211369445455,0.08071343871618188,6-mer
GCCTTG,0.47611967363586044,0.30185195004172694,6-mer
GCCTCA,-0.5417617555040581,-0.5268309039228836,6-mer
GCCTCT,0.2033134459136667,-0.14274017211608192,6-mer
GCCTCC,-0.7142564657941197,-1.0486738467356895,6-mer
GCCTCG,-0.6939989837707673,-0.8482252352791568,6-mer
GCCTGA,-0.014282039274706474,0.04589405855930906,6-mer
GCCTGT,0.2032636306137236,-0.2924376359189065,6-mer
GCCTGC,0.03204777090596228,-0.2828090340587458,Inverted repeat
GCCTGG,-2.4181747841086945,-2.387371157824793,6-mer
GCCCAA,-0.0549579563173252,-0.005333444303040753,6-mer
GCCCAT,0.14039503705201767,-0.028676300255855967,6-mer
GCCCAC,-0.3118370521684966,-0.20665659471301767,6-mer
GCCCAG,-0.14456605182252968,-0.08193879477870235,6-mer
GCCCTA,0.19892842818141995,-0.6118219607870985,6-mer
GCCCTT,-0.08020713289226625,-0.5193741590935793,6-mer
GCCCTC,-0.6632674962209457,-1.0576008116571818,6-mer
GCCCTG,0.04334437854661057,-0.39459190851277676,6-mer
GCCCCA,-0.3008502837697404,-0.35756633761569345,6-mer
GCCCCT,-0.40554605030154606,-0.8520714968309724,6-mer
GCCCCC,-0.11341298035165957,-0.5991535991904647,6-mer
GCCCCG,-0.4743666531835571,-0.9301053743897175,6-mer
GCCCGA,-0.41745610008148715,-0.5667134529420054,6-mer
GCCCGT,0.1052504755726876,-0.4635282471567753,6-mer
GCCCGC,-0.2719399590556857,-0.4770212708451128,Inverted repeat
GCCCGG,-0.33840323206356665,-0.6660551989783398,6-mer
GCCGAA,-0.1060945753290312,-0.10529275819750146,6-mer
GCCGAT,0.3404224290696353,0.8053525691464565,6-mer
GCCGAC,0.19515351010502444,0.06966481758966835,6-mer
GCCGAG,0.17061877161239672,0.17786403423587407,6-mer
GCCGTA,0.2951926420254155,0.37715494583147485,6-mer
GCCGTT,0.23611893730169806,0.17421437253520858,6-mer
GCCGTC,-0.006166386350277529,-0.3041341622255503,6-mer
GCCGTG,-0.06279782810594865,-0.007762041777040601,6-mer
GCCGCA,0.0075336726854073836,-0.10110883105218575,6-mer
GCCGCT,0.19423886096438317,0.4841475843755489,6-mer
GCCGCC,0.26605496708561227,0.6585176193226289,6-mer
GCCGCG,-0.12428728339197415,0.18039221611451714,6-mer
GCCGGA,0.11391959171357022,-0.20588604224709992,Inverted repeat
GCCGGT,-0.7936906673000051,-0.383285019994415,Inverted repeat
GCCGGC,-1.67668597029143,-1.4608513612884226,Palindromes
GCCGGG,-0.30581519779908134,-0.5855088726424335,Inverted repeat
GCGAAA,-0.08424988661761745,-0.0815838648284435,6-mer
GCGAAT,-0.007708095135263031,-0.33800132558417745,6-mer
GCGAAC,-0.5279771214303177,-0.5335366375400539,6-mer
GCGAAG,-0.29539590119451087,-0.22303402494353863,6-mer
GCGATA,0.34687527370296295,0.6460165352261006,6-mer
GCGATT,0.41537649829136275,0.6451596484719699,6-mer
GCGATC,-0.040414268445908154,0.7691936757647644,6-mer
GCGATG,0.08373825096481669,0.4877589066702448,6-mer
GCGACA,0.24384112338070021,-0.2943387265437481,6-mer
GCGACT,0.04198317673510411,-0.2330542369620551,6-mer
GCGACC,0.15459350157609902,0.34637916506542077,6-mer
GCGACG,0.09149727970861474,-0.28077995602374806,6-mer
GCGAGA,-0.29016657954567904,-0.23237911793317967,6-mer
GCGAGT,0.18765278686533793,0.2912990950770335,6-mer
GCGAGC,-0.13534341526762456,0.05379710778235924,Inverted repeat
GCGAGG,-0.581426736579126,-0.7383888506370395,6-mer
GCGTAA,0.34994247105695875,0.4098839889891841,6-mer
GCGTAT,0.1676274890958461,0.29007101507956046,6-mer
GCGTAC,-0.10897203933924961,0.2539862805239408,6-mer
GCGTAG,0.1612567814962097,0.03113261725489533,6-mer
GCGTTA,0.5454474216920626,0.3030989028159317,6-mer
GCGTTT,0.4661949219619417,0.36682840623622387,6-mer
GCGTTC,-0.40449353156458007,-0.6251384231757185,6-mer
GCGTTG,-0.07751798673237835,0.0012594457725986555,6-mer
GCGTCA,0.02853186632564878,-0.10044488740857267,6-mer
GCGTCT,-0.07780333414006689,-0.4827504032086998,6-mer
GCGTCC,-0.23840965153871813,-0.9377577652406585,6-mer
GCGTCG,-0.3285888750195749,-0.48341273352902187,6-mer
GCGTGA,0.28715783326584743,0.6019036142230885,6-mer
GCGTGT,-0.1522302716269048,-0.5362244352313027,6-mer
GCGTGC,-0.4000792759346937,-0.5014914853528384,Inverted repeat
GCGTGG,-0.3333201104505278,0.094032456593728,6-mer
GCGCAA,0.17771874813576335,0.12789647667400386,6-mer
GCGCAT,-0.05973283116877137,-0.2450031039005496,6-mer
GCGCAC,-0.23330233479116375,-0.2446363451404079,6-mer
GCGCAG,0.49312777854339984,0.5140608976212193,6-mer
GCGCTA,0.11727115508992558,0.03610610150853367,6-mer
GCGCTT,-0.061121447791004695,0.290495587050705,6-mer
GCGCTC,-0.1648540118948903,0.10270112983205297,6-mer
GCGCTG,0.22849481687438616,0.5114271664348379,6-mer
GCGCCA,-0.0736359834043328,0.477899803224861,6-mer
GCGCCT,-0.3068396099719504,-0.3920232653629407,6-mer
GCGCCC,-0.3162804791639551,-0.36224783345062567,6-mer
GCGCCG,-0.29232559312195333,0.011979269277040072,6-mer
GCGCGA,-0.20198229615284125,0.03160636283262779,Inverted repeat
GCGCGT,-0.12530438156673002,-0.03857783181283133,Inverted repeat
GCGCGC,-0.4540224941017418,-0.08380375647413553,Palindromes
GCGCGG,-0.4118847916262594,-0.06714512809641915,Inverted repeat
GCGGAA,0.3531839086857714,-0.18047251902920106,6-mer
GCGGAT,0.5034524326002392,0.4827415671083112,6-mer
GCGGAC,-0.5008164945212381,-1.1384203938417345,6-mer
GCGGAG,-0.36535659703048007,-0.5549029124035842,6-mer
GCGGTA,0.3931246034544365,1.026419516909667,6-mer
GCGGTT,-0.2335470876333869,0.2719355843824806,6-mer
GCGGTC,-0.19945254947850252,-0.0023945151403825986,6-mer
GCGGTG,0.16407820502693998,0.8375860149437333,6-mer
GCGGCA,0.24940385113212665,0.2996420649739711,6-mer
GCGGCT,0.053537248830402034,0.3872225556559968,6-mer
GCGGCC,-0.362444840004371,-0.049486563112466866,6-mer
GCGGCG,0.2378450314222281,0.5702477708677198,6-mer
GCGGGA,-0.0038641175907878694,-0.552154314086884,6-mer
GCGGGT,0.24716387387952274,0.4098008509126966,6-mer
GCGGGC,-0.17967677354995376,-0.43843672543026474,Inverted repeat
GCGGGG,-0.42271984028077614,-0.7587971040369823,6-mer
GGAAAA,0.49542014633953024,0.015869917233842335,6-mer
GGAAAT,0.5227668341605508,-0.1482185494355554,6-mer
GGAAAC,0.0717187382778678,-0.3710498197291965,6-mer
GGAAAG,-0.25580620699572365,-0.3750186145884036,6-mer
GGAATA,0.7686280582722803,0.17442767085119015,6-mer
GGAATT,0.18039104894831653,-0.6887797009685148,6-mer
GGAATC,-0.3651501981364012,-0.7011063759267425,6-mer
GGAATG,0.15463727883116857,-0.5175727347775926,6-mer
GGAACA,0.04242756231169834,-0.6793187556484506,6-mer
GGAACT,-0.19218061637024905,-0.7089688979745621,6-mer
GGAACC,-0.4938686010569032,-0.7153556353079012,Inverted repeat
GGAACG,-0.44698176653560845,-0.8603613339696066,6-mer
GGAAGA,0.8058216496276939,0.32379057171032755,6-mer
GGAAGT,0.21682802861058234,-0.0584166862253218,6-mer
GGAAGC,-0.24079525207975863,-0.44207045797585975,6-mer
GGAAGG,0.5463596614974088,-0.03872723000823068,6-mer
GGATAA,0.7222722013056337,0.6505248742794536,6-mer
GGATAT,0.6249158858798346,0.4946736153920533,6-mer
GGATAC,0.04506517153153111,0.07524008631121253,6-mer
GGATAG,0.44418384493836016,0.14785443482518965,6-mer
GGATTA,0.30149808610040046,0.161463422694116,6-mer
GGATTT,0.16336607676893475,0.0824313567407246,6-mer
GGATTC,-0.31428178756567327,-0.5963254481599026,6-mer
GGATTG,0.3064408324203724,0.25098484299572915,6-mer
GGATCA,-0.01999690856570754,0.4679183529243424,Inverted repeat
GGATCT,0.060252176346812195,0.2268873143433835,Inverted repeat
GGATCC,-0.4980658235923587,-0.4532763035665354,Palindromes
GGATCG,-0.11945158643723348,0.26964710101347517,Inverted repeat
GGATGA,0.4903708245041325,0.6725108490606304,6-mer
GGATGT,0.46552149954093286,-0.00884099570832767,6-mer
GGATGC,0.18522695994614713,-0.20888213493020752,6-mer
GGATGG,-0.21654279041526905,0.17824764956495512,6-mer
GGACAA,0.31290934261097053,-0.6210029023490622,6-mer
GGACAT,0.3837643016538314,-0.8808846706380691,6-mer
GGACAC,-0.26574369309178014,-1.039231818442348,6-mer
GGACAG,-0.01908193483668268,-0.9055724639125393,6-mer
GGACTA,-0.3163922725470131,-1.0387140207721102,6-mer
GGACTT,-0.3889838364833228,-0.9930916306578226,6-mer
GGACTC,-0.2972358899714571,-0.8960591473290844,6-mer
GGACTG,-0.5964581395589855,-1.0766687503876793,6-mer
GGACCA,-1.63089203570592,-1.7745798859659838,6-mer
GGACCT,-1.3002840804396767,-1.860275236333387,6-mer
GGACCC,-1.924459448610086,-2.53163299831503,Inverted repeat
GGACCG,-1.3870473698809707,-1.562621332966754,6-mer
GGACGA,0.228389140245405,-0.5306684156325946,6-mer
GGACGT,-0.004587269495651674,-0.8366299782616476,6-mer
GGACGC,-0.1446811258229819,-0.9763636357327616,6-mer
GGACGG,-0.2237811861228684,-1.010598358340063,6-mer
GGAGAA,0.17492949029455773,-0.2847855507439091,6-mer
GGAGAT,-0.08985140974444147,-0.12082766004875936,6-mer
GGAGAC,-0.40682419243116014,-1.171627661953207,6-mer
GGAGAG,0.4267704607448605,0.04400455524297575,6-mer
GGAGTA,-0.1748703762144198,-0.23640864276782372,6-mer
GGAGTT,-0.34713711737148467,-0.41556448367097004,6-mer
GGAGTC,-0.19059433837763387,-0.6603144408588244,6-mer
GGAGTG,-0.028519609948490995,-0.1533531919421731,6-mer
GGAGCA,-0.06401798820106061,-0.5224045228377521,6-mer
GGAGCT,-0.701301414473049,-0.7698743690092281,6-mer
GGAGCC,-0.5429957469170924,-0.5881918138566024,Inverted repeat
GGAGCG,-0.3919433283799602,-0.5170349998025263,6-mer
GGAGGA,-0.20605173649354572,-1.0614275005976814,6-mer
GGAGGT,-0.9941486700905503,-0.9426982695573841,6-mer
GGAGGC,-0.6425732238912516,-1.0729991242631596,6-mer
GGAGGG,-0.6156970272981436,-0.8438517697214483,6-mer
GGTAAA,0.4753104032995589,1.0026894731430536,6-mer
GGTAAT,0.267178534363934,0.607355842978899,6-mer
GGTAAC,0.20194362556110712,0.6890870150990138,6-mer
GGTAAG,0.08743288526896578,0.6707975312790951,6-mer
GGTATA,-0.6108743333451058,0.4299787328503269,6-mer
GGTATT,0.733855219175823,1.109554126883941,6-mer
GGTATC,0.17476129885604863,1.0156622761547227,6-mer
GGTATG,-0.02895854835047471,0.3787792267492673,6-mer
GGTACA,-0.3520921063440627,0.15065098927776852,Inverted repeat
GGTACT,0.05437700990276675,0.811175367960221,Inverted repeat
GGTACC,-0.6722266315690526,0.5474877953024933,Palindromes
GGTACG,-0.19892093484000042,0.43303392857268974,Inverted repeat
GGTAGA,0.3357180588055794,0.5505251805357819,6-mer
GGTAGT,0.021602824991113576,0.4162763959122026,6-mer
GGTAGC,-0.06293250884855918,0.30824410859674284,6-mer
GGTAGG,-0.1002301373242172,0.20797190559027653,6-mer
GGTTAA,0.3291532256569404,0.5839020853548631,6-mer
GGTTAT,0.4249908370571487,0.785160306635765,6-mer
GGTTAC,-0.0026621505606349597,0.507321057036479,6-mer
GGTTAG,0.035936740357406474,0.21265286212980372,6-mer
GGTTTA,0.06887150024914453,0.6438974385071513,6-mer
GGTTTT,0.33495380154782134,0.7368400387037112,6-mer
GGTTTC,0.1192578148219249,0.451180204334317,6-mer
GGTTTG,0.09514633384927017,0.5280617665959121,6-mer
GGTTCA,-0.5112736603224622,-0.06476837117567795,6-mer
GGTTCT,-0.4968504604245186,-0.3265558295398765,6-mer
GGTTCC,-0.6515199670215273,-0.626422107819524,Inverted repeat
GGTTCG,-0.6257099970584773,-0.21884632395600212,6-mer
GGTTGA,-0.1391442967034365,0.5499351157212363,6-mer
GGTTGT,-0.2445549852261332,-0.03168722995438759,6-mer
GGTTGC,-0.41551960288930806,-0.06771601945342724,6-mer
GGTTGG,-0.19907233431903681,0.6267409130369244,6-mer
GGTCAA,0.2792342645187482,0.5397137707973487,6-mer
GGTCAT,0.11581572725064716,0.15950909834749444,6-mer
GGTCAC,0.1468354454553649,0.43007689874298494,6-mer
GGTCAG,0.25851980785006334,0.6264984448074995,6-mer
GGTCTA,-0.26343244557721784,-0.28280307689890816,6-mer
GGTCTT,-0.5626240390998721,-0.43537050137585015,6-mer
GGTCTC,-0.9321960877665829,-1.0226690753497154,6-mer
GGTCTG,-0.17136841831198096,0.0013565539700848294,6-mer
GGTCCA,-1.3375200639931306,-1.2912312976644458,6-mer
GGTCCT,-0.964100973883027,-1.451716653509292,6-mer
GGTCCC,-1.041253684757046,-1.7595176583655159,Inverted repeat
GGTCCG,-2.1295141378235036,-2.090374436670243,6-mer
GGTCGA,0.1992313709543457,0.3299272165966869,6-mer
GGTCGT,0.20909931141621627,0.24841942515178567,6-mer
GGTCGC,0.07895230370506871,0.2737144438329962,6-mer
GGTCGG,-0.010517871913999229,0.2613965747648918,6-mer
GGTGAA,0.3894189449382195,0.9574276785172882,6-mer
GGTGAT,0.24218616344212898,1.2833551420969702,6-mer
GGTGAC,0.24019024147065288,0.6152762570778146,6-mer
GGTGAG,0.3638930042117444,0.9665991655736863,6-mer
GGTGTA,0.3495208461424687,0.6372880696697089,6-mer
GGTGTT,0.32267657482160295,0.5058005930206421,6-mer
GGTGTC,0.1696745552927572,-0.05961485629722254,6-mer
GGTGTG,0.16783588367497188,0.4076926486656762,6-mer
GGTGCA,-0.2865964568515408,-0.22758706515941,6-mer
GGTGCT,-0.23350313620163934,0.07865694387499854,6-mer
GGTGCC,-0.35092579158183024,-0.0851090870373446,Inverted repeat
GGTGCG,-0.17199456863251605,0.19442996495096057,6-mer
GGTGGA,0.17815820354342646,0.5558459400409105,6-mer
GGTGGT,0.07358318192730762,1.282825039066673,6-mer
GGTGGC,-0.07204433346805712,0.7988618630069553,6-mer
GGTGGG,-0.11744688418125725,0.37542704951618994,6-mer
GGCAAA,0.296720928148929,0.23901611431899694,6-mer
GGCAAT,0.3625139608596938,-0.0007181755931374645,6-mer
GGCAAC,-0.07105230067126898,-0.09064999359865845,6-mer
GGCAAG,-0.07767936382187532,0.013826259946960255,6-mer
GGCATA,-0.040852520074645945,-0.37973286630709124,6-mer
GGCATT,0.6047617351491277,-0.03490561494820128,6-mer
GGCATC,0.3843146686960912,0.402524887965295,6-mer
GGCATG,0.09841044603616542,-0.36611252538321354,6-mer
GGCACA,-0.07091633978434107,-0.5641388031842827,6-mer
GGCACT,0.13549035485773298,0.06308283713906931,6-mer
GGCACC,-0.4412205083314025,-0.18094970699791288,Inverted repeat
GGCACG,-0.22658236460697073,-0.5176767596732507,6-mer
GGCAGA,0.27144376127232855,0.06007354454847742,6-mer
GGCAGT,0.025151507196035528,-0.05103183739296027,6-mer
GGCAGC,-0.11861272572287947,0.017334290078355862,6-mer
GGCAGG,0.18393125773173552,-0.20270023348584054,6-mer
GGCTAA,0.5984506287547302,0.37625711609523865,6-mer
GGCTAT,0.37188359604807597,0.2993348028786612,6-mer
GGCTAC,0.17133847103612054,0.3750039013133119,6-mer
GGCTAG,0.006316845590728671,-0.2829855627293232,6-mer
GGCTTA,0.360196249082144,0.5083085592300093,6-mer
GGCTTT,0.28654085220911163,0.6561504877310936,6-mer
GGCTTC,0.08807442049937221,0.17861666927070083,6-mer
GGCTTG,0.1453753007156581,0.46402102157165226,6-mer
GGCTCA,-0.06858194677997703,0.219651473182852,6-mer
GGCTCT,0.10818091905493116,0.1985456793820804,6-mer
GGCTCC,-0.402618240024776,-0.47134146267177784,Inverted repeat
GGCTCG,-0.42865563929301215,-0.3760729526077851,6-mer
GGCTGA,-0.16026176452478516,0.3483348259335125,6-mer
GGCTGT,-0.4356538309207675,-0.41542526840922267,6-mer
GGCTGC,-0.3471474523443946,-0.21839464935430514,6-mer
GGCTGG,-0.44147025503055287,0.20136326458066034,6-mer
GGCCAA,-0.021139464686144516,0.2802643267959023,6-mer
GGCCAT,-0.23233624208011194,-0.02864140616788267,6-mer
GGCCAC,-0.5621760461106425,-0.07810160330346619,6-mer
GGCCAG,-0.4687626809765234,0.003720826714691158,6-mer
GGCCTA,-0.041775733114348346,-0.4771846445538976,6-mer
GGCCTT,-0.16944511376345095,-0.25259085941585113,6-mer
GGCCTC,-0.916671616401104,-1.0367062016351092,6-mer
GGCCTG,-0.712126083548958,-0.7887128251188373,6-mer
GGCCCA,-1.0931716740697566,-1.010268335453827,6-mer
GGCCCT,-0.8033720746416336,-1.5013683710392636,6-mer
GGCCCC,-1.286118018946835,-1.7293011406648695,Inverted repeat
GGCCCG,-1.31867328235987,-1.5366117594534308,6-mer
GGCCGA,-0.193761571000226,-0.040122281667198036,6-mer
GGCCGT,-0.11233109096470613,-0.21846136974653305,6-mer
GGCCGC,-0.3593063680283661,-0.11419313747591456,6-mer
GGCCGG,-1.4982979782447918,-1.2347426683174063,6-mer
GGCGAA,0.2424319633642631,0.24426704108769948,6-mer
GGCGAT,0.6681738793766276,1.1442569359223993,6-mer
GGCGAC,0.5060616729742408,0.2997607695414757,6-mer
GGCGAG,0.3175931706663244,0.3457602465530393,6-mer
GGCGTA,0.3225354175824556,0.48846941889385925,6-mer
GGCGTT,0.2980009104873584,0.3012291022195263,6-mer
GGCGTC,-0.26873721601418515,-0.5009070395368868,6-mer
GGCGTG,0.023110171792362726,0.22568624706148982,6-mer
GGCGCA,0.35325641821118214,0.31712538079228314,Inverted repeat
GGCGCT,0.04471266649308283,0.3459291204544477,Inverted repeat
GGCGCC,-2.061242058094889,-1.8611046348577776,Palindromes
GGCGCG,-0.18307175123559508,0.1228308410364863,Inverted repeat
GGCGGA,0.4064167441592293,0.11122480633142905,6-mer
GGCGGT,0.33744665657438283,0.8383461784188083,6-mer
GGCGGC,0.3628951937614957,0.7494731987035931,6-mer
GGCGGG,-0.04317323093180189,-0.16310833990033494,6-mer
GGGAAA,0.46320107110873254,-0.1808535988889808,6-mer
GGGAAT,0.09040203415195429,-0.6619849209450013,6-mer
GGGAAC,-0.24634279996436703,-1.0031672790786832,6-mer
GGGAAG,0.07805378139273488,-0.48593188407751403,6-mer
GGGATA,0.48386330659238047,0.3485894740870018,6-mer
GGGATT,0.4273178389571069,0.0626449369889957,6-mer
GGGATC,0.2038474251718166,0.30225873987520707,6-mer
GGGATG,0.2957587116990516,0.15946138509406438,6-mer
GGGACA,0.06989462561028242,-1.158304842472207,6-mer
GGGACT,-0.2791482632343299,-1.1090227109847757,6-mer
GGGACC,-1.1272351882961078,-1.7886054069737096,Inverted repeat
GGGACG,0.09004606081223648,-1.1165921286353062,6-mer
GGGAGA,0.3122602881027565,-0.35187277082496804,6-mer
GGGAGT,-0.260527550223219,-0.5725876282141207,6-mer
GGGAGC,-0.4210526405919318,-0.8362719469694173,6-mer
GGGAGG,-0.43323339740908984,-0.5656733296213461,6-mer
GGGTAA,0.5364677923319638,0.7407822499394967,6-mer
GGGTAT,0.39505239049999896,0.9129056475450457,6-mer
GGGTAC,-0.44618904185644476,0.10788054021274197,6-mer
GGGTAG,0.214816458941016,0.23941292659217808,6-mer
GGGTTA,0.6509779188869087,0.6581243059547427,6-mer
GGGTTT,0.11678223337584889,0.3969141496916629,6-mer
GGGTTC,-0.5556140167187047,-0.44170138466041275,6-mer
GGGTTG,-0.11094145563925883,0.18783519930007933,6-mer
GGGTCA,0.023711071684133948,-0.021588225195032135,6-mer
GGGTCT,-0.45618200739438447,-0.6551770094616721,6-mer
GGGTCC,-1.8654843332837912,-2.155650870460194,Inverted repeat
GGGTCG,-0.1553184655854166,-0.18533204884054996,6-mer
GGGTGA,0.3768598694228233,0.8103866636355755,6-mer
GGGTGT,0.03145743152159756,0.014736543256897825,6-mer
GGGTGC,-0.7314285293394797,-0.7528491856746227,6-mer
GGGTGG,-0.3280433779718089,0.21655548131416372,6-mer
GGGCAA,0.39284988081797967,-0.07791988578545544,6-mer
GGGCAT,0.45996009098990137,-0.3416384668747162,6-mer
GGGCAC,-0.31124092741772336,-0.8057859224022634,6-mer
GGGCAG,0.29013922988947055,-0.2671967662910181,6-mer
GGGCTA,0.2482931074923103,-0.29278174922784583,6-mer
GGGCTT,0.07982480437911019,0.09737984176970989,6-mer
GGGCTC,-0.29065818668673254,-0.5635462867886333,6-mer
GGGCTG,-0.2311534352051885,-0.2915682415707672,6-mer
GGGCCA,-0.8573175345314283,-0.9667510516563813,Inverted repeat
GGGCCT,-0.8403764108297131,-1.45815496004477,Inverted repeat
GGGCCC,-1.8733524808318442,-2.5334662656774887,Palindromes
GGGCCG,-1.1005189940757858,-1.3457972544290522,Inverted repeat
GGGCGA,0.43356453531284045,0.18763267951303556,6-mer
GGGCGT,0.35370347044222744,-0.025462254471897625,6-mer
GGGCGC,-0.21020784749442695,-0.43631306510953227,6-mer
GGGCGG,0.14162828717306014,-0.06969240741946706,6-mer
GGGGAA,0.34082830023064165,-0.466567799918926,6-mer
GGGGAT,0.7785561144893058,0.5183831091308417,6-mer
GGGGAC,-0.032914622472735175,-1.2064202466742984,6-mer
GGGGAG,0.4291999513089388,0.006008108801475594,6-mer
GGGGTA,0.12398871727545324,0.329403215449509,6-mer
GGGGTT,-0.12710567664460998,-0.010347958779687035,6-mer
GGGGTC,-0.33727717765363846,-0.8496316886458954,6-mer
GGGGTG,-0.22904846562676096,-0.015504131589194137,6-mer
GGGGCA,-0.05761072317009506,-0.6876372607542732,6-mer
GGGGCT,-0.13362456413019533,-0.2422919787741529,6-mer
GGGGCC,-1.0189110715882164,-1.3608647386589194,Inverted repeat
GGGGCG,0.012830749334496726,-0.2868249691685447,6-mer
GGGGGA,0.5151199589044819,-0.10688507212647783,6-mer
GGGGGT,-0.4257522476830537,-0.4677349223685065,6-mer
GGGGGC,0.004926681079926241,-0.7565057805618512,6-mer
GGGGGG,-0.10890456349644978,-0.24104920134111882,6-mer
