Item,x,y,color
AAAAAA,-0.4189610672149423,-0.23275758521011652,6-mer
AAAAAT,0.1479767120638926,0.10252343479935414,6-mer
AAAAAC,-0.1246645974845962,0.12695604083740494,6-mer
AAAAAG,-0.04322464104491843,0.19513770235272118,6-mer
AAAATA,0.30829158602679374,0.3102687680624178,6-mer
AAAATT,-0.3311939109615299,-0.5657901914463103,Inverted repeat
AAAATC,0.3389265448976973,0.46406199603197223,6-mer
AAAATG,0.2974869556578721,0.11083734962414815,6-mer
AAAACA,-0.009647097197558754,-0.161887682376894,6-mer
AAAACT,-0.14392621678783601,-0.017535423198979647,6-mer
AAAACC,0.31513336830263733,0.683298779836894,6-mer
AAAACG,0.3188656206531545,0.20878028515030655,6-mer
AAAAGA,-0.34429344859977934,-0.2113642752889849,6-mer
AAAAGT,-0.2885803282123525,-0.057782187406564406,6-mer
AAAAGC,-0.14126804095807363,0.06464620416779747,6-mer
AAAAGG,-0.05847293691632324,-0.3049459347050154,6-mer
AAATAA,-0.0895550910862144,0.03205517197988782,6-mer
AAATAT,-0.05172366115694242,-0.16797810139383984,6-mer
AAATAC,0.5382314503761652,0.39513794184113876,6-mer
AAATAG,0.4318553742848724,0.1567381851042471,6-mer
AAATTA,-0.2500632577875766,-0.5177711120516165,Inverted repeat
AAATTT,-0.41694544228414127,-0.6149429348838953,Palindromes
AAATTC,0.2194933632958341,-0.2572090929007048,Inverted repeat
AAATTG,0.05892133986747414,-0.185021727672337,Inverted repeat
AAATCA,-0.03271153801792431,0.37042265535456825,6-mer
AAATCT,-0.16790517638521113,-0.2173086681342846,6-mer
AAATCC,0.3095859166053633,0.11194069444169495,6-mer
AAATCG,0.4108331908786702,0.5325670658313276,6-mer
AAATGA,-0.1919936519994818,-0.18691906964552701,6-mer
AAATGT,-0.4054608388900798,-0.8528385971853568,6-mer
AAATGC,0.08834711650995067,-0.4862223579546062,6-mer
AAATGG,0.296877860805588,0.34117388905604,6-mer
AAACAA,-0.3327288196530077,-0.28844853497602185,6-mer
AAACAT,-0.22360991261556454,-0.49966874974602055,6-mer
AAACAC,0.2644617569676743,0.24754237928566905,6-mer
AAACAG,0.5695922386814706,0.5145731728297582,6-mer
AAACTA,-0.5776577000979227,-0.3069980443481902,6-mer
AAACTT,-0.6170579087905186,-0.33652547110032033,Inverted repeat
AAACTC,0.3831900255005835,0.6393952879915312,6-mer
AAACTG,0.12317839816179767,0.3778560017741945,6-mer
AAACCA,-0.029863529543931434,0.8052792372512064,6-mer
AAACCT,0.1429162676943917,0.42462354810804187,6-mer
AAACCC,0.10360042378908607,0.36106413452887703,6-mer
AAACCG,0.14935740218298044,0.6522704119261928,6-mer
AAACGA,-0.38183293704497384,-0.28174293287207025,6-mer
AAACGT,0.09208756696749514,-0.08443710237703059,6-mer
AAACGC,0.39535161113076045,0.6739194232734319,6-mer
AAACGG,0.3738203061854349,0.3887684566289362,6-mer
AAAGAA,-0.13107945575179644,-0.11561011733628328,6-mer
AAAGAT,-0.3903857235420216,0.05297202714104133,6-mer
AAAGAC,-0.1106820338394312,-0.37726881337854784,6-mer
AAAGAG,0.4117729543959177,0.5759909169030718,6-mer
AAAGTA,-0.24144527666832485,0.10497775861916238,6-mer
AAAGTT,-0.7012931313815287,-0.3735215124492915,Inverted repeat
AAAGTC,0.3090479770863415,0.27371499876746275,6-mer
AAAGTG,0.18656031548141844,0.47004998034231726,6-mer
AAAGCA,-0.3213578722072703,-0.30693722771060894,6-mer
AAAGCT,-0.3883281390651603,-0.0175993378358539,6-mer
AAAGCC,0.28756707618017846,0.5910043075089897,6-mer
AAAGCG,0.19081273928537673,0.4817446428553859,6-mer
AAAGGA,-0.24368228949645912,-0.6057383075875058,6-mer
AAAGGT,-0.04574616474057624,0.1829468006533181,6-mer
AAAGGC,0.2016602200287313,0.14389713302113324,6-mer
AAAGGG,0.2266356451037874,-0.09583434444886121,6-mer
AATAAA,0.24486007984255542,0.4003694494900082,6-mer
AATAAT,-0.3451701047752495,-0.19877220505431956,6-mer
AATAAC,0.13445988963812408,0.1217044929120112,6-mer
AATAAG,-0.13281182842521272,-0.13750352374993496,6-mer
AATATA,-0.6499702172329718,-0.5933018016338858,Inverted repeat
AATATT,0.3240235128895558,0.03718660195417521,Palindromes
AATATC,0.6782853899638257,0.7688903615624432,Inverted repeat
AATATG,0.14097928117252273,-0.21140163741847143,Inverted repeat
AATACA,0.26985937474452454,-0.039352827910011795,6-mer
AATACT,0.4095164078832089,0.44581534815101675,6-mer
AATACC,0.8528507558956294,1.0541033303383818,6-mer
AATACG,0.7508740688985044,0.5276239570980781,6-mer
AATAGA,0.21383040783302382,-0.09112433366116494,6-mer
AATAGT,-0.036213526947928586,-0.303906687249322,6-mer
AATAGC,0.025417264683557136,-0.12491526652474642,6-mer
AATAGG,0.17622223990352193,-0.17791779219584283,6-mer
AATTAA,-0.35669915572808025,-0.6386584298783746,6-mer
AATTAT,-0.5748560142708331,-0.6732823037079426,6-mer
AATTAC,-0.3366454747712817,-0.6038039350959725,6-mer
AATTAG,-0.215792706986976,-0.7201409715248472,6-mer
AATTTA,-0.34361086149889336,-0.34894830882107136,6-mer
AATTTT,-0.39247681017779423,-0.697112742665287,Inverted repeat
AATTTC,0.07212231657635416,-0.24760436526418775,6-mer
AATTTG,-0.10689306633618813,-0.4251439857291667,6-mer
AATTCA,0.0021683797281759495,-0.2216856220861442,6-mer
AATTCT,-0.1924757376005278,-0.8185246357666396,6-mer
AATTCC,0.1445391678037029,-0.6661203025958311,6-mer
AATTCG,-0.10302168978884989,-0.7149299424129613,6-mer
AATTGA,-0.1249874704984417,-0.043408139618633976,6-mer
AATTGT,-0.7845789690280212,-1.212970910139266,6-mer
AATTGC,-0.25733102178421674,-0.8524970778230403,6-mer
AATTGG,-0.16679057808225403,-0.23577145113764783,6-mer
AATCAA,-0.3129044603562196,0.1548514557540802,6-mer
AATCAT,-0.36295950118687076,-0.09769853667779226,6-mer
AATCAC,0.1910167537956214,0.7266318807706046,6-mer
AATCAG,-0.06527035726638442,0.3339037481945263,6-mer
AATCTA,-0.38856528791765266,-0.5269078317789867,6-mer
AATCTT,-0.3251404305460688,-0.15726899798439728,Inverted repeat
AATCTC,-0.14558003175359574,-0.03965620035179022,6-mer
AATCTG,-0.23302675716502844,-0.21718522327495318,6-mer
AATCCA,0.14119928133167667,0.3120653482586185,6-mer
AATCCT,-0.004584839793734774,-0.47522450535393274,6-mer
AATCCC,0.6614963489104553,0.2599623415809696,6-mer
AATCCG,0.26866017352061966,0.0047070026775275,6-mer
AATCGA,0.23662705759203606,0.39340510286006725,6-mer
AATCGT,-0.1396559079648356,-0.04558103430889543,6-mer
AATCGC,0.2850646232366397,0.5145731728297582,6-mer
AATCGG,0.3480308107820978,0.4893912928778649,6-mer
AATGAA,-0.0396934506023577,-0.17175235449331913,6-mer
AATGAT,-0.23072648593917572,0.02596366881486637,6-mer
AATGAC,0.18473687659181062,-0.2600162142708792,6-mer
AATGAG,-0.17538828375479038,-0.11073929841327272,6-mer
AATGTA,-0.2515043141656988,-0.6507645591169023,6-mer
AATGTT,-0.25814272505811536,-0.7737159203881873,Inverted repeat
AATGTC,0.2727083660318519,-0.7074601458188645,6-mer
AATGTG,0.12635082813655715,-0.5314964758662268,6-mer
AATGCA,-0.24850145046675237,-1.0560981265648204,6-mer
AATGCT,-0.04458243089617226,-0.463883980471007,6-mer
AATGCC,0.5963572553212684,0.04830671913456805,6-mer
AATGCG,0.10282824639326904,-0.3758980445663183,6-mer
AATGGA,0.0583654550667472,-0.2047946093499714,6-mer
AATGGT,0.08430326939057255,0.412041246818924,6-mer
AATGGC,0.2818761760706072,0.2921305943482815,6-mer
AATGGG,0.26292490751937825,0.02489687265815871,6-mer
AACAAA,0.04997140709006556,0.18647798632107473,6-mer
AACAAT,-0.2598826950426246,-0.4046075938927757,6-mer
AACAAC,-0.05206521887650718,-0.13911781847010318,6-mer
AACAAG,0.2653532692245964,0.13444472206074534,6-mer
AACATA,-0.09310940439148137,-0.4273593108069828,6-mer
AACATT,-0.17095103598657832,-0.7451607226336766,Inverted repeat
AACATC,0.1615764201518508,0.0011424271740345295,6-mer
AACATG,0.0958600154075161,-0.5352966518395577,6-mer
AACACA,0.21035691759786188,-0.24257030327407827,6-mer
AACACT,0.07611974356780014,0.06101577468162794,6-mer
AACACC,0.2576740918860237,0.4827401758407789,6-mer
AACACG,0.07008136968602709,-0.32148067821735077,6-mer
AACAGA,0.20121981368040553,-0.07359603079172024,6-mer
AACAGT,0.12721641432702818,-0.011863251284942295,6-mer
AACAGC,0.19147994844551036,0.10043009083987754,6-mer
AACAGG,0.23507300273295376,-0.09776576682270295,6-mer
AACTAA,-0.5753764518919582,-0.4834626402897279,6-mer
AACTAT,-0.5559683059836209,-0.4134769852912268,6-mer
AACTAC,-0.158179793769213,-0.0666096688238833,6-mer
AACTAG,-1.3842801037133419,-1.336473830085142,6-mer
AACTTA,-0.0769580784139302,0.08703488998179698,6-mer
AACTTT,-0.6468862420942496,-0.5563933485243853,Inverted repeat
AACTTC,-0.4404656419036767,-0.4054786708539992,6-mer
AACTTG,-0.33455288426486807,-0.15043098516626957,6-mer
AACTCA,0.29893722201726985,0.7627396491705672,6-mer
AACTCT,0.19622348831164568,0.2463304759932031,6-mer
AACTCC,-0.3644114262088758,-0.6148950067979867,6-mer
AACTCG,0.2750669613286909,0.3994522643869085,6-mer
AACTGA,0.02544084246101935,0.3662313215041957,6-mer
AACTGT,-0.024522319134068965,-0.3067557832631118,6-mer
AACTGC,0.24449023848659998,0.16349873228287945,6-mer
AACTGG,0.1959911058223871,0.6073429779119437,6-mer
AACCAA,0.014464113495334552,0.765214183081825,6-mer
AACCAT,-0.11217883372259235,0.3760881682045822,6-mer
AACCAC,-0.16611930202154163,0.675631991248166,6-mer
AACCAG,-0.3831129381221267,0.36884914227485505,6-mer
AACCTA,0.26025006987332705,0.2456445096245137,6-mer
AACCTT,0.21796635582340862,0.3732423055328211,Inverted repeat
AACCTC,-0.4462562298895639,-0.10876113876391666,6-mer
AACCTG,-0.24958386051345702,-0.05148477754900055,6-mer
AACCCA,0.15413568073786255,0.47373231934858545,6-mer
AACCCT,0.2290070020335999,0.15399990350899673,6-mer
AACCCC,-0.02634541028963028,-0.04443895766837862,6-mer
AACCCG,0.11317296035623435,0.038408061603090106,6-mer
AACCGA,0.16550434877931455,0.600981610924823,6-mer
AACCGT,0.1111803808320612,0.404963777265735,6-mer
AACCGC,-0.20510429466903324,0.2246308935324473,6-mer
AACCGG,-0.3761672066648739,-0.0628061564723336,6-mer
AACGAA,-0.3281897486542738,-0.44052247083356466,6-mer
AACGAT,-0.37937836707126205,-0.06506080829420659,6-mer
AACGAC,0.12409034772464383,-0.19352645562940052,6-mer
AACGAG,-0.060446524643819596,-0.09953567355091435,6-mer
AACGTA,0.035721922233961596,0.007613184109875241,Inverted repeat
AACGTT,0.019878465559123166,-0.19830925199949812,Palindromes
AACGTC,0.4953944917124804,-0.14680244341056595,Inverted repeat
AACGTG,-0.04300498111695176,-0.31636031729797404,Inverted repeat
AACGCA,0.13794019490667256,-0.12491626996382776,6-mer
AACGCT,0.2780659231183171,0.424861617230812,6-mer
AACGCC,0.607423356118954,0.9171430675957158,6-mer
AACGCG,0.12125687640604839,0.39616305128752966,6-mer
AACGGA,0.03528202710613278,-0.5281477021548634,6-mer
AACGGT,0.08817353681259879,0.3300429136192542,6-mer
AACGGC,0.025995208532944337,0.06831126481566646,6-mer
AACGGG,0.19264507794239571,-0.21706390173925644,6-mer
AAGAAA,0.06951163906054438,-0.0010356748764148167,6-mer
AAGAAT,-0.20861376845953583,-0.5289284658068282,6-mer
AAGAAC,-0.35042973204839617,-0.43934074696144176,6-mer
AAGAAG,0.6415655911868045,0.5085477079626349,6-mer
AAGATA,0.046308847574728466,0.32808270784748705,6-mer
AAGATT,-0.44070238267219103,-0.24982960404329885,Inverted repeat
AAGATC,-0.2780302302058958,0.3723108407633007,6-mer
AAGATG,-0.08801961868445549,0.06014350775201556,6-mer
AAGACA,0.1493590646159126,-0.4206755751548049,6-mer
AAGACT,-0.30229102486218,-0.5363339356050585,6-mer
AAGACC,-0.6995821337977526,-0.7430604617329046,6-mer
AAGACG,-0.18086894385178975,-0.734700766321344,6-mer
AAGAGA,0.5823653892351169,0.6317567122000972,6-mer
AAGAGT,0.22185420269902142,0.3032414978716123,6-mer
AAGAGC,0.20267789057456032,0.27567042946886233,6-mer
AAGAGG,0.7218443071415432,0.7425394389907982,6-mer
AAGTAA,-0.32180959350811067,0.07970669978899288,6-mer
AAGTAT,-0.4479815978937591,-0.09253128575385583,6-mer
AAGTAC,-0.0543196412820613,0.37169393906810244,6-mer
AAGTAG,0.17472967746798962,0.31842385454198424,6-mer
AAGTTA,-0.345434577281439,-0.25062610206539193,6-mer
AAGTTT,-0.689499832561629,-0.42822057281634185,Inverted repeat
AAGTTC,-0.49342792936055435,-0.5096810562578465,6-mer
AAGTTG,-0.3664018161012871,-0.03716711639591659,6-mer
AAGTCA,0.23433953405689134,0.3093133682829044,6-mer
AAGTCT,-0.30022686630567186,-0.5925499451716065,6-mer
AAGTCC,-0.18002814039649212,-0.7607792577855947,6-mer
AAGTCG,0.5391931396027619,0.4615289493905085,6-mer
AAGTGA,0.18933234390156034,0.5781811503290941,6-mer
AAGTGT,-0.1582195007900334,-0.17971477456701587,6-mer
AAGTGC,-0.10915157917052087,-0.22116644533082597,6-mer
AAGTGG,0.32677607752522414,0.7849782131414174,6-mer
AAGCAA,-0.36633379513484216,-0.34871123082432076,6-mer
AAGCAT,-0.3016646539981656,-0.6663985020663062,6-mer
AAGCAC,-0.18395488503647298,-0.20671079910417822,6-mer
AAGCAG,0.015860327767595887,0.048800746590157304,6-mer
AAGCTA,-0.24295015979046153,0.012756007424452528,Inverted repeat
AAGCTT,-0.396575256781917,-0.029024422616986643,Palindromes
AAGCTC,-0.08588310384542423,0.18830178803614653,Inverted repeat
AAGCTG,-0.27099665721875404,0.15999035282723167,Inverted repeat
AAGCCA,0.2727706800437104,0.775614446814111,6-mer
AAGCCT,0.2131035455359036,0.12510786638198937,6-mer
AAGCCC,0.08219170135612633,0.06855176966212308,6-mer
AAGCCG,0.2135087103965481,0.5184589316857914,6-mer
AAGCGA,0.03771966594915881,0.3649112654381085,6-mer
AAGCGT,0.13340090038758248,0.2321526241689764,6-mer
AAGCGC,-0.2864007063271633,0.015130807964161198,6-mer
AAGCGG,0.5117585796759785,0.7676535672694067,6-mer
AAGGAA,-0.08665438225418214,-0.6203875962793188,6-mer
AAGGAT,-0.09057694615726428,-0.3403849995949233,6-mer
AAGGAC,-0.18194037759915369,-1.078951341394822,6-mer
AAGGAG,-0.16058713686297604,-0.5412962658611562,6-mer
AAGGTA,0.3351841915896291,0.7127434925008909,6-mer
AAGGTT,0.24121993862720748,0.3789655762517092,Inverted repeat
AAGGTC,0.20120219656535626,-0.026919124697014945,6-mer
AAGGTG,0.5998830033609079,0.7778574176183525,6-mer
AAGGCA,0.46886731847606433,0.05328599761397912,6-mer
AAGGCT,0.3693783584892731,0.35079994213176374,6-mer
AAGGCC,-0.3402964503710558,-0.5520441416596897,6-mer
AAGGCG,0.36773178450048705,0.28036428437171096,6-mer
AAGGGA,0.3718149528129431,-0.2334396236454979,6-mer
AAGGGT,-0.24860114941407244,-0.23982701467246853,6-mer
AAGGGC,-0.08565359947243409,-0.6647066470265925,6-mer
AAGGGG,0.9082892336636644,0.36701598441590044,6-mer
ATAAAA,0.05730743816161709,0.2643380740676298,6-mer
ATAAAT,0.01640915970374628,0.12057058560839269,Inverted repeat
ATAAAC,0.02857347164946717,0.38720765647608035,6-mer
ATAAAG,0.41237152929669224,0.5972994331639205,6-mer
ATAATA,-0.6268391408701411,-0.25228134953691933,6-mer
ATAATT,-0.7548563454715499,-0.8061369439009323,6-mer
ATAATC,-0.21234364227031058,0.05966704476272705,6-mer
ATAATG,-0.11388059313606759,-0.314500573867749,6-mer
ATAACA,-0.07294412763976574,0.042085401367014545,6-mer
ATAACT,-0.14331327119499268,0.0053977428869075965,6-mer
ATAACC,0.29738591062457076,0.7020891695775219,6-mer
ATAACG,0.5636748637231966,0.5008586715607315,6-mer
ATAAGA,-0.4389231399495517,-0.3460389325888798,6-mer
ATAAGT,-0.2912838826379674,-0.04884973637417672,6-mer
ATAAGC,0.008870353184565343,0.11391140144665834,6-mer
ATAAGG,0.2370824961210897,0.08939631713618708,6-mer
ATATAA,-0.5763184063119047,-0.3560212935557701,Inverted repeat
ATATAT,-1.0661684499804256,-0.8414835995962756,Palindromes
ATATAC,-0.8268377424256503,-0.6276983825975182,Inverted repeat
ATATAG,-0.4674689377027156,-0.4982508675278251,Inverted repeat
ATATTA,-0.49546434988205357,-0.4773895081048233,6-mer
ATATTT,-0.10285738094304371,-0.13228958587077203,6-mer
ATATTC,0.6882917474305167,0.2910487820033905,6-mer
ATATTG,0.5632483016607446,0.43456329297869567,6-mer
ATATCA,-0.22801581665537732,0.22009741979319916,6-mer
ATATCT,-0.029011086659068392,0.22328693105254188,6-mer
ATATCC,0.687238030504712,0.638691845070024,6-mer
ATATCG,0.40031599357207825,0.5804206191708347,6-mer
ATATGA,-0.5735315794615999,-0.4367529804345523,6-mer
ATATGT,-0.6836964543065157,-1.218300171451917,6-mer
ATATGC,-0.1726090860135238,-0.6708079706800285,6-mer
ATATGG,-0.017307603095117533,0.05950721023691133,6-mer
ATACAA,-0.33218056687455966,-0.32169816500546844,6-mer
ATACAT,-0.2684137424925679,-0.4203151980238833,Inverted repeat
ATACAC,0.15820004185677958,-0.03724704326876796,6-mer
ATACAG,0.10571954517428699,0.0007108623158796607,6-mer
ATACTA,-0.7015733394921427,-0.6991335206404674,6-mer
ATACTT,-0.46938986380709585,-0.19953146352763562,6-mer
ATACTC,0.19264507794239571,0.4896985041907288,6-mer
ATACTG,0.15346109765291102,0.39354903035474914,6-mer
ATACCA,-0.06826044284773689,0.5730279525276782,6-mer
ATACCT,0.31051548646830013,0.4637279617566517,6-mer
ATACCC,0.5658418431402683,0.8754713375055179,6-mer
ATACCG,0.7730785384408586,1.1607064714129338,6-mer
ATACGA,-0.31483979371675125,-0.3777460647104864,6-mer
ATACGT,-0.33460587431424177,-0.36188779276007904,6-mer
ATACGC,0.3865397835427294,0.4322592398074305,6-mer
ATACGG,0.31321087778625323,0.13066895176617385,6-mer
ATAGAA,0.15944758278050064,-0.09921899791096905,6-mer
ATAGAT,-0.26907332231513426,-0.2695891424199777,Inverted repeat
ATAGAC,0.2117815065387744,-0.08494208352008296,6-mer
ATAGAG,0.5269215652574033,0.26078414990339505,6-mer
ATAGTA,-0.543065453038186,-0.4319875682087814,6-mer
ATAGTT,-0.40457760590628367,-0.25709982304797163,6-mer
ATAGTC,0.14796758020989315,-0.3197891841310275,6-mer
ATAGTG,0.4836653343742953,0.19414779844953456,6-mer
ATAGCA,-0.6465816189848221,-0.9042759403991045,6-mer
ATAGCT,-0.2947897973562266,-0.2972358899714571,6-mer
ATAGCC,0.3688623024888643,0.2944473584652552,6-mer
ATAGCG,0.28134056095864357,0.2555356579669099,6-mer
ATAGGA,-0.04444776011772736,-0.7445832448172816,6-mer
ATAGGT,-0.028678368672911406,0.07178207410073249,6-mer
ATAGGC,0.4252828070626453,0.09907364150824992,6-mer
ATAGGG,0.21399439813582932,-0.23340923672451538,6-mer
ATTAAA,-0.13030705227074038,-0.2298170503491934,Inverted repeat
ATTAAT,0.20581426729627317,-0.09740227952911783,Palindromes
ATTAAC,0.17255047084913566,0.04435275828160562,Inverted repeat
ATTAAG,-0.1534935705368411,-0.3507165183119873,Inverted repeat
ATTATA,-1.397023445407492,-1.3986563576953879,6-mer
ATTATT,-0.02800043432564782,-0.11358335170852939,6-mer
ATTATC,-0.05810295456356819,0.15840960628926096,6-mer
ATTATG,-0.3565857446875727,-0.4589171971517653,6-mer
ATTACA,-0.32473634168865423,-0.553464347886464,6-mer
ATTACT,0.09002122260391125,0.15862235237681133,6-mer
ATTACC,0.29625134682833243,0.5990573306069428,6-mer
ATTACG,0.16349873228287945,-0.08959206406924175,6-mer
ATTAGA,-0.07849230831929938,-0.5083879756135529,6-mer
ATTAGT,-0.6498583029479873,-0.8305938602935047,6-mer
ATTAGC,0.023903186526486663,-0.41102443677222056,6-mer
ATTAGG,0.3664214346911613,-0.2683975906008867,6-mer
ATTTAA,-0.5359581388331744,-0.5614297615251664,6-mer
ATTTAT,-0.15036852784494073,0.05081134275570973,Inverted repeat
ATTTAC,-0.1578893801036484,0.0008799604059871821,6-mer
ATTTAG,-0.08959743649479529,-0.16092848670966295,6-mer
ATTTTA,-0.2908505959956758,-0.35163974965098077,6-mer
ATTTTT,-0.06898440358608962,-0.048226439941286836,6-mer
ATTTTC,0.42514349860299294,0.12414262638718146,6-mer
ATTTTG,0.26976783321092623,0.14369228115867524,6-mer
ATTTCA,0.04624103085832558,0.10242781292419804,6-mer
ATTTCT,0.2316778851172964,0.0009685767674239835,6-mer
ATTTCC,0.10185088966523108,-0.34943605171382264,6-mer
ATTTCG,-0.20413203502484698,-0.40130247387342277,6-mer
ATTTGA,-0.32716474325350936,-0.18704632494660398,6-mer
ATTTGT,-0.357513122675436,-0.5920881918953028,6-mer
ATTTGC,-0.1012148782826646,-0.44947481946421797,6-mer
ATTTGG,-0.15361280474530667,-0.002899890505794772,6-mer
ATTCAA,-0.059065940864517406,-0.12808795734969267,6-mer
ATTCAT,-0.04667667834332517,-0.21824521877753988,Inverted repeat
ATTCAC,0.13785651984684869,0.07544761771442692,6-mer
ATTCAG,0.25309654286969496,0.12368482291848604,6-mer
ATTCTA,-0.5050260046195851,-1.0709477544673225,6-mer
ATTCTT,-0.17353812619327144,-0.6134091882481969,6-mer
ATTCTC,0.05816079849125453,-0.2874987587376436,6-mer
ATTCTG,0.08242920351435773,-0.3354973166058989,6-mer
ATTCCA,0.08393881849989558,-0.29203617037875107,6-mer
ATTCCT,0.35285995443925333,-0.4854268271702417,6-mer
ATTCCC,0.27247410172009917,-0.6218593077819806,6-mer
ATTCCG,-0.0612612048050985,-0.7396582244362357,6-mer
ATTCGA,-0.29823503390981493,-0.6045579807963929,6-mer
ATTCGT,0.05768053063641846,-0.37290891702435397,6-mer
ATTCGC,0.1659888811233786,-0.22176297322834376,6-mer
ATTCGG,0.0362449501083682,-0.4463754658118507,6-mer
ATTGAA,0.12241695933161527,0.14499606125875408,6-mer
ATTGAT,0.11126668151250424,0.6695478328060991,Inverted repeat
ATTGAC,0.19546572524815822,0.06826263845030121,6-mer
ATTGAG,0.75817008615277,0.9673627922076484,6-mer
ATTGTA,-1.1532570657455428,-1.3664171029766528,6-mer
ATTGTT,-0.4017084732916665,-0.5803752312255044,6-mer
ATTGTC,0.08592524203226128,-0.6155508205545792,6-mer
ATTGTG,-0.0018513894627875758,-0.3056908388288622,6-mer
ATTGCA,-0.5237157415903474,-1.0582615919668201,6-mer
ATTGCT,0.01489155313480096,-0.13432694622975708,6-mer
ATTGCC,0.46099803062493816,0.14872931267978848,6-mer
ATTGCG,-0.00037370678641518044,-0.27667949520594676,6-mer
ATTGGA,-0.10160027733221003,-0.27662347058174885,6-mer
ATTGGT,0.09669354603263251,0.6363229226397126,6-mer
ATTGGC,0.3107291051558812,0.5072093369823298,6-mer
ATTGGG,0.26172346068144703,0.22644778603313404,6-mer
ATCAAA,-0.06582643256753205,0.5865487516131077,6-mer
ATCAAT,0.18038165827656738,0.6451267271011295,Inverted repeat
ATCAAC,-0.06943586782611251,0.5306330237258573,6-mer
ATCAAG,-0.06953566216182216,0.4716140707238734,6-mer
ATCATA,-1.0027109842757451,-0.5128878240366046,6-mer
ATCATT,-0.18127592577884036,0.0965251008675973,6-mer
ATCATC,0.08638550038975178,0.9421955484771377,6-mer
ATCATG,-0.24332089825951583,-0.039973915469020294,6-mer
ATCACA,-0.06946812548420359,0.3485258071003475,6-mer
ATCACT,0.25176207711805537,0.9705614925248052,6-mer
ATCACC,0.3186499861357102,1.314586119546194,6-mer
ATCACG,-0.024289062053384613,0.4940581447316095,6-mer
ATCAGA,-0.6419524793059856,-0.140755454054908,6-mer
ATCAGT,-0.1673692965385557,0.4412425696262377,6-mer
ATCAGC,-0.03984026453179112,0.7195345117076668,6-mer
ATCAGG,-0.18576927950709093,0.10535300014622852,6-mer
ATCTAA,-0.24392558288608923,-0.22327669659605923,6-mer
ATCTAT,-0.2883732796419702,-0.18210249281706703,Inverted repeat
ATCTAC,-0.2860085206324196,-0.06293125572645675,6-mer
ATCTAG,-0.654715579411111,-0.7208153434661978,6-mer
ATCTTA,-0.6624207768597439,-0.4409659642693699,6-mer
ATCTTT,-0.39050442217461084,-0.08112884392966323,6-mer
ATCTTC,0.06494635917582683,0.2672705100879291,6-mer
ATCTTG,0.05920536479183935,0.4298534964082845,6-mer
ATCTCA,-0.3262978997115394,0.13399514429428747,6-mer
ATCTCT,0.3669097828596018,0.5405683813627028,6-mer
ATCTCC,-0.17844907374885083,-0.13047283224841144,6-mer
ATCTCG,-0.18674704276978402,0.0006088605453901889,6-mer
ATCTGA,-0.7416407442153492,-0.175599919160177,6-mer
ATCTGT,-0.141900072771219,-0.28394709185308403,6-mer
ATCTGC,0.14290368682005755,0.13928185234367077,6-mer
ATCTGG,-0.11585984440557333,0.39415876960292784,6-mer
ATCCAA,0.1033036386323081,0.40094624522968403,6-mer
ATCCAT,0.009345241093954933,0.274261661257048,Inverted repeat
ATCCAC,0.25098484299572915,0.65154561060245,6-mer
ATCCAG,0.12274491529519498,0.47014529476856437,6-mer
ATCCTA,0.004147664689736795,-0.44360665147561484,6-mer
ATCCTT,-0.6293566200796094,-0.6298673245461983,6-mer
ATCCTC,0.204888673697143,0.11904580756721532,6-mer
ATCCTG,0.11247472925841233,-0.1891453198142302,6-mer
ATCCCA,0.2678514221315694,0.25233782270228916,6-mer
ATCCCT,0.325890767689174,0.039430144828537676,6-mer
ATCCCC,0.6282877815504342,0.536562176602816,6-mer
ATCCCG,0.4805368488303421,0.15274886499998125,6-mer
ATCCGA,-0.12900606108225307,-0.09551189460678607,6-mer
ATCCGT,0.08088310205822216,-0.038878355146180564,6-mer
ATCCGC,0.6261851634476692,0.654503433974233,6-mer
ATCCGG,0.059649488446156335,0.022766339709081835,6-mer
ATCGAA,-0.0781611657327473,0.09086279863114584,Inverted repeat
ATCGAT,-0.21739932430137154,0.5047699977993994,Palindromes
ATCGAC,0.5836707627772407,0.628576287177509,Inverted repeat
ATCGAG,0.4826221485964567,0.8855800893631065,Inverted repeat
ATCGTA,-0.22228394394695447,0.26329320842501414,6-mer
ATCGTT,-0.2605188079150108,0.03213638826532812,6-mer
ATCGTC,0.2698177675291847,0.21116791712922114,6-mer
ATCGTG,-0.3945857178198145,-0.12764564432326123,6-mer
ATCGCA,-0.10643464701342842,0.13573130005166348,6-mer
ATCGCT,0.23984860975611905,0.7690696122817962,6-mer
ATCGCC,0.5235364609646462,1.013920639093089,6-mer
ATCGCG,0.14780408285265462,0.6469234241225409,6-mer
ATCGGA,-0.08973016065601222,-0.2329646420027496,6-mer
ATCGGT,0.33523947361595663,1.1104239896936507,6-mer
ATCGGC,0.4475291896511665,0.8883717926747775,6-mer
ATCGGG,0.0920020008655071,0.13691876590599486,6-mer
ATGAAA,0.10513582116843842,0.1827934855584992,6-mer
ATGAAT,-0.11074043388533963,-0.25806513424160316,Inverted repeat
ATGAAC,0.022623580869320325,-0.004236992886470829,6-mer
ATGAAG,0.2726845758675131,0.2331486685399502,6-mer
ATGATA,-0.7513625311758072,-0.450488060251064,6-mer
ATGATT,-0.4325077888529821,-0.12918996686006265,6-mer
ATGATC,-0.31829791044091127,0.37105980221824175,6-mer
ATGATG,0.2269467788135722,0.5051880617654778,6-mer
ATGACA,0.14963774210450967,-0.4770677595660035,6-mer
ATGACT,0.013755172429034705,-0.16461399608273738,6-mer
ATGACC,0.2300228978314015,0.2834228280157503,6-mer
ATGACG,0.22301053057684328,-0.15971118858031302,6-mer
ATGAGA,-0.5317908733860504,-0.47408928323596083,6-mer
ATGAGT,0.07386278164034914,0.29090119926673774,6-mer
ATGAGC,0.09913319201925129,0.36392218355198946,6-mer
ATGAGG,-0.5735794580779432,-0.6642608189667544,6-mer
ATGTAA,-0.6108970191402625,-0.8418183316258256,6-mer
ATGTAT,-0.33173780498241384,-0.48869454100415266,Inverted repeat
ATGTAC,-0.0031722536061352963,-0.18569231730062893,6-mer
ATGTAG,-0.10678251586752995,-0.7098253137766896,6-mer
ATGTTA,-0.30461987380323197,-0.5938818184096781,6-mer
ATGTTT,-0.21463475099301288,-0.5402582449293266,6-mer
ATGTTC,0.136309840608547,-0.521324900593719,6-mer
ATGTTG,0.030532026739771248,-0.17137115977263706,6-mer
ATGTCA,0.10754533934513158,-0.5369772899949652,6-mer
ATGTCT,0.13730658223834802,-0.7281357431634521,6-mer
ATGTCC,0.10987761777237331,-1.1910482930080664,6-mer
ATGTCG,0.7058523561527802,-0.02489571068155852,6-mer
ATGTGA,-0.3465667494502219,-0.4363074144704319,6-mer
ATGTGT,0.026149929434040646,-0.5390954919638273,6-mer
ATGTGC,0.10081697409843608,-0.6178285884574397,6-mer
ATGTGG,0.2279970767335923,-0.009793092493740514,6-mer
ATGCAA,-0.4684929900913954,-0.9977246184329491,Inverted repeat
ATGCAT,-0.500789527542501,-1.2338979535395271,Palindromes
ATGCAC,-0.22284832117935982,-0.8379432418910272,Inverted repeat
ATGCAG,0.2610915008572659,-0.29018601209376066,Inverted repeat
ATGCTA,-0.8203846753470903,-1.2420924250271348,6-mer
ATGCTT,-0.30455776801814427,-0.48281561371370385,6-mer
ATGCTC,0.12326474534161126,0.03829736981908412,6-mer
ATGCTG,0.3631885097896437,0.20259688315261043,6-mer
ATGCCA,0.20379868541115323,0.005758059482029778,6-mer
ATGCCT,0.379875444096642,-0.23089077023007248,6-mer
ATGCCC,0.32561314169521827,-0.3318435637524451,6-mer
ATGCCG,0.4797658140309436,0.2170269846120705,6-mer
ATGCGA,-0.3688920174126154,-0.762838119333212,6-mer
ATGCGT,0.17925670277848688,0.009959472773874142,6-mer
ATGCGC,-0.01866284863311862,-0.34762457786982653,6-mer
ATGCGG,0.11563969222622157,-0.1974192659960967,6-mer
ATGGAA,0.08446563367240485,-0.18619387260505527,6-mer
ATGGAT,0.10947847679849271,0.335449234540981,Inverted repeat
ATGGAC,-0.1157265813546832,-0.5640787337813674,6-mer
ATGGAG,-0.07718488940025088,-0.1573249646626789,6-mer
ATGGTA,-0.5419901851772143,0.15826208391673235,6-mer
ATGGTT,-0.09373761909371739,0.4914128879105241,6-mer
ATGGTC,0.06327745128671243,0.2789094118433,6-mer
ATGGTG,0.3084216125099229,0.8498451389463945,6-mer
ATGGCA,0.17767162633671468,0.12584318753824203,6-mer
ATGGCT,0.1355216187909506,0.420612369746769,6-mer
ATGGCC,-0.2623511498224963,-0.020663954111424528,6-mer
ATGGCG,0.34592357595634066,0.6711152573818303,6-mer
ATGGGA,-0.05997838514716396,-0.08637905877226068,6-mer
ATGGGT,-0.04480483434124733,0.14147242595288043,6-mer
ATGGGC,0.21178432177046708,0.002299116089588103,6-mer
ATGGGG,0.24318959443692223,0.07133878172026219,6-mer
ACAAAA,-0.05703094503637884,-0.07493325303634588,6-mer
ACAAAT,-0.23018072471071568,-0.5644072815390029,6-mer
ACAAAC,0.24784304899340534,0.48945306563584845,6-mer
ACAAAG,-0.14294956532423528,-0.12023723723220779,6-mer
ACAATA,0.21821674536525468,-0.07616057745054194,6-mer
ACAATT,-0.5926942628724822,-1.03095918306286,6-mer
ACAATC,-0.13930830276983625,-0.182482341301337,6-mer
ACAATG,-0.27097610151052265,-0.5898088459575354,6-mer
ACAACA,0.23403886231106116,-0.19040130794348134,6-mer
ACAACT,-0.07868334969247835,-0.20516339208210893,6-mer
ACAACC,-0.36558287460903277,-0.14598852163658405,6-mer
ACAACG,0.07051560869509246,-0.13248544898331016,6-mer
ACAAGA,0.0886473574081782,-0.12773977133255712,6-mer
ACAAGT,-0.5010174396122202,-0.6126188436240215,Inverted repeat
ACAAGC,-0.07818940775447533,-0.10216505800002627,6-mer
ACAAGG,0.5888779171140214,0.09454191626001235,6-mer
ACATAA,-0.08335706132289697,-0.26842766460401235,6-mer
ACATAT,-0.4996551880966497,-0.9425316281981738,6-mer
ACATAC,0.08872891859433152,-0.1829408146205469,6-mer
ACATAG,0.09911852882026809,-0.5253777002575382,6-mer
ACATTA,0.07532557315566703,-0.43364722375678105,6-mer
ACATTT,-0.34417116855919916,-0.8006038800665242,6-mer
ACATTC,0.20527075875876924,-0.5979514827187253,6-mer
ACATTG,0.141083873556002,-0.4810878914459043,6-mer
ACATCA,0.27992056836578677,0.40374356761461466,6-mer
ACATCT,-0.18092877475296154,-0.44229890564597596,6-mer
ACATCC,0.23535416003661003,-0.25211572962748485,6-mer
ACATCG,0.4735549476102672,0.3189172519701159,6-mer
ACATGA,-0.31413296556075093,-0.5705833613479849,Inverted repeat
ACATGT,-0.5495136647168665,-1.4380393246404595,Palindromes
ACATGC,-0.372712864839249,-1.2345388586492014,Inverted repeat
ACATGG,0.06240565695025455,-0.3019387669653357,Inverted repeat
ACACAA,-0.09986098036271895,-0.517553292664736,6-mer
ACACAT,0.11774276619580086,-0.6136551766168671,6-mer
ACACAC,-0.04907752346392288,-0.42223300068304787,6-mer
ACACAG,-0.10212919364804966,-0.5642822478814812,6-mer
ACACTA,-0.007261349325933695,-0.23158708327127825,6-mer
ACACTT,-0.10426159959043259,-0.1584609829711843,6-mer
ACACTC,0.17572356855650573,0.040246040196516446,6-mer
ACACTG,0.10762982213019302,0.04468191968009589,6-mer
ACACCA,0.4239324933239775,0.7758766905844362,6-mer
ACACCT,0.17038747781777117,0.12427143631126032,6-mer
ACACCC,0.06152726916164572,0.031472648298828454,6-mer
ACACCG,0.303317125508318,0.40607020503360197,6-mer
ACACGA,-0.3614381098947885,-0.7365675544227821,6-mer
ACACGT,-0.4685768970538596,-1.0018173779949653,Inverted repeat
ACACGC,-0.21608899223336142,-0.5250336434649432,6-mer
ACACGG,-0.09186639055543536,-0.5058909297299574,6-mer
ACAGAA,0.10491285100536432,-0.4704555200478263,6-mer
ACAGAT,0.003282583989301569,-0.06618781042346453,6-mer
ACAGAC,0.033496911988086804,-0.6974026325613513,6-mer
ACAGAG,0.11702695520207529,-0.18185749743362922,6-mer
ACAGTA,0.03685917741065278,0.20268474991896185,6-mer
ACAGTT,-0.21472405563805275,-0.436487859150218,6-mer
ACAGTC,-0.24458675643916042,-0.53009587650397,6-mer
ACAGTG,0.16055495630985545,0.011731366017113823,6-mer
ACAGCA,0.3606587902337293,0.028445497921230637,6-mer
ACAGCT,-0.14407258637391748,-0.18739996799694253,6-mer
ACAGCC,-0.4398842279339293,-0.43933681594977325,6-mer
ACAGCG,0.11996643539595711,0.17350552633856203,6-mer
ACAGGA,0.22431729826094002,-0.5387036957326637,6-mer
ACAGGT,0.13004520506213385,-0.03479767121040644,Inverted repeat
ACAGGC,0.24557720875724748,-0.04330075436418229,6-mer
ACAGGG,0.3769095186572283,-0.4733413530126742,6-mer
ACTAAA,0.03816362741099294,0.06095111331714675,6-mer
ACTAAT,-0.77295221792546,-0.8730878875177803,6-mer
ACTAAC,-0.03775492199541807,0.044270266927515844,6-mer
ACTAAG,0.04873747197857818,-0.0750133544168454,6-mer
ACTATA,-0.850831278863264,-0.803121037754384,6-mer
ACTATT,-0.3012624589446729,-0.44396218481808564,6-mer
ACTATC,0.14126279916063766,0.37788450086137776,6-mer
ACTATG,0.07549019958426349,-0.04886358076640501,6-mer
ACTACA,-0.10763299416779697,-0.3227077193542619,6-mer
ACTACT,0.010140030316370958,0.14896263912499877,6-mer
ACTACC,0.04672452616564483,0.4336983258616255,6-mer
ACTACG,0.12490647391964778,0.15405967973898763,6-mer
ACTAGA,-0.790182271434175,-1.2208061704444966,Inverted repeat
ACTAGT,-1.585713708778165,-1.6239708811065654,Palindromes
ACTAGC,-0.9577485382297302,-1.1578521691417374,Inverted repeat
ACTAGG,-0.36661080927634404,-0.6567647119307367,Inverted repeat
ACTTAA,-0.14203982884224498,-0.03013442804396603,6-mer
ACTTAT,-0.15311538147913775,-0.032367594518422506,6-mer
ACTTAC,-0.07496205768122183,0.06444870772684215,6-mer
ACTTAG,0.09641633170673541,-0.0007434656391736311,6-mer
ACTTTA,-0.02384674195436751,0.17140653392580307,6-mer
ACTTTT,-0.18164201807767494,-0.08287781464783996,6-mer
ACTTTC,-0.09296011117037355,0.07947802120966092,6-mer
ACTTTG,0.05790277842380433,0.20349890295380954,6-mer
ACTTCA,0.11371130902397654,0.26104585274034,6-mer
ACTTCT,0.10877029655601352,-0.11375492097732615,6-mer
ACTTCC,-0.0023477548564226802,-0.3296020227727833,6-mer
ACTTCG,-0.22032995487955542,-0.25128340014143624,6-mer
ACTTGA,-0.3900337159576009,0.003339573345131869,6-mer
ACTTGT,-0.4480456301964304,-0.5417648113200536,Inverted repeat
ACTTGC,-0.11782779959546813,-0.130813527802341,6-mer
ACTTGG,-0.052727458654913247,0.4582906972327277,6-mer
ACTCAA,0.37217768953167935,0.8624964762500651,6-mer
ACTCAT,0.07682557147027286,0.2145623069140236,6-mer
ACTCAC,0.10368731682138183,0.5500874594426968,6-mer
ACTCAG,0.1558530465727598,0.5549839034591522,6-mer
ACTCTA,0.2519445313189566,0.12421993693151176,6-mer
ACTCTT,0.33929854602640336,0.34592468465101367,6-mer
ACTCTC,0.07511437370236168,0.21759143507262685,6-mer
ACTCTG,0.11429792555930143,0.10135534380378573,6-mer
ACTCCA,-0.2124703796266835,-0.20163386116965054,6-mer
ACTCCT,-0.16083602758055845,-0.4536821858721756,6-mer
ACTCCC,-0.17145085567327245,-0.7281953845384741,6-mer
ACTCCG,-0.4726275200985762,-0.5539180347214535,6-mer
ACTCGA,0.1870268877800814,0.3274662784287923,6-mer
ACTCGT,-0.11584102905744298,-0.05348111604402662,Inverted repeat
ACTCGC,0.11441179012028536,0.3436650742176231,6-mer
ACTCGG,0.5194674398057614,0.62148837674627,6-mer
ACTGAA,-0.1408454178569365,0.08848494192425535,6-mer
ACTGAT,-0.21001201784507478,0.5064136881409708,6-mer
ACTGAC,0.4114934796833487,0.582268391551893,6-mer
ACTGAG,0.25348322703108517,0.48752184827524064,6-mer
ACTGTA,-0.23396384391337602,-0.2397270323417247,6-mer
ACTGTT,0.006697477928139994,-0.12365497453852771,6-mer
ACTGTC,0.6466632003933288,0.533783776795593,6-mer
ACTGTG,-0.12903987664992278,-0.4102433504160755,6-mer
ACTGCA,-0.08950821326331934,-0.33534861064968385,6-mer
ACTGCT,0.3247769685264637,0.4061937207295167,6-mer
ACTGCC,0.12563456493566882,0.08246216019197294,6-mer
ACTGCG,0.23486498442902062,0.17684394799445302,6-mer
ACTGGA,0.3485542426224132,0.49410907027004275,6-mer
ACTGGT,-0.1668344448461359,0.592216796538206,Inverted repeat
ACTGGC,0.275349728267033,0.8060807543411936,6-mer
ACTGGG,0.21035986584155095,0.22498253880215552,6-mer
ACCAAA,0.12566863489609023,0.8720695876186899,6-mer
ACCAAT,0.04373342704984499,0.6205100794002533,6-mer
ACCAAC,0.012225529143563237,0.6879521316902625,6-mer
ACCAAG,0.26959897677552036,0.9116965452812479,6-mer
ACCATA,-0.14141775666998138,0.33608615788402185,6-mer
ACCATT,0.08286633305941213,0.2599933942197735,6-mer
ACCATC,-0.12629034300204023,0.7259459603785955,6-mer
ACCATG,-0.16778609068597736,0.05714836358669372,6-mer
ACCACA,0.16852694425721884,0.587616954167134,6-mer
ACCACT,0.10714885766078959,0.9229445733349706,6-mer
ACCACC,0.11492315159699983,1.2647212374808863,6-mer
ACCACG,-0.10825617024602446,0.5186601303530012,6-mer
ACCAGA,-0.1124887905450622,0.3807964843759907,6-mer
ACCAGT,-0.16554656093173817,0.4538333540946762,Inverted repeat
ACCAGC,-0.5176956306425827,0.4181772068094113,6-mer
ACCAGG,-3.0376525414793982,-2.748767895783571,6-mer
ACCTAA,0.18995096877313278,0.0908915791416628,6-mer
ACCTAT,0.1736541655861417,0.3418932213252871,6-mer
ACCTAC,0.08060331626802399,0.15200309344504997,6-mer
ACCTAG,0.2266031358640525,-0.14791178963006815,6-mer
ACCTTA,0.44745897697122144,0.5510620941028656,6-mer
ACCTTT,-0.18673103852059636,0.056615948843922105,6-mer
ACCTTC,0.24839154200279878,0.1617882605266433,6-mer
ACCTTG,0.6540232159317234,0.8660048557057127,6-mer
ACCTCA,-0.14962453637123424,0.2698033009337281,6-mer
ACCTCT,-0.014355292977069778,0.13138692323502926,6-mer
ACCTCC,-0.7435276399989207,-0.862409564292396,6-mer
ACCTCG,-0.24879503905053726,-0.05937166266166158,6-mer
ACCTGA,0.04270445095423809,0.28365807795964504,6-mer
ACCTGT,0.019208108603397347,-0.23216290377760848,Inverted repeat
ACCTGC,0.13091742863091776,0.020456662171264246,6-mer
ACCTGG,-2.890882719408127,-2.2448870591235344,6-mer
ACCCAA,0.15130630761122574,0.5549475207358737,6-mer
ACCCAT,0.10700826900755757,0.14033620467635402,6-mer
ACCCAC,0.14059833017280057,0.4984535074664813,6-mer
ACCCAG,-0.0021097177157935972,0.26707203671028434,6-mer
ACCCTA,0.7499981583185561,0.44260957730982536,6-mer
ACCCTT,-0.2867134023033043,-0.3450167687476121,6-mer
ACCCTC,-0.4003102135322909,-0.4547399233125753,6-mer
ACCCTG,-0.03363519539228686,-0.14295795384204285,6-mer
ACCCCA,-0.05284661367691994,0.44820436321404306,6-mer
ACCCCT,0.061400544664143276,-0.26884002751499947,6-mer
ACCCCC,-0.6911141719176028,-0.8726206935237726,6-mer
ACCCCG,-0.2087766376221483,-0.3103401206121505,6-mer
ACCCGA,0.18936581011606163,0.2790131210683974,6-mer
ACCCGT,0.19204781234045232,0.030038826381383534,Inverted repeat
ACCCGC,0.14453184401391458,0.27404739855621163,6-mer
ACCCGG,-0.7840597545720321,-0.8900549838934995,6-mer
ACCGAA,0.16383416704528703,0.47929204099814005,6-mer
ACCGAT,0.2091712334731131,0.9566888287266697,6-mer
ACCGAC,0.43292522059488303,0.5793563568885535,6-mer
ACCGAG,0.3245332459335054,0.6808995317454469,6-mer
ACCGTA,0.4344028241457752,0.8334735750195525,6-mer
ACCGTT,0.20771918088176053,0.3636354233809549,6-mer
ACCGTC,0.3797632837082422,0.22025139441732197,6-mer
ACCGTG,-0.04439411935845331,0.3118322171518553,6-mer
ACCGCA,0.24802998121882583,0.5196199725222844,6-mer
ACCGCT,0.09107682575473287,0.7162326048577277,6-mer
ACCGCC,0.2717811571962933,0.7383095113950969,6-mer
ACCGCG,-0.03011899808533854,0.4906975535839655,6-mer
ACCGGA,0.309988481575837,0.09874320166013488,Inverted repeat
ACCGGT,-0.6455692654253082,0.14066040693711757,Palindromes
ACCGGC,-0.8455073545292523,-0.2746005209276344,Inverted repeat
ACCGGG,-0.5303886014802992,-0.5829362433081723,Inverted repeat
ACGAAA,-0.16050797837859432,-0.3168324003886427,6-mer
ACGAAT,-0.012233707814067416,-0.42013922992301406,6-mer
ACGAAC,-0.4473874661510679,-0.5709147262355234,6-mer
ACGAAG,-0.5240197364958495,-0.7088894971024252,6-mer
ACGATA,0.18656275035017003,0.3415782902642854,6-mer
ACGATT,-0.15313639675618704,-0.13882770469731665,6-mer
ACGATC,-0.3423398712231464,0.21041977967037181,6-mer
ACGATG,-0.029002621753367326,0.12425810296214575,6-mer
ACGACA,0.35423880479275377,-0.29824567064837837,6-mer
ACGACT,0.09214101337979211,-0.07895134139482204,6-mer
ACGACC,0.15148273454278507,0.04633871466686968,6-mer
ACGACG,0.2869441031271631,-0.3492024376778758,6-mer
ACGAGA,-0.3666570369079512,-0.44669443268152725,6-mer
ACGAGT,-0.066158874088133,-0.1297219782346491,Inverted repeat
ACGAGC,-0.44812312809811816,-0.42234814454686165,6-mer
ACGAGG,-0.2829339632714985,-0.5639008851933264,6-mer
ACGTAA,0.1445856218825668,0.031570079000869604,6-mer
ACGTAT,-0.3365430755693707,-0.5947935100808499,6-mer
ACGTAC,-0.1612044910770646,-0.0958600154075161,6-mer
ACGTAG,0.0022098983757667134,-0.3161457422933562,6-mer
ACGTTA,0.27848468069734184,0.1113037783811885,6-mer
ACGTTT,0.04163728984271348,-0.17536968081687884,6-mer
ACGTTC,-0.19910577341837582,-0.5014907889469217,6-mer
ACGTTG,0.02774499048290411,-0.20228938335020769,6-mer
ACGTCA,0.09673051023102945,-0.18019333689613956,6-mer
ACGTCT,-0.040332094035218084,-0.8458290698722399,6-mer
ACGTCC,0.06629167870918264,-0.9605616888729648,6-mer
ACGTCG,-0.07543631641030854,-0.5650236536678251,6-mer
ACGTGA,-0.25626435567734457,-0.30876549423205335,6-mer
ACGTGT,-0.30523096948800144,-0.8218302445734839,Inverted repeat
ACGTGC,-0.683493538854686,-1.1312015697129527,6-mer
ACGTGG,-0.3155436472182542,-0.320949664845866,6-mer
ACGCAA,-0.22239242133644793,-0.4364366933127229,6-mer
ACGCAT,0.10058758394450086,-0.2843065661564995,6-mer
ACGCAC,-0.05583685619880472,-0.22709991946274452,6-mer
ACGCAG,0.3517726058208274,0.04554596066776952,6-mer
ACGCTA,-0.1398604839880879,-0.2309352512133482,6-mer
ACGCTT,0.09553928584061905,0.2472514085928663,6-mer
ACGCTC,0.18460440971504657,0.30362024053325265,6-mer
ACGCTG,0.20495197339400906,0.36558196991681347,6-mer
ACGCCA,0.4554210472729102,0.7574803051744096,6-mer
ACGCCT,0.5141365878541495,0.46742207945885766,6-mer
ACGCCC,0.25969979471202154,0.0361926516233809,6-mer
ACGCCG,0.1162007417658158,0.3440456677074053,6-mer
ACGCGA,-0.1696361446907438,-0.2102078474944268,Inverted repeat
ACGCGT,0.06213206312011302,0.296469703120012,Palindromes
ACGCGC,-0.24975506778377665,-0.01892218193380995,Inverted repeat
ACGCGG,-0.2640471788068624,-0.30787005389986755,Inverted repeat
ACGGAA,0.3917615314650728,-0.2943014664332301,6-mer
ACGGAT,0.4513929144966597,0.2209089301611174,6-mer
ACGGAC,-0.12697285625776542,-1.0313263341939056,6-mer
ACGGAG,-0.38943084314277765,-0.7818949370666504,6-mer
ACGGTA,0.442814542172651,0.8471794163249393,6-mer
ACGGTT,0.17873345905957164,0.4585275577235831,6-mer
ACGGTC,-0.21034151199360426,-0.3142401771640182,6-mer
ACGGTG,0.1378526051020164,0.44678308328779337,6-mer
ACGGCA,0.1582784188715373,-0.12773826620560277,6-mer
ACGGCT,0.10223300642520727,0.3097943392515069,6-mer
ACGGCC,-0.5185751033872545,-0.5741608027865421,6-mer
ACGGCG,0.3170002919377652,0.31552257661489586,6-mer
ACGGGA,-0.6308355490055231,-1.0922742697569372,6-mer
ACGGGT,0.1118049232939744,-0.1175200751065192,Inverted repeat
ACGGGC,0.20737290411150808,-0.2677812328123436,6-mer
ACGGGG,-0.2658061550838476,-0.9061409489089345,6-mer
AGAAAA,0.3639941735321987,0.22707644038571725,6-mer
AGAAAT,0.3353769368336946,-0.05920558939872223,6-mer
AGAAAC,0.11836393479399983,0.1333140199610802,6-mer
AGAAAG,0.22641136767518527,0.2314731439418588,6-mer
AGAATA,0.02239938495656416,-0.1480240868851001,6-mer
AGAATT,-0.18308312860128115,-0.7391092721845228,6-mer
AGAATC,-0.36970034765031196,-0.5222557585563878,6-mer
AGAATG,0.0266193365656228,-0.6424923689318126,6-mer
AGAACA,0.12850232370946765,-0.3828066399445277,6-mer
AGAACT,-0.12706267664385398,-0.2964224452357289,Inverted repeat
AGAACC,-0.5881182330203677,-0.5092528408964946,6-mer
AGAACG,-0.5824836426527319,-0.9375536451843058,6-mer
AGAAGA,0.45573879414397084,0.2530776418521539,6-mer
AGAAGT,0.30018943585985947,0.057402311044921724,6-mer
AGAAGC,0.08488889758651282,0.021657491618953265,6-mer
AGAAGG,0.5887549859854607,0.2103754565612304,6-mer
AGATAA,0.4630745898808293,0.7850785342485535,6-mer
AGATAT,0.026472211361190864,0.20667463784645393,6-mer
AGATAC,-0.21671005684770459,0.05460633065047042,6-mer
AGATAG,0.2557742429303125,0.3015602971934007,6-mer
AGATTA,-0.4113592853383955,-0.22126266791858307,6-mer
AGATTT,-0.27844657227918485,-0.1371812418227846,6-mer
AGATTC,-0.4067148511562008,-0.5437208300296247,6-mer
AGATTG,-0.13975246425349702,0.014950341465971522,6-mer
AGATCA,-0.45755974417762063,0.3521427079343701,Inverted repeat
AGATCT,-0.24742834801408345,0.2373073811553048,Palindromes
AGATCC,-0.05156162510114491,0.24861833069325126,Inverted repeat
AGATCG,-0.09097225391128766,0.45008444637804446,Inverted repeat
AGATGA,-0.14160338611376988,0.18059964751725985,6-mer
AGATGT,-0.18793295059307494,-0.4315014030682451,6-mer
AGATGC,-0.18867293796269805,-0.4033173071562325,6-mer
AGATGG,-0.23442090782102168,0.17981226289482932,6-mer
AGACAA,0.011675896128766529,-0.428745925773866,6-mer
AGACAT,0.05051527125424677,-0.6402698724002531,6-mer
AGACAC,0.05761527067936106,-0.4945113984967851,6-mer
AGACAG,0.2603952669100365,-0.45862676782652656,6-mer
AGACTA,-0.5654261492354616,-0.7962533314609517,6-mer
AGACTT,-0.15799790862739746,-0.5082728317497393,6-mer
AGACTC,0.10828171601573199,-0.1537046489839819,6-mer
AGACTG,-0.7170205456271236,-0.8332917112412305,6-mer
AGACCA,-0.5050600130407696,-0.39925153178036266,6-mer
AGACCT,-0.43427814140895904,-0.7655347463629774,Inverted repeat
AGACCC,-0.7860508163971103,-1.291831670141229,6-mer
AGACCG,-0.8152699133761193,-1.0295442756140154,6-mer
AGACGA,-0.013646816105299497,-0.5870982450651473,6-mer
AGACGT,-0.16867071765390812,-0.8120137906085899,6-mer
AGACGC,-0.10528145031404736,-0.6456627724441203,6-mer
AGACGG,-0.0072680004640391345,-0.6077623700942939,6-mer
AGAGAA,0.45685767497347085,0.2220314317084192,6-mer
AGAGAT,0.38332863955150565,0.5509244931407767,6-mer
AGAGAC,0.011961611929638452,-0.267202842830495,6-mer
AGAGAG,0.44164533414574125,0.55038935217373,6-mer
AGAGTA,0.1544943650723796,0.31345547323233974,6-mer
AGAGTT,0.1510925884978899,0.24898870881389598,6-mer
AGAGTC,0.0707542580018509,-0.07475092127796361,6-mer
AGAGTG,0.10565346340239852,0.2668443421348774,6-mer
AGAGCA,0.42411822188425446,0.24246971446170426,6-mer
AGAGCT,0.15844109416923266,0.36187268113994076,Inverted repeat
AGAGCC,-0.06448872645171368,0.025284039603199887,6-mer
AGAGCG,0.08001985806477761,0.13551497065648083,6-mer
AGAGGA,0.1845709559014805,-0.31261643468435407,6-mer
AGAGGT,-0.07709954948095045,-0.04647442979950053,6-mer
AGAGGC,0.1969476416047437,-0.05645625607649704,6-mer
AGAGGG,0.9919577026994133,0.8363090237244465,6-mer
AGTAAA,0.18428852558676903,0.5471700560564365,6-mer
AGTAAT,0.15294449317887024,0.2598865632302205,6-mer
AGTAAC,-0.04042708987553068,0.18645714977417607,6-mer
AGTAAG,-0.04053624219943594,0.3391373849195852,6-mer
AGTATA,-1.1014728773261082,-0.8724499502794892,6-mer
AGTATT,0.2251403224782453,0.3531790288718022,6-mer
AGTATC,-0.019154127318663745,0.566829409961182,6-mer
AGTATG,-0.34743582409791635,-0.10813301072001799,6-mer
AGTACA,-0.024059795937017202,0.09244624876459494,Inverted repeat
AGTACT,-0.32516646895390694,0.10994501610650037,Palindromes
AGTACC,0.04713397559109488,0.6917145130713057,Inverted repeat
AGTACG,0.30478502221012244,0.5763184063119047,Inverted repeat
AGTAGA,0.1677407541804365,0.1917085670098743,6-mer
AGTAGT,-0.014250258938154282,0.09503428131597347,6-mer
AGTAGC,-0.0662196861424428,0.10839565047114275,6-mer
AGTAGG,0.19714881221664168,0.2858442887418798,6-mer
AGTTAA,-0.33758135919884763,-0.2766092632996007,6-mer
AGTTAT,-0.17263938613934834,0.09189426246143732,6-mer
AGTTAC,-0.20276023341233582,0.09650798085334633,6-mer
AGTTAG,0.062134141333999485,0.004291609632372353,6-mer
AGTTTA,-0.14363066725368398,0.28316234089678877,6-mer
AGTTTT,-0.039365711022540925,0.16383416704528703,6-mer
AGTTTC,-0.3193026254805389,-0.186564342200821,6-mer
AGTTTG,0.08977619532682517,0.3112065195094151,6-mer
AGTTCA,-0.0037567327186231,0.1449786443120813,6-mer
AGTTCT,-0.38175080519773164,-0.6154579190689109,Inverted repeat
AGTTCC,-0.3178516663969477,-0.6936170497372669,6-mer
AGTTCG,-0.3589504807902865,-0.42619960556614406,6-mer
AGTTGA,-0.3357647296204352,0.13631455779709975,6-mer
AGTTGT,-0.09401807422116097,-0.05137210172102573,6-mer
AGTTGC,-0.28104581381811233,-0.19619869565142106,6-mer
AGTTGG,0.060527189688087145,0.47500415044872113,6-mer
AGTCAA,-0.3051544869532381,-0.32069096886538745,6-mer
AGTCAT,0.21854451790138368,0.08523924486254635,6-mer
AGTCAC,0.2895408696206063,0.3212910027856471,6-mer
AGTCAG,0.4057968269124266,0.44998337838676794,6-mer
AGTCTA,-0.8040535589673531,-1.0265730955989085,6-mer
AGTCTT,-0.4604324477033722,-0.6835263352047458,6-mer
AGTCTC,-0.2886992892271409,-0.5196245183203922,6-mer
AGTCTG,-0.3549823758078812,-0.7190513600583264,6-mer
AGTCCA,-0.22768672100596082,-0.561968382043235,6-mer
AGTCCT,-0.03190364741964629,-0.856070207090632,Inverted repeat
AGTCCC,0.8181023568916118,0.5935463469418514,6-mer
AGTCCG,-0.6474526700542457,-1.0489096004809464,6-mer
AGTCGA,0.3095600984851767,0.10844672745831047,6-mer
AGTCGT,0.20503785576691824,0.013634125733416005,6-mer
AGTCGC,0.05591298821870888,-0.005082900293226114,6-mer
AGTCGG,0.2985955910567385,0.17055631863340884,6-mer
AGTGAA,0.1767406628688389,0.3703369624283982,6-mer
AGTGAT,0.2549778509627353,0.9636057627396005,6-mer
AGTGAC,0.594453949698454,0.4590903273749978,6-mer
AGTGAG,0.20010681549573545,0.6109728279609412,6-mer
AGTGTA,-0.2842935252055973,-0.20392688688292362,6-mer
AGTGTT,0.21399273368327834,0.07505264525535893,6-mer
AGTGTC,0.1755600575901353,-0.28357133683648855,6-mer
AGTGTG,-0.08535024013936136,-0.16565215495690117,6-mer
AGTGCA,-0.16427920027101783,-0.5108743372442129,6-mer
AGTGCT,-0.04374196309679424,0.020101206056509276,Inverted repeat
AGTGCC,0.07269201442355179,-0.13349325003252366,6-mer
AGTGCG,0.11543481078155626,-0.06385241122105978,6-mer
AGTGGA,0.08457516592475935,0.26586813576676616,6-mer
AGTGGT,0.34545392122178825,1.0960466874710344,6-mer
AGTGGC,0.2781451575083477,0.7359205415736868,6-mer
AGTGGG,0.11560148591054976,0.16129469629887233,6-mer
AGCAAA,0.06076708909265397,0.08977831299958856,6-mer
AGCAAT,0.09340191022982469,-0.16458305780621915,6-mer
AGCAAC,-0.05138227878175791,-0.09973094900341718,6-mer
AGCAAG,0.3607205778844212,0.3645115738863842,6-mer
AGCATA,0.02016831978180701,-0.0898522298790167,6-mer
AGCATT,-0.083888068520438,-0.5445864262864725,6-mer
AGCATC,-0.042770141036770085,-0.048818370267799664,6-mer
AGCATG,0.0882694511191123,-0.3905508728766444,6-mer
AGCACA,0.07206156178776225,-0.2039684649692764,6-mer
AGCACT,0.08451206722237789,0.20864080855825073,Inverted repeat
AGCACC,-0.1858071665925434,0.051547672147928845,6-mer
AGCACG,-0.0441660072477895,-0.2930135633266637,6-mer
AGCAGA,0.42751904635836147,0.28339621456156866,6-mer
AGCAGT,0.41635563097482303,0.3999541805296114,6-mer
AGCAGC,0.16195462562903346,0.29201057219014764,6-mer
AGCAGG,0.2910133484451395,-0.061249717406215966,6-mer
AGCTAA,-0.2351143203763572,-0.15895107060726554,6-mer
AGCTAT,-0.21384291886486786,-0.0920981931347675,6-mer
AGCTAC,-0.31892976674014367,-0.1444712085401153,6-mer
AGCTAG,-0.31619793915079,-0.4451773593508414,6-mer
AGCTTA,0.008376716829940355,0.3525554492055857,6-mer
AGCTTT,-0.21185213671082395,0.14106917362792848,6-mer
AGCTTC,-0.38712218322676156,-0.1391318478967093,6-mer
AGCTTG,-0.12871372173753884,0.34240648351306635,6-mer
AGCTCA,0.09953567355091435,0.5934330383124841,6-mer
AGCTCT,0.18342419112079297,0.3748769748363212,Inverted repeat
AGCTCC,-0.8522091578418647,-0.9504684141501227,6-mer
AGCTCG,-0.19402603000012125,0.08726683621765012,6-mer
AGCTGA,-0.48666785523893125,0.1369840872015525,6-mer
AGCTGT,-0.43227595705683025,-0.5071491202147644,6-mer
AGCTGC,-0.3911816340133303,-0.24069807585569322,6-mer
AGCTGG,-0.4852312737926615,0.07502015395327125,6-mer
AGCCAA,0.3972326883995295,0.8940033526118479,6-mer
AGCCAT,0.07390260887636386,0.4076579689132461,6-mer
AGCCAC,-0.07938668479626954,0.4603241865424511,6-mer
AGCCAG,0.009807038190011818,0.4002404973507631,6-mer
AGCCTA,0.13559533692343714,-0.11284146951566584,6-mer
AGCCTT,0.3408016350782544,0.16115479181458017,6-mer
AGCCTC,-0.2508430981044766,-0.1891622980568624,6-mer
AGCCTG,-0.4619276314413673,-0.4645682222725774,6-mer
AGCCCA,-0.11488944188078569,0.10295195513990599,6-mer
AGCCCT,0.10052687595396444,-0.18693402226783362,Inverted repeat
AGCCCC,0.09858182555524972,0.5887244195173552,6-mer
AGCCCG,-0.11657093765277277,-0.5338610679605127,6-mer
AGCCGA,0.1639780462353673,0.3328328712262353,6-mer
AGCCGT,0.1850938799134723,0.28676725530694597,6-mer
AGCCGC,0.13896787032475483,0.6018779711330273,6-mer
AGCCGG,-0.6125210083645909,-0.5881864015954426,6-mer
AGCGAA,-0.0842720411323042,0.027710828087456334,6-mer
AGCGAT,0.23178781078833244,0.826542470726055,6-mer
AGCGAC,0.06490296622324308,0.07287611136277489,6-mer
AGCGAG,-0.08028946318977319,0.12944289892450497,6-mer
AGCGTA,0.15063948744477274,0.36415633027665983,6-mer
AGCGTT,0.2618207671598964,0.31665590667273064,6-mer
AGCGTC,0.02914634565951641,-0.16105367423676475,6-mer
AGCGTG,0.044517345157937344,0.22245811932780196,6-mer
AGCGCA,0.08030603904794262,0.11411899669535135,Inverted repeat
AGCGCT,0.08178420198359015,0.4237023604059713,Palindromes
AGCGCC,0.015411976228666092,0.3219280948873623,Inverted repeat
AGCGCG,-0.386505398164331,-0.05030508184806552,Inverted repeat
AGCGGA,0.14201900487242786,0.007203792778839366,6-mer
AGCGGT,0.09921863255614587,0.6686808545997315,6-mer
AGCGGC,0.17204676994431056,0.4088170613783032,6-mer
AGCGGG,0.3606976650519375,0.2884653359943217,6-mer
AGGAAA,0.27006155048205144,-0.23718252798904924,6-mer
AGGAAT,0.29041712214214493,-0.5407949174455877,6-mer
AGGAAC,-0.23713027365837386,-0.981222792969372,6-mer
AGGAAG,0.22948184612276706,-0.2852872126809215,6-mer
AGGATA,0.02687358912997015,-0.08302360950827979,6-mer
AGGATT,0.1219243977791675,-0.5245266468591822,6-mer
AGGATC,-0.1523128413348476,-0.10381504665778292,6-mer
AGGATG,-0.12540819871791986,-0.46912501484114133,6-mer
AGGACA,-0.06699275177067607,-1.227906182430192,6-mer
AGGACT,-0.015343163503375962,-0.9007474020981618,Inverted repeat
AGGACC,-0.9701843455644386,-1.826400677748151,6-mer
AGGACG,-0.10262135340694087,-1.1502220460938757,6-mer
AGGAGA,0.022766339709081835,-0.3866486726920684,6-mer
AGGAGT,-0.2996633278245163,-0.543263209440768,6-mer
AGGAGC,-0.41121762812203966,-0.8674143603821907,6-mer
AGGAGG,-0.29110517142046216,-0.8330077323354967,6-mer
AGGTAA,0.5016841056893686,0.9016836472977684,6-mer
AGGTAT,0.28449861289208095,0.5792867079616811,6-mer
AGGTAC,-0.5799962478278067,-0.02974734339405206,6-mer
AGGTAG,0.17747527505219318,0.4227085126317726,6-mer
AGGTTA,-0.1654275253123738,-0.11488363788435026,6-mer
AGGTTT,0.29002444746771616,0.519639710226192,6-mer
AGGTTC,-0.5236100210581296,-0.4038498186463853,6-mer
AGGTTG,-0.37124488514856135,-0.14469185471946835,6-mer
AGGTCA,-0.020255145027266542,-0.018777207030628174,6-mer
AGGTCT,-0.4332793307813287,-0.6987946837087075,Inverted repeat
AGGTCC,-1.42809365210429,-1.9818526532897405,6-mer
AGGTCG,0.10219403995793423,-0.019899557437704843,6-mer
AGGTGA,0.37522791047962933,0.6385171060781119,6-mer
AGGTGT,0.23896243633375125,0.13810227662878824,6-mer
AGGTGC,-0.25425826834955656,-0.3496169031361241,6-mer
AGGTGG,-0.2740131135708635,0.09384943777056433,6-mer
AGGCAA,0.02581798415573146,-0.3079309438081168,6-mer
AGGCAT,0.21816753372893494,-0.3874927758856444,6-mer
AGGCAC,-0.0850218587442393,-0.35765301835606556,6-mer
AGGCAG,0.13594749802919742,-0.10783774154203624,6-mer
AGGCTA,0.22461746768067573,0.02220125532791075,6-mer
AGGCTT,0.29490710513785073,0.29869014007083583,6-mer
AGGCTC,-0.029177371025715736,0.03278262998126591,6-mer
AGGCTG,-0.2124818178034896,-0.2984611722134446,6-mer
AGGCCA,-0.16856589155292348,-0.09766129436145542,Inverted repeat
AGGCCT,-0.6327852178490303,-0.9519946270891678,Palindromes
AGGCCC,-1.040641984497346,-1.3732531611518382,Inverted repeat
AGGCCG,-0.5350204125121161,-0.6656937728340132,Inverted repeat
AGGCGA,0.15446593157180302,0.04705452109343551,6-mer
AGGCGT,0.4771336203707562,0.16425163916657018,6-mer
AGGCGC,-0.23418778560253187,-0.40565626298453483,6-mer
AGGCGG,0.3910327432273624,0.6327620795724492,6-mer
AGGGAA,0.2363807596155509,-0.5438538008347541,6-mer
AGGGAT,0.32629328744876435,-0.062263437438722154,6-mer
AGGGAC,0.8075090643774142,0.44843807103044164,6-mer
AGGGAG,-0.3169012778125297,-0.6959938131099002,6-mer
AGGGTA,-0.19301119773649084,-0.001135533345430567,6-mer
AGGGTT,0.21084566750841366,-0.03688006570114688,6-mer
AGGGTC,-0.4203317989483568,-1.0430128889600927,6-mer
AGGGTG,-0.28326888957384766,-0.2882449686310737,6-mer
AGGGCA,0.443029688844094,-0.4563423347140568,6-mer
AGGGCT,0.19250245572480273,-0.21851573905514907,Inverted repeat
AGGGCC,-1.5670652961945992,-2.0379169354439948,6-mer
AGGGCG,0.08278859871376136,-0.5274720254879032,6-mer
AGGGGA,0.7505760256848595,-0.12204430511116177,6-mer
AGGGGT,0.13052336603459855,-0.35332329116289674,6-mer
AGGGGC,0.08294034880784877,-0.44436417054835564,6-mer
AGGGGG,0.14275924920142996,-0.37622163064452646,6-mer
TAAAAA,0.01063516896198364,0.17726985205548002,6-mer
TAAAAT,-0.29319637634404627,-0.27788217024110706,6-mer
TAAAAC,0.35026724388860603,0.24027964958128045,6-mer
TAAAAG,-0.12510649760046647,-0.17410067741350538,6-mer
TAAATA,0.2455369390717509,0.26223535012746885,Inverted repeat
TAAATT,-0.056670361857674725,-0.2937675333734014,6-mer
TAAATC,0.12275532391397716,0.33509619525354983,6-mer
TAAATG,-0.32685197352664763,-0.5038908900738384,6-mer
TAAACA,0.12353260778425644,0.1762130788007765,6-mer
TAAACT,-0.26303440583379395,0.1634274898423875,6-mer
TAAACC,0.053144784182085,0.6040418812133566,6-mer
TAAACG,0.18464464512776937,0.22102687931221826,6-mer
TAAAGA,0.38931067416047443,0.469797927151374,6-mer
TAAAGT,-0.04638136809736176,0.2417997637956957,6-mer
TAAAGC,0.2497200525529131,0.40704470852531316,6-mer
TAAAGG,0.4545188280089317,0.39229121126104266,6-mer
TAATAA,-0.24239463977475745,-0.055728147375664845,6-mer
TAATAT,-0.388495711826352,-0.3921757668268679,6-mer
TAATAC,0.1816947783818553,0.1410438814551835,6-mer
TAATAG,-0.2625248896565437,-0.3150156605873933,6-mer
TAATTA,-0.7372266918125416,-0.8548645599766299,Palindromes
TAATTT,-0.3078732241739485,-0.4619310290598018,Inverted repeat
TAATTC,0.00840815419820563,-0.4813799941075397,Inverted repeat
TAATTG,-0.707415866694782,-0.8863828004871639,Inverted repeat
TAATCA,-0.37685705086874405,0.07915417355289377,6-mer
TAATCT,-0.49490788018112697,-0.3090468035906302,6-mer
TAATCC,0.3639417780654648,0.21015484623084493,6-mer
TAATCG,-0.12104987602059189,0.07889015696506971,6-mer
TAATGA,0.17835053927390465,0.01625941399910928,6-mer
TAATGT,0.17653452700444056,-0.4989569660503465,6-mer
TAATGC,0.312732310434286,-0.17253119347808868,6-mer
TAATGG,0.1055344141723576,0.03998261746535234,6-mer
TAACAA,0.09154494187682613,0.20508298136445055,6-mer
TAACAT,-0.38199967206309804,-0.8398229751092499,6-mer
TAACAC,-0.3301486016923307,-0.32016044707681907,6-mer
TAACAG,-0.396176618234395,-0.623964499773187,6-mer
TAACTA,-0.31931583074582975,-0.3155018257279293,Inverted repeat
TAACTT,-0.22870578894944787,-0.10154813960204541,6-mer
TAACTC,0.1776232125179341,0.36651218835440436,6-mer
TAACTG,-0.04247557153816135,-0.0953340695059953,6-mer
TAACCA,0.208975278882973,0.8610559418908503,6-mer
TAACCT,0.07289413531170923,0.18896941979899762,6-mer
TAACCC,0.6425853941827459,0.6310084187335938,6-mer
TAACCG,0.2218273736907714,0.5007534524470977,6-mer
TAACGA,0.2783669403562564,0.2079285080430422,6-mer
TAACGT,0.3353486106496837,0.03652587602511375,6-mer
TAACGC,0.5886889809051917,0.43103342905811,6-mer
TAACGG,0.30757280191029224,0.0679987213434361,6-mer
TAAGAA,-0.2752307880492358,-0.42143197315588365,6-mer
TAAGAT,-0.833077486719211,-0.687620632084895,6-mer
TAAGAC,-0.5221024768825796,-1.1039679198661752,6-mer
TAAGAG,-0.5958508168638924,-0.5746205564996971,6-mer
TAAGTA,-0.13074021788146858,0.27858024074329685,Inverted repeat
TAAGTT,-0.23609727073787207,-0.03752469398577128,6-mer
TAAGTC,-0.01693571953799195,-0.16889044059418548,6-mer
TAAGTG,-0.41990325445065974,-0.17553860790583897,6-mer
TAAGCA,0.10799479616511146,-0.03495983835379999,6-mer
TAAGCT,-0.04410155268136551,0.2504343690541601,6-mer
TAAGCC,0.3210004161237152,0.4840945177784857,6-mer
TAAGCG,-0.023441243743737638,0.2030176393058831,6-mer
TAAGGA,-0.07423651694691856,-0.585639663390659,6-mer
TAAGGT,0.48444808476204604,0.5633854221827019,6-mer
TAAGGC,-0.15999588419858055,-0.33579074826910793,6-mer
TAAGGG,-0.14128913348142455,-0.3418620222561212,6-mer
TATAAA,-0.3145543672050811,-0.08720949239713066,6-mer
TATAAT,-1.3276873641760474,-1.3025627700204314,6-mer
TATAAC,-0.16032300233101315,-0.09285322130621462,6-mer
TATAAG,-0.3530207653782166,-0.26995381977358435,6-mer
TATATA,-0.9329382457561574,-0.6132207607626696,Palindromes
TATATT,-0.6368014322407741,-0.5086867334393511,Inverted repeat
TATATC,-0.46927708717691224,-0.21377929103173973,Inverted repeat
TATATG,-1.0864640907494691,-1.110086477692839,Inverted repeat
TATACA,-0.5371704022642402,-0.49498113388349074,6-mer
TATACT,-1.485980751170477,-0.8676397795260247,6-mer
TATACC,-0.08451412292772556,0.3461756411340395,6-mer
TATACG,-0.797507136101257,-0.7984949451373757,6-mer
TATAGA,-0.3233349161016078,-0.45501437148701845,6-mer
TATAGT,-0.5401663004457125,-0.573014647416708,6-mer
TATAGC,-0.5448644321135977,-0.6016965164809573,6-mer
TATAGG,-0.29142221241523064,-0.4784628794204774,6-mer
TATTAA,-0.05936188640407711,-0.12800269889096266,6-mer
TATTAT,-0.5270098605092491,-0.24079363614069907,6-mer
TATTAC,0.31075648074845036,0.40889509493522114,6-mer
TATTAG,0.09202913849234548,-0.34276159830452796,6-mer
TATTTA,-0.10955238346283058,0.16387328580696892,Inverted repeat
TATTTT,0.29373120305671024,0.3112268138185756,6-mer
TATTTC,0.05620378294512943,-0.07324898203063854,6-mer
TATTTG,-0.25487114769615643,-0.24983490807893444,6-mer
TATTCA,0.5430464680755029,0.3905268504991327,6-mer
TATTCT,0.13122545013672685,-0.18593577418156434,6-mer
TATTCC,0.7363600558400492,0.036225157933167516,6-mer
TATTCG,0.3512136565115616,-0.043806484649405,6-mer
TATTGA,0.615336149764675,0.7923086280099809,6-mer
TATTGT,0.05786941138122931,-0.11295802550277748,6-mer
TATTGC,0.4388584214187861,0.13985401077893342,6-mer
TATTGG,0.5583742006933677,0.7430529240451212,6-mer
TATCAA,0.23256139091098912,0.7560634189089039,6-mer
TATCAT,-0.8281204715857347,-0.26719203130744973,6-mer
TATCAC,-0.1230696445675753,0.3693374552737875,6-mer
TATCAG,-0.43982060020873204,0.05015383948940886,6-mer
TATCTA,0.10254756408301967,0.40758169435979646,Inverted repeat
TATCTT,0.08193476298599414,0.3153454444973942,6-mer
TATCTC,0.22397287981938055,0.37417832320549277,6-mer
TATCTG,0.12431904241505079,0.3432634316659078,6-mer
TATCCA,0.574070794791423,0.7768698159060332,6-mer
TATCCT,0.0487129810542859,-0.11493576684465982,6-mer
TATCCC,0.6392996528627306,0.5203095423789027,6-mer
TATCCG,0.5864454835903581,0.5238945829075855,6-mer
TATCGA,0.639101157455397,0.9750963181777762,6-mer
TATCGT,0.2352334618771598,0.41835785757045507,6-mer
TATCGC,0.4965474140520817,0.8236199764203883,6-mer
TATCGG,0.5440332011767791,0.8537237270932561,6-mer
TATGAA,-0.16160758669648687,-0.009841944127865673,6-mer
TATGAT,-0.8211058923174163,-0.3658452114175693,6-mer
TATGAC,0.10538049602556675,-0.10921447931851122,6-mer
TATGAG,-0.46894707523150175,-0.34815101947174465,6-mer
TATGTA,-0.48319700440657987,-0.6495180356213706,Inverted repeat
TATGTT,-0.4475202366065199,-0.5501652381511837,6-mer
TATGTC,0.1554032718770338,-0.5849625007211562,6-mer
TATGTG,-0.04087700853319812,-0.23227215206310672,6-mer
TATGCA,-0.31072574765794153,-0.8093164383908903,6-mer
TATGCT,0.006965548847546453,-0.11586384345491471,6-mer
TATGCC,0.12269603433477148,-0.19723894410810977,6-mer
TATGCG,-0.09627591105664869,-0.13750352374993496,6-mer
TATGGA,0.004502669408877998,0.0723436442673992,6-mer
TATGGT,-0.1122771864947605,0.5059560851708087,6-mer
TATGGC,0.02106550839611692,0.21360028433602102,6-mer
TATGGG,0.0804971284693554,0.04940966809111376,6-mer
TACAAA,-0.17575774108939962,-0.08676131191928359,6-mer
TACAAT,-0.9302297216958257,-1.0907188569664874,6-mer
TACAAC,0.09710730226407344,-0.04940224007627075,6-mer
TACAAG,-0.21329312102492104,-0.24993185340797813,6-mer
TACATA,-0.34507017469980544,-0.6200935015534107,Inverted repeat
TACATT,-0.477912773512935,-0.7683145064539629,6-mer
TACATC,-0.05462839181441103,-0.036951136172891426,6-mer
TACATG,-0.49264775073747674,-0.7477001171642306,6-mer
TACACA,-0.340880026416187,-0.6319679355440342,6-mer
TACACT,-0.15549793080703259,-0.28916811530678516,6-mer
TACACC,0.49052769886310715,0.5905674982174052,6-mer
TACACG,-0.31518914122099684,-0.6442541197292235,6-mer
TACAGA,0.05558026334618038,-0.2896609078791476,6-mer
TACAGT,-0.4091432419073928,-0.2804450893826132,6-mer
TACAGC,0.014873276481530199,0.13390128706973936,6-mer
TACAGG,0.14069299830767432,-0.21446550556481908,6-mer
TACTAA,-0.582847111719151,-0.5421494171821831,6-mer
TACTAT,-0.49301843972170345,-0.31780020926468555,6-mer
TACTAC,-0.015210769341751923,0.33953041135279804,6-mer
TACTAG,-1.4180399874403673,-1.8197920252958268,6-mer
TACTTA,-0.04921297447867642,0.2593435575093395,Inverted repeat
TACTTT,-0.05028175444282319,0.29532694565576256,6-mer
TACTTC,-0.29804085566170685,-0.25212962949492085,6-mer
TACTTG,-0.42108193601992067,0.009907902633233849,6-mer
TACTCA,0.24617954278797172,0.7435986864986532,6-mer
TACTCT,0.20492448511108607,0.2921807514933101,6-mer
TACTCC,0.13157895141606518,0.2310746644362488,6-mer
TACTCG,0.2825520502955335,0.4889203625518656,6-mer
TACTGA,0.1274771648617798,0.6936928857005071,6-mer
TACTGT,0.20864080855825073,0.2144737784495567,6-mer
TACTGC,0.38231728651963026,0.4012793211711802,6-mer
TACTGG,0.31406411382331423,0.8803534579386877,6-mer
TACCAA,0.052340035227513654,0.776662478701231,6-mer
TACCAT,-0.5134629803618225,-0.051217018616552076,6-mer
TACCAC,-0.18223721413693095,0.5861406919184373,6-mer
TACCAG,-1.0458824371932263,-0.40987579416306497,6-mer
TACCTA,0.48487417631464674,0.6062845769582215,Inverted repeat
TACCTT,0.34235081264074996,0.6324096631236165,6-mer
TACCTC,-0.11201642341431156,0.2932326618868969,6-mer
TACCTG,-0.20825516915274875,-0.02591987787784073,6-mer
TACCCA,0.5344778146283947,1.0121454298620893,6-mer
TACCCT,-0.04796103845116825,0.0021875592377640293,6-mer
TACCCC,0.2951280355436471,0.3774469393336989,6-mer
TACCCG,0.36927361968078487,0.6405027546649149,6-mer
TACCGA,0.5006230532885128,1.1939100451789737,6-mer
TACCGT,0.4965015999077399,0.8733380358974921,6-mer
TACCGC,0.5419180260085057,1.0166699811086142,6-mer
TACCGG,-0.4569203994812475,0.10172988696382626,6-mer
TACGAA,-0.15657025555262363,-0.22774107583912795,6-mer
TACGAT,-0.19056276575858894,0.15278145604331486,6-mer
TACGAC,0.2761244052742375,-0.0424497861249558,6-mer
TACGAG,-0.47150915179382025,-0.4384421036137875,6-mer
TACGTA,0.04013138635331881,-0.012640180778770377,Palindromes
TACGTT,-0.1532391595274218,-0.17645304443980994,Inverted repeat
TACGTC,-0.08166925275740052,-0.4254404584476838,Inverted repeat
TACGTG,-0.31332745449359234,-0.27666627142156036,Inverted repeat
TACGCA,0.2071446476375109,0.044154329606237004,6-mer
TACGCT,0.12466257327589052,0.4270671881400433,6-mer
TACGCC,0.7035490442771848,0.7798576883594278,6-mer
TACGCG,-0.009370522841063884,0.11028205501491067,6-mer
TACGGA,0.1735362549946913,-0.09702445439486447,6-mer
TACGGT,0.4128532520169678,0.9417853860547044,6-mer
TACGGC,0.2518763974774699,0.3908963798282893,6-mer
TACGGG,-0.18162607698224253,-0.5058909297299574,6-mer
TAGAAA,0.6155069703078957,0.27034071642175156,6-mer
TAGAAT,-0.5545888516776374,-1.037754921995418,6-mer
TAGAAC,0.0730933211429064,-0.386074016290323,6-mer
TAGAAG,0.42045777506309673,-0.004966252893349245,6-mer
TAGATA,0.43599986159615717,0.5098753665267091,Inverted repeat
TAGATT,-0.34389451225988626,-0.4731199317186288,6-mer
TAGATC,-0.7343754767004985,-0.33638614758105323,6-mer
TAGATG,-0.42189117031990625,-0.5881228416144844,6-mer
TAGACA,0.2205873600551308,-0.4132952640483536,6-mer
TAGACT,-0.2829339632714988,-0.627412286846112,6-mer
TAGACC,-0.5063708415958528,-0.8116873428536372,6-mer
TAGACG,0.17726985205548002,-0.6771224512837734,6-mer
TAGAGA,0.6272341535094033,0.2663102139188473,6-mer
TAGAGT,0.0859732231098528,0.066427361738976,6-mer
TAGAGC,0.40215282435654925,0.1548556797246642,6-mer
TAGAGG,0.48299052761987854,-0.0677240859715677,6-mer
TAGTAA,-0.13155048069555622,-0.05181953380883133,6-mer
TAGTAT,-0.974084276607479,-0.7356229276747962,6-mer
TAGTAC,-0.8657774500877526,-0.6908959454702213,6-mer
TAGTAG,-0.09149835448549604,-0.3353713479810037,6-mer
TAGTTA,-0.31460154798209156,-0.033450193723763434,Inverted repeat
TAGTTT,-0.6727908654469013,-0.4275352920285027,6-mer
TAGTTC,-0.7498424634023964,-0.8643449006424336,6-mer
TAGTTG,-0.4710520293965067,-0.47876309688923074,6-mer
TAGTCA,0.24818664142648023,0.030696797222916312,6-mer
TAGTCT,-0.6460817908682008,-0.9955403518093002,6-mer
TAGTCC,-0.004501392234940733,-0.8918511961443775,6-mer
TAGTCG,0.38332863955150565,-0.15380533607903524,6-mer
TAGTGA,0.5795554116860306,0.6376361082733372,6-mer
TAGTGT,0.0832611052717233,-0.13089406685095176,6-mer
TAGTGC,0.08516130979292828,-0.4115984153120728,6-mer
TAGTGG,0.2351746013728027,0.4253058347326708,6-mer
TAGCAA,-0.6517167776475828,-0.8333501305905485,6-mer
TAGCAT,-0.4876734329305775,-0.8970664776565503,6-mer
TAGCAC,-0.29179633915136105,-0.6372354742182202,6-mer
TAGCAG,-0.2974679028976676,-0.6142131338190677,6-mer
TAGCTA,-0.22103074587822286,-0.42458622625110126,Palindromes
TAGCTT,-0.34939826014019665,-0.16955360356643226,Inverted repeat
TAGCTC,-0.12253163340874601,-0.055566369107208906,Inverted repeat
TAGCTG,-0.595016165385079,-0.6264391366973153,Inverted repeat
TAGCCA,0.6163708302857807,0.8122152131481388,6-mer
TAGCCT,-0.08788359516599042,-0.35313506035293685,6-mer
TAGCCC,0.06262227347573462,-0.2940252732590567,6-mer
TAGCCG,0.296323278736962,0.14530844087104144,6-mer
TAGCGA,0.4231085415368606,0.3908668109795899,6-mer
TAGCGT,0.06403217152705777,0.03310473370367497,6-mer
TAGCGC,0.09029517323960148,-0.012512611313548623,6-mer
TAGCGG,0.29152296279348966,0.09320416579851665,6-mer
TAGGAA,0.24056889427778655,-0.4811266897366163,6-mer
TAGGAT,-0.037399971805193756,-0.5566337776626616,6-mer
TAGGAC,-0.1607843475858434,-1.222392421336448,6-mer
TAGGAG,-0.47487304900950056,-0.7882038217126924,6-mer
TAGGTA,0.49767464825638996,0.7117430104629524,Inverted repeat
TAGGTT,-0.13298945548366595,-0.010268335453826985,6-mer
TAGGTC,-0.2104474437395741,-0.4854268271702417,6-mer
TAGGTG,0.02005657570356474,-0.06807174499799847,6-mer
TAGGCA,0.20700586691104267,-0.29604946306175683,6-mer
TAGGCT,0.5002013792431815,0.3040800935544377,6-mer
TAGGCC,-0.2453805412699192,-0.5522583356484504,6-mer
TAGGCG,0.7358016610325702,0.6958082694094464,6-mer
TAGGGA,0.13170567921182227,-0.5154840610264217,6-mer
TAGGGT,0.10303311778714125,-0.20440667586308528,6-mer
TAGGGC,0.3975723571682173,-0.3444077021743065,6-mer
TAGGGG,0.09575898280543059,-0.5268107479353611,6-mer
TTAAAA,-0.2703484647990993,-0.3402908377435109,Inverted repeat
TTAAAT,-0.15683371159485637,-0.3118568844184674,6-mer
TTAAAC,-0.08547225707516073,0.04202667323178472,6-mer
TTAAAG,-0.04452157154643225,0.01652096019518447,6-mer
TTAATA,-0.19695520741146083,-0.33151414371656046,6-mer
TTAATT,-0.3256355249032874,-0.5727108448348335,6-mer
TTAATC,-0.006754093566930876,0.13261562029231153,6-mer
TTAATG,0.3219280948873623,-0.03353362956215259,6-mer
TTAACA,-0.5485104594943329,-0.7748101739724581,6-mer
TTAACT,-0.23794342487096334,-0.22932846854682434,6-mer
TTAACC,0.46387383489722517,0.6769518002109611,6-mer
TTAACG,0.2370288301705149,0.05695588481207588,6-mer
TTAAGA,-0.7844736362769034,-0.86237065433558,6-mer
TTAAGT,-0.31901061150506793,-0.21829609106850947,6-mer
TTAAGC,0.0763889701975232,0.22207185805529586,6-mer
TTAAGG,-0.38297629004654526,-0.6134783786046369,6-mer
TTATAA,-0.40317367748799887,-0.33057070976796776,Palindromes
TTATAT,-0.5822410756446456,-0.38851199589316,Inverted repeat
TTATAC,-0.5983208835761754,-0.2469660372061403,Inverted repeat
TTATAG,-0.6385294696276568,-0.7271553736507509,Inverted repeat
TTATTA,0.1377453364790907,0.22885117228806925,6-mer
TTATTT,-0.2503776046764744,-0.022977303952416813,6-mer
TTATTC,0.190668512294286,-0.07059077940898976,6-mer
TTATTG,0.355040903367812,0.4578564254743412,6-mer
TTATCA,0.01735159025939622,0.5369602692291842,6-mer
TTATCT,0.25444690999707026,0.4237580096440915,6-mer
TTATCC,0.6397217321232815,0.5224518042696281,6-mer
TTATCG,0.6359464294399613,0.9238636742122321,6-mer
TTATGA,-0.2158773841801128,-0.005521877941302236,6-mer
TTATGT,-0.04661094229158968,-0.08966031112761928,6-mer
TTATGC,0.006297696610242625,-0.11680947961247548,6-mer
TTATGG,0.0026429594284437356,0.4180940577121823,6-mer
TTACAA,-0.3707646456687621,-0.413177157253316,Inverted repeat
TTACAT,-0.5314924836226098,-0.7073518274623001,6-mer
TTACAC,-0.1694376867810706,-0.32456208595638447,6-mer
TTACAG,-0.22842065075245685,-0.23154411970597824,6-mer
TTACTA,-0.4815329110657506,-0.29058285375432413,6-mer
TTACTT,-0.18496653869559299,0.07497438846076304,6-mer
TTACTC,0.20101877054388084,0.4637713221121907,6-mer
TTACTG,0.4808096939767457,0.658777895714401,6-mer
TTACCA,-0.2518906009303722,0.3858554216769128,6-mer
TTACCT,0.20571122349537319,0.6169963283608693,6-mer
TTACCC,0.5780803999508356,0.7437547598288452,6-mer
TTACCG,0.3379464509538111,0.8317438189183062,6-mer
TTACGA,0.022170583048043976,-0.04251927173801621,6-mer
TTACGT,-0.0012396062978501743,-0.13034373217706857,6-mer
TTACGC,0.4337599249291655,0.4831318256269931,6-mer
TTACGG,0.2588877003489335,0.49315575559731073,6-mer
TTAGAA,0.1772940127427887,-0.27187989670051477,Inverted repeat
TTAGAT,-0.36067179616229506,-0.20081189075093506,6-mer
TTAGAC,-0.3785116232537298,-1.0436653014389936,6-mer
TTAGAG,0.21373768035312918,-0.006382047944058003,6-mer
TTAGTA,-0.7395139631942614,-0.6553518286125541,6-mer
TTAGTT,-0.6177524358388254,-0.4287348214143808,6-mer
TTAGTC,0.21087367145982902,-0.2848525160394845,6-mer
TTAGTG,0.3299568941588763,0.3973558373904553,6-mer
TTAGCA,-0.13547094511318616,-0.47342929407064877,6-mer
TTAGCT,-0.27202318906104833,-0.18122490117925283,6-mer
TTAGCC,0.5819600125596326,0.46284200967060635,6-mer
TTAGCG,0.2713953608683692,0.11101327881344224,6-mer
TTAGGA,0.0021875592377640293,-0.6027957938084746,6-mer
TTAGGT,0.18860024710862056,0.2232182342043821,6-mer
TTAGGC,0.7213687391151876,0.5855261635690721,6-mer
TTAGGG,0.22065945411199248,-0.3340686577595743,6-mer
TTTAAA,-0.19274383517561292,-0.15049041779421105,Palindromes
TTTAAT,-0.2557124945364745,-0.2904720368436984,Inverted repeat
TTTAAC,-0.2396566286406659,-0.21066789487450302,Inverted repeat
TTTAAG,-0.5067373334156539,-0.3952710958397465,Inverted repeat
TTTATA,-0.37453255639476174,-0.18795429334071584,6-mer
TTTATT,0.20081239881379426,0.34527096226303083,6-mer
TTTATC,0.4714642313969965,0.7906975781039959,6-mer
TTTATG,-0.049184182040523994,0.14233061329170082,6-mer
TTTACA,-0.36371702993007626,-0.36495094339362966,6-mer
TTTACT,0.1927605443509483,0.4854268271702417,6-mer
TTTACC,0.3316053617717783,0.9216837563369732,6-mer
TTTACG,0.13094536934695783,0.34318721425916604,6-mer
TTTAGA,-0.14626387139233724,-0.2520632880127905,6-mer
TTTAGT,-0.06799778977078859,0.22351893154204885,6-mer
TTTAGC,0.16164382635851104,0.10718008871315976,6-mer
TTTAGG,0.3441722700006829,0.1632679195408643,6-mer
TTTTAA,-0.3695941432853048,-0.3367778649445483,Inverted repeat
TTTTAT,0.156884175647127,0.3205220962955339,6-mer
TTTTAC,0.1782122963990741,0.2909322052960514,6-mer
TTTTAG,-0.12325456801165531,-0.20288426244723395,6-mer
TTTTTA,-0.13736955011925975,0.10675031506086755,6-mer
TTTTTT,-0.6177363197024416,-0.4488546523039342,6-mer
TTTTTC,0.21064249843213623,0.1784649736077984,6-mer
TTTTTG,-0.229362490788295,-0.10768010288910594,6-mer
TTTTCA,0.1595240775276908,0.21922608163007615,6-mer
TTTTCT,0.4422223286050739,0.27866181535772755,6-mer
TTTTCC,0.3211861586195889,-0.13602580668855882,6-mer
TTTTCG,-0.25431098758013176,-0.30907493150985343,6-mer
TTTTGA,-0.12985926749909754,0.11676816342814729,6-mer
TTTTGT,-0.044439705740979996,-0.10727673631807517,6-mer
TTTTGC,0.12832409697553934,-0.06226510864730409,6-mer
TTTTGG,0.055386399785176864,0.31740292307551843,6-mer
TTTCAA,-0.18753300963934597,0.0040999548344101315,Inverted repeat
TTTCAT,-0.0446794907451793,0.058121988023727617,6-mer
TTTCAC,0.16116003274696175,0.3917639908621642,6-mer
TTTCAG,-0.00781604620611995,0.2509897614559254,6-mer
TTTCTA,0.439993986591821,0.15908599219275704,6-mer
TTTCTT,0.09708419455681817,0.015925046592952085,6-mer
TTTCTC,0.4172473976546105,0.2670576421715785,6-mer
TTTCTG,0.3652471325673126,0.20736080814463503,6-mer
TTTCCA,0.2981203810819709,0.29596552491378597,6-mer
TTTCCT,0.1559181434484331,-0.3595648770809624,6-mer
TTTCCC,0.3135646219527356,-0.2935477142264007,6-mer
TTTCCG,0.009327455561757512,-0.42558384815362416,6-mer
TTTCGA,-0.40394542503159975,-0.5091169332153423,6-mer
TTTCGT,-0.40384328761498006,-0.4279359098326354,6-mer
TTTCGC,-0.2548604743880937,-0.19708909400994085,6-mer
TTTCGG,-0.10415594267540795,-0.03336778240093564,6-mer
TTTGAA,-0.09228732245412273,0.047520657424893996,Inverted repeat
TTTGAT,0.015668233062982883,0.5731407922603116,6-mer
TTTGAC,-0.17158064112144283,-0.19827819749155187,6-mer
TTTGAG,0.0656737592464681,0.3950604421746657,6-mer
TTTGTA,-0.04691719377288736,-0.047305714778356725,6-mer
TTTGTT,-0.12159436324453315,-0.1472396030468481,6-mer
TTTGTC,0.1578536619974775,-0.25159632973949375,6-mer
TTTGTG,0.02942121670579101,-0.16635838642211992,6-mer
TTTGCA,-0.3457082135051884,-0.704651100012244,6-mer
TTTGCT,0.16548874657744775,0.08222108824874508,6-mer
TTTGCC,0.27018630996968457,0.09234506263008545,6-mer
TTTGCG,0.016412462255675223,-0.12285674778553343,6-mer
TTTGGA,-0.36961366618210234,-0.4484991421908832,6-mer
TTTGGT,0.17198859532575764,0.8400041158014195,6-mer
TTTGGC,0.21730337689905713,0.5971426245133129,6-mer
TTTGGG,0.0016834249761755852,0.02556022638602363,6-mer
TTCAAA,-0.15735385756892084,-0.018765081745203062,Inverted repeat
TTCAAT,0.1372060915169693,0.13845436815973372,6-mer
TTCAAC,0.040309130930348,0.10794791336711458,6-mer
TTCAAG,-0.24196552449878342,0.01777470172797607,6-mer
TTCATA,-0.3488705753130977,-0.1459675846416574,6-mer
TTCATT,-0.13716805228210796,-0.2985398336492109,6-mer
TTCATC,0.3960909318608484,0.7104933828050152,6-mer
TTCATG,-0.38693087623170114,-0.6056476705495202,6-mer
TTCACA,-0.26281815835667627,-0.34783522411133305,6-mer
TTCACT,0.18063619630744412,0.4390350420520259,6-mer
TTCACC,0.31538884375626874,0.7293310811921015,6-mer
TTCACG,0.12246714942728483,0.1602470875399584,6-mer
TTCAGA,-0.352296806567741,-0.3734583955274445,6-mer
TTCAGT,-0.0186385833604615,0.21719207312104136,6-mer
TTCAGC,-0.013904822813220072,0.20778980567572444,6-mer
TTCAGG,0.13662340749299356,-0.05444778402237635,6-mer
TTCTAA,0.3001712912733724,-0.33867135872193865,Inverted repeat
TTCTAT,0.06731626813856327,-0.1939100451789735,6-mer
TTCTAC,0.2845939441136367,0.020354585353968467,6-mer
TTCTAG,-0.01249094418319693,-0.6614571912617412,6-mer
TTCTTA,-0.27093960391914,-0.41713117960612245,6-mer
TTCTTT,-0.04146974000854352,-0.18358204167273148,6-mer
TTCTTC,0.3917042511216639,-0.028994475030302194,6-mer
TTCTTG,0.020011028248290527,-0.01956736884749909,6-mer
TTCTCA,-0.12220979352358226,-0.12240434401741844,6-mer
TTCTCT,0.3996654856591056,0.0911083139187382,6-mer
TTCTCC,0.17543824900503827,-0.24929434920749158,6-mer
TTCTCG,-0.009915468865082709,-0.3015996891830048,6-mer
TTCTGA,-0.18366973321813732,-0.192194165283345,6-mer
TTCTGT,0.04925998179193127,-0.5300707422250839,6-mer
TTCTGC,0.47778676496810973,-0.018668756478674872,6-mer
TTCTGG,0.3605134930907708,0.3463581337079203,6-mer
TTCCAA,-0.03880093139583328,-0.24444157663091365,Inverted repeat
TTCCAT,0.11568778372562818,-0.18851416167380985,6-mer
TTCCAC,0.29795944706103145,0.157153073098348,6-mer
TTCCAG,0.3325384891094511,0.34360236123589494,6-mer
TTCCTA,0.2899379806429252,-0.5370541923851262,6-mer
TTCCTT,0.05353647888406125,-0.5028279651566588,6-mer
TTCCTC,0.2689274752108545,-0.3535151516646607,6-mer
TTCCTG,0.03696632635394763,-0.5430756061770763,6-mer
TTCCCA,0.08184986653460417,-0.332403538545925,6-mer
TTCCCT,0.028289044431423615,-0.8721356033905912,6-mer
TTCCCC,0.3931141837427841,-0.2630344058337938,6-mer
TTCCCG,0.35819620871045255,-0.5386997780325087,6-mer
TTCCGA,-0.4047354741243866,-0.8949098374918149,6-mer
TTCCGT,0.21816344130792237,-0.39073117188680867,6-mer
TTCCGC,0.038906493720022625,-0.41625274155838304,6-mer
TTCCGG,-0.13905175681666343,-0.5622617489197341,6-mer
TTCGAA,-1.1390160470835362,-1.3888992064565555,Palindromes
TTCGAT,-0.09673391794763689,0.11609706492287136,Inverted repeat
TTCGAC,0.19920113838803827,-0.4456968650847967,Inverted repeat
TTCGAG,-0.3834137517925195,-0.4192744921653145,Inverted repeat
TTCGTA,-0.4325693315563069,-0.396590745067066,6-mer
TTCGTT,-0.3730821828374656,-0.39949664838306564,6-mer
TTCGTC,0.10347089507494549,-0.48089558793037457,6-mer
TTCGTG,-0.47075376279138803,-0.7486195187072926,6-mer
TTCGCA,-0.8130292461508792,-1.0607391578576786,6-mer
TTCGCT,0.005591446904926448,0.0894820088869916,6-mer
TTCGCC,0.25414630970159263,0.13487300491930487,6-mer
TTCGCG,-0.4540490126579608,-0.49671447431295584,6-mer
TTCGGA,-0.48372252095799273,-0.9305785990425206,6-mer
TTCGGT,0.232202202128454,0.5586567381678669,6-mer
TTCGGC,0.08774604265817285,-0.07724299893246042,6-mer
TTCGGG,-0.13947441892105825,-0.6711191444708706,6-mer
TTGAAA,-0.2532774393798398,-0.0828640709073599,Inverted repeat
TTGAAT,-0.2278950700796423,-0.2058904987301851,6-mer
TTGAAC,-0.1125530280856488,0.02205476213411795,6-mer
TTGAAG,0.3212392932314568,0.42293251840063956,6-mer
TTGATA,0.1985456793820804,0.7513079133253445,6-mer
TTGATT,-0.1283957780885547,0.37156364609151404,6-mer
TTGATC,-0.48211605499753313,0.4696014937842576,6-mer
TTGATG,0.41023036025948983,0.8372327005870105,6-mer
TTGACA,-0.940332955237273,-0.9858242312356323,6-mer
TTGACT,-0.21442148322500135,-0.10543268284161146,6-mer
TTGACC,0.229968292276853,0.4690028572673353,6-mer
TTGACG,-0.034598661523966734,-0.13879722735558161,6-mer
TTGAGA,-0.2975839647824437,-0.11681366498274974,6-mer
TTGAGT,0.5096654000656254,0.9908821038361834,6-mer
TTGAGC,0.5760744045889552,1.0134982476594283,6-mer
TTGAGG,-0.18048176901572807,-0.08104705949892875,6-mer
TTGTAA,-0.2750070474998698,-0.3550699768739573,Inverted repeat
TTGTAT,-0.5474232629941311,-0.5669258283265423,6-mer
TTGTAC,-0.2882639542501129,-0.21993225998321694,6-mer
TTGTAG,-0.026444081522422065,-0.19335675848345224,6-mer
TTGTTA,-0.35377696092670213,-0.1948910059074546,6-mer
TTGTTT,-0.23423661171581395,-0.2603231602896838,6-mer
TTGTTC,-0.10640339401107904,-0.3897734741040738,6-mer
TTGTTG,0.14093279810260578,0.2158495754696758,6-mer
TTGTCA,-0.4360162147975974,-0.5469243238885115,6-mer
TTGTCT,-0.15690605497245058,-0.6547327790253304,6-mer
TTGTCC,0.1709558661098879,-0.6826186943815471,6-mer
TTGTCG,0.5670405927238937,-0.020747078266424558,6-mer
TTGTGA,-0.41555917530726855,-0.35205070372274916,6-mer
TTGTGT,0.23880158104019436,-0.06773181843005477,6-mer
TTGTGC,0.06349292362538334,-0.42874491869944203,6-mer
TTGTGG,0.08838699414907829,0.22261003881040872,6-mer
TTGCAA,-0.52898270824021,-0.831375812104465,Palindromes
TTGCAT,-0.4804945316280112,-0.959109545646322,Inverted repeat
TTGCAC,-0.3258752794040253,-0.6220715587420392,Inverted repeat
TTGCAG,0.18092933732790856,-0.15823661687746585,Inverted repeat
TTGCTA,-0.3835094170770713,-0.6447004471132949,6-mer
TTGCTT,-0.4007877252801176,-0.3501695480387971,6-mer
TTGCTC,0.4777442414436118,0.4780871156098546,6-mer
TTGCTG,0.5135695588477969,0.5445752518192261,6-mer
TTGCCA,0.17668523994558635,0.43399829712594606,6-mer
TTGCCT,0.09107409480271808,-0.31235928824880266,6-mer
TTGCCC,0.3420742277236193,-0.10237272758530717,6-mer
TTGCCG,0.20932028181898582,0.13909076247827667,6-mer
TTGCGA,-0.4590347953781825,-0.5225482014888035,6-mer
TTGCGT,-0.15411115378890108,-0.35811043119400837,6-mer
TTGCGC,0.07505740415627711,0.006844231409735959,6-mer
TTGCGG,0.06893359010441485,-0.007678367295408364,6-mer
TTGGAA,-0.016984179630878667,-0.21481211541802547,Inverted repeat
TTGGAT,0.06995299146751062,0.287715351877144,6-mer
TTGGAC,-0.5248939785074782,-0.8104851970954798,6-mer
TTGGAG,-0.5346548043454573,-0.3501329761464855,6-mer
TTGGTA,-0.026659562188139467,0.8071942745388268,6-mer
TTGGTT,0.0946605968673055,0.8137811912170372,6-mer
TTGGTC,-0.04362510255473582,0.33916263230371635,6-mer
TTGGTG,0.16361097224358687,0.947813779802864,6-mer
TTGGCA,0.07000972124774234,0.24178667212975433,6-mer
TTGGCT,0.23706753016038118,0.7882367202720623,6-mer
TTGGCC,-0.01730760309511768,0.32337440582642685,6-mer
TTGGCG,0.2815761962624807,0.7817463714427065,6-mer
TTGGGA,-0.12547732893546887,-0.06374095188203226,6-mer
TTGGGT,0.23085851415628952,0.6284864930332579,6-mer
TTGGGC,0.0143368855022736,-0.021853724830793238,6-mer
TTGGGG,0.2773584117877869,0.15739232287547172,6-mer
TCAAAA,-0.11935369545545906,0.12679637491802587,6-mer
TCAAAT,-0.39903433899334106,-0.3428587527569629,6-mer
TCAAAC,-0.06356273473770974,0.4631912475703998,6-mer
TCAAAG,-0.14277253804370751,0.28415509627196045,6-mer
TCAATA,0.6504843403186259,0.7992725757597454,6-mer
TCAATT,-0.20323740730867978,-0.28041648406203035,6-mer
TCAATC,0.3640222134186205,0.8506834902752508,6-mer
TCAATG,0.24341685448155137,0.17001654591018092,6-mer
TCAACA,0.30699362666212976,0.2878759197503681,6-mer
TCAACT,-0.17299334244394313,0.1915091381929485,6-mer
TCAACC,-0.044371170078002155,0.6150863995872762,6-mer
TCAACG,0.18613973561857214,0.5083910677798897,6-mer
TCAAGA,0.06882580731353652,0.5461550515209813,Inverted repeat
TCAAGT,-0.39720282352208264,0.05921177857991234,6-mer
TCAAGC,-0.13695465745421873,0.2888330114673797,6-mer
TCAAGG,0.10962449117449816,-0.005433886050627835,6-mer
TCATAA,-0.5399271329918082,-0.19020280990208532,6-mer
TCATAT,-0.671725064278555,-0.49094575076706193,6-mer
TCATAC,-0.42803175909752866,-0.1427929707049326,6-mer
TCATAG,-0.3456396834348311,-0.32932407362619803,6-mer
TCATTA,0.34220320329946335,0.17053724084731078,6-mer
TCATTT,-0.3099180772179451,-0.26468684245169133,6-mer
TCATTC,-0.19037579703269294,-0.3434508936071238,6-mer
TCATTG,-0.019949589344244782,0.08385405131864464,6-mer
TCATCA,0.3230812771831416,1.0175394932919275,6-mer
TCATCT,-0.08844802702161848,0.31535116048410916,6-mer
TCATCC,0.3807993206280065,0.6020666839435304,6-mer
TCATCG,0.3144415360613628,0.72621921270221,6-mer
TCATGA,-0.6714590820409847,-0.4655272697325369,Palindromes
TCATGT,-0.5439183152061818,-0.8790238021755744,Inverted repeat
TCATGC,-0.030924573194900443,-0.3327433776451983,Inverted repeat
TCATGG,0.0077653899793781265,0.24358664360557106,Inverted repeat
TCACAA,-0.3072599058506425,-0.19328899450782264,6-mer
TCACAT,-0.30127957591209736,-0.3448667449869683,6-mer
TCACAC,-0.11737577482433845,-0.050906316862785544,6-mer
TCACAG,-0.292781749227846,-0.2606751329598715,6-mer
TCACTA,0.2888197830754238,0.49524628190909276,6-mer
TCACTT,0.15489752960767286,0.5519423633217023,6-mer
TCACTC,0.23965409185781947,0.7101076870291877,6-mer
TCACTG,0.3243345925944576,0.7273795453370081,6-mer
TCACCA,0.2693444423802902,1.2489576599824725,6-mer
TCACCT,0.4121805276039404,0.7139014043571832,6-mer
TCACCC,0.2379164822417703,0.6325929744057843,6-mer
TCACCG,0.44959015206196595,1.0547201448011518,6-mer
TCACGA,-0.040212267987493264,0.15254111136696266,Inverted repeat
TCACGT,-0.24747959163895203,-0.26303440583379395,6-mer
TCACGC,0.15729972558165736,0.40311785013939094,6-mer
TCACGG,0.25845129996620186,0.3634473643256293,6-mer
TCAGAA,-0.3514803442539561,-0.32677749454875815,6-mer
TCAGAT,-0.6268608447077172,-0.13344149842669945,6-mer
TCAGAC,-0.27322153360749546,-0.48921508765994953,6-mer
TCAGAG,-0.45865535010046843,-0.19399276140414243,6-mer
TCAGTA,0.19525629139893386,0.7249929525001303,6-mer
TCAGTT,-0.037338232421814846,0.3536012536201332,6-mer
TCAGTC,-0.3583480811520054,-0.3097724656605464,6-mer
TCAGTG,0.24425161283126776,0.548875669426736,6-mer
TCAGCA,0.4836638053813645,0.6065347382003261,6-mer
TCAGCT,-0.3633993967252486,0.23446525363702295,6-mer
TCAGCC,-0.010569241710187154,0.5365621766028162,6-mer
TCAGCG,-0.01814508684783648,0.44278248976174805,6-mer
TCAGGA,0.17722725216352297,-0.1685697218303013,Inverted repeat
TCAGGT,-0.16582341971925627,0.3386426204447886,6-mer
TCAGGC,-0.15743697949567811,-0.1450053673202302,6-mer
TCAGGG,0.17552859589971193,-0.16406795503277286,6-mer
TCTAAA,0.24983294942698261,-0.06111151430338719,6-mer
TCTAAT,-0.22270946233121655,-0.773724144176324,6-mer
TCTAAC,0.3600682398286955,-0.08678376614206659,6-mer
TCTAAG,-0.09678506253487977,-0.39485961734121344,6-mer
TCTATA,-0.2847928071954476,-0.3709034577459703,6-mer
TCTATT,0.2417199639870093,-0.11355782812490246,6-mer
TCTATC,0.5198798651363419,0.4937257316093872,6-mer
TCTATG,-0.2991036605413158,-0.32781798983061516,6-mer
TCTACA,-0.008287971325586277,-0.2609112339408238,6-mer
TCTACT,0.15694383471532053,0.14312494209859725,6-mer
TCTACC,0.1559876551754719,0.36664989840487516,6-mer
TCTACG,0.17288182312096578,-0.22669255877007344,6-mer
TCTAGA,0.12046752001194304,-0.43252492600768483,Palindromes
TCTAGT,-0.7609401722857269,-0.9757524537533229,Inverted repeat
TCTAGC,-0.05203418156058545,-0.4157733804684222,Inverted repeat
TCTAGG,-0.10664867159302298,-0.8459403202610124,Inverted repeat
TCTTAA,-0.5489862975989344,-0.5845108822980318,6-mer
TCTTAT,-0.42244409074720213,-0.3952779024016632,6-mer
TCTTAC,-0.18699121461812415,-0.10751168380510029,6-mer
TCTTAG,-0.744686189312654,-1.0915305931206165,6-mer
TCTTTA,0.2082928960097242,0.19919201918093293,6-mer
TCTTTT,-0.32963338945882076,-0.21082509400741686,6-mer
TCTTTC,-0.0706145554370727,-0.07616300259439747,6-mer
TCTTTG,0.042995071251830545,-0.02093065786960062,6-mer
TCTTCA,0.23287775598627855,0.22896998775792385,6-mer
TCTTCT,0.41572960533236153,0.1614050151703376,6-mer
TCTTCC,0.6468902498643581,0.07892539387562826,6-mer
TCTTCG,0.13334442175220407,-0.09751308946842271,6-mer
TCTTGA,-0.011757646044317546,0.3103401206121505,Inverted repeat
TCTTGT,-0.1593917008649203,-0.3670537631694609,6-mer
TCTTGC,0.3129499666801476,0.1263259744384495,6-mer
TCTTGG,0.01094683752935065,0.26959663079984764,6-mer
TCTCAA,-0.21829146573394834,-0.13456972499434985,6-mer
TCTCAT,-0.5924700373900975,-0.40901371165107375,6-mer
TCTCAC,-0.27423261243865793,-0.03897816809694048,6-mer
TCTCAG,-0.4814223331864438,-0.3558004885148011,6-mer
TCTCTA,0.5050817238524605,0.20966693826823574,6-mer
TCTCTT,0.6480063854057387,0.5926014153091151,6-mer
TCTCTC,0.11394473256242199,0.15680636317861252,6-mer
TCTCTG,0.1877757806370652,0.05042942684314013,6-mer
TCTCCA,-0.20419930457047833,-0.16537969088164353,6-mer
TCTCCT,0.38747035064738,-0.021853724830793238,6-mer
TCTCCC,0.21300918970184501,-0.259519921657557,6-mer
TCTCCG,-0.025371789708311426,-0.5488102347048344,6-mer
TCTCGA,-0.026676782630954455,-0.07586201451530859,Inverted repeat
TCTCGT,-0.17968797038220954,-0.4646682670034443,6-mer
TCTCGC,-0.2763647362462772,-0.30479405183234565,6-mer
TCTCGG,-0.11332768381013336,-0.20387233336565005,6-mer
TCTGAA,-0.3291679930554566,-0.32154074220926954,6-mer
TCTGAT,-0.6014220493499307,-0.02608560012727786,6-mer
TCTGAC,-0.2756557777860586,-0.419838485542665,6-mer
TCTGAG,-0.6036161840528442,-0.39343104308946875,6-mer
TCTGTA,-0.14490830497168622,-0.33328236926073207,6-mer
TCTGTT,0.2192424309127981,-0.1785693367530097,6-mer
TCTGTC,0.24153106774570635,-0.49906242731550915,6-mer
TCTGTG,-0.3650184381240251,-0.7121976890172641,6-mer
TCTGCA,0.1365369620403773,-0.4197013297328256,6-mer
TCTGCT,0.399988436131689,0.27261491915307084,6-mer
TCTGCC,0.27770542897743067,-0.10514350402433446,6-mer
TCTGCG,0.17075072341574388,-0.04418084490453708,6-mer
TCTGGA,0.2332648416629912,0.12270878665101168,Inverted repeat
TCTGGT,0.09740405578157464,0.5891416326673615,6-mer
TCTGGC,-0.05208851114845419,0.19888262383111824,6-mer
TCTGGG,0.14528349563868181,0.10650232703285012,6-mer
TCCAAA,-0.40985132573806,-0.33889210162050526,6-mer
TCCAAT,-0.18470604514883407,-0.36730072630813415,6-mer
TCCAAC,0.23849882157524366,0.13606154957602853,6-mer
TCCAAG,-0.08978925262210434,-0.030393039975581175,6-mer
TCCATA,-0.08683407896499422,-0.06259095733099064,6-mer
TCCATT,0.0856972206919759,-0.20400926991749585,6-mer
TCCATC,0.03175425497575126,0.30096066542392974,6-mer
TCCATG,-0.26040414978912185,-0.6324807046435583,6-mer
TCCACA,0.19548765797950748,-0.02466205423426897,6-mer
TCCACT,0.1166615341159875,0.23509401592236806,6-mer
TCCACC,0.24358110805317146,0.6818998934420919,6-mer
TCCACG,-0.3060331058827322,-0.46379681119869903,6-mer
TCCAGA,0.2580816128627362,0.09303789711576663,Inverted repeat
TCCAGT,0.4731566625591655,0.725117156799711,6-mer
TCCAGC,0.1520030934450497,0.21853684470075047,6-mer
TCCAGG,-2.7298987819776084,-2.616440732194324,6-mer
TCCTAA,0.2955388948349711,-0.530288216181651,6-mer
TCCTAT,-0.36577251142305217,-0.8412316184676524,6-mer
TCCTAC,-0.20759541940836723,-0.6338016381851217,6-mer
TCCTAG,0.07400058144377666,-0.8459403202610124,6-mer
TCCTTA,-0.055980268879890285,-0.4444384157194029,6-mer
TCCTTT,-0.2421116324699733,-0.6334509140553418,6-mer
TCCTTC,-0.23019782382524823,-0.7972191704056423,6-mer
TCCTTG,-0.2583333024055615,-0.6086982020719756,6-mer
TCCTCA,-0.07258956476880915,-0.3120012549820713,6-mer
TCCTCT,0.35381981728569606,-0.1808263083422907,6-mer
TCCTCC,-0.11337613199994476,-0.48631491278824485,6-mer
TCCTCG,0.06426639580062367,-0.39240841297404666,6-mer
TCCTGA,0.2640600358253187,-0.017619994207128516,Inverted repeat
TCCTGT,0.10875831504664392,-0.6505795310029037,6-mer
TCCTGC,0.5236034134067157,-0.21555913359780815,6-mer
TCCTGG,-2.263527045429118,-2.5396019673212806,6-mer
TCCCAA,0.07162967698102993,-0.03715299841746605,6-mer
TCCCAT,0.15475370446108472,-0.07177934152709846,6-mer
TCCCAC,0.08564809091082048,-0.20850643422054058,6-mer
TCCCAG,-0.09203557104016354,-0.5118225618137235,6-mer
TCCCTA,-0.05733317506595159,-1.0081050496370556,6-mer
TCCCTT,0.18634050108818695,-0.41047231889386643,6-mer
TCCCTC,0.033928764539075014,-0.25477625483148486,6-mer
TCCCTG,0.02761223120786001,-0.7390251163445007,6-mer
TCCCCA,0.5145731728297582,0.26350556685721366,6-mer
TCCCCT,0.3182524367439642,-0.22178611956627667,6-mer
TCCCCC,0.6972654703459485,0.10792443448644705,6-mer
TCCCCG,-0.06054154193505072,-0.6575951738645884,6-mer
TCCCGA,0.4331179539042003,-0.19481617698402295,Inverted repeat
TCCCGT,0.14164258183932826,-0.6853643976789937,6-mer
TCCCGC,0.3723931618703504,-0.3664121456791024,6-mer
TCCCGG,-0.2896900378348466,-1.0347213791783663,6-mer
TCCGAA,-0.39415876960292767,-0.7650383778595811,6-mer
TCCGAT,-0.390039682569114,-0.3791280278949757,6-mer
TCCGAC,-0.12864215143910465,-0.5517601325951591,6-mer
TCCGAG,-0.2723793863817743,-0.6132369547163327,6-mer
TCCGTA,0.033137562007912055,-0.275193333902206,6-mer
TCCGTT,0.050451915166906815,-0.35882490194818695,6-mer
TCCGTC,0.1869837428519691,-0.615140649386181,6-mer
TCCGTG,-0.27990258745043994,-0.6650438243802189,6-mer
TCCGCA,0.025221391930585074,-0.5457994451497236,6-mer
TCCGCT,0.2796339686811926,0.06975891711410068,6-mer
TCCGCC,0.23839952125349367,0.0860398310666915,6-mer
TCCGCG,-0.22772372334496543,-0.41018447456881885,6-mer
TCCGGA,-0.5100641066646162,-1.1482642185877192,Palindromes
TCCGGT,0.21095275406235414,0.1920478123404526,Inverted repeat
TCCGGC,-0.0021908812728102366,-0.3360492031320149,Inverted repeat
TCCGGG,-0.3768418371403722,-1.1089890180576265,Inverted repeat
TCGAAA,-0.24095029806381887,-0.3055848252085589,6-mer
TCGAAT,-0.3302715534166971,-0.563474724780355,6-mer
TCGAAC,-0.5283663585725129,-0.7573810260882785,6-mer
TCGAAG,-0.24425185530018723,-0.24395218835843932,6-mer
TCGATA,0.7728250983361059,0.9919701367421726,6-mer
TCGATT,0.1396928000228971,0.3127401956511118,6-mer
TCGATC,-0.6702014183350765,0.10254756408301967,6-mer
TCGATG,0.26583553580425495,0.5290025708260884,6-mer
TCGACA,0.567156003710787,-0.032991825610811376,6-mer
TCGACT,0.3089724397834492,0.0360192228009819,6-mer
TCGACC,0.4578878035719601,0.4775789653475568,6-mer
TCGACG,-0.07724299893246056,-0.46631800422253716,6-mer
TCGAGA,-0.016520358336520394,-0.09120317855913676,Inverted repeat
TCGAGT,0.1101501258730503,0.30492166958167244,6-mer
TCGAGC,-0.039557462219955486,0.18047826205552744,6-mer
TCGAGG,-0.2011153723802822,-0.28641733327174446,6-mer
TCGTAA,-0.1398738717274031,0.012840345773424498,6-mer
TCGTAT,-0.2980675140652695,-0.2005703188871404,6-mer
TCGTAC,-0.4817085389241315,-0.10783774154203624,6-mer
TCGTAG,-0.1637406125820274,-0.3190872110532967,6-mer
TCGTTA,0.1317585881708778,0.054989234597652314,6-mer
TCGTTT,-0.15851048311204166,-0.07090064990309058,6-mer
TCGTTC,-0.40451316315922636,-0.5625946876927016,6-mer
TCGTTG,-0.43676279964066594,-0.3079309438081168,6-mer
TCGTCA,0.3724608289063557,0.26865826985731744,6-mer
TCGTCT,-0.02765634290286525,-0.6312915517766288,6-mer
TCGTCC,0.3752826447346709,-0.45140988894380585,6-mer
TCGTCG,-0.025151020529710303,-0.37649245561707767,6-mer
TCGTGA,-0.23789537843820688,-0.016230817633528034,Inverted repeat
TCGTGT,-0.4327448003525586,-0.8827752187578285,6-mer
TCGTGC,-0.5109619192773794,-0.8484121303427893,6-mer
TCGTGG,-0.39821583108784375,-0.2302030133664214,6-mer
TCGCAA,-0.5649068911324965,-0.6696786101116557,6-mer
TCGCAT,-0.47978210510427116,-0.7179708657823142,6-mer
TCGCAC,-0.34552699460559155,-0.355718424687507,6-mer
TCGCAG,-0.2889248853157765,-0.36262858164707473,6-mer
TCGCTA,0.4213842570138091,0.280514265338626,6-mer
TCGCTT,0.05090317824772973,0.41795498266113806,6-mer
TCGCTC,0.07375164778068131,0.3122813210324069,6-mer
TCGCTG,0.0301413764189331,0.3891949649659358,6-mer
TCGCCA,0.44551810573360556,0.9218366742006795,6-mer
TCGCCT,0.4438717646744857,0.1957568141269968,6-mer
TCGCCC,0.3494229865500355,0.2958657983011662,6-mer
TCGCCG,0.24347582291708517,0.4241891976483741,6-mer
TCGCGA,0.06262018357198643,0.11561541321877628,Palindromes
TCGCGT,-0.17866820017488189,-0.205682698444506,Inverted repeat
TCGCGC,-0.3810469675431967,-0.12916945914720704,Inverted repeat
TCGCGG,0.19386191465461683,0.3360350410827377,Inverted repeat
TCGGAA,-0.23233760861087738,-0.7917205061156349,6-mer
TCGGAT,0.1300605405643728,0.0343515047907771,6-mer
TCGGAC,-0.2183126023162809,-0.811390435292761,6-mer
TCGGAG,-0.5754802258375642,-0.7586373864163063,6-mer
TCGGTA,0.48698734115785874,1.1433899631403421,6-mer
TCGGTT,0.16422646401059393,0.7301862447922589,6-mer
TCGGTC,0.33448920394380155,0.3949915570770856,6-mer
TCGGTG,0.34952220333058626,0.7198050430080233,6-mer
TCGGCA,0.6516448884197659,0.5039007240942052,6-mer
TCGGCT,0.22483273621554814,0.47709846741109535,6-mer
TCGGCC,-0.2630344058337938,-0.04588243719322618,6-mer
TCGGCG,0.2373565649887454,0.34610497102009224,6-mer
TCGGGA,-0.03747470541866277,-0.5905159116400939,Inverted repeat
TCGGGT,0.13583827401404275,0.12408166544678932,6-mer
TCGGGC,-0.17872618647644778,-0.5433148033626648,6-mer
TCGGGG,-0.2360673582335245,-0.648600786621474,6-mer
TGAAAA,0.16640316349938716,0.311119812352005,6-mer
TGAAAT,0.08848048504191876,0.056716633225153405,6-mer
TGAAAC,-0.23742422702432292,-0.039075710278919894,6-mer
TGAAAG,-0.07738253131236401,0.21697025312938534,6-mer
TGAATA,0.3219280948873623,0.29332461283441325,6-mer
TGAATT,-0.24929090466890544,-0.4184224062401103,6-mer
TGAATC,-0.3469740687851299,-0.11342606133435428,6-mer
TGAATG,-0.1632594330744868,-0.3835345511005279,6-mer
TGAACA,0.1453678971983333,-0.013998955998020436,Inverted repeat
TGAACT,-0.004428665853770175,0.12790476982801824,6-mer
TGAACC,-0.3453146323525526,-0.03491525885725607,6-mer
TGAACG,-0.03421571533791304,-0.06371210432767527,6-mer
TGAAGA,0.43306999545042135,0.440401564767218,6-mer
TGAAGT,0.1639427067565755,0.2532153448033479,6-mer
TGAAGC,0.01079723978521147,0.28092512076198783,6-mer
TGAAGG,0.24999230416068716,0.1501184491001071,6-mer
TGATAA,-0.057776331279200635,0.4555868578546217,6-mer
TGATAT,-0.2447507693836108,0.20314971317081457,6-mer
TGATAC,-0.49509622601735187,0.08643044445778642,6-mer
TGATAG,0.22016950657792192,0.43904296228963313,6-mer
TGATTA,-0.33813888080326737,0.16538626029685521,6-mer
TGATTT,-0.03753893666218414,0.4266839402534572,6-mer
TGATTC,-0.5812513860294203,-0.2895835383669733,6-mer
TGATTG,0.1922189385091133,0.6770941381888076,6-mer
TGATCA,-0.3831861760953864,0.6262448089322898,Palindromes
TGATCT,-0.5872942641671608,0.24082645706844133,Inverted repeat
TGATCC,-0.10792138438799914,0.48565829413988904,Inverted repeat
TGATCG,-0.3357670023524267,0.6836064723150855,Inverted repeat
TGATGA,0.2800997536337693,0.9039372782191711,6-mer
TGATGT,0.43238306758994394,0.553863447174677,6-mer
TGATGC,0.18251846523502,0.38728529624033586,6-mer
TGATGG,0.2766770137924618,1.042006566389431,6-mer
TGACAA,-0.3522181070114753,-0.5184060156453992,6-mer
TGACAT,0.17959278531000222,-0.42051559931690663,6-mer
TGACAC,-0.28641733327174446,-0.5401926306011334,6-mer
TGACAG,0.040498081944646866,-0.29691241574568766,6-mer
TGACTA,0.20454472795587866,-0.0021953263798201376,6-mer
TGACTT,0.0927608546165618,0.08199337219730764,6-mer
TGACTC,-0.04974023280609682,-0.026911154101593584,6-mer
TGACTG,-0.13806873239218437,-0.02876558422660516,6-mer
TGACCA,0.2655485819411028,0.6600825041893077,Inverted repeat
TGACCT,0.06291708231476045,0.10103302193741671,6-mer
TGACCC,0.036074822389772214,0.04992006806971659,6-mer
TGACCG,0.21641577050211286,0.4993399996358552,6-mer
TGACGA,0.4078557744994737,0.22543041315016688,6-mer
TGACGT,-0.05300724966316135,-0.40815111369360385,6-mer
TGACGC,-0.062412607168564914,-0.22858425505071595,6-mer
TGACGG,0.4811398434712788,0.22092477620388645,6-mer
TGAGAA,-0.32556056438728453,-0.33985000288462475,6-mer
TGAGAT,-0.2723191623819253,0.2043493548221387,6-mer
TGAGAC,-1.032382139867977,-1.1350267934577225,6-mer
TGAGAG,-0.5902050957826073,-0.311048655474991,6-mer
TGAGTA,0.2824343596757009,0.7530384104154849,6-mer
TGAGTT,0.37805810888087915,0.9435841196543765,6-mer
TGAGTC,0.24565598815785386,0.2821987562571472,6-mer
TGAGTG,0.22287727936181104,0.48158476087584756,6-mer
TGAGCA,0.5933211962566091,0.6870218077208674,Inverted repeat
TGAGCT,0.18612335854700499,0.7024632965202985,6-mer
TGAGCC,0.17038998827048482,0.6791520811431326,6-mer
TGAGCG,0.14954776320239438,0.544859472101153,6-mer
TGAGGA,-0.20256976456989947,-0.6079108336952367,6-mer
TGAGGT,-0.2948238878216737,0.0,6-mer
TGAGGC,-0.3977090582716385,-0.26639677302455345,6-mer
TGAGGG,-0.43616183931445024,-0.8095614405212048,6-mer
TGTAAA,-0.37591748353560317,-0.41344721332212064,6-mer
TGTAAT,-0.2763663360686749,-0.3703474299764275,6-mer
TGTAAC,-0.21483083594620478,-0.349786314708396,6-mer
TGTAAG,-0.17438934756137045,-0.36217905213176854,6-mer
TGTATA,-0.5213464014251843,-0.49327184400452545,6-mer
TGTATT,0.05533962592017548,-0.15082490224776882,6-mer
TGTATC,-0.27772975657104504,-0.14268841716851,6-mer
TGTATG,-0.15790973441177195,-0.40535323547237107,6-mer
TGTACA,0.033284591712072244,-0.35546398847034666,Palindromes
TGTACT,0.06197089258257719,0.2228336799546267,Inverted repeat
TGTACC,-0.28502340960685185,-0.0034514251889291255,Inverted repeat
TGTACG,-0.00721950651308034,-0.009429412919930576,Inverted repeat
TGTAGA,0.18800804690054368,-0.42166623774474754,6-mer
TGTAGT,0.09797515956329732,-0.1345860403676405,6-mer
TGTAGC,-0.2863934212652983,-0.4361676660428597,6-mer
TGTAGG,0.0789694658182277,-0.5016514466883398,6-mer
TGTTAA,-0.4054251510815877,-0.6129768768907528,6-mer
TGTTAT,-0.011792367559749316,0.1853231666450764,6-mer
TGTTAC,-0.35738270685863405,-0.5260688116675875,6-mer
TGTTAG,-0.16507327201449812,-0.4843301376146649,6-mer
TGTTTA,0.290984387679094,0.23905485807050308,6-mer
TGTTTT,0.056270688664193644,-0.17967209752250546,6-mer
TGTTTC,-0.22162240528431087,-0.34772727175468976,6-mer
TGTTTG,0.4340126341348169,0.3527099883776726,6-mer
TGTTCA,0.14449479065839282,-0.08154385352735663,Inverted repeat
TGTTCT,0.16664986940945123,-0.4127815253384759,6-mer
TGTTCC,0.0754249966072649,-0.7637085498648434,6-mer
TGTTCG,-0.10802256251640564,-0.6238184365381797,6-mer
TGTTGA,0.1346958127614636,0.18940492995742234,6-mer
TGTTGT,0.24738114152230828,0.10052687595396444,6-mer
TGTTGC,0.07789975960345968,-0.31159061478846484,6-mer
TGTTGG,0.022100602162074687,0.27876733209839016,6-mer
TGTCAA,-0.6187170983496125,-0.6048882340085029,6-mer
TGTCAT,0.06654306362182491,-0.38117869526280795,6-mer
TGTCAC,0.46719104209540546,0.07202968627265355,6-mer
TGTCAG,-0.017135231612716087,-0.2501976870684128,6-mer
TGTCTA,0.4253058347326708,-0.4578247556077465,6-mer
TGTCTT,0.07400058144377666,-0.6603215029752192,6-mer
TGTCTC,-0.34967308537026653,-0.8890595631768361,6-mer
TGTCTG,-0.3451478135619503,-0.835801609584645,6-mer
TGTCCA,0.14344107994162603,-0.6594562269452908,Inverted repeat
TGTCCT,-0.20450082174016754,-1.2648366484677793,6-mer
TGTCCC,-0.17767623588872558,-1.400679864262469,6-mer
TGTCCG,0.19666322092463862,-0.9175378398080271,6-mer
TGTCGA,0.5913644265546364,-0.020766221830153808,6-mer
TGTCGT,0.2819911922855586,-0.41718917013389234,6-mer
TGTCGC,0.44372987624322896,-0.02930478323551345,6-mer
TGTCGG,0.730813367184611,0.06405196060771784,6-mer
TGTGAA,-0.5017027363319355,-0.6881255697765606,6-mer
TGTGAT,-0.15803504228080684,0.27839520033264875,6-mer
TGTGAC,-0.3808708961276519,-0.7268801891820891,6-mer
TGTGAG,-0.7763345671803742,-0.8054364443269045,6-mer
TGTGTA,0.22979911529806363,-0.2178680897856589,6-mer
TGTGTT,0.2734631232841647,0.018432082463244445,6-mer
TGTGTC,-0.21380172953895898,-0.9622647224111549,6-mer
TGTGTG,-0.22283797261883073,-0.6236386925163601,6-mer
TGTGCA,-0.21160303269218272,-1.021030524302431,Inverted repeat
TGTGCT,-0.01345421194967565,-0.3372353476752107,6-mer
TGTGCC,0.02180437031834833,-0.46358771213951044,6-mer
TGTGCG,-0.03909086614462783,-0.564345208122735,6-mer
TGTGGA,0.11645897658738284,-0.24293683647674416,6-mer
TGTGGT,0.07852608124704437,0.5536200769615721,6-mer
TGTGGC,-0.02448580953553239,0.04533217603648977,6-mer
TGTGGG,0.23997056257242555,-0.037742093991550964,6-mer
TGCAAA,-0.39438720755458495,-0.7973880772985577,6-mer
TGCAAT,-0.4658351073399048,-0.9530545863995676,6-mer
TGCAAC,-0.15500558160657332,-0.4480691250204465,6-mer
TGCAAG,-0.1790905430426486,-0.5325131629978522,6-mer
TGCATA,-0.2337971846086972,-0.7504804006406876,6-mer
TGCATT,-0.15662626366092894,-0.8624591002467237,6-mer
TGCATC,-0.14258594653915113,-0.34789701500585457,6-mer
TGCATG,-0.6480958131938723,-1.3865515770874357,6-mer
TGCACA,-0.1330991357201669,-0.780002590694626,Inverted repeat
TGCACT,-0.19787835829176012,-0.5763801134784254,6-mer
TGCACC,-0.3140898475160715,-0.2810758461266538,6-mer
TGCACG,-0.5426138578533857,-1.019822806092212,6-mer
TGCAGA,0.11626196515159473,-0.4127193844024558,6-mer
TGCAGT,-0.019807303753895375,-0.40303973306085455,6-mer
TGCAGC,0.0752727192457006,-0.11430857009731375,6-mer
TGCAGG,0.26114358637455337,-0.3145505506777419,6-mer
TGCTAA,-0.39301714342137795,-0.7798600303949309,6-mer
TGCTAT,-0.4084648453553575,-0.6425732238912516,6-mer
TGCTAC,-0.6093955054838172,-0.7297340249351304,6-mer
TGCTAG,-0.5319012569697426,-1.1358353466040911,6-mer
TGCTTA,-0.0946543215916466,-0.11477748216294682,6-mer
TGCTTT,-0.2849754777201772,-0.2623772912513156,6-mer
TGCTTC,-0.392472961029236,-0.53061842936486,6-mer
TGCTTG,-0.33788923539913346,-0.2789927438758903,6-mer
TGCTCA,0.5364147866135176,0.7417004032762399,Inverted repeat
TGCTCT,0.382957528284922,0.19632073608579412,6-mer
TGCTCC,-0.06792107230064821,-0.3775708374095739,6-mer
TGCTCG,0.09468301158961766,0.11205998294510935,6-mer
TGCTGA,0.5462633082948896,0.6725942552774168,6-mer
TGCTGT,0.541976575755511,0.21171844338319512,6-mer
TGCTGC,0.47696524842204563,0.37738814824387107,6-mer
TGCTGG,0.2325103189382325,0.43644453458450144,6-mer
TGCCAA,0.08435099110854546,0.12881346607316027,6-mer
TGCCAT,0.22366407857249632,0.10125756905458579,6-mer
TGCCAC,-0.06989213829386268,0.11663721010962295,6-mer
TGCCAG,0.030718585097974538,0.21841731240515305,6-mer
TGCCTA,0.5202153194065353,-0.18416692401809107,6-mer
TGCCTT,0.3903150698676123,-0.0262647899758283,6-mer
TGCCTC,-0.44699136113649646,-0.7616276484004753,6-mer
TGCCTG,-0.183451183888477,-0.584591102845276,6-mer
TGCCCA,0.18019998527570202,-0.02286910754622496,Inverted repeat
TGCCCT,0.24844496613205336,-0.47589080157368646,6-mer
TGCCCC,0.21547300739665723,-0.34031011931043165,6-mer
TGCCCG,0.20878911953662732,-0.4640819247718867,6-mer
TGCCGA,0.4961980360439792,0.4135388176442989,6-mer
TGCCGT,0.22697748190581274,-0.037450684322234806,6-mer
TGCCGC,0.2319205479981016,0.1414652147492051,6-mer
TGCCGG,-0.37200712602775154,-0.5224210346524432,6-mer
TGCGAA,-0.6203806198458816,-1.0123451904198284,6-mer
TGCGAT,-0.1099528130321483,0.1109822002020228,6-mer
TGCGAC,-0.25162144056069224,-0.8022465247194982,6-mer
TGCGAG,-0.6232542851422297,-0.7829142709701358,6-mer
TGCGTA,0.13415231425029708,0.08770738655830478,6-mer
TGCGTT,0.24699058306352858,0.20420968381550014,6-mer
TGCGTC,-0.3374461202738687,-1.0479899429348336,6-mer
TGCGTG,-0.04979392501615952,-0.283578900410631,6-mer
TGCGCA,0.07775314063500495,-0.2018594761581294,Palindromes
TGCGCT,0.09975850080301993,0.18608648509998893,Inverted repeat
TGCGCC,0.3672249176713653,0.23878122407062,Inverted repeat
TGCGCG,-0.12675714228593865,-0.20907157762656187,Inverted repeat
TGCGGA,0.3318385183145273,-0.27744182965481945,6-mer
TGCGGT,0.0991563064759972,0.3342363539248973,6-mer
TGCGGC,-0.039799585701914435,-0.04822243921961562,6-mer
TGCGGG,-0.15380533607903538,-0.600094950832844,6-mer
TGGAAA,0.24040289986929375,0.17302467914418715,6-mer
TGGAAT,0.15787607139423365,-0.21404988156269866,6-mer
TGGAAC,-0.3445642913303921,-0.5077195017886956,6-mer
TGGAAG,0.37507526980479916,0.23726569781797813,6-mer
TGGATA,0.38173575842971824,0.5222031335362868,6-mer
TGGATT,0.03527159846798458,0.17777619512806164,6-mer
TGGATC,-0.3572168448905013,0.19331656738476682,6-mer
TGGATG,0.45618960594514524,0.6625407530396515,6-mer
TGGACA,-0.07726665762170698,-0.6279384716379941,Inverted repeat
TGGACT,-0.5303561700706858,-0.7307997670541343,6-mer
TGGACC,-2.054211035453955,-1.9434164716336324,6-mer
TGGACG,0.2155497077364446,-0.30750903497439874,6-mer
TGGAGA,0.0969025371366446,0.08299683824530457,6-mer
TGGAGT,-0.289834465177509,-0.07513036088263651,6-mer
TGGAGC,-0.6786216079354013,-0.6173385026758227,6-mer
TGGAGG,-0.6106682149136312,-0.8384059555936014,6-mer
TGGTAA,-0.25564692013862067,0.5100506141390644,6-mer
TGGTAT,-0.24304293064632776,0.7215355535966,6-mer
TGGTAC,-0.4783892764303079,0.5408896108235367,6-mer
TGGTAG,-0.10619004931924456,0.47920488635356184,6-mer
TGGTTA,0.23268304829501338,1.0264722113611908,6-mer
TGGTTT,0.17515175142018005,0.9210388576544895,6-mer
TGGTTC,-0.5791451741258419,-0.12637728576955537,6-mer
TGGTTG,-0.2794744636212459,0.5934596773976963,6-mer
TGGTCA,0.2668650602934482,0.7891334200314614,Inverted repeat
TGGTCT,-0.5362108220882016,-0.3035725657086711,6-mer
TGGTCC,-1.678485462530086,-1.713695814843359,6-mer
TGGTCG,0.2384083460671896,0.6022893184510212,6-mer
TGGTGA,0.3795531192290623,1.2634391456431222,6-mer
TGGTGT,0.4153750112796552,0.7603769807762588,6-mer
TGGTGC,-0.22061321314527785,0.3377994875302441,6-mer
TGGTGG,0.16974941633397314,1.2041526769959434,6-mer
TGGCAA,0.16261824601970837,0.31744535164048254,6-mer
TGGCAT,0.08642322320971084,0.04839997631340571,6-mer
TGGCAC,-0.2657546960779406,-0.08991406523167467,6-mer
TGGCAG,0.008615468301855472,0.27169690208286473,6-mer
TGGCTA,0.4885186051229531,0.6495027529158668,6-mer
TGGCTT,0.19643450379002295,0.7475010680303832,6-mer
TGGCTC,-0.10173868224909882,0.4446106146621909,6-mer
TGGCTG,-0.15029012311508425,0.43779069899074097,6-mer
TGGCCA,-0.32405335189956663,0.2520661642019433,Palindromes
TGGCCT,-0.08883474929115559,0.09190369468278592,Inverted repeat
TGGCCC,-1.259639464605216,-1.1503374842076404,Inverted repeat
TGGCCG,-0.0380377600694524,0.3960293845117594,Inverted repeat
TGGCGA,0.564446430687023,1.0004313634479405,6-mer
TGGCGT,0.38032818446606614,0.7948612599953646,6-mer
TGGCGC,-0.08387158799144245,0.48716606190877837,6-mer
TGGCGG,0.24172802718184316,0.7003253441039917,6-mer
TGGGAA,0.04264764634586835,-0.3216944411430847,6-mer
TGGGAT,0.24066659280533936,0.4508258280696197,6-mer
TGGGAC,-0.42342876953798436,-0.7122289158446996,6-mer
TGGGAG,-0.8225329795750135,-0.7319073043431773,6-mer
TGGGTA,0.3841257401113639,1.0025039549951629,6-mer
TGGGTT,0.19682959202820807,0.4431144414074198,6-mer
TGGGTC,-0.4327481935957803,-0.36780114317172896,6-mer
TGGGTG,-0.012165976270821905,0.3071660333617415,6-mer
TGGGCA,0.39452322561999803,0.12802208752873862,Inverted repeat
TGGGCT,0.05872484417762069,0.13273306651473318,6-mer
TGGGCC,-1.1790560131944408,-1.078517208774798,6-mer
TGGGCG,0.11747851673805361,0.05285543553113445,6-mer
TGGGGA,0.428344987231058,0.10599069568821373,6-mer
TGGGGT,0.2547771410625089,0.36718437601701254,6-mer
TGGGGC,-0.24183113280861315,-0.4055735194810271,6-mer
TGGGGG,0.0438778286139084,-0.22802795600588063,6-mer
CAAAAA,-0.266799895087286,-0.05273979763094413,6-mer
CAAAAT,0.22907652179687793,0.142125485126108,6-mer
CAAAAC,0.227711883061031,0.26426275417610356,6-mer
CAAAAG,-0.46903539327929555,-0.359816551803426,6-mer
CAAATA,-0.1903475035263752,-0.2769161147030259,6-mer
CAAATT,-0.12226263312160546,-0.44952587566413443,6-mer
CAAATC,-0.3275019397119543,-0.16529879438567147,6-mer
CAAATG,-0.27326114768104204,-0.5574653959847191,Inverted repeat
CAAACA,0.14672815140437584,0.20245211613240752,6-mer
CAAACT,0.08874245786925855,0.4693071618069647,6-mer
CAAACC,-0.0588477060087067,0.6491828902085236,6-mer
CAAACG,0.13393152052303173,0.5065572891073099,6-mer
CAAAGA,-0.10635842126795525,0.054413742540068304,6-mer
CAAAGT,-0.1376600237274045,0.1570908484764079,6-mer
CAAAGC,-0.13142711415816913,0.25143977937776457,6-mer
CAAAGG,-0.09623787011516062,-0.04479761398865705,6-mer
CAATAA,0.2256259565882298,0.2915266163468107,6-mer
CAATAT,0.6631043295146662,0.5106453320128749,6-mer
CAATAC,0.8061728695204496,0.809177657664422,6-mer
CAATAG,-0.02488977974474986,-0.3164453985496809,6-mer
CAATTA,-0.47157039877254575,-0.77586280866146,Inverted repeat
CAATTT,-0.07086775437261497,-0.2983925804265733,Inverted repeat
CAATTC,-0.2517544809677911,-0.7473873996527177,Inverted repeat
CAATTG,-0.4558783710371563,-0.7148332764986397,Palindromes
CAATCA,0.1270288967977314,0.6266495827838642,6-mer
CAATCT,-0.06512564276508302,0.09868124945671365,6-mer
CAATCC,0.37042864066005105,0.34327787363596557,6-mer
CAATCG,0.25391313379801045,0.5344384786550428,6-mer
CAATGA,-0.06296653116880009,0.042633282316437315,6-mer
CAATGT,-0.0715987970477912,-0.6815580808908851,6-mer
CAATGC,0.11153773173187989,-0.38974958755759054,6-mer
CAATGG,0.04454775659789771,0.1181261008621073,6-mer
CAACAA,0.26243567554470104,0.22537012113634344,6-mer
CAACAT,0.3800060964523761,-0.11624236993900577,6-mer
CAACAC,0.3737577600171665,0.18567718249537846,6-mer
CAACAG,-0.11083376411500118,-0.34079195730457124,6-mer
CAACTA,-0.6602897514282211,-0.5963672639934056,6-mer
CAACTT,-0.2352493382621351,-0.056260886065819214,6-mer
CAACTC,0.05854938803472669,0.24599150701805067,6-mer
CAACTG,0.2556904102664318,0.36564381025934173,Inverted repeat
CAACCA,-0.21770178322897196,0.5115730260955752,6-mer
CAACCT,-0.1778841601969397,0.06609678041376929,6-mer
CAACCC,0.0720158162721158,0.13930177276995764,6-mer
CAACCG,-0.21218794210231434,0.2347056827752994,6-mer
CAACGA,-0.16818426775078016,-0.1266372872521496,6-mer
CAACGT,0.039674393342173604,-0.29385590238660925,6-mer
CAACGC,0.31223383020982315,0.6002769221978258,6-mer
CAACGG,-0.04720320331770403,-0.25016637161649585,6-mer
CAAGAA,0.10864126000382392,-0.05463525657684569,6-mer
CAAGAT,0.011140557605200382,0.41840959674134304,6-mer
CAAGAC,-0.14591780786443437,-0.40793538359362985,6-mer
CAAGAG,0.4452377370545429,0.6807130477247919,6-mer
CAAGTA,-0.25984612820274633,0.14253911364723332,6-mer
CAAGTT,-0.456570296379283,-0.2630344058337938,6-mer
CAAGTC,0.002843995087677365,-0.09126805756731374,6-mer
CAAGTG,-0.2596544080966899,-0.03909159038894445,Inverted repeat
CAAGCA,-0.18548071200190996,-0.26279052196187686,6-mer
CAAGCT,-0.11699664361713667,0.2681609879433775,6-mer
CAAGCC,0.22329664890656192,0.5138279790937225,6-mer
CAAGCG,-0.09698460369281418,0.26539613646759236,6-mer
CAAGGA,-0.05846858313049199,-0.5975138175547873,6-mer
CAAGGT,0.6990808341613508,0.7947967852896678,6-mer
CAAGGC,0.44738025517266466,0.2329573412542387,6-mer
CAAGGG,0.10284426364894211,-0.4659042689054229,6-mer
CATAAA,-0.15111773285212765,-0.0346370016720173,6-mer
CATAAT,-0.4959039613856877,-0.6119592330991735,6-mer
CATAAC,0.03777334263192515,0.2837191727451142,6-mer
CATAAG,-0.6783985653746216,-0.5069861812025388,6-mer
CATATA,-1.0520467477695954,-1.045692090692869,Inverted repeat
CATATT,0.03731991811730849,-0.324711302388618,Inverted repeat
CATATC,-0.07904946055294379,0.12409034772464383,Inverted repeat
CATATG,-1.0207918016050517,-1.4227897750030305,Palindromes
CATACA,-0.09560462196099946,-0.3083012786813241,6-mer
CATACT,-0.19657324782792876,-0.050827061512879884,6-mer
CATACC,0.09965894394368298,0.5177111730683153,6-mer
CATACG,-0.28501277492928867,-0.40150604209536955,6-mer
CATAGA,-0.0631789455951738,-0.3791681397796846,6-mer
CATAGT,-0.060890668341151234,-0.13043494008030138,6-mer
CATAGC,-0.2181801700495334,-0.49792679019850034,6-mer
CATAGG,0.17479707660947102,-0.3830341819444237,6-mer
CATTAA,0.47905974671380147,0.03534396182872491,6-mer
CATTAT,0.05787734872207538,-0.2602450484433328,6-mer
CATTAC,0.46311666544515323,0.13390128706973936,6-mer
CATTAG,0.34772050206474164,-0.2560042037662648,6-mer
CATTTA,-0.4611555174058712,-0.6665148736902381,6-mer
CATTTT,0.23838300987722383,0.008069429975886017,6-mer
CATTTC,-0.012213145239731922,-0.3638923327966782,6-mer
CATTTG,-0.31749461033958576,-0.572081209424424,Inverted repeat
CATTCA,0.020295926218465307,-0.23644019582208073,6-mer
CATTCT,0.011443533411614179,-0.4897744800061515,6-mer
CATTCC,0.1281132724646892,-0.6272733055791205,6-mer
CATTCG,0.07959682649758358,-0.4402678181208053,6-mer
CATTGA,0.34451781719346614,0.37831157155640815,6-mer
CATTGT,-0.3255627433047707,-0.7581233715880835,6-mer
CATTGC,-0.03867059321811045,-0.5174752262360537,6-mer
CATTGG,0.03082292346690013,0.047001792984608215,6-mer
CATCAA,0.35678968838014824,0.792030732402671,6-mer
CATCAT,0.254232284410632,0.5772584410457008,6-mer
CATCAC,0.47461639140437073,1.0564493304181855,6-mer
CATCAG,-0.08335243793752749,0.38178241779782907,6-mer
CATCTA,-0.2998077818358947,-0.4706298252421612,6-mer
CATCTT,-0.05347191106364575,0.08689667712879741,6-mer
CATCTC,-0.08725328426821621,0.03753971657343511,6-mer
CATCTG,-0.3459122204816337,-0.24581827025725894,Inverted repeat
CATCCA,0.3048545815284209,0.532347874557734,6-mer
CATCCT,-0.106685457114388,-0.4408956671998695,6-mer
CATCCC,0.4066578336628705,0.10764911976135558,6-mer
CATCCG,0.13606154957602823,0.05527832198332866,6-mer
CATCGA,0.25640866670581935,0.5458005485708923,6-mer
CATCGT,-0.20991985824387507,-0.03936243227077356,6-mer
CATCGC,0.22045961701312047,0.5200845575060788,6-mer
CATCGG,0.4689775392257752,0.5730795092052342,6-mer
CATGAA,-0.3316487046494461,-0.4922804982113042,6-mer
CATGAT,-0.3097784601677062,-0.08793783101682376,6-mer
CATGAC,-0.02589931547720529,-0.5364816994827449,6-mer
CATGAG,-0.5123673699885203,-0.435165700779792,6-mer
CATGTA,-0.7146304504925132,-1.2876070842795035,6-mer
CATGTT,-0.0822231253076734,-0.6339679581531289,6-mer
CATGTC,0.019134817687133272,-0.9221550771643667,6-mer
CATGTG,-0.5542657034982398,-1.201281425589325,Inverted repeat
CATGCA,-0.32747959780635943,-1.0854199835637561,6-mer
CATGCT,-0.10896733629907583,-0.42513337701435094,6-mer
CATGCC,0.1445264829179801,-0.43142217213770817,6-mer
CATGCG,-0.3979345091754738,-0.8881391835342083,6-mer
CATGGA,-0.21337906884274982,-0.5676065615873869,6-mer
CATGGT,-0.052657360654187406,0.27123791485918025,6-mer
CATGGC,0.03886150049272809,0.09412217736455024,6-mer
CATGGG,0.002285759719058656,-0.2539513010713554,6-mer
CACAAA,-0.09979337924495671,-0.17520675940263755,6-mer
CACAAT,-0.0679416300034495,-0.42073689452295204,6-mer
CACAAC,-0.065425845705767,-0.08612616438434037,6-mer
CACAAG,0.045755794816678554,-0.11897081196143935,6-mer
CACATA,0.024864126514295492,-0.15460233179448318,6-mer
CACATT,0.04185932032815465,-0.5606401743764505,6-mer
CACATC,0.3594890884750088,0.2935491566467917,6-mer
CACATG,-0.8431311513831339,-1.4685035241337734,Inverted repeat
CACACA,-0.093001800808296,-0.5797433394616437,6-mer
CACACT,0.06527185702810885,0.06387636417006952,6-mer
CACACC,0.23005198913436506,0.4550230336337684,6-mer
CACACG,-0.582774941483392,-0.7811257891692783,6-mer
CACAGA,-0.3392874390089493,-0.601550993049848,6-mer
CACAGT,-0.22746216763621288,-0.39449875602619056,6-mer
CACAGC,-0.14158130777577774,-0.2014347176755267,6-mer
CACAGG,0.15484304523001144,-0.2535273200894182,6-mer
CACTAA,0.3960082711032145,0.2983925804265733,6-mer
CACTAT,0.1798931705335481,0.18286405714981044,6-mer
CACTAC,0.17589184320412585,0.2859575501139141,6-mer
CACTAG,-0.32572420889429465,-0.593923368292778,6-mer
CACTTA,-0.38156279472775567,-0.3128743547338702,6-mer
CACTTT,0.2720429379035495,0.5407313149041136,6-mer
CACTTC,0.4284724355744371,0.459015196339446,6-mer
CACTTG,-0.15364391823481705,0.11969267213664572,Inverted repeat
CACTCA,0.18162559843285533,0.5746262561595056,6-mer
CACTCT,0.2514659936578628,0.4144130911146327,6-mer
CACTCC,-0.34147831145664936,-0.45577900400807053,6-mer
CACTCG,0.017584972887482824,0.2692529285689511,6-mer
CACTGA,0.1359301705444847,0.5793094300571577,6-mer
CACTGT,-0.028844436277344437,-0.0501023137464119,6-mer
CACTGC,0.19733169291673228,0.2635639323733737,6-mer
CACTGG,0.16728028018674865,0.5691909807220924,6-mer
CACCAA,0.2468423723312079,0.9992468310761392,6-mer
CACCAT,0.08369708005414118,0.6966758731404895,6-mer
CACCAC,0.46673857123379153,1.3701990167940403,6-mer
CACCAG,-0.34488715227737315,0.4233876186245396,6-mer
CACCTA,-0.03855324076939301,0.035861498835896906,6-mer
CACCTT,0.39541571808897463,0.5962878226211276,6-mer
CACCTC,-0.12161912650273013,0.10780328953451467,6-mer
CACCTG,-0.22861820281331274,-0.21659883284350925,Inverted repeat
CACCCA,-0.08147674331676626,0.24781228681192885,6-mer
CACCCT,-0.30521177607818817,-0.29258930007917267,6-mer
CACCCC,-0.2563397532597854,0.009149437093808874,6-mer
CACCCG,-0.16238511197217093,0.03519856236295116,6-mer
CACCGA,0.3055306511754288,0.8163530491949161,6-mer
CACCGT,0.21097085993135234,0.4368580359683006,6-mer
CACCGC,0.313393096374359,1.0031003487022405,6-mer
CACCGG,-0.2908485151582598,0.12267442817946635,6-mer
CACGAA,-0.4747668252980114,-0.673053830346013,6-mer
CACGAT,-0.10361235469992053,0.13824119220056538,6-mer
CACGAC,0.2107255325677521,-0.12965210278867703,6-mer
CACGAG,-0.6928993227902768,-0.6865411258814492,6-mer
CACGTA,-0.22952988178391667,-0.4240262825060983,Inverted repeat
CACGTT,-0.022818082345091733,-0.1469373409109226,Inverted repeat
CACGTC,-0.46228561569245047,-1.0202842714543547,Inverted repeat
CACGTG,-1.207691371990019,-1.4843959625026664,Palindromes
CACGCA,-0.17225784873638644,-0.32851813057410173,6-mer
CACGCT,-0.034614803734093536,0.09477822475209996,6-mer
CACGCC,0.1121403618522553,0.24958019388411787,6-mer
CACGCG,-0.49033674129404836,-0.26078966438063506,6-mer
CACGGA,0.021551863965924865,-0.44650283740121344,6-mer
CACGGT,0.09187532790261983,0.2876326337227794,6-mer
CACGGC,0.03906956467859219,0.01117979913006733,6-mer
CACGGG,-0.2183793588298246,-0.684932819162272,6-mer
CAGAAA,0.23004878439523344,0.08633837116933742,6-mer
CAGAAT,0.08839885505236561,-0.3727162048015381,6-mer
CAGAAC,-0.26203772528231306,-0.5566734562897324,6-mer
CAGAAG,0.2059362357750681,-0.019230113883997608,6-mer
CAGATA,0.1587826878802437,0.33735813545696836,6-mer
CAGATT,-0.3085981199388262,-0.17434029193030617,6-mer
CAGATC,-0.08728032558928393,0.4534489271305291,6-mer
CAGATG,-0.18765345983838994,-0.08372182589750297,Inverted repeat
CAGACA,0.1788947395222725,-0.4155314883406431,6-mer
CAGACT,-0.34617564113403965,-0.6735238872564372,6-mer
CAGACC,-0.2895544828588265,-0.4998683395587278,6-mer
CAGACG,-0.05753263518529149,-0.5938523750528558,6-mer
CAGAGA,-0.04730571477835657,-0.106101424610801,6-mer
CAGAGT,0.029882602394499937,0.11979451253471438,6-mer
CAGAGC,0.21244302282611513,0.30342550866093293,6-mer
CAGAGG,-0.11908589012020149,-0.3960433230372289,6-mer
CAGTAA,0.4120603580948216,0.6825610414951625,6-mer
CAGTAT,0.1523449238081913,0.44021606227484067,6-mer
CAGTAC,0.31060991808132166,0.7127761285991353,6-mer
CAGTAG,0.15814524633857852,0.3600326999128645,6-mer
CAGTTA,-0.2086573959310269,-0.10183896651645045,6-mer
CAGTTT,0.20684727671181863,0.32321220270768736,6-mer
CAGTTC,0.1254375369936713,-0.02984201152892551,6-mer
CAGTTG,0.12955044516989442,0.381827005233382,Inverted repeat
CAGTCA,-0.16310406806460923,-0.1581138034252209,6-mer
CAGTCT,-0.707505993692542,-0.9535150976375115,6-mer
CAGTCC,0.29309163968997365,0.30954437043152994,6-mer
CAGTCG,-0.2789759497028154,-0.4222330006830476,6-mer
CAGTGA,0.3062067593742424,0.6484777475151022,6-mer
CAGTGT,0.19479803318583647,-0.041415151817489296,6-mer
CAGTGC,0.18321961404667728,0.06519826590777739,6-mer
CAGTGG,0.21213419147823362,0.6769408230939887,6-mer
CAGCAA,0.4785850473386291,0.4504541926648391,6-mer
CAGCAT,0.2776393240295134,0.12010866615158171,6-mer
CAGCAC,0.3931490026244972,0.3968801129720562,6-mer
CAGCAG,0.580896113778487,0.584332089943859,6-mer
CAGCTA,-0.5673987516545116,-0.4177352068329584,Inverted repeat
CAGCTT,0.033992347591864036,0.47393118833241227,Inverted repeat
CAGCTC,0.2388690880726644,0.5535673044456216,Inverted repeat
CAGCTG,-1.7837541212563253,-1.4004614974340521,Palindromes
CAGCCA,-0.07849893351063868,0.4590479741619906,6-mer
CAGCCT,-0.3130598660972534,-0.326360341202623,6-mer
CAGCCC,0.14174206127860392,0.5077195017886958,6-mer
CAGCCG,-0.607881464482206,-0.3902488679862976,6-mer
CAGCGA,-0.04683005995520696,0.2655456249898437,6-mer
CAGCGT,0.15754127698648,0.2600628393025029,6-mer
CAGCGC,0.1229849930445973,0.5042048550451874,6-mer
CAGCGG,-0.002430826254762185,0.2781533440357766,6-mer
CAGGAA,0.27170112598543056,-0.37659696465699377,6-mer
CAGGAT,-0.1528284960113216,-0.3576613922344951,6-mer
CAGGAC,-0.03467257765477954,-1.1751999434829867,6-mer
CAGGAG,-0.35758963801378657,-0.7213816989477514,6-mer
CAGGTA,-0.004259738821386216,0.4735872391018192,6-mer
CAGGTT,-0.2752398007313754,-0.09391139176045159,6-mer
CAGGTC,-0.5675362203304929,-0.6336165287199781,6-mer
CAGGTG,-0.7542543572978058,-0.5380644263675401,Inverted repeat
CAGGCA,-0.27181839570510363,-0.5273585241450921,6-mer
CAGGCT,-0.23303596030878435,-0.2736928873325161,6-mer
CAGGCC,-0.7494463440296034,-0.7322120641955716,6-mer
CAGGCG,-0.254976367470928,-0.4329594072761061,6-mer
CAGGGA,-0.34124665761022577,-0.9232102537611587,6-mer
CAGGGT,0.09937314383284827,-0.2480173701930703,6-mer
CAGGGC,0.1176143679001298,-0.4854268271702417,6-mer
CAGGGG,-0.35382143067669847,-1.0339473319233377,6-mer
CTAAAA,-0.005898408309083525,-0.1781553813010184,6-mer
CTAAAT,0.0595848004636178,-0.3015770820911874,6-mer
CTAAAC,0.27883828358347473,0.284976958714471,6-mer
CTAAAG,0.3707641053741135,0.1919605251224874,Inverted repeat
CTAATA,-0.17523457291134942,-0.48037359944395647,6-mer
CTAATT,-0.21763889136581327,-0.8227040048238804,6-mer
CTAATC,-0.7884259103273451,-0.9121821212085827,6-mer
CTAATG,0.1267658019460272,-0.5894406058403079,6-mer
CTAACA,0.19264507794239571,-0.019964352526121155,6-mer
CTAACT,0.2151744198341315,0.01564297775250054,6-mer
CTAACC,0.21959587449321025,0.24824632598055513,6-mer
CTAACG,0.7576699879307413,0.20345462500750655,6-mer
CTAAGA,-0.44125924389467325,-0.788993719186966,6-mer
CTAAGT,-0.29059438509020014,-0.38594055337077066,6-mer
CTAAGC,0.3719331952621605,0.23278019013120074,6-mer
CTAAGG,0.4289456793198941,0.11944683572513201,6-mer
CTATAA,-0.3112434988764136,-0.542494359580699,Inverted repeat
CTATAT,-0.36975661997797743,-0.5196791363784882,Inverted repeat
CTATAC,-0.2995602818589078,-0.3063071142994926,Inverted repeat
CTATAG,-0.38702312310924736,-0.7393680843815107,Palindromes
CTATTA,0.02284291655642993,-0.1974460642062168,6-mer
CTATTT,0.3876141342206239,0.12567344792624843,6-mer
CTATTC,-0.019258877037068352,-0.5583768387216894,6-mer
CTATTG,-0.027309706424172367,-0.2547360186519601,6-mer
CTATCA,-0.3260217428444202,0.05473606357991228,6-mer
CTATCT,0.29391371871776584,0.4242457963761772,6-mer
CTATCC,0.5794769616374265,0.46240931843719263,6-mer
CTATCG,0.6549641381266038,0.7600492072792475,6-mer
CTATGA,-0.3259863114617158,-0.32161271724026763,6-mer
CTATGT,0.10326517594897154,-0.3346573336643023,6-mer
CTATGC,0.09359038290598441,-0.17278708691726002,6-mer
CTATGG,-0.02445695452173468,-0.17887395816979515,6-mer
CTACAA,-0.13546553069893946,-0.34991982260538673,6-mer
CTACAT,-0.17976761927356333,-0.6698513983076692,6-mer
CTACAC,0.025252791931911513,-0.3578767774497308,6-mer
CTACAG,-0.1313328768709987,-0.409520494311278,Inverted repeat
CTACTA,-0.27376081242685213,-0.3759581800369102,6-mer
CTACTT,0.11770531831205325,0.34397761825388246,6-mer
CTACTC,0.2628312236574297,0.4324326766022154,6-mer
CTACTG,0.08333844602311277,0.14758171382488422,6-mer
CTACCA,-0.33579074826910793,0.14760597013598414,6-mer
CTACCT,0.0548128846293836,0.23446525363702295,6-mer
CTACCC,0.22173380683476115,0.26218601119547275,6-mer
CTACCG,0.07730572616744892,0.4995147980377413,6-mer
CTACGA,-0.05758749155294357,-0.07976969280335547,6-mer
CTACGT,-0.0867247010240101,-0.3765633514642081,6-mer
CTACGC,0.10454677633440047,-0.021216485909695874,6-mer
CTACGG,0.22912334576908308,0.03242147769237732,6-mer
CTAGAA,0.12230056468300857,-0.5109619192773794,6-mer
CTAGAT,-0.44075777783651326,-0.7017447340970053,6-mer
CTAGAC,-0.20968498124085996,-1.092382056233454,6-mer
CTAGAG,0.262717364839025,-0.22310293356006233,Inverted repeat
CTAGTA,-0.7764436455299161,-0.9740937067572681,6-mer
CTAGTT,-1.1059591848677286,-1.096111892553005,6-mer
CTAGTC,-0.9928705359418952,-1.5079214649573283,6-mer
CTAGTG,-0.29837902119893683,-0.7989180849089641,6-mer
CTAGCA,-0.7433633653643568,-1.2852571441936271,6-mer
CTAGCT,-0.5575899820449548,-0.7133787738485902,6-mer
CTAGCC,-0.09088679566211141,-0.39231742277876036,6-mer
CTAGCG,-0.05741324249893757,-0.5057415128129485,6-mer
CTAGGA,0.008189397813346776,-0.7179751413400719,6-mer
CTAGGT,0.061400544664143276,-0.39231742277876036,6-mer
CTAGGC,-0.11912499443508018,-0.6883402405664646,6-mer
CTAGGG,-0.004278881161980866,-0.8541491335365452,6-mer
CTTAAA,-0.34233495786521434,-0.32918984942197166,Inverted repeat
CTTAAT,-0.10586090194372526,-0.18113415218870554,Inverted repeat
CTTAAC,-0.04099975140330555,-0.011972641666075848,Inverted repeat
CTTAAG,-0.32108662793968745,-0.12303626561577662,Palindromes
CTTATA,-0.49919627715594916,-0.2399864813511862,6-mer
CTTATT,-0.0491390565477902,-0.06954613964945998,6-mer
CTTATC,0.49439088028229006,0.706288779007444,6-mer
CTTATG,-0.21743321963058393,-0.23328706243974173,6-mer
CTTACA,-0.4020151847464519,-0.5259562374378174,6-mer
CTTACT,-0.009611594784291458,0.2566928789599671,6-mer
CTTACC,-0.030358430661133674,0.506667974744412,6-mer
CTTACG,0.12429616427520812,0.1108125316261622,6-mer
CTTAGA,-0.1764309653017224,-0.33872007930777975,6-mer
CTTAGT,-0.13103067923123382,-0.19719934423282579,6-mer
CTTAGC,-0.0015218303530213572,-0.05054894216343571,6-mer
CTTAGG,0.6631876680266585,0.5524667549254504,6-mer
CTTTAA,-0.050728642835813076,-0.04004816064006756,6-mer
CTTTAT,0.45396179885418525,0.621272064422469,6-mer
CTTTAC,0.18617848244116514,0.5893122432756052,6-mer
CTTTAG,0.09976520104179526,0.03532446440185565,Inverted repeat
CTTTTA,-0.12124569787954824,-0.0892363952442751,6-mer
CTTTTT,-0.08005829905161056,0.12424030520564411,6-mer
CTTTTC,-0.2546741639286251,-0.26070371866956205,6-mer
CTTTTG,-0.1804396389005271,-0.06713716486914692,6-mer
CTTTCA,-0.32560375303076056,0.03080604678117467,6-mer
CTTTCT,0.29134692009748936,0.1816190244874908,6-mer
CTTTCC,0.049758431889349676,-0.19195130777231117,6-mer
CTTTCG,-0.3118992292374733,-0.21256933885080612,6-mer
CTTTGA,-0.006004830421893116,0.33821948717242245,6-mer
CTTTGT,0.1542250175572604,-0.033328955395499855,6-mer
CTTTGC,-0.11187277933641865,-0.2714379984468981,6-mer
CTTTGG,0.10860547720752695,0.42596038605536607,6-mer
CTTCAA,0.15975319638502092,0.3354267434926748,6-mer
CTTCAT,0.17536708651056018,0.08234093040820448,6-mer
CTTCAC,0.24512752833667376,0.4297126540822981,6-mer
CTTCAG,-0.40586691338725817,-0.3348431853619112,Inverted repeat
CTTCTA,0.2552570552420746,-0.17752140505284278,6-mer
CTTCTT,0.4565325605966833,0.3543843066034293,6-mer
CTTCTC,-0.15774550694902842,-0.37632323445203847,6-mer
CTTCTG,0.2968690040877953,0.04966815512321243,6-mer
CTTCCA,0.30465723592372373,0.10930446733719956,6-mer
CTTCCT,0.2011323490788096,-0.35625881640660206,6-mer
CTTCCC,0.23935078164102083,-0.29738591062457076,6-mer
CTTCCG,0.13087980187929577,-0.3005720217524509,6-mer
CTTCGA,-0.20271760487959473,-0.24201662456471082,6-mer
CTTCGT,-0.2928729003914134,-0.5306297137129802,6-mer
CTTCGC,-0.24467386871245428,-0.3148237081874122,6-mer
CTTCGG,0.33215061924902173,0.17954942033071267,6-mer
CTTGAA,-0.20925065825628733,-0.1102541109721249,6-mer
CTTGAT,-0.028707136515262275,0.6554100969556581,6-mer
CTTGAC,-0.796466605914868,-0.6368902927650172,6-mer
CTTGAG,0.14363588929480398,0.5412169293803176,Inverted repeat
CTTGTA,-0.2733501103234923,-0.27995290736913175,6-mer
CTTGTT,0.10487569830611305,0.03691862778777919,6-mer
CTTGTC,-0.18491118136615814,-0.6710102412784514,6-mer
CTTGTG,0.015811202454287115,-0.23000107222618954,6-mer
CTTGCA,-0.08704880909341842,-0.4276186162980516,6-mer
CTTGCT,0.3927285304922174,0.4970617160688381,6-mer
CTTGCC,-0.09362414051591654,-0.10890456349644978,6-mer
CTTGCG,-0.04749801001901286,-0.03928287460795691,6-mer
CTTGGA,-0.14243394638343387,-0.0069241581567909575,6-mer
CTTGGT,0.1537484300248276,0.9148780760985563,6-mer
CTTGGC,0.014029559904058058,0.47824439975472716,6-mer
CTTGGG,0.15990329664564085,0.3424157608207051,6-mer
CTCAAA,-0.3119888655377314,0.002386592836877788,6-mer
CTCAAT,0.5850288025682181,0.7434399283267561,6-mer
CTCAAC,0.2136809674656706,0.6018144189577991,6-mer
CTCAAG,0.30870320740597257,0.7984767707111513,Inverted repeat
CTCATA,-0.5834989499581691,-0.3362044679748643,6-mer
CTCATT,-0.12233554292405213,-0.1073340441113215,6-mer
CTCATC,0.2897545242393082,0.7733074412299268,6-mer
CTCATG,-0.32888988847516765,-0.24158598656975877,6-mer
CTCACA,-0.8169951715136978,-0.8676639400110265,6-mer
CTCACT,0.03623914343132733,0.5083972428466118,6-mer
CTCACC,0.28096174567502014,1.0367081150250266,6-mer
CTCACG,-0.014355292977069778,0.09829464548222483,6-mer
CTCAGA,-0.42410420073899724,-0.1778446647385502,6-mer
CTCAGT,0.09606099545059348,0.5218656653961142,6-mer
CTCAGC,-0.05321667726796865,0.32374623632634175,6-mer
CTCAGG,-0.09492842752481137,-0.024783100929888106,6-mer
CTCTAA,0.4166872364979367,0.042214947906937944,6-mer
CTCTAT,0.5788822053684104,0.4471738875441719,6-mer
CTCTAC,0.4010719796070986,0.35654184996869925,6-mer
CTCTAG,0.47061083004080095,-0.04316301260404576,Inverted repeat
CTCTTA,-0.39401971800976066,-0.29934810522187716,6-mer
CTCTTT,0.42521590329938436,0.5248555823273471,6-mer
CTCTTC,1.0,0.7674104645481193,6-mer
CTCTTG,0.24953509679509825,0.32598124422660874,6-mer
CTCTCA,-0.4601808760111304,-0.25909645630895917,6-mer
CTCTCT,0.377256091964664,0.5093554635587388,6-mer
CTCTCC,0.47678764223680487,0.26701975378497295,6-mer
CTCTCG,0.05155351394092789,-0.011438672734847121,6-mer
CTCTGA,-0.44416486198398686,-0.20458959881669492,6-mer
CTCTGT,0.18054444831730668,-0.1142436174808254,6-mer
CTCTGC,0.4412270232597066,0.15389577333722065,6-mer
CTCTGG,0.2247196288467871,0.4028111969455843,6-mer
CTCCAA,-0.4760755122057133,-0.35781263058589347,6-mer
CTCCAT,-0.1822589039193129,-0.28721578923417934,6-mer
CTCCAC,-0.24218353090878153,-0.13821614171497404,6-mer
CTCCAG,-0.23620623247350156,-0.36491401985300714,Inverted repeat
CTCCTA,-0.4129143273858741,-1.0294009164405593,6-mer
CTCCTT,0.022673501140815407,-0.31608721629830183,6-mer
CTCCTC,0.1372363827361377,-0.11376887495757461,6-mer
CTCCTG,-0.3161457422933562,-0.5906090638622983,6-mer
CTCCCA,-0.4314319375295124,-0.860707958304504,6-mer
CTCCCT,-0.48453819453303715,-0.9060159699128075,6-mer
CTCCCC,0.23972417212441563,-0.05388941919710425,6-mer
CTCCCG,-0.06955128253475731,-0.6682180043705084,6-mer
CTCCGA,-0.39487906184985494,-0.4420342316568613,6-mer
CTCCGT,-0.33023967804985555,-0.8691059331490483,6-mer
CTCCGC,-0.5456495766963301,-0.6699651037806857,6-mer
CTCCGG,-0.06941222318700474,-0.5875596122071954,6-mer
CTCGAA,-0.3675595423671838,-0.3868629926866522,Inverted repeat
CTCGAT,0.37112159265675154,0.7119986786496307,Inverted repeat
CTCGAC,0.3219280948873623,0.07973543081678283,Inverted repeat
CTCGAG,-1.1645021135966913,-1.1367226333163156,Palindromes
CTCGTA,-0.4747795829707333,-0.47271577542068777,6-mer
CTCGTT,-0.09039746885686163,-0.08354069554270305,6-mer
CTCGTC,0.12423488396391336,-0.3070548184058321,6-mer
CTCGTG,-0.7286445994002154,-0.761893107809578,6-mer
CTCGCA,-0.9029075023774147,-1.0099154688650827,6-mer
CTCGCT,-0.14381039736076737,0.2075500737422296,6-mer
CTCGCC,0.39100095650052036,0.6694023103535717,6-mer
CTCGCG,-0.20935380876961288,-0.09082707528371581,6-mer
CTCGGA,-0.29081756234733175,-0.5802631641853355,6-mer
CTCGGT,0.2725436729369016,0.6462309969626282,6-mer
CTCGGC,0.23682890722819527,0.42287333869294824,6-mer
CTCGGG,-0.1400114688246005,-0.3561438102252752,6-mer
CTGAAA,0.07847405802308469,0.31050869276738285,6-mer
CTGAAT,0.016384993469532833,-0.11763948423861788,6-mer
CTGAAC,0.026129731824653574,0.059378547078931726,6-mer
CTGAAG,-0.2042399085737869,-0.0018908194592403083,Inverted repeat
CTGATA,-0.3285492750097425,0.20415029487038253,6-mer
CTGATT,-0.11675929102943185,0.27160914157180344,6-mer
CTGATC,-0.48397922624963374,0.4827073258166495,6-mer
CTGATG,0.026421355833368153,0.5414004654235782,6-mer
CTGACA,-0.09096694357449638,-0.24226126496306433,6-mer
CTGACT,0.1905444865580655,0.21746625002843437,6-mer
CTGACC,0.1974057378644193,0.5316028732290751,6-mer
CTGACG,0.3582827209816101,0.14816102715065585,6-mer
CTGAGA,-0.7164401968348076,-0.463722934810794,6-mer
CTGAGT,0.16205675810897302,0.535588303340623,6-mer
CTGAGC,0.2804295831571652,0.6086190097181833,6-mer
CTGAGG,-0.4705670679921831,-0.45453897234737306,6-mer
CTGTAA,-0.14631838848997844,-0.1820538324635748,6-mer
CTGTAT,0.05181328474763584,-0.07438571560169324,6-mer
CTGTAC,0.17138793383830017,0.20842389043220388,6-mer
CTGTAG,-0.17440641852974897,-0.42189117031990625,Inverted repeat
CTGTTA,-0.45825342744001607,-0.7471135495422893,6-mer
CTGTTT,0.756835360904767,0.5951355641305656,6-mer
CTGTTC,0.29373120305671024,-0.27523199410372273,6-mer
CTGTTG,0.06018167702027866,-0.10573783352151746,6-mer
CTGTCA,0.34231721524592884,0.2666151038473995,6-mer
CTGTCT,-0.060709727414477506,-0.7280759928136749,6-mer
CTGTCC,0.0015862508919513836,-0.9157017656933404,6-mer
CTGTCG,0.3946672116274325,-0.13263776857811888,6-mer
CTGTGA,-0.4653911506667656,-0.4901461478354992,6-mer
CTGTGT,-0.07372041928329073,-0.5859588371149606,6-mer
CTGTGC,-0.1921465733135285,-0.6946171956000216,6-mer
CTGTGG,-0.10360886319225493,-0.10730647862149745,6-mer
CTGCAA,0.11912191039162642,-0.1787599770704095,Inverted repeat
CTGCAT,0.2859862591904909,-0.22663245138931665,Inverted repeat
CTGCAC,0.055495112591703644,-0.13589337286752107,Inverted repeat
CTGCAG,-0.2482552373023883,-0.5094035123844037,Palindromes
CTGCTA,-0.3453733293286816,-0.6666851448108314,6-mer
CTGCTT,-0.10757375160973617,-0.06063632513204205,6-mer
CTGCTC,0.6176760433514822,0.7210878496622014,6-mer
CTGCTG,0.6132912237796505,0.6455074719330205,6-mer
CTGCCA,0.02826172535532739,0.12507980830185064,6-mer
CTGCCT,-0.10329078073971637,-0.40828916403014204,6-mer
CTGCCC,0.4168114866414857,-0.06500771651181562,6-mer
CTGCCG,0.03138041463977533,-0.08266765766983461,6-mer
CTGCGA,-0.2846344064196754,-0.37349645583639624,6-mer
CTGCGT,0.2848387761521421,0.06727680801390387,6-mer
CTGCGC,0.5180476875859492,0.5263120092865243,6-mer
CTGCGG,0.13475139809423242,-0.011436208752307336,6-mer
CTGGAA,0.19453424675126568,0.14126279916063766,6-mer
CTGGAT,0.13357425657057412,0.4605558175052426,6-mer
CTGGAC,-0.4417463094500869,-0.7950480266059908,6-mer
CTGGAG,-0.460305714417377,-0.43689875326343747,Inverted repeat
CTGGTA,-0.7034098619502273,0.15028967870577806,6-mer
CTGGTT,-0.34992521177151154,0.36547209105167017,6-mer
CTGGTC,-0.5313764130307367,-0.28920333885859617,6-mer
CTGGTG,-0.29763114888924175,0.4433662223373382,6-mer
CTGGCA,-0.23600192246796664,0.025595949480722507,6-mer
CTGGCT,-0.008192044264086746,0.5632470195654476,6-mer
CTGGCC,-0.6936583905743162,-0.2795420454687168,6-mer
CTGGCG,0.012804167666551665,0.5368795016995429,6-mer
CTGGGA,-0.2255597004151309,-0.49691102744060545,6-mer
CTGGGT,-0.056185232213037846,0.22789592512544818,6-mer
CTGGGC,-0.1898566933932967,-0.18479009461283297,6-mer
CTGGGG,-0.21209744060856836,-0.3785116232537298,6-mer
CCAAAA,-0.17244696815860772,0.15586508682611097,6-mer
CCAAAT,-0.0802158459337352,-0.05652667450965227,6-mer
CCAAAC,0.1902224156755403,0.8245984943595008,6-mer
CCAAAG,-0.03424634287967531,0.5050358711087699,6-mer
CCAATA,0.37884309127104265,0.6650100139972255,6-mer
CCAATT,-0.21811365933282942,-0.3475387385664,6-mer
CCAATC,0.1981975750860634,0.7528128473230676,6-mer
CCAATG,0.06396509968130036,0.11078043071853703,6-mer
CCAACA,0.238846353392807,0.26990588253908016,6-mer
CCAACT,0.2315105404291075,0.5361528594795459,6-mer
CCAACC,-0.05990575155799026,0.579008770474598,6-mer
CCAACG,0.19539568895843074,0.3099235736282966,6-mer
CCAAGA,0.15314527942893472,0.4136442639789775,6-mer
CCAAGT,-0.11697612149335337,0.27251764557622027,6-mer
CCAAGC,0.13793695654850394,0.624115211985247,6-mer
CCAAGG,0.47179137116160974,0.45685767497347085,Inverted repeat
CCATAA,-0.3879853846045858,-0.08931999023996966,6-mer
CCATAT,-0.0915783184457811,0.008620482572344882,6-mer
CCATAC,0.20407476651435066,0.5416743185888719,6-mer
CCATAG,-0.05182754027811368,-0.09310940439148137,6-mer
CCATTA,0.20402530579333208,-0.04664072511878898,6-mer
CCATTT,0.2626145556931698,0.1793576758111683,6-mer
CCATTC,0.1499971609963112,-0.0834062135582323,6-mer
CCATTG,0.1797024228804712,0.2626989343659669,6-mer
CCATCA,0.2647066397301583,0.9940976742418186,6-mer
CCATCT,-0.21878116778406903,0.06158779822283156,6-mer
CCATCC,0.07813153141120406,0.2568722112990048,6-mer
CCATCG,-0.009981149242900625,0.595330990202207,6-mer
CCATGA,-0.049642441950834525,0.06889067631109672,Inverted repeat
CCATGT,0.031019227441572553,-0.38734400327387375,Inverted repeat
CCATGC,0.06634249482869603,-0.16250752987982925,Inverted repeat
CCATGG,-0.3062464726550926,-0.12906523521900548,Palindromes
CCACAA,0.08246216019197294,0.1961554020043638,6-mer
CCACAT,0.24096356569382116,0.08495574627826968,6-mer
CCACAC,0.13221866455682743,0.30802977339469345,6-mer
CCACAG,-0.06389361659862668,-0.09082485119692754,6-mer
CCACTA,0.1656687778783479,0.3368875553586965,6-mer
CCACTT,0.3565418499686994,0.8298302873297428,6-mer
CCACTC,0.012273234445763108,0.49809323900640223,6-mer
CCACTG,0.0038141331954842463,0.5827902129314013,6-mer
CCACCA,0.13897641314881048,1.2290893758709522,6-mer
CCACCT,-0.1987874822860184,0.19801549120188594,6-mer
CCACCC,-0.33989292043875885,0.12261928666395586,6-mer
CCACCG,0.1315529707593714,0.9626835585796187,6-mer
CCACGA,-0.405683000815235,-0.20131542058985882,6-mer
CCACGT,-0.6350247828770141,-0.536725015342461,6-mer
CCACGC,-0.19245253461748138,0.23546991596236477,6-mer
CCACGG,0.05666902393905469,0.15422091869486856,Inverted repeat
CCAGAA,0.2639669818461562,0.11422823301835772,6-mer
CCAGAT,-0.08128300602670772,0.40909173561658735,6-mer
CCAGAC,-0.08583438581883596,-0.10209818761873589,6-mer
CCAGAG,0.2199440625971309,0.39845258704735576,6-mer
CCAGTA,0.3939172745397006,0.8340102828550127,6-mer
CCAGTT,0.13685888788537148,0.39821988121857,6-mer
CCAGTC,0.22863129795159404,0.5990376859328789,6-mer
CCAGTG,0.2376305869549139,0.6021036335425499,6-mer
CCAGCA,0.24754386896827882,0.4936384216009418,6-mer
CCAGCT,-0.44886091576221426,0.09373005186970852,6-mer
CCAGCC,-0.11066715638481894,0.6050066392734202,6-mer
CCAGCG,-0.2511185033504555,0.322924775438843,6-mer
CCAGGA,-2.8579809951275723,-3.2186402864753405,6-mer
CCAGGT,-2.892391025913404,-2.3439544012173616,6-mer
CCAGGC,-2.9546394666001246,-2.762740449458266,6-mer
CCAGGG,-2.4422223286050744,-2.642206452555632,Inverted repeat
CCTAAA,0.19425792891069713,-0.17984981445952955,6-mer
CCTAAT,0.28838998011068817,-0.3957285197824949,6-mer
CCTAAC,0.6898071607968782,0.14462356307945234,6-mer
CCTAAG,0.4081058369931765,0.06284087357023142,6-mer
CCTATA,-0.0724084955280499,-0.4475646650442979,6-mer
CCTATT,0.11935482620225465,-0.3791681397796846,6-mer
CCTATC,0.34401220265733734,0.3314008475076446,6-mer
CCTATG,0.040196433214963086,-0.44299156084984515,6-mer
CCTACA,-0.0022881765952702084,-0.65974895192162,6-mer
CCTACT,0.1591628850179161,0.12419124342738118,6-mer
CCTACC,-0.2149872314266852,-0.005097867639678738,6-mer
CCTACG,-0.19394188256084785,-0.5631855583259047,6-mer
CCTAGA,0.39163706669876686,-0.3774232074790658,Inverted repeat
CCTAGT,-0.1691428409238919,-0.7192635924327472,Inverted repeat
CCTAGC,0.4250493024069101,-0.32022980741533685,Inverted repeat
CCTAGG,-0.21685230440449582,-1.2110709842123435,Palindromes
CCTTAA,-0.0061874078009707695,-0.21049054164021605,6-mer
CCTTAT,0.2679022132048515,0.22770487177906348,6-mer
CCTTAC,0.25186184280985263,0.17229201598622865,6-mer
CCTTAG,0.7006021929473778,0.6092970690169529,6-mer
CCTTTA,0.27727221465712326,0.11870038891459095,6-mer
CCTTTT,-0.024207226462099978,-0.1909843053459813,6-mer
CCTTTC,-0.15673560655852764,-0.24676736879247982,6-mer
CCTTTG,0.0007132051101277569,-0.12222172382330766,6-mer
CCTTCA,-0.039015223494445014,-0.27716127553657066,6-mer
CCTTCT,0.4444355143748273,-0.003617289920674734,6-mer
CCTTCC,0.4670991548499872,-0.14688911938553212,6-mer
CCTTCG,0.08495300169622513,-0.33064531198847125,6-mer
CCTTGA,0.2709684292828486,0.3547127823241899,6-mer
CCTTGT,0.4924624712240098,0.04258304774459953,6-mer
CCTTGC,0.3553699936229159,0.04041007554616246,6-mer
CCTTGG,0.24617225724614877,0.3743955147814979,Inverted repeat
CCTCAA,0.057357244253064085,0.4152648923033336,6-mer
CCTCAT,-0.10726349870134162,-0.18258271603112827,6-mer
CCTCAC,-0.27762194205683993,-0.21087055144122832,6-mer
CCTCAG,-0.5825759078842779,-0.36934330798013437,6-mer
CCTCTA,0.4257639058719024,0.10691520391651183,6-mer
CCTCTT,0.46923978086875695,0.3466747572230479,6-mer
CCTCTC,-0.041231200368672186,-0.23204259137016722,6-mer
CCTCTG,-0.2437914348511337,-0.4112853644177362,6-mer
CCTCCA,-0.6376468509278409,-0.8059078857869542,6-mer
CCTCCT,-0.5500642927365661,-0.9519784851370565,6-mer
CCTCCC,-0.4419251885336551,-0.8673622314218811,6-mer
CCTCCG,-0.4742632813397804,-0.8676639400110265,6-mer
CCTCGA,-0.39762044620143416,-0.5201364814578895,6-mer
CCTCGT,-0.6250906134264658,-0.7479796122214326,6-mer
CCTCGC,-0.34357419432600816,-0.4253925429720748,6-mer
CCTCGG,-0.44348678150413695,-0.6088092426755237,Inverted repeat
CCTGAA,0.241648017474317,0.0609359833846856,6-mer
CCTGAT,-0.07159408373668162,0.18864314738489962,6-mer
CCTGAC,0.11383872202418184,-0.2738573751283298,6-mer
CCTGAG,0.10716252660016556,0.12000652905210797,6-mer
CCTGTA,0.05067167097894294,-0.20575467242859033,6-mer
CCTGTT,0.5199525094885322,0.02992649711337338,6-mer
CCTGTC,-0.05643191310261699,-0.8241037002439578,6-mer
CCTGTG,-0.07562770481336968,-0.6294954008060777,6-mer
CCTGCA,0.1586684440917712,-0.34882066927674943,6-mer
CCTGCT,0.34949173449439563,0.029443777892481787,6-mer
CCTGCC,0.20673915702496226,-0.332512006044393,6-mer
CCTGCG,0.2342843174054083,-0.0743664359673098,6-mer
CCTGGA,-2.415037499278844,-2.713270094570495,6-mer
CCTGGT,-3.2071770515567466,-2.710355187006175,6-mer
CCTGGC,-3.2963105607080925,-3.237767647223364,6-mer
CCTGGG,-2.2445488349886156,-2.3117082525694834,Inverted repeat
CCCAAA,-0.11518124961894138,0.14944932737520833,6-mer
CCCAAT,0.13824993837771987,0.18313086753178065,6-mer
CCCAAC,0.10881626307656196,0.038814479658606585,6-mer
CCCAAG,0.05487115871966333,0.21319245534648154,6-mer
CCCATA,-0.14089981429984266,-0.16876574461747146,6-mer
CCCATT,0.4080749177376184,0.16384470608956647,6-mer
CCCATC,0.12945811191949874,0.2884269895120407,6-mer
CCCATG,-0.02879726430743483,-0.33281832245282056,6-mer
CCCACA,0.25034101263834246,-0.12014236308849752,6-mer
CCCACT,0.21157782680342074,0.4464731928256658,6-mer
CCCACC,-0.28716267672668583,0.3219280948873623,6-mer
CCCACG,-0.27416464959714526,-0.2907433897018366,6-mer
CCCAGA,0.1470723303884946,0.07471709252922173,6-mer
CCCAGT,0.17057085348432185,0.17081482991818048,6-mer
CCCAGC,-0.28259064545150986,-0.08547763256341966,6-mer
CCCAGG,-2.0225726782512763,-2.215972368961749,Inverted repeat
CCCTAA,0.5010107223886967,-0.25079773331489624,6-mer
CCCTAT,0.47620136195723944,-0.20212002631018675,6-mer
CCCTAC,0.07795046766437252,-0.31738212430795,6-mer
CCCTAG,0.032756093266390236,-0.962847001582534,6-mer
CCCTTA,0.6006807344680865,0.7598919910157138,6-mer
CCCTTT,0.23592917567119578,-0.06320076584059092,6-mer
CCCTTC,0.3291355788582788,-0.21243081287790055,6-mer
CCCTTG,0.15365661229756356,-0.1602061594405249,6-mer
CCCTCA,-0.6212762001092396,-0.6841606622712588,6-mer
CCCTCT,0.33097323449036925,0.058343986230804924,6-mer
CCCTCC,-0.797507136101257,-1.043480318912916,6-mer
CCCTCG,-0.9285930283170228,-1.1972713085835833,6-mer
CCCTGA,0.239018739923857,-0.028424817742057115,6-mer
CCCTGT,0.47587642904941374,-0.24100809950379493,6-mer
CCCTGC,0.47681072101249533,-0.160796211903056,6-mer
CCCTGG,-2.824689533062881,-2.9861942004749698,Inverted repeat
CCCCAA,0.13558121161890616,0.19078473591686804,6-mer
CCCCAT,0.11875681656102846,0.08726683621765012,6-mer
CCCCAC,-0.008246612081247518,0.23616354110904847,6-mer
CCCCAG,-0.4730267273400864,-0.4562804815107253,6-mer
CCCCTA,0.04936192688091715,-0.7069896366144275,6-mer
CCCCTT,1.096543150094865,1.0429426176969812,6-mer
CCCCTC,-0.43773008513894535,-0.7127180479195289,6-mer
CCCCTG,-0.21150410519371177,-0.7596410321341032,6-mer
CCCCCA,-0.015336310382405082,-0.1467220537793135,6-mer
CCCCCT,0.17915284161428244,-0.30078932782921186,6-mer
CCCCCC,-0.31639763143251876,-0.6865762373478019,6-mer
CCCCCG,-0.1843390755647401,-0.6511821868635987,6-mer
CCCCGA,-0.2677812328123436,-0.6952739951875762,6-mer
CCCCGT,-0.1710560834609614,-0.6121839694561806,6-mer
CCCCGC,-0.34022891163030616,-0.600667401427031,6-mer
CCCCGG,-0.39609593562538353,-0.6545433696163968,Inverted repeat
CCCGAA,-0.06861370300154633,-0.48602933085028244,6-mer
CCCGAT,0.13719741404352673,0.14910465943973567,6-mer
CCCGAC,0.31517072871205354,-0.36960607003183776,6-mer
CCCGAG,-0.11692643405700562,-0.5796584688612291,6-mer
CCCGTA,0.03996640731764457,-0.37419540450433547,6-mer
CCCGTT,0.25185202181011185,-0.20645087746742632,6-mer
CCCGTC,0.3219280948873623,-0.4467125623434362,6-mer
CCCGTG,-0.2287044130954575,-0.7684581415697432,6-mer
CCCGCA,0.02211383977880839,-0.5607149544744789,6-mer
CCCGCT,0.40106607148676987,0.3485792229773606,6-mer
CCCGCC,0.06538745113906877,0.10168414012949119,6-mer
CCCGCG,-0.5920848661946486,-0.8165917691940654,6-mer
CCCGGA,-0.2693959060852319,-1.0913049075447339,Inverted repeat
CCCGGT,-0.4883681024823643,-0.49549452358043994,Inverted repeat
CCCGGC,-0.7531467684719366,-0.9605698551714622,Inverted repeat
CCCGGG,-1.052614626163422,-1.8637298328195464,Palindromes
CCGAAA,-0.03888764305190977,-0.010439809280722858,6-mer
CCGAAT,0.0032660699065427626,-0.31235794343659096,6-mer
CCGAAC,-0.3348084734467297,-0.42321143072454404,6-mer
CCGAAG,0.16945832265246497,0.013341537239161054,6-mer
CCGATA,0.5888444424391458,0.7502931258131986,6-mer
CCGATT,0.1797551687951076,0.29712202158204687,6-mer
CCGATC,-0.19078647893265815,0.6169156469564461,6-mer
CCGATG,0.23697509319113713,0.5453063003693659,6-mer
CCGACA,0.6493647685973754,0.10015658814663544,6-mer
CCGACT,0.359373324163845,0.17207569607144363,6-mer
CCGACC,0.06263098827040381,0.14732357250517958,6-mer
CCGACG,-0.502300645734638,-0.6652478647550539,6-mer
CCGAGA,0.06907838273905058,-0.0723070405769179,6-mer
CCGAGT,0.33318689278697877,0.3938650752166244,6-mer
CCGAGC,0.20795424422590292,0.4015410695634957,6-mer
CCGAGG,-0.6590303391072493,-1.1338557467347905,Inverted repeat
CCGTAA,0.1807675475293382,0.22280704845264818,6-mer
CCGTAT,0.4774340364167111,0.3556516001570803,6-mer
CCGTAC,0.15698650095930558,0.3770696490798233,6-mer
CCGTAG,0.0066740059233092765,-0.20002460830799335,6-mer
CCGTTA,0.48738558170661955,0.2118918916957031,6-mer
CCGTTT,0.4828406699221103,0.41274436311947177,6-mer
CCGTTC,-0.32418054661874096,-0.68480347425012,6-mer
CCGTTG,0.04832444734338103,-0.07741211241529664,6-mer
CCGTCA,0.46182267728654625,0.1275500497205108,6-mer
CCGTCT,-0.02702021393370894,-0.6029351515579111,6-mer
CCGTCC,-0.06428912835497982,-0.8210298589546804,6-mer
CCGTCG,0.3249878946364203,-0.1479900309384265,6-mer
CCGTGA,0.014127693152035567,0.07583880004993979,6-mer
CCGTGT,-0.01126063916383236,-0.3844445790074709,6-mer
CCGTGC,-0.49425283683913257,-0.8495083734725494,6-mer
CCGTGG,-0.0007284499225143034,0.36792021198601427,Inverted repeat
CCGCAA,0.01054547036144389,-0.13914612331356824,6-mer
CCGCAT,0.3072455435633099,-0.11797039242550758,6-mer
CCGCAC,-0.008339300912729455,-0.07373038853337197,6-mer
CCGCAG,0.14436087279451518,0.07201681345724818,6-mer
CCGCTA,0.5433724542394055,0.3211768868303537,6-mer
CCGCTT,0.5162446517027691,0.7946309348774651,6-mer
CCGCTC,-0.07982371364125637,0.16197855265884464,6-mer
CCGCTG,-0.13993475964868168,0.19648747432578312,6-mer
CCGCCA,0.38272174265933817,0.8649546384411044,6-mer
CCGCCT,0.16441879004490803,0.22580439385516665,6-mer
CCGCCC,-0.17481474436068112,-0.3136604789037618,6-mer
CCGCCG,0.2588326698551778,0.40349213291305935,6-mer
CCGCGA,0.10621792283352213,0.2567166820773154,Inverted repeat
CCGCGT,-0.38602745623560214,-0.38080982372521277,Inverted repeat
CCGCGC,-0.31900449539722336,-0.1192547477834208,Inverted repeat
CCGCGG,-0.25245547637256716,0.30562628255826174,Palindromes
CCGGAA,-0.07117876432197891,-0.7612852733616193,6-mer
CCGGAT,0.10482997322042752,0.01449956969511516,6-mer
CCGGAC,-0.43567379197314215,-1.2410080995037949,6-mer
CCGGAG,-0.07319067836553764,-0.544909251200717,6-mer
CCGGTA,-0.28373592632369665,0.2619033238151447,6-mer
CCGGTT,-0.45712622129280395,-0.0713216025867724,6-mer
CCGGTC,-0.9629741430165327,-0.8644850293435192,6-mer
CCGGTG,-0.3949188570825687,-0.011849717877743521,6-mer
CCGGCA,-0.5234830534323173,-0.6836647387071676,6-mer
CCGGCT,-0.6667565918848034,-0.48143228366521545,6-mer
CCGGCC,-1.5894290524030474,-1.4188290784412179,6-mer
CCGGCG,-0.8256488932237543,-0.6100534816839867,6-mer
CCGGGA,0.06792265485469395,-0.5531537624904801,6-mer
CCGGGT,-0.843598442657433,-0.9001422603598168,6-mer
CCGGGC,-0.73306113971029,-1.1849551200230202,6-mer
CCGGGG,-0.6867996694251699,-1.260806304941677,Inverted repeat
CGAAAA,-0.08131524604210871,-0.110874761464507,6-mer
CGAAAT,0.07857071129353856,-0.2420140127161416,6-mer
CGAAAC,-0.3276644644365069,-0.2399125203794659,6-mer
CGAAAG,-0.21515711320221687,-0.07339056683705789,6-mer
CGAATA,0.25876607419699027,-0.008331274591954398,6-mer
CGAATT,-0.20930242189600426,-0.6663593412721417,6-mer
CGAATC,-0.4990846655607505,-0.38409625619199544,6-mer
CGAATG,0.23415556273943175,-0.3398156403212751,6-mer
CGAACA,-0.02137867829649485,-0.5145731728297582,6-mer
CGAACT,-0.4802304172748485,-0.6626985624417033,6-mer
CGAACC,-0.8135868757691187,-0.5830997567039664,6-mer
CGAACG,-0.7137685148378761,-0.81080793586316,Inverted repeat
CGAAGA,0.005304031859927111,-0.1613941439579561,6-mer
CGAAGT,-0.0965983904713615,-0.15467228022103427,6-mer
CGAAGC,-0.6533908455175272,-0.6108858457866311,6-mer
CGAAGG,0.13020339658759447,-0.22613482302226456,6-mer
CGATAA,0.5765324814694098,0.7948706501142002,6-mer
CGATAT,0.5983120543801759,0.7556812027236249,6-mer
CGATAC,0.4673430096233018,0.8547486087278683,6-mer
CGATAG,0.43265248353473207,0.5351658010806916,6-mer
CGATTA,-0.11114952247860382,-0.09750117350863907,6-mer
CGATTT,0.2582878865842647,0.49352116166269006,6-mer
CGATTC,0.172888798441296,0.1154772174199358,6-mer
CGATTG,0.19133848611794338,0.4535212391937216,6-mer
CGATCA,-0.13498450955520422,0.8548580994875757,Inverted repeat
CGATCT,-0.5454977460246588,0.06946997464002942,Inverted repeat
CGATCC,-0.31745998139360515,0.15200309344504997,Inverted repeat
CGATCG,-0.598860084332034,0.18067872152960604,Palindromes
CGATGA,0.25208721598218886,0.8414030043592005,6-mer
CGATGT,0.34864834413205936,0.2499326493339622,6-mer
CGATGC,-0.004864328575204392,0.0819161064235989,6-mer
CGATGG,0.11478282710940654,0.6712317735752179,6-mer
CGACAA,0.3201951276629068,-0.10485273745961947,6-mer
CGACAT,0.8777195464782968,0.04272475216005694,6-mer
CGACAC,0.20828940841700821,-0.4084648453553575,6-mer
CGACAG,0.4511359734223282,-0.09577101524099928,6-mer
CGACTA,0.3932530833867489,0.006933666134538161,6-mer
CGACTT,0.5854566589862681,0.35823765858867523,6-mer
CGACTC,0.0005062976156150575,-0.07851720877479824,6-mer
CGACTG,-0.34841573605952675,-0.5693656456701376,6-mer
CGACCA,0.34397997207568026,0.6798216870625974,6-mer
CGACCT,0.23756994923994532,-0.013358382855018953,6-mer
CGACCC,-0.1464326992795289,-0.3413506494968207,6-mer
CGACCG,0.2379510784458581,0.2977386293202915,Inverted repeat
CGACGA,-0.146768097413007,-0.4201476786516257,6-mer
CGACGT,0.11552669340687079,-0.5463948444616687,6-mer
CGACGC,-0.37336831997777004,-0.6048392106418022,6-mer
CGACGG,-0.06944792815757754,-0.44343958586939586,6-mer
CGAGAA,-0.15376140571740857,-0.383107010387403,6-mer
CGAGAT,-0.1338216118215429,0.18233842135061873,6-mer
CGAGAC,-0.1947174628935997,-0.6389013078319601,6-mer
CGAGAG,0.004691695324721954,-0.24200455059041312,6-mer
CGAGTA,0.34378752885110186,0.5758957992610025,6-mer
CGAGTT,0.14791365345795124,0.301542146938619,6-mer
CGAGTC,-0.0637089827293715,-0.24220925615643127,6-mer
CGAGTG,0.00471579466641733,0.1864515402673342,6-mer
CGAGCA,0.20874764058299225,0.22910406188260674,6-mer
CGAGCT,-0.2081802697199585,0.09171616909161523,6-mer
CGAGCC,-0.2676867640766846,-0.1217293119240027,6-mer
CGAGCG,-0.18369271197924983,0.08264273407554164,Inverted repeat
CGAGGA,0.021051701494817738,-0.5008829692377164,6-mer
CGAGGT,-0.27760051896845805,-0.2199656839419076,6-mer
CGAGGC,-0.6463630453852997,-0.7460597951744357,6-mer
CGAGGG,-0.4181038023266274,-0.9041399845924839,6-mer
CGTAAA,0.30077382964425897,0.44745897697122144,6-mer
CGTAAT,0.1417451880796111,0.046263839905470124,6-mer
CGTAAC,0.10982105702273307,0.07327760721622449,6-mer
CGTAAG,-0.17075748562056958,-0.0798592106846702,6-mer
CGTATA,-0.9215632783219673,-1.056175468671697,6-mer
CGTATT,0.7244678870699783,0.6052949969644503,6-mer
CGTATC,-0.008845019292882174,0.31781667848015965,6-mer
CGTATG,-0.35233859390830063,-0.4800285232444109,6-mer
CGTACA,-0.17016603310954903,-0.253511631715287,Inverted repeat
CGTACT,0.29974372582137637,0.5331636001409512,Inverted repeat
CGTACC,-0.1044424951990687,0.5673326066993647,Inverted repeat
CGTACG,-0.5121296207097139,-0.36405357056003884,Palindromes
CGTAGA,0.1767134241831682,-0.1833369128070488,6-mer
CGTAGT,0.15692487234523403,0.08488889758651325,6-mer
CGTAGC,-0.059549748976201855,-0.07613483544882656,6-mer
CGTAGG,-0.3008664793595326,-0.768713657030485,6-mer
CGTTAA,0.2971616458890206,-0.00473791900666295,6-mer
CGTTAT,0.6179250072679092,0.6991584809782025,6-mer
CGTTAC,0.3729356663990142,0.49927403644687574,6-mer
CGTTAG,0.4775789653475568,0.39279207158741375,6-mer
CGTTTA,0.11562831547706717,0.1841419391371329,6-mer
CGTTTT,0.319752630729146,0.14011787704129514,6-mer
CGTTTC,0.24857635314010287,0.3082716504057791,6-mer
CGTTTG,0.20916170379137747,0.2639965232691774,6-mer
CGTTCA,-0.16168885134254804,-0.1714412338896925,6-mer
CGTTCT,-0.0195401863956451,-0.5556603648729576,6-mer
CGTTCC,-0.2788673580019707,-0.846160248075333,6-mer
CGTTCG,-0.5969804766540793,-0.7327625466460478,Inverted repeat
CGTTGA,-0.17391347609478564,0.1289261938982842,6-mer
CGTTGT,0.0035152626650294463,-0.19839694026746926,6-mer
CGTTGC,0.034649881138436665,0.03300320957158566,6-mer
CGTTGG,0.07140091730357352,0.331902322553171,6-mer
CGTCAA,0.006101321209253704,-0.16853041937055918,6-mer
CGTCAT,0.2563572915993197,-0.16194828071947942,6-mer
CGTCAC,0.45080863030066576,0.2611120937027653,6-mer
CGTCAG,0.19877986411449738,0.10800718961836603,6-mer
CGTCTA,0.06825174375180255,-0.6510374780648214,6-mer
CGTCTT,-0.18581052375843335,-0.8818706597435586,6-mer
CGTCTC,0.007646811405276299,-0.5143578291408909,6-mer
CGTCTG,-0.2426857604419915,-0.8553202473608087,6-mer
CGTCCA,-0.10082706111220154,-0.6205864104518776,6-mer
CGTCCT,0.007514053657306578,-0.997566440174918,6-mer
CGTCCC,0.23556781008418115,-0.9806963696333194,6-mer
CGTCCG,-0.01032486406856671,-0.7453794165781167,Inverted repeat
CGTCGA,0.0699020132301561,-0.2575279295272501,6-mer
CGTCGT,-0.025635926986849293,-0.41142624572646497,6-mer
CGTCGC,-0.2525250470440135,-0.605580531799651,6-mer
CGTCGG,0.027491878688186762,-0.47119739086610235,6-mer
CGTGAA,-0.13319280506777423,-0.18677507526250106,6-mer
CGTGAT,0.12604937087322732,0.6156325518990616,6-mer
CGTGAC,0.1261012300022929,-0.07449912261359033,6-mer
CGTGAG,-0.21105487740216702,-0.09128050698928922,6-mer
CGTGTA,-0.5332864659488334,-0.802242463243852,6-mer
CGTGTT,0.0771748292389204,-0.24754915833637514,6-mer
CGTGTC,-0.20572572287015906,-1.0122783297784368,6-mer
CGTGTG,-0.6493327532182469,-0.8711449343235758,6-mer
CGTGCA,-0.7893393295224412,-1.260008829665354,6-mer
CGTGCT,-0.23370852000344158,-0.4849844862068228,6-mer
CGTGCC,-0.37609707032042966,-0.6015931752652769,6-mer
CGTGCG,-0.7142632465285063,-0.9064630670705287,Inverted repeat
CGTGGA,-0.25023880052870556,-0.396465393242422,6-mer
CGTGGT,-0.08481326283638997,0.5468908931024864,6-mer
CGTGGC,-0.1349478188461784,0.38266149732417737,6-mer
CGTGGG,-0.14987544841890427,-0.4581647471657839,6-mer
CGCAAA,-0.23193444059150756,-0.24541248753356285,6-mer
CGCAAT,0.06498488201318213,-0.2573838216297551,6-mer
CGCAAC,-0.30187613203645997,-0.4362337959737778,6-mer
CGCAAG,-0.23028236080021586,-0.2386539596707691,6-mer
CGCATA,-0.31116357670807304,-0.5817832564670762,6-mer
CGCATT,0.1666296200632951,-0.40942389281531716,6-mer
CGCATC,0.3004403189465613,0.39747162653594514,6-mer
CGCATG,-0.42367442838166336,-0.9519784851370565,6-mer
CGCACA,-0.24821644089964065,-0.5360529002402096,6-mer
CGCACT,0.04519236375506389,-0.07017121691647345,6-mer
CGCACC,-0.16986865607173016,0.30463127140632984,6-mer
CGCACG,-0.5553648545055581,-0.8868716295429612,Inverted repeat
CGCAGA,0.12806843320911754,-0.16081089724200376,6-mer
CGCAGT,0.2653010128057389,0.20525486078471922,6-mer
CGCAGC,0.2269858796522084,0.3035936346880066,6-mer
CGCAGG,0.17041915970742433,-0.2874626061318514,6-mer
CGCTAA,0.38277463046636395,0.14910028554241264,6-mer
CGCTAT,0.4183713980907061,0.25367979391509027,6-mer
CGCTAC,0.18224590596976628,0.29672754076221963,6-mer
CGCTAG,-0.49398884067366583,-0.732579323114185,6-mer
CGCTTA,-0.12490587880722569,0.07672381613477597,6-mer
CGCTTT,0.1704364727404363,0.5008237627217993,6-mer
CGCTTC,0.43007689874298494,0.6022275688889683,6-mer
CGCTTG,-0.04427681130551394,0.3406369493418143,6-mer
CGCTCA,0.01825776183348615,0.3969215841754851,6-mer
CGCTCT,0.26797266006544496,0.4409161311044494,6-mer
CGCTCC,-0.31284386867733077,-0.3023575356448254,6-mer
CGCTCG,-0.158703503890075,0.18692387398374538,Inverted repeat
CGCTGA,-0.0021597235184365503,0.5240504511332821,6-mer
CGCTGT,0.3557782867498695,0.2580756836663025,6-mer
CGCTGC,0.31453842332759496,0.48886822200212193,6-mer
CGCTGG,-0.1719965589671311,0.41230629711217814,6-mer
CGCCAA,0.3064507582684173,0.7572244331500063,6-mer
CGCCAT,0.46319638032519006,0.7529247728458658,6-mer
CGCCAC,0.16037220787703016,0.7420259116688234,6-mer
CGCCAG,0.15629774483514325,0.5523669526809699,6-mer
CGCCTA,0.3783687892314471,-0.10892056579293627,6-mer
CGCCTT,0.4021713235208897,0.2203900684253003,6-mer
CGCCTC,0.2321526241689764,0.5245400175888044,6-mer
CGCCTG,-0.29551096819584394,-0.3597301275997467,6-mer
CGCCCA,0.1064986285845162,0.15651857456754287,6-mer
CGCCCT,0.05680268856238166,-0.22039653209827975,6-mer
CGCCCC,-0.06647802405320259,-0.12720902004309578,6-mer
CGCCCG,0.0,-0.16053733191177214,Inverted repeat
CGCCGA,0.20233633420635647,0.4335389995314551,6-mer
CGCCGT,0.35084078680260106,0.2540104824903313,6-mer
CGCCGC,0.2451247672686497,0.6441193512458383,6-mer
CGCCGG,-1.1067426224173065,-0.839203788096944,6-mer
CGCGAA,-0.35689208463666544,-0.3810234670137902,6-mer
CGCGAT,0.009684874813333728,0.5550679510578179,6-mer
CGCGAC,0.16059698358304247,-0.10433665981473557,6-mer
CGCGAG,-0.13332945861172385,-0.014994738229862043,6-mer
CGCGTA,0.058462325605628224,0.13560492825843634,6-mer
CGCGTT,0.043441111479988206,0.12757871073271754,6-mer
CGCGTC,-0.5546131168009804,-0.7995354175983052,6-mer
CGCGTG,-0.44538559014811346,-0.15468128937910192,6-mer
CGCGCA,-0.3321934602714493,-0.41270869321887077,Inverted repeat
CGCGCT,-0.15624120263115387,0.2009509916666947,Inverted repeat
CGCGCC,-0.3425623687209265,0.01777470172797607,Inverted repeat
CGCGCG,-0.9203638838867906,-0.37812217932077,Palindromes
CGCGGA,-0.22142221616142402,-0.5443650775445933,6-mer
CGCGGT,0.04619579931897563,0.7194781674373651,6-mer
CGCGGC,-0.06500278134433873,0.3066521008770137,6-mer
CGCGGG,-0.574737829710694,-0.7681638041126599,6-mer
CGGAAA,0.2970962419074269,-0.2661947467271218,6-mer
CGGAAT,0.13893849538595893,-0.6483443353637897,6-mer
CGGAAC,-0.37695503791205254,-0.8536214557488284,6-mer
CGGAAG,0.09216984392786713,-0.3852403382069648,6-mer
CGGATA,0.8000472752111665,0.4896763001715996,6-mer
CGGATT,0.3606778291480869,0.10849654112253587,6-mer
CGGATC,0.10029518661972697,0.41791139473295424,6-mer
CGGATG,0.09274650788827507,-0.11235549333612578,6-mer
CGGACA,0.2699266661944719,-0.7798254039133707,6-mer
CGGACT,0.008951600844528278,-0.694522425893232,6-mer
CGGACC,-2.057116970798361,-2.3956301568195957,6-mer
CGGACG,-0.05875462740799468,-0.7876109867591894,Inverted repeat
CGGAGA,0.05850840529085957,-0.33374851874252215,6-mer
CGGAGT,-0.5397863621688024,-0.8170212566510837,6-mer
CGGAGC,-0.31735404711585496,-0.4380393246404593,6-mer
CGGAGG,-0.6216149233926291,-1.23221582385201,6-mer
CGGTAA,0.19560243129956892,0.8315330027655486,6-mer
CGGTAT,0.5884251683481875,1.1168136649827503,6-mer
CGGTAC,0.054850345772789855,0.6416037380433461,6-mer
CGGTAG,0.42439266433054684,0.6914088658616557,6-mer
CGGTTA,0.25750314619274456,0.43778513310743944,6-mer
CGGTTT,0.2774880056708301,0.7504088472598478,6-mer
CGGTTC,-0.6360778164480104,-0.326831056414763,6-mer
CGGTTG,-0.3454386866697121,0.3689634886996844,6-mer
CGGTCA,0.2799314751099753,0.5521305584463272,6-mer
CGGTCT,-0.5003664915365807,-0.6211826886339095,6-mer
CGGTCC,-1.586859535893754,-1.9849671850425255,6-mer
CGGTCG,-0.008291373631391222,0.06375468449716894,Inverted repeat
CGGTGA,0.42666358916787767,1.0928679693577177,6-mer
CGGTGT,0.31823739182344474,0.32918612320713847,6-mer
CGGTGC,-0.25606244522608435,-0.05827304157534116,6-mer
CGGTGG,0.08317190342510415,1.0353389610746717,6-mer
CGGCAA,0.25223328371531417,0.13014111136725015,6-mer
CGGCAT,0.38351505834500565,0.09128820275149818,6-mer
CGGCAC,-0.15070906254920227,-0.13445019977238087,6-mer
CGGCAG,0.22649284842606876,0.10684383813079382,6-mer
CGGCTA,0.07018518737634544,0.08254495711821382,6-mer
CGGCTT,0.13360112149326045,0.473140453842412,6-mer
CGGCTC,-0.0899069723531375,0.2016338611696504,6-mer
CGGCTG,-0.40204939650132804,-0.03587344619089359,6-mer
CGGCCA,-0.11572110129185292,0.424968719608761,Inverted repeat
CGGCCT,-0.3296158377871318,-0.484761837510674,Inverted repeat
CGGCCC,-1.4153483914341014,-1.6844981742720708,Inverted repeat
CGGCCG,-1.1159039871437668,-0.889707158439787,Palindromes
CGGCGA,0.30532094488819195,0.5222471007151793,6-mer
CGGCGT,0.2495002723307053,0.2648971498509833,6-mer
CGGCGC,-0.14392621678783601,0.06398256572636805,6-mer
CGGCGG,0.19216021991703275,0.2944473584652552,6-mer
CGGGAA,-0.05147621749108542,-0.8570762004658122,6-mer
CGGGAT,0.012032555494896954,-0.16438681790088228,6-mer
CGGGAC,-0.5391867619181745,-0.9884120257247883,6-mer
CGGGAG,-0.29865831556451516,-0.6941177464724609,6-mer
CGGGTA,0.44619146948006116,0.6695267959796289,6-mer
CGGGTT,0.06960292199740475,0.05482402474452157,6-mer
CGGGTC,-0.5254222980825405,-0.9391828338480067,6-mer
CGGGTG,-0.3018972281712478,-0.26671757107370897,6-mer
CGGGCA,0.3278604250970606,-0.42125390662382733,6-mer
CGGGCT,-0.04625446138398115,-0.3584873276376229,6-mer
CGGGCC,-1.783842600717087,-2.0645306597755813,6-mer
CGGGCG,0.36336489796600663,0.4755450107724795,Inverted repeat
CGGGGA,0.3286227474613705,-0.5387638845159549,6-mer
CGGGGT,-0.729786941656793,-0.8519494981804502,6-mer
CGGGGC,-0.8301993634593544,-1.0806943362831363,6-mer
CGGGGG,-0.2877733525419461,-0.9259994185562233,6-mer
GAAAAA,0.29300610920283643,0.311210381349181,6-mer
GAAAAT,0.4104731159311441,0.1746496332153194,6-mer
GAAAAC,0.20243951705600366,0.06970318878278625,6-mer
GAAAAG,-0.25347279268926853,-0.23384087549893212,6-mer
GAAATA,0.36709441093549733,-0.008197152966619504,6-mer
GAAATT,0.20638370194808442,-0.16798066820881477,6-mer
GAAATC,0.3139307598474688,0.25609425621778226,Inverted repeat
GAAATG,0.02896489170324915,-0.3840360222724324,6-mer
GAAACA,-0.03163488864311197,-0.301038849903148,6-mer
GAAACT,-0.24724737119437867,-0.15692315570843426,6-mer
GAAACC,-0.08972238910877625,0.36773178450048705,6-mer
GAAACG,-0.06445919963473584,-0.05896198069358461,6-mer
GAAAGA,-0.12181572315062836,0.026792845886544143,6-mer
GAAAGT,0.08886291345168285,0.26222184876309457,6-mer
GAAAGC,-0.07981711923264621,0.07773974994956973,6-mer
GAAAGG,-0.0022325339452892285,-0.17003990686556505,6-mer
GAATAA,0.16377305504245512,0.04559686644011053,6-mer
GAATAT,0.457632900699211,0.17014427267016655,6-mer
GAATAC,0.6510627847796583,0.4637807277315959,6-mer
GAATAG,-0.0005342325707737265,-0.4212426488055519,6-mer
GAATTA,-0.229681651543887,-0.5681378780797973,Inverted repeat
GAATTT,0.04333225190282778,-0.4039877154614259,Inverted repeat
GAATTC,-0.25967226252492875,-0.9084997539999422,Palindromes
GAATTG,-0.3108780382324349,-0.6855895842102867,Inverted repeat
GAATCA,-0.6846762737773754,-0.36719353595644694,6-mer
GAATCT,-0.5735315794615999,-0.6009040445901775,6-mer
GAATCC,-0.21639855687296836,-0.6514244017069598,6-mer
GAATCG,0.04636291837059959,0.06017714408975925,6-mer
GAATGA,-0.1977002164205429,-0.37886388672535876,6-mer
GAATGT,0.28912500231618543,-0.5488522073118755,6-mer
GAATGC,-0.06013898178932555,-0.8497012127671989,6-mer
GAATGG,0.22072247022675473,0.0038927486870633647,6-mer
GAACAA,0.06907526780647254,-0.24363187461127822,6-mer
GAACAT,0.15307933000438903,-0.5090136474878575,6-mer
GAACAC,0.0007907344900001353,-0.5028298734316868,6-mer
GAACAG,0.21083819470836518,-0.11603800068413762,6-mer
GAACTA,-0.664456533255139,-0.8700123700784443,6-mer
GAACTT,-0.4691761895580155,-0.6951839926895969,6-mer
GAACTC,-0.044551450738626285,-0.12993946708738785,Inverted repeat
GAACTG,0.049203998000769834,0.07522185895756897,6-mer
GAACCA,-0.6373362360773912,-0.1180298135358324,6-mer
GAACCT,-0.289036607403928,-0.33188772608380923,6-mer
GAACCC,-0.41761144294267005,-0.5941946442276206,6-mer
GAACCG,-0.6418594880873205,-0.44542402947057996,6-mer
GAACGA,-0.4668939285097056,-0.6822116354735617,6-mer
GAACGT,-0.009755141075159037,-0.3832826198369645,6-mer
GAACGC,-0.41090686511852326,-0.6457435736281815,6-mer
GAACGG,-0.711006565619493,-0.8397691871583197,6-mer
GAAGAA,0.5563390189365166,0.23485281442938433,6-mer
GAAGAT,0.11458058252331828,0.2351629380421193,6-mer
GAAGAC,-0.32116523506123884,-0.8095227587403143,6-mer
GAAGAG,0.9017132165443722,0.6808503972569262,6-mer
GAAGTA,-0.036869801828715264,0.13253510591719783,6-mer
GAAGTT,-0.42632631494365913,-0.47810555103093033,6-mer
GAAGTC,0.24887060156048516,-0.21874512968899693,Inverted repeat
GAAGTG,0.6479856507780933,0.5600269909628395,6-mer
GAAGCA,-0.43046231441403104,-0.6036928787646081,6-mer
GAAGCT,-0.508567958562197,-0.20717040981893659,6-mer
GAAGCC,-0.04949926095263134,0.022040625954819804,6-mer
GAAGCG,0.21724015797303656,0.31912557831682925,6-mer
GAAGGA,-0.056357948655034754,-0.6289616934875332,6-mer
GAAGGT,0.3047128525167502,0.39491323019321956,6-mer
GAAGGC,0.4336398420635294,0.1253709469314431,6-mer
GAAGGG,0.5921287586033497,0.07129129418579064,6-mer
GATAAA,0.47848871241134405,0.8348401333471996,6-mer
GATAAT,0.024336467017200027,0.24210801409023444,6-mer
GATAAC,0.539374693619008,0.830888930901358,6-mer
GATAAG,0.3992256976728204,0.6479144063490779,6-mer
GATATA,-0.41013112712083744,-0.04038341382887181,Inverted repeat
GATATT,0.6963479566921903,0.8189196736905263,Inverted repeat
GATATC,0.08926733809708721,0.5478196570148103,Palindromes
GATATG,-0.00634593123589369,0.05119868472300549,Inverted repeat
GATACA,-0.33416225180678527,-0.13607723095863924,6-mer
GATACT,-0.16216557798420395,0.24173325410106192,6-mer
GATACC,0.23515257858613048,0.9360501799780285,6-mer
GATACG,-0.08615664374971459,0.14762996175195953,6-mer
GATAGA,0.4983401459734052,0.53500250089999,6-mer
GATAGT,0.25641476163632876,0.23812433841322692,6-mer
GATAGC,0.29824495427268455,0.4421156558969114,6-mer
GATAGG,0.41760457298264214,0.3153339826655694,6-mer
GATTAA,-0.014281787969153794,0.12341704281794091,6-mer
GATTAT,-0.17478989304781464,0.03858246231905139,6-mer
GATTAC,-0.13453989279631712,0.27290464985785523,6-mer
GATTAG,-0.5402273679701418,-0.6420492362920982,6-mer
GATTTA,-0.08076101196383638,0.21966397535276216,6-mer
GATTTT,0.29023104354256324,0.41373355560109015,6-mer
GATTTC,0.08158488826222711,0.24729554322862474,Inverted repeat
GATTTG,-0.22229744157796932,0.06191363558436674,6-mer
GATTCA,-0.24068115481841967,-0.027254434449397034,6-mer
GATTCT,-0.23119094751132235,-0.47662987893308295,6-mer
GATTCC,-0.4186801594741062,-0.7284035806627823,6-mer
GATTCG,-0.19863080483889065,-0.23140499841625045,6-mer
GATTGA,0.3834300592380775,0.8987834757052338,6-mer
GATTGT,-0.11630781869189988,-0.2742967193968717,6-mer
GATTGC,-0.03410392107942309,0.02381861951811573,6-mer
GATTGG,0.272106206467818,0.7954991782598324,6-mer
GATCAA,-0.277861823511433,0.6200708428165659,6-mer
GATCAT,-0.2743521181773443,0.4131446124458865,6-mer
GATCAC,-0.14997174134715796,0.8152272341503743,6-mer
GATCAG,-0.3859473409907007,0.5333843851820427,6-mer
GATCTA,-0.6888848906002701,-0.3728301164531748,6-mer
GATCTT,-0.3601400455972461,0.2581701886762204,6-mer
GATCTC,-0.24848260337529476,0.40538271631871536,Inverted repeat
GATCTG,-0.2262168953076008,0.3902557204613927,6-mer
GATCCA,-0.5022705153000129,0.15470426450354308,6-mer
GATCCT,-0.24778378770176693,0.0021548847036738754,6-mer
GATCCC,-0.04814400361129102,0.16488438474178208,6-mer
GATCCG,0.05281080629684873,0.38401809956027355,6-mer
GATCGA,-0.5571602217880642,0.10198235544077011,6-mer
GATCGT,-0.4931832708046762,0.053096182179480755,6-mer
GATCGC,-0.09095137129787213,0.7532726712004261,6-mer
GATCGG,-0.28237377104223166,0.5414608620845696,6-mer
GATGAA,0.39369911462815266,0.7720415253045616,6-mer
GATGAT,0.043856032354656946,0.7808483775723198,6-mer
GATGAC,0.22859246442894832,0.3610582164840869,6-mer
GATGAG,0.24024908591749164,0.6554357086696078,6-mer
GATGTA,0.0926309779102642,0.1389232664010604,6-mer
GATGTT,0.23482745164910715,0.17497997071363847,6-mer
GATGTC,0.4921439915904421,0.018345143256631474,Inverted repeat
GATGTG,0.2755421278552123,0.22031673653005018,6-mer
GATGCA,-0.11876041751759499,-0.34632003233940784,6-mer
GATGCT,-0.015687306150790465,0.1442798681436421,6-mer
GATGCC,0.3049519901702139,0.27004630318916717,6-mer
GATGCG,0.15327251283261567,0.15086126905549938,6-mer
GATGGA,0.11143992105560847,0.36799774358334736,6-mer
GATGGT,0.0014344470889811427,0.8659219508491885,6-mer
GATGGC,0.10218890655783798,0.6697884658536954,6-mer
GATGGG,-0.02255235739905025,0.32524692552255746,6-mer
GACAAA,0.04466904933372819,-0.2630344058337938,6-mer
GACAAT,0.2249067666227437,-0.33936854282980117,6-mer
GACAAC,-0.02293411033192583,-0.4677368843233435,6-mer
GACAAG,-0.3064959650435295,-0.7486449105191975,6-mer
GACATA,-0.03700315939685112,-0.8112752914289472,6-mer
GACATT,0.56693132661706,-0.3068886954232212,6-mer
GACATC,0.42219520130816673,0.03098094333316247,Inverted repeat
GACATG,0.02467066119849983,-0.8413022539809418,6-mer
GACACA,-0.10614533313437532,-0.9228968473800823,6-mer
GACACT,0.15759927982925015,-0.25704396799141105,6-mer
GACACC,0.20345462500750683,0.0022797398068346328,6-mer
GACACG,-0.491735079638465,-1.2307410026269094,6-mer
GACAGA,0.32373863062913494,-0.4921583963077242,6-mer
GACAGT,0.19409442693408266,-0.1734828208555016,6-mer
GACAGC,-0.03562390973072135,-0.40833070147816186,6-mer
GACAGG,0.4192252962422774,-0.4336812962283155,6-mer
GACTAA,0.06591991181609,-0.18402190237892493,6-mer
GACTAT,0.28615998054450753,-0.17014307944754803,6-mer
GACTAC,0.09399749000948435,-0.23720110685052684,6-mer
GACTAG,-0.7329423578284217,-1.2027535314166846,6-mer
GACTTA,0.2328945457617962,-0.0358043481076546,6-mer
GACTTT,0.16198718201767198,-0.010738690023447432,6-mer
GACTTC,0.2037811095803987,-0.2846736914975785,Inverted repeat
GACTTG,-0.014262736384057638,-0.10409526517836737,6-mer
GACTCA,-0.0036112535523787253,0.07101425241040453,6-mer
GACTCT,0.14492236737439412,-0.21320324988178738,6-mer
GACTCC,-0.39741182859700924,-0.9435506695818145,6-mer
GACTCG,0.15613245595189748,0.10518223669205638,6-mer
GACTGA,-0.23791846366951142,-0.12719201645377973,6-mer
GACTGT,0.20590159322668133,0.11406063140875433,6-mer
GACTGC,-0.4782369878233765,-0.8221983710563074,6-mer
GACTGG,-0.15611920191728182,0.15806484623225117,6-mer
GACCAA,0.1209136630084385,0.470388245821543,6-mer
GACCAT,0.08117585538459272,0.034955634396813325,6-mer
GACCAC,-0.03522848831098148,0.31148994569813165,6-mer
GACCAG,-0.6358943217040667,-0.37780005971728814,6-mer
GACCTA,-0.18086894385178975,-0.546402654190116,6-mer
GACCTT,0.2453306088114557,0.049125912804747436,6-mer
GACCTC,-0.17458637881217534,-0.41533310322227907,Inverted repeat
GACCTG,-0.6829115441391476,-0.796069114511089,6-mer
GACCCA,-0.3219280948873623,-0.4281608777067295,6-mer
GACCCT,-0.1057094411711149,-0.6499117064290554,6-mer
GACCCC,-1.0756642699320722,-1.125629423461643,6-mer
GACCCG,-0.3178791968478144,-0.7262625925591701,6-mer
GACCGA,0.02250199849484782,0.014105767306730502,6-mer
GACCGT,0.08770738655830478,-0.10704321021985569,6-mer
GACCGC,-0.10517940476590858,0.05127027716233679,6-mer
GACCGG,-0.9330330104107496,-0.9288800086131722,6-mer
GACGAA,0.04293379600533544,-0.5070426149357006,6-mer
GACGAT,0.3414084751297048,0.26135048963341095,6-mer
GACGAC,0.3563915044555838,-0.35049724708413316,6-mer
GACGAG,-0.0497856381064666,-0.45704502580041917,6-mer
GACGTA,-0.14404636961670683,-0.5043118407329175,Inverted repeat
GACGTT,0.34723499470453634,-0.2505040108776583,Inverted repeat
GACGTC,-0.22743094231647673,-0.9444597460562415,Palindromes
GACGTG,-0.17243185705288708,-0.7369655941662062,Inverted repeat
GACGCA,-0.07293152245385105,-0.6214549806412007,6-mer
GACGCT,0.035358174592779214,-0.16566297458815268,6-mer
GACGCC,-0.34197403708912044,-0.7090715880305445,6-mer
GACGCG,-0.43174450611724724,-0.8059522043575138,6-mer
GACGGA,0.6600599801770124,-0.18277483391833477,6-mer
GACGGT,0.11059359547485419,-0.004287358403098046,6-mer
GACGGC,-0.017209290032223084,-0.3772280866558202,6-mer
GACGGG,-0.17883927841736555,-0.8092273363903745,6-mer
GAGAAA,0.3461079073824888,0.27418964668547047,6-mer
GAGAAT,-0.0732943276967763,-0.42232581132612934,6-mer
GAGAAC,-0.36355242347978334,-0.6617495998107047,6-mer
GAGAAG,-0.21597758177301965,-0.25956221392698886,6-mer
GAGATA,0.1912393111983649,0.5229076560952828,6-mer
GAGATT,-0.007168000807737415,0.05722486869295018,6-mer
GAGATC,-0.10933064758897675,0.5437332192318249,Inverted repeat
GAGATG,-0.18842380533615483,-0.05862525570254958,6-mer
GAGACA,-0.2865227587561635,-0.8550328972020798,6-mer
GAGACT,-0.1957509888102174,-0.36778521666067127,6-mer
GAGACC,-1.103777367293333,-1.3319690373166995,6-mer
GAGACG,-0.11103131238874381,-0.6226206267796808,6-mer
GAGAGA,0.25011669192676644,0.28721844059971463,6-mer
GAGAGT,0.13221519538907253,0.2684305463947375,6-mer
GAGAGC,-0.09549825538937834,-0.008391270259140559,6-mer
GAGAGG,-0.17645304443980994,-0.30854906508616253,6-mer
GAGTAA,0.349942471056959,0.5962072578887787,6-mer
GAGTAT,0.20169021754540287,0.47492924789548896,6-mer
GAGTAC,0.10103717763186632,0.4707469318651314,6-mer
GAGTAG,-0.09720215902536429,0.030640592339846846,6-mer
GAGTTA,0.14046147156235875,0.30505427632296606,6-mer
GAGTTT,0.49491529408187096,0.8588124749950007,6-mer
GAGTTC,-0.044551450738626285,-0.0637628587398464,Inverted repeat
GAGTTG,-0.10056520931052865,0.22973199794483856,6-mer
GAGTCA,0.2080164718054288,0.17826719561769136,6-mer
GAGTCT,-0.2108288893697847,-0.4034070621983458,6-mer
GAGTCC,-0.2630344058337938,-0.6619121152888198,6-mer
GAGTCG,0.07853340254668957,0.11091590140185086,6-mer
GAGTGA,0.16792611641054178,0.6025012437350292,6-mer
GAGTGT,0.04464757362678688,-0.09818039393890335,6-mer
GAGTGC,-0.20488265304799871,-0.28658299843135593,6-mer
GAGTGG,0.13387974385786908,0.4926583964013177,6-mer
GAGCAA,0.5461899334368735,0.47602191334751387,6-mer
GAGCAT,0.25322197022287846,-0.008187184749767465,6-mer
GAGCAC,-0.25537145195204264,-0.12961273813046942,6-mer
GAGCAG,0.6054435394788283,0.5665549185766074,6-mer
GAGCTA,-0.0008902777455542604,-0.07735268594855962,Inverted repeat
GAGCTT,-0.0812163583757536,0.33380219517565396,Inverted repeat
GAGCTC,-0.5425875489993548,-0.19023858023530055,Palindromes
GAGCTG,0.27501075147135334,0.6120486808599648,Inverted repeat
GAGCCA,-0.18342143115766055,0.21066312875434084,6-mer
GAGCCT,-0.03697265928288078,-0.09632611707502417,6-mer
GAGCCC,-0.5554090549204189,-0.600667401427031,6-mer
GAGCCG,0.23274076058194712,0.5943135228739973,6-mer
GAGCGA,-0.08374523739450379,0.18943671107329646,6-mer
GAGCGT,0.16095341762422793,0.2319632286592035,6-mer
GAGCGC,-0.048546209300949154,0.20974388598694407,6-mer
GAGCGG,-0.30363064204615886,-0.09476292324399509,6-mer
GAGGAA,0.343503629446505,-0.3019806860743107,6-mer
GAGGAT,0.17398257498995867,-0.07688308997689823,6-mer
GAGGAC,-0.8459917706645731,-1.5792937506344638,6-mer
GAGGAG,-0.11352894563041417,-0.6267826764157831,6-mer
GAGGTA,-0.06604116119331073,0.26590472767766854,6-mer
GAGGTT,-0.4812343495285313,-0.239266239900844,6-mer
GAGGTC,-0.6273610847791045,-0.7437215845111421,Inverted repeat
GAGGTG,-0.16101346889328477,-0.14397463121929327,6-mer
GAGGCA,-0.33387712626220073,-0.6278055017268913,6-mer
GAGGCT,-0.4791678366985595,-0.42324002980753334,6-mer
GAGGCC,-0.49253254687493836,-0.6729727504549703,6-mer
GAGGCG,-0.18846402353705324,-0.245135499806237,6-mer
GAGGGA,0.8108837335378505,0.6689148873751476,6-mer
GAGGGT,-0.35356526612349876,-0.4083781631646332,6-mer
GAGGGC,-0.43528071918622724,-1.0580430075408007,6-mer
GAGGGG,-0.2640794584263132,-0.8333501305905485,6-mer
GTAAAA,0.18326779301246449,0.3061031277256797,6-mer
GTAAAT,0.09669404363696686,0.24074114385869974,6-mer
GTAAAC,-0.014882378219559202,0.48263456630029605,Inverted repeat
GTAAAG,0.32932327788252735,0.7161597642940954,6-mer
GTAATA,0.250032284169572,0.4037450426173784,6-mer
GTAATT,-0.29765597309637554,-0.41030664231943675,6-mer
GTAATC,-0.017432894347749684,0.4723955894211872,6-mer
GTAATG,0.396062129459294,0.21749217503330948,6-mer
GTAACA,-0.2764622693702618,-0.4070001802134255,6-mer
GTAACT,-0.09503479509616718,0.20207686186561577,6-mer
GTAACC,0.027894006135661814,0.5891141439916235,6-mer
GTAACG,0.11902332330732811,0.062060968132251586,6-mer
GTAAGA,-0.48177083327566056,-0.565324480448274,6-mer
GTAAGT,0.0033417220881059037,0.44150971064003497,6-mer
GTAAGC,-0.040212267987493264,0.29639300278022473,6-mer
GTAAGG,0.17172369242989538,-0.0008148517815542834,6-mer
GTATAA,-0.5464771964233659,-0.30412159787699294,Inverted repeat
GTATAT,-1.0663424948286961,-0.7460322956263598,Inverted repeat
GTATAC,-0.8033801318922674,-0.4475646650442979,Palindromes
GTATAG,-0.21954686806504756,-0.15238270008870544,Inverted repeat
GTATTA,0.0017988718551171631,0.002947284050336874,6-mer
GTATTT,0.18095118501041227,0.3445932565542212,6-mer
GTATTC,0.7622232004495896,0.5303681087985581,6-mer
GTATTG,0.780153073844856,0.8349563505169555,6-mer
GTATCA,-0.3270778024892978,0.31223035475827227,6-mer
GTATCT,-0.03455722203636845,0.3185134304745979,6-mer
GTATCC,-0.07512806597101887,0.18575188479959032,6-mer
GTATCG,0.23964309378456503,0.8419351537677487,6-mer
GTATGA,-0.3834282304462009,-0.05763505541065105,6-mer
GTATGT,-0.3288168291805655,-0.5654617814530286,6-mer
GTATGC,-0.22461880301423118,-0.3970657376769235,6-mer
GTATGG,-0.012475513547060228,0.4548777638106349,6-mer
GTACAA,-0.16556859639817628,-0.16881906421614304,6-mer
GTACAT,-0.2621402657116562,-0.34056226902641334,6-mer
GTACAC,-0.08596445609828003,-0.10366097716673278,Inverted repeat
GTACAG,0.08716916286950058,0.08996119168309052,6-mer
GTACTA,-0.46566357234881184,-0.4015542699152217,6-mer
GTACTT,-0.2071432049417485,0.23595487177750946,6-mer
GTACTC,0.2759156971305263,0.5458786706477512,6-mer
GTACTG,0.18313651437134473,0.8776406818097434,6-mer
GTACCA,-0.7021460400914952,0.14023964412921186,6-mer
GTACCT,-0.13338300672997142,0.07400058144377666,6-mer
GTACCC,-0.2402442972936542,0.18033181650354438,6-mer
GTACCG,0.08315686994910576,0.8784128950323854,6-mer
GTACGA,-0.28010791919273537,0.04196854768435906,6-mer
GTACGT,-0.19081671800181713,-0.06431481348171325,6-mer
GTACGC,0.0025460400623361938,0.31951488823455276,6-mer
GTACGG,0.07400058144377666,0.3998695184529611,6-mer
GTAGAA,0.43634350947341793,0.08982051871770266,6-mer
GTAGAT,-0.05694379682644628,0.1589895237611567,6-mer
GTAGAC,0.00272463733653573,-0.430776812244257,Inverted repeat
GTAGAG,0.5529063085202576,0.3802470540988696,6-mer
GTAGTA,0.07716786052245993,0.30937192302026917,6-mer
GTAGTT,-0.3348250889018039,-0.2283712738258694,6-mer
GTAGTC,0.37472951062530685,0.10767551752614576,6-mer
GTAGTG,0.31589591171232084,0.3581207465107433,6-mer
GTAGCA,-0.5279315556847771,-0.6253570883147169,6-mer
GTAGCT,-0.31541651720761427,-0.13827030295527654,6-mer
GTAGCC,0.18364872006151517,0.24197279030596414,6-mer
GTAGCG,0.25390123716931706,0.4633664994269601,6-mer
GTAGGA,-0.1770847930151784,-0.7235319240695508,6-mer
GTAGGT,-0.04524501589794633,0.16052087488675665,6-mer
GTAGGC,0.00646554166262402,-0.12036917696808007,6-mer
GTAGGG,0.28202485865992805,-0.2694151992555159,6-mer
GTTAAA,0.04147396035727369,0.009602590881914393,Inverted repeat
GTTAAT,0.04194773305822288,-0.19474336429380826,Inverted repeat
GTTAAC,0.22259707344557733,0.05598073698348387,Palindromes
GTTAAG,-0.07687572517339347,-0.09623431046066314,Inverted repeat
GTTATA,-0.25105411627297214,-0.0911478880581952,6-mer
GTTATT,0.12748840618457535,0.36707646082767537,6-mer
GTTATC,0.4126046234225585,0.7214358958726018,6-mer
GTTATG,0.2478480020191176,0.5606126393054074,6-mer
GTTACA,-0.28036982262286175,-0.2447721994410654,6-mer
GTTACT,-0.043547715672756775,0.22965564909751446,6-mer
GTTACC,-0.11869752018757831,0.3065528690004463,6-mer
GTTACG,0.4191499026000303,0.5290074607293062,6-mer
GTTAGA,0.0958970964875663,-0.15672550368745305,6-mer
GTTAGT,-0.040641984497346025,-0.11524356367565834,6-mer
GTTAGC,0.2068183962672456,0.2088899229188434,6-mer
GTTAGG,-0.12439398292393136,-0.17949076505078068,6-mer
GTTTAA,-0.12634221704842538,-0.028637479414614482,6-mer
GTTTAT,0.057150412777732855,0.3388120405056994,6-mer
GTTTAC,0.1652282147409135,0.5880767923587478,Inverted repeat
GTTTAG,0.4178740023258228,0.644299345987974,6-mer
GTTTTA,0.4073323872821643,0.36651218835440436,6-mer
GTTTTT,0.001993725935726555,0.09079489296558636,6-mer
GTTTTC,0.2216264876190084,0.049494991051318875,6-mer
GTTTTG,0.18411033836146065,0.301705913186919,6-mer
GTTTCA,-0.10463619164201081,0.252026081657206,6-mer
GTTTCT,0.2117027763902984,0.10175490356776641,6-mer
GTTTCC,0.3274926657554076,0.19153145763168733,6-mer
GTTTCG,-0.38413968313713315,-0.1738638961565482,6-mer
GTTTGA,0.3272019350524733,0.6927489608190351,6-mer
GTTTGT,0.1742484177251569,0.09656410701962342,6-mer
GTTTGC,0.1780974392424822,0.07083497030643982,6-mer
GTTTGG,0.25963430372034596,0.716977416375214,6-mer
GTTCAA,-0.07967607190756797,0.05805571323560832,6-mer
GTTCAT,-0.008648458073510647,-0.12326448456604705,6-mer
GTTCAC,-0.1644754192053928,0.05899002607346266,Inverted repeat
GTTCAG,-0.18784286238779804,-0.10275957442520066,6-mer
GTTCTA,0.2543732603641222,-0.4226470328399685,6-mer
GTTCTT,-0.3915870955375132,-0.5144621920196037,6-mer
GTTCTC,-0.24373384987485744,-0.4600017411663089,6-mer
GTTCTG,-0.061057821051440135,-0.42061037424756276,6-mer
GTTCCA,-0.194074150809884,-0.3709359180699322,6-mer
GTTCCT,-0.24500411823681936,-0.8692535851136862,6-mer
GTTCCC,-0.0935670396184396,-0.8506885025612161,6-mer
GTTCCG,-0.36960607003183776,-0.8212299969921647,6-mer
GTTCGA,-0.3361112798963322,-0.5575108154572321,6-mer
GTTCGT,-0.6645956728561738,-0.8001233528265282,6-mer
GTTCGC,-0.6173548592370168,-0.6481130023824218,6-mer
GTTCGG,-0.23237385313199857,-0.43748054867877295,6-mer
GTTGAA,-0.1869287407627776,-0.005609968342583641,6-mer
GTTGAT,-0.12174706767475964,0.5293967817022057,6-mer
GTTGAC,-0.14274017211608192,-0.0645306597755808,Inverted repeat
GTTGAG,0.06994236486942355,0.4382979918319178,6-mer
GTTGTA,-0.016347048987245604,0.007373727682281151,6-mer
GTTGTT,-0.05205077606307467,0.1791312190381053,6-mer
GTTGTC,0.007840753217183265,-0.3867766079002156,6-mer
GTTGTG,-0.10722393386438167,0.04278243573459907,6-mer
GTTGCA,-0.19125300247495094,-0.3734352807858231,6-mer
GTTGCT,-0.0765186339935613,-0.031070955673896797,6-mer
GTTGCC,0.08342368701923378,0.2423725149450389,6-mer
GTTGCG,-0.4009247629526877,-0.36131136616754495,6-mer
GTTGGA,0.032541367586566124,0.0984297363247451,6-mer
GTTGGT,-0.22516797950632933,0.5919441011322546,6-mer
GTTGGC,0.029495010301825518,0.5525750091779904,6-mer
GTTGGG,0.01970081927972443,0.21791511492461219,6-mer
GTCAAA,-0.24942917781964963,-0.2469756792460391,6-mer
GTCAAT,0.10454173973878021,-0.17157285432379438,6-mer
GTCAAC,0.20412863142736054,0.40285673871811173,Inverted repeat
GTCAAG,-0.6397728593563808,-0.6532685141120649,6-mer
GTCATA,0.039761828875372114,-0.19172937176066077,6-mer
GTCATT,0.25051286120763877,-0.04048210251780731,6-mer
GTCATC,0.24984563407725358,0.31675528532662756,6-mer
GTCATG,-0.09119205151613217,-0.43594856486053374,6-mer
GTCACA,-0.08529753518757077,-0.3854310371935206,6-mer
GTCACT,0.539519529959989,0.5495493110727331,6-mer
GTCACC,0.4901870790903315,0.7305009304400748,6-mer
GTCACG,0.1742991596435101,-0.07763741139426593,6-mer
GTCAGA,-0.3219280948873623,-0.4073603474902878,6-mer
GTCAGT,0.4085409522532655,0.3319121834599844,6-mer
GTCAGC,0.4568966936225661,0.644150887976319,6-mer
GTCAGG,0.045573481940018916,-0.15398345757329068,6-mer
GTCTAA,-0.09882305558587513,-0.7614225486879408,6-mer
GTCTAT,0.18151637368806411,-0.2464705609593451,6-mer
GTCTAC,0.056866784645859494,-0.44784364436208535,Inverted repeat
GTCTAG,-0.7397297568528325,-1.369949609750306,6-mer
GTCTTA,-0.495126612846902,-1.0448185038418458,6-mer
GTCTTT,-0.21498017024354762,-0.5791801481271501,6-mer
GTCTTC,-0.6060681337328075,-1.1495332126111346,6-mer
GTCTTG,-0.13217664370096074,-0.49870676737073716,6-mer
GTCTCA,-0.8668773956159685,-1.0877605803992425,6-mer
GTCTCT,0.4553497625906865,-0.018496343617389395,6-mer
GTCTCC,-0.5013869350786755,-1.136662547310564,6-mer
GTCTCG,-0.7625850519375819,-1.0092778135880107,6-mer
GTCTGA,-0.46077881806942855,-0.6515554603335624,6-mer
GTCTGT,-0.02130351320822253,-0.7551928021415181,6-mer
GTCTGC,-0.33501435686414666,-0.9121708029499528,6-mer
GTCTGG,-0.292781749227846,-0.2719125571802467,6-mer
GTCCAA,-0.44817124311301004,-0.9352297446097622,6-mer
GTCCAT,-0.10556063124718061,-0.6378644018837131,6-mer
GTCCAC,-0.27306232466999997,-0.596017689230152,Inverted repeat
GTCCAG,-0.40745224163195154,-0.8885600789443914,6-mer
GTCCTA,-0.23431011679716268,-1.0509369652252254,6-mer
GTCCTT,-0.32896408553449186,-1.2618667044014593,6-mer
GTCCTC,-1.047909984961385,-1.6587404268607038,6-mer
GTCCTG,-0.049094549528169676,-0.9715545020787693,6-mer
GTCCCA,0.1492771690801921,-0.014775352680398283,6-mer
GTCCCT,0.17044034170172606,-0.7129701130972277,6-mer
GTCCCC,-0.002422662266855708,-0.9813307885559295,6-mer
GTCCCG,-0.4254708556125637,-1.7852017798190538,6-mer
GTCCGA,-0.5155887976804941,-1.107803289534515,6-mer
GTCCGT,-0.31117092687806375,-1.0179219079972623,6-mer
GTCCGC,-0.6675230007816713,-1.292781749227846,6-mer
GTCCGG,-0.28998520238460807,-0.9865794842376786,6-mer
GTCGAA,0.13235758081260954,-0.26767081595451253,Inverted repeat
GTCGAT,0.6164221358819568,0.6946998671891963,Inverted repeat
GTCGAC,0.09818039393890321,-0.4506614090095651,Palindromes
GTCGAG,0.2934694474618827,0.020012016791334512,Inverted repeat
GTCGTA,0.14473509298101056,0.011510925753690018,6-mer
GTCGTT,-0.09138962650395016,-0.3888945039151113,6-mer
GTCGTC,0.29567002855267227,-0.36553147975581546,6-mer
GTCGTG,0.0703237523344268,-0.3204166279697628,6-mer
GTCGCA,-0.11874440266817449,-0.5849625007211562,6-mer
GTCGCT,0.2956588441765801,0.29793023791862266,6-mer
GTCGCC,0.262116619163479,0.1250125795667379,6-mer
GTCGCG,0.045087889528537865,-0.15400381291527665,6-mer
GTCGGA,0.2877710841553002,-0.34971125140090037,6-mer
GTCGGT,0.4766053226307378,0.5977016125518336,6-mer
GTCGGC,0.20318286755082351,0.015364309652179393,6-mer
GTCGGG,-0.11980152201647577,-0.8615945099556724,6-mer
GTGAAA,0.17610615899072846,0.29171837393231287,6-mer
GTGAAT,-0.17632277264046287,-0.1438780151329472,6-mer
GTGAAC,-0.12309955420524064,-0.06310238021738142,Inverted repeat
GTGAAG,0.2771582247673398,0.4025669271087922,6-mer
GTGATA,-0.004819856245848456,0.41210618426925877,6-mer
GTGATT,0.2392389274743586,0.7539987913256485,6-mer
GTGATC,-0.11611759232918774,0.8337337720653042,6-mer
GTGATG,0.370766219976737,0.915586794578336,6-mer
GTGACA,0.45540199062678144,-0.008076690322679225,6-mer
GTGACT,0.14452083134088092,0.14577920527243265,6-mer
GTGACC,0.006474334160549606,0.24376607212901485,6-mer
GTGACG,0.3127431022565065,0.051687919320716404,6-mer
GTGAGA,-0.4006053941043466,-0.1716442633813067,6-mer
GTGAGT,0.2574011475406877,0.6021815717698634,6-mer
GTGAGC,-0.005041710812154235,0.4021384893262639,6-mer
GTGAGG,-0.21903850200710995,-0.40288793400264317,6-mer
GTGTAA,0.03432904777181105,-0.13863371968778926,6-mer
GTGTAT,0.19919201918093293,0.11472934720018746,6-mer
GTGTAC,-0.007299520658071158,0.0681715026415795,Inverted repeat
GTGTAG,0.34599585484919226,-0.20246996379571158,6-mer
GTGTTA,0.18393405318373984,0.08730240810690022,6-mer
GTGTTT,0.37395760461243843,0.3107801585416162,6-mer
GTGTTC,0.07928052852364766,-0.43528071918622724,6-mer
GTGTTG,0.2178844870827525,0.16658325837724017,6-mer
GTGTCA,-0.08746284125033935,-0.4302730509434715,6-mer
GTGTCT,-0.1480319309371088,-0.760302845648552,6-mer
GTGTCC,-0.29194028228017105,-1.4259115425468536,6-mer
GTGTCG,0.29914676395394446,-0.24234588960743297,6-mer
GTGTGA,-0.3853385027637322,-0.29168180801924193,6-mer
GTGTGT,-0.09869627792978812,-0.4516809815190596,6-mer
GTGTGC,-0.3399700723816679,-0.7970129778361451,6-mer
GTGTGG,0.0795900225154074,0.26571208532081436,6-mer
GTGCAA,-0.35506234464708536,-0.7881254505775513,Inverted repeat
GTGCAT,-0.3932147285288815,-0.9320484632290281,Inverted repeat
GTGCAC,-0.7691933156293617,-1.229290204072516,Palindromes
GTGCAG,0.07237965839396497,-0.3155449060403052,Inverted repeat
GTGCTA,-0.40554605030154606,-0.7299839937551074,6-mer
GTGCTT,-0.29703958323100266,-0.23648201785123038,6-mer
GTGCTC,-0.27132237715937996,-0.4080294724936508,6-mer
GTGCTG,0.25677541536211146,0.26674165666077915,6-mer
GTGCCA,-0.2221086078223494,-0.19873591233942084,6-mer
GTGCCT,-0.026249899157825028,-0.4526707339038513,6-mer
GTGCCC,-0.54980605530754,-0.9371399761614234,6-mer
GTGCCG,0.01633020094057698,-0.13209002756357058,6-mer
GTGCGA,-0.31012711381405356,-0.5266555627018049,6-mer
GTGCGT,-0.09080628432470986,-0.3718107517511255,6-mer
GTGCGC,-0.29068430028914655,-0.3222635663551893,6-mer
GTGCGG,-0.09098122132243933,-0.2036081276986009,6-mer
GTGGAA,0.39207291891563983,0.22144979141667406,6-mer
GTGGAT,0.21143121296996012,0.5404234669895319,6-mer
GTGGAC,-0.7341885094956324,-0.9104346152040138,Inverted repeat
GTGGAG,-0.3401835045946303,-0.3444620051776399,6-mer
GTGGTA,-0.04952013584379877,0.9231440766073716,6-mer
GTGGTT,-0.026896145418189295,0.9288668231409044,6-mer
GTGGTC,-0.006188339046299184,0.3268292717856826,6-mer
GTGGTG,0.4807198244927142,1.2322039756805192,6-mer
GTGGCA,0.04804525335591192,0.21277312136447282,6-mer
GTGGCT,-0.1290900873918822,0.45000296465367395,6-mer
GTGGCC,-0.5190507392545544,-0.07588641782233588,6-mer
GTGGCG,0.38530937870443577,0.9547413874322842,6-mer
GTGGGA,-0.01013715154458545,-0.30186632055438917,6-mer
GTGGGT,0.16352303050923794,0.47731141561506585,6-mer
GTGGGC,-0.12664956010016729,-0.13579180311303743,6-mer
GTGGGG,-0.020540778440836314,-0.16551789991953128,6-mer
GCAAAA,0.06917813761382702,-0.11963959429411164,6-mer
GCAAAT,-0.2198420316850935,-0.5295840743326169,6-mer
GCAAAC,-0.03125808309973343,0.03125093398443977,6-mer
GCAAAG,-0.16963483751516983,-0.17481135680233814,6-mer
GCAATA,0.42858878790246646,-0.024756099085571033,6-mer
GCAATT,-0.23075949937777573,-0.7731935279232774,6-mer
GCAATC,0.0981291688437977,0.11756959638117587,6-mer
GCAATG,-0.12324954006969298,-0.6339993805097107,6-mer
GCAACA,0.17602481602194406,-0.2860925743654733,6-mer
GCAACT,-0.2386155537370755,-0.26678654069490126,6-mer
GCAACC,-0.24337412908276826,-0.041200022272024454,6-mer
GCAACG,-0.20840235108000021,-0.4280629011788828,6-mer
GCAAGA,0.15005482165552836,-0.05427501060683889,6-mer
GCAAGT,-0.13567230492033472,-0.13211278402283777,6-mer
GCAAGC,-0.12369221724031644,-0.08842091898967824,Inverted repeat
GCAAGG,0.4297196955348177,-0.04175166460811952,6-mer
GCATAA,0.04170752821535444,-0.16940501764108448,6-mer
GCATAT,-0.29604946306175683,-0.7713470507922432,6-mer
GCATAC,-0.2587061207245313,-0.42266794040322125,6-mer
GCATAG,0.09429729662894246,-0.4468429165374158,6-mer
GCATTA,0.6338721012021026,-0.07109017562968357,6-mer
GCATTT,-0.019235063569613912,-0.526620918679559,6-mer
GCATTC,0.08718109238880747,-0.6457073508174893,6-mer
GCATTG,-0.05740923381567559,-0.576773102907809,6-mer
GCATCA,0.23315800407685258,0.4337138854367271,6-mer
GCATCT,-0.22881079070674581,-0.403212063882054,6-mer
GCATCC,0.12905716177897,-0.16937780058580373,6-mer
GCATCG,0.0901591882854416,0.06670714357654237,6-mer
GCATGA,-0.1766352230318648,-0.5293946373743645,Inverted repeat
GCATGT,-0.2414640954115754,-1.2133080017453943,Inverted repeat
GCATGC,-0.48166613415542325,-1.2871176357881813,Palindromes
GCATGG,0.049154685853299684,-0.13819546383077155,Inverted repeat
GCACAA,0.0735845794106495,-0.31481005154018965,6-mer
GCACAT,-0.1554510168577423,-0.7427458406345278,6-mer
GCACAC,-0.14636287529288367,-0.5232034779731982,6-mer
GCACAG,-0.10878761824928262,-0.4822403100473247,6-mer
GCACTA,0.1774889745262795,-0.21944513728611104,6-mer
GCACTT,-0.12015370462940915,-0.20765904643202296,6-mer
GCACTC,-0.1478986951123134,-0.16823665128954227,6-mer
GCACTG,0.04377783718799521,0.0031918044897093346,6-mer
GCACCA,-0.19014073136449303,0.35236833036806037,6-mer
GCACCT,-0.24889652391831524,-0.36940303083075837,6-mer
GCACCC,-0.8267854520065056,-0.8076391689388093,6-mer
GCACCG,-0.21063535687189644,0.179229408732402,6-mer
GCACGA,-0.27135500266758245,-0.5534036209862487,6-mer
GCACGT,-0.34435049728535844,-0.9118350779327818,6-mer
GCACGC,-0.40399922782639575,-0.5466740159967822,Inverted repeat
GCACGG,-0.2937779292649016,-0.6552238904188028,6-mer
GCAGAA,0.335339195085979,-0.04752215691226918,6-mer
GCAGAT,0.16081347222094874,0.18496093172921887,6-mer
GCAGAC,-0.09281276718659365,-0.798111523121087,6-mer
GCAGAG,0.2931963763440461,0.07158441098975206,6-mer
GCAGTA,0.408195719447231,0.44054145889839613,6-mer
GCAGTT,0.38964334501946274,0.2965368192625141,6-mer
GCAGTC,-0.5097197404721858,-0.896531774701334,6-mer
GCAGTG,0.2475276282071292,0.2032284168002233,6-mer
GCAGCA,0.6049106149480177,0.3696205979431596,6-mer
GCAGCT,-0.33535555000308076,-0.09869043665478111,6-mer
GCAGCC,-0.33754159198022027,-0.3074285251922473,6-mer
GCAGCG,0.34095053149685417,0.3978080597338319,6-mer
GCAGGA,0.5188733102633837,-0.21630335548880275,6-mer
GCAGGT,0.0424632312171473,-0.02039178883117798,6-mer
GCAGGC,0.043478636666880684,-0.3636638588464165,Inverted repeat
GCAGGG,0.34585393413284266,-0.4187702181551736,6-mer
GCTAAA,0.18772631747718202,0.04987590663956957,6-mer
GCTAAT,-0.3402433873639376,-0.783606319284995,6-mer
GCTAAC,0.35189791046683394,0.2612507315399641,6-mer
GCTAAG,-0.03373085731254979,-0.12298149983203681,6-mer
GCTATA,-0.23557459243900136,-0.5041836899578405,6-mer
GCTATT,0.29117676992081226,0.08545759677562163,6-mer
GCTATC,0.10403740837115436,0.45343287801585413,6-mer
GCTATG,-0.03580251635934788,-0.2327902684417726,6-mer
GCTACA,-0.26471488947271177,-0.5669973976149552,6-mer
GCTACT,0.01663067454412082,0.3203400979841702,6-mer
GCTACC,-0.16588787496769888,0.26392249145179675,6-mer
GCTACG,0.02015166327462974,0.06864166560513069,6-mer
GCTAGA,-0.054115272775617736,-0.5070769908724055,Inverted repeat
GCTAGT,-0.7469915752715246,-1.0756070371624173,Inverted repeat
GCTAGC,-0.8676927078958699,-1.1166449188522705,Palindromes
GCTAGG,0.2999497257918677,-0.2061073377489584,Inverted repeat
GCTTAA,-0.1476930290091175,-0.001112189473729136,6-mer
GCTTAT,0.23306636900630753,0.3545605435795458,6-mer
GCTTAC,-0.1809579414176482,0.16507537847565149,6-mer
GCTTAG,0.12225575005099808,0.10780328953451497,6-mer
GCTTTA,0.25710059385860307,0.5952863944450779,6-mer
GCTTTT,-0.07246623880056076,0.1875691534846128,6-mer
GCTTTC,-0.09848646510065998,0.06515656108191696,6-mer
GCTTTG,0.016729493828220577,0.2834938834518837,6-mer
GCTTCA,0.01373279048977331,0.3159710711511226,6-mer
GCTTCT,0.14540268230824333,0.06146763271739501,6-mer
GCTTCC,-0.11471165887669262,-0.31080543106317315,6-mer
GCTTCG,-0.3218169002331096,-0.23651796105471853,6-mer
GCTTGA,-0.31889474360799075,0.1471828582864275,6-mer
GCTTGT,-0.03522848831098148,-0.09910814501292448,6-mer
GCTTGC,-0.16904359363090987,-0.05282107198939422,Inverted repeat
GCTTGG,0.05506749957442807,0.7015508106253047,6-mer
GCTCAA,0.34867863074847893,0.7518773035701344,6-mer
GCTCAT,0.09308550901933671,0.42239524057279015,6-mer
GCTCAC,0.047217041212591584,0.4704506195974504,6-mer
GCTCAG,0.13597766951897453,0.5735602069735141,6-mer
GCTCTA,0.6082322800440033,0.3296675162521292,6-mer
GCTCTT,0.23631131280239603,0.34069114473274636,6-mer
GCTCTC,0.0867637452069502,0.23709231665286423,6-mer
GCTCTG,0.23340814053540174,0.32719953255747886,6-mer
GCTCCA,-0.2712315588004133,-0.19418046368944436,6-mer
GCTCCT,-0.2779250145581817,-0.5506481361958213,6-mer
GCTCCC,-0.4258349728427246,-0.7127180479195289,6-mer
GCTCCG,-0.47220313201407665,-0.6325723569659895,6-mer
GCTCGA,-0.11638551131028071,0.09264675852150576,6-mer
GCTCGT,-0.3105930253443064,-0.30956794753975614,6-mer
GCTCGC,-0.23715057652123123,0.11511886885141195,Inverted repeat
GCTCGG,0.13244497086353457,0.4289339687621663,6-mer
GCTGAA,0.13090566365847003,0.3792319089886353,6-mer
GCTGAT,-0.07283112544054764,0.6617733620423617,6-mer
GCTGAC,0.26109362235936107,0.41686320055949994,6-mer
GCTGAG,-0.06140998141402893,0.359813904394029,6-mer
GCTGTA,0.1653676636895403,0.1847673490365306,6-mer
GCTGTT,0.4570407813375814,0.30184384884403,6-mer
GCTGTC,-0.056348389413701405,-0.5193741590935793,6-mer
GCTGTG,-0.24792751344358546,-0.2767526870815738,6-mer
GCTGCA,0.11033977505320179,-0.005114513384665797,6-mer
GCTGCT,0.1567049825853535,0.36204268217872904,6-mer
GCTGCC,-0.1612512460570855,-0.03807222692029958,6-mer
GCTGCG,0.24459715757711745,0.3138608136192474,6-mer
GCTGGA,0.0590475683178483,0.2397319428165242,6-mer
GCTGGT,-0.4345975305824432,0.3838305338132691,6-mer
GCTGGC,-0.019813895067735836,0.6483245617185855,Inverted repeat
GCTGGG,-0.09467669953844178,-0.04785312326183145,6-mer
GCCAAA,0.09127061780923203,0.4366522220146384,6-mer
GCCAAT,0.27250126963448684,0.4684903211646198,6-mer
GCCAAC,0.23281918195105505,0.6151287617041024,6-mer
GCCAAG,0.21957611273179614,0.5558695892008295,6-mer
GCCATA,-0.06203379563534958,0.1561727351940053,6-mer
GCCATT,0.26750825734364253,0.18002325807276115,6-mer
GCCATC,0.2281558395580138,0.8093258172287275,6-mer
GCCATG,0.1194324209552036,0.132103536007345,6-mer
GCCACA,-0.12080278655660569,0.01568162223226956,6-mer
GCCACT,0.19019683461553832,0.7267126219769472,6-mer
GCCACC,-0.12605350300639676,0.6220518194563762,6-mer
GCCACG,-0.39727865264926493,-0.07317518769671875,6-mer
GCCAGA,0.11893758863033974,0.2885050933499121,6-mer
GCCAGT,0.42571429206647765,0.7959409043926564,6-mer
GCCAGC,0.09984516514083629,0.7221569086521272,Inverted repeat
GCCAGG,-3.371861854325959,-3.255500733148386,6-mer
GCCTAA,0.5833532478594989,0.11123524129443209,6-mer
GCCTAT,0.15030480597302442,-0.3054898151964038,6-mer
GCCTAC,-0.18181971224863197,-0.33395619176441116,6-mer
GCCTAG,0.3007634848893201,-0.5453255284838116,6-mer
GCCTTA,0.08459669434874709,-0.21874002687711455,6-mer
GCCTTT,0.2087002562756882,0.03823421848747553,6-mer
GCCTTC,0.32927184989330877,-0.07846262842708013,6-mer
GCCTTG,0.40606686286228155,0.30219928574596455,6-mer
GCCTCA,-0.03750400585817966,0.3557164083436458,6-mer
GCCTCT,0.10749601201936654,-0.03049660076788522,6-mer
GCCTCC,-0.5351798623673414,-1.1382239707266493,6-mer
GCCTCG,-0.769810553197469,-0.8148300426197508,6-mer
GCCTGA,-0.0719466260603493,-0.057556678515164134,6-mer
GCCTGT,0.15796817299222507,-0.2831841054552009,6-mer
GCCTGC,-0.034835375490833986,-0.32524980227949163,Inverted repeat
GCCTGG,-3.318015495111247,-3.362329610171569,6-mer
GCCCAA,-0.20120709144581983,-0.14095082536840378,6-mer
GCCCAT,0.1531931904734677,-0.060024771072217466,6-mer
GCCCAC,-0.21509359892538388,-0.14274017211608192,6-mer
GCCCAG,-0.40105674467190155,-0.27960368605162433,6-mer
GCCCTA,0.21937544355691752,-0.5124254170169981,6-mer
GCCCTT,0.1264401573389365,-0.2976805486406849,6-mer
GCCCTC,-0.8904400748279243,-1.1659570915902124,6-mer
GCCCTG,0.13928817869100463,-0.22220068832521642,6-mer
GCCCCA,-0.4390992319259407,-0.38185377542228344,6-mer
GCCCCT,0.7081683298587713,0.6765737792865428,6-mer
GCCCCC,-0.12969107663963675,-0.42673283291121855,6-mer
GCCCCG,-0.6161812313318763,-0.9223791028775263,6-mer
GCCCGA,-0.15816528797983856,-0.6532685141120649,6-mer
GCCCGT,0.1708174032987368,-0.5238835913366616,6-mer
GCCCGC,-0.11917170097767758,-0.22586461324325285,Inverted repeat
GCCCGG,-0.9014042541915573,-1.4077588531509635,6-mer
GCCGAA,-0.034916122750899,-0.12482130787877561,6-mer
GCCGAT,0.4246137588619263,0.8713989764689576,6-mer
GCCGAC,0.11626630842078665,0.022660597411171903,6-mer
GCCGAG,0.15543236779772093,0.28383925889927436,6-mer
GCCGTA,0.23817769467571595,0.30514351059179873,6-mer
GCCGTT,0.3403757442819955,0.23143756093945494,6-mer
GCCGTC,0.10944263121700402,-0.3000449769889125,6-mer
GCCGTG,-0.04902833592736453,0.011947853304448062,6-mer
GCCGCA,0.06353430558273593,-0.013690762776058069,6-mer
GCCGCT,0.21378583067812934,0.5214442528485469,6-mer
GCCGCC,0.2577767086710823,0.559917371274829,6-mer
GCCGCG,-0.17384958053611638,0.3219280948873623,6-mer
GCCGGA,-0.1162371305483239,-0.4612007114903531,Inverted repeat
GCCGGT,-0.9186058812386709,-0.44828482360506744,Inverted repeat
GCCGGC,-1.6780719051126378,-1.5528688710113028,Palindromes
GCCGGG,-0.4544327147335898,-0.6810012361513093,Inverted repeat
GCGAAA,-0.08541969968180313,-0.052224929761471146,6-mer
GCGAAT,0.025216285608837017,-0.24884006029266337,6-mer
GCGAAC,-0.5547547645109969,-0.7334057488501856,6-mer
GCGAAG,-0.23030691241283652,-0.31348342852115146,6-mer
GCGATA,0.47899013206805957,0.7686247494942736,6-mer
GCGATT,0.3303027714654901,0.5773594967134836,6-mer
GCGATC,-0.25732747408422263,0.5694068308152578,6-mer
GCGATG,0.1661303849025283,0.5893908599473764,6-mer
GCGACA,0.34646677120079067,-0.23245473107898046,6-mer
GCGACT,0.05752121864003322,-0.1628294235068345,6-mer
GCGACC,0.16099403123639983,0.28630418515664097,6-mer
GCGACG,-0.2976135540486978,-0.5750922566970949,6-mer
GCGAGA,-0.17494525893398763,-0.3037646582525407,6-mer
GCGAGT,0.08213262728946906,0.2559778321624613,6-mer
GCGAGC,-0.13791141039129734,0.11429192771265963,Inverted repeat
GCGAGG,-0.3287376528846234,-0.5174737921348642,6-mer
GCGTAA,0.35371048834599855,0.3345876668588279,6-mer
GCGTAT,0.23051148459222798,0.396561576117946,6-mer
GCGTAC,0.048655805944116386,0.3361109020296868,6-mer
GCGTAG,0.16090864666694202,0.0015114669175993205,6-mer
GCGTTA,0.7078448284327694,0.8617584618895825,6-mer
GCGTTT,0.4481351874550746,0.5229414969939788,6-mer
GCGTTC,-0.12038017894733638,-0.381736424911352,6-mer
GCGTTG,0.18796859073292266,0.5485666540114814,6-mer
GCGTCA,-0.04629961935927193,-0.26220216177212846,6-mer
GCGTCT,-0.3131297348378519,-0.8707169830550336,6-mer
GCGTCC,-0.34738367557003225,-1.0468786924159408,6-mer
GCGTCG,-0.3788942502393673,-0.6385880019963428,6-mer
GCGTGA,0.2674295197917038,0.44088762469674053,6-mer
GCGTGT,-0.3143371651454777,-0.5636369286593925,6-mer
GCGTGC,-0.45835011671148945,-0.586691314637907,Inverted repeat
GCGTGG,0.03211218515375268,0.4392850455255213,6-mer
GCGCAA,-0.013462259806562687,-0.027944357725024994,6-mer
GCGCAT,0.07315610446815103,-0.22656167851434952,6-mer
GCGCAC,-0.37207231637777227,-0.3839647647932555,6-mer
GCGCAG,0.44156379378903143,0.3337743377354709,6-mer
GCGCTA,0.010893152216277834,-0.09704675313503508,6-mer
GCGCTT,-0.11442209595406401,0.212564617997794,6-mer
GCGCTC,-0.19511073758831618,0.15885880003610714,6-mer
GCGCTG,0.27772489659593663,0.6382992758937155,6-mer
GCGCCA,-0.0959069523708345,0.3303168558228951,6-mer
GCGCCT,-0.3531790288718022,-0.4678615035245726,6-mer
GCGCCC,-0.2871804931654963,-0.33711585356726353,6-mer
GCGCCG,-0.3035994123305282,-0.03433598072905228,6-mer
GCGCGA,-0.2949610472870928,-0.013089999440443683,Inverted repeat
GCGCGT,-0.23942460882356328,-0.19641335475561433,Inverted repeat
GCGCGC,-0.6330635270085673,-0.2636294543226951,Palindromes
GCGCGG,-0.2684416589653872,-0.03850876654119764,Inverted repeat
GCGGAA,0.18415361704875613,-0.28076749175881627,6-mer
GCGGAT,0.4660304142602794,0.41651794583347485,6-mer
GCGGAC,-0.2934927516772515,-0.9102252067302912,6-mer
GCGGAG,-0.26303440583379395,-0.5174737921348642,6-mer
GCGGTA,0.40257194996175316,0.8991756304805131,6-mer
GCGGTT,-0.1873999679969428,0.33586728584523595,6-mer
GCGGTC,-0.1762544971599416,-0.1583621286475993,6-mer
GCGGTG,0.2952601444252823,0.9718863637910862,6-mer
GCGGCA,0.1867685116057264,0.17007466636706808,6-mer
GCGGCT,-0.13502288973990756,0.2649692114605094,6-mer
GCGGCC,-0.31738764827716864,-0.034853170664635225,6-mer
GCGGCG,0.34792330342030675,0.6115116332543357,6-mer
GCGGGA,-0.13146081317385097,-0.42943555841640224,6-mer
GCGGGT,0.14095336771387848,0.2377583275180598,6-mer
GCGGGC,0.24684589771813412,0.18100296516760214,Inverted repeat
GCGGGG,-0.47005766777248126,-0.7393482454772003,6-mer
GGAAAA,0.349587511673932,-0.05489579118097654,6-mer
GGAAAT,0.5007838679401616,-0.15833702716710069,6-mer
GGAAAC,0.11681366498274974,-0.09635924173873563,6-mer
GGAAAG,-0.077858559193242,-0.26210930478196787,6-mer
GGAATA,0.8020781128868019,0.13264615027300192,6-mer
GGAATT,0.08186374436885017,-0.7353952808256264,6-mer
GGAATC,-0.22674563968527398,-0.5376230382956704,6-mer
GGAATG,0.24407161204162534,-0.5111782316011804,6-mer
GGAACA,0.18007197572723566,-0.6230279325118057,6-mer
GGAACT,-0.578842894341258,-1.0253110885291876,6-mer
GGAACC,-0.4586153178204479,-0.40545145044964576,Inverted repeat
GGAACG,-0.5518202160985264,-1.176823360792914,6-mer
GGAAGA,0.6895617001342891,0.0868550921544084,6-mer
GGAAGT,0.2382210515040828,-0.1199500635759426,6-mer
GGAAGC,-0.3313764675251679,-0.4781514963670663,6-mer
GGAAGG,0.45286193078396714,-0.07968041930076816,6-mer
GGATAA,0.672543368317607,0.6180537586432162,6-mer
GGATAT,0.5202962681004623,0.5631738119558692,6-mer
GGATAC,-0.029999360536843128,0.14375320654170068,6-mer
GGATAG,0.6405101618947333,0.23587253227979632,6-mer
GGATTA,0.2851060755509185,0.10079292421077697,6-mer
GGATTT,0.2133743955750962,0.05120007146774955,6-mer
GGATTC,-0.18591785116816067,-0.701607419573427,6-mer
GGATTG,0.3881287700738161,0.3108336684110951,6-mer
GGATCA,-0.02922686592637029,0.47012961817255594,Inverted repeat
GGATCT,0.22660512817489775,0.41575543661184267,Inverted repeat
GGATCC,-0.5741860170687585,-0.5018212654209103,Palindromes
GGATCG,-0.20088155628693682,0.16485720228992792,Inverted repeat
GGATGA,0.4556428443673959,0.595330990202207,6-mer
GGATGT,0.27810781708648796,-0.14625953914175566,6-mer
GGATGC,0.2557991032007883,-0.15580245327375225,6-mer
GGATGG,-0.2669178403210219,0.008885963231588344,6-mer
GGACAA,0.11143532356439712,-0.7003197385126901,6-mer
GGACAT,0.02315307530717985,-1.0023826513109944,6-mer
GGACAC,0.04369685243520943,-0.94277513130705,6-mer
GGACAG,-0.05153030064008202,-0.8494667946504044,6-mer
GGACTA,-0.39346196471970113,-1.1595635107588484,6-mer
GGACTT,-0.27972559640239936,-0.7629211676755658,6-mer
GGACTC,0.05610766622273148,-0.483664218470982,6-mer
GGACTG,0.4165946446441383,0.45760229178529843,6-mer
GGACCA,-1.6686843266186597,-1.598740542498812,6-mer
GGACCT,-1.264658148313458,-1.7932107397373345,6-mer
GGACCC,-2.264911693074464,-3.19429721965122,Inverted repeat
GGACCG,-1.554911927491526,-1.9352297446097622,6-mer
GGACGA,0.3606976650519375,-0.4253058347326708,6-mer
GGACGT,0.20310108272768768,-0.5977865410787397,6-mer
GGACGC,-0.267278521223299,-0.9980665241141522,6-mer
GGACGG,-0.17541054052604194,-0.8960591473290844,6-mer
GGAGAA,0.10373761932116986,-0.2085202467548903,6-mer
GGAGAT,-0.14762774102364226,-0.0647122126821689,6-mer
GGAGAC,-0.2897023562958739,-1.072270286490162,6-mer
GGAGAG,0.4407142473378737,0.3331263014922264,6-mer
GGAGTA,-0.36033160718870894,-0.2997242151629748,6-mer
GGAGTT,-0.3163725341315609,-0.3498821564583636,6-mer
GGAGTC,-0.5259181464237674,-0.8461741709481321,6-mer
GGAGTG,-0.42053947559383753,-0.4934438447441642,6-mer
GGAGCA,-0.1700195702890498,-0.5777823470548995,6-mer
GGAGCT,-0.7999276590565281,-0.7067673381131034,6-mer
GGAGCC,-0.5665716406267607,-0.7475950095971126,Inverted repeat
GGAGCG,-0.6014237474203253,-0.6242219311683833,6-mer
GGAGGA,0.3189421779038233,-0.44916963445736513,6-mer
GGAGGT,-0.8467241274332367,-0.7636476368187118,6-mer
GGAGGC,-0.866698212228681,-1.3919460249028803,6-mer
GGAGGG,-0.49300004687504256,-1.0504753133602442,6-mer
GGTAAA,0.3852306767958802,1.0470335338435075,6-mer
GGTAAT,0.2357714511376477,0.7119803141820822,6-mer
GGTAAC,-0.054091519039484386,0.5587620286122961,6-mer
GGTAAG,0.043641216014597084,0.5088820607519025,6-mer
GGTATA,-0.26154324803604045,0.4798366204048519,6-mer
GGTATT,0.7748417336651754,1.0990915624066073,6-mer
GGTATC,0.046761590877244234,1.0019776494404424,6-mer
GGTATG,-0.09501944054875966,0.483024336954937,6-mer
GGTACA,-0.2973117103215759,0.003523066563697302,Inverted repeat
GGTACT,-0.047837485901549834,0.8151519475236872,Inverted repeat
GGTACC,-0.8373653548250634,0.10481953226237087,Palindromes
GGTACG,-0.24699744247064762,0.4701420987192982,Inverted repeat
GGTAGA,0.4419122764022252,0.7424159030319664,6-mer
GGTAGT,0.1024104111480697,0.506959988719883,6-mer
GGTAGC,0.04915836245085121,0.42547295194515433,6-mer
GGTAGG,-0.010466999051068711,0.10518223669205638,6-mer
GGTTAA,0.507113084177223,0.5912487635685874,6-mer
GGTTAT,0.2502998703626056,0.7582818254032987,6-mer
GGTTAC,0.11202661773411128,0.7386779920418923,6-mer
GGTTAG,-0.13115801224066106,-0.06427879338207015,6-mer
GGTTTA,0.12991579984872195,0.7196616980786106,6-mer
GGTTTT,0.34944745731337756,0.6946547893082418,6-mer
GGTTTC,0.20937069522250407,0.6346698865495294,6-mer
GGTTTG,0.20237661596016934,0.6728028406396958,6-mer
GGTTCA,-0.4439832195486335,0.0278342081967255,6-mer
GGTTCT,-0.41315545813444104,-0.2740334047830508,6-mer
GGTTCC,-0.42321143072454404,-0.4063458314504552,Inverted repeat
GGTTCG,-0.875569991713083,-0.7297340249351304,6-mer
GGTTGA,-0.05996895004410906,0.5261203374105844,6-mer
GGTTGT,-0.3996289544150125,0.09761079662642225,6-mer
GGTTGC,-0.4321286010101927,-0.04272087498462166,6-mer
GGTTGG,-0.3147779809277921,0.5108014189405496,6-mer
GGTCAA,0.23469157649275246,0.5136471811157545,6-mer
GGTCAT,0.09630595230550565,0.21681138907314804,6-mer
GGTCAC,0.04519490247528357,0.2846855766488724,6-mer
GGTCAG,0.278289379180458,0.5339384976966892,6-mer
GGTCTA,-0.19332543402238947,-0.4918530963296747,6-mer
GGTCTT,-0.7670561754951616,-0.7743478161692864,6-mer
GGTCTC,-0.9934273460765138,-1.1682366512895426,6-mer
GGTCTG,-0.21968927910517969,-0.227970756139055,6-mer
GGTCCA,-1.4141784965497513,-1.5530093544858663,6-mer
GGTCCT,-1.5622424242210728,-2.062230804504234,6-mer
GGTCCC,-1.8461317543353872,-2.571879023867245,Inverted repeat
GGTCCG,-2.212474051704317,-2.4900199384707205,6-mer
GGTCGA,0.3276644644365067,0.46141314848598397,6-mer
GGTCGT,-0.1866682652768888,-0.3374410942586868,6-mer
GGTCGC,0.14470501145303516,0.2275155377894482,6-mer
GGTCGG,-0.11898587390275514,0.024553234359037907,6-mer
GGTGAA,0.4432475189904456,0.9203052389388794,6-mer
GGTGAT,0.28533572449490124,1.2179373636298265,6-mer
GGTGAC,0.3984619430766613,0.6584586433343084,6-mer
GGTGAG,0.2976571040989752,0.8509490806079507,6-mer
GGTGTA,0.6664891969582131,0.758837774643712,6-mer
GGTGTT,0.3507296178531421,0.4848850716096554,6-mer
GGTGTC,0.08671163319333093,-0.21205047711498867,6-mer
GGTGTG,0.06358069443343792,0.27810185392273556,6-mer
GGTGCA,-0.2787357207386622,-0.3843818132631934,6-mer
GGTGCT,-0.18971119144828663,0.09683526089372296,6-mer
GGTGCC,-0.4479595514113073,-0.280984186879307,Inverted repeat
GGTGCG,-0.3301147986946163,0.0550141020044821,6-mer
GGTGGA,0.13235585099458944,0.5210734368266935,6-mer
GGTGGT,0.16954609855044733,1.4297071880757288,6-mer
GGTGGC,-0.14234603682515537,0.6009163438330637,6-mer
GGTGGG,-0.21198906100885634,0.24832733039639918,6-mer
GGCAAA,0.26150855160283365,0.1869643086665353,6-mer
GGCAAT,0.3724301752691914,0.00615847989922557,6-mer
GGCAAC,0.05155564464909251,-0.015810514847462088,6-mer
GGCAAG,0.15677233759292183,0.056753684252815025,6-mer
GGCATA,0.15485386791850816,-0.2522507301205527,6-mer
GGCATT,0.5471490788355818,-0.04232129447730537,6-mer
GGCATC,0.22715292258274222,0.2379156470087684,6-mer
GGCATG,0.09234017214671039,-0.3359262409283618,6-mer
GGCACA,0.05106014875258861,-0.42272603311054563,6-mer
GGCACT,-0.07235084422468398,-0.10292193757524708,6-mer
GGCACC,-0.6351031447687486,-0.302757715638036,Inverted repeat
GGCACG,-0.22571832258174054,-0.3800593026879307,6-mer
GGCAGA,0.09095489828586713,-0.014065721161782214,6-mer
GGCAGT,0.21305966154307593,0.24187484332132697,6-mer
GGCAGC,0.13686863951464268,0.18331620634755313,6-mer
GGCAGG,0.06363333754646194,-0.3586590094438136,6-mer
GGCTAA,0.5072311974885902,0.28950661719498494,6-mer
GGCTAT,0.4144352471136008,0.46262109319503647,6-mer
GGCTAC,0.28120215711576924,0.5524634608642542,6-mer
GGCTAG,-0.05932915390471317,-0.5122483170807454,6-mer
GGCTTA,0.2581178229245088,0.36873450164219984,6-mer
GGCTTT,0.35601524672994533,0.7091824376526683,6-mer
GGCTTC,-0.003852325495606587,0.027393766832250966,6-mer
GGCTTG,0.03613562444501762,0.3548567864628771,6-mer
GGCTCA,-0.06434295182447582,0.47541620651900096,6-mer
GGCTCT,0.20063975346434174,0.2618200159970317,6-mer
GGCTCC,-0.2722529358631723,-0.3903285121067906,Inverted repeat
GGCTCG,-0.36244183412564457,-0.04521727341642247,6-mer
GGCTGA,-0.09087440000817303,0.3889544420601732,6-mer
GGCTGT,-0.22995445909239662,-0.33703498727757075,6-mer
GGCTGC,-0.26109746881307705,-0.21654759886179556,6-mer
GGCTGG,-0.2125831113986064,0.4635145723870741,6-mer
GGCCAA,-0.13207091656466194,0.15785730402787176,6-mer
GGCCAT,-0.24810073038584904,-0.05519565424212468,6-mer
GGCCAC,-0.5745336267366008,-0.15570256315246941,6-mer
GGCCAG,-0.5812103658600486,-0.07693088388763482,6-mer
GGCCTA,-0.1100864776928389,-0.5283126400234185,6-mer
GGCCTT,-0.16625411908272641,-0.23278603967350134,6-mer
GGCCTC,-0.6780719051126377,-0.7662477164990045,6-mer
GGCCTG,-0.6959938131099002,-0.7456351889252723,6-mer
GGCCCA,-1.5009362010921132,-1.501546492533519,6-mer
GGCCCT,-0.9359713288388016,-1.3035495655725076,6-mer
GGCCCC,-1.24709893390082,-1.411426245726465,Inverted repeat
GGCCCG,-1.6082716257358616,-1.9132883668066696,6-mer
GGCCGA,-0.26101806023528906,-0.07264530183176582,6-mer
GGCCGT,-0.19890406841407837,-0.26500395568356333,6-mer
GGCCGC,-0.4376037508278714,-0.22963834987293433,6-mer
GGCCGG,-1.6189098326444937,-1.4336812962283154,6-mer
GGCGAA,0.27479223882950427,0.19138379704531389,6-mer
GGCGAT,0.49929549242008536,1.0147033977600044,6-mer
GGCGAC,0.3981636807144477,0.170618771612397,6-mer
GGCGAG,0.29113157892963115,0.42212238293996357,6-mer
GGCGTA,0.5422903171639654,0.6246178683007089,6-mer
GGCGTT,0.7601233151534585,1.0865338278170364,6-mer
GGCGTC,-0.12135378375660537,-0.5114220357031862,6-mer
GGCGTG,0.1446840394912276,0.16370859409732885,6-mer
GGCGCA,0.36062452554591395,0.27032306063381123,Inverted repeat
GGCGCT,0.011462426096889218,0.3575520046180836,Inverted repeat
GGCGCC,-2.108524456778169,-1.9086382578947858,Palindromes
GGCGCG,-0.1753588874929404,0.0983750177836561,Inverted repeat
GGCGGA,0.24328640640697724,0.030531071166091838,6-mer
GGCGGT,0.17208120969088317,0.6143253534780834,6-mer
GGCGGC,0.17781482166382775,0.4914186150612533,6-mer
GGCGGG,0.3252539205941393,0.4998741659929911,6-mer
GGGAAA,0.15890110003178312,-0.39421332478385385,6-mer
GGGAAT,0.325890767689174,-0.4324195775070802,6-mer
GGGAAC,-0.2228239783366414,-0.9311505922441125,6-mer
GGGAAG,0.11322189124149526,-0.4393304125807877,6-mer
GGGATA,0.6665113954350351,0.7087813659420732,6-mer
GGGATT,0.4525122046975067,0.11887431192148007,6-mer
GGGATC,0.18069399719604232,0.35768350625283524,6-mer
GGGATG,0.0944348018580488,-0.15467488189587317,6-mer
GGGACA,0.06871275008401422,-0.9311505922441125,6-mer
GGGACT,0.7111035308542403,0.7772583001142396,6-mer
GGGACC,-1.3352479359855698,-1.7469190681956306,Inverted repeat
GGGACG,-0.10508204605755721,-0.9801915189198197,6-mer
GGGAGA,-0.019405399172592954,-0.18609629211345785,6-mer
GGGAGT,-0.53845253612342,-0.7792841564709356,6-mer
GGGAGC,-0.573541321641331,-0.7882906604306823,6-mer
GGGAGG,-0.3185295184254974,-0.6759234385340607,6-mer
GGGTAA,0.5698123419739475,0.8503182184650712,6-mer
GGGTAT,0.4385442521634737,0.8718209290812673,6-mer
GGGTAC,-0.4815011239564417,0.058627729970708205,6-mer
GGGTAG,0.22331358453102226,0.23013561896787182,6-mer
GGGTTA,0.6069596029936876,0.5121786576893754,6-mer
GGGTTT,0.2549144808283495,0.33125388715945586,6-mer
GGGTTC,-0.29107391234194524,-0.40459575255719704,6-mer
GGGTTG,-0.12452651566679528,0.008097467698596367,6-mer
GGGTCA,0.016557841536998703,-0.11559221443413646,6-mer
GGGTCT,-0.6993477324392378,-1.1542433792100426,6-mer
GGGTCC,-2.2908809649727955,-3.1095695093706888,Inverted repeat
GGGTCG,-0.2512723987075093,-0.6136231973857955,6-mer
GGGTGA,0.13890639300509197,0.47584077834104366,6-mer
GGGTGT,0.05826765517918042,-0.11447933044196087,6-mer
GGGTGC,-0.669283887842653,-0.9548260179730991,6-mer
GGGTGG,-0.2698778104460523,0.21577454257194018,6-mer
GGGCAA,0.5092094016004322,-0.03524952409455016,6-mer
GGGCAT,0.6152203218138371,-0.18470604514883407,6-mer
GGGCAC,-0.35075207266827896,-0.8895760103063495,6-mer
GGGCAG,0.26477459415265847,-0.19426882042205984,6-mer
GGGCTA,0.4601780332650823,0.07614713003332939,6-mer
GGGCTT,0.051994637638261246,-0.1688190642161429,6-mer
GGGCTC,-0.22935127957750506,-0.37707895675973985,6-mer
GGGCTG,0.021949393945419556,0.03695775599866969,6-mer
GGGCCA,-1.3476297777358954,-1.3875426076161705,Inverted repeat
GGGCCT,-1.2776811817981952,-1.7209312423679517,Inverted repeat
GGGCCC,-1.8343356004990057,-2.356485316923731,Palindromes
GGGCCG,-1.286458751345124,-1.3755091350922064,Inverted repeat
GGGCGA,0.25127182369963624,-0.05534992842725692,6-mer
GGGCGT,0.6194441751419293,0.6264364610784297,6-mer
GGGCGC,-0.47082486969318177,-0.7504804006406878,6-mer
GGGCGG,-0.06033053420132186,-0.235513343069889,6-mer
GGGGAA,0.3180299702761541,-0.41751500288508636,6-mer
GGGGAT,0.8343503988269068,0.5601957899555553,6-mer
GGGGAC,0.0489096004809462,-1.0738783139712778,6-mer
GGGGAG,0.1939100451789735,-0.21983671643269137,6-mer
GGGGTA,0.26430606306984233,0.36476429279762024,6-mer
GGGGTT,-0.04651937637065781,-0.0542203909978864,6-mer
GGGGTC,-0.26215658710218537,-1.155278225477911,6-mer
GGGGTG,-0.19934649076747607,-0.26062790812669834,6-mer
GGGGCA,0.13788198520039718,-0.5239754739619761,6-mer
GGGGCT,0.04580368961312465,-0.094347450499286,6-mer
GGGGCC,-1.2892183376374489,-1.7412025870526768,Inverted repeat
GGGGCG,-0.40255264497321525,-0.6735184188258035,6-mer
GGGGGA,0.298237988842262,-0.0842949299166159,6-mer
GGGGGT,-0.3568707918687204,-0.5892787194705507,6-mer
GGGGGC,0.009704263321848823,-0.6873987935771763,6-mer
GGGGGG,-0.5888045670155504,-1.0577390711120767,6-mer
