Item,Count obs
AAAAAA,-0.14673251662550799
AAAAAT,0.08956452262918031
AAAAAC,0.0659700088034834
AAAAAG,0.14718771907200826
AAAATA,0.2254646355284131
AAAATT,-0.3791595342287262
AAAATC,0.3126249088012414
AAAATG,0.08882465372708273
AAAACA,-0.14518200984449783
AAAACT,-0.0257023494233681
AAAACC,0.4668305864828404
AAAACG,0.15406679072859744
AAAAGA,-0.14170683763976433
AAAAGT,-0.02349394536464628
AAAAGC,0.041143909625243315
AAAAGG,-0.2057592740466651
AAATAA,0.04962850430516036
AAATAT,-0.11760711868873834
AAATAC,0.3057454723404239
AAATAG,0.10268313788710985
AAATTA,-0.3514082904458599
AAATTT,-0.4209498761229201
AAATTC,-0.1735793932980887
AAATTG,-0.14286743233337293
AAATCA,0.2670994629801649
AAATCT,-0.17264338320749528
AAATCC,0.07808496016780118
AAATCG,0.36278601553304995
AAATGA,-0.12622296734549632
AAATGT,-0.571555148285265
AAATGC,-0.3585650484571488
AAATGG,0.2485830804355253
AAACAA,-0.21276732332811887
AAACAT,-0.3605311356289062
AAACAC,0.18224388990719279
AAACAG,0.3377007777217106
AAACTA,-0.20869366113315052
AAACTT,-0.23211049179011306
AAACTC,0.4204415622977216
AAACTG,0.25308922908174125
AAACCA,0.5456754494284253
AAACCT,0.27495981267959924
AAACCC,0.25060598849662014
AAACCG,0.43803878887799796
AAACGA,-0.2095577043107005
AAACGT,-0.03631871929501199
AAACGC,0.47136992250283666
AAACGG,0.2620454087014716
AAAGAA,-0.07329498137275826
AAAGAT,0.03316185196002452
AAAGAC,-0.2859081118539891
AAAGAG,0.3782944112572523
AAAGTA,0.1026867172734241
AAAGTT,-0.2806122522830566
AAAGTC,0.14884562759756517
AAAGTG,0.318791626036431
AAAGCA,-0.21743440119168447
AAAGCT,-0.02836647598932486
AAAGCC,0.42894763225544785
AAAGCG,0.3393653064036408
AAAGGA,-0.4004315404333351
AAAGGT,0.07745983925528238
AAAGGC,0.11350720022564441
AAAGGG,-0.07273438050489343
AATAAA,0.30130238981524127
AATAAT,-0.14383337241624938
AATAAC,0.0932617175387581
AATAAG,-0.06373947994443854
AATATA,-0.3832745387787989
AATATT,0.05223358594719227
AATATC,0.5336428915381061
AATATG,-0.1446413231592523
AATACA,-0.012779726646398882
AATACT,0.2631168987227883
AATACC,0.7459587234143183
AATACG,0.3653080910834353
AATAGA,-0.013113639145383138
AATAGT,-0.24978068564895745
AATAGC,-0.07620231575830433
AATAGG,-0.1581604869374885
AATTAA,-0.45537110016777893
AATTAT,-0.4742559389842658
AATTAC,-0.4274440148269396
AATTAG,-0.4730184039138254
AATTTA,-0.22015401246584373
AATTTT,-0.5128568311858016
AATTTC,-0.16819909174009015
AATTTG,-0.2844254573305016
AATTCA,-0.1464476178910689
AATTCT,-0.5601629835715112
AATTCC,-0.4505659353532605
AATTCG,-0.4806919194578121
AATTGA,-0.08199883516608546
AATTGT,-0.8218027945809482
AATTGC,-0.576173719310239
AATTGG,-0.18393056759965534
AATCAA,0.12847235991212763
AATCAT,-0.07398401033380357
AATCAC,0.5167001399924763
AATCAG,0.2206416736018856
AATCTA,-0.3398323293849486
AATCTT,-0.1332515027127267
AATCTC,-0.07483370406276212
AATCTG,-0.14421459269334333
AATCCA,0.21252935007243634
AATCCT,-0.3118276690009428
AATCCC,0.1329046298337134
AATCCG,0.008505121599666425
AATCGA,0.3088328013759562
AATCGT,-0.08317171036867746
AATCGC,0.35466174562987984
AATCGG,0.33271187379550343
AATGAA,-0.10716497030006217
AATGAT,0.03881999184958202
AATGAC,-0.14885229735455252
AATGAG,-0.06888357589691978
AATGTA,-0.4076848648464773
AATGTT,-0.5407070208458826
AATGTC,-0.44998756453926586
AATGTG,-0.3544305392401549
AATGCA,-0.7306283236777374
AATGCT,-0.3106048270842044
AATGCC,0.018760746000618164
AATGCG,-0.2634496480762155
AATGGA,-0.14657649783664906
AATGGT,0.25751119481841755
AATGGC,0.20290677302685695
AATGGG,0.04063764573182626
AACAAA,0.09627544343535538
AACAAT,-0.3055600457696552
AACAAC,-0.07128908374730171
AACAAG,0.08293805160199391
AACATA,-0.24483134780932148
AACATT,-0.5501058731321911
AACATC,-0.01518751370912512
AACATG,-0.3664145932362913
AACACA,-0.15808658594849678
AACACT,-0.008248099303466002
AACACC,0.37850192904876556
AACACG,-0.22438309284261204
AACAGA,-0.04089675808053061
AACAGT,0.010451985712916622
AACAGC,0.11043482882929542
AACAGG,-0.07844992793675026
AACTAA,-0.3231181604098897
AACTAT,-0.2510741591783567
AACTAC,-0.0695055605522701
AACTAG,-0.9237296609711534
AACTTA,0.0677504248370352
AACTTT,-0.3629298509618424
AACTTC,-0.29716526637862356
AACTTG,-0.09733333436650668
AACTCA,0.5442620861942907
AACTCT,0.15141181790237093
AACTCC,-0.379125437556132
AACTCG,0.3042987689833346
AACTGA,0.2538522079333761
AACTGT,-0.2138699145288806
AACTGC,0.10512711619358557
AACTGG,0.4233773884051358
AACCAA,0.5413522144251461
AACCAT,0.22834263266547206
AACCAC,0.48445046851159645
AACCAG,0.26153793930152147
AACCTA,0.10335147429900365
AACCTT,0.2687711081660829
AACCTC,-0.10172182818496538
AACCTG,-0.07315685194526537
AACCCA,0.3366707674934155
AACCCT,0.07628077464454276
AACCCC,-0.02781468818287703
AACCCG,0.049956097843301066
AACCGA,0.4401798593407396
AACCGT,0.2739627997104227
AACCGC,0.17675567971650952
AACCGG,-0.04089538632242377
AACGAA,-0.29606269828333626
AACGAT,-0.06494166567034433
AACGAC,-0.11451845344259197
AACGAG,-0.0489845087429715
AACGTA,0.04714677842570208
AACGTT,-0.1154273219639244
AACGTC,-0.12010483841754115
AACGTG,-0.19428672485222773
AACGCA,-0.05805924253981322
AACGCT,0.323305802764114
AACGCC,0.6127256132493711
AACGCG,0.2515790135450506
AACGGA,-0.3641876364677596
AACGGT,0.21317735361560816
AACGGC,0.04013404302497167
AACGGG,-0.1947883255590847
AAGAAA,0.025824311966569934
AAGAAT,-0.39567710174200155
AAGAAC,-0.2846853086449404
AAGAAG,0.37611491378878825
AAGATA,0.23247487874309405
AAGATT,-0.1657404016465385
AAGATC,0.2460744923781268
AAGATG,0.05839605557117295
AAGACA,-0.3430483861244618
AAGACT,-0.3787459613746547
AAGACC,-0.5438508791974851
AAGACG,-0.54095536521802
AAGAGA,0.4097295068946219
AAGAGT,0.22391071667596274
AAGAGC,0.22938335762427536
AAGAGG,0.4925699692522981
AAGTAA,0.0585564494600237
AAGTAT,-0.04184710993550049
AAGTAC,0.2241562096285959
AAGTAG,0.2477632093673847
AAGTTA,-0.2002753604105505
AAGTTT,-0.32374274987032553
AAGTTC,-0.3560132464660165
AAGTTG,-0.04183764485455027
AAGTCA,0.20343276825027692
AAGTCT,-0.4222722264245456
AAGTCC,-0.5281570801176306
AAGTCG,0.3132309073517339
AAGTGA,0.43671765161226883
AAGTGT,-0.1503918204065732
AAGTGC,-0.145386517784501
AAGTGG,0.5303877990111581
AAGCAA,-0.23643909379545433
AAGCAT,-0.44148475886693206
AAGCAC,-0.12579887088387207
AAGCAG,0.01654753698252969
AAGCTA,-0.02056179776640365
AAGCTT,-0.01972371938167489
AAGCTC,0.10090368376800504
AAGCTG,0.1157664368189431
AAGCCA,0.5339401810655632
AAGCCT,0.10565924605586575
AAGCCC,0.04717382409231172
AAGCCG,0.37051807803093006
AAGCGA,0.2509231154212854
AAGCGT,0.15346909397785702
AAGCGC,0.020483961713973375
AAGCGG,0.5326781322036143
AAGGAA,-0.41753881928529807
AAGGAT,-0.22331521039968832
AAGGAC,-0.7060105204907016
AAGGAG,-0.40587910107619685
AAGGTA,0.4507613830233407
AAGGTT,0.26472660315539553
AAGGTC,-0.09856618593689143
AAGGTG,0.501108676813727
AAGGCA,0.017723708664695994
AAGGCT,0.24315599082922404
AAGGCC,-0.3791971812875542
AAGGCG,0.1985722905837043
AAGGGA,-0.16267120216766293
AAGGGT,-0.139299300682891
AAGGGC,-0.47952103623262576
AAGGGG,0.2396247774980016
ATAAAA,0.18652392276503296
ATAAAT,0.06907154040883448
ATAAAC,0.2572703720337575
ATAAAG,0.426982075332798
ATAATA,-0.20071569894992908
ATAATT,-0.5726706472757689
ATAATC,0.08520068171380472
ATAATG,-0.2196238509160384
ATAACA,-0.003431605301696058
ATAACT,0.012946516181743
ATAACC,0.5318200967622442
ATAACG,0.3504650295509182
ATAAGA,-0.25255449382508227
ATAAGT,-0.05135553311458116
ATAAGC,0.09939784304117703
ATAAGG,0.07955263170195369
ATATAA,-0.24974314615427623
ATATAT,-0.581762550298738
ATATAC,-0.4035023989403156
ATATAG,-0.34219562267389814
ATATTA,-0.29308412174077575
ATATTT,-0.09242000438209157
ATATTC,0.21664001991989382
ATATTG,0.28576347517968037
ATATCA,0.1626945375410746
ATATCT,0.10673887562794755
ATATCC,0.47434089043158406
ATATCG,0.4154244480109227
ATATGA,-0.31179655008935525
ATATGT,-0.8466819071801716
ATATGC,-0.43969398715877583
ATATGG,0.00696296075525002
ATACAA,-0.21883147883374687
ATACAT,-0.3107132366441149
ATACAC,-0.06981304787084104
ATACAG,0.01638973862001786
ATACTA,-0.479517056283609
ATACTT,-0.1511386293572666
ATACTC,0.28132550669694567
ATACTG,0.2588280886889331
ATACCA,0.3844416514355818
ATACCT,0.32021740000603127
ATACCC,0.6443570163905133
ATACCG,0.7750434568828047
ATACGA,-0.2655422332438373
ATACGT,-0.25414729136521025
ATACGC,0.27844760330761203
ATACGG,0.10909186327068435
ATAGAA,-0.076046127989051
ATAGAT,-0.14615628032588523
ATAGAC,-0.054610367457842576
ATAGAG,0.23788583305141328
ATAGTA,-0.3041368559782765
ATAGTT,-0.22962496455665166
ATAGTC,-0.2503262859080121
ATAGTG,0.1396809739932675
ATAGCA,-0.6706743247078867
ATAGCT,-0.1532845039394093
ATAGCC,0.20977181434832046
ATAGCG,0.15921040704221426
ATAGGA,-0.5415259786429178
ATAGGT,0.0765400771223344
ATAGGC,0.06149383355224449
ATAGGG,-0.19511203745832362
ATTAAA,-0.1614122225153294
ATTAAT,-0.06316838189441332
ATTAAC,-0.006097579868118445
ATTAAG,-0.24855437822791887
ATTATA,-0.9542699799393715
ATTATT,-0.08373296839371827
ATTATC,0.13651568343762197
ATTATG,-0.3274682365672588
ATTACA,-0.3950827590659464
ATTACT,0.12087770685596315
ATTACC,0.4514120957151232
ATTACG,-0.03027304297102349
ATTAGA,-0.32301308324720823
ATTAGT,-0.564741375784235
ATTAGC,-0.2876820724517809
ATTAGG,-0.19665043610981922
ATTTAA,-0.3791971812875542
ATTTAT,0.04669124484701476
ATTTAC,0.04298388256262298
ATTTAG,-0.07403906762092469
ATTTTA,-0.30681602703832495
ATTTTT,-0.030722269504842362
ATTTTC,0.06210074857715428
ATTTTG,0.09055728474533495
ATTTCA,0.08226480086317711
ATTTCT,-0.03257330230682622
ATTTCC,-0.19987492437485552
ATTTCG,-0.31180565451253706
ATTTGA,-0.16404693655047312
ATTTGT,-0.39569159628118405
ATTTGC,-0.2976045911482536
ATTTGG,-0.0022108339826089696
ATTCAA,-0.09107288532880962
ATTCAT,-0.13670974751406084
ATTCAC,0.0862324596453021
ATTCAG,0.066480938490676
ATTCTA,-0.7255435349537009
ATTCTT,-0.39173491529626236
ATTCTC,-0.20961967878088425
ATTCTG,-0.2371549637740402
ATTCCA,-0.1995768868847166
ATTCCT,-0.3197996263418897
ATTCCC,-0.3662291567435441
ATTCCG,-0.5110453798376365
ATTCGA,-0.41764138766927994
ATTCGT,-0.26296038967143376
ATTCGC,-0.1074956392385103
ATTCGG,-0.3419270873041767
ATTGAA,0.07775008474354277
ATTGAT,0.4375210732864311
ATTGAC,0.020042865028237555
ATTGAG,0.6530468461045078
ATTGTA,-0.9193867095792831
ATTGTT,-0.391434152413012
ATTGTC,-0.46028392655775235
ATTGTG,-0.2221067445857694
ATTGCA,-0.7331157851099418
ATTGCT,-0.07138248719802612
ATTGCC,0.14603623146524541
ATTGCG,-0.17221953314946717
ATTGGA,-0.1682908832105611
ATTGGT,0.45430708709146317
ATTGGC,0.31942435127163954
ATTGGG,0.12932970577082267
ATCAAA,0.4243791193515513
ATCAAT,0.4620964333473779
ATCAAC,0.33400296306478544
ATCAAG,0.33167364173331515
ATCATA,-0.3942347705786106
ATCATT,0.058869088196008314
ATCATC,0.5949823028420941
ATCATG,-0.02166829947912938
ATCACA,0.2750963313268933
ATCACT,0.6670882367963925
ATCACC,0.9457631956137759
ATCACG,0.3498952569533537
ATCAGA,-0.08461489068757683
ATCAGT,0.31197476502082544
ATCAGC,0.4905040688379786
ATCAGG,0.0768202059834414
ATCTAA,-0.13132939920006725
ATCTAT,-0.09249459840416123
ATCTAC,-0.04362062247589041
ATCTAG,-0.4950413272481702
ATCTTA,-0.3109836004042951
ATCTTT,-0.0668046868063986
ATCTTC,0.20820335786413674
ATCTTG,0.28691608237219834
ATCTCA,0.07054687335368562
ATCTCT,0.34859082553877346
ATCTCC,-0.11122563511022437
ATCTCG,0.005924689357699656
ATCTGA,-0.1300347203475263
ATCTGT,-0.19611487892629037
ATCTGC,0.07939879264806816
ATCTGG,0.29882261569997287
ATCCAA,0.28145548139612153
ATCCAT,0.1706074894305069
ATCCAC,0.42209750815730634
ATCCAG,0.3501326846988141
ATCCTA,-0.29266961396281993
ATCCTT,-0.46903666704307523
ATCCTC,0.05129329438755069
ATCCTG,-0.09250287898330492
ATCCCA,0.14873899286653236
ATCCCT,0.033901551675681416
ATCCCC,0.31015492830383945
ATCCCG,0.06982378138103897
ATCCGA,-0.062035390919452635
ATCCGT,0.0037105793965357746
ATCCGC,0.4667844156072776
ATCCGG,-0.005037794029957181
ATCGAA,0.07915565533337471
ATCGAT,0.40626087919546006
ATCGAC,0.483052384069559
ATCGAG,0.6298849837819788
ATCGTA,0.13622560170821416
ATCGTT,0.006980831141340141
ATCGTC,0.12064691123381777
ATCGTG,-0.11919693367543531
ATCGCA,0.05723194595513305
ATCGCT,0.5576810410474958
ATCGCC,0.7251095312629039
ATCGCG,0.3959955233822303
ATCGGA,-0.1188825409898004
ATCGGT,0.7530089355385574
ATCGGC,0.5832161201862471
ATCGGG,0.1204893972541263
ATGAAA,0.10653432312051268
ATGAAT,-0.16990662171808818
ATGAAC,-0.002936859673309825
ATGAAG,0.15071976505675697
ATGATA,-0.34871229151571487
ATGATT,-0.09940602824994225
ATGATC,0.2832277221024006
ATGATG,0.3639529964435853
ATGACA,-0.2929987959485653
ATGACT,-0.07396735484349935
ATGACC,0.20366241574238717
ATGACG,-0.13074974966264571
ATGAGA,-0.3420016050756039
ATGAGT,0.15962457147141026
ATGAGC,0.2604603403768564
ATGAGG,-0.4794859684538256
ATGTAA,-0.5724064786143132
ATGTAT,-0.33078717298660476
ATGTAC,-0.06591120494954333
ATGTAG,-0.4455595653100425
ATGTTA,-0.4223755802564809
ATGTTT,-0.385154415260601
ATGTTC,-0.3704343925210272
ATGTTG,-0.12906776372853385
ATGTCA,-0.3155431120805996
ATGTCT,-0.4805411345485214
ATGTCC,-0.8561084900693585
ATGTCG,-0.02227564262599715
ATGTGA,-0.3440868198226663
ATGTGT,-0.4117041084082976
ATGTGC,-0.4130425903200762
ATGTGG,0.016859593849675805
ATGCAA,-0.720143378686102
ATGCAT,-0.8421579455167818
ATGCAC,-0.5671764199038727
ATGCAG,-0.1834004219325842
ATGCTA,-0.8520128284019224
ATGCTT,-0.29700556193796845
ATGCTC,0.05036571199811102
ATGCTG,0.1331018393533129
ATGCCA,0.034118447891692744
ATGCCT,-0.19746061800963874
ATGCCC,-0.21251252907310034
ATGCCG,0.13051397159967207
ATGCGA,-0.5139160814735476
ATGCGT,-0.003923496940926799
ATGCGC,-0.2492726243369098
ATGCGG,-0.10858215765257512
ATGGAA,-0.12802214425166167
ATGGAT,0.23502983451640544
ATGGAC,-0.3926083621106154
ATGGAG,-0.12605788321948735
ATGGTA,0.08866563708565631
ATGGTT,0.33132923455797564
ATGGTC,0.23779437761592925
ATGGTG,0.6085897925318823
ATGGCA,0.08571351827402972
ATGGCT,0.29737072955553034
ATGGCC,-0.025252232063744405
ATGGCG,0.4406658910031188
ATGGGA,-0.0638734063807605
ATGGGT,0.1359414110802633
ATGGGC,-0.03627664822013197
ATGGGG,0.05870760082677791
ACAAAA,-0.0629599888445215
ACAAAT,-0.38491949929927305
ACAAAC,0.321696688744011
ACAAAG,-0.10491597241867617
ACAATA,-0.09561622418314829
ACAATT,-0.7248097078825005
ACAATC,-0.15517975118125774
ACAATG,-0.4119634015969924
ACAACA,-0.11187975967317253
ACAACT,-0.10518444382006187
ACAACC,-0.09461597637484909
ACAACG,-0.10536051565782628
ACAAGA,-0.07576558373135459
ACAAGT,-0.4392949726265692
ACAAGC,-0.06849523524876444
ACAAGG,0.06795319022885604
ACATAA,-0.14544515975037162
ACATAT,-0.6483635779329718
ACATAC,-0.12434124761719934
ACATAG,-0.3656005095442367
ACATTA,-0.28617879717673783
ACATTT,-0.594662031229297
ACATTC,-0.4026186836219555
ACATTG,-0.3272059274561159
ACATCA,0.26252687931458496
ACATCT,-0.29676393000285894
ACATCC,-0.17675051174449924
ACATCG,0.2290803593922139
ACATGA,-0.39605457644077885
ACATGT,-0.9970657720593668
ACATGC,-0.8522418867440834
ACATGG,-0.22410309080890967
ACACAA,-0.37284852828150544
ACACAT,-0.4034251831693852
ACACAC,-0.3037068335244781
ACACAG,-0.43316771065750015
ACACTA,-0.2542626808625862
ACACTT,-0.1421414794884239
ACACTC,0.023416135058155724
ACACTG,0.059915653335834686
ACACCA,0.5879547462538888
ACACCT,0.09618392385292175
ACACCC,0.04576841845558059
ACACCG,0.2593113753225655
ACACGA,-0.5179724381328524
ACACGT,-0.7052584165092962
ACACGC,-0.37850074646980897
ACACGG,-0.2876820724517809
ACAGAA,-0.27964202521947246
ACAGAT,-0.04332268198729864
ACAGAC,-0.4319692624649454
ACAGAG,-0.13093965312895472
ACAGTA,0.06726066942555588
ACAGTT,-0.2930395960845714
ACAGTC,-0.33196975265289724
ACAGTG,0.018838303673303473
ACAGCA,0.02507363755211596
ACAGCT,-0.1030998978696584
ACAGCC,-0.28023816726584694
ACAGCG,0.12506871870578895
ACAGGA,-0.35627486391739255
ACAGGT,0.046117682094965536
ACAGGC,-0.03190737713068103
ACAGGG,-0.29604119799308154
ACTAAA,0.055932876556612963
ACTAAT,-0.5848584051230306
ACTAAC,-0.011472401162236807
ACTAAG,-0.0953101798043249
ACTATA,-0.5321354103527418
ACTATT,-0.2789851457035314
ACTATC,0.2298082230599425
ACTATG,0.012518218357403358
ACTACA,-0.21118038525593458
ACTACT,0.12956098495426266
ACTACC,0.29412850895810105
ACTACG,0.061466322100601156
ACTAGA,-0.8422300958781661
ACTAGT,-1.1624561241230025
ACTAGC,-0.8103745062826059
ACTAGG,-0.4338645826298623
ACTTAA,-0.018172967126994993
ACTTAT,-0.05278377970090193
ACTTAC,0.12057820062871295
ACTTAG,0.0010314596066622124
ACTTTA,0.12410798135777837
ACTTTT,-0.07145180985725547
ACTTTC,0.07702504318421566
ACTTTG,0.146292093214737
ACTTCA,0.15991438454400841
ACTTCT,-0.09679330947923193
ACTTCC,-0.28559656596075955
ACTTCG,-0.16970543398478632
ACTTGA,0.014556297774207454
ACTTGT,-0.3912046168890074
ACTTGC,-0.06763486754374153
ACTTGG,0.32010065617565653
ACTCAA,0.5946472053875204
ACTCAT,0.1947601119064963
ACTCAC,0.3992534375026813
ACTCAG,0.3425328612329039
ACTCTA,0.03757207290775686
ACTCTT,0.23309021648494674
ACTCTC,0.1524097718448977
ACTCTG,0.06145830256501215
ACTCCA,-0.09939274387803487
ACTCCT,-0.29894651472971034
ACTCCC,-0.4844194226088769
ACTCCG,-0.3578507230277443
ACTCGA,0.2188424694148192
ACTCGT,-0.03655759573379758
ACTCGC,0.21360331486444395
ACTCGG,0.4435886789813042
ACTGAA,0.048761835958781495
ACTGAT,0.3774493300173121
ACTGAC,0.40219941824528066
ACTGAG,0.35262726582415166
ACTGTA,-0.17803889500195386
ACTGTT,-0.1008418472594552
ACTGTC,0.36464311358790924
ACTGTG,-0.2889845414062603
ACTGCA,-0.2371263318776283
ACTGCT,0.2533275489496725
ACTGCC,0.09050691913781356
ACTGCG,0.14351560930402307
ACTGGA,0.3543734469504532
ACTGGT,0.41428128611763726
ACTGGC,0.55040676222503
ACTGGG,0.15699478024001698
ACCAAA,0.6058275896674287
ACCAAT,0.4772964714242942
ACCAAC,0.45926238741432285
ACCAAG,0.6684993217121129
ACCATA,0.19331931100349606
ACCATT,0.19822720004967523
ACCATC,0.5035879564657602
ACCATG,0.023202897079663793
ACCACA,0.3934057622556
ACCACT,0.6680288937255591
ACCACC,0.8664310488861963
ACCACG,0.3283207321103987
ACCAGA,0.2870088984108764
ACCAGT,0.36002503082401444
ACCAGC,0.2786648788015923
ACCAGG,-1.89943872310484
ACCTAA,0.006753523015779924
ACCTAT,0.19857864448992715
ACCTAC,0.07353408404614913
ACCTAG,-0.16070312262582115
ACCTTA,0.3990174078061984
ACCTTT,0.04041243420677497
ACCTTC,0.0973655225139488
ACCTTG,0.5854230482323568
ACCTCA,0.20862184397959257
ACCTCT,0.07642232616547166
ACCTCC,-0.6168124492749458
ACCTCG,-0.014684551682921182
ACCTGA,0.237584235469004
ACCTGT,-0.11573890580374176
ACCTGC,-0.019306999431748375
ACCTGG,-1.5591966959973536
ACCCAA,0.4066021178952395
ACCCAT,0.05331963753278302
ACCCAC,0.33340578195404236
ACCCAG,0.1835450123341379
ACCCTA,0.2324459439765233
ACCCTT,-0.1914875238080347
ACCCTC,-0.35792416333916427
ACCCTG,-0.1151340274848065
ACCCCA,0.3153336037822909
ACCCCT,-0.1823215567939547
ACCCCC,-0.6223921940795947
ACCCCG,-0.23573066681968116
ACCCGA,0.17251472884696675
ACCCGT,0.006688988150796489
ACCCGC,0.20945440670045956
ACCCGG,-0.6169391026291067
ACCGAA,0.2979620030715302
ACCGAT,0.6850845331365946
ACCGAC,0.36667796938866737
ACCGAG,0.5055945743484381
ACCGTA,0.5173830243121498
ACCGTT,0.29520778680724974
ACCGTC,0.13268309623546515
ACCGTG,0.196808002976407
ACCGCA,0.34971509300367254
ACCGCT,0.5104121443307014
ACCGCC,0.513156083921169
ACCGCG,0.3627986617892616
ACCGGA,0.12318220033415406
ACCGGT,0.10901015474537583
ACCGGC,-0.19502462105020824
ACCGGG,-0.44265947811621326
ACGAAA,-0.19440629600902665
ACGAAT,-0.28758085275434137
ACGAAC,-0.4089474099440389
ACGAAG,-0.4906229164484712
ACGATA,0.2291137183007137
ACGATT,-0.10899028370840502
ACGATC,0.16340388530774147
ACGATG,0.08436703873653942
ACGACA,-0.21486819881081853
ACGACT,-0.05580016861005331
ACGACC,0.04586341679318121
ACGACG,-0.24512245803298496
ACGAGA,-0.2895016081452418
ACGAGT,-0.15178101047193981
ACGAGC,-0.2774696751766462
ACGAGG,-0.3961464617582951
ACGTAA,0.0280966682174508
ACGTAT,-0.39745591197638724
ACGTAC,-0.009874747919758592
ACGTAG,-0.17744859205208022
ACGTTA,0.06196672374919984
ACGTTT,-0.12735564547667413
ACGTTC,-0.37100422016358897
ACGTTG,-0.14324020675148344
ACGTCA,-0.14980451422336497
ACGTCT,-0.5877866649021192
ACGTCC,-0.7126192839727656
ACGTCG,-0.42102962464927596
ACGTGA,-0.2132395961972648
ACGTGT,-0.5799949502720748
ACGTGC,-0.7784447610718404
ACGTGG,-0.13013580362338442
ACGCAA,-0.2869027320177055
ACGCAT,-0.19209239739894432
ACGCAC,-0.13960149311689243
ACGCAG,0.02713405201813427
ACGCTA,-0.14900100639345304
ACGCTT,0.18032355413128168
ACGCTC,0.2135151310799738
ACGCTG,0.2736687965088583
ACGCCA,0.5166744937566519
ACGCCT,0.27880684537287853
ACGCCC,0.014519311324453148
ACGCCG,0.2591457651868466
ACGCGA,-0.1660610359221744
ACGCGT,0.15860503017663857
ACGCGC,-0.02934060455357425
ACGCGG,-0.2146225015822759
ACGGAA,-0.2173049435236304
ACGGAT,0.12521801414390146
ACGGAC,-0.7208097983035019
ACGGAG,-0.5596157879354228
ACGGTA,0.5521538192588367
ACGGTT,0.3045391895182039
ACGGTC,-0.21837696441188217
ACGGTG,0.3512893740061398
ACGGCA,-0.08400332376154122
ACGGCT,0.23290386643772637
ACGGCC,-0.39374164441210513
ACGGCG,0.2510370742366929
ACGGGA,-0.7277275141567243
ACGGGT,-0.13976194237515874
ACGGGC,-0.19402307107463562
ACGGGG,-0.6092007594059354
AGAAAA,0.16549606192360553
AGAAAT,-0.01874218180974064
AGAAAC,0.12020944639922553
AGAAAG,0.17575492907006623
AGAATA,-0.1353306205004883
AGAATT,-0.5198553646401262
AGAATC,-0.3635741663990042
AGAATG,-0.4387628029583236
AGAACA,-0.26682656549088973
AGAACT,-0.2231435513142097
AGAACC,-0.31207537345655956
AGAACG,-0.6015799870344549
AGAAGA,0.18005546959368557
AGAAGT,0.037208554505811516
AGAAGC,-0.006283939558534453
AGAAGG,0.1732918159198191
AGATAA,0.476707975430704
AGATAT,0.13815033848081718
AGATAC,0.05581477910639654
AGATAG,0.22848956939257126
AGATTA,-0.17045538885220188
AGATTT,-0.07203492280007247
AGATTC,-0.31779235543305084
AGATTG,0.028760152175262652
AGATCA,0.24177458540107327
AGATCT,0.17284982696234738
AGATCC,0.13268069074420966
AGATCG,0.32594324611036246
AGATGA,0.13720112151348496
AGATGT,-0.24437118775783634
AGATGC,-0.2937545069360586
AGATGG,0.14986434664657308
AGACAA,-0.3185968847942497
AGACAT,-0.5025153266323626
AGACAC,-0.40228545519078474
AGACAG,-0.2934933749356759
AGACTA,-0.5938657109785012
AGACTT,-0.34442140407563565
AGACTC,-0.14487979866374204
AGACTG,-0.5394593565613622
AGACCA,-0.27540108655444734
AGACCT,-0.5465437063680699
AGACCC,-0.9006857338052651
AGACCG,-0.6937217281195596
AGACGA,-0.385010416412343
AGACGT,-0.5940562779157144
AGACGC,-0.4122692168077045
AGACGG,-0.40073417083958196
AGAGAA,0.16801004240069867
AGAGAT,0.3982837486994997
AGAGAC,-0.19611487892629037
AGAGAG,0.36416561566789
AGAGTA,0.23897501653089037
AGAGTT,0.21160052203253507
AGAGTC,-0.04077575067645849
AGAGTG,0.19248289891942438
AGAGCA,0.20596521477912516
AGAGCT,0.24021145982635778
AGAGCC,0.03668156663460505
AGAGCG,0.09203967168216567
AGAGGA,-0.21330510231392186
AGAGGT,-0.0023781224049674358
AGAGGC,-0.04835319671655392
AGAGGG,0.530926803087078
AGTAAA,0.389296960409859
AGTAAT,0.15114042565850277
AGTAAC,0.16773814802605858
AGTAAG,0.19633229386355303
AGTATA,-0.59417646300089
AGTATT,0.22871459636366517
AGTATC,0.40467490656566346
AGTATG,-0.02481275435780134
AGTACA,0.08907351068312727
AGTACT,0.05471678283907139
AGTACC,0.4842218782480146
AGTACG,0.3760930297958339
AGTAGA,0.08721800990698858
AGTAGT,0.10466631222835053
AGTAGC,0.10588975621000477
AGTAGG,0.16059843726163592
AGTTAA,-0.20208299029391422
AGTTAT,0.05934755657060134
AGTTAC,0.05232581900173969
AGTTAG,-0.0034593560567495094
AGTTTA,0.19254119765082328
AGTTTT,0.10422156337069517
AGTTTC,-0.14575977933055184
AGTTTG,0.20189708510510085
AGTTCA,0.11430073382050888
AGTTCT,-0.39658602646703445
AGTTCC,-0.4624753628249439
AGTTCG,-0.3076274651133255
AGTTGA,0.08807577304541647
AGTTGT,-0.058563675996412226
AGTTGC,-0.14772078588456455
AGTTGG,0.3144774620499131
AGTCAA,-0.21107097007994055
AGTCAT,0.09579106464167554
AGTCAC,0.1918366466891656
AGTCAG,0.28810951421934894
AGTCTA,-0.6651960596648948
AGTCTT,-0.5031599538137121
AGTCTC,-0.3246758531808434
AGTCTG,-0.5039938294742874
AGTCCA,-0.3890924890382451
AGTCCT,-0.5793335291910606
AGTCCC,0.4044063467599223
AGTCCG,-0.6942959457638187
AGTCGA,0.1048817031037899
AGTCGT,-0.021063722676001408
AGTCGC,-0.054562454659127124
AGTCGG,0.08175250187225899
AGTGAA,0.2532338146667096
AGTGAT,0.6629507813289286
AGTGAC,0.3799265043117894
AGTGAG,0.4318919325086604
AGTGTA,-0.15867006871199368
AGTGTT,0.06052074909504914
AGTGTC,-0.18142509774691756
AGTGTG,-0.10185628414476634
AGTGCA,-0.39944935650936003
AGTGCT,-0.011568051464803782
AGTGCC,-0.0685856639072638
AGTGCG,-0.011953586812941784
AGTGGA,0.16719131534816276
AGTGGT,0.7556538689632897
AGTGGC,0.5068480376142078
AGTGGG,0.1596472397550823
AGCAAA,0.056489632058083
AGCAAT,-0.14241288775503444
AGCAAC,-0.057214813828683514
AGCAAG,0.2476419110144588
AGCATA,-0.08399997441273842
AGCATT,-0.3672904426382671
AGCATC,-0.06097526972171869
AGCATG,-0.2692165396729951
AGCACA,-0.16667931751042714
AGCACT,0.1294351658616582
AGCACC,0.07064987269458099
AGCACG,-0.23783820372433734
AGCAGA,0.20715286513352363
AGCAGT,0.26672670727579295
AGCAGC,0.18951499772120806
AGCAGG,-0.028270433938255474
AGCTAA,-0.12177675299248823
AGCTAT,-0.05326444456435307
AGCTAC,-0.10547885185108907
AGCTAG,-0.3506568716131693
AGCTTA,0.256048164931105
AGCTTT,0.0995714985924456
AGCTTC,-0.09559246632701804
AGCTTG,0.21646534572308507
AGCTCA,0.4389365451351199
AGCTCT,0.2265276492984503
AGCTCC,-0.6695373149208116
AGCTCG,0.03690455693545098
AGCTGA,0.059638266319731036
AGCTGT,-0.34245933501576126
AGCTGC,-0.1322036959828214
AGCTGG,0.07055209219265061
AGCCAA,0.5902153543564409
AGCCAT,0.27663223626519595
AGCCAC,0.3244613239550773
AGCCAG,0.3166190749237288
AGCCTA,-0.11866149464491992
AGCCTT,0.12543418239190324
AGCCTC,-0.15531026830333167
AGCCTG,-0.2704288243042214
AGCCCA,0.07420986221443461
AGCCCT,-0.12318007465101267
AGCCCC,0.36214623338932206
AGCCCG,-0.3422953213844777
AGCCGA,0.24214830422574374
AGCCGT,0.19197324803384508
AGCCGC,0.4122364482313372
AGCCGG,-0.3978297689708075
AGCGAA,0.044640250400067555
AGCGAT,0.5308951906019501
AGCGAC,0.08056753673023996
AGCGAG,0.08122543992258578
AGCGTA,0.23373053167211946
AGCGTT,0.2155884808593441
AGCGTC,-0.11778303565638351
AGCGTG,0.11880815107162868
AGCGCA,0.06878763803317815
AGCGCT,0.30852316291593396
AGCGCC,0.20150437621072853
AGCGCG,0.021465299091758747
AGCGGA,-0.027957997774833286
AGCGGT,0.46187350316248543
AGCGGC,0.28768207245178085
AGCGGG,0.24365942930309242
AGGAAA,-0.12439138910516648
AGGAAT,-0.43060702122687444
AGGAAC,-0.6836191743082908
AGGAAG,-0.19859600592129079
AGGATA,-0.10854016857520601
AGGATT,-0.3375019260892291
AGGATC,-0.05591988091091352
AGGATG,-0.35279100671554453
AGGACA,-0.804725439329446
AGGACT,-0.6172624830350725
AGGACC,-1.2009449692422594
AGGACG,-0.818692221551818
AGGAGA,-0.31039999631143783
AGGAGT,-0.43355684297517944
AGGAGC,-0.6232828493228529
AGGAGG,-0.561607159320348
AGGTAA,0.6157781010625502
AGGTAT,0.3519440066701501
AGGTAC,0.0
AGGTAG,0.2891983729697448
AGGTTA,-0.05057110854042676
AGGTTT,0.3587220275604571
AGGTTC,-0.2671066747353258
AGGTTG,-0.09797064030272849
AGGTCA,-0.02031623799057261
AGGTCT,-0.4843675648029693
AGGTCC,-1.438836874907873
AGGTCG,-0.0088496152769825
AGGTGA,0.45854411725594957
AGGTGT,0.09663886294282878
AGGTGC,-0.234984283451332
AGGTGG,0.06916458952635333
AGGCAA,-0.2295597053142883
AGGCAT,-0.2853731358453029
AGGCAC,-0.29850842291751584
AGGCAG,-0.07405466582891385
AGGCTA,0.04999778960731852
AGGCTT,0.21886350809443242
AGGCTC,0.005743333657912756
AGGCTG,-0.16323296023143188
AGGCCA,-0.05855153371760448
AGGCCT,-0.6668965366871151
AGGCCC,-0.9286465162458732
AGGCCG,-0.42681823257873336
AGGCGA,0.031844995680921626
AGGCGT,0.11955090175902797
AGGCGC,-0.285519241390839
AGGCGG,0.4184960720998036
AGGGAA,-0.3626320081140278
AGGGAT,-0.006644542718668613
AGGGAC,0.30812171852174175
AGGGAG,-0.5280104485200916
AGGGTA,-0.004713284452098202
AGGGTT,-0.0013383896711228504
AGGGTC,-0.7381708619339005
AGGGTG,-0.21490457576965694
AGGGCA,-0.34899849644039316
AGGGCT,-0.18737323229007252
AGGGCC,-1.379204066894866
AGGGCG,-0.32824925744078093
AGGGGA,-0.02452438986308435
AGGGGT,-0.2763683125515074
AGGGGC,-0.3267310675656602
AGGGGG,-0.2866506128451185
TAAAAA,0.17506533824439507
TAAAAT,-0.16823817557002485
TAAAAC,0.17440426348983212
TAAAAG,-0.09802388567592109
TAAATA,0.18576237266438358
TAAATT,-0.21603701991753235
TAAATC,0.2378435802693679
TAAATG,-0.39071200555820956
TAAACA,0.10305901866954703
TAAACT,0.08297911346169135
TAAACC,0.384013181390213
TAAACG,0.18005140825941549
TAAAGA,0.28768207245178085
TAAAGT,0.10090048915029688
TAAAGC,0.3117057169320309
TAAAGG,0.25564271870716443
TAATAA,-0.011576567828997622
TAATAT,-0.2247916769447987
TAATAC,0.09668367163213742
TAATAG,-0.21683438212094508
TAATTA,-0.6060242524518998
TAATTT,-0.3384166276674012
TAATTC,-0.3200923166025355
TAATTG,-0.6216107302347296
TAATCA,0.08332269704177629
TAATCT,-0.18732445350925656
TAATCC,0.10166365377650005
TAATCG,0.07103577311675174
TAATGA,0.029156584291455487
TAATGT,-0.32915066639220586
TAATGC,-0.1139846381019236
TAATGG,0.025659746780577742
TAACAA,0.12193964446073743
TAACAT,-0.5940445076016235
TAACAC,-0.2308687371206166
TAACAG,-0.4545473710090438
TAACTA,-0.25090282094848443
TAACTT,-0.0770947399129837
TAACTC,0.26619180488272337
TAACTG,-0.033586001208998045
TAACCA,0.5654017250024665
TAACCT,0.1525893992603057
TAACCC,0.4350815328276958
TAACCG,0.4054651081081644
TAACGA,0.13581536773235317
TAACGT,0.003955179842928014
TAACGC,0.32132043160061075
TAACGG,0.038864341017810236
TAAGAA,-0.28156838054242284
TAAGAT,-0.460584407329244
TAAGAC,-0.8179870650660095
TAAGAG,-0.3799030700579394
TAAGTA,0.1644910388846487
TAAGTT,-0.007740237196642488
TAAGTC,-0.1298957594541049
TAAGTG,-0.12748243274509696
TAAGCA,-0.00832107874666536
TAAGCT,0.13169515139410784
TAAGCC,0.33251269465965266
TAAGCG,0.1448041313970448
TAAGGA,-0.4199142059115796
TAAGGT,0.362563086563955
TAAGGC,-0.24323590771570455
TAAGGG,-0.23867449334508634
TATAAA,-0.09293286504909277
TATAAT,-0.9203229954020935
TATAAC,-0.0504122245413
TATAAG,-0.21490457576965694
TATATA,-0.41349141898239317
TATATT,-0.3580512419150087
TATATC,-0.14337858284534707
TATATG,-0.7628805185746205
TATACA,-0.37129621249291456
TATACT,-0.5717863235556779
TATACC,0.3259819975393262
TATACG,-0.5243057853226835
TATAGA,-0.28790328692010914
TATAGT,-0.41776034496520187
TATAGC,-0.44147554563119745
TATAGG,-0.31947466025264176
TATTAA,-0.04620818494001986
TATTAT,-0.1508325515236571
TATTAC,0.3202052641573409
TATTAG,-0.2411620568168881
TATTTA,0.15130321361934596
TATTTT,0.21728301490774998
TATTTC,-0.06899287148695143
TATTTG,-0.16671775236368694
TATTCA,0.2715423234050098
TATTCT,-0.15539756278182154
TATTCC,0.07030034606850395
TATTCG,-0.06057811992147431
TATTGA,0.5363320931978734
TATTGT,-0.11571905143553192
TATTGC,0.1255296653653156
TATTGG,0.5055762678798469
TATCAA,0.47875536480766206
TATCAT,-0.2408218629030781
TATCAC,0.29784851861020223
TATCAG,0.056129531556195336
TATCTA,0.2580729671341928
TATCTT,0.19979032429500648
TATCTC,0.2583074637718767
TATCTG,0.22447896215143676
TATCCA,0.5741713356967862
TATCCT,-0.04529975922966342
TATCCC,0.3746934494414107
TATCCG,0.3438766307954229
TATCGA,0.7334790991086177
TATCGT,0.2777696771461223
TATCGC,0.5438770652625722
TATCGG,0.5958059540687388
TATGAA,-0.015064529461395913
TATGAT,-0.26863824810090586
TATGAC,-0.0625644866342615
TATGAG,-0.2576784198977912
TATGTA,-0.4810651062660372
TATGTT,-0.3704707454580647
TATGTC,-0.37725638747365525
TATGTG,-0.17950465352284134
TATGCA,-0.5617162396868515
TATGCT,-0.056558156292081975
TATGCC,-0.17024619874993435
TATGCG,-0.07779659731161657
TATGGA,0.022075951699199826
TATGGT,0.38045783220493856
TATGGC,0.13004442051878173
TATGGG,0.036330421710838175
TACAAA,-0.0730251350148899
TACAAT,-0.7356102119483047
TACAAC,0.002051282770557361
TACAAG,-0.17045902148413464
TACATA,-0.4379838180109641
TACATT,-0.5121362399431111
TACATC,-0.055506106134868824
TACATG,-0.5220284597929199
TACACA,-0.4242129942454932
TACACT,-0.1903537284912189
TACACC,0.4105802087749348
TACACG,-0.43714196476173445
TACAGA,-0.09744693275406012
TACAGT,-0.20469629647638982
TACAGC,0.06332713395127411
TACAGG,-0.0662493855412006
TACTAA,-0.34644738167803246
TACTAT,-0.2029408439966903
TACTAC,0.21570857282669165
TACTAG,-1.2379349602257503
TACTTA,0.16280874257037284
TACTTT,0.1879553745122107
TACTTC,-0.20171068022979569
TACTTG,0.03206765019235331
TACTCA,0.4630553474973041
TACTCT,0.1829467521878729
TACTCC,0.09945207897165986
TACTCG,0.3150293683886759
TACTGA,0.5012561727498399
TACTGT,0.11888829739596087
TACTGC,0.30682436735667495
TACTGG,0.6047616106922515
TACCAA,0.5336373610518935
TACCAT,-0.04406425745307014
TACCAC,0.4167530678820157
TACCAG,-0.310049102598677
TACCTA,0.4266459301876114
TACCTT,0.4163079940328721
TACCTC,0.1996130539040156
TACCTG,0.043628072125570606
TACCCA,0.6955452632439582
TACCCT,0.06090875308699252
TACCCC,0.2863406906275795
TACCCG,0.42344492963954145
TACCGA,0.7486469202374786
TACCGT,0.5721449312651039
TACCGC,0.7041738084286681
TACCGG,0.10378571218275992
TACGAA,-0.16211884947643512
TACGAT,0.11185404496837466
TACGAC,-0.024014876203873853
TACGAG,-0.3802271755183017
TACGTA,-0.037681066967688595
TACGTT,-0.12004804228723563
TACGTC,-0.30270031097461975
TACGTG,-0.18810647957940646
TACGCA,0.026227477836885543
TACGCT,0.2681818656852811
TACGCC,0.5615874273092467
TACGCG,0.03569447012997042
TACGGA,-0.13153665082609825
TACGGT,0.6648741846245618
TACGGC,0.29908851132527264
TACGGG,-0.3357200741186588
TAGAAA,0.2039981037297747
TAGAAT,-0.693904469501854
TAGAAC,-0.24938019170107512
TAGAAG,-0.0735800354938575
TAGATA,0.30518597398065245
TAGATT,-0.2974985971898099
TAGATC,-0.27937427679089494
TAGATG,-0.3787968610260031
TAGACA,-0.28543817749110895
TAGACT,-0.42608439531090014
TAGACC,-0.554338730834579
TAGACG,-0.4467080666422135
TAGAGA,0.23611390175683722
TAGAGT,0.0732429617677177
TAGAGC,0.1222931911342695
TAGAGG,0.003883500026397612
TAGTAA,-0.03315841847773547
TAGTAT,-0.5421890734632465
TAGTAC,-0.49207958094493537
TAGTAG,-0.21716828812412278
TAGTTA,-0.05113896149118736
TAGTTT,-0.2791657349649189
TAGTTC,-0.5753641449035618
TAGTTG,-0.34374221315962683
TAGTCA,-0.00477327875265766
TAGTCT,-0.6534819241675137
TAGTCC,-0.6144346063850106
TAGTCG,-0.1257757004004189
TAGTGA,0.427079665347465
TAGTGT,-0.057003218681726045
TAGTGC,-0.28926811560741567
TAGTGG,0.2908075189511075
TAGCAA,-0.6217590983470389
TAGCAT,-0.6612053015242001
TAGCAC,-0.44452454394475066
TAGCAG,-0.4292757568018829
TAGCTA,-0.2855313237490255
TAGCTT,-0.11201784307576688
TAGCTC,-0.044542812375139657
TAGCTG,-0.4450863820519006
TAGCCA,0.5768600314951445
TAGCCT,-0.22846271279180974
TAGCCC,-0.17347976621249375
TAGCCG,0.1209858335609072
TAGCGA,0.24609324873253186
TAGCGT,-0.008757834266409251
TAGCGC,0.04162080361105941
TAGCGG,0.06198022002760113
TAGGAA,-0.34240697214102755
TAGGAT,-0.3226871816504711
TAGGAC,-0.9021166788367915
TAGGAG,-0.5948839267728807
TAGGTA,0.5430864859842122
TAGGTT,-0.013178092380554916
TAGGTC,-0.3650770472028763
TAGGTG,0.08558236786618262
TAGGCA,-0.24670223719250345
TAGGCT,0.21385076373875042
TAGGCC,-0.37156355643248296
TAGGCG,0.5028191758722496
TAGGGA,-0.3205567813153135
TAGGGT,-0.19478049406158487
TAGGGC,-0.2000644511271238
TAGGGG,-0.35914103643392586
TTAAAA,-0.1870581928445286
TTAAAT,-0.25770832906160035
TTAAAC,0.03717900324175403
TTAAAG,-0.04548437603493257
TTAATA,-0.17884329241762978
TTAATT,-0.39697290737336915
TTAATC,0.06557532786601146
TTAATG,-0.0013689256073417322
TTAACA,-0.5275274733839221
TTAACT,-0.19726951822982786
TTAACC,0.43677544338851515
TTAACG,0.03479182549366395
TTAAGA,-0.6176966259713914
TTAAGT,-0.1447280178021969
TTAAGC,0.1635652283115111
TTAAGG,-0.4322225572777137
TTATAA,-0.2480664315393895
TTATAT,-0.30285887316062826
TTATAC,-0.16045984902052307
TTATAG,-0.4934860762991465
TTATTA,0.182898091834427
TTATTT,0.035637199641437564
TTATTC,-0.04529292342233751
TTATTG,0.31206660925307234
TTATCA,0.3707455278356746
TTATCT,0.28317248194580585
TTATCC,0.3938031683603215
TTATCG,0.6418538861723947
TTATGA,-0.009979536887136757
TTATGT,-0.07425034455269997
TTATGC,-0.10358348074708305
TTATGG,0.2595111954850846
TTACAA,-0.266321531206693
TTACAT,-0.5177854747010505
TTACAC,-0.18105171535347864
TTACAG,-0.13619828784151256
TTACTA,-0.21475021666833785
TTACTT,0.0641966992234584
TTACTC,0.3426396258223489
TTACTG,0.5035351905033114
TTACCA,0.24465816954673705
TTACCT,0.44123233196679545
TTACCC,0.5357823557398583
TTACCG,0.5842668551460408
TTACGA,-0.05006486160143257
TTACGT,-0.07897587834123342
TTACGC,0.3255372175884369
TTACGG,0.3665221341595569
TTAGAA,-0.17584305195075176
TTAGAT,-0.13576688331858833
TTAGAC,-0.7055697005585025
TTAGAG,0.00840964639604148
TTAGTA,-0.4677689914443194
TTAGTT,-0.2991294582921318
TTAGTC,-0.1837491087851401
TTAGTG,0.2834521103669795
TTAGCA,-0.3549342994609484
TTAGCT,-0.11367203294986122
TTAGCC,0.3281183389055369
TTAGCG,0.08508142236890057
TTAGGA,-0.40596249682769503
TTAGGT,0.17547807414028016
TTAGGC,0.3895763801331209
TTAGGG,-0.22201615547890155
TTTAAA,-0.09805145379378835
TTTAAT,-0.20618343606954728
TTTAAC,-0.1254963652163362
TTTAAG,-0.25674970071314546
TTTATA,-0.1764906364831615
TTTATT,0.26124706399499315
TTTATC,0.5336651157358134
TTTATG,0.08674570721559444
TTTACA,-0.23843149825586277
TTTACT,0.35735544753763704
TTTACC,0.5967106631107324
TTTACG,0.20796675060536252
TTTAGA,-0.16865536603014003
TTTAGT,0.16332949937274602
TTTAGC,0.05772013271442916
TTTAGG,0.11541085151132774
TTTTAA,-0.2664293107156605
TTTTAT,0.20230142288492506
TTTTAC,0.19968352855079072
TTTTAG,-0.15829349067508947
TTTTTA,0.071277372414098
TTTTTT,-0.327041170176005
TTTTTC,0.14560263193625972
TTTTTG,-0.08193276404633086
TTTTCA,0.16098315258160603
TTTTCT,0.2085655153659563
TTTTCC,-0.10893519993515267
TTTTCG,-0.1952807014364599
TTTTGA,0.06712475960423131
TTTTGT,-0.09211528890780563
TTTTGC,-0.0721012430378791
TTTTGG,0.21589475515852616
TTTCAA,0.023240964039450668
TTTCAT,0.03246349833051211
TTTCAC,0.3150870300240376
TTTCAG,0.1530559565793293
TTTCTA,0.13329529298938034
TTTCTT,0.041322405582633163
TTTCTC,0.18918046847956968
TTTCTG,0.12953211443460447
TTTCCA,0.20805525166300787
TTTCCT,-0.2731781032877867
TTTCCC,-0.1875741565423056
TTTCCG,-0.28849695773386963
TTTCGA,-0.3708782337329019
TTTCGT,-0.2980648773031844
TTTCGC,-0.15390748916458127
TTTCGG,-0.03234044520342126
TTTGAA,0.017754446920763473
TTTGAT,0.38046380590274714
TTTGAC,-0.1378794325450891
TTTGAG,0.25763689402039314
TTTGTA,-0.056820320243601674
TTTGTT,-0.07977447713997825
TTTGTC,-0.18894958437236792
TTTGTG,-0.11496937476446306
TTTGCA,-0.4920711993124447
TTTGCT,0.04414189322992536
TTTGCC,0.061976887066448466
TTTGCG,-0.10829737533113604
TTTGGA,-0.3080865138055861
TTTGGT,0.5815837207775113
TTTGGC,0.4345339861343911
TTTGGG,0.02419273754872041
TTCAAA,-0.014929776897524364
TTCAAT,0.1264035410170649
TTCAAC,0.10946020852908278
TTCAAG,-0.002038736689848317
TTCATA,-0.10117701974751009
TTCATT,-0.17793484484968644
TTCATC,0.5127514789592049
TTCATG,-0.43393817042666516
TTCACA,-0.2291652703567702
TTCACT,0.3392983121029165
TTCACC,0.5696377505675684
TTCACG,0.10223151296268522
TTCAGA,-0.2411620568168881
TTCAGT,0.16588593604567917
TTCAGC,0.12682190817348418
TTCAGG,-0.054665528430855266
TTCTAA,-0.22143002180388935
TTCTAT,-0.17608872268398412
TTCTAC,0.011661939747842957
TTCTAG,-0.46330183297971683
TTCTTA,-0.29130620274517216
TTCTTT,-0.10547885185108907
TTCTTC,0.007042282625412951
TTCTTG,-0.00628274317949518
TTCTCA,-0.05884848083705628
TTCTCT,0.062479653627371894
TTCTCC,-0.21342826392620953
TTCTCG,-0.18642833874660802
TTCTGA,-0.12111082574905804
TTCTGT,-0.35851325321237243
TTCTGC,-0.027219971234087748
TTCTGG,0.2480149734223886
TTCCAA,-0.16365243318114264
TTCCAT,-0.14573666300241217
TTCCAC,0.10633280547676553
TTCCAG,0.24430496936887325
TTCCTA,-0.38512542387104165
TTCCTT,-0.3711640624528706
TTCCTC,-0.18272600573778944
TTCCTG,-0.3943978014684828
TTCCCA,-0.23968612721993057
TTCCCT,-0.5736960878028649
TTCCCC,-0.1333909333223745
TTCCCG,-0.34656483700843715
TTCCGA,-0.5972355541000516
TTCCGT,-0.28864314893133153
TTCCGC,-0.27353756506561633
TTCCGG,-0.434573192266235
TTCGAA,-0.9650231743200004
TTCGAT,0.0874800903799778
TTCGAC,-0.30720849480213624
TTCGAG,-0.34657509210393783
TTCGTA,-0.22161232494043423
TTCGTT,-0.23914187703755632
TTCGTC,-0.37977199518420934
TTCGTG,-0.5114705770292372
TTCGCA,-0.7534894095661071
TTCGCT,0.0755075525081451
TTCGCC,0.10675036994688056
TTCGCG,-0.3293284693270539
TTCGGA,-0.6358308387348294
TTCGGT,0.3383521751877359
TTCGGC,-0.06186952134784521
TTCGGG,-0.47877911436070986
TTGAAA,-0.07901341966276187
TTGAAT,-0.14506654791793977
TTGAAC,0.05625384570952169
TTGAAG,0.263263545103635
TTGATA,0.46483714243779606
TTGATT,0.22963006054381657
TTGATC,0.3335097878222567
TTGATG,0.5877648310793433
TTGACA,-0.6785973995452139
TTGACT,-0.11064066872910981
TTGACC,0.3194203817496296
TTGACG,-0.12128566620758553
TTGAGA,-0.07455967734848343
TTGAGT,0.685682316725424
TTGAGC,0.6987058385637728
TTGAGG,-0.07881757635136338
TTGTAA,-0.22072793765467777
TTGTAT,-0.4033416430299571
TTGTAC,-0.14810359948361343
TTGTAG,-0.1428084032233238
TTGTTA,-0.13736461613710563
TTGTTT,-0.1870762664214962
TTGTTC,-0.21614863444241858
TTGTTG,0.16039911694325965
TTGTCA,-0.4084713375570907
TTGTCT,-0.4700036292457356
TTGTCC,-0.4553769773867964
TTGTCG,-0.035302612442745414
TTGTGA,-0.20092041452949952
TTGTGT,-0.04786956571546181
TTGTGC,-0.30794086411539845
TTGTGG,0.1287593451343584
TTGCAA,-0.5862964370800472
TTGCAT,-0.6833735464237598
TTGCAC,-0.401323569821443
TTGCAG,-0.09372021391862692
TTGCTA,-0.4151739222351254
TTGCTT,-0.24180994396934222
TTGCTC,0.3511701408712614
TTGCTG,0.36152932240353053
TTGCCA,0.30644762420777183
TTGCCT,-0.1927709726682957
TTGCCC,-0.06705971351847308
TTGCCG,0.11578813882008544
TTGCGA,-0.3467652807822993
TTGCGT,-0.26602057567060144
TTGCGC,-0.008967306841155171
TTGCGG,-0.027461679941387894
TTGGAA,-0.16628068941966656
TTGGAT,0.20278262866529465
TTGGAC,-0.5571063763299968
TTGGAG,-0.28617879717673783
TTGGTA,0.5669365057568431
TTGGTT,0.5873423191938526
TTGGTC,0.25360275879891836
TTGGTG,0.6286939290877424
TTGGCA,0.18208419624216388
TTGGCT,0.5355017674537671
TTGGCC,0.25289024695811707
TTGGCG,0.5225475317306967
TTGGGA,-0.05272330591626904
TTGGGT,0.4183459760822168
TTGGGC,-0.006557400546159052
TTGGGG,0.1283673761760436
TCAAAA,0.06636760405783505
TCAAAT,-0.22539571058455196
TCAAAC,0.32841963960063214
TCAAAG,0.20651683976251012
TCAATA,0.5537342417830661
TCAATT,-0.1811424106959071
TCAATC,0.612031703250182
TCAATG,0.13939821834463917
TCAACA,0.22158227074725728
TCAACT,0.13188577282053332
TCAACC,0.41201757797787325
TCAACG,0.33459024115111585
TCAAGA,0.3774867943509365
TCAAGT,0.0667278648560993
TCAAGC,0.18850526000618018
TCAAGG,-0.012189555524585565
TCATAA,-0.1315492314205315
TCATAT,-0.35886766012974297
TCATAC,-0.11215555879065507
TCATAG,-0.24764538402310382
TCATTA,0.13719344223103716
TCATTT,-0.16448163866562357
TCATTC,-0.23327388396788182
TCATTG,0.06431996578755905
TCATCA,0.6865108037396686
TCATCT,0.21146269170145415
TCATCC,0.4180438903150246
TCATCG,0.5170756441111619
TCATGA,-0.3560925826184694
TCATGT,-0.6129635611874852
TCATGC,-0.18499948609025985
TCATGG,0.13091092235224203
TCACAA,-0.13017756052609125
TCACAT,-0.2286502471178386
TCACAC,-0.02743703969886294
TCACAG,-0.14333611008100094
TCACTA,0.3566749439387324
TCACTT,0.3934750205487783
TCACTC,0.5075629781311743
TCACTG,0.5111590126672285
TCACCA,0.8807192660892874
TCACCT,0.5400876083150216
TCACCC,0.45001187665348386
TCACCG,0.7383242479300599
TCACGA,0.11096905531743582
TCACGT,-0.20997308812446475
TCACGC,0.31959326903420054
TCACGG,0.19819150170072
TCAGAA,-0.21977086683557048
TCAGAT,-0.07160115081588375
TCAGAC,-0.38354982126971426
TCAGAG,-0.14057429010464076
TCAGTA,0.5321293771884376
TCAGTT,0.26492879728854096
TCAGTC,-0.17538699912528663
TCAGTG,0.38915153261664065
TCAGCA,0.4430502718937302
TCAGCT,0.163392928096746
TCAGCC,0.3007871783002392
TCAGCG,0.3231330293250962
TCAGGA,-0.14566406594993958
TCAGGT,0.1974525194712514
TCAGGC,-0.08778765863969586
TCAGGG,-0.14622670809636673
TCTAAA,-0.027502918889626853
TCTAAT,-0.5313869764399944
TCTAAC,-0.017348638334612976
TCTAAG,-0.27134565313208747
TCTATA,-0.29470861046381935
TCTATT,-0.13455967035008862
TCTATC,0.39402140382083994
TCTATG,-0.25402539674764424
TCTACA,-0.1559977125075093
TCTACT,0.024368591016957732
TCTACC,0.21590239005765027
TCTACG,-0.1404106611783177
TCTAGA,-0.27417664925197394
TCTAGT,-0.7001737185719836
TCTAGC,-0.34566214410333035
TCTAGG,-0.5632720991385333
TCTTAA,-0.432940211868848
TCTTAT,-0.26837932019725225
TCTTAC,-0.021349418014478424
TCTTAG,-0.7687183674070193
TCTTTA,0.14657471417979412
TCTTTT,-0.15893071902522657
TCTTTC,-0.02725671655930925
TCTTTG,-0.006450964000661375
TCTTCA,0.16845836489515775
TCTTCT,0.09447975547130603
TCTTCC,0.07815599941879321
TCTTCG,-0.07434086428690209
TCTTGA,0.2323253603516333
TCTTGT,-0.2077058519296271
TCTTGC,0.04208541856702702
TCTTGG,0.17611395097981067
TCTCAA,-0.0606903442705349
TCTCAT,-0.3288117119521583
TCTCAC,-0.0024865325700048164
TCTCAG,-0.25609710725258894
TCTCTA,0.08682000774208384
TCTCTT,0.40906709309219347
TCTCTC,0.12647454377484202
TCTCTG,0.013448809812613002
TCTCCA,-0.14154712583051132
TCTCCT,0.006865619785981737
TCTCCC,-0.2081410637237977
TCTCCG,-0.3829922522561057
TCTCGA,-0.039581789163703626
TCTCGT,-0.28403908117327986
TCTCGC,-0.20482704386430278
TCTCGG,-0.05950354546583592
TCTGAA,-0.20033506867598339
TCTGAT,-0.06289243023090238
TCTGAC,-0.2947404368192269
TCTGAG,-0.29709707138638275
TCTGTA,-0.2062108758377665
TCTGTT,-0.11680421994515071
TCTGTC,-0.3609432782727279
TCTGTG,-0.4736538738828439
TCTGCA,-0.31932957965273717
TCTGCT,0.19070189770497215
TCTGCC,-0.062280819807664534
TCTGCG,-0.02022099983313719
TCTGGA,0.05413132588903541
TCTGGT,0.4179392823333401
TCTGGC,0.1553384694906036
TCTGGG,0.031178718248450827
TCCAAA,-0.26834304735291314
TCCAAT,-0.20460804540883393
TCCAAC,0.10797831819990521
TCCAAG,-0.0339338092199173
TCCATA,-0.06615867025107625
TCCATT,-0.15797509419929653
TCCATC,0.15215067916059127
TCCATG,-0.43130789242351425
TCCACA,-0.03988362335322887
TCCACT,0.14824224314109188
TCCACC,0.44078178003306423
TCCACG,-0.2978975732362328
TCCAGA,0.10577365344515267
TCCAGT,0.4859636488244649
TCCAGC,0.15016801086376586
TCCAGG,-1.788813958998298
TCCTAA,-0.383919466045298
TCCTAT,-0.5754299322132136
TCCTAC,-0.43292348059156527
TCCTAG,-0.5727164119811209
TCCTTA,-0.3668193930105049
TCCTTT,-0.4371608389182962
TCCTTC,-0.5271160523298181
TCCTTG,-0.4104604353860432
TCCTCA,-0.15578200155934244
TCCTCT,-0.13793783763484357
TCCTCC,-0.3577950060900343
TCCTCG,-0.24333566254910083
TCCTGA,-0.03865014623883357
TCCTGT,-0.417031073338465
TCCTGC,-0.15305117449384148
TCCTGG,-1.7831510946914548
TCCCAA,-0.03999221891355002
TCCCAT,-0.047053550129514676
TCCCAC,-0.17797687218994357
TCCCAG,-0.3623729650533701
TCCCTA,-0.7064387368520068
TCCCTT,-0.26994324811439935
TCCCTC,-0.13916617232476938
TCCCTG,-0.47938409793117165
TCCCCA,0.1695060679104529
TCCCCT,-0.14549992432818015
TCCCCC,0.07480751747780734
TCCCCG,-0.46262352194811296
TCCCGA,-0.11429637529166187
TCCCGT,-0.45525577261118
TCCCGC,-0.29734947785391747
TCCCGG,-0.7172142066425826
TCCGAA,-0.5157258785838306
TCCGAT,-0.2563633891943536
TCCGAC,-0.3926853814617654
TCCGAG,-0.3913027942956601
TCCGTA,-0.14922786836404162
TCCGTT,-0.26309659697916626
TCCGTC,-0.4178541704223248
TCCGTG,-0.48403148945640345
TCCGCA,-0.3638712108093273
TCCGCT,0.08841095734405294
TCCGCC,0.045980350214347813
TCCGCG,-0.2869355251979964
TCCGGA,-0.840552472247672
TCCGGT,0.14087367122784916
TCCGGC,-0.25095006318305085
TCCGGG,-0.829885231910027
TCGAAA,-0.197295098584117
TCGAAT,-0.4140750765865108
TCGAAC,-0.5146506344061064
TCGAAG,-0.18611793753992928
TCGATA,0.7476279240112406
TCGATT,0.21291823077142213
TCGATC,0.10293038080453461
TCGATG,0.3728565267899741
TCGACA,0.013254716712013432
TCGACT,0.053458578524767195
TCGACC,0.29961064331705467
TCGACG,-0.3486162438760119
TCGAGA,-0.07024404462483425
TCGAGT,0.18153135525145378
TCGAGC,0.11298998045898324
TCGAGG,-0.20866008549562995
TCGTAA,-0.01549120365389499
TCGTAT,-0.06188670308927761
TCGTAC,-0.12208554105243706
TCGTAG,-0.2224875985192894
TCGTTA,0.06031979023352262
TCGTTT,-0.032229352012850994
TCGTTC,-0.38438987652274365
TCGTTG,-0.19403430318048714
TCGTCA,0.15877126739753514
TCGTCT,-0.4456715285862049
TCGTCC,-0.32680048904725223
TCGTCG,-0.31458952537170526
TCGTGA,-0.014133230360387772
TCGTGT,-0.6100593005112422
TCGTGC,-0.5831703843443045
TCGTGG,-0.19185926127444336
TCGCAA,-0.4718731381095516
TCGCAT,-0.5173442552015829
TCGCAC,-0.2638145910451376
TCGCAG,-0.25277321774456607
TCGCTA,0.16950086836489314
TCGCTT,0.3032059877177099
TCGCTC,0.21961869747077425
TCGCTG,0.2651236235550925
TCGCCA,0.6298386136906795
TCGCCT,0.11047374812775228
TCGCCC,0.1927928566612501
TCGCCG,0.3213033157864537
TCGCGA,0.0936162130775994
TCGCGT,-0.1628040599468863
TCGCGC,-0.0905404958528657
TCGCGG,0.2127190339783256
TCGGAA,-0.541488403342866
TCGGAT,0.00971086372938934
TCGGAC,-0.5568107370078141
TCGGAG,-0.4999559515290868
TCGGTA,0.7297366279922375
TCGGTT,0.540239508972284
TCGGTC,0.25502500767744163
TCGGTG,0.4913582294598764
TCGGCA,0.30911596717142037
TCGGCT,0.3450881949875712
TCGGCC,-0.03264894799004676
TCGGCG,0.24727634953162583
TCGGGA,-0.4347831688647761
TCGGGT,0.08163526490212794
TCGGGC,-0.366504523720088
TCGGGG,-0.4483242419366955
TGAAAA,0.19668068406409753
TGAAAT,0.02350304034617631
TGAAAC,-0.03831886430213666
TGAAAG,0.1328966734664316
TGAATA,0.19679472161745826
TGAATT,-0.2935373798540001
TGAATC,-0.08470000069230929
TGAATG,-0.22001523754647245
TGAACA,0.0043176978791740804
TGAACT,0.13566131888234745
TGAACC,-0.016969297558353098
TGAACG,-0.02955880224154439
TGAAGA,0.2794175626018875
TGAAGT,0.16051233573290638
TGAAGC,0.20440136950446916
TGAAGG,0.06532314259798915
TGATAA,0.26619180488272337
TGATAT,0.09980301611595516
TGATAC,0.026787315963649763
TGATAG,0.27261464032966126
TGATTA,0.08585364902703067
TGATTT,0.28333641961594036
TGATTC,-0.1668059149137848
TGATTG,0.491640383044642
TGATCA,0.4641255350209288
TGATCT,0.1954825765631668
TGATCC,0.310398030286318
TGATCG,0.4403855085729485
TGATGA,0.6153769142127544
TGATGT,0.40293666175480564
TGATGC,0.27630348525651655
TGATGG,0.6996101877806056
TGACAA,-0.37663467302148246
TGACAT,-0.28305180406761865
TGACAC,-0.39849643879207103
TGACAG,-0.15933203856925593
TGACTA,0.004069181606725749
TGACTT,0.04087954682092428
TGACTC,0.018581615712135534
TGACTG,0.006619080079881257
TGACCA,0.48587630471804216
TGACCT,0.06869653128623487
TGACCC,-0.04951506452738056
TGACCG,0.33913832618133644
TGACGA,0.13196073585962553
TGACGT,-0.2900601948567483
TGACGC,-0.2143595651062132
TGACGG,0.16341740215480186
TGAGAA,-0.25861793950786965
TGAGAT,0.1609766448976581
TGAGAC,-0.7995448939912034
TGAGAG,-0.2065601023810033
TGAGTA,0.5166227414503165
TGAGTT,0.6265337742113233
TGAGTC,0.1777957313357505
TGAGTG,0.3597408635605672
TGAGCA,0.44274727592329544
TGAGCT,0.48422187824801477
TGAGCC,0.46048565960620824
TGAGCG,0.38262047542414224
TGAGGA,-0.3918710160110013
TGAGGT,-0.0017006806820174423
TGAGGC,-0.19786676812941686
TGAGGG,-0.5887782366244141
TGTAAA,-0.2675658366635644
TGTAAT,-0.20804951231647417
TGTAAC,-0.2440294422940441
TGTAAG,-0.252939124007908
TGTATA,-0.33428882964026935
TGTATT,-0.1269622438890531
TGTATC,-0.14362875707513256
TGTATG,-0.24377433600761822
TGTACA,-0.16457711149488272
TGTACT,0.1459277006468263
TGTACC,0.006608615220356157
TGTACG,-0.019481135571822426
TGTAGA,-0.27643484836443344
TGTAGT,-0.037081674904531924
TGTAGC,-0.3083682694267138
TGTAGG,-0.32870404697470235
TGTTAA,-0.4436797849592903
TGTTAT,0.09989602118574756
TGTTAC,-0.328720259816895
TGTTAG,-0.3207721247381152
TGTTTA,0.16927528128732497
TGTTTT,-0.12295362190523969
TGTTTC,-0.2619461168552934
TGTTTG,0.22780867140436653
TGTTCA,-0.03782190403216415
TGTTCT,-0.2783556278234758
TGTTCC,-0.5214145242449448
TGTTCG,-0.40546510810816444
TGTTGA,0.13655212813583337
TGTTGT,0.07312226482896259
TGTTGC,-0.18214232926412632
TGTTGG,0.17084750605330867
TGTCAA,-0.42665187853808423
TGTCAT,-0.24503280811585115
TGTCAC,0.03434948001463764
TGTCAG,-0.1730927503563331
TGTCTA,-0.32719709080167325
TGTCTT,-0.4413357343761638
TGTCTC,-0.653800475218013
TGTCTG,-0.6005001181751042
TGTCCA,-0.45058554338863405
TGTCCT,-0.8450095298691914
TGTCCC,-0.9772514316638422
TGTCCG,-0.6359887667199967
TGTCGA,-0.05847930893830178
TGTCGT,-0.2615985676460076
TGTCGC,-0.03157707954267858
TGTCGG,0.04773494421745617
TGTGAA,-0.46891037451784606
TGTGAT,0.22150375865379446
TGTGAC,-0.5139667526668518
TGTGAG,-0.5592835068225464
TGTGTA,-0.13598272355587582
TGTGTT,0.031217192200521448
TGTGTC,-0.699661861581139
TGTGTG,-0.468426756382854
TGTGCA,-0.7292890955915493
TGTGCT,-0.23087119179806587
TGTGCC,-0.3121946670398661
TGTGCG,-0.35156053627241485
TGTGGA,-0.17239098859135396
TGTGGT,0.3979003353443916
TGTGGC,-0.007968169649176845
TGTGGG,-0.019881370553828933
TGCAAA,-0.5646518521443903
TGCAAT,-0.673750465420687
TGCAAC,-0.3539046126502198
TGCAAG,-0.35905788926996224
TGCATA,-0.5367881818374586
TGCATT,-0.6250791218643315
TGCATC,-0.23612021353998955
TGCATG,-0.9604302940990326
TGCACA,-0.5223477731666173
TGCACT,-0.3884770216115275
TGCACC,-0.1937216524526478
TGCACG,-0.6950870453777719
TGCAGA,-0.2986310869414513
TGCAGT,-0.2716093226115422
TGCAGC,-0.06399012518195746
TGCAGG,-0.22716231090912753
TGCTAA,-0.5150132718868266
TGCTAT,-0.46239902986051623
TGCTAC,-0.5391700967751333
TGCTAG,-0.7507762933965817
TGCTTA,-0.08193643910949606
TGCTTT,-0.19888071885057346
TGCTTC,-0.3619569198666327
TGCTTG,-0.16899158069009707
TGCTCA,0.5224702681444762
TGCTCT,0.13870651988570223
TGCTCC,-0.2436106304620782
TGCTCG,0.08488597767731629
TGCTGA,0.44103256019025083
TGCTGT,0.14908958407494824
TGCTGC,0.26361150086705637
TGCTGG,0.3122713312102171
TGCCAA,0.09985575169063667
TGCCAT,0.07145168757698023
TGCCAC,0.09442224925825875
TGCCAG,0.19501928244334815
TGCCTA,-0.09814706113952452
TGCCTT,-0.01843370168883802
TGCCTC,-0.5553373545536875
TGCCTG,-0.3572153384398594
TGCCCA,-0.05780099888982867
TGCCCT,-0.3270661404471463
TGCCCC,-0.23815000634689631
TGCCCG,-0.300104592450338
TGCCGA,0.30068382476096117
TGCCGT,-0.04631338271753412
TGCCGC,0.11202644081204677
TGCCGG,-0.3701693421947889
TGCGAA,-0.7015105474060409
TGCGAT,0.116772907709571
TGCGAC,-0.5257650195926624
TGCGAG,-0.5258875014425364
TGCGTA,0.0507582011793849
TGCGTT,0.13529040802970224
TGCGTC,-0.6990123000123435
TGCGTG,-0.25618221844808525
TGCGCA,-0.11506150992312038
TGCGCT,0.08432013552131556
TGCGCC,0.20619809621263616
TGCGCG,-0.15215067916059127
TGCGGA,-0.18323354956122412
TGCGGT,0.22041669005778539
TGCGGC,-0.025052994599197156
TGCGGG,-0.3862337461802767
TGGAAA,0.12526377694825405
TGGAAT,-0.14420465189082235
TGGAAC,-0.32386774339760915
TGGAAG,0.1583260512377389
TGGATA,0.3806974514293558
TGGATT,0.10947468962762914
TGGATC,0.13959908918694755
TGGATG,0.442617373739457
TGGACA,-0.466925125018648
TGGACT,-0.5074375377379056
TGGACC,-1.3490716506292826
TGGACG,-0.21091438278779776
TGGAGA,0.07732331147251284
TGGAGT,-0.05600567596014024
TGGAGC,-0.5161306759956839
TGGAGG,-0.6074693593605439
TGGTAA,0.3155390269547472
TGGTAT,0.48144715647337355
TGGTAC,0.37967802249674437
TGGTAG,0.33927276461104017
TGGTTA,0.6985777602365851
TGGTTT,0.6630646226440162
TGGTTC,-0.08727542663249648
TGGTTG,0.43000882238846627
TGGTCA,0.5616271551733826
TGGTCT,-0.16137838294871154
TGGTCC,-1.150572027598821
TGGTCG,0.42475101499474766
TGGTGA,0.8613749742780402
TGGTGT,0.5727295679258861
TGGTGC,0.16988282815781416
TGGTGG,0.8454572984963844
TGGCAA,0.24622957134839218
TGGCAT,0.03503277351577023
TGGCAC,-0.06093691037359728
TGGCAG,0.17608255649382146
TGGCTA,0.47682685459386104
TGGCTT,0.5096893891249433
TGGCTC,0.2857515699217229
TGGCTG,0.315007997952913
TGGCCA,0.16045707309721638
TGGCCT,0.055645290115297626
TGGCCC,-0.750448034397286
TGGCCG,0.27905449890786993
TGGCGA,0.6907584066560456
TGGCGT,0.553081240614426
TGGCGC,0.30329383792389425
TGGCGG,0.4559798028234356
TGGGAA,-0.20632270889349774
TGGGAT,0.3113211091940219
TGGGAC,-0.4824261492442928
TGGGAG,-0.5301379347983635
TGGGTA,0.7177241928958674
TGGGTT,0.3862202053105465
TGGGTC,-0.30814436145967333
TGGGTG,0.18816136011111254
TGGGCA,0.09674673426912234
TGGGCT,0.07161231379105304
TGGGCC,-0.7650735980974062
TGGGCG,0.03151450876900852
TGGGGA,0.06453852113757116
TGGGGT,0.2926617708563222
TGGGGC,-0.2826695306282366
TGGGGG,-0.15395496596030622
CAAAAA,-0.06045256969745329
CAAAAT,0.08885070669401418
CAAAAC,0.14408332284202144
CAAAAG,-0.27015651168765675
CAAATA,-0.18001687727648755
CAAATT,-0.30182884514889924
CAAATC,-0.13865595147900983
CAAATG,-0.37339282523526107
CAAACA,0.14389417966006912
CAAACT,0.3149086579564883
CAAACC,0.45200820270773595
CAAACG,0.34361154550222717
CAAAGA,0.03941705144478719
CAAAGT,0.10184634555770508
CAAAGC,0.16506497177952215
CAAAGG,-0.036752185609953046
CAATAA,0.19619512905982656
CAATAT,0.361320395659451
CAATAC,0.528489126480005
CAATAG,-0.21100116448848424
CAATTA,-0.5088389187494227
CAATTT,-0.22572920239923253
CAATTC,-0.4956485321661435
CAATTG,-0.4901659128606559
CAATCA,0.4289507956243264
CAATCT,0.0598103799416252
CAATCC,0.24075899353049618
CAATCG,0.38064742516555683
CAATGA,0.051898438127651235
CAATGT,-0.46292216313295165
CAATGC,-0.25628132590924285
CAATGG,0.09909090264423097
CAACAA,0.1362702545494099
CAACAT,-0.08649400179485196
CAACAC,0.12653241729344059
CAACAG,-0.16140540653532628
CAACTA,-0.40982068814781947
CAACTT,-0.030912593062026046
CAACTC,0.20800670422442735
CAACTG,0.24977043135348823
CAACCA,0.3598023898029272
CAACCT,-0.011382781087279956
CAACCC,0.1095986264128944
CAACCG,0.15637222022050373
CAACGA,-0.08486622064324152
CAACGT,-0.18687322600867376
CAACGC,0.4057757153478102
CAACGG,-0.19014605665569198
CAAGAA,-0.012422519998557096
CAAGAT,0.3131661784758002
CAAGAC,-0.2877936733670242
CAAGAG,0.4743869795595859
CAAGTA,0.09957011152312188
CAAGTT,-0.2150255832117623
CAAGTC,-0.04000533461369913
CAAGTG,-0.01901800583576186
CAAGCA,-0.16200155430299717
CAAGCT,0.19477615277863888
CAAGCC,0.3484423273357655
CAAGCG,0.17020198781604312
CAAGGA,-0.39309113062072076
CAAGGT,0.5279990973511612
CAAGGC,0.16225752575821284
CAAGGG,-0.367476610375936
CATAAA,-0.022182055525974756
CATAAT,-0.3948534475135699
CATAAC,0.19737547706793054
CATAAG,-0.3329646918115357
CATATA,-0.723378639339609
CATATT,-0.21622310846963594
CATATC,0.07450252729792108
CATATG,-0.9951656491925676
CATACA,-0.20735130485979
CATACT,-0.07396366159715413
CATACC,0.3006941197996107
CATACG,-0.30010459245033816
CATAGA,-0.2862016872813467
CATAGT,-0.12563741377152765
CATAGC,-0.3625964633798655
CATAGG,-0.252900471436541
CATTAA,-0.0020526863177421813
CATTAT,-0.1526358149285882
CATTAC,0.12650603557280574
CATTAG,-0.18993141710809613
CATTTA,-0.4469110214257783
CATTTT,-0.027248214466518948
CATTTC,-0.24104069022896057
CATTTG,-0.4045451448418095
CATTCA,-0.17218665791981155
CATTCT,-0.3294050693981205
CATTCC,-0.4539717853869664
CATTCG,-0.2705631318148992
CATTGA,0.2534518639524852
CATTGT,-0.5347190728849079
CATTGC,-0.3424337462611646
CATTGG,0.026302259521653
CATCAA,0.5615921556819653
CATCAT,0.356000255956319
CATCAC,0.731368393380143
CATCAG,0.26025885907131524
CATCTA,-0.29524270442023104
CATCTT,0.06873410579783779
CATCTC,0.038399132934535965
CATCTG,-0.18823523458400226
CATCCA,0.32850406697203605
CATCCT,-0.342532861232904
CATCCC,0.03489948461187415
CATCCG,0.07618761767743751
CATCGA,0.37116095292439455
CATCGT,-0.03450420692195536
CATCGC,0.3584558883097272
CATCGG,0.42405794118478024
CATGAA,-0.35046123432407833
CATGAT,-0.0778088580584679
CATGAC,-0.350838982276252
CATGAG,-0.3423580687984743
CATGTA,-0.8514246717214198
CATGTT,-0.4860698862596955
CATGTC,-0.6588581070813131
CATGTG,-0.8667699638000239
CATGCA,-0.7591343941037993
CATGCT,-0.26128330014214934
CATGCC,-0.26677820003007846
CATGCG,-0.6059926293986916
CATGGA,-0.39615433353234375
CATGGT,0.21320597955029813
CATGGC,0.054792121628224284
CATGGG,-0.17532362760631012
CACAAA,-0.10898500720651459
CACAAT,-0.3154188274233806
CACAAC,-0.06517607296025071
CACAAG,-0.09165673106416339
CACATA,-0.12648820488371426
CACATT,-0.36955796120697826
CACATC,0.22467283743577737
CACATG,-1.0007819290740363
CACACA,-0.4309703985165263
CACACT,0.03694162211457258
CACACC,0.3186381138977054
CACACG,-0.572453863183537
CACAGA,-0.41426977047331454
CACAGT,-0.29141342006463894
CACAGC,-0.14430646579248102
CACAGG,-0.17697064878069277
CACTAA,0.1617452350684645
CACTAT,0.11697167658550421
CACTAC,0.2374073590391184
CACTAG,-0.4535132673463202
CACTTA,-0.17876072217094566
CACTTT,0.35889568657913834
CACTTC,0.3248540773276534
CACTTG,0.08531236331555277
CACTCA,0.4172600595823226
CACTCT,0.27777460394619014
CACTCC,-0.2800370293995289
CACTCG,0.1712008262753418
CACTGA,0.39741446083099735
CACTGT,-0.06582998007844325
CACTGC,0.17993907605552684
CACTGG,0.40694072712969465
CACCAA,0.7509201281417719
CACCAT,0.47942285116222716
CACCAC,0.8901506296427109
CACCAG,0.32601959364437405
CACCTA,-0.038759989809494605
CACCTT,0.4226829730556635
CACCTC,0.11778303565638346
CACCTG,-0.10879353014161193
CACCCA,0.18091679313787734
CACCCT,-0.21605969642580475
CACCCC,0.0023014969882791674
CACCCG,0.0035962021803522875
CACCGA,0.5295666386063332
CACCGT,0.33376068441585655
CACCGC,0.6924318729471852
CACCGG,0.07068692576300041
CACGAA,-0.4728929695973408
CACGAT,0.0968769016800108
CACGAC,-0.09621433899792824
CACGAG,-0.48617648849133654
CACGTA,-0.23912625582081948
CACGTT,-0.14110572757177225
CACGTC,-0.7385603892196471
CACGTG,-1.0159550549871004
CACGCA,-0.2267514926904088
CACGCT,0.08438739227754741
CACGCC,0.15987272525450152
CACGCG,-0.16190306825237236
CACGGA,-0.3244212092788589
CACGGT,0.21281966797257384
CACGGC,0.018414118037269736
CACGGG,-0.4555995391825402
CAGAAA,0.08075771306653794
CAGAAT,-0.2525442182865155
CAGAAC,-0.3597769239367362
CAGAAG,-0.0015961695328222147
CAGATA,0.1930168459107026
CAGATT,-0.08454185513327477
CAGATC,0.3291000145462889
CAGATG,-0.05386859181287435
CAGACA,-0.29212424616690463
CAGACT,-0.48871241546321414
CAGACC,-0.30478844176276443
CAGACG,-0.4001530106232745
CAGAGA,-0.07068734149418512
CAGAGT,0.10935253692736382
CAGAGC,0.18286518279266484
CAGAGG,-0.2790355270624392
CAGTAA,0.43677544338851515
CAGTAT,0.3443927949470794
CAGTAC,0.5458522458772415
CAGTAG,0.21136485212159695
CAGTTA,-0.03850526338310754
CAGTTT,0.21627219545177817
CAGTTC,0.00871957728712941
CAGTTG,0.2594742330573881
CAGTCA,-0.08446016378025908
CAGTCT,-0.6520710887190498
CAGTCC,0.23810161066378197
CAGTCG,-0.294799540220645
CAGTGA,0.4319316812963276
CAGTGT,0.006335818449085924
CAGTGC,0.025914288765470368
CAGTGG,0.486611365645396
CAGCAA,0.3247791443673025
CAGCAT,0.06920422095408063
CAGCAC,0.2800563855851442
CAGCAG,0.4286335332123098
CAGCTA,-0.2855407440104378
CAGCTT,0.3331444465285383
CAGCTC,0.4041326628743858
CAGCTG,-0.9699309204993951
CAGCCA,0.30157569333118295
CAGCCT,-0.24693077678976855
CAGCCC,0.3327569247255874
CAGCCG,-0.28057724682803625
CAGCGA,0.21532396259757963
CAGCGT,0.15587037070678497
CAGCGC,0.3571403849524875
CAGCGG,0.19555318590271256
CAGGAA,-0.28530856826275064
CAGGAT,-0.29952872142952847
CAGGAC,-0.7600866632350546
CAGGAG,-0.5281945676998734
CAGGTA,0.3229164640137781
CAGGTT,-0.050990757524685786
CAGGTC,-0.3795277598029614
CAGGTG,-0.38757971688429077
CAGGCA,-0.3681617475781955
CAGGCT,-0.133107574012542
CAGGCC,-0.4955783943452969
CAGGCG,-0.3128304735641726
CAGGGA,-0.6099649932986915
CAGGGT,-0.14463812295955983
CAGGGC,-0.33281295219642354
CAGGGG,-0.6967122467244414
CTAAAA,-0.08490889732470926
CTAAAT,-0.18981447361282028
CTAAAC,0.17705244411394278
CTAAAG,0.1068381664623396
CTAATA,-0.3183265774531588
CTAATT,-0.5774772952432576
CTAATC,-0.5921515779868199
CTAATG,-0.4096016186599446
CTAACA,-0.05501586521188521
CTAACT,0.036440268449202964
CTAACC,0.172671300961793
CTAACG,0.12507305692178428
CTAAGA,-0.5022644914639569
CTAAGT,-0.2802721362230758
CTAAGC,0.14744035268412473
CTAAGG,0.02962366921022572
CTATAA,-0.3796904854195492
CTATAT,-0.320765107415855
CTATAC,-0.1847225183314927
CTATAG,-0.5698803865473054
CTATTA,-0.14423151731952108
CTATTT,0.07825535666207094
CTATTC,-0.40376515019771575
CTATTG,-0.14415292159147713
CTATCA,0.006950505826523111
CTATCT,0.31829814156346614
CTATCC,0.2863084458621691
CTATCG,0.5355040641211879
CTATGA,-0.23768216043897042
CTATGT,-0.23717636572406434
CTATGC,-0.15427225298405495
CTATGG,-0.0641813144897294
CTACAA,-0.26471628436792166
CTACAT,-0.42050298547270487
CTACAC,-0.24806127927715993
CTACAG,-0.24219750746663793
CTACTA,-0.2363887780642304
CTACTT,0.1983488927009935
CTACTC,0.2259564926908245
CTACTG,0.09558646106039925
CTACCA,0.10414025925259701
CTACCT,0.15174130400394573
CTACCC,0.14962661513238038
CTACCG,0.3024802935507308
CTACGA,-0.044213497142020206
CTACGT,-0.285706437959991
CTACGC,-0.01782952317196382
CTACGG,-0.02662647511532219
CTAGAA,-0.35701272472221757
CTAGAT,-0.47854547495869837
CTAGAC,-0.7518724665727278
CTAGAG,-0.14275595658776352
CTAGTA,-0.6621636350399781
CTAGTT,-0.7706224927282359
CTAGTC,-1.0402767116551461
CTAGTG,-0.5694795174577628
CTAGCA,-0.9194230758604713
CTAGCT,-0.5624431898961008
CTAGCC,-0.25573174090736145
CTAGCG,-0.3448404862917295
CTAGGA,-0.5366433067919316
CTAGGT,-0.2115380051939018
CTAGGC,-0.5039448626737684
CTAGGG,-0.5369431119208449
CTTAAA,-0.2618907796101605
CTTAAT,-0.09531017980432477
CTTAAC,-0.05707022653004541
CTTAAG,-0.09160784310578925
CTTATA,-0.2045671657412744
CTTATT,0.009245058144051209
CTTATC,0.4908510126358674
CTTATG,-0.17000107240591397
CTTACA,-0.3063273878886072
CTTACT,0.20135619712930256
CTTACC,0.3391253256009532
CTTACG,0.10010840274436454
CTTAGA,-0.23959288205501347
CTTAGT,-0.18330146868030334
CTTAGC,-0.006182399908317539
CTTAGG,0.41750642664195897
CTTTAA,0.012172551243349705
CTTTAT,0.3987624748262914
CTTTAC,0.3812834164638925
CTTTAG,0.02596598616337967
CTTTTA,-0.10186917331721723
CTTTTT,0.07167967534535781
CTTTTC,-0.16152570033146824
CTTTTG,-0.08458578730293682
CTTTCA,0.03126851246045364
CTTTCT,0.18315523754253218
CTTTCC,-0.14036984512944167
CTTTCG,-0.14922786836404162
CTTTGA,0.25478290623575556
CTTTGT,0.0038275404152323163
CTTTGC,-0.20592397681545002
CTTTGG,0.30510796437864846
CTTCAA,0.23962801431485123
CTTCAT,0.06288908854893364
CTTCAC,0.2949372433329528
CTTCAG,-0.16702426907259157
CTTCTA,-0.16701158482253425
CTTCTT,0.22978632849771363
CTTCTC,-0.22766533234028238
CTTCTG,0.013196447451944992
CTTCCA,0.057124214698343834
CTTCCT,-0.22558953704247015
CTTCCC,-0.266987481208948
CTTCCG,-0.21412339995482602
CTTCGA,-0.17679668086198477
CTTCGT,-0.32904278194269254
CTTCGC,-0.21934687938380024
CTTCGG,0.11725126217934795
CTTGAA,-0.0731007536700481
CTTGAT,0.46684223430973537
CTTGAC,-0.47522557322688713
CTTGAG,0.38930426599900003
CTTGTA,-0.1689139627281179
CTTGTT,0.05858318255609081
CTTGTC,-0.48326170541978103
CTTGTG,-0.13963214809890398
CTTGCA,-0.2833804905122621
CTTGCT,0.3536840294808853
CTTGCC,-0.0789056978864612
CTTGCG,-0.07237696947119195
CTTGGA,-0.07511384802513989
CTTGGT,0.6625254421144976
CTTGGC,0.34993217980306346
CTTGGG,0.23194743592953773
CTCAAA,0.0008267879759939956
CTCAAT,0.519570214154742
CTCAAC,0.4171459677209201
CTCAAG,0.5833520678342534
CTCATA,-0.24262113391388218
CTCATT,-0.06377603539723668
CTCATC,0.49636073935021446
CTCATG,-0.16892199714757083
CTCACA,-0.5838573867622295
CTCACT,0.3665909553464994
CTCACC,0.68431926643638
CTCACG,0.09603333278268758
CTCAGA,-0.13255614658445738
CTCAGT,0.4222223772183839
CTCAGC,0.25871852531092426
CTCAGG,-0.07714437599776568
CTCTAA,0.014995594960356613
CTCTAT,0.23847791531431645
CTCTAC,0.20534315251789434
CTCTAG,-0.051256256664625494
CTCTTA,-0.23669832767202642
CTCTTT,0.3517703019541943
CTCTTC,0.5015876827810544
CTCTTG,0.2098285999967094
CTCTCA,-0.16741347370566875
CTCTCT,0.33112424382126243
CTCTCC,0.21212078202345958
CTCTCG,0.04633050504542142
CTCTGA,-0.18074799234652417
CTCTGT,-0.10034797383428211
CTCTGC,0.12823570504981222
CTCTGG,0.27733390861301177
CTCCAA,-0.25441888658137185
CTCCAT,-0.23998211567703948
CTCCAC,-0.061135999991731374
CTCCAG,-0.24581151008367585
CTCCTA,-0.6879868300006357
CTCCTT,-0.19278847253267234
CTCCTC,-0.056089466651043585
CTCCTG,-0.421512133705682
CTCCCA,-0.6058139496891979
CTCCCT,-0.6133411872915857
CTCCCC,-0.0671005348832149
CTCCCG,-0.4328105619986931
CTCCGA,-0.32797059136589246
CTCCGT,-0.587786664902119
CTCCGC,-0.48412755331274243
CTCCGG,-0.40305981530691504
CTCGAA,-0.2895670871475522
CTCGAT,0.5519767109461196
CTCGAC,0.03841701610379179
CTCGAG,-0.8029620465671519
CTCGTA,-0.2975021186327564
CTCGTT,-0.037740327982847086
CTCGTC,-0.2469602331722324
CTCGTG,-0.5072478024181066
CTCGCA,-0.6751704714669615
CTCGCT,0.1261096853934539
CTCGCC,0.44372190241887455
CTCGCG,-0.06259110085317567
CTCGGA,-0.41678293304082586
CTCGGT,0.5038325882750202
CTCGGC,0.33241796629317244
CTCGGG,-0.2782628505352894
CTGAAA,0.19476985032052263
CTGAAT,-0.07069986314383307
CTGAAC,0.06565742644860777
CTGAAG,-0.014646315517239189
CTGATA,0.09663886294282878
CTGATT,0.24814485351962698
CTGATC,0.31852111883377965
CTGATG,0.3333903098789274
CTGACA,-0.1840634140537332
CTGACT,0.17399808424532134
CTGACC,0.31715992558884015
CTGACG,0.05762911283663642
CTGAGA,-0.26886201312501096
CTGAGT,0.36062665050821
CTGAGC,0.3918223317043779
CTGAGG,-0.3349933110373799
CTGTAA,-0.0679442869798272
CTGTAT,-0.0338853703149904
CTGTAC,0.180293158532562
CTGTAG,-0.26845071052389335
CTGTTA,-0.5263901403071022
CTGTTT,0.3912908907052653
CTGTTC,-0.18169242811639344
CTGTTG,-0.07871334792889088
CTGTCA,0.15377516348788503
CTGTCT,-0.5038010088290261
CTGTCC,-0.6178604127214097
CTGTCG,-0.0601887970111053
CTGTGA,-0.32261520195978677
CTGTGT,-0.36385120540786836
CTGTGC,-0.45595693691583156
CTGTGG,-0.07672660203061195
CTGCAA,-0.13409017956344835
CTGCAT,-0.16564218774851172
CTGCAC,-0.08155171484472727
CTGCAG,-0.37579860775969476
CTGCTA,-0.46843006479830507
CTGCTT,-0.05958020581814789
CTGCTC,0.46686971210003547
CTGCTG,0.4767484543080954
CTGCCA,0.09774557540664203
CTGCCT,-0.23463285136196554
CTGCCC,-0.052896946122085356
CTGCCG,-0.06899287148695143
CTGCGA,-0.23272159520429017
CTGCGT,0.01821217675708989
CTGCGC,0.3865208908985554
CTGCGG,0.01886189345445959
CTGGAA,0.12339083527719276
CTGGAT,0.2958259251881141
CTGGAC,-0.5992324230972412
CTGGAG,-0.3141736878987573
CTGGTA,0.09943632771549697
CTGGTT,0.2998616552100611
CTGGTC,-0.20093340398855375
CTGGTG,0.2750636084925694
CTGGCA,0.0336300707455492
CTGGCT,0.3963832505570864
CTGGCC,-0.2066269476950734
CTGGCG,0.3563340542132565
CTGGGA,-0.33597261132978046
CTGGGT,0.18872130189179898
CTGGGC,-0.1536334161405665
CTGGGG,-0.25240810609151554
CCAAAA,0.07572871805145509
CCAAAT,-0.019079125516157036
CCAAAC,0.594371237707562
CCAAAG,0.32207635633748055
CCAATA,0.46129989501760466
CCAATT,-0.20931706113596643
CCAATC,0.5292006990709849
CCAATG,0.11530164480499809
CCAACA,0.18266718887205194
CCAACT,0.3652899740272276
CCAACC,0.4294342982211608
CCAACG,0.22649139508389401
CCAAGA,0.3167643376915133
CCAAGT,0.1761338436857891
CCAAGC,0.42379078609060405
CCAAGG,0.30654009108617775
CCATAA,-0.04739885959717369
CCATAT,-0.024796395476666743
CCATAC,0.3387737336094922
CCATAG,-0.11426809354893885
CCATTA,-0.04196419909903219
CCATTT,0.11929663608780972
CCATTC,-0.05610045258355714
CCATTG,0.17421496926096622
CCATCA,0.6768819367030494
CCATCT,0.04346852832932052
CCATCC,0.14083262605352462
CCATCG,0.3829581522407574
CCATGA,0.04569103883888067
CCATGT,-0.3322617040848694
CCATGC,-0.11239614701762632
CCATGG,-0.07170616829776959
CCACAA,0.1508228897345835
CCACAT,0.030742989352951753
CCACAC,0.16867768543032308
CCACAG,-0.0712406948554463
CCACTA,0.18855453373200232
CCACTT,0.5782521108961706
CCACTC,0.3641956612620814
CCACTG,0.3605965175919141
CCACCA,0.8407441968106986
CCACCT,0.13982920921151268
CCACCC,0.08787755287747892
CCACCG,0.6657193008783399
CCACGA,-0.16482591103837502
CCACGT,-0.3650184185275744
CCACGC,0.20700233513482447
CCACGG,0.13445347659949108
CCAGAA,0.11760748926779957
CCAGAT,0.2831691637820114
CCAGAC,-0.09024687784777817
CCAGAG,0.27910884174129275
CCAGTA,0.5990107098105493
CCAGTT,0.3066207514507499
CCAGTC,0.3805357250656391
CCAGTG,0.4411330845926342
CCAGCA,0.3302752613808118
CCAGCT,0.0704916900070025
CCAGCC,0.46586032585997705
CCAGCG,0.21181295799208338
CCAGGA,-2.243606842437111
CCAGGT,-1.6145530131008707
CCAGGC,-1.8806696271869123
CCAGGG,-1.7676619176489945
CCTAAA,-0.16407091603275714
CCTAAT,-0.3054424934561625
CCTAAC,0.10024541499105588
CCTAAG,0.05503915671308619
CCTATA,-0.294799540220645
CCTATT,-0.2732290159773082
CCTATC,0.22379821582204315
CCTATG,-0.3129047672172997
CCTACA,-0.4736029132753824
CCTACT,0.018416726786231068
CCTACC,-0.005295687574710344
CCTACG,-0.3758164141860344
CCTAGA,-0.24793180734590514
CCTAGT,-0.4592755570057365
CCTAGC,-0.2595322036677726
CCTAGG,-0.7641506081401087
CCTTAA,-0.16609621436482833
CCTTAT,0.1904150574906554
CCTTAC,0.08433240530257337
CCTTAG,0.4283222176532808
CCTTTA,0.09636157978925694
CCTTTT,-0.155003194797902
CCTTTC,-0.19016946909225602
CCTTTG,-0.05607966508377286
CCTTCA,-0.12505460656707587
CCTTCT,-0.017831697857966296
CCTTCC,-0.11470136911897526
CCTTCG,-0.21217451994363576
CCTTGA,0.21998399102384128
CCTTGT,0.03762721220873177
CCTTGC,0.017023882889228483
CCTTGG,0.2602673391884087
CCTCAA,0.30629391964638014
CCTCAT,-0.10893171752567346
CCTCAC,-0.16993454752852033
CCTCAG,-0.19207773173931936
CCTCTA,0.0
CCTCTT,0.16131916930587087
CCTCTC,-0.10864371067378999
CCTCTG,-0.29383195427190906
CCTCCA,-0.5911921656392483
CCTCCT,-0.6209604385841174
CCTCCC,-0.6411423955696307
CCTCCG,-0.6443276041932731
CCTCGA,-0.3418689037933674
CCTCGT,-0.48565158689833127
CCTCGC,-0.2774605183802428
CCTCGG,-0.36964601030321126
CCTGAA,0.05585207792589321
CCTGAT,0.1471153010593352
CCTGAC,-0.179304963254529
CCTGAG,0.08119015473001322
CCTGTA,-0.06925599476172312
CCTGTT,0.02311273542597574
CCTGTC,-0.5397932846653197
CCTGTG,-0.3764775712349121
CCTGCA,-0.23822095153388642
CCTGCT,-0.0063769304871924525
CCTGCC,-0.22294452653496777
CCTGCG,-0.0679295043801293
CCTGGA,-1.8517513798560303
CCTGGT,-1.910308494964021
CCTGGC,-2.2951501145065274
CCTGGG,-1.6135471051842336
CCCAAA,0.1028327084473004
CCCAAT,0.12514559924824858
CCCAAC,0.0511019251400044
CCCAAG,0.13228157272429486
CCCATA,-0.1217910570539223
CCCATT,0.09093285331130543
CCCATC,0.17977161916068202
CCCATG,-0.23939838792939122
CCCACA,-0.1401432579183873
CCCACT,0.32600093675391756
CCCACC,0.20098521032557098
CCCACG,-0.19533918399405376
CCCAGA,0.008051191963358406
CCCAGT,0.14707561773227978
CCCAGC,-0.0992379146259722
CCCAGG,-1.5584290726068522
CCCTAA,-0.1974098564451566
CCCTAT,-0.0882380145429625
CCCTAC,-0.23342756772745094
CCCTAG,-0.6854908266979521
CCCTTA,0.5130804161530799
CCCTTT,-0.03311560878449755
CCCTTC,-0.09340450986124435
CCCTTG,-0.10148065831044704
CCCTCA,-0.45246347821283406
CCCTCT,0.033481118623450885
CCCTCC,-0.7405148693828344
CCCTCG,-0.7947506473400594
CCCTGA,-0.04000533461369913
CCCTGT,-0.08867665630869101
CCCTGC,-0.11184598965123996
CCCTGG,-2.1400661634962708
CCCCAA,0.156465184184212
CCCCAT,0.02643325706815543
CCCCAC,0.14908022301415275
CCCCAG,-0.346705412901242
CCCCTA,-0.4647079416710252
CCCCTT,0.7204393228479529
CCCCTC,-0.4288922410033043
CCCCTG,-0.5519485630968232
CCCCCA,-0.14919335763983063
CCCCCT,-0.1973594341584951
CCCCCC,-0.48092351935975775
CCCCCG,-0.48270669350198914
CCCCGA,-0.525266307920785
CCCCGT,-0.4013751228566393
CCCCGC,-0.4266325240739765
CCCCGG,-0.49970519685264475
CCCGAA,-0.3587779941355112
CCCGAT,0.1375472021537277
CCCGAC,-0.23301467110947283
CCCGAG,-0.42244550396973846
CCCGTA,-0.2078820537734897
CCCGTT,-0.1368591827171973
CCCGTC,-0.31719902580963827
CCCGTG,-0.4986832369402653
CCCGCA,-0.40987712951935973
CCCGCT,0.21072103131565253
CCCGCC,0.1203905990634644
CCCGCG,-0.57913609192611
CCCGGA,-0.7488971956644371
CCCGGT,-0.3869949260457632
CCCGGC,-0.6758414334623529
CCCGGG,-1.2368475131894685
CCGAAA,-0.019364367181791232
CCGAAT,-0.22380448987098647
CCGAAC,-0.30973817480749716
CCGAAG,-0.009577420699475453
CCGATA,0.5411663408186629
CCGATT,0.2727848629472108
CCGATC,0.40928190663486536
CCGATG,0.3590196108979865
CCGACA,0.0964755171807834
CCGACT,0.08936931253153407
CCGACC,0.12637245087021015
CCGACG,-0.4276363780092199
CCGAGA,-0.018816271799476106
CCGAGT,0.300878950765771
CCGAGC,0.26115188494254443
CCGAGG,-0.8010045764163589
CCGTAA,0.15393518580638352
CCGTAT,0.27668431824223966
CCGTAC,0.22002342397796606
CCGTAG,-0.10459098887879778
CCGTTA,0.18249178404774893
CCGTTT,0.30327664629742956
CCGTTC,-0.4780494062926235
CCGTTG,-0.05298797068636814
CCGTCA,0.1295831532336726
CCGTCT,-0.43687543009161145
CCGTCC,-0.6179776371812647
CCGTCG,-0.1169596515011782
CCGTGA,0.0632490303076994
CCGTGT,-0.2778120955130078
CCGTGC,-0.5800700359409745
CCGTGG,0.25921134540787555
CCGCAA,-0.09826775220249782
CCGCAT,-0.06859831634275233
CCGCAC,-0.05572167685919412
CCGCAG,0.05267023092179643
CCGCTA,0.2015043762107287
CCGCTT,0.5614914812127763
CCGCTC,0.09892134337680528
CCGCTG,0.1154209626836677
CCGCCA,0.6268545807407405
CCGCCT,0.14461622504901553
CCGCCC,-0.20736758872004224
CCGCCG,0.29443664655846175
CCGCGA,0.2079770152167802
CCGCGT,-0.27464407811365105
CCGCGC,-0.06624526318131452
CCGCGG,0.20378665614040864
CCGGAA,-0.5306282510621704
CCGGAT,-0.005982071677547429
CCGGAC,-0.900407685701152
CCGGAG,-0.35479818392587215
CCGGTA,0.17217710772218212
CCGGTT,-0.021043982305737143
CCGGTC,-0.6418538861723948
CCGGTG,-0.020913794641177104
CCGGCA,-0.4930412973127529
CCGGCT,-0.30177583552764053
CCGGCC,-0.9605594113247411
CCGGCG,-0.41593640797545983
CCGGGA,-0.37574429897474176
CCGGGT,-0.6118015411059929
CCGGGC,-0.8238729168711667
CCGGGG,-0.9096017437233583
CGAAAA,-0.0686803226486515
CGAAAT,-0.15540821596220758
CGAAAC,-0.15452654902920274
CGAAAG,-0.0771229975702017
CGAATA,0.011650617219975274
CGAATT,-0.46737780716806804
CGAATC,-0.32226616425319055
CGAATG,-0.23452547609377727
CGAACA,-0.35638918882891524
CGAACT,-0.3905394578914886
CGAACC,-0.40072269784032954
CGAACG,-0.5649471729322961
CGAAGA,-0.14064886039338662
CGAAGT,-0.08364494874767645
CGAAGC,-0.3979052233002241
CGAAGG,-0.19112111074580337
CGATAA,0.5974469090791309
CGATAT,0.568454736602627
CGATAC,0.531953170191866
CGATAG,0.42348361361084275
CGATTA,-0.03239635439375562
CGATTT,0.3021484804100983
CGATTC,0.0723562747493801
CGATTG,0.32425929623406047
CGATCA,0.5961794502352226
CGATCT,0.0709868900938157
CGATCC,0.12908079286820479
CGATCG,0.11856747609067475
CGATGA,0.5391561303922167
CGATGT,0.17567701407528613
CGATGC,0.059665923099100966
CGATGG,0.4735743531348646
CGACAA,-0.06348026907863878
CGACAT,0.06887578232341977
CGACAC,-0.21125497964895737
CGACAG,-0.019356895173801195
CGACTA,0.0068728792877620504
CGACTT,0.25131442828090617
CGACTC,-0.02840625415973309
CGACTG,-0.38767336086260856
CGACCA,0.4926267593485841
CGACCT,0.010520260674179422
CGACCC,-0.2849925084015965
CGACCG,0.15939791689201765
CGACGA,-0.25339112350252285
CGACGT,-0.35933327793945885
CGACGC,-0.4253055147352766
CGACGG,-0.31199051292832264
CGAGAA,-0.25131442828090605
CGAGAT,0.1469977959635464
CGAGAC,-0.4088208159551367
CGAGAG,-0.09476566576963491
CGAGTA,0.3560540187402667
CGAGTT,0.19022966670829192
CGAGTC,-0.1759317586951836
CGAGTG,0.1358506824156137
CGAGCA,0.12066693694050175
CGAGCT,0.0917657441069032
CGAGCC,-0.06797161653127283
CGAGCG,0.03794493156412347
CGAGGA,-0.36276745793788967
CGAGGT,-0.18395421021783995
CGAGGC,-0.5061086338878519
CGAGGG,-0.6865780318244759
CGTAAA,0.2829891275170775
CGTAAT,0.028540309674384895
CGTAAC,0.08079696030451852
CGTAAG,-0.053339072695801154
CGTATA,-0.7077459799810979
CGTATT,0.4031579889467841
CGTATC,0.20728817952441567
CGTATG,-0.29110757127480835
CGTACA,-0.17185025692665928
CGTACT,0.38330676711952566
CGTACC,0.34967374847974886
CGTACG,-0.28001385781160204
CGTAGA,-0.11099677597202438
CGTAGT,0.047881486233213796
CGTAGC,-0.06331570676561828
CGTAGG,-0.41459001588516486
CGTTAA,0.004946423935325617
CGTTAT,0.5067489772722272
CGTTAC,0.3231288214475285
CGTTAG,0.28718094490433554
CGTTTA,0.12048063642903174
CGTTTT,0.12625793265495244
CGTTTC,0.22314355131420976
CGTTTG,0.18521462657638235
CGTTCA,-0.12107239719733821
CGTTCT,-0.3596335259784776
CGTTCC,-0.5991719871272443
CGTTCG,-0.5144553918165694
CGTTGA,0.07846084602018995
CGTTGT,-0.143192477471948
CGTTGC,0.016318681117814537
CGTTGG,0.23901690047049992
CGTCAA,-0.12862808669600198
CGTCAT,-0.08776297416894184
CGTCAC,0.17744457971445068
CGTCAG,0.03248932152993994
CGTCTA,-0.4512647923594882
CGTCTT,-0.5950700182932271
CGTCTC,-0.3412582069371541
CGTCTG,-0.6066908195412718
CGTCCA,-0.45842368181477616
CGTCCT,-0.7262993878768458
CGTCCC,-0.6963067408503137
CGTCCG,-0.5788368815523447
CGTCGA,-0.22428575589298674
CGTCGT,-0.3302625199868993
CGTCGC,-0.41639006137232665
CGTCGG,-0.33756215498523856
CGTGAA,-0.1096823731539829
CGTGAT,0.42075380062325474
CGTGAC,-0.06425046121911664
CGTGAG,-0.07378617005923124
CGTGTA,-0.6169858195943814
CGTGTT,-0.18261807273385883
CGTGTC,-0.7167969314435382
CGTGTG,-0.6000181645911633
CGTGCA,-0.8649386295239895
CGTGCT,-0.3528909696954394
CGTGCC,-0.454945165371534
CGTGCG,-0.6061358035703156
CGTGGA,-0.22870942839165487
CGTGGT,0.33609256187135034
CGTGGC,0.3001710840225559
CGTGGG,-0.34432311109695163
CGCAAA,-0.1924618166617247
CGCAAT,-0.1477948557055957
CGCAAC,-0.26894942467054267
CGCAAG,-0.18050831966977376
CGCATA,-0.39025568944463557
CGCATT,-0.3031563855019562
CGCATC,0.28626463777080746
CGCATG,-0.6273380112209184
CGCACA,-0.37838952150288296
CGCACT,-0.006013627871241878
CGCACC,0.15395576705010874
CGCACG,-0.6071510320839103
CGCAGA,-0.09264153478097453
CGCAGT,0.1339165264632905
CGCAGC,0.183635160506394
CGCAGG,-0.20894486470128149
CGCTAA,0.1120968159708991
CGCTAT,0.15784839608119947
CGCTAC,0.18638265533914006
CGCTAG,-0.5384755317185597
CGCTTA,0.08494067664908363
CGCTTT,0.36609971427147486
CGCTTC,0.4151775490437695
CGCTTG,0.21683438212094508
CGCTCA,0.2731190582477588
CGCTCT,0.3063742054639334
CGCTCC,-0.23486407058193712
CGCTCG,0.1005889888952103
CGCTGA,0.31785495208915027
CGCTGT,0.1944453872274664
CGCTGC,0.33462830013361594
CGCTGG,0.3020832929737172
CGCCAA,0.5246435391868193
CGCCAT,0.4974392744399232
CGCCAC,0.5292006990709851
CGCCAG,0.4210841909503398
CGCCTA,-0.046280752564006225
CGCCTT,0.13382003456620042
CGCCTC,0.35624474388907756
CGCCTG,-0.2795740700176062
CGCCCA,0.08610269905341161
CGCCCT,-0.16924358009509627
CGCCCC,-0.0897079242556551
CGCCCG,-0.08832630157093893
CGCCGA,0.30952556205485693
CGCCGT,0.21703479682588858
CGCCGC,0.4498195991454358
CGCCGG,-0.5379542911542432
CGCGAA,-0.251602053219971
CGCGAT,0.35816414749020015
CGCGAC,-0.05229688897864208
CGCGAG,-0.0029806281381377893
CGCGTA,0.11547089589800387
CGCGTT,0.1006435257796875
CGCGTC,-0.6257216130287652
CGCGTG,-0.10843012391047535
CGCGCA,-0.28141245943818544
CGCGCT,0.14781972342961783
CGCGCC,0.023301452422675235
CGCGCG,-0.3095465561485192
CGCGGA,-0.3657686061096437
CGCGGT,0.48276767097083323
CGCGGC,0.20925024417954097
CGCGGG,-0.5406101851235182
CGGAAA,-0.1894234713748035
CGGAAT,-0.4624090740045292
CGGAAC,-0.5998661905567201
CGGAAG,-0.28130821132758815
CGGATA,0.31840121148931116
CGGATT,0.07553790566715242
CGGATC,0.2665146564859688
CGGATG,-0.08055116071614167
CGGACA,-0.5346923794829659
CGGACT,-0.49603792361161136
CGGACC,-1.6952992030404928
CGGACG,-0.528341228910375
CGGAGA,-0.24918450202308118
CGGAGT,-0.5494805660413796
CGGAGC,-0.31802073695719074
CGGAGG,-0.8322788046034882
CGGTAA,0.5901189279690316
CGGTAT,0.7025479548446512
CGGTAC,0.41324529542712657
CGGTAG,0.5178927909890831
CGGTTA,0.3207125981282628
CGGTTT,0.5224158595177888
CGGTTC,-0.23161817830518203
CGGTTG,0.26122734486801014
CGGTCA,0.31864429805574784
CGGTCT,-0.43934782721480015
CGGTCC,-1.347122427264685
CGGTCG,0.05955097962653215
CGGTGA,0.72330448822997
CGGTGT,0.2140608367398906
CGGTGC,-0.0431418821440233
CGGTGG,0.7166306479179274
CGGCAA,0.08466932066960367
CGGCAT,0.07087433958665709
CGGCAC,-0.0942525382461894
CGGCAG,0.05485352532451308
CGGCTA,0.06187540371808745
CGGCTT,0.33713034786576207
CGGCTC,0.16465249122028502
CGGCTG,-0.02693883383719103
CGGCCA,0.26421293791093386
CGGCCT,-0.35925226495303286
CGGCCC,-1.1195554625133528
CGGCCG,-0.6071534673929692
CGGCGA,0.3773494934995269
CGGCGT,0.19923803046065539
CGGCGC,0.10285973286030327
CGGCGG,0.2306013617083398
CGGGAA,-0.5806060638272584
CGGGAT,-0.11445694841453641
CGGGAC,-0.6978029920961393
CGGGAG,-0.5074515168112331
CGGGTA,0.4438149134830305
CGGGTT,0.018820059326769886
CGGGTC,-0.6120380129472399
CGGGTG,-0.2025651630706013
CGGGCA,-0.29571788050607
CGGGCT,-0.24713099498741134
CGGGCC,-1.4223390048034565
CGGGCG,0.326613869656956
CGGGGA,-0.3027945738975471
CGGGGT,-0.6188492568433007
CGGGGC,-0.7321610898659381
CGGGGG,-0.6244093785808171
GAAAAA,0.21450418872350197
GAAAAT,0.1212210196814581
GAAAAC,0.06567276739058368
GAAAAG,-0.14974538635934184
GAAATA,0.02422263757584621
GAAATT,-0.13778370236305298
GAAATC,0.1980172142284724
GAAATG,-0.2583277380833111
GAAACA,-0.1903190056661663
GAAACT,-0.07908668465617028
GAAACC,0.23695016009943853
GAAACG,-0.06250242603341395
GAAAGA,0.004008021397538868
GAAAGT,0.16639275835987719
GAAAGC,0.045915202474451966
GAAAGG,-0.12072573472188255
GAATAA,0.04053268452257695
GAATAT,0.1365755350057507
GAATAC,0.30363926012799575
GAATAG,-0.2971201519490879
GAATTA,-0.4418948621514235
GAATTT,-0.2591957468495676
GAATTC,-0.6292545594477651
GAATTG,-0.4893584539925835
GAATCA,-0.2633405886846588
GAATCT,-0.44801110587651993
GAATCC,-0.44305536685424113
GAATCG,0.001220256405229369
GAATGA,-0.22858901528645179
GAATGT,-0.3476455372193381
GAATGC,-0.5844319503597767
GAATGG,-0.04364435521602799
GAACAA,-0.1727337556388012
GAACAT,-0.3315149144337853
GAACAC,-0.35536340463529054
GAACAG,-0.04793024494884414
GAACTA,-0.5483278281615713
GAACTT,-0.455985376515379
GAACTC,-0.040326296461030975
GAACTG,0.03102289601199397
GAACCA,-0.04673255027475188
GAACCT,-0.2619344342438091
GAACCC,-0.4152931970444269
GAACCG,-0.2797938996027747
GAACGA,-0.42519260674648224
GAACGT,-0.21950056003570867
GAACGC,-0.4303055294343012
GAACGG,-0.6132685014277428
GAAGAA,0.15529288440603525
GAAGAT,0.14764222547551265
GAAGAC,-0.6178238953135572
GAAGAG,0.4986635950554729
GAAGTA,0.09810885226250603
GAAGTT,-0.3559660313022142
GAAGTC,-0.14842000511827333
GAAGTG,0.40415018352685544
GAAGCA,-0.4171353935929248
GAAGCT,-0.14330490445150282
GAAGCC,0.024160496124936242
GAAGCG,0.23179195226825078
GAAGGA,-0.4372138064227446
GAAGGT,0.23576466962742454
GAAGGC,0.05676394359044116
GAAGGG,0.0999189983970855
GATAAA,0.5584471162595611
GATAAT,0.1558487274809333
GATAAC,0.558918061859735
GATAAG,0.4132198173955581
GATATA,-0.05032508388751577
GATATT,0.5460357606347774
GATATC,0.3968643273355652
GATATG,0.027579918612060543
GATACA,-0.14259346857089705
GATACT,0.1675567235277319
GATACC,0.6163193750512208
GATACG,0.08492711242685107
GATAGA,0.4015358299682748
GATAGT,0.1838538306045736
GATAGC,0.31620286485915017
GATAGG,0.20370029460998182
GATTAA,0.06239029259928158
GATTAT,0.013634191275803577
GATTAC,0.1965126853134874
GATTAG,-0.43142896586075546
GATTTA,0.1725912721513784
GATTTT,0.28333477445969163
GATTTC,0.1522624293305858
GATTTG,0.03019097227914573
GATTCA,0.006377259778529708
GATTCT,-0.2869371141882011
GATTCC,-0.4486983943099821
GATTCG,-0.17267167646395656
GATTGA,0.6146188598492267
GATTGT,-0.180752929021328
GATTGC,0.03774032798284711
GATTGG,0.565679889121089
GATCAA,0.43942174557998726
GATCAT,0.3048972404816976
GATCAC,0.589253257064229
GATCAG,0.3862553369135348
GATCTA,-0.236196673558789
GATCTT,0.21003720380890936
GATCTC,0.25698308556297417
GATCTG,0.28881265482206714
GATCCA,0.112117298120706
GATCCT,-0.03134438773635127
GATCCC,0.09156719352549043
GATCCG,0.2614123367421091
GATCGA,0.1275016415350399
GATCGT,0.00210305019677889
GATCGC,0.4885954291956608
GATCGG,0.35716097067977015
GATGAA,0.5056917657721388
GATGAT,0.5445466537334465
GATGAC,0.24908885951518353
GATGAG,0.4430220897514993
GATGTA,0.13634565339376806
GATGTT,0.12934619164243102
GATGTC,0.024855080661240137
GATGTG,0.14572207712054758
GATGCA,-0.2307286525809969
GATGCT,0.09867331673747269
GATGCC,0.1948236254109648
GATGCG,0.10377823684669676
GATGGA,0.27556530171769156
GATGGT,0.623864496000396
GATGGC,0.4587808523710482
GATGGG,0.18085204881459463
GACAAA,-0.1864578422166206
GACAAT,-0.2675483092550789
GACAAC,-0.32386774339760915
GACAAG,-0.4901862828862455
GACATA,-0.5376066464436327
GACATT,-0.23079100255140095
GACATC,0.03769806344912424
GACATG,-0.6136830092056985
GACACA,-0.6732220967866853
GACACT,-0.19785407555357631
GACACC,0.011646505386323504
GACACG,-0.8067548448058481
GACAGA,-0.3300742621415534
GACAGT,-0.1157607902756157
GACAGC,-0.24693077678976855
GACAGG,-0.22853439994908623
GACTAA,-0.14530770904647355
GACTAT,-0.08599044785552253
GACTAC,-0.1714603173623499
GACTAG,-0.8321324238669318
GACTTA,-0.03278982282299084
GACTTT,0.004031102492968522
GACTTC,-0.25837064893602124
GACTTG,-0.07616136096556403
GACTCA,0.07350246199292652
GACTCT,-0.14937740107460057
GACTCC,-0.6031715837415983
GACTCG,0.03876248482258734
GACTGA,-0.0745686954975085
GACTGT,0.1008539735559355
GACTGC,-0.5615420646890047
GACTGG,0.10378942342578518
GACCAA,0.31977038700328136
GACCAT,0.05516177116547086
GACCAC,0.2226250135789716
GACCAG,-0.2205761558089639
GACCTA,-0.4200108191105431
GACCTT,0.0061055575624850335
GACCTC,-0.2748957567794047
GACCTG,-0.55074539322177
GACCCA,-0.34871229151571487
GACCCT,-0.4948219568403584
GACCCC,-0.8279073261549608
GACCCG,-0.5027496222162068
GACCGA,0.06533162835676436
GACCGT,-0.11044075705305693
GACCGC,0.035984575788484977
GACCGG,-0.6284398688067315
GACGAA,-0.3231288214475286
GACGAT,0.19347845467250852
GACGAC,-0.27048967191140816
GACGAG,-0.2961686863290996
GACGTA,-0.3343896256636864
GACGTT,-0.20831720103307078
GACGTC,-0.6973934714413965
GACGTG,-0.48394583844750444
GACGCA,-0.4283494019417522
GACGCT,-0.11008385637472624
GACGCC,-0.5137999195639171
GACGCG,-0.6057646771975271
GACGGA,-0.13296304932988343
GACGGT,-0.006526276501275641
GACGGC,-0.22059695889733172
GACGGG,-0.5583162425933372
GAGAAA,0.19190784013490225
GAGAAT,-0.31090177578060196
GAGAAC,-0.4662465803680232
GAGAAG,-0.16698011743061653
GAGATA,0.37352111636458735
GAGATT,0.056831669840962475
GAGATC,0.3912345962954636
GAGATG,-0.017291497110060994
GAGACA,-0.6456361978888935
GAGACT,-0.23346051828514208
GAGACC,-0.9382696385929302
GAGACG,-0.3575010489010378
GAGAGA,0.20810567394966933
GAGAGT,0.20497624735876072
GAGAGC,0.021053409197832263
GAGAGG,-0.24565743196576534
GAGTAA,0.42744401482693967
GAGTAT,0.3361403414970246
GAGTAC,0.3200174530947174
GAGTAG,0.007272759329079878
GAGTTA,0.19367993730747152
GAGTTT,0.5787030461690765
GAGTTC,-0.04339608456376189
GAGTTG,0.13560856841332392
GAGTCA,0.137439917116439
GAGTCT,-0.28457506090543727
GAGTCC,-0.43985059107504804
GAGTCG,0.0035061393292876095
GAGTGA,0.4554434779144058
GAGTGT,-0.06893027171855004
GAGTGC,-0.21707475318695688
GAGTGG,0.3643574401107486
GAGCAA,0.3075731712759848
GAGCAT,-0.01559590632373991
GAGCAC,-0.17630348446839159
GAGCAG,0.3859967612764044
GAGCTA,-0.0692067523561231
GAGCTT,0.2094785618202482
GAGCTC,-0.14100340746322365
GAGCTG,0.4624175964409372
GAGCCA,0.15517160896136548
GAGCCT,-0.055569851154810765
GAGCCC,-0.42223905837863795
GAGCCG,0.4018200739308308
GAGCGA,0.12503328125653107
GAGCGT,0.1584769646068919
GAGCGC,0.12269197200946624
GAGCGG,-0.06051668290975112
GAGGAA,-0.20486811547623524
GAGGAT,-0.08424439452723635
GAGGAC,-1.0680856980089544
GAGGAG,-0.43698910797732543
GAGGTA,0.15487558018520683
GAGGTT,-0.14528799256941297
GAGGTC,-0.5197651388047995
GAGGTG,-0.10870655975497373
GAGGCA,-0.4603158968892873
GAGGCT,-0.27842886697129776
GAGGCC,-0.4288455567522281
GAGGCG,-0.1996033356838105
GAGGGA,0.41613406445773204
GAGGGT,-0.31237468504215243
GAGGGC,-0.754390805800664
GAGGGG,-0.6056634370050844
GTAAAA,0.23795863709935047
GTAAAT,0.16536686666962722
GTAAAC,0.28749215696360203
GTAAAG,0.49715798503732694
GTAATA,0.32407788206647464
GTAATT,-0.2942083489530566
GTAATC,0.3155426370044033
GTAATG,0.16670449542695417
GTAACA,-0.2959808752664761
GTAACT,0.1802185065971758
GTAACC,0.4429402192747108
GTAACG,0.05003495774233719
GTAAGA,-0.38853945722482164
GTAAGT,0.31689245055158205
GTAAGC,0.15972172487671368
GTAAGG,-0.025656733593363696
GTATAA,-0.2608246182818982
GTATAT,-0.49416587852481547
GTATAC,-0.28161977777623504
GTATAG,-0.08649955012216999
GTATTA,0.047006042375930576
GTATTT,0.19506427193439738
GTATTC,0.3411171539078065
GTATTG,0.5467982842248084
GTATCA,0.1566117393244888
GTATCT,0.19856653897828755
GTATCC,0.1567552247810248
GTATCG,0.5753641449035618
GTATGA,-0.036756871052750745
GTATGT,-0.3691660486909258
GTATGC,-0.22966072983478208
GTATGG,0.3206448458113496
GTACAA,-0.08665211706121025
GTACAT,-0.23160762972633914
GTACAC,-0.03883344147736381
GTACAG,0.11672427430814139
GTACTA,-0.21567386205419994
GTACTT,0.1635514541119641
GTACTC,0.31322133004611735
GTACTG,0.5844139804234798
GTACCA,0.1118140434825997
GTACCT,0.0917657441069032
GTACCC,0.14598962754656428
GTACCG,0.5877004617211683
GTACGA,-0.022130917055770735
GTACGT,-0.05437677087807177
GTACGC,0.1967102942460543
GTACGG,0.25331992226083766
GTAGAA,0.06082171330975938
GTAGAT,0.03596514869351509
GTAGAC,-0.2917553978394166
GTAGAG,0.31838542744035503
GTAGTA,0.19640629667569362
GTAGTT,-0.06472019068117196
GTAGTC,0.06801487629897465
GTAGTG,0.25518290505882646
GTAGCA,-0.4334645026085227
GTAGCT,-0.11531084651099437
GTAGCC,0.22559754027577633
GTAGCG,0.33305396107401347
GTAGGA,-0.4881310138382922
GTAGGT,0.16603112823012728
GTAGGC,-0.0413413401564414
GTAGGG,-0.1626253068182305
GTTAAA,0.005420067469339113
GTTAAT,-0.11656463769877425
GTTAAC,0.0349314178841112
GTTAAG,-0.08935556600583602
GTTATA,-0.01830961219533618
GTTATT,0.266928656082457
GTTATC,0.5073684033821328
GTTATG,0.34392309329131465
GTTACA,-0.17204884693823438
GTTACT,0.17883419493353894
GTTACC,0.2521310881874621
GTTACG,0.3497304715859213
GTTAGA,-0.10075978457188954
GTTAGT,-0.05129329438755058
GTTAGC,0.13469036513207702
GTTAGG,-0.1260993849473079
GTTTAA,0.0160704700326091
GTTTAT,0.2460775679432233
GTTTAC,0.3532153979166903
GTTTAG,0.4189462349162882
GTTTTA,0.2807151370808724
GTTTTT,0.08434952543218859
GTTTTC,0.04902548597308287
GTTTTG,0.18395554408560955
GTTTCA,0.18040849424855007
GTTTCT,0.08365682567396567
GTTTCC,0.11410736677912277
GTTTCG,-0.16642297072615625
GTTTGA,0.4660601295507867
GTTTGT,0.04815119309720281
GTTTGC,0.0455982687003929
GTTTGG,0.5363095309118616
GTTCAA,0.060350754938921704
GTTCAT,-0.048658246749545435
GTTCAC,0.04691691978775166
GTTCAG,-0.08580819260339576
GTTCTA,-0.3437715391028245
GTTCTT,-0.35390187175649657
GTTCTC,-0.32357891481908846
GTTCTG,-0.22898420204375167
GTTCCA,-0.25381720388903256
GTTCCT,-0.61332709441483
GTTCCC,-0.5286490322072624
GTTCCG,-0.5890114047980148
GTTCGA,-0.3995137514911909
GTTCGT,-0.5195375643680121
GTTCGC,-0.46237324038004385
GTTCGG,-0.31113373348683065
GTTGAA,0.017908318735997467
GTTGAT,0.3394462431488276
GTTGAC,-0.04743835592031786
GTTGAG,0.31480836454594235
GTTGTA,0.001962709167848689
GTTGTT,0.10229705593158675
GTTGTC,-0.25338696788287846
GTTGTG,0.02809891122235965
GTTGCA,-0.25902183897911163
GTTGCT,-0.009760820263696785
GTTGCC,0.1824985636091791
GTTGCG,-0.23974909892898508
GTTGGA,0.04710446918747347
GTTGGT,0.3924467673489072
GTTGGC,0.38977610581667343
GTTGGG,0.18180721963461535
GTCAAA,-0.18856767329090757
GTCAAT,-0.1151128071005046
GTCAAC,0.2645112059017902
GTCAAG,-0.4620809131089867
GTCATA,-0.13111731356635428
GTCATT,-0.011634187281340653
GTCATC,0.2815705179057785
GTCATG,-0.30040084485955576
GTCACA,-0.2763457368948372
GTCACT,0.37698240351725065
GTCACC,0.49106213464715104
GTCACG,-0.10184472712532161
GTCAGA,-0.32604294032422715
GTCAGT,0.24625336546703647
GTCAGC,0.43095051853984234
GTCAGG,-0.11411330676742099
GTCTAA,-0.48749095971375506
GTCTAT,-0.17831811993414542
GTCTAC,-0.33002291294130576
GTCTAG,-0.9868208826799929
GTCTTA,-0.680937016653014
GTCTTT,-0.38526240079064494
GTCTTC,-0.8260204619399186
GTCTTG,-0.3313571359544425
GTCTCA,-0.7731898882334817
GTCTCT,-0.02127739844728485
GTCTCC,-0.7714131628623309
GTCTCG,-0.6480598299265483
GTCTGA,-0.4700036292457356
GTCTGT,-0.47490232530338233
GTCTGC,-0.6259384308664953
GTCTGG,-0.27228638697380736
GTCCAA,-0.6386394828903884
GTCCAT,-0.45214940378613944
GTCCAC,-0.4617969696216237
GTCCAG,-0.6135099953708144
GTCCTA,-0.7441670000566464
GTCCTT,-0.8371214290792762
GTCCTC,-1.1385449990034806
GTCCTG,-0.7035688760223594
GTCCCA,-0.015564516541111573
GTCCCT,-0.46353948262584616
GTCCCC,-0.657520002916794
GTCCCG,-1.2772232660655287
GTCCGA,-0.7303765223283013
GTCCGT,-0.7396671961948381
GTCCGC,-0.8628020469231689
GTCCGG,-0.7312989465243216
GTCGAA,-0.1944084440775371
GTCGAT,0.42787654078523973
GTCGAC,-0.3288676372359937
GTCGAG,0.02427178278430991
GTCGTA,-0.03513699129628636
GTCGTT,-0.2489119619872099
GTCGTC,-0.24214005200486485
GTCGTG,-0.24119945327544778
GTCGCA,-0.41179424315981195
GTCGCT,0.1668507942621293
GTCGCC,0.036221263434318356
GTCGCG,-0.0945677892728263
GTCGGA,-0.26875406256626216
GTCGGT,0.4198538455602639
GTCGGC,-0.006335818449085783
GTCGGG,-0.595333870537502
GTGAAA,0.2034863679859978
GTGAAT,-0.07318654900176227
GTGAAC,-0.032239192337188305
GTGAAG,0.2777398505504902
GTGATA,0.2686551973970867
GTGATT,0.5402044734988636
GTGATC,0.5581652276037128
GTGATG,0.6437467020596983
GTGACA,-0.035163912457666896
GTGACT,0.138770216399136
GTGACC,0.1689657656123989
GTGACG,0.03271829462296748
GTGAGA,-0.17947197212603552
GTGAGT,0.4514203115280985
GTGAGC,0.2470673532975907
GTGAGG,-0.21040452553678
GTGTAA,-0.11931442952381155
GTGTAT,0.03943406924540703
GTGTAC,0.031252543504104315
GTGTAG,-0.1168937514714993
GTGTTA,0.07575180814032412
GTGTTT,0.21894139982496627
GTGTTC,-0.3055646991581362
GTGTTG,0.15430152076577486
GTGTCA,-0.2972254304986807
GTGTCT,-0.5873592231345508
GTGTCC,-0.9539920727422386
GTGTCG,-0.19521959289148919
GTGTGA,-0.1943512602071851
GTGTGT,-0.34745381575169826
GTGTGC,-0.5537786792952
GTGTGG,0.15979572221284344
GTGCAA,-0.5517451745030931
GTGCAT,-0.6779055645913282
GTGCAC,-0.8722377167724534
GTGCAG,-0.233126995298393
GTGCTA,-0.5379039500935465
GTGCTT,-0.18669793139375357
GTGCTC,-0.2660848843522957
GTGCTG,0.17482758299654663
GTGCCA,-0.12317020815179461
GTGCCT,-0.29266961396281993
GTGCCC,-0.7054739930406039
GTGCCG,-0.07952399062205096
GTGCGA,-0.3376669798935557
GTGCGT,-0.25242937989601716
GTGCGC,-0.19746789755762748
GTGCGG,-0.12770737932123402
GTGGAA,0.18906694493348625
GTGGAT,0.3741913153610635
GTGGAC,-0.6326135740189703
GTGGAG,-0.2756747888113185
GTGGTA,0.5881640946103172
GTGGTT,0.628157497673237
GTGGTC,0.26772745792223623
GTGGTG,0.8525337660714041
GTGGCA,0.1429223837490602
GTGGCT,0.31368475900736414
GTGGCC,-0.054200456897679584
GTGGCG,0.6575254974373836
GTGGGA,-0.18973448918308006
GTGGGT,0.33288892078292925
GTGGGC,-0.07090408742793845
GTGGGG,-0.13263229574757535
GCAAAA,-0.10972900866303373
GCAAAT,-0.3835364699566126
GCAAAC,0.004431573640841456
GCAAAG,-0.10960721086058278
GCAATA,-0.0012012013456341253
GCAATT,-0.5422973115589262
GCAATC,0.0765915441911418
GCAATG,-0.43126667003238883
GCAACA,-0.2059295705795218
GCAACT,-0.17495547857861993
GCAACC,-0.07716735432027264
GCAACG,-0.2856294941673936
GCAAGA,-0.02079837282970768
GCAAGT,-0.10204734084296332
GCAAGC,-0.036484733334406556
GCAAGG,-0.04813040297904233
GCATAA,-0.11742261035062553
GCATAT,-0.508764677945968
GCATAC,-0.34115102867280356
GCATAG,-0.31477478219813193
GCATTA,-0.05990407416907149
GCATTT,-0.37210644461085474
GCATTC,-0.44737293265465466
GCATTG,-0.4075070470882906
GCATCA,0.30941882227133727
GCATCT,-0.2626258733636856
GCATCC,-0.15551493651907242
GCATCG,0.05402606985363248
GCATGA,-0.3741183582921673
GCATGT,-0.8621224954010054
GCATGC,-0.8829407521926009
GCATGG,-0.05991041370310304
GCACAA,-0.23780070911418322
GCACAT,-0.48044166365706537
GCACAC,-0.38900383105409236
GCACAG,-0.34553201032562336
GCACTA,-0.12306009275722725
GCACTT,-0.1176641931819433
GCACTC,-0.11225399417723775
GCACTG,-0.01453474099985062
GCACCA,0.23982199670779183
GCACCT,-0.2655061766349575
GCACCC,-0.6075141635404369
GCACCG,0.11885503861771904
GCACGA,-0.38388897926284016
GCACGT,-0.6262906055487758
GCACGC,-0.4083181770905708
GCACGG,-0.4538117936238249
GCAGAA,-0.04945439534629482
GCAGAT,0.13593748922710922
GCAGAC,-0.5264673574030057
GCAGAG,0.048280739807931274
GCAGTA,0.32481835330058634
GCAGTT,0.18893428183699257
GCAGTC,-0.6102294088885947
GCAGTG,0.11548915698100483
GCAGCA,0.2607292382153368
GCAGCT,-0.06840699791549144
GCAGCC,-0.2574144041591884
GCAGCG,0.2813417905571978
GCAGGA,-0.18331707703545627
GCAGGT,-0.0007114906027640492
GCAGGC,-0.24728660811500222
GCAGGG,-0.2679286667421266
GCTAAA,0.06544508080595339
GCTAAT,-0.5127625222766177
GCTAAC,0.13874871016386295
GCTAAG,-0.08835228547947704
GCTATA,-0.3386508867204352
GCTATT,0.09259710052878627
GCTATC,0.27231257512067963
GCTATG,-0.1763261235644135
GCTACA,-0.3663880972040705
GCTACT,0.22369436377649718
GCTACC,0.15860503017663857
GCTACG,0.011173300598125255
GCTAGA,-0.36525120117125637
GCTAGT,-0.7414196123854284
GCTAGC,-0.758918494128149
GCTAGG,-0.2006057582888435
GCTTAA,-0.011247562336512319
GCTTAT,0.2685845507904042
GCTTAC,0.12314795463840654
GCTTAG,0.09411089922884269
GCTTTA,0.38873625372389
GCTTTT,0.10623578923668144
GCTTTC,0.06757944368980437
GCTTTG,0.19139485299962947
GCTTCA,0.23695804575739823
GCTTCT,0.04232713737485694
GCTTCC,-0.2301588862081147
GCTTCG,-0.1551908198671367
GCTTGA,0.09846777019169736
GCTTGT,-0.04655368510174009
GCTTGC,-0.02564243061333767
GCTTGG,0.47579019329384376
GCTCAA,0.5088994594465511
GCTCAT,0.25995752443692605
GCTCAC,0.3378741850754374
GCTCAG,0.42478089740745595
GCTCTA,0.24527378811661354
GCTCTT,0.22990795140275183
GCTCTC,0.16799173123912967
GCTCTG,0.22779626824864915
GCTCCA,-0.13685918271719744
GCTCCT,-0.3886579897917832
GCTCCC,-0.45198512374305727
GCTCCG,-0.4502010019495559
GCTCGA,0.05256014823538372
GCTCGT,-0.23613930818642415
GCTCGC,0.07744896502968251
GCTCGG,0.23671562885975336
GCTGAA,0.23919247526323056
GCTGAT,0.45155304423370657
GCTGAC,0.21672786157196514
GCTGAG,0.2487305926581389
GCTGTA,0.18343716142785718
GCTGTT,0.1875689451463724
GCTGTC,-0.35867294660140553
GCTGTG,-0.17459539607481467
GCTGCA,-0.0037313476128581356
GCTGCT,0.2699247658535522
GCTGCC,-0.03099109943128812
GCTGCG,0.24582883414529338
GCTGGA,0.12823570504981222
GCTGGT,0.2917793437043478
GCTGGC,0.4750161710692799
GCTGGG,0.01860334672069749
GCCAAA,0.3110097022681839
GCCAAT,0.3226666287974075
GCCAAC,0.4292248789037397
GCCAAG,0.377294231141468
GCCATA,0.09210104886337665
GCCATT,0.12394841142591728
GCCATC,0.5609819083664661
GCCATG,0.06525306207544004
GCCACA,0.036047375142155426
GCCACT,0.4352975964469808
GCCACC,0.47020669554758077
GCCACG,-0.004785578800013014
GCCAGA,0.20630246618340298
GCCAGT,0.5534737925350769
GCCAGC,0.5515925051665538
GCCAGG,-2.190455688262525
GCCTAA,0.09016443130548052
GCCTAT,-0.237604953343351
GCCTAC,-0.2605737536937029
GCCTAG,-0.2772621191481281
GCCTTA,-0.11837283219368123
GCCTTT,0.015057857584123834
GCCTTC,-0.04445176257083381
GCCTTG,0.17801120529283238
GCCTCA,0.22778393087071197
GCCTCT,-0.08950825718821692
GCCTCC,-0.8097084689660065
GCCTCG,-0.5381754566975533
GCCTGA,-0.002453128968076863
GCCTGT,-0.1875819581931349
GCCTGC,-0.22110758182911117
GCCTGG,-2.3243465847755584
GCCCAA,-0.11322425211804081
GCCCAT,-0.03500116474449427
GCCCAC,-0.10616019582839055
GCCCAG,-0.23338792774656086
GCCCTA,-0.3137846963544182
GCCCTT,-0.2029408439966903
GCCCTC,-0.8176491664650738
GCCCTG,-0.15879105938376054
GCCCCA,-0.25887926578059467
GCCCCT,0.48888200846611063
GCCCCC,-0.3469377686608741
GCCCCG,-0.6582599215595047
GCCCGA,-0.4175134466243389
GCCCGT,-0.32449604557449724
GCCCGC,-0.15070240054834239
GCCCGG,-0.9419331624874927
GCCGAA,-0.1009408253111529
GCCGAT,0.6143776948883769
GCCGAC,0.08159513862235972
GCCGAG,0.17716880339829819
GCCGTA,0.20993331957740327
GCCGTT,0.1745963709875478
GCCGTC,-0.21189775805593467
GCCGTG,0.03248059228916562
GCCGCA,0.010050335853501506
GCCGCT,0.3093489641256155
GCCGCC,0.40316361111988525
GCCGCG,0.24582711879459138
GCCGGA,-0.3594318763021896
GCCGGT,-0.3187883098312971
GCCGGC,-1.023170093501251
GCCGGG,-0.4437472946791812
GCGAAA,-0.05084221227315239
GCGAAT,-0.185277111974868
GCGAAC,-0.4411554749080772
GCGAAG,-0.19206045625582133
GCGATA,0.5560176179573642
GCGATT,0.35060955412067224
GCGATC,0.40226227804681874
GCGATG,0.3881896231353037
GCGACA,-0.0796296125525117
GCGACT,-0.08422973402775295
GCGACC,0.16585411880391315
GCGACG,-0.3640905619694778
GCGAGA,-0.13419196734853234
GCGAGT,0.18090320828720857
GCGAGC,0.06742853796496752
GCGAGG,-0.40042096122148646
GCGTAA,0.2370162150049955
GCGTAT,0.20538549639250628
GCGTAC,0.2188051497156115
GCGTAG,0.02063019476658602
GCGTTA,0.5905296354159675
GCGTTT,0.37535616438779656
GCGTTC,-0.2440151257992945
GCGTTG,0.35309872197796327
GCGTCA,-0.18979070958752395
GCGTCT,-0.5671673776993833
GCGTCC,-0.7626903593156685
GCGTCG,-0.441494571687382
GCGTGA,0.29880630894764676
GCGTGT,-0.4337688842710161
GCGTGC,-0.4329029693488397
GCGTGG,0.2780068069283625
GCGCAA,-0.00879402652257323
GCGCAT,-0.12883287184296832
GCGCAC,-0.2703793945994302
GCGCAG,0.20922221279560171
GCGCTA,-0.07893065347798756
GCGCTT,0.14269818609547058
GCGCTC,0.07156761185942045
GCGCTG,0.4282375022455947
GCGCCA,0.24092595718174578
GCGCCT,-0.291805789635643
GCGCCC,-0.24039302319785383
GCGCCG,0.002442003655551809
GCGCGA,-0.014478019180653225
GCGCGT,-0.10394412843947944
GCGCGC,-0.20051316730366708
GCGCGG,-0.01896790270681104
GCGGAA,-0.22102115929005908
GCGGAT,0.2979914421106421
GCGGAC,-0.619865313368529
GCGGAG,-0.3834209768071528
GCGGTA,0.664083047616034
GCGGTT,0.2103056380212482
GCGGTC,-0.10366004154467826
GCGGTG,0.6190392084062235
GCGGCA,0.14581758522372873
GCGGCT,0.16464368367397905
GCGGCC,-0.05017953570241271
GCGGCG,0.48930580597245493
GCGGGA,-0.31790921708384473
GCGGGT,0.18604942690796916
GCGGGC,0.1264774390987491
GCGGGG,-0.44065141723320816
GGAAAA,-0.0027216597979100097
GGAAAT,-0.1002331072230079
GGAAAC,-0.07511384802513989
GGAAAG,-0.19474407679251174
GGAATA,0.1327473863123138
GGAATT,-0.5169989978391445
GGAATC,-0.38812261010557675
GGAATG,-0.39342712954868536
GGAACA,-0.40477042242548594
GGAACT,-0.7279332966453609
GGAACC,-0.2934600497316695
GGAACG,-0.7906830456809989
GGAAGA,0.067389021904977
GGAAGT,-0.0902934468747267
GGAAGC,-0.3300802888700945
GGAAGG,-0.023343498508267654
GGATAA,0.4232275644480048
GGATAT,0.3639477032678122
GGATAC,0.07361181734324596
GGATAG,0.18519861975008628
GGATTA,0.06118372117278661
GGATTT,0.04887491352326893
GGATTC,-0.4667087333488829
GGATTG,0.19850887447310847
GGATCA,0.3581838088044024
GGATCT,0.27090812218130733
GGATCC,-0.3484008074864868
GGATCG,0.11710049553065523
GGATGA,0.4126519973586202
GGATGT,-0.14402303733694355
GGATGC,-0.09094199813157217
GGATGG,0.00307489809594313
GGACAA,-0.4625434386614522
GGACAT,-0.7107597595297511
GGACAC,-0.6413221126953593
GGACAG,-0.5989373126216286
GGACTA,-0.7627048642618555
GGACTT,-0.5779089809827481
GGACTC,-0.3328025077322505
GGACTG,0.27770692739496144
GGACCA,-1.0986122886681098
GGACCT,-1.3103084541419685
GGACCC,-2.2053397085552104
GGACCG,-1.2610905669331303
GGACGA,-0.27500811107005235
GGACGT,-0.4388308019519646
GGACGC,-0.7064511461863081
GGACGG,-0.6025818238188659
GGAGAA,-0.1601476992996327
GGAGAT,-0.033953096738964295
GGAGAC,-0.7367051548990752
GGAGAG,0.19393512573115376
GGAGTA,-0.15778044787783713
GGAGTT,-0.2944525790189915
GGAGTC,-0.6157997011297931
GGAGTG,-0.36395335645360083
GGAGCA,-0.4871431391224315
GGAGCT,-0.5106827564180801
GGAGCC,-0.5365425117711203
GGAGCG,-0.4530503868697679
GGAGGA,-0.3467102062021247
GGAGGT,-0.5332392186028907
GGAGGC,-0.9653382631792248
GGAGGG,-0.7119094570154682
GGTAAA,0.7072078340196006
GGTAAT,0.49211600410926243
GGTAAC,0.37679634713815346
GGTAAG,0.3228110364874904
GGTATA,0.2822068925636922
GGTATT,0.7345081133848108
GGTATC,0.666118508172026
GGTATG,0.2776793567797214
GGTACA,-0.01272358879505076
GGTACT,0.5324647988694718
GGTACC,0.16113036181342869
GGTACG,0.2708618049779318
GGTAGA,0.4958552843071255
GGTAGT,0.3627401634418232
GGTAGC,0.32625434723802066
GGTAGG,0.10796807906490712
GGTTAA,0.43450592858340076
GGTTAT,0.5567532223219459
GGTTAC,0.5360521867116662
GGTTAG,-0.05300780011363545
GGTTTA,0.496226824344838
GGTTTT,0.49464333318288445
GGTTTC,0.4297044166427185
GGTTTG,0.5023346426092031
GGTTCA,0.04928391661836125
GGTTCT,-0.22477487304629382
GGTTCC,-0.26982884254653694
GGTTCG,-0.5253036429466439
GGTTGA,0.3812081304626043
GGTTGT,0.07133205384012377
GGTTGC,-0.017603704418247976
GGTTGG,0.39013814226881793
GGTCAA,0.3250767384885661
GGTCAT,0.15144117555689238
GGTCAC,0.17067417054477307
GGTCAG,0.38566248081198473
GGTCTA,-0.382281772652507
GGTCTT,-0.4948656041872612
GGTCTC,-0.7752121336142495
GGTCTG,-0.1444182429090273
GGTCCA,-1.0995642163934918
GGTCCT,-1.4363368736057887
GGTCCC,-1.7455700867586803
GGTCCG,-1.6890409630330674
GGTCGA,0.31874789202667136
GGTCGT,-0.20734371296944715
GGTCGC,0.13609330692072336
GGTCGG,0.015748356968139112
GGTGAA,0.6535245112144764
GGTGAT,0.8170053334595939
GGTGAC,0.41029402432710627
GGTGAG,0.5838716865069792
GGTGTA,0.5131431219063531
GGTGTT,0.37734313687567506
GGTGTC,-0.16126814759612226
GGTGTG,0.17095779814363948
GGTGCA,-0.276131522000578
GGTGCT,0.05077574067980197
GGTGCC,-0.19321660619902156
GGTGCG,0.005799095221481292
GGTGGA,0.3526869027607768
GGTGGT,0.9946730159607816
GGTGGC,0.42626823573792755
GGTGGG,0.17917380680160683
GGCAAA,0.11433678051769028
GGCAAT,0.02964399856841703
GGCAAC,-0.037046280433144535
GGCAAG,0.07497775117124925
GGCATA,-0.15863907215039547
GGCATT,-0.009805022747833856
GGCATC,0.17816775922024852
GGCATG,-0.25778649475774945
GGCACA,-0.3102312612682673
GGCACT,-0.07098322658021318
GGCACC,-0.2627488059065693
GGCACG,-0.28849569485965626
GGCAGA,-0.012756131344437023
GGCAGT,0.14761552399519998
GGCAGC,0.11615392858959132
GGCAGG,-0.23384748063555783
GGCTAA,0.20643440017890133
GGCTAT,0.34955747616986843
GGCTAC,0.42892360350227093
GGCTAG,-0.3721478392419769
GGCTTA,0.25004051477865913
GGCTTT,0.4571970951985171
GGCTTC,0.03217350286030865
GGCTTG,0.28107782983453977
GGCTCA,0.26828298012738205
GGCTCT,0.22446020719895662
GGCTCC,-0.24134173519307894
GGCTCG,-0.0817659546965676
GGCTGA,0.2858082962455888
GGCTGT,-0.22734523816790975
GGCTGC,-0.14003535317658855
GGCTGG,0.34024746979678455
GGCCAA,0.12788514340293572
GGCCAT,-0.0544881852840698
GGCCAC,-0.10184081525965502
GGCCAG,-0.05450390249992246
GGCCTA,-0.3370878106634276
GGCCTT,-0.17137753511463738
GGCCTC,-0.5506925404958782
GGCCTG,-0.5466158018224827
GGCCCA,-1.0171015876648704
GGCCCT,-0.8707105999074829
GGCCCC,-0.9614111671546247
GGCCCG,-1.2881096835321357
GGCCGA,-0.058800257764532536
GGCCGT,-0.14379277178059013
GGCCGC,-0.16752686065495243
GGCCGG,-0.9917491431257485
GGCGAA,0.14467193587271454
GGCGAT,0.6520455048743934
GGCGAC,0.18078427747506812
GGCGAG,0.30205537578057695
GGCGTA,0.3698396910299434
GGCGTT,0.7513548092244983
GGCGTC,-0.31148737353761813
GGCGTG,0.12439576069942158
GGCGCA,0.18145578994596837
GGCGCT,0.21252935007243634
GGCGCC,-1.2884810510974474
GGCGCG,0.08093512453838139
GGCGGA,-0.011894787652149207
GGCGGT,0.3995999886557663
GGCGGC,0.3956340734078369
GGCGGG,0.33239454023167786
GGGAAA,-0.27388439187201125
GGGAAT,-0.27279914176007075
GGGAAC,-0.6336445019453288
GGGAAG,-0.2423293895943514
GGGATA,0.5000000782610682
GGGATT,0.08542884777820403
GGGATC,0.27883245717479843
GGGATG,-0.08011775176197353
GGGACA,-0.6408313911957848
GGGACT,0.46122868262661854
GGGACC,-1.1985736396481654
GGGACG,-0.6872858808099541
GGGAGA,-0.12644109839949805
GGGAGT,-0.5877866649021192
GGGAGC,-0.565006636570299
GGGAGG,-0.5115396544996478
GGGTAA,0.5698772604357216
GGGTAT,0.5808032319154817
GGGTAC,0.018758924356019176
GGGTAG,0.18027984688242735
GGGTTA,0.4130519551212226
GGGTTT,0.2479328180599797
GGGTTC,-0.29629868871265974
GGGTTG,0.04424825546434181
GGGTCA,-0.07580896727598294
GGGTCT,-0.7804400494585414
GGGTCC,-2.1385944928848146
GGGTCG,-0.4639171831893333
GGGTGA,0.31065455359527205
GGGTGT,-0.12350942999237678
GGGTGC,-0.6398732953090653
GGGTGG,0.14329032729827487
GGGCAA,-0.020271853863012203
GGGCAT,-0.09372514222410296
GGGCAC,-0.66454656572673
GGGCAG,-0.12556052026899064
GGGCTA,0.040939703895942835
GGGCTT,-0.12887497444702067
GGGCTC,-0.30558536394430824
GGGCTG,0.023623145763435893
GGGCCA,-0.9006589861824583
GGGCCT,-1.1986957472250923
GGGCCC,-1.6544692171828472
GGGCCG,-0.9811670337952115
GGGCGA,-0.03278982282299084
GGGCGT,0.4129111588922429
GGGCGC,-0.5288966488978925
GGGCGG,-0.13265891910691244
GGGGAA,-0.23852465335251208
GGGGAT,0.4304836492938719
GGGGAC,-0.818061040202178
GGGGAG,-0.16070312262582115
GGGGTA,0.18744102190014544
GGGGTT,-0.04777647933858576
GGGGTC,-0.747692756299998
GGGGTG,-0.1507162173786235
GGGGCA,-0.3206491216819703
GGGGCT,-0.0730870430196147
GGGGCC,-1.1980730821987478
GGGGCG,-0.4969482644891876
GGGGGA,-0.14490712094369695
GGGGGT,-0.36807044207137907
GGGGGC,-0.44553210070505045
GGGGGG,-0.6444820085786643
