Item,Count obs
AAAAAA,-0.03843378441255393
AAAAAT,0.07388476201905496
AAAAAC,0.20393177500232887
AAAAAG,0.24367433062662244
AAAATA,0.17516833067998314
AAAATT,-0.3996568510648881
AAAATC,0.30441925173166046
AAAATG,-0.05355876750147721
AAAACA,-0.036194481649070645
AAAACT,0.0074563006764549284
AAAACC,0.4676997916123377
AAAACG,0.11839217440244772
AAAAGA,-0.0784544024499232
AAAAGT,-0.10404131792472361
AAAAGC,0.12640690984704758
AAAAGG,-0.10466508673740355
AAATAA,0.08781684459507501
AAATAT,-0.07563099079356775
AAATAC,0.21134704505148819
AAATAG,0.06956965592976233
AAATTA,-0.2667103359099887
AAATTT,-0.46558262009704515
AAATTC,-0.18799307112022043
AAATTG,-0.16976090570877683
AAATCA,0.28774724238239796
AAATCT,-0.14445350207316604
AAATCC,0.046218946838399236
AAATCG,0.39526728313171844
AAATGA,-0.2685043541128648
AAATGT,-0.660321174359594
AAATGC,-0.4415025657206357
AAATGG,0.13253844248832702
AAACAA,-0.1459217199823147
AAACAT,-0.3107316850246243
AAACAC,-0.0032818062100174435
AAACAG,0.3658462038747902
AAACTA,-0.3250111316646937
AAACTT,-0.31297702938447375
AAACTC,0.3934083238957056
AAACTG,0.27819111632292043
AAACCA,0.5046621422984642
AAACCT,0.2602327528252959
AAACCC,0.18893869089466678
AAACCG,0.5218093674891954
AAACGA,-0.20795112327185847
AAACGT,-0.05888897635134588
AAACGC,0.21304907145365665
AAACGG,0.2723446995800162
AAAGAA,-0.046838556782221305
AAAGAT,-0.0017626797288870656
AAAGAC,-0.28890581317149766
AAAGAG,0.4507870405326535
AAAGTA,0.0695625097820472
AAAGTT,-0.2853263587593218
AAAGTC,-0.05728746156013101
AAAGTG,0.3696538766075035
AAAGCA,-0.15710333202470336
AAAGCT,-0.0407287500798873
AAAGCC,0.4442718835731856
AAAGCG,0.4006174787472509
AAAGGA,-0.4886307157591843
AAAGGT,0.11601468859964145
AAAGGC,0.20020087354786353
AAAGGG,-0.16123699543338083
AATAAA,0.31651482254351526
AATAAT,0.03378224128957085
AATAAC,0.10086309409017995
AATAAG,-0.010645476447952783
AATATA,-0.285987410230927
AATATT,0.04933576752933393
AATATC,0.516781875998913
AATATG,-0.19113873825882619
AATACA,-0.1491849332045263
AATACT,0.124932366211727
AATACC,0.7578952632183765
AATACG,0.3188390338184272
AATAGA,-0.07509925109007223
AATAGT,-0.22901308430646544
AATAGC,-0.23294869582044686
AATAGG,-0.14858419525081523
AATTAA,-0.3009207070484418
AATTAT,-0.46937120387343484
AATTAC,-0.269045677692806
AATTAG,-0.5942104326999217
AATTTA,-0.17735950254676505
AATTTT,-0.39553132403732244
AATTTC,-0.21018823795092495
AATTTG,-0.22872327123386743
AATTCA,-0.3039443680834584
AATTCT,-0.5151712303389032
AATTCC,-0.3520371340821278
AATTCG,-0.34894467051830547
AATTGA,-0.17124696292320216
AATTGT,-0.7597949621293837
AATTGC,-0.573288617725425
AATTGG,-0.1588835983380993
AATCAA,0.1570376759702789
AATCAT,-0.006784067369144308
AATCAC,0.47431530823834367
AATCAG,0.21832890551866918
AATCTA,-0.39351417500823155
AATCTT,-0.152359868447102
AATCTC,-0.053099260687487125
AATCTG,-0.06739603704481792
AATCCA,0.03994686021085236
AATCCT,-0.22961078259530454
AATCCC,0.01734610943607646
AATCCG,0.043257150503537796
AATCGA,0.26669646957724225
AATCGT,0.0026052005446620605
AATCGC,0.4066412582172128
AATCGG,0.25118912284875167
AATGAA,-0.18827433227227772
AATGAT,0.01601759179710944
AATGAC,-0.25951119548508456
AATGAG,-0.2526554503405301
AATGTA,-0.49233838335908636
AATGTT,-0.5285252008653917
AATGTC,-0.4191295425617759
AATGTG,-0.4650657473543503
AATGCA,-0.7219803541240644
AATGCT,-0.43832629578399557
AATGCC,-0.013223603024468155
AATGCG,-0.21578671308850125
AATGGA,-0.30812811886020736
AATGGT,0.22335872076097865
AATGGC,0.14318338253717516
AATGGG,-0.022032122268371434
AACAAA,-0.0776621686230368
AACAAT,-0.3030188326477279
AACAAC,-0.007469851462709375
AACAAG,0.1610270599088252
AACATA,-0.363565341948216
AACATT,-0.49634630250115647
AACATC,0.10436982803964867
AACATG,-0.3523666109656792
AACACA,-0.2804236508718444
AACACT,-0.030977201957374866
AACACC,0.30432528589818153
AACACG,-0.25965362354868077
AACAGA,0.03801006417076476
AACAGT,0.03545254074193005
AACAGC,0.1412977364880475
AACAGG,-0.0543956683611167
AACTAA,-0.6399807879895342
AACTAT,-0.23867449334508647
AACTAC,-0.022020631626464997
AACTAG,-0.9034229072627622
AACTTA,-0.08426712279617124
AACTTT,-0.26221703242953365
AACTTC,-0.15267471546299768
AACTTG,-0.17549559172355472
AACTCA,0.4493999124250195
AACTCT,0.24116205681688804
AACTCC,-0.13723828172976188
AACTCG,0.1281039708891576
AACTGA,0.2638435486991429
AACTGT,-0.1643947481415537
AACTGC,0.07268612885011246
AACTGG,0.45415626727776304
AACCAA,0.451500306076661
AACCAT,0.23024216670286593
AACCAC,0.5510995229039306
AACCAG,0.2346423365018002
AACCTA,0.15943755071156118
AACCTT,0.259703447720609
AACCTC,0.007305098390279767
AACCTG,-0.06032045391340863
AACCCA,0.33166019154022053
AACCCT,0.042545521078603654
AACCCC,-0.05082475286721954
AACCCG,0.10033032396482766
AACCGA,0.46367504138836296
AACCGT,0.2986079156731763
AACCGC,0.2257725749465523
AACCGG,0.08838556986769376
AACGAA,-0.29947816619154294
AACGAT,-0.04404422612298644
AACGAC,-0.21942670297370903
AACGAG,-0.20122468306400296
AACGTA,0.028338958318466154
AACGTT,-0.06906401801325238
AACGTC,-0.09233208783512639
AACGTG,-0.1616413515564159
AACGCA,-0.17644435024191635
AACGCT,0.2748177255387776
AACGCC,0.2151039995703774
AACGCG,-0.05753402634884639
AACGGA,-0.2827716998670253
AACGGT,0.31252621167324773
AACGGC,0.0690312334319069
AACGGG,-0.15529977504131748
AAGAAA,0.09295193455851447
AAGAAT,-0.45097837147528164
AAGAAC,-0.32806329187886385
AAGAAG,0.4490833087517206
AAGATA,0.25465483674972206
AAGATT,-0.1596080560123266
AAGATC,0.2762934254877723
AAGATG,0.23631347969440455
AAGACA,-0.3333987351820922
AAGACT,-0.3465089409750447
AAGACC,-0.3197908926030198
AAGACG,-0.3273373349443349
AAGAGA,0.40886069710930256
AAGAGT,0.2797784949837429
AAGAGC,0.3129282782059562
AAGAGG,0.12103219432971958
AAGTAA,0.09518673063436363
AAGTAT,-0.16656383517083267
AAGTAC,0.15796141800500424
AAGTAG,0.1836127125575746
AAGTTA,0.020846861639522932
AAGTTT,-0.322874499386134
AAGTTC,-0.3428295371166793
AAGTTG,-0.1372161161529018
AAGTCA,0.07245277399502022
AAGTCT,-0.3761280634548063
AAGTCC,-0.6126814978729496
AAGTCG,0.23585845276173473
AAGTGA,0.4487348237462184
AAGTGT,-0.10403573106308535
AAGTGC,-0.060602212601764724
AAGTGG,0.5559004760397973
AAGCAA,-0.2347707335951477
AAGCAT,-0.42245459520351614
AAGCAC,-0.1639772965433945
AAGCAG,0.1655965313993438
AAGCTA,-0.16666711858615693
AAGCTT,-0.051170173226243294
AAGCTC,0.10589178061214834
AAGCTG,0.21927507453628947
AAGCCA,0.5305453099710328
AAGCCT,0.1988153785155858
AAGCCC,-0.038622012056434535
AAGCCG,0.2763104341707052
AAGCGA,0.2915250637309487
AAGCGT,0.15098524716482212
AAGCGC,0.2661382989034174
AAGCGG,0.5960913573807792
AAGGAA,-0.32228617448395386
AAGGAT,-0.18845232357247219
AAGGAC,-0.8344831827595522
AAGGAG,-0.308052448638919
AAGGTA,0.48807782075360695
AAGGTT,0.24384272412080318
AAGGTC,0.05774415895108075
AAGGTG,0.4720153759250613
AAGGCA,0.07769309710319436
AAGGCT,0.1976968856530454
AAGGCC,-0.07944827550385815
AAGGCG,0.29868600113701005
AAGGGA,-0.25238429037075705
AAGGGT,-0.17391955811481205
AAGGGC,-0.3218734372000603
AAGGGG,0.09326010872373908
ATAAAA,0.24961119772917434
ATAAAT,0.04619557731588178
ATAAAC,0.2887625081430204
ATAAAG,0.43144913863541745
ATAATA,-0.18992275592313465
ATAATT,-0.44933862177967987
ATAATC,0.08064468401057871
ATAATG,-0.13318157475438805
ATAACA,-0.20489102633624828
ATAACT,0.049649908643820566
ATAACC,0.5042568879602597
ATAACG,0.2976607725016771
ATAAGA,-0.17242807401985671
ATAAGT,-0.08705249456534324
ATAAGC,0.13690525423917824
ATAAGG,0.16002246485761198
ATATAA,-0.3265102438924654
ATATAT,-0.5634545642425884
ATATAC,-0.28896741967244477
ATATAG,-0.1912593955989925
ATATTA,-0.2607004964061665
ATATTT,-0.11606530130431299
ATATTC,0.17384148541872857
ATATTG,0.36999272213095813
ATATCA,0.18652710905633327
ATATCT,0.0029152039851529166
ATATCC,0.38127447836052114
ATATCG,0.5616402529365244
ATATGA,-0.40272698787603994
ATATGT,-0.639658495608959
ATATGC,-0.5511903709074516
ATATGG,0.01532052393588856
ATACAA,-0.4202109246570772
ATACAT,-0.46214218243975663
ATACAC,-0.042543588649358366
ATACAG,-0.0076086361928310526
ATACTA,-0.6248878951188521
ATACTT,-0.27412910604707735
ATACTC,0.20131192664795738
ATACTG,0.22631312607548879
ATACCA,0.5244312758217693
ATACCT,0.4198210570624661
ATACCC,0.6443570163905132
ATACCG,0.6959385291972159
ATACGA,-0.24267254336446265
ATACGT,-0.15537442054697498
ATACGC,0.15161421683134965
ATACGG,0.23348304553814983
ATAGAA,-0.09202879868114747
ATAGAT,-0.13951251398060002
ATAGAC,-0.16472093679673072
ATAGAG,0.14223014267142944
ATAGTA,-0.1416505170630268
ATAGTT,-0.23375879475587275
ATAGTC,-0.18643634332522702
ATAGTG,0.06197936643022173
ATAGCA,-0.5617474798842816
ATAGCT,-0.2491552361573215
ATAGCC,0.19791306331866979
ATAGCG,0.022132175168764874
ATAGGA,-0.29703050456991614
ATAGGT,0.07169192845611648
ATAGGC,-0.1521966868438825
ATAGGG,-0.2113545885376681
ATTAAA,-0.11932200485097105
ATTAAT,-0.1470126739713218
ATTAAC,-0.03125983476443525
ATTAAG,-0.19258615540583754
ATTATA,-0.6189957480963446
ATTATT,0.03757603325114112
ATTATC,0.18894538775300324
ATTATG,-0.4357290663610465
ATTACA,-0.2891028635977255
ATTACT,0.18899389146209114
ATTACC,0.379004968291184
ATTACG,0.01410799326220019
ATTAGA,-0.48283758722582193
ATTAGT,-0.5525427082898199
ATTAGC,-0.32747422090165235
ATTAGG,-0.3889523486173144
ATTTAA,-0.21051149426823276
ATTTAT,0.08195266258887919
ATTTAC,0.15538230956203006
ATTTAG,-0.17709961281280295
ATTTTA,-0.14430859053844114
ATTTTT,0.09232882723874748
ATTTTC,-0.026884041118033993
ATTTTG,0.0860936978813305
ATTTCA,0.05866973985517349
ATTTCT,-0.05078469049424394
ATTTCC,-0.228016784764902
ATTTCG,-0.2794243872127994
ATTTGA,-0.24679550973134196
ATTTGT,-0.38649720540135346
ATTTGC,-0.3826612177703242
ATTTGG,0.05497756120728313
ATTCAA,-0.14357085069943132
ATTCAT,-0.20659614379980562
ATTCAC,0.0018403031469248648
ATTCAG,0.009702751560811863
ATTCTA,-0.592265955706165
ATTCTT,-0.38509646699784744
ATTCTC,-0.29841170509002485
ATTCTG,-0.13067887673930834
ATTCCA,-0.21054923741882187
ATTCCT,-0.2726537443159015
ATTCCC,-0.3920714008247293
ATTCCG,-0.23413302600643884
ATTCGA,-0.5182375339366875
ATTCGT,-0.19355954327554978
ATTCGC,-0.1711881396222767
ATTCGG,-0.30768612990273575
ATTGAA,0.11238985489116415
ATTGAT,0.37854345054190003
ATTGAC,-0.055796229944085035
ATTGAG,0.4786137242879234
ATTGTA,-0.7106611803869683
ATTGTT,-0.33696962534074354
ATTGTC,-0.39031330308756207
ATTGTG,-0.2600629566383324
ATTGCA,-0.6296596316683492
ATTGCT,-0.09473372785004251
ATTGCC,0.021056832630199845
ATTGCG,-0.1707607343928787
ATTGGA,-0.38789951502364023
ATTGGT,0.4385634089374061
ATTGGC,0.37168322171174506
ATTGGG,-0.005059642163581269
ATCAAA,0.3879847561188458
ATCAAT,0.44177615117530256
ATCAAC,0.357361050312131
ATCAAG,0.3938998534857254
ATCATA,-0.3096258830950459
ATCATT,0.010147465667574143
ATCATC,0.640452286712357
ATCATG,0.037787645581961
ATCACA,0.19667427313768077
ATCACT,0.6465712797504434
ATCACC,0.9447118277837309
ATCACG,0.38563681642516967
ATCAGA,-0.07609662578916125
ATCAGT,0.27192098644042
ATCAGC,0.48755118644596307
ATCAGG,0.15731660562602873
ATCTAA,-0.16826660754652292
ATCTAT,-0.08347772261942885
ATCTAC,-0.08837373580766783
ATCTAG,-0.4441225996188465
ATCTTA,-0.21836531432232192
ATCTTT,0.0517104303382033
ATCTTC,0.25913954246957266
ATCTTG,0.28929983881681814
ATCTCA,0.009845198984256839
ATCTCT,0.42299592767091587
ATCTCC,-0.16572584007091945
ATCTCG,0.04821115294315889
ATCTGA,-0.12873016553157526
ATCTGT,-0.01292425098093529
ATCTGC,0.11700840314707582
ATCTGG,0.3614676333827996
ATCCAA,0.1684583648951576
ATCCAT,0.19713604616076622
ATCCAC,0.37740184712469765
ATCCAG,0.4505562118542993
ATCCTA,-0.25757227098041047
ATCCTT,-0.23488388688481002
ATCCTC,-0.0902868466721005
ATCCTG,-0.041282230741505624
ATCCCA,0.13838772016200068
ATCCCT,-0.044554664402577326
ATCCCC,0.3415400011302505
ATCCCG,-0.06948055742687816
ATCCGA,-0.2254754606491885
ATCCGT,0.15829533144220748
ATCCGC,0.4296335640726909
ATCCGG,0.07083420030333853
ATCGAA,0.10139649156179356
ATCGAT,0.5674328514818747
ATCGAC,0.5607726523075178
ATCGAG,0.4944330697960612
ATCGTA,0.23992502827621318
ATCGTT,0.06619418579801062
ATCGTC,0.1712094366548099
ATCGTG,0.05977621638202745
ATCGCA,0.021133977866185736
ATCGCT,0.5173213348130048
ATCGCC,0.8029567224480939
ATCGCG,0.40376242506598053
ATCGGA,-0.29794176138939615
ATCGGT,0.737845481324903
ATCGGC,0.5115987200549791
ATCGGG,-0.0096308930609613
ATGAAA,-0.012612435486736002
ATGAAT,-0.1792852354141773
ATGAAC,0.01709272460166094
ATGAAG,0.2051457459595383
ATGATA,-0.21641040817941218
ATGATT,-0.029230961537965745
ATGATC,0.27957677076414256
ATGATG,0.3883530087128055
ATGACA,-0.32417493418833954
ATGACT,-0.017012637857098202
ATGACC,0.05291631208060405
ATGACG,-0.059660872916902224
ATGAGA,-0.31435661515753954
ATGAGT,0.14676650564566182
ATGAGC,0.0581905529848646
ATGAGG,-0.3868780158397969
ATGTAA,-0.5011275866654724
ATGTAT,-0.46482971715777016
ATGTAC,-0.0954934474672589
ATGTAG,-0.38725914361159197
ATGTTA,-0.4421089572248637
ATGTTT,-0.4521366274173111
ATGTTC,-0.3662096620796344
ATGTTG,-0.030052345066401823
ATGTCA,-0.31720620002836575
ATGTCT,-0.36614488751661994
ATGTCC,-0.7312484962556632
ATGTCG,0.03043356284251408
ATGTGA,-0.239719508805456
ATGTGT,-0.5471851046382398
ATGTGC,-0.49756256955901174
ATGTGG,0.07758272967150817
ATGCAA,-0.6963479020503531
ATGCAT,-0.8524667761336743
ATGCAC,-0.5279043814856265
ATGCAG,-0.22084685962713888
ATGCTA,-0.8576740360063052
ATGCTT,-0.5363646786670194
ATGCTC,-0.06553962243251256
ATGCTG,0.060844544355716144
ATGCCA,0.010357508333262749
ATGCCT,-0.12339759941072899
ATGCCC,-0.24306872012147962
ATGCCG,0.10345575317717232
ATGCGA,-0.47564539315240356
ATGCGT,-0.2218367728207676
ATGCGC,-0.12090148541189973
ATGCGG,-0.1549312092076923
ATGGAA,-0.06823148233803347
ATGGAT,0.16680618150939489
ATGGAC,-0.49863482874194537
ATGGAG,-0.25296072764596145
ATGGTA,0.21267225144691423
ATGGTT,0.20490596376442882
ATGGTC,0.20975770639425584
ATGGTG,0.6318252896856265
ATGGCA,0.05935135571731286
ATGGCT,0.2698761745825175
ATGGCC,-0.018568510099914805
ATGGCG,0.44963718951370146
ATGGGA,-0.37348563878662916
ATGGGT,0.14293788429866836
ATGGGC,-0.010813634858591195
ATGGGG,0.08503313697752407
ACAAAA,-0.029877070862945124
ACAAAT,-0.35255647467498435
ACAAAC,-0.0035335725813111273
ACAAAG,-0.028912477764168696
ACAATA,-0.11876891447315152
ACAATT,-0.686176587443654
ACAATC,-0.13014262972503196
ACAATG,-0.5166762440557151
ACAACA,-0.07164570036427
ACAACT,-0.11884340516551398
ACAACC,0.01631660527450687
ACAACG,-0.2771574336453215
ACAAGA,-0.06893226358972385
ACAAGT,-0.3114894737845022
ACAAGC,-0.003168140237601829
ACAAGG,0.07885434173308412
ACATAA,-0.2850650145776007
ACATAT,-0.6343066805370119
ACATAC,-0.3922635962496284
ACATAG,-0.16596127368874772
ACATTA,-0.393387808234562
ACATTT,-0.6048835440235859
ACATTC,-0.3995947365411337
ACATTG,-0.44607086303410726
ACATCA,0.37877307095689183
ACATCT,-0.1725903660460864
ACATCC,-0.04198563647509813
ACATCG,0.23376493211829205
ACATGA,-0.4428526401797848
ACATGT,-0.9520990359700627
ACATGC,-0.668462805167938
ACATGG,-0.15245397557780482
ACACAA,-0.3967624512826772
ACACAT,-0.5013162670979846
ACACAC,-0.4069575444478636
ACACAG,-0.3711609529243944
ACACTA,-0.24606862557521417
ACACTT,-0.1780097380178335
ACACTC,-0.05991808633410369
ACACTG,-0.014882017949417254
ACACCA,0.5386279050779424
ACACCT,0.06660338408957009
ACACCC,-0.029909162394752824
ACACCG,0.2752806564007181
ACACGA,-0.6095420080161178
ACACGT,-0.7000889747299034
ACACGC,-0.2822169287553143
ACACGG,-0.16876726161008693
ACAGAA,-0.08920247263108053
ACAGAT,-0.04168648560500012
ACAGAC,-0.39629523871187505
ACAGAG,-0.12955737475798543
ACAGTA,0.025317807984289786
ACAGTT,-0.22460234077786972
ACAGTC,-0.5910493105369353
ACAGTG,0.02642740612103348
ACAGCA,0.07581003284922953
ACAGCT,-0.2371624724935407
ACAGCC,-0.19765061855306906
ACAGCG,0.08764249092663949
ACAGGA,-0.3284337348284591
ACAGGT,-0.010322213023933078
ACAGGC,-0.16395776729175907
ACAGGG,-0.24280373861299737
ACTAAA,-0.20220434762378572
ACTAAT,-0.6064787979142715
ACTAAC,-0.2099108440476354
ACTAAG,-0.022884293833587845
ACTATA,-0.2521384614321689
ACTATT,-0.22645880450136874
ACTATC,0.16063667441941806
ACTATG,-0.05712690735748724
ACTACA,-0.11773524478920917
ACTACT,0.11511193373844066
ACTACC,0.36635887037141246
ACTACG,0.020251415337304478
ACTAGA,-0.6811384262998889
ACTAGT,-0.8929530291995093
ACTAGC,-0.7637221332295483
ACTAGG,-0.5556434520497072
ACTTAA,-0.22041669005778539
ACTTAT,-0.067553295805661
ACTTAC,0.04556638580937459
ACTTAG,-0.08053886248401236
ACTTTA,0.18154871207692935
ACTTTT,-0.11360652198469401
ACTTTC,-0.08120937592361367
ACTTTG,0.13221291538258684
ACTTCA,0.22694824835787378
ACTTCT,0.09581585634245925
ACTTCC,-0.05384323202082316
ACTTCG,-0.17063494383399302
ACTTGA,0.005660291718382664
ACTTGT,-0.4195179495545189
ACTTGC,-0.12314205661121362
ACTTGG,0.3035155756586364
ACTCAA,0.41251294667496213
ACTCAT,0.18929664594035342
ACTCAC,0.3359306225982238
ACTCAG,0.35573553569679656
ACTCTA,0.07394184539862601
ACTCTT,0.2558535900859902
ACTCTC,0.06785972688978288
ACTCTG,0.13459599852520338
ACTCCA,0.03576722385863114
ACTCCT,-0.2551005612637482
ACTCCC,-0.32001782937399625
ACTCCG,-0.44343129366929845
ACTCGA,0.05939734009106895
ACTCGT,-0.06661561883590031
ACTCGC,0.09022781830895481
ACTCGG,0.18618688558170915
ACTGAA,0.06985507429596448
ACTGAT,0.3481530962339686
ACTGAC,0.35890958174014875
ACTGAG,0.29117247739154944
ACTGTA,-0.11200505837649487
ACTGTT,-0.014684551682921182
ACTGTC,-0.2859564464843111
ACTGTG,-0.1396938989634357
ACTGCA,-0.23918055022402682
ACTGCT,0.25243193557653737
ACTGCC,0.09692279548348962
ACTGCG,0.09366045101281556
ACTGGA,0.2773041618948733
ACTGGT,0.4474543560018458
ACTGGC,0.5665277588022035
ACTGGG,0.32496424026691206
ACCAAA,0.47691805308832
ACCAAT,0.45826022642098707
ACCAAC,0.5152072280673566
ACCAAG,0.5824038981342464
ACCATA,0.2080777032517705
ACCATT,0.27131509498757567
ACCATC,0.6347718514496508
ACCATG,0.13963291844104006
ACCACA,0.49413212718904864
ACCACT,0.6589944349459071
ACCACC,0.8984920418354787
ACCACG,0.4499266564201948
ACCAGA,0.3598092514725259
ACCAGT,0.48681074756211684
ACCAGC,0.3388564900549782
ACCAGG,-1.3898038207561658
ACCTAA,0.09262148988039648
ACCTAT,0.08880872638384295
ACCTAC,0.21074967599275746
ACCTAG,-0.03521090604305105
ACCTTA,0.3073414593186556
ACCTTT,0.12338300578781258
ACCTTC,0.31352370715036193
ACCTTG,0.537142932083364
ACCTCA,0.19098203835840175
ACCTCT,0.08652756732473416
ACCTCC,-0.6690496289808848
ACCTCG,-0.1954043272037593
ACCTGA,0.24164064021917897
ACCTGT,0.01879249934936732
ACCTGC,0.10857466065065506
ACCTGG,-1.054118437669483
ACCCAA,0.435413019985604
ACCCAT,0.016007949409466416
ACCCAC,0.34650840566047647
ACCCAG,0.3779775246426006
ACCCTA,-0.03356917015907683
ACCCTT,-0.14480878598582947
ACCCTC,-0.24705296056304293
ACCCTG,-0.14224616882291968
ACCCCA,0.366989526234067
ACCCCT,-0.09943389698818693
ACCCCC,-0.44855429803936603
ACCCCG,-0.23261000338569826
ACCCGA,0.17838565067271617
ACCCGT,0.005595985504121246
ACCCGC,0.24155901020488754
ACCCGG,-0.38959569498348845
ACCGAA,0.2858262104901009
ACCGAT,0.6980248287806141
ACCGAC,0.5398250011943283
ACCGAG,0.4191206754466263
ACCGTA,0.5167132639656282
ACCGTT,0.21930477500704396
ACCGTC,0.131496379268622
ACCGTG,0.2727460532146275
ACCGCA,0.2356029234068913
ACCGCT,0.49203927516280116
ACCGCC,0.6335886917194632
ACCGCG,0.33048172306180124
ACCGGA,0.1859212482552361
ACCGGT,0.2371297932889497
ACCGGC,-0.2713832994822781
ACCGGG,-0.09129511794879418
ACGAAA,-0.4204584311275351
ACGAAT,-0.24769248033660257
ACGAAC,-0.39360645349787915
ACGAAG,-0.26468018403676663
ACGATA,0.3382945117529854
ACGATT,-0.07853398680058736
ACGATC,0.096814119143126
ACGATG,-0.01814604838914674
ACGACA,-0.2972948125742347
ACGACT,-0.15770822224492842
ACGACC,0.05326762869126826
ACGACG,-0.11125665520607894
ACGAGA,-0.30695221837222686
ACGAGT,-0.20572593012311075
ACGAGC,-0.27842886697129776
ACGAGG,-0.5709999424698492
ACGTAA,0.03519619597010214
ACGTAT,-0.251199874182608
ACGTAC,0.12912552829905546
ACGTAG,-0.04067576973071491
ACGTTA,-0.03109058707003112
ACGTTT,0.012270092591814401
ACGTTC,-0.22546072399725187
ACGTTG,-0.07623776442793735
ACGTCA,-0.1433193989906855
ACGTCT,-0.3806362464542944
ACGTCC,-0.5004540027691633
ACGTCG,-0.23651004163074038
ACGTGA,-0.11149550422534224
ACGTGT,-0.7150395424094791
ACGTGC,-0.48462325137196655
ACGTGG,-0.09119282967477703
ACGCAA,-0.388387693429485
ACGCAT,-0.3321223479656561
ACGCAC,-0.21196381175262874
ACGCAG,0.1534051730912732
ACGCTA,-0.13908236368777466
ACGCTT,0.1594224879286925
ACGCTC,0.2505349442598344
ACGCTG,0.23569915022231716
ACGCCA,0.3906608090919729
ACGCCT,-0.028064033652315114
ACGCCC,-0.19096465294997464
ACGCCG,-0.005334926701880346
ACGCGA,-0.10862986105377857
ACGCGT,-0.3786204694778135
ACGCGC,-0.04177887267451759
ACGCGG,-0.18334263484926547
ACGGAA,-0.3297317200073701
ACGGAT,0.10819219906907689
ACGGAC,-0.7469155752967989
ACGGAG,-0.6596560536796826
ACGGTA,0.6568772546673521
ACGGTT,0.31682280733375867
ACGGTC,-0.03550920531672442
ACGGTG,0.34923074082700245
ACGGCA,-0.01797531921863536
ACGGCT,0.12450923493466458
ACGGCC,-0.04973352001315735
ACGGCG,0.22562042298188636
ACGGGA,-0.508482455157427
ACGGGT,-0.017202778236628212
ACGGGC,-0.25442981395477027
ACGGGG,-0.44708359809067927
AGAAAA,0.21930883587127714
AGAAAT,-0.004048086820074705
AGAAAC,0.07153261989332817
AGAAAG,0.16341969520948324
AGAATA,-0.0910696974224512
AGAATT,-0.4894281082902565
AGAATC,-0.2854805768636046
AGAATG,-0.392803122820365
AGAACA,-0.22013507782349487
AGAACT,-0.24464830668092
AGAACC,-0.29148485358229637
AGAACG,-0.4128001043197298
AGAAGA,0.3753324320781494
AGAAGT,0.1508228897345837
AGAAGC,0.11454199038008875
AGAAGG,0.19667756334316921
AGATAA,0.4496153503954813
AGATAT,0.06871776075314666
AGATAC,0.13663948150995414
AGATAG,0.2593672049306161
AGATTA,-0.2159628058071631
AGATTT,-0.13228889919484882
AGATTC,-0.3877469618836472
AGATTG,-0.0012588971788011181
AGATCA,0.25373127606681806
AGATCT,0.09566640762948472
AGATCC,0.1581546384467507
AGATCG,0.2832064109949475
AGATGA,0.21781588820642217
AGATGT,-0.195209842986307
AGATGC,-0.2276550980954757
AGATGG,0.2263351977200479
AGACAA,-0.24711795389461721
AGACAT,-0.2789599344293448
AGACAC,-0.573636636177361
AGACAG,-0.37286828818823925
AGACTA,-0.4603076520068564
AGACTT,-0.325884381501621
AGACTC,-0.3398411336873179
AGACTG,-0.5023201669467663
AGACCA,-0.06138722997316378
AGACCT,-0.49206487776537244
AGACCC,-0.5308723023141444
AGACCG,-0.3024357139640876
AGACGA,-0.23154241986182314
AGACGT,-0.47698352335515265
AGACGC,-0.5149836339146544
AGACGG,-0.25443819919507044
AGAGAA,0.17489298638280987
AGAGAT,0.3548833638835281
AGAGAC,-0.10436001532424288
AGAGAG,0.28042104821473374
AGAGTA,0.1938374247287103
AGAGTT,0.1336992764493104
AGAGTC,-0.1045558441704575
AGAGTG,0.22346370499070775
AGAGCA,0.23975027743376504
AGAGCT,0.13647740156150562
AGAGCC,0.028739842121988643
AGAGCG,0.1950383358777983
AGAGGA,-0.07213752816642312
AGAGGT,-0.026778119081392826
AGAGGC,-0.08444398148438391
AGAGGG,-0.13455871620578672
AGTAAA,0.4445455920501964
AGTAAT,0.16093444204966298
AGTAAC,0.2297342916764473
AGTAAG,0.2164495880514109
AGTATA,-0.5011403180315269
AGTATT,0.13618664203885578
AGTATC,0.24063293157305057
AGTATG,-0.30367120925365854
AGTACA,0.1823215567939546
AGTACT,0.13255506840735493
AGTACC,0.5151602642764308
AGTACG,0.36123653319674914
AGTAGA,0.04492347726245291
AGTAGT,0.005914260708949798
AGTAGC,0.021085404590498593
AGTAGG,0.14948532056676414
AGTTAA,-0.007484238357974656
AGTTAT,-0.04549804313919977
AGTTAC,0.08126296407876579
AGTTAG,0.03329464505997786
AGTTTA,0.00261535736598346
AGTTTT,-0.030748579169424126
AGTTTC,-0.17484775696794044
AGTTTG,0.2519995283467825
AGTTCA,0.014013590906082101
AGTTCT,-0.3280993158106345
AGTTCC,-0.45453940354815403
AGTTCG,-0.3194652591351623
AGTTGA,0.062471922621990035
AGTTGT,-0.24285771826268263
AGTTGC,-0.217400119306455
AGTTGG,0.24456423823213552
AGTCAA,-0.11207438034648992
AGTCAT,-0.03562168312256171
AGTCAC,0.20749635733139882
AGTCAG,0.23515001466026011
AGTCTA,-0.5502752484459668
AGTCTT,-0.451434007719188
AGTCTC,-0.41991952484832407
AGTCTG,-0.35651620118103733
AGTCCA,-0.6111982604894081
AGTCCT,-0.6658709119177177
AGTCCC,-0.7520024843223035
AGTCCG,-0.7413240359091714
AGTCGA,0.09692583404680825
AGTCGT,-0.15421199002622918
AGTCGC,-0.1329912467720133
AGTCGG,0.0813775592713737
AGTGAA,0.3962615033187319
AGTGAT,0.6273747479797844
AGTGAC,0.3186039827903671
AGTGAG,0.3196632222125831
AGTGTA,-0.1219410458050472
AGTGTT,0.012415175724703827
AGTGTC,-0.2338897274888983
AGTGTG,-0.0670120444692834
AGTGCA,-0.2973218074151071
AGTGCT,0.02962493897813101
AGTGCC,0.08788191838386657
AGTGCG,-0.030296347420350568
AGTGGA,0.21677462311457543
AGTGGT,0.6482852539579632
AGTGGC,0.47399484716831536
AGTGGG,0.18965671313523794
AGCAAA,0.14877648412798108
AGCAAT,-0.09258420968013382
AGCAAC,-0.08914873086027611
AGCAAG,0.3027646738212996
AGCATA,-0.2752867259970631
AGCATT,-0.368041611811136
AGCATC,-0.05781486964135021
AGCATG,-0.2957886599847693
AGCACA,-0.12015213271283907
AGCACT,0.09683167931030595
AGCACC,0.14759887209524822
AGCACG,-0.20445247384972556
AGCAGA,0.2671738333582288
AGCAGT,0.31066755671862234
AGCAGC,0.22879252396895938
AGCAGG,0.019971407281793238
AGCTAA,-0.21411833087595372
AGCTAT,-0.17695550328931584
AGCTAC,-0.048693959445706
AGCTAG,-0.42911485899175733
AGCTTA,0.09017665207187991
AGCTTT,-0.043931374498279205
AGCTTC,-0.05673097207238058
AGCTTG,0.1393229774171908
AGCTCA,0.39235440419971357
AGCTCT,0.22551801992058024
AGCTCC,-0.5683501677552141
AGCTCG,0.02935332597104022
AGCTGA,0.10224005258882325
AGCTGT,-0.20470877421143158
AGCTGC,-0.07536117022260938
AGCTGG,0.17617639720063982
AGCCAA,0.523366634196584
AGCCAT,0.32387432891418627
AGCCAC,0.3195808195324917
AGCCAG,0.39620173679053133
AGCCTA,-0.04130380614123575
AGCCTT,0.21779905154727044
AGCCTC,-0.2095089467443054
AGCCTG,-0.12131366584359207
AGCCCA,-0.0020277127596517158
AGCCCT,-0.222883213741689
AGCCCC,-0.2793799887918089
AGCCCG,-0.2894543369830055
AGCCGA,0.20508436977581218
AGCCGT,0.12410392151845324
AGCCGC,0.19130565621660095
AGCCGG,-0.3242432543365806
AGCGAA,0.0623206975265847
AGCGAT,0.4803410065787013
AGCGAC,-0.05140922969577844
AGCGAG,0.10222208093329499
AGCGTA,0.27629417000098894
AGCGTT,0.2409732857883241
AGCGTC,-0.046607295295766016
AGCGTG,0.1587049982638325
AGCGCA,0.1572497576196296
AGCGCT,0.3254447295886888
AGCGCC,0.2799518863828602
AGCGCG,0.12848746506858094
AGCGGA,0.0784430548066163
AGCGGT,0.5343211283672035
AGCGGC,0.3661668545369015
AGCGGG,0.13078707012155608
AGGAAA,-0.19948806779119882
AGGAAT,-0.33510245868460453
AGGAAC,-0.48842269553886875
AGGAAG,-0.13268024516095345
AGGATA,-0.028987536873252298
AGGATT,-0.16042915620094844
AGGATC,-0.0698211536019983
AGGATG,-0.22155384074024032
AGGACA,-0.6867958848834498
AGGACT,-0.8045752243339515
AGGACC,-1.469002273788807
AGGACG,-0.5869753058312399
AGGAGA,-0.1097361743865121
AGGAGT,-0.2563495206267684
AGGAGC,-0.4254271360582242
AGGAGG,-0.6828723526188469
AGGTAA,0.5486507657940944
AGGTAT,0.25619702927780613
AGGTAC,0.10650369954911623
AGGTAG,0.26665918875037187
AGGTTA,0.18516920940646625
AGGTTT,0.23587834497708474
AGGTTC,-0.0708860554516957
AGGTTG,0.04037434925847801
AGGTCA,0.06844859454541413
AGGTCT,-0.39325089974456534
AGGTCC,-1.1355479533029933
AGGTCG,0.03860551780936317
AGGTGA,0.41627094498919637
AGGTGT,-0.0660878927603109
AGGTGC,-0.23404284177224546
AGGTGG,0.3163575215974777
AGGCAA,-0.1629785939508238
AGGCAT,-0.19582644511984884
AGGCAC,-0.4212520445790186
AGGCAG,-0.16103721214155522
AGGCTA,-0.08441936815298197
AGGCTT,0.24034632955083782
AGGCTC,-0.14420513747020713
AGGCTG,-0.30207270959812466
AGGCCA,-0.04851487166941395
AGGCCT,-0.4867308438017146
AGGCCC,-0.832909122935104
AGGCCG,-0.3166171833112331
AGGCGA,0.13217837675435604
AGGCGT,-0.03622000665477828
AGGCGC,-0.23692569082880638
AGGCGG,0.10501974209855648
AGGGAA,-0.44884913847498786
AGGGAT,-0.012492005458752639
AGGGAC,-0.898068569271141
AGGGAG,-0.42356514975178233
AGGGTA,0.013558551857948953
AGGGTT,0.08833456606789958
AGGGTC,-0.5841249984161558
AGGGTG,-0.2561446137080324
AGGGCA,-0.298274765773262
AGGGCT,-0.16507100218016343
AGGGCC,-0.805233903406873
AGGGCG,-0.26871243145949303
AGGGGA,0.024491020008295696
AGGGGT,-0.13148849099472237
AGGGGC,-0.31010013228201694
AGGGGG,-0.20279811938358855
TAAAAA,0.26056633728850853
TAAAAT,-0.19376030888237897
TAAAAC,0.13844205908747687
TAAAAG,-0.11820986287646787
TAAATA,0.21660556466257572
TAAATT,-0.2304366699420518
TAAATC,0.0895520065046409
TAAATG,-0.4187635324784908
TAAACA,0.1781352098339495
TAAACT,0.09533285579838471
TAAACC,0.4287214261141207
TAAACG,0.08119015473001322
TAAAGA,0.3487443236704302
TAAAGT,0.20050387587714502
TAAAGC,0.3468709438421115
TAAAGG,0.1300150772217668
TAATAA,0.09059689535222665
TAATAT,-0.26390154378637753
TAATAC,0.013112413092494871
TAATAG,-0.3164108294887342
TAATTA,-0.45107561936021673
TAATTT,-0.24272417838747748
TAATTC,-0.37589801137913625
TAATTG,-0.5222147931167532
TAATCA,0.05953374095190993
TAATCT,-0.10887613797930701
TAATCC,0.058840500022933395
TAATCG,0.10564618913498693
TAATGA,0.054994518942711845
TAATGT,-0.3999818067302529
TAATGC,-0.06775117681068395
TAATGG,-0.001215477224395796
TAACAA,-0.2425103538050599
TAACAT,-0.5010694488206261
TAACAC,-0.1360954427041604
TAACAG,-0.35241229300525595
TAACTA,-0.1867723025590245
TAACTT,0.016869663270587372
TAACTC,0.18936383941936746
TAACTG,-0.01991864330651923
TAACCA,0.5436297897784769
TAACCT,0.2223874076108856
TAACCC,0.44745803755848657
TAACCG,0.3454304476508478
TAACGA,0.13097309151455255
TAACGT,0.08300450271061519
TAACGC,0.2511833752697755
TAACGG,0.12231632180438266
TAAGAA,-0.17765643670379794
TAAGAT,-0.2657031657330056
TAAGAC,-0.4451118971093913
TAAGAG,-0.33446285885202365
TAAGTA,0.10412898840857958
TAAGTT,-0.10201694331770751
TAAGTC,-0.13691850701348018
TAAGTG,-0.20070281829988534
TAAGCA,-0.04213887413113611
TAAGCT,0.13046115866614094
TAAGCC,0.3044891907681621
TAAGCG,0.05388094454235311
TAAGGA,-0.18076432834534834
TAAGGT,0.4010276998760409
TAAGGC,-0.12956520435464366
TAAGGG,-0.2847365622220242
TATAAA,-0.16206037165413253
TATAAT,-0.7511787281321302
TATAAC,-0.04443450914387143
TATAAG,-0.27235586422698266
TATATA,-0.38366047814131155
TATATT,-0.21878951696029905
TATATC,-0.08801974654164556
TATATG,-0.6500723599715242
TATACA,-0.46073953828593744
TATACT,-0.4289421424479617
TATACC,0.38846172806064116
TATACG,-0.42422449158509096
TATAGA,-0.24204426197653348
TATAGT,-0.30287223794575613
TATAGC,-0.30954378022521256
TATAGG,-0.3774912560657581
TATTAA,-0.08163580596530635
TATTAT,-0.16213084714888676
TATTAC,0.1743922288841157
TATTAG,-0.2695735538971494
TATTTA,0.27913286272454674
TATTTT,0.1454524026314295
TATTTC,-0.0016133372684669675
TATTTG,-0.2522685357857817
TATTCA,0.27619574361595284
TATTCT,-0.08283600557914918
TATTCC,0.053928342025555645
TATTCG,-0.030797744148880004
TATTGA,0.48925819958125666
TATTGT,-0.04854718032666194
TATTGC,0.08634280824596853
TATTGG,0.4743382406259254
TATCAA,0.44849023196193255
TATCAT,-0.14911692529551465
TATCAC,0.40321031572107535
TATCAG,0.10666472190725067
TATCTA,0.35807419789837686
TATCTT,0.23857660006595763
TATCTC,0.2439904129537327
TATCTG,0.29076124188894664
TATCCA,0.5754708855771968
TATCCT,-0.10298481455743361
TATCCC,0.27816772927329636
TATCCG,0.3424044314938483
TATCGA,0.8505240326718568
TATCGT,0.33253008665601436
TATCGC,0.5442851864842004
TATCGG,0.46775032390388016
TATGAA,-0.167689027715998
TATGAT,-0.3392157225669638
TATGAC,-0.16139403668799865
TATGAG,-0.40498766718240853
TATGTA,-0.4638338415379381
TATGTT,-0.37996543234125085
TATGTC,-0.3296462715508131
TATGTG,-0.34980290059628444
TATGCA,-0.6021160886141733
TATGCT,-0.2789483924830262
TATGCC,-0.16712999271325135
TATGCG,-0.4256478027176135
TATGGA,0.009193545739852704
TATGGT,0.3024740183912632
TATGGC,0.11268655574989922
TATGGG,-0.11222477448900973
TACAAA,-0.13098910123861301
TACAAT,-0.7218468557171688
TACAAC,0.012204348533410046
TACAAG,-0.0904360840460795
TACATA,-0.45640854706475686
TACATT,-0.4880133640111018
TACATC,0.11441035117774412
TACATG,-0.5405013919121072
TACACA,-0.2925141292388809
TACACT,-0.21585311805153043
TACACC,0.4151993669265461
TACACG,-0.3311744708703654
TACAGA,-0.060212543332546824
TACAGT,-0.19466493469283047
TACAGC,0.08708745443650717
TACAGG,-0.1314667627423056
TACTAA,-0.3190733738110863
TACTAT,-0.1532258825861823
TACTAC,0.08069133297104177
TACTAG,-0.7507286101405479
TACTTA,0.008724819472832717
TACTTT,0.07075152718244992
TACTTC,-0.050090385390185205
TACTTG,-0.029515394125666932
TACTCA,0.4948076066115437
TACTCT,0.25180537802009906
TACTCC,-0.042751166952663885
TACTCG,0.2196253114942235
TACTGA,0.4989911661189878
TACTGT,0.10516491663519771
TACTGC,0.35101848348633996
TACTGG,0.697038236052912
TACCAA,0.5649873317373336
TACCAT,0.12490511173079653
TACCAC,0.6302567233207592
TACCAG,0.12210010974986643
TACCTA,0.48390653441472703
TACCTT,0.50626980723013
TACCTC,0.0027510333718897976
TACCTG,0.343751754556533
TACCCA,0.6899522896634261
TACCCT,0.05875656163366188
TACCCC,0.2377373959355239
TACCCG,0.3628808876928859
TACCGA,0.7329876143199089
TACCGT,0.5115951505450194
TACCGC,0.8100409320314448
TACCGG,0.2521227704152941
TACGAA,-0.31304622470114185
TACGAT,0.11109861562233296
TACGAC,0.005941788128751043
TACGAG,-0.4315118170462651
TACGTA,0.18584318990100096
TACGTT,0.053244514518812285
TACGTC,-0.10305840258714737
TACGTG,-0.07099228077864515
TACGCA,-0.03265596297405257
TACGCT,0.30124334800327635
TACGCC,0.33101465984887607
TACGCG,0.005773211911319587
TACGGA,-0.25809480826673764
TACGGT,0.5559230628753218
TACGGC,0.29141451957046605
TACGGG,-0.19477285418499418
TAGAAA,0.08828777429388504
TAGAAT,-0.5532233545787457
TAGAAC,-0.26529201993865503
TAGAAG,0.028914858053039786
TAGATA,0.3096840076452662
TAGATT,-0.4682004523926388
TAGATC,-0.48536128490005537
TAGATG,-0.2923415299703758
TAGACA,-0.3162405913972042
TAGACT,-0.5110478213005123
TAGACC,-0.2507722759228177
TAGACG,-0.29712805905639145
TAGAGA,0.17330042295356524
TAGAGT,-0.12091947314651387
TAGAGC,0.16831299363976274
TAGAGG,-0.11177249915424113
TAGTAA,-0.03590670846324398
TAGTAT,-0.49550220601433115
TAGTAC,-0.03333091909721783
TAGTAG,-0.3974080456192471
TAGTTA,-0.1891730317430564
TAGTTT,-0.2709715651587926
TAGTTC,-0.6502897254836982
TAGTTG,-0.526990560619346
TAGTCA,0.036327604932415755
TAGTCT,-0.40431502172492706
TAGTCC,-0.8140997909776078
TAGTCG,-0.14598674633674
TAGTGA,0.36669172218220353
TAGTGT,-0.33908451581194304
TAGTGC,-0.23654176513712116
TAGTGG,0.123721687223966
TAGCAA,-0.35588440165745194
TAGCAT,-0.8128926846494262
TAGCAC,-0.37725638747365525
TAGCAG,-0.5362628827438054
TAGCTA,-0.3422818280016323
TAGCTT,-0.23818048253737506
TAGCTC,-0.06967237913142292
TAGCTG,-0.34203024420098027
TAGCCA,0.4365285173736797
TAGCCT,-0.08674481694540184
TAGCCC,-0.07204043178936574
TAGCCG,0.05302356493361926
TAGCGA,0.1865825906220789
TAGCGT,-0.33018984903412846
TAGCGC,0.10281410940350409
TAGCGG,0.20503479216400786
TAGGAA,-0.3024008047106884
TAGGAT,-0.267799060453448
TAGGAC,-0.8907029819257478
TAGGAG,-0.4736428326382746
TAGGTA,0.4599532933922342
TAGGTT,0.14175559504729293
TAGGTC,-0.3144933299024377
TAGGTG,0.03056773209277004
TAGGCA,-0.22383165103936067
TAGGCT,0.010304358697383068
TAGGCC,-0.39649251262357754
TAGGCG,-0.2208442592493039
TAGGGA,-0.3422329228846487
TAGGGT,0.0171859420731609
TAGGGC,-0.40590797791168265
TAGGGG,0.04185772739378713
TTAAAA,-0.21218543739135506
TTAAAT,-0.15998560285189145
TTAAAC,0.05134083985291083
TTAAAG,0.06189393750982392
TTAATA,-0.11970010745343192
TTAATT,-0.323058071763305
TTAATC,0.10102117276714478
TTAATG,-0.05440766336193296
TTAACA,-0.4078776545135483
TTAACT,-0.12086470219379153
TTAACC,0.4172657779762036
TTAACG,0.0811924606999388
TTAAGA,-0.5286246885041345
TTAAGT,-0.21486320986756402
TTAAGC,-0.04720490672855997
TTAAGG,-0.2322126229672808
TTATAA,-0.3120881814077358
TTATAT,-0.21541565468395146
TTATAC,-0.05459013127630826
TTATAG,-0.3359096487020144
TTATTA,0.09519667886782031
TTATTT,0.05963431261758328
TTATTC,0.04652001563489291
TTATTG,0.2717576746417119
TTATCA,0.3586796221911103
TTATCT,0.5466697709652194
TTATCC,0.501193682513919
TTATCG,0.6922867187256992
TTATGA,-0.1973892050713232
TTATGT,-0.2920676032288476
TTATGC,-0.3097241723204397
TTATGG,0.11701893916326661
TTACAA,-0.18391518262923254
TTACAT,-0.3753483037060675
TTACAC,-0.18484812423741936
TTACAG,-0.22380147012152313
TTACTA,-0.07813082736577955
TTACTT,-0.0392449941327773
TTACTC,0.39899891099131735
TTACTG,0.4965355835109709
TTACCA,0.39229615230574766
TTACCT,0.557959701440443
TTACCC,0.49230022261732465
TTACCG,0.6843017290783455
TTACGA,-0.02659689391121714
TTACGT,0.0563996884621246
TTACGC,0.21376359718439425
TTACGG,0.14226924276114752
TTAGAA,-0.19898765141329142
TTAGAT,-0.21703033268351118
TTAGAC,-0.5367918701173222
TTAGAG,0.010510352728898789
TTAGTA,-0.3257948610269358
TTAGTT,-0.4676540331607852
TTAGTC,-0.11398848519164823
TTAGTG,0.11635688773461245
TTAGCA,-0.44905201675995726
TTAGCT,-0.18686357822845556
TTAGCC,0.2602642642758515
TTAGCG,0.13937612926926243
TTAGGA,-0.5819032771060199
TTAGGT,0.14590537011196614
TTAGGC,-0.10037201720853038
TTAGGG,-0.14625720026340053
TTTAAA,-0.03171734986084027
TTTAAT,-0.052418335924692895
TTTAAC,-0.0015154388200485504
TTTAAG,-0.23476378345544982
TTTATA,-0.057013538794421725
TTTATT,0.2837857690061718
TTTATC,0.707952729410924
TTTATG,-0.0001765069283551846
TTTACA,-0.19147220747655844
TTTACT,0.3361377855139666
TTTACC,0.7489918724705197
TTTACG,0.16806469616908967
TTTAGA,-0.1541888761947885
TTTAGT,-0.049797467200965624
TTTAGC,0.10103193044375569
TTTAGG,0.03472948052109785
TTTTAA,-0.2048597699872999
TTTTAT,0.35279115386006876
TTTTAC,0.17787992512641027
TTTTAG,-0.08124652651467718
TTTTTA,0.274630719296784
TTTTTT,0.013718806337894277
TTTTTC,0.23651709870980353
TTTTTG,0.03580857402424431
TTTTCA,0.12332652450715416
TTTTCT,0.2121441667846284
TTTTCC,-0.09410482789656709
TTTTCG,-0.11874279441929976
TTTTGA,0.06678673106729503
TTTTGT,-0.007540980710159833
TTTTGC,-0.0030189042235463726
TTTTGG,0.038114024172197586
TTTCAA,-0.12306138830294672
TTTCAT,-0.011539105628125615
TTTCAC,0.31892511688916847
TTTCAG,0.0712630200214907
TTTCTA,0.02004075088344619
TTTCTT,0.057987257650349316
TTTCTC,0.15324789806984215
TTTCTG,0.10112114847376807
TTTCCA,-0.008525483083148426
TTTCCT,-0.27517283852884494
TTTCCC,-0.1969203562151072
TTTCCG,-0.2794175626018875
TTTCGA,-0.26303585616499686
TTTCGT,-0.3387077070007449
TTTCGC,-0.07356256717701673
TTTCGG,-0.09604900510575709
TTTGAA,-0.14755596359052708
TTTGAT,0.3988974057710389
TTTGAC,-0.04874949805852987
TTTGAG,0.08302818960333488
TTTGTA,-0.1651023950305923
TTTGTT,-0.07684308183195154
TTTGTC,-0.19403546715613904
TTTGTG,-0.08514256687743092
TTTGCA,-0.5292366560699939
TTTGCT,0.15657337785637143
TTTGCC,0.18054838576399534
TTTGCG,-0.14520389383745208
TTTGGA,-0.2246148610450523
TTTGGT,0.5180446004461083
TTTGGC,0.3480228740461472
TTTGGG,-0.04114796019644861
TTCAAA,-0.11277691937158256
TTCAAT,0.09468649910861421
TTCAAC,0.014742281737203431
TTCAAG,-0.09539156332420697
TTCATA,-0.23309388216737792
TTCATT,-0.1932827679970988
TTCATC,0.492238774968673
TTCATG,-0.3783747282752224
TTCACA,-0.35329530516129637
TTCACT,0.3363485966606202
TTCACC,0.689464402888108
TTCACG,0.11651225035595178
TTCAGA,-0.28912205394735924
TTCAGT,0.10264090560518421
TTCAGC,0.16037989124902535
TTCAGG,0.07949486079247917
TTCTAA,-0.18083030329132693
TTCTAT,-0.1199922838328455
TTCTAC,0.03623905161620661
TTCTAG,-0.3039049079586682
TTCTTA,-0.2448419137752887
TTCTTT,-0.04681824635097688
TTCTTC,0.20785013514471132
TTCTTG,-0.02921400644944831
TTCTCA,-0.18476356044950637
TTCTCT,0.22264267476980387
TTCTCC,-0.27250906279584475
TTCTCG,-0.1808029536167647
TTCTGA,-0.190970911731828
TTCTGT,-0.25083458553628607
TTCTGC,0.040670429612293335
TTCTGG,0.2903523010076598
TTCCAA,-0.13584612728832435
TTCCAT,-0.1358668985003484
TTCCAC,0.07663941454182842
TTCCAG,0.002833037554149125
TTCCTA,-0.2612878380987529
TTCCTT,-0.2244932893585028
TTCCTC,-0.33292403656511566
TTCCTG,-0.1814646062610075
TTCCCA,-0.2915401666444114
TTCCCT,-0.35009081606171705
TTCCCC,-0.22819046008896965
TTCCCG,-0.4587058720339141
TTCCGA,-0.5582054408845447
TTCCGT,-0.23309388216737778
TTCCGC,-0.1822143009350005
TTCCGG,-0.35601262419680596
TTCGAA,-0.808354690715709
TTCGAT,0.10783041503014326
TTCGAC,-0.3199514685130906
TTCGAG,-0.33383718898320786
TTCGTA,-0.2813335110309286
TTCGTT,-0.23131639307008406
TTCGTC,-0.2114797011076561
TTCGTG,-0.4395530704470755
TTCGCA,-0.7328815609415454
TTCGCT,0.020685637599203745
TTCGCC,0.15047617163459262
TTCGCG,-0.23363874233341825
TTCGGA,-0.6969259328574892
TTCGGT,0.2613069171973868
TTCGGC,-0.141880587235444
TTCGGG,-0.25305893748552155
TTGAAA,-0.1486451470390417
TTGAAT,-0.11378148133013438
TTGAAC,0.06709064530940023
TTGAAG,0.24459251449053923
TTGATA,0.42934064667228294
TTGATT,0.13271353047048515
TTGATC,0.4111126371203607
TTGATG,0.5900881618903983
TTGACA,-0.7424474187011606
TTGACT,-0.1309643870909979
TTGACC,0.26179570574848887
TTGACG,-0.04731414914131139
TTGAGA,-0.06434196094037811
TTGAGT,0.47149626810078765
TTGAGC,0.5155821729767864
TTGAGG,-0.028101430110874785
TTGTAA,-0.2863551899450917
TTGTAT,-0.3776303091147205
TTGTAC,-0.0023816623344875003
TTGTAG,-0.276465555708097
TTGTTA,-0.24100833795030713
TTGTTT,-0.15198649333052405
TTGTTC,-0.13379276530781306
TTGTTG,0.14471799029928584
TTGTCA,-0.41000803796305396
TTGTCT,-0.43412485539991846
TTGTCC,-0.5044920496407294
TTGTCG,-0.027935710114731848
TTGTGA,-0.23010204337544982
TTGTGT,-0.4101118296029531
TTGTGC,-0.23281456136562304
TTGTGG,0.12549438456098017
TTGCAA,-0.6058886115162814
TTGCAT,-0.7549842142373558
TTGCAC,-0.37487913916721954
TTGCAG,-0.06778269999670622
TTGCTA,-0.3285040669720361
TTGCTT,-0.22340998509958968
TTGCTC,0.35445461851761123
TTGCTG,0.35048595430341656
TTGCCA,0.20237327601021118
TTGCCT,-0.17774612154772912
TTGCCC,-0.03031329694678
TTGCCG,0.16462826408193604
TTGCGA,-0.3473516983737414
TTGCGT,-0.4025451675889946
TTGCGC,0.032854114778628166
TTGCGG,-0.07881818202415525
TTGGAA,-0.172920499246842
TTGGAT,0.20493705475345433
TTGGAC,-0.6418538861723948
TTGGAG,-0.38945354650242286
TTGGTA,0.5951536359970234
TTGGTT,0.44063737008630044
TTGGTC,0.36864057571361536
TTGGTG,0.669606922100243
TTGGCA,0.1580692982553508
TTGGCT,0.5969810098939918
TTGGCC,0.18748612348037208
TTGGCG,0.531901312369855
TTGGGA,-0.24040692725375043
TTGGGT,0.484871540785138
TTGGGC,-0.11129881655144361
TTGGGG,0.022108490754203337
TCAAAA,0.009200479716659167
TCAAAT,-0.19584325936583932
TCAAAC,0.3269091047403518
TCAAAG,0.1345811767076885
TCAATA,0.5627615133739162
TCAATT,-0.11467473299506262
TCAATC,0.5425801501128232
TCAATG,0.08040406174818128
TCAACA,0.19107343595284573
TCAACT,0.0107453557964727
TCAACC,0.41716508585597395
TCAACG,0.028311114669832632
TCAAGA,0.09804035261206744
TCAAGT,-0.05657941147000259
TCAAGC,0.24869817781204778
TCAAGG,0.015710292906318486
TCATAA,-0.1360250797762885
TCATAT,-0.33461522587400033
TCATAC,-0.2334159883148744
TCATAG,-0.4184171704723006
TCATTA,0.07937047878407603
TCATTT,-0.20773717712790382
TCATTC,-0.253128500014534
TCATTG,-0.09011737604104704
TCATCA,0.6722331412287557
TCATCT,0.23363529083852846
TCATCC,0.4123066399248809
TCATCG,0.5459620073527524
TCATGA,-0.196338896848661
TCATGT,-0.5076718669715495
TCATGC,-0.28026401827030434
TCATGG,0.07862376454791264
TCACAA,-0.20264255913243542
TCACAT,-0.2093474409443329
TCACAC,-0.057284668495756814
TCACAG,-0.32344513829760946
TCACTA,0.34167283308491114
TCACTT,0.4566121127686501
TCACTC,0.36769023840755427
TCACTG,0.4829877918547736
TCACCA,0.9205923744324993
TCACCT,0.4051969037348255
TCACCC,0.5549409250041358
TCACCG,0.781166927101591
TCACGA,0.10055281408972305
TCACGT,-0.1836273241176792
TCACGC,0.3166536421535374
TCACGG,0.2276757701437665
TCAGAA,-0.25413458141268164
TCAGAT,-0.13994233382509316
TCAGAC,-0.2760726038937565
TCAGAG,-0.20784989226116876
TCAGTA,0.4709618989578892
TCAGTT,0.26196771862961177
TCAGTC,-0.14617124250896768
TCAGTG,0.3229894649877971
TCAGCA,0.412972207595938
TCAGCT,0.13087836851771456
TCAGCC,0.28336741849675406
TCAGCG,0.3535246507462024
TCAGGA,0.07818741957179023
TCAGGT,0.2847805160119467
TCAGGC,-0.04189294230733903
TCAGGG,-0.035039269009676015
TCTAAA,-0.16400975315161698
TCTAAT,-0.44651169943490593
TCTAAC,-0.026152305429448602
TCTAAG,-0.13431233760759406
TCTATA,-0.17452871423983787
TCTATT,-0.02081196374321153
TCTATC,0.2807531676163546
TCTATG,-0.27779464284609423
TCTACA,-0.21496540487031746
TCTACT,0.14377980711589072
TCTACC,0.31697844194021174
TCTACG,-0.1336657921946463
TCTAGA,-0.2748187952216648
TCTAGT,-0.724701481990245
TCTAGC,-0.13232013302992401
TCTAGG,-0.23575987547847777
TCTTAA,-0.4897738233831776
TCTTAT,-0.1969779634571764
TCTTAC,-0.13279147398181207
TCTTAG,-0.3884455718374189
TCTTTA,0.3209278396574567
TCTTTT,-0.1369507368486415
TCTTTC,0.036030361820192196
TCTTTG,0.05934075015842823
TCTTCA,0.31905133611942615
TCTTCT,0.3161537465330929
TCTTCC,0.17862377124925033
TCTTCG,0.007515480250313451
TCTTGA,0.03053897297421186
TCTTGT,-0.11286902085395438
TCTTGC,0.05618082839794379
TCTTGG,0.2439538289766843
TCTCAA,-0.10316678750179031
TCTCAT,-0.33015693751673997
TCTCAC,-0.15770308143162615
TCTCAG,-0.20668532526841973
TCTCTA,0.20378742217416554
TCTCTT,0.44512558736587354
TCTCTC,0.08039738049158328
TCTCTG,0.12728273464097803
TCTCCA,-0.23866789475388558
TCTCCT,-0.2106853163921681
TCTCCC,-0.22665386645895458
TCTCCG,-0.3898576348407634
TCTCGA,-0.08111669501989607
TCTCGT,-0.34066511488124895
TCTCGC,-0.1726446862358634
TCTCGG,-0.15550111892512986
TCTGAA,-0.2723391632325107
TCTGAT,-0.04602756557140133
TCTGAC,-0.1637791580038382
TCTGAG,-0.19066408596909318
TCTGTA,-0.042177800146489426
TCTGTT,0.007997448872211675
TCTGTC,-0.30937846615895304
TCTGTG,-0.3255945026637767
TCTGCA,-0.2027686083779386
TCTGCT,0.2604732562311792
TCTGCC,0.03117641682928076
TCTGCG,-0.03300629646816997
TCTGGA,0.13466282778199443
TCTGGT,0.46742898391336624
TCTGGC,0.27146687044975587
TCTGGG,0.10090368376800483
TCCAAA,-0.28743533148741685
TCCAAT,-0.333812267563558
TCCAAC,0.059767146416311784
TCCAAG,-0.06433531453672159
TCCATA,-0.1027284834694775
TCCATT,-0.31281435698632826
TCCATC,0.25521381027253837
TCCATG,-0.2913688914139747
TCCACA,-0.08027804961576578
TCCACT,0.15776521183341852
TCCACC,0.3576303275979118
TCCACG,-0.3238532687566087
TCCAGA,0.10567136427705304
TCCAGT,0.18814670927711363
TCCAGC,0.23314235272981154
TCCAGG,-1.3802611603157227
TCCTAA,-0.4200505991270571
TCCTAT,-0.417397915373007
TCCTAC,-0.16476324458057598
TCCTAG,-0.6346037249473351
TCCTTA,-0.1404686561854912
TCCTTT,-0.3854519323324196
TCCTTC,-0.47527142018059454
TCCTTG,-0.25025729165838995
TCCTCA,-0.292393747664269
TCCTCT,-0.16213424012969166
TCCTCC,-0.6407238148576453
TCCTCG,-0.4688561821892588
TCCTGA,0.019481618442119417
TCCTGT,-0.28257034559848243
TCCTGC,-0.1619398144746141
TCCTGG,-1.5540735539486858
TCCCAA,-0.17500006227833126
TCCCAT,-0.3529399071897039
TCCCAC,-0.22589510672924082
TCCCAG,-0.446795643819657
TCCCTA,-0.24333566254910083
TCCCTT,-0.31944786580623585
TCCCTC,-0.39837602215034573
TCCCTG,-0.4532570417849765
TCCCCA,0.06456220407046687
TCCCCT,0.06483751949530767
TCCCCC,-0.09445754368616456
TCCCCG,-0.35670942610283646
TCCCGA,-0.28097129377332575
TCCCGT,-0.4887915431113688
TCCCGC,-0.3068975964335331
TCCCGG,-0.5407026946289358
TCCGAA,-0.5743790708362823
TCCGAT,-0.3194307707663612
TCCGAC,-0.5623706106142672
TCCGAG,-0.5329174546563048
TCCGTA,-0.1560858521776682
TCCGTT,-0.28271784797659
TCCGTC,-0.34546061232588865
TCCGTG,-0.35075699342812766
TCCGCA,-0.32990766162470636
TCCGCT,0.053723260522319356
TCCGCC,0.054603352711908006
TCCGCG,-0.2627770043784202
TCCGGA,-0.6363398903191098
TCCGGT,0.19215546585297416
TCCGGC,-0.20543252267486273
TCCGGG,-0.6400135359865364
TCGAAA,-0.2577587126167489
TCGAAT,-0.41972196873302925
TCGAAC,-0.255083288290312
TCGAAG,-0.09369436937260357
TCGATA,0.7525133047736926
TCGATT,0.30019827365327334
TCGATC,0.15328149246267136
TCGATG,0.3296591962274137
TCGACA,0.05893579711167954
TCGACT,0.13870523216763528
TCGACC,0.20246049063484137
TCGACG,-0.15954152846213476
TCGAGA,-0.13733047327654518
TCGAGT,0.11279549414534429
TCGAGC,0.11535865127119489
TCGAGG,-0.4235182198780411
TCGTAA,0.009389740349839137
TCGTAT,-0.13052577896812137
TCGTAC,-0.012938054270259364
TCGTAG,-0.11760711868873834
TCGTTA,0.20744061688928653
TCGTTT,-0.11271014597723503
TCGTTC,-0.312063082288624
TCGTTG,-0.24564429824312642
TCGTCA,0.14395993080042055
TCGTCT,-0.2368513662533515
TCGTCC,-0.332757304203354
TCGTCG,-0.04201338507120272
TCGTGA,0.14506600729231167
TCGTGT,-0.5329843116425506
TCGTGC,-0.4559436436774369
TCGTGG,-0.07484704734128585
TCGCAA,-0.41875361646999903
TCGCAT,-0.5287006240743319
TCGCAC,-0.367895434830316
TCGCAG,-0.32723052909409417
TCGCTA,0.26665918875037187
TCGCTT,0.34355845487834796
TCGCTC,0.027173867911027633
TCGCTG,0.09733966190468385
TCGCCA,0.6714767653816938
TCGCCT,0.173147841489429
TCGCCC,0.2097024887451919
TCGCCG,0.34781184755919164
TCGCGA,0.08769877077256022
TCGCGT,-0.10078214968231818
TCGCGC,0.030330119308084214
TCGCGG,0.09315170696368691
TCGGAA,-0.6139709216822951
TCGGAT,-0.17591538498154308
TCGGAC,-0.8655930892464974
TCGGAG,-0.6304444291958528
TCGGTA,0.7577732328805563
TCGGTT,0.34965032900176796
TCGGTC,0.18640884575920963
TCGGTG,0.5758878970760123
TCGGCA,0.2593186471067099
TCGGCT,0.20289287674984594
TCGGCC,-0.13775075952436558
TCGGCG,0.16056231179701236
TCGGGA,-0.27258172288363214
TCGGGT,0.12960919540897697
TCGGGC,-0.43931068284632946
TCGGGG,-0.3435661419909523
TGAAAA,0.11859263203819974
TGAAAT,0.027651531330510164
TGAAAC,-0.08430861276652293
TGAAAG,0.07226896424535081
TGAATA,0.18066377927720143
TGAATT,-0.21848153820839847
TGAATC,-0.10332961853034645
TGAATG,-0.13402568144969007
TGAACA,0.07526248450054678
TGAACT,0.16398111599748919
TGAACC,0.08154688251755093
TGAACG,-0.11692697116579814
TGAAGA,0.3229098362987449
TGAAGT,0.23065482704165316
TGAAGC,0.2021784228491649
TGAAGG,0.04139489628327518
TGATAA,0.35051694429653485
TGATAT,0.17784315099500178
TGATAC,0.1532914502168992
TGATAG,0.07896602153488426
TGATTA,0.12097804524727185
TGATTT,0.2931485463666268
TGATTC,-0.3110579081986453
TGATTG,0.46042076705586577
TGATCA,0.4815354336301799
TGATCT,0.2115770387051282
TGATCC,0.35457836060033315
TGATCG,0.47434050529248445
TGATGA,0.7179609710453306
TGATGT,0.4069064755974876
TGATGC,0.23234726654426222
TGATGG,0.6735524318634125
TGACAA,-0.36079555339507463
TGACAT,-0.28588992697744114
TGACAC,-0.36821685422754546
TGACAG,-0.304519053803486
TGACTA,0.12522694084231742
TGACTT,0.10032272162786926
TGACTC,-0.01373502839015252
TGACTG,-0.03944604834032408
TGACCA,0.5340997617122034
TGACCT,0.07318439785579293
TGACCC,-0.09399722828869606
TGACCG,0.33205033991746674
TGACGA,0.08006262025729444
TGACGT,-0.1260863918837475
TGACGC,-0.11718519330590486
TGACGG,0.22696764775261333
TGAGAA,-0.1395190175591942
TGAGAT,0.1333219904669152
TGAGAC,-0.6877547605850536
TGAGAG,-0.26557641498817536
TGAGTA,0.4973635321580703
TGAGTT,0.36802580360742193
TGAGTC,0.08880841362909443
TGAGTG,0.31064778193628995
TGAGCA,0.40820322834028855
TGAGCT,0.46683577085580724
TGAGCC,0.2589523700854479
TGAGCG,0.3275429904924856
TGAGGA,-0.1874879563724997
TGAGGT,0.07045497880614852
TGAGGC,-0.34595937374539526
TGAGGG,-0.3919002035533111
TGTAAA,-0.33297708743206766
TGTAAT,-0.3402182382224078
TGTAAC,-0.23371841497091725
TGTAAG,-0.3636179981726639
TGTATA,-0.4402199541612129
TGTATT,-0.1680763016579057
TGTATC,-0.16534493258683783
TGTATG,-0.250448763632529
TGTACA,-0.0903673214244096
TGTACT,0.17022966996091562
TGTACC,0.11258402336528654
TGTACG,-0.050559554191658626
TGTAGA,-0.27633528006405306
TGTAGT,-0.17592060389443614
TGTAGC,-0.3411824177825458
TGTAGG,-0.25764356333255367
TGTTAA,-0.3930279894629014
TGTTAT,-0.18565886620847283
TGTTAC,-0.2242644182352206
TGTTAG,-0.4344482459835084
TGTTTA,0.1017762824300112
TGTTTT,-0.042587819149243894
TGTTTC,-0.4034580828483968
TGTTTG,0.0840543208858365
TGTTCA,-0.008421285171985149
TGTTCT,-0.1627945325414078
TGTTCC,-0.4904953572927398
TGTTCG,-0.3898869835076174
TGTTGA,0.16570479545516395
TGTTGT,-0.05430339363612633
TGTTGC,-0.20111923711912416
TGTTGG,0.32351693830021405
TGTCAA,-0.9318216739050317
TGTCAT,-0.20076298469667753
TGTCAC,-0.10935535450737251
TGTCAG,-0.2712250819356223
TGTCTA,-0.2853451917376058
TGTCTT,-0.3447835802720057
TGTCTC,-0.46270602679531964
TGTCTG,-0.3025791344953818
TGTCCA,-0.5866177576971372
TGTCCT,-0.6952830558482269
TGTCCC,-0.7544802685767535
TGTCCG,-0.7931709001760816
TGTCGA,0.10763066419236536
TGTCGT,-0.2606309114406945
TGTCGC,-0.13705497027326444
TGTCGG,0.04209631709627063
TGTGAA,-0.37236320294717923
TGTGAT,0.19472170182768686
TGTGAC,-0.35285112870525265
TGTGAG,-0.4807218454657596
TGTGTA,-0.41550626960765497
TGTGTT,-0.2959808752664761
TGTGTC,-0.7052464630084145
TGTGTG,-0.45748730344952593
TGTGCA,-0.5354754990958752
TGTGCT,-0.1145833318766489
TGTGCC,-0.32325263414250344
TGTGCG,-0.4658403505379136
TGTGGA,-0.0318518964240825
TGTGGT,0.4768995985767681
TGTGGC,0.09665818726997769
TGTGGG,-0.1744928269638787
TGCAAA,-0.4520312694249833
TGCAAT,-0.6886778993776482
TGCAAC,-0.34385337172669106
TGCAAG,-0.3090024647857865
TGCATA,-0.6063932121112651
TGCATT,-0.6822852352175022
TGCATC,-0.3285652004745244
TGCATG,-0.7568868675210695
TGCACA,-0.4911560042509623
TGCACT,-0.34030610713193477
TGCACC,-0.10761099348008825
TGCACG,-0.6153658030399146
TGCAGA,-0.17319833081843256
TGCAGT,-0.26450908740936396
TGCAGC,-0.020241723897403176
TGCAGG,-0.17844537992251874
TGCTAA,-0.4817613158814345
TGCTAT,-0.5412335799373732
TGCTAC,-0.36734947518565225
TGCTAG,-0.7691878077417528
TGCTTA,-0.11496000703908724
TGCTTT,-0.1892517542610002
TGCTTC,-0.3737585763091603
TGCTTG,-0.10251864352393185
TGCTCA,0.4630721398735657
TGCTCT,0.16971573553927055
TGCTCC,-0.3314822063066785
TGCTCG,0.162792056530855
TGCTGA,0.3949122898244549
TGCTGT,0.057696137214917176
TGCTGC,0.28633974295565406
TGCTGG,0.3558518986247816
TGCCAA,0.20663323442175865
TGCCAT,0.09276424955800201
TGCCAC,0.14434565707942454
TGCCAG,0.02399910942605106
TGCCTA,-0.2629662208438318
TGCCTT,0.12664454632528957
TGCCTC,-0.6205007617018258
TGCCTG,-0.3199395186636212
TGCCCA,0.002444599187343715
TGCCCT,-0.41403047096708745
TGCCCC,-0.5178446345741414
TGCCCG,-0.18702239145274555
TGCCGA,0.31982808275054386
TGCCGT,-0.10169689790475904
TGCCGC,0.2701421819454897
TGCCGG,-0.3250552695582709
TGCGAA,-0.7540789748561414
TGCGAT,0.10165484704463433
TGCGAC,-0.44227221614021
TGCGAG,-0.5624901179071039
TGCGTA,0.020230138020707254
TGCGTT,-0.15483891110012266
TGCGTC,-0.40813266554194483
TGCGTG,-0.11634018268010855
TGCGCA,-0.1695024188594622
TGCGCT,0.13789388219238569
TGCGCC,0.1802341846330318
TGCGCG,-0.11795678250765876
TGCGGA,-0.2575381061475121
TGCGGT,0.17966116435202392
TGCGGC,-0.05505977718302743
TGCGGG,-0.3671295376916387
TGGAAA,-0.014815085785140587
TGGAAT,-0.1751167743867361
TGGAAC,-0.2923995460759328
TGGAAG,0.22314355131420976
TGGATA,0.5288322224514206
TGGATT,0.11481285209150663
TGGATC,0.18241623583208622
TGGATG,0.43998676677216875
TGGACA,-0.3646175351965328
TGGACT,-0.5557120744549494
TGGACC,-1.0512726848303875
TGGACG,-0.42175447723941323
TGGAGA,-0.19047276902466104
TGGAGT,-0.05602783146966256
TGGAGC,-0.30067036332823055
TGGAGG,-0.7397114117012235
TGGTAA,0.4198968091915567
TGGTAT,0.5802654892259662
TGGTAC,0.37951369807515134
TGGTAG,0.22291671678902253
TGGTTA,0.6018771022985309
TGGTTT,0.5138508062492984
TGGTTC,-0.12337776184075133
TGGTTG,0.34208679318090623
TGGTCA,0.5856518781220749
TGGTCT,-0.0913712283796296
TGGTCC,-0.8419104285640661
TGGTCG,0.5109877640176632
TGGTGA,0.8611596807163142
TGGTGT,0.5466169047723773
TGGTGC,0.31572129251617403
TGGTGG,0.9460028915992643
TGGCAA,0.18922505227099892
TGGCAT,0.04606104845854679
TGGCAC,-0.020806011131949586
TGGCAG,0.160485401670285
TGGCTA,0.5348807584291787
TGGCTT,0.5077803907812388
TGGCTC,0.22376316841068028
TGGCTG,0.34632191028882986
TGGCCA,0.2486559559974564
TGGCCT,-0.11061939077519703
TGGCCC,-0.6981503179505534
TGGCCG,0.27917480340577544
TGGCGA,0.7412244536066003
TGGCGT,0.3453632795980729
TGGCGC,0.2849836124745527
TGGCGG,0.6667669177900976
TGGGAA,-0.2823661736115992
TGGGAT,0.1372392203800483
TGGGAC,-0.8656927672167866
TGGGAG,-0.5914230325455029
TGGGTA,0.787079000394149
TGGGTT,0.34181984294780826
TGGGTC,-0.053625901085324085
TGGGTG,0.35636307741507584
TGGGCA,-0.06834482727670087
TGGGCT,-0.019584131637911763
TGGGCC,-0.9465121600875972
TGGGCG,0.23253950477757043
TGGGGA,-0.00933713599593985
TGGGGT,0.27254126677671775
TGGGGC,-0.19591040085585093
TGGGGG,-0.23499504961562664
CAAAAA,0.02925746102620448
CAAAAT,0.04639786273689852
CAAAAC,0.11803610411275114
CAAAAG,-0.19196926923264443
CAAATA,-0.13888674539998722
CAAATT,-0.24513409094481933
CAAATC,0.03778686615853152
CAAATG,-0.5955800890330376
CAAACA,0.09967012373399842
CAAACT,0.22955027036239922
CAAACC,0.3719513867309726
CAAACG,0.15820299703220622
CAAAGA,0.028367940717457227
CAAAGT,0.12072340080779356
CAAAGC,0.16025904153033727
CAAAGG,-0.0328863991908287
CAATAA,0.29986143135491505
CAATAT,0.3230955407030511
CAATAC,0.47223387832689184
CAATAG,-0.3097486331128484
CAATTA,-0.5374938708481519
CAATTT,-0.14903932692822372
CAATTC,-0.42746885923881156
CAATTG,-0.5425429736268309
CAATCA,0.4971925698588991
CAATCT,0.03803622974562141
CAATCC,0.07852010708776457
CAATCG,0.35085702779011946
CAATGA,-0.09949835435051223
CAATGT,-0.42304287600318835
CAATGC,-0.31298268338364527
CAATGG,-0.05064855533799075
CAACAA,0.13343161380083216
CAACAT,-0.06259865631974455
CAACAC,0.11597972985467066
CAACAG,-0.07906093691301282
CAACTA,-0.5500463369192718
CAACTT,-0.09359829031666964
CAACTC,0.15966518202004037
CAACTG,0.21866080236203875
CAACCA,0.3675736740684605
CAACCT,0.0734836992694541
CAACCC,0.12536412426778965
CAACCG,0.2527913745691605
CAACGA,-0.24011163655223622
CAACGT,-0.12462824056093656
CAACGC,0.040616423546152775
CAACGG,-0.0822194608186268
CAAGAA,-0.043736310548206835
CAAGAT,0.313738932140237
CAAGAC,-0.3175216665281392
CAAGAG,0.18157380493400882
CAAGTA,0.04135329710957087
CAAGTT,-0.1687507429668646
CAAGTC,-0.1293266380547037
CAAGTG,0.1113253409779974
CAAGCA,-0.0559522359660471
CAAGCT,0.20118426494173441
CAAGCC,0.28515362609842226
CAAGCG,0.3159176415379215
CAAGGA,-0.31289179955475976
CAAGGT,0.5011930362550309
CAAGGC,0.21707925134669834
CAAGGG,-0.22968069610555503
CATAAA,0.002535963931778753
CATAAT,-0.43879421800672874
CATAAC,-0.1082723028223347
CATAAG,-0.20386207851601115
CATATA,-0.7022630139679548
CATATT,-0.1881261522599219
CATATC,0.03248059228916562
CATATG,-1.1319021115015173
CATACA,-0.3208469187181322
CATACT,-0.3132453860113964
CATACC,0.22397584432937923
CATACG,-0.3657408668453351
CATAGA,-0.2475350044383689
CATAGT,-0.12516314295400605
CATAGC,-0.2977870943099756
CATAGG,-0.29341954985871593
CATTAA,-0.10099807284952458
CATTAT,-0.04955090973674111
CATTAC,0.146936328792965
CATTAG,-0.34449194070828937
CATTTA,-0.3791923002982752
CATTTT,0.008779873399133114
CATTTC,-0.282720033128121
CATTTG,-0.5013644260824262
CATTCA,-0.18438933467029656
CATTCT,-0.3744085085647143
CATTCC,-0.36767458436182915
CATTCG,-0.39850452316054047
CATTGA,0.11711331424392585
CATTGT,-0.6021026988753251
CATTGC,-0.39540196987854176
CATTGG,-0.10434185183467252
CATCAA,0.5863072077684647
CATCAT,0.38446083533763226
CATCAC,0.6985207714929556
CATCAG,0.27833071500399376
CATCTA,-0.27381192162705437
CATCTT,0.20639014537781267
CATCTC,0.051564627993882235
CATCTG,-0.17663116487012687
CATCCA,0.3856391569248246
CATCCT,-0.2352374250974564
CATCCC,0.05012066672993846
CATCCG,0.02340393180200572
CATCGA,0.390142518807445
CATCGT,0.04779066383634848
CATCGC,0.3522633883304963
CATCGG,0.35484150431647354
CATGAA,-0.4076721945096362
CATGAT,0.06040278495219016
CATGAC,-0.2715207894698436
CATGAG,-0.3493961212998363
CATGTA,-0.6308225657612511
CATGTT,-0.4286250902921194
CATGTC,-0.5811345013648983
CATGTG,-0.8191529807427845
CATGCA,-0.6654124134998558
CATGCT,-0.32477045422557993
CATGCC,-0.26226725714336196
CATGCG,-0.6020452679815023
CATGGA,-0.3605023209218779
CATGGT,0.21446916164063934
CATGGC,0.08072515880020063
CATGGG,-0.19473022071558266
CACAAA,-0.11237207621094021
CACAAT,-0.23132464896995664
CACAAC,-0.2040090299625993
CACAAG,-0.1603853185623747
CACATA,-0.2612548481839609
CACATT,-0.460881652856236
CACATC,0.2181378525797728
CACATG,-0.7586932584578163
CACACA,-0.44267675930930733
CACACT,-0.07255352530549998
CACACC,0.3036678668625337
CACACG,-0.5137523711422415
CACAGA,-0.321933303915001
CACAGT,-0.22124986753445725
CACAGC,-0.1965412708892927
CACAGG,-0.23346603058445992
CACTAA,0.044092477732886014
CACTAT,0.08564503812857611
CACTAC,0.20266952849290337
CACTAG,-0.445554631046765
CACTTA,-0.1498122782286601
CACTTT,0.3004843710025212
CACTTC,0.4222857533736102
CACTTG,0.09355829060119837
CACTCA,0.3226180335415509
CACTCT,0.15806528765246272
CACTCC,-0.20007405514654308
CACTCG,0.10969690157644997
CACTGA,0.35108104533175616
CACTGT,0.05310982531394833
CACTGC,0.1500404493042686
CACTGG,0.441411566635243
CACCAA,0.6596361914768833
CACCAT,0.6286086594223741
CACCAC,0.89534355514203
CACCAG,0.4362871712710099
CACCTA,-0.03684056922107025
CACCTT,0.44620904572489717
CACCTC,0.07429334614628162
CACCTG,-0.06758266351879935
CACCCA,0.256195680903992
CACCCT,-0.14595391262307983
CACCCC,0.12954052582210915
CACCCG,0.1136465251046033
CACCGA,0.5424223163648635
CACCGT,0.2687890588041701
CACCGC,0.5852364140229785
CACCGG,0.13592316606799293
CACGAA,-0.42968554000195314
CACGAT,0.0030698412442884985
CACGAC,-0.10463200879807631
CACGAG,-0.45994103480969384
CACGTA,-0.16254197070697868
CACGTT,-0.09333446877755232
CACGTC,-0.49498655973624467
CACGTG,-0.7000604018583138
CACGCA,-0.13935636340562793
CACGCT,0.10121972299179494
CACGCC,0.09850703186781565
CACGCG,-0.1483975258834655
CACGGA,-0.4038840801108456
CACGGT,0.2865194376117003
CACGGC,0.037351412081007604
CACGGG,-0.4857459393689672
CAGAAA,0.12231947666547131
CAGAAT,-0.09975377289659047
CAGAAC,-0.17656208985914948
CAGAAG,0.18041675729093626
CAGATA,0.24181161838568363
CAGATT,-0.12050836340902346
CAGATC,0.389794148994975
CAGATG,-0.1818817063360165
CAGACA,-0.2863586715457029
CAGACT,-0.39727150889460866
CAGACC,-0.08265407162067415
CAGACG,-0.3454381337518592
CAGAGA,0.013558551857948953
CAGAGT,0.07271449840994607
CAGAGC,0.12563944684488745
CAGAGG,-0.1638251299882704
CAGTAA,0.5144585566289197
CAGTAT,0.15341416250485562
CAGTAC,0.5545064402307087
CAGTAG,0.12792028646365738
CAGTTA,-0.022882924729207912
CAGTTT,0.25375643193645786
CAGTTC,0.062455384317603925
CAGTTG,0.21885301454534153
CAGTCA,-0.039573509064507996
CAGTCT,-0.661259514773456
CAGTCC,-0.7929001666354738
CAGTCG,-0.2798773040860335
CAGTGA,0.4866334490692109
CAGTGT,0.06124498172563226
CAGTGC,0.08481256553905529
CAGTGG,0.3706505625673943
CAGCAA,0.36825703280507455
CAGCAT,0.02225222705910626
CAGCAC,0.3411883655870517
CAGCAG,0.43273160134698063
CAGCTA,-0.3347142519903149
CAGCTT,0.20229303687187508
CAGCTC,0.398541242663133
CAGCTG,-0.7102105457435834
CAGCCA,0.34651527935322185
CAGCCT,-0.11652936520746991
CAGCCC,-0.22057421566060068
CAGCCG,-0.07434230377478986
CAGCGA,0.1266231362307717
CAGCGT,0.3169848443021346
CAGCGC,0.3509212884531659
CAGCGG,0.18788539336335397
CAGGAA,-0.21474474349918132
CAGGAT,-0.019217147185778348
CAGGAC,-0.6084285522517565
CAGGAG,-0.3390757267666091
CAGGTA,0.22380866607102037
CAGGTT,0.05102818303923203
CAGGTC,-0.2878061342347078
CAGGTG,-0.1427663009516369
CAGGCA,-0.37094391373993124
CAGGCT,-0.19265182191786048
CAGGCC,-0.42923691032039796
CAGGCG,-0.2103638246678108
CAGGGA,-0.4161545839304893
CAGGGT,-0.10702220124794447
CAGGGC,-0.1994002086948898
CAGGGG,-0.5515748883687621
CTAAAA,-0.1282966788006314
CTAAAT,-0.2832170380036679
CTAAAC,0.16473070811577578
CTAAAG,0.06823612191267728
CTAATA,-0.2348060484754983
CTAATT,-0.5599545222016322
CTAATC,-0.4339972567550906
CTAATG,-0.4271022805220335
CTAACA,-0.38712891031955965
CTAACT,0.05340077672711525
CTAACC,0.21843766027679706
CTAACG,-0.0758666807559605
CTAAGA,-0.3437585520055055
CTAAGT,-0.057201731073716865
CTAAGC,0.1505635648422629
CTAAGG,-0.10883373969886798
CTATAA,-0.2516591050173132
CTATAT,-0.21979501172672697
CTATAC,-0.16333456899564705
CTATAG,-0.5160176015447354
CTATTA,-0.2759135872942739
CTATTT,0.07641201155258759
CTATTC,-0.37396644104879345
CTATTG,-0.14328459398572224
CTATCA,0.1568787566215138
CTATCT,0.24092633979408135
CTATCC,0.07254642069560932
CTATCG,0.40863468286944343
CTATGA,-0.2986415343985778
CTATGT,-0.22296004824001828
CTATGC,-0.2707404280034957
CTATGG,-0.08740812367208063
CTACAA,-0.1696061915354011
CTACAT,-0.38778394026493784
CTACAC,-0.18612256751895087
CTACAG,-0.21074265270353035
CTACTA,-0.223754051943672
CTACTT,0.20492274723472503
CTACTC,0.1382408775587797
CTACTG,0.26358452087272044
CTACCA,0.21184399606027648
CTACCT,0.20763936477824455
CTACCC,0.16510792770768018
CTACCG,0.4521140644949605
CTACGA,-0.24448846321050624
CTACGT,0.010555513939516679
CTACGC,-0.0011443831117311386
CTACGG,0.07402784715868682
CTAGAA,-0.33966042625018733
CTAGAT,-0.4981099864884367
CTAGAC,-0.5147832990686
CTAGAG,-0.11991509892091386
CTAGTA,-0.6999562443171127
CTAGTT,-0.9271238598574864
CTAGTC,-0.8421452355642532
CTAGTG,-0.42000371723292496
CTAGCA,-0.7775059477071196
CTAGCT,-0.396110502940944
CTAGCC,-0.2316707766039821
CTAGCG,-0.22126385151263225
CTAGGA,-0.6755574875329586
CTAGGT,-0.06557337705569366
CTAGGC,-0.5440093606223385
CTAGGG,-0.2124299949155748
CTTAAA,-0.1986121799231055
CTTAAT,-0.15452215085678994
CTTAAC,-0.10954033064421469
CTTAAG,-0.4554860416637291
CTTATA,-0.2818337387291776
CTTATT,0.03523296205764653
CTTATC,0.46140203934978524
CTTATG,-0.2616951443354668
CTTACA,-0.3198290977981167
CTTACT,0.15638927305198447
CTTACC,0.44263000486634324
CTTACG,0.030550444198425453
CTTAGA,-0.2265858955051825
CTTAGT,0.01665163359244216
CTTAGC,-0.12028080680333618
CTTAGG,-0.1092619859244495
CTTTAA,0.11266715150699352
CTTTAT,0.4357904378230767
CTTTAC,0.4701439899730346
CTTTAG,0.06234162337083418
CTTTTA,-0.15209480777650286
CTTTTT,0.23983408724314315
CTTTTC,-0.20516332259092782
CTTTTG,-0.20745336470918202
CTTTCA,0.04919347129326932
CTTTCT,0.0468704204482452
CTTTCC,-0.2122398772849224
CTTTCG,-0.09531017980432477
CTTTGA,0.21310298113339232
CTTTGT,-0.08890861455724655
CTTTGC,-0.023006285354418076
CTTTGG,0.2849182333224224
CTTCAA,0.22137207166582767
CTTCAT,0.15049647824200119
CTTCAC,0.4159043315051517
CTTCAG,0.0034419356275653995
CTTCTA,0.048536098086297115
CTTCTT,0.45263085561832406
CTTCTC,-0.038513449526656314
CTTCTG,0.1094711562455261
CTTCCA,0.26603606906927485
CTTCCT,-0.01287966286366114
CTTCCC,-0.262719504258083
CTTCCG,-0.1740885935927426
CTTCGA,-0.15143397894592428
CTTCGT,-0.3473585967512782
CTTCGC,-0.15756781764101635
CTTCGG,0.04181742467348864
CTTGAA,0.0012666246151927618
CTTGAT,0.4028677040504789
CTTGAC,-0.4868837020993135
CTTGAG,0.2437162490498348
CTTGTA,-0.149667340189418
CTTGTT,0.12948262971769856
CTTGTC,-0.40313824403705606
CTTGTG,-0.21683943277266854
CTTGCA,-0.2291083352634507
CTTGCT,0.3014922735845909
CTTGCC,0.008020242010836018
CTTGCG,-0.1068433476659064
CTTGGA,-0.09276487814533697
CTTGGT,0.6599624390192569
CTTGGC,0.4235691787687626
CTTGGG,0.1853921344595998
CTCAAA,-0.00471698987813891
CTCAAT,0.4312786773439944
CTCAAC,0.3242396681855784
CTCAAG,0.2849428341523032
CTCATA,-0.40596249682769486
CTCATT,-0.1820263538397814
CTCATC,0.49107769208870566
CTCATG,-0.32828539354706043
CTCACA,-0.5531234517849648
CTCACT,0.31153489773890214
CTCACC,0.6316710737714024
CTCACG,-0.014297304700824449
CTCAGA,-0.3421995450295604
CTCAGT,0.33869178807342926
CTCAGC,0.26350106061018946
CTCAGG,0.13774846690208134
CTCTAA,0.024680174856775334
CTCTAT,0.1848633779680669
CTCTAC,0.25313426499789193
CTCTAG,-0.006881637964326088
CTCTTA,-0.2109172146020986
CTCTTT,0.40303155821049425
CTCTTC,0.5632259001595223
CTCTTG,0.14078797877460636
CTCTCA,-0.1456832287281598
CTCTCT,0.31143874324403925
CTCTCC,-0.02202732231829082
CTCTCG,-0.18436104948198703
CTCTGA,-0.07780112171739255
CTCTGT,-0.03457450651541846
CTCTGC,0.10297131370897805
CTCTGG,0.3177397003848776
CTCCAA,-0.25518290505882646
CTCCAT,-0.23217329218834543
CTCCAC,-0.16059318638076614
CTCCAG,-0.3364722366212129
CTCCTA,-0.5896022535217216
CTCCTT,-0.3141664791069147
CTCCTC,-0.34544286892543896
CTCCTG,-0.5690355678874728
CTCCCA,-0.5377941062547601
CTCCCT,-0.3810073672621242
CTCCCC,-0.03234783386551928
CTCCCG,-0.3708690315753026
CTCCGA,-0.48947787815542626
CTCCGT,-0.6922993636376059
CTCCGC,-0.5685774687967506
CTCCGG,-0.24767971278456985
CTCGAA,-0.21001289811373297
CTCGAT,0.3657557655506127
CTCGAC,0.05520646438616544
CTCGAG,-0.9048770051980503
CTCGTA,-0.28713333257989987
CTCGTT,-0.1510946974517132
CTCGTC,-0.30029258004371057
CTCGTG,-0.42517254716953795
CTCGCA,-0.6593852254504152
CTCGCT,0.12666785441696332
CTCGCC,0.30177069240279586
CTCGCG,-0.10123008132633377
CTCGGA,-0.7705272773032651
CTCGGT,0.4024099745000489
CTCGGC,0.12532188571170103
CTCGGG,-0.39048706072092404
CTGAAA,0.10765491122109541
CTGAAT,-0.08624410580784914
CTGAAC,-0.00866320020885404
CTGAAG,-0.03356495657236635
CTGATA,0.11618739307182742
CTGATT,0.30621721066880053
CTGATC,0.35222479837060877
CTGATG,0.2613199049921068
CTGACA,-0.145706968554656
CTGACT,0.22376641025680047
CTGACC,0.43149873573647696
CTGACG,0.09540863753439112
CTGAGA,-0.22365343951406114
CTGAGT,0.29387549901497684
CTGAGC,0.47105286864350127
CTGAGG,-0.4151185398088069
CTGTAA,-0.21531701097939024
CTGTAT,-0.0063514680704584965
CTGTAC,0.21000037548768857
CTGTAG,-0.20042759347967282
CTGTTA,-0.3367637393196772
CTGTTT,0.3672046169466166
CTGTTC,-0.12248950954101052
CTGTTG,-0.12055068115180147
CTGTCA,-0.37174993235325365
CTGTCT,-0.12069848961650738
CTGTCC,-0.8437200390393198
CTGTCG,-0.18388969260220442
CTGTGA,-0.3102005893618141
CTGTGT,-0.38712833978330685
CTGTGC,-0.2743279962404576
CTGTGG,0.08135508192334708
CTGCAA,-0.07608203908487352
CTGCAT,-0.28315642865485297
CTGCAC,-0.059950645069041485
CTGCAG,-0.20481279314063286
CTGCTA,-0.5232849958586722
CTGCTT,0.12942710777211155
CTGCTC,0.3935006943066334
CTGCTG,0.4478858239921165
CTGCCA,0.17955721501980468
CTGCCT,-0.14022507381352053
CTGCCC,-0.25518290505882646
CTGCCG,0.13298762751764473
CTGCGA,-0.2757333022359867
CTGCGT,0.13697052632231954
CTGCGC,0.2533199222608375
CTGCGG,-0.07219216816473689
CTGGAA,0.005703437513869711
CTGGAT,0.432467713033489
CTGGAC,-0.5099637139668955
CTGGAG,-0.2674793651342614
CTGGTA,0.21420571250917192
CTGGTT,0.2718513152275206
CTGGTC,-0.05970508152175636
CTGGTG,0.3584697395147556
CTGGCA,0.009564530155885846
CTGGCT,0.3182416895104648
CTGGCC,-0.03040851495562439
CTGGCG,0.48082009725821134
CTGGGA,-0.29884525973015835
CTGGGT,0.4233983899697531
CTGGGC,-0.12716534604554292
CTGGGG,-0.20779346249362277
CCAAAA,0.010841613678691093
CCAAAT,-0.045673729370386114
CCAAAC,0.4767383308273539
CCAAAG,0.3149919310595498
CCAATA,0.4243373452341999
CCAATT,-0.20149759980829157
CCAATC,0.5610941529058774
CCAATG,-0.02605173933426973
CCAACA,0.32779466739832824
CCAACT,0.2694628123473101
CCAACC,0.5243263109848932
CCAACG,0.1885307620552034
CCAAGA,0.14943900461477025
CCAAGT,0.2969313758206364
CCAAGC,0.4907607860343503
CCAAGG,0.33527421636379723
CCATAA,0.1088651102590567
CCATAT,-0.04330262019698365
CCATAC,0.26343909149221906
CCATAG,0.02150188333558421
CCATTA,0.04884197898329883
CCATTT,0.15155498396340134
CCATTC,-0.022270579464025136
CCATTG,-0.023504366940758872
CCATCA,0.7104651201048272
CCATCT,0.11268762932927194
CCATCC,0.12062013451910232
CCATCG,0.470958213156384
CCATGA,0.0911068413479509
CCATGT,-0.20959711228397973
CCATGC,-0.1360364759657339
CCATGG,0.06876248328180853
CCACAA,0.14083897207560456
CCACAT,0.0616496162834533
CCACAC,0.24386812547044076
CCACAG,0.032643848076362884
CCACTA,0.11139631755594916
CCACTT,0.5086041266093333
CCACTC,0.3546175224704382
CCACTG,0.40689470091775876
CCACCA,0.8921705335726403
CCACCT,0.2663571879930746
CCACCC,0.2410639582931923
CCACCG,0.5224266819487526
CCACGA,-0.14031615639512413
CCACGT,-0.10964543989070674
CCACGC,0.1701125768801466
CCACGG,-0.010815091896728883
CCAGAA,0.29933875674511917
CCAGAT,0.32039526985808353
CCAGAC,-0.17764108020262284
CCAGAG,0.3239264255084696
CCAGTA,0.628306407644344
CCAGTT,0.4688108200389598
CCAGTC,-0.024970789605471423
CCAGTG,0.4411628513344938
CCAGCA,0.37159214869256024
CCAGCT,0.11840160148709053
CCAGCC,0.18252410895182752
CCAGCG,0.3388301200405575
CCAGGA,-1.31631578230818
CCAGGT,-1.142956024880407
CCAGGC,-1.2993340553490866
CCAGGG,-1.6246032343017631
CCTAAA,-0.006949298293205917
CCTAAT,-0.4052932720393508
CCTAAC,-0.09951982609672538
CCTAAG,0.0026007817000574403
CCTATA,-0.3356043065797473
CCTATT,-0.19430184726818517
CCTATC,0.21495665270962774
CCTATG,-0.24729955935053327
CCTACA,-0.3057609043201157
CCTACT,0.269762161970134
CCTACC,0.12978332337896392
CCTACG,-0.26437143360013365
CCTAGA,-0.3629368854427575
CCTAGT,-0.44552159230884186
CCTAGC,-0.34506704672769467
CCTAGG,-0.3005896761367843
CCTTAA,-0.3324575569021038
CCTTAT,0.15731148846434764
CCTTAC,0.07167857527104778
CCTTAG,-0.051074929936415395
CCTTTA,0.23620820746063392
CCTTTT,-0.06382990046525426
CCTTTC,-0.2030594890700928
CCTTTG,-0.0023524809908186863
CCTTCA,0.06012417497846574
CCTTCT,0.18160752606029776
CCTTCC,-0.00971754992582787
CCTTCG,-0.2771133411729451
CCTTGA,0.12087221785454971
CCTTGT,0.03608638977442098
CCTTGC,0.018595474425077283
CCTTGG,0.37038070562445397
CCTCAA,-0.02866678572964878
CCTCAT,-0.3432447811320815
CCTCAC,-0.11251329665502925
CCTCAG,-0.42481996751973045
CCTCTA,-0.10919929196499197
CCTCTT,0.16706617371109342
CCTCTC,-0.1836127125575745
CCTCTG,-0.23481905593149804
CCTCCA,-0.7844493389667313
CCTCCT,-0.8603273606775375
CCTCCC,-0.32648699645839974
CCTCCG,-0.8265777616515433
CCTCGA,-0.4019305495032449
CCTCGT,-0.6880320798931749
CCTCGC,-0.4295850157977097
CCTCGG,-0.539165177464132
CCTGAA,-0.00024035572763236884
CCTGAT,0.23946092967271496
CCTGAC,-0.03882375170745942
CCTGAG,0.006896579059060459
CCTGTA,-0.10029772131536395
CCTGTT,-0.10084139120809821
CCTGTC,-0.34839788938022087
CCTGTG,-0.17478711659996896
CCTGCA,-0.21335218218493174
CCTGCT,0.050700623730447224
CCTGCC,-0.10110906680046819
CCTGCG,-0.1366607640272313
CCTGGA,-1.650122754692271
CCTGGT,-1.336395628169628
CCTGGC,-1.5449755788703727
CCTGGG,-1.2521134069265725
CCCAAA,-0.03331796279235574
CCCAAT,0.09632376520392273
CCCAAC,0.1906524588892582
CCCAAG,0.1948972851507496
CCCATA,-0.013367808317992367
CCCATT,-0.112748582805963
CCCATC,0.17086108868296127
CCCATG,-0.24144212963765183
CCCACA,-0.0815018772481926
CCCACT,0.22642319156456592
CCCACC,0.19202629043216202
CCCACG,-0.3093212475552622
CCCAGA,0.004437877106045329
CCCAGT,0.28438914925473585
CCCAGC,-0.00359174286160247
CCCAGG,-1.0995127840013599
CCCTAA,-0.08301361670991346
CCCTAT,-0.13276579350584566
CCCTAC,-0.22578468853784903
CCCTAG,-0.47338460680172845
CCCTTA,-0.39720322444317285
CCCTTT,-0.1338795724720922
CCCTTC,-0.03457045007409385
CCCTTG,-0.2476248513311563
CCCTCA,-0.4425897313550502
CCCTCT,-0.07616973613987238
CCCTCC,-0.7076362990740835
CCCTCG,-0.8177795580619036
CCCTGA,-0.07920100738937036
CCCTGT,-0.27628929552329673
CCCTGC,-0.16715040588074087
CCCTGG,-1.6648834936744974
CCCCAA,0.11544412882784791
CCCCAT,0.09982952810629263
CCCCAC,0.028335603868872624
CCCCAG,-0.34494497404063595
CCCCTA,-0.12485020287947594
CCCCTT,0.10959129119930135
CCCCTC,-0.4450089752471306
CCCCTG,-0.5641635191386831
CCCCCA,-0.18920258999498352
CCCCCT,-0.19712374259909018
CCCCCC,-0.6441829506090326
CCCCCG,-0.6064198541332253
CCCCGA,-0.310176364301311
CCCCGT,-0.5490201695639599
CCCCGC,-0.513847369479842
CCCCGG,-0.43739815521117353
CCCGAA,-0.30961462600578565
CCCGAT,0.06248025006775628
CCCGAC,-0.30491370382434624
CCCGAG,-0.24946085963158313
CCCGTA,-0.2183091895599144
CCCGTT,-0.1358015411590619
CCCGTC,-0.4484719799622699
CCCGTG,-0.472143083528693
CCCGCA,-0.32538154992705476
CCCGCT,0.07735340105741538
CCCGCC,-0.0584238688030136
CCCGCG,-0.5038331481852776
CCCGGA,-0.5107477997261054
CCCGGT,-0.15483891110012266
CCCGGC,-0.37564638508449016
CCCGGG,-1.0798582916947879
CCGAAA,-0.08684376517819184
CCGAAT,-0.3031603149490363
CCGAAC,-0.2625162748044865
CCGAAG,0.14427010739199772
CCGATA,0.55034158345227
CCGATT,0.26306778741159875
CCGATC,0.18692516039068124
CCGATG,0.4212680964511157
CCGACA,0.004201359949536379
CCGACT,0.1395294112730761
CCGACC,0.18738288743511158
CCGACG,-0.30679765059692216
CCGAGA,-0.044661695917767585
CCGAGT,0.17949796068913465
CCGAGC,0.185138019303529
CCGAGG,-0.44519297911366784
CCGTAA,0.1219514451935632
CCGTAT,0.30389673859134475
CCGTAC,0.2843324734559843
CCGTAG,-0.12745830117980186
CCGTTA,0.1556447378301367
CCGTTT,0.22849592805280164
CCGTTC,-0.47845346827704477
CCGTTG,-0.07364224057514415
CCGTCA,0.16653403165556857
CCGTCT,-0.4929408885798787
CCGTCC,-0.6167322457871968
CCGTCG,-0.18947978349412511
CCGTGA,0.21669884587156776
CCGTGT,-0.29106918684073846
CCGTGC,-0.43348418241802256
CCGTGG,0.14974538635934198
CCGCAA,-0.10082620802530798
CCGCAT,-0.16040201717623281
CCGCAC,-0.06833906302953262
CCGCAG,-0.004694844304207729
CCGCTA,0.19270184009453512
CCGCTT,0.5750964431217463
CCGCTC,-0.10280553032289244
CCGCTG,0.14391133744637197
CCGCCA,0.6476534639246923
CCGCCT,0.12583102911919888
CCGCCC,-0.09224973365121868
CCGCCG,0.34253984536844007
CCGCGA,0.1288148863931968
CCGCGT,-0.13212973163941868
CCGCGC,0.02282879981305427
CCGCGG,-0.12505460656707587
CCGGAA,-0.2724146003209926
CCGGAT,0.044251011762137644
CCGGAC,-0.5668495144964887
CCGGAG,-0.21974796231307153
CCGGTA,0.2838032073766235
CCGGTT,0.06077608724474053
CCGGTC,-0.4644379766452339
CCGGTG,0.06490288623542638
CCGGCA,-0.34714919826119583
CCGGCT,-0.3696225456538776
CCGGCC,-0.78845736036427
CCGGCG,-0.4299724611802983
CCGGGA,-0.4667696231930847
CCGGGT,-0.4290313830536479
CCGGGC,-0.5048773685513606
CCGGGG,-0.5038287253993795
CGAAAA,-0.20670320662126507
CGAAAT,-0.22018836939011724
CGAAAC,-0.23090820005091045
CGAAAG,-0.0973238735979486
CGAATA,-0.012090685737991342
CGAATT,-0.4333304298433758
CGAATC,-0.29015991609065456
CGAATG,-0.37643787845700777
CGAACA,-0.30202472589272
CGAACT,-0.2342382396010019
CGAACC,-0.23628577554057753
CGAACG,-0.5311475292771365
CGAAGA,0.06343707130118997
CGAAGT,-0.08723259145795798
CGAAGC,-0.19182379726514084
CGAAGG,-0.1727126976873178
CGATAA,0.6036179675779746
CGATAT,0.5578578033045246
CGATAC,0.58279912339108
CGATAG,0.33093861396665836
CGATTA,0.09335865706233447
CGATTT,0.37433255958623196
CGATTC,0.10512563603255377
CGATTG,0.3763781483565003
CGATCA,0.4459373503660376
CGATCT,0.2597941270936971
CGATCC,0.16243100581547437
CGATCG,0.1482520802871392
CGATGA,0.5172928107488263
CGATGT,0.15396633103882953
CGATGC,0.032792976407275895
CGATGG,0.4028141847579348
CGACAA,-0.05972724171576672
CGACAT,-0.10114998312148274
CGACAC,-0.12637255548475224
CGACAG,-0.1672234422338544
CGACTA,-0.002543059976470693
CGACTT,0.18856223803074415
CGACTC,0.003598147997138148
CGACTG,-0.32457478883214647
CGACCA,0.43333434468115095
CGACCT,0.09913772021955712
CGACCC,-0.14800390672811845
CGACCG,0.117914623261021
CGACGA,-0.037752882831843804
CGACGT,-0.22457750029625057
CGACGC,-0.40613828214906894
CGACGG,-0.07938220566801782
CGAGAA,-0.1943517770704967
CGAGAT,0.04639704717614766
CGAGAC,-0.5525865322072961
CGAGAG,-0.10377922449565288
CGAGTA,0.33109570115122794
CGAGTT,0.07488893201207897
CGAGTC,-0.17327172127403667
CGAGTG,0.10972733482416677
CGAGCA,0.1337178032877522
CGAGCT,0.06912765145885172
CGAGCC,-0.1868623929060189
CGAGCG,0.010575201368765686
CGAGGA,-0.501794136701592
CGAGGT,-0.17374320101908275
CGAGGC,-0.6067625663611247
CGAGGG,-0.7417072745569603
CGTAAA,0.20763936477824455
CGTAAT,0.05941158972149994
CGTAAC,0.14747964739322023
CGTAAG,0.059638266319731244
CGTATA,-0.5482255534795798
CGTATT,0.3680775760365441
CGTATC,0.2925561682100262
CGTATG,-0.33971373054538395
CGTACA,-0.012993686061988297
CGTACT,0.38511520350286976
CGTACC,0.36299317288377797
CGTACG,-0.22823957874930667
CGTAGA,-0.14624024047041895
CGTAGT,0.0061312270549363805
CGTAGC,0.03686881923368376
CGTAGG,-0.2716196944416516
CGTTAA,-0.04042504890703735
CGTTAT,0.2793737812058555
CGTTAC,0.3574330940887698
CGTTAG,-0.050948067150624846
CGTTTA,0.19324360561853574
CGTTTT,0.15151755488220034
CGTTTC,-0.12129108712854572
CGTTTG,0.16774042648832424
CGTTCA,-0.022687805877005637
CGTTCT,-0.4533692609741079
CGTTCC,-0.7141665477840208
CGTTCG,-0.5042735937746906
CGTTGA,0.08751996601682346
CGTTGT,-0.2594329145347139
CGTTGC,-0.293355804838774
CGTTGG,0.11782705070953878
CGTCAA,-0.033358085375575074
CGTCAT,-0.05575700141830312
CGTCAC,0.11527526571103709
CGTCAG,0.13210384063333727
CGTCTA,-0.24577703683491345
CGTCTT,-0.37589033767525687
CGTCTC,-0.4384480743407367
CGTCTG,-0.33740959022835487
CGTCCA,-0.3269467909737243
CGTCCT,-0.57694256886645
CGTCCC,-0.6444351383389143
CGTCCG,-0.5914835267834453
CGTCGA,-0.2685864320235848
CGTCGT,-0.027702602549335823
CGTCGC,-0.2395287880324338
CGTCGG,-0.3498897991679592
CGTGAA,0.17450477613908696
CGTGAT,0.41595621817573253
CGTGAC,0.09341139883509736
CGTGAG,0.017721589228084676
CGTGTA,-0.5537678180529995
CGTGTT,-0.2216084503455716
CGTGTC,-0.6598399825421766
CGTGTG,-0.5841656591351666
CGTGCA,-0.6426646605062549
CGTGCT,-0.20358387444587805
CGTGCC,-0.37002236270764527
CGTGCG,-0.4415979249069761
CGTGGA,-0.3283258773778369
CGTGGT,0.5053673832582639
CGTGGC,0.007376218902343867
CGTGGG,-0.3444855698364816
CGCAAA,-0.1395907534677818
CGCAAT,-0.21205260511062038
CGCAAC,-0.31565428049957606
CGCAAG,-0.054724899689246605
CGCATA,-0.49609781705574735
CGCATT,-0.27744984591407884
CGCATC,0.1585919658807059
CGCATG,-0.733292329156246
CGCACA,-0.4684020629277783
CGCACT,-0.007190580545354142
CGCACC,0.07786326620060423
CGCACG,-0.41783871929718713
CGCAGA,0.0018335765262188625
CGCAGT,0.08243787606048206
CGCAGC,0.24930644464959165
CGCAGG,-0.045150487721982234
CGCTAA,0.2460988368364045
CGCTAT,0.07388663527809498
CGCTAC,0.23393195915942794
CGCTAG,-0.3408921333193642
CGCTTA,0.169104566268188
CGCTTT,0.3755622957523214
CGCTTC,0.3894580266503091
CGCTTG,0.2832417953246153
CGCTCA,0.29482001358763865
CGCTCT,0.12852961983086386
CGCTCC,-0.38309485318986425
CGCTCG,0.001873411493993731
CGCTGA,0.3654446129059309
CGCTGT,-0.013702855388495421
CGCTGC,0.20239203853444732
CGCTGG,0.31316970297192953
CGCCAA,0.560727239117894
CGCCAT,0.5022734742125883
CGCCAC,0.49582432886747835
CGCCAG,0.4286321673896988
CGCCTA,0.02884907299133465
CGCCTT,0.24686708934962015
CGCCTC,-0.18325395779390577
CGCCTG,-0.252342706006472
CGCCCA,0.22457836536066303
CGCCCT,-0.2601246218739863
CGCCCC,-0.19123807254621292
CGCCCG,-0.2844563513856938
CGCCGA,0.18473905517753011
CGCCGT,0.2763715140632238
CGCCGC,0.35954946222539363
CGCCGG,-0.4059588133761535
CGCGAA,-0.25863523590762444
CGCGAT,0.4107595066003084
CGCGAC,-0.035840246864297994
CGCGAG,-0.0571661405911202
CGCGTA,0.09517645917623291
CGCGTT,-0.04005821743960698
CGCGTC,-0.425653750629166
CGCGTG,-0.261686298339828
CGCGCA,-0.0451145949606536
CGCGCT,0.07109973903128451
CGCGCC,0.10944327994979412
CGCGCG,-0.18559335218744624
CGCGGA,-0.4141880746903639
CGCGGT,0.26376936074211915
CGCGGC,0.09954719576475012
CGCGGG,-0.41564414855016213
CGGAAA,-0.20573503697322795
CGGAAT,-0.35367749833734036
CGGAAC,-0.7310768173296518
CGGAAG,-0.07167761122932224
CGGATA,0.22356451532800373
CGGATT,0.04087225714246683
CGGATC,0.24484014135573215
CGGATG,-0.001002362796032542
CGGACA,-0.5383212262312376
CGGACT,-0.7264112742004579
CGGACC,-1.5496645765226267
CGGACG,-0.5747917980457513
CGGAGA,-0.3296823199277387
CGGAGT,-0.3820476465587175
CGGAGC,-0.4107842695857643
CGGAGG,-0.9160659875199109
CGGTAA,0.6999499278826979
CGGTAT,0.7199709462191141
CGGTAC,0.5965411975363664
CGGTAG,0.45772636307850356
CGGTTA,0.18611687188975065
CGGTTT,0.5720784463541942
CGGTTC,-0.342276629731333
CGGTTG,0.18579453619098338
CGGTCA,0.36739076019235606
CGGTCT,-0.24129362710850608
CGGTCC,-1.1903369501098378
CGGTCG,0.06648855531128187
CGGTGA,0.7797787111114947
CGGTGT,0.3887390254880516
CGGTGC,0.027493140580198708
CGGTGG,0.5294069055514609
CGGCAA,0.10307218513981405
CGGCAT,0.12606037821216995
CGGCAC,-0.0197234538667412
CGGCAG,0.0317726229996727
CGGCTA,-0.009745204559920137
CGGCTT,0.37039009233458947
CGGCTC,-0.022444636759018317
CGGCTG,-0.0839775316204052
CGGCCA,0.32858435278958964
CGGCCT,-0.347802365435134
CGGCCC,-1.0222225129002733
CGGCCG,-0.4036835868660665
CGGCGA,0.2942186907542883
CGGCGT,0.01618872734991832
CGGCGC,0.03126962978126126
CGGCGG,0.3446185353419781
CGGGAA,-0.4315020818911597
CGGGAT,0.029480593009463468
CGGGAC,-0.8670060634351663
CGGGAG,-0.6526922258676315
CGGGTA,0.3231457915970359
CGGGTT,0.1288949972666884
CGGGTC,-0.3874507114825095
CGGGTG,0.0886950971128206
CGGGCA,-0.16167462412769962
CGGGCT,-0.2925345335897929
CGGGCC,-1.2205233962357385
CGGGCG,-0.22992548120388048
CGGGGA,-0.3555743384946995
CGGGGT,-0.26339280659982156
CGGGGC,-0.6764689448317047
CGGGGG,-0.5203088176928334
GAAAAA,0.2438523575374819
GAAAAT,-0.02223832248861266
GAAAAC,0.05576357451845408
GAAAAG,-0.2186231834701695
GAAATA,0.005980188834131776
GAAATT,-0.2029408439966903
GAAATC,0.21979770562836318
GAAATG,-0.25428414771291447
GAAACA,-0.3844627206200807
GAAACT,-0.16541414260466444
GAAACC,0.27602862666154887
GAAACG,-0.12683171126716872
GAAAGA,-0.02794250358866603
GAAAGT,-0.00020766275643109938
GAAAGC,0.06808097655987448
GAAAGG,-0.09354224958958379
GAATAA,0.037674814482225344
GAATAT,0.15023137917944818
GAATAC,0.2925438512177714
GAATAG,-0.30973020967354337
GAATTA,-0.3688750284944893
GAATTT,-0.17242482709708845
GAATTC,-0.6290314971146391
GAATTG,-0.5018943206075506
GAATCA,-0.30647944492261675
GAATCT,-0.4402798672590446
GAATCC,-0.38475987797979555
GAATCG,0.01480148644878797
GAATGA,-0.28535794518768925
GAATGT,-0.3896891455139968
GAATGC,-0.5379826190974004
GAATGG,0.0029200258675972294
GAACAA,-0.0552921376607788
GAACAT,-0.32911673834772076
GAACAC,-0.39080154674110856
GAACAG,-0.04748630574966363
GAACTA,-0.5991494302823356
GAACTT,-0.2989057702797101
GAACTC,0.035715499960786254
GAACTG,0.08920195836944837
GAACCA,-0.027165718834189587
GAACCT,-0.26127587129466723
GAACCC,-0.3236804218036937
GAACCG,-0.2176322085210909
GAACGA,-0.4329372669254484
GAACGT,-0.20384591594206705
GAACGC,-0.3969943731698154
GAACGG,-0.47720128197461675
GAAGAA,0.2219160359341654
GAAGAT,0.37205363634138366
GAAGAC,-0.31834571448386784
GAAGAG,0.5411861827352794
GAAGTA,0.07142300634024325
GAAGTT,-0.21665791852761165
GAAGTC,-0.03646967978139144
GAAGTG,0.43078291609245417
GAAGCA,-0.43257954679855615
GAAGCT,-0.12225967249387742
GAAGCC,0.032747483457574555
GAAGCG,0.42302606378215013
GAAGGA,-0.4383270940197667
GAAGGT,0.2980283645059252
GAAGGC,0.138809254686179
GAAGGG,-0.04108569601169657
GATAAA,0.6282560128058903
GATAAT,0.09736204647687932
GATAAC,0.5903512585648731
GATAAG,0.4255000337093029
GATATA,-0.08180659876965117
GATATT,0.5101930726663997
GATATC,0.4661904254430144
GATATG,0.049917252583388964
GATACA,-0.1524393431872329
GATACT,0.1931112642153347
GATACC,0.747304322379054
GATACG,0.16336872772184952
GATAGA,0.24620375840190764
GATAGT,0.15128642822711275
GATAGC,0.19576276506203794
GATAGG,0.1605249108909106
GATTAA,0.034433834649871126
GATTAT,0.1475285107256214
GATTAC,0.28225130126664677
GATTAG,-0.4633944329460767
GATTTA,0.1616589917902616
GATTTT,0.35838613363283406
GATTTC,0.1255397718119414
GATTTG,-0.008421413440285576
GATTCA,-0.08855683529751136
GATTCT,-0.25280363183237387
GATTCC,-0.34958763135721954
GATTCG,-0.30403205504754827
GATTGA,0.5775348005700618
GATTGT,-0.09283945660250134
GATTGC,0.050642788309165625
GATTGG,0.49149217249909655
GATCAA,0.3998807298142636
GATCAT,0.2648845610361296
GATCAC,0.5521437730967217
GATCAG,0.3437957747704577
GATCTA,-0.41592607392735464
GATCTT,0.2597322858013791
GATCTC,0.23913866954208357
GATCTG,0.35762416090606447
GATCCA,0.18558648506736425
GATCCT,0.0025031302181184748
GATCCC,0.09704100011826801
GATCCG,0.2804372452324406
GATCGA,0.19890428642094626
GATCGT,0.1726204209765373
GATCGC,0.4731680943756148
GATCGG,0.27342252267535677
GATGAA,0.5861983896559416
GATGAT,0.617091506545757
GATGAC,0.2831830165845761
GATGAG,0.4616509742387254
GATGTA,0.041494263453137406
GATGTT,0.10456788706188457
GATGTC,0.09950030633773191
GATGTG,0.27878584147462204
GATGCA,-0.29500193978055456
GATGCT,-0.009387844649382422
GATGCC,0.20536222611336302
GATGCG,0.16662908735960286
GATGGA,0.2408431284136107
GATGGT,0.6378586751051064
GATGGC,0.4764426534477232
GATGGG,0.18132205646087113
GACAAA,-0.08544020286555178
GACAAT,-0.44636094605577276
GACAAC,-0.28057834085231165
GACAAG,-0.3222042648235081
GACATA,-0.39601465229664723
GACATT,-0.4322559947129317
GACATC,0.13831625664766753
GACATG,-0.5580561307437759
GACACA,-0.7608558052950464
GACACT,-0.22031126133669754
GACACC,-0.005898599540119078
GACACG,-0.6482082863727563
GACAGA,-0.30787961446670403
GACAGT,-0.4099965934477806
GACAGC,-0.3044891907681621
GACAGG,-0.3667528567315741
GACTAA,-0.14010694841618637
GACTAT,-0.05956929842425908
GACTAC,0.09206244735319477
GACTAG,-0.853908614185256
GACTTA,-0.12107793155323604
GACTTT,-0.05498213441735306
GACTTC,-0.1642517758137622
GACTTG,-0.04543107468239803
GACTCA,-0.03945883674054767
GACTCT,-0.12155131505645733
GACTCC,-0.5038227434707858
GACTCG,-0.22651813269435517
GACTGA,-0.18393410570308333
GACTGT,-0.6301976104381003
GACTGC,-0.5869084263411848
GACTGG,0.010699235065146794
GACCAA,0.3040965067680096
GACCAT,0.15634607039069404
GACCAC,0.27558327433271285
GACCAG,-0.16821695061241274
GACCTA,-0.31607937305807254
GACCTT,0.06250138182929507
GACCTC,-0.46001575351815616
GACCTG,-0.3751625083168985
GACCCA,-0.1301262440793745
GACCCT,-0.781366808322267
GACCCC,-0.46615852700762994
GACCCG,-0.453788309859585
GACCGA,0.1802084064542586
GACCGT,0.011518021205489375
GACCGC,-0.0453312056469364
GACCGG,-0.5836286547534554
GACGAA,-0.2918047380440327
GACGAT,0.23590804603862717
GACGAC,-0.19197797945740316
GACGAG,-0.2546971951459084
GACGTA,-0.1651345533882431
GACGTT,-0.1538264781709903
GACGTC,-0.5471575530133811
GACGTG,-0.45131746707794995
GACGCA,-0.48371356493546735
GACGCT,-0.12105180791003128
GACGCC,-0.4181672645811294
GACGCG,-0.5245940389879029
GACGGA,-0.3183585338220661
GACGGT,0.20269990916839553
GACGGC,-0.07108754222847866
GACGGG,-0.32174862701538726
GAGAAA,0.18869697685087092
GAGAAT,-0.31891103077209676
GAGAAC,-0.38064993898844046
GAGAAG,-0.014324075834405087
GAGATA,0.22179415351909126
GAGATT,0.0
GAGATC,0.27660523660269015
GAGATG,0.08447449065676342
GAGACA,-0.45921029610714337
GAGACT,-0.3948237307379004
GAGACC,-0.6695810699799972
GAGACG,-0.5465268371299685
GAGAGA,0.08944047013230778
GAGAGT,0.12802437523503823
GAGAGC,-0.04464078062262044
GAGAGG,-0.27556156116155117
GAGTAA,0.4355910457364269
GAGTAT,0.1406998821031351
GAGTAC,0.34436457099566786
GAGTAG,0.06482495833817381
GAGTTA,0.17842671253241352
GAGTTT,0.32266987795210506
GAGTTC,-0.19175702475584866
GAGTTG,0.07311147698501344
GAGTCA,0.17910177835800295
GAGTCT,-0.30672046585520474
GAGTCC,-0.5698924717966546
GAGTCG,-0.07763694518348915
GAGTGA,0.3997756182884493
GAGTGT,-0.06974244403147593
GAGTGC,-0.13304566316627556
GAGTGG,0.42859273452704183
GAGCAA,0.32822681696414424
GAGCAT,-0.08088331394846629
GAGCAC,-0.13888447444045005
GAGCAG,0.4215657057427576
GAGCTA,-0.028749413285985938
GAGCTT,0.11611775633732214
GAGCTC,-0.15694599708431595
GAGCTG,0.4254163951022981
GAGCCA,0.254487939050561
GAGCCT,-0.14812883249938308
GAGCCC,-0.4497424441059137
GAGCCG,0.007113065401270646
GAGCGA,0.04739041346162516
GAGCGT,0.3104329764079524
GAGCGC,0.05572008633092629
GAGCGG,-0.02554941055531509
GAGGAA,-0.2530395289167537
GAGGAT,-0.07375947938141982
GAGGAC,-0.9881004415931537
GAGGAG,-0.2755693486540595
GAGGTA,0.07802894281102421
GAGGTT,-0.052854574954503
GAGGTC,-0.49047448242712105
GAGGTG,-0.13411508636108083
GAGGCA,-0.5916235407027047
GAGGCT,-0.26139008026964766
GAGGCC,-0.6865561643892407
GAGGCG,-0.16554548039969166
GAGGGA,-0.5717254574307008
GAGGGT,-0.27457741090188176
GAGGGC,-0.49896990738962116
GAGGGG,-0.3370111749258233
GTAAAA,0.28646044001117105
GTAAAT,-0.007848609080110057
GTAAAC,0.30986265882930547
GTAAAG,0.513426405466048
GTAATA,0.19242100735486514
GTAATT,-0.23344326783447353
GTAATC,0.23889190828234888
GTAATG,0.18030339263771739
GTAACA,-0.18903149026698826
GTAACT,0.11520162460398432
GTAACC,0.4293533232828599
GTAACG,0.27443684570176036
GTAAGA,-0.05140317845996475
GTAAGT,0.04582381858301518
GTAAGC,0.21455980762281832
GTAAGG,0.11283838406836351
GTATAA,-0.2223813561553594
GTATAT,-0.2964760989743541
GTATAC,-0.4307829160924542
GTATAG,-0.20482067970318507
GTATTA,0.028659578411717693
GTATTT,0.19681847567473718
GTATTC,0.3355550103430526
GTATTG,0.45033531126410864
GTATCA,0.20020198207180315
GTATCT,0.1342807369833035
GTATCC,0.15926350634799893
GTATCG,0.570423063205298
GTATGA,-0.14471140929723664
GTATGT,-0.38401656470068085
GTATGC,-0.3897543066310289
GTATGG,0.3023437386896031
GTACAA,-0.06630107982124002
GTACAT,-0.057828314784494184
GTACAC,0.07125582787244043
GTACAG,0.21521049957341382
GTACTA,-0.1325981214415241
GTACTT,0.14129472101847299
GTACTC,0.314236566623488
GTACTG,0.6563872366670555
GTACCA,0.41546939178454106
GTACCT,0.09167563183323621
GTACCC,0.05245618180159576
GTACCG,0.608342961962791
GTACGA,-0.08722836733441083
GTACGT,0.13992936710418225
GTACGC,0.17157228897354462
GTACGG,0.20139384844051383
GTAGAA,0.08002915762983719
GTAGAT,-0.12694193313450775
GTAGAC,-0.16784020959924384
GTAGAG,0.16058157015754865
GTAGTA,0.16712759875952732
GTAGTT,-0.1164638985575289
GTAGTC,-0.08556941567272847
GTAGTG,0.14539196470497434
GTAGCA,-0.2764749280428394
GTAGCT,-0.1827063942048999
GTAGCC,0.18073191185832013
GTAGCG,0.23508284199191745
GTAGGA,-0.1809979298634463
GTAGGT,0.21515888668363062
GTAGGC,-0.10551434997856646
GTAGGG,-0.1461354502472509
GTTAAA,0.0002830589253224672
GTTAAT,-0.09314061001239762
GTTAAC,0.12482306473273837
GTTAAG,-0.09545155253376078
GTTATA,-0.09550482700688584
GTTATT,0.051645014890619505
GTTATC,0.6164806468622583
GTTATG,-0.08973155454679274
GTTACA,-0.17559054641339225
GTTACT,0.17340901083509722
GTTACC,0.43166748050218845
GTTACG,0.18958597413488826
GTTAGA,-0.016559053673093734
GTTAGT,-0.2202823190331776
GTTAGC,0.047628048989254664
GTTAGG,-0.19911035187005358
GTTTAA,0.07120967576431429
GTTTAT,0.20339184275405275
GTTTAC,0.3343611767166682
GTTTAG,0.2060893302759702
GTTTTA,0.16617284277748692
GTTTTT,0.20130433334373307
GTTTTC,0.06719669658746498
GTTTTG,0.12926235336993472
GTTTCA,-0.07279854891120145
GTTTCT,0.06795520406998605
GTTTCC,-0.1876756703386816
GTTTCG,-0.2622604492584698
GTTTGA,0.3139567529033119
GTTTGT,-0.04518980024425418
GTTTGC,0.053566257448988755
GTTTGG,0.48225225132193467
GTTCAA,-0.028567280510689567
GTTCAT,-0.10639485118952174
GTTCAC,0.0435145990384651
GTTCAG,0.02464165465613503
GTTCTA,-0.16091049380117967
GTTCTT,-0.41447656585648296
GTTCTC,-0.30820180268295755
GTTCTG,-0.20911162881383133
GTTCCA,-0.3916332779180127
GTTCCT,-0.45518854346059484
GTTCCC,-0.5825175522221072
GTTCCG,-0.7106971922615973
GTTCGA,-0.3053631497038051
GTTCGT,-0.2809555896908302
GTTCGC,-0.46171465342678053
GTTCGG,-0.3243106715819374
GTTGAA,0.06285411678862661
GTTGAT,0.38229700097710534
GTTGAC,-0.128801563629256
GTTGAG,0.3062153302997594
GTTGTA,-0.0007393715678786329
GTTGTT,-0.013209275571716783
GTTGTC,-0.37802819954995426
GTTGTG,-0.2106045323833186
GTTGCA,-0.377957643394307
GTTGCT,-0.06264552016663845
GTTGCC,-0.01204518359868346
GTTGCG,-0.28635630922332733
GTTGGA,0.022843477883603615
GTTGGT,0.4825044204173095
GTTGGC,0.39509938813855455
GTTGGG,0.14822528723492573
GTCAAA,-0.11200505837649487
GTCAAT,0.015543055450555815
GTCAAC,-0.10538837042308206
GTCAAG,-0.40742397259349744
GTCATA,-0.1280828530573408
GTCATT,-0.1467795150338053
GTCATC,0.2860469816243364
GTCATG,-0.25745713930339037
GTCACA,-0.27625337662815824
GTCACT,0.34514079069344583
GTCACC,0.42462560584724
GTCACG,-0.029624399670148616
GTCAGA,-0.1917432034436953
GTCAGT,0.3167627625621756
GTCAGC,0.31609041330529375
GTCAGG,-0.12821583474403322
GTCTAA,-0.5538145938512101
GTCTAT,-0.10216392263219894
GTCTAC,-0.1318376513619626
GTCTAG,-0.5580272252502848
GTCTTA,-0.6767505111044673
GTCTTT,-0.2702440356692836
GTCTTC,-0.3839973784840583
GTCTTG,-0.2906333780863612
GTCTCA,-0.6193707184374379
GTCTCT,-0.12239189766548851
GTCTCC,-0.7673397801414671
GTCTCG,-0.5759204969603663
GTCTGA,-0.30365806838550524
GTCTGT,-0.3483066942682157
GTCTGC,-0.30507675236194476
GTCTGG,-0.047563575347438616
GTCCAA,-0.7789269955135761
GTCCAT,-0.49711395659125523
GTCCAC,-0.4504231158346572
GTCCAG,-0.5459490200475688
GTCCTA,-0.66064496442833
GTCCTT,-0.6182195735531795
GTCCTC,-0.9640719839015067
GTCCTG,-0.6905512213791238
GTCCCA,-0.8114998545114244
GTCCCT,-0.9567201965344551
GTCCCC,-0.6042596304120875
GTCCCG,-0.8488494510786225
GTCCGA,-0.8508629265516997
GTCCGT,-0.9537616633036488
GTCCGC,-0.7941637425236856
GTCCGG,-0.702581212793304
GTCGAA,-0.22074319642535928
GTCGAT,0.5005121646377175
GTCGAC,-0.34762585973333304
GTCGAG,0.03546733034399508
GTCGTA,0.026883979017034897
GTCGTT,-0.1737269283341638
GTCGTC,-0.02336506580362195
GTCGTG,-0.06581975129361961
GTCGCA,-0.46600628881311507
GTCGCT,0.024241033895111203
GTCGCC,0.1965016203677886
GTCGCG,-0.06508903037250366
GTCGGA,-0.4076715075590751
GTCGGT,0.44809485121312803
GTCGGC,-0.0062605550015572345
GTCGGG,-0.3069225335193449
GTGAAA,0.2875600542709205
GTGAAT,0.07055410019185007
GTGAAC,0.1451056312523839
GTGAAG,0.3763585307014699
GTGATA,0.3540871740136586
GTGATT,0.4519300035350563
GTGATC,0.5385804985080092
GTGATG,0.7236633470057379
GTGACA,-0.07328650306354888
GTGACT,0.1554264120965385
GTGACC,0.3619799961684256
GTGACG,0.10325712518894206
GTGAGA,-0.14005867828238056
GTGAGT,0.3225740500915547
GTGAGC,0.39030286036848677
GTGAGG,-0.08317564713631556
GTGTAA,-0.2853608320695534
GTGTAT,-0.06328054631087959
GTGTAC,0.029985589144570602
GTGTAG,-0.18101179891189112
GTGTTA,-0.20880909236512232
GTGTTT,0.01906353878726448
GTGTTC,-0.3015084596964112
GTGTTG,0.17886134572905893
GTGTCA,-0.38564738635844137
GTGTCT,-0.4604687879810431
GTGTCC,-0.8284206171761075
GTGTCG,-0.08890148150804632
GTGTGA,-0.04801346510125985
GTGTGT,-0.43805287671258597
GTGTGC,-0.5032117383990259
GTGTGG,0.20559924166330018
GTGCAA,-0.4340262992827493
GTGCAT,-0.4703479225870604
GTGCAC,-0.691570307697064
GTGCAG,-0.11645697844161707
GTGCTA,-0.4906229164484712
GTGCTT,-0.15445075484826462
GTGCTC,-0.06740602753019524
GTGCTG,0.23943761088797835
GTGCCA,0.08753512159484202
GTGCCT,-0.4045142148761533
GTGCCC,-0.5991182309116689
GTGCCG,-0.034996842037096215
GTGCGA,-0.36468692615774256
GTGCGT,-0.11101252908917283
GTGCGC,-0.2204613860942702
GTGCGG,-0.09184350966584955
GTGGAA,0.0884777286190754
GTGGAT,0.4908341844924801
GTGGAC,-0.46586595172319556
GTGGAG,-0.16381438632741413
GTGGTA,0.5336680970682007
GTGGTT,0.5396133404767238
GTGGTC,0.3135682306034338
GTGGTG,0.953061276936862
GTGGCA,0.16979168882685464
GTGGCT,0.37826189199381344
GTGGCC,-0.09850048399373275
GTGGCG,0.5815506427610607
GTGGGA,-0.2864436822006344
GTGGGT,0.39778633218116355
GTGGGC,-0.13571650352985964
GTGGGG,-0.10241500542806953
GCAAAA,0.0403695840964543
GCAAAT,-0.322332596193692
GCAAAC,0.023699684653879408
GCAAAG,-0.07749189715390363
GCAATA,0.029750062711180397
GCAATT,-0.5596979650820046
GCAATC,0.053332972594735475
GCAATG,-0.484323683020484
GCAACA,-0.2990656313179191
GCAACT,-0.14381170203207902
GCAACC,-0.08519239784931233
GCAACG,-0.2904687499234243
GCAAGA,0.07810498556262266
GCAAGT,-0.10778397265135621
GCAAGC,-0.015616260614934133
GCAAGG,0.020222637363060222
GCATAA,-0.3123127002903816
GCATAT,-0.5840458001417402
GCATAC,-0.4283706271986508
GCATAG,-0.3800789217177485
GCATTA,-0.0873493861190943
GCATTT,-0.39044196468546927
GCATTC,-0.5639841130793648
GCATTG,-0.31364420406501214
GCATCA,0.2624964053298424
GCATCT,-0.20318908767395752
GCATCC,-0.11454494592379359
GCATCG,-0.05774303823543653
GCATGA,-0.36638348997920495
GCATGT,-0.7820750746757327
GCATGC,-0.8235394055874479
GCATGG,-0.12282411050291386
GCACAA,-0.23962025260088643
GCACAT,-0.4997917724069838
GCACAC,-0.48457811167052245
GCACAG,-0.29485847642222374
GCACTA,-0.2292496348895423
GCACTT,-0.047038260210813095
GCACTC,-0.12225455648284586
GCACTG,0.08763140387732388
GCACCA,0.2944182144735261
GCACCT,-0.1410828087773571
GCACCC,-0.49550477501446333
GCACCG,0.0344793936742023
GCACGA,-0.40809323051443386
GCACGT,-0.4017087942654158
GCACGC,-0.3901530418950033
GCACGG,-0.4176088687480307
GCAGAA,0.09371054942505694
GCAGAT,0.12619563122491165
GCAGAC,-0.2653423036457306
GCAGAG,0.08992470752798697
GCAGTA,0.2912368922145841
GCAGTT,0.060355493521353006
GCAGTC,-0.7208917091936007
GCAGTG,0.22501874719654524
GCAGCA,0.2988730120674134
GCAGCT,-0.08263870043788807
GCAGCC,-0.12357578625919753
GCAGCG,0.23821155403297098
GCAGGA,-0.09317624313815341
GCAGGT,0.10223360127533913
GCAGGC,-0.21689498338322932
GCAGGG,-0.09317960526530408
GCTAAA,0.10555177510184441
GCTAAT,-0.3033252071503804
GCTAAC,0.05607605616270048
GCTAAG,-0.07878317353459312
GCTATA,-0.3520202530096977
GCTATT,-0.12180730416255531
GCTATC,0.2418725364204867
GCTATG,-0.3109630593893771
GCTACA,-0.3064381271772895
GCTACT,0.04889945975946377
GCTACC,0.22048750725609362
GCTACG,0.1095052088556172
GCTAGA,-0.22446717824471804
GCTAGT,-0.7676848173596181
GCTAGC,-0.48517887442166885
GCTAGG,-0.3774020420412544
GCTTAA,0.027853765580009054
GCTTAT,0.17314225886650245
GCTTAC,0.25043339292432243
GCTTAG,0.02117227992605562
GCTTTA,0.3371487939369245
GCTTTT,0.11606906639069531
GCTTTC,0.04159990198849972
GCTTTG,0.16391888306130767
GCTTCA,0.18212618160319113
GCTTCT,0.1556036404896986
GCTTCC,-0.1220580579293632
GCTTCG,-0.18889843421897226
GCTTGA,0.20448426418682272
GCTTGT,-0.03451273199443038
GCTTGC,0.02281314237659326
GCTTGG,0.40265216673154974
GCTCAA,0.49342084582206164
GCTCAT,0.1161116559214263
GCTCAC,0.27843897875708973
GCTCAG,0.4213978138647323
GCTCTA,0.2000327055992724
GCTCTT,0.23433750645478607
GCTCTC,-0.001792115174981688
GCTCTG,0.17901056289459122
GCTCCA,-0.20984450048573
GCTCCT,-0.5634180738851612
GCTCCC,-0.4604116635669098
GCTCCG,-0.4452498900927973
GCTCGA,0.058840500022933395
GCTCGT,-0.19079192543315845
GCTCGC,0.07538199292271325
GCTCGG,0.08277526786958948
GCTGAA,0.14681387237120444
GCTGAT,0.44685214280166424
GCTGAC,0.288856688518336
GCTGAG,0.29793048694314905
GCTGTA,0.0069413286098813365
GCTGTT,0.14878915842047155
GCTGTC,-0.38189330459911897
GCTGTG,-0.23109115985061848
GCTGCA,-0.009036956224672852
GCTGCT,0.22591524605656899
GCTGCC,0.015615686125921667
GCTGCG,0.17881221215222642
GCTGGA,0.19458101316503087
GCTGGT,0.3324606858181378
GCTGGC,0.3799529912719698
GCTGGG,0.05114249894128716
GCCAAA,0.3373848314633421
GCCAAT,0.3190957281993426
GCCAAC,0.44918865906825367
GCCAAG,0.4654056864054867
GCCATA,0.1979265548628446
GCCATT,0.19383183826310263
GCCATC,0.5047280438978723
GCCATG,0.08914163687232053
GCCACA,0.0493613302328631
GCCACT,0.3960753677583254
GCCACC,0.5791360919261102
GCCACG,-0.04409752299123977
GCCAGA,0.3358474318523709
GCCAGT,0.5615267766990274
GCCAGC,0.39970319315557407
GCCAGG,-1.395550174106602
GCCTAA,-0.11526207197129441
GCCTAT,-0.08358198966309599
GCCTAC,-0.01807883186833472
GCCTAG,-0.3904915663180019
GCCTTA,-0.08377130935380724
GCCTTT,0.18220678576203705
GCCTTC,0.0749013081731177
GCCTTG,0.22680581380011913
GCCTCA,-0.34753913634387484
GCCTCT,-0.0975211724927702
GCCTCC,-0.7619047302432458
GCCTCG,-0.6114054995840739
GCCTGA,0.03030908363224849
GCCTGT,-0.1803719669827328
GCCTGC,-0.19965880567178765
GCCTGG,-1.6257110340329428
GCCCAA,-0.01794501661783912
GCCCAT,-0.015410942095597412
GCCCAC,-0.13828833137440222
GCCCAG,-0.05242322901931304
GCCCTA,-0.37963090455340104
GCCCTT,-0.3678126883491883
GCCCTC,-0.755088219189652
GCCCTG,-0.2961788068817494
GCCCCA,-0.28283326877037923
GCCCCT,-0.6144974416487278
GCCCCC,-0.40016372425031943
GCCCCG,-0.6247987635645902
GCCCGA,-0.38861753753555306
GCCCGT,-0.2986993577205899
GCCCGC,-0.353101097698723
GCCCGG,-0.47443054437652415
GCCGAA,-0.0773199445843984
GCCGAT,0.5835849780484189
GCCGAC,0.02678521787301728
GCCGAG,0.1537894081470284
GCCGTA,0.2602420869240253
GCCGTT,0.11676792605451579
GCCGTC,-0.22523813034472057
GCCGTG,0.01645035769896891
GCCGCA,-0.055518418762678844
GCCGCT,0.33648836578354513
GCCGCC,0.46362002440590117
GCCGCG,0.12236247079898369
GCCGGA,-0.1570821586579819
GCCGGT,-0.256065031039504
GCCGGC,-1.015466093862841
GCCGGG,-0.40052870165334237
GCGAAA,-0.06212999750915037
GCGAAT,-0.23107791205135414
GCGAAC,-0.36844309905446765
GCGAAG,-0.15633819138077026
GCGATA,0.4542898032605242
GCGATT,0.4656076351367915
GCGATC,0.5242158220848729
GCGATG,0.3347461989916814
GCGACA,-0.20595971421394207
GCGACT,-0.14185006173902068
GCGACC,0.2337631201416699
GCGACG,-0.20838166346381962
GCGAGA,-0.1818117428649925
GCGAGT,0.20134936912941284
GCGAGC,0.040337615726575335
GCGAGG,-0.5061915262797593
GCGTAA,0.27962975516552513
GCGTAT,0.21713167196740613
GCGTAC,0.16427348692225166
GCGTAG,-0.03315220731690051
GCGTTA,0.19462624933953437
GCGTTT,0.2446876820116167
GCGTTC,-0.4216130945161464
GCGTTG,0.018850201416583588
GCGTCA,-0.0426925843013135
GCGTCT,-0.34837713912753127
GCGTCC,-0.6183119271157352
GCGTCG,-0.37075504001598264
GCGTGA,0.40645678908855915
GCGTGT,-0.36631795546763296
GCGTGC,-0.3353880297929238
GCGTGG,0.08479980218478965
GCGCAA,0.0704460461432414
GCGCAT,-0.1935951476321183
GCGCAC,-0.1684096758719041
GCGCAG,0.35180358228395986
GCGCTA,0.0330756980656194
GCGCTT,0.20120226809028532
GCGCTC,0.05436907768953215
GCGCTG,0.3627183168315214
GCGCCA,0.32304297037494106
GCGCCT,-0.27545162116281147
GCGCCC,-0.25434352289140166
GCGCCG,0.003977026894632934
GCGCGA,0.035525948630829814
GCGCGT,-0.03711766295650251
GCGCGC,-0.057109679708990405
GCGCGG,-0.051929884174099834
GCGGAA,-0.10148698325539723
GCGGAT,0.3433267252734861
GCGGAC,-0.7755002887454048
GCGGAG,-0.4084065143623316
GCGGTA,0.7082508063054556
GCGGTT,0.18236073483858345
GCGGTC,-0.031073636624657754
GCGGTG,0.6101836561032752
GCGGCA,0.19087684054423587
GCGGCT,0.24919883945453064
GCGGCC,-0.0447755482275598
GCGGCG,0.4115531809624834
GCGGGA,-0.3809532967823221
GCGGGT,0.3044451679643428
GCGGGC,-0.30496430310964207
GCGGGG,-0.526153100097091
GGAAAA,-0.009889305939728303
GGAAAT,-0.11230122931159817
GGAAAC,-0.217823912936347
GGAAAG,-0.25473505164509186
GGAATA,0.13620594947271705
GGAATT,-0.4891686466464693
GGAATC,-0.46731762172164315
GGAATG,-0.4027514022365682
GGAACA,-0.46069661908541326
GGAACT,-0.5023523265613683
GGAACC,-0.4985380504139377
GGAACG,-0.6183022088280693
GGAAGA,0.2217110915362479
GGAAGT,-0.0560834561145731
GGAAGC,-0.3142583398884319
GGAAGG,-0.004673745699879707
GGATAA,0.44686776653711846
GGATAT,0.3620464877406433
GGATAC,0.03269658707633822
GGATAG,0.08988217354214441
GGATTA,0.14188758589520067
GGATTT,0.0535884087162393
GGATTC,-0.42356881788814904
GGATTG,0.1558440799296452
GGATCA,0.3279716378215732
GGATCT,0.1690563637869077
GGATCC,-0.2814644358409104
GGATCG,0.19197728560517685
GGATGA,0.4646387357122432
GGATGT,0.004658510190510159
GGATGC,-0.13564300979329913
GGATGG,0.1275652390508445
GGACAA,-0.40733252228295974
GGACAT,-0.6242537868149313
GGACAC,-0.6906726385149016
GGACAG,-0.6264144731333902
GGACTA,-0.7290339398934695
GGACTT,-0.6988632964732336
GGACTC,-0.6280665070642858
GGACTG,-0.7410281711055179
GGACCA,-1.2116788851254932
GGACCT,-1.2804588988846253
GGACCC,-1.7850163553431648
GGACCG,-1.1173481997255794
GGACGA,-0.3645661638745089
GGACGT,-0.5677609643998242
GGACGC,-0.686405758148591
GGACGG,-0.6681837939864185
GGAGAA,-0.20393241571898524
GGAGAT,-0.06712950127035774
GGAGAC,-0.7904316946679878
GGAGAG,0.028382539577286512
GGAGTA,-0.17208121523971054
GGAGTT,-0.2717945269525521
GGAGTC,-0.49482643039271673
GGAGTG,-0.082369144378506
GGAGCA,-0.3798226774948267
GGAGCT,-0.5451098515379794
GGAGCC,-0.42378368863184906
GGAGCG,-0.36261233885265715
GGAGGA,-0.7309871547986667
GGAGGT,-0.6539080340570473
GGAGGC,-0.750949662397726
GGAGGG,-0.5653671580324411
GGTAAA,0.7134083656997673
GGTAAT,0.45146754213152845
GGTAAC,0.4734569174090421
GGTAAG,0.4530060528771645
GGTATA,0.27443684570176036
GGTATT,0.724466588202831
GGTATC,0.7442467578384409
GGTATG,0.291501826231518
GGTACA,0.06808912086059463
GGTACT,0.5698330965727484
GGTACC,0.3580429332081573
GGTACG,0.3178857106545259
GGTAGA,0.39874615785941947
GGTAGT,0.2942846513394508
GGTAGC,0.2836712141788335
GGTAGG,0.18517493888795603
GGTTAA,0.3723432720964572
GGTTAT,0.5536531072876875
GGTTAC,0.38760409747866875
GGTTAG,0.16374285176460707
GGTTTA,0.47856718195568065
GGTTTT,0.5063968031883872
GGTTTC,0.2952671345088409
GGTTTG,0.35509219556202615
GGTTCA,-0.07589448019764827
GGTTCT,-0.24018625098220425
GGTTCC,-0.42299758686980504
GGTTCG,-0.17758763942472333
GGTTGA,0.39656416136288053
GGTTGT,-0.011928570865273845
GGTTGC,-0.05033170910242109
GGTTGG,0.4400626662627342
GGTCAA,0.3788499002586845
GGTCAT,0.117645682452404
GGTCAC,0.31129193809091477
GGTCAG,0.4080873006647164
GGTCTA,-0.23105915992687087
GGTCTT,-0.30288844789704555
GGTCTC,-0.703276698798801
GGTCTG,-0.015481051508375575
GGTCCA,-0.9183937820709339
GGTCCT,-1.0140222203674902
GGTCCC,-1.2204402423159773
GGTCCG,-1.4207933773757018
GGTCGA,0.19875923577048235
GGTCGT,0.1977859713935611
GGTCGC,0.18696218674956186
GGTCGG,0.13858616328614673
GGTGAA,0.6321899360102159
GGTGAT,0.9069954268512112
GGTGAC,0.43059531642958343
GGTGAG,0.6723225257952277
GGTGTA,0.4346478748652242
GGTGTT,0.35613293850540934
GGTGTC,-0.015311860350162295
GGTGTG,0.2909067399989228
GGTGCA,-0.17163970844709414
GGTGCT,0.06304304128574752
GGTGCC,-0.09013670508830512
GGTGCG,0.13116160462941662
GGTGGA,0.408307854563203
GGTGGT,0.9165004854145151
GGTGGC,0.5856992927411961
GGTGGG,0.24846135929849955
GGCAAA,0.15815985726008164
GGCAAT,-0.012289321229936567
GGCAAC,-0.07549744021108618
GGCAAG,0.02227174976792184
GGCATA,-0.26476082584574356
GGCATT,-0.022782709580906554
GGCATC,0.28547776736525
GGCATG,-0.2626494762391634
GGCACA,-0.38670243831104933
GGCACT,0.05741617901730056
GGCACC,-0.12871554455837386
GGCACG,-0.3592185227769967
GGCAGA,0.05022996356023004
GGCAGT,-0.02541274018694641
GGCAGC,0.022622388562617647
GGCAGG,-0.10592158272005706
GGCTAA,0.24887123136560133
GGCTAT,0.19629389833585925
GGCTAC,0.22314355131420976
GGCTAG,-0.21864257548399582
GGCTTA,0.3556250750758955
GGCTTT,0.4738058321088077
GGCTTC,0.12172749312203159
GGCTTG,0.3025518639240349
GGCTCA,0.15778123073360875
GGCTCT,0.12073468290741433
GGCTCC,-0.3274354861673093
GGCTCG,-0.2363887780642304
GGCTGA,0.2500966826392305
GGCTGT,-0.27032805775862945
GGCTGC,-0.1531470632629428
GGCTGG,0.14121189343442556
GGCCAA,0.20497072743736447
GGCCAT,-0.009532960658723638
GGCCAC,-0.03918934109636983
GGCCAG,0.034528707544466006
GGCCTA,-0.30554308308127653
GGCCTT,-0.17586075127322678
GGCCTC,-0.7329224736331619
GGCCTG,-0.531849811757667
GGCCCA,-0.7319099133983749
GGCCCT,-1.0492664145649548
GGCCCC,-1.1761259686688144
GGCCCG,-1.0701203328738034
GGCCGA,0.001622060371868051
GGCCGT,-0.13838072668596005
GGCCGC,-0.08474034693142987
GGCCGG,-0.8572033893766066
GGCGAA,0.15063468593022003
GGCGAT,0.7939129623617527
GGCGAC,0.20539870076315306
GGCGAG,0.24321623934535186
GGCGTA,0.3342555940659798
GGCGTT,0.18672429823562597
GGCGTC,-0.32876032704079833
GGCGTG,0.152308971264877
GGCGCA,0.21936554915926335
GGCGCT,0.2307341570525444
GGCGCC,-1.29433570154908
GGCGCG,0.07376615023960909
GGCGGA,0.11055701971916308
GGCGGT,0.6004780798504566
GGCGGC,0.4961921809123633
GGCGGG,-0.08104121000312589
GGGAAA,-0.12219415882135966
GGGAAT,-0.4754610605705309
GGGAAC,-0.7042573941050393
GGGAAG,-0.3474412679917869
GGGATA,0.21681595658314923
GGGATT,0.011109642822306294
GGGATC,0.22961201413929144
GGGATG,0.11103192368680836
GGGACA,-0.8043618961958331
GGGACT,-0.7785164500979105
GGGACC,-1.263420262969356
GGGACG,-0.7718747602057703
GGGAGA,-0.20040038866228943
GGGAGT,-0.3925709466551499
GGGAGC,-0.632046452045218
GGGAGG,-0.40259641400368623
GGGTAA,0.525239888190529
GGGTAT,0.5998123750728166
GGGTAC,0.09063169998445897
GGGTAG,0.23411622998368525
GGGTTA,0.4598892070480176
GGGTTT,0.2554719037847169
GGGTTC,-0.338119231229035
GGGTTG,0.15233414890086028
GGGTCA,-0.009496747537257197
GGGTCT,-0.4846853990050399
GGGTCC,-1.4958864174967486
GGGTCG,-0.15839527035086917
GGGTGA,0.5388407253604582
GGGTGT,0.006116227017436054
GGGTGC,-0.5385830122990309
GGGTGG,0.16729981509811695
GGGCAA,-0.06447051011976014
GGGCAT,-0.23480273490859563
GGGCAC,-0.5605470312124066
GGGCAG,-0.16421457137615927
GGGCTA,-0.2160214752397966
GGGCTT,0.07596646200234099
GGGCTC,-0.3862337461802767
GGGCTG,-0.2008749646897023
GGGCCA,-0.661141963207286
GGGCCT,-1.0063784531417075
GGGCCC,-1.752694588088179
GGGCCG,-0.9054262392265614
GGGCGA,0.10425945380848342
GGGCGT,-0.006811282830770686
GGGCGC,-0.3140372685542826
GGGCGG,-0.047340258159303476
GGGGAA,-0.3038191098547536
GGGGAT,0.36329018305745153
GGGGAC,-0.8392583506137626
GGGGAG,-0.0010384216924817153
GGGGTA,0.24832885631698876
GGGGTT,0.010364813626445899
GGGGTC,-0.5846638802494194
GGGGTG,-0.03123132311980248
GGGGCA,-0.46969417542924785
GGGGCT,-0.15216458185562892
GGGGCC,-0.933159150993596
GGGGCG,-0.20211642165179705
GGGGGA,-0.10087679457637841
GGGGGT,-0.3146948716978496
GGGGGC,-0.5080946252547591
GGGGGG,-0.1795399138320779
