Item,cod,non,color
AAAAAA,-0.4391160925862038,-0.21169027407277763,6-mer
AAAAAT,0.16590948704273334,0.12921429263670575,6-mer
AAAAAC,-0.11295452896017227,0.09517460454818677,6-mer
AAAAAG,-0.029807194510204603,0.21234699238494414,6-mer
AAAATA,0.33065653329277356,0.3252767115726792,6-mer
AAAATT,-0.27880454717904385,-0.5470115797375525,Inverted repeat
AAAATC,0.33548533419294396,0.4510224055859154,6-mer
AAAATG,0.31387582259262947,0.1281468874407416,6-mer
AAAACA,-0.04089803118199852,-0.20945336562894964,6-mer
AAAACT,-0.18187326028575593,-0.03708065205228847,6-mer
AAAACC,0.3506393915288896,0.6734941720540802,6-mer
AAAACG,0.30614509764643477,0.22227139494982523,6-mer
AAAAGA,-0.3486938290422704,-0.20443975192294547,6-mer
AAAAGT,-0.24345633746289594,-0.03389459846849133,6-mer
AAAAGC,-0.17482187166582863,0.0593581143791222,6-mer
AAAAGG,-0.07571433540600282,-0.29684788428403697,6-mer
AAATAA,-0.09417399308144848,0.07159879704779133,6-mer
AAATAT,-0.06091058200333298,-0.16967120690548249,6-mer
AAATAC,0.46047097084467725,0.4410974767197833,6-mer
AAATAG,0.4458910004655149,0.14814045381265095,6-mer
AAATTA,-0.2315234330885763,-0.5069749979535106,Inverted repeat
AAATTT,-0.3926178047421255,-0.6073022987453603,Palindromes
AAATTC,0.2436918231369042,-0.2504221299116675,Inverted repeat
AAATTG,0.052437926276755725,-0.20611413613189664,Inverted repeat
AAATCA,-0.013887250923874205,0.3853430706655892,6-mer
AAATCT,-0.16432832249104287,-0.24907175279574628,6-mer
AAATCC,0.29782638098148234,0.1126527848020989,6-mer
AAATCG,0.40115228933678726,0.5233895855133975,6-mer
AAATGA,-0.19057747089999807,-0.18210124903563707,6-mer
AAATGT,-0.4122965932335669,-0.8245797780257079,6-mer
AAATGC,0.11783649029385809,-0.5173000172452394,6-mer
AAATGG,0.308898146438244,0.35862957739323464,6-mer
AAACAA,-0.3304546464624406,-0.30695836222869566,6-mer
AAACAT,-0.26247337333950227,-0.5201364814578893,6-mer
AAACAC,0.287566100095888,0.2629223562014211,6-mer
AAACAG,0.532951702144613,0.487199237323458,6-mer
AAACTA,-0.5581934079841073,-0.301081309981758,6-mer
AAACTT,-0.6074602650178736,-0.3348646554438945,Inverted repeat
AAACTC,0.34361108923293504,0.6065689569105311,6-mer
AAACTG,0.08034881951036367,0.3651305756986388,6-mer
AAACCA,-0.004661010056874341,0.7872432648252455,6-mer
AAACCT,0.1464555397322814,0.3966831581966161,6-mer
AAACCC,0.07253641179081416,0.3615480168211504,6-mer
AAACCG,0.14355390360923198,0.6319563884312952,6-mer
AAACGA,-0.3843189141808692,-0.3023278607891234,6-mer
AAACGT,0.07583583807199429,-0.052396836218351985,6-mer
AAACGC,0.4406074058755616,0.6800430496190574,6-mer
AAACGG,0.37886117448958684,0.37805161162133466,6-mer
AAAGAA,-0.16065496369795879,-0.1057423061485272,6-mer
AAAGAT,-0.41130671095489973,0.04784243936942129,6-mer
AAAGAC,-0.0842421666372589,-0.41247821512167715,6-mer
AAAGAG,0.4073542831289129,0.545763471116848,6-mer
AAAGTA,-0.30789324491839243,0.148145617775536,6-mer
AAAGTT,-0.6921639252597536,-0.40483790478144843,Inverted repeat
AAAGTC,0.3675273836820542,0.21473884879301258,6-mer
AAAGTG,0.2069434609949644,0.459919097959688,6-mer
AAAGCA,-0.3499692708510166,-0.3136915323179044,6-mer
AAAGCT,-0.3732487080113994,-0.04092417423729475,6-mer
AAAGCC,0.3092071119458024,0.6188406218559973,6-mer
AAAGCG,0.1707422450952281,0.4896006445982962,6-mer
AAAGGA,-0.2724521446648958,-0.5777005975987011,6-mer
AAAGGT,-0.08423791086829045,0.11175092596165204,6-mer
AAAGGC,0.23870954304527695,0.1637562748707278,6-mer
AAAGGG,0.28042572843311914,-0.10493353005654062,6-mer
AATAAA,0.22248708947132137,0.4346874635944418,6-mer
AATAAT,-0.3051257393228266,-0.2075076930992583,6-mer
AATAAC,0.12278730565219516,0.13454821739795358,6-mer
AATAAG,-0.11080678588593444,-0.09195663162468297,6-mer
AATATA,-0.6162841117437429,-0.5529482763951779,Inverted repeat
AATATT,0.3185295184254974,0.07535713541386163,Palindromes
AATATC,0.6378648305365008,0.7698839532276727,Inverted repeat
AATATG,0.13534252324522028,-0.20867331962947128,Inverted repeat
AATACA,0.2618071024497916,-0.018437248256676093,6-mer
AATACT,0.3643683548995656,0.37959744496145037,6-mer
AATACC,0.8422815141854423,1.076190950977699,6-mer
AATACG,0.7181065669148902,0.5270281714026859,6-mer
AATAGA,0.23967041276828346,-0.018918982163051584,6-mer
AATAGT,-0.04756568325205567,-0.3603573564955959,6-mer
AATAGC,0.03491173611626745,-0.10993670304876053,6-mer
AATAGG,0.13313681251501547,-0.22817735016929833,6-mer
AATTAA,-0.37714370749933035,-0.656961627976206,6-mer
AATTAT,-0.552626854307079,-0.6842066912847391,6-mer
AATTAC,-0.3060732455802361,-0.6166713604484944,6-mer
AATTAG,-0.24525652968818476,-0.6824213055756886,6-mer
AATTTA,-0.377123749129487,-0.31761510201627974,6-mer
AATTTT,-0.3850626247681644,-0.7398960070377842,Inverted repeat
AATTTC,0.06202172660738434,-0.2426599955354558,6-mer
AATTTG,-0.12661520760719866,-0.4103391967932902,6-mer
AATTCA,0.008693142290870917,-0.21127925208144693,6-mer
AATTCT,-0.16796696642529843,-0.8081443584881851,6-mer
AATTCC,0.11314550508572785,-0.6500292405276462,6-mer
AATTCG,-0.10910202271614383,-0.6934918483971826,6-mer
AATTGA,-0.10818038045829402,-0.11829931285278296,6-mer
AATTGT,-0.8076955418303795,-1.1856108163306254,6-mer
AATTGC,-0.30836906570465783,-0.8312429675394314,6-mer
AATTGG,-0.15222136641587125,-0.2653557177439149,6-mer
AATCAA,-0.2908211457969906,0.18534643653652857,6-mer
AATCAT,-0.3361737869547034,-0.10673636481365614,6-mer
AATCAC,0.14947093826953511,0.7454407295937788,6-mer
AATCAG,-0.038985047320968406,0.3183186483188817,6-mer
AATCTA,-0.36094374906590593,-0.49027441633741015,6-mer
AATCTT,-0.29905770766838286,-0.19224128215465308,Inverted repeat
AATCTC,-0.14973092845887734,-0.10796221374269917,6-mer
AATCTG,-0.22673958114462464,-0.20805767770250813,6-mer
AATCCA,0.11790445271934448,0.30661503939285834,6-mer
AATCCT,0.01422901485295667,-0.4498722316796253,6-mer
AATCCC,0.6678490453965213,0.1917408503722817,6-mer
AATCCG,0.26147557797723203,0.012270296753996324,6-mer
AATCGA,0.21393595581737643,0.4455515510089383,6-mer
AATCGT,-0.12403827228665223,-0.11999141409114407,6-mer
AATCGC,0.304869535687716,0.5116687416132506,6-mer
AATCGG,0.34702772015181216,0.4800017703696474,6-mer
AATGAA,-0.056548977348155366,-0.15460637120891263,6-mer
AATGAT,-0.22622896483524618,0.056005409728741934,6-mer
AATGAC,0.18068216945161078,-0.21474847121834226,6-mer
AATGAG,-0.16890209081221302,-0.09937799334518457,6-mer
AATGTA,-0.26195736581296947,-0.5881649327595001,6-mer
AATGTT,-0.2729992493632167,-0.7800753375482002,Inverted repeat
AATGTC,0.3272549749363365,-0.6491948278225012,6-mer
AATGTG,0.12198315769479941,-0.5113351813013726,6-mer
AATGCA,-0.26262120375710724,-1.0540738593028882,6-mer
AATGCT,-0.056583528366367326,-0.4481080437105557,6-mer
AATGCC,0.6158084676739155,0.02706603521846919,6-mer
AATGCG,0.1400022650578444,-0.3800775008034988,6-mer
AATGGA,0.03363875270639237,-0.2114651865398054,6-mer
AATGGT,0.10003782985284783,0.3715101237379227,6-mer
AATGGC,0.2909646214028458,0.29273259520862893,6-mer
AATGGG,0.31169859061919925,0.058627729970708205,6-mer
AACAAA,0.05482873710111928,0.138896104803573,6-mer
AACAAT,-0.27362088249952166,-0.4408299627256862,6-mer
AACAAC,-0.052517687138296035,-0.10284840759175017,6-mer
AACAAG,0.2542997415428637,0.11965431574718954,6-mer
AACATA,-0.12740618406774187,-0.353216971338669,6-mer
AACATT,-0.2003338696461147,-0.7936350151317053,Inverted repeat
AACATC,0.13658066590127668,-0.02191095071158793,6-mer
AACATG,0.0538038674569493,-0.5286245165713441,6-mer
AACACA,0.19112458416994235,-0.22807073357896307,6-mer
AACACT,0.0928795111488806,-0.011899491961870113,6-mer
AACACC,0.273815154805015,0.5460628560055603,6-mer
AACACG,0.0694008531446877,-0.32371637530336417,6-mer
AACAGA,0.22850563960154427,-0.05900155007121714,6-mer
AACAGT,0.10740399074438021,0.015079027955467075,6-mer
AACAGC,0.18809582130309557,0.159323779893446,6-mer
AACAGG,0.2440161958962554,-0.11317932199244606,6-mer
AACTAA,-0.5540602206548658,-0.4661609676445125,6-mer
AACTAT,-0.5722316547075145,-0.3622234443419814,6-mer
AACTAC,-0.10705445347415965,-0.10027532752296764,6-mer
AACTAG,-1.3991710938198227,-1.3326602010051265,6-mer
AACTTA,-0.0820780583018319,0.09774320193051114,6-mer
AACTTT,-0.6755360190546515,-0.5235970961732206,Inverted repeat
AACTTC,-0.4150374992788438,-0.42871885612888794,6-mer
AACTTG,-0.35324310615228843,-0.1404223188037464,6-mer
AACTCA,0.3472719290692546,0.7852042126963849,6-mer
AACTCT,0.20260710510249988,0.2184410788197333,6-mer
AACTCC,-0.4017099676318513,-0.54696238863709,6-mer
AACTCG,0.2418144213832447,0.4390103249608731,6-mer
AACTGA,-0.025768285979629275,0.3662313215041957,6-mer
AACTGT,-0.11161837039924064,-0.30854906508616253,6-mer
AACTGC,0.27142531854773927,0.15166636919544366,6-mer
AACTGG,0.18930679251717358,0.6108044586766099,6-mer
AACCAA,0.022404378147156963,0.7810061551254172,6-mer
AACCAT,-0.12790836696874913,0.3294287837700067,6-mer
AACCAC,-0.15188236077491896,0.6989142884780151,6-mer
AACCAG,-0.3823777132159665,0.3773194880346237,6-mer
AACCTA,0.2815138264414541,0.14910465943973567,6-mer
AACCTT,0.21679505183693762,0.387754744885439,Inverted repeat
AACCTC,-0.3913117099176148,-0.1467535770726086,6-mer
AACCTG,-0.25793795993202806,-0.10554302750848238,6-mer
AACCCA,0.14562418088234497,0.4857132466750318,6-mer
AACCCT,0.27118329614223474,0.11004989529485035,6-mer
AACCCC,-0.016037333991949544,-0.0401281127053095,6-mer
AACCCG,0.07264183727523302,0.0720714146206942,6-mer
AACCGA,0.13838928208197554,0.6350453001700865,6-mer
AACCGT,0.09801544681289277,0.3952447725302832,6-mer
AACCGC,-0.16608767090617968,0.25500454257596616,6-mer
AACCGG,-0.35578689890339826,-0.058999571042599015,6-mer
AACGAA,-0.313165387944583,-0.42712818660557456,6-mer
AACGAT,-0.40577968258532265,-0.09369101900967478,6-mer
AACGAC,0.11418967155947561,-0.16521520487190097,6-mer
AACGAG,-0.015522272114051992,-0.07066970784386706,6-mer
AACGTA,0.0405523788924668,0.06801842342865105,Inverted repeat
AACGTT,0.014755253353894575,-0.16652642498044745,Palindromes
AACGTC,0.5189237391583288,-0.17327465477175683,Inverted repeat
AACGTG,-0.058844153609490975,-0.28029649445486743,Inverted repeat
AACGCA,0.19786121513729546,-0.08376178128995805,6-mer
AACGCT,0.31536142428352004,0.46643167833841265,6-mer
AACGCC,0.5888807868801399,0.8839762036605167,6-mer
AACGCG,0.13400666415120407,0.36295179523318183,6-mer
AACGGA,0.008407079695088849,-0.5254116970851094,6-mer
AACGGT,0.10641558368437723,0.30754991089107075,6-mer
AACGGC,0.07291625592043711,0.05790118484295082,6-mer
AACGGG,0.15886141894916617,-0.28102015130715646,6-mer
AAGAAA,0.056621494524894934,0.037256606808539906,6-mer
AAGAAT,-0.24813552945445522,-0.5708413924765033,6-mer
AAGAAC,-0.3201365260912822,-0.4107140829959995,6-mer
AAGAAG,0.6223664244442186,0.5426191209274648,6-mer
AAGATA,0.06490577831612387,0.3353903546939248,6-mer
AAGATT,-0.4569633630465475,-0.2391128555304061,Inverted repeat
AAGATC,-0.2880017719131501,0.3550104498431926,6-mer
AAGATG,-0.07947489296595264,0.08424769978000747,6-mer
AAGACA,0.1679698418501163,-0.4949142054467234,6-mer
AAGACT,-0.34605499260169165,-0.5464149202319373,6-mer
AAGACC,-0.6734205468410105,-0.7846109664013144,6-mer
AAGACG,-0.15391868866529582,-0.7804336227423155,6-mer
AAGAGA,0.628169078848242,0.5911147277027514,6-mer
AAGAGT,0.23288283048738012,0.32303488055030516,6-mer
AAGAGC,0.18279768972681168,0.3309302325070016,6-mer
AAGAGG,0.6774087494857512,0.7106282519311197,6-mer
AAGTAA,-0.29356748148009876,0.08447909924804142,6-mer
AAGTAT,-0.4580053258460018,-0.0603726179794817,6-mer
AAGTAC,-0.06096801729142697,0.3233890520156422,6-mer
AAGTAG,0.12801522014280614,0.35744675346905985,6-mer
AAGTTA,-0.3388330509788115,-0.288936269276551,6-mer
AAGTTT,-0.6789541974900832,-0.4670620597616747,Inverted repeat
AAGTTC,-0.4849252818702527,-0.5136185451673023,6-mer
AAGTTG,-0.3558458661136138,-0.06035896275413324,6-mer
AAGTCA,0.23786383009888792,0.29349144590898824,6-mer
AAGTCT,-0.30640191514331355,-0.6092100469678334,6-mer
AAGTCC,-0.20912006424341076,-0.7619696002961006,6-mer
AAGTCG,0.579115704305784,0.4518966766894969,6-mer
AAGTGA,0.19767602932921538,0.6300503902496942,6-mer
AAGTGT,-0.12973261806247488,-0.21696953349082676,6-mer
AAGTGC,-0.09381367340272809,-0.2097484082198147,6-mer
AAGTGG,0.32931194173322514,0.76518784738141,6-mer
AAGCAA,-0.35255650201752037,-0.3411095080909824,6-mer
AAGCAT,-0.3473299680054502,-0.6369278722453826,6-mer
AAGCAC,-0.15950184131193407,-0.18148940717359316,6-mer
AAGCAG,-0.042083958671252454,0.02387304954362218,6-mer
AAGCTA,-0.257761493206907,-0.02966440366935224,Inverted repeat
AAGCTT,-0.36491738484535324,-0.028455312139827767,Palindromes
AAGCTC,-0.1271725510523106,0.14557324417952902,Inverted repeat
AAGCTG,-0.27419976641196814,0.16701566430007472,Inverted repeat
AAGCCA,0.27855925723517283,0.7703128513546432,6-mer
AAGCCT,0.2181801700495334,0.15243407030886422,6-mer
AAGCCC,0.09502660738577239,0.0680574420777464,6-mer
AAGCCG,0.2179286709415978,0.5345445937349327,6-mer
AAGCGA,0.05444778402237649,0.3620055342626975,6-mer
AAGCGT,0.1461248168107688,0.22140910081157655,6-mer
AAGCGC,-0.3080029608123744,0.02955210998250867,6-mer
AAGCGG,0.4958408048058435,0.76849209972015,6-mer
AAGGAA,-0.1145443398957476,-0.6023811839615325,6-mer
AAGGAT,-0.07598659986248889,-0.3221757465987058,6-mer
AAGGAC,-0.2023081752931155,-1.018557876727371,6-mer
AAGGAG,-0.1776606502219176,-0.5855597663230995,6-mer
AAGGTA,0.33347786963922604,0.6503112119120242,6-mer
AAGGTT,0.21483953388037735,0.3819197575636697,Inverted repeat
AAGGTC,0.2312942617217923,-0.1422009476504927,6-mer
AAGGTG,0.5870473205072126,0.7229470029855942,6-mer
AAGGCA,0.4815604765555751,0.025569906596717526,6-mer
AAGGCT,0.4091996437848694,0.35079994213176374,6-mer
AAGGCC,-0.3294634420089393,-0.5470658929626276,6-mer
AAGGCG,0.3748252312913505,0.2864792588830724,6-mer
AAGGGA,0.34222875938173797,-0.23468493666273327,6-mer
AAGGGT,-0.18894743805180433,-0.20096641029450746,6-mer
AAGGGC,-0.1343451596155862,-0.6918026209747461,6-mer
AAGGGG,0.9033999211717632,0.3457054781704882,6-mer
ATAAAA,0.08313451021737234,0.269097138380269,6-mer
ATAAAT,-0.006212520727174319,0.09964916881438703,Inverted repeat
ATAAAC,0.0023776536132683163,0.3711626899007606,6-mer
ATAAAG,0.4296132450112931,0.6160049226311054,6-mer
ATAATA,-0.5479297934802589,-0.2895715435036247,6-mer
ATAATT,-0.7717069772238679,-0.8261891028874245,6-mer
ATAATC,-0.2083514828587514,0.12291860098886502,6-mer
ATAATG,-0.10543268284161146,-0.3168502405775056,6-mer
ATAACA,-0.11321736493866752,-0.004950759951045095,6-mer
ATAACT,-0.11680947961247548,0.018677874692189345,6-mer
ATAACC,0.3328992127083654,0.7672542162439784,6-mer
ATAACG,0.5826248900975648,0.5056141601381137,6-mer
ATAAGA,-0.4350670702380974,-0.36435911579566843,6-mer
ATAAGT,-0.2569083030369523,-0.07409037294661511,6-mer
ATAAGC,0.007091914060663735,0.14340077523056563,6-mer
ATAAGG,0.24233126838977856,0.1147701872460746,6-mer
ATATAA,-0.5294403502292042,-0.36030319845278186,Inverted repeat
ATATAT,-1.0534312126755485,-0.8393059462909055,Palindromes
ATATAC,-0.8485495574105452,-0.5821309099379934,Inverted repeat
ATATAG,-0.43802515981023343,-0.4936839278455437,Inverted repeat
ATATTA,-0.4517192972629345,-0.42283100899871434,6-mer
ATATTT,-0.07062218965300247,-0.13333388200097968,6-mer
ATATTC,0.6826718931977606,0.312545482396517,6-mer
ATATTG,0.5760192047021688,0.41226954850892117,6-mer
ATATCA,-0.23111410448099426,0.23471860249023163,6-mer
ATATCT,-0.02827445399517654,0.1539916465385037,6-mer
ATATCC,0.6761495929816093,0.6843292503165014,6-mer
ATATCG,0.37589092309459415,0.5993307910093932,6-mer
ATATGA,-0.5647466376322413,-0.4498273365802,6-mer
ATATGT,-0.7464023497742964,-1.2215037886992433,6-mer
ATATGC,-0.19355151487179179,-0.6343443347826614,6-mer
ATATGG,-0.03995087308729626,0.010045428951503647,6-mer
ATACAA,-0.3413311952539126,-0.31570708930384467,6-mer
ATACAT,-0.2547191376217902,-0.4482644456450235,Inverted repeat
ATACAC,0.14772843834472407,-0.10071893795260611,6-mer
ATACAG,0.09414644412049276,0.023645394628566,6-mer
ATACTA,-0.7221468794546609,-0.6917968791220367,6-mer
ATACTT,-0.4906312499378707,-0.21804695106048363,6-mer
ATACTC,0.19264507794239571,0.40586691338725833,6-mer
ATACTG,0.16187333746911123,0.3734099999942926,6-mer
ATACCA,-0.09089044208648532,0.5546320640372773,6-mer
ATACCT,0.26287500082386556,0.4619760549950588,6-mer
ATACCC,0.5894667036957445,0.9296106721086022,6-mer
ATACCG,0.750063583035121,1.1181513517182615,6-mer
ATACGA,-0.3692705985640111,-0.38309646304746453,6-mer
ATACGT,-0.3367527423307859,-0.3666570369079512,6-mer
ATACGC,0.40053792958372875,0.40171497643930915,6-mer
ATACGG,0.31158224727551054,0.1573862901419531,6-mer
ATAGAA,0.17356581205804752,-0.10971137172861128,6-mer
ATAGAT,-0.2545372291572537,-0.21085894082093176,Inverted repeat
ATAGAC,0.18457429819281482,-0.07878610631255341,6-mer
ATAGAG,0.5005889433940569,0.3431967116410137,6-mer
ATAGTA,-0.5159054822215142,-0.4387767338714204,6-mer
ATAGTT,-0.4155058307359314,-0.33127879763018525,6-mer
ATAGTC,0.22380752202949183,-0.36114449128364184,6-mer
ATAGTG,0.431230515179335,0.2015170484866273,6-mer
ATAGCA,-0.6378420603241048,-0.9675785223076225,6-mer
ATAGCT,-0.31489012546822936,-0.22114279367851056,6-mer
ATAGCC,0.44095936375127803,0.30263675627860215,6-mer
ATAGCG,0.23114828822952796,0.22969206469771575,6-mer
ATAGGA,-0.1423232221330422,-0.7812568439006803,6-mer
ATAGGT,0.04296744815340831,0.11042398969365065,6-mer
ATAGGC,0.3910586363444039,0.08871684871107435,6-mer
ATAGGG,0.19055067393426883,-0.2814871688588651,6-mer
ATTAAA,-0.11738029287093552,-0.23286861296173164,Inverted repeat
ATTAAT,0.18576898931401126,-0.09113271130005025,Palindromes
ATTAAC,0.18807234815257184,-0.008796948237158795,Inverted repeat
ATTAAG,-0.16776550883634495,-0.3585881688606582,Inverted repeat
ATTATA,-1.3974232500493438,-1.376720567727742,6-mer
ATTATT,-0.06126964093425303,-0.12080113826052957,6-mer
ATTATC,-0.07240454688213348,0.19695049949902474,6-mer
ATTATG,-0.38122907563164865,-0.47243680094423823,6-mer
ATTACA,-0.2862711144041751,-0.56998393724517,6-mer
ATTACT,0.08284106893765424,0.1743896682351278,6-mer
ATTACC,0.29130213085659895,0.6512499918855024,6-mer
ATTACG,0.15674880509570024,-0.043674768966913954,6-mer
ATTAGA,-0.11857645607882235,-0.46600937334300113,6-mer
ATTAGT,-0.6623231968710096,-0.8147495822287264,6-mer
ATTAGC,0.0033905892007741498,-0.4150374992788438,6-mer
ATTAGG,0.40828013310353506,-0.2837066089642881,6-mer
ATTTAA,-0.5779840742388301,-0.5470658929626276,6-mer
ATTTAT,-0.12432813500220176,0.06736122739372048,Inverted repeat
ATTTAC,-0.14713276050434368,0.06201263421124965,6-mer
ATTTAG,-0.10656144322793844,-0.10681579568875055,6-mer
ATTTTA,-0.28985925737294865,-0.44264196067344547,6-mer
ATTTTT,-0.07125321716325254,-0.04432286585949022,6-mer
ATTTTC,0.41328312575298676,0.08959244200775271,6-mer
ATTTTG,0.31498931825258314,0.13064654561846445,6-mer
ATTTCA,0.07494730344496736,0.11868302024502372,6-mer
ATTTCT,0.2139192853563181,-0.04699334170343519,6-mer
ATTTCC,0.09428759558876242,-0.28835856219366063,6-mer
ATTTCG,-0.17806973843865065,-0.44984047148637457,6-mer
ATTTGA,-0.3697597023270849,-0.23666970183439395,6-mer
ATTTGT,-0.37216199331665223,-0.570862303676302,6-mer
ATTTGC,-0.07077393375352717,-0.429352667795373,6-mer
ATTTGG,-0.16313152529640887,-0.0031895592229386565,6-mer
ATTCAA,-0.09982274847791651,-0.13139040002332283,6-mer
ATTCAT,-0.025763096065081696,-0.1972304747797178,Inverted repeat
ATTCAC,0.13107647025090335,0.12440714189393501,6-mer
ATTCAG,0.24629365705051098,0.09591172027414248,6-mer
ATTCTA,-0.4870702999595771,-1.0467380598267526,6-mer
ATTCTT,-0.10080752862305088,-0.5651540196409758,6-mer
ATTCTC,0.05962695211427834,-0.3024172710499191,6-mer
ATTCTG,0.10786366471147707,-0.34214229015900954,6-mer
ATTCCA,0.08018593283556814,-0.28792858498463825,6-mer
ATTCCT,0.29218075149331035,-0.4613733350015878,6-mer
ATTCCC,0.28070543216084937,-0.5283569882628579,6-mer
ATTCCG,-0.09564502827450069,-0.7372826351609749,6-mer
ATTCGA,-0.2854784893833143,-0.6025291588604552,6-mer
ATTCGT,0.05447414448685957,-0.3793716501292068,6-mer
ATTCGC,0.14005425057708548,-0.1550834256465879,6-mer
ATTCGG,-0.0014602177773802064,-0.49329651319934337,6-mer
ATTGAA,0.13705754204975223,0.1121696616882057,6-mer
ATTGAT,0.1263441382735831,0.6312094827147509,Inverted repeat
ATTGAC,0.21716477578419982,0.028915741981445073,6-mer
ATTGAG,0.7565278605447239,0.9421474463431515,6-mer
ATTGTA,-1.1529436748371988,-1.3263946465692535,6-mer
ATTGTT,-0.40053792958372875,-0.564720110520827,6-mer
ATTGTC,0.1005127782553074,-0.6640493382457691,6-mer
ATTGTG,0.03516083958041632,-0.32043229896188113,6-mer
ATTGCA,-0.5046092619144491,-1.057662507575532,6-mer
ATTGCT,-0.000529008760149012,-0.10298316028691218,6-mer
ATTGCC,0.45947125366088226,0.21068574692502232,6-mer
ATTGCG,-0.01838326038547611,-0.24846026641894867,6-mer
ATTGGA,-0.12677711715687648,-0.24279242263470022,6-mer
ATTGGT,0.0989036056148945,0.6554265815875643,6-mer
ATTGGC,0.31874115877221415,0.46083192751876856,6-mer
ATTGGG,0.27045429186984776,0.18658332515519452,6-mer
ATCAAA,-0.04251429542605687,0.6122496509453086,6-mer
ATCAAT,0.18950673639399412,0.6666642328027395,Inverted repeat
ATCAAC,-0.07777559160519534,0.4818644184557855,6-mer
ATCAAG,-0.11478775741116819,0.4785039181222364,6-mer
ATCATA,-0.9838549268007037,-0.5687605484597598,6-mer
ATCATT,-0.18112516606911655,0.08493014160203619,6-mer
ATCATC,0.06957343553504695,0.8583780177269845,6-mer
ATCATG,-0.24697263236839562,-0.03126074820303675,6-mer
ATCACA,-0.063188301026437,0.3968801129720562,6-mer
ATCACT,0.2338217883814469,0.962404891061518,6-mer
ATCACC,0.3245559554334004,1.3644478721672932,6-mer
ATCACG,-0.06712363137405773,0.504792152037173,6-mer
ATCAGA,-0.6245765585338405,-0.12207348318032879,6-mer
ATCAGT,-0.18974293968612618,0.45008444637804446,6-mer
ATCAGC,-0.037030730944966866,0.7076477876484105,6-mer
ATCAGG,-0.15774473137137351,0.11082813021237958,6-mer
ATCTAA,-0.20931654595594762,-0.18946827294886395,6-mer
ATCTAT,-0.2457564144019581,-0.1334414984266996,Inverted repeat
ATCTAC,-0.3242912322558432,-0.06293125572645675,6-mer
ATCTAG,-0.6805744123158078,-0.7141936678560257,6-mer
ATCTTA,-0.6543817990675371,-0.4486544981010716,6-mer
ATCTTT,-0.38110078369478745,-0.09637879036373163,6-mer
ATCTTC,0.0911779007490061,0.3003739518870202,6-mer
ATCTTG,0.036866858073708646,0.41393240918965984,6-mer
ATCTCA,-0.31815740672998993,0.10177762433758399,6-mer
ATCTCT,0.38045011269193524,0.5029102553041782,6-mer
ATCTCC,-0.18311593429529932,-0.16046467219324598,6-mer
ATCTCG,-0.199017912962639,0.008547519955160832,6-mer
ATCTGA,-0.7480102690910765,-0.1876004461887594,6-mer
ATCTGT,-0.12898644072007803,-0.2829339632714985,6-mer
ATCTGC,0.11269136639987974,0.11454824440593893,6-mer
ATCTGG,-0.11264261934303245,0.4311099057758193,6-mer
ATCCAA,0.04143881300647221,0.4060544272412004,6-mer
ATCCAT,0.03728339509785503,0.24613457893990856,Inverted repeat
ATCCAC,0.23720541598193495,0.6089579817901346,6-mer
ATCCAG,0.1316440058104708,0.5051346878681181,6-mer
ATCCTA,0.05630744090195407,-0.4222330006830476,6-mer
ATCCTT,-0.6163446262061536,-0.6766768735381324,6-mer
ATCCTC,0.2213767964857119,0.07400058144377696,6-mer
ATCCTG,0.12731466139548409,-0.13345344477716592,6-mer
ATCCCA,0.17864612194437515,0.21458500739536507,6-mer
ATCCCT,0.4033265167521469,0.04890960048094649,6-mer
ATCCCC,0.669210200501164,0.4474589769712211,6-mer
ATCCCG,0.4917933041734654,0.10073442313453995,6-mer
ATCCGA,-0.11668111154549508,-0.0894981508391025,6-mer
ATCCGT,0.12413630001210589,0.005353234494206817,6-mer
ATCCGC,0.6095544889035486,0.6734275615608724,6-mer
ATCCGG,0.05085636998815001,-0.0072680004640391345,6-mer
ATCGAA,-0.07161924701182922,0.1141974714077757,Inverted repeat
ATCGAT,-0.2084358305867294,0.5861105557224804,Palindromes
ATCGAC,0.527385225144341,0.6968972789867437,Inverted repeat
ATCGAG,0.47718416612749986,0.908731942432686,Inverted repeat
ATCGTA,-0.17396899859866224,0.1965320000265556,6-mer
ATCGTT,-0.28918669368976235,0.010071210468894604,6-mer
ATCGTC,0.2198824504569847,0.17405670053559977,6-mer
ATCGTG,-0.3976839325285757,-0.17196482510272118,6-mer
ATCGCA,-0.08473210187522405,0.08256824460989555,6-mer
ATCGCT,0.22757318200508753,0.8045636723170168,6-mer
ATCGCC,0.5213879943860694,1.0461119248543123,6-mer
ATCGCG,0.19953870682712602,0.5713007777977732,6-mer
ATCGGA,-0.09045495094550349,-0.17151125233426398,6-mer
ATCGGT,0.35785521803362286,1.0863622570465539,6-mer
ATCGGC,0.4144197749958508,0.8414030043592005,6-mer
ATCGGG,0.13117259814618465,0.17382945589822832,6-mer
ATGAAA,0.15098057881851518,0.15369653965042598,6-mer
ATGAAT,-0.10720364998191874,-0.24512344056688276,Inverted repeat
ATGAAC,0.017644268529205694,-0.004236992886470829,6-mer
ATGAAG,0.2506282620488043,0.21744265761133288,6-mer
ATGATA,-0.7548563454715499,-0.5030854936667484,6-mer
ATGATT,-0.43371179062608645,-0.14341258399065981,6-mer
ATGATC,-0.3196603002770074,0.4086112301194108,6-mer
ATGATG,0.2259795008417767,0.5250731830858391,6-mer
ATGACA,0.14390941139871333,-0.4227079099014325,6-mer
ATGACT,-0.042542094749374953,-0.1067123360203907,6-mer
ATGACC,0.2231396413665606,0.29382275720700823,6-mer
ATGACG,0.2396298014988501,-0.18863201543577235,6-mer
ATGAGA,-0.5107379156994293,-0.4934040196186395,6-mer
ATGAGT,0.06946012313028083,0.23028957766582941,6-mer
ATGAGC,0.1128809505875467,0.37576484140994215,6-mer
ATGAGG,-0.615140649386181,-0.6917520288641761,6-mer
ATGTAA,-0.6251796007975576,-0.8258079880695841,6-mer
ATGTAT,-0.3393852919639087,-0.4772250140574543,Inverted repeat
ATGTAC,-0.002266606971945012,-0.09508976851972223,6-mer
ATGTAG,-0.12279356452229644,-0.6428065752934405,6-mer
ATGTTA,-0.32586548610437793,-0.6093591550286234,6-mer
ATGTTT,-0.19051017639231732,-0.5556603648729576,6-mer
ATGTTC,0.07791286185111922,-0.5344238610648017,6-mer
ATGTTG,0.04017919537641046,-0.18620542266978413,6-mer
ATGTCA,0.12152736503054794,-0.4552324829853514,6-mer
ATGTCT,0.10729401317190834,-0.6932743117563079,6-mer
ATGTCC,0.056034034914327874,-1.235103473086002,6-mer
ATGTCG,0.7188182474559467,-0.032136959149140824,6-mer
ATGTGA,-0.36490748305118526,-0.496412348593415,6-mer
ATGTGT,0.02064645393930365,-0.5939634755142631,6-mer
ATGTGC,0.10111282051409147,-0.5958944967307057,6-mer
ATGTGG,0.21660155285934796,0.024323252438329345,6-mer
ATGCAA,-0.47501637240451644,-1.0389472811594622,Inverted repeat
ATGCAT,-0.4907341110496782,-1.214977091642299,Palindromes
ATGCAC,-0.20302093467414217,-0.8182626083044735,Inverted repeat
ATGCAG,0.26003283631452,-0.26459087921908275,Inverted repeat
ATGCTA,-0.8261809669562789,-1.2291946823092328,6-mer
ATGCTT,-0.32202042441546563,-0.4284884513243469,6-mer
ATGCTC,0.1266010512901803,0.0726623629305165,6-mer
ATGCTG,0.37000879845329837,0.192025363568224,6-mer
ATGCCA,0.193751752865855,0.04922251557617357,6-mer
ATGCCT,0.35605293465969523,-0.2848754543733757,6-mer
ATGCCC,0.31295963116547604,-0.30659077182053346,6-mer
ATGCCG,0.5005492952994922,0.18829185959356984,6-mer
ATGCGA,-0.3584788984732045,-0.7414241821749756,6-mer
ATGCGT,0.23178781078833274,-0.005660409579617968,6-mer
ATGCGC,-0.008303025897120666,-0.3596243789602373,6-mer
ATGCGG,0.08873411473346794,-0.15665094037439373,6-mer
ATGGAA,0.08743109214896622,-0.18469691263584373,6-mer
ATGGAT,0.0925768153098572,0.3390763767177718,Inverted repeat
ATGGAC,-0.14534161455903788,-0.5664141370285233,6-mer
ATGGAG,-0.06551568282389536,-0.1818630829857144,6-mer
ATGGTA,-0.518349335721848,0.1279174749207369,6-mer
ATGGTT,-0.08491762194049535,0.4780070435983276,6-mer
ATGGTC,0.07179068306801009,0.3430647693377786,6-mer
ATGGTG,0.28647839212912685,0.8780094756213896,6-mer
ATGGCA,0.1968142562426955,0.1236584677510882,6-mer
ATGGCT,0.09746864025042083,0.42901527683529667,6-mer
ATGGCC,-0.26303440583379395,-0.036431269969741324,6-mer
ATGGCG,0.36667665693443885,0.635746495639116,6-mer
ATGGGA,-0.08072567993564893,-0.09214984663020864,6-mer
ATGGGT,-0.03444263148500642,0.19612199961694388,6-mer
ATGGGC,0.27447212508872854,-0.05233614048725774,6-mer
ATGGGG,0.26175612904985573,0.08469716457528129,6-mer
ACAAAA,-0.06979824111025684,-0.09083206368041563,6-mer
ACAAAT,-0.21756291363667954,-0.555321452780524,6-mer
ACAAAC,0.22219534531115823,0.46411021752138504,6-mer
ACAAAG,-0.12756714924037746,-0.15136175311846728,6-mer
ACAATA,0.20026051976095707,-0.13794505245755528,6-mer
ACAATT,-0.6125575091127242,-1.0456793711502619,6-mer
ACAATC,-0.0864984826386328,-0.22387705747558376,6-mer
ACAATG,-0.23056038147349744,-0.5943375565117295,6-mer
ACAACA,0.2280825782467907,-0.161408374456335,6-mer
ACAACT,-0.10026869554002746,-0.15174907547786692,6-mer
ACAACC,-0.4243957543157595,-0.13650199990486198,6-mer
ACAACG,0.11768872891971509,-0.15200309344504984,6-mer
ACAAGA,0.04951273386802883,-0.10930663191928267,6-mer
ACAAGT,-0.4626053792479798,-0.6337686784958043,Inverted repeat
ACAAGC,-0.07355660697008091,-0.09881773621791533,6-mer
ACAAGG,0.5707407102695956,0.09803573055575492,6-mer
ACATAA,-0.05333705734571302,-0.20983301069316415,6-mer
ACATAT,-0.5673684407064179,-0.9353909185769235,6-mer
ACATAC,0.044726357126974516,-0.17938650131528006,6-mer
ACATAG,0.14101230952707347,-0.5274500420659484,6-mer
ACATTA,0.05079084208675192,-0.4128687314944481,6-mer
ACATTT,-0.34417116855919916,-0.8579159634594646,6-mer
ACATTC,0.2056640244122577,-0.5808559782306377,6-mer
ACATTG,0.13484254228686707,-0.4720583688904123,6-mer
ACATCA,0.26240500349374957,0.37874622688720705,6-mer
ACATCT,-0.17378139802929188,-0.428139850129844,6-mer
ACATCC,0.23936103049313323,-0.2549970867683755,6-mer
ACATCG,0.45796483436113833,0.33049309846020847,6-mer
ACATGA,-0.2732762335836782,-0.5713859733524904,Inverted repeat
ACATGT,-0.5561972407247915,-1.438461844790174,Palindromes
ACATGC,-0.3856427654318974,-1.2295251436435428,Inverted repeat
ACATGG,0.06447552106555153,-0.3233124177579029,Inverted repeat
ACACAA,-0.07285634209161586,-0.5379067227544763,6-mer
ACACAT,0.1341667938254443,-0.5820195111281937,6-mer
ACACAC,-0.030364107378097194,-0.43815634260985453,6-mer
ACACAG,-0.155094833335405,-0.6249289080388007,6-mer
ACACTA,-0.060269549153559206,-0.36682350876358627,6-mer
ACACTT,-0.039161952150263885,-0.20506680756256948,6-mer
ACACTC,0.23151279966514401,0.03378234192518743,6-mer
ACACTG,0.1797881610167087,0.08644001593923085,6-mer
ACACCA,0.4598366874037016,0.8482393966876142,6-mer
ACACCT,0.18199783374288758,0.1387640699558518,6-mer
ACACCC,0.03640132860492248,0.0660298703351969,6-mer
ACACCG,0.2600991148092469,0.37410723522396194,6-mer
ACACGA,-0.3302771784083277,-0.7472762678114316,6-mer
ACACGT,-0.4833948619880129,-1.0174728200431646,Inverted repeat
ACACGC,-0.2754293298164056,-0.5460611499047642,6-mer
ACACGG,-0.09824765436523177,-0.4150374992788438,6-mer
ACAGAA,0.1142810335395592,-0.4034381630082793,6-mer
ACAGAT,-0.04073306085487056,-0.06250141846108531,6-mer
ACAGAC,0.07961297467613326,-0.6231999127746397,6-mer
ACAGAG,0.05181194735178818,-0.18890598822486399,6-mer
ACAGTA,0.08017034868398323,0.09703663422712128,6-mer
ACAGTT,-0.2543171887326849,-0.4227667720553161,6-mer
ACAGTC,-0.272706140654636,-0.4789311158774706,6-mer
ACAGTG,0.15439250965105975,0.02717792728823516,6-mer
ACAGCA,0.32994308795148203,0.0361736125534849,6-mer
ACAGCT,-0.09988326903287269,-0.14874171137271477,6-mer
ACAGCC,-0.4529982738188091,-0.40429821418224915,6-mer
ACAGCG,0.14587225731135084,0.1804360202471784,6-mer
ACAGGA,0.1909972250609136,-0.5139959793670125,6-mer
ACAGGT,0.11588366763839793,0.06653375125570048,Inverted repeat
ACAGGC,0.29004879449104554,-0.046032614754207404,6-mer
ACAGGG,0.3530890263738229,-0.4270971682434464,6-mer
ACTAAA,0.013790454399005706,0.08069408363088,6-mer
ACTAAT,-0.692408790614911,-0.8437723206932245,6-mer
ACTAAC,-0.04518877376625518,-0.016551176263847812,6-mer
ACTAAG,0.05391028153931289,-0.13750352374993496,6-mer
ACTATA,-0.8550724236350715,-0.7677091175973142,6-mer
ACTATT,-0.33723534767521085,-0.4024904861881696,6-mer
ACTATC,0.12323176599427073,0.33154318376408376,6-mer
ACTATG,0.07053077551550152,0.01805997154499093,6-mer
ACTACA,-0.08495646954225887,-0.3046688945417575,6-mer
ACTACT,0.0022471889915577485,0.18691699048620428,6-mer
ACTACC,0.0781786759969603,0.4243377412579174,6-mer
ACTACG,0.21839049077895156,0.0886771580762209,6-mer
ACTAGA,-0.8044374386753098,-1.2150811826108665,Inverted repeat
ACTAGT,-1.5721317513866595,-1.677069685523261,Palindromes
ACTAGC,-1.0535352221805168,-1.1691232814767576,Inverted repeat
ACTAGG,-0.3146261382710657,-0.6259342817774622,Inverted repeat
ACTTAA,-0.1387146004555878,-0.026218049552353694,6-mer
ACTTAT,-0.14654430317033493,-0.07615089721386671,6-mer
ACTTAC,-0.058592573449270414,0.1739575720863586,6-mer
ACTTAG,0.052935260688775146,0.0014880816594088368,6-mer
ACTTTA,-0.012100841341007248,0.17904996923960667,6-mer
ACTTTT,-0.21242999078658306,-0.10308317174360351,6-mer
ACTTTC,-0.10322527000483157,0.1111236478261261,6-mer
ACTTTG,0.04154531714519591,0.21105487740216702,6-mer
ACTTCA,0.08608628569835715,0.2307076895484516,6-mer
ACTTCT,0.10840939723183288,-0.13964322757691855,6-mer
ACTTCC,0.04099112000230415,-0.41202874940650547,6-mer
ACTTCG,-0.20756410718488266,-0.24483318802176054,6-mer
ACTTGA,-0.3970192066022056,0.021000298612552072,6-mer
ACTTGT,-0.42057568282027386,-0.5643889607586378,Inverted repeat
ACTTGC,-0.12231392206531562,-0.09757648799653777,6-mer
ACTTGG,-0.08933560280886023,0.46180762924992275,6-mer
ACTCAA,0.3848734878221432,0.8578945742910565,6-mer
ACTCAT,0.1051092830351986,0.28097944761048177,6-mer
ACTCAC,0.09716865900699816,0.5760009543429899,6-mer
ACTCAG,0.15793036160536877,0.4941704602422179,6-mer
ACTCTA,0.2600838761289733,0.05420504325993931,6-mer
ACTCTT,0.3257701611817566,0.33627809940256753,6-mer
ACTCTC,0.05124571278718569,0.21988082202365228,6-mer
ACTCTG,0.14006759586931697,0.08866558833199642,6-mer
ACTCCA,-0.17934535974349994,-0.1433934186931877,6-mer
ACTCCT,-0.25056618823657084,-0.4312886542915925,6-mer
ACTCCC,-0.16992500144231243,-0.6988694987081217,6-mer
ACTCCG,-0.47987585825630563,-0.5162694634906567,6-mer
ACTCGA,0.19573533499178924,0.3157229453606543,6-mer
ACTCGT,-0.19359079743931534,-0.05274146207197318,Inverted repeat
ACTCGC,0.13168310906545427,0.308164443072377,6-mer
ACTCGG,0.5329004515732877,0.6399631873608139,6-mer
ACTGAA,-0.14684138832927107,0.07034845892237505,6-mer
ACTGAT,-0.2337122489984765,0.544544276602838,6-mer
ACTGAC,0.46346418928134353,0.5802511061508924,6-mer
ACTGAG,0.24722016079852266,0.5087336076867378,6-mer
ACTGTA,-0.24010800898428608,-0.2568558309046696,6-mer
ACTGTT,-0.023498162649348894,-0.14548403295529833,6-mer
ACTGTC,0.6777958176482242,0.5260688116675876,6-mer
ACTGTG,-0.16880719970378963,-0.416916564780383,6-mer
ACTGCA,-0.04687393820886029,-0.34210098306404485,6-mer
ACTGCT,0.32997119570671307,0.36547439859024866,6-mer
ACTGCC,0.16249546726269223,0.13057388340626197,6-mer
ACTGCG,0.2721222786617529,0.20704925783307196,6-mer
ACTGGA,0.4198641850820227,0.511252814538147,6-mer
ACTGGT,-0.1753767430715549,0.597681557015017,Inverted repeat
ACTGGC,0.25046573233073816,0.7940691063338017,6-mer
ACTGGG,0.2116185790587139,0.226495590897725,6-mer
ACCAAA,0.12590481317948404,0.8740244592469132,6-mer
ACCAAT,0.05833901340087706,0.6885932523576301,6-mer
ACCAAC,0.029368852156765823,0.6625755687894694,6-mer
ACCAAG,0.28084568195025444,0.9644406562717011,6-mer
ACCATA,-0.17441376574259515,0.2789008112928149,6-mer
ACCATT,0.09463687413807516,0.2859813984809709,6-mer
ACCATC,-0.1470203716482637,0.7265238474445594,6-mer
ACCATG,-0.18012552167451432,0.03347470455108783,6-mer
ACCACA,0.20906626775396,0.5675645422632967,6-mer
ACCACT,0.1006208146632915,0.9637619721484044,6-mer
ACCACC,0.10833685858504999,1.2499957775003385,6-mer
ACCACG,-0.11530969593334649,0.4736666920367061,6-mer
ACCAGA,-0.13263776857811888,0.4140663144283757,6-mer
ACCAGT,-0.16627722442716805,0.5194063265657017,Inverted repeat
ACCAGC,-0.5050440291826616,0.40202843871698124,6-mer
ACCAGG,-3.048423996394606,-2.7403108262958176,6-mer
ACCTAA,0.22366639049671233,0.009743274163395139,6-mer
ACCTAT,0.13928185234367077,0.28648842563207033,6-mer
ACCTAC,0.04211083652786329,0.10608725838969155,6-mer
ACCTAG,0.22475943588036426,-0.23184559806764307,6-mer
ACCTTA,0.4478904694347007,0.5756604354703716,6-mer
ACCTTT,-0.2229169423532741,0.05830281842036566,6-mer
ACCTTC,0.28449476834010506,0.14046875648443666,6-mer
ACCTTG,0.6717315157870936,0.8445869285069216,6-mer
ACCTCA,-0.14660381700784453,0.3009776997304691,6-mer
ACCTCT,-0.046984723556454236,0.11025411097212474,6-mer
ACCTCC,-0.6932409527172662,-0.8898722617275396,6-mer
ACCTCG,-0.24140438986225127,-0.021185329890627953,6-mer
ACCTGA,-0.012568673503055483,0.34276159830452785,6-mer
ACCTGT,0.003727896236752463,-0.16697594544097302,Inverted repeat
ACCTGC,0.11078043071853703,-0.027854112334629307,6-mer
ACCTGG,-2.8838230301819854,-2.249445341085839,6-mer
ACCCAA,0.1402032606719024,0.5866028591024116,6-mer
ACCCAT,0.16279721471465464,0.07692397665054308,6-mer
ACCCAC,0.1248497229395298,0.4810028682288039,6-mer
ACCCAG,0.02198299906133503,0.26479947907436435,6-mer
ACCCTA,0.6909997402140258,0.33534861064968396,6-mer
ACCCTT,-0.2428565238961635,-0.27625810098995895,6-mer
ACCCTC,-0.4048577193964402,-0.5163754154637435,6-mer
ACCCTG,-0.028005158819420204,-0.16610329048990397,6-mer
ACCCCA,-0.04328409772879978,0.4549302264023564,6-mer
ACCCCT,-0.027320605999511898,-0.26303440583379395,6-mer
ACCCCC,-0.7115890312654134,-0.8979221318866325,6-mer
ACCCCG,-0.22577638310893275,-0.34008746400620243,6-mer
ACCCGA,0.2202661202280601,0.24888614378782306,6-mer
ACCCGT,0.19683287490582918,0.009650170033719005,Inverted repeat
ACCCGC,0.14938375274725474,0.302178833839093,6-mer
ACCCGG,-0.8546606368359607,-0.8900549838934995,6-mer
ACCGAA,0.17242413696630046,0.42986830420463873,6-mer
ACCGAT,0.22468423284443734,0.9883680585458957,6-mer
ACCGAC,0.4260190559425828,0.5290044880402655,6-mer
ACCGAG,0.3185855125276442,0.7294187851128581,6-mer
ACCGTA,0.43979104718180617,0.7464259234152725,6-mer
ACCGTT,0.19925246505334251,0.4258948100586255,6-mer
ACCGTC,0.4038728819194466,0.19142124494869858,6-mer
ACCGTG,-0.04564266555571215,0.2839339299013227,6-mer
ACCGCA,0.26719360843787693,0.504532230400421,6-mer
ACCGCT,0.0929350711134141,0.7363690694354047,6-mer
ACCGCC,0.26662958935547487,0.7403277374750712,6-mer
ACCGCG,-0.06673288356851763,0.52340783020452,6-mer
ACCGGA,0.2991299661011436,0.1777143495478748,Inverted repeat
ACCGGT,-0.6185333031129051,0.15726840965769218,Palindromes
ACCGGC,-0.8421812549790291,-0.2813610536403847,Inverted repeat
ACCGGG,-0.4924358856896051,-0.6386226338807575,Inverted repeat
ACGAAA,-0.1644290136874602,-0.28046899916981455,6-mer
ACGAAT,0.011630437080497956,-0.4148914701233074,6-mer
ACGAAC,-0.43910402689212563,-0.5899864003106509,6-mer
ACGAAG,-0.5155732351028574,-0.7078192485066896,6-mer
ACGATA,0.12100184186116532,0.3305412251920706,6-mer
ACGATT,-0.18115567470816335,-0.15723974181119707,6-mer
ACGATC,-0.3574009766105248,0.23574197499546745,6-mer
ACGATG,0.0019359468612345444,0.12171590839969249,6-mer
ACGACA,0.33991092879273516,-0.30998928486911176,6-mer
ACGACT,0.15085032067825144,-0.0805026265344919,6-mer
ACGACC,0.07795046766437252,0.06616692396574612,6-mer
ACGACG,0.23353975694695667,-0.3536369546147004,6-mer
ACGAGA,-0.39727865264926493,-0.41766253440052026,6-mer
ACGAGT,-0.05316758736281112,-0.21897371110898337,Inverted repeat
ACGAGC,-0.4147125313664686,-0.40030412437441903,6-mer
ACGAGG,-0.27922364393312404,-0.5715185358444017,6-mer
ACGTAA,0.14335307585211862,0.04053492390281882,6-mer
ACGTAT,-0.3663540088274943,-0.5734076731803341,6-mer
ACGTAC,-0.1590161022753733,-0.014246249853864195,6-mer
ACGTAG,-0.04278725632890258,-0.2560042037662648,6-mer
ACGTTA,0.28277062389505575,0.08939908505310691,6-mer
ACGTTT,0.002738743673418037,-0.1837353581584107,6-mer
ACGTTC,-0.21253800350386268,-0.535245948578887,6-mer
ACGTTG,0.005161705115778769,-0.20665193593627493,6-mer
ACGTCA,0.09127608013892141,-0.21612222977282874,6-mer
ACGTCT,-0.06400099992885039,-0.8479969065549503,6-mer
ACGTCC,0.05727480535174888,-1.028092307029353,6-mer
ACGTCG,-0.0006244081642110491,-0.607417351548852,6-mer
ACGTGA,-0.25762090964742956,-0.307639707954959,6-mer
ACGTGT,-0.3116145862788555,-0.8367558384981633,Inverted repeat
ACGTGC,-0.6657069109963842,-1.1230583964043381,6-mer
ACGTGG,-0.32753806322994605,-0.18774627852955666,6-mer
ACGCAA,-0.20872744811255792,-0.41391314869943896,6-mer
ACGCAT,0.10749182064716495,-0.27713074911992897,6-mer
ACGCAC,-0.08235433142097538,-0.20140238182043543,6-mer
ACGCAG,0.3533606027240193,0.03914616228578538,6-mer
ACGCTA,-0.11371968406676762,-0.2149630130112994,6-mer
ACGCTT,0.06361199896574168,0.2601518973006725,6-mer
ACGCTC,0.18190918207739273,0.3080372207638352,6-mer
ACGCTG,0.2892102190756591,0.3948206155693807,6-mer
ACGCCA,0.4789220913982161,0.7454037298965374,6-mer
ACGCCT,0.5067347862868277,0.4022332531853478,6-mer
ACGCCC,0.25116030554550217,0.020946938444911457,6-mer
ACGCCG,0.10746789005820519,0.3738683103024394,6-mer
ACGCGA,-0.16326661981501653,-0.239575433009805,Inverted repeat
ACGCGT,0.08048461501397557,0.22881869049588074,Palindromes
ACGCGC,-0.24699960738079688,-0.04232954468612564,Inverted repeat
ACGCGG,-0.23988542810841817,-0.3096348186959331,Inverted repeat
ACGGAA,0.417876688932948,-0.3135047643821978,6-mer
ACGGAT,0.3886861723318915,0.18065140803537064,6-mer
ACGGAC,-0.12697285625776542,-1.0399087214366363,6-mer
ACGGAG,-0.3785116232537298,-0.8073549220576043,6-mer
ACGGTA,0.4201084888262658,0.7965895768526247,6-mer
ACGGTT,0.19300355602621042,0.439357178474257,6-mer
ACGGTC,-0.22030382880244787,-0.31505136360140795,6-mer
ACGGTG,0.15038807587922756,0.5068034377956462,6-mer
ACGGCA,0.19748363487877707,-0.12119117860896551,6-mer
ACGGCT,0.11721372159067492,0.3360092531135732,6-mer
ACGGCC,-0.5560498088059174,-0.5680491177848096,6-mer
ACGGCG,0.3458187150953837,0.3621699420805514,6-mer
ACGGGA,-0.657815868564035,-1.0498888757923592,6-mer
ACGGGT,0.08316224271979018,-0.20163386116965054,Inverted repeat
ACGGGC,0.24209783068400675,-0.27991612245742364,6-mer
ACGGGG,-0.2905151422559007,-0.8788909145007336,6-mer
AGAAAA,0.38736963831250065,0.23876034782383845,6-mer
AGAAAT,0.3041059721329735,-0.027039252752352104,6-mer
AGAAAC,0.12548836922738124,0.17342557218817028,6-mer
AGAAAG,0.21508833192262272,0.25356076458117605,6-mer
AGAATA,0.030631618653663237,-0.19524081507648078,6-mer
AGAATT,-0.18134529055831528,-0.7499927565458339,6-mer
AGAATC,-0.39828682962132667,-0.5245266468591822,6-mer
AGAATG,0.007327383740761329,-0.6330009199545149,6-mer
AGAACA,0.11328540922654878,-0.3849493628111408,6-mer
AGAACT,-0.12706267664385398,-0.3219280948873623,Inverted repeat
AGAACC,-0.5694343219968435,-0.45022959366934967,6-mer
AGAACG,-0.5498648000717616,-0.8678964639926551,6-mer
AGAAGA,0.4528946433147168,0.2597651330677436,6-mer
AGAAGT,0.2940892363234416,0.05368059706418095,6-mer
AGAAGC,0.0972859237359813,-0.009065808438343561,6-mer
AGAAGG,0.5676783607555386,0.25000724345416614,6-mer
AGATAA,0.4806258409064207,0.6877442321060945,6-mer
AGATAT,0.024618085619688476,0.19930880822340655,6-mer
AGATAC,-0.17657980771687215,0.08052370502511116,6-mer
AGATAG,0.2220314317084192,0.3296407686575172,6-mer
AGATTA,-0.42369436140929595,-0.24591514418987143,6-mer
AGATTT,-0.28010791919273537,-0.10392442589448378,6-mer
AGATTC,-0.4444200190419498,-0.4584774552156852,6-mer
AGATTG,-0.12970737116692238,0.04149212891846329,6-mer
AGATCA,-0.4675151261144656,0.3488069953711135,Inverted repeat
AGATCT,-0.2613401072939182,0.2493695881770939,Palindromes
AGATCC,0.0014291185327995877,0.19141777455839337,Inverted repeat
AGATCG,-0.08787965885590589,0.4702367047746708,Inverted repeat
AGATGA,-0.13681907918539857,0.19793937761190875,6-mer
AGATGT,-0.22346732145389084,-0.35255310071437623,6-mer
AGATGC,-0.1999721380841005,-0.4237981703954343,6-mer
AGATGG,-0.18274439071307197,0.21620854971307543,6-mer
AGACAA,0.03755121255347887,-0.45963814573533646,6-mer
AGACAT,0.09621531525930292,-0.7249763697032072,6-mer
AGACAC,0.04869792194768004,-0.5803752312255044,6-mer
AGACAG,0.20781919479596211,-0.4234214365534648,6-mer
AGACTA,-0.5688428353578792,-0.8567671161826821,6-mer
AGACTT,-0.2395883568526695,-0.4968950516359333,6-mer
AGACTC,0.1476937813926466,-0.20901736705717208,6-mer
AGACTG,-0.6668179949211767,-0.7782753384722284,6-mer
AGACCA,-0.5082532304596936,-0.3973197818275333,6-mer
AGACCT,-0.4616967004721534,-0.7884958948062882,Inverted repeat
AGACCC,-0.7559093395874547,-1.2994148415602929,6-mer
AGACCG,-0.7796969273862789,-1.0008288969150103,6-mer
AGACGA,-0.06013315881434347,-0.5554526184486821,6-mer
AGACGT,-0.20478423373486587,-0.857042046157957,6-mer
AGACGC,-0.08435177833263323,-0.5947787545996522,6-mer
AGACGG,0.03465879275573605,-0.5781372009850155,6-mer
AGAGAA,0.4281133746593441,0.24238725499103236,6-mer
AGAGAT,0.3705015986770066,0.5746019891154344,6-mer
AGAGAC,0.0649728573857804,-0.2829339632714985,6-mer
AGAGAG,0.4248351263463239,0.5253799277863411,6-mer
AGAGTA,0.1141710199193109,0.3447680712454735,6-mer
AGAGTT,0.20550536457226867,0.3052750237858541,6-mer
AGAGTC,0.06780938039045886,-0.058826973289451336,6-mer
AGAGTG,0.10308083113586089,0.27769412372698504,6-mer
AGAGCA,0.42127435137755825,0.297144993957474,6-mer
AGAGCT,0.18060728419823233,0.34655188185618474,Inverted repeat
AGAGCC,-0.0705677578020687,0.0529203142757827,6-mer
AGAGCG,0.08280647881911761,0.13278517790090869,6-mer
AGAGGA,0.21415056799431628,-0.30773421330460793,6-mer
AGAGGT,-0.06702247679299941,-0.0034309054002734036,6-mer
AGAGGC,0.2030162593643725,-0.06975891711410083,6-mer
AGAGGG,0.8318682803807383,0.7659654658887586,6-mer
AGTAAA,0.20806347089460095,0.5616367942164507,6-mer
AGTAAT,0.11728995915706235,0.21804954257536888,6-mer
AGTAAC,-0.033263556072957876,0.24199499432509347,6-mer
AGTAAG,-0.09892649163923911,0.28324762672330256,6-mer
AGTATA,-1.0725179819712498,-0.8572154365843286,6-mer
AGTATT,0.22149338374436034,0.32996541395278056,6-mer
AGTATC,-0.008582387242730517,0.5838224808744872,6-mer
AGTATG,-0.3501149242937976,-0.03579723766279595,6-mer
AGTACA,-0.0025971114860391695,0.12850591213711773,Inverted repeat
AGTACT,-0.28581780147808156,0.07893963125532649,Palindromes
AGTACC,0.012339307188825992,0.6985845024383501,Inverted repeat
AGTACG,0.2630344058337938,0.5425875489993548,Inverted repeat
AGTAGA,0.20925604078731125,0.1258289903690168,6-mer
AGTAGT,-0.010569241710187154,0.15100156959997715,6-mer
AGTAGC,-0.08777140611963424,0.1527666261651151,6-mer
AGTAGG,0.178475304806241,0.23169456901187943,6-mer
AGTTAA,-0.3630152869305617,-0.29154412794504253,6-mer
AGTTAT,-0.13145714768301256,0.08562042555328371,6-mer
AGTTAC,-0.17280176219787588,0.07549019958426322,6-mer
AGTTAG,0.12512738745365523,-0.004990795827741703,6-mer
AGTTTA,-0.1458300841898728,0.27777823101766436,6-mer
AGTTTT,-0.039981984009651854,0.15035993262859668,6-mer
AGTTTC,-0.31908362054032513,-0.2102869108012567,6-mer
AGTTTG,0.07660389110954445,0.2912759234510659,6-mer
AGTTCA,-0.003315271564355537,0.16490110185281748,6-mer
AGTTCT,-0.372373254415067,-0.5721526936698498,Inverted repeat
AGTTCC,-0.3350381772136239,-0.6672109124808706,6-mer
AGTTCG,-0.3438506158071127,-0.44381261836023733,6-mer
AGTTGA,-0.33859151200391724,0.12706648099508408,6-mer
AGTTGT,-0.11592463408994745,-0.0844895249362519,6-mer
AGTTGC,-0.24886839878302125,-0.2131160452318816,6-mer
AGTTGG,0.02574680433623606,0.45369507497075684,6-mer
AGTCAA,-0.2927205363784451,-0.3045110418099529,6-mer
AGTCAT,0.22811013692421875,0.13819729392001937,6-mer
AGTCAC,0.3421059768249927,0.2767617788392274,6-mer
AGTCAG,0.30572393680684484,0.4156541673971829,6-mer
AGTCTA,-0.7441610955704102,-0.9596750564974228,6-mer
AGTCTT,-0.4810938149165555,-0.7259063701409624,6-mer
AGTCTC,-0.3007620270686608,-0.468408243280396,6-mer
AGTCTG,-0.4161206617994214,-0.7271093984211924,6-mer
AGTCCA,-0.22768672100596082,-0.5613418043826196,6-mer
AGTCCT,-0.08777907148743391,-0.8358016095846447,Inverted repeat
AGTCCC,0.8280726456465399,0.5834350309745625,6-mer
AGTCCG,-0.6650288676370387,-1.001657317862774,6-mer
AGTCGA,0.3159598968671608,0.1513123129478263,6-mer
AGTCGT,0.2589968391609058,-0.03038852824732763,6-mer
AGTCGC,0.09791473776555334,-0.0787169827554516,6-mer
AGTCGG,0.3331728520549848,0.11794392903137361,6-mer
AGTGAA,0.15902779407194578,0.3653391686050568,6-mer
AGTGAT,0.2410809647297449,0.956435804576709,6-mer
AGTGAC,0.6289871246131542,0.548118083672898,6-mer
AGTGAG,0.21253270838706667,0.6230883492301953,6-mer
AGTGTA,-0.22955056061116536,-0.22891252126830425,6-mer
AGTGTT,0.26527130041819746,0.08731298459031256,6-mer
AGTGTC,0.1755600575901353,-0.26174108881227337,6-mer
AGTGTG,-0.09479067138153287,-0.1469475560190315,6-mer
AGTGCA,-0.1501657666641588,-0.5762836057223413,6-mer
AGTGCT,-0.02948835900766246,-0.01668917048102061,Inverted repeat
AGTGCC,0.020353061956167227,-0.09894819719508664,6-mer
AGTGCG,0.09273626874675009,-0.0172453804158667,6-mer
AGTGGA,0.0955965720160113,0.24120608153249717,6-mer
AGTGGT,0.34683625448713196,1.0901780893818966,6-mer
AGTGGC,0.23543607541413353,0.7312271503503205,6-mer
AGTGGG,0.15076099690608738,0.23032228108626862,6-mer
AGCAAA,0.04339259551338061,0.08149731203183856,6-mer
AGCAAT,0.09899340891724641,-0.20545836692286473,6-mer
AGCAAC,-0.055650309767870325,-0.08254352817602698,6-mer
AGCAAG,0.3690620704784573,0.35727175693682567,6-mer
AGCATA,-0.02923460195067651,-0.12118634652005751,6-mer
AGCATT,-0.09878845352080169,-0.5298881001601402,6-mer
AGCATC,-0.05342355179875526,-0.0879687192443904,6-mer
AGCATG,0.07214978575583539,-0.38839736671151687,6-mer
AGCACA,0.07594221070040279,-0.24046742479105015,6-mer
AGCACT,0.11840288307952168,0.18673547190525475,Inverted repeat
AGCACC,-0.20210364138900458,0.10192622097590845,6-mer
AGCACG,-0.061400544664143124,-0.34312799704704045,6-mer
AGCAGA,0.4196376749282742,0.29885841123407475,6-mer
AGCAGT,0.34333124291545486,0.38480529785942863,6-mer
AGCAGC,0.13764958575958755,0.27341234738646997,6-mer
AGCAGG,0.29396440043986954,-0.04078561484650012,6-mer
AGCTAA,-0.27530509419876875,-0.17568671763782298,6-mer
AGCTAT,-0.22717207070651685,-0.07684435002869719,6-mer
AGCTAC,-0.2890073283715593,-0.15217381648422776,6-mer
AGCTAG,-0.2962258855677412,-0.5058909297299573,6-mer
AGCTTA,0.03509881368585354,0.3693994177748246,6-mer
AGCTTT,-0.21779051937743918,0.14365130723320368,6-mer
AGCTTC,-0.28761716976236235,-0.1379107771163341,6-mer
AGCTTG,-0.09255704207117242,0.31229348079900976,6-mer
AGCTCA,0.09670547148408312,0.6332515769313722,6-mer
AGCTCT,0.15863751200277101,0.3268103162671085,Inverted repeat
AGCTCC,-0.858694906090209,-0.9659381639263671,6-mer
AGCTCG,-0.2086984889879081,0.05324202127697942,6-mer
AGCTGA,-0.4970857461009172,0.0860398310666912,6-mer
AGCTGT,-0.40773176216872353,-0.49406438433337085,6-mer
AGCTGC,-0.38336918690303196,-0.19072961658160859,6-mer
AGCTGG,-0.4565917158906108,0.10178515353067798,6-mer
AGCCAA,0.4043282663350075,0.8515007647865596,6-mer
AGCCAT,0.07645206043787314,0.3990959554098222,6-mer
AGCCAC,-0.08318047963930443,0.4680987430302575,6-mer
AGCCAG,0.024427619769495375,0.45678476924331474,6-mer
AGCCTA,0.11362200171719403,-0.17119234986869825,6-mer
AGCCTT,0.32496447703751685,0.1809632728947605,6-mer
AGCCTC,-0.26538216069021664,-0.22406535388035087,6-mer
AGCCTG,-0.4712494065447435,-0.390146323737133,6-mer
AGCCCA,-0.11407520328845114,0.10706220020181806,6-mer
AGCCCT,0.06574965375844159,-0.1777112828353482,Inverted repeat
AGCCCC,0.09382202235652046,0.522466574987392,6-mer
AGCCCG,-0.1407325787466256,-0.49382776268087997,6-mer
AGCCGA,0.12045702630520007,0.34934615766615246,6-mer
AGCCGT,0.2285886873003535,0.27695885292177513,6-mer
AGCCGC,0.13145272940256045,0.5947314795370301,6-mer
AGCCGG,-0.5972757621600077,-0.573947034812186,6-mer
AGCGAA,-0.06566175935441317,0.06440226787621894,6-mer
AGCGAT,0.23840118004894112,0.7659198587132344,6-mer
AGCGAC,0.04473012262257834,0.11623438569735653,6-mer
AGCGAG,-0.05901121543063545,0.11718353937033882,6-mer
AGCGTA,0.1485964920018004,0.3372018789477075,6-mer
AGCGTT,0.28774202217067146,0.31102843220856097,6-mer
AGCGTC,0.02723574408125627,-0.16992500144231243,6-mer
AGCGTG,0.04403899799145684,0.17140393036822538,6-mer
AGCGCA,0.06961169398338353,0.0992395842649311,Inverted repeat
AGCGCT,0.11499696411463838,0.4451048371381956,Palindromes
AGCGCC,0.015199737163790783,0.290709364276642,Inverted repeat
AGCGCG,-0.3842006314029979,0.03096788055087865,Inverted repeat
AGCGGA,0.1759487890700825,-0.04033486474293653,6-mer
AGCGGT,0.07516922876639885,0.6663426125305306,6-mer
AGCGGC,0.14861896630263532,0.41503749927884365,6-mer
AGCGGG,0.3529458521524096,0.3515262503214064,6-mer
AGGAAA,0.2569136072675968,-0.179458840191313,6-mer
AGGAAT,0.2481835348848031,-0.6212346140959804,6-mer
AGGAAC,-0.21140163741847154,-0.986253992631179,6-mer
AGGAAG,0.25367979391509027,-0.28651347288300133,6-mer
AGGATA,0.013061781767527087,-0.1565903629407018,6-mer
AGGATT,0.12887321860649473,-0.4869123550594043,6-mer
AGGATC,-0.11724631027299164,-0.08067533487727632,6-mer
AGGATG,-0.12045125320425006,-0.508969835858741,6-mer
AGGACA,-0.10143426904241312,-1.160973400597784,6-mer
AGGACT,-0.011747659982830418,-0.890521523201507,Inverted repeat
AGGACC,-0.9474111360180039,-1.7325973515063564,6-mer
AGGACG,-0.01779189447571353,-1.1811232080471763,6-mer
AGGAGA,0.022026306329998736,-0.44781253537046384,6-mer
AGGAGT,-0.28146511124098106,-0.6254903073037663,6-mer
AGGAGC,-0.4794693718738423,-0.899207075789223,6-mer
AGGAGG,-0.3465821970807502,-0.8102278636792041,6-mer
AGGTAA,0.46843054393611544,0.8883800126909641,6-mer
AGGTAT,0.3562849119947543,0.5077478730936178,6-mer
AGGTAC,-0.5710136831002575,0.0,6-mer
AGGTAG,0.16438681790088258,0.4172250585166077,6-mer
AGGTTA,-0.18787914044017442,-0.0729586875035311,6-mer
AGGTTT,0.2988160349475928,0.5175264902191056,6-mer
AGGTTC,-0.5143520531970334,-0.3853534750289959,6-mer
AGGTTG,-0.3956557082039825,-0.14134175691746267,6-mer
AGGTCA,-0.0169600654656855,-0.02931013579851905,6-mer
AGGTCT,-0.440299758459101,-0.6987946837087075,Inverted repeat
AGGTCC,-1.4248406743092026,-2.0758028240777624,6-mer
AGGTCG,0.13230729210413011,-0.012767296073877863,6-mer
AGGTGA,0.3593639015896851,0.6615393239939658,6-mer
AGGTGT,0.22953449058046754,0.13942040832476718,6-mer
AGGTGC,-0.2707908494682283,-0.33901066042208317,6-mer
AGGTGG,-0.2357270598380584,0.09978341031479065,6-mer
AGGCAA,0.04932983148239959,-0.33118464844485557,6-mer
AGGCAT,0.23010116145354356,-0.41170640788695095,6-mer
AGGCAC,-0.07300600604598959,-0.4306566214066854,6-mer
AGGCAG,0.10659588230367906,-0.10683829914606333,6-mer
AGGCTA,0.20569096433903822,0.07213156312188816,6-mer
AGGCTT,0.2889417957956245,0.31575329775939914,6-mer
AGGCTC,0.023853205656306515,0.008285878986441323,6-mer
AGGCTG,-0.18637036757623726,-0.23549538223551206,6-mer
AGGCCA,-0.14912706479883117,-0.08447200733083081,Inverted repeat
AGGCCT,-0.6327852178490303,-0.9621283262645257,Palindromes
AGGCCC,-1.107329183270785,-1.3397537237267336,Inverted repeat
AGGCCG,-0.48414348086688636,-0.6157685475023308,Inverted repeat
AGGCGA,0.1995314635276358,0.04594261734599605,6-mer
AGGCGT,0.3907188685532832,0.17247549310155322,6-mer
AGGCGC,-0.2333550611690871,-0.4119171936329423,6-mer
AGGCGG,0.4058558081445149,0.6037622078498968,6-mer
AGGGAA,0.21356085437272687,-0.5231673997737143,6-mer
AGGGAT,0.37803225742038543,-0.00958604882919806,6-mer
AGGGAC,0.8118317493817937,0.44452567530150183,6-mer
AGGGAG,-0.384930744148007,-0.7617580556174934,6-mer
AGGGTA,-0.14547056677216827,-0.006799832105341129,6-mer
AGGGTT,0.17591799153694737,-0.0019308881413058743,6-mer
AGGGTC,-0.43531482827423595,-1.0649554418407698,6-mer
AGGGTG,-0.24612462732371107,-0.3100417657272305,6-mer
AGGGCA,0.3530241751131723,-0.5034984000922597,6-mer
AGGGCT,0.20625888930547046,-0.2703224330202234,Inverted repeat
AGGGCC,-1.5657307030921277,-1.9897708676831134,6-mer
AGGGCG,0.08690806522316508,-0.47356357588529924,6-mer
AGGGGA,0.775866944982598,-0.035381215636299285,6-mer
AGGGGT,0.0762803212506113,-0.3987151939769108,6-mer
AGGGGC,0.04261724479826561,-0.47137329088133484,6-mer
AGGGGG,0.08850648985537489,-0.41354941761943464,6-mer
TAAAAA,0.02466205423426897,0.2525658953167377,6-mer
TAAAAT,-0.27016625482519324,-0.24271638158308154,6-mer
TAAAAC,0.34301338929650044,0.25161216604667286,6-mer
TAAAAG,-0.13640096730277676,-0.14141857375331793,6-mer
TAAATA,0.17739868465369943,0.26799845382667364,Inverted repeat
TAAATT,-0.05905623708381074,-0.3116755372834541,6-mer
TAAATC,0.10557250902510412,0.34313575376189315,6-mer
TAAATG,-0.25298074116987107,-0.56367827283461,6-mer
TAAACA,0.13461671084233773,0.14868273515343855,6-mer
TAAACT,-0.2694916503996303,0.11971355548854468,6-mer
TAAACC,0.019983178198041306,0.5540139124276543,6-mer
TAAACG,0.22396668896498273,0.2597592738009328,6-mer
TAAAGA,0.37064337992039054,0.41503749927884365,6-mer
TAAAGT,-0.041582063001401985,0.14556863532040384,6-mer
TAAAGC,0.2480170875223349,0.44969629203458,6-mer
TAAAGG,0.46254642485278813,0.3688144825181983,6-mer
TAATAA,-0.22566755336930885,-0.01670145699740955,6-mer
TAATAT,-0.3842801037133419,-0.32430583756137504,6-mer
TAATAC,0.19081424642652686,0.13948505359862157,6-mer
TAATAG,-0.28928430499161867,-0.3128258877801099,6-mer
TAATTA,-0.7910361537019545,-0.8743081836707971,Palindromes
TAATTT,-0.3307077230907862,-0.4882319904901265,Inverted repeat
TAATTC,0.003147318026308026,-0.461795597789138,Inverted repeat
TAATTG,-0.708141872769428,-0.8967947178730116,Inverted repeat
TAATCA,-0.3801643002457641,0.12020924181566402,6-mer
TAATCT,-0.49301664760849323,-0.27025206011503955,6-mer
TAATCC,0.32231513581279286,0.14666964914200908,6-mer
TAATCG,-0.11219726122392155,0.10248295760125123,6-mer
TAATGA,0.18207214775330322,0.04206405956654376,6-mer
TAATGT,0.1936708121063934,-0.4748640341093329,6-mer
TAATGC,0.3311828697733359,-0.16444507212716836,6-mer
TAATGG,0.12792738602510634,0.037019189430805996,6-mer
TAACAA,0.08102033932663628,0.1759217203512692,6-mer
TAACAT,-0.43706380560884267,-0.8570250651841884,6-mer
TAACAC,-0.32236192289871723,-0.3330731821402113,6-mer
TAACAG,-0.4025857582325872,-0.6557732380038633,6-mer
TAACTA,-0.3514919642164946,-0.36197625552742996,Inverted repeat
TAACTT,-0.2554154780653109,-0.11122419895108603,6-mer
TAACTC,0.22149994061458078,0.3840335968295875,6-mer
TAACTG,-0.04988265686376311,-0.048454357387512144,6-mer
TAACCA,0.20599236958468928,0.815702264771124,6-mer
TAACCT,0.0808795526043682,0.22013996960506912,6-mer
TAACCC,0.7090715880305445,0.6276899697928855,6-mer
TAACCG,0.24904541856921295,0.5849625007211562,6-mer
TAACGA,0.2771176733933152,0.19594015750397675,6-mer
TAACGT,0.3843246320252294,0.005706118345216215,6-mer
TAACGC,0.571019099733704,0.4635673932065024,6-mer
TAACGG,0.27130202181739427,0.05606939205381231,6-mer
TAAGAA,-0.25398115758090734,-0.4062173062796899,6-mer
TAAGAT,-0.8695058800562991,-0.6644828403646826,6-mer
TAAGAC,-0.5395195299599891,-1.1801058822820498,6-mer
TAAGAG,-0.6135316529179271,-0.5480842751910816,6-mer
TAAGTA,-0.1256468496930117,0.23731040606955633,Inverted repeat
TAAGTT,-0.20809873034890858,-0.011166801818900283,6-mer
TAAGTC,-0.05279060213910912,-0.1873999679969428,6-mer
TAAGTG,-0.4095030649400289,-0.18391827352181211,6-mer
TAAGCA,0.11861777398545073,-0.01200477904266058,6-mer
TAAGCT,-0.05472584796547642,0.1899959418254006,6-mer
TAAGCC,0.3117562898300712,0.47971441561810696,6-mer
TAAGCG,0.015749197353052365,0.20890820226675036,6-mer
TAAGGA,-0.07231420481589004,-0.605808142467463,6-mer
TAAGGT,0.5449205640804368,0.5230679669952139,6-mer
TAAGGC,-0.13669370332963168,-0.35091523782757245,6-mer
TAAGGG,-0.20199639290692412,-0.3443345079356419,6-mer
TATAAA,-0.28641733327174473,-0.13407378354192934,6-mer
TATAAT,-1.30061186365027,-1.3277454214826767,6-mer
TATAAC,-0.1158084526506157,-0.07272946634591441,6-mer
TATAAG,-0.39525869809088304,-0.3100417657272305,6-mer
TATATA,-0.942138404736167,-0.5965420196160391,Palindromes
TATATT,-0.6341587871773354,-0.5165587510949177,Inverted repeat
TATATC,-0.46837455662455707,-0.2068515704406695,Inverted repeat
TATATG,-1.049129602557167,-1.1006039409384056,Inverted repeat
TATACA,-0.5919698134067611,-0.5356672044643825,6-mer
TATACT,-1.4260482800913101,-0.8249132934419089,6-mer
TATACC,-0.14237292847315305,0.47029261126906424,6-mer
TATACG,-0.8467241274332367,-0.7564133563944289,6-mer
TATAGA,-0.34980712746279913,-0.41535664429527375,6-mer
TATAGT,-0.4814832391815372,-0.6027007779613593,6-mer
TATAGC,-0.49792679019850034,-0.6369145803558778,6-mer
TATAGG,-0.24441872766644696,-0.4609045080361726,6-mer
TATTAA,-0.03369107204884213,-0.06666431926144664,6-mer
TATTAT,-0.5543004074430327,-0.21760537408780917,6-mer
TATTAC,0.2760122598320037,0.4619585466663363,6-mer
TATTAG,0.029477201076833465,-0.3479233034203069,6-mer
TATTTA,-0.0734831287553086,0.2182843959591938,Inverted repeat
TATTTT,0.3166226697929163,0.3134731280768135,6-mer
TATTTC,0.11097856399141835,-0.09953567355091435,6-mer
TATTTG,-0.24073833963533373,-0.24052287456324536,6-mer
TATTCA,0.5072612524873426,0.39175276336787473,6-mer
TATTCT,0.17897014104531928,-0.22419129319156525,6-mer
TATTCC,0.7381774338350143,0.10142196064580851,6-mer
TATTCG,0.27784406581293764,-0.0873957531970879,6-mer
TATTGA,0.5872763665594025,0.7737636511261694,6-mer
TATTGT,0.08091999538356735,-0.16694730164241678,6-mer
TATTGC,0.4594800320348721,0.18110102570699188,6-mer
TATTGG,0.5819456615975679,0.7293923744614053,6-mer
TATCAA,0.21093086016490215,0.6906979906070005,6-mer
TATCAT,-0.8548776294383537,-0.34743250734791264,6-mer
TATCAC,-0.11511030616646067,0.4297045807350628,6-mer
TATCAG,-0.4463872708125743,0.08097779682354354,6-mer
TATCTA,0.13860966286685314,0.3723205898720004,Inverted repeat
TATCTT,0.126730229597348,0.28823651007800355,6-mer
TATCTC,0.17440747159220696,0.3726588970082921,6-mer
TATCTG,0.1382614407838564,0.323854685479779,6-mer
TATCCA,0.5382750084972886,0.8283541386303458,6-mer
TATCCT,0.051665089800518385,-0.06535373799409944,6-mer
TATCCC,0.653151848009025,0.5405683813627028,6-mer
TATCCG,0.6123957308442686,0.49610910992616164,6-mer
TATCGA,0.616518260560262,1.0581866588797073,6-mer
TATCGT,0.22604185101883245,0.40073693572803903,6-mer
TATCGC,0.5056627664145011,0.784648744907556,6-mer
TATCGG,0.5304227696581261,0.859566295267087,6-mer
TATGAA,-0.14482750555117765,-0.021733521947281554,6-mer
TATGAT,-0.8126416301069878,-0.3875630683282758,6-mer
TATGAC,0.07447821595927646,-0.09026147460301291,6-mer
TATGAG,-0.4578550546199526,-0.3717513785306474,6-mer
TATGTA,-0.4764867828170272,-0.6940302431547342,Inverted repeat
TATGTT,-0.46659802703775294,-0.5344763072667874,6-mer
TATGTC,0.006126102796841382,-0.5442659193519276,6-mer
TATGTG,-0.07662128160291264,-0.2589704734538948,6-mer
TATGCA,-0.305575559088551,-0.8103852333830169,6-mer
TATGCT,-0.04399298073752091,-0.08159617160440948,6-mer
TATGCC,0.12643090061397483,-0.24561334666672707,6-mer
TATGCG,-0.04402975642157795,-0.1122367651395048,6-mer
TATGGA,0.023901235714063232,0.03184886603933983,6-mer
TATGGT,-0.11929892837234442,0.5488846277894301,6-mer
TATGGC,0.019723091772890642,0.18761444057772533,6-mer
TATGGG,0.08468898141618149,0.05241371923563085,6-mer
TACAAA,-0.16668700991392693,-0.10535300014622866,6-mer
TACAAT,-0.949915609843909,-1.0612612048050984,6-mer
TACAAC,0.11615789449832782,0.00295937548054399,6-mer
TACAAG,-0.240420638886021,-0.24592038496994628,6-mer
TACATA,-0.3630815826841237,-0.6318770822340322,Inverted repeat
TACATT,-0.44899703153148995,-0.7388564136254466,6-mer
TACATC,-0.07174333553737311,-0.0800783840598317,6-mer
TACATG,-0.4192045602680208,-0.7531278701461492,6-mer
TACACA,-0.3007893278292122,-0.6120099830786314,6-mer
TACACT,-0.09579849191912139,-0.2746223801090057,6-mer
TACACC,0.4516191715269992,0.5923420310867537,6-mer
TACACG,-0.3812027171899403,-0.6306625447262122,6-mer
TACAGA,0.09317374005297331,-0.14058620663412283,6-mer
TACAGT,-0.4272148148294111,-0.2953143318148245,6-mer
TACAGC,0.05903381775465377,0.09136174210521425,6-mer
TACAGG,0.13408118544778752,-0.09557765998223111,6-mer
TACTAA,-0.5833762498292047,-0.4998179194758633,6-mer
TACTAT,-0.5155564933546295,-0.29278174922784583,6-mer
TACTAC,0.00733179930933643,0.3112016882943038,6-mer
TACTAG,-1.5679419954654263,-1.7859626280607663,6-mer
TACTTA,-0.023921348032775597,0.23488336551964473,Inverted repeat
TACTTT,-0.0627623084246834,0.2711622867171943,6-mer
TACTTC,-0.33060871811813763,-0.2910069980618656,6-mer
TACTTG,-0.42491525210557596,0.046263839905470124,6-mer
TACTCA,0.22189440167231667,0.6680476534914763,6-mer
TACTCT,0.148575681248879,0.2639363721281864,6-mer
TACTCC,0.1162753889705239,0.14347902113851116,6-mer
TACTCG,0.2830091055950599,0.45449130750872513,6-mer
TACTGA,0.15007693155560703,0.7231597946411756,6-mer
TACTGT,0.22612250813636228,0.1715195570728849,6-mer
TACTGC,0.41607206012697057,0.44265399320936843,6-mer
TACTGG,0.3714525843349322,0.8724865766657333,6-mer
TACCAA,0.058694655454454715,0.7698759744226401,6-mer
TACCAT,-0.5131852987055155,-0.06357128570799878,6-mer
TACCAC,-0.15136990126161695,0.6012475843086457,6-mer
TACCAG,-1.0956665030950834,-0.44730630275118477,6-mer
TACCTA,0.44519946978909636,0.6155199676971258,Inverted repeat
TACCTT,0.35785984137009874,0.6006054784736568,6-mer
TACCTC,-0.1735993222518493,0.28798076296402464,6-mer
TACCTG,-0.20313165370851638,0.06294200329910672,6-mer
TACCCA,0.583553806325821,1.003459701995867,6-mer
TACCCT,-0.03413633952754986,0.08787275602533443,6-mer
TACCCC,0.21759143507262685,0.41310229437312984,6-mer
TACCCG,0.4137641584716555,0.6109019000805425,6-mer
TACCGA,0.4845784325319207,1.0800691992034057,6-mer
TACCGT,0.4759272449302747,0.8254306550059223,6-mer
TACCGC,0.4923684365890887,1.0159080613439344,6-mer
TACCGG,-0.42082800621307964,0.149731132281197,6-mer
TACGAA,-0.13470178468483457,-0.23388806017427724,6-mer
TACGAT,-0.22352439082636774,0.16137127597924517,6-mer
TACGAC,0.2475276282071292,-0.03464614280689111,6-mer
TACGAG,-0.5242362701804779,-0.5485518605314713,6-mer
TACGTA,-0.013343674009587216,-0.05436228844968913,Palindromes
TACGTT,-0.19464743085354366,-0.17319271527622337,Inverted repeat
TACGTC,-0.09879564017183125,-0.4367042375186309,Inverted repeat
TACGTG,-0.2860260484600231,-0.2713802852482907,Inverted repeat
TACGCA,0.18101313648829176,0.03783825221029991,6-mer
TACGCT,0.17770880763752495,0.3869046476805051,6-mer
TACGCC,0.7411976155079818,0.8101993964046414,6-mer
TACGCG,0.0255350921071374,0.051496235043667536,6-mer
TACGGA,0.14277094993858547,-0.18976727384195505,6-mer
TACGGT,0.46756968808097416,0.9592106889729485,6-mer
TACGGC,0.23092489593177423,0.43149351207583336,6-mer
TACGGG,-0.18871937472859587,-0.48434168605786426,6-mer
TAGAAA,0.5914704656014566,0.2943070526016983,6-mer
TAGAAT,-0.5114485764049115,-1.0010925370010118,6-mer
TAGAAC,0.05626168808311293,-0.3597795658630801,6-mer
TAGAAG,0.3372248280622236,-0.10615355231542213,6-mer
TAGATA,0.4417180420542436,0.4402902912107554,Inverted repeat
TAGATT,-0.3712724146727932,-0.4291997508371621,6-mer
TAGATC,-0.6788803641087949,-0.4030518836781647,6-mer
TAGATG,-0.36078787404269874,-0.5464883529065205,6-mer
TAGACA,0.22374770094845878,-0.4118002431468066,6-mer
TAGACT,-0.3310986807789478,-0.6147098441152082,6-mer
TAGACC,-0.5206944621425224,-0.799741737947729,6-mer
TAGACG,0.1782897849653258,-0.644463512469818,6-mer
TAGAGA,0.6306247427101774,0.34064035514953295,6-mer
TAGAGT,0.10123997976316336,0.10566725772230628,6-mer
TAGAGC,0.405678350735271,0.17643178038389676,6-mer
TAGAGG,0.4419278709979923,0.005602706229375976,6-mer
TAGTAA,-0.16735345149649505,-0.047837485901549834,6-mer
TAGTAT,-0.8750651497531206,-0.7822134875096076,6-mer
TAGTAC,-0.8650704199138914,-0.7099207711519775,6-mer
TAGTAG,-0.12417055813121433,-0.3133076123150174,6-mer
TAGTTA,-0.27453837795224434,-0.07377792613954759,Inverted repeat
TAGTTT,-0.6475093474606404,-0.40275102142001123,6-mer
TAGTTC,-0.7645589634100605,-0.8300749985576876,6-mer
TAGTTG,-0.4723647638281985,-0.4959151862695905,6-mer
TAGTCA,0.27402071399579264,-0.006886385585239777,6-mer
TAGTCT,-0.642843416801656,-0.9427751313070497,6-mer
TAGTCC,-0.03891898929230224,-0.886441759582217,6-mer
TAGTCG,0.46814883573840615,-0.18145597923202036,6-mer
TAGTGA,0.5309583011481148,0.6161457152613058,6-mer
TAGTGT,0.13078660753535412,-0.08223826090683523,6-mer
TAGTGC,0.044267720540485785,-0.41732567587411384,6-mer
TAGTGG,0.2010512746898403,0.41954656544398605,6-mer
TAGCAA,-0.6769718707163086,-0.8970087678128663,6-mer
TAGCAT,-0.47187322501337176,-0.9539176095184553,6-mer
TAGCAC,-0.3014026975559636,-0.6413133551025199,6-mer
TAGCAG,-0.3051034722460034,-0.6193140055119332,6-mer
TAGCTA,-0.227438850679795,-0.4119346247911802,Palindromes
TAGCTT,-0.3339238880172139,-0.16160758669648687,Inverted repeat
TAGCTC,-0.16901449649515232,-0.06426169452086146,Inverted repeat
TAGCTG,-0.5990180959425754,-0.6421239161534875,Inverted repeat
TAGCCA,0.6482733578343229,0.8322331067250963,6-mer
TAGCCT,-0.04692104738749248,-0.32960202277278344,6-mer
TAGCCC,0.048029371630645426,-0.2502783984093414,6-mer
TAGCCG,0.291937443449747,0.17454566209613834,6-mer
TAGCGA,0.4443070416457395,0.3550375095426778,6-mer
TAGCGT,0.10479027297411334,-0.012634884065075985,6-mer
TAGCGC,0.07019315884891167,0.060046126967488865,6-mer
TAGCGG,0.198413558402008,0.08941855606702692,6-mer
TAGGAA,0.18850930337319066,-0.49398884067366583,6-mer
TAGGAT,-0.052935751351223095,-0.4655391967255708,6-mer
TAGGAC,-0.11944355220494389,-1.3014792588610609,6-mer
TAGGAG,-0.48647797114453,-0.8582360910597883,6-mer
TAGGTA,0.48790781667399674,0.7835081801032364,Inverted repeat
TAGGTT,-0.14335077587944728,-0.01901196852580319,6-mer
TAGGTC,-0.19276610432901858,-0.5266948455419757,6-mer
TAGGTG,0.06439952205355706,0.12346925770807662,6-mer
TAGGCA,0.19539568895843043,-0.35591609417383746,6-mer
TAGGCT,0.4467521200041709,0.30852143633621254,6-mer
TAGGCC,-0.1752872216634338,-0.5360529002402096,6-mer
TAGGCG,0.7224834906184758,0.72541473149477,6-mer
TAGGGA,0.16931997101159998,-0.46246567872693073,6-mer
TAGGGT,0.10478502454873412,-0.28100885284455057,6-mer
TAGGGC,0.41411299105054566,-0.2886319914992739,6-mer
TAGGGG,0.12144562646908004,-0.5181309922429473,6-mer
TTAAAA,-0.28561842125155573,-0.2698679271744528,Inverted repeat
TTAAAT,-0.15423119433716714,-0.3717945283329519,6-mer
TTAAAC,-0.08485125338917261,0.053637963602073194,6-mer
TTAAAG,-0.038595898434789,-0.06562008374352593,6-mer
TTAATA,-0.27354763251646974,-0.25801633106716915,6-mer
TTAATT,-0.33881499372285645,-0.5727108448348335,6-mer
TTAATC,-0.026141104780314353,0.09460520031696251,6-mer
TTAATG,0.35049205754296,-0.001974942185057783,6-mer
TTAACA,-0.5270883206034577,-0.7610612697836692,6-mer
TTAACT,-0.24994594868248274,-0.2845997556687275,6-mer
TTAACC,0.4644600580019546,0.6301337661586889,6-mer
TTAACG,0.25077870828685583,0.05019399410318312,6-mer
TTAAGA,-0.7741185925836723,-0.8911478590627713,6-mer
TTAAGT,-0.3163798225341471,-0.2087983935609191,6-mer
TTAAGC,0.09058346563938097,0.23597474374688815,6-mer
TTAAGG,-0.35349908896971155,-0.6235653399449035,6-mer
TTATAA,-0.3924753446267522,-0.3578842105928988,Palindromes
TTATAT,-0.5876788019065189,-0.4369329943980579,Inverted repeat
TTATAC,-0.6067176619973307,-0.2314946284437003,Inverted repeat
TTATAG,-0.6207181935111962,-0.7119499150245313,Inverted repeat
TTATTA,0.09350349037587294,0.26386617007758206,6-mer
TTATTT,-0.2570619179816881,0.05141361119387183,6-mer
TTATTC,0.1587879052017271,-0.06534387600876988,6-mer
TTATTG,0.3877146571789962,0.4502169495964413,6-mer
TTATCA,-0.023522722853423658,0.5348727344402889,6-mer
TTATCT,0.2396819430750311,0.40853153541943354,6-mer
TTATCC,0.6355228548506326,0.5681378780797973,6-mer
TTATCG,0.6099743887292293,0.925999418556223,6-mer
TTATGA,-0.2459821352881089,-0.0143974283774406,6-mer
TTATGT,-0.14725809127566852,-0.107120603870477,6-mer
TTATGC,0.06589282972327858,-0.14943937399183407,6-mer
TTATGG,0.036464326288937615,0.3743955147814979,6-mer
TTACAA,-0.3712353455231459,-0.38422075235385134,Inverted repeat
TTACAT,-0.5155020671425675,-0.7470065365955434,6-mer
TTACAC,-0.16004918266643067,-0.2612024118849038,6-mer
TTACAG,-0.18313054024157988,-0.19649259444651768,6-mer
TTACTA,-0.48639866623756667,-0.30981907261724134,6-mer
TTACTT,-0.18720000527532252,0.09261625961112381,6-mer
TTACTC,0.16332648047193052,0.4943244889859528,6-mer
TTACTG,0.5304707997099669,0.7264477222522069,6-mer
TTACCA,-0.23810509689930884,0.3529671279180487,6-mer
TTACCT,0.20054423650070421,0.6365636972083686,6-mer
TTACCC,0.56028011194552,0.7729705476217,6-mer
TTACCG,0.30668032118842536,0.8429188944749835,6-mer
TTACGA,-0.004681156117908334,-0.07222832755517897,6-mer
TTACGT,-0.007010394155797854,-0.11393810803274752,6-mer
TTACGC,0.4540612608028197,0.4696509294396294,6-mer
TTACGG,0.2618892961073278,0.5287796653280321,6-mer
TTAGAA,0.164209998980319,-0.25368789902412986,Inverted repeat
TTAGAT,-0.294000756517007,-0.1958702092806779,6-mer
TTAGAC,-0.33199177823206,-1.0179219079972626,6-mer
TTAGAG,0.20255600568227877,0.012132555151198673,6-mer
TTAGTA,-0.7071684330943272,-0.6748480042383516,6-mer
TTAGTT,-0.6020466553467049,-0.43155258606186053,6-mer
TTAGTC,0.205107496554102,-0.26509392801208825,6-mer
TTAGTG,0.3154611583647916,0.4089349539559524,6-mer
TTAGCA,-0.11851849876567705,-0.5120619536737085,6-mer
TTAGCT,-0.2889491045845868,-0.1639940782245316,6-mer
TTAGCC,0.5868422339393788,0.4733747003637423,6-mer
TTAGCG,0.2763041612519919,0.12274654612339207,6-mer
TTAGGA,0.020547377404085656,-0.5856800809602171,6-mer
TTAGGT,0.17535574059913,0.25316134734692797,6-mer
TTAGGC,0.7393435327973433,0.5620399116655272,6-mer
TTAGGG,0.2783749519682799,-0.32030160650664424,6-mer
TTTAAA,-0.18706419879631825,-0.1414583461402517,Palindromes
TTTAAT,-0.2939736425009102,-0.29745982073098237,Inverted repeat
TTTAAC,-0.26145756669075804,-0.18105298374719844,Inverted repeat
TTTAAG,-0.4731374877722558,-0.37041151996858046,Inverted repeat
TTTATA,-0.38953864540275385,-0.25462216601759385,6-mer
TTTATT,0.1888273243550842,0.3768998436723782,6-mer
TTTATC,0.45768912995084465,0.7699160159674928,6-mer
TTTATG,-0.060789245616000985,0.125147601618344,6-mer
TTTACA,-0.36418903878129744,-0.3439839401254587,6-mer
TTTACT,0.20598466481483507,0.515554931997205,6-mer
TTTACC,0.3383955925725923,0.8608715145154185,6-mer
TTTACG,0.13651306822796647,0.3000325997681483,6-mer
TTTAGA,-0.1194921157656164,-0.24331826019099592,6-mer
TTTAGT,-0.07694568928877259,0.2356346587759377,6-mer
TTTAGC,0.18471221843992347,0.08327254922655969,6-mer
TTTAGG,0.3501058067348865,0.166502663140165,6-mer
TTTTAA,-0.34841851711604827,-0.3843762453169482,Inverted repeat
TTTTAT,0.1263559865049131,0.29185925956086234,6-mer
TTTTAC,0.16463872903141397,0.28808243638743547,6-mer
TTTTAG,-0.128869167509081,-0.22836923400195488,6-mer
TTTTTA,-0.13078955481536894,0.10283151170941499,6-mer
TTTTTT,-0.591561233102156,-0.47182067437944597,6-mer
TTTTTC,0.18697075384912076,0.21006019503482287,6-mer
TTTTTG,-0.212687986413757,-0.11820399237596702,6-mer
TTTTCA,0.12740167773077896,0.23224959589615432,6-mer
TTTTCT,0.437125747333865,0.3008964347189161,6-mer
TTTTCC,0.31059345556296697,-0.1571602727246924,6-mer
TTTTCG,-0.2747533422251653,-0.281730499543699,6-mer
TTTTGA,-0.12737132544532898,0.09684055780188831,6-mer
TTTTGT,-0.01645393205635908,-0.13289427049734528,6-mer
TTTTGC,0.1515630797044255,-0.10402010577267808,6-mer
TTTTGG,0.05216352776155488,0.31147029262114256,6-mer
TTTCAA,-0.18964638442712253,0.03352962356519411,Inverted repeat
TTTCAT,-0.03760642230370722,0.046834928051336946,6-mer
TTTCAC,0.14672815140437542,0.45457449566411096,6-mer
TTTCAG,0.0032024320383437373,0.2208130695355149,6-mer
TTTCTA,0.4574727655992404,0.19230445816962038,6-mer
TTTCTT,0.08602277349804589,0.05961562961166719,6-mer
TTTCTC,0.4042820137137229,0.2729297237085259,6-mer
TTTCTG,0.3337761908309303,0.1868753391306655,6-mer
TTTCCA,0.28336519619944034,0.30016027980512666,6-mer
TTTCCT,0.160201259036386,-0.3941126948927429,6-mer
TTTCCC,0.34262587545139167,-0.2706123054425144,6-mer
TTTCCG,-0.03484174921230081,-0.41621313023420653,6-mer
TTTCGA,-0.4194089903746033,-0.5350641885801155,6-mer
TTTCGT,-0.3744834009282088,-0.43001672034848143,6-mer
TTTCGC,-0.22748886723821338,-0.22204157137341315,6-mer
TTTCGG,-0.11448067456005301,-0.046657399915117026,6-mer
TTTGAA,-0.13818645632642182,0.025614252526311686,Inverted repeat
TTTGAT,0.02780684225834662,0.5488932460136343,6-mer
TTTGAC,-0.12066253437262153,-0.19891797357338442,6-mer
TTTGAG,0.03298921148586155,0.37169146935325653,6-mer
TTTGTA,-0.03450734087411937,-0.0819743942371668,6-mer
TTTGTT,-0.1199094637351967,-0.11509024255935654,6-mer
TTTGTC,0.19729320395592692,-0.27259662835204596,6-mer
TTTGTG,0.035102142410282935,-0.16586574682679553,6-mer
TTTGCA,-0.36779104892456077,-0.7099086790123487,6-mer
TTTGCT,0.20190105165858707,0.06368329045826335,6-mer
TTTGCC,0.2897561892047363,0.08941374762050044,6-mer
TTTGCG,0.018216785501257462,-0.15624008633152067,6-mer
TTTGGA,-0.38604136394180016,-0.44447488563208826,6-mer
TTTGGT,0.18280158081339035,0.8390479498274672,6-mer
TTTGGC,0.20725740534906625,0.6269000268937996,6-mer
TTTGGG,0.007590929741884536,0.034902742487067144,6-mer
TTCAAA,-0.1846715868114987,-0.02153911509163692,Inverted repeat
TTCAAT,0.12993809105293003,0.18236176177612423,6-mer
TTCAAC,0.025584047638823597,0.15791770001957942,6-mer
TTCAAG,-0.26270498579790885,-0.0029412753121225233,6-mer
TTCATA,-0.3602835405861991,-0.1459675846416574,6-mer
TTCATT,-0.14302757022157198,-0.2567057182659897,6-mer
TTCATC,0.42328149337375215,0.7397440159029266,6-mer
TTCATG,-0.35908109330482835,-0.6260404465269797,6-mer
TTCACA,-0.235087865330879,-0.33061559908769095,6-mer
TTCACT,0.16894211663802636,0.4895039922528734,6-mer
TTCACC,0.3142030669435787,0.8218135578469752,6-mer
TTCACG,0.12852025489553487,0.14748889677384172,6-mer
TTCAGA,-0.31848759688036826,-0.3479233034203069,6-mer
TTCAGT,-0.042254003705981855,0.239322817286325,6-mer
TTCAGC,-0.013904822813220072,0.182965337997961,6-mer
TTCAGG,0.1394359840077563,-0.07886568677476943,6-mer
TTCTAA,0.2904260583330382,-0.3194559943604061,Inverted repeat
TTCTAT,0.0575682915870012,-0.2540423269726558,6-mer
TTCTAC,0.31591115898103395,0.016824622641358842,6-mer
TTCTAG,0.006286262847431387,-0.6684032568746042,6-mer
TTCTTA,-0.22046603251037605,-0.4202660140806547,6-mer
TTCTTT,-0.006288484541281828,-0.15217381648422776,6-mer
TTCTTC,0.3702258730325426,0.0101598662202217,6-mer
TTCTTG,0.014210075354645366,-0.00906408242823654,6-mer
TTCTCA,-0.11637411272108986,-0.08490041146747017,6-mer
TTCTCT,0.42251120310828466,0.09013908644466943,6-mer
TTCTCC,0.17347071369716544,-0.3079118979518833,6-mer
TTCTCG,-0.04753495050472907,-0.26895923979089914,6-mer
TTCTGA,-0.19583213066628305,-0.17472598770613337,6-mer
TTCTGT,0.05101316591932253,-0.5172252925024589,6-mer
TTCTGC,0.4910553661236216,-0.039270117512558565,6-mer
TTCTGG,0.3700572657616415,0.3578099722226881,6-mer
TTCCAA,-0.031731358071043256,-0.23610055377984687,Inverted repeat
TTCCAT,0.05117661841769938,-0.210253560989286,6-mer
TTCCAC,0.27918749438142254,0.1534058111451404,6-mer
TTCCAG,0.3486018462128836,0.35245756777300347,6-mer
TTCCTA,0.3308511739089782,-0.5556185391390117,6-mer
TTCCTT,0.04642433709135196,-0.5354765522569579,6-mer
TTCCTC,0.23068644313752834,-0.26361790231935706,6-mer
TTCCTG,0.08261371174848485,-0.5689957523160901,6-mer
TTCCCA,0.10565725564214822,-0.3457939871100749,6-mer
TTCCCT,-0.009771556742644993,-0.8276685008505925,6-mer
TTCCCC,0.3685542547587179,-0.19244243800374009,6-mer
TTCCCG,0.4026910109479059,-0.4999873716985641,6-mer
TTCCGA,-0.41226041460827023,-0.8616287721427167,6-mer
TTCCGT,0.289005768364789,-0.41642403954980645,6-mer
TTCCGC,0.03300320957158566,-0.39463128861700675,6-mer
TTCCGG,-0.19866738642833062,-0.6269565893857832,6-mer
TTCGAA,-1.1545532986159077,-1.3922341479343903,Palindromes
TTCGAT,-0.08604335728457761,0.1262070925677123,Inverted repeat
TTCGAC,0.2096691500730636,-0.4432081719700048,Inverted repeat
TTCGAG,-0.425532185995493,-0.5000021666739868,Inverted repeat
TTCGTA,-0.45040454173551536,-0.31971900219143795,6-mer
TTCGTT,-0.33400705326852276,-0.34500880007096074,6-mer
TTCGTC,0.1087346103973792,-0.547895174120766,6-mer
TTCGTG,-0.4687281150237994,-0.737896065040697,6-mer
TTCGCA,-0.7786436254160768,-1.0870554345433758,6-mer
TTCGCT,-0.020522323873345228,0.10893437155316395,6-mer
TTCGCC,0.26994018156924027,0.15400822933542674,6-mer
TTCGCG,-0.4576396470705459,-0.47512054952169375,6-mer
TTCGGA,-0.4934948999343895,-0.9173099978870086,6-mer
TTCGGT,0.24798413523918883,0.4881390052173404,6-mer
TTCGGC,0.05790043941647779,-0.08925885163071012,6-mer
TTCGGG,-0.14095082536840378,-0.690732253969406,6-mer
TTGAAA,-0.26447019814610434,-0.11399226871114497,Inverted repeat
TTGAAT,-0.23173959359570057,-0.20928678928009278,6-mer
TTGAAC,-0.11001594282277913,0.0811571442360597,6-mer
TTGAAG,0.2882211200011982,0.3798090109678621,6-mer
TTGATA,0.21050942982052576,0.670618240216005,6-mer
TTGATT,-0.11412524343209,0.3312861495855965,6-mer
TTGATC,-0.44770786768880383,0.4811529169791002,6-mer
TTGATG,0.42097605169646474,0.8479654070071079,6-mer
TTGACA,-0.8884026318985717,-0.9790091030840267,6-mer
TTGACT,-0.2171381912861567,-0.1596207440961253,6-mer
TTGACC,0.22689948059341625,0.4608262007090502,6-mer
TTGACG,-0.01227358172046414,-0.17497822916859773,6-mer
TTGAGA,-0.3253430042284059,-0.10756687676093818,6-mer
TTGAGT,0.4980291860103968,0.9892304779650248,6-mer
TTGAGC,0.6005894130956744,1.0080194483361196,6-mer
TTGAGG,-0.18454761024379937,-0.11370972653699908,6-mer
TTGTAA,-0.3089706900006527,-0.31844310104005186,Inverted repeat
TTGTAT,-0.5406960930470147,-0.5818989881833256,6-mer
TTGTAC,-0.26269947953144474,-0.2136683285128143,6-mer
TTGTAG,0.056800142274225265,-0.20602897512756072,6-mer
TTGTTA,-0.327071398163322,-0.19817525049461834,6-mer
TTGTTT,-0.2474461198654335,-0.26989400183431506,6-mer
TTGTTC,-0.08467007695014714,-0.31183656300499857,6-mer
TTGTTG,0.1353540989306681,0.23140701057700952,6-mer
TTGTCA,-0.44187654879974037,-0.5892995730388966,6-mer
TTGTCT,-0.216617616212045,-0.6780719051126377,6-mer
TTGTCC,0.17974808392795397,-0.6569701070109368,6-mer
TTGTCG,0.6116883727495305,-0.05093090390157381,6-mer
TTGTGA,-0.40948301032157286,-0.28986688565506374,6-mer
TTGTGT,0.19208437251719204,-0.06906118506720509,6-mer
TTGTGC,0.05368502197294466,-0.4442647575463474,6-mer
TTGTGG,0.11226167527576278,0.18576046869344937,6-mer
TTGCAA,-0.5026722075861084,-0.8458469622662522,Palindromes
TTGCAT,-0.49890433108778237,-0.9858996265002621,Inverted repeat
TTGCAC,-0.3497220213583932,-0.5789875239732515,Inverted repeat
TTGCAG,0.17581574272531603,-0.13520968785145582,Inverted repeat
TTGCTA,-0.36594086372394813,-0.5989693587150355,6-mer
TTGCTT,-0.4298416515727895,-0.3488580070022081,6-mer
TTGCTC,0.4710327543270982,0.5066314207432475,6-mer
TTGCTG,0.5458900621051228,0.5215765605675207,6-mer
TTGCCA,0.20891813533306833,0.442110467736757,6-mer
TTGCCT,0.08978332345340617,-0.27810972629589215,6-mer
TTGCCC,0.3691868477008743,-0.09674671613653557,6-mer
TTGCCG,0.20624613822903692,0.16704697366950008,6-mer
TTGCGA,-0.4113350888034958,-0.5002765509370921,6-mer
TTGCGT,-0.17776739396366192,-0.38378656529440386,6-mer
TTGCGC,0.052634698581886095,-0.01293708910986414,6-mer
TTGCGG,0.053123637799872274,-0.0396188294659201,6-mer
TTGGAA,-0.0073633884134864476,-0.2398923260213508,Inverted repeat
TTGGAT,0.045196552796398885,0.2925534927538487,6-mer
TTGGAC,-0.5675953687510681,-0.803734606378907,6-mer
TTGGAG,-0.5290488324931991,-0.4128687314944481,6-mer
TTGGTA,-0.06602083086426587,0.8179164853543148,6-mer
TTGGTT,0.03774105626846375,0.8473558512051939,6-mer
TTGGTC,-0.02831618094574761,0.3658714424749594,6-mer
TTGGTG,0.19110933688883366,0.9070136137318835,6-mer
TTGGCA,0.08684603116640188,0.26269196694282254,6-mer
TTGGCT,0.19209472135028502,0.7725657442928248,6-mer
TTGGCC,-0.007772892869343283,0.3648435051756607,6-mer
TTGGCG,0.2585709947501376,0.7538767326566443,6-mer
TTGGGA,-0.1109718087678205,-0.07606365198467303,6-mer
TTGGGT,0.21451622784651891,0.6035456650696671,6-mer
TTGGGC,0.012711051749553979,-0.009460329249066169,6-mer
TTGGGG,0.3197569958457352,0.18519497702110618,6-mer
TCAAAA,-0.10528921508631833,0.0957482132499208,6-mer
TCAAAT,-0.41710988423004747,-0.32517727389797707,6-mer
TCAAAC,-0.0792881672686692,0.47380938538237255,6-mer
TCAAAG,-0.15325318515985942,0.29794082058543403,6-mer
TCAATA,0.6473456086109046,0.7988696445908396,6-mer
TCAATT,-0.22354671795379555,-0.2613332576056571,6-mer
TCAATC,0.3598150450506189,0.8829751031458632,6-mer
TCAATG,0.2395485656436571,0.2011091183145678,6-mer
TCAACA,0.28788229740164517,0.31967564315598357,6-mer
TCAACT,-0.15234860776615758,0.19027095041199182,6-mer
TCAACC,-0.03663946958770085,0.5944157165077595,6-mer
TCAACG,0.19364000195929917,0.48271168163855716,6-mer
TCAAGA,0.0641742316934205,0.5445983262111681,Inverted repeat
TCAAGT,-0.40281934388160723,0.0962679597170034,6-mer
TCAAGC,-0.1680457928985637,0.2719556037924007,6-mer
TCAAGG,0.1063739564740767,-0.017585811305960167,6-mer
TCATAA,-0.5330832157886469,-0.18978542380315538,6-mer
TCATAT,-0.6777703069008382,-0.5177365936046061,6-mer
TCATAC,-0.3911392315814793,-0.16180626847540858,6-mer
TCATAG,-0.3749401029678784,-0.3572767674291748,6-mer
TCATTA,0.3107543508990242,0.19792829874920373,6-mer
TCATTT,-0.33101901877488654,-0.2372968444201854,6-mer
TCATTC,-0.2213392705172094,-0.3365430755693705,6-mer
TCATTG,0.019556033640260054,0.09279409567185916,6-mer
TCATCA,0.35679972978232904,0.9904257320719163,6-mer
TCATCT,-0.10238721797949227,0.30507617665071957,6-mer
TCATCC,0.33410966211720844,0.6031098474314157,6-mer
TCATCG,0.3054705913759049,0.7459824675236398,6-mer
TCATGA,-0.6403972558171545,-0.5137330030410093,Palindromes
TCATGT,-0.5372657586898597,-0.8843194899708235,Inverted repeat
TCATGC,0.004378440510574411,-0.26689784114942455,Inverted repeat
TCATGG,0.014678386631497954,0.1888645384757797,Inverted repeat
TCACAA,-0.3174380295524924,-0.18780652100601467,6-mer
TCACAT,-0.29045544658853384,-0.32987257761494176,6-mer
TCACAC,-0.06564857815880142,-0.03958328111022313,6-mer
TCACAG,-0.3349842477128086,-0.20679029519417455,6-mer
TCACTA,0.28379296600059134,0.5145731728297582,6-mer
TCACTT,0.19120519288001728,0.5676644608594055,6-mer
TCACTC,0.25277567781075694,0.7322585914886787,6-mer
TCACTG,0.31342816749837255,0.7374465726807095,6-mer
TCACCA,0.28166422467363533,1.2706093176023825,6-mer
TCACCT,0.368095981872196,0.7791817141616625,6-mer
TCACCC,0.2238349071044311,0.649229902789117,6-mer
TCACCG,0.4736170858698175,1.065176731056771,6-mer
TCACGA,-0.014828567890282715,0.16009450579859769,Inverted repeat
TCACGT,-0.24552339467362563,-0.3029271329573065,6-mer
TCACGC,0.10928894983461329,0.4610756243371334,6-mer
TCACGG,0.2322168138440061,0.2859298966499653,6-mer
TCAGAA,-0.32793418062688867,-0.3170623397155462,6-mer
TCAGAT,-0.6035727824990471,-0.10329862520401817,6-mer
TCAGAC,-0.2556548754681962,-0.553345425079665,6-mer
TCAGAG,-0.4832910828262506,-0.20280583121045162,6-mer
TCAGTA,0.1910806154277406,0.7677004135810915,6-mer
TCAGTT,-0.03195676677166134,0.3822114620368554,6-mer
TCAGTC,-0.38359332995512657,-0.25302995387444793,6-mer
TCAGTG,0.23457736422035566,0.5614269862603671,6-mer
TCAGCA,0.47389762518660494,0.6391864301255915,6-mer
TCAGCT,-0.34121026659356796,0.23572616708150243,6-mer
TCAGCC,-0.04285030429311618,0.43394417049673956,6-mer
TCAGCG,-0.012420808871969048,0.46618241895474427,6-mer
TCAGGA,0.2103201471816944,-0.21014882558170064,Inverted repeat
TCAGGT,-0.1282294377141535,0.28486377065220586,6-mer
TCAGGC,-0.16176940029171105,-0.1266508197707423,6-mer
TCAGGG,0.16730222982793252,-0.21096054661614627,6-mer
TCTAAA,0.23323585855547918,-0.039678324692035985,6-mer
TCTAAT,-0.24395024412900015,-0.7666293557029604,6-mer
TCTAAC,0.3774782866808812,-0.025028794491522195,6-mer
TCTAAG,-0.08128396899469176,-0.3914690281404393,6-mer
TCTATA,-0.29589585413477076,-0.42517465082342937,6-mer
TCTATT,0.2448087754700776,-0.1941285691177265,6-mer
TCTATC,0.5320136207721973,0.5684527252964334,6-mer
TCTATG,-0.27415155047652423,-0.36648118014767767,6-mer
TCTACA,0.01491941983573884,-0.22505712622460589,6-mer
TCTACT,0.1154772174199358,0.03515644541361622,6-mer
TCTACC,0.20940540448997183,0.31148130745224656,6-mer
TCTACG,0.17498641144588914,-0.20256976456989947,6-mer
TCTAGA,0.09640772407492569,-0.39555329220337543,Palindromes
TCTAGT,-0.7102045260534465,-1.0101371515445856,Inverted repeat
TCTAGC,-0.050185757168216744,-0.49868506112092087,Inverted repeat
TCTAGG,-0.15212745834671643,-0.8126298640982785,Inverted repeat
TCTTAA,-0.5149866248973558,-0.6246006966646042,6-mer
TCTTAT,-0.41680442545303165,-0.38718951432572696,6-mer
TCTTAC,-0.17384958053611638,-0.030800699495353488,6-mer
TCTTAG,-0.7176597067301576,-1.1090261764983669,6-mer
TCTTTA,0.2056621603411458,0.21146261326690616,6-mer
TCTTTT,-0.28697807378778745,-0.22928856018261154,6-mer
TCTTTC,-0.05362415288582333,-0.039323129811031476,6-mer
TCTTTG,0.028933778244826833,-0.009306773772707286,6-mer
TCTTCA,0.19551347921330406,0.24303404763050745,6-mer
TCTTCT,0.4714826462685871,0.1363054746828551,6-mer
TCTTCC,0.6785569261428872,0.11275527277721366,6-mer
TCTTCG,0.07558997792588185,-0.10725119624211296,6-mer
TCTTGA,0.04223219769968044,0.33517464525204277,Inverted repeat
TCTTGT,-0.1906219461553906,-0.29965620254249037,6-mer
TCTTGC,0.2682588277582665,0.06071642466038616,6-mer
TCTTGG,-0.039221309797718595,0.2540787237099348,6-mer
TCTCAA,-0.22494123466171947,-0.08755765870894462,6-mer
TCTCAT,-0.5896940214462448,-0.4743750262195891,6-mer
TCTCAC,-0.24449172438812852,-0.003587308207754814,6-mer
TCTCAG,-0.421590088443848,-0.369470026619319,6-mer
TCTCTA,0.4896229288722963,0.12525479461944572,6-mer
TCTCTT,0.7160204659247448,0.5901590665949714,6-mer
TCTCTC,0.1312445332782526,0.18246419710265865,6-mer
TCTCTG,0.15833970502581,0.019402531222515604,6-mer
TCTCCA,-0.15617328303890798,-0.20420933648776474,6-mer
TCTCCT,0.38816179328744904,0.009904995617864945,6-mer
TCTCCC,0.19420138342329568,-0.3002840804396767,6-mer
TCTCCG,-0.03107640386657191,-0.5525410230287786,6-mer
TCTCGA,-0.07134583196468279,-0.05710445093598769,Inverted repeat
TCTCGT,-0.17392693199980852,-0.40978177382734854,6-mer
TCTCGC,-0.3035495655725078,-0.2955029604229757,6-mer
TCTCGG,-0.1445376431984841,-0.08584546995887242,6-mer
TCTGAA,-0.29950450648795074,-0.289022410094991,6-mer
TCTGAT,-0.6333830875525898,-0.09073459720357786,6-mer
TCTGAC,-0.2744391691060432,-0.4252205665485455,6-mer
TCTGAG,-0.5657307030921277,-0.4286204715517687,6-mer
TCTGTA,-0.17222180579661756,-0.29749940794851554,6-mer
TCTGTT,0.21435607555277253,-0.16851286886977265,6-mer
TCTGTC,0.30051920182833475,-0.5207310776062697,6-mer
TCTGTG,-0.31122911830335287,-0.6833380949486254,6-mer
TCTGCA,0.0808466000669444,-0.4606952009741611,6-mer
TCTGCT,0.3762858033600645,0.27512468210707763,6-mer
TCTGCC,0.25322356812273095,-0.0898522298790167,6-mer
TCTGCG,0.17303980765780302,-0.02917273618108345,6-mer
TCTGGA,0.19498016619032524,0.07809499541685573,Inverted repeat
TCTGGT,0.05454498012743729,0.6029589300150021,6-mer
TCTGGC,-0.037921927166090316,0.22410603959337536,6-mer
TCTGGG,0.1077858708354474,0.0449813821983142,6-mer
TCCAAA,-0.385322155370623,-0.38713718367308003,6-mer
TCCAAT,-0.2359396759365425,-0.2951870124373085,6-mer
TCCAAC,0.2271225732488452,0.15577978419053373,6-mer
TCCAAG,-0.09032817494472872,-0.04895613828004688,6-mer
TCCATA,-0.08011017496326434,-0.09544678548303584,6-mer
TCCATT,0.11341198900660447,-0.22790988498529194,6-mer
TCCATC,0.013339380616997498,0.21950703029287266,6-mer
TCCATG,-0.32979021266033287,-0.6222457574956745,6-mer
TCCACA,0.15770346476476943,-0.05753990562438644,6-mer
TCCACT,0.13595748029907595,0.2138683490299091,6-mer
TCCACC,0.2717535271698383,0.6359136881679116,6-mer
TCCACG,-0.34066097124247985,-0.42977535160076985,6-mer
TCCAGA,0.27654521869431253,0.15259912528202949,Inverted repeat
TCCAGT,0.4749175501705337,0.7010973462113613,6-mer
TCCAGC,0.15329017983685758,0.2166466445733149,6-mer
TCCAGG,-2.722962734767232,-2.5807130277197983,6-mer
TCCTAA,0.31358221547286513,-0.5538787097642902,6-mer
TCCTAT,-0.3293286556396322,-0.8301699095830757,6-mer
TCCTAC,-0.18561487587486705,-0.6245765585338405,6-mer
TCCTAG,0.06180528447347189,-0.8262551274008837,6-mer
TCCTTA,-0.04020632239501985,-0.5292085191981551,6-mer
TCCTTT,-0.26649222325328575,-0.6306897743782849,6-mer
TCCTTC,-0.18271911365836502,-0.7604677146691958,6-mer
TCCTTG,-0.2499782530083473,-0.5921692346125693,6-mer
TCCTCA,-0.10132252193691885,-0.22474592110942007,6-mer
TCCTCT,0.3885852354463729,-0.19900223430673572,6-mer
TCCTCC,-0.12683002223548256,-0.516189080940929,6-mer
TCCTCG,0.0567751022525022,-0.351059153631018,6-mer
TCCTGA,0.29337689212842893,-0.05576037430839831,Inverted repeat
TCCTGT,0.1506734205021797,-0.6016486614020051,6-mer
TCCTGC,0.49247508169860577,-0.2208061704444964,6-mer
TCCTGG,-2.2346721827569334,-2.5725432414670886,6-mer
TCCCAA,0.04713397559109488,-0.0576965759007244,6-mer
TCCCAT,0.1621144094123388,-0.06788392342807095,6-mer
TCCCAC,0.05098392871880485,-0.2567663509013604,6-mer
TCCCAG,-0.10060394093840547,-0.5227936796347267,6-mer
TCCCTA,-0.10645094163064257,-1.0191756623482535,6-mer
TCCCTT,0.22705095873587638,-0.3894457853761029,6-mer
TCCCTC,0.10092890885078078,-0.20077434667244357,6-mer
TCCCTG,-0.0013668357639057937,-0.6916050607663304,6-mer
TCCCCA,0.5034482348082824,0.24454556357499824,6-mer
TCCCCT,0.36583350127807396,-0.20991201927798486,6-mer
TCCCCC,0.7380252306742828,0.10792443448644705,6-mer
TCCCCG,-0.05420349751442458,-0.667424660913129,6-mer
TCCCGA,0.45613252037620367,-0.16489481382486432,Inverted repeat
TCCCGT,0.15547319744129828,-0.656795245482223,6-mer
TCCCGC,0.3040061868901001,-0.4289846171107693,6-mer
TCCCGG,-0.187971456859766,-1.0347213791783663,6-mer
TCCGAA,-0.39668022968121674,-0.7440351674909961,6-mer
TCCGAT,-0.41249062169830236,-0.3698541902561812,6-mer
TCCGAC,-0.1162820040914985,-0.5665252524644798,6-mer
TCCGAG,-0.2586157345667889,-0.564530600816343,6-mer
TCCGTA,0.09369752222778431,-0.21529030565123383,6-mer
TCCGTT,0.1114865443293321,-0.37956815573660535,6-mer
TCCGTC,0.16827148258979857,-0.6028361394830598,6-mer
TCCGTG,-0.2011279186637152,-0.6983098294728518,6-mer
TCCGCA,-0.03240646127240228,-0.5249551913568791,6-mer
TCCGCT,0.27893363126895004,0.1275500497205108,6-mer
TCCGCC,0.28809726436037236,0.06633562323257736,6-mer
TCCGCG,-0.23740859815829934,-0.41396045925801966,6-mer
TCCGGA,-0.45140988894380585,-1.2126608833186745,Palindromes
TCCGGT,0.1961033977148069,0.20323774687224017,Inverted repeat
TCCGGC,-0.09625775100270309,-0.36204441166495943,Inverted repeat
TCCGGG,-0.381012684338173,-1.1972713085835833,Inverted repeat
TCGAAA,-0.28334563256831075,-0.28463666031900475,6-mer
TCGAAT,-0.2968978577000777,-0.597384059547077,6-mer
TCGAAC,-0.5045578780842801,-0.7424839180480486,6-mer
TCGAAG,-0.1883252157066287,-0.2685114255093377,6-mer
TCGATA,0.7506776665487065,1.0785990984011276,6-mer
TCGATT,0.13948505359862157,0.3071760756487826,6-mer
TCGATC,-0.6686606946100659,0.14849714994351462,6-mer
TCGATG,0.2715302421834304,0.5379182621629786,6-mer
TCGACA,0.5602476343686094,0.0191225140688098,6-mer
TCGACT,0.2806923396632576,0.07712442613065473,6-mer
TCGACC,0.4490044458291244,0.43224678931106675,6-mer
TCGACG,-0.09709212143087018,-0.5029469262132599,6-mer
TCGAGA,-0.061873260528892804,-0.10134073483223136,Inverted repeat
TCGAGT,0.06190962722409691,0.26189438598712494,6-mer
TCGAGC,-0.03036243401982159,0.16301008447831594,6-mer
TCGAGG,-0.2011153723802822,-0.30103287057601236,6-mer
TCGTAA,-0.1255930123153831,-0.022349082688875165,6-mer
TCGTAT,-0.30564515352759386,-0.08928363964386848,6-mer
TCGTAC,-0.5015825955612828,-0.17613220464059684,6-mer
TCGTAG,-0.12078182287603592,-0.3209817550430735,6-mer
TCGTTA,0.15440358491549233,0.08702306223736558,6-mer
TCGTTT,-0.1504350968904119,-0.046497126320004724,6-mer
TCGTTC,-0.4413001840924458,-0.5545573686272832,6-mer
TCGTTG,-0.4282199697637654,-0.27993232696083437,6-mer
TCGTCA,0.37212252545987884,0.22905852011007946,6-mer
TCGTCT,-0.09782825009595571,-0.6429681041567217,6-mer
TCGTCC,0.26112006481197203,-0.47147344490855875,6-mer
TCGTCG,-0.03100572605898561,-0.4538567481693718,6-mer
TCGTGA,-0.19748427673825872,-0.020389941352672674,Inverted repeat
TCGTGT,-0.4476907165975952,-0.8801295274957591,6-mer
TCGTGC,-0.5578010067238154,-0.8413370214868389,6-mer
TCGTGG,-0.41402967874125507,-0.2767944047892593,6-mer
TCGCAA,-0.5281951127759754,-0.680769036279363,6-mer
TCGCAT,-0.44785328163569615,-0.746369991411718,6-mer
TCGCAC,-0.38179420724303115,-0.38060400221497,6-mer
TCGCAG,-0.287615130308988,-0.36467466770963153,6-mer
TCGCTA,0.4608794927335428,0.24453806221640426,6-mer
TCGCTT,0.06188865460073723,0.43743377484818,6-mer
TCGCTC,0.05594037166422109,0.3168428057275795,6-mer
TCGCTG,-0.027804405271421945,0.3824925369254443,6-mer
TCGCCA,0.4841957836035956,0.9086650445319229,6-mer
TCGCCT,0.44699560936136395,0.1593799285723245,6-mer
TCGCCC,0.3667823306716227,0.2781412982240023,6-mer
TCGCCG,0.20961006495074713,0.46354270030629735,6-mer
TCGCGA,0.10357933066557631,0.1350596463538572,Palindromes
TCGCGT,-0.22534687272788917,-0.23487660992196238,Inverted repeat
TCGCGC,-0.3696877728667237,-0.1306223243665571,Inverted repeat
TCGCGG,0.23697162534510327,0.3068886954232212,Inverted repeat
TCGGAA,-0.2520246456031967,-0.7812026342016356,6-mer
TCGGAT,0.10844672745831017,0.014009814945138449,6-mer
TCGGAC,-0.2623352562970244,-0.8033080889949022,6-mer
TCGGAG,-0.5276894273055832,-0.7212839719339365,6-mer
TCGGTA,0.47429226830949145,1.0527874143594353,6-mer
TCGGTT,0.1568339352160232,0.7794008604866028,6-mer
TCGGTC,0.40923965474073093,0.3679233138789148,6-mer
TCGGTG,0.3465208508628042,0.708880080941745,6-mer
TCGGCA,0.6817715563882077,0.4459600728978037,6-mer
TCGGCT,0.2159174713144076,0.49785702757789263,6-mer
TCGGCC,-0.24422455605903542,-0.047102475355482065,6-mer
TCGGCG,0.2114056562767457,0.3567443631984025,6-mer
TCGGGA,0.04172712560972331,-0.6272595215832012,Inverted repeat
TCGGGT,0.13494551715332115,0.11777479183595678,6-mer
TCGGGC,-0.12892453886115185,-0.5287542588343425,6-mer
TCGGGG,-0.2726499428548166,-0.6467951605523745,6-mer
TGAAAA,0.19241481778056493,0.28375024753792244,6-mer
TGAAAT,0.10732502165647685,0.03390771975324177,6-mer
TGAAAC,-0.22164471723010876,-0.05528243550118961,6-mer
TGAAAG,-0.10593344474906508,0.19172937176066077,6-mer
TGAATA,0.3227581045224276,0.28391476895063106,6-mer
TGAATT,-0.30314636091908476,-0.42348492223090584,6-mer
TGAATC,-0.3171656421283347,-0.12219627096208624,6-mer
TGAATG,-0.15626235340834385,-0.317414892128303,6-mer
TGAACA,0.13037990269270516,0.006229121318341124,Inverted repeat
TGAACT,-0.024764924986721577,0.19571791199201888,6-mer
TGAACC,-0.3539054061290337,-0.02448152143480507,6-mer
TGAACG,-0.026510364775122138,-0.04264433740849354,6-mer
TGAAGA,0.39745168797288344,0.4031143319030246,6-mer
TGAAGT,0.14607013769130908,0.2315703507633683,6-mer
TGAAGC,-0.005526061632595415,0.2948888421350102,6-mer
TGAAGG,0.24413081726169497,0.09424137388140148,6-mer
TGATAA,-0.05833511833965829,0.3840335968295875,6-mer
TGATAT,-0.21259256710157157,0.14398531641624973,6-mer
TGATAC,-0.4586972358060216,0.038645927899483186,6-mer
TGATAG,0.16372594624364328,0.39329978967733065,6-mer
TGATTA,-0.3095736844416021,0.12386063369351863,6-mer
TGATTT,-0.051010813734999154,0.4087680474831515,6-mer
TGATTC,-0.5491254603738459,-0.24065006623706373,6-mer
TGATTG,0.19270596528085404,0.7092871425192555,6-mer
TGATCA,-0.3816959424736871,0.6695916077246309,Palindromes
TGATCT,-0.5917806214944643,0.28202174378787787,Inverted repeat
TGATCC,-0.08575138094728298,0.4478096989957733,Inverted repeat
TGATCG,-0.2965370167837272,0.6353419892975569,Inverted repeat
TGATGA,0.23419629482921764,0.8878012224122939,6-mer
TGATGT,0.4789601201852226,0.5813147237060117,6-mer
TGATGC,0.15481810905210394,0.39862166795991316,6-mer
TGATGG,0.2704328581549542,1.0093241484664761,6-mer
TGACAA,-0.37125580725093055,-0.543368974994929,6-mer
TGACAT,0.24811498599805468,-0.4083574340430279,6-mer
TGACAC,-0.26381997353133535,-0.5749088360572332,6-mer
TGACAG,0.04160855925994027,-0.22986754189859454,6-mer
TGACTA,0.2118363429622327,0.005870588124499752,6-mer
TGACTT,0.08669060004722778,0.058976719472335536,6-mer
TGACTC,-0.09145615623049834,0.02680760483960233,6-mer
TGACTG,-0.1507277347083559,0.009549314006491531,6-mer
TGACCA,0.22908391616826837,0.7009713353021743,Inverted repeat
TGACCT,0.05518972029014974,0.09910814501292448,6-mer
TGACCC,0.03923516328310021,-0.07143513804294888,6-mer
TGACCG,0.2294634890052925,0.4892731813571977,6-mer
TGACGA,0.4100617306492812,0.19037909921674012,6-mer
TGACGT,-0.006894613078408822,-0.41846840467911717,6-mer
TGACGC,-0.05950101174866179,-0.3092554815458487,6-mer
TGACGG,0.48511117351163907,0.23576147568368996,6-mer
TGAGAA,-0.29055326592746,-0.3731068188129254,6-mer
TGAGAT,-0.26930277380214257,0.232240207292795,6-mer
TGAGAC,-1.0682804325576996,-1.1534994535292011,6-mer
TGAGAG,-0.6113093716667838,-0.29800323535059003,6-mer
TGAGTA,0.31044262478931445,0.7453290671008328,6-mer
TGAGTT,0.389129387396004,0.9038971690041216,6-mer
TGAGTC,0.22586068514284624,0.25650501988931373,6-mer
TGAGTG,0.22174619734316206,0.5189963598639435,6-mer
TGAGCA,0.6109619779046671,0.6387492993416358,Inverted repeat
TGAGCT,0.22834458162672888,0.6985845024383502,6-mer
TGAGCC,0.13599701726766603,0.6643403775143598,6-mer
TGAGCG,0.1489817414698132,0.5520046624369874,6-mer
TGAGGA,-0.19365407323300907,-0.5653503714671912,6-mer
TGAGGT,-0.322373073570031,-0.002453563586082163,6-mer
TGAGGC,-0.4237661819465048,-0.28546140513703605,6-mer
TGAGGG,-0.46571331959596374,-0.8494274421613909,6-mer
TGTAAA,-0.3735551200785109,-0.38601590566583077,6-mer
TGTAAT,-0.2595222550564608,-0.3001519996783445,6-mer
TGTAAC,-0.2668220032859865,-0.35206006622851693,6-mer
TGTAAG,-0.19398226873317576,-0.3649140198530075,6-mer
TGTATA,-0.5320568815071851,-0.48227683674659205,6-mer
TGTATT,0.09551081012889193,-0.18316779963887203,6-mer
TGTATC,-0.2537299985437041,-0.2072124955613393,6-mer
TGTATG,-0.16562568196711783,-0.35169202565419067,6-mer
TGTACA,0.02682378807571005,-0.23743458259749728,Palindromes
TGTACT,0.10275957442520066,0.2105291700515055,Inverted repeat
TGTACC,-0.2906699727479937,0.00953421640555107,Inverted repeat
TGTACG,-0.006739328428804175,-0.028105337680353757,Inverted repeat
TGTAGA,0.21546652586465767,-0.39881118486426065,6-mer
TGTAGT,0.11786749632317157,-0.053497548492624905,6-mer
TGTAGC,-0.27414636095401823,-0.44488137306943176,6-mer
TGTAGG,0.0539180937628606,-0.4742196984905359,6-mer
TGTTAA,-0.41221698021646525,-0.6400946255034498,6-mer
TGTTAT,-0.010555595052897488,0.14411949436921676,6-mer
TGTTAC,-0.380036268088773,-0.47424308867756604,6-mer
TGTTAG,-0.15158786965721058,-0.46277635361509484,6-mer
TGTTTA,0.3100039219196462,0.244212608858308,6-mer
TGTTTT,0.03593174648273645,-0.1773845805820258,6-mer
TGTTTC,-0.19597852778114994,-0.37790836376725273,6-mer
TGTTTG,0.47256147232042683,0.328658440506583,6-mer
TGTTCA,0.16333932727295092,-0.05456547338418144,Inverted repeat
TGTTCT,0.14455828128388545,-0.4015822838644625,6-mer
TGTTCC,0.07068240508823916,-0.7522421483756601,6-mer
TGTTCG,-0.10969486482592987,-0.5849625007211562,6-mer
TGTTGA,0.15788197719845146,0.197003078084401,6-mer
TGTTGT,0.2557084087449198,0.10549312884731367,6-mer
TGTTGC,0.09084233283963611,-0.2627758351653197,6-mer
TGTTGG,-0.004821040546112704,0.24648084973135548,6-mer
TGTCAA,-0.6216578740392872,-0.6155285493528544,6-mer
TGTCAT,0.08785750546860928,-0.3535076171238353,6-mer
TGTCAC,0.46299438557282735,0.04955582447423222,6-mer
TGTCAG,-0.033337183874112566,-0.2497200525529131,6-mer
TGTCTA,0.4269555719517635,-0.4720456202928698,6-mer
TGTCTT,0.025024023682476235,-0.6367128753515804,6-mer
TGTCTC,-0.28043745209523896,-0.943234703327875,6-mer
TGTCTG,-0.36822418671965024,-0.8663385425444593,6-mer
TGTCCA,0.10045605319354253,-0.6500575289430411,Inverted repeat
TGTCCT,-0.17724038494407288,-1.219091058246197,6-mer
TGTCCC,-0.1365095898209285,-1.4098757941630649,6-mer
TGTCCG,0.1350797904085815,-0.9175378398080271,6-mer
TGTCGA,0.6059920404231021,-0.0843678089999015,6-mer
TGTCGT,0.25751608195195136,-0.3774069562465512,6-mer
TGTCGC,0.4999782578586182,-0.04555609606197861,6-mer
TGTCGG,0.7119615880363118,0.06886696729963522,6-mer
TGTGAA,-0.5580319904584149,-0.676494671938283,6-mer
TGTGAT,-0.14742554964914328,0.319562374148095,6-mer
TGTGAC,-0.3482886814242577,-0.7414972852542715,6-mer
TGTGAG,-0.7910154998785066,-0.8068755417438763,6-mer
TGTGTA,0.1735362549946913,-0.19618160092063683,6-mer
TGTGTT,0.28020732742049625,0.045036888378169854,6-mer
TGTGTC,-0.16115479181458017,-1.0093986980022496,6-mer
TGTGTG,-0.2672523410392289,-0.6757969584532462,6-mer
TGTGCA,-0.2432068201321663,-1.0521417615843254,Inverted repeat
TGTGCT,-0.02882397778091653,-0.33307672349119427,6-mer
TGTGCC,0.028186575112384298,-0.4504016979303959,6-mer
TGTGCG,-0.05878206422927286,-0.5071946422524773,6-mer
TGTGGA,0.11327069895633537,-0.24870762433469215,6-mer
TGTGGT,0.11343711096511988,0.5740488405694093,6-mer
TGTGGC,-0.03022471450331748,-0.01149563883782932,6-mer
TGTGGG,0.21405561300536585,-0.028682754704084816,6-mer
TGCAAA,-0.4078393000821965,-0.81462042691748,6-mer
TGCAAT,-0.4298852636861571,-0.9720164552590561,6-mer
TGCAAC,-0.14819094940416302,-0.5105764296182016,6-mer
TGCAAG,-0.18815018493546015,-0.518011036241833,6-mer
TGCATA,-0.18729184344818903,-0.7744216479447047,6-mer
TGCATT,-0.17137214139115373,-0.9017985492768991,6-mer
TGCATC,-0.16313865365074642,-0.34064946112778594,6-mer
TGCATG,-0.6592620553378792,-1.385608022416203,6-mer
TGCACA,-0.15626512029920958,-0.753588541966872,Inverted repeat
TGCACT,-0.16721223508194363,-0.5604538725782654,6-mer
TGCACC,-0.3267481766693521,-0.2794812673062503,6-mer
TGCACG,-0.535194919221233,-1.0027986333526735,6-mer
TGCAGA,0.133184454627294,-0.43083358818571266,6-mer
TGCAGT,-0.032271818739003665,-0.39184942279088253,6-mer
TGCAGC,0.05075550725886917,-0.09231823626587392,6-mer
TGCAGG,0.2568982815724473,-0.3277259394254751,6-mer
TGCTAA,-0.3629568090588881,-0.7430070933431241,6-mer
TGCTAT,-0.4115282546385045,-0.6671007872916345,6-mer
TGCTAC,-0.5745919636515815,-0.7778580248131073,6-mer
TGCTAG,-0.5422580497669178,-1.0831412353002459,6-mer
TGCTTA,-0.12722448179967616,-0.11820929437137039,6-mer
TGCTTT,-0.2898633578908727,-0.2869242268141544,6-mer
TGCTTC,-0.37242650679490485,-0.5221934533070349,6-mer
TGCTTG,-0.3584825035359547,-0.24380331541359007,6-mer
TGCTCA,0.5353994000325611,0.7537652648639628,Inverted repeat
TGCTCT,0.3393732293467716,0.20011120837806898,6-mer
TGCTCC,-0.04837928176890317,-0.35145584847547406,6-mer
TGCTCG,0.09589464770760497,0.12246457903607534,6-mer
TGCTGA,0.5409330422627747,0.6362754874570381,6-mer
TGCTGT,0.5266882478663258,0.21509080359312596,6-mer
TGCTGC,0.5297201735564716,0.38031100502219883,6-mer
TGCTGG,0.23903709623445688,0.4505123009487752,6-mer
TGCCAA,0.06578715369261315,0.14406139776832114,6-mer
TGCCAT,0.2322238833660677,0.1030829953304569,6-mer
TGCCAC,-0.05489621254045645,0.13622251075447145,6-mer
TGCCAG,0.03985485365653145,0.28135335165874237,6-mer
TGCCTA,0.547033045088834,-0.1415962783838179,6-mer
TGCCTT,0.36409754913130205,-0.026594210011713096,6-mer
TGCCTC,-0.4232793526209756,-0.801182447435001,6-mer
TGCCTG,-0.17539558109467324,-0.515352797296658,6-mer
TGCCCA,0.19637297417914817,-0.0833892144567842,Inverted repeat
TGCCCT,0.23029761942179414,-0.47185669886579124,6-mer
TGCCCC,0.24899308348710084,-0.3435778331443424,6-mer
TGCCCG,0.20747339209396112,-0.4329594072761061,6-mer
TGCCGA,0.5386254033537904,0.4337950628581647,6-mer
TGCCGT,0.20634417320045786,-0.06681608757337908,6-mer
TGCCGC,0.21112130900142756,0.16161999060798077,6-mer
TGCCGG,-0.39464571044766594,-0.5340414742735518,6-mer
TGCGAA,-0.6046540121507294,-1.0120657878739974,6-mer
TGCGAT,-0.09895338403556228,0.16846769486278268,6-mer
TGCGAC,-0.2299316303460702,-0.7585185864392228,6-mer
TGCGAG,-0.5877315899415045,-0.7586952903966349,6-mer
TGCGTA,0.11025069923653508,0.07322860512594292,6-mer
TGCGTT,0.27466408192111963,0.19518280074429578,6-mer
TGCGTC,-0.34892995193717286,-1.0084615787481963,6-mer
TGCGTG,-0.03832811865909943,-0.36959281611898565,6-mer
TGCGCA,0.10762982213019302,-0.1659986697632819,Palindromes
TGCGCT,0.10427817336347099,0.1216482413636872,Inverted repeat
TGCGCC,0.3029976347124615,0.2974809708467155,Inverted repeat
TGCGCG,-0.10467897682687405,-0.21950703029287266,Inverted repeat
TGCGGA,0.31099577401560385,-0.2643501332764601,6-mer
TGCGGT,0.06430418984600597,0.31799406567552657,6-mer
TGCGGC,-0.045686073810169,-0.03614383106767964,6-mer
TGCGGG,-0.21451341008001554,-0.5572175102382518,6-mer
TGGAAA,0.25316571393003034,0.1807174298062673,6-mer
TGGAAT,0.12098243298702947,-0.20804333615600862,6-mer
TGGAAC,-0.356078279347433,-0.46724238730363,6-mer
TGGAAG,0.39122835835242786,0.22841620896421785,6-mer
TGGATA,0.4124215510718322,0.5492303252561986,6-mer
TGGATT,0.036074210472490154,0.15793859182863895,6-mer
TGGATC,-0.3524646764776379,0.20139891368262527,6-mer
TGGATG,0.4225218931797503,0.6385618901052115,6-mer
TGGACA,-0.11509316443193944,-0.6736305623308628,Inverted repeat
TGGACT,-0.552072539491332,-0.7320776192553826,6-mer
TGGACC,-2.014084050214847,-1.9462989801667543,6-mer
TGGACG,0.1974090724999319,-0.30428513410011226,6-mer
TGGAGA,0.14586656764309783,0.11155395800650691,6-mer
TGGAGT,-0.2846621854831654,-0.0807991109693285,6-mer
TGGAGC,-0.6922965448324778,-0.7446191667096415,6-mer
TGGAGG,-0.5946558969250002,-0.8763930322414524,6-mer
TGGTAA,-0.28401733084654207,0.4552265893945428,6-mer
TGGTAT,-0.209782432842551,0.6945814250942287,6-mer
TGGTAC,-0.4575795940282189,0.5477596001905813,6-mer
TGGTAG,-0.10585324646003101,0.4894671350130362,6-mer
TGGTTA,0.2347799891305931,1.0078346703686407,6-mer
TGGTTT,0.16799815858252098,0.956600042877434,6-mer
TGGTTC,-0.6049495373590983,-0.12591182519417113,6-mer
TGGTTG,-0.29698173775713155,0.6203715955983433,6-mer
TGGTCA,0.25501653896748144,0.8102567115972154,Inverted repeat
TGGTCT,-0.5196936574983597,-0.23281979278678616,6-mer
TGGTCC,-1.6241330980018338,-1.6599245584023785,6-mer
TGGTCG,0.24249877988444743,0.6127861829454762,6-mer
TGGTGA,0.3623903053197603,1.2427014037367872,6-mer
TGGTGT,0.4610988522139162,0.8262741074171547,6-mer
TGGTGC,-0.2298090639422662,0.24508911371547037,6-mer
TGGTGG,0.17767197902728005,1.219737051824114,6-mer
TGGCAA,0.20667143594286627,0.3552341815045405,6-mer
TGGCAT,0.13985560915102044,0.05054160861978788,6-mer
TGGCAC,-0.3087988229437274,-0.08791337840308391,6-mer
TGGCAG,0.031179686618325247,0.2540334310406869,6-mer
TGGCTA,0.43548951395421115,0.6879157384852461,6-mer
TGGCTT,0.15904745192152211,0.7353263540842809,6-mer
TGGCTC,-0.13034560182609628,0.41225237285230554,6-mer
TGGCTG,-0.1659304579372859,0.45446047648702836,6-mer
TGGCCA,-0.30782232758063177,0.23149062363291187,Palindromes
TGGCCT,-0.08829952574916498,0.0802791840981675,Inverted repeat
TGGCCC,-1.259639464605216,-1.0826676576698349,Inverted repeat
TGGCCG,-0.040342887359156525,0.40259054171213854,Inverted repeat
TGGCGA,0.5501487651213571,0.9965537277350389,6-mer
TGGCGT,0.3899797579672102,0.7979275630431479,6-mer
TGGCGC,-0.10328462570045176,0.4375605159049832,6-mer
TGGCGG,0.23778084266518032,0.6578398002788979,6-mer
TGGGAA,0.03686529375186212,-0.29766074894342637,6-mer
TGGGAT,0.24719195156547666,0.4491414203582669,6-mer
TGGGAC,-0.40780593004776805,-0.6959938131099002,6-mer
TGGGAG,-0.8121294273779514,-0.7648273695207156,6-mer
TGGGTA,0.46819683909433374,1.0354571338169016,6-mer
TGGGTT,0.17837364714426338,0.5571979748926428,6-mer
TGGGTC,-0.46284897919503193,-0.4445583421557669,6-mer
TGGGTG,-0.024741357324862222,0.2714594611192244,6-mer
TGGGCA,0.41489501791574435,0.13957603375226507,Inverted repeat
TGGGCT,0.08714205287954921,0.10331472997293649,6-mer
TGGGCC,-1.1950706496164902,-1.1037678858902038,6-mer
TGGGCG,0.09255781002770247,0.045465825517100315,6-mer
TGGGGA,0.4213866375317443,0.09310940439148137,6-mer
TGGGGT,0.33288686641675086,0.42222168547219824,6-mer
TGGGGC,-0.2544469099970701,-0.4078059300477679,6-mer
TGGGGG,0.024355270349089905,-0.22211006591116292,6-mer
CAAAAA,-0.2659449646676665,-0.08721462251151016,6-mer
CAAAAT,0.25185799349414867,0.12818447392693397,6-mer
CAAAAC,0.20645087746742616,0.2078682953389878,6-mer
CAAAAG,-0.49694750214792377,-0.3897534596756436,6-mer
CAAATA,-0.20635421124467654,-0.25970945612310564,6-mer
CAAATT,-0.16344254272314074,-0.4354469780935597,6-mer
CAAATC,-0.3066099945548015,-0.20003825358850819,6-mer
CAAATG,-0.2874258451549667,-0.5386919772704305,Inverted repeat
CAAACA,0.14293043016074158,0.20759541940836723,6-mer
CAAACT,0.07369505517391646,0.4543171591668245,6-mer
CAAACC,-0.07107342626871362,0.652109992487584,6-mer
CAAACG,0.15875413543612985,0.4957266726882555,6-mer
CAAAGA,-0.12442789839437592,0.056866784645859494,6-mer
CAAAGT,-0.14779627875776827,0.14693321766876472,6-mer
CAAAGC,-0.10938345950726142,0.2381384162107932,6-mer
CAAAGG,-0.06360330331247864,-0.05302219592130991,6-mer
CAATAA,0.23456269023861256,0.28304973974118186,6-mer
CAATAT,0.6580834973060269,0.5212751429899282,6-mer
CAATAC,0.7885573266034784,0.7624486419364435,6-mer
CAATAG,-0.0038843850291883993,-0.3044103336293326,6-mer
CAATTA,-0.4710640123016085,-0.7340993846910943,Inverted repeat
CAATTT,-0.09297481835277305,-0.3256584008851938,Inverted repeat
CAATTC,-0.2634837735498983,-0.7150696793799891,Inverted repeat
CAATTG,-0.47233485450453266,-0.7071599316968801,Palindromes
CAATCA,0.1189928753889236,0.618845185632591,6-mer
CAATCT,-0.027017164402616145,0.0862881385354674,6-mer
CAATCC,0.3926852619894314,0.34734180601586473,6-mer
CAATCG,0.27040702717054316,0.5491581526135015,6-mer
CAATGA,-0.06296653116880009,0.07487361931664509,6-mer
CAATGT,-0.06944792815757768,-0.667855509069501,6-mer
CAATGC,0.08738698037462198,-0.3697357979617128,6-mer
CAATGG,0.07032315073761028,0.142957953842043,6-mer
CAACAA,0.2668503405301479,0.19659642045911038,6-mer
CAACAT,0.35462904729230904,-0.12478446745607392,6-mer
CAACAC,0.3423343055491994,0.18254769094093953,6-mer
CAACAG,-0.06057807187139389,-0.2328587795811822,6-mer
CAACTA,-0.6157929308744307,-0.5912462744445615,6-mer
CAACTT,-0.2519845094725359,-0.04459744471160349,6-mer
CAACTC,0.0841020445313442,0.3000902406562387,6-mer
CAACTG,0.2584648246616371,0.3603425626743747,Inverted repeat
CAACCA,-0.23862181668262497,0.5190851234686809,6-mer
CAACCT,-0.1518204622604415,-0.016421881826143396,6-mer
CAACCC,0.046009709975151566,0.15811739481412493,6-mer
CAACCG,-0.20267199537353678,0.22559742664491758,6-mer
CAACGA,-0.16519525761898302,-0.12243607566099309,6-mer
CAACGT,0.013791759038999292,-0.26960107643763603,6-mer
CAACGC,0.33757569991783865,0.5854106122454574,6-mer
CAACGG,-0.008554492200076688,-0.2743227729817586,6-mer
CAAGAA,0.10582310219791828,-0.017921907997262156,6-mer
CAAGAT,0.04115732475675967,0.45180329266118496,6-mer
CAAGAC,-0.1413661633823337,-0.415198505365824,6-mer
CAAGAG,0.47580029470654006,0.6843957428729087,6-mer
CAAGTA,-0.22566445836378826,0.14364930611516885,6-mer
CAAGTT,-0.4487993206959371,-0.3102163425638666,6-mer
CAAGTC,-0.002838399728114816,-0.05771549785628729,6-mer
CAAGTG,-0.2367254300395176,-0.027437182706850916,Inverted repeat
CAAGCA,-0.20504594815058916,-0.233718839009238,6-mer
CAAGCT,-0.12607974837957509,0.2810025896971733,6-mer
CAAGCC,0.20764338459507642,0.5026960176831178,6-mer
CAAGCG,-0.11685904916385337,0.24554956377164916,6-mer
CAAGGA,-0.05453860238134297,-0.5671106247639496,6-mer
CAAGGT,0.6918284919330911,0.7617416793423694,6-mer
CAAGGC,0.42767804953538324,0.23408812775828688,6-mer
CAAGGG,0.05268553086906,-0.5301566834320487,6-mer
CATAAA,-0.13911187959197377,-0.03200194150404733,6-mer
CATAAT,-0.5018940387590121,-0.5696531106057379,6-mer
CATAAC,0.08135648600934281,0.28475262195899664,6-mer
CATAAG,-0.6480318657459179,-0.4803665096676246,6-mer
CATATA,-1.0708565975443538,-1.0436147756602598,Inverted repeat
CATATT,0.09467885321803549,-0.3119440063147402,Inverted repeat
CATATC,-0.0575399056243863,0.10748442666640526,Inverted repeat
CATATG,-1.0707586341882793,-1.435720546953163,Palindromes
CATACA,-0.08612616438434037,-0.2991446992430747,6-mer
CATACT,-0.2722837715752034,-0.1067070077922037,6-mer
CATACC,0.11639789073828338,0.4338099154593702,6-mer
CATACG,-0.2774254981394152,-0.43295940727610627,6-mer
CATAGA,-0.010379145779999056,-0.4129017549348528,6-mer
CATAGT,-0.09279075280743862,-0.18125647379829762,6-mer
CATAGC,-0.22215205228542717,-0.5231161195620087,6-mer
CATAGG,0.13481220669460336,-0.3648582559799786,6-mer
CATTAA,0.4798886436288118,-0.002961400371107155,6-mer
CATTAT,0.006419460927229846,-0.2202069332595198,6-mer
CATTAC,0.42632330682535863,0.1825096301634096,6-mer
CATTAG,0.3629419559277877,-0.2740131135708635,6-mer
CATTTA,-0.4863612151827547,-0.6447563143295917,6-mer
CATTTT,0.2616806250734118,-0.03931086388392573,6-mer
CATTTC,0.029613093077589654,-0.34774820844577414,6-mer
CATTTG,-0.33403043808173627,-0.583635274278986,Inverted repeat
CATTCA,0.007803237468190831,-0.2484128374881564,6-mer
CATTCT,0.07006369984783298,-0.4752310600643533,6-mer
CATTCC,0.06037261797948184,-0.6549428434812853,6-mer
CATTCG,0.0651215039817039,-0.390340088516742,6-mer
CATTGA,0.3702950050360297,0.3656537472283146,6-mer
CATTGT,-0.28826543660024356,-0.7714365547198009,6-mer
CATTGC,-0.012820737064603493,-0.4940274675640118,6-mer
CATTGG,-0.007992790753530548,0.0379461393760633,6-mer
CATCAA,0.3547713515743793,0.8102062180045141,6-mer
CATCAT,0.23642198124050615,0.5135998038233831,6-mer
CATCAC,0.4638620627705295,1.055141554192461,6-mer
CATCAG,-0.0603865301114474,0.37547416532960604,6-mer
CATCTA,-0.3239634044761254,-0.4259451855257133,6-mer
CATCTT,-0.06610705985897636,0.09916235357447781,6-mer
CATCTC,-0.07151974521927255,0.05539823865909102,6-mer
CATCTG,-0.35436553592202724,-0.2715660394549107,Inverted repeat
CATCCA,0.2630344058337938,0.47393118833241227,6-mer
CATCCT,-0.1028399771630929,-0.49417046024221806,6-mer
CATCCC,0.34131707999555294,0.050349313379131455,6-mer
CATCCG,0.14201900487242786,0.1099154982003834,6-mer
CATCGA,0.2446037004266064,0.5354720661556459,6-mer
CATCGT,-0.22977195170204542,-0.04977904821611156,6-mer
CATCGC,0.22715194046388118,0.5171425324418916,6-mer
CATCGG,0.4405032460500603,0.6117862887968661,6-mer
CATGAA,-0.27777525117787116,-0.5056086847831727,6-mer
CATGAT,-0.3032683306364695,-0.11225445365818491,6-mer
CATGAC,-0.024492151219448855,-0.5061536598804797,6-mer
CATGAG,-0.5095550980631337,-0.49391828806388144,6-mer
CATGTA,-0.7090988007332619,-1.228346151583006,6-mer
CATGTT,-0.06065940757209479,-0.7012506144323252,6-mer
CATGTC,0.04002938695287779,-0.9505313237357,6-mer
CATGTG,-0.5865435365406365,-1.250484728365801,Inverted repeat
CATGCA,-0.3067846086268205,-1.0951994257417994,6-mer
CATGCT,-0.10800634039950312,-0.37695212138218137,6-mer
CATGCC,0.14825994484657318,-0.384879586200678,6-mer
CATGCG,-0.40792205367343615,-0.8742625612487558,6-mer
CATGGA,-0.24457187729673388,-0.5715298924137846,6-mer
CATGGT,-0.061391310795365465,0.3075912093850888,6-mer
CATGGC,0.027566392000293108,0.07904832215282397,6-mer
CATGGG,0.031167580555444458,-0.25293852809828693,6-mer
CACAAA,-0.11090114050009758,-0.1572321294280864,6-mer
CACAAT,-0.00837966561597314,-0.455053178126723,6-mer
CACAAC,-0.0899421253127984,-0.09402919724437095,6-mer
CACAAG,0.06530062548660577,-0.1322327113703618,6-mer
CACATA,0.06996506820861997,-0.18248390591668165,6-mer
CACATT,0.021723302576722364,-0.5331594379543434,6-mer
CACATC,0.33790607090933933,0.32413438839104813,6-mer
CACATG,-0.8166927866369403,-1.4438231260864025,Inverted repeat
CACACA,-0.05803952605403652,-0.6217588567097327,6-mer
CACACT,0.1247062492858204,0.05329549502708781,6-mer
CACACC,0.23269832746283503,0.4596976267584323,6-mer
CACACG,-0.5940417946320182,-0.825876349552618,6-mer
CACAGA,-0.3697236059837453,-0.5976649434520599,6-mer
CACAGT,-0.27025047324404067,-0.4204206959757469,6-mer
CACAGC,-0.1833672643543851,-0.20819022256702518,6-mer
CACAGG,0.16673672381126495,-0.25531467737880786,6-mer
CACTAA,0.3778161517933265,0.2333490485206934,6-mer
CACTAT,0.18220333122074897,0.16875445773437459,6-mer
CACTAC,0.18102599467556263,0.34250641955628175,6-mer
CACTAG,-0.3104794508590972,-0.6542813417778868,6-mer
CACTTA,-0.40640851770822856,-0.257897207381753,6-mer
CACTTT,0.28785990690430163,0.5177770272241625,6-mer
CACTTC,0.4727529971351311,0.46866536637316547,6-mer
CACTTG,-0.1453179859454295,0.12307972348186541,Inverted repeat
CACTCA,0.18534416855997235,0.6019790187204502,6-mer
CACTCT,0.26315667330629283,0.4007440435980643,6-mer
CACTCC,-0.3088963426173605,-0.4040080335799772,6-mer
CACTCG,0.030840146900029234,0.24699058306352858,6-mer
CACTGA,0.1831118161109127,0.573347871818441,6-mer
CACTGT,-0.033310456162734106,-0.09497258580098927,6-mer
CACTGC,0.22190510667520608,0.25959721268745056,6-mer
CACTGG,0.182971377906215,0.5870913689657593,6-mer
CACCAA,0.2672089490583193,1.0833487449738393,6-mer
CACCAT,0.0990673420938269,0.6916609698605927,6-mer
CACCAC,0.44349186656320155,1.2842158990297272,6-mer
CACCAG,-0.33547184191066565,0.47034685098337337,6-mer
CACCTA,-0.055427059333789074,-0.05591884508306461,6-mer
CACCTT,0.38876380506973485,0.6098026290956091,6-mer
CACCTC,-0.1040546906863311,0.1699250014423123,6-mer
CACCTG,-0.28758521630799844,-0.15695588641610747,Inverted repeat
CACCCA,-0.07918977579814256,0.26100776027355005,6-mer
CACCCT,-0.3302141772493016,-0.3117082525694833,6-mer
CACCCC,-0.33045216719390097,0.0033203582916111426,6-mer
CACCCG,-0.11917170097767744,0.005188223051628197,6-mer
CACCGA,0.3235248798216919,0.7640031633375949,6-mer
CACCGT,0.23744878730190502,0.4815148842504625,6-mer
CACCGC,0.2925534927538487,0.9989680292543609,6-mer
CACCGG,-0.28712942813827985,0.10197967725396698,6-mer
CACGAA,-0.4532075725175292,-0.6822403421093389,6-mer
CACGAT,-0.10095345381330022,0.13976382563043926,6-mer
CACGAC,0.18666826527688893,-0.1388079497347206,6-mer
CACGAG,-0.6525101986986065,-0.7014044089432614,6-mer
CACGTA,-0.2877733525419461,-0.34498626341904176,Inverted repeat
CACGTT,-0.03453071043548773,-0.20357253340882484,Inverted repeat
CACGTC,-0.4382401417257993,-1.0655174109242074,Inverted repeat
CACGTG,-1.20129658588094,-1.465713319595964,Palindromes
CACGCA,-0.21990097255643568,-0.32713325401862287,6-mer
CACGCT,-0.0776695538075557,0.12174527235236923,6-mer
CACGCC,0.11053647614966552,0.23064758789807305,6-mer
CACGCG,-0.49639262216914376,-0.2335767536724049,6-mer
CACGGA,0.0004975668408999222,-0.46804086978581033,6-mer
CACGGT,0.04366623486,0.307033879587668,6-mer
CACGGC,0.04303534973470621,0.02656595677471301,6-mer
CACGGG,-0.2563397532597854,-0.6572911958099478,6-mer
CAGAAA,0.2465510522929126,0.11650875215462807,6-mer
CAGAAT,0.09274650788827538,-0.3643442913271358,6-mer
CAGAAC,-0.26866929311103827,-0.5190483839898151,6-mer
CAGAAG,0.22990647499375438,-0.0023027858694206413,6-mer
CAGATA,0.13920898122899728,0.27846444640339985,6-mer
CAGATT,-0.2826454242623591,-0.12196811514832856,6-mer
CAGATC,-0.09932882072370662,0.47479095894241674,6-mer
CAGATG,-0.19169562411353147,-0.07771595026810557,Inverted repeat
CAGACA,0.22719607185949908,-0.42144620126842003,6-mer
CAGACT,-0.2676119719403376,-0.7050629782096457,6-mer
CAGACC,-0.30199343495349673,-0.4397167734514148,6-mer
CAGACG,-0.11539282214418636,-0.5772987640229869,6-mer
CAGAGA,-0.045015116190436494,-0.10198027702728549,6-mer
CAGAGT,-0.003602236680195459,0.157762362733735,6-mer
CAGAGC,0.2389103284712929,0.26381869236623134,6-mer
CAGAGG,-0.09415749382434761,-0.4025631711248192,6-mer
CAGTAA,0.3956613373067684,0.6301337661586889,6-mer
CAGTAT,0.15200309344504997,0.49685377738804115,6-mer
CAGTAC,0.3200965660887684,0.7874983281851994,6-mer
CAGTAG,0.18057224564182084,0.3049350239740569,6-mer
CAGTTA,-0.230466543377363,-0.05555135253093259,6-mer
CAGTTT,0.18258557147364615,0.3120148238604489,6-mer
CAGTTC,0.1522883519810043,0.012579690910789625,6-mer
CAGTTG,0.07950550774228132,0.37434218927036095,Inverted repeat
CAGTCA,-0.1843740601423627,-0.12185025943844931,6-mer
CAGTCT,-0.7437028789424868,-0.9407397260020405,6-mer
CAGTCC,0.27318376103594394,0.3435080129323129,6-mer
CAGTCG,-0.28135206065589125,-0.42530583473267103,6-mer
CAGTGA,0.31061799974998644,0.623145694609044,6-mer
CAGTGT,0.2173813185529618,0.009140653856469031,6-mer
CAGTGC,0.15082490224776882,0.037386415890108576,6-mer
CAGTGG,0.212381800685207,0.7020318040568189,6-mer
CAGCAA,0.4659672771825477,0.46855726096286804,6-mer
CAGCAT,0.2521596815916856,0.09984058637903617,6-mer
CAGCAC,0.36894251472220513,0.40403595865297487,6-mer
CAGCAG,0.527093023234034,0.6183874727241141,6-mer
CAGCTA,-0.5319582095797762,-0.41194821535560355,Inverted repeat
CAGCTT,0.057561169083966544,0.4806258409064207,Inverted repeat
CAGCTC,0.24417149541687874,0.5830401885901277,Inverted repeat
CAGCTG,-1.7745864341312294,-1.399314529009345,Palindromes
CAGCCA,-0.06176645810346479,0.4350817572215484,6-mer
CAGCCT,-0.37386725276280475,-0.35624580711745857,6-mer
CAGCCC,0.1034024543189387,0.480066765123067,6-mer
CAGCCG,-0.5908438584011662,-0.4047874025850865,6-mer
CAGCGA,-0.044177108428709665,0.31064681302408875,6-mer
CAGCGT,0.15320523920320725,0.2248734108402029,6-mer
CAGCGC,0.17462139610706873,0.5152446622721292,6-mer
CAGCGG,-0.0007296780266254857,0.28212361153188087,6-mer
CAGGAA,0.28386005405384296,-0.41161325655580056,6-mer
CAGGAT,-0.13116895795981998,-0.43212860101019246,6-mer
CAGGAC,0.014105767306730502,-1.0965732596950528,6-mer
CAGGAG,-0.3826598558452131,-0.7620236834450972,6-mer
CAGGTA,0.04090794358020585,0.4658699812540771,6-mer
CAGGTT,-0.2635558932932543,-0.07356411301203566,6-mer
CAGGTC,-0.5670747794051169,-0.5475428169474301,6-mer
CAGGTG,-0.749478205479755,-0.5591593354981147,Inverted repeat
CAGGCA,-0.23345876779544955,-0.531145127476077,6-mer
CAGGCT,-0.22037537096819287,-0.19203363693265502,6-mer
CAGGCC,-0.7505010742149185,-0.714968491893675,6-mer
CAGGCG,-0.2756505674259733,-0.4513189728499778,6-mer
CAGGGA,-0.2939199702264435,-0.879993470947892,6-mer
CAGGGT,0.09304872448817335,-0.20866870271724505,6-mer
CAGGGC,0.09260328439299503,-0.48014759567739584,6-mer
CAGGGG,-0.3793273965527568,-1.0051433032759596,6-mer
CTAAAA,-0.01947994785231889,-0.12249764509770814,6-mer
CTAAAT,0.04001671526710248,-0.2738443997701647,6-mer
CTAAAC,0.2942309082130374,0.25543268310045547,6-mer
CTAAAG,0.3222838327860674,0.1541348929328869,Inverted repeat
CTAATA,-0.20247746028201558,-0.4592481746748287,6-mer
CTAATT,-0.24151908517899376,-0.8331236300734196,6-mer
CTAATC,-0.7494106868328999,-0.8542941450161594,6-mer
CTAATG,0.1619380715027698,-0.5909302239807944,6-mer
CTAACA,0.2449805701659271,-0.07937111591140242,6-mer
CTAACT,0.19484342154842274,0.05257219458032759,6-mer
CTAACC,0.23522543370601454,0.24911202960142448,6-mer
CTAACG,0.6771751714004212,0.1804422789698811,6-mer
CTAAGA,-0.40940799421055873,-0.7246144910496678,6-mer
CTAAGT,-0.29522253212398203,-0.40434722102838744,6-mer
CTAAGC,0.37389151650881247,0.21271146564430649,6-mer
CTAAGG,0.45790189551767513,0.04273792066252769,6-mer
CTATAA,-0.3236079262910702,-0.5477775803875069,Inverted repeat
CTATAT,-0.3884527136878825,-0.4627662297590697,Inverted repeat
CTATAC,-0.3605509117480562,-0.26649826113736513,Inverted repeat
CTATAG,-0.3468659966372646,-0.8221636075716832,Palindromes
CTATTA,-0.04462860315307021,-0.2080820947767636,6-mer
CTATTT,0.41936486641864046,0.11289861497936679,6-mer
CTATTC,-0.038264045866208574,-0.582509979874032,6-mer
CTATTG,-0.04681831780044767,-0.2079687051096796,6-mer
CTATCA,-0.32098175504307325,0.010027460287594723,6-mer
CTATCT,0.3891385121112525,0.4592071503577858,6-mer
CTATCC,0.5631443905154654,0.4130557750099776,6-mer
CTATCG,0.6325608810935562,0.7725690576835232,6-mer
CTATGA,-0.2811235440434714,-0.3429028741730776,6-mer
CTATGT,0.08655781955270417,-0.3421731666461747,6-mer
CTATGC,0.0532691398596904,-0.2225678143268636,6-mer
CTATGG,-0.043547715672756775,-0.09259406413206758,6-mer
CTACAA,-0.160134498249503,-0.38190487070015317,6-mer
CTACAT,-0.14988193551746515,-0.6066575718204751,6-mer
CTACAC,0.05985470781548969,-0.3578767774497308,6-mer
CTACAG,-0.08738315415369173,-0.3494171429377862,Inverted repeat
CTACTA,-0.32364968821921136,-0.34103691783506696,6-mer
CTACTT,0.09601690341411848,0.28615696386554046,6-mer
CTACTC,0.2488803115239334,0.3259863114617158,6-mer
CTACTG,0.059378547078931726,0.13790211334796393,6-mer
CTACCA,-0.3213852861868263,0.15024263558061268,6-mer
CTACCT,0.10360916813733936,0.21891642678451706,6-mer
CTACCC,0.290971282336917,0.2158655756364866,6-mer
CTACCG,0.12966002456226047,0.43638681947227725,6-mer
CTACGA,-0.02780094395663399,-0.0637865930671509,6-mer
CTACGT,-0.08820060400785845,-0.4121872611949293,6-mer
CTACGC,0.1288453724577974,-0.025722564661607036,6-mer
CTACGG,0.2506106903857096,-0.038413883605228585,6-mer
CTAGAA,0.07157559221002743,-0.5150604874909999,6-mer
CTAGAT,-0.47470510975985103,-0.6903951835627677,6-mer
CTAGAC,-0.22443156661004637,-1.0847226789054274,6-mer
CTAGAG,0.3209375730215461,-0.20595331062652655,Inverted repeat
CTAGTA,-0.7691802190313758,-0.9553001925291859,6-mer
CTAGTT,-1.0961965495930215,-1.1117732486565173,6-mer
CTAGTC,-0.9355925498526877,-1.500802053057157,6-mer
CTAGTG,-0.33968036386498185,-0.8215852757241543,6-mer
CTAGCA,-0.7878864407042045,-1.326447112022779,6-mer
CTAGCT,-0.5455478196078126,-0.8114340008448742,6-mer
CTAGCC,-0.1048324029182525,-0.3689429144049515,6-mer
CTAGCG,-0.09310940439148137,-0.4974996594708167,6-mer
CTAGGA,-0.05343925896146044,-0.7742126374349744,6-mer
CTAGGT,0.026869834228655395,-0.30518483105278593,6-mer
CTAGGC,-0.11744255104803457,-0.7270387542609154,6-mer
CTAGGG,0.09444320429976197,-0.7746451648076905,6-mer
CTTAAA,-0.3578210201768854,-0.377828528998123,Inverted repeat
CTTAAT,-0.11072768299882192,-0.1375035237499347,Inverted repeat
CTTAAC,-0.01136419197509997,-0.08233493279730625,Inverted repeat
CTTAAG,-0.27177062630970383,-0.1321621809552563,Palindromes
CTTATA,-0.4642810182986931,-0.29512803554364725,6-mer
CTTATT,-0.05520141581529442,0.01333779953715279,6-mer
CTTATC,0.448773137138575,0.7081483217450918,6-mer
CTTATG,-0.21808103959696487,-0.24525970410581757,6-mer
CTTACA,-0.4278161040001465,-0.4419370033953635,6-mer
CTTACT,0.0050234510461491634,0.2904955870507053,6-mer
CTTACC,-0.027136129937514065,0.4892544254843502,6-mer
CTTACG,0.09668393306734796,0.14442589619060978,6-mer
CTTAGA,-0.148575681248879,-0.34565946277306214,6-mer
CTTAGT,-0.08540405382869061,-0.26444811985273725,6-mer
CTTAGC,-0.03608805252689056,-0.00891931768852204,6-mer
CTTAGG,0.6338721012021026,0.6023344512556259,6-mer
CTTTAA,-0.04764837327007233,0.0175612793137474,6-mer
CTTTAT,0.41560403965168063,0.5752926449245007,6-mer
CTTTAC,0.19134943794432374,0.5500756941056592,6-mer
CTTTAG,0.15987886756976402,0.03746099946969919,Inverted repeat
CTTTTA,-0.16903417397289117,-0.14696615116420758,6-mer
CTTTTT,-0.054851327723698814,0.10341191215327859,6-mer
CTTTTC,-0.22474048601175817,-0.23303232684432598,6-mer
CTTTTG,-0.2155491779004281,-0.12203149587163557,6-mer
CTTTCA,-0.32016044707681907,0.045110927862671166,6-mer
CTTTCT,0.27320582532936366,0.2642371529154512,6-mer
CTTTCC,0.027640466299493783,-0.2025108794585972,6-mer
CTTTCG,-0.28193995325185056,-0.21529030565123383,6-mer
CTTTGA,0.023526341708662128,0.3675740353296022,6-mer
CTTTGT,0.1301887321984089,0.005521973575857723,6-mer
CTTTGC,-0.1605798492913874,-0.2970855001517836,6-mer
CTTTGG,0.09714115841053175,0.44017774714480257,6-mer
CTTCAA,0.13928909382530538,0.34571014791010535,6-mer
CTTCAT,0.18829238857714067,0.0907297761755734,6-mer
CTTCAC,0.27550629418192646,0.4255044983299125,6-mer
CTTCAG,-0.41462191666301046,-0.2409650846991316,Inverted repeat
CTTCTA,0.263424376113473,-0.24094678519447657,6-mer
CTTCTT,0.47229431958113877,0.3315115965877337,6-mer
CTTCTC,-0.16757265290078446,-0.32845164594966303,6-mer
CTTCTG,0.3682887635376136,0.019038449296272707,6-mer
CTTCCA,0.3312445622736764,0.08241282125997704,6-mer
CTTCCT,0.257122885267666,-0.3254569063676087,6-mer
CTTCCC,0.2550965864091536,-0.3851815151195846,6-mer
CTTCCG,0.19959255196331013,-0.30891476725311157,6-mer
CTTCGA,-0.19059535180828138,-0.255063694725214,6-mer
CTTCGT,-0.29615051264756065,-0.474708389749031,6-mer
CTTCGC,-0.22967170537320764,-0.3164506551214782,6-mer
CTTCGG,0.3057958537853038,0.1691578144841169,6-mer
CTTGAA,-0.20805517250735622,-0.1054620948050241,6-mer
CTTGAT,0.020411824662217908,0.6735109763161786,6-mer
CTTGAC,-0.766929867872807,-0.685605577798045,6-mer
CTTGAG,0.1340413402488376,0.5616473339536752,Inverted repeat
CTTGTA,-0.24387214874689936,-0.2436913363647589,6-mer
CTTGTT,0.11681366498274974,0.08451766695316504,6-mer
CTTGTC,-0.2218957110403074,-0.6971992658606612,6-mer
CTTGTG,-0.004236992886470829,-0.20144660761096195,6-mer
CTTGCA,-0.08815263090770152,-0.4088316283467225,6-mer
CTTGCT,0.36868001995687566,0.5102581953736992,6-mer
CTTGCC,-0.08077449900251935,-0.11383685903868035,6-mer
CTTGCG,-0.07492432586024497,-0.10441789493066046,6-mer
CTTGGA,-0.12786808550414613,-0.10836637604795646,6-mer
CTTGGT,0.09371654200916286,0.9558221698013537,6-mer
CTTGGC,-0.02765634290286525,0.5048454204493447,6-mer
CTTGGG,0.16295339300559084,0.3346294155624546,6-mer
CTCAAA,-0.33990316921806435,0.001192802912833023,6-mer
CTCAAT,0.5409541802795329,0.7495813713546631,6-mer
CTCAAC,0.221244844682365,0.6018144189577991,6-mer
CTCAAG,0.346308541050387,0.8415991353567996,Inverted repeat
CTCATA,-0.5809341580988654,-0.3500283067124148,6-mer
CTCATT,-0.13959119279627938,-0.09200936999515223,6-mer
CTCATC,0.27956355857063053,0.7160971771525337,6-mer
CTCATG,-0.29154873501595113,-0.24370292758186005,6-mer
CTCACA,-0.8410357589558802,-0.8423281564682581,6-mer
CTCACT,0.06256800986310518,0.528878953313142,6-mer
CTCACC,0.2979566932822966,0.9872640120725387,6-mer
CTCACG,0.004268817392791378,0.13854681296562277,6-mer
CTCAGA,-0.4134684996235032,-0.19123809531674707,6-mer
CTCAGT,0.14122035129777927,0.6091381297653117,6-mer
CTCAGC,-0.04836302156139891,0.3732519334521761,6-mer
CTCAGG,-0.08693563677128081,-0.11129580868445,6-mer
CTCTAA,0.3776050712573881,0.021634070484486,6-mer
CTCTAT,0.5394966752040556,0.34405090578550246,6-mer
CTCTAC,0.46980126535162947,0.2962475478180722,6-mer
CTCTAG,0.4724545300244892,-0.07394714730458696,Inverted repeat
CTCTTA,-0.4084648453553575,-0.34148350351914336,6-mer
CTCTTT,0.44841314039283314,0.5074972701613294,6-mer
CTCTTC,0.9498503172177164,0.7236380625192137,6-mer
CTCTTG,0.2788104887924768,0.3027186806519266,6-mer
CTCTCA,-0.4314319375295124,-0.24152658829316312,6-mer
CTCTCT,0.40312417773534315,0.47771130447904325,6-mer
CTCTCC,0.5018677182691499,0.3060256002947338,6-mer
CTCTCG,0.009393134957310017,0.06684078987091055,6-mer
CTCTGA,-0.37396155627592814,-0.26076423220896666,6-mer
CTCTGT,0.17582667092512919,-0.14477152421397424,6-mer
CTCTGC,0.3849890092144468,0.18500501574026385,6-mer
CTCTGG,0.1529929357074743,0.400108254626345,6-mer
CTCCAA,-0.42838752989329937,-0.36704886597943676,6-mer
CTCCAT,-0.14085300426078848,-0.3462210081893063,6-mer
CTCCAC,-0.23611242484940898,-0.08820060400785845,6-mer
CTCCAG,-0.24741088137328776,-0.3546310465911465,Inverted repeat
CTCCTA,-0.4329594072761061,-0.9925551878388355,6-mer
CTCCTT,0.04924691519861312,-0.2781349732634445,6-mer
CTCCTC,0.06349292362538334,-0.08091999538356735,6-mer
CTCCTG,-0.27082791555366437,-0.6081134649717131,6-mer
CTCCCA,-0.4015784597701176,-0.8740047809179617,6-mer
CTCCCT,-0.5179272679474417,-0.8848642892785197,6-mer
CTCCCC,0.2663102139188473,-0.09680560891701102,6-mer
CTCCCG,-0.08373226730895422,-0.6244136514398798,6-mer
CTCCGA,-0.3969775277338527,-0.47316154572099367,6-mer
CTCCGT,-0.2934358843743455,-0.84799690655495,6-mer
CTCCGC,-0.5280066159090804,-0.6984484203220007,6-mer
CTCCGG,-0.06680337068424626,-0.5814923967249078,6-mer
CTCGAA,-0.31380021400396185,-0.41775700063243587,Inverted repeat
CTCGAT,0.31167435562680545,0.7963340635681675,Inverted repeat
CTCGAC,0.31502904347205507,0.05542403861869174,Inverted repeat
CTCGAG,-1.156539506374993,-1.158429362604483,Palindromes
CTCGTA,-0.5089754197678038,-0.42920483120543773,6-mer
CTCGTT,-0.13403133184312974,-0.05444778402237635,6-mer
CTCGTC,0.0171061657074643,-0.35628830369436176,6-mer
CTCGTG,-0.7490508100620525,-0.7318038890504271,6-mer
CTCGCA,-0.9167033381604457,-0.9740650909400488,6-mer
CTCGCT,-0.16618627845401965,0.18193781772520332,6-mer
CTCGCC,0.4279084062076708,0.6401553881535268,6-mer
CTCGCG,-0.235401166990462,-0.0902998708046574,6-mer
CTCGGA,-0.28575448233387735,-0.6012906706251563,6-mer
CTCGGT,0.24954057409912125,0.7268767765426225,6-mer
CTCGGC,0.26710860678417025,0.4795777514735544,6-mer
CTCGGG,-0.09612624351506972,-0.40144843453088885,6-mer
CTGAAA,0.09734836943707313,0.28099349717210365,6-mer
CTGAAT,-0.007536132269782701,-0.10199834194913628,6-mer
CTGAAC,0.003703968763418586,0.09472364353493819,6-mer
CTGAAG,-0.19927194553487718,-0.021130166764015926,Inverted repeat
CTGATA,-0.35332329116289674,0.13942040832476718,6-mer
CTGATT,-0.11993170198043814,0.357997349594884,6-mer
CTGATC,-0.47785106908618746,0.459528838559898,6-mer
CTGATG,-0.012396242905931295,0.4809805467427634,6-mer
CTGACA,-0.1052735356453668,-0.2655473746644128,6-mer
CTGACT,0.20706617795907034,0.2510261732649051,6-mer
CTGACC,0.1530116185059659,0.45756505181573226,6-mer
CTGACG,0.3340851205316564,0.08314123530024585,6-mer
CTGAGA,-0.6840928994155206,-0.3878858930188766,6-mer
CTGAGT,0.1808272900349497,0.520274280300592,6-mer
CTGAGC,0.2634667387830553,0.5652801348594565,6-mer
CTGAGG,-0.49106829488872983,-0.483293188564602,6-mer
CTGTAA,-0.14741646925405646,-0.09802288588253327,6-mer
CTGTAT,0.059244240638549044,-0.048886255712122746,6-mer
CTGTAC,0.20845184178387693,0.2601080457211349,6-mer
CTGTAG,-0.2283569542010486,-0.3872925087959395,Inverted repeat
CTGTTA,-0.5170442468696053,-0.759420444993902,6-mer
CTGTTT,0.7851653160876314,0.5645134275655116,6-mer
CTGTTC,0.29447601207732554,-0.26212676501059523,6-mer
CTGTTG,0.0402481746954777,-0.11355935670877831,6-mer
CTGTCA,0.3622273354166203,0.2218506657758613,6-mer
CTGTCT,-0.04234629070959474,-0.7268312170324929,6-mer
CTGTCC,-0.018900205343279214,-0.8913841533947859,6-mer
CTGTCG,0.4206433155389298,-0.08683407896499408,6-mer
CTGTGA,-0.4889861095040813,-0.4654353519827757,6-mer
CTGTGT,-0.028202916225802736,-0.5249263296634032,6-mer
CTGTGC,-0.20761036721510223,-0.6578068117473921,6-mer
CTGTGG,-0.12576262171023292,-0.11069308825382487,6-mer
CTGCAA,0.12044557065699736,-0.19345123708809747,Inverted repeat
CTGCAT,0.29156010401508303,-0.23897116282677644,Inverted repeat
CTGCAC,0.06714012053065296,-0.1176542545824788,Inverted repeat
CTGCAG,-0.26591461250191334,-0.5421627877878883,Palindromes
CTGCTA,-0.31059769106676793,-0.6758017314878104,6-mer
CTGCTT,-0.09784060442273286,-0.0859560674689856,6-mer
CTGCTC,0.6299659949739447,0.6735506183879791,6-mer
CTGCTG,0.6083523209967369,0.6878026307817678,6-mer
CTGCCA,0.03248866885466911,0.14101705690800065,6-mer
CTGCCT,-0.053357517550016734,-0.3385036510895449,6-mer
CTGCCC,0.42571429206647765,-0.07631416184850315,6-mer
CTGCCG,0.02565123880111553,-0.09953567355091435,6-mer
CTGCGA,-0.2872465654546611,-0.3357462913089981,6-mer
CTGCGT,0.28331388959131093,0.0262746170912467,6-mer
CTGCGC,0.5168885859910161,0.5576317724993299,6-mer
CTGCGG,0.13506323102333748,0.02721196014852472,6-mer
CTGGAA,0.21484082405659183,0.1780153461455529,6-mer
CTGGAT,0.192849488414444,0.42678659523528173,6-mer
CTGGAC,-0.4085157798834529,-0.8645096451422671,6-mer
CTGGAG,-0.46205231879643305,-0.45325682150933416,Inverted repeat
CTGGTA,-0.6956608578716603,0.14345629687935718,6-mer
CTGGTT,-0.36829259890633975,0.43260892292431136,6-mer
CTGGTC,-0.5378227822945355,-0.2898856254832251,6-mer
CTGGTG,-0.3192052940559185,0.39683290390125325,6-mer
CTGGCA,-0.203442127595088,0.048517936289348834,6-mer
CTGGCT,-0.0042017359786160535,0.571860149870156,6-mer
CTGGCC,-0.6848067391413656,-0.29809967275370564,6-mer
CTGGCG,-0.0012135385890541816,0.5140813729133242,6-mer
CTGGGA,-0.2420747871981475,-0.4847060202399894,6-mer
CTGGGT,-0.03982683480569329,0.2722672863494072,6-mer
CTGGGC,-0.18711196953875905,-0.22164616758082573,6-mer
CTGGGG,-0.21772198980244642,-0.36414792293840476,6-mer
CCAAAA,-0.1749934459458289,0.10925344598571264,6-mer
CCAAAT,-0.10656645234718982,-0.027525359766657792,6-mer
CCAAAC,0.1861816546919984,0.8574964370877349,6-mer
CCAAAG,-0.011557865542787793,0.4646579620756698,6-mer
CCAATA,0.37808277766140896,0.6655150709044976,6-mer
CCAATT,-0.26461313483418186,-0.3019806860743107,6-mer
CCAATC,0.20781286144495598,0.7634752241846826,6-mer
CCAATG,0.04193273235868963,0.16634511116651132,6-mer
CCAACA,0.24236083756904386,0.26353304751883694,6-mer
CCAACT,0.24772205039649559,0.5270020340155396,6-mer
CCAACC,-0.06414867820118672,0.6195427324313009,6-mer
CCAACG,0.19214552979305236,0.32675801249155684,6-mer
CCAAGA,0.2334984618160288,0.45699433911802323,6-mer
CCAAGT,-0.13861081910008566,0.2541074228181998,6-mer
CCAAGC,0.12081096375147032,0.61140086546735,6-mer
CCAAGG,0.45720322032787,0.4422438692436797,Inverted repeat
CCATAA,-0.3604163039886477,-0.0683820996846346,6-mer
CCATAT,-0.048884488077166756,-0.03577363678610858,6-mer
CCATAC,0.18520546157104698,0.48874718546185314,6-mer
CCATAG,-0.06484582427584383,-0.16485401189489016,6-mer
CCATTA,0.23375822346316188,-0.06054154193505072,6-mer
CCATTT,0.3135169449574712,0.1721086652786184,6-mer
CCATTC,0.186537722360373,-0.08093584473392426,6-mer
CCATTG,0.16657788402706059,0.25133907220141916,6-mer
CCATCA,0.23215393636542442,0.9765342133488066,6-mer
CCATCT,-0.21955576916691283,0.0627118302554521,6-mer
CCATCC,0.06592591680774189,0.20317853120278975,6-mer
CCATCG,-0.021784125563471934,0.5524918271057414,6-mer
CCATGA,-0.08675190887460218,0.06591823514591806,Inverted repeat
CCATGT,-0.014739411035948146,-0.4793523127605573,Inverted repeat
CCATGC,0.08096452919354125,-0.16215336391735632,Inverted repeat
CCATGG,-0.3273766394191088,-0.10345013340434148,Palindromes
CCACAA,0.1336496150507627,0.21759143507262657,6-mer
CCACAT,0.23662810703430012,0.04435275828160562,6-mer
CCACAC,0.11755638252851114,0.24335046027895554,6-mer
CCACAG,-0.057041495641655914,-0.10277859717743627,6-mer
CCACTA,0.19139653174513688,0.27202669075229047,6-mer
CCACTT,0.3317034753162731,0.8342414527734803,6-mer
CCACTC,0.012573889868522311,0.5254232744160816,6-mer
CCACTG,0.045465825517100315,0.5202308076916843,6-mer
CCACCA,0.11813184300048472,1.2129374833949695,6-mer
CCACCT,-0.18328535418168843,0.2017309067008746,6-mer
CCACCC,-0.33886254660072973,0.12678050974179647,6-mer
CCACCG,0.1408797149733394,0.9604299340012487,6-mer
CCACGA,-0.41093310094610724,-0.23779352446506904,6-mer
CCACGT,-0.6434455620030052,-0.5266102622428637,6-mer
CCACGC,-0.2107571269667392,0.2986412423514464,6-mer
CCACGG,0.004638321178839383,0.19397536392036596,Inverted repeat
CCAGAA,0.2514277861858101,0.16967174153805634,6-mer
CCAGAT,-0.0703893278913978,0.4085267483209825,6-mer
CCAGAC,-0.07930212026940073,-0.13019872312670153,6-mer
CCAGAG,0.27077400693725934,0.4026689418484255,6-mer
CCAGTA,0.3818386663877645,0.8641897804830574,6-mer
CCAGTT,0.15424365149888022,0.44236023755164433,6-mer
CCAGTC,0.24600120867435163,0.5489970034332835,6-mer
CCAGTG,0.210011147101642,0.636420513513845,6-mer
CCAGCA,0.20912524232948593,0.4764864817224034,6-mer
CCAGCT,-0.43922015011290755,0.10169801159698462,6-mer
CCAGCC,-0.09326300514125546,0.6720943818651054,6-mer
CCAGCG,-0.20973095014366883,0.30558150409120094,6-mer
CCAGGA,-2.858504564373343,-3.236840465288566,6-mer
CCAGGT,-2.860300707419287,-2.3293076252529596,6-mer
CCAGGC,-2.9317130697506166,-2.713232744693054,6-mer
CCAGGG,-2.4259729769599994,-2.5501970825604796,Inverted repeat
CCTAAA,0.162338595035945,-0.2367042969145682,6-mer
CCTAAT,0.3038200206802939,-0.4406603705859653,6-mer
CCTAAC,0.7113237109090226,0.14462356307945234,6-mer
CCTAAG,0.41394080972326697,0.07940471844467982,6-mer
CCTATA,-0.09939422592681063,-0.42530583473267103,6-mer
CCTATT,0.07884327839781326,-0.3941861463774339,6-mer
CCTATC,0.37291202360616726,0.3228725761262595,6-mer
CCTATG,0.01568162223226956,-0.4514261559349138,6-mer
CCTACA,0.04733115935971844,-0.6832645743329601,6-mer
CCTACT,0.15279687340504136,0.0265697204039024,6-mer
CCTACC,-0.20706229491988548,-0.007640062202131852,6-mer
CCTACG,-0.17751633464773653,-0.5421884770308645,6-mer
CCTAGA,0.32647202003231035,-0.35768998893657517,Inverted repeat
CCTAGT,-0.15235492737945766,-0.6625945684936925,Inverted repeat
CCTAGC,0.4186337496849822,-0.37442582318247997,Inverted repeat
CCTAGG,-0.24236083756904397,-1.1024362928560205,Palindromes
CCTTAA,0.04407120263465537,-0.239626184774568,6-mer
CCTTAT,0.2547060460746474,0.27471085915235544,6-mer
CCTTAC,0.2193805308043426,0.12166594291626062,6-mer
CCTTAG,0.731200571346444,0.6179383393109514,6-mer
CCTTTA,0.2758769582225612,0.1390203732941871,6-mer
CCTTTT,-0.031541517286390285,-0.2236223404568792,6-mer
CCTTTC,-0.19864381856383898,-0.2743565499878847,6-mer
CCTTTG,-0.02497623612503606,-0.08090585471107298,6-mer
CCTTCA,-0.0025288263107386454,-0.18041566073464063,6-mer
CCTTCT,0.47393118833241227,-0.02572570207031819,6-mer
CCTTCC,0.5529063085202576,-0.16547909641112002,6-mer
CCTTCG,0.06268874747774178,-0.3061031277256797,6-mer
CCTTGA,0.28950661719498494,0.31736981292505795,6-mer
CCTTGT,0.5050556339191743,0.054284592456013886,6-mer
CCTTGC,0.35592022057119077,0.024560271420964293,6-mer
CCTTGG,0.22343823148799888,0.37548639955248303,Inverted repeat
CCTCAA,0.05656317302438166,0.4418887189282752,6-mer
CCTCAT,-0.1326926855017048,-0.1571552486698064,6-mer
CCTCAC,-0.2567371673725842,-0.2451637289951061,6-mer
CCTCAG,-0.5757923756256135,-0.27710959104551663,6-mer
CCTCTA,0.4192252962422772,0.0,6-mer
CCTCTT,0.4714508081841101,0.2327343655579069,6-mer
CCTCTC,0.005465910713297844,-0.15673974261285203,6-mer
CCTCTG,-0.29290493541593154,-0.4239099032827958,6-mer
CCTCCA,-0.6055691902587396,-0.8529100055801501,6-mer
CCTCCT,-0.5407385004644727,-0.895856545333542,6-mer
CCTCCC,-0.4345456581680576,-0.9249729545919764,6-mer
CCTCCG,-0.43718174511766694,-0.929568239277502,6-mer
CCTCGA,-0.34508091499141724,-0.4932125721368373,6-mer
CCTCGT,-0.640003864279118,-0.7006471360180779,6-mer
CCTCGC,-0.3602092271099127,-0.40029091390965743,6-mer
CCTCGG,-0.42296274022358826,-0.5332864659488334,Inverted repeat
CCTGAA,0.21030793504232734,0.08057751584703007,6-mer
CCTGAT,-0.048665849734279364,0.21224251527718976,6-mer
CCTGAC,0.04352737554092098,-0.25868238129408677,6-mer
CCTGAG,0.07294342961154811,0.11713263359799767,6-mer
CCTGTA,0.04144471829735126,-0.09991528019456995,6-mer
CCTGTT,0.5586059408924241,0.03334462878043381,6-mer
CCTGTC,-0.08718457043437616,-0.7787570948918213,6-mer
CCTGTG,-0.09263970064619975,-0.5431423250265291,6-mer
CCTGCA,0.14536839561442758,-0.34368018541378803,6-mer
CCTGCT,0.31654958098705477,-0.009199965989966117,6-mer
CCTGCC,0.2324827729268662,-0.32164096282533583,6-mer
CCTGCG,0.24481631035522683,-0.09800155909925767,6-mer
CCTGGA,-2.393843277009721,-2.6715125326775904,6-mer
CCTGGT,-3.2422213950983703,-2.7559925922526527,6-mer
CCTGGC,-3.255802836602718,-3.311201688294304,6-mer
CCTGGG,-2.2377676472233636,-2.3278564068900365,Inverted repeat
CCCAAA,-0.10627386358992927,0.1483562385181009,6-mer
CCCAAT,0.10817859344752265,0.1805469354245257,6-mer
CCCAAC,0.08945959916938667,0.0737244939793634,6-mer
CCCAAG,0.03736511798800549,0.1908419689703329,6-mer
CCCATA,-0.09561191159465161,-0.1757073540363185,6-mer
CCCATT,0.4489686189596217,0.13118837652610388,6-mer
CCCATC,0.14486179274707678,0.2593556234556953,6-mer
CCCATG,-0.0333519485668682,-0.34537886706254495,6-mer
CCCACA,0.20400115117375264,-0.20218398321288034,6-mer
CCCACT,0.21726573351556241,0.4703199347800334,6-mer
CCCACC,-0.3417147167861712,0.28996036622872645,6-mer
CCCACG,-0.27460807822854116,-0.28181487203951805,6-mer
CCCAGA,0.22427953088071315,0.01161541471878224,6-mer
CCCAGT,0.18224590596976628,0.21218526433804083,6-mer
CCCAGC,-0.31201361357737306,-0.14317004729905242,6-mer
CCCAGG,-1.9719856238304037,-2.2483378946270918,Inverted repeat
CCCTAA,0.45288877277052536,-0.2848022209160296,6-mer
CCCTAT,0.3791923003321216,-0.12730054599902024,6-mer
CCCTAC,0.13647339515144555,-0.33676479436716605,6-mer
CCCTAG,0.0059006014396841165,-0.9889542162520114,6-mer
CCCTTA,0.6728999907801491,0.7402185719612939,6-mer
CCCTTT,0.23446525363702295,-0.047775724569413536,6-mer
CCCTTC,0.34305138645311617,-0.13475422317348143,6-mer
CCCTTG,0.1607052872458437,-0.14640564249062926,6-mer
CCCTCA,-0.5896695033986838,-0.6527668162010272,6-mer
CCCTCT,0.3054912050766887,0.04830304380146759,6-mer
CCCTCC,-0.8200573647885081,-1.0683371297631536,6-mer
CCCTCG,-0.9037634247101793,-1.1465828176607973,6-mer
CCCTGA,0.1491434393058094,-0.05771549785628729,6-mer
CCCTGT,0.4796246645713844,-0.12793337229916352,6-mer
CCCTGC,0.4852839931479589,-0.16135965461316212,6-mer
CCCTGG,-2.8454257152828832,-3.0874628412503395,Inverted repeat
CCCCAA,0.134941009682113,0.22573154529434092,6-mer
CCCCAT,0.1359319603691606,0.03813512888677094,6-mer
CCCCAC,-0.02052881336467327,0.2150772984371388,6-mer
CCCCAG,-0.4503370621015242,-0.5001901798419823,6-mer
CCCCTA,0.037198617954249495,-0.6704318429105057,6-mer
CCCCTT,1.089386318348764,1.0393742383341444,6-mer
CCCCTC,-0.4342620665437421,-0.6187607091712213,6-mer
CCCCTG,-0.23032528083892043,-0.7962934548055759,6-mer
CCCCCA,0.040767852150618046,-0.21524051720055717,6-mer
CCCCCT,0.2316202615084179,-0.2847294769331128,6-mer
CCCCCC,-0.38525095168253404,-0.6938259764271898,6-mer
CCCCCG,-0.14428812831704435,-0.6963985529192285,6-mer
CCCCGA,-0.3274600325766209,-0.7577990975833718,6-mer
CCCCGT,-0.1313183265337294,-0.579061899281472,6-mer
CCCCGC,-0.30189892781804106,-0.6155006267634672,6-mer
CCCCGG,-0.39847727598595484,-0.7209222094057538,Inverted repeat
CCCGAA,-0.030029792368720536,-0.5176072329193916,6-mer
CCCGAT,0.10145033214765047,0.19843866643533473,6-mer
CCCGAC,0.3059307288882522,-0.3361691104640092,6-mer
CCCGAG,-0.1414525089917093,-0.6094600336229805,6-mer
CCCGTA,-0.01879759545412603,-0.2999104080688264,6-mer
CCCGTT,0.2670743410165438,-0.19744606420621708,6-mer
CCCGTC,0.4455027800058949,-0.45762146151037536,6-mer
CCCGTG,-0.23174871690684637,-0.7194478329081767,6-mer
CCCGCA,0.003254812527492333,-0.5913277021313835,6-mer
CCCGCT,0.4270310952734323,0.30400618689009984,6-mer
CCCGCC,0.11270823173377674,0.17368692023851157,6-mer
CCCGCG,-0.6328777620366655,-0.8355167678216138,6-mer
CCCGGA,-0.31667236943586696,-1.0804302703207351,Inverted repeat
CCCGGT,-0.5408774971816668,-0.5583156606554137,Inverted repeat
CCCGGC,-0.7476621772977108,-0.975033084483425,Inverted repeat
CCCGGG,-0.937882410072145,-1.784393773614293,Palindromes
CCGAAA,-0.008476644407219175,-0.027936876503123157,6-mer
CCGAAT,0.014206681293177354,-0.32288162766555634,6-mer
CCGAAC,-0.32828043044923216,-0.44685772876877494,6-mer
CCGAAG,0.15502365469686846,-0.013817297347640466,6-mer
CCGATA,0.5409208538453459,0.7807379961951115,6-mer
CCGATT,0.18995797055528832,0.3935453690035166,6-mer
CCGATC,-0.20843074746186385,0.5904689770277,6-mer
CCGATG,0.2251248345699818,0.5179558122244103,6-mer
CCGACA,0.689092447702702,0.13918475020391421,6-mer
CCGACT,0.36052334019994015,0.1289326639969,6-mer
CCGACC,0.07847405802308469,0.18231690817543628,6-mer
CCGACG,-0.46097378344570283,-0.6169488818576198,6-mer
CCGAGA,0.041820175694627204,-0.02714614201312302,6-mer
CCGAGT,0.3313795702319341,0.4340765701776524,6-mer
CCGAGC,0.1877897922644035,0.37676252932541393,6-mer
CCGAGG,-0.7074074029312726,-1.1556053301252458,Inverted repeat
CCGTAA,0.19536773760675727,0.22208152918119062,6-mer
CCGTAT,0.4652637878505352,0.39917109381982285,6-mer
CCGTAC,0.13715532903773645,0.3174267026524214,6-mer
CCGTAG,0.07205493712880716,-0.15089290097711416,6-mer
CCGTTA,0.5011718363584758,0.263279991848667,6-mer
CCGTTT,0.5015807094176763,0.4375357136307378,6-mer
CCGTTC,-0.36062764619294774,-0.6896795077582811,6-mer
CCGTTG,0.0474471624024603,-0.07644548253599302,6-mer
CCGTCA,0.47547335314081784,0.1869489725529741,6-mer
CCGTCT,0.01660362881662099,-0.6302780164794008,6-mer
CCGTCC,0.0018273530510064,-0.8915532725416898,6-mer
CCGTCG,0.31278744103089356,-0.1687371092048512,6-mer
CCGTGA,0.055619822070498856,0.09124906236595368,6-mer
CCGTGT,0.0010770400208241727,-0.4007981324955874,6-mer
CCGTGC,-0.46330245281653437,-0.8368641642203267,6-mer
CCGTGG,0.03055969521579146,0.3739629225620982,Inverted repeat
CCGCAA,0.01850546885207302,-0.14177039878184908,6-mer
CCGCAT,0.28090082662730764,-0.09896645080102108,6-mer
CCGCAC,-0.03131920542628242,-0.08038938687477665,6-mer
CCGCAG,0.1733081264883001,0.0759870809533522,6-mer
CCGCTA,0.4887923692273679,0.2907093642766423,6-mer
CCGCTT,0.5387888664645591,0.8100609754470709,6-mer
CCGCTC,-0.08648185235193281,0.14271333152779117,6-mer
CCGCTG,-0.19918792380916786,0.1665172504783575,6-mer
CCGCCA,0.3981757062296068,0.9043599949931966,6-mer
CCGCCT,0.20146697807956604,0.20863711071029695,6-mer
CCGCCC,-0.16769690055019515,-0.29916819188750704,6-mer
CCGCCG,0.2666456593861727,0.4247822898458692,6-mer
CCGCGA,0.03892107266811448,0.3000474084721373,Inverted repeat
CCGCGT,-0.3935043377292025,-0.3962276495040854,Inverted repeat
CCGCGC,-0.34361865650072165,-0.09557171267406667,Inverted repeat
CCGCGG,-0.24913358901753205,0.29400199821311196,Palindromes
CCGGAA,-0.08479413617947767,-0.765534746362977,6-mer
CCGGAT,0.10173927110914463,-0.008630305143439957,6-mer
CCGGAC,-0.4293322650993156,-1.2990137029393605,6-mer
CCGGAG,-0.0463556356917395,-0.511865580466266,6-mer
CCGGTA,-0.24068045627502288,0.24839905946539695,6-mer
CCGGTT,-0.4987932816711274,-0.03036004891304201,6-mer
CCGGTC,-0.9110437328152955,-0.9259994185562233,6-mer
CCGGTG,-0.3814206094231401,-0.030172227814996382,6-mer
CCGGCA,-0.5363657474800541,-0.7113082345865697,6-mer
CCGGCT,-0.7234300706418713,-0.43537050137585037,6-mer
CCGGCC,-1.550633452949345,-1.3857942991974261,6-mer
CCGGCG,-0.855264907018989,-0.6000693931113645,6-mer
CCGGGA,0.006960214715847594,-0.5420844367731599,6-mer
CCGGGT,-0.7868827529668617,-0.8826430493618413,6-mer
CCGGGC,-0.7394978348124722,-1.1885973714927573,6-mer
CCGGGG,-0.6345256014097512,-1.3122779248536431,Inverted repeat
CGAAAA,-0.10720471410073043,-0.09908476089186347,6-mer
CGAAAT,0.09367266185570292,-0.2242066624820778,6-mer
CGAAAC,-0.3422464714929134,-0.222934685970116,6-mer
CGAAAG,-0.2063814319914261,-0.11126496613302157,6-mer
CGAATA,0.2443474852259549,0.016808287686553784,6-mer
CGAATT,-0.17646004796678466,-0.6742836446229299,6-mer
CGAATC,-0.4658760486067502,-0.4649317970143861,6-mer
CGAATG,0.19988420686358416,-0.3383487413226155,6-mer
CGAACA,-0.01834390906526333,-0.5141609153499163,6-mer
CGAACT,-0.5070496388700372,-0.5634293391715147,6-mer
CGAACC,-0.7963838042366009,-0.5781206489458899,6-mer
CGAACG,-0.6747146300699746,-0.8150464847536633,Inverted repeat
CGAAGA,0.04811111338515509,-0.20291341339622299,6-mer
CGAAGT,-0.05214301407870168,-0.12067415275368426,6-mer
CGAAGC,-0.6287365245292597,-0.574055892399049,6-mer
CGAAGG,0.17176634826647977,-0.2757294786821608,6-mer
CGATAA,0.5300750595234368,0.8619336929229016,6-mer
CGATAT,0.5510826879655396,0.820106829466452,6-mer
CGATAC,0.4381739980767786,0.7674462006209679,6-mer
CGATAG,0.4483894478457121,0.6109577092541006,6-mer
CGATTA,-0.10552381893614764,-0.04673805982675259,6-mer
CGATTT,0.2472189771832525,0.43590811429978493,6-mer
CGATTC,0.18371786066371612,0.10438803875812999,6-mer
CGATTG,0.20551269174690567,0.4678072786390243,6-mer
CGATCA,-0.14517337190965496,0.8601051363342642,Inverted repeat
CGATCT,-0.5718501379030059,0.1024124343064778,Inverted repeat
CGATCC,-0.2965214878888182,0.1862242197449744,Inverted repeat
CGATCG,-0.6081803538892537,0.17105670976673712,Palindromes
CGATGA,0.27818216491690756,0.7778378755817343,6-mer
CGATGT,0.3222395911729055,0.2534483570045959,6-mer
CGATGC,0.0023322285113998153,0.08607973136513512,6-mer
CGATGG,0.12059624682604797,0.6832233707598679,6-mer
CGACAA,0.3457054781704882,-0.09158266939404906,6-mer
CGACAT,0.8113129356262875,0.09936674959534533,6-mer
CGACAC,0.22382627440218675,-0.30477651150264956,6-mer
CGACAG,0.5096352500140913,-0.027926096674250358,6-mer
CGACTA,0.48494800372048,0.009915468865082709,6-mer
CGACTT,0.543085860572171,0.3625700793847083,6-mer
CGACTC,0.0101598662202217,-0.04098156200647829,6-mer
CGACTG,-0.3633360131021475,-0.5592944352012429,6-mer
CGACCA,0.35584244919036895,0.7107101827214031,6-mer
CGACCT,0.20737290411150808,0.015177527903497804,6-mer
CGACCC,-0.21897013330241955,-0.41115727856148954,6-mer
CGACCG,0.22060557295044345,0.22996258422814492,Inverted repeat
CGACGA,-0.16916748236957158,-0.36556611728237254,6-mer
CGACGT,0.0686982696283214,-0.5184083381096328,6-mer
CGACGC,-0.36581804636788934,-0.6135861569713116,6-mer
CGACGG,-0.023522722853423512,-0.45010716580609506,6-mer
CGAGAA,-0.1467152620852874,-0.36257007938470814,6-mer
CGAGAT,-0.14970913835339744,0.21207299125821608,6-mer
CGAGAC,-0.2756030793368493,-0.5898037637906554,6-mer
CGAGAG,0.016014409094971295,-0.13671795605239326,6-mer
CGAGTA,0.29861492689243513,0.5136773671251689,6-mer
CGAGTT,0.14703885098088604,0.27444339679001306,6-mer
CGAGTC,-0.03981931811338518,-0.25381587580441517,6-mer
CGAGTG,-0.002016345598504573,0.1959911058223874,6-mer
CGAGCA,0.23710008463930782,0.1740855915233231,6-mer
CGAGCT,-0.18633080759720316,0.13238998394651488,6-mer
CGAGCC,-0.26179123898316176,-0.09806231409087356,6-mer
CGAGCG,-0.1886196882385093,0.05474296459443193,Inverted repeat
CGAGGA,0.01831802935356861,-0.523362812562889,6-mer
CGAGGT,-0.31145592728534904,-0.2653898268319235,6-mer
CGAGGC,-0.6318634756901843,-0.7301604162610918,6-mer
CGAGGG,-0.4386326156913005,-0.9905227216964763,6-mer
CGTAAA,0.3269981464897206,0.4082670108943822,6-mer
CGTAAT,0.09859057358859338,0.04117496323267026,6-mer
CGTAAC,0.11066970118890339,0.11656537395023127,6-mer
CGTAAG,-0.1778142730166008,-0.07695201566384816,6-mer
CGTATA,-0.9036810391326283,-1.0210616155278296,6-mer
CGTATT,0.7205844525827503,0.581634031348293,6-mer
CGTATC,-0.03430612203732034,0.2990536286347756,6-mer
CGTATG,-0.34539420003850374,-0.4199794494433964,6-mer
CGTACA,-0.2016338611696504,-0.24792751344358546,Inverted repeat
CGTACT,0.2635114086620406,0.5529947720625203,Inverted repeat
CGTACC,-0.09040466179878599,0.5044725828607883,Inverted repeat
CGTACG,-0.5585816251860781,-0.40397460404498553,Palindromes
CGTAGA,0.09706280259879689,-0.1601344982495027,6-mer
CGTAGT,0.17428454082105635,0.06907838273905058,6-mer
CGTAGC,-0.038563027890407074,-0.09134525616113716,6-mer
CGTAGG,-0.17502696639613793,-0.5981269599196039,6-mer
CGTTAA,0.2934663020477543,0.007136181281628714,6-mer
CGTTAT,0.6179250072679092,0.7310842364861962,6-mer
CGTTAC,0.41964570090900777,0.46617634827064475,6-mer
CGTTAG,0.5299848984626051,0.41431452505129146,6-mer
CGTTTA,0.14597211106641464,0.17381681669931023,6-mer
CGTTTT,0.2829097734166028,0.18215169331419254,6-mer
CGTTTC,0.24931638651918583,0.3219280948873623,6-mer
CGTTTG,0.21295278478221996,0.26720822326184795,6-mer
CGTTCA,-0.16070959113804764,-0.17467054702513865,6-mer
CGTTCT,-0.05237373535623513,-0.5188415044665619,6-mer
CGTTCC,-0.30149410697831563,-0.8644224544680612,6-mer
CGTTCG,-0.5995169246981695,-0.7422022425323533,Inverted repeat
CGTTGA,-0.17713929924890207,0.11319507345728054,6-mer
CGTTGT,-0.04648178840479802,-0.206583077141384,6-mer
CGTTGC,0.06811940819067093,0.023542880322519343,6-mer
CGTTGG,0.0920910384266726,0.34482849699744117,6-mer
CGTCAA,0.024830933832011456,-0.1855711027953576,6-mer
CGTCAT,0.26164604603549024,-0.12661520760719852,6-mer
CGTCAC,0.4556458353046627,0.2559984151866642,6-mer
CGTCAG,0.20247329675840176,0.04687218305309132,6-mer
CGTCTA,-0.021724771154715824,-0.6510374780648214,6-mer
CGTCTT,-0.201412197953283,-0.8585045643733435,6-mer
CGTCTC,0.060350889990070794,-0.4923315228108919,6-mer
CGTCTG,-0.27209848826203037,-0.8752698367050539,6-mer
CGTCCA,-0.08974098109875317,-0.6613655723802376,6-mer
CGTCCT,-0.057844074572284465,-1.0478285250906152,6-mer
CGTCCC,0.17297286729217332,-1.0045582819623042,6-mer
CGTCCG,-0.04936120227247773,-0.8350850984992,Inverted repeat
CGTCGA,0.04756568325205582,-0.3235759477688445,6-mer
CGTCGT,0.018511176697532626,-0.4764680997765918,6-mer
CGTCGC,-0.2599284949659721,-0.6007238766173068,6-mer
CGTCGG,0.030447616335230996,-0.48699924698899527,6-mer
CGTGAA,-0.14860123263326563,-0.1582382158221839,6-mer
CGTGAT,0.16537031718287892,0.6070194215943532,6-mer
CGTGAC,0.14115407976205563,-0.09269382177564818,6-mer
CGTGAG,-0.18451943015848382,-0.10645094163064257,6-mer
CGTGTA,-0.5210507369009632,-0.8901223822276266,6-mer
CGTGTT,0.12478162471002553,-0.2634621879098381,6-mer
CGTGTC,-0.27206821769885525,-1.034119378318019,6-mer
CGTGTG,-0.6799184368390419,-0.8656432304989692,6-mer
CGTGCA,-0.7884958948062882,-1.2478426714875561,6-mer
CGTGCT,-0.24918631279950718,-0.509114051954108,6-mer
CGTGCC,-0.39393799735437107,-0.6563471339579215,6-mer
CGTGCG,-0.6939814853379431,-0.8744691179161412,Inverted repeat
CGTGGA,-0.24500799420394273,-0.3299579581451899,6-mer
CGTGGT,-0.038139732613102224,0.48487907229146415,6-mer
CGTGGC,-0.15205416139220257,0.43305533433760574,6-mer
CGTGGG,-0.15851845260004713,-0.4967532448430317,6-mer
CGCAAA,-0.22199346432393477,-0.27766370845835114,6-mer
CGCAAT,0.03992618441275924,-0.21322290539536284,6-mer
CGCAAC,-0.26958108270009157,-0.3880120012221317,6-mer
CGCAAG,-0.22650852980867964,-0.2604184576267823,6-mer
CGCATA,-0.29147838384794406,-0.563019947840479,6-mer
CGCATT,0.1748946758049773,-0.4373622139774951,6-mer
CGCATC,0.2854277480915366,0.4129925732938193,6-mer
CGCATG,-0.39126988681077396,-0.9050574377495638,6-mer
CGCACA,-0.24461677220406047,-0.545900686196557,6-mer
CGCACT,-0.012320719366272067,-0.0086758311075922,6-mer
CGCACC,-0.17818392428373372,0.2221112216394483,6-mer
CGCACG,-0.5738647918378256,-0.8759337830580733,Inverted repeat
CGCAGA,0.13924761058823878,-0.13365348280885433,6-mer
CGCAGT,0.24825311912006282,0.19320070862166483,6-mer
CGCAGC,0.2395954928689655,0.26492953539542347,6-mer
CGCAGG,0.19962602617577951,-0.3014437201237541,6-mer
CGCTAA,0.40893299775530817,0.16172152050065888,6-mer
CGCTAT,0.3617727668445441,0.22772709823862328,6-mer
CGCTAC,0.16270196479985002,0.2688933325654942,6-mer
CGCTAG,-0.43177151503864497,-0.7768559792504137,6-mer
CGCTTA,-0.16130109493212655,0.12254349297138589,6-mer
CGCTTT,0.181583328660016,0.5281702422503232,6-mer
CGCTTC,0.4124749852110221,0.5989745910938807,6-mer
CGCTTG,-0.04427681130551394,0.3128258877801099,6-mer
CGCTCA,-0.005571602544970763,0.39402751090630556,6-mer
CGCTCT,0.30123426584972385,0.4420045468791131,6-mer
CGCTCC,-0.25040191940805645,-0.3388372299115561,6-mer
CGCTCG,-0.19126252389227702,0.1451192354471549,Inverted repeat
CGCTGA,-0.02393531877962272,0.4585677631010161,6-mer
CGCTGT,0.33641667467171094,0.2805253958768,6-mer
CGCTGC,0.30236522009726696,0.4827665891438713,6-mer
CGCTGG,-0.15007097529335006,0.4358140687085897,6-mer
CGCCAA,0.31693510572063016,0.7569006322192587,6-mer
CGCCAT,0.4654497115773211,0.7176531743778813,6-mer
CGCCAC,0.16977218167193622,0.7634752241846829,6-mer
CGCCAG,0.1641016658642885,0.6074960740807965,6-mer
CGCCTA,0.3586981643864663,-0.06676901221270092,6-mer
CGCCTT,0.3986699616731616,0.19306150024024699,6-mer
CGCCTC,0.25936675712298723,0.513952525351531,6-mer
CGCCTG,-0.2552671046292034,-0.4033401243755443,6-mer
CGCCCA,0.10862062939493859,0.12421993693151176,6-mer
CGCCCT,0.01514533913942496,-0.2441668737054894,6-mer
CGCCCC,-0.05630513225559657,-0.12942117745207637,6-mer
CGCCCG,0.013016885666834503,-0.1274279172564566,Inverted repeat
CGCCGA,0.17063938374999618,0.4465509934049111,6-mer
CGCCGT,0.3586497100133654,0.3131150250810531,6-mer
CGCCGC,0.22465789975737718,0.6489525049817816,6-mer
CGCCGG,-1.1387580412558447,-0.7761039880731643,6-mer
CGCGAA,-0.3520434257954333,-0.3629850344579332,6-mer
CGCGAT,0.016991437122771423,0.5167216394083349,6-mer
CGCGAC,0.14559110493081606,-0.07544846238340751,6-mer
CGCGAG,-0.11820203220535995,-0.004300137433625364,6-mer
CGCGTA,0.06062043377303645,0.16658928887905583,6-mer
CGCGTT,0.06300412299699429,0.14519791553993572,6-mer
CGCGTC,-0.598207007230647,-0.9027254680936425,6-mer
CGCGTG,-0.43114080746276157,-0.15643160204861853,6-mer
CGCGCA,-0.3582361891865154,-0.40599235967583663,Inverted repeat
CGCGCT,-0.18966811547119003,0.21325878193748773,Inverted repeat
CGCGCC,-0.33108197624946667,0.03361688985570364,Inverted repeat
CGCGCG,-0.9258339813631185,-0.44658128147972576,Palindromes
CGCGGA,-0.16160319260552694,-0.5276925541472516,6-mer
CGCGGT,0.021770096193118375,0.6964865248111358,6-mer
CGCGGC,-0.04162899846807793,0.30188428958262836,6-mer
CGCGGG,-0.5373171284860478,-0.7799356331317642,6-mer
CGGAAA,0.27980261921468574,-0.27328030278040155,6-mer
CGGAAT,0.21035005562710907,-0.667115277928392,6-mer
CGGAAC,-0.3278485081389331,-0.865423978313134,6-mer
CGGAAG,0.05850213116247174,-0.40584196144365586,6-mer
CGGATA,0.8152663130436087,0.4593558488286672,6-mer
CGGATT,0.37151903611219117,0.1089781619051391,6-mer
CGGATC,0.04347374576902366,0.38449937323653277,6-mer
CGGATG,0.05408139857275993,-0.11621076010302737,6-mer
CGGACA,0.26475438650012834,-0.7713980442811946,6-mer
CGGACT,0.020974129093741443,-0.7156314524873301,6-mer
CGGACC,-2.0617761975866897,-2.445799753049531,6-mer
CGGACG,-0.08766731932323348,-0.7622352708461787,Inverted repeat
CGGAGA,0.04827194520387424,-0.359497245335085,6-mer
CGGAGT,-0.5247941924569489,-0.792732887692759,6-mer
CGGAGC,-0.2759502937190793,-0.4588069401079925,6-mer
CGGAGG,-0.5967259500369942,-1.200724504038447,6-mer
CGGTAA,0.23214999530118496,0.8513616509156334,6-mer
CGGTAT,0.5754827961651701,1.0135624504410616,6-mer
CGGTAC,0.04672028377469803,0.5961869383834101,6-mer
CGGTAG,0.3104839976517674,0.7471613612720948,6-mer
CGGTTA,0.25283015455725166,0.4626904748702598,6-mer
CGGTTT,0.28227673355321126,0.7536867698080593,6-mer
CGGTTC,-0.6765929761867244,-0.3341543972206218,6-mer
CGGTTG,-0.33080195116823646,0.3768713949856692,6-mer
CGGTCA,0.3007769760409842,0.4597065486125721,6-mer
CGGTCT,-0.49882816364152405,-0.6338449315481333,6-mer
CGGTCC,-1.5484366246960422,-1.9434868452850642,6-mer
CGGTCG,-0.030035802652690145,0.08591390298727757,Inverted repeat
CGGTGA,0.43574468782027276,1.0435077982221073,6-mer
CGGTGT,0.290130868938977,0.3088245076131822,6-mer
CGGTGC,-0.25481389902882523,-0.062240579423798535,6-mer
CGGTGG,0.08829238809370557,1.0338794819002386,6-mer
CGGCAA,0.28760181755085296,0.12215200904547453,6-mer
CGGCAT,0.3743161214985409,0.1022500582479504,6-mer
CGGCAC,-0.08812599687722579,-0.1359776695189748,6-mer
CGGCAG,0.2188683985860043,0.07913690896095207,6-mer
CGGCTA,0.04282128255659314,0.08926733809708721,6-mer
CGGCTT,0.1460478994243717,0.486376280999106,6-mer
CGGCTC,-0.1345925158194174,0.23754333255351875,6-mer
CGGCTG,-0.4029646669782689,-0.03886452198424726,6-mer
CGGCCA,-0.11989556902178501,0.3811786952628078,Inverted repeat
CGGCCT,-0.3024219986839397,-0.5182914610758684,Inverted repeat
CGGCCC,-1.4549019601567834,-1.6151771137681639,Inverted repeat
CGGCCG,-1.113982528425701,-0.8759372964663756,Palindromes
CGGCGA,0.31036729879670333,0.5444002429537296,6-mer
CGGCGT,0.23772043335938112,0.2874397185020717,6-mer
CGGCGC,-0.1346845792979442,0.14839522650472298,6-mer
CGGCGG,0.1751323333087042,0.33268744095886393,6-mer
CGGGAA,-0.09137435302073386,-0.8376374889936468,6-mer
CGGGAT,0.028070765586668198,-0.16512647187293555,6-mer
CGGGAC,-0.4919108607404403,-1.0067169162145806,6-mer
CGGGAG,-0.33199177823206,-0.7320977867951485,6-mer
CGGGTA,0.4182293037685534,0.6402895747545324,6-mer
CGGGTT,0.07417676695304995,0.027151606259966873,6-mer
CGGGTC,-0.5260688116675875,-0.8829842061145182,6-mer
CGGGTG,-0.30508903266095744,-0.2922397562188207,6-mer
CGGGCA,0.2975439362604031,-0.4266307197083023,6-mer
CGGGCT,0.014029559904058058,-0.3565346609182936,6-mer
CGGGCC,-1.7711071559207514,-2.05200142869289,6-mer
CGGGCG,0.3818179639779868,0.4712042100396447,Inverted repeat
CGGGGA,0.361588987853605,-0.436840230170078,6-mer
CGGGGT,-0.6931308055944915,-0.8928107539056503,6-mer
CGGGGC,-0.8402374830968419,-1.0562851734814476,6-mer
CGGGGG,-0.3316944017340233,-0.9008323139631043,6-mer
GAAAAA,0.32476598213473623,0.3094641293213065,6-mer
GAAAAT,0.43006110560738037,0.17488496394594302,6-mer
GAAAAC,0.160683357809382,0.0947457758358494,6-mer
GAAAAG,-0.2508876479335055,-0.21603692629662424,6-mer
GAAATA,0.3309110882007178,0.034945879107923974,6-mer
GAAATT,0.25162194102042557,-0.19877986411449738,6-mer
GAAATC,0.3227508465725572,0.28567845297806466,Inverted repeat
GAAATG,0.0033382854252223064,-0.37268814665685596,6-mer
GAAACA,-0.048622242663684506,-0.27457228566149666,6-mer
GAAACT,-0.23769155771933048,-0.11409796775380604,6-mer
GAAACC,-0.07469635382132483,0.34184682091330587,6-mer
GAAACG,-0.06290819245339561,-0.09017194008193548,6-mer
GAAAGA,-0.1338809354287508,0.00578235259400608,6-mer
GAAAGT,0.06149238634484963,0.24005400732563031,6-mer
GAAAGC,-0.08014680274433876,0.06624163491130441,6-mer
GAAAGG,-0.011128281386862992,-0.17417041879093642,6-mer
GAATAA,0.16465968522967026,0.058476302954638536,6-mer
GAATAT,0.44259062925998394,0.19703684705955357,6-mer
GAATAC,0.6726294778816752,0.4380588548058534,6-mer
GAATAG,-0.033276154874298525,-0.4286537697651244,6-mer
GAATTA,-0.20701026292801536,-0.6375195262201707,Inverted repeat
GAATTT,0.001384069904856998,-0.3739404185993823,Inverted repeat
GAATTC,-0.27374091167519643,-0.9078224323720602,Palindromes
GAATTG,-0.32226162743789166,-0.7059950147921902,Inverted repeat
GAATCA,-0.6456870212905939,-0.37992016136013756,6-mer
GAATCT,-0.5699029167876387,-0.6463434007112355,6-mer
GAATCC,-0.2253800410004962,-0.639193780599854,6-mer
GAATCG,0.04636291837059959,0.0017604578644373047,6-mer
GAATGA,-0.21538052398107468,-0.3297842387554553,6-mer
GAATGT,0.28645652083503464,-0.5015464925335187,6-mer
GAATGC,-0.05420834882014623,-0.8431570765211147,6-mer
GAATGG,0.2011937840468832,-0.06296549483295982,6-mer
GAACAA,0.05048726485260229,-0.2492021326542245,6-mer
GAACAT,0.1473486569643228,-0.4782749230343511,6-mer
GAACAC,0.013102865998967799,-0.5126810215807517,6-mer
GAACAG,0.2181801700495334,-0.06914872669629067,6-mer
GAACTA,-0.6712802809344331,-0.7910698384701147,6-mer
GAACTT,-0.4941424484324251,-0.6578478414166241,6-mer
GAACTC,-0.02827824227172623,-0.05817854792174743,Inverted repeat
GAACTG,-0.0022746477568028507,0.0447565782305176,6-mer
GAACCA,-0.6407050526481528,-0.0674208185294786,6-mer
GAACCT,-0.27356934543998407,-0.37789150932159965,6-mer
GAACCC,-0.38827058971605843,-0.5991414358909178,6-mer
GAACCG,-0.632110449077912,-0.4036572714279075,6-mer
GAACGA,-0.45029860376664005,-0.613423265175801,6-mer
GAACGT,0.0059703693165209445,-0.31667236943586696,6-mer
GAACGC,-0.3844025870979053,-0.6207996533819663,6-mer
GAACGG,-0.6935350225004422,-0.8847594257432108,6-mer
GAAGAA,0.5425513290467803,0.22404027421793002,6-mer
GAAGAT,0.13229176681730487,0.2130027065193322,6-mer
GAAGAC,-0.3237065340112639,-0.8913314699115711,6-mer
GAAGAG,0.8784466175943683,0.719419495658393,6-mer
GAAGTA,0.0011797970189091416,0.14154115462642536,6-mer
GAAGTT,-0.42976950283313853,-0.51355042808463,6-mer
GAAGTC,0.21390822396367148,-0.21412480535284747,Inverted repeat
GAAGTG,0.6342664998404441,0.5830654655485588,6-mer
GAAGCA,-0.4300457117426725,-0.6017991637157785,6-mer
GAAGCT,-0.5192266744235584,-0.20674527498724982,6-mer
GAAGCC,-0.020809111937543968,0.034856227944862476,6-mer
GAAGCG,0.23379893307669575,0.3344051000553766,6-mer
GAAGGA,-0.06815345756261172,-0.6307661903342808,6-mer
GAAGGT,0.2891720016209719,0.34013651968831016,6-mer
GAAGGC,0.470868216003653,0.08189305991923024,6-mer
GAAGGG,0.6098710756350173,0.14415264347806753,6-mer
GATAAA,0.4768879410505641,0.8056688852264112,6-mer
GATAAT,0.021404971513355055,0.22484218626559802,6-mer
GATAAC,0.5187854241166725,0.8063483161083106,6-mer
GATAAG,0.4107935820599785,0.5961501813536146,6-mer
GATATA,-0.3513119016684567,-0.07260374895683998,Inverted repeat
GATATT,0.7328811160947235,0.7877630840158265,Inverted repeat
GATATC,0.08213262728946906,0.5725541969527542,Palindromes
GATATG,-0.05387738708265813,0.03978941180974091,Inverted repeat
GATACA,-0.3163326319938428,-0.20571888997038937,6-mer
GATACT,-0.1143287272113019,0.24173325410106192,6-mer
GATACC,0.1974927919278325,0.8891609059901814,6-mer
GATACG,-0.06127106622225175,0.1225239239352374,6-mer
GATAGA,0.420284536125532,0.5792937506344641,6-mer
GATAGT,0.2614922410253882,0.26524500966165787,6-mer
GATAGC,0.26223629736232157,0.45618430504717894,6-mer
GATAGG,0.4305089080412836,0.2938774048614416,6-mer
GATTAA,-0.01256560707407314,0.09001016573259482,6-mer
GATTAT,-0.21561647707721232,0.01966998014013328,6-mer
GATTAC,-0.0908687197970819,0.2835078765735417,6-mer
GATTAG,-0.5162694634906567,-0.6224204295431658,6-mer
GATTTA,-0.06651791767650501,0.2489965724335111,6-mer
GATTTT,0.27858780686933077,0.40876567402438996,6-mer
GATTTC,0.05393707445701804,0.2196682517089424,Inverted repeat
GATTTG,-0.2352046946296832,0.04355636598673967,6-mer
GATTCA,-0.2508675899469252,0.009200441056945447,6-mer
GATTCT,-0.21468859057389073,-0.413962751686308,6-mer
GATTCC,-0.39175124622714663,-0.6473349483258519,6-mer
GATTCG,-0.17770984614495483,-0.2491125713365336,6-mer
GATTGA,0.40797932823068533,0.8867075811413082,6-mer
GATTGT,-0.09383249940664698,-0.2607713543252247,6-mer
GATTGC,-0.03656796103090406,0.05444778402237649,6-mer
GATTGG,0.272106206467818,0.8161035707656138,6-mer
GATCAA,-0.29069843472735657,0.6339515732070193,6-mer
GATCAT,-0.27876333529805514,0.4398737368236748,6-mer
GATCAC,-0.1386564281193235,0.8501127517942328,6-mer
GATCAG,-0.41514762446807985,0.5572486590820525,6-mer
GATCTA,-0.6921957240461838,-0.34075976961773424,6-mer
GATCTT,-0.3866222420091234,0.30301963233729795,6-mer
GATCTC,-0.2186645250996953,0.37074822313404693,Inverted repeat
GATCTG,-0.2618153985446325,0.41666858485777214,6-mer
GATCCA,-0.46596183769473337,0.16175106999661207,6-mer
GATCCT,-0.20933035799440453,-0.045220392746934714,6-mer
GATCCC,-0.008638918273872481,0.132103536007345,6-mer
GATCCG,0.055216802336480554,0.3771382818450366,6-mer
GATCGA,-0.5288116176450305,0.18394598594780434,6-mer
GATCGT,-0.5123938747705109,0.003034060089633333,6-mer
GATCGC,-0.069701402085998,0.7048942027015945,6-mer
GATCGG,-0.2417043429694109,0.5152743611987928,6-mer
GATGAA,0.3911696971590697,0.7295590026978479,6-mer
GATGAT,0.0221913689456944,0.7856147568739228,6-mer
GATGAC,0.20382062142275428,0.35935926236324295,6-mer
GATGAG,0.23017315761299617,0.6391457718887533,6-mer
GATGTA,0.0642119032171021,0.19670519799795458,6-mer
GATGTT,0.23217344212903335,0.1866071092404087,6-mer
GATGTC,0.4873517040947341,0.03585830161086627,Inverted repeat
GATGTG,0.2969316232982932,0.21023251800985296,6-mer
GATGCA,-0.11286563563762363,-0.33287108286959677,6-mer
GATGCT,0.014159722211811249,0.14235550472521766,6-mer
GATGCC,0.25939603732096567,0.28107107822840793,6-mer
GATGCG,0.13267724479605544,0.14972034765092962,6-mer
GATGGA,0.11779846079966264,0.3975566942291845,6-mer
GATGGT,0.007726977026218899,0.9000462145664638,6-mer
GATGGC,0.11034491985809462,0.6618808605705229,6-mer
GATGGG,-0.03616278891770348,0.26091435395942436,6-mer
GACAAA,0.028428408326517534,-0.26900180430077536,6-mer
GACAAT,0.2690762126216274,-0.38599061896052905,6-mer
GACAAC,-0.07303703605765771,-0.46724238730363,6-mer
GACAAG,-0.2887115248403943,-0.707189319431781,6-mer
GACATA,-0.07173575359891445,-0.7756024427731751,6-mer
GACATT,0.5876202141670683,-0.3329610348626982,6-mer
GACATC,0.4750691330888921,0.05438680918916897,Inverted repeat
GACATG,0.019601453450088274,-0.8853574340588773,6-mer
GACACA,-0.14076508137318247,-0.9712541804510207,6-mer
GACACT,0.22415287920088522,-0.2854430936208148,6-mer
GACACC,0.21447144039557434,0.016802355564535517,6-mer
GACACG,-0.4929934268973851,-1.1639012138145424,6-mer
GACAGA,0.1730647089728795,-0.4761965011167028,6-mer
GACAGT,0.26377207428442434,-0.16700751806001812,6-mer
GACAGC,0.028592421659281376,-0.35624580711745857,6-mer
GACAGG,0.38308073250718244,-0.32970544547908165,6-mer
GACTAA,0.1200463266733885,-0.20963471124428368,6-mer
GACTAT,0.24633935392531475,-0.12405799268498331,6-mer
GACTAC,0.15611920191728182,-0.24736494956791005,6-mer
GACTAG,-0.6803528463638759,-1.2005133212757353,6-mer
GACTTA,0.23551334306988916,-0.04730571477835657,6-mer
GACTTT,0.12381333397681082,0.005815651575920793,6-mer
GACTTC,0.11834092608351499,-0.3727500539312611,Inverted repeat
GACTTG,-0.03357046748500192,-0.10987761777237347,6-mer
GACTCA,-0.016179927055434497,0.10604163741032457,6-mer
GACTCT,0.1728559555300482,-0.2155060357512079,6-mer
GACTCC,-0.40987579416306497,-0.870192652669146,6-mer
GACTCG,0.15561563880831247,0.055922444626080405,6-mer
GACTGA,-0.25733204646961044,-0.10757988719981469,6-mer
GACTGT,0.25733204646961044,0.1455015275030948,6-mer
GACTGC,-0.43667341322629843,-0.8101339519773766,6-mer
GACTGG,-0.21964181032041336,0.14973648647310497,6-mer
GACCAA,0.1217990236013607,0.4613311515527786,6-mer
GACCAT,0.011576053589392723,0.07958161370707655,6-mer
GACCAC,-0.024749970506716873,0.3211800030682205,6-mer
GACCAG,-0.6139997022018612,-0.3182241261239435,6-mer
GACCTA,-0.19503917480840163,-0.605947525850492,6-mer
GACCTT,0.24053976804670732,0.008808457617259216,6-mer
GACCTC,-0.21073989839158083,-0.3965907450670658,Inverted repeat
GACCTG,-0.7025860538321197,-0.7945576475934897,6-mer
GACCCA,-0.3108729063783667,-0.5030854936667484,6-mer
GACCCT,-0.12595266107849837,-0.7138771832565578,6-mer
GACCCC,-1.0,-1.1944177937594036,6-mer
GACCCG,-0.39047842311497905,-0.7253143867801214,6-mer
GACCGA,0.09036402765266403,0.09425361624350463,6-mer
GACCGT,0.10180804762361273,-0.159332332512468,6-mer
GACCGC,-0.10888164532551058,0.051914769038540226,6-mer
GACCGG,-0.9357291334919818,-0.9066470822243824,6-mer
GACGAA,-0.006220437900540684,-0.4661763482706448,6-mer
GACGAT,0.3386653355592106,0.2791304070748881,6-mer
GACGAC,0.3343651981255851,-0.3902341082782712,6-mer
GACGAG,-0.09010065451914305,-0.4272810950335909,6-mer
GACGTA,-0.08708561676371131,-0.4824222546697172,Inverted repeat
GACGTT,0.2998515882790573,-0.30053819286228034,Inverted repeat
GACGTC,-0.22575338975433437,-1.0061261027968418,Palindromes
GACGTG,-0.1862800632162971,-0.6981862611870661,Inverted repeat
GACGCA,-0.06509502822188477,-0.6179775579491192,6-mer
GACGCT,0.07080701059706894,-0.1588174336737504,6-mer
GACGCC,-0.3269065890001789,-0.7412565959640116,6-mer
GACGCG,-0.417494545074366,-0.8739336957385762,6-mer
GACGGA,0.7274485308981979,-0.19182513188969738,6-mer
GACGGT,0.09935801268733323,-0.009415426743860483,6-mer
GACGGC,-0.002402490215304543,-0.3182541386363669,6-mer
GACGGG,-0.10410840334073852,-0.8054800744371671,6-mer
GAGAAA,0.3593765085380007,0.2768644892703354,6-mer
GAGAAT,-0.09167744889834963,-0.4485364501222468,6-mer
GAGAAC,-0.3519055472171044,-0.6726516293283846,6-mer
GAGAAG,-0.1709203067876799,-0.24090138734420719,6-mer
GAGATA,0.2240342156688001,0.5388770622464996,6-mer
GAGATT,-0.029273474103902807,0.08199076824499532,6-mer
GAGATC,-0.10240100724530372,0.564432211899661,Inverted repeat
GAGATG,-0.2138250868432229,-0.024946357130230704,6-mer
GAGACA,-0.351925233977803,-0.9314561409127121,6-mer
GAGACT,-0.21363459296590565,-0.33681233197334154,6-mer
GAGACC,-1.0857645537783138,-1.3536369546147005,6-mer
GAGACG,-0.10071893795260611,-0.5157649903621301,6-mer
GAGAGA,0.1387845909120049,0.30023302378804345,6-mer
GAGAGT,0.18729874362929594,0.29571821556451355,6-mer
GAGAGC,-0.08729138780181735,0.030373649043518604,6-mer
GAGAGG,-0.19135638197382335,-0.35440875885452755,6-mer
GAGTAA,0.31047005021875473,0.6166713604484944,6-mer
GAGTAT,0.17345151270908502,0.48494800372048,6-mer
GAGTAC,0.07966352683929953,0.4616875925776653,6-mer
GAGTAG,-0.03821115824258369,0.010492373817642373,6-mer
GAGTTA,0.2309930617302177,0.2794210850731745,6-mer
GAGTTT,0.47196643231190494,0.8348920148554636,6-mer
GAGTTC,-0.06844535191896857,-0.06260731599413726,Inverted repeat
GAGTTG,-0.07548238246103157,0.19564180915195412,6-mer
GAGTCA,0.1932711118167839,0.1982838868440767,6-mer
GAGTCT,-0.2386669896156388,-0.41055502912894903,6-mer
GAGTCC,-0.23513716005647467,-0.6345702664760511,6-mer
GAGTCG,0.1158355471086323,0.005058289823028977,6-mer
GAGTGA,0.177791218135902,0.6570660469923354,6-mer
GAGTGT,0.048615263023863,-0.09944536117548085,6-mer
GAGTGC,-0.20271760487959473,-0.3131726699250183,6-mer
GAGTGG,0.13261643813713872,0.5256566719587745,6-mer
GAGCAA,0.5427279252782848,0.4437342889103551,6-mer
GAGCAT,0.2545808240870077,-0.02250013671142838,6-mer
GAGCAC,-0.2461813363657068,-0.2543521627339928,6-mer
GAGCAG,0.6473943068336349,0.5568756132926698,6-mer
GAGCTA,-0.0434222802911285,-0.09984423842020938,Inverted repeat
GAGCTT,-0.02043540220579025,0.30221368231062423,Inverted repeat
GAGCTC,-0.5111745963678934,-0.20342491669563853,Palindromes
GAGCTG,0.3203085188554794,0.6671275732051342,Inverted repeat
GAGCCA,-0.21412480535284747,0.2238653107353233,6-mer
GAGCCT,-0.06287157036720997,-0.08017034868398323,6-mer
GAGCCC,-0.5756246361418198,-0.6091621955924864,6-mer
GAGCCG,0.19898291269882487,0.5797038279896463,6-mer
GAGCGA,-0.08772801817248814,0.18038489481487224,6-mer
GAGCGT,0.1544666074539163,0.2286339309334987,6-mer
GAGCGC,-0.04565006112840546,0.1770070995749444,6-mer
GAGCGG,-0.26500934801885156,-0.08730711832494781,6-mer
GAGGAA,0.3917821469785407,-0.29556221423383205,6-mer
GAGGAT,0.1760443045882736,-0.12153897020713714,6-mer
GAGGAC,-0.8308637567517578,-1.5409219397619456,6-mer
GAGGAG,-0.17535183917739008,-0.6304420190013791,6-mer
GAGGTA,-0.08790444718711143,0.22343823148799888,6-mer
GAGGTT,-0.4812343495285313,-0.2096062663806046,6-mer
GAGGTC,-0.6529392945371632,-0.7498625881806479,Inverted repeat
GAGGTG,-0.18605754220588558,-0.15683041467060033,6-mer
GAGGCA,-0.3660047546690284,-0.6640954616845303,6-mer
GAGGCT,-0.4494613298823691,-0.4016879456198241,6-mer
GAGGCC,-0.5159686541968775,-0.618693358033706,6-mer
GAGGCG,-0.17373416742676825,-0.28796674253592847,6-mer
GAGGGA,0.7558864560634344,0.6003545511381382,6-mer
GAGGGT,-0.40925514668483787,-0.4506614090095651,6-mer
GAGGGC,-0.43262748617930363,-1.088355874420847,6-mer
GAGGGG,-0.38717070584589985,-0.8737876370150004,6-mer
GTAAAA,0.20716913973982787,0.3433017456799293,6-mer
GTAAAT,0.1281812210408657,0.23857395847161755,6-mer
GTAAAC,0.0043167885230267185,0.4147635091458601,Inverted repeat
GTAAAG,0.3267689304714616,0.717247359551701,6-mer
GTAATA,0.2784429506976251,0.46754555331910125,6-mer
GTAATT,-0.3204774210186373,-0.4244529260227044,6-mer
GTAATC,-0.05249772829511742,0.455231797595279,6-mer
GTAATG,0.3847624560780374,0.24050374884636355,6-mer
GTAACA,-0.3660047546690284,-0.4270101409449199,6-mer
GTAACT,-0.12210160773118788,0.2600003457441605,6-mer
GTAACC,0.055628868853702725,0.6390276577578953,6-mer
GTAACG,0.11944683572513201,0.07218518540595859,6-mer
GTAAGA,-0.5747022793898479,-0.5605439481279396,6-mer
GTAAGT,-0.008504955027239944,0.4571791669059184,6-mer
GTAAGC,-0.025090980962830467,0.2304297404018661,6-mer
GTAAGG,0.17538602088300098,-0.03701484232055494,6-mer
GTATAA,-0.5362663956221588,-0.3762903833370514,Inverted repeat
GTATAT,-1.0252372914990229,-0.7129306623242891,Inverted repeat
GTATAC,-0.8306759962922232,-0.4062914568140261,Palindromes
GTATAG,-0.17029345886760439,-0.12479247200038084,Inverted repeat
GTATTA,-0.012975170785520925,0.0678153842275714,6-mer
GTATTT,0.2619855544310802,0.2814182577743712,6-mer
GTATTC,0.7451910345353627,0.49212802630494973,6-mer
GTATTG,0.7683759060685023,0.7888631730177249,6-mer
GTATCA,-0.3294667665074248,0.22594297966843505,6-mer
GTATCT,-0.03494519972887447,0.28647096107046044,6-mer
GTATCC,-0.055574297796432116,0.22614998542501924,6-mer
GTATCG,0.28623505580322284,0.8300749985576876,6-mer
GTATGA,-0.36067179616229506,-0.05302895558639853,6-mer
GTATGT,-0.28090556920676046,-0.5325940277109722,6-mer
GTATGC,-0.2503425239459951,-0.33133039601958003,6-mer
GTATGG,-0.011410400880823032,0.4625927289386404,6-mer
GTACAA,-0.15323502037000047,-0.1250125795667379,6-mer
GTACAT,-0.2341434270288052,-0.3341391788382367,6-mer
GTACAC,-0.11073661418714918,-0.056024813440044535,Inverted repeat
GTACAG,0.0762283000588454,0.1683975316957185,6-mer
GTACTA,-0.5076867872445183,-0.3111516112349646,6-mer
GTACTT,-0.19307782154636693,0.23595487177750946,6-mer
GTACTC,0.23955156728427857,0.4518828595581787,6-mer
GTACTG,0.26517799017213795,0.8431311513831341,6-mer
GTACCA,-0.7115600704993678,0.1613135660340895,6-mer
GTACCT,-0.1700507210224439,0.13238998394651488,6-mer
GTACCC,-0.22730019410058053,0.21061851168265497,6-mer
GTACCG,0.03699899938254641,0.8478725416532836,6-mer
GTACGA,-0.2951165855375686,-0.03192816428668537,6-mer
GTACGT,-0.25879118206645446,-0.07844909768534944,6-mer
GTACGC,0.039790843079669895,0.28379296600059134,6-mer
GTACGG,0.06905701849964195,0.36546339560408814,6-mer
GTAGAA,0.3990129536527076,0.08774718417036001,6-mer
GTAGAT,-0.037450684322234806,0.05188674166496827,6-mer
GTAGAC,-0.07685592339262837,-0.420914065615513,Inverted repeat
GTAGAG,0.5555878985876426,0.459333077259513,6-mer
GTAGTA,0.035293329994665876,0.28335439021338965,6-mer
GTAGTT,-0.30017354224684095,-0.0933714981411148,6-mer
GTAGTC,0.3599961357208819,0.09812472474320695,6-mer
GTAGTG,0.3219280948873623,0.368151111648008,6-mer
GTAGCA,-0.5593874663379356,-0.6253570883147169,6-mer
GTAGCT,-0.3104171691336721,-0.16635838642211992,6-mer
GTAGCC,0.17639533605019436,0.3254684525926107,6-mer
GTAGCG,0.2810605882124556,0.48049529798990503,6-mer
GTAGGA,-0.10983455160598296,-0.7042241929686062,6-mer
GTAGGT,-0.040907943580205997,0.2395322853308041,6-mer
GTAGGC,0.0017604578644373047,-0.05964294642740177,6-mer
GTAGGG,0.24100809950379493,-0.2346187236697073,6-mer
GTTAAA,0.018093157928128514,0.007819504459299114,Inverted repeat
GTTAAT,0.05120442346492072,-0.16816722475104026,Inverted repeat
GTTAAC,0.22905852011007946,0.050395383352627277,Palindromes
GTTAAG,-0.10630890214634059,-0.12891283195244604,Inverted repeat
GTTATA,-0.24177033236475587,-0.02641518671481148,6-mer
GTTATT,0.16099697094344856,0.3850966484013164,6-mer
GTTATC,0.37511433587214954,0.7319778794631543,6-mer
GTTATG,0.2740684561087705,0.4961761411385719,6-mer
GTTACA,-0.22468059793171813,-0.24821401826845496,6-mer
GTTACT,-0.052924422545860494,0.25800320617198674,6-mer
GTTACC,-0.15895798526882793,0.3637482705819895,6-mer
GTTACG,0.44319173369635906,0.5045544170047672,6-mer
GTTAGA,0.1864131242308813,-0.14536564152290526,6-mer
GTTAGT,-0.02046410255971556,-0.07400058144377682,6-mer
GTTAGC,0.23577722063698256,0.19431712183157124,6-mer
GTTAGG,-0.07686876338427057,-0.18192295732262953,6-mer
GTTTAA,-0.1327601864857773,0.023184787420799845,6-mer
GTTTAT,0.05002047682819364,0.3550148869457052,6-mer
GTTTAC,0.19470422082597738,0.509582102940031,Inverted repeat
GTTTAG,0.4370407257501414,0.6044116555128317,6-mer
GTTTTA,0.4059965584451626,0.40498633616904023,6-mer
GTTTTT,-0.015155723646145,0.12169064204235586,6-mer
GTTTTC,0.14749190957215133,0.070728825490538,6-mer
GTTTTG,0.2009656747761845,0.2653917511963399,6-mer
GTTTCA,-0.09517093638560252,0.26027443998662814,6-mer
GTTTCT,0.20298702216385484,0.12069128753634269,6-mer
GTTTCC,0.3320914243334359,0.16462213218113836,6-mer
GTTTCG,-0.37467196295281135,-0.24009759455663468,6-mer
GTTTGA,0.30028241170174275,0.6723826376589878,6-mer
GTTTGT,0.2215261979295248,0.06946748749422137,6-mer
GTTTGC,0.20096104080493685,0.06578439612717928,6-mer
GTTTGG,0.2752434635290113,0.773731100628029,6-mer
GTTCAA,-0.09738862399940486,0.08706773486428745,6-mer
GTTCAT,-0.01159527904173581,-0.07019901128392067,6-mer
GTTCAC,-0.1429905530679235,0.06768680751157452,Inverted repeat
GTTCAG,-0.17404951529349796,-0.12379505393656401,6-mer
GTTCTA,0.22023946609300732,-0.4959574946624113,6-mer
GTTCTT,-0.3971547944185221,-0.5105724753444194,6-mer
GTTCTC,-0.22867808877918724,-0.4668256957457312,6-mer
GTTCTG,-0.09257386296178627,-0.3303543727304369,6-mer
GTTCCA,-0.26180396222753327,-0.3661808213430101,6-mer
GTTCCT,-0.21842351913350233,-0.8848439575551124,6-mer
GTTCCC,-0.13550486948307658,-0.7626793371361674,6-mer
GTTCCG,-0.3430603333713639,-0.8497638327291378,6-mer
GTTCGA,-0.37984807081654387,-0.5763765080432869,6-mer
GTTCGT,-0.6525101986986065,-0.7495342676692618,6-mer
GTTCGC,-0.6257864667570064,-0.6670635809360498,6-mer
GTTCGG,-0.17779363279054167,-0.44887109435471895,6-mer
GTTGAA,-0.1928626261398778,0.025836242631082362,6-mer
GTTGAT,-0.12345878831165717,0.48971741163920285,6-mer
GTTGAC,-0.19128188879641725,-0.0684390808341681,Inverted repeat
GTTGAG,0.11434314956261582,0.45417246636079595,6-mer
GTTGTA,-0.0030164386335599885,0.0028315907831624795,6-mer
GTTGTT,-0.052445494270978485,0.14758345529004105,6-mer
GTTGTC,-0.0435171226828328,-0.36556012199051974,6-mer
GTTGTG,-0.14607425699927165,0.04053815987487744,6-mer
GTTGCA,-0.18531479502500153,-0.37368952257710386,6-mer
GTTGCT,-0.07933878548952839,-0.014081886989443734,6-mer
GTTGCC,0.11567432037001912,0.2632897726883217,6-mer
GTTGCG,-0.3783151912238956,-0.34588483608244414,6-mer
GTTGGA,0.014845945464955051,0.06795738410047486,6-mer
GTTGGT,-0.26154530020609074,0.5661810050671732,6-mer
GTTGGC,0.029653522090249504,0.5623280549187265,6-mer
GTTGGG,0.028907962473103507,0.26229237416467005,6-mer
GTCAAA,-0.24869009222925953,-0.2720456471287625,6-mer
GTCAAT,0.1040230645432283,-0.16607267594670586,6-mer
GTCAAC,0.25790723085548145,0.3816090050140723,Inverted repeat
GTCAAG,-0.6397728593563808,-0.6666418418317791,6-mer
GTCATA,0.03832273145840018,-0.1891622980568624,6-mer
GTCATT,0.2408928544631225,-0.016784584295563537,6-mer
GTCATC,0.2501374118193523,0.4062203898432037,6-mer
GTCATG,-0.052415894151138676,-0.43338680915773586,6-mer
GTCACA,-0.1051918154605464,-0.3986826241889879,6-mer
GTCACT,0.6329207120935691,0.5438706440567396,6-mer
GTCACC,0.45985600312068947,0.7084529064237932,6-mer
GTCACG,0.13498851491080224,-0.14693088276439117,6-mer
GTCAGA,-0.35447600040816285,-0.4703805331226187,6-mer
GTCAGT,0.39563496805632803,0.355268509161511,6-mer
GTCAGC,0.42823114432735626,0.6217301759659578,6-mer
GTCAGG,0.0603813323003906,-0.16463070177279912,6-mer
GTCTAA,-0.1319413191120767,-0.7033007900572358,6-mer
GTCTAT,0.2171211699386027,-0.257258667329635,6-mer
GTCTAC,0.05227074685983335,-0.47612241988015186,Inverted repeat
GTCTAG,-0.725457306987642,-1.423681593688095,6-mer
GTCTTA,-0.45709810411174717,-0.9823844570830288,6-mer
GTCTTT,-0.24968014472318936,-0.5558161550616396,6-mer
GTCTTC,-0.6184859676798675,-1.1916956241135315,6-mer
GTCTTG,-0.20907393647265898,-0.47804729680464425,6-mer
GTCTCA,-0.8229929004250556,-1.1154772174199359,6-mer
GTCTCT,0.4468033554916858,-0.030696797222916312,6-mer
GTCTCC,-0.43471025098721866,-1.112913944537955,6-mer
GTCTCG,-0.7608123361205739,-0.9349527028343764,6-mer
GTCTGA,-0.49071217492510516,-0.6780719051126377,6-mer
GTCTGT,0.06648978769432584,-0.6851392296218269,6-mer
GTCTGC,-0.3785116232537298,-0.903038270112912,6-mer
GTCTGG,-0.35093918154643067,-0.39282622018868507,6-mer
GTCCAA,-0.44317797964334515,-0.9213620148818554,6-mer
GTCCAT,-0.1901418851517755,-0.6523137025831648,6-mer
GTCCAC,-0.2582599005134465,-0.6662321979706678,Inverted repeat
GTCCAG,-0.40000468432136915,-0.8851078278572849,6-mer
GTCCTA,-0.27590420608483573,-1.0736060405749408,6-mer
GTCCTT,-0.3327874845237486,-1.207710934354554,6-mer
GTCCTC,-0.9552838145522778,-1.6425732238912514,6-mer
GTCCTG,-0.12882998034495252,-1.0150353283612799,6-mer
GTCCCA,0.15815532042664499,-0.022454850827695803,6-mer
GTCCCT,0.20209765911860042,-0.668746112840544,6-mer
GTCCCC,0.017073513358941264,-0.9486008474933555,6-mer
GTCCCG,-0.4506614090095651,-1.8426436720607433,6-mer
GTCCGA,-0.5346508641328893,-1.0537105867447676,6-mer
GTCCGT,-0.2664653112340672,-1.0671141958585368,6-mer
GTCCGC,-0.6934784058896118,-1.2447602343649025,6-mer
GTCCGG,-0.3189765038282503,-1.055041363557962,6-mer
GTCGAA,0.14255623095314074,-0.28047209817760216,Inverted repeat
GTCGAT,0.6422763583534716,0.6172953635035896,Inverted repeat
GTCGAC,0.111107245704948,-0.47445570934923875,Palindromes
GTCGAG,0.26069192913961475,0.03501678065645801,Inverted repeat
GTCGTA,0.15332849091161727,-0.05069196309491092,6-mer
GTCGTT,-0.03634605678618139,-0.3591040531768899,6-mer
GTCGTC,0.3050970716610849,-0.3493342522280142,6-mer
GTCGTG,0.052985652593664785,-0.34797725510561767,6-mer
GTCGCA,-0.12989033964005972,-0.5940935124732846,6-mer
GTCGCT,0.3257701611817566,0.24071481345035864,6-mer
GTCGCC,0.2577977574676467,0.05225623713142376,6-mer
GTCGCG,0.06008521707791982,-0.13643248061173902,6-mer
GTCGGA,0.22881869049588074,-0.38773015328310856,6-mer
GTCGGT,0.4774978033526046,0.6057210608879535,6-mer
GTCGGC,0.289128601984938,-0.009140653856468743,6-mer
GTCGGG,-0.10433665981473557,-0.8588852226976863,6-mer
GTGAAA,0.16324601951998358,0.2935687739819058,6-mer
GTGAAT,-0.1813726312606238,-0.10558587130461945,6-mer
GTGAAC,-0.1415541442140192,-0.04651132290712703,Inverted repeat
GTGAAG,0.2542972669585277,0.4006939050464341,6-mer
GTGATA,0.03594343958567766,0.38758752099382254,6-mer
GTGATT,0.2557752622024003,0.779350314982844,6-mer
GTGATC,-0.11260595966422747,0.805262205860536,6-mer
GTGATG,0.33285174392359895,0.9287301746501518,6-mer
GTGACA,0.46050332479594425,-0.050730802120929536,6-mer
GTGACT,0.12889441221779807,0.20020310302212183,6-mer
GTGACC,0.008638918273872337,0.24376607212901485,6-mer
GTGACG,0.34180937011323864,0.047202521398899105,6-mer
GTGAGA,-0.40599235967583697,-0.2589233241647937,6-mer
GTGAGT,0.28766961479750097,0.6512618447981386,6-mer
GTGAGC,-0.0006586145016865133,0.3564428453679956,6-mer
GTGAGG,-0.2446504300745398,-0.3035495655725078,6-mer
GTGTAA,0.06130329852876298,-0.17213433578049858,6-mer
GTGTAT,0.2521958815784424,0.05689133614242067,6-mer
GTGTAC,-0.046799772272421256,0.045087889528537865,Inverted repeat
GTGTAG,0.33257533908687087,-0.16864203555883903,6-mer
GTGTTA,0.20410042261860017,0.1092867579424178,6-mer
GTGTTT,0.4058318814483075,0.3158656717727665,6-mer
GTGTTC,0.10737173492491422,-0.44083667614617117,6-mer
GTGTTG,0.25775210617293864,0.22261003881040872,6-mer
GTGTCA,-0.11307914103760225,-0.42880565460653397,6-mer
GTGTCT,-0.0733166776429209,-0.8473802384366106,6-mer
GTGTCC,-0.307844827327841,-1.376319632392611,6-mer
GTGTCG,0.24663996758312529,-0.2816423385489137,6-mer
GTGTGA,-0.40328965685189233,-0.2803895992914265,6-mer
GTGTGT,-0.12246148886774894,-0.5012698969229226,6-mer
GTGTGC,-0.38162557879224346,-0.7989337543692248,6-mer
GTGTGG,0.09648946351562027,0.23053649599173956,6-mer
GTGCAA,-0.37416853145441664,-0.7960000270900283,Inverted repeat
GTGCAT,-0.40311696406176256,-0.9780109962269421,Inverted repeat
GTGCAC,-0.7707149854686572,-1.2583730284639307,Palindromes
GTGCAG,0.05918552581817003,-0.3363311600143363,Inverted repeat
GTGCTA,-0.3889347833841081,-0.7760313612745441,6-mer
GTGCTT,-0.286473318798622,-0.2693481797659961,6-mer
GTGCTC,-0.3048715443333533,-0.38387934311057037,6-mer
GTGCTG,0.2600856157609215,0.25222288699972145,6-mer
GTGCCA,-0.259719769014696,-0.17769704848585544,6-mer
GTGCCT,-0.036220187912753214,-0.4222330006830476,6-mer
GTGCCC,-0.5438624450845789,-1.0177838312358143,6-mer
GTGCCG,-0.02077194317560442,-0.11472886690213327,6-mer
GTGCGA,-0.30238430700178587,-0.48715047736438616,6-mer
GTGCGT,-0.08292699089512379,-0.3641786145506601,6-mer
GTGCGC,-0.26221909355389245,-0.2848859565411589,6-mer
GTGCGG,-0.15960481617838831,-0.18424280283167005,6-mer
GTGGAA,0.3428638576633475,0.27276594385156727,6-mer
GTGGAT,0.2063620989657589,0.5398439550151245,6-mer
GTGGAC,-0.7021460400914952,-0.9126684660362118,Inverted repeat
GTGGAG,-0.3034387233204978,-0.39771465071620155,6-mer
GTGGTA,0.002291811507989704,0.8485414225232517,6-mer
GTGGTT,0.014341370776058725,0.9062397067903997,6-mer
GTGGTC,0.010154099419151009,0.38624907585421875,6-mer
GTGGTG,0.4975472033433807,1.2299462365016063,6-mer
GTGGCA,0.07400058144377666,0.20619341426679852,6-mer
GTGGCT,-0.16867407355600644,0.45255144622237375,6-mer
GTGGCC,-0.5163797554991538,-0.07819473038019822,6-mer
GTGGCG,0.3724490476925778,0.9486087744109623,6-mer
GTGGGA,0.03320987873986256,-0.2737290066300302,6-mer
GTGGGT,0.17171049182653908,0.48025719518041093,6-mer
GTGGGC,-0.1824894486361116,-0.10229297531104423,6-mer
GTGGGG,-0.033364818798419876,-0.19134795533674523,6-mer
GCAAAA,0.047168223589756475,-0.15830549663982083,6-mer
GCAAAT,-0.2295692795363808,-0.5533261632064639,6-mer
GCAAAC,-0.0004288842247970313,0.006393409314976136,6-mer
GCAAAG,-0.165275360867317,-0.1581297795542336,6-mer
GCAATA,0.4563387199171955,-0.0017329672244554657,6-mer
GCAATT,-0.20568335273049348,-0.78236964207348,6-mer
GCAATC,0.10642568458560768,0.11049824097858817,6-mer
GCAATG,-0.12417941122072995,-0.6221862861564242,6-mer
GCAACA,0.19753328266368142,-0.2970935702474699,6-mer
GCAACT,-0.2298087823001387,-0.25240740132173023,6-mer
GCAACC,-0.22717596252016375,-0.1113289593963788,6-mer
GCAACG,-0.20127674370236484,-0.41207625476692183,6-mer
GCAAGA,0.16746574397759167,-0.03000570933997891,6-mer
GCAAGT,-0.07983782250728104,-0.14722319257004893,6-mer
GCAAGC,-0.13864851987423352,-0.05263634384970452,Inverted repeat
GCAAGG,0.3979282539774878,-0.06943749369385172,6-mer
GCATAA,0.051729947234640354,-0.16940501764108448,6-mer
GCATAT,-0.2609236592379864,-0.7339922778521186,6-mer
GCATAC,-0.28912081827815467,-0.4921768972604222,6-mer
GCATAG,0.10001283414427971,-0.4541240172741484,6-mer
GCATTA,0.5872084403021174,-0.08642331073276396,6-mer
GCATTT,-0.017340293379069054,-0.5368361223229038,6-mer
GCATTC,0.06260021438699932,-0.6454227113688225,6-mer
GCATTG,-0.041942881827050034,-0.5879083959615822,6-mer
GCATCA,0.22895379508384714,0.44639700044856173,6-mer
GCATCT,-0.24139543994683188,-0.37888904511092214,6-mer
GCATCC,0.09438208144179754,-0.2243606277002277,6-mer
GCATCG,0.07999932206521991,0.07794314305655618,6-mer
GCATGA,-0.13681548858505146,-0.5397387002136301,Inverted repeat
GCATGT,-0.18451943015848382,-1.2437798487538487,Inverted repeat
GCATGC,-0.5082495975551884,-1.2738142445870366,Palindromes
GCATGG,0.03161410454416482,-0.08643245674707291,Inverted repeat
GCACAA,0.04965942428056454,-0.343073903758911,6-mer
GCACAT,-0.16245157264434143,-0.6931308055944915,6-mer
GCACAC,-0.11775717557705713,-0.5612138979485471,6-mer
GCACAG,-0.14877106735874787,-0.49849731776517087,6-mer
GCACTA,0.19016692953881212,-0.17753818555218753,6-mer
GCACTT,-0.129604174896997,-0.16975354799379058,6-mer
GCACTC,-0.15468925015195617,-0.16194828071947942,6-mer
GCACTG,0.05065064791657857,-0.020969198761089956,6-mer
GCACCA,-0.1809434796867763,0.34599000534642055,6-mer
GCACCT,-0.2905875358149338,-0.38304444435664237,6-mer
GCACCC,-0.8312589285858135,-0.8764576710095949,6-mer
GCACCG,-0.2031981497028694,0.17147157479844943,6-mer
GCACGA,-0.27319752532018227,-0.5538347266344256,6-mer
GCACGT,-0.36805857160645905,-0.9035463507805648,6-mer
GCACGC,-0.3901934283013651,-0.5890786091933881,Inverted repeat
GCACGG,-0.3017227030095285,-0.6547120241580179,6-mer
GCAGAA,0.35711130442106626,-0.07134761091626174,6-mer
GCAGAT,0.15508060955528297,0.19611634157884733,6-mer
GCAGAC,-0.09681223235940807,-0.7595318457152338,6-mer
GCAGAG,0.3393059855707621,0.0696543838913527,6-mer
GCAGTA,0.39493860763789224,0.4686138274964751,6-mer
GCAGTT,0.3148217084926898,0.27257455146014686,6-mer
GCAGTC,-0.5504360734475243,-0.8803749420081791,6-mer
GCAGTG,0.2751854563046225,0.16661563405294263,6-mer
GCAGCA,0.571622913848717,0.3761527789880236,6-mer
GCAGCT,-0.3331263014922264,-0.09869043665478111,6-mer
GCAGCC,-0.339945537920028,-0.3713704843338485,6-mer
GCAGCG,0.34168017877041135,0.4058904060316907,6-mer
GCAGGA,0.559146208917019,-0.26447063794931275,6-mer
GCAGGT,0.03476541816067659,-0.0010264639642467222,6-mer
GCAGGC,0.02702021393370894,-0.35675916320576617,Inverted repeat
GCAGGG,0.34585393413284266,-0.3865393588208578,6-mer
GCTAAA,0.1848548054177908,0.09441729352932632,6-mer
GCTAAT,-0.3735339470993445,-0.7397599480421929,6-mer
GCTAAC,0.320347059067882,0.2001720760831451,6-mer
GCTAAG,-0.011203204292696564,-0.12746540411244744,6-mer
GCTATA,-0.25156487888709544,-0.488569954864222,6-mer
GCTATT,0.30167377055639066,0.13358937773357665,6-mer
GCTATC,0.13572427428731765,0.39286400169830776,6-mer
GCTATG,-0.05602008565626137,-0.25438482404555396,6-mer
GCTACA,-0.2755905777008868,-0.528586290877056,6-mer
GCTACT,-0.0172583065514513,0.32272274929516415,6-mer
GCTACC,-0.11095132042615573,0.22881869049588074,6-mer
GCTACG,-0.0018603420255275513,0.016119665363276914,6-mer
GCTAGA,-0.03421571533791289,-0.5269460966085087,Inverted repeat
GCTAGT,-0.7876963962871356,-1.069642398006275,Inverted repeat
GCTAGC,-0.860747822420474,-1.0948879479176006,Palindromes
GCTAGG,0.2898581939095037,-0.28941293265708457,Inverted repeat
GCTTAA,-0.1685115005166719,-0.016226802404975777,6-mer
GCTTAT,0.20686689149634477,0.3874855994847061,6-mer
GCTTAC,-0.20590429854787892,0.17766494345244807,6-mer
GCTTAG,0.11810953022793663,0.13577332761105218,6-mer
GCTTTA,0.2544849844174089,0.5608278654612099,6-mer
GCTTTT,-0.08764324491473409,0.15326584629668535,6-mer
GCTTTC,-0.07754438491578741,0.09749652827731561,6-mer
GCTTTG,0.017803949202307743,0.2761244052742375,6-mer
GCTTCA,0.045353070881786126,0.3418581975129385,6-mer
GCTTCT,0.1609362182150575,0.061065151185731956,6-mer
GCTTCC,-0.09055310882336506,-0.33204908374897435,6-mer
GCTTCG,-0.27571904150086135,-0.22389302621381055,6-mer
GCTTGA,-0.3028812206417077,0.1420589637429558,6-mer
GCTTGT,-0.047828525090615165,-0.06716277063138672,6-mer
GCTTGC,-0.16592043499764658,-0.036994207482201495,Inverted repeat
GCTTGG,0.04356128181575285,0.6864201523686296,6-mer
GCTCAA,0.31620148386040503,0.7341867264546135,6-mer
GCTCAT,0.0934678824752961,0.37503943134692463,6-mer
GCTCAC,0.05018032432195636,0.4874494112527334,6-mer
GCTCAG,0.1424928741625771,0.6128292941541001,6-mer
GCTCTA,0.5970353330217311,0.35385527777588865,6-mer
GCTCTT,0.20795949941906516,0.33168706134969084,6-mer
GCTCTC,0.09806428633424603,0.24236083756904386,6-mer
GCTCTG,0.21659883284350925,0.3286405465353381,6-mer
GCTCCA,-0.27276335336040847,-0.19744606420621724,6-mer
GCTCCT,-0.2109245932193041,-0.5607149544744789,6-mer
GCTCCC,-0.3980591641033331,-0.6520766965796931,6-mer
GCTCCG,-0.44577309300386947,-0.6495027529158669,6-mer
GCTCGA,-0.13801475516594672,0.07582826520757686,6-mer
GCTCGT,-0.38483066471673766,-0.34067700887950464,6-mer
GCTCGC,-0.24686311516264825,0.1117352377703057,Inverted repeat
GCTCGG,0.16250220471971444,0.3415084638568785,6-mer
GCTGAA,0.11990748676492974,0.3450817978802187,6-mer
GCTGAT,-0.08430632545902123,0.6514533376142831,6-mer
GCTGAC,0.2107255325677521,0.31267221111234383,6-mer
GCTGAG,-0.05771549785628729,0.35884239254526984,6-mer
GCTGTA,0.1972704771551455,0.26464388310671766,6-mer
GCTGTT,0.441740292818316,0.2706047869874455,6-mer
GCTGTC,-0.06104390223525363,-0.5174556813628797,6-mer
GCTGTG,-0.26932277640385677,-0.25188791207917943,6-mer
GCTGCA,0.1242737879250004,-0.005383196696903253,6-mer
GCTGCT,0.21653652759415598,0.38941912111003435,6-mer
GCTGCC,-0.15167085567652877,-0.04471070546121612,6-mer
GCTGCG,0.20877218937754763,0.35465603992893013,6-mer
GCTGGA,0.11314027110759585,0.18500501574026385,6-mer
GCTGGT,-0.4146502208731196,0.420948612196099,6-mer
GCTGGC,-0.010532291690569517,0.6853034743437136,Inverted repeat
GCTGGG,-0.07247867661412487,0.0268389560578881,6-mer
GCCAAA,0.06172784720441087,0.44869215513066196,6-mer
GCCAAT,0.2618926207341801,0.4655095452263798,6-mer
GCCAAC,0.24621542148402267,0.6192406042205911,6-mer
GCCAAG,0.23287753267531006,0.5443205162238102,6-mer
GCCATA,-0.02050449890958281,0.1328737264558655,6-mer
GCCATT,0.29224234853197595,0.17881975849023568,6-mer
GCCATC,0.19880075891323637,0.8093258172287275,6-mer
GCCATG,0.11288307770180939,0.09414026905905698,6-mer
GCCACA,-0.06398959943369001,0.052005369354651686,6-mer
GCCACT,0.20505884497099153,0.6280016837049445,6-mer
GCCACC,-0.11600632128415354,0.6783648678592813,6-mer
GCCACG,-0.4309115786272475,-0.006904130802562111,6-mer
GCCAGA,0.12257433126922723,0.29763154488595844,6-mer
GCCAGT,0.4121594141485407,0.7984938957523624,6-mer
GCCAGC,0.12434979725253245,0.7957797717953071,Inverted repeat
GCCAGG,-3.334729931225817,-3.160159558743366,6-mer
GCCTAA,0.5627532343207955,0.13007977790899033,6-mer
GCCTAT,0.162235016056006,-0.342791487879106,6-mer
GCCTAC,-0.1439183633133631,-0.37592846223972737,6-mer
GCCTAG,0.27130202181739455,-0.4000046843213693,6-mer
GCCTTA,0.05945634695892177,-0.17077589798180529,6-mer
GCCTTT,0.1969299517268793,0.021723896463027675,6-mer
GCCTTC,0.3493954154456379,-0.06413033741971556,6-mer
GCCTTG,0.38599867317357817,0.25681588309863634,6-mer
GCCTCA,-0.04084036126505461,0.3286227474613705,6-mer
GCCTCT,0.1220275296849618,-0.12913311876405442,6-mer
GCCTCC,-0.4781770880908537,-1.1681623927430527,6-mer
GCCTCG,-0.7573364843181435,-0.7764230625057132,6-mer
GCCTGA,-0.05629747799547117,-0.0035391169969054594,6-mer
GCCTGT,0.1414121264798872,-0.27062356084547656,6-mer
GCCTGC,-0.01199692476010532,-0.3189908118078093,Inverted repeat
GCCTGG,-3.306213624033388,-3.353323291162897,6-mer
GCCCAA,-0.2152242593751386,-0.16334806703905919,6-mer
GCCCAT,0.15736627821214277,-0.0504960068022194,6-mer
GCCCAC,-0.2552064157067708,-0.1531567880614202,6-mer
GCCCAG,-0.3735635389215704,-0.336707605963315,6-mer
GCCCTA,0.21289868726546457,-0.45269562533736835,6-mer
GCCCTT,0.12176997778441669,-0.29278174922784583,6-mer
GCCCTC,-0.9046643149783712,-1.1796183976461565,6-mer
GCCCTG,0.07776032162520502,-0.22908707391045618,6-mer
GCCCCA,-0.457363466380211,-0.3734838329306398,6-mer
GCCCCT,0.6974372299795687,0.705307649193894,6-mer
GCCCCC,-0.005702359364183363,-0.5005253983441256,6-mer
GCCCCG,-0.6093018822708482,-0.9496683244498556,6-mer
GCCCGA,-0.18697763779554633,-0.6023445789493928,6-mer
GCCCGT,0.1748400568853054,-0.46814883573840615,6-mer
GCCCGC,-0.10230182867220275,-0.21741760592115564,Inverted repeat
GCCCGG,-0.9165463819623653,-1.358922302369564,6-mer
GCCGAA,-0.02510007565168848,-0.14562682809963945,6-mer
GCCGAT,0.3967983809938014,0.886359653648254,6-mer
GCCGAC,0.19383564370633327,0.11771690185112588,6-mer
GCCGAG,0.09491904548054458,0.2556005540629564,6-mer
GCCGTA,0.24895650086774743,0.3028697590716775,6-mer
GCCGTT,0.3071778544468239,0.2518893185809449,6-mer
GCCGTC,0.10851095857184603,-0.3057038447227863,6-mer
GCCGTG,-0.004149937230197289,0.04685958942071551,6-mer
GCCGCA,0.0835359435905789,0.01449956969511516,6-mer
GCCGCT,0.14095429481921762,0.44629621644816336,6-mer
GCCGCC,0.2596301793495122,0.5816421424295449,6-mer
GCCGCG,-0.19534759832221915,0.35465356520097896,6-mer
GCCGGA,-0.11349956797949326,-0.5185505854785842,Inverted repeat
GCCGGT,-0.8816223699865989,-0.4599143136869867,Inverted repeat
GCCGGC,-1.6780719051126378,-1.476122419880152,Palindromes
GCCGGG,-0.5019206622338532,-0.6401920214415483,Inverted repeat
GCGAAA,-0.08657577155251646,-0.07334980751430081,6-mer
GCGAAT,-0.0040414981847465385,-0.26729837063637124,6-mer
GCGAAC,-0.560582772968968,-0.6364528159108985,6-mer
GCGAAG,-0.15390087352452395,-0.2770846677911451,6-mer
GCGATA,0.4749089552562425,0.8021638600739835,6-mer
GCGATT,0.3549007761580566,0.5058226650181844,6-mer
GCGATC,-0.26226451679215546,0.5803417936748426,6-mer
GCGATG,0.17063881057427457,0.5600392442218582,6-mer
GCGACA,0.36477997776047505,-0.1148812471374182,6-mer
GCGACT,0.03258792650027941,-0.12151781957723548,6-mer
GCGACC,0.15200309344504997,0.2392769147094144,6-mer
GCGACG,-0.2859088720863805,-0.5252716481878414,6-mer
GCGAGA,-0.14231732548298656,-0.19359808582086127,6-mer
GCGAGT,0.0913549591923606,0.26098816147685894,6-mer
GCGAGC,-0.11406126985803626,0.09727881733645181,Inverted repeat
GCGAGG,-0.3303836257281831,-0.5776853350222304,6-mer
GCGTAA,0.32551723376492603,0.34194211799797936,6-mer
GCGTAT,0.251260093044762,0.29630863711598676,6-mer
GCGTAC,0.0011045260518241246,0.3156691044156799,6-mer
GCGTAG,0.16190155451128804,0.02976307968232707,6-mer
GCGTTA,0.7388853483295716,0.8519541765125839,6-mer
GCGTTT,0.4430713175987263,0.5415244769293766,6-mer
GCGTTC,-0.09099753423596986,-0.35203941189253873,6-mer
GCGTTG,0.20960707002111414,0.5094137751418384,6-mer
GCGTCA,-0.025286441610858426,-0.27381011552871815,6-mer
GCGTCT,-0.31266517355839435,-0.8182495631608979,6-mer
GCGTCC,-0.38604529593913717,-1.1003295991185367,6-mer
GCGTCG,-0.4054290636287683,-0.636942029152783,6-mer
GCGTGA,0.2619377162782168,0.4310863801051054,6-mer
GCGTGT,-0.318053276660316,-0.6257962182297336,6-mer
GCGTGC,-0.4619898412301902,-0.624546967065678,Inverted repeat
GCGTGG,0.05337506071733436,0.4010790416889241,6-mer
GCGCAA,-0.04028141748206003,-0.012687098453562373,6-mer
GCGCAT,0.09280033102310233,-0.18586654531133373,6-mer
GCGCAC,-0.3732452392398494,-0.3900750117471582,6-mer
GCGCAG,0.4453365859435175,0.30184384884403,6-mer
GCGCTA,-0.0022325339452892285,-0.11387286234681779,6-mer
GCGCTT,-0.1347911803285496,0.20586996542378572,6-mer
GCGCTC,-0.1756506575382118,0.10325023871785198,6-mer
GCGCTG,0.28568968401184264,0.6178161208123958,6-mer
GCGCCA,-0.12646400095791818,0.34758268364753125,6-mer
GCGCCT,-0.3321416601156957,-0.4209867656100303,6-mer
GCGCCC,-0.30975090474082423,-0.3468138224318492,6-mer
GCGCCG,-0.33780217423576586,0.003523066563697302,6-mer
GCGCGA,-0.2700674424116858,-0.020887366473823665,Inverted repeat
GCGCGT,-0.2010883156759542,-0.1499596786291624,Inverted repeat
GCGCGC,-0.6684062181412207,-0.28927935210193945,Palindromes
GCGCGG,-0.26345106866438356,-0.027364899171180578,Inverted repeat
GCGGAA,0.22991360915492226,-0.3188661304392978,6-mer
GCGGAT,0.45885923416603636,0.429910775760374,6-mer
GCGGAC,-0.2809276323062018,-0.8942766136158601,6-mer
GCGGAG,-0.2603503212625822,-0.5531595418124816,6-mer
GCGGTA,0.3571516184115912,0.9580693195340816,6-mer
GCGGTT,-0.17358702342836246,0.3034069010442442,6-mer
GCGGTC,-0.2377403856698838,-0.14954982787485116,6-mer
GCGGTG,0.27949282856696567,0.8930847960834882,6-mer
GCGGCA,0.2104197796703721,0.2103703070766772,6-mer
GCGGCT,-0.13191608707299957,0.23753062595014068,6-mer
GCGGCC,-0.34103691783506696,-0.0723937673119815,6-mer
GCGGCG,0.36366603996605396,0.705919059754638,6-mer
GCGGGA,-0.1525004887407505,-0.45864605093975563,6-mer
GCGGGT,0.10691520391651183,0.2684125855603607,6-mer
GCGGGC,0.23571642949271104,0.1824683741721012,Inverted repeat
GCGGGG,-0.4399883860567233,-0.6357256144030429,6-mer
GGAAAA,0.34425496344892376,-0.003926525093431616,6-mer
GGAAAT,0.4939383270257592,-0.14460580672352524,6-mer
GGAAAC,0.1098110866076639,-0.10836637604795646,6-mer
GGAAAG,-0.08722150045614084,-0.2809563138310561,6-mer
GGAATA,0.7814130055491523,0.1915139959237466,6-mer
GGAATT,0.05972671946698002,-0.7458718903270977,6-mer
GGAATC,-0.2180260277297235,-0.5599425648561962,6-mer
GGAATG,0.25197921732479805,-0.5675953687510681,6-mer
GGAACA,0.20436756296693734,-0.5839602811317793,6-mer
GGAACT,-0.6166713604484944,-1.050185757168217,6-mer
GGAACC,-0.4365172266892954,-0.4233733584469082,Inverted repeat
GGAACG,-0.5534415255490515,-1.1407145089189588,6-mer
GGAAGA,0.6875995168452264,0.09722180771266806,6-mer
GGAAGT,0.2006378686959264,-0.13026590803093926,6-mer
GGAAGC,-0.30368601442541904,-0.47620519584808185,6-mer
GGAAGG,0.4823927670806085,-0.03367754953487658,6-mer
GGATAA,0.708709142884729,0.6105883083966507,6-mer
GGATAT,0.5693871416961963,0.5250655466474006,6-mer
GGATAC,-0.0523671735652977,0.10619940383192505,6-mer
GGATAG,0.6204580029082414,0.2671851302929302,6-mer
GGATTA,0.25296026510819186,0.0882694511191123,6-mer
GGATTT,0.20265318761144613,0.07051159536389698,6-mer
GGATTC,-0.16940613970649515,-0.673318375142003,6-mer
GGATTG,0.4135948696918135,0.2863877687748032,6-mer
GGATCA,-0.057873376499571236,0.516750004688832,Inverted repeat
GGATCT,0.2164324692697644,0.3908378044075134,Inverted repeat
GGATCC,-0.5478056123219284,-0.5026361172024649,Palindromes
GGATCG,-0.1673856543670389,0.1689403041877165,Inverted repeat
GGATGA,0.4286378013260126,0.595330990202207,6-mer
GGATGT,0.251268320835103,-0.2077813217397744,6-mer
GGATGC,0.2837697773250856,-0.13120156971295244,6-mer
GGATGG,-0.307703455167522,0.004436140234256027,6-mer
GGACAA,0.07907157099119864,-0.6673091251526055,6-mer
GGACAT,0.006474334160549606,-1.025409580337004,6-mer
GGACAC,0.04781061353700995,-0.9252322315980278,6-mer
GGACAG,-0.08437355732709903,-0.8640838907225864,6-mer
GGACTA,-0.35285266808226284,-1.1003505253324688,6-mer
GGACTT,-0.305194945610809,-0.833746420949005,6-mer
GGACTC,0.07400058144377666,-0.4801325275007287,6-mer
GGACTG,0.39310551756743917,0.40064640697322224,6-mer
GGACCA,-1.6544874217317582,-1.5849625007211563,6-mer
GGACCT,-1.2670903405853067,-1.8903755088255016,6-mer
GGACCC,-2.2055489111730338,-3.181632661008114,Inverted repeat
GGACCG,-1.4928651588340967,-1.8193691070262787,6-mer
GGACGA,0.2948598516891915,-0.3967528380450057,6-mer
GGACGT,0.1786710439071298,-0.6330990217654262,6-mer
GGACGC,-0.2085866218114176,-1.0191935652333108,6-mer
GGACGG,-0.13937593808270532,-0.8693418089533049,6-mer
GGAGAA,0.12818203113114343,-0.23104429158935705,6-mer
GGAGAT,-0.1375035237499347,-0.04898396428812688,6-mer
GGAGAC,-0.25313131206609774,-1.0628408735702315,6-mer
GGAGAG,0.42066721276833713,0.27978924414651307,6-mer
GGAGTA,-0.3868750961883564,-0.22762906970259517,6-mer
GGAGTT,-0.3417123052547745,-0.4248052755276647,6-mer
GGAGTC,-0.49930641617644755,-0.8884111750008583,6-mer
GGAGTG,-0.38479788610116095,-0.5250737024705031,6-mer
GGAGCA,-0.1835731724459199,-0.7027989910150143,6-mer
GGAGCT,-0.7537543730072455,-0.7367594801518706,6-mer
GGAGCC,-0.6663021281730946,-0.7740672209583036,Inverted repeat
GGAGCG,-0.5583077875519155,-0.6536135464098405,6-mer
GGAGGA,0.288444249664734,-0.5001970951133953,6-mer
GGAGGT,-0.8524428115861422,-0.7693015762858963,6-mer
GGAGGC,-0.8564726886222951,-1.3926887250690327,6-mer
GGAGGG,-0.49084032335660616,-1.0270682431981706,6-mer
GGTAAA,0.40696419874316175,1.020285235017903,6-mer
GGTAAT,0.23664290694239284,0.7099733186705256,6-mer
GGTAAC,-0.09726503388279255,0.5436022214412903,6-mer
GGTAAG,0.05070749156604717,0.4657178814847286,6-mer
GGTATA,-0.2318995070808234,0.4071384844063232,6-mer
GGTATT,0.8039943450875932,1.059671212672975,6-mer
GGTATC,0.09034145362155889,0.9610058683841364,6-mer
GGTATG,-0.06128061490465864,0.4006066309833412,6-mer
GGTACA,-0.26775681607619706,-0.018356258456930025,Inverted repeat
GGTACT,-0.040241180205036316,0.7681843247769263,Inverted repeat
GGTACC,-0.8866661657076321,0.23246197392487786,Palindromes
GGTACG,-0.19821616329439973,0.39077098280789574,Inverted repeat
GGTAGA,0.37010009426498164,0.715367959668477,6-mer
GGTAGT,0.07076778934186027,0.5233234349287704,6-mer
GGTAGC,0.03430805077529518,0.4706855288287582,6-mer
GGTAGG,-0.04753161238171322,0.155765012241249,6-mer
GGTTAA,0.505735809570581,0.6268595484041263,6-mer
GGTTAT,0.2403096814834623,0.8032251128428219,6-mer
GGTTAC,0.0935074441349056,0.7733598314266056,6-mer
GGTTAG,-0.07747875267771735,-0.07647409035237522,6-mer
GGTTTA,0.11483805546269461,0.7159039786383765,6-mer
GGTTTT,0.34171806433224755,0.7136194837917346,6-mer
GGTTTC,0.19880591880010456,0.619932430938535,6-mer
GGTTTG,0.21848599579117756,0.7247156977590271,6-mer
GGTTCA,-0.45668693172918745,0.07110166210089487,6-mer
GGTTCT,-0.41912523923555745,-0.3242815946603344,6-mer
GGTTCC,-0.46224705682445993,-0.3892807330306977,Inverted repeat
GGTTCG,-0.8854402357371444,-0.7578529606400298,6-mer
GGTTGA,-0.07987567054694747,0.5499670793649523,6-mer
GGTTGT,-0.40919493110501254,0.102910400331571,6-mer
GGTTGC,-0.45029672370911755,-0.02539677706548138,6-mer
GGTTGG,-0.32146487605503504,0.5628503631128564,6-mer
GGTCAA,0.2547483234718545,0.46898659852581276,6-mer
GGTCAT,0.08201557450789639,0.21848343296232342,6-mer
GGTCAC,0.0043886860873978825,0.24623077945278118,6-mer
GGTCAG,0.31330054231948073,0.5563933485243853,6-mer
GGTCTA,-0.17736625534272968,-0.551516017628014,6-mer
GGTCTT,-0.7982690932991253,-0.7139401530674825,6-mer
GGTCTC,-0.9972650322787612,-1.1183947008022301,6-mer
GGTCTG,-0.18159610793310538,-0.2083514828587514,6-mer
GGTCCA,-1.4355016018385593,-1.5863358421298497,6-mer
GGTCCT,-1.5172756932095817,-2.0721960845970293,6-mer
GGTCCC,-1.815003422627277,-2.5183253076908656,Inverted repeat
GGTCCG,-2.144845499091103,-2.4367710212261255,6-mer
GGTCGA,0.35418229389198913,0.45985600312068947,6-mer
GGTCGT,-0.19355699957009184,-0.299133746460526,6-mer
GGTCGC,0.08952209618372656,0.19634113899270716,6-mer
GGTCGG,-0.057481440318729767,0.022720076500083435,6-mer
GGTGAA,0.46766751883247126,0.9428365714285089,6-mer
GGTGAT,0.2681503510561142,1.1786895429619901,6-mer
GGTGAC,0.34268665505415985,0.5919291542030919,6-mer
GGTGAG,0.2968274126886513,0.8423487866390944,6-mer
GGTGTA,0.6946230813764854,0.7403090372405765,6-mer
GGTGTT,0.378469378043821,0.5443910722840217,6-mer
GGTGTC,0.06290675156019182,-0.23266075679027493,6-mer
GGTGTG,0.0787065935365671,0.246639967583125,6-mer
GGTGCA,-0.3072813189229609,-0.3983735774233556,6-mer
GGTGCT,-0.179760694154544,0.07325390927621421,6-mer
GGTGCC,-0.4823178739738172,-0.2787526395807241,Inverted repeat
GGTGCG,-0.31775759217463345,0.008366325917673813,6-mer
GGTGGA,0.11297258227107919,0.5088196455994608,6-mer
GGTGGT,0.2137396625404134,1.4350098274326883,6-mer
GGTGGC,-0.10714972174380746,0.6149750697875956,6-mer
GGTGGG,-0.23429451039273952,0.25849316252987536,6-mer
GGCAAA,0.284722537579716,0.1649531062440815,6-mer
GGCAAT,0.41318698288259037,0.04276724972677474,6-mer
GGCAAC,0.07608071544521895,-0.05344648506427941,6-mer
GGCAAG,0.18990746011054555,0.1081700297917679,6-mer
GGCATA,0.1605723721702204,-0.22886780268260193,6-mer
GGCATT,0.5368898708680078,-0.014145657694103302,6-mer
GGCATC,0.22443574937139996,0.2570417426733514,6-mer
GGCATG,0.13606154957602853,-0.37190729759515384,6-mer
GGCACA,0.011575409926654689,-0.4475691021604576,6-mer
GGCACT,-0.08374017289878433,-0.10240714897357109,6-mer
GGCACC,-0.606500006422766,-0.3790663992809043,Inverted repeat
GGCACG,-0.19690858659857433,-0.4162113082918416,6-mer
GGCAGA,0.1310180683157142,-0.018403207431547525,6-mer
GGCAGT,0.21550750101199745,0.21296418442610068,6-mer
GGCAGC,0.1408014771365693,0.16757469675597417,6-mer
GGCAGG,0.035771131021821834,-0.3373706006372971,6-mer
GGCTAA,0.4368969332425833,0.2978218854069887,6-mer
GGCTAT,0.5167261280731987,0.5043048373759311,6-mer
GGCTAC,0.21796635582340862,0.6188059556929503,6-mer
GGCTAG,-0.16629100697457305,-0.5368958421519433,6-mer
GGCTTA,0.21958471034797672,0.360732210692495,6-mer
GGCTTT,0.35380179637000886,0.65959598195174,6-mer
GGCTTC,0.016032983172552626,0.046416553024594104,6-mer
GGCTTG,0.016499787104153295,0.4055095912061224,6-mer
GGCTCA,-0.0696481539522148,0.38705052498468634,6-mer
GGCTCT,0.18874887573396743,0.3238276278028439,6-mer
GGCTCC,-0.2515387669959645,-0.34818252452259235,Inverted repeat
GGCTCG,-0.3891262269247042,-0.11796333735428972,6-mer
GGCTGA,-0.11189954654521754,0.4123342116384347,6-mer
GGCTGT,-0.2413818062902101,-0.32798984767456363,6-mer
GGCTGC,-0.26732942252459163,-0.20202830957699877,6-mer
GGCTGG,-0.17281600443662137,0.4908733373508384,6-mer
GGCCAA,-0.16286618301575928,0.18449926219078927,6-mer
GGCCAT,-0.23906575800746283,-0.0786098346963665,6-mer
GGCCAC,-0.5390496713524774,-0.14692523913519334,6-mer
GGCCAG,-0.558490289359965,-0.07863250984573363,6-mer
GGCCTA,-0.09379233696796867,-0.48631491278824485,6-mer
GGCCTT,-0.15715389180526726,-0.24724552002966144,6-mer
GGCCTC,-0.6529809241498072,-0.7944813972279482,6-mer
GGCCTG,-0.69278425663401,-0.7885999065608402,6-mer
GGCCCA,-1.556203507739732,-1.4673674166043997,6-mer
GGCCCT,-0.9371399761614234,-1.25616986453598,6-mer
GGCCCC,-1.229308249377192,-1.3870231231092476,Inverted repeat
GGCCCG,-1.6173839784135335,-1.858349452552864,6-mer
GGCCGA,-0.25360058867280616,-0.0848308402798838,6-mer
GGCCGT,-0.21134117165230087,-0.20744911876353583,6-mer
GGCCGC,-0.46245271237161606,-0.24169017108259624,6-mer
GGCCGG,-1.5595500815481418,-1.430791570593396,6-mer
GGCGAA,0.26868988905772373,0.20871748443937135,6-mer
GGCGAT,0.49744838279042947,0.9407028163162278,6-mer
GGCGAC,0.4102582009915248,0.26081658058397506,6-mer
GGCGAG,0.28881505927003825,0.4357737927124906,6-mer
GGCGTA,0.5003030758631194,0.5335658881728058,6-mer
GGCGTT,0.7446436061198025,1.0839758572162568,6-mer
GGCGTC,-0.07598659986248875,-0.4493812891022497,6-mer
GGCGTG,0.12294706016096678,0.17946514706866562,6-mer
GGCGCA,0.3534020071276754,0.2617853682956379,Inverted repeat
GGCGCT,0.0024931372118498405,0.30661503939285834,Inverted repeat
GGCGCC,-2.141836667460587,-1.8588852226976864,Palindromes
GGCGCG,-0.18437012878790926,0.11676470280525335,Inverted repeat
GGCGGA,0.21611455446341105,-0.017160551158182928,6-mer
GGCGGT,0.17714470538040744,0.5765009219729601,6-mer
GGCGGC,0.20897157960326485,0.5707793157121864,6-mer
GGCGGG,0.31388286633134016,0.47954395481080864,6-mer
GGGAAA,0.13270253748611374,-0.3951316539306401,6-mer
GGGAAT,0.31966858770523743,-0.3935659689760193,6-mer
GGGAAC,-0.27056807851920117,-0.9141557806430831,6-mer
GGGAAG,0.11981365575161268,-0.34960740862942036,6-mer
GGGATA,0.687420385198016,0.7213476333513367,6-mer
GGGATT,0.43659321262872614,0.12324777503847306,6-mer
GGGATC,0.21377421827328497,0.40227020320496587,6-mer
GGGATG,0.12185025943844917,-0.11558548315417218,6-mer
GGGACA,0.06871275008401422,-0.9245242701241341,6-mer
GGGACT,0.7147698480520102,0.6654123331411721,6-mer
GGGACC,-1.284651457570636,-1.7291762460606437,Inverted repeat
GGGACG,-0.1030934929641035,-0.991543931917524,6-mer
GGGAGA,-0.03268861870617444,-0.1824159456255092,6-mer
GGGAGT,-0.5776475989245184,-0.8479969065549503,6-mer
GGGAGC,-0.54405455714095,-0.8151322726493233,6-mer
GGGAGG,-0.33784299348233154,-0.7379957227646956,6-mer
GGGTAA,0.6149002315024857,0.8221590975460039,6-mer
GGGTAT,0.49749965947081687,0.837921942416748,6-mer
GGGTAC,-0.48430628727632646,0.02706340714083995,6-mer
GGGTAG,0.19352236288331673,0.26008884106949953,6-mer
GGGTTA,0.6420776462486057,0.5959080072828785,6-mer
GGGTTT,0.23290417679483716,0.35769144708875833,6-mer
GGGTTC,-0.2686860736103827,-0.42746864882765684,6-mer
GGGTTG,-0.158691309998988,0.0638367387263939,6-mer
GGGTCA,0.024908574913861094,-0.10936922114397424,6-mer
GGGTCT,-0.7188781215005233,-1.125936989064975,6-mer
GGGTCC,-2.333977657725427,-3.085339669357369,Inverted repeat
GGGTCG,-0.2543769728362453,-0.6692910195704279,6-mer
GGGTGA,0.1385633434158193,0.4481797839014736,6-mer
GGGTGT,0.09631896086737171,-0.17818644215302448,6-mer
GGGTGC,-0.68462796555828,-0.9231420299396678,6-mer
GGGTGG,-0.23643515811847096,0.2067242446005775,6-mer
GGGCAA,0.5066921577061676,-0.029246103037793476,6-mer
GGGCAT,0.5354632397685247,-0.13521679789332605,6-mer
GGGCAC,-0.3573617883819469,-0.958738034813745,6-mer
GGGCAG,0.2959770007470976,-0.1811455399235109,6-mer
GGGCTA,0.4822464565444161,0.05906350778613925,6-mer
GGGCTT,0.0750088715541642,-0.1859272865294085,6-mer
GGGCTC,-0.19680070743370703,-0.4408664891307025,6-mer
GGGCTG,0.03286792517880843,0.034080995243105955,6-mer
GGGCCA,-1.3742911569355347,-1.2993762528975141,Inverted repeat
GGGCCT,-1.2525688955944538,-1.7293524100563311,Inverted repeat
GGGCCC,-1.8036698752497482,-2.386894534933139,Palindromes
GGGCCG,-1.3275847214353766,-1.4155248139400858,Inverted repeat
GGGCGA,0.22307780196432803,-0.04730571477835657,6-mer
GGGCGT,0.6457272550082389,0.5957048812615536,6-mer
GGGCGC,-0.5283663585725129,-0.7630365725077807,6-mer
GGGCGG,-0.010231922610956281,-0.19138636472523268,6-mer
GGGGAA,0.29409388669063674,-0.34411833452142815,6-mer
GGGGAT,0.8156658355619801,0.6210566260200527,6-mer
GGGGAC,0.031055935668147818,-1.180212605844149,6-mer
GGGGAG,0.25702832009426746,-0.23184559806764307,6-mer
GGGGTA,0.2074289758376966,0.27042023275449933,6-mer
GGGGTT,-0.012133755635855233,-0.0689268898129116,6-mer
GGGGTC,-0.23378060085867974,-1.0786926316226073,6-mer
GGGGTG,-0.14491827229324644,-0.21743753939368315,6-mer
GGGGCA,0.15252876116479855,-0.46259889771598034,6-mer
GGGGCT,0.01761033012453557,-0.10544231451763647,6-mer
GGGGCC,-1.3187538470922187,-1.728454094310689,Inverted repeat
GGGGCG,-0.42724163886596994,-0.7169447967569279,6-mer
GGGGGA,0.2384047393250788,-0.20905678477496878,6-mer
GGGGGT,-0.4007142011999157,-0.531013401474187,6-mer
GGGGGC,0.004843972231313905,-0.6427669522440185,6-mer
GGGGGG,-0.6015380569233385,-0.9297909977185974,6-mer
