,ID,PC1,PC2,order,Replicons_type,Type,Explained Variance 1,Explained Variance 2
0,chromosome_GCF_002951835.1_ASM295183v1,-23.989621816505554,-28.438057131080964,Neisseriales,chromosome,chromosome,?,?
1,chromosome_GCF_014054985.1_ASM1405498v1,90.54238083382954,-40.67052545479397,Neisseriales,chromosome,chromosome,?,?
2,plasmid_pDSM18271_GCF_014054985.1_ASM1405498v1,-50.6342057247326,-25.97789524672677,Neisseriales,plasmid_pDSM18271,plasmid,?,?
3,chromosome_GCF_014054525.1_ASM1405452v1,-25.06690281571072,-23.3899920008524,Neisseriales,chromosome,chromosome,?,?
4,chromosome_GCF_022354465.1_ASM2235446v1,-1.1804263202619982,0.12316209940453422,Neisseriales,chromosome,chromosome,?,?
5,chromosome_GCF_016894345.1_ASM1689434v1,-25.61277502327476,10.497583923617208,Neisseriales,chromosome,chromosome,?,?
6,chromosome_GCF_022870845.1_ASM2287084v1,-9.235404126080939,64.41684164854132,Neisseriales,chromosome,chromosome,?,?
7,chromosome_GCF_022749515.1_ASM2274951v1,45.176954992737,43.43888216189102,Neisseriales,chromosome,chromosome,?,?
