,ID,PC1,PC2,order,Replicons_type,Type,Explained Variance 1,Explained Variance 2
0,chromosome_GCF_002951835.1_ASM295183v1,-37.360335881563245,-17.93946062391997,Neisseriales,chromosome,chromosome,?,?
1,chromosome_GCF_014054985.1_ASM1405498v1,22.898814051062207,-50.78394797124577,Neisseriales,chromosome,chromosome,?,?
2,plasmid_pDSM18271_GCF_014054985.1_ASM1405498v1,-27.09386273422537,-38.156904299325625,Neisseriales,plasmid_pDSM18271,plasmid,?,?
3,chromosome_GCF_014054525.1_ASM1405452v1,-86.86629566351816,71.09329905209606,Neisseriales,chromosome,chromosome,?,?
4,chromosome_GCF_022354465.1_ASM2235446v1,-2.3846270953910835,-3.2282536136993607,Neisseriales,chromosome,chromosome,?,?
5,chromosome_GCF_016894345.1_ASM1689434v1,6.868894795359534,-3.8081135495714724,Neisseriales,chromosome,chromosome,?,?
6,chromosome_GCF_022870845.1_ASM2287084v1,105.34842801718015,55.980968784903695,Neisseriales,chromosome,chromosome,?,?
7,chromosome_GCF_022749515.1_ASM2274951v1,18.588984511096015,-13.157587779237527,Neisseriales,chromosome,chromosome,?,?
