Item,Count obs
AAAAAA,-0.19055090792962748
AAAAAT,0.0289307151400606
AAAAAC,-0.005877430857067987
AAAAAG,0.38369220562112766
AAAATA,0.18969688145718594
AAAATT,-0.1831310767928295
AAAATC,0.06689423483003022
AAAATG,0.25140413851690424
AAAACA,-0.009412305393578508
AAAACT,-0.0015255533088371798
AAAACC,0.02042577223033363
AAAACG,0.30211595968829813
AAAAGA,0.07747903241330584
AAAAGT,0.117645682452404
AAAAGC,0.5023149340980819
AAAAGG,0.3128969097311453
AAATAA,0.10112501589097156
AAATAT,0.09409071393162224
AAATAC,0.10593047862566415
AAATAG,0.1701707390114419
AAATTA,-0.10090499786903177
AAATTT,-0.23514898597485331
AAATTC,-0.16133128090211885
AAATTG,-0.0077755987008396345
AAATCA,0.21243785295822096
AAATCT,-0.2317510885924793
AAATCC,-0.2170645052378275
AAATCG,0.11294780546998566
AAATGA,0.2510378065844571
AAATGT,0.05219338445731968
AAATGC,0.05978791837897343
AAATGG,-0.07394184539862594
AAACAA,-0.062579259625098
AAACAT,-0.07887021940592986
AAACAC,0.17340619313600233
AAACAG,-0.00789557700278015
AAACTA,-0.04338750811359139
AAACTT,-0.24602443013300204
AAACTC,-0.18815247710474778
AAACTG,-0.10701382444832865
AAACCA,-0.23957917206248522
AAACCT,0.02467698771244052
AAACCC,-0.022285044789434872
AAACCG,-0.3916955273844075
AAACGA,0.2344431065681431
AAACGT,0.052697789000449066
AAACGC,0.5579910922084207
AAACGG,-0.2688895731024135
AAAGAA,-0.020528580141128707
AAAGAT,-0.19233833503742587
AAAGAC,0.20523262474767964
AAAGAG,0.4738571985617255
AAAGTA,0.17029658644916332
AAAGTT,0.04787808024446395
AAAGTC,0.05010682005417877
AAAGTG,0.3483066942682158
AAAGCA,0.14414088533608735
AAAGCT,0.1458946989802391
AAAGCC,0.10240193361808113
AAAGCG,0.7247525199752763
AAAGGA,0.4784109650817089
AAAGGT,0.03650741634246292
AAAGGC,0.036266177984394354
AAAGGG,0.3790002309865684
AATAAA,0.10450690911858568
AATAAT,-0.05711057152819903
AATAAC,-0.08200380560440364
AATAAG,-0.11756865040526761
AATATA,0.07393666594345281
AATATT,-0.03988291001548938
AATATC,0.0691007754525269
AATATG,0.028410247423540824
AATACA,0.02443402533728204
AATACT,0.04233949555372053
AATACC,0.03119585576848102
AATACG,0.050010420574661416
AATAGA,0.07788086703136404
AATAGT,0.024821653173813983
AATAGC,0.10879576465614683
AATAGG,0.024382441720227438
AATTAA,-0.049026107827181434
AATTAT,-0.08950825718821692
AATTAC,-0.22286379190547503
AATTAG,-0.1838138716508173
AATTTA,-0.10456906330151472
AATTTT,-0.21878800321221178
AATTTC,-0.10279723325466154
AATTTG,-0.17983089548150272
AATTCA,-0.07275935428242832
AATTCT,-0.28989968894176094
AATTCC,-0.3979603824540968
AATTCG,-0.15389090582917458
AATTGA,0.07712845603027696
AATTGT,-0.12742303092144353
AATTGC,-0.09979560970181103
AATTGG,-0.18694050265024909
AATCAA,0.043321274875332376
AATCAT,0.35397296985500204
AATCAC,0.11203610787161024
AATCAG,-0.10073444726904415
AATCTA,-0.12550910386387426
AATCTT,-0.3565936398206339
AATCTC,-0.23612021353998955
AATCTG,-0.18761057554574548
AATCCA,-0.5155085194254733
AATCCT,-0.297632403304949
AATCCC,0.19716806491094918
AATCCG,-0.30421137440299145
AATCGA,-0.05052026840721472
AATCGT,0.08371104396097281
AATCGC,0.16334777330817563
AATCGG,-0.22994960578320928
AATGAA,0.09245413691939991
AATGAT,0.4058896464291237
AATGAC,0.30873548164961323
AATGAG,0.04244669024725705
AATGTA,-0.02430124868217346
AATGTT,-0.022080013841858266
AATGTC,0.19802561795468485
AATGTG,0.009542592760592758
AATGCA,-0.11754909016461577
AATGCT,-0.04164923846650727
AATGCC,0.1904395248964021
AATGCG,-0.09097177820572676
AATGGA,-0.22892831398244307
AATGGT,-0.1762202565977776
AATGGC,0.41443377809092485
AATGGG,-0.5237648061371878
AACAAA,-0.06948550374693982
AACAAT,-0.06282258592205532
AACAAC,0.018187652999698583
AACAAG,0.05489572173191714
AACATA,0.00950448431156398
AACATT,-0.07537894113384414
AACATC,-0.00735543269395711
AACATG,-0.08528946524261022
AACACA,0.10536051565782614
AACACT,0.12878078986592498
AACACC,0.38566248081198473
AACACG,0.05129329438755048
AACAGA,-0.07696104113612832
AACAGT,-0.0661819068813011
AACAGC,0.2972515234679317
AACAGG,-0.0969922659873097
AACTAA,-0.12938400811617362
AACTAT,0.00831472650835556
AACTAC,0.11945109275708042
AACTAG,0.024599159013367816
AACTTA,-0.008249899472141949
AACTTT,-0.04337543275125481
AACTTC,0.13679167444740847
AACTTG,-0.011049836186584935
AACTCA,-0.17679668086198477
AACTCT,-0.25982511794881463
AACTCC,0.025317807984289786
AACTCG,-0.2013697517646492
AACTGA,-0.05597926774190125
AACTGT,-0.1649762253321808
AACTGC,-0.1055217929745214
AACTGG,-0.1380212978973746
AACCAA,-0.3330377741725781
AACCAT,-0.22953529427421987
AACCAC,0.196600228756977
AACCAG,-0.5191244265806857
AACCTA,-0.14572736074173012
AACCTT,-0.1904951326345959
AACCTC,0.5926059513380679
AACCTG,-0.41799884425542094
AACCCA,-0.5394130806179032
AACCCT,-0.056695343676545294
AACCCC,0.21985947611301987
AACCCG,-0.17471695740873525
AACCGA,-0.2082970431972153
AACCGT,-0.4700036292457356
AACCGC,-0.11034805716886534
AACCGG,-0.3764775712349121
AACGAA,0.030600440448717042
AACGAT,0.11695004935249172
AACGAC,0.19803763018313347
AACGAG,0.36129388979502686
AACGTA,-0.17120558085404677
AACGTT,0.010327114155849524
AACGTC,0.3042435810407824
AACGTG,0.020580707700020663
AACGCA,0.224533405603264
AACGCT,0.48097266061630956
AACGCC,0.5439778310828911
AACGCG,0.19439413802822397
AACGGA,-0.3460784584266527
AACGGT,0.15293929264096123
AACGGC,-0.3715635564324831
AACGGG,0.0183491386681964
AAGAAA,-0.026332917586157526
AAGAAT,-0.44016671630109616
AAGAAC,-0.12214199261982968
AAGAAG,0.1476628953485156
AAGATA,0.008553830073758737
AAGATT,-0.3865992803719472
AAGATC,-1.1817271953786164
AAGATG,0.15942773692810197
AAGACA,0.13244698984339748
AAGACT,-0.13049648892936852
AAGACC,-0.07443259478276966
AAGACG,0.38436574408391827
AAGAGA,0.03735578654376903
AAGAGT,-0.18056563009168974
AAGAGC,0.033274788884872133
AAGAGG,0.6985187243618561
AAGTAA,0.021431460288012225
AAGTAT,0.12945806723688677
AAGTAC,-0.10427081323685472
AAGTAG,-0.02715098906595086
AAGTTA,0.06319111469073707
AAGTTT,-0.2551346951528866
AAGTTC,-0.12912982804411124
AAGTTG,0.20756205814143133
AAGTCA,0.23156304230573888
AAGTCT,-0.18786173716957
AAGTCC,-0.21511137961694557
AAGTCG,0.1674329443002039
AAGTGA,0.18425891613418094
AAGTGT,0.2552318658657104
AAGTGC,0.03785022413109753
AAGTGG,0.0
AAGCAA,-0.015666116744399463
AAGCAT,-0.008201569113417633
AAGCAC,0.32850406697203605
AAGCAG,0.01526747213078838
AAGCTA,0.04167269640056808
AAGCTT,-0.08575786836431276
AAGCTC,-0.10401345493262658
AAGCTG,0.019302752254528675
AAGCCA,0.055814779106396324
AAGCCT,-0.37236515968181955
AAGCCC,0.18901054494475125
AAGCCG,-0.0953101798043249
AAGCGA,0.5108256237659907
AAGCGT,0.28679357839066577
AAGCGC,0.7661723155748351
AAGCGG,0.43483971678806865
AAGGAA,-0.21977911932885505
AAGGAT,0.024563944397890242
AAGGAC,-0.13768940277318642
AAGGAG,1.4077620907439967
AAGGTA,-0.0771140750334351
AAGGTT,-0.2745430347537688
AAGGTC,-0.1694181519580468
AAGGTG,0.5815206233234725
AAGGCA,-0.1371234184169776
AAGGCT,-0.3065251602532608
AAGGCC,-0.36610403422758403
AAGGCG,0.33702794655493595
AAGGGA,0.23511974236092542
AAGGGT,-0.04096743848822291
AAGGGC,0.21640951913286557
AAGGGG,1.0100588913266646
ATAAAA,0.16654602628197593
ATAAAT,0.03782932745471318
ATAAAC,-0.0316768566535702
ATAAAG,0.23929153772219183
ATAATA,-0.0018209413225837745
ATAATT,-0.16672729490278265
ATAATC,0.02843793532053341
ATAATG,0.14834744539251715
ATAACA,0.04639665783543947
ATAACT,0.059621337395817854
ATAACC,-0.2384641852429426
ATAACG,0.22056068289595576
ATAAGA,-0.18644789180284904
ATAAGT,-0.010939940038334444
ATAAGC,-0.1162781444769632
ATAAGG,-0.0389154162496735
ATATAA,0.08559193033540353
ATATAT,0.0038331948329916924
ATATAC,0.011564873944815436
ATATAG,0.19444443224942842
ATATTA,-0.04145545720673204
ATATTT,0.1307668706124354
ATATTC,-0.11943067637277421
ATATTG,0.04092911251082411
ATATCA,0.16642732187235704
ATATCT,-0.07837310335284571
ATATCC,-0.162320890087285
ATATCG,0.16960278438617996
ATATGA,0.02140390866315358
ATATGT,0.09893150461877988
ATATGC,-0.14937740107460057
ATATGG,-0.18378247743362947
ATACAA,0.06127082539304114
ATACAT,0.043510011098148546
ATACAC,0.17567701407528594
ATACAG,-0.16343687540342733
ATACTA,0.14410360130805214
ATACTT,0.016861618684272064
ATACTC,0.08947140283049211
ATACTG,0.12695962746128805
ATACCA,-0.029199154692262353
ATACCT,0.2171272031280641
ATACCC,0.28768207245178085
ATACCG,-0.15088003095913574
ATACGA,0.016642576974998092
ATACGT,0.01983834221966438
ATACGC,0.24007716384364933
ATACGG,-0.17275210577780392
ATAGAA,0.1482495650985441
ATAGAT,0.0032661977866211022
ATAGAC,-0.01304584483329991
ATAGAG,0.2553738292191231
ATAGTA,0.07291270959699048
ATAGTT,-0.0019782400121058186
ATAGTC,0.05926940845755916
ATAGTG,0.22884157242884745
ATAGCA,0.17681947963997116
ATAGCT,0.09218075321341643
ATAGCC,0.10536051565782635
ATAGCG,0.15230054053909672
ATAGGA,-0.08609352469940086
ATAGGT,-0.04664285821228464
ATAGGC,0.09798040836020382
ATAGGG,-0.180546933435586
ATTAAA,-0.0020694203603848
ATTAAT,-0.08416430031908717
ATTAAC,-0.0786431273191131
ATTAAG,-0.1800514082594155
ATTATA,0.01700701037533523
ATTATT,-0.11912580299132904
ATTATC,-0.05857817053559472
ATTATG,-0.1114416944965302
ATTACA,-0.17162068474979866
ATTACT,0.0062112000926406764
ATTACC,-0.4092034302187715
ATTACG,-0.02829164262109098
ATTAGA,-0.20735286540788572
ATTAGT,-0.22616419465813098
ATTAGC,0.007945148331435574
ATTAGG,-0.17001370911935768
ATTTAA,0.013628357225368369
ATTTAT,0.1166682019327081
ATTTAC,-0.12810000262731575
ATTTAG,-0.07381030880876464
ATTTTA,0.12202756814303799
ATTTTT,-0.004531485339616152
ATTTTC,0.11810566834187287
ATTTTG,-0.01873103670606324
ATTTCA,0.04058255958555442
ATTTCT,0.0834379295157885
ATTTCC,-0.0977977432761265
ATTTCG,0.11405622262538022
ATTTGA,-0.0011869437595287257
ATTTGT,0.0019111329276045666
ATTTGC,-0.30908598111493446
ATTTGG,-0.4682976294006352
ATTCAA,0.03447370421080414
ATTCAT,0.1429223837490602
ATTCAC,-0.18299337408492644
ATTCAG,-0.17251385841093478
ATTCTA,-0.18721154208814647
ATTCTT,-0.3743241829586981
ATTCTC,0.03782774439096251
ATTCTG,-0.5815072094172758
ATTCCA,-0.5627853626967017
ATTCCT,-0.1957635702980506
ATTCCC,-0.11157070067610518
ATTCCG,-0.34989525695335355
ATTCGA,-0.0053428444104954695
ATTCGT,-0.13182539277942235
ATTCGC,0.07257069283483558
ATTCGG,-0.6316808584593444
ATTGAA,0.13975180043875868
ATTGAT,0.08102712779904181
ATTGAC,-0.08133371190190337
ATTGAG,0.06549758655830913
ATTGTA,-0.03392872521952075
ATTGTT,-0.059441822951455746
ATTGTC,0.0721348680295059
ATTGTG,-0.10401345493262645
ATTGCA,-0.309321247555262
ATTGCT,0.057285607938314054
ATTGCC,-0.07076907088820726
ATTGCG,0.27625337662815813
ATTGGA,-0.18164928786107248
ATTGGT,-0.35695527847311054
ATTGGC,-0.0455232550240837
ATTGGG,-0.02353049741019416
ATCAAA,-0.10067212294571018
ATCAAT,0.003681308390928009
ATCAAC,0.11215863837164737
ATCAAG,-0.11157070067610518
ATCATA,0.1462584086259946
ATCATT,0.39444497239233395
ATCATC,0.4318876851239877
ATCATG,-0.05435756024306361
ATCACA,0.0
ATCACT,0.2034345964456195
ATCACC,0.3291818033585337
ATCACG,-0.11373444713038315
ATCAGA,-0.34188252934946045
ATCAGT,-0.25982511794881463
ATCAGC,0.07753263303508597
ATCAGG,-0.24098346944254068
ATCTAA,-0.186462349459986
ATCTAT,0.00997870004989627
ATCTAC,-0.36427754970154985
ATCTAG,-0.20349226391692116
ATCTTA,-0.3115912052326417
ATCTTT,-0.11555834063427226
ATCTTC,-0.07049898310803737
ATCTTG,-0.4386435068054829
ATCTCA,-0.24080838749401506
ATCTCT,-0.12547269256180207
ATCTCC,0.238647737850175
ATCTCG,-0.08223809823697212
ATCTGA,-0.24772775694474825
ATCTGT,-0.2423395665202075
ATCTGC,-0.5191244265806857
ATCTGG,-0.49672669938648895
ATCCAA,-0.3992731378602432
ATCCAT,-0.40613155265132495
ATCCAC,-0.03448617607116932
ATCCAG,-0.3486427722414682
ATCCTA,-0.3429447511268303
ATCCTT,-0.1823215567939547
ATCCTC,0.36464311358790924
ATCCTG,-0.28700616840441995
ATCCCA,-0.5150273106196908
ATCCCT,-0.010118130165584667
ATCCCC,0.6067896120277343
ATCCCG,-0.2876820724517809
ATCCGA,-0.4418327522790392
ATCCGT,-0.8183103235139514
ATCCGC,-0.004338401598598242
ATCCGG,-0.8140997909776079
ATCGAA,-0.05190058658382448
ATCGAT,0.04491916150432534
ATCGAC,0.06818151241607226
ATCGAG,0.15298856464708102
ATCGTA,-0.04647588403445331
ATCGTT,0.11023857411125909
ATCGTC,0.09385290880634647
ATCGTG,0.1376213778760479
ATCGCA,0.011354542102925849
ATCGCT,0.3642221495741153
ATCGCC,0.19616696361600766
ATCGCG,0.05608946665104358
ATCGGA,-0.0693346934010641
ATCGGT,-0.34692165249555423
ATCGGC,0.017544309650909525
ATCGGG,-0.37385976869283327
ATGAAA,0.06382804153397252
ATGAAT,0.0870113769896297
ATGAAC,-0.07807431706519262
ATGAAG,0.10815967773744083
ATGATA,0.38741904566595814
ATGATT,0.2647584325498438
ATGATC,-0.6331753307161467
ATGATG,0.44926773076655724
ATGACA,0.32690278560506225
ATGACT,0.19257528937347002
ATGACC,-0.009569451016150672
ATGACG,0.4133532809571706
ATGAGA,-0.18603489191861572
ATGAGT,0.08113525831267707
ATGAGC,0.07671491758086163
ATGAGG,0.2931021399211201
ATGTAA,0.04585406422473209
ATGTAT,0.08739422538634277
ATGTAC,-0.2423395665202075
ATGTAG,-0.17763770748152827
ATGTTA,0.01531670411189324
ATGTTT,-0.026119594196138993
ATGTTC,0.118605742407847
ATGTTG,0.12794758543268622
ATGTCA,0.2823629109741808
ATGTCT,0.20029025033677114
ATGTCC,0.369747025506085
ATGTCG,0.06831924397747723
ATGTGA,-0.03237350308342238
ATGTGT,0.06469178958756094
ATGTGC,0.0888940258042465
ATGTGG,0.0314761321020175
ATGCAA,-0.1716163114348915
ATGCAT,0.05206380938650357
ATGCAC,-0.1454169998585037
ATGCAG,-0.20328668525899957
ATGCTA,0.013641003984230038
ATGCTT,0.11641678190623628
ATGCTC,0.014815085785140682
ATGCTG,-0.24877709892118258
ATGCCA,-0.11055825159948683
ATGCCT,0.12987508142141208
ATGCCC,0.2557197217488224
ATGCCG,-0.24472712298138433
ATGCGA,-0.05442398188768795
ATGCGT,-0.13013580362338442
ATGCGC,0.1421397671611228
ATGCGG,-0.03922071315328127
ATGGAA,-0.4439666554627402
ATGGAT,-0.4352574266051692
ATGGAC,-0.3513978868378886
ATGGAG,0.39441527192157944
ATGGTA,-0.3871830632707153
ATGGTT,-0.10247866928293738
ATGGTC,-0.17675051174449924
ATGGTG,0.1406998821031351
ATGGCA,0.03517950712117332
ATGGCT,0.30081136389357366
ATGGCC,-0.25131442828090605
ATGGCG,0.4653632496892333
ATGGGA,-0.21328378239792145
ATGGGT,-0.7803073560023458
ATGGGC,-0.6418538861723948
ATGGGG,0.20810567394966914
ACAAAA,-0.054135571634268
ACAAAT,-0.016990982476493364
ACAAAC,-0.11092194527643827
ACAAAG,0.10092591858996071
ACAATA,0.0339015516756812
ACAATT,-0.10658055033354115
ACAATC,-0.01883557603617742
ACAATG,0.013889112160667093
ACAACA,0.03724417317237118
ACAACT,0.11460760929062368
ACAACC,0.06797298358620585
ACAACG,0.06838772774685069
ACAAGA,-0.21943297191767405
ACAAGT,-0.03636764417087483
ACAAGC,0.2913518013407433
ACAAGG,0.1712070814554128
ACATAA,0.06192886393033718
ACATAT,0.008293886405935093
ACATAC,0.09551568037017474
ACATAG,0.04262808646510967
ACATTA,-0.0942525382461894
ACATTT,0.07638620638528579
ACATTC,-0.21523837180709646
ACATTG,0.0554886856176532
ACATCA,0.26997043778957514
ACATCT,-0.0869419301338083
ACATCC,0.09833060972956816
ACATCG,0.07034148935824504
ACATGA,0.09784425205255251
ACATGT,0.03566018039888433
ACATGC,-0.17344388276193717
ACATGG,-0.36999492865985656
ACACAA,0.08187147332070263
ACACAT,0.080903585368805
ACACAC,-0.035306813832144956
ACACAG,0.1481577444296471
ACACTA,0.10845170822749914
ACACTT,0.08075002847299517
ACACTC,0.4393666597838457
ACACTG,-0.18571714579509283
ACACCA,-0.03610500464211632
ACACCT,0.6148153372900383
ACACCC,0.4828517717235845
ACACCG,0.17022114985986725
ACACGA,0.08247622182423842
ACACGT,-0.11681638502528846
ACACGC,0.11617143176204182
ACACGG,-0.9028677115420143
ACAGAA,0.05348868495098622
ACAGAT,-0.24038535774871583
ACAGAC,-0.27111705557708576
ACAGAG,0.3636113879353894
ACAGTA,-0.19268434382950125
ACAGTT,0.025497131933483817
ACAGTC,-0.08311490671050657
ACAGTG,-0.08250122151174359
ACAGCA,0.11100227956449438
ACAGCT,0.03208831455150045
ACAGCC,-0.06317890162153156
ACAGCG,-0.040821994520255166
ACAGGA,-0.6290683238754229
ACAGGT,-0.07490130817311771
ACAGGC,-0.14595391262307983
ACAGGG,-0.41376391092285947
ACTAAA,-0.04532094993542075
ACTAAT,-0.11794522850403454
ACTAAC,-0.11647499099636806
ACTAAG,-0.21889926293388254
ACTATA,0.1325857660765156
ACTATT,0.046890771553409795
ACTATC,-0.028825798726957962
ACTATG,-0.15834355808729428
ACTACA,0.03732937309403879
ACTACT,0.42071233752885806
ACTACC,-0.05077232537342326
ACTACG,0.09531017980432493
ACTAGA,-0.06049811160056613
ACTAGT,-0.17335288681119432
ACTAGC,0.24419696051204215
ACTAGG,-0.370285600986991
ACTTAA,-0.006449743847886004
ACTTAT,-0.05690253315206118
ACTTAC,0.0349797188960269
ACTTAG,-0.03399500525268502
ACTTTA,0.15753138798673585
ACTTTT,0.09252896325579443
ACTTTC,-0.06840875932081102
ACTTTG,0.06785612019937215
ACTTCA,0.11241770796782519
ACTTCT,0.1599646496926782
ACTTCC,0.22138453590903026
ACTTCG,0.07191258159028611
ACTTGA,-0.23004277377448157
ACTTGT,-0.002155947655068364
ACTTGC,0.2216386601347895
ACTTGG,-0.2754119798599665
ACTCAA,-0.034728277512855295
ACTCAT,0.09431067947124142
ACTCAC,0.14372138353027245
ACTCAG,-0.3173836400586903
ACTCTA,-0.14781838071428488
ACTCTT,-0.2657772370637311
ACTCTC,0.04793946228911926
ACTCTG,-0.0704332750489203
ACTCCA,-0.4426046550576212
ACTCCT,0.9969204662742643
ACTCCC,0.5625269981428811
ACTCCG,-0.5355182363563622
ACTCGA,-0.13005312824819779
ACTCGT,-0.25489224962879004
ACTCGC,0.11506932978478729
ACTCGG,-0.005865119452398134
ACTGAA,-0.003565066164496146
ACTGAT,-0.08272084022076161
ACTGAC,0.16561970717602315
ACTGAG,-0.07545841125159326
ACTGTA,-0.16886666445977142
ACTGTT,-0.19768958702226855
ACTGTC,0.053244514518812285
ACTGTG,-0.09873484068568897
ACTGCA,-0.048790164169432056
ACTGCT,0.4339931917227024
ACTGCC,-0.01916991610772017
ACTGCG,-0.5007752879124893
ACTGGA,-0.15282089239725666
ACTGGT,-0.5487191967112096
ACTGGC,-0.07696104113612832
ACTGGG,0.12878078986592478
ACCAAA,-0.2623642644674911
ACCAAT,-0.13534134786976212
ACCAAC,-0.1426563004015232
ACCAAG,-0.18954180476744173
ACCATA,-0.37380990705885714
ACCATT,-0.06712275873518708
ACCATC,-0.10981486600720657
ACCATG,-0.533802856902943
ACCACA,-0.048009219186360606
ACCACT,0.33598455068128613
ACCACC,0.5905905922348533
ACCACG,-0.07109592168373022
ACCAGA,-0.48550781578170077
ACCAGT,-0.31798742194710994
ACCAGC,0.043228734550820214
ACCAGG,-0.7701082216960737
ACCTAA,-0.05040306774489674
ACCTAT,0.07206678755836272
ACCTAC,0.1547798085048195
ACCTAG,-0.2776317365982795
ACCTTA,-0.22095934949936852
ACCTTT,0.22637040148430768
ACCTTC,0.29295912955262465
ACCTTG,-0.28483712031954966
ACCTCA,0.39441527192157944
ACCTCT,0.6828906803927562
ACCTCC,1.488485302016438
ACCTCG,0.3834862013893892
ACCTGA,-0.23984540093214124
ACCTGT,-0.22734523816790989
ACCTGC,0.2436220826577505
ACCTGG,-0.8754687373538999
ACCCAA,-0.41431472338514685
ACCCAT,-0.3316989578685553
ACCCAC,0.14310084364067324
ACCCAG,-0.3412228393798109
ACCCTA,0.17547008184485274
ACCCTT,0.06654967457164683
ACCCTC,0.2793832696370859
ACCCTG,-0.39759105167725844
ACCCCA,0.3122231813678985
ACCCCT,0.6274301089029299
ACCCCC,0.3829922522561057
ACCCCG,0.44044482700419113
ACCCGA,-0.3764775712349121
ACCCGT,0.032523191705560145
ACCCGC,0.2066142493629992
ACCCGG,-0.587786664902119
ACCGAA,0.01092907053219023
ACCGAT,-0.34409616173187224
ACCGAC,0.12405264866997882
ACCGAG,0.42744401482693967
ACCGTA,-0.47718928890661
ACCGTT,-0.33468492604711714
ACCGTC,-0.05715841383994864
ACCGTG,0.0
ACCGCA,-0.12516314295400605
ACCGCT,-0.173953307123438
ACCGCC,-0.13976194237515874
ACCGCG,0.04546237407675741
ACCGGA,-0.9219887529887928
ACCGGT,-0.1272617796109272
ACCGGC,-0.3053816495511819
ACCGGG,-1.0531499145913523
ACGAAA,0.019020324679030084
ACGAAT,-0.09686297514738564
ACGAAC,0.21184399606027632
ACGAAG,0.03531000261273929
ACGATA,0.14660347419187544
ACGATT,0.09671741950180622
ACGATC,-0.9579124065649746
ACGATG,0.40964047951864513
ACGACA,0.19334988783543275
ACGACT,-0.04233436382656077
ACGACC,0.39749693845898754
ACGACG,0.48809737268843456
ACGAGA,0.25160601597797133
ACGAGT,-0.1028573854397077
ACGAGC,0.24033595185458262
ACGAGG,0.5172565140962812
ACGTAA,-0.24379833034495585
ACGTAT,-0.05881302711808407
ACGTAC,-0.2739518796398789
ACGTAG,-0.04750233398500325
ACGTTA,0.058722135816131345
ACGTTT,0.07813370295761234
ACGTTC,0.10117640913525232
ACGTTG,0.03208831455150045
ACGTCA,0.4560751089945824
ACGTCT,-0.13976194237515874
ACGTCC,0.21278076427866321
ACGTCG,0.1690763300439341
ACGTGA,-0.06785747539563489
ACGTGT,0.06556468849288309
ACGTGC,-0.6061358035703156
ACGTGG,-0.03109058707003112
ACGCAA,0.01680711831638119
ACGCAT,0.24291605858207443
ACGCAC,0.07145896398214505
ACGCAG,-0.18669793139375346
ACGCTA,-0.04348511193973878
ACGCTT,0.5108256237659906
ACGCTC,0.27054579020879355
ACGCTG,-0.2824050153509372
ACGCCA,0.28030196515415834
ACGCCT,0.5862493855832326
ACGCCC,0.05480823649499516
ACGCCG,-0.5538851132264375
ACGCGA,-0.6374582746993567
ACGCGT,0.20025925748062184
ACGCGC,0.5425743220805709
ACGCGG,-0.34662460808523093
ACGGAA,-0.46216045178470966
ACGGAT,-0.8628899551470398
ACGGAC,-0.2682639865946794
ACGGAG,0.11551288712184424
ACGGTA,-0.0071174677688638785
ACGGTT,-0.2663012774268307
ACGGTC,0.13353139262452257
ACGGTG,-0.06124362524071855
ACGGCA,-0.21511137961694557
ACGGCT,-0.300104592450338
ACGGCC,-0.76080582903376
ACGGCG,0.09531017980432493
ACGGGA,-0.16126814759612226
ACGGGT,0.11093156070728181
ACGGGC,0.027651531330510164
ACGGGG,0.501069448820626
AGAAAA,0.016291235053288056
AGAAAT,0.05101485919154311
AGAAAC,-0.1107306858324201
AGAAAG,0.17618656822643886
AGAATA,-0.2876820724517809
AGAATT,-0.29598087526647593
AGAATC,-0.30575309758368274
AGAATG,-0.35417181372061374
AGAACA,-0.2832605471939036
AGAACT,-0.1513178167429542
AGAACC,0.1531511794941748
AGAACG,-0.169076330043934
AGAAGA,-0.07364328813049036
AGAAGT,-0.031090587070031005
AGAAGC,0.3908663086870116
AGAAGG,0.2174778137785323
AGATAA,-0.06066396788478399
AGATAT,-0.015571562143774871
AGATAC,-0.0850431491645808
AGATAG,-0.04970549604112014
AGATTA,-0.35417181372061374
AGATTT,-0.3533086285138026
AGATTC,-0.5213945751152249
AGATTG,-0.15250999036979834
AGATCA,-0.8864625055861096
AGATCT,-1.9263319863609882
AGATCC,-1.379452829303174
AGATCG,-0.6392188385343897
AGATGA,0.4008603417214161
AGATGT,0.16817551023704888
AGATGC,-0.013468217050866593
AGATGG,-0.001816530926397894
AGACAA,0.21137870973462322
AGACAT,0.17631225163011072
AGACAC,0.26341745045214976
AGACAG,-0.22734523816790989
AGACTA,-0.20079030553346178
AGACTT,-0.3117570197970675
AGACTC,-0.0704332750489203
AGACTG,0.006543098588935887
AGACCA,-0.48835276791393206
AGACCT,-0.132489183046079
AGACCC,-0.2204733227583309
AGACCG,0.29826418178231784
AGACGA,0.23115427506028888
AGACGT,0.32346627294207897
AGACGC,0.3889358061569537
AGACGG,0.38566248081198473
AGAGAA,0.06762018767497929
AGAGAT,0.11214677534218535
AGAGAC,-0.25722286496707236
AGAGAG,0.3053816495511819
AGAGTA,-0.2211904256933276
AGAGTT,-0.2882916427236278
AGAGTC,0.1761865682264387
AGAGTG,0.2538522079333761
AGAGCA,-0.16362942378180204
AGAGCT,-0.338634399625708
AGAGCC,0.8380385349744067
AGAGCG,0.27663223626519595
AGAGGA,0.29695570923711023
AGAGGT,0.6975524740278617
AGAGGC,0.37998602280717947
AGAGGG,0.6642990262222869
AGTAAA,-0.1092436417964698
AGTAAT,-0.11703926470353872
AGTAAC,-0.04096743848822291
AGTAAG,0.19215390899536677
AGTATA,0.03855184598571586
AGTATT,0.0
AGTATC,0.11684889266458655
AGTATG,0.11006640669523904
AGTACA,-0.15241757714042342
AGTACT,-0.2016802866635035
AGTACC,0.35167493352202656
AGTACG,0.0329700192375699
AGTAGA,-0.12418226989841412
AGTAGT,0.20980317902542378
AGTAGC,0.1196028723733694
AGTAGG,0.2329958477572214
AGTTAA,0.057090412071876456
AGTTAT,0.035191458336313326
AGTTAC,-0.3099923134567456
AGTTAG,0.03139685406067207
AGTTTA,-0.27614518957263384
AGTTTT,-0.1227969002303756
AGTTTC,-0.2915208487589466
AGTTTG,-0.1650158096963622
AGTTCA,-0.04524196411333466
AGTTCT,-0.43615805450757056
AGTTCC,-0.4919387061119912
AGTTCG,0.03309994842634471
AGTTGA,0.24802930053178696
AGTTGT,0.12825433552367885
AGTTGC,-0.06837729744473674
AGTTGG,0.37122653457904303
AGTCAA,0.1737311095889165
AGTCAT,0.30480506336884067
AGTCAC,0.4020924236295252
AGTCAG,0.24656382552230818
AGTCTA,-0.09640487066350646
AGTCTT,-0.22727294465622103
AGTCTC,0.2104691104174819
AGTCTG,0.009132483563272472
AGTCCA,-0.27111705557708576
AGTCCT,-0.16362942378180204
AGTCCC,-0.15113862935726674
AGTCCG,-0.012422519998557096
AGTCGA,0.12361395596717663
AGTCGT,0.2066142493629992
AGTCGC,0.12136085700426734
AGTCGG,-0.2231435513142097
AGTGAA,0.1724824792089659
AGTGAT,0.2672298835868055
AGTGAC,0.176520235229868
AGTGAG,0.5340824859302579
AGTGTA,0.1037035144501968
AGTGTT,0.13335824744185462
AGTGTC,0.18523488733231194
AGTGTG,0.1570437496096861
AGTGCA,-0.1564521768155375
AGTGCT,0.1278333715098848
AGTGCC,0.31955728098222996
AGTGCG,-0.4462871026284195
AGTGGA,-0.28589476187768514
AGTGGT,0.25110436631185307
AGTGGC,0.17205189015649855
AGTGGG,0.5447271754416719
AGCAAA,-0.021688234391640682
AGCAAT,-0.12111806376019744
AGCAAC,0.0329306778130118
AGCAAG,-0.03701146497681926
AGCATA,0.04418786777536008
AGCATT,-0.007754288780005259
AGCATC,0.16500752472653993
AGCATG,-0.4343764516025845
AGCACA,0.08919557880447093
AGCACT,0.1852670670237115
AGCACC,0.561321787780523
AGCACG,0.28125118212149064
AGCAGA,-0.2363887780642304
AGCAGT,0.4198538455602639
AGCAGC,0.21947382242524735
AGCAGG,0.028987536873252406
AGCTAA,-0.0195163404347911
AGCTAT,0.19073523107098847
AGCTAC,0.03045920748470844
AGCTAG,-0.012170535620255179
AGCTTA,-0.2514192445904199
AGCTTT,0.061751710230391985
AGCTTC,0.05675281659244963
AGCTTG,-0.13738758431469658
AGCTCA,-0.119959315078979
AGCTCT,-0.08737363020858856
AGCTCC,-0.09984533496971626
AGCTCG,0.04380262265839284
AGCTGA,0.11871630683938197
AGCTGT,0.03503277351577023
AGCTGC,0.0035778213478841235
AGCTGG,-0.173953307123438
AGCCAA,-0.38395890288720075
AGCCAT,0.08434114843375096
AGCCAC,0.7331525151736445
AGCCAG,-0.4655293488508146
AGCCTA,-0.36860351480400616
AGCCTT,-0.20369641637868816
AGCCTC,0.8056251639866356
AGCCTG,-0.02197890671877534
AGCCCA,-0.11034805716886534
AGCCCT,-0.06578774053800303
AGCCCC,0.6784410331702498
AGCCCG,0.3364722366212129
AGCCGA,-0.014184634991956413
AGCCGT,0.033901551675681416
AGCCGC,0.08535984895115685
AGCCGG,-0.38299225225610584
AGCGAA,0.15415067982725836
AGCGAT,0.3062101500128232
AGCGAC,0.5952429655785738
AGCGAG,0.538224597954105
AGCGTA,-0.13580154115906176
AGCGTT,0.4036149688200028
AGCGTC,0.5340824859302579
AGCGTG,0.0454623740767572
AGCGCA,0.4766926173965321
AGCGCT,0.49703230163365497
AGCGCC,0.8277373345327098
AGCGCG,-0.496436886313891
AGCGGA,0.10109611687136881
AGCGGT,0.31893461595588546
AGCGGC,-0.24512245803298496
AGCGGG,0.19470561599367636
AGGAAA,-0.09143420595963184
AGGAAT,-0.20238911984476396
AGGAAC,-0.26043933605790665
AGGAAG,0.09483410267083896
AGGATA,-0.2289599366356496
AGGATT,-0.1256491696950436
AGGATC,-1.0422938580778862
AGGATG,0.2597649060027465
AGGACA,0.0474022388945839
AGGACT,-0.275847614804778
AGGACC,-0.38711596943996784
AGGACG,0.0937324776627072
AGGAGA,0.849383366878225
AGGAGT,1.0335616036268973
AGGAGC,0.4914075379088891
AGGAGG,1.9348603128687283
AGGTAA,-0.11191791620398532
AGGTAT,-0.0016934805063331428
AGGTAC,-0.05210691679542583
AGGTAG,0.11218648072822626
AGGTTA,-0.13635349370515687
AGGTTT,-0.20694467909556608
AGGTTC,-0.04652001563489282
AGGTTG,0.13566586515315518
AGGTCA,0.22099069795310872
AGGTCT,-0.2719337154836418
AGGTCC,-0.5364933705145686
AGGTCG,0.05715841383994862
AGGTGA,0.7270487322356267
AGGTGT,0.7681102190334006
AGGTGC,0.3819927519230222
AGGTGG,1.0315567765213844
AGGCAA,-0.14107859825990549
AGGCAT,0.10383960281711972
AGGCAC,0.27763173659827955
AGGCAG,-0.27510329024492075
AGGCTA,-0.20196855417775114
AGGCTT,0.016260520871780326
AGGCTC,0.39176626375000245
AGGCTG,0.12861737782209354
AGGCCA,-0.5477813302884199
AGGCCT,-0.42608439531090014
AGGCCC,-0.6418538861723948
AGGCCG,0.12576938728903359
AGGCGA,0.552210839928845
AGGCGT,0.39768296766610944
AGGCGC,0.34000789145352067
AGGCGG,-0.29598087526647593
AGGGAA,-0.003120127336243634
AGGGAT,0.11279549414534429
AGGGAC,0.06090875308699252
AGGGAG,1.2494351784026934
AGGGTA,-0.36265701561627983
AGGGTT,-0.2231435513142097
AGGGTC,-1.0930412436186543
AGGGTG,0.5272194335416671
AGGGCA,0.1977338357888414
AGGGCT,0.4013070979595007
AGGGCC,0.03125254350410453
AGGGCG,0.0
AGGGGA,0.6546808997321493
AGGGGT,0.658955815811666
AGGGGC,0.8938178760220965
AGGGGG,1.1574527886910433
TAAAAA,0.20006131327196452
TAAAAT,0.09252772962530006
TAAAAC,0.13561817911800172
TAAAAG,0.1642084483868966
TAAATA,0.09031753561463464
TAAATT,-0.1472497741472565
TAAATC,0.04752025261649828
TAAATG,0.04756665666718238
TAAACA,-0.04624239209063339
TAAACT,-0.24898328189673102
TAAACC,-0.12010206932778245
TAAACG,0.06289603514006778
TAAAGA,0.058625912352317476
TAAAGT,0.083201466626137
TAAAGC,0.052547213047144305
TAAAGG,0.26432385516950024
TAATAA,-0.022209630646477147
TAATAT,-0.020163442742995145
TAATAC,-0.07272293038106026
TAATAG,-0.041716900831332664
TAATTA,-0.04780445684467275
TAATTT,-0.14266878487396076
TAATTC,-0.2208220180602891
TAATTG,-0.101834305881268
TAATCA,0.12822337625060026
TAATCT,-0.25806318256810057
TAATCC,-0.5956918444092323
TAATCG,-0.0674822971815846
TAATGA,0.25706380314229793
TAATGT,0.07956839773403793
TAATGC,-0.22372309349212283
TAATGG,-0.1651139846245279
TAACAA,-0.004209489935136933
TAACAT,0.04087725687831407
TAACAC,0.012747572822502684
TAACAG,0.06030060024302117
TAACTA,-0.023053762868323772
TAACTT,0.13994190715396637
TAACTC,-0.09369987349822086
TAACTG,-0.08266590573012778
TAACCA,-0.30299895047670256
TAACCT,-0.1749847667301004
TAACCC,-0.4462871026284195
TAACCG,-0.5431545108813508
TAACGA,0.03603993648319687
TAACGT,-0.03136145520405142
TAACGC,0.12297506235880863
TAACGG,0.1376213778760477
TAAGAA,-0.16957170282207204
TAAGAT,-0.21708441544280369
TAAGAC,-0.0604026215935228
TAAGAG,-0.24452257799100052
TAAGTA,-0.04843736825820525
TAAGTT,-0.179971379449001
TAAGTC,0.15570227051867716
TAAGTG,-0.0029368596733097135
TAAGCA,-0.3206085726480454
TAAGCT,-0.2876820724517809
TAAGCC,-0.37396644104879345
TAAGCG,0.21425460389696366
TAAGGA,0.10690491750920038
TAAGGT,-0.1799148167633897
TAAGGC,-0.36155192101823636
TAAGGG,0.07750356115486004
TATAAA,0.1379929696867242
TATAAT,0.006624534915624735
TATAAC,0.2019225958313243
TATAAG,-0.18680664280131087
TATATA,0.05157782988527336
TATATT,0.11499140871878763
TATATC,0.024408964878924928
TATATG,-0.05723032783084655
TATACA,0.11158718583808612
TATACT,0.14373994380941976
TATACC,0.15535044001916243
TATACG,-0.0777487528743776
TATAGA,0.15942773692810217
TATAGT,0.1796934343876852
TATAGC,0.1679516165110019
TATAGG,-0.09883441252685458
TATTAA,-0.03632320233008658
TATTAT,-0.07144600045502834
TATTAC,-0.05096644359202752
TATTAG,-0.25252581546720315
TATTTA,0.08663378440753473
TATTTT,0.223887875874067
TATTTC,0.06814958261055395
TATTTG,-0.03621921014952469
TATTCA,0.01593002651174004
TATTCT,-0.19865253130591398
TATTCC,-0.20780528021705658
TATTCG,-0.08223809823697212
TATTGA,0.05020307896204222
TATTGT,0.006152219485198049
TATTGC,-0.11109404750558688
TATTGG,-0.20595316132723182
TATCAA,0.08058966387598133
TATCAT,0.3012877245075595
TATCAC,0.17705244411394278
TATCAG,-0.20430046351272993
TATCTA,0.029262965855630787
TATCTT,-0.038826831443994174
TATCTC,0.04525659158812086
TATCTG,-0.3443774161283263
TATCCA,-0.16354518842817442
TATCCT,-0.048790164169432056
TATCCC,-0.21868920096482944
TATCCG,-0.5596157879354228
TATCGA,0.1700337260002613
TATCGT,0.17901874640527168
TATCGC,0.1798630429557474
TATCGG,-0.06676817646484026
TATGAA,0.01403242175262341
TATGAT,0.10021288884816557
TATGAC,0.02229391695921276
TATGAG,-0.12361395596717664
TATGTA,0.09133504030332171
TATGTT,-0.0013431835464676259
TATGTC,0.26461679952078493
TATGTG,0.08140727463533343
TATGCA,-0.07448165647786113
TATGCT,-0.03189954900500815
TATGCC,-0.17351092711179963
TATGCG,-0.17776574025809397
TATGGA,-0.3063191984505253
TATGGT,-0.26837932019725225
TATGGC,-0.09977115374495017
TATGGG,-0.1658828304507947
TACAAA,0.002472189145389073
TACAAT,-0.03225204383718802
TACAAC,0.02663359764780987
TACAAG,-0.13175898951235723
TACATA,-0.009135360429099735
TACATT,-0.04283658436932712
TACATC,0.06899287148695142
TACATG,-0.03210324538441731
TACACA,0.09560434071246164
TACACT,0.10389959501815145
TACACC,0.22648245257972444
TACACG,-0.186815946381794
TACAGA,-0.3229888862839259
TACAGT,0.006052763831351252
TACAGC,-0.2674793651342614
TACAGG,-0.5980221687961459
TACTAA,-0.09395240634386438
TACTAT,0.11490888052652071
TACTAC,0.06706423058054584
TACTAG,-0.22209036532955112
TACTTA,0.004677589551110997
TACTTT,0.13977431868936877
TACTTC,0.09071139544159444
TACTTG,-0.05810043032052783
TACTCA,0.17131848344962372
TACTCT,-0.22211738395889769
TACTCC,0.0038535693159899723
TACTCG,-0.032789822822990956
TACTGA,-0.08967106711655456
TACTGT,-0.0779615414697118
TACTGC,0.44435597875824906
TACTGG,-0.5366950037444077
TACCAA,-0.15082288973458366
TACCAT,-0.29338009356641864
TACCAC,0.2947243550771938
TACCAG,-0.19129022677671495
TACCTA,-0.026821531194563153
TACCTT,-0.028901604072649446
TACCTC,0.4150699104278981
TACCTG,-0.3265020643013629
TACCCA,-0.1557367229828931
TACCCT,0.05218575317057025
TACCCC,0.2516716349287479
TACCCG,-0.2926696139628201
TACCGA,-0.02985296314968116
TACCGT,-0.18451213817377327
TACCGC,-0.11576079027561557
TACCGG,-0.4637340162321402
TACGAA,0.07133753844620559
TACGAT,-0.19675182162298346
TACGAC,0.06733312006858695
TACGAG,-0.1524685936442735
TACGTA,-0.1051431007205638
TACGTT,0.15149719859357963
TACGTC,-0.16750647100881408
TACGTG,-0.3993860620317823
TACGCA,0.050430853626891904
TACGCT,0.016201974576280406
TACGCC,0.0
TACGCG,-0.535961597037533
TACGGA,-0.5877866649021192
TACGGT,-0.41021571086676223
TACGGC,-0.1823215567939546
TACGGG,0.25360275879891836
TAGAAA,0.10626672324136455
TAGAAT,-0.1427219840036355
TAGAAC,-0.2924897740198841
TAGAAG,0.055840823825179964
TAGATA,-0.07503016584999211
TAGATT,-0.36504560906526895
TAGATC,-0.9870598027623622
TAGATG,0.1566538100453768
TAGACA,0.2350383389663589
TAGACT,-0.34813108622491623
TAGACC,-0.48550781578170077
TAGACG,0.4634795031687924
TAGAGA,0.02968145127206313
TAGAGT,-0.05908891637000644
TAGAGC,0.322773392263051
TAGAGG,0.24256163717131143
TAGTAA,-0.08173767286497141
TAGTAT,-0.045207620505535256
TAGTAC,0.0195781626943252
TAGTAG,0.18790231770309368
TAGTTA,0.06559170712222988
TAGTTT,-0.19727681797944646
TAGTTC,-0.33911424608405166
TAGTTG,0.11348763833671766
TAGTCA,0.34222121444813464
TAGTCT,-0.11141358737090365
TAGTCC,-0.35065687161316944
TAGTCG,0.03103210924772846
TAGTGA,0.19896275311699507
TAGTGT,0.02309939424802984
TAGTGC,-0.035566830994742525
TAGTGG,0.16644820763766457
TAGCAA,-0.012500162764231494
TAGCAT,-0.019535818329815782
TAGCAC,0.2481002832880773
TAGCAG,-0.039220713153281385
TAGCTA,0.08757097409432811
TAGCTT,-0.08727800810706064
TAGCTC,-0.09934244333226336
TAGCTG,-0.001816530926397894
TAGCCA,-0.12679579637789123
TAGCCT,-0.025595547188963768
TAGCCC,0.09262148988039648
TAGCCG,0.024097551579060524
TAGCGA,0.3566749439387324
TAGCGT,0.07381215792290031
TAGCGC,0.41931051493021737
TAGCGG,-0.20173964265105623
TAGGAA,-0.32500860324845565
TAGGAT,-0.3399933670197918
TAGGAC,-0.15113862935726674
TAGGAG,0.7973387890127898
TAGGTA,-0.1434553907105103
TAGGTT,-0.25754497803154214
TAGGTC,-0.041242958534049134
TAGGTG,0.3293335983344114
TAGGCA,-0.21309321546070834
TAGGCT,-0.04196419909903219
TAGGCC,-0.4201712554978597
TAGGCG,0.05608946665104358
TAGGGA,0.17473138752727904
TAGGGT,-0.3323822513696877
TAGGGC,0.0
TAGGGG,0.4170706542284723
TTAAAA,0.17240000830295713
TTAAAT,0.06318471424014548
TTAAAC,-0.10068653684070523
TTAAAG,0.036482198269172865
TTAATA,-0.016674366142369477
TTAATT,-0.02469261259037141
TTAATC,-0.10366677439526624
TTAATG,0.01793770068666725
TTAACA,-0.02279583348588094
TTAACT,-0.008971265494342304
TTAACC,-0.32142452056207027
TTAACG,-0.001624695727001922
TTAAGA,-0.15754152779546768
TTAAGT,-0.11094489395172687
TTAAGC,-0.2801944324910083
TTAAGG,-0.11778303565638351
TTATAA,0.03673379757766038
TTATAT,0.0719199571190194
TTATAC,0.14320709662913866
TTATAG,0.07943054151785275
TTATTA,-0.05815983902859573
TTATTT,0.11860083685205963
TTATTC,-0.08803334948532279
TTATTG,-0.13117404562701368
TTATCA,0.12629372532429206
TTATCT,-0.021698362461078917
TTATCC,-0.30010459245033816
TTATCG,0.02020270731751947
TTATGA,0.004876736839292768
TTATGT,0.04901919802927194
TTATGC,-0.005698021114637779
TTATGG,-0.29213642280116114
TTACAA,0.014147220725892432
TTACAT,0.005376357036380496
TTACAC,-0.019148818838760902
TTACAG,-0.35689714147325396
TTACTA,-0.18298534706061115
TTACTT,0.08152960066493604
TTACTC,-0.12378781609714036
TTACTG,0.055467081512872454
TTACCA,-0.3624832855344793
TTACCT,-0.2639015437863774
TTACCC,-0.282862786015832
TTACCG,-0.24347597994728537
TTACGA,-0.16126814759612226
TTACGT,-0.033336420267591836
TTACGC,-0.2004888607494036
TTACGG,-0.4425467830126963
TTAGAA,-0.13884296543806898
TTAGAT,-0.327333570887937
TTAGAC,0.0941244423909003
TTAGAG,0.0046838493124264375
TTAGTA,-0.06488568309210814
TTAGTT,-0.081761876828314
TTAGTC,0.06684001812585044
TTAGTG,-0.07307056787648648
TTAGCA,-0.07354390332237022
TTAGCT,-0.1165574380241994
TTAGCC,-0.25901417758220907
TTAGCG,0.28271928310965194
TTAGGA,-0.054774622484672346
TTAGGT,-0.14316620098195995
TTAGGC,-0.1665731998258155
TTAGGG,0.08814838677670496
TTTAAA,0.18474874245156583
TTTAAT,0.03487381100049432
TTTAAC,0.03565220861898507
TTTAAG,-0.14990889191889517
TTTATA,0.17064685286750228
TTTATT,0.13771505907898277
TTTATC,0.09992867177546473
TTTATG,0.14886642053628388
TTTACA,0.037283197410330274
TTTACT,-0.09474885506323187
TTTACC,-0.2492407165376837
TTTACG,-0.27462550714935324
TTTAGA,-0.12694726474750728
TTTAGT,0.10536051565782614
TTTAGC,-0.08395660699467275
TTTAGG,-0.056633341630457926
TTTTAA,0.14797433032487275
TTTTAT,0.21553471809430058
TTTTAC,-0.03723768911828116
TTTTAG,0.0529057645031188
TTTTTA,0.1778996110677639
TTTTTT,-0.2521837045353734
TTTTTC,-0.10936707720028493
TTTTTG,0.011003715656861413
TTTTCA,0.2443739861281111
TTTTCT,-0.004104674824132274
TTTTCC,-0.3019680296992574
TTTTCG,-0.03325385995428737
TTTTGA,0.055894447441033474
TTTTGT,0.014388737452099452
TTTTGC,-0.16713139129997942
TTTTGG,-0.20851477767088594
TTTCAA,0.2370326634748769
TTTCAT,0.13846155873238142
TTTCAC,0.12152135776699059
TTTCAG,-0.07283732395226614
TTTCTA,0.11641678190623628
TTTCTT,-0.001025115415245297
TTTCTC,0.002114910904626034
TTTCTG,-0.08447730474140216
TTTCCA,-0.2512344890346906
TTTCCT,-0.10381569888151947
TTTCCC,-0.4029462150886805
TTTCCG,-0.45639797718995695
TTTCGA,0.041769412876295146
TTTCGT,0.011661939747842957
TTTCGC,0.06805346324501557
TTTCGG,-0.22912562299175715
TTTGAA,0.08215761857816248
TTTGAT,0.04788453410770249
TTTGAC,-0.08508644858004528
TTTGAG,0.05932009333700357
TTTGTA,0.010816231309156694
TTTGTT,0.03677340599425489
TTTGTC,0.0460439385014068
TTTGTG,0.023716526617316065
TTTGCA,-0.2799600263578706
TTTGCT,-0.12937913752375527
TTTGCC,-0.2767530019195907
TTTGCG,-0.102556588325092
TTTGGA,-0.2707425301134887
TTTGGT,-0.4183757561454225
TTTGGC,-0.2466159074993519
TTTGGG,-0.2716052543212207
TTCAAA,0.17515627759336816
TTCAAT,0.14864503043457075
TTCAAC,0.05767567752664033
TTCAAG,-0.01088939979926832
TTCATA,0.05129329438755048
TTCATT,0.29077106148279097
TTCATC,0.2707237148454708
TTCATG,-0.22407335147417629
TTCACA,-0.0478912877044149
TTCACT,0.09056535674107934
TTCACC,0.034887259000440755
TTCACG,-0.2231435513142097
TTCAGA,-0.17346838025706957
TTCAGT,0.03090753746307649
TTCAGC,-0.2684992530350071
TTCAGG,-0.22034895238319396
TTCTAA,-0.07158907913423805
TTCTAT,0.06130052586379588
TTCTAC,-0.011049836186584935
TTCTAG,-0.2763374773809094
TTCTTA,-0.22299144849240915
TTCTTT,0.0978949126990565
TTCTTC,0.015183176421390028
TTCTTG,-0.30445242538644157
TTCTCA,-0.07196281580733359
TTCTCT,-0.023065272930996104
TTCTCC,0.3409265869705932
TTCTCG,-0.379319828003842
TTCTGA,-0.31442649391791877
TTCTGT,-0.13864649329129303
TTCTGC,-0.3440422954817582
TTCTGG,-0.4585749334221128
TTCCAA,-0.23658225779783193
TTCCAT,-0.2991858969332655
TTCCAC,-0.17807526591250353
TTCCAG,-0.9071582483108824
TTCCTA,-0.18534727771049164
TTCCTT,-0.2971132650627526
TTCCTC,0.5919072925719462
TTCCTG,-0.6015799870344549
TTCCCA,-0.4588303286476104
TTCCCT,-0.17015102117369937
TTCCCC,0.21760337093859425
TTCCCG,-0.554842509182765
TTCCGA,-0.34509297966512
TTCCGT,-0.40004504063882523
TTCCGC,0.16251892949777494
TTCCGG,-0.7419373447293773
TTCGAA,0.02887442109913702
TTCGAT,0.09440150186810682
TTCGAC,0.1031842362352308
TTCGAG,0.12981161152199072
TTCGTA,-0.3195754362277347
TTCGTT,0.11260167691438586
TTCGTC,0.22921030399644726
TTCGTG,-0.060855275721274846
TTCGCA,0.03045920748470844
TTCGCT,0.21473307280561327
TTCGCC,0.2379586370993503
TTCGCG,-0.19971329950582378
TTCGGA,-0.6210438866586014
TTCGGT,-0.38441169891033206
TTCGGC,-0.11170398958000129
TTCGGG,0.05129329438755069
TTGAAA,0.2131338840958852
TTGAAT,0.04235927383914164
TTGAAC,-0.14071356814086766
TTGAAG,0.11756754163550859
TTGATA,0.1116438309617599
TTGATT,0.05955097962653215
TTGATC,-0.9073621011298538
TTGATG,0.2005638635620443
TTGACA,-0.2213237145972237
TTGACT,0.0
TTGACC,-0.4918226766403753
TTGACG,0.109071095054362
TTGAGA,-0.020834086902842025
TTGAGT,-0.10097591734000222
TTGAGC,0.17210366741076233
TTGAGG,0.22483416879211715
TTGTAA,0.04627584520271894
TTGTAT,0.0465446252646422
TTGTAC,-0.42935332328285997
TTGTAG,0.024956731973867458
TTGTTA,0.056067157422830284
TTGTTT,-0.07299376591031834
TTGTTC,-0.026145280104322245
TTGTTG,0.05980178970393952
TTGTCA,0.09630482634801843
TTGTCT,0.06997857881171067
TTGTCC,0.029462032730316067
TTGTCG,0.1386969359254181
TTGTGA,0.05858940146543093
TTGTGT,-0.048229783095647266
TTGTGC,-0.10307218513981406
TTGTGG,0.08602905863951922
TTGCAA,-0.2930249168622763
TTGCAT,-0.29603419295996525
TTGCAC,-0.06017776100613907
TTGCAG,-0.1949533036998553
TTGCTA,-0.03582841525513984
TTGCTT,0.06818151241607226
TTGCTC,-0.01608613775162438
TTGCTG,-0.21996389839683
TTGCCA,-0.3286290591601871
TTGCCT,0.011457795621381358
TTGCCC,-0.2680460979349219
TTGCCG,0.04586341679318121
TTGCGA,0.1009259185899605
TTGCGT,0.0757725584723302
TTGCGC,-0.04266644631890295
TTGCGG,-0.056695343676545176
TTGGAA,-0.25064080077143186
TTGGAT,-0.347970503308586
TTGGAC,-0.3961627154458509
TTGGAG,0.24663153262142334
TTGGTA,-0.4081550895553734
TTGGTT,-0.3906059937044145
TTGGTC,-0.6090640633494039
TTGGTG,0.0839464211540099
TTGGCA,-0.0071174677688638785
TTGGCT,-0.3581024959299177
TTGGCC,-0.45802743819901987
TTGGCG,0.29437106060257756
TTGGGA,0.011331566009550018
TTGGGT,-0.1936945469662246
TTGGGC,-0.47889257666298146
TTGGGG,1.0093009270930382
TCAAAA,0.07895486421569904
TCAAAT,-0.048790164169431945
TCAAAC,-0.019452425926815405
TCAAAG,0.10892812557810141
TCAATA,0.10703696198507856
TCAATT,0.05676103652496395
TCAATC,0.03509131981127019
TCAATG,0.08485653546011905
TCAACA,0.07588469752487288
TCAACT,0.20534315251789434
TCAACC,-0.14574103343121672
TCAACG,0.15600424847658118
TCAAGA,-0.24607852259670573
TCAAGT,-0.1878096144727299
TCAAGC,0.09945207897165986
TCAAGG,0.1823215567939546
TCATAA,-0.04540320072841616
TCATAT,0.1751493949019605
TCATAC,0.25035082608642023
TCATAG,0.12281617246916757
TCATTA,0.21745201631442182
TCATTT,0.4336965012780926
TCATTC,0.12427206721172586
TCATTG,0.1862000361225255
TCATCA,0.3933763107891602
TCATCT,0.3699615794135773
TCATCC,0.09734122649120654
TCATCG,0.4834266495778763
TCATGA,0.12960412726781906
TCATGT,0.03343880293998284
TCATGC,0.049190244190771566
TCATGG,-0.222358929853792
TCACAA,0.09754092694119613
TCACAT,0.08169077157192162
TCACAC,-0.05206885563113032
TCACAG,-0.258861633916289
TCACTA,0.02863181267432708
TCACTT,0.2896840751224541
TCACTC,0.6666959944727756
TCACTG,-0.08829260714567831
TCACCA,-0.1466034741918754
TCACCT,0.625745788872697
TCACCC,0.30666452336407096
TCACCG,-0.5465437063680699
TCACGA,0.16251892949777474
TCACGT,-0.2550112901622323
TCACGC,-0.35124355394152557
TCACGG,-1.1735135968412274
TCAGAA,-0.2753725779804918
TCAGAT,-0.5141534138586655
TCAGAC,0.13170934535457782
TCAGAG,-0.13157635778871932
TCAGTA,-0.08299691957096791
TCAGTT,-0.04348511193973878
TCAGTC,0.36524030679765546
TCAGTG,-0.4190972568982222
TCAGCA,-0.10885440491208216
TCAGCT,0.14943544587691215
TCAGCC,0.18632957819149354
TCAGCG,-0.41494385206270806
TCAGGA,-0.015435808129839362
TCAGGT,-0.45088258779895707
TCAGGC,0.07042246429654579
TCAGGG,0.027651531330510164
TCTAAA,-0.12345520060884993
TCTAAT,-0.13992724529313166
TCTAAC,-0.13501543939701757
TCTAAG,-0.22361402885758574
TCTATA,0.06406581963975948
TCTATT,-0.013457428342328798
TCTATC,0.2601680962510044
TCTATG,0.06899287148695142
TCTACA,-0.12238459156928182
TCTACT,-0.023716526617316044
TCTACC,-0.048790164169431945
TCTACG,-0.2702903297399117
TCTAGA,-0.5479072986705227
TCTAGT,0.03605904981570264
TCTAGC,-0.29673190797169874
TCTAGG,-0.27510329024492075
TCTTAA,-0.24797112057405543
TCTTAT,-0.30352506976516996
TCTTAC,-0.06721351158687407
TCTTAG,-0.10018585986780879
TCTTTA,0.04676635139177345
TCTTTT,0.1714943076259009
TCTTTC,0.0013708021337786216
TCTTTG,-0.12745830117980186
TCTTCA,0.06004531944578388
TCTTCT,-0.21964228339195507
TCTTCC,-0.10868830575050098
TCTTCG,-0.2691286645560332
TCTTGA,-0.2709614256647026
TCTTGT,-0.32488462144882496
TCTTGC,-0.4314803472494002
TCTTGG,-0.4639368765634981
TCTCAA,-0.05724454277501752
TCTCAT,0.026072240309775105
TCTCAC,-0.33840087752761844
TCTCAG,-0.07464354299576584
TCTCTA,0.03256331126184313
TCTCTT,-0.09928949265580612
TCTCTC,0.4172995657551673
TCTCTG,-0.10852623119585121
TCTCCA,-0.06217724495189141
TCTCCT,0.733556718897822
TCTCCC,0.47730293172734717
TCTCCG,-0.4252677354043441
TCTCGA,0.06078489106912177
TCTCGT,-0.04196419909903208
TCTCGC,0.03233538064293645
TCTCGG,0.05480823649499516
TCTGAA,-0.17852648582540295
TCTGAT,-0.38776553100876343
TCTGAC,-0.07288771574849251
TCTGAG,-0.3364722366212129
TCTGTA,-0.1823215567939547
TCTGTT,-0.07195145352669671
TCTGTC,0.13299245431991238
TCTGTG,-0.23399356733827556
TCTGCA,-0.49207958094493537
TCTGCT,-0.08842547102682764
TCTGCC,-0.33306507829959864
TCTGCG,-0.32690278560506225
TCTGGA,-0.7884573603642702
TCTGGT,-0.5285977935117885
TCTGGC,-0.4342145213941503
TCTGGG,-0.25270235355575416
TCCAAA,-0.16211884947643523
TCCAAT,-0.25031210462871845
TCCAAC,-0.03585730989085264
TCCAAG,-0.36314048370337426
TCCATA,-0.2698047749840744
TCCATT,-0.3547765914832264
TCCATC,-0.22978809403287825
TCCATG,-0.5322609044860558
TCCACA,-0.2182191657035317
TCCACT,-0.14323416808590794
TCCACC,0.45563920819869985
TCCACG,-0.048790164169431945
TCCAGA,-0.8287597393882926
TCCAGT,-0.22524660151098863
TCCAGC,-0.5615187380815089
TCCAGG,-0.2926696139628201
TCCTAA,-0.008298802814695066
TCCTAT,0.10536051565782635
TCCTAC,0.1013282521298878
TCCTAG,-0.09531017980432477
TCCTTA,0.020931836041035642
TCCTTT,0.5734611947574757
TCCTTC,-0.20863886511132804
TCCTTG,-0.09211528890780563
TCCTCA,0.214126357664021
TCCTCT,0.3604917424654333
TCCTCC,1.5216623015517146
TCCTCG,0.011173300598125255
TCCTGA,-0.3502655587535488
TCCTGT,-0.02265802389258399
TCCTGC,-0.2556528298795042
TCCTGG,-0.8280664984593161
TCCCAA,-0.23111172096338656
TCCCAT,-0.17934092865581686
TCCCAC,0.3746934494414107
TCCCAG,-0.06124362524071855
TCCCTA,0.20037834054119733
TCCCTT,0.2769867833350329
TCCCTC,0.646263594661095
TCCCTG,-0.4382549309311553
TCCCCA,0.23256277323070132
TCCCCT,0.2768878273209004
TCCCCC,1.1534205251631047
TCCCCG,-0.4428526401797848
TCCCGA,-0.19782574332991992
TCCCGT,-0.5257142362597415
TCCCGC,0.3566749439387324
TCCCGG,-0.9295359586241757
TCCGAA,-0.378436435720245
TCCGAT,0.09385290880634647
TCCGAC,-0.6151856390902334
TCCGAG,-0.4121096508268329
TCCGTA,-0.7956087615218953
TCCGTT,-0.13066269852004464
TCCGTC,-0.4357704576034934
TCCGTG,-0.9311793443679058
TCCGCA,-0.08701137698962981
TCCGCT,0.20854475189305702
TCCGCC,0.22314355131420976
TCCGCG,-1.599387576580599
TCCGGA,-0.6484112867185537
TCCGGT,-0.6706743247078867
TCCGGC,-0.6312717768418579
TCCGGG,-0.39429180751003917
TCGAAA,0.13487457617099044
TCGAAT,-0.026990935826847653
TCGAAC,0.0713766628422278
TCGAAG,-0.09291496907837012
TCGATA,0.11684889266458655
TCGATT,0.19457017887015376
TCGATC,-1.1760876008364003
TCGATG,0.15800424914324832
TCGACA,0.15800424914324832
TCGACT,0.16989903679539742
TCGACC,0.0
TCGACG,-0.3364722366212129
TCGAGA,-0.2043004635127298
TCGAGT,-0.13394797250973875
TCGAGC,0.0672087496934501
TCGAGG,0.651598177647073
TCGTAA,-0.294799540220645
TCGTAT,0.07871959583323966
TCGTAC,-0.4100522721150705
TCGTAG,-0.20972053098206903
TCGTTA,-0.01354422510775726
TCGTTT,0.2238663558270663
TCGTTC,0.21669884587156757
TCGTTG,0.2432723187448235
TCGTCA,0.18297750958887513
TCGTCT,0.030698986888806686
TCGTCC,0.3364722366212129
TCGTCG,0.5232481437645479
TCGTGA,-0.004338401598598242
TCGTGT,0.0
TCGTGC,0.3236140816778442
TCGTGG,-0.1397619423751586
TCGCAA,0.03593200922606337
TCGCAT,-0.1256615232284634
TCGCAC,-0.06453852113757118
TCGCAG,-0.271373334409857
TCGCTA,0.5873216567560975
TCGCTT,0.29180578963564296
TCGCTC,0.4038535042138228
TCGCTG,-0.6015799870344547
TCGCCA,0.42694413978528845
TCGCCT,0.43703945370675956
TCGCCC,-0.037740327982847086
TCGCCG,-0.5306282510621704
TCGCGA,0.2495303064874047
TCGCGT,-0.10956220251152628
TCGCGC,0.17095779814363948
TCGCGG,-0.6312717768418579
TCGGAA,-0.28611835047559825
TCGGAT,-0.4579115834807069
TCGGAC,0.19716806491094918
TCGGAG,-0.5187937934151675
TCGGTA,-0.48835276791393206
TCGGTT,-0.10354067894084033
TCGGTC,-0.0953101798043249
TCGGTG,-0.3666252747919004
TCGGCA,-0.003992021269537561
TCGGCT,-0.004338401598598242
TCGGCC,0.2345722471378325
TCGGCG,-0.7770286645406473
TCGGGA,-0.24409891649019771
TCGGGT,-0.2674793651342615
TCGGGC,0.22314355131420976
TCGGGG,0.20067069546215124
TGAAAA,0.20912270307227154
TGAAAT,0.01164157501548577
TGAAAC,0.017544309650909525
TGAAAG,0.20372546545710807
TGAATA,-0.057999330012085654
TGAATT,-0.018637125998744543
TGAATC,0.14857485581670132
TGAATG,0.21915607807298826
TGAACA,-0.040821994520255166
TGAACT,-0.36098144710194613
TGAACC,-0.014706147389695449
TGAACG,0.02154184377475476
TGAAGA,-0.06360524995457277
TGAAGT,0.11322612646377697
TGAAGC,-0.03797924806521645
TGAAGG,0.3339466928611763
TGATAA,0.26133695507143206
TGATAT,0.125163142954006
TGATAC,0.20532931503908275
TGATAG,0.2567670548857781
TGATTA,-0.01530921097087221
TGATTT,0.23192490595103843
TGATTC,0.04432462507145715
TGATTG,0.1557432370558497
TGATCA,-0.8357102452148157
TGATCT,-1.1047338644089393
TGATCC,-0.6228779847133892
TGATCG,-0.6699638451042881
TGATGA,0.339056217387138
TGATGT,0.27700754120486104
TGATGC,0.39794627569413704
TGATGG,0.127833371509885
TGACAA,0.0886470346840856
TGACAT,0.20494850772298054
TGACAC,0.08004270767353636
TGACAG,0.3003220073876007
TGACTA,0.1690763300439339
TGACTT,-0.08863607271663171
TGACTC,0.12294338621569315
TGACTG,0.15684247149296968
TGACCA,-0.30611577414061886
TGACCT,-0.10558776256256511
TGACCC,-0.4342145213941503
TGACCG,-0.2043004635127298
TGACGA,0.4458531690134525
TGACGT,0.18508398948986468
TGACGC,0.04919024419077178
TGACGG,-0.0861776962410524
TGAGAA,-0.10135249426028758
TGAGAT,-0.23142598872210135
TGAGAC,0.3347495833097668
TGAGAG,-0.037582711149042894
TGAGTA,0.048829227432391306
TGAGTT,-0.1880522315029396
TGAGTC,-0.11884067721451891
TGAGTG,0.26461679952078493
TGAGCA,0.09025448822681297
TGAGCT,0.08638461419882064
TGAGCC,0.08961215868968714
TGAGCG,0.28125118212149064
TGAGGA,0.11617143176204182
TGAGGT,0.49163117650984356
TGAGGC,0.0
TGAGGG,0.8499156629292824
TGTAAA,0.07438900918219986
TGTAAT,-0.08106191765253237
TGTAAC,0.1212568041453212
TGTAAG,-0.04457963163308836
TGTATA,0.16490007198325757
TGTATT,-0.013004084423206573
TGTATC,0.13055076448638486
TGTATG,-0.05464383942089259
TGTACA,-0.162597051446176
TGTACT,-0.15444518726569975
TGTACC,-0.1480094118051759
TGTACG,-0.43218817824891786
TGTAGA,0.05932546608481492
TGTAGT,-0.1421744887805426
TGTAGC,0.023716526617316065
TGTAGG,-0.2275781483820755
TGTTAA,0.03332008386846053
TGTTAT,0.02600363202872884
TGTTAC,0.04038806090528803
TGTTAG,-0.0028735651957318073
TGTTTA,0.03866048363771574
TGTTTT,0.0018573939918344515
TGTTTC,-0.27148009787550054
TGTTTG,0.08348464330110196
TGTTCA,-0.026668247082161294
TGTTCT,0.004421525257877256
TGTTCC,-0.06124362524071867
TGTTCG,0.39890770756200533
TGTTGA,0.023845270536642735
TGTTGT,0.07530438306413058
TGTTGC,0.09814026768433926
TGTTGG,0.3610133455373305
TGTCAA,-0.2449833179186655
TGTCAT,0.4113917267778037
TGTCAC,0.41419878807691907
TGTCAG,0.039665256392431354
TGTCTA,-0.051788667165688675
TGTCTT,0.17523019561831216
TGTCTC,0.2051250458115314
TGTCTG,0.10153641921942282
TGTCCA,-0.17058630057553362
TGTCCT,0.06263557099148505
TGTCCC,0.7179418391731616
TGTCCG,0.20825493882045915
TGTCGA,0.17255805452610334
TGTCGT,0.32059888746492277
TGTCGC,0.04919024419077178
TGTCGG,-0.2281310928252489
TGTGAA,0.007208237476312436
TGTGAT,-0.06899287148695143
TGTGAC,0.2248573477919445
TGTGAG,-0.045610511252052295
TGTGTA,-0.03216928293339156
TGTGTT,0.06839781047564046
TGTGTC,-0.04312442663375469
TGTGTG,-0.23841102344499823
TGTGCA,-0.11264163615596473
TGTGCT,-0.07724158539382461
TGTGCC,-0.0864735980038267
TGTGCG,0.010050335853501506
TGTGGA,0.011735256218420932
TGTGGT,0.09476238466600287
TGTGGC,0.4185503476568199
TGTGGG,-0.21833199431698774
TGCAAA,-0.3735383239420343
TGCAAT,-0.17317236214036655
TGCAAC,-0.056595667623634334
TGCAAG,-0.1694181519580468
TGCATA,-0.10374430345793559
TGCATT,-0.22081526155461856
TGCATC,-0.021681066061323938
TGCATG,-0.1321971696113859
TGCACA,-0.19006924358478047
TGCACT,-0.06779812821460862
TGCACC,0.28768207245178085
TGCACG,-0.38526240079064494
TGCAGA,-0.30911735317184585
TGCAGT,-0.013148472843506323
TGCAGC,-0.6124792774924904
TGCAGG,-0.3208224649540852
TGCTAA,-0.04666476485711856
TGCTAT,0.21475911006493292
TGCTAC,-0.09042815220701639
TGCTAG,-0.36265701561627983
TGCTTA,-0.08291698488897978
TGCTTT,0.176305208607809
TGCTTC,0.20053520328661706
TGCTTG,0.0425596144187959
TGCTCA,0.14035735769492244
TGCTCT,-0.09082921636928876
TGCTCC,0.445012405196419
TGCTCG,-0.884685392458824
TGCTGA,-0.2836740510542422
TGCTGT,0.2574762303947152
TGCTGC,-0.29598087526647593
TGCTGG,-0.10227884912041818
TGCCAA,-0.1911711720709372
TGCCAT,-0.11625980611586197
TGCCAC,0.1566538100453768
TGCCAG,-0.22488117121275064
TGCCTA,0.02494626794657739
TGCCTT,-0.2179688955241922
TGCCTC,0.2737445646079994
TGCCTG,-0.08175065001869261
TGCCCA,0.06243547094079237
TGCCCT,0.0654278053224552
TGCCCC,0.06305813596713701
TGCCCG,0.0
TGCCGA,-0.04481401578979266
TGCCGT,0.38853604600771635
TGCCGC,-0.6505875661411494
TGCCGG,0.11466290832013994
TGCGAA,-0.10863384100279541
TGCGAT,0.033362903669121445
TGCGAC,-0.04445176257083381
TGCGAG,0.0553500950831649
TGCGTA,-0.16989903679539747
TGCGTT,0.031933047103009225
TGCGTC,-0.262364264467491
TGCGTG,0.02020270731751947
TGCGCA,-0.30993268138660063
TGCGCT,0.44820220056451904
TGCGCC,0.2972515234679317
TGCGCG,-0.4777857696877905
TGCGGA,-0.0659579677917974
TGCGGT,-0.1823215567939547
TGCGGC,-0.4301577206985359
TGCGGG,0.4079682383262829
TGGAAA,-0.20017917419396114
TGGAAT,-0.4274440148269398
TGGAAC,-0.5524472984568102
TGGAAG,-0.13820794050842444
TGGATA,-0.3854866411772782
TGGATT,-0.29423947299793995
TGGATC,-0.8586616190375187
TGGATG,-0.14275595658776352
TGGACA,-0.5646451363404246
TGGACT,-0.48330759487209835
TGGACC,-0.6028245422666596
TGGACG,-0.036179656577502356
TGGAGA,-0.24163813395037406
TGGAGT,-0.1643030512912763
TGGAGC,0.1604925863525425
TGGAGG,1.1951231890489533
TGGTAA,-0.35608070800958924
TGGTAT,-0.34757112968926185
TGGTAC,-0.19579625537731477
TGGTAG,-0.17504879746487476
TGGTTA,-0.16900578081818235
TGGTTT,-0.2724503778562819
TGGTTC,0.023810648693718607
TGGTTG,-0.20479441264601328
TGGTCA,-0.24586223983110334
TGGTCT,-0.5410776669365115
TGGTCC,-1.377926111449374
TGGTCG,0.43629257190342374
TGGTGA,0.07835331424651516
TGGTGT,0.10987519601235296
TGGTGC,0.18117935221517772
TGGTGG,0.11466290832013973
TGGCAA,-0.1679646011912435
TGGCAT,-0.009290046907092642
TGGCAC,0.34126631858588724
TGGCAG,0.12850204421952077
TGGCTA,0.04637121718212229
TGGCTT,-0.05908891637000656
TGGCTC,0.10536051565782635
TGGCTG,0.167573700159399
TGGCCA,-0.2723477084516743
TGGCCT,-0.1857877647704408
TGGCCC,-0.5738004229273791
TGGCCG,-0.15415067982725836
TGGCGA,0.31977038700328136
TGGCGT,0.37313622099280436
TGGCGC,0.33738174100405355
TGGCGG,0.7256703722655055
TGGGAA,-0.24154463668510104
TGGGAT,-0.3049238788862869
TGGGAC,0.8726156683714935
TGGGAG,0.4719102075163171
TGGGTA,-0.525266307920785
TGGGTT,-0.49917911837966705
TGGGTC,-0.004535155165391374
TGGGTG,0.07616136096556395
TGGGCA,-0.5136786927483972
TGGGCT,-0.32132043160061075
TGGGCC,-0.8685000680378065
TGGGCG,0.033901551675681416
TGGGGA,0.1941560144409574
TGGGGT,0.2995165300987838
TGGGGC,1.5780217162007215
TGGGGG,0.532804530484766
CAAAAA,-0.03141619623337893
CAAAAT,-0.05291780933762917
CAAAAC,0.012578782206860185
CAAAAG,-0.17709961281280295
CAAATA,-0.060148846690498685
CAAATT,-0.15749385611035388
CAAATC,-0.06935074927550752
CAAATG,-0.1812727889998702
CAAACA,0.019378474837310696
CAAACT,-0.23242366581135213
CAAACC,-0.3951557384493032
CAAACG,0.07796154146971192
CAAAGA,-0.05663869447670006
CAAAGT,0.1546381280455379
CAAAGC,-0.021978906718775115
CAAAGG,0.07955263170195369
CAATAA,-0.08729945605824589
CAATAT,0.06095779914124729
CAATAC,0.1354853856078985
CAATAG,0.08788950537824075
CAATTA,-0.06995497536147532
CAATTT,-0.061884332249656664
CAATTC,-0.18908873118853875
CAATTG,-0.10318423623523075
CAATCA,0.16719839521973384
CAATCT,-0.1665279765358133
CAATCC,-0.12715517548524663
CAATCG,-0.06800472911405742
CAATGA,0.19662334150481423
CAATGT,-0.03099610036896391
CAATGC,0.026182485945643708
CAATGG,-0.4987530425317213
CAACAA,0.09783764299483873
CAACAT,-0.007621158281072489
CAACAC,0.43078291609245434
CAACAG,-0.05387923367690329
CAACTA,0.20479441264601322
CAACTT,0.2675164028571865
CAACTC,-0.07189773917958162
CAACTG,-0.05023212548633336
CAACCA,-0.1731651815079682
CAACCT,0.1206982396415363
CAACCC,-0.13353139262452263
CAACCG,0.04691691978775166
CAACGA,0.08076135664445838
CAACGT,-0.04628075256400634
CAACGC,0.4008247285516622
CAACGG,-0.1915382118988787
CAAGAA,-0.4330802751411377
CAAGAT,-0.21542150522029946
CAAGAC,-0.005982071677547429
CAAGAG,-0.29307292108665733
CAAGTA,-0.21833199431698774
CAAGTT,-0.01927610365626806
CAAGTC,-0.2883397508707518
CAAGTG,-0.05423976893699673
CAAGCA,0.14014663174324185
CAAGCT,0.05863008445140488
CAAGCC,0.04586341679318121
CAAGCG,0.3718267489593346
CAAGGA,0.02765153133050995
CAAGGT,0.05037035938894959
CAAGGC,-0.39204208777602373
CAAGGG,0.387211667798814
CATAAA,0.02391129498678485
CATAAT,-0.12778413952878
CATAAC,-0.08913943687766529
CATAAG,0.019742478729201183
CATATA,-0.026821531194563153
CATATT,0.11425665196679677
CATATC,0.17435338714477774
CATATG,-0.12357817715180931
CATACA,0.033456711810694637
CATACT,0.11432187909062985
CATACC,0.1757758624913207
CATACG,0.08380795727209217
CATAGA,0.028471674081311994
CATAGT,-0.07398041299799053
CATAGC,0.0585793011184838
CATAGG,-0.1884006028703368
CATTAA,-0.057825438211068426
CATTAT,0.03907859127337873
CATTAC,-0.009884759232541973
CATTAG,-0.011317824932661572
CATTTA,0.10298916050342644
CATTTT,0.28869575728262703
CATTTC,0.3304299221652503
CATTTG,-0.06398032966340714
CATTCA,0.11514476637408337
CATTCT,-0.2872274236601348
CATTCC,-0.2913118405023596
CATTCG,-0.10660973505825826
CATTGA,0.17358973685948045
CATTGT,0.13539961189320077
CATTGC,0.1215400845340957
CATTGG,-0.5892870402773537
CATCAA,0.058840500022933395
CATCAT,0.4469383563147395
CATCAC,0.36613873696968247
CATCAG,0.02180462996685292
CATCTA,0.00080677696994011
CATCTT,0.10330501647573027
CATCTC,0.39019763597737595
CATCTG,-0.01287966286366114
CATCCA,-0.10963707242508645
CATCCT,0.26049933785797874
CATCCC,0.285881891947633
CATCCG,-0.3313571359544425
CATCGA,0.2028953904842623
CATCGT,0.16155507400146832
CATCGC,0.5653138090500605
CATCGG,0.05380270599297641
CATGAA,-0.18531467486208655
CATGAT,0.08351664371070995
CATGAC,0.36894503653054667
CATGAG,-0.09352605801082348
CATGTA,-0.08675092640865487
CATGTT,0.04979066450301561
CATGTC,0.1839896138946517
CATGTG,-0.3778771515893354
CATGCA,-0.2108460235038037
CATGCT,0.06575137756278064
CATGCC,-0.12989575945410475
CATGCG,-0.279695720819131
CATGGA,-0.6592456288842639
CATGGT,-0.10178269430994236
CATGGC,-0.06765864847381481
CATGGG,-0.6348116035469819
CACAAA,0.12615128532690004
CACAAT,-0.10932779088363616
CACAAC,0.07796154146971192
CACAAG,-0.011996716287631437
CACATA,0.04473589384139152
CACATT,0.055021660890213306
CACATC,0.3433191527571767
CACATG,-0.048057294953779375
CACACA,-0.09531017980432477
CACACT,0.004626068388782243
CACACC,0.3257977053742931
CACACG,-0.24603737118006233
CACAGA,0.127833371509885
CACAGT,-0.4310606552971281
CACAGC,0.14558531696833515
CACAGG,-0.535142931416697
CACTAA,0.06415764130055376
CACTAT,0.009345862418237599
CACTAC,0.319287411867112
CACTAG,-0.11460338273900374
CACTTA,0.04261720317748616
CACTTT,0.35786118369823866
CACTTC,0.3439156001849723
CACTTG,-0.05826890812397576
CACTCA,0.291910408561302
CACTCT,0.2748613840227194
CACTCC,1.1344750098290144
CACTCG,-0.05129329438755058
CACTGA,0.08855339734144503
CACTGT,-0.3649737467534274
CACTGC,0.02531780798429
CACTGG,-0.275847614804778
CACCAA,0.11587309604691333
CACCAT,0.012578782206860185
CACCAC,0.33547273628812935
CACCAG,-0.41376391092285947
CACCTA,0.35310987777423614
CACCTT,0.5907475657851323
CACCTC,1.48769447556162
CACCTG,0.32682198078905117
CACCCA,0.010050335853501506
CACCCT,0.5492919045937866
CACCCC,1.2321436812926323
CACCCG,0.24256163717131143
CACCGA,-0.009950330853168092
CACCGT,-0.20802991350416158
CACCGC,-0.2793138227812644
CACCGG,-0.6286086594223742
CACGAA,-0.3522205935893521
CACGAT,0.17946848781154814
CACGAC,0.22314355131420976
CACGAG,0.37833644071991174
CACGTA,-0.18028696809616718
CACGTT,-0.1038499413524594
CACGTC,-0.00947874395454377
CACGTG,-0.2979235665039778
CACGCA,-0.27412910604707746
CACGCT,-0.020478531343540676
CACGCC,0.1967102942460543
CACGCG,0.00836824967051658
CACGGA,-0.6418538861723946
CACGGT,-0.9886113934537812
CACGGC,-0.35667494393873245
CACGGG,0.012578782206859965
CAGAAA,0.027527753635092616
CAGAAT,-0.43711576240090033
CAGAAC,-0.08786135579133426
CAGAAG,0.04499736593073572
CAGATA,-0.2930049593717306
CAGATT,-0.4882653515058165
CAGATC,-1.2350241441579863
CAGATG,-0.16927384140147905
CAGACA,0.029270382300113237
CAGACT,-0.2837681731306446
CAGACC,-0.25045936196117263
CAGACG,-0.3998940630587089
CAGAGA,0.16372013084340903
CAGAGT,-0.20548861607548893
CAGAGC,-0.9555114450274365
CAGAGG,0.21772348384487053
CAGTAA,-0.04839654086185021
CAGTAT,-0.10189998948338042
CAGTAC,0.04793946228911926
CAGTAG,-0.005115100666770489
CAGTTA,-0.20178499721033094
CAGTTT,-0.03706670047337282
CAGTTC,-0.0953101798043249
CAGTTG,0.255764469483476
CAGTCA,0.23251569114307297
CAGTCT,-0.06808336710411089
CAGTCC,0.1823215567939546
CAGTCG,0.24419696051204198
CAGTGA,0.014925650216675574
CAGTGT,-0.28462863496489055
CAGTGC,-0.03636764417087483
CAGTGG,-0.4361020775700542
CAGCAA,-0.31621837971671524
CAGCAT,-0.17953991383207776
CAGCAC,-0.12044615307586709
CAGCAG,0.589606501619105
CAGCTA,0.16339727825868078
CAGCTT,0.17402275397925956
CAGCTC,0.013129291441792802
CAGCTG,-0.36000273403140703
CAGCCA,0.08638461419882064
CAGCCT,0.08638461419882064
CAGCCC,-0.30748469974796055
CAGCCG,-0.15822400521489402
CAGCGA,-0.3489984964403933
CAGCGT,-0.27510329024492075
CAGCGC,-0.36000273403140703
CAGCGG,-0.4700036292457356
CAGGAA,-0.6641596436866929
CAGGAT,-0.8127803555044902
CAGGAC,-0.2416381339503742
CAGGAG,0.4551150167519848
CAGGTA,-0.4301577206985359
CAGGTT,-0.31298425531399926
CAGGTC,-0.5169606123335067
CAGGTG,0.49247648509779424
CAGGCA,-0.1433785828453472
CAGGCT,0.36511381258459696
CAGGCC,-1.0560526742493137
CAGGCG,-0.21309321546070834
CAGGGA,-0.5441116013994574
CAGGGT,-0.4243335924125471
CAGGGC,-0.07020425867324857
CAGGGG,0.1967102942460543
CTAAAA,0.1271512611389717
CTAAAT,-0.21418265886293864
CTAAAC,-0.23372952350546536
CTAAAG,0.018197359051907513
CTAATA,-0.08504314916458068
CTAATT,-0.13834931323786046
CTAATC,-0.3447435823718902
CTAATG,0.033901551675681416
CTAACA,0.05906334124948254
CTAACT,0.06638303964458056
CTAACC,-0.21152071148621698
CTAACG,-0.262364264467491
CTAAGA,-0.1696974035655582
CTAAGT,-0.19153821189887857
CTAAGC,-0.7626732432085556
CTAAGG,-0.06744128079553253
CTATAA,0.07727754691500087
CTATAT,0.16850968899586663
CTATAC,0.2710276375466437
CTATAG,0.07896304380680137
CTATTA,-0.02982295069450994
CTATTT,0.20959433256086651
CTATTC,-0.031175617468449726
CTATTG,-0.004827040748315868
CTATCA,0.2367710167132112
CTATCT,0.003745322730162113
CTATCC,0.20010588324719258
CTATCG,0.11778303565638346
CTATGA,0.09514212669914818
CTATGT,0.11661465373224945
CTATGC,-0.22705745063534608
CTATGG,-0.140821825887202
CTACAA,-0.1347601455950155
CTACAT,-0.20499826546498445
CTACAC,0.3328169534848384
CTACAG,-0.0024360547978811158
CTACTA,0.26220298715079604
CTACTT,0.2455004584154862
CTACTC,0.26881358814739825
CTACTG,0.08072321127244113
CTACCA,-0.043059489460447
CTACCT,0.028399474521697957
CTACCC,0.06351340572232593
CTACCG,-0.2799600263578706
CTACGA,0.0903226382932857
CTACGT,-0.08748745412311591
CTACGC,-0.13287328137997342
CTACGG,-0.15822400521489402
CTAGAA,-0.29639401305380236
CTAGAT,-0.4219944100593748
CTAGAC,-0.05286348955706777
CTAGAG,-0.40243020441301036
CTAGTA,-0.17373781310256312
CTAGTT,-0.04598511324182338
CTAGTC,0.2038857347097951
CTAGTG,-0.047682130815070306
CTAGCA,-0.08094727580396334
CTAGCT,0.06613980250454499
CTAGCC,-0.0996298409488413
CTAGCG,-0.587786664902119
CTAGGA,0.058496206681608626
CTAGGT,-0.2674793651342615
CTAGGC,-0.63304325649024
CTAGGG,0.27902400970866637
CTTAAA,-0.06755537469493546
CTTAAT,-0.13704978597709008
CTTAAC,-0.07710800270594233
CTTAAG,-0.31352180303430227
CTTATA,-0.0700449494377553
CTTATT,-0.053235850846888165
CTTATC,-0.25843189604977007
CTTATG,-0.1823215567939547
CTTACA,0.07368365900425622
CTTACT,0.18120330115603683
CTTACC,-0.3071344983785962
CTTACG,-0.2899522209863202
CTTAGA,-0.18137413843791478
CTTAGT,-0.15507191434657908
CTTAGC,-0.22661577702495897
CTTAGG,-0.02071420438756322
CTTTAA,0.12623037891442856
CTTTAT,0.24891528577020677
CTTTAC,-0.01689353433549598
CTTTAG,0.09177796389195743
CTTTTA,0.18319721359246421
CTTTTT,0.30252405116273906
CTTTTC,0.2849460926329062
CTTTTG,-0.05791727007311568
CTTTCA,0.26020696869109733
CTTTCT,0.14818051284075456
CTTTCC,-0.06693948267510938
CTTTCG,0.07087433958665688
CTTTGA,0.07706700701521436
CTTTGT,0.14244916554657736
CTTTGC,-0.1352090889822445
CTTTGG,-0.30972005114978
CTTCAA,0.07087433958665688
CTTCAT,0.34637619173815787
CTTCAC,-0.12516314295400605
CTTCAG,-0.08311490671050657
CTTCTA,-0.0457826431054767
CTTCTT,0.2873178400674955
CTTCTC,-0.23826671288843052
CTTCTG,-0.09531017980432477
CTTCCA,-0.10285738543970782
CTTCCT,0.10704543602274579
CTTCCC,0.06040912779555998
CTTCCG,-0.09531017980432477
CTTCGA,-0.14595391262307983
CTTCGT,0.17733401528291565
CTTCGC,0.17039298592868085
CTTCGG,-0.13205972201306623
CTTGAA,-0.09872198795866156
CTTGAT,-0.29237401833548293
CTTGAC,-0.4700036292457356
CTTGAG,-0.39956538598097613
CTTGTA,-0.055119299221079554
CTTGTT,-0.11888565843486715
CTTGTC,-0.007380107297622534
CTTGTG,0.006688988150796489
CTTGCA,-0.12260232209233239
CTTGCT,-0.24091572106000742
CTTGCC,-0.10919929196499197
CTTGCG,0.14310084364067344
CTTGGA,-0.27842886697129776
CTTGGT,-0.28960330262967476
CTTGGC,-0.5025562322834841
CTTGGG,-0.2583074637718767
CTCAAA,-0.03322564762832039
CTCAAT,0.06600195702910452
CTCAAC,-0.08855339734144506
CTCAAG,-0.06785747539563489
CTCATA,-0.020284671171505776
CTCATT,0.06985382720091647
CTCATC,0.2663157231794185
CTCATG,0.28130972498952234
CTCACA,0.09134977858822783
CTCACT,0.3249891248645916
CTCACC,0.15832605123773907
CTCACG,-0.6273958029971649
CTCAGA,-0.5572319965801464
CTCAGT,-0.10393092284823188
CTCAGC,-0.1293560212140419
CTCAGG,0.32850406697203605
CTCTAA,-0.12029991148449806
CTCTAT,0.25049256671831066
CTCTAC,0.2303812186144403
CTCTAG,-0.3150810466398954
CTCTTA,-0.18323688866564283
CTCTTT,0.37699087909909923
CTCTTC,-0.3605697882002734
CTCTTG,-0.24760384888437034
CTCTCA,0.16751644114824654
CTCTCT,0.3886947551735039
CTCTCC,0.5630940523117475
CTCTCG,0.21184399606027632
CTCTGA,-0.4105802087749349
CTCTGT,0.20217842284916474
CTCTGC,-0.17089286097033188
CTCTGG,-0.9276544905244701
CTCCAA,0.2618580634949002
CTCCAT,-0.09193749532568561
CTCCAC,0.19845093872383823
CTCCAG,0.015915455305899582
CTCCTA,0.9496271521417468
CTCCTT,1.392819669754813
CTCCTC,1.1499055830556602
CTCCTG,0.44904826406974757
CTCCCA,0.3833431910208938
CTCCCT,1.0673972693201852
CTCCCC,0.39641527258824644
CTCCCG,0.2928234719521997
CTCCGA,-0.506817602368452
CTCCGT,-0.16126814759612226
CTCCGC,-0.15700374880966467
CTCCGG,0.0870113769896297
CTCGAA,0.2057949129795967
CTCGAT,-0.25722286496707236
CTCGAC,-0.2876820724517809
CTCGAG,-0.38526240079064494
CTCGTA,-0.1260818384710785
CTCGTT,0.22526444288334735
CTCGTC,-0.15593480162075973
CTCGTG,-0.20585205420414873
CTCGCA,-0.32512996001727845
CTCGCT,0.4332673894201161
CTCGCC,0.28256697178501045
CTCGCG,-0.31585294941847714
CTCGGA,-0.12967782330853275
CTCGGT,0.011173300598125255
CTCGGC,0.22314355131420976
CTCGGG,0.3566749439387324
CTGAAA,0.016155440222285208
CTGAAT,-0.1576842524085695
CTGAAC,-0.3751867488019033
CTGAAG,-0.24191365399620018
CTGATA,-0.09984533496971613
CTGATT,-0.1912902267767151
CTGATC,-1.2723501017706726
CTGATG,0.04842659390547446
CTGACA,0.11112422037457635
CTGACT,0.08928669082676528
CTGACC,-0.2668789448220176
CTGACG,-0.2204733227583309
CTGAGA,-0.08388148398070212
CTGAGT,-0.004866189651173011
CTGAGC,-0.5306282510621706
CTGAGG,0.3069134343796684
CTGTAA,-0.23445547635041453
CTGTAT,-0.0177895415634983
CTGTAC,-0.10966940088221372
CTGTAG,0.05568890586058863
CTGTTA,0.08579998980333273
CTGTTT,-0.01400404808401633
CTGTTC,-0.08476526662770992
CTGTTG,0.019868203216725184
CTGTCA,-0.05061999084650822
CTGTCT,-0.1971680649109491
CTGTCC,0.319287411867112
CTGTCG,0.38822330167365837
CTGTGA,-0.21791250189665726
CTGTGT,-0.012205905679503734
CTGTGC,-0.5659449229870702
CTGTGG,-0.0659579677917974
CTGCAA,-0.2738366656297279
CTGCAT,-0.2110709700799404
CTGCAC,-0.3533360426732176
CTGCAG,-0.6228779847133892
CTGCTA,0.09289374689269624
CTGCTT,-0.0100938131692189
CTGCTC,0.09015109699429748
CTGCTG,0.7647408337469541
CTGCCA,0.028987536873252187
CTGCCT,-0.9714100310952345
CTGCCC,0.13353139262452257
CTGCCG,0.30318625898774626
CTGCGA,-0.4274440148269396
CTGCGT,-0.4920795809449352
CTGCGC,0.3302416868705768
CTGCGG,-0.4382549309311553
CTGGAA,-0.6097655716208943
CTGGAT,-0.45916928708002536
CTGGAC,-0.8702467933727484
CTGGAG,-0.31237468504215243
CTGGTA,-0.3179341156223019
CTGGTT,-0.8460548521476067
CTGGTC,-0.2719337154836418
CTGGTG,-0.1589012825858562
CTGGCA,-0.15415067982725836
CTGGCT,-0.7055697005585025
CTGGCC,-0.21511137961694557
CTGGCG,0.4054651081081644
CTGGGA,0.0183491386681964
CTGGGT,-0.21309321546070834
CTGGGC,-0.07696104113612844
CTGGGG,-0.173019164131641
CCAAAA,-0.24484191377528855
CCAAAT,-0.42433359241254726
CCAAAC,-0.015873349156290233
CCAAAG,-0.10724553035359756
CCAATA,-0.05329858172436196
CCAATT,-0.20035054178565312
CCAATC,-0.16930618868188432
CCAATG,-0.24154463668510104
CCAACA,0.3000025568398216
CCAACT,0.30169926986616796
CCAACC,-0.006042314455962698
CCAACG,-0.16228080591050847
CCAAGA,-0.2799600263578706
CCAAGT,-0.6983062633699726
CCAAGC,-0.15771574599175456
CCAAGG,-0.2805135829731684
CCATAA,-0.34219562267389814
CCATAT,-0.27618769302604584
CCATAC,-0.16623541904233022
CCATAG,-0.5072478024181066
CCATTA,-0.19379395795619156
CCATTT,-0.0857508929908688
CCATTC,-0.11105853677246415
CCATTG,-0.2029408439966903
CCATCA,0.028573372444055948
CCATCT,-0.33306507829959864
CCATCC,0.2669461739726026
CCATCG,0.24493090549911697
CCATGA,-0.6814119243415244
CCATGT,-0.4254197226377091
CCATGC,-0.23638877806423053
CCATGG,-0.3572630062902868
CCACAA,-0.2045592292018436
CCACAT,0.050572573635632334
CCACAC,0.3291818033585337
CCACAG,-0.13102826240640414
CCACTA,0.32964627155081305
CCACTT,0.34308982934842586
CCACTC,0.3642221495741153
CCACTG,-0.44895022004790314
CCACCA,0.18632957819149334
CCACCT,0.9010232597433667
CCACCC,1.0296194171811581
CCACCG,-0.8754687373538999
CCACGA,-0.28946619424528236
CCACGT,-0.24294617861038934
CCACGC,0.07174390485884131
CCACGG,0.18632957819149334
CCAGAA,-0.3650184185275744
CCAGAT,-0.6499184460091251
CCAGAC,-0.3053816495511819
CCAGAG,-1.0647107369924282
CCAGTA,-0.40337960161714304
CCAGTT,-0.45923153226382446
CCAGTC,0.09097177820572679
CCAGTG,-0.17792594532091646
CCAGCA,-0.22834737918923667
CCAGCT,-0.04255961441879589
CCAGCC,0.05129329438755048
CCAGCG,-0.7030975114131134
CCAGGA,-0.6322384274729528
CCAGGT,-0.35065687161316944
CCAGGC,-0.31237468504215243
CCAGGG,-1.0055218656020977
CCTAAA,-0.07063403611654838
CCTAAT,0.012217183938591631
CCTAAC,0.27329333499968134
CCTAAG,-0.037081674904531924
CCTATA,-0.07423902516485244
CCTATT,0.1784267125324137
CCTATC,0.33141044227925054
CCTATG,0.10926677062489144
CCTACA,-0.06732481438625439
CCTACT,0.37171282130327277
CCTACC,0.05818195538273589
CCTACG,0.011173300598125255
CCTAGA,-0.6365768290715509
CCTAGT,0.08237099743312756
CCTAGC,-0.4096231182568281
CCTAGG,0.5059356384717989
CCTTAA,-0.11152850480285537
CCTTAT,0.07524439461188978
CCTTAC,-0.01847239763544243
CCTTAG,-0.5266989729222807
CCTTTA,0.281578289513763
CCTTTT,0.37029542146169875
CCTTTC,0.5907598303815352
CCTTTG,0.3112125698619751
CCTTCA,0.12562621311740935
CCTTCT,0.022839491969822736
CCTTCC,0.10536051565782635
CCTTCG,0.22314355131420976
CCTTGA,-0.18924199963852842
CCTTGT,-0.1261768277848521
CCTTGC,-0.3184537311185346
CCTTGG,-0.8628899551470398
CCTCAA,0.15860503017663857
CCTCAT,0.3027957102618291
CCTCAC,0.7331525151736445
CCTCAG,0.12136085700426734
CCTCTA,0.37971261200574963
CCTCTT,0.6045937832185002
CCTCTC,0.6170478370212982
CCTCTG,0.17912666589743545
CCTCCA,1.1124056108004454
CCTCCT,1.8875321837307277
CCTCCC,1.1792801917355644
CCTCCG,0.49808659798856086
CCTCGA,0.1823215567939546
CCTCGT,0.4441342492673184
CCTCGC,0.02531780798429
CCTCGG,0.3011050927839216
CCTGAA,-0.3135637458243428
CCTGAT,-0.6324109453721128
CCTGAC,-0.07598590697792199
CCTGAG,0.48249511713976484
CCTGTA,0.0905140075408319
CCTGTT,0.1846098873119668
CCTGTC,-0.1474052916877267
CCTGTG,-0.34595098057575663
CCTGCA,-0.39709685843764786
CCTGCT,0.04284015867649244
CCTGCC,0.12028616587450203
CCTGCG,0.10536051565782614
CCTGGA,-1.2383742310432684
CCTGGT,-0.40546510810816444
CCTGGC,-0.7259370033829363
CCTGGG,-1.2335316065674804
CCCAAA,-0.23926293319409306
CCCAAT,-0.2082970431972153
CCCAAC,0.8517522107365839
CCCAAG,-0.47390226966139287
CCCATA,-0.34280137167286046
CCCATT,-0.19284796978094224
CCCATC,0.39213965351101493
CCCATG,-0.5025562322834841
CCCACA,0.15800424914324832
CCCACT,0.49163117650984356
CCCACC,0.7621400520468967
CCCACG,-0.5108256237659907
CCCAGA,-0.1823215567939547
CCCAGT,-0.5306282510621704
CCCAGC,0.2468600779315258
CCCAGG,-0.6151856390902334
CCCTAA,0.2959559067891773
CCCTAT,0.35493429946094834
CCCTAC,-0.09531017980432477
CCCTAG,0.19633229386355303
CCCTTA,0.07910418109127224
CCCTTT,0.5243977013115344
CCCTTC,0.44976536700474434
CCCTTG,-0.3208224649540852
CCCTCA,0.4816264690737283
CCCTCT,0.2267213726620938
CCCTCC,1.1428183811726051
CCCTCG,0.24846135929849972
CCCTGA,0.06613980250454499
CCCTGT,0.05340077672711525
CCCTGC,-0.5232481437645479
CCCTGG,-1.3609765531356006
CCCCAA,0.7539320716290671
CCCCAT,0.040821994520254985
CCCCAC,0.6860297127910813
CCCCAG,-0.3829922522561057
CCCCTA,0.7246734342067193
CCCCTT,0.7847143740854358
CCCCTC,0.6719449729093423
CCCCTG,0.47235934293819465
CCCCCA,0.2756337339356064
CCCCCT,1.1907275775759154
CCCCCC,-0.04348511193973889
CCCCCG,0.3389753668393314
CCCCGA,0.13353139262452257
CCCCGT,0.4353180712578455
CCCCGC,0.8556661100577203
CCCCGG,-0.2231435513142097
CCCGAA,-0.004338401598598242
CCCGAT,-0.5198754592859085
CCCGAC,0.43078291609245434
CCCGAG,0.11778303565638346
CCCGTA,-0.01354422510775726
CCCGTT,-0.1823215567939546
CCCGTC,0.43078291609245434
CCCGTG,-0.24014112768278095
CCCGCA,-0.08122543992258587
CCCGCT,0.49429632181478017
CCCGCC,1.3093333199837622
CCCGCG,-1.5260563034950492
CCCGGA,-1.120591195386885
CCCGGT,-0.4700036292457356
CCCGGC,-0.0953101798043249
CCCGGG,-0.8109302162163288
CCGAAA,-0.18042582162905557
CCGAAT,-0.4659632197087305
CCGAAC,0.010582109330537008
CCGAAG,0.2816397579958182
CCGATA,0.012903404835907782
CCGATT,-0.12588024588900282
CCGATC,-1.2431935174792175
CCGATG,-0.0346855579878901
CCGACA,-0.00524935588614379
CCGACT,-0.3053816495511819
CCGACC,0.10536051565782635
CCGACG,0.0
CCGAGA,0.2371297932889497
CCGAGT,0.06689423483003022
CCGAGC,0.17435338714477774
CCGAGG,0.7290791897860087
CCGTAA,-0.25819759177264506
CCGTAT,-0.2954642128938359
CCGTAC,-0.6471032420585385
CCGTAG,-0.39326983501434615
CCGTTA,-0.12766314425609052
CCGTTT,-0.1643030512912763
CCGTTC,-0.15415067982725836
CCGTTG,-0.18669793139375346
CCGTCA,-0.1823215567939547
CCGTCT,0.25360275879891836
CCGTCC,0.16251892949777494
CCGTCG,-0.6015799870344549
CCGTGA,-0.5403844260075351
CCGTGT,-0.2181310094906654
CCGTGC,-0.1823215567939546
CCGTGG,-0.048790164169432056
CCGCAA,-0.33289441527332897
CCGCAT,0.18962085927556613
CCGCAC,-0.23111172096338656
CCGCAG,-0.4906229164484714
CCGCTA,-0.41376391092285947
CCGCTT,0.44976536700474434
CCGCTC,0.1361321743245801
CCGCTG,0.0183491386681964
CCGCCA,0.7892910411128476
CCGCCT,0.2744368457017602
CCGCCC,-0.23111172096338656
CCGCCG,0.4643056081310978
CCGCGA,-0.5187937934151675
CCGCGT,-0.3262157364540237
CCGCGC,-1.9021075263969205
CCGCGG,-0.4700036292457356
CCGGAA,-0.5766133643039939
CCGGAT,-1.7227665977411035
CCGGAC,-0.6931471805599453
CCGGAG,-0.8109302162163288
CCGGTA,-0.3364722366212129
CCGGTT,-0.1445812288111077
CCGGTC,0.15415067982725836
CCGGTG,-1.2809338454620642
CCGGCA,0.0
CCGGCT,-0.6931471805599453
CCGGCC,-0.3364722366212129
CCGGCG,-0.36000273403140703
CCGGGA,-0.7654678421395714
CCGGGT,-0.45742484703887554
CCGGGC,-0.5500463369192721
CCGGGG,-0.1823215567939546
CGAAAA,0.0585564494600237
CGAAAT,0.05500662951221158
CGAAAC,-0.10848064299406995
CGAAAG,-0.07020425867324857
CGAATA,-0.21000498554237146
CGAATT,-0.1891165999267834
CGAATC,-0.1022788491204183
CGAATG,0.14792013007662227
CGAACA,0.01680711831638119
CGAACT,0.2207425897766716
CGAACC,-0.4762341789963717
CGAACG,0.26192957634936626
CGAAGA,0.10964317744982707
CGAAGT,-0.015102768185756742
CGAAGC,0.4131871542020747
CGAAGG,0.26236426446749106
CGATAA,0.17045198123857086
CGATAT,0.19946771562892512
CGATAC,-0.10536051565782628
CGATAG,0.12405264866997882
CGATTA,-0.05105517080028418
CGATTT,0.22394004677646948
CGATTC,0.32668423025505017
CGATTG,-0.11551288712184435
CGATCA,-0.9975996059463867
CGATCT,-1.2809338454620642
CGATCC,-1.589235205116581
CGATCG,-0.9360933591703348
CGATGA,0.5280674302004967
CGATGT,0.10309550902697402
CGATGC,0.5411967216422895
CGATGG,0.004773278752657812
CGACAA,0.18779103259849
CGACAT,0.1564521768155376
CGACAC,0.46734051182625186
CGACAG,-0.48242614924429256
CGACTA,0.07862095461592708
CGACTT,0.021978906718775167
CGACTC,-0.31424909983650273
CGACTG,0.3448404862917296
CGACCA,0.22314355131420976
CGACCT,0.5727010274840783
CGACCC,-0.7537718023763802
CGACCG,0.7369498032183381
CGACGA,0.19574457712609533
CGACGT,-0.03815176596437617
CGACGC,0.4180438903150244
CGACGG,-0.3123746850421523
CGAGAA,-0.45425527227759643
CGAGAT,0.24334625863172918
CGAGAC,0.6054416001408397
CGAGAG,0.3232270098711923
CGAGTA,-0.1368591827171973
CGAGTT,-0.1823215567939546
CGAGTC,0.16251892949777494
CGAGTG,0.21794873443710575
CGAGCA,0.11042381761437305
CGAGCT,0.09531017980432493
CGAGCC,0.21072103131565273
CGAGCG,0.42381424677636087
CGAGGA,0.6306268235786113
CGAGGT,0.7602114111404912
CGAGGC,0.7583877024283463
CGAGGG,0.39641527258824644
CGTAAA,-0.23511049590116376
CGTAAT,-0.20548861607548907
CGTAAC,-0.15486471056091541
CGTAAG,-0.4266673157587674
CGTATA,0.02968145127206313
CGTATT,0.0025673955052457334
CGTATC,-0.2136872160721743
CGTATG,-0.03738753207162033
CGTACA,-0.6991292522374928
CGTACT,-0.4236888470646159
CGTACC,-0.04598511324182338
CGTACG,-0.026317308317373417
CGTAGA,-0.3106310054373256
CGTAGT,-0.18721154208814647
CGTAGC,-0.10135249426028758
CGTAGG,-0.15822400521489402
CGTTAA,0.2335478068316426
CGTTAT,-0.04452245643110146
CGTTAC,-0.27270561826222367
CGTTAG,-0.15176688847198197
CGTTTA,-0.10327834945350166
CGTTTT,0.2867435458695166
CGTTTC,0.20649191772176764
CGTTTG,0.23889190828234888
CGTTCA,0.23669651771891329
CGTTCT,0.03684056922107022
CGTTCC,0.02298951822469878
CGTTCG,0.039665256392431354
CGTTGA,0.22693862228276143
CGTTGT,0.08505524949708063
CGTTGC,0.06644509940815276
CGTTGG,-0.041242958534049134
CGTCAA,0.2886214806937166
CGTCAT,0.22501096548900512
CGTCAC,0.3420047541909385
CGTCAG,0.4586398705954205
CGTCTA,0.06031979023352262
CGTCTT,-0.09531017980432477
CGTCTC,0.3448404862917296
CGTCTG,-0.2181310094906654
CGTCCA,-0.1466034741918754
CGTCCT,-0.040351295523567345
CGTCCC,1.025490023839147
CGTCCG,-0.082238098236972
CGTCGA,-0.23901690047049984
CGTCGT,0.5232481437645479
CGTCGC,0.10536051565782635
CGTCGG,-0.04196419909903208
CGTGAA,-0.3082018026829574
CGTGAT,0.14695441295666342
CGTGAC,0.08338160893905121
CGTGAG,-0.10735851832049927
CGTGTA,0.07042246429654579
CGTGTT,0.063650027076456
CGTGTC,0.024097551579060524
CGTGTG,-0.2537805207760996
CGTGCA,-0.2782628505352892
CGTGCT,0.09309042306601183
CGTGCC,0.27663223626519595
CGTGCG,0.3759063058666198
CGTGGA,-0.40032370860774563
CGTGGT,0.0460439385014068
CGTGGC,-0.20294084399669043
CGTGGG,0.3566749439387324
CGCAAA,-0.06193095773049027
CGCAAT,0.04400994099644225
CGCAAC,0.23031204079282225
CGCAAG,-0.1640395119565056
CGCATA,-0.05281755583941435
CGCATT,0.20484606687263168
CGCATC,0.2744368457017602
CGCATG,0.2167537532154387
CGCACA,-0.28223246768421634
CGCACT,-0.2002753604105505
CGCACC,0.41074216520900814
CGCACG,0.2724146003209925
CGCAGA,-0.8796267475025638
CGCAGT,0.08247622182423842
CGCAGC,-0.4931706885272699
CGCAGG,-0.1823215567939547
CGCTAA,-0.02990548277890473
CGCTAT,0.44183275227903923
CGCTAC,0.1967102942460543
CGCTAG,-0.173019164131641
CGCTTA,0.32713326483825744
CGCTTT,0.6505875661411494
CGCTTC,0.6531418459462461
CGCTTG,0.20895891632225344
CGCTCA,-0.262364264467491
CGCTCT,0.05568890586058863
CGCTCC,1.0296194171811581
CGCTCG,0.5108256237659907
CGCTGA,-0.2578291093020998
CGCTGT,-0.1670540846631662
CGCTGC,0.03922071315328133
CGCTGG,-1.262241712449912
CGCCAA,0.46237324038004385
CGCCAT,0.42712660488934384
CGCCAC,0.646263594661095
CGCCAG,-0.2732933349996813
CGCCTA,0.550046336919272
CGCCTT,0.06503247027085457
CGCCTC,1.1214517806379325
CGCCTG,0.453667209926042
CGCCCA,0.012578782206859965
CGCCCT,-0.09531017980432477
CGCCCC,0.6241543090729939
CGCCCG,0.28768207245178085
CGCCGA,0.07257069283483537
CGCCGT,-0.5877866649021192
CGCCGC,-0.8960880245566357
CGCCGG,-0.2876820724517809
CGCGAA,-0.5596157879354228
CGCGAT,-0.28946619424528236
CGCGAC,0.1896208592755663
CGCGAG,0.3409265869705932
CGCGTA,-0.6471032420585385
CGCGTT,0.018692133012152546
CGCGTC,0.010050335853501506
CGCGTG,0.4818380868927384
CGCGCA,0.00836824967051658
CGCGCT,0.08841095734405294
CGCGCC,-0.23111172096338656
CGCGCG,0.22314355131420976
CGCGGA,-2.2300144001592104
CGCGGT,-0.083881483980702
CGCGGC,-0.9360933591703346
CGCGGG,-0.0953101798043249
CGGAAA,-0.26797700137244856
CGGAAT,-0.29266961396281993
CGGAAC,-0.592824458932076
CGGAAG,0.0
CGGATA,-0.2833624113072645
CGGATT,-0.9655820235910325
CGGATC,-1.7972996496036704
CGGATG,-0.6881346387364009
CGGACA,0.08961215868968714
CGGACT,-0.19506058257138445
CGGACC,-0.11034805716886534
CGGACG,-1.3350010667323402
CGGAGA,-0.5423242908253616
CGGAGT,-0.7259370033829363
CGGAGC,-1.2335316065674804
CGGAGG,0.9781661355922425
CGGTAA,-0.44828510529109256
CGGTAT,-0.15822400521489416
CGGTAC,0.1290302597437311
CGGTAG,-0.262364264467491
CGGTTA,-0.41616039722491244
CGGTTT,0.05777780066681139
CGGTTC,-0.2043004635127298
CGGTTG,-0.22103606897464506
CGGTCA,-0.3541718137206139
CGGTCT,0.05789397841890267
CGGTCC,-0.5596157879354228
CGGTCG,0.4620354595965588
CGGTGA,-0.40032370860774563
CGGTGT,-0.08515780834030695
CGGTGC,0.24419696051204198
CGGTGG,0.14660347419187544
CGGCAA,-0.37320424588994294
CGGCAT,-0.24512245803298496
CGGCAC,0.1761865682264387
CGGCAG,-0.46103495926297516
CGGCTA,0.04380262265839284
CGGCTT,-0.22757814838207563
CGGCTC,0.1690763300439341
CGGCTG,-0.6418538861723948
CGGCCA,-2.4336133554004498
CGGCCT,0.4757343039547206
CGGCCC,-0.4906229164484714
CGGCCG,0.02020270731751947
CGGCGA,-0.44468582126144557
CGGCGT,-0.20294084399669043
CGGCGC,-0.6418538861723948
CGGCGG,-0.36000273403140703
CGGGAA,-0.0713090277047818
CGGGAT,-0.4105802087749349
CGGGAC,-0.587786664902119
CGGGAG,0.22314355131420976
CGGGTA,-0.2363887780642304
CGGGTT,-0.06618190688130123
CGGGTC,0.23889190828234888
CGGGTG,0.09531017980432493
CGGGCA,-0.12221763272424928
CGGGCT,0.10536051565782614
CGGGCC,0.10536051565782635
CGGGCG,0.43078291609245417
CGGGGA,0.1723712259407865
CGGGGT,0.09531017980432493
CGGGGC,1.404643499788087
CGGGGG,0.7884573603642703
GAAAAA,0.012349585032622058
GAAAAT,0.153446702325464
GAAAAC,-0.039602708446651064
GAAAAG,0.06736154975486738
GAAATA,0.06600556530721603
GAAATT,-0.022060629433649285
GAAATC,-0.17471695740873536
GAAATG,0.13124828660995402
GAAACA,-0.10529154776235423
GAAACT,-0.25486797748956386
GAAACC,-0.27690997546986984
GAAACG,0.2584829177595186
GAAAGA,-0.06521763831138001
GAAAGT,0.3266250464003883
GAAAGC,0.0329306778130118
GAAAGG,0.3506779244663579
GAATAA,-0.25010085965342843
GAATAT,-0.14393086681039896
GAATAC,-0.03139842145756287
GAATAG,-0.12708542831869699
GAATTA,-0.28633501172658105
GAATTT,-0.11298802783479375
GAATTC,-0.22392755762641833
GAATTG,-0.0506199908465081
GAATCA,0.04369447362892501
GAATCT,-0.28622752674078666
GAATCC,0.01092907053219023
GAATCG,0.004357305368955847
GAATGA,0.12617489055309816
GAATGT,-0.21460324952471158
GAATGC,-0.0014482261763647637
GAATGG,0.18601257073916358
GAACAA,-0.22123697304362816
GAACAT,-0.18302752223096994
GAACAC,0.029236820185025728
GAACAG,-0.015564516541111573
GAACTA,-0.28738791154364424
GAACTT,-0.15210777819745813
GAACTC,-0.41403047096708745
GAACTG,-0.27690997546986984
GAACCA,-0.057905997577441526
GAACCT,-0.2006706954621511
GAACCC,0.0
GAACCG,0.06062462181643484
GAACGA,0.01745922137176855
GAACGT,0.04167269640056808
GAACGC,0.23180161405732438
GAACGG,-0.22078783762175064
GAAGAA,-0.16412212131068513
GAAGAT,-0.082238098236972
GAAGAC,0.0
GAAGAG,0.07531533722643849
GAAGTA,0.11787632358965694
GAAGTT,-0.028594875277055145
GAAGTC,-0.022250608934819692
GAAGTG,0.1442003489740902
GAAGCA,0.32576058102628525
GAAGCT,-0.16034265007517937
GAAGCC,-0.01354422510775726
GAAGCG,0.4486938426589846
GAAGGA,0.2662908824704633
GAAGGT,0.1538774931024341
GAAGGC,0.018692133012152546
GAAGGG,0.6660662219572746
GATAAA,0.15011011178955588
GATAAT,0.04663652162051954
GATAAC,0.10125373370517289
GATAAG,0.05010682005417877
GATATA,0.12841629195775237
GATATT,-0.09810825406887147
GATATC,-0.10735851832049939
GATATG,0.12405264866997882
GATACA,-0.025975486403260677
GATACT,0.033576295533604306
GATACC,0.04652001563489291
GATACG,0.23319388716771114
GATAGA,0.029797362804944758
GATAGT,0.10178269430994238
GATAGC,0.2151113796169455
GATAGG,-0.006362693787828657
GATTAA,-0.20999627895017509
GATTAT,-0.10016848895540117
GATTAC,-0.1823215567939547
GATTAG,-0.10146946016485965
GATTTA,0.08686822331391457
GATTTT,-0.0019831439320541324
GATTTC,0.02323071871516044
GATTTG,-0.11991166653463302
GATTCA,0.1717285110912311
GATTCT,-0.3803664301784381
GATTCC,-0.512203983736112
GATTCG,-0.06744128079553253
GATTGA,0.08624955511026423
GATTGT,-0.16947051757479478
GATTGC,-0.04658994325982948
GATTGG,0.1923718926474561
GATCAA,-1.133650145408983
GATCAT,-0.6813592248079031
GATCAC,-0.6709015716126255
GATCAG,-1.221672381425337
GATCTA,-1.3197024511704774
GATCTT,-1.195757331372545
GATCTC,-1.9045919997245822
GATCTG,-1.7360705633674662
GATCCA,-0.8366827123187436
GATCCT,-0.9062403960206536
GATCCC,-1.3862943611198906
GATCCG,-1.4701758451005926
GATCGA,-0.4803664162812821
GATCGT,-0.8506535682341759
GATCGC,-0.6513777676836504
GATCGG,-0.9219887529887928
GATGAA,0.2512407932895249
GATGAT,0.41266921329330736
GATGAC,0.4694974282731447
GATGAG,0.3801135169107499
GATGTA,-0.0953101798043249
GATGTT,0.24703787151364584
GATGTC,0.4171772640366756
GATGTG,0.29058483210974245
GATGCA,0.13459015397276475
GATGCT,0.24716392155567923
GATGCC,0.10536051565782635
GATGCG,0.4719102075163171
GATGGA,-0.06021885999305484
GATGGT,0.13944453243756283
GATGGC,0.24921579162398483
GATGGG,0.0
GACAAA,-0.1334451820119427
GACAAT,0.16672946203411843
GACAAC,0.28426909985554094
GACAAG,0.1874962125839721
GACATA,0.25905685654042215
GACATT,0.12641392485565872
GACATC,0.2297442353455618
GACATG,0.16164135155641599
GACACA,0.13353139262452257
GACACT,0.20479441264601322
GACACC,0.3608854764750759
GACACG,-0.1426563004015232
GACAGA,0.4106254586674741
GACAGT,0.05667833701843823
GACAGC,-0.275847614804778
GACAGG,-0.32690278560506225
GACTAA,-0.21622310846963594
GACTAT,-0.07232066157962613
GACTAC,0.36188328904587064
GACTAG,0.023969190112996187
GACTTA,-0.22986250156295476
GACTTT,-0.0882318962207288
GACTTC,0.007001195458983561
GACTTG,-0.2832974741339569
GACTCA,-0.3020520127347336
GACTCT,-0.2962658161431724
GACTCC,0.7492366472109889
GACTCG,-0.05244647537254243
GACTGA,0.1382176808156013
GACTGT,0.12366766310218248
GACTGC,-0.3020520127347336
GACTGG,0.2850189550322972
GACCAA,-0.3679271887890991
GACCAT,-0.4835828873721163
GACCAC,-0.07109592168373022
GACCAG,-0.12095261041766256
GACCTA,0.017654935238720745
GACCTT,-0.08074176397603439
GACCTC,0.4131871542020747
GACCTG,-0.03509131981127006
GACCCA,-0.19268434382950111
GACCCT,-0.5169606123335067
GACCCC,-0.21309321546070834
GACCCG,-0.021978906718775115
GACCGA,0.4834266495778762
GACCGT,-0.12516314295400605
GACCGC,0.09156719352549043
GACCGG,-0.9295359586241757
GACGAA,0.1410785982599056
GACGAT,0.4202287284137641
GACGAC,0.5108256237659906
GACGAG,0.18703854667209346
GACGTA,-0.13976194237515874
GACGTT,0.12615128532690004
GACGTC,0.8054763655338648
GACGTG,0.3420047541909385
GACGCA,0.2946025152963547
GACGCT,0.033901551675681416
GACGCC,0.1392620673335078
GACGCG,0.16251892949777494
GACGGA,-0.20972053098206903
GACGGT,0.32734732884421236
GACGGC,-0.039220713153281385
GACGGG,0.05715841383994862
GAGAAA,0.06268370229368675
GAGAAT,-0.1839228381609285
GAGAAC,-0.05105517080028418
GAGAAG,-0.04248099497616723
GAGATA,0.11075136429270266
GAGATT,-0.0810302227428541
GAGATC,-1.5065434892714678
GAGATG,0.717688289476063
GAGACA,0.19349485739207992
GAGACT,0.11352382629698717
GAGACC,0.09156719352549043
GAGACG,0.3101549283038396
GAGAGA,0.2604695089268961
GAGAGT,0.06661474908198403
GAGAGC,0.1823215567939546
GAGAGG,0.7469498865529217
GAGTAA,-0.2559998833986398
GAGTAT,0.18032355413128148
GAGTAC,-0.3784364357202451
GAGTAG,0.2584829177595186
GAGTTA,-0.0888615162777913
GAGTTT,-0.25131442828090605
GAGTTC,-0.3845584232888508
GAGTTG,0.1257693872890334
GAGTCA,0.13185213110480254
GAGTCT,0.21465693743689096
GAGTCC,-0.20972053098206914
GAGTCG,-0.05244647537254243
GAGTGA,0.6988778552689304
GAGTGT,0.38646860741750927
GAGTGC,0.029600469776290682
GAGTGG,0.6453293062094525
GAGCAA,0.07522342123758753
GAGCAT,0.041473248206575095
GAGCAC,0.2782033284972373
GAGCAG,0.2774779022775392
GAGCTA,-0.05918887139033065
GAGCTT,-0.21741287660522485
GAGCTC,-0.1216969349775197
GAGCTG,0.44628710262841953
GAGCCA,0.06762018767497929
GAGCCT,0.5437697794853448
GAGCCC,0.622051258876215
GAGCCG,0.17435338714477774
GAGCGA,0.31015492830383945
GAGCGT,0.6496620686202064
GAGCGC,0.05129329438755048
GAGCGG,0.33493495730232636
GAGGAA,0.6106459590482017
GAGGAT,0.18725679198068557
GAGGAC,0.2340726218464
GAGGAG,1.5105920777974677
GAGGTA,0.4721111115853002
GAGGTT,0.6126083180759331
GAGGTC,0.6719449729093423
GAGGTG,1.5149117389419842
GAGGCA,0.6968577599564811
GAGGCT,0.3894647667617233
GAGGCC,0.1278333715098848
GAGGCG,1.0449081096962487
GAGGGA,1.1559635851395755
GAGGGT,0.1761865682264387
GAGGGC,0.8531118302526234
GAGGGG,1.3314177508940563
GTAAAA,0.06478546520599486
GTAAAT,-0.13752979859121797
GTAAAC,-0.17086011327494813
GTAAAG,-0.05579135962841554
GTAATA,-0.09241489066582596
GTAATT,-0.23172850306261678
GTAATC,-0.22443304214408158
GTAATG,0.04180122100963736
GTAACA,0.11348763833671766
GTAACT,-0.03484050466072022
GTAACC,-0.612178118026278
GTAACG,-0.039629794770767716
GTAAGA,-0.20273042842516173
GTAAGT,0.07878087785311438
GTAAGC,0.010582109330537008
GTAAGG,0.09982033528221099
GTATAA,0.09761604326234843
GTATAT,0.03436764350420782
GTATAC,0.09058919833751387
GTATAG,0.16806469616908967
GTATTA,-0.24027595005451055
GTATTT,0.059038837951745624
GTATTC,-0.1049720907160618
GTATTG,0.07420534787803089
GTATCA,0.09507764870224238
GTATCT,-0.06944220872210106
GTATCC,-0.3280333679753483
GTATCG,0.4242851674349342
GTATGA,0.04200472676930461
GTATGT,0.05927660992954031
GTATGC,-0.13235145148467398
GTATGG,-0.276574095040144
GTACAA,-0.3187967254624907
GTACAT,-0.1034668318780736
GTACAC,-0.15171610771787694
GTACAG,-0.17803889500195386
GTACTA,-0.23704645648320127
GTACTT,-0.04652001563489282
GTACTC,-0.13976194237515874
GTACTG,-1.0062389685370945
GTACCA,0.13058008698994233
GTACCT,0.08385431043686273
GTACCC,-0.33647223662121306
GTACCG,0.18901054494475125
GTACGA,-0.0697333380146752
GTACGT,-0.1650158096963622
GTACGC,-0.41494385206270806
GTACGG,-0.325422400434628
GTAGAA,-0.0025391465186762985
GTAGAT,-0.41021571086676223
GTAGAC,0.05380270599297641
GTAGAG,0.1676471458646945
GTAGTA,-0.014329825554824968
GTAGTT,-0.21950056003570867
GTAGTC,0.0672087496934501
GTAGTG,0.31149272114549953
GTAGCA,-0.04367506350266153
GTAGCT,-0.13062018241706422
GTAGCC,0.16487464319023404
GTAGCG,0.6002970265964828
GTAGGA,-0.21989503735837845
GTAGGT,0.09473342308354009
GTAGGC,-0.36545977349446523
GTAGGG,0.36657601492144387
GTTAAA,0.10816128133334423
GTTAAT,0.06785972688978288
GTTAAC,-0.2253633080525228
GTTAAG,0.0031796529173798056
GTTATA,0.005092308903712584
GTTATT,-0.06055500574901843
GTTATC,0.1646371255873665
GTTATG,-0.13657553500575073
GTTACA,-0.065265001372937
GTTACT,-0.1884431325347842
GTTACC,-0.23507212217948356
GTTACG,-0.055569851154810765
GTTAGA,-0.01997461113012326
GTTAGT,-0.0196335798779764
GTTAGC,-0.020542272300314038
GTTAGG,0.06831924397747723
GTTTAA,-0.06428234078520302
GTTTAT,-0.10797903555976252
GTTTAC,-0.15490227700657042
GTTTAG,-0.20892530231193068
GTTTTA,-0.01657144358926225
GTTTTT,0.047556615679872086
GTTTTC,0.09301868962743881
GTTTTG,-0.15486471056091541
GTTTCA,-0.03804262544585032
GTTTCT,-0.18532005979021118
GTTTCC,-0.7402939589856473
GTTTCG,-0.2897632386556056
GTTTGA,0.07489499506173221
GTTTGT,0.024453877045025933
GTTTGC,-0.135918247700596
GTTTGG,-0.2637618887341289
GTTCAA,0.049927173956507254
GTTCAT,-0.0719393460363976
GTTCAC,0.09582755499910271
GTTCAG,-0.10763066419236544
GTTCTA,-0.14323416808590794
GTTCTT,0.009132483563272472
GTTCTC,0.05608946665104358
GTTCTG,-0.3927722813097454
GTTCCA,-0.1753528874778613
GTTCCT,-0.2738366656297279
GTTCCC,-0.39429180751003917
GTTCCG,0.07087433958665709
GTTCGA,0.44723452098445937
GTTCGT,-0.08004270767353637
GTTCGC,0.20318280875167172
GTTCGG,-0.07696104113612832
GTTGAA,0.1664082388133421
GTTGAT,0.07216244624823058
GTTGAC,-0.09709112417531966
GTTGAG,0.13036181786324363
GTTGTA,-0.021596102288881397
GTTGTT,0.14372138353027264
GTTGTC,0.26049933785797874
GTTGTG,0.1394005618978173
GTTGCA,-0.2231435513142097
GTTGCT,0.2919464712382385
GTTGCC,-0.04348511193973878
GTTGCG,-0.2933478099874583
GTTGGA,-0.12352781961327534
GTTGGT,-0.0628924302309025
GTTGGC,0.2843542823591063
GTTGGG,1.0316728059930003
GTCAAA,-0.0595692984242592
GTCAAT,0.021461536772514764
GTCAAC,0.3392157225669637
GTCAAG,-0.3536400402435783
GTCATA,0.24846135929849972
GTCATT,0.2365760615182846
GTCATC,0.42343380165098093
GTCATG,0.4681870983193376
GTCACA,0.31435031953394227
GTCACT,0.45942684970954856
GTCACC,0.4872951263557966
GTCACG,-0.012959144642505228
GTCAGA,-0.12221763272424928
GTCAGT,0.3011050927839216
GTCAGC,0.4567584024957149
GTCAGG,-0.11647499099636818
GTCTAA,-0.23875144898020073
GTCTAT,0.026304487886734906
GTCTAC,-0.10049153854632246
GTCTAG,-0.11701645838618796
GTCTTA,-0.03613176729750856
GTCTTT,0.05724126731362796
GTCTTC,-0.16592774701827814
GTCTTG,-0.296198337483273
GTCTCA,0.083381608939051
GTCTCT,0.08783816496562395
GTCTCC,0.35097692282409465
GTCTCG,0.7070362927206124
GTCTGA,0.01680711831638119
GTCTGT,-0.05826890812397588
GTCTGC,0.10964317744982707
GTCTGG,-0.535961597037533
GTCCAA,-0.20382776201491812
GTCCAT,-0.5742859776832164
GTCCAC,0.083381608939051
GTCCAG,-0.45425527227759627
GTCCTA,-0.06371581438610774
GTCCTT,-0.1919648330657589
GTCCTC,0.21794873443710575
GTCCTG,-0.4456715285862049
GTCCCA,0.7519876805828787
GTCCCT,0.31429572096987096
GTCCCC,0.4818380868927384
GTCCCG,-0.0953101798043249
GTCCGA,0.5849335959197126
GTCCGT,-0.11460338273900374
GTCCGC,-0.5784842722398054
GTCCGG,-0.5538851132264375
GTCGAA,0.12878078986592478
GTCGAT,0.1960148839259572
GTCGAC,0.24307776621502694
GTCGAG,-0.055569851154810765
GTCGTA,-0.02469261259037141
GTCGTT,0.349786282943547
GTCGTC,0.6992262266363275
GTCGTG,0.28768207245178085
GTCGCA,-0.3572630062902868
GTCGCT,0.4253034503278286
GTCGCC,0.4914075379088891
GTCGCG,0.6241543090729939
GTCGGA,-0.3364722366212129
GTCGGT,-0.07696104113612832
GTCGGC,-0.284104251103897
GTCGGG,-0.3244960455744974
GTGAAA,0.1156170158250154
GTGAAT,0.06667097070764727
GTGAAC,0.053973063744666004
GTGAAG,0.10699583899855698
GTGATA,0.2138699145288806
GTGATT,0.13286716144765992
GTGATC,-0.9994056385846617
GTGATG,0.3598903807927067
GTGACA,0.5775169982646629
GTGACT,-0.0953101798043249
GTGACC,-0.3025706849455316
GTGACG,0.33716212971515064
GTGAGA,0.0727593542824283
GTGAGT,-0.05971923470162231
GTGAGC,0.41383335777868097
GTGAGG,0.9014021193804045
GTGTAA,0.027344151129522258
GTGTAT,0.1342642618401752
GTGTAC,0.3483066942682158
GTGTAG,-0.05826890812397588
GTGTTA,-0.011363758650315095
GTGTTT,0.22130700350690835
GTGTTC,0.14310084364067324
GTGTTG,0.23291334291001486
GTGTCA,0.19281116346497426
GTGTCT,0.1330302650770772
GTGTCC,-0.5158131652770298
GTGTCG,0.2608838792970568
GTGTGA,0.1447046932226479
GTGTGT,-0.2204733227583309
GTGTGC,-0.12921173148000623
GTGTGG,0.3566749439387324
GTGCAA,-0.1425812281444405
GTGCAT,-0.18496356625679322
GTGCAC,0.15906469462968728
GTGCAG,-0.10975086395911918
GTGCTA,0.14135411830573175
GTGCTT,0.07796154146971192
GTGCTC,0.3226291025290154
GTGCTG,-0.17265964588221774
GTGCCA,0.238136335900351
GTGCCT,0.07174390485884131
GTGCCC,0.1376213778760479
GTGCCG,0.6931471805599453
GTGCGA,-0.020619287202735703
GTGCGT,-0.037740327982847086
GTGCGC,0.021661496781179467
GTGCGG,0.09614386055290235
GTGGAA,0.08434114843375096
GTGGAT,-0.056843898976528834
GTGGAC,-0.5709795465857378
GTGGAG,0.11826392049373406
GTGGTA,0.09614386055290235
GTGGTT,0.3020708099038805
GTGGTC,-0.09531017980432477
GTGGTG,0.26341745045214976
GTGGCA,0.1290302597437311
GTGGCT,0.5150009951764714
GTGGCC,-0.02690745291992438
GTGGCG,0.5187937934151675
GTGGGA,0.7194151073805554
GTGGGT,0.08183001824763211
GTGGGC,-0.13248918304607887
GTGGGG,0.7221347174331977
GCAAAA,-0.14694603771221082
GCAAAT,-0.2718714664251387
GCAAAC,-0.40420645470096833
GCAAAG,-0.0761315097737529
GCAATA,-0.11959829832059847
GCAATT,-0.2873530709683066
GCAATC,0.07616136096556395
GCAATG,0.020666636808559128
GCAACA,0.10292149005846753
GCAACT,-0.062094129795794734
GCAACC,-0.030562650410166696
GCAACG,0.09198238971165006
GCAAGA,-0.4499168706789983
GCAAGT,0.17160990119902686
GCAAGC,0.08610269905341161
GCAAGG,-0.23399356733827556
GCATAA,-0.05024980535691709
GCATAT,0.052532451919098576
GCATAC,-0.06732481438625439
GCATAG,-0.16551443847757344
GCATTA,-0.19506058257138445
GCATTT,0.060886283953962964
GCATTC,-0.30988278243197337
GCATTG,0.07709008171957082
GCATCA,0.10536051565782635
GCATCT,0.1704998178287878
GCATCC,-0.3541718137206139
GCATCG,0.11332868530700327
GCATGA,-0.02569444937478275
GCATGT,-0.05264373348542203
GCATGC,-0.15088003095913574
GCATGG,-0.4382549309311553
GCACAA,-0.12436791428386759
GCACAT,0.10014537997871806
GCACAC,-0.23638877806423053
GCACAG,-0.4987530425317213
GCACTA,-0.17720645612718416
GCACTT,0.12291667217612796
GCACTC,0.19139485299962947
GCACTG,0.179971379449001
GCACCA,0.533967152327685
GCACCT,0.7832982775542428
GCACCC,0.32158362412746233
GCACCG,0.0
GCACGA,-0.13976194237515874
GCACGT,0.05129329438755048
GCACGC,-0.030305349495328922
GCACGG,-0.1445812288111077
GCAGAA,-0.1106009976027422
GCAGAT,-0.46128517820585463
GCAGAC,-0.5452270504833231
GCAGAG,-0.6505875661411494
GCAGTA,0.4208773871030512
GCAGTT,0.08829260714567821
GCAGTC,0.021978906718775167
GCAGTG,0.14197026127038728
GCAGCA,-0.3729419164026042
GCAGCT,0.07122750928836778
GCAGCC,-0.41376391092285947
GCAGCG,-0.6859786910813328
GCAGGA,-0.6787584431078458
GCAGGT,0.022472855852058576
GCAGGC,0.08183001824763211
GCAGGG,-0.21511137961694557
GCTAAA,0.12594122335784713
GCTAAT,-0.2285526246782217
GCTAAC,0.12287409815053464
GCTAAG,-0.5124909030850519
GCTATA,0.41121933689141654
GCTATT,0.21778160817282444
GCTATC,0.017126964792800636
GCTATG,0.14255154398390646
GCTACA,-0.12238459156928182
GCTACT,0.1325466559619831
GCTACC,0.035401927050916
GCTACG,0.004773278752657812
GCTAGA,-0.29354719190417905
GCTAGT,-0.10318423623523075
GCTAGC,-0.15663207067864363
GCTAGG,-0.16833531481921477
GCTTAA,-0.153164972502499
GCTTAT,-0.033490839325585976
GCTTAC,0.18289314869291234
GCTTAG,-0.24686007793152578
GCTTTA,0.2012881700109457
GCTTTT,0.3723247156058601
GCTTTC,0.30467546253921407
GCTTTG,-0.11229295243347115
GCTTCA,0.2753047757432259
GCTTCT,0.3819927519230222
GCTTCC,-0.6787584431078458
GCTTCG,0.31666960932503324
GCTTGA,-0.26696903085423923
GCTTGT,0.19639604294718152
GCTTGC,-0.2755396856260555
GCTTGG,0.10178269430994238
GCTCAA,-0.014598799421152636
GCTCAT,0.08274242707005376
GCTCAC,-0.017241806434505992
GCTCAG,-0.24869662573882725
GCTCTA,0.1196028723733694
GCTCTT,0.08464264315407925
GCTCTC,0.25489224962879004
GCTCTG,-0.8209805520698302
GCTCCA,-0.27842886697129776
GCTCCT,0.7844653390947326
GCTCCC,0.664976303593249
GCTCCG,-0.20585205420414873
GCTCGA,-0.6706743247078867
GCTCGT,0.12216763397420756
GCTCGC,0.07174390485884131
GCTCGG,-0.011049836186584935
GCTGAA,-0.12141280370696224
GCTGAT,0.0856554445784938
GCTGAC,-0.13353139262452263
GCTGAG,-0.004158010148663788
GCTGTA,-0.012820688429061434
GCTGTT,0.3508012119266385
GCTGTC,-0.055569851154810765
GCTGTG,-0.07522342123758752
GCTGCA,-0.44895022004790314
GCTGCT,0.1823215567939546
GCTGCC,-0.5371429320833642
GCTGCG,-0.27087495413539975
GCTGGA,-0.7808527609790509
GCTGGT,-0.1783454084143153
GCTGGC,0.20132450391956996
GCTGGG,0.26881358814739825
GCCAAA,-0.4019501660007199
GCCAAT,0.037888267919502686
GCCAAC,0.36304439222421225
GCCAAG,-0.8013607652001781
GCCATA,-0.23537611974984415
GCCATT,0.08979599911671467
GCCATC,0.15307598869749275
GCCATG,-0.15963014559188396
GCCACA,0.25489224962879004
GCCACT,0.4961194763762953
GCCACC,0.6286086594223741
GCCACG,0.030459207484708654
GCCAGA,-0.47830243206043055
GCCAGT,-0.262364264467491
GCCAGC,-0.4462871026284195
GCCAGG,-0.3262157364540237
GCCTAA,-0.15845407538731124
GCCTAT,-0.07661804679217225
GCCTAC,0.33526084943491574
GCCTAG,0.02298951822469878
GCCTTA,-0.13440820109805718
GCCTTT,-0.1034183323327474
GCCTTC,-0.22140290683642577
GCCTTG,-0.6241543090729939
GCCTCA,0.11255479129185356
GCCTCT,0.5510995229039307
GCCTCC,1.455287232606842
GCCTCG,0.4872951263557966
GCCTGA,-0.32047189527477177
GCCTGT,0.4653632496892333
GCCTGC,-0.2000211338933556
GCCTGG,-0.37156355643248296
GCCCAA,-0.04445176257083381
GCCCAT,-0.09227527610917081
GCCCAC,0.12945806723688677
GCCCAG,-0.2006706954621511
GCCCTA,-0.2704288243042214
GCCCTT,-0.13223745239654328
GCCCTC,0.453667209926042
GCCCTG,-0.04445176257083381
GCCCCA,0.9392802500988539
GCCCCT,0.9808292530117262
GCCCCC,0.4248831939652659
GCCCCG,1.0498221244986776
GCCCGA,0.6039160468320027
GCCCGT,0.0
GCCCGC,0.12136085700426734
GCCCGG,-0.8109302162163288
GCCGAA,-0.3856624808119846
GCCGAT,-0.36724389528796664
GCCGAC,-0.38299225225610584
GCCGAG,0.8675005677047231
GCCGTA,0.17022114985986725
GCCGTT,0.10536051565782635
GCCGTC,0.21425460389696366
GCCGTG,-0.11332868530700312
GCCGCA,-0.20701416938432615
GCCGCT,-0.1251631429540059
GCCGCC,0.16251892949777494
GCCGCG,-0.4906229164484714
GCCGGA,-1.1314021114911006
GCCGGT,0.16788087263916016
GCCGGC,0.12405264866997882
GCCGGG,0.1508228897345837
GCGAAA,-0.06648974126883297
GCGAAT,-0.11980119981262065
GCGAAC,-0.13976194237515874
GCGAAG,0.5230957163578049
GCGATA,0.2563821927899436
GCGATT,0.07122750928836778
GCGATC,-1.5422291627406504
GCGATG,0.6314536115546056
GCGACA,0.24351085413864346
GCGACT,0.2181560098031706
GCGACC,0.6814511407967542
GCGACG,0.02531780798429
GCGAGA,0.14014663174324185
GCGAGT,0.11466290832013994
GCGAGC,0.2135741002980591
GCGAGG,0.8938178760220965
GCGTAA,-0.20751180562251306
GCGTAT,0.022059718064732257
GCGTAC,-0.41494385206270806
GCGTAG,-0.4357704576034934
GCGTTA,0.13395792280799906
GCGTTT,0.39008400606986193
GCGTTC,0.10032272162786926
GCGTTG,0.24226459276098827
GCGTCA,0.45537431922977645
GCGTCT,0.025317807984289786
GCGTCC,-0.036813973122716434
GCGTCG,-0.2231435513142097
GCGTGA,0.16251892949777494
GCGTGT,0.07976496846886262
GCGTGC,0.4198538455602639
GCGTGG,-0.1823215567939546
GCGCAA,0.16388785510511664
GCGCAT,0.3566749439387324
GCGCAC,-0.11460338273900374
GCGCAG,-0.5636891133230585
GCGCTA,0.13710921397240675
GCGCTT,0.8259066704058861
GCGCTC,0.00836824967051658
GCGCTG,-0.09531017980432477
GCGCCA,0.3829922522561057
GCGCCT,0.6848483777452502
GCGCCC,0.7621400520468967
GCGCCG,-0.6241543090729939
GCGCGA,-0.262364264467491
GCGCGT,-0.1898687624293376
GCGCGC,-0.3506568716131693
GCGCGG,-1.589235205116581
GCGGAA,0.09431067947124121
GCGGAT,-0.41021571086676223
GCGGAC,-0.37156355643248296
GCGGAG,0.06575137756278043
GCGGTA,-0.20173964265105623
GCGGTT,-0.05310982531394841
GCGGTC,-1.4816045409242156
GCGGTG,0.6319035553192267
GCGGCA,-1.5114575040738967
GCGGCT,0.1723712259407865
GCGGCC,-0.4219944100593748
GCGGCG,-1.547562508716013
GCGGGA,0.12260232209233228
GCGGGT,0.2135741002980591
GCGGGC,0.3726752852851735
GCGGGG,1.3375041969504586
GGAAAA,-0.28567275585649243
GGAAAT,-0.0636640129926387
GGAAAC,-0.6023854643232717
GGAAAG,0.16705408466316624
GGAATA,-0.14391210867908355
GGAATT,-0.33126389151407465
GGAATC,-0.19129022677671495
GGAATG,-0.09381875521765486
GGAACA,-0.31237468504215243
GGAACT,-0.796331416795176
GGAACC,-0.5924056107584135
GGAACG,0.1823215567939546
GGAAGA,-0.3250435407975902
GGAAGT,0.10536051565782635
GGAAGC,-0.13613217432458005
GGAAGG,0.25782910930209985
GGATAA,-0.15780699103036885
GGATAT,-0.4546621898823974
GGATAC,-0.10307218513981406
GGATAG,-0.18023605030293327
GGATTA,-0.2974823770500732
GGATTT,-0.19125588552772052
GGATTC,-0.2772107725844855
GGATTG,-0.08367247572411507
GGATCA,-0.9329925814920865
GGATCT,-1.2359558501789867
GGATCC,-1.0930412436186543
GGATCG,-0.6359887667199967
GGATGA,0.0870113769896297
GGATGT,-0.04196419909903208
GGATGC,-0.1431008436406733
GGATGG,0.09772689080275505
GGACAA,-0.37156355643248296
GGACAT,0.2099730881244646
GGACAC,-0.33096258081024343
GGACAG,0.4902063365632549
GGACTA,-0.5140205146625099
GGACTT,-0.18855210654459065
GGACTC,-0.3184537311185346
GGACTG,-0.19268434382950111
GGACCA,-0.7514160886839211
GGACCT,0.22314355131420976
GGACCC,0.4054651081081644
GGACCG,-1.3217558399823195
GGACGA,0.12981161152199072
GGACGT,0.3022808718729337
GGACGC,-0.5988365010887039
GGACGG,-0.082238098236972
GGAGAA,0.06620657823826814
GGAGAT,0.41633478034506827
GGAGAC,0.125163142954006
GGAGAG,0.7540559336469378
GGAGTA,0.28324747538391504
GGAGTT,0.24087800625397837
GGAGTC,0.42079947210827107
GGAGTG,1.3721097261279342
GGAGCA,0.5396045883160341
GGAGCT,0.16251892949777494
GGAGCC,-0.22757814838207563
GGAGCG,0.843970070294529
GGAGGA,1.4947750041139605
GGAGGT,1.4596256342054401
GGAGGC,1.4892936005920372
GGAGGG,1.4772661393256175
GGTAAA,-0.11727400026743307
GGTAAT,-0.34958464971370784
GGTAAC,-0.5059863471252414
GGTAAG,-0.1980699137620938
GGTATA,-0.02150620522096362
GGTATT,-0.3450693978184244
GGTATC,-0.17067998177846894
GGTATG,-0.2853537826921899
GGTACA,-0.04143718986417318
GGTACT,-0.32208349916911333
GGTACC,-0.034401426717332324
GGTACG,-0.388657989791783
GGTAGA,-0.303465940153043
GGTAGT,-0.08442867961679083
GGTAGC,0.23712979328894954
GGTAGG,-0.028749413285985823
GGTTAA,-0.18038169197612808
GGTTAT,-0.271739333132947
GGTTAC,-0.19294864936824085
GGTTAG,0.02180462996685292
GGTTTA,-0.2370810591579914
GGTTTT,-0.036740055097772235
GGTTTC,-0.2193267527875088
GGTTTG,-0.3379592257427912
GGTTCA,-0.1346935078047001
GGTTCT,0.17389561647988283
GGTTCC,-0.27668431824223966
GGTTCG,-0.3313571359544425
GGTTGA,-0.2908021997880246
GGTTGT,0.14835940089414038
GGTTGC,-0.294799540220645
GGTTGG,-0.2623642644674911
GGTCAA,-0.17139248626176434
GGTCAT,0.0670107102829603
GGTCAC,-0.13205972201306623
GGTCAG,-0.11122563511022437
GGTCTA,-0.6164718129009776
GGTCTT,-0.3646431135879093
GGTCTC,0.16561970717602298
GGTCTG,-0.6418538861723946
GGTCCA,-1.0206507471983977
GGTCCT,-0.7783049889002522
GGTCCC,0.08096906253366709
GGTCCG,-0.24686007793152578
GGTCGA,0.2988553730499061
GGTCGT,0.10536051565782635
GGTCGC,0.8775762196934647
GGTCGG,-0.4946962418361069
GGTGAA,0.32542240043462795
GGTGAT,0.1834489526292629
GGTGAC,0.5306282510621704
GGTGAG,0.4284546263328632
GGTGTA,0.4201290622951786
GGTGTT,0.3566749439387324
GGTGTC,0.42057874591821265
GGTGTG,0.4008247285516622
GGTGCA,0.1376213778760477
GGTGCT,0.3910951678252117
GGTGCC,0.7015154302304619
GGTGCG,0.31015492830383945
GGTGGA,0.5308663746494369
GGTGGT,0.39780223536259535
GGTGGC,0.5513169851207276
GGTGGG,1.0805937831654315
GGCAAA,-0.4262991950110063
GGCAAT,-0.15373042346469562
GGCAAC,0.07796154146971171
GGCAAG,0.07955263170195369
GGCATA,0.04242584410222966
GGCATT,-0.01475546556591921
GGCATC,-0.08737363020858856
GGCATG,0.1520162072986257
GGCACA,-0.08515780834030683
GGCACT,0.26905325261828766
GGCACC,1.141452447344602
GGCACG,-0.5690945318899665
GGCAGA,-0.16228080591050847
GGCAGT,0.31138418475856916
GGCAGC,-0.4700036292457356
GGCAGG,-0.5136786927483972
GGCTAA,-0.2871384464530707
GGCTAT,0.275199913270263
GGCTAC,-0.00947874395454377
GGCTAG,-0.19539363836130752
GGCTTA,-0.11062962833783826
GGCTTT,0.29704476237963184
GGCTTC,-0.020619287202735703
GGCTTG,-0.4238142467763609
GGCTCA,-0.012959144642505228
GGCTCT,0.480053965099237
GGCTCC,0.21278076427866321
GGCTCG,0.27443684570176036
GGCTGA,0.300260854658641
GGCTGT,0.13543797089510431
GGCTGC,-0.6343066805370119
GGCTGG,0.17435338714477774
GGCCAA,-0.2654364635044612
GGCCAT,-0.9062403960206536
GGCCAC,-0.4700036292457356
GGCCAG,-0.6931471805599453
GGCCTA,-0.2704288243042214
GGCCTT,-0.43466426280042675
GGCCTC,0.39834764033930037
GGCCTG,-0.056695343676545176
GGCCCA,-0.45425527227759643
GGCCCT,-0.4219944100593748
GGCCCC,1.9363406980391626
GGCCCG,-0.048790164169432056
GGCCGA,-0.6626879730752366
GGCCGT,-0.13491931789937076
GGCCGC,0.4222722264245456
GGCCGG,-0.1397619423751586
GGCGAA,0.3127557100038969
GGCGAT,0.3894647667617233
GGCGAC,0.36772478012531734
GGCGAG,0.11466290832013994
GGCGTA,0.03090753746307649
GGCGTT,0.5957250675524769
GGCGTC,0.5978370007556204
GGCGTG,0.3930425881096072
GGCGCA,0.32158362412746233
GGCGCT,0.33436918642443425
GGCGCC,0.6574290979578661
GGCGCG,-0.5306282510621704
GGCGGA,0.06010392406970531
GGCGGT,-0.5717863235556779
GGCGGC,-1.7227665977411035
GGCGGG,1.2992829841302609
GGGAAA,-0.1823215567939546
GGGAAT,0.20095563633884767
GGGAAC,-0.21868920096482944
GGGAAG,-0.11874875277634238
GGGATA,0.028471674081311994
GGGATT,0.13353139262452257
GGGATC,-0.7628805185746205
GGGATG,0.14932363907894236
GGGACA,0.6177977433181585
GGGACT,-0.10034797383428198
GGGACC,0.5219989243641159
GGGACG,0.6249389305334118
GGGAGA,0.38652790708841345
GGGAGT,0.9843441951191707
GGGAGC,1.1631508098056809
GGGAGG,1.1013186502658525
GGGTAA,-0.18774162426329385
GGGTAT,-0.3384543978252042
GGGTAC,-0.7884573603642702
GGGTAG,-0.10008345855698253
GGGTTA,-0.17089286097033188
GGGTTT,-0.08933108874826685
GGGTTC,-0.19207773173931936
GGGTTG,-0.5988365010887041
GGGTCA,-0.15750638767423059
GGGTCT,-0.6370577139089018
GGGTCC,0.17435338714477774
GGGTCG,0.25131442828090617
GGGTGA,0.22314355131420976
GGGTGT,0.4288124721051556
GGGTGC,0.646263594661095
GGGTGG,0.8878527965536217
GGGCAA,-0.11394425934921772
GGGCAT,0.07955263170195369
GGGCAC,-0.20972053098206903
GGGCAG,0.1508228897345837
GGGCTA,0.10140011444172942
GGGCTT,0.481349805633037
GGGCTC,0.29725152346793154
GGGCTG,0.2921364228011613
GGGCCA,-0.4201712554978597
GGGCCT,-0.36000273403140703
GGGCCC,2.2323808343207974
GGGCCG,-0.9932517730102834
GGGCGA,0.037041271680349076
GGGCGT,0.7932306391169279
GGGCGC,0.5295177567781433
GGGCGG,-0.32208349916911333
GGGGAA,0.30788477976930034
GGGGAT,0.5959046330045666
GGGGAC,0.3136575588550416
GGGGAG,1.0498221244986776
GGGGTA,0.20025925748062184
GGGGTT,0.16062319433287583
GGGGTC,0.12576938728903359
GGGGTG,1.1057807781467222
GGGGCA,0.42712660488934384
GGGGCT,1.1086626245216111
GGGGCC,2.0755276423586997
GGGGCG,1.2439781389396352
GGGGGA,1.1141164752040749
GGGGGT,0.4155154439616658
GGGGGC,1.0753554265038425
GGGGGG,0.5634693572514126
