Item,Count obs
AAAAAA,-0.5241324781005376
AAAAAT,0.0006445029494271555
AAAAAC,-0.1729307540604135
AAAAAG,0.10395618010799532
AAAATA,0.22609955182838976
AAAATT,-0.13593342712861473
AAAATC,0.08134741330717847
AAAATG,0.24656736498823817
AAAACA,-0.012631746905900574
AAAACT,-0.13426579069062075
AAAACC,-0.2578418060219024
AAAACG,0.05839350604990943
AAAAGA,0.10823690852739287
AAAAGT,0.0689496086000123
AAAAGC,0.03813688512271557
AAAAGG,0.175053912567471
AAATAA,-0.0029065699521243506
AAATAT,0.20736652503226863
AAATAC,0.09752995058068083
AAATAG,-0.012551560581999629
AAATTA,-0.05100628493959299
AAATTT,-0.3150304440975533
AAATTC,-0.14449381240299225
AAATTG,0.010200468292041402
AAATCA,0.12149718543205426
AAATCT,0.03422691364373797
AAATCC,0.17660502829949867
AAATCG,0.07202597904622253
AAATGA,0.17649988649321857
AAATGT,0.10906909748939357
AAATGC,0.1000571431137632
AAATGG,0.22562441147707185
AAACAA,0.009102333696898838
AAACAT,0.014951802896019176
AAACAC,-0.03369264096646981
AAACAG,-0.02076761220701471
AAACTA,-0.2493168690771149
AAACTT,-0.05945569536685143
AAACTC,0.0013522652500137541
AAACTG,-0.11410083350697293
AAACCA,-0.050878204259139054
AAACCT,0.06747339520848392
AAACCC,-0.2537062017243764
AAACCG,-0.13704893767511497
AAACGA,0.09262148988039648
AAACGT,0.21613549731292503
AAACGC,0.051393933445653905
AAACGG,0.024707493653474917
AAAGAA,0.11002524714848202
AAAGAT,0.10268378939726167
AAAGAC,-0.025550193041092392
AAAGAG,0.033738139631850204
AAAGTA,0.047016928121862804
AAAGTT,-0.006489163690640204
AAAGTC,-0.04639547487876953
AAAGTG,-0.05659834661724366
AAAGCA,0.0021892734388512247
AAAGCT,-0.07871481219244097
AAAGCC,-0.053038133017255
AAAGCG,0.05402361503457719
AAAGGA,-0.15419511341016764
AAAGGT,0.10500784416766057
AAAGGC,0.0011818004133003531
AAAGGG,0.010657294473987979
AATAAA,-0.003995730819216752
AATAAT,-0.015553086268033235
AATAAC,-0.08106638708191478
AATAAG,-0.3137607228962748
AATATA,0.024124539764983636
AATATT,0.1761749772488556
AATATC,0.4000906592338518
AATATG,0.1405841981430158
AATACA,0.03431626000343848
AATACT,0.18674995233066233
AATACC,0.31577517593599325
AATACG,0.1602371258836605
AATAGA,-0.030753162241187484
AATAGT,-0.19774206282204979
AATAGC,0.051866232621385254
AATAGG,-0.1446252341797697
AATTAA,0.006554094547921309
AATTAT,-0.21184864414956323
AATTAC,-0.04593766966014036
AATTAG,0.07927476428773897
AATTTA,-0.2939693436998797
AATTTT,-0.17770902812380862
AATTTC,0.014941137045128382
AATTTG,-0.032773211941201814
AATTCA,-0.09610038134682561
AATTCT,-0.07845676932486782
AATTCC,0.03335866349730963
AATTCG,-0.22277651148626829
AATTGA,0.06364406669511069
AATTGT,0.03183438499019601
AATTGC,0.16915419044028276
AATTGG,-0.00531474428234227
AATCAA,-0.08821664287417078
AATCAT,0.040951670977676
AATCAC,-0.033055013264429736
AATCAG,-0.21181268616612353
AATCTA,-0.27085705624287604
AATCTT,-0.24712801696669331
AATCTC,-0.08493812687754296
AATCTG,-0.33657530284135057
AATCCA,0.11757455030172446
AATCCT,0.1565881048644997
AATCCC,0.19177789203599008
AATCCG,0.014157250611092754
AATCGA,0.005842275624228361
AATCGT,0.1717235368453889
AATCGC,0.21940056503537528
AATCGG,0.1875908898293138
AATGAA,-0.04586696534817497
AATGAT,0.15785219566067724
AATGAC,0.24114623290537518
AATGAG,-0.0331107470876194
AATGTA,-0.017785996319089198
AATGTT,0.09929682855915085
AATGTC,0.19199360628016832
AATGTG,-0.30159824470712143
AATGCA,-0.010180884847489295
AATGCT,0.13844263095524284
AATGCC,0.294948654702557
AATGCG,-0.03255519119357105
AATGGA,0.12846367614175663
AATGGT,0.040005334613699206
AATGGC,0.3229000174005123
AATGGG,0.38482078052781843
AACAAA,-0.0972231842592804
AACAAT,0.17696679165629475
AACAAC,0.30978734881063624
AACAAG,0.21109270944667358
AACATA,-0.06033949136732355
AACATT,0.12596515224120675
AACATC,0.30346668166303153
AACATG,-0.10500330900998453
AACACA,-0.13705558077741575
AACACT,0.09044362128020078
AACACC,0.5223637946567763
AACACG,0.12099765647726604
AACAGA,-0.1691704875695438
AACAGT,0.09060874887075519
AACAGC,0.1772688411049018
AACAGG,0.1862525138298692
AACTAA,-0.13468981230637125
AACTAT,-0.26428321237667296
AACTAC,-0.04235761915377586
AACTAG,-0.3021375266735578
AACTTA,-0.20267786975653587
AACTTT,0.060507806209736836
AACTTC,0.2152421573987561
AACTTG,0.05746150646954082
AACTCA,-0.01927254512103225
AACTCT,0.07383081028941996
AACTCC,-0.1629785939508237
AACTCG,0.023277684869345627
AACTGA,-0.024832615670667864
AACTGT,0.12656272330842924
AACTGC,0.20041530023665366
AACTGG,0.11032429036870749
AACCAA,-0.21570857282669167
AACCAT,-0.2254348311366286
AACCAC,-0.23842274601857213
AACCAG,-0.16285469401808123
AACCTA,-0.22167650714456483
AACCTT,-0.23217580812545904
AACCTC,-0.3295677212746685
AACCTG,-0.10589779931813978
AACCCA,-0.29422706289363293
AACCCT,-0.09180754925312286
AACCCC,-0.47479980150922857
AACCCG,-0.27123171475281194
AACCGA,-0.22165091245915766
AACCGT,-0.23817789603981587
AACCGC,-0.1567788022335278
AACCGG,-0.16876859038925118
AACGAA,-0.19377247590981092
AACGAT,0.154134986290641
AACGAC,0.29475962085775254
AACGAG,0.036968425204265125
AACGTA,-0.040520258495366814
AACGTT,0.0798866649175047
AACGTC,0.27944541038590176
AACGTG,0.04434452529175316
AACGCA,-0.07682659639271523
AACGCT,0.037422331211902
AACGCC,0.557709209664841
AACGCG,-0.17655785207720445
AACGGA,0.0007355645789539107
AACGGT,-0.050624690459025075
AACGGC,0.1565546971061014
AACGGG,-0.029162448688991403
AAGAAA,0.06819437552048357
AAGAAT,-0.1653830410659134
AAGAAC,-0.009079180395571035
AAGAAG,0.4260900158302923
AAGATA,0.22952232045693613
AAGATT,-0.2660760243893724
AAGATC,-0.6906735353855404
AAGATG,0.2564883512242982
AAGACA,-0.02782703348086184
AAGACT,-0.08086167127543153
AAGACC,-0.11688266505845277
AAGACG,0.08307402704294702
AAGAGA,0.023841280161427652
AAGAGT,-0.13711612002590776
AAGAGC,0.0030075210639553224
AAGAGG,0.2837922118811115
AAGTAA,0.05806933537191775
AAGTAT,0.06904558768928856
AAGTAC,0.11463744326456103
AAGTAG,0.06248445834881167
AAGTTA,0.061042858731493746
AAGTTT,-0.06800954163045007
AAGTTC,-0.046772140451281495
AAGTTG,0.21296457705751096
AAGTCA,0.06241517317253139
AAGTCT,0.03376363015280913
AAGTCC,0.12197283510342508
AAGTCG,0.03963043563229069
AAGTGA,0.11927555436857845
AAGTGT,0.04197487607253729
AAGTGC,0.17431247814683795
AAGTGG,0.002299091826802653
AAGCAA,-0.10489988326722491
AAGCAT,-0.040951128068310826
AAGCAC,0.09176447325782977
AAGCAG,0.1123198981551658
AAGCTA,-0.1613844063883244
AAGCTT,-0.2028967649188175
AAGCTC,-0.25187413380431145
AAGCTG,-0.013594327818324325
AAGCCA,-0.02878243544055233
AAGCCT,-0.09504197543098583
AAGCCC,0.056797598393133246
AAGCCG,-0.164516932160448
AAGCGA,0.1819424817325539
AAGCGT,-0.07380792714471981
AAGCGC,0.1173253939114699
AAGCGG,0.32492624562415207
AAGGAA,-0.3947144570842271
AAGGAT,-0.15949049834061307
AAGGAC,0.08338160893905121
AAGGAG,-0.04587045406609718
AAGGTA,0.15146971307400048
AAGGTT,-0.34503064801620503
AAGGTC,-0.278905809392765
AAGGTG,0.32720536549079954
AAGGCA,-0.08463492157520633
AAGGCT,-0.18079600348511748
AAGGCC,-0.413975797776073
AAGGCG,0.3616602250544962
AAGGGA,-0.1254379814880983
AAGGGT,-0.18273401297633307
AAGGGC,0.0
AAGGGG,0.17356005112538186
ATAAAA,-0.05136649815025664
ATAAAT,-0.06046344847415672
ATAAAC,-0.010909470823571958
ATAAAG,0.2351640381683345
ATAATA,-0.0962125830043564
ATAATT,-0.24005973909772435
ATAATC,-0.11965102168439218
ATAATG,0.104927789165122
ATAACA,-0.23977632320380027
ATAACT,-0.04146290407641962
ATAACC,-0.26795301387792786
ATAACG,0.034824755745042346
ATAAGA,-0.4999559515290868
ATAAGT,-0.12295640204399018
ATAAGC,-0.26248933481972714
ATAAGG,-0.4062138913704055
ATATAA,-0.06423581188749211
ATATAT,-0.08413863729494618
ATATAC,-0.030080641213883274
ATATAG,-0.01459512571259905
ATATTA,0.03652059156724357
ATATTT,0.23220857897675184
ATATTC,0.2027053768407109
ATATTG,0.16582492191116127
ATATCA,0.10053844054113262
ATATCT,0.25110978282843704
ATATCC,0.3089341230633894
ATATCG,0.3938344692854619
ATATGA,0.09268271977604534
ATATGT,0.09454375254070337
ATATGC,0.09662996926233237
ATATGG,0.21737682497929237
ATACAA,-0.1011820287544669
ATACAT,-0.12385621605640922
ATACAC,0.11976853839718087
ATACAG,0.09874892132551348
ATACTA,-0.17284900515412904
ATACTT,0.10425475770612547
ATACTC,0.04098392472868934
ATACTG,0.08592501077740901
ATACCA,-0.017019830433338736
ATACCT,0.30680696336146296
ATACCC,-0.04713407767445237
ATACCG,0.18703854667209363
ATACGA,0.16532398042538352
ATACGT,0.1168447408148338
ATACGC,0.026152980734619007
ATACGG,0.13413948020786962
ATAGAA,-0.12065365481034337
ATAGAT,-0.11738319088490674
ATAGAC,-0.0773893983926247
ATAGAG,0.1775419111694046
ATAGTA,-0.09976554788720239
ATAGTT,-0.1708051147323955
ATAGTC,-0.12479077281378824
ATAGTG,-0.0080599169771004
ATAGCA,-0.22556307390141403
ATAGCT,-0.020057979044598787
ATAGCC,-0.00654569430263388
ATAGCG,0.15276275455241034
ATAGGA,-0.3938549788789046
ATAGGT,-0.09027492243867948
ATAGGC,-0.13239906454018263
ATAGGG,-0.18881087223370438
ATTAAA,0.18799850753666547
ATTAAT,0.1609766448976581
ATTAAC,0.027167051963314898
ATTAAG,-0.34272337966461425
ATTATA,-0.36119502608287196
ATTATT,0.05447828259216444
ATTATC,0.18581196173372322
ATTATG,-0.272294611063812
ATTACA,-0.034210425982494894
ATTACT,0.11022140353941128
ATTACC,0.12879102606624732
ATTACG,-0.1418614051591754
ATTAGA,0.20490499960093952
ATTAGT,0.015007522002230333
ATTAGC,0.17277661178678994
ATTAGG,0.21696295868372253
ATTTAA,-0.02816695243543254
ATTTAT,-0.14710043830025843
ATTTAC,-0.13113261567710427
ATTTAG,0.08992730324168495
ATTTTA,0.19253709543425224
ATTTTT,-0.00010561892700991847
ATTTTC,0.22649790065103304
ATTTTG,-0.09706935807384515
ATTTCA,-0.01793996405859149
ATTTCT,0.21322509637058054
ATTTCC,0.020715742471679625
ATTTCG,-0.25940585748166906
ATTTGA,0.10771622935028533
ATTTGT,0.17971794524293133
ATTTGC,-0.0598508643711398
ATTTGG,0.0529831772221658
ATTCAA,-0.05897996416326979
ATTCAT,-0.11006372392839421
ATTCAC,-0.09333671134232885
ATTCAG,-0.1733228563302538
ATTCTA,-0.22026648835807805
ATTCTT,-0.13854734497524598
ATTCTC,-0.08962403863100037
ATTCTG,-0.23514026760184126
ATTCCA,0.02039091505759551
ATTCCT,-0.06730772090485311
ATTCCC,0.2952130386529453
ATTCCG,0.038090039474433644
ATTCGA,-0.1327377341076548
ATTCGT,-0.06130052586379574
ATTCGC,-0.16494387156312568
ATTCGG,0.07970942988341598
ATTGAA,0.03325760577228557
ATTGAT,0.0579994298733944
ATTGAC,-0.27197269348056746
ATTGAG,-0.196911572689488
ATTGTA,-0.14695183442544385
ATTGTT,0.07200686731002955
ATTGTC,0.03992658515506093
ATTGTG,-0.37357303033961414
ATTGCA,-0.044203943235623225
ATTGCT,0.23985872547127898
ATTGCC,0.07778718875372652
ATTGCG,-0.07631105736283841
ATTGGA,-0.07341296097823514
ATTGGT,-0.04294353887634775
ATTGGC,-0.1046656054429634
ATTGGG,-0.10899820610065057
ATCAAA,-0.0824528005768595
ATCAAT,0.10178550204074817
ATCAAC,0.18205958237862405
ATCAAG,-0.00540940586338135
ATCATA,-0.0870532521597537
ATCATT,0.12928876900841926
ATCATC,0.21482866990735575
ATCATG,-0.20729726646829474
ATCACA,-0.2663119113975819
ATCACT,0.16245668431397592
ATCACC,0.06818881901941494
ATCACG,-0.1501214091867231
ATCAGA,-0.32306751471815254
ATCAGT,-0.13067422527306216
ATCAGC,0.015716566025376064
ATCAGG,-0.04845077845431286
ATCTAA,0.11386729186794069
ATCTAT,-0.18629053187605063
ATCTAC,0.09671234231588746
ATCTAG,-0.3286193341037411
ATCTTA,-0.773958823296359
ATCTTT,0.11856694094063769
ATCTTC,0.2788584857932658
ATCTTG,-0.04396810611869871
ATCTCA,-0.4829338117865279
ATCTCT,0.15037654267204945
ATCTCC,0.3965345165814717
ATCTCG,-0.08787827111323322
ATCTGA,-0.23790809115961645
ATCTGT,-0.10692220948625707
ATCTGC,0.03090753746307649
ATCTGG,-0.06404792996538088
ATCCAA,-0.10128317694132762
ATCCAT,0.06643808971023572
ATCCAC,0.025210529112760668
ATCCAG,0.05074860239739621
ATCCTA,-0.13145512362478348
ATCCTT,-0.21779152823132455
ATCCTC,0.12552779276400072
ATCCTG,0.20060533812086442
ATCCCA,0.12195840706686405
ATCCCT,0.12793715439618022
ATCCCC,0.3541571079463913
ATCCCG,-0.03857227478623962
ATCCGA,-0.06008148792058108
ATCCGT,-0.15642082836179746
ATCCGC,0.10375923429085242
ATCCGG,0.22139682597926816
ATCGAA,-0.06206836755550901
ATCGAT,0.07553825419520538
ATCGAC,0.1314429825372521
ATCGAG,-0.12967782330853275
ATCGTA,0.041235132307581544
ATCGTT,0.23598692955570844
ATCGTC,0.23817772234629597
ATCGTG,-0.22193679332383714
ATCGCA,-0.034500687226620294
ATCGCT,0.29997473075286324
ATCGCC,0.3175532357852844
ATCGCG,-0.2845691241438221
ATCGGA,-0.0544735601624981
ATCGGT,0.1689412478462113
ATCGGC,0.06950320576697364
ATCGGG,-0.220139042293911
ATGAAA,-0.07117830418573355
ATGAAT,-0.08184662940534723
ATGAAC,-0.13908387773930844
ATGAAG,0.21167654730119861
ATGATA,0.11327280293508274
ATGATT,0.07266260037591372
ATGATC,-0.5394444290716432
ATGATG,0.29629563951425947
ATGACA,0.16127035998795014
ATGACT,0.23749180703368575
ATGACC,-0.04573299272688238
ATGACG,0.1368793087058871
ATGAGA,-0.28511327372825396
ATGAGT,0.10341989793255363
ATGAGC,-0.041127291423862844
ATGAGG,-0.08854015572835147
ATGTAA,-0.3273605562699571
ATGTAT,-0.06084476701744065
ATGTAC,0.010938266399567438
ATGTAG,-0.028832034015574045
ATGTTA,0.04039870173399595
ATGTTT,-0.02997599620106444
ATGTTC,0.005676458004805122
ATGTTG,0.2737751447485527
ATGTCA,0.0104664823430692
ATGTCT,0.21330995184509347
ATGTCC,0.0220966472775903
ATGTCG,0.2687095201284472
ATGTGA,-0.3951738232670992
ATGTGT,-0.12291929541839183
ATGTGC,-0.03646435129342986
ATGTGG,-0.18965988514398283
ATGCAA,-0.16055591454987284
ATGCAT,-0.12448067847254106
ATGCAC,0.055159861666189296
ATGCAG,0.033283218065007995
ATGCTA,-0.12375984127240866
ATGCTT,-0.04295438270533019
ATGCTC,-0.022616214751307765
ATGCTG,0.0878712507073264
ATGCCA,0.024002836670863153
ATGCCT,0.1127476575551274
ATGCCC,0.18370865698663497
ATGCCG,0.15241189787376266
ATGCGA,-0.11888159569808573
ATGCGT,-0.04374166135157575
ATGCGC,-0.0006004203122438118
ATGCGG,-0.23791759658551734
ATGGAA,0.038614836127779516
ATGGAT,0.09637260917187683
ATGGAC,-0.04429240546260053
ATGGAG,-0.04950598381345476
ATGGTA,-0.08750361325827931
ATGGTT,-0.2631283391061296
ATGGTC,-0.05335846813981185
ATGGTG,0.1638907573614759
ATGGCA,0.14627124433322097
ATGGCT,0.20947092924237057
ATGGCC,-0.277711900131931
ATGGCG,0.34780570619795254
ATGGGA,0.16777143650871257
ATGGGT,0.34393987510187535
ATGGGC,0.2813398479665784
ATGGGG,0.19148966938776502
ACAAAA,-0.1124876381030536
ACAAAT,-0.0646277518794056
ACAAAC,-0.010949014489670469
ACAAAG,-0.1670376127765582
ACAATA,0.013914541600330793
ACAATT,0.07585054685210119
ACAATC,0.00908190980396246
ACAATG,-0.06879961609935605
ACAACA,0.3788439516410333
ACAACT,0.24921579162398483
ACAACC,-0.22927083681937316
ACAACG,0.14591220337821953
ACAAGA,-0.028494574894618995
ACAAGT,0.1766302359590536
ACAAGC,0.1667356217746703
ACAAGG,0.10536051565782635
ACATAA,-0.34260584849031317
ACATAT,0.016749371593491755
ACATAC,-0.04056820605825343
ACATAG,-0.2724503778562819
ACATTA,0.14009204003461703
ACATTT,0.11308478740393631
ACATTC,-0.3108593781073797
ACATTG,-0.13202117161805765
ACATCA,0.19005439450709344
ACATCT,0.25219895151075494
ACATCC,-0.02987011271965605
ACATCG,0.09814026768433926
ACATGA,-0.26965855126254284
ACATGT,-0.10468875723193403
ACATGC,-0.1892126521792826
ACATGG,-0.1468411167785452
ACACAA,-0.27217788591581565
ACACAT,-0.11011911419755924
ACACAC,-0.15174176568435616
ACACAG,-0.3510868404470535
ACACTA,-0.1558299413469784
ACACTT,-0.01943889172792469
ACACTC,-0.21704906825544856
ACACTG,-0.22088185940353267
ACACCA,0.3991095088586055
ACACCT,0.6063236146329393
ACACCC,0.23404086220337567
ACACCG,0.4114531499527871
ACACGA,-0.10269238255178292
ACACGT,0.2049124833705144
ACACGC,-0.1777574229010173
ACACGG,-0.09748962127725722
ACAGAA,-0.24082880679297577
ACAGAT,-0.1228495442776621
ACAGAC,-0.25455172473069737
ACAGAG,-0.08647359800382683
ACAGTA,0.05179308615139017
ACAGTT,0.04829805729461018
ACAGTC,-0.10735851832049939
ACAGTG,-0.2508742874287302
ACAGCA,0.20596209143352226
ACAGCT,0.12285485930345405
ACAGCC,-0.028511232982370963
ACAGCG,-0.06557104575176034
ACAGGA,0.0563668719882519
ACAGGT,0.2324775181046853
ACAGGC,-0.048790164169431945
ACAGGG,-0.0824840099559047
ACTAAA,0.1495925559567267
ACTAAT,-0.06095107334391532
ACTAAC,-0.3314318157647905
ACTAAG,-0.3053816495511819
ACTATA,-0.10510731904930808
ACTATT,-0.06522993195740909
ACTATC,0.03098038983587001
ACTATG,-0.21426212266569022
ACTACA,0.010691600379753164
ACTACT,0.057568333911275825
ACTACC,-0.014607503739800394
ACTACG,-0.23890903142341846
ACTAGA,-0.15575452940923287
ACTAGT,-0.32801910091015474
ACTAGC,-0.1352761931039006
ACTAGG,0.03358083326369545
ACTTAA,-0.02297811651786308
ACTTAT,-0.1977968353296288
ACTTAC,0.04867781093073181
ACTTAG,0.05494367361851765
ACTTTA,0.08924953623938404
ACTTTT,0.07636191751064696
ACTTTC,-0.03003505212297921
ACTTTG,0.11986646071121379
ACTTCA,0.1392620673335076
ACTTCT,0.26755984010312095
ACTTCC,0.044973925866977786
ACTTCG,-0.09724254755537882
ACTTGA,0.026433257068155646
ACTTGT,0.20851111096954333
ACTTGC,-0.025092372739608928
ACTTGG,0.1616729057586494
ACTCAA,-0.08110315315997556
ACTCAT,0.22810255441968758
ACTCAC,-0.1136446909977352
ACTCAG,0.12445417447340605
ACTCTA,0.05615051857572448
ACTCTT,-0.15233275176401295
ACTCTC,-0.13621297914059086
ACTCTG,-0.0944602010026203
ACTCCA,-0.2751675431443549
ACTCCT,-0.2946345917666625
ACTCCC,-0.060127397972595024
ACTCCG,-0.1528511344851728
ACTCGA,-0.09531017980432477
ACTCGT,0.1903234112209836
ACTCGC,0.2899573862889165
ACTCGG,0.18436445842375485
ACTGAA,-0.006134988567515944
ACTGAT,-0.1372202326543252
ACTGAC,-0.3070084966648062
ACTGAG,0.009094729905882407
ACTGTA,0.01726385587486449
ACTGTT,-0.0007515971793122311
ACTGTC,-0.033387016032737055
ACTGTG,-0.3130917879771492
ACTGCA,0.09514352702500398
ACTGCT,0.14158626553970816
ACTGCC,0.06006809654341318
ACTGCG,0.019418085857101516
ACTGGA,0.05371297563264861
ACTGGT,0.0033277900926747457
ACTGGC,-0.19523476319713315
ACTGGG,0.0839464211540099
ACCAAA,-0.18384081915888692
ACCAAT,-0.008382038544274618
ACCAAC,0.10621339417434378
ACCAAG,-0.03711621185043322
ACCATA,-0.2556609528944425
ACCATT,0.06131790643752893
ACCATC,0.15343932241505626
ACCATG,-0.32655307411347567
ACCACA,-0.3109291160147079
ACCACT,-0.11549764019791091
ACCACC,0.34681833144887436
ACCACG,-0.20310152528569994
ACCAGA,0.054139642680145476
ACCAGT,0.10320882036828144
ACCAGC,0.21348814903237376
ACCAGG,0.2375855723682934
ACCTAA,0.347363889705643
ACCTAT,-0.11865492958967729
ACCTAC,0.29587883965595946
ACCTAG,-0.1299535712766387
ACCTTA,-0.7291202286155871
ACCTTT,0.15256906345810842
ACCTTC,0.34730381751160033
ACCTTG,0.09940625174861507
ACCTCA,-0.45240786735535593
ACCTCT,0.13719147835843748
ACCTCC,-0.07159365318700882
ACCTCG,-0.309604948914203
ACCTGA,0.1925637023727972
ACCTGT,0.2848143933050829
ACCTGC,0.3370057122273566
ACCTGG,0.1786917887433759
ACCCAA,-0.3419708758191299
ACCCAT,0.008621747453768423
ACCCAC,-0.4864998793551291
ACCCAG,-0.1726376303612745
ACCCTA,-0.29450803752218074
ACCCTT,-0.31764731559165593
ACCCTC,0.07822917160646246
ACCCTG,-0.10173693714321806
ACCCCA,-0.21958693819936262
ACCCCT,-0.5142679679569635
ACCCCC,-0.49688271779697785
ACCCCG,-0.5257142362597412
ACCCGA,0.023867481406643486
ACCCGT,-0.06713930283762856
ACCCGC,0.2514531341553223
ACCCGG,0.01077209698191104
ACCGAA,0.08683400912822117
ACCGAT,0.06825928544109316
ACCGAC,0.11905936001598816
ACCGAG,-0.1696974035655582
ACCGTA,-0.10767054905805842
ACCGTT,-0.0015238927516371048
ACCGTC,0.1666554400495552
ACCGTG,-0.0731816172935912
ACCGCA,-0.3111544286369231
ACCGCT,0.01873501557825172
ACCGCC,0.7536788698917634
ACCGCG,-0.37461433238768854
ACCGGA,-0.0008061266055246638
ACCGGT,-0.11518935459005773
ACCGGC,0.30352506976516985
ACCGGG,-0.014184634991956525
ACGAAA,-0.37139311641275385
ACGAAT,-0.06646567532815431
ACGAAC,-0.2902730525845677
ACGAAG,-0.0018984343622928486
ACGATA,0.2909908437062959
ACGATT,0.13634519603838438
ACGATC,-0.4930567478902185
ACGATG,0.12267780803311183
ACGACA,0.37904847766422267
ACGACT,0.12014431184206321
ACGACC,0.10771733975135665
ACGACG,0.3724473390794908
ACGAGA,0.06196872647490941
ACGAGT,0.1673128025327741
ACGAGC,0.04344519257684656
ACGAGG,-0.04525659158812083
ACGTAA,-0.1306231273136321
ACGTAT,0.0881889645135097
ACGTAC,0.019504383266794437
ACGTAG,-0.5473832194997883
ACGTTA,-0.13888525216154074
ACGTTT,0.08756776327515174
ACGTTC,0.22778393087071197
ACGTTG,0.07629459659296774
ACGTCA,-0.010291686036547636
ACGTCT,0.1088687316622739
ACGTCC,0.45841746550587537
ACGTCG,0.1894263824176992
ACGTGA,-0.04385188252884951
ACGTGT,0.12890888824565552
ACGTGC,0.28683854646334167
ACGTGG,-0.009354605167220349
ACGCAA,-0.278320204783821
ACGCAT,-0.035439309529752404
ACGCAC,-0.2715986509805909
ACGCAG,-0.36262494943167217
ACGCTA,-0.19275085309094034
ACGCTT,-0.02224151971962805
ACGCTC,0.19870503604447873
ACGCTG,-0.37235777456651936
ACGCCA,0.2973455658811293
ACGCCT,0.31644425721140357
ACGCCC,0.41871033485818504
ACGCCG,0.10322604312919365
ACGCGA,-0.11525732621340874
ACGCGT,-0.21735362612379713
ACGCGC,0.029484480679135876
ACGCGG,-0.21156998592018683
ACGGAA,-0.13435749758682822
ACGGAT,-0.04585545920183793
ACGGAC,0.00785687149522016
ACGGAG,0.0023837913552761975
ACGGTA,-0.040403445402330644
ACGGTT,-0.18745541478780653
ACGGTC,-0.025618395714663594
ACGGTG,0.13167214781705047
ACGGCA,0.0770300090316003
ACGGCT,-0.052675985827751154
ACGGCC,-0.1023690326439495
ACGGCG,0.14169040617131126
ACGGGA,-0.22154226994723586
ACGGGT,0.0446724400515926
ACGGGC,-0.15298381855133789
ACGGGG,-0.10246158096194996
AGAAAA,0.04274808284416151
AGAAAT,0.14662054403884459
AGAAAC,0.14403009397153269
AGAAAG,-0.3615169260050222
AGAATA,-0.21869972988514133
AGAATT,-0.0979986314287867
AGAATC,-0.21481808147728598
AGAATG,-0.4751603472562762
AGAACA,0.0363083866673761
AGAACT,-0.1858022425217568
AGAACC,0.05390221838235076
AGAACG,0.056067157422830284
AGAAGA,0.3720100176718695
AGAAGT,0.3591043408214066
AGAAGC,0.5373401453094254
AGAAGG,0.3421419895841618
AGATAA,0.2380075739463591
AGATAT,0.3070317557476015
AGATAC,0.22622354287848015
AGATAG,0.07338848295998951
AGATTA,-0.5780311846788464
AGATTT,0.03180249768845121
AGATTC,-0.1159504474218442
AGATTG,-0.5048566251737217
AGATCA,-0.5844939388451432
AGATCT,-1.3282213797469613
AGATCC,-0.17549559172355472
AGATCG,-0.8101266806166455
AGATGA,0.25292122307168846
AGATGT,0.23609896499163227
AGATGC,0.36993773781714284
AGATGG,0.10855031102592652
AGACAA,-0.00025670645757710516
AGACAT,0.07284294984713506
AGACAC,0.08185594479771714
AGACAG,-0.24619624760631242
AGACTA,-0.3865829203868343
AGACTT,0.10515924766882037
AGACTC,0.20615666912248112
AGACTG,-0.5041708769136275
AGACCA,-0.24754917868235035
AGACCT,-0.16088813619120734
AGACCC,-0.006773127005845934
AGACCG,0.023290718006095924
AGACGA,0.10219995676899084
AGACGT,0.08594242980072463
AGACGC,-0.0433576990581242
AGACGG,0.20002574219890462
AGAGAA,0.22861701872838158
AGAGAT,0.09732834396056203
AGAGAC,0.13887716644073442
AGAGAG,0.034577912878333984
AGAGTA,-0.18263957237939837
AGAGTT,0.08584770143424451
AGAGTC,-0.036732009268730006
AGAGTG,-0.29191836967920226
AGAGCA,0.08660516189315322
AGAGCT,-0.27340958027734785
AGAGCC,0.16571600917917925
AGAGCG,0.4355335188510521
AGAGGA,0.286831370571468
AGAGGT,0.049636979309099376
AGAGGC,0.32832937922593713
AGAGGG,0.26341745045214976
AGTAAA,-0.025601529123521333
AGTAAT,0.06236444663713361
AGTAAC,0.1744871574613441
AGTAAG,-0.23965716563746792
AGTATA,-0.17960985785631528
AGTATT,0.1742496473241546
AGTATC,0.16669051439920854
AGTATG,-0.2622140127956585
AGTACA,-0.08563400754709305
AGTACT,-0.014305784702859654
AGTACC,0.24560346461179627
AGTACG,-0.007404948006577682
AGTAGA,0.171413524351226
AGTAGT,0.08786343401785895
AGTAGC,0.11833086610045371
AGTAGG,0.2522247606150515
AGTTAA,0.192693177790782
AGTTAT,0.054484093220831045
AGTTAC,0.17638926134299865
AGTTAG,-0.09784850001910389
AGTTTA,-0.41338608819094574
AGTTTT,-0.12094207062202912
AGTTTC,-0.029069753431713485
AGTTTG,-0.027370673235785535
AGTTCA,-0.2594434883859693
AGTTCT,-0.16763084138395107
AGTTCC,0.004279607102365001
AGTTCG,-0.28401426640123567
AGTTGA,0.18460656388797592
AGTTGT,0.19766021648970267
AGTTGC,0.2660059849825111
AGTTGG,0.23035338788095946
AGTCAA,-0.1835543492245871
AGTCAT,0.2517430915724596
AGTCAC,0.021430533895888167
AGTCAG,-0.20216160293801239
AGTCTA,-0.41941691422828903
AGTCTT,-0.14490712094369695
AGTCTC,0.05660165970210688
AGTCTG,-0.25043298265310043
AGTCCA,-0.09594570572339559
AGTCCT,-0.08281314138105274
AGTCCC,-0.10169182239384542
AGTCCG,0.03622520417348281
AGTCGA,-0.001885014695771335
AGTCGT,0.127833371509885
AGTCGC,0.1243342991436053
AGTCGG,-0.2182966592522326
AGTGAA,0.0014330071714245734
AGTGAT,0.143358144555511
AGTGAC,0.23146892761122845
AGTGAG,-0.21703799375172458
AGTGTA,-0.21018526128088966
AGTGTT,0.05775560704969489
AGTGTC,-0.0771994485755696
AGTGTG,-0.38516920848826164
AGTGCA,-0.11630724596841654
AGTGCT,0.09198238971165026
AGTGCC,0.17285197206802064
AGTGCG,-0.21801413927490687
AGTGGA,-0.15893374326785797
AGTGGT,-0.07364169805131232
AGTGGC,0.09748645922692033
AGTGGG,-0.2944771155846097
AGCAAA,-0.2464862042217084
AGCAAT,0.21359368337436507
AGCAAC,0.28441942681696447
AGCAAG,-0.14702193676650505
AGCATA,-0.21274588574315959
AGCATT,0.1809073947377613
AGCATC,0.20562120062200726
AGCATG,-0.4891825128865024
AGCACA,-0.09925495809534114
AGCACT,0.07100697085865261
AGCACC,0.5687525505712491
AGCACG,0.12962513765745748
AGCAGA,0.015334364000106524
AGCAGT,0.2795498540797657
AGCAGC,0.25796331647343784
AGCAGG,0.32501002929476364
AGCTAA,0.23722741344898468
AGCTAT,-0.11983984690668605
AGCTAC,0.0906890447366828
AGCTAG,-0.3494824733572277
AGCTTA,-0.654406352243515
AGCTTT,0.016539535921706067
AGCTTC,0.17163167986247127
AGCTTG,-0.2370038860823945
AGCTCA,-0.3634896158905938
AGCTCT,-0.13540463700620306
AGCTCC,-0.003960401216096905
AGCTCG,-0.41871033485818493
AGCTGA,0.06513216912176116
AGCTGT,0.1168069496833281
AGCTGC,0.1994368890132227
AGCTGG,0.17315506465266914
AGCCAA,-0.1851968230454224
AGCCAT,0.13447080086645843
AGCCAC,-0.08095493814013303
AGCCAG,-0.5492768101402434
AGCCTA,-0.5299192825815704
AGCCTT,-0.1490177933197953
AGCCTC,-0.04623588436433516
AGCCTG,-0.339553903158621
AGCCCA,-0.10083810985683785
AGCCCT,-0.007812539736793625
AGCCCC,0.39976708699352664
AGCCCG,-0.1949229836719584
AGCCGA,-0.25698308556297433
AGCCGT,0.05129329438755048
AGCCGC,-0.04196419909903208
AGCCGG,0.25196398984970164
AGCGAA,-0.05249257496303264
AGCGAT,0.31330885618393295
AGCGAC,0.31824472286194766
AGCGAG,0.14310084364067324
AGCGTA,-0.26260387151308445
AGCGTT,0.03505806683928261
AGCGTC,-0.013148472843506098
AGCGTG,-0.304956253394602
AGCGCA,-0.02930494681084825
AGCGCT,-0.18661592216766953
AGCGCC,0.6679174821840652
AGCGCG,-0.1379334540251603
AGCGGA,0.1637985202034001
AGCGGT,-0.11273888876970542
AGCGGC,0.013015368112070227
AGCGGG,0.5170175940139117
AGGAAA,-0.32700190836868603
AGGAAT,-0.14334874679444468
AGGAAC,0.006825965070399891
AGGAAG,-0.22782891411446116
AGGATA,-0.009233260056521001
AGGATT,0.1717183395067727
AGGATC,-0.047180117130274174
AGGATG,-0.21043151572584792
AGGACA,0.050132977104013994
AGGACT,0.03003850911922733
AGGACC,0.24157072049237513
AGGACG,0.24484982989607287
AGGAGA,0.38116596394702806
AGGAGT,-0.33513623107847074
AGGAGC,-0.02294893298554465
AGGAGG,0.02387833746079345
AGGTAA,0.28632508862428213
AGGTAT,0.27115277050057046
AGGTAC,0.2571304599956192
AGGTAG,-0.167489887123375
AGGTTA,-0.5881824693798768
AGGTTT,-0.04092763119740758
AGGTTC,0.06397529949497183
AGGTTG,-0.5866039326530696
AGGTCA,-0.3788379436108077
AGGTCT,-0.26348387645233257
AGGTCC,0.20993331957740327
AGGTCG,-0.29875196137706933
AGGTGA,0.16870421258185891
AGGTGT,0.6786504213767482
AGGTGC,0.7558308828536321
AGGTGG,0.33503475521164305
AGGCAA,-0.3085689718859926
AGGCAT,0.19574457712609533
AGGCAC,0.1231387616791102
AGGCAG,-0.3769443157007952
AGGCTA,-0.346573332607717
AGGCTT,-0.10861301092416117
AGGCTC,0.03208831455150045
AGGCTG,-0.7195499261023696
AGGCCA,-0.6627800159672894
AGGCCT,-0.7899465639157379
AGGCCC,0.1072140843071493
AGGCCG,-0.3408358799089863
AGGCGA,0.3340751120214914
AGGCGT,0.3524196183685939
AGGCGC,0.4208773871030512
AGGCGG,0.3870866443567558
AGGGAA,0.1338598537869436
AGGGAT,-0.1855570576521029
AGGGAC,-0.11090069603344162
AGGGAG,-0.30830135965451655
AGGGTA,-0.3481228538411882
AGGGTT,0.04037883032066895
AGGGTC,0.028355225755125005
AGGGTG,-0.2064003900187324
AGGGCA,-0.021254006360826694
AGGGCT,-0.27607652633147306
AGGGCC,-0.20382776201491812
AGGGCG,0.1923718926474561
AGGGGA,0.3101549283038396
AGGGGT,-0.4358326447245606
AGGGGC,0.1899179036858893
AGGGGG,-0.18469967919892205
TAAAAA,0.0642780458871671
TAAAAT,0.16718841562799877
TAAAAC,0.18318992648453047
TAAAAG,0.16742663688299664
TAAATA,0.06390008999943587
TAAATT,-0.20528359480259933
TAAATC,0.30089089886620984
TAAATG,0.11222681908637985
TAAACA,-0.09310556299682281
TAAACT,-0.1741331794145966
TAAACC,0.2952612045286455
TAAACG,0.2730726088096229
TAAAGA,0.45614276077973753
TAAAGT,0.04167560105949569
TAAAGC,0.28153773192806963
TAAAGG,0.34077415956385043
TAATAA,0.03829468614185163
TAATAT,0.023831511582812135
TAATAC,0.2250051714609099
TAATAG,0.011636862913157674
TAATTA,-0.3764307454385723
TAATTT,-0.08630097503620336
TAATTC,0.07350098644388087
TAATTG,0.08408150398336929
TAATCA,-0.3009818624425598
TAATCT,-0.588643026734369
TAATCC,0.27999994399448574
TAATCG,0.11957239303894186
TAATGA,0.22217783419425086
TAATGT,0.11359158409000633
TAATGC,0.32696413164546523
TAATGG,0.2730020408595328
TAACAA,-0.025378547827567814
TAACAT,-0.03208534938772707
TAACAC,0.17824823140631876
TAACAG,0.09968631796399463
TAACTA,-0.26325831906437175
TAACTT,0.010175699159825911
TAACTC,0.10443694135989746
TAACTG,0.21955656309722402
TAACCA,-0.483779676789854
TAACCT,-0.6735500116078091
TAACCC,-0.11345949831000221
TAACCG,-0.45346130637641985
TAACGA,0.047038905222841904
TAACGT,-0.22398056002289632
TAACGC,0.15281699478240213
TAACGG,0.29897751045463816
TAAGAA,-0.29821092837389324
TAAGAT,-0.7657441888380002
TAAGAC,-0.199422559570646
TAAGAG,-0.21689570037584677
TAAGTA,-0.10392142756975901
TAAGTT,-0.13284318944912232
TAAGTC,0.23117572301147396
TAAGTG,0.029574139782476673
TAAGCA,-0.48753203208932655
TAAGCT,-0.6477528832465725
TAAGCC,0.07585334251825945
TAAGCG,-0.22401544524750364
TAAGGA,-0.3935424631512583
TAAGGT,-0.9377726206900548
TAAGGC,-0.2708414572254864
TAAGGG,-0.3152400165154388
TATAAA,-0.07805282943767006
TATAAT,-0.281022780361804
TATAAC,-0.1812721887033838
TATAAG,-0.37938758435914677
TATATA,-0.2581028492096502
TATATT,0.020372632456464434
TATATC,0.0004941932396108003
TATATG,0.01600878590160327
TATACA,-0.19802411845793622
TATACT,-0.17468428816845558
TATACC,-0.14450986905084606
TATACG,-0.017999865305091695
TATAGA,0.014129971762985855
TATAGT,-0.09146155414303048
TATAGC,-0.17619283485258125
TATAGG,-0.07618913835754641
TATTAA,0.18006022191575868
TATTAT,-0.04700081842970947
TATTAC,0.08987320262961072
TATTAG,0.20818896633096323
TATTTA,-0.012722106441255094
TATTTT,0.23785173931408857
TATTTC,0.08120303539388292
TATTTG,0.10149498060146032
TATTCA,-0.015024751950269385
TATTCT,-0.18321433428384032
TATTCC,0.15555791952473977
TATTCG,0.05684049935626624
TATTGA,0.05700563712282314
TATTGT,-0.05387568143677178
TATTGC,0.08045121758558278
TATTGG,-0.03312932375987933
TATCAA,0.17267464492335077
TATCAT,0.09033052283209951
TATCAC,0.09844007281325251
TATCAG,0.009656867424266222
TATCTA,0.19453874073254637
TATCTT,0.24747293786812646
TATCTC,0.2243370112959446
TATCTG,0.17156115281380754
TATCCA,0.038575759890034804
TATCCT,-0.05591777809366419
TATCCC,0.4294151139369258
TATCCG,0.1156301822952824
TATCGA,0.3331722981905881
TATCGT,0.2994406258898589
TATCGC,0.345100182448687
TATCGG,0.4401204230935268
TATGAA,-0.22518982043042932
TATGAT,-0.10026718076951473
TATGAC,0.013998228861086206
TATGAG,-0.28474861876722113
TATGTA,-0.34218894775257874
TATGTT,-0.01116498386360783
TATGTC,-0.020727098102522067
TATGTG,-0.3406739234749128
TATGCA,-0.21158272891313376
TATGCT,-0.26295580544895214
TATGCC,-0.040291349774452354
TATGCG,-0.3159188755153466
TATGGA,0.048641404212750795
TATGGT,-0.25607808697767115
TATGGC,0.08904823830029977
TATGGG,0.3433486167027799
TACAAA,-0.06746642857365785
TACAAT,-0.08829766622305435
TACAAC,0.22582297875457058
TACAAG,0.02985296314968113
TACATA,-0.32704381765329593
TACATT,-0.051575681290858356
TACATC,0.07913732055872379
TACATG,-0.3786788599638566
TACACA,-0.2565333441566979
TACACT,-0.30941781459700574
TACACC,0.583858067787404
TACACG,-0.038099846232270404
TACAGA,0.016280885604137537
TACAGT,0.05154042153572544
TACAGC,0.1981068674977007
TACAGG,0.3573044686683672
TACTAA,0.10747184081832899
TACTAT,-0.10268122054891492
TACTAC,0.005505322595355254
TACTAG,-0.04286739466613073
TACTTA,-0.12935602121404202
TACTTT,0.14804572508312983
TACTTC,0.17974423577965404
TACTTG,0.08856886177710946
TACTCA,-0.027341345604320957
TACTCT,-0.18776647639312255
TACTCC,-0.3540314529933149
TACTCG,0.021423505427075207
TACTGA,0.05414795254891945
TACTGT,-0.0562808358985897
TACTGC,0.2239662580656733
TACTGG,0.1051114186332477
TACCAA,-0.06356402049199279
TACCAT,-0.09563221506996926
TACCAC,0.03610624043131283
TACCAG,0.18219998363715784
TACCTA,0.2541575257294582
TACCTT,0.13700469346016092
TACCTC,-0.037711278904427055
TACCTG,0.3337997545467465
TACCCA,-0.21309321546070834
TACCCT,-0.4662653071351284
TACCCC,-0.46507577696449487
TACCCG,0.1112256351102244
TACCGA,0.16126814759612232
TACCGT,0.046640577453111086
TACCGC,0.21899932656818333
TACCGG,0.17496018327990104
TACGAA,-0.25266804647305363
TACGAT,0.03668556784297001
TACGAC,0.3178870659279287
TACGAG,-0.06534360933821036
TACGTA,-0.17103730254912308
TACGTT,-0.02049923197718775
TACGTC,0.09788104922653357
TACGTG,-0.010407936140473301
TACGCA,-0.35658873332615265
TACGCT,-0.2550675391427344
TACGCC,0.27210264867096795
TACGCG,-0.1644106302274244
TACGGA,-0.16093036681263712
TACGGT,-0.07516731868210141
TACGGC,0.037152265631292584
TACGGG,-0.20382776201491812
TAGAAA,0.041588436205034544
TAGAAT,-0.24528536096356182
TAGAAC,0.05208439889854993
TAGAAG,0.4507059657543817
TAGATA,0.278588790172665
TAGATT,-0.3018248337082705
TAGATC,-0.5590039800240171
TAGATG,0.2828567195455167
TAGACA,-0.021061775963366343
TAGACT,-0.24156808999776516
TAGACC,0.04357735938098602
TAGACG,0.21177056114193973
TAGAGA,0.4249745744967074
TAGAGT,-0.015267472130788308
TAGAGC,0.3121600188190581
TAGAGG,0.23382539966107008
TAGTAA,0.07858447801262432
TAGTAT,-0.18647411439477904
TAGTAC,-0.033958408623615655
TAGTAG,0.2664280660909542
TAGTTA,-0.08579536016298622
TAGTTT,-0.2542042515060725
TAGTTC,-0.20140905916820367
TAGTTG,0.1293549227360383
TAGTCA,-0.12635941755620925
TAGTCT,-0.5230329677035913
TAGTCC,-0.045082336413906327
TAGTCG,-0.050693114315518095
TAGTGA,0.13292734549048088
TAGTGT,-0.20788995994306927
TAGTGC,-0.036743513372819274
TAGTGG,-0.015634714147401987
TAGCAA,-0.047568416919109686
TAGCAT,-0.05593544409499139
TAGCAC,0.16931559311482056
TAGCAG,0.22573310822094345
TAGCTA,0.09101306724968487
TAGCTT,-0.10055560209738701
TAGCTC,-0.15860503017663852
TAGCTG,0.29074656851210684
TAGCCA,-0.23897501653089043
TAGCCT,-0.4344032976005189
TAGCCC,0.031642939761258794
TAGCCG,0.027902456618822413
TAGCGA,0.21334488826550765
TAGCGT,-0.22071248364641605
TAGCGC,0.02064646148499659
TAGCGG,0.11323457208873206
TAGGAA,-0.20785485879911936
TAGGAT,0.008184495232747668
TAGGAC,0.09731218247499793
TAGGAG,0.09956759576504222
TAGGTA,0.25571131757530974
TAGGTT,-0.21998789252481374
TAGGTC,-0.14566564510883218
TAGGTG,0.6700987851236543
TAGGCA,-0.19555559479538076
TAGGCT,-0.4749073168302653
TAGGCC,-0.48151123609721536
TAGGCG,0.2919186764747701
TAGGGA,-0.048790164169432056
TAGGGT,-0.14147671844552978
TAGGGC,-0.120525837525489
TAGGGG,-0.08327634024060124
TTAAAA,0.19021534543411617
TTAAAT,0.05768543203427412
TTAAAC,0.07828193808973888
TTAAAG,0.24835760153819067
TTAATA,0.13612856495248457
TTAATT,0.004808265391264013
TTAATC,-0.19168342446191458
TTAATG,0.26086108446402284
TTAACA,0.1909165274930358
TTAACT,0.11326982416310008
TTAACC,-0.6162166733087983
TTAACG,0.007986351632649923
TTAAGA,-0.45093976927812046
TTAAGT,-0.021797428395862805
TTAAGC,-0.47010955583870573
TTAAGG,-0.8911716717788232
TTATAA,-0.305059616279885
TTATAT,-0.06957013266117738
TTATAC,-0.27180579288826673
TTATAG,-0.1259817794361645
TTATTA,0.09172857213532408
TTATTT,0.0400846440925453
TTATTC,-0.17634165313573727
TTATTG,-0.15141877697332776
TTATCA,0.1416375534454195
TTATCT,0.30014536206416814
TTATCC,-0.023794909832896928
TTATCG,0.29752628648655827
TTATGA,-0.31775310753491093
TTATGT,-0.3612668952344293
TTATGC,-0.4756782360003452
TTATGG,-0.21094974767304225
TTACAA,-0.03573880756114811
TTACAT,-0.28068836392248986
TTACAC,-0.18570217293340432
TTACAG,0.03289939477605207
TTACTA,0.053334607368564164
TTACTT,0.03554493741941129
TTACTC,-0.2126844205240725
TTACTG,-0.09913062380171071
TTACCA,0.04834261638244347
TTACCT,0.25116406364638477
TTACCC,-0.43860550061046866
TTACCG,0.2215591834095066
TTACGA,-0.0977386753313601
TTACGT,-0.06050456659088697
TTACGC,-0.3353991600078878
TTACGG,-0.10494217721593078
TTAGAA,0.2068806901909227
TTAGAT,0.1268945415922949
TTAGAC,0.05598476739954761
TTAGAG,0.3527436061535755
TTAGTA,0.14583821683675655
TTAGTT,-0.029967667041709927
TTAGTC,-0.2359458662280805
TTAGTG,-0.041402267769542304
TTAGCA,0.26892897498188834
TTAGCT,0.20365766135843383
TTAGCC,-0.31182643941438504
TTAGCG,0.023256862164267183
TTAGGA,0.21702482938950318
TTAGGT,0.4004514736278743
TTAGGC,-0.10372456283181633
TTAGGG,-0.05756985182147782
TTTAAA,0.15246291571353854
TTTAAT,0.0738195034915025
TTTAAC,0.13744648738090023
TTTAAG,-0.2963430874815154
TTTATA,-0.11658890733100295
TTTATT,-0.04708303439081821
TTTATC,0.3094901516638525
TTTATG,-0.4136492138410997
TTTACA,-0.2215047823649932
TTTACT,-0.11434499507657077
TTTACC,0.18022999563376269
TTTACG,-0.056744249410752325
TTTAGA,0.29366775622851005
TTTAGT,0.12246503174591618
TTTAGC,0.33491990816689904
TTTAGG,0.41060519932538425
TTTTAA,0.1853047254243636
TTTTAT,-0.039179400228526874
TTTTAC,0.054588190284402996
TTTTAG,0.4034070055848101
TTTTTA,0.018262875998313485
TTTTTT,-0.5106354916235794
TTTTTC,0.15018631537958496
TTTTTG,-0.24403249761699505
TTTTCA,0.19719299021999598
TTTTCT,0.07963379333539111
TTTTCC,-0.021802920688904333
TTTTCG,-0.16694095609242493
TTTTGA,-0.02055211383813494
TTTTGT,-0.13207593143884785
TTTTGC,-0.30371975276022534
TTTTGG,-0.13930799529759172
TTTCAA,0.1316883901526987
TTTCAT,-0.06954028019764714
TTTCAC,-0.011080445776571907
TTTCAG,0.17124390071336165
TTTCTA,0.0797964877083301
TTTCTT,0.10118341741943358
TTTCTC,0.1260097879579708
TTTCTG,-0.12869606981808515
TTTCCA,-0.06257022519725025
TTTCCT,-0.309969037421252
TTTCCC,0.2543635686754239
TTTCCG,-0.09856327310908902
TTTCGA,-0.15641500907960593
TTTCGT,-0.2928985683706722
TTTCGC,0.0008521517345662729
TTTCGG,0.09949720615854134
TTTGAA,0.1259232051775026
TTTGAT,0.0038634948250446392
TTTGAC,-0.08192772236930772
TTTGAG,0.09486617425461662
TTTGTA,0.011064615282762948
TTTGTT,0.04875266487253942
TTTGTC,0.03501336027223128
TTTGTG,-0.11704366408850482
TTTGCA,-0.283622815260366
TTTGCT,-0.20811959397271257
TTTGCC,-0.11913919792560147
TTTGCG,-0.12516314295400605
TTTGGA,0.022547374276773655
TTTGGT,-0.08699770448708305
TTTGGC,-0.055479152320228646
TTTGGG,-0.10066199487627206
TTCAAA,0.0476474226984183
TTCAAT,0.10083298706493896
TTCAAC,0.23406527627779788
TTCAAG,0.08413730820672075
TTCATA,-0.23287505181473486
TTCATT,-0.057505871200144595
TTCATC,0.2577956493787199
TTCATG,-0.42933024857850344
TTCACA,-0.3653110148847863
TTCACT,0.06806865700342006
TTCACC,0.1770579983889295
TTCACG,-0.11605698418605973
TTCAGA,0.059102974105124974
TTCAGT,-0.004709920931164497
TTCAGC,0.13819810133391855
TTCAGG,0.31173917668317075
TTCTAA,0.2234276825847674
TTCTAT,-0.10440271113792458
TTCTAC,0.055418226576974365
TTCTAG,-0.10447650434528434
TTCTTA,-0.2923586203356828
TTCTTT,0.17204926679970353
TTCTTC,0.38731865355746564
TTCTTG,-0.2173809180235439
TTCTCA,-0.25654988234917303
TTCTCT,0.1242915116831772
TTCTCC,0.42323286135275867
TTCTCG,-0.0023228814161397496
TTCTGA,-0.12316336448509478
TTCTGT,-0.18715720591020013
TTCTGC,0.03410441200703928
TTCTGG,0.13681215266498525
TTCCAA,0.02725971517245057
TTCCAT,-0.01934439514775931
TTCCAC,-0.22182622832895862
TTCCAG,-0.014746608156918035
TTCCTA,-0.1966452091472646
TTCCTT,-0.4222881562060691
TTCCTC,0.04097690118929694
TTCCTG,-0.007083854888405044
TTCCCA,0.32401286452853134
TTCCCT,0.18321084097883863
TTCCCC,0.1520162072986257
TTCCCG,0.1587483890758878
TTCCGA,-0.08280331676035681
TTCCGT,-0.17548286057361348
TTCCGC,-0.0228146777661714
TTCCGG,0.2993629320645366
TTCGAA,-0.14797078002399336
TTCGAT,-0.07764667709031045
TTCGAC,-0.07280075486411251
TTCGAG,-0.09032263829328573
TTCGTA,-0.27866828120561743
TTCGTT,-0.13678087724752022
TTCGTC,0.12176000549280264
TTCGTG,-0.38174042651366186
TTCGCA,-0.3591777195468589
TTCGCT,-0.09640049428631522
TTCGCC,0.36304439222421225
TTCGCG,-0.371777712124489
TTCGGA,0.046769734702241175
TTCGGT,-0.03156717931575107
TTCGGC,-0.011572985557658521
TTCGGG,0.25624854985026835
TTGAAA,0.11600890941486142
TTGAAT,-0.06036215682189455
TTGAAC,0.10048742755785582
TTGAAG,0.41457479860964397
TTGATA,0.16994630486953613
TTGATT,-0.056529157458113787
TTGATC,-0.21795186138656317
TTGATG,0.2580018523664155
TTGACA,-0.5660630016782208
TTGACT,-0.2303955742955818
TTGACC,0.010253052253952528
TTGACG,0.06175406167494296
TTGAGA,-0.17005146420214035
TTGAGT,0.013591953519467067
TTGAGC,0.18209935925943296
TTGAGG,0.06356769011828974
TTGTAA,-0.009665562977358327
TTGTAT,-0.06763359241087272
TTGTAC,-0.09160418421000731
TTGTAG,0.14361504255348703
TTGTTA,0.005000462267588531
TTGTTT,-0.029793824081731805
TTGTTC,0.15632644456790806
TTGTTG,0.36356044279692445
TTGTCA,-0.1982408510114461
TTGTCT,-0.05946652711905003
TTGTCC,0.23528056279288936
TTGTCG,0.2694778946601583
TTGTGA,-0.24919096320269868
TTGTGT,-0.2421779524068242
TTGTGC,0.1556356528218367
TTGTGG,-0.049669800643098644
TTGCAA,-0.20286406090121897
TTGCAT,-0.20105571279268705
TTGCAC,0.02962974609497144
TTGCAG,0.16211426233099285
TTGCTA,0.007657148253903997
TTGCTT,-0.09440124376492516
TTGCTC,0.1866788621629103
TTGCTG,0.19327727976226863
TTGCCA,-0.060789463980436505
TTGCCT,-0.275165644103086
TTGCCC,0.06526605845594814
TTGCCG,0.07422027492210308
TTGCGA,-0.06122490863815575
TTGCGT,-0.2446994282876858
TTGCGC,0.035299298037603774
TTGCGG,-0.041485529790544755
TTGGAA,-0.03161611376806197
TTGGAT,-0.03639522238959949
TTGGAC,0.06076109401043715
TTGGAG,0.17482833372221687
TTGGTA,-0.0025788315780503547
TTGGTT,-0.28914039943882763
TTGGTC,-0.08693928673259682
TTGGTG,0.33702458931244067
TTGGCA,-0.07048553284710207
TTGGCT,-0.24119045743602358
TTGGCC,-0.3029495445825695
TTGGCG,0.32452594138759094
TTGGGA,-0.06772013207308415
TTGGGT,-0.23122080790578778
TTGGGC,0.07501747653656252
TTGGGG,0.16454938704815697
TCAAAA,-0.008274423571181848
TCAAAT,-0.0386519247039333
TCAAAC,-0.008222040152016531
TCAAAG,-0.14985117176317056
TCAATA,0.18319815077304868
TCAATT,0.08160931168928101
TCAATC,-0.09453655188075288
TCAATG,-0.04870420551549157
TCAACA,0.3900616823158988
TCAACT,0.14611017483138278
TCAACC,-0.4021733111079497
TCAACG,0.018018505502678212
TCAAGA,0.05718441352795387
TCAAGT,0.08594242980072463
TCAAGC,-0.10837793668267681
TCAAGG,-0.08062782074243001
TCATAA,-0.2604561882390007
TCATAT,0.054386234645250595
TCATAC,-0.10968848586628513
TCATAG,-0.2615838070798694
TCATTA,0.31228756250424783
TCATTT,0.10162462947085667
TCATTC,-0.3030383190510906
TCATTG,-0.09567966068789274
TCATCA,0.33702794655493595
TCATCT,0.2124522052363224
TCATCC,-0.10236073780099164
TCATCG,0.1537017578925236
TCATGA,-0.19695321906201874
TCATGT,-0.24958190302578775
TCATGC,-0.383648082138609
TCATGG,-0.38882917869916006
TCACAA,-0.2864330759471872
TCACAT,-0.36594711085526943
TCACAC,-0.2834652734463734
TCACAG,-0.27778477049558636
TCACTA,0.16044104984893928
TCACTT,0.1955266409805231
TCACTC,0.13002544313863226
TCACTG,-0.13580154115906176
TCACCA,0.07742430632161251
TCACCT,0.23302580581594132
TCACCC,-0.21658615076805074
TCACCG,-0.00945925210700848
TCACGA,-0.11181505009699104
TCACGT,-0.11686095168141511
TCACGC,-0.45312704477670906
TCACGG,-0.1909903417304011
TCAGAA,-0.19002737425894017
TCAGAT,-0.15775485202777606
TCAGAC,-0.05177079230756988
TCAGAG,-0.07974393264890572
TCAGTA,-0.00115207386014531
TCAGTT,-0.08260352853521012
TCAGTC,-0.176820560603607
TCAGTG,-0.2566171222119232
TCAGCA,0.2033464072106737
TCAGCT,0.04570646787973019
TCAGCC,-0.35614004154566287
TCAGCG,-0.31862687630120257
TCAGGA,0.24409467441774746
TCAGGT,0.13253982090222757
TCAGGC,-0.25065354928782335
TCAGGG,-0.20085620701077697
TCTAAA,0.3921457551211282
TCTAAT,0.1653024558389238
TCTAAC,-0.12859903576099563
TCTAAG,-0.13835142838879227
TCTATA,-0.013538512601080762
TCTATT,-0.05925673991370172
TCTATC,0.04675734802001065
TCTATG,-0.34882603990440214
TCTACA,0.2654579023802524
TCTACT,0.2241361072269614
TCTACC,-0.2651437987901676
TCTACG,-0.281149151410158
TCTAGA,-0.12722342943547044
TCTAGT,-0.14741868511289455
TCTAGC,-0.17717548822541196
TCTAGG,-0.039515018349892295
TCTTAA,-0.4218813454428262
TCTTAT,-0.4619429138778715
TCTTAC,-0.4542940808542968
TCTTAG,-0.18153693533353685
TCTTTA,0.3900976009650383
TCTTTT,0.13314795703700263
TCTTTC,-0.17902331709208602
TCTTTG,-0.10976962938195159
TCTTCA,0.3364722366212129
TCTTCT,0.36665583293641235
TCTTCC,0.030835873057220773
TCTTCG,0.01627522361898885
TCTTGA,0.07845025603155778
TCTTGT,-0.05388253200943122
TCTTGC,-0.31614441813137445
TCTTGG,-0.2724399164562328
TCTCAA,-0.20217204030273442
TCTCAT,-0.3841877096608795
TCTCAC,-0.3449648566668665
TCTCAG,-0.21243313267251782
TCTCTA,0.3724318578253541
TCTCTT,0.02414091295275556
TCTCTC,0.06496093311621443
TCTCTG,-0.12458400353896561
TCTCCA,0.490163731702034
TCTCCT,0.31337406191845346
TCTCCC,0.2146842863682334
TCTCCG,0.03282454564804337
TCTCGA,0.13900667210801004
TCTCGT,0.08004270767353636
TCTCGC,-0.0835530228182811
TCTCGG,-0.21655472843619683
TCTGAA,0.05159409150216625
TCTGAT,-0.3064810373640405
TCTGAC,-0.41025362483996164
TCTGAG,-0.23293155768037255
TCTGTA,0.05375993988083694
TCTGTT,-0.11945427873368585
TCTGTC,-0.2908332484568154
TCTGTG,-0.6197414556260943
TCTGCA,0.16949732487923724
TCTGCT,0.037855145136655846
TCTGCC,-0.24256903359366191
TCTGCG,-0.399502569148557
TCTGGA,0.15483861866830215
TCTGGT,-0.003642991278501092
TCTGGC,-0.25771489537929837
TCTGGG,0.07924937165414048
TCCAAA,-0.02736476217627375
TCCAAT,-0.04529975922966354
TCCAAC,0.16098023093291972
TCCAAG,0.003747662100239749
TCCATA,0.060148846690498754
TCCATT,0.10110777534795569
TCCATC,-0.01769318587327605
TCCATG,-0.35974923254072816
TCCACA,-0.1119613732761651
TCCACT,-0.10637492634242166
TCCACC,0.2800387231392128
TCCACG,-0.204113039653124
TCCAGA,0.22700562508015326
TCCAGT,0.013825706076379249
TCCAGC,0.052250690343877894
TCCAGG,0.08411701896326512
TCCTAA,0.09719114233659555
TCCTAT,-0.3348580312666718
TCCTAC,-0.12334755433440342
TCCTAG,-0.2144986970694433
TCCTTA,-0.5353863885085873
TCCTTT,-0.12845817627872705
TCCTTC,-0.06087490338450394
TCCTTG,-0.38050450677171627
TCCTCA,0.011881327886752686
TCCTCT,0.19959043177278374
TCCTCC,0.2486527285460457
TCCTCG,-0.2282586519809802
TCCTGA,0.2594702261506257
TCCTGT,0.12140286057457696
TCCTGC,0.0672683900620451
TCCTGG,-0.001958864485333034
TCCCAA,0.15236164749155934
TCCCAT,0.26614354887344904
TCCCAC,0.11448658812220423
TCCCAG,0.16746472614959243
TCCCTA,0.20705741356258542
TCCCTT,0.04660107261799623
TCCCTC,0.28043566393101377
TCCCTG,0.08900199331594547
TCCCCA,0.30548669708528753
TCCCCT,0.10630257884572746
TCCCCC,0.18432355946462778
TCCCCG,-0.001958864485333034
TCCCGA,-0.0953101798043249
TCCCGT,0.04295494947039667
TCCCGC,0.29550479813299
TCCCGG,-0.01778954156349841
TCCGAA,0.046421836851249176
TCCGAT,-0.17561840945136442
TCCGAC,0.11636358900215726
TCCGAG,-0.007472014838700954
TCCGTA,-0.27224088796340296
TCCGTT,-0.15970246698820054
TCCGTC,0.11645940872587507
TCCGTG,-0.36807757603654406
TCCGCA,-0.12692277740416624
TCCGCT,0.07273959748856024
TCCGCC,0.36984747249527117
TCCGCG,-0.5306282510621704
TCCGGA,0.3578562789845636
TCCGGT,0.024748169689194174
TCCGGC,0.16115187528624184
TCCGGG,0.33314444652853814
TCGAAA,-0.17294749136081286
TCGAAT,-0.133140079764902
TCGAAC,-0.08022368677094462
TCGAAG,0.1412755873579536
TCGATA,0.3096662891541218
TCGATT,-0.011904902506318314
TCGATC,-0.7807000775678069
TCGATG,0.12537821984482342
TCGACA,0.17972493094668865
TCGACT,0.0014992506556412233
TCGACC,-0.35854818832041263
TCGACG,-0.04851801829756585
TCGAGA,-0.22521931749805432
TCGAGT,-0.07578964437793399
TCGAGC,-0.0787694856715684
TCGAGG,0.004264398786457518
TCGTAA,-0.10493768575307875
TCGTAT,0.13153301328556935
TCGTAC,-0.12973743997339535
TCGTAG,-0.17972415273626915
TCGTTA,0.17831472498820128
TCGTTT,0.15231556852872785
TCGTTC,-0.10573691539879039
TCGTTG,0.11163757418488826
TCGTCA,0.18254136116894676
TCGTCT,0.13982654394499924
TCGTCC,0.15593129039096898
TCGTCG,0.2631910524434851
TCGTGA,-0.14832780097824214
TCGTGT,-0.1500102519416082
TCGTGC,-0.10111150136841152
TCGTGG,-0.2327811704329278
TCGCAA,-0.09281641292592252
TCGCAT,-0.07408091551063792
TCGCAC,-0.14701474296180966
TCGCAG,-0.214799658916167
TCGCTA,0.23063422304336736
TCGCTT,0.07481193256681565
TCGCTC,0.11075136429270266
TCGCTG,0.12738151080439453
TCGCCA,0.2875124515540797
TCGCCT,0.3081141112689868
TCGCCC,0.21484474849951454
TCGCCG,0.27851017108939613
TCGCGA,-0.2898609051246914
TCGCGT,-0.415437009513216
TCGCGC,-0.16126814759612226
TCGCGG,-0.1724692603509429
TCGGAA,-0.09691789719242178
TCGGAT,-0.02009743861906965
TCGGAC,0.03854867011723503
TCGGAG,0.167156234926292
TCGGTA,0.1815218766233902
TCGGTT,-0.22865886061967486
TCGGTC,-0.3234519564473292
TCGGTG,0.352971236001248
TCGGCA,0.09937247381320377
TCGGCT,-0.07696104113612832
TCGGCC,-0.4197417944648473
TCGGCG,0.10074156980153184
TCGGGA,-0.012858154943368555
TCGGGT,0.10428234843748099
TCGGGC,-0.27148009787550054
TCGGGG,-0.37892555287355206
TGAAAA,0.1936930883604663
TGAAAT,0.012460382630705098
TGAAAC,0.05241973776208105
TGAAAG,-0.30527256260878066
TGAATA,-0.009412432756065077
TGAATT,-0.12234265790309384
TGAATC,0.03414854911433873
TGAATG,-0.258140393351306
TGAACA,-0.031178549422201197
TGAACT,-0.2395900300661078
TGAACC,0.1765995620503076
TGAACG,-0.0005384546482065943
TGAAGA,0.39138829052537394
TGAAGT,0.24953967184401424
TGAAGC,0.4135108239501499
TGAAGG,0.3339210669184023
TGATAA,0.17783906069723254
TGATAT,0.12125231079965978
TGATAC,0.10740969670276183
TGATAG,-0.03603356987478467
TGATTA,-0.1986976372632137
TGATTT,0.09626319690254509
TGATTC,-0.021532776887597117
TGATTG,-0.09948718626906079
TGATCA,-0.4564716230271593
TGATCT,-0.6412464142492895
TGATCC,-0.11069672005026088
TGATCG,-0.5906795453336237
TGATGA,0.30060471749202045
TGATGT,0.226102133353955
TGATGC,0.2106714515045415
TGATGG,0.1559127948206576
TGACAA,-0.17905953720757364
TGACAT,0.03427160681811986
TGACAC,-0.0019782400121057075
TGACAG,-0.16833531481921463
TGACTA,-0.021140971038438296
TGACTT,-0.04246769842994492
TGACTC,0.18760882167414708
TGACTG,-0.19693237335154395
TGACCA,-0.15794991997266855
TGACCT,-0.2793138227812644
TGACCC,-0.0481872096742279
TGACCG,-0.12745830117980175
TGACGA,0.1640978178375031
TGACGT,-0.10417530332051587
TGACGC,0.0817803275720773
TGACGG,0.21031538706009764
TGAGAA,-0.24253210772306696
TGAGAT,-0.3550947487192148
TGAGAC,0.044206092504495705
TGAGAG,-0.2451808164118058
TGAGTA,-0.12732139212957377
TGAGTT,-0.025036078161324773
TGAGTC,0.27890023310759066
TGAGTG,0.08966160611472261
TGAGCA,-0.04993569931162372
TGAGCT,-0.22509604135850153
TGAGCC,0.23832517548168838
TGAGCG,0.19288563527370542
TGAGGA,0.05260995027229742
TGAGGT,-0.37306168405350504
TGAGGC,0.20230946441136785
TGAGGG,0.09897071755905527
TGTAAA,-0.16300857568338464
TGTAAT,-0.03609638710974656
TGTAAC,-0.024960601336448115
TGTAAG,-0.39314767108377335
TGTATA,-0.12850824921392065
TGTATT,0.011239396635691696
TGTATC,0.24694324147267738
TGTATG,-0.21899703535236123
TGTACA,-0.20920064534519703
TGTACT,-0.015633783322146433
TGTACC,0.27919687055611486
TGTACG,-0.18913718332901466
TGTAGA,0.29441610463312506
TGTAGT,-0.06858437965711486
TGTAGC,0.16229864091884688
TGTAGG,0.27007199310033686
TGTTAA,0.20129794324265068
TGTTAT,-0.11100613691598213
TGTTAC,0.13573161353412508
TGTTAG,0.037168765783919366
TGTTTA,-0.29032456339669843
TGTTTT,-0.013222772752646847
TGTTTC,0.17749113681674486
TGTTTG,0.004463729144861645
TGTTCA,-0.0037568350196911537
TGTTCT,-0.04086648741252292
TGTTCC,0.2054792034691853
TGTTCG,-0.18188743479885802
TGTTGA,0.3995600262204502
TGTTGT,0.25746367065746467
TGTTGC,0.36273630326514283
TGTTGG,0.38507959811681197
TGTCAA,-0.5486297837430507
TGTCAT,0.238261224221534
TGTCAC,0.12475720047440837
TGTCAG,-0.22986509707453642
TGTCTA,0.012722093168005504
TGTCTT,-0.015310761237091568
TGTCTC,0.17600491518325073
TGTCTG,-0.18348800974319557
TGTCCA,0.08116223859009572
TGTCCT,-0.014038922579429687
TGTCCC,0.34608349453132653
TGTCCG,-0.22061784187123515
TGTCGA,0.16163696560112187
TGTCGT,0.26845557582795054
TGTCGC,0.38784929830326836
TGTCGG,0.4153795651653429
TGTGAA,-0.31840192972506554
TGTGAT,-0.3462831071854721
TGTGAC,-0.1584312662609227
TGTGAG,-0.5065218974797739
TGTGTA,-0.24634103181127684
TGTGTT,-0.13577207349245676
TGTGTC,0.03372563470803612
TGTGTG,-0.45765497015575807
TGTGCA,-0.0953101798043249
TGTGCT,-0.04057057659579068
TGTGCC,0.3202925965882947
TGTGCG,-0.2924387825841163
TGTGGA,-0.1573577042655383
TGTGGT,-0.4051422149829825
TGTGGC,0.03330098712697166
TGTGGG,-0.14595391262307983
TGCAAA,-0.29107751457983616
TGCAAT,0.049646760975691664
TGCAAC,0.19757932258990346
TGCAAG,-0.1937850792679288
TGCATA,-0.1853997738600804
TGCATT,-0.0457709264242031
TGCATC,0.2134767245737501
TGCATG,-0.5970442759180107
TGCACA,-0.06288151992994176
TGCACT,-0.07619709915856224
TGCACC,0.5877594913582797
TGCACG,-0.08059740877951221
TGCAGA,0.08184196275345831
TGCAGT,0.05818903420184711
TGCAGC,0.3113677847290488
TGCAGG,0.23797734074936824
TGCTAA,0.3008534401020086
TGCTAT,-0.22672257314156524
TGCTAC,0.03983977265560861
TGCTAG,-0.28577549418119935
TGCTTA,-0.5362465108530317
TGCTTT,0.054137167761238836
TGCTTC,0.31541683951187055
TGCTTG,0.010309369658861287
TGCTCA,-0.011357670574116779
TGCTCT,0.12295461308833551
TGCTCC,0.17011908300598932
TGCTCG,-0.07652776556609187
TGCTGA,0.1733952474161488
TGCTGT,0.1365105752069852
TGCTGC,0.3488854108690493
TGCTGG,0.20958243631167617
TGCCAA,-0.09465120119728189
TGCCAT,0.13280068873357648
TGCCAC,0.010079278994702663
TGCCAG,-0.13677953634703857
TGCCTA,-0.2928882768402013
TGCCTT,-0.1348988782423475
TGCCTC,0.4738424055529012
TGCCTG,-0.18581417822017093
TGCCCA,0.08834606862817793
TGCCCT,-0.04286370443178239
TGCCCC,0.22112945194250846
TGCCCG,-0.0659579677917974
TGCCGA,0.12349078326209233
TGCCGT,0.07838392795962433
TGCCGC,0.1701920280286844
TGCCGG,0.38153498125812735
TGCGAA,-0.37043376011016005
TGCGAT,0.07253633978857554
TGCGAC,0.1702566997274477
TGCGAG,-0.1510402574128659
TGCGTA,-0.33234284327920177
TGCGTT,-0.12075917226890721
TGCGTC,0.08955752731487505
TGCGTG,-0.406345777473758
TGCGCA,-0.24504042021350428
TGCGCT,-0.08188715947218428
TGCGCC,0.5790479802539892
TGCGCG,-0.37063115543253194
TGCGGA,-0.20349226391692116
TGCGGT,-0.3031712494942414
TGCGGC,-0.06381151274495382
TGCGGG,0.2186356548750199
TGGAAA,-0.09229102476069283
TGGAAT,0.03709076903472564
TGGAAC,-0.03466111976161518
TGGAAG,-0.026040950708871354
TGGATA,0.05882139362897815
TGGATT,0.11778303565638346
TGGATC,-0.18482613377028598
TGGATG,0.05245252280253601
TGGACA,0.08244702943177394
TGGACT,-0.11888565843486715
TGGACC,0.11391123043239805
TGGACG,0.13755734304107564
TGGAGA,0.5381732730004145
TGGAGT,-0.34871229151571487
TGGAGC,-0.08661447283677094
TGGAGG,0.11478428963970369
TGGTAA,0.1163289741018715
TGGTAT,-0.030776905930961253
TGGTAC,0.054671808699194295
TGGTAG,-0.4047612544806549
TGGTTA,-0.5040928265002624
TGGTTT,-0.13486592985599163
TGGTTC,-0.05693248470542581
TGGTTG,-0.45865042648622334
TGGTCA,-0.1577855223585274
TGGTCT,-0.17494766896263964
TGGTCC,0.21525805704021947
TGGTCG,-0.24327292260937564
TGGTGA,0.10107677469866191
TGGTGT,0.4208622798224748
TGGTGC,0.46324771793546476
TGGTGG,0.32316122256154056
TGGCAA,-0.028575155291459417
TGGCAT,0.006365041552873757
TGGCAC,0.23655021159432513
TGGCAG,-0.20486948490309587
TGGCTA,-0.13127767006451196
TGGCTT,-0.011217337568863022
TGGCTC,0.19781209713482
TGGCTG,-0.2731860638001076
TGGCCA,-0.2869213268844718
TGGCCT,-0.7289472404543605
TGGCCC,0.11572330269337283
TGGCCG,-0.4003237086077458
TGGCGA,0.29440478684665755
TGGCGT,0.24964741393362025
TGGCGC,0.626379004095105
TGGCGG,0.7786166405746219
TGGGAA,0.1508786606277689
TGGGAT,-0.1378570403411577
TGGGAC,0.1970581808385349
TGGGAG,0.042395558967685765
TGGGTA,-0.06630374666214023
TGGGTT,-0.1348586364466381
TGGGTC,0.20958644035576066
TGGGTG,0.2079533858202345
TGGGCA,0.10811913809690617
TGGGCT,0.1514350721840667
TGGGCC,-0.15260508446547766
TGGGCG,0.135503779851727
TGGGGA,0.29408550948698786
TGGGGT,-0.1798083612012279
TGGGGC,0.2881990019024235
TGGGGG,-0.11741867055852825
CAAAAA,-0.28924690668531783
CAAAAT,-0.04343585934781115
CAAAAC,-0.1332507696396588
CAAAAG,0.14480384679956035
CAAATA,-0.09030522260697668
CAAATT,-0.17955748790680326
CAAATC,-0.18826856850348567
CAAATG,0.20039022029433626
CAAACA,-0.05378540638053272
CAAACT,-0.08802574732174703
CAAACC,-0.1715106406897389
CAAACG,0.03760746967603542
CAAAGA,-0.2953903821876116
CAAAGT,-0.03949880544198528
CAAAGC,-0.33408425081980286
CAAAGG,-0.42319321140174493
CAATAA,-0.10446725968061125
CAATAT,0.28022047491997704
CAATAC,0.23220389904142857
CAATAG,-0.027727516285525527
CAATTA,0.14708755988449454
CAATTT,0.0011593170246593577
CAATTC,-0.10268251440664863
CAATTG,0.2939170619210276
CAATCA,-0.042931292549816945
CAATCT,-0.38604307303014535
CAATCC,-0.07900266597812243
CAATCG,0.365433035884004
CAATGA,-0.007004698420640415
CAATGT,-0.12144211487616853
CAATGC,-0.10214529319367552
CAATGG,0.07199858460044462
CAACAA,0.36438848080651426
CAACAT,0.3704272513672912
CAACAC,0.4575076447744047
CAACAG,0.3373730515100861
CAACTA,0.07599981237947538
CAACTT,0.2109170136778673
CAACTC,-0.032131278182793294
CAACTG,0.4366118371050011
CAACCA,-0.3860105318936356
CAACCT,-0.35687745507753693
CAACCC,-0.5710278336037823
CAACCG,-0.10861414543068759
CAACGA,0.10516526036090591
CAACGT,0.11065713820999686
CAACGC,0.02020270731751947
CAACGG,-0.21825356602001794
CAAGAA,-0.06483496675679361
CAAGAT,-0.060728728838547505
CAAGAC,-0.06275584503140379
CAAGAG,0.0268755045484899
CAAGTA,0.11985843235505983
CAAGTT,0.06703626155158217
CAAGTC,-0.04711792297706985
CAAGTG,0.40146167124835513
CAAGCA,-0.04866350974585693
CAAGCT,-0.22843479113996298
CAAGCC,-0.20933435604002318
CAAGCG,0.1284648840032438
CAAGGA,-0.2958272489161824
CAAGGT,0.10899226106959674
CAAGGC,-0.22530869338628665
CAAGGG,-0.2241864855300721
CATAAA,-0.24806217649663193
CATAAT,-0.3400912213148248
CATAAC,-0.3275882872722134
CATAAG,-0.45225992741870025
CATATA,-0.034522625197305604
CATATT,0.1005211015260236
CATATC,0.15153401893608656
CATATG,0.21706450523782758
CATACA,-0.2556583495419218
CATACT,-0.1599466585263404
CATACC,0.03188597609638697
CATACG,0.09910971395735516
CATAGA,-0.2887283229703358
CATAGT,-0.24139145846193916
CATAGC,-0.29532820473313653
CATAGG,-0.39744693720894575
CATTAA,0.29638304065272575
CATTAT,0.11697799974145466
CATTAC,0.22731892272469034
CATTAG,0.5040091544429205
CATTTA,-0.008323326142511956
CATTTT,0.22878719197902403
CATTTC,-0.002781159449527084
CATTTG,0.33759831002880847
CATTCA,-0.35326464107867694
CATTCT,-0.4180295223957145
CATTCC,-0.034378746094521496
CATTCG,-0.020053442446729543
CATTGA,-0.06498485008941275
CATTGT,-0.19747835436317804
CATTGC,0.015659353363434398
CATTGG,-0.11524634286651607
CATCAA,0.2651748402722401
CATCAT,0.30841370256605244
CATCAC,0.18106722783174423
CATCAG,0.18695852506621713
CATCTA,0.29813653035563986
CATCTT,0.23376877609991098
CATCTC,0.10004358694357232
CATCTG,0.1941371181720251
CATCCA,-0.11517211898896573
CATCCT,-0.33451337213587995
CATCCC,0.07244115076586748
CATCCG,-0.025389234004819464
CATCGA,0.07758697956897934
CATCGT,0.08917893280658448
CATCGC,0.1207745186702602
CATCGG,-0.11139631755594934
CATGAA,-0.4656698393972024
CATGAT,-0.2121595900023848
CATGAC,-0.1914950377342921
CATGAG,-0.44824744405391637
CATGTA,-0.42893519898235294
CATGTT,-0.1628386137847079
CATGTC,-0.12192335861711497
CATGTG,-0.05659812888037669
CATGCA,-0.48386585559434747
CATGCT,-0.39013074410805776
CATGCC,-0.21297529788495698
CATGCG,-0.2004640625447924
CATGGA,-0.3725654601331652
CATGGT,-0.2904072290765506
CATGGC,-0.3674907662004209
CATGGG,-0.09836984562828041
CACAAA,-0.240754316842972
CACAAT,-0.2756305773649679
CACAAC,0.0
CACAAG,0.0995178024074658
CACATA,-0.1908098266965973
CACATT,-0.2913580273899104
CACATC,0.006407711151373238
CACATG,-0.15187752105338997
CACACA,-0.568324115827207
CACACT,-0.36439834550444516
CACACC,0.21756214147601452
CACACG,-0.1823215567939546
CACAGA,-0.5160036838055329
CACAGT,-0.4060025980431682
CACAGC,-0.1856493468866293
CACAGG,-0.41756096949472915
CACTAA,-0.028192818098640268
CACTAT,0.07823275242829701
CACTAC,-0.05959764380619872
CACTAG,0.03231739292854484
CACTTA,0.1136775506541456
CACTTT,-0.011565729220573653
CACTTC,0.014629310015959096
CACTTG,0.3093848088972754
CACTCA,0.014676714415932716
CACTCT,-0.25150167666643586
CACTCC,-0.20856978286889094
CACTCG,0.340054062702692
CACTGA,-0.26018276272975294
CACTGT,-0.1891608604441961
CACTGC,-0.24512245803298496
CACTGG,-0.43093171454522494
CACCAA,0.256717469633885
CACCAT,0.20406685535310393
CACCAC,0.22058010464001115
CACCAG,0.6296477186950019
CACCTA,0.6287775926097005
CACCTT,0.3224723335376005
CACCTC,0.02096287459091704
CACCTG,0.7072056533845125
CACCCA,-0.030562650410166696
CACCCT,-0.22765509809547585
CACCCC,-0.17462921117079885
CACCCG,0.3831204656032908
CACCGA,0.3580628692135805
CACCGT,0.15221593293933144
CACCGC,0.15671807533250423
CACCGG,0.26387801465142496
CACGAA,-0.4156519534151574
CACGAT,-0.12460142407952546
CACGAC,0.1571412582636565
CACGAG,0.25688547333036144
CACGTA,-0.11577188222230787
CACGTT,0.06641822093914868
CACGTC,-0.02690745291992427
CACGTG,0.3826219504559105
CACGCA,-0.4384107548504421
CACGCT,-0.43274122462673437
CACGCC,-0.06453852113757105
CACGCG,-0.05346306986882428
CACGGA,-0.31237468504215243
CACGGT,-0.18472713890180983
CACGGC,-0.27022285108001237
CACGGG,-0.2965710198690269
CAGAAA,-0.21445987634596572
CAGAAT,-0.3892588430214204
CAGAAC,-0.047139181459929985
CAGAAG,0.4121772393177801
CAGATA,0.2019755398815084
CAGATT,-0.30782174053308586
CAGATC,-0.7995971499408566
CAGATG,0.2516413419305392
CAGACA,-0.12492004097152766
CAGACT,-0.12315578195877393
CAGACC,-0.526915949815093
CAGACG,-0.13184869112640568
CAGAGA,-0.031579413153322564
CAGAGT,-0.08782301333568707
CAGAGC,-0.07217797769552871
CAGAGG,0.06494264318792853
CAGTAA,-0.039889833285305466
CAGTAT,0.11504289084551589
CAGTAC,-0.0015612805669525758
CAGTAG,0.3383200967096926
CAGTTA,0.3138610383551841
CAGTTT,-0.2520277314140188
CAGTTC,-0.38530572928563656
CAGTTG,0.4182832847889718
CAGTCA,0.0006552364545885151
CAGTCT,-0.43918501935659804
CAGTCC,-0.4565202789084484
CAGTCG,0.0010587613482418963
CAGTGA,-0.09959767367903563
CAGTGT,-0.29729093155841757
CAGTGC,-0.38874580537910625
CAGTGG,-0.4869401387766339
CAGCAA,0.20721040377647737
CAGCAT,0.14049435337977262
CAGCAC,0.34023457962747194
CAGCAG,0.4374886147456701
CAGCTA,0.22334682400522374
CAGCTT,-0.05090432986176755
CAGCTC,-0.17824823140631876
CAGCTG,0.3036712903895646
CAGCCA,-0.2363887780642304
CAGCCT,-0.5174701664846592
CAGCCC,-0.08671721608149299
CAGCCG,0.07940677760441041
CAGCGA,0.06076714011500765
CAGCGT,-0.307359000545985
CAGCGC,-0.11951141473452405
CAGCGG,-0.49959395286665814
CAGGAA,-0.055039768979663325
CAGGAT,0.16778487110306203
CAGGAC,0.1959524989482394
CAGGAG,0.2166829843112656
CAGGTA,0.37952249535503246
CAGGTT,-0.1902184127825502
CAGGTC,-0.19977995210141164
CAGGTG,0.6925213983117391
CAGGCA,-0.1547129514192436
CAGGCT,-0.3621146672345505
CAGGCC,-0.7921610683017545
CAGGCG,0.4600025253733391
CAGGGA,-0.06643888820873907
CAGGGT,-0.051055170800284065
CAGGGC,-0.2110709700799404
CAGGGG,-0.3560364422675774
CTAAAA,0.3917882200569524
CTAAAT,0.2107136342914754
CTAAAC,0.25861664871977247
CTAAAG,0.6529836306148505
CTAATA,0.1844709238528164
CTAATT,0.023702112306788307
CTAATC,-0.38294887865760835
CTAATG,0.41709867298703296
CTAACA,-0.0051997280945701874
CTAACT,-0.2660288702612843
CTAACC,-0.8981043801182502
CTAACG,-0.0916671885258238
CTAAGA,-0.20456588039340456
CTAAGT,0.10885810177658646
CTAAGC,-0.35521866019151044
CTAAGG,-0.2819393576009629
CTATAA,-0.17759936952060182
CTATAT,-0.009987136830462994
CTATAC,-0.13942309332916505
CTATAG,0.05170780216550619
CTATTA,0.041961307258216424
CTATTT,-0.0018999372403042496
CTATTC,-0.38500403623682433
CTATTG,-0.06953144696785725
CTATCA,0.008981062093942511
CTATCT,-0.11933879581743168
CTATCC,-0.21967600786674635
CTATCG,0.29099477707657667
CTATGA,-0.2315587482394942
CTATGT,-0.33388953924837383
CTATGC,-0.3718152237296461
CTATGG,-0.1976997794813778
CTACAA,0.24354940501134373
CTACAT,-0.014113137476464655
CTACAC,0.21184399606027632
CTACAG,0.49072975976285244
CTACTA,0.19756186260247663
CTACTT,0.1628386737051353
CTACTC,-0.3239720738569815
CTACTG,0.39549432087311587
CTACCA,-0.4024623680616574
CTACCT,-0.19302565240989902
CTACCC,-0.32807844449274426
CTACCG,-0.0503868434165159
CTACGA,-0.15034974877540797
CTACGT,-0.45024188896413775
CTACGC,-0.2690532526182877
CTACGG,-0.2918400826004446
CTAGAA,-0.11492472419627728
CTAGAT,-0.340714924360003
CTAGAC,-0.13072573631122136
CTAGAG,0.24958907297876823
CTAGTA,-0.08299691957096791
CTAGTT,-0.259401299336834
CTAGTC,-0.4892304817839466
CTAGTG,0.044568319479876384
CTAGCA,-0.18207351015991596
CTAGCT,-0.24562280202991385
CTAGCC,-0.47390226966139287
CTAGCG,-0.17988550199607356
CTAGGA,-0.12498909369762724
CTAGGT,-0.09326518931659725
CTAGGC,-0.4620699417606627
CTAGGG,-0.21344146550775914
CTTAAA,-0.2361950828430543
CTTAAT,-0.3359913517838622
CTTAAC,-0.38004348491485307
CTTAAG,-0.7507938756595951
CTTATA,-0.3663749814781182
CTTATT,-0.33744715139339515
CTTATC,-0.06423799521494862
CTTATG,-0.5483537572662149
CTTACA,-0.3732824761786171
CTTACT,-0.2876820724517809
CTTACC,-0.11337580066897564
CTTACG,-0.40546510810816444
CTTAGA,-0.05322476123729778
CTTAGT,-0.3209077200801014
CTTAGC,-0.2123538438928298
CTTAGG,-0.024087712884458448
CTTTAA,0.23977450600648562
CTTTAT,0.23851102844533162
CTTTAC,0.06859166787073738
CTTTAG,0.5897604425061085
CTTTTA,0.22888635083601816
CTTTTT,0.14390430750570618
CTTTTC,-0.0942142892836879
CTTTTG,0.058567857343182164
CTTTCA,-0.23549720858075834
CTTTCT,-0.28457910371065903
CTTTCC,-0.33800480397099103
CTTTCG,0.07304016639289178
CTTTGA,0.07838065295950132
CTTTGT,-0.013861608086624429
CTTTGC,-0.2858702559778886
CTTTGG,-0.009086382555957371
CTTCAA,0.3660353866982961
CTTCAT,0.19689356407591946
CTTCAC,0.11657077731747748
CTTCAG,0.4747781332716139
CTTCTA,0.36929856148780565
CTTCTT,0.3551321723282771
CTTCTC,0.11734672187752908
CTTCTG,0.3014307726435011
CTTCCA,-0.10157286374735115
CTTCCT,-0.3002382912271935
CTTCCC,0.25184088262315213
CTTCCG,0.0006062443350273895
CTTCGA,0.09900778057943097
CTTCGT,-0.06859705495796622
CTTCGC,-0.15652880223222565
CTTCGG,-0.0299808322119359
CTTGAA,0.03630806894223728
CTTGAT,-0.002619516887550358
CTTGAC,-0.37300789796078276
CTTGAG,0.3153791940624511
CTTGTA,-0.04122519575595005
CTTGTT,0.19002494866563666
CTTGTC,-0.165979753155014
CTTGTG,0.20283732174794128
CTTGCA,-0.30339825978483587
CTTGCT,-0.18872136966451417
CTTGCC,-0.3772445404659131
CTTGCG,-0.18325395779390577
CTTGGA,-0.01993722585617833
CTTGGT,-0.1275016415350399
CTTGGC,-0.19616469088615238
CTTGGG,-0.03220314049463482
CTCAAA,-0.08650924290928252
CTCAAT,-0.10244910121553828
CTCAAC,-0.029372078312330428
CTCAAG,0.2896107133581865
CTCATA,-0.24393598369961328
CTCATT,-0.01964822291078843
CTCATC,0.05339028073920642
CTCATG,-0.4747317704416815
CTCACA,-0.5924654569537096
CTCACT,-0.15253972498833024
CTCACC,-0.19268434382950125
CTCACG,-0.38411673230262705
CTCAGA,-0.05809658346389046
CTCAGT,-0.23236201416369223
CTCAGC,-0.0772645773351502
CTCAGG,-0.003327790092674691
CTCTAA,0.338169789723729
CTCTAT,0.3278237738012991
CTCTAC,0.21361462796833144
CTCTAG,0.4054651081081644
CTCTTA,-0.21943059653330718
CTCTTT,0.014516622866942277
CTCTTC,0.10961041580715555
CTCTTG,0.1875689451463724
CTCTCA,-0.29962964587289903
CTCTCT,-0.1283094486433709
CTCTCC,0.139478963549519
CTCTCG,0.20213927854367772
CTCTGA,-0.18976235869801306
CTCTGT,-0.09607063611473643
CTCTGC,0.015504186535965254
CTCTGG,0.07024240307524418
CTCCAA,0.18198827900383424
CTCCAT,-0.030256572576557197
CTCCAC,0.221821674056294
CTCCAG,0.4734380916943703
CTCCTA,0.060103924069705515
CTCCTT,-0.09937853366637357
CTCCTC,-0.0035231980073169053
CTCCTG,0.37695645035798275
CTCCCA,0.033576295533604306
CTCCCT,-0.06277640614417186
CTCCCC,0.10341309537343078
CTCCCG,-0.028618805305652563
CTCCGA,0.06938541319954826
CTCCGT,-0.3291994772921331
CTCCGC,-0.19822014286175288
CTCCGG,0.1929905131435222
CTCGAA,-0.028429241520516912
CTCGAT,-0.10354067894084033
CTCGAC,-0.08157998699242287
CTCGAG,0.03822121282019767
CTCGTA,0.09804117831555649
CTCGTT,0.09508584599467666
CTCGTC,0.13248918304607887
CTCGTG,0.17255805452610334
CTCGCA,-0.11380161035719856
CTCGCT,0.11187944356764322
CTCGCC,-0.039487771507118505
CTCGCG,-0.2853207962661012
CTCGGA,-0.1907604254398193
CTCGGT,-0.22533894187764536
CTCGGC,-0.3499859557879358
CTCGGG,-0.2836740510542422
CTGAAA,0.19264359486350058
CTGAAT,-0.22797871389167268
CTGAAC,0.03565759697362401
CTGAAG,0.5996461855198372
CTGATA,0.062177244951891364
CTGATT,-0.2571432771096886
CTGATC,-0.7847933939517897
CTGATG,0.12789944134572534
CTGACA,-0.11778303565638351
CTGACT,-0.30294954458256934
CTGACC,-0.8544153281560676
CTGACG,-0.1435355317587982
CTGAGA,-0.10923151832293287
CTGAGT,0.02242864034567334
CTGAGC,-0.21680773286512398
CTGAGG,-0.08693492146759245
CTGTAA,0.044001166072367495
CTGTAT,0.10828471935756159
CTGTAC,-0.0012779554454920687
CTGTAG,0.3746934494414107
CTGTTA,0.09529679301307163
CTGTTT,-0.03117237997045287
CTGTTC,-0.3181124591458394
CTGTTG,0.33895540815381
CTGTCA,-0.10877765347158438
CTGTCT,-0.3295701651540336
CTGTCC,-0.20520585062754246
CTGTCG,0.2628561887210777
CTGTGA,-0.4197370038965183
CTGTGT,-0.21897904763796955
CTGTGC,-0.40651718605896814
CTGTGG,-0.6490871907659148
CTGCAA,0.2172155170170332
CTGCAT,0.03462930077992048
CTGCAC,0.31767097490711543
CTGCAG,0.3179686889531555
CTGCTA,0.19678461882150938
CTGCTT,0.10738031032549795
CTGCTC,-0.050515790136901835
CTGCTG,0.36181514217229505
CTGCCA,-0.20717784890020027
CTGCCT,-0.32766160693905816
CTGCCC,-0.19966008395622775
CTGCCG,0.18867261740285476
CTGCGA,-0.0468835858988505
CTGCGT,-0.42851258126877695
CTGCGC,-0.19943616751224094
CTGCGG,-0.28700616840441995
CTGGAA,-0.07579213393114642
CTGGAT,0.15694291415822853
CTGGAC,0.08938573505009191
CTGGAG,0.3066850195773964
CTGGTA,0.09526293682580386
CTGGTT,-0.23064303503296052
CTGGTC,-0.2498684406439507
CTGGTG,0.5796595422232276
CTGGCA,-0.2691720456809125
CTGGCT,-0.4266029213559066
CTGGCC,-0.5947071077466928
CTGGCG,0.3448404862917296
CTGGGA,0.06781097795615613
CTGGGT,-0.01050364924052906
CTGGGC,-0.04657286836078447
CTGGGG,-0.014560151331329664
CCAAAA,-0.16122239042939815
CCAAAT,-0.07125721634253848
CCAAAC,-0.010767509815426686
CCAAAG,-0.3774794651424109
CCAATA,0.008705862396392445
CCAATT,0.05194008310423195
CCAATC,-0.07000780880241392
CCAATG,-0.10178269430994236
CCAACA,0.3173047800167468
CCAACT,0.19096465294997464
CCAACC,-0.2340410529738797
CCAACG,-0.051238145808072115
CCAAGA,-0.07396824880572316
CCAAGT,0.21474921014079099
CCAAGC,-0.18672879178136245
CCAAGG,-0.1327246156545826
CCATAA,-0.22432803472186955
CCATAT,0.19550278559188788
CCATAC,-0.0604182021645511
CCATAG,-0.24423345619643147
CCATTA,0.24928127149670162
CCATTT,0.26469064597762443
CCATTC,-0.052014773189551104
CCATTG,0.018094662614837574
CCATCA,0.1526957999810618
CCATCT,0.10869274133363585
CCATCC,-0.2218871570001458
CCATCG,0.0288901516659883
CCATGA,-0.4487799927941088
CCATGT,-0.15451927548200298
CCATGC,-0.3633662877993573
CCATGG,-0.4070142950949937
CCACAA,-0.08537535571210488
CCACAT,-0.1403628437452679
CCACAC,-0.23723731439006937
CCACAG,-0.5701590898188057
CCACTA,-0.13888615776218252
CCACTT,0.013220211428134737
CCACTC,0.03135052988407601
CCACTG,-0.38050336208241636
CCACCA,0.3094747024426336
CCACCT,0.45234791275732006
CCACCC,-0.1493774010746007
CCACCG,0.2509325302430395
CCACGA,-0.1747575607747599
CCACGT,-0.0745686954975085
CCACGC,-0.4594339477560479
CCACGG,-0.2537805207760996
CCAGAA,0.25401486418097213
CCAGAT,-0.05740104085318716
CCAGAC,-0.2582532617609687
CCAGAG,0.15669253896232754
CCAGTA,0.10844455819478778
CCAGTT,0.18555577630567885
CCAGTC,-0.07349450841003623
CCAGTG,-0.45467289600469346
CCAGCA,0.28780485469762246
CCAGCT,0.09680614356116765
CCAGCC,-0.2612068569308791
CCAGCG,-0.2379945592201962
CCAGGA,0.042468085426923874
CCAGGT,0.2324193937767314
CCAGGC,-0.2299670649505819
CCAGGG,-0.23275241042084654
CCTAAA,0.49554533317662175
CCTAAT,0.11124954739994687
CCTAAC,-0.3625606727055108
CCTAAG,-0.08546564272783855
CCTATA,-0.09283001980283813
CCTATT,-0.15649193441650794
CCTATC,-0.22480116289184243
CCTATG,-0.5081000191871246
CCTACA,0.34571883505263545
CCTACT,0.25095623001433776
CCTACC,-0.7245128398381651
CCTACG,-0.3660310388627573
CCTAGA,-0.021238819582435595
CCTAGT,-0.0835867161082657
CCTAGC,-0.40667649529446137
CCTAGG,-0.5232481437645479
CCTTAA,-0.8112431562908589
CCTTAT,-0.412516538328054
CCTTAC,-0.5764834604326756
CCTTAG,-0.36013715166720317
CCTTTA,0.31956493428750105
CCTTTT,0.14185382349007727
CCTTTC,-0.5075629781311743
CCTTTG,-0.15147292472147453
CCTTCA,0.3427777891844895
CCTTCT,0.2547215866025205
CCTTCC,-0.4324868898608016
CCTTCG,-0.13486477294067498
CCTTGA,-0.0825738582022772
CCTTGT,0.06274675498999858
CCTTGC,-0.3332731645312836
CCTTGG,-0.26196561985388006
CCTCAA,0.09589138842869141
CCTCAT,-0.08504314916458068
CCTCAC,-0.49038279158238773
CCTCAG,-0.14016819872850167
CCTCTA,0.5469062003304733
CCTCTT,0.29041058710498496
CCTCTC,-0.24894124413535038
CCTCTG,0.05724126731362796
CCTCCA,0.16824960420675986
CCTCCT,-0.030996100368964025
CCTCCC,-0.20089794236689001
CCTCCG,-0.017839918128331005
CCTCGA,-0.16669623889087373
CCTCGT,0.04418215331004838
CCTCGC,-0.5570150062353652
CCTCGG,-0.6973051907086091
CCTGAA,0.38445450804580816
CCTGAT,-0.02732877165377413
CCTGAC,-0.35441887981204984
CCTGAG,-0.0016116038943415328
CCTGTA,0.2599753207228416
CCTGTT,0.28992171504528574
CCTGTC,0.09457874005453801
CCTGTG,-0.2998656152715211
CCTGCA,0.2691151108392648
CCTGCT,0.29274537440832765
CCTGCC,-0.38299225225610584
CCTGCG,-0.3246284345334514
CCTGGA,0.038864341017810236
CCTGGT,0.1345523217586299
CCTGGC,-0.31686376523283666
CCTGGG,-0.03413300636945847
CCCAAA,-0.21979346442892778
CCCAAT,0.00934586241823782
CCCAAC,0.20174957072218097
CCCAAG,0.16316555092347387
CCCATA,0.11086660244294375
CCCATT,0.35117538837269385
CCCATC,-0.17602940120306546
CCCATG,-0.04069891002259221
CCCACA,-0.15171610771787694
CCCACT,-0.17273375563880106
CCCACC,-0.2654364635044612
CCCACG,-0.2093170611359663
CCCAGA,0.1355876602898901
CCCAGT,0.05129329438755048
CCCAGC,-0.1389564650863418
CCCAGG,-0.2049138798225485
CCCTAA,0.04624532809024577
CCCTAT,-0.037271394797231655
CCCTAC,-0.16102355911502034
CCCTAG,-0.05692029025268218
CCCTTA,-0.3626419543545976
CCCTTT,0.04683129968409899
CCCTTC,0.056334474615028045
CCCTTG,-0.09154133112209589
CCCTCA,0.3467345042334816
CCCTCT,0.3566749439387324
CCCTCC,-0.2029408439966903
CCCTCG,-0.28084054063506436
CCCTGA,-0.06330744871815114
CCCTGT,0.0733981649548679
CCCTGC,-0.24428828054315443
CCCTGG,-0.15073333348573661
CCCCAA,0.17190866984761408
CCCCAT,0.16592341098431848
CCCCAC,-0.14193349588866652
CCCCAG,0.057432049085875396
CCCCTA,0.0
CCCCTT,-0.1387343690701487
CCCCTC,0.2395822776573697
CCCCTG,-0.24032837606831065
CCCCCA,-0.1430013362024102
CCCCCT,-0.2663012774268307
CCCCCC,-0.9808292530117262
CCCCCG,-0.007380107297622534
CCCCGA,-0.018967902706810924
CCCCGT,-0.3546215551268903
CCCCGC,-0.10436001532424276
CCCCGG,-0.2002753604105505
CCCGAA,0.10238874526866894
CCCGAT,-0.27625337662815824
CCCGAC,0.05129329438755069
CCCGAG,-0.4382549309311553
CCCGTA,-0.17572087276260248
CCCGTT,0.1731103789051808
CCCGTC,0.04852704089466038
CCCGTG,-0.3937298518897434
CCCGCA,0.03303985407820009
CCCGCT,0.3552889423308552
CCCGCC,0.0
CCCGCG,-0.2770488161504121
CCCGGA,0.0
CCCGGT,-0.16833531481921463
CCCGGC,-0.23841102344499823
CCCGGG,0.25360275879891836
CCGAAA,0.025394351288701607
CCGAAT,0.03215711163453144
CCGAAC,-0.036051138392002344
CCGAAG,0.26524799958950795
CCGATA,0.3562909930797249
CCGATT,-0.07951206292773363
CCGATC,-1.2431935174792172
CCGATG,0.10109611687136881
CCGACA,0.38620729150374977
CCGACT,0.15590660652952332
CCGACC,-0.5173559786455401
CCGACG,-0.0953101798043249
CCGAGA,-0.11607217125275401
CCGAGT,0.247714812044715
CCGAGC,-0.3928863259013041
CCGAGG,-0.6678293725756553
CCGTAA,-0.16752553260636707
CCGTAT,0.1420925249265562
CCGTAC,-0.30270031097461975
CCGTAG,-0.4334044767974058
CCGTTA,0.25287266778591977
CCGTTT,0.040050687116031124
CCGTTC,-0.39154146198333994
CCGTTG,-0.11851307688398884
CCGTCA,0.1477121217555393
CCGTCT,0.27285627205566076
CCGTCC,0.03342929664919489
CCGTCG,0.08288765980576765
CCGTGA,-0.1817695280744433
CCGTGT,-0.12240861213088368
CCGTGC,-0.5475348245066112
CCGTGG,-0.26038993016377343
CCGCAA,-0.06936838782632479
CCGCAT,-0.14558531696833527
CCGCAC,-0.12839321476839902
CCGCAG,-0.615659685081571
CCGCTA,0.127833371509885
CCGCTT,0.3480777827415209
CCGCTC,-0.2056582369731903
CCGCTG,-0.343077765226521
CCGCCA,0.6439990425187829
CCGCCT,0.31084913173331524
CCGCCC,0.3109817162798336
CCGCCG,0.28658977305317207
CCGCGA,-0.2055244538736186
CCGCGT,-0.3907743926981607
CCGCGC,-0.8724881092157621
CCGCGG,-0.3651573846200716
CCGGAA,0.24312605090154799
CCGGAT,0.2345722471378325
CCGGAC,-0.27217788591581565
CCGGAG,-0.22700704613925438
CCGGTA,0.09476238466600287
CCGGTT,-0.13677953634703857
CCGGTC,-0.4576999880503787
CCGGTG,0.30767221732828326
CCGGCA,0.4567584024957149
CCGGCT,0.29669694354799636
CCGGCC,-0.6718697821126605
CCGGCG,-0.08594242980072477
CCGGGA,0.27282697146085694
CCGGGT,0.28867759269328247
CCGGGC,-0.8574502318512216
CCGGGG,0.07410797215372183
CGAAAA,-0.23266715114123576
CGAAAT,-0.2647652260050292
CGAAAC,-0.04815163531816022
CGAAAG,-0.20864692153854433
CGAATA,0.02329443083832498
CGAATT,-0.15166133984886793
CGAATC,-0.15899688422754568
CGAATG,0.03523680609944398
CGAACA,-0.22140290683642577
CGAACT,-0.26424632273947096
CGAACC,-0.12753000796427214
CGAACG,-0.11520662013120328
CGAAGA,0.11242411717657623
CGAAGT,0.08140182606844273
CGAAGC,0.08598757347046122
CGAAGG,0.029532347565017523
CGATAA,0.2782433885873776
CGATAT,0.35499765404533784
CGATAC,0.2929131218693335
CGATAG,0.17507514827318746
CGATTA,0.14988425951355716
CGATTT,0.08183001824763211
CGATTC,0.060123120691100575
CGATTG,0.14740266564075472
CGATCA,-0.6338812843804321
CGATCT,-0.8556342624168314
CGATCC,-0.5337745567515354
CGATCG,-0.9968586299412764
CGATGA,0.2101654316505943
CGATGT,0.16699654891906918
CGATGC,0.04531519621204249
CGATGG,0.05984110046663311
CGACAA,0.3519243411801346
CGACAT,0.237193961666795
CGACAC,0.33602985660957463
CGACAG,0.25641632335642894
CGACTA,0.18761024254546796
CGACTT,0.1088487069226177
CGACTC,0.32182821260856415
CGACTG,-0.01608613775162438
CGACCA,-0.24632113962691546
CGACCT,-0.13437979805893013
CGACCC,-0.2170231649868864
CGACCG,0.06335110758028331
CGACGA,0.2163485081813811
CGACGT,0.13224521881377843
CGACGC,0.10704543602274579
CGACGG,-0.005115100666770489
CGAGAA,-0.2598930935229512
CGAGAT,-0.14043754199549618
CGAGAC,0.0528578318644446
CGAGAG,0.3151177176459685
CGAGTA,0.07353833385862607
CGAGTT,0.048229783095647155
CGAGTC,0.11066556788751938
CGAGTG,0.38361259967054084
CGAGCA,-0.04455466440257721
CGAGCT,-0.27133293445025136
CGAGCC,-0.15221175532258424
CGAGCG,0.02648398887447234
CGAGGA,0.05073943117760103
CGAGGT,-0.15389780335606634
CGAGGC,-0.300104592450338
CGAGGG,-0.2649250853291647
CGTAAA,-0.06662535990942407
CGTAAT,-0.10729997447323189
CGTAAC,-0.144308801207058
CGTAAG,-0.5075667308213841
CGTATA,-0.10436001532424276
CGTATT,0.2125786419939932
CGTATC,0.2121664926830589
CGTATG,0.008308653139017205
CGTACA,-0.13963735507044395
CGTACT,-0.0666266405014333
CGTACC,-0.1417728016893813
CGTACG,-0.20501616672165313
CGTAGA,-0.3610281998536238
CGTAGT,-0.3206685714480874
CGTAGC,-0.35065687161316944
CGTAGG,-0.4665253648694108
CGTTAA,0.15296091169166964
CGTTAT,0.09441230032392785
CGTTAC,0.09386913822541464
CGTTAG,-0.03454032525217621
CGTTTA,0.031243916902252145
CGTTTT,0.07638241768890622
CGTTTC,0.14375294669606073
CGTTTG,0.09085133255668013
CGTTCA,-0.022154206920819344
CGTTCT,0.08324045571699426
CGTTCC,-0.10927549405296615
CGTTCG,-0.16587308637884443
CGTTGA,-0.046160659630407316
CGTTGT,0.11761693649480223
CGTTGC,0.14944335961714375
CGTTGG,-0.04942914182695564
CGTCAA,0.07791025810346036
CGTCAT,0.14345637391782112
CGTCAC,0.154675752036749
CGTCAG,-0.08133741573592719
CGTCTA,0.18911985726107877
CGTCTT,0.1546483160654453
CGTCTC,0.2614496501749491
CGTCTG,0.017305747097592427
CGTCCA,0.2213137246371335
CGTCCT,0.0937324776627072
CGTCCC,0.1973594341584952
CGTCCG,0.2531594472544753
CGTCGA,0.03211954942211252
CGTCGT,0.4416964289198206
CGTCGC,0.06872028050802494
CGTCGG,-0.33106681805430493
CGTGAA,-0.0934104831843832
CGTGAT,-0.16400494426864834
CGTGAC,-0.19857452659216104
CGTGAG,-0.16339354690843585
CGTGTA,0.020442127920805866
CGTGTT,-0.035824018172164664
CGTGTC,0.01954459607297013
CGTGTG,-0.22722611538791976
CGTGCA,-0.004182856412407938
CGTGCT,-0.03142412641605071
CGTGCC,0.08166272422800329
CGTGCG,-0.19956336322846074
CGTGGA,-0.21405475399632973
CGTGGT,-0.16134279953150826
CGTGGC,-0.27393251686867853
CGTGGG,-0.4092315909036412
CGCAAA,-0.18729200151149683
CGCAAT,-0.05267165435767173
CGCAAC,-0.05519570467209979
CGCAAG,-0.1861022796338606
CGCATA,-0.2639897147266849
CGCATT,0.03581284575349883
CGCATC,0.162672527532022
CGCATG,-0.20662408941298666
CGCACA,-0.4411139817684206
CGCACT,-0.22291495375920808
CGCACC,0.18540322333136275
CGCACG,-0.15313879003689468
CGCAGA,-0.6071296277452499
CGCAGT,-0.19638881400539018
CGCAGC,-0.17462328936820215
CGCAGG,-0.43035599570662075
CGCTAA,0.1055964481822191
CGCTAT,0.03371105734231166
CGCTAC,0.10681718015429044
CGCTAG,-0.0167341989911651
CGCTTA,-0.21863492246181718
CGCTTT,0.10815037551281363
CGCTTC,0.39250596346565914
CGCTTG,0.01316317883399178
CGCTCA,0.021815177433087724
CGCTCT,0.29725152346793154
CGCTCC,-0.16766439899398114
CGCTCG,0.18402513471873852
CGCTGA,-0.2453836666842081
CGCTGT,-0.02985296314968116
CGCTGC,-0.07474021272371584
CGCTGG,-0.21868920096482944
CGCCAA,0.2716212643015965
CGCCAT,0.31025990966974354
CGCCAC,0.7126698470488092
CGCCAG,0.4671906878691208
CGCCTA,0.343594312695626
CGCCTT,0.41157438334316343
CGCCTC,0.3996783125250055
CGCCTG,0.3017160596579749
CGCCCA,0.3871622936165639
CGCCCT,0.2261241794523476
CGCCCC,0.4092034302187715
CGCCCG,0.10536051565782635
CGCCGA,0.3483761411240373
CGCCGT,0.20935022918187396
CGCCGC,0.17008898835832023
CGCCGG,-0.06124362524071855
CGCGAA,-0.33870189194848205
CGCGAT,-0.21069525778764184
CGCGAC,-0.08762522363494088
CGCGAG,-0.3158529494184773
CGCGTA,-0.2189630460250067
CGCGTT,-0.18384246963466128
CGCGTC,-0.19686726779633337
CGCGTG,-0.26309659697916626
CGCGCA,-0.31196120560686313
CGCGCT,-0.10520425344952325
CGCGCC,-0.010393560527263307
CGCGCG,-0.22387055970682695
CGCGGA,-0.6321112899735762
CGCGGT,-0.22449095776104386
CGCGGC,-0.12751332029895956
CGCGGG,-0.4637340162321402
CGGAAA,-0.13554549199622393
CGGAAT,-0.05957193977272041
CGGAAC,-0.052842481374379933
CGGAAG,0.24050903110800445
CGGATA,0.12942461067186914
CGGATT,0.011173300598125255
CGGATC,-0.24214879398955763
CGGATG,0.1497333672008029
CGGACA,0.05129329438755048
CGGACT,-0.07048987775454474
CGGACC,-0.014956091153649992
CGGACG,0.07410797215372183
CGGAGA,0.1823215567939546
CGGAGT,-0.22580666873369348
CGGAGC,-0.0478912877044149
CGGAGG,0.18703854667209363
CGGTAA,0.11923979241398763
CGGTAT,0.15175355522753686
CGGTAC,0.19644682434596605
CGGTAG,-0.10740068661416557
CGGTTA,-0.3729993068585872
CGGTTT,-0.11544759116791005
CGGTTC,-0.07686305475615665
CGGTTG,-0.19383942516013664
CGGTCA,-0.1730734986694034
CGGTCT,-0.2483406623597447
CGGTCC,0.04590970130407795
CGGTCG,-0.44207485372072536
CGGTGA,-0.049886775749882775
CGGTGT,0.3654373220177183
CGGTGC,0.23296819174272773
CGGTGG,0.32992958396325717
CGGCAA,0.09534955065808697
CGGCAT,0.16204080374159496
CGGCAC,0.4413971173342276
CGGCAG,-0.11825573715419506
CGGCTA,-0.021596102288881397
CGGCTT,0.09201329492536217
CGGCTC,0.03440877968554182
CGGCTG,-0.023821152840230467
CGGCCA,-0.18954180476744173
CGGCCT,-0.6364411530656444
CGGCCC,-0.3938031683603215
CGGCCG,-0.3742125646040598
CGGCGA,0.046421836851249176
CGGCGT,0.0804723532225732
CGGCGC,0.09697823690502191
CGGCGG,0.18156712446846937
CGGGAA,0.06068303473738962
CGGGAT,-0.025211419346496056
CGGGAC,0.012848142477849059
CGGGAG,-0.10436001532424263
CGGGTA,0.31015492830383945
CGGGTT,-0.053024468308220316
CGGGTC,0.24578602806396954
CGGGTG,0.5310283310835102
CGGGCA,-0.13102826240640414
CGGGCT,-0.5134029447802911
CGGGCC,-0.5627853626967019
CGGGCG,0.02020270731751947
CGGGGA,-0.046280752564006225
CGGGGT,-0.2719337154836418
CGGGGC,0.1165338162559516
CGGGGG,-0.2776317365982795
GAAAAA,0.13677671189120522
GAAAAT,0.2650053637807511
GAAAAC,-0.29433410667695403
GAAAAG,-0.11775826141168703
GAAATA,0.0021762794225954484
GAAATT,0.024800075640341084
GAAATC,0.03029383166778844
GAAATG,-0.03386839862461797
GAAACA,0.19375827856201605
GAAACT,-0.020888101124028
GAAACC,-0.2871672340628854
GAAACG,0.08425155244759115
GAAAGA,-0.2931488300406013
GAAAGT,-0.18713275488577355
GAAAGC,-0.42255954146746455
GAAAGG,-0.6253653102089124
GAATAA,-0.14466108762077462
GAATAT,0.18648274491376987
GAATAC,0.07027492294460698
GAATAG,-0.3902061592736755
GAATTA,0.09103534934329595
GAATTT,-0.14707337408153096
GAATTC,-0.34396957144117846
GAATTG,-0.20951053203129205
GAATCA,-0.05222659366801327
GAATCT,-0.17310085480179518
GAATCC,-0.09198883714412134
GAATCG,-0.041193563621715
GAATGA,-0.32340875494808147
GAATGT,-0.2562280744454944
GAATGC,-0.300272928449389
GAATGG,-0.06395204525424306
GAACAA,0.1621524949022493
GAACAT,-0.010328340166148533
GAACAC,-0.190751532954414
GAACAG,-0.3419842285287287
GAACTA,-0.2695109806103701
GAACTT,-0.033887927604672415
GAACTC,-0.2177959449876145
GAACTG,-0.3793604561144373
GAACCA,0.06396888284247543
GAACCT,0.08211850405973709
GAACCC,-0.23783820372433734
GAACCG,-0.07011504862813832
GAACGA,-0.11495897277976425
GAACGT,0.15115164785376067
GAACGC,-0.021555876973476076
GAACGG,-0.34431541408223876
GAAGAA,0.4104747300489128
GAAGAT,0.28644060736371596
GAAGAC,0.1646219796945536
GAAGAG,0.2355535713908912
GAAGTA,0.2912128577747648
GAAGTT,0.3202444329946191
GAAGTC,0.10161837827506626
GAAGTG,0.07659976186752816
GAAGCA,0.4138092796692929
GAAGCT,0.30451430093903814
GAAGCC,-0.12888865206889283
GAAGCG,0.5248118657407306
GAAGGA,0.051589021138190055
GAAGGT,0.3586994224069335
GAAGGC,0.22314355131420976
GAAGGG,0.19816901033178194
GATAAA,0.353745158972513
GATAAT,0.14577345102214986
GATAAC,0.01662088123604028
GATAAG,-0.05136956266549223
GATATA,0.03749017256782456
GATATT,0.4086492157464447
GATATC,0.25752823030333294
GATATG,0.1381629935849371
GATACA,0.2160221081056124
GATACT,0.1340672504564036
GATACC,0.08333372653821826
GATACG,0.23086118287459284
GATAGA,-0.09659753630395719
GATAGT,0.14885399758446627
GATAGC,0.11349270786958572
GATAGG,-0.22506478149210368
GATTAA,-0.1070981355563671
GATTAT,-0.08186597819219871
GATTAC,-0.1921933052731087
GATTAG,-0.29399298544431335
GATTTA,0.17732060533407426
GATTTT,0.06136894637629202
GATTTC,0.04455703126928353
GATTTG,-0.025497403506533945
GATTCA,0.04056884369525891
GATTCT,-0.05889855349019298
GATTCC,-0.07490130817311784
GATTCG,-0.11351614430089742
GATTGA,-0.22835093540861984
GATTGT,-0.10545952065765968
GATTGC,-0.09559029185097441
GATTGG,-0.17611861266934684
GATCAA,-0.24598170059574237
GATCAT,-0.48413685960612335
GATCAC,-0.7341365250931423
GATCAG,-0.7603273865389407
GATCTA,-0.567239713046082
GATCTT,-0.6830527345191889
GATCTC,-1.025729875132496
GATCTG,-0.8108218092564957
GATCCA,-0.1684663249071788
GATCCT,-0.19229670185077408
GATCCC,-0.4895482253187058
GATCCG,-0.2648032900668497
GATCGA,-0.7412568411304726
GATCGT,-0.3878656595070865
GATCGC,-0.8393561366693217
GATCGG,-1.2510808823123831
GATGAA,0.28853913744639276
GATGAT,0.21532039616837784
GATGAC,0.19458183829825898
GATGAG,0.16624538471060296
GATGTA,0.15455398695109565
GATGTT,0.2871842710642505
GATGTC,0.2754619611170056
GATGTG,-0.00365928442478942
GATGCA,0.22032494666983282
GATGCT,0.22383727315958202
GATGCC,0.07939509645311617
GATGCG,0.16382697415779013
GATGGA,0.052076226508186135
GATGGT,0.0667658898385173
GATGGC,0.1811241173288092
GATGGG,0.07002860436048355
GACAAA,0.026701891250228316
GACAAT,0.08737723196449601
GACAAC,0.15813509393347586
GACAAG,-0.09647799495514742
GACATA,-0.03050509553317443
GACATT,0.171507754066208
GACATC,0.1753330464048555
GACATG,-0.08170766459504308
GACACA,0.01901623298414777
GACACT,-0.052798185566970766
GACACC,0.26990264697032423
GACACG,-0.01575754810237105
GACAGA,-0.3010538094176701
GACAGT,-0.08554478482751975
GACAGC,0.09197017559824193
GACAGG,-0.1753528874778613
GACTAA,-0.1379897650874833
GACTAT,0.09054880588443416
GACTAC,0.0318987470807108
GACTAG,-0.3523800196558516
GACTTA,0.20242273611504194
GACTTT,0.0232329226423384
GACTTC,-0.013667638728663757
GACTTG,-0.12830384905326092
GACTCA,0.383953009110734
GACTCT,-0.07073049138549231
GACTCC,-0.21280457351903043
GACTCG,0.2518726197550701
GACTGA,-0.419631475090146
GACTGT,-0.3660373720050409
GACTGC,-0.10978467687227397
GACTGG,-0.12161512534848079
GACCAA,-0.1315069276234209
GACCAT,-0.0291213760502382
GACCAC,-0.25051330666786137
GACCAG,-0.268294307541908
GACCTA,-0.16630412946229245
GACCTT,-0.1331450820611484
GACCTC,-0.37238423764391226
GACCTG,-0.0948872574042804
GACCCA,-0.20369641637868816
GACCCT,-0.017439634285356078
GACCCC,-0.3051752298992982
GACCCG,0.05129329438755048
GACCGA,-0.05453643735288659
GACCGT,0.08541115073390508
GACCGC,-0.061195561026919795
GACCGG,-0.2839013496118749
GACGAA,0.07537655100144047
GACGAT,0.2563509465736627
GACGAC,0.19662334150481423
GACGAG,0.1572649769566171
GACGTA,0.053365220539446
GACGTT,0.12991453771370962
GACGTC,0.028422085911055647
GACGTG,-0.07617083959362736
GACGCA,0.011881327886752686
GACGCT,0.13931140010774634
GACGCC,0.031463269455785106
GACGCG,-0.05951412753240772
GACGGA,0.17047708668143205
GACGGT,0.12120870789784986
GACGGC,-0.01600034134644119
GACGGG,0.1274276096865048
GAGAAA,0.1571565572100582
GAGAAT,-0.12627765964780627
GAGAAC,-0.09685637261333284
GAGAAG,0.13900380286926212
GAGATA,0.21772348384487053
GAGATT,-0.049730809521453756
GAGATC,-0.8632585734469684
GAGATG,0.09547779161576297
GAGACA,0.2961623732177143
GAGACT,-0.05654093929115403
GAGACC,-0.12608183847107865
GAGACG,0.13242458564933154
GAGAGA,0.1725692653512762
GAGAGT,-0.022642476749759777
GAGAGC,-0.03244659302727528
GAGAGG,0.08616606840167904
GAGTAA,-0.1723513844741046
GAGTAT,0.013908430046131931
GAGTAC,-0.1479127771084127
GAGTAG,-0.23803216380796036
GAGTTA,0.2378342667242135
GAGTTT,-0.13693185449514425
GAGTTC,-0.3516624021151882
GAGTTG,-0.0544352065550171
GAGTCA,0.17167421608472946
GAGTCT,0.055552105083346716
GAGTCC,-0.22884157242884753
GAGTCG,0.3317773923170052
GAGTGA,0.07068878214063208
GAGTGT,-0.07869226857566498
GAGTGC,-0.10599023860055036
GAGTGG,0.05589588704082449
GAGCAA,0.20500462916980605
GAGCAT,-0.1606359697223657
GAGCAC,-0.12476016088125455
GAGCAG,-0.10148939617028299
GAGCTA,0.05702162429045696
GAGCTT,-0.29446833213614004
GAGCTC,-0.6779377618964166
GAGCTG,-0.35046522730441876
GAGCCA,0.23118864699904138
GAGCCT,-0.05310982531394841
GAGCCC,0.025863510589919373
GAGCCG,0.04113298814739243
GAGCGA,0.24116205681688804
GAGCGT,0.2589896830873456
GAGCGC,0.16303962724450427
GAGCGG,-0.10249928337679401
GAGGAA,0.10169415041424823
GAGGAT,0.219334022897542
GAGGAC,0.15548490284039496
GAGGAG,0.05925569620909325
GAGGTA,-0.021626794039080955
GAGGTT,-0.25798788986769217
GAGGTC,-0.3519200676667297
GAGGTG,-0.03454780745388892
GAGGCA,0.3685956149010433
GAGGCT,0.015371780047853783
GAGGCC,-0.5119678283447676
GAGGCG,0.36114922433365343
GAGGGA,0.12299321430878228
GAGGGT,0.05644131090495184
GAGGGC,0.008928630744301398
GAGGGG,-0.019802627296179643
GTAAAA,0.053299995399358646
GTAAAT,-0.005959073155840243
GTAAAC,-0.15443352525411927
GTAAAG,0.09295612457398214
GTAATA,0.10978204091570372
GTAATT,-0.10483741066438325
GTAATC,-0.1730460581423465
GTAATG,0.18144658289224228
GTAACA,0.10017191890468945
GTAACT,0.06846547313075751
GTAACC,-0.385342903125256
GTAACG,0.1124563386392954
GTAAGA,-0.3830454763027425
GTAAGT,-0.017772169745797647
GTAAGC,-0.47413272345303875
GTAAGG,-0.44917298681202344
GTATAA,-0.2404863811155064
GTATAT,-0.015666116744399463
GTATAC,-0.15512867501523503
GTATAG,-0.15167657929199255
GTATTA,0.242623649983178
GTATTT,0.12115757053905775
GTATTC,0.10117077438008225
GTATTG,0.12234852641286471
GTATCA,0.138734526236144
GTATCT,0.2144764837129742
GTATCC,0.026596417032028946
GTATCG,0.36123855710722746
GTATGA,-0.20174685055957342
GTATGT,-0.13500615436031835
GTATGC,-0.24983971926862092
GTATGG,0.04928324345952627
GTACAA,-0.026511125548331967
GTACAT,-0.04116381643436785
GTACAC,-0.06433882068758155
GTACAG,0.019658637663184538
GTACTA,0.025476424845594658
GTACTT,0.04500862871399503
GTACTC,-0.013544225107757149
GTACTG,0.07568622763257635
GTACCA,0.13041568411335774
GTACCT,0.1678119475262681
GTACCC,-0.3385305563873674
GTACCG,0.008113634774169631
GTACGA,-0.10745207681801817
GTACGT,-0.009027142544527474
GTACGC,-0.2109866210435783
GTACGG,-0.34338311416105993
GTAGAA,0.0512186424521646
GTAGAT,0.02676399958812095
GTAGAC,0.008699145408289671
GTAGAG,0.16951294318045054
GTAGTA,-0.026743895360928853
GTAGTT,-0.051587368790493235
GTAGTC,-0.03847441352081535
GTAGTG,-0.03448061895653429
GTAGCA,0.02280713631647851
GTAGCT,0.006299996606457595
GTAGCC,-0.2520184057827002
GTAGCG,-0.028308381263922267
GTAGGA,-0.0726391836399716
GTAGGT,0.17243767774663885
GTAGGC,-0.35960169131498315
GTAGGG,0.027371196796131977
GTTAAA,0.2554740944256417
GTTAAT,0.04455411579188876
GTTAAC,-0.07295279505107088
GTTAAG,-0.2881310734321596
GTTATA,-0.006644542718668613
GTTATT,-0.01178795575204224
GTTATC,0.10637112716374991
GTTATG,-0.23533559207957172
GTTACA,0.05850509837632125
GTTACT,0.1259832322217234
GTTACC,0.015801142737108167
GTTACG,-0.06910780741030077
GTTAGA,-0.04412736058759198
GTTAGT,-0.23878370197267648
GTTAGC,-0.15430224090666322
GTTAGG,-0.060288430856805034
GTTTAA,-0.12412410471298373
GTTTAT,-0.1985941052088086
GTTTAC,-0.330343742315931
GTTTAG,0.029006223048286154
GTTTTA,0.20676465923017015
GTTTTT,-0.20556985572763312
GTTTTC,-0.19278120484094424
GTTTTG,-0.17232664332834094
GTTTCA,0.13806454207563382
GTTTCT,0.09206936362822736
GTTTCC,-0.17400392850085655
GTTTCG,-0.03670136685042793
GTTTGA,0.05943914942938671
GTTTGT,0.024697870227747026
GTTTGC,-0.20197590963384457
GTTTGG,-0.10538152384051423
GTTCAA,0.07329995448976243
GTTCAT,-0.10143264790870862
GTTCAC,-0.25869453557852873
GTTCAG,-0.011815171057932004
GTTCTA,0.08382816786648634
GTTCTT,-0.070634766083251
GTTCTC,-0.06146777347835772
GTTCTG,-0.08292100626392804
GTTCCA,0.03619404812842868
GTTCCT,-0.12218679755365124
GTTCCC,0.09969936022308797
GTTCCG,-0.11745130568153837
GTTCGA,-0.1357528497409146
GTTCGT,-0.20495719955830494
GTTCGC,-0.3273605562699571
GTTCGG,-0.18957035294963823
GTTGAA,0.2803957570674885
GTTGAT,0.1423178745279524
GTTGAC,-0.22147139236460434
GTTGAG,-0.09911524805694778
GTTGTA,0.18490429245857512
GTTGTT,0.2232287628519036
GTTGTC,0.012417200863767663
GTTGTG,-0.021041435946076686
GTTGCA,0.2360311184548188
GTTGCT,0.23963127985022764
GTTGCC,-0.0335156251255772
GTTGCG,-0.00564441761967707
GTTGGA,0.13496098543411694
GTTGGT,0.17169983060450425
GTTGGC,0.050185874562303355
GTTGGG,0.13547251261286733
GTCAAA,-0.14880119145947643
GTCAAT,-0.1574148987573956
GTCAAC,-0.2032613396994497
GTCAAG,-0.42655465874293264
GTCATA,0.09704322428292718
GTCATT,0.20893770494022496
GTCATC,0.23764087601770129
GTCATG,-0.08681755975867124
GTCACA,-0.12952337122698376
GTCACT,0.26661571332484924
GTCACC,0.06553404137907273
GTCACG,-0.33057786453374866
GTCAGA,-0.34277103876924103
GTCAGT,-0.23439041242508493
GTCAGC,-0.2796179705994475
GTCAGG,-0.33374223219566845
GTCTAA,0.05976913199636767
GTCTAT,-0.10354067894084033
GTCTAC,-0.0679442869798272
GTCTAG,-0.23867449334508647
GTCTTA,-0.12208266304401894
GTCTTT,0.08800730191011057
GTCTTC,-0.05943832793273108
GTCTTG,-0.12648649331255177
GTCTCA,0.03066962305623712
GTCTCT,0.11220650816581627
GTCTCC,0.24436718776583635
GTCTCG,0.23046193212188953
GTCTGA,-0.13602827282310978
GTCTGT,-0.2659082729022202
GTCTGC,-0.18028696809616704
GTCTGG,-0.26393289224011757
GTCCAA,0.06066565110451391
GTCCAT,0.07579924488694521
GTCCAC,0.13070399066384458
GTCCAG,0.15873915934322688
GTCCTA,0.06623693231861777
GTCCTT,-0.02019601833193758
GTCCTC,0.19586417289254762
GTCCTG,0.09729130760937924
GTCCCA,0.0880081376004391
GTCCCT,0.20544397421480887
GTCCCC,-0.037295784743696894
GTCCCG,0.11878353598996702
GTCCGA,0.11712535723741264
GTCCGT,-0.10622221325530742
GTCCGC,-0.045212342821548034
GTCCGG,-0.15822400521489416
GTCGAA,-0.08328374482329744
GTCGAT,0.1275016415350399
GTCGAC,-0.14514255355220065
GTCGAG,-0.1974504383902548
GTCGTA,0.16372013084340903
GTCGTT,0.32870647563581795
GTCGTC,0.2203066699790101
GTCGTG,0.15998465789604205
GTCGCA,0.16920408475506285
GTCGCT,0.23952244339824952
GTCGCC,0.20401866040452768
GTCGCG,-0.11900329206161281
GTCGGA,0.035401927050916
GTCGGT,-0.04712765339581862
GTCGGC,-0.03317839869731868
GTCGGG,-0.4074832722644016
GTGAAA,-0.09915176506474829
GTGAAT,-0.06007498153510588
GTGAAC,-0.24820545188336082
GTGAAG,0.21526328988890375
GTGATA,0.061240894682633454
GTGATT,-0.06447388616356436
GTGATC,-0.8091587365679468
GTGATG,0.1526811718478984
GTGACA,0.20429532543986686
GTGACT,-0.046565469147320925
GTGACC,-0.47637018099127715
GTGACG,0.1085272226696721
GTGAGA,-0.3922635962496284
GTGAGT,-0.16063596972236557
GTGAGC,-0.2977036309127999
GTGAGG,-0.28199583330013617
GTGTAA,-0.19677826030012588
GTGTAT,0.038917919883071514
GTGTAC,0.022907442249658367
GTGTAG,0.30658221996626606
GTGTTA,0.2757709839511721
GTGTTT,-0.1335149667340337
GTGTTC,-0.26115405011186765
GTGTTG,0.44610437078688786
GTGTCA,0.15716299715779972
GTGTCT,-0.04826287704938481
GTGTCC,-0.15392744062552766
GTGTCG,0.3906937907878518
GTGTGA,-0.23573475580416156
GTGTGT,-0.14294527598509754
GTGTGC,-0.22393531699294378
GTGTGG,-0.30568760029549896
GTGCAA,0.09681597339539519
GTGCAT,0.03692335410459789
GTGCAC,0.18063114344769193
GTGCAG,0.22156252331689094
GTGCTA,0.1990878346128929
GTGCTT,0.11178187632465669
GTGCTC,-0.11259456071756613
GTGCTG,0.2954577295123635
GTGCCA,0.2829982231393545
GTGCCT,0.13631655710375093
GTGCCC,0.07633473128499951
GTGCCG,0.3169623065318646
GTGCGA,-0.040546094394349905
GTGCGT,-0.1750487974648749
GTGCGC,-0.15988957649627644
GTGCGG,-0.1888544778355777
GTGGAA,-0.19260273671331532
GTGGAT,-0.05800060780487758
GTGGAC,0.1690763300439339
GTGGAG,0.1443503752289661
GTGGTA,0.028484037542339493
GTGGTT,-0.3649910001803899
GTGGTC,-0.17608872268398412
GTGGTG,0.23784249308063682
GTGGCA,0.035656451219359585
GTGGCT,-0.07864312731911323
GTGGCC,-0.3984228254827515
GTGGCG,0.8084717023781214
GTGGGA,-0.0033955890011381604
GTGGGT,-0.31603729820690607
GTGGGC,-0.20538682972495068
GTGGGG,-0.3709789320369951
GCAAAA,-0.24290925167033614
GCAAAT,-0.1423339991679453
GCAAAC,-0.3353480094089319
GCAAAG,-0.41283090997043653
GCAATA,0.143581728478024
GCAATT,0.18442517285270751
GCAATC,-0.046743080547707205
GCAATG,0.05392176219077529
GCAACA,0.39698750411601474
GCAACT,0.26677806071810356
GCAACC,-0.5978826618135951
GCAACG,0.05771105270452488
GCAAGA,-0.2558402537391101
GCAAGT,0.10997679621564059
GCAAGC,-0.42413542872869636
GCAAGG,-0.4064955049020608
GCATAA,-0.45598447900279027
GCATAT,0.15933946732746482
GCATAC,-0.1873720725800231
GCATAG,-0.39411893172086293
GCATTA,0.3504204130852043
GCATTT,0.143176113671946
GCATTC,-0.3735320610051554
GCATTG,-0.15013327871054818
GCATCA,0.2922045171799965
GCATCT,0.33583711433882807
GCATCC,-0.2734457004739597
GCATCG,-0.0956182987406711
GCATGA,-0.4765144542580141
GCATGT,-0.32472442125348
GCATGC,-0.6056811547786695
GCATGG,-0.33621980698463333
GCACAA,0.10014537997871806
GCACAT,-0.02798567463261751
GCACAC,-0.26043933605790665
GCACAG,-0.450279123897957
GCACTA,0.06946664796807396
GCACTT,0.150745502333214
GCACTC,-0.1430503373147453
GCACTG,-0.44304081348795626
GCACCA,0.4851441253113417
GCACCT,0.6720729729095172
GCACCC,-0.01810435346598817
GCACCG,0.34513912747656816
GCACGA,-0.09039430679255923
GCACGT,0.2907324052694039
GCACGC,-0.12932902665344437
GCACGG,-0.5832225310091816
GCAGAA,-0.09687905367491437
GCAGAT,0.06429692484380088
GCAGAC,-0.28233995989113475
GCAGAG,-0.0958927606538927
GCAGTA,0.20364463141997838
GCAGTT,0.21948405433140036
GCAGTC,-0.32435087608886803
GCAGTG,-0.21883676976905203
GCAGCA,0.33757589332177884
GCAGCT,0.17566301308121512
GCAGCC,-0.31481073984003355
GCAGCG,-0.03310915860727895
GCAGGA,-0.026377154512669403
GCAGGT,0.3145423332413567
GCAGGC,-0.018018505502678365
GCAGGG,-0.027844026171173344
GCTAAA,0.4784382694217354
GCTAAT,0.11213102222503687
GCTAAC,-0.2551407567600309
GCTAAG,0.0064205678029227616
GCTATA,-0.19261923047798538
GCTATT,-0.062001521890982535
GCTATC,-0.006628230968498982
GCTATG,-0.19136739895084187
GCTACA,0.2624533949992137
GCTACT,0.18861768246513613
GCTACC,-0.4176806958762884
GCTACG,-0.36464311358790913
GCTAGA,-0.252307611514549
GCTAGT,-0.11377822453687074
GCTAGC,-0.3833647611074985
GCTAGG,-0.5022172492293906
GCTTAA,-0.5228803325001222
GCTTAT,-0.27625337662815824
GCTTAC,-0.4539862019140734
GCTTAG,-0.33956183743110774
GCTTTA,0.26323956198774745
GCTTTT,0.08689150405479691
GCTTTC,-0.33704464648229154
GCTTTG,-0.05659035128839685
GCTTCA,0.35292624118014426
GCTTCT,0.36223659980171374
GCTTCC,-0.2715071853001652
GCTTCG,0.054290211571121835
GCTTGA,-0.09282776231106966
GCTTGT,0.11938102709333966
GCTTGC,-0.4393073108417232
GCTTGG,-0.15082884209782058
GCTCAA,0.19914947183277318
GCTCAT,-0.0953101798043249
GCTCAC,-0.4265740713183995
GCTCAG,-0.3148640177643382
GCTCTA,0.37028676934846333
GCTCTT,0.030771658666753687
GCTCTC,-0.13851893413556166
GCTCTG,-0.04418981103037063
GCTCCA,0.09815142161414762
GCTCCT,0.10536051565782635
GCTCCC,-0.051587368790493235
GCTCCG,-0.2592196077880194
GCTCGA,-0.2540134852500711
GCTCGT,0.12336855384730687
GCTCGC,-0.19564240076961534
GCTCGG,-0.8421827597204331
GCTGAA,0.2066505991203685
GCTGAT,-0.08078793991560744
GCTGAC,-0.11225399417723775
GCTGAG,-0.09979560970181103
GCTGTA,0.1827898938713939
GCTGTT,0.15792192477342415
GCTGTC,-0.12516314295400605
GCTGTG,-0.2688346849712721
GCTGCA,0.28706687710786283
GCTGCT,0.3135192916880883
GCTGCC,-0.2508415032307106
GCTGCG,-0.3323822513696877
GCTGGA,0.05665175488296082
GCTGGT,0.20607073700561795
GCTGGC,-0.1691004843415886
GCTGGG,-0.17131848344962372
GCCAAA,-0.16290347093685306
GCCAAT,-0.013368767425945293
GCCAAC,0.023183335455657282
GCCAAG,-0.09282128963063546
GCCATA,0.03873689826351238
GCCATT,0.3106629293307663
GCCATC,0.1579631129619142
GCCATG,-0.4891770459634371
GCCACA,-0.09064649422138264
GCCACT,-0.0024762703532632893
GCCACC,0.5048732252386955
GCCACG,-0.1967995759746077
GCCAGA,-0.25983901060029707
GCCAGT,-0.11826392049373424
GCCAGC,-0.051367183283314514
GCCAGG,-0.3130917879771492
GCCTAA,-0.10507476054800916
GCCTAT,-0.36588612182750635
GCCTAC,-0.32621573645402385
GCCTAG,-0.4062223970500732
GCCTTA,-0.4152931970444269
GCCTTT,0.12188315629362682
GCCTTC,0.10536051565782635
GCCTTG,-0.27625337662815824
GCCTCA,0.08638461419882064
GCCTCT,0.5374494924781623
GCCTCC,0.0801553266274255
GCCTCG,-0.02469261259037141
GCCTGA,-0.33402025337392616
GCCTGT,0.0026007817000574403
GCCTGC,-0.1477160276164791
GCCTGG,-0.3012040977837549
GCCCAA,0.1354997832328666
GCCCAT,0.20040406434472036
GCCCAC,-0.20396073189743572
GCCCAG,-0.04825497550265712
GCCCTA,-0.0062959284568147
GCCCTT,0.22457314412380402
GCCCTC,0.17095779814363948
GCCCTG,-0.135918247700596
GCCCCA,0.44156342828064327
GCCCCT,0.44062136509274213
GCCCCC,-0.14698219034864582
GCCCCG,-0.04742869357111104
GCCCGA,-0.3510179476235917
GCCCGT,0.15600424847658118
GCCCGC,-0.23251130131780987
GCCCGG,-0.18954180476744173
GCCGAA,-0.02742787968160546
GCCGAT,0.04633050504542142
GCCGAC,0.025587749948407283
GCCGAG,-0.05533683239574627
GCCGTA,0.09206936362822757
GCCGTT,0.13813581425804441
GCCGTC,0.2679353095169465
GCCGTG,-0.41925843024050025
GCCGCA,-0.1206463160663986
GCCGCT,0.1965398057962337
GCCGCC,0.1451820098444979
GCCGCG,-0.3841002856104675
GCCGGA,0.05048390543199207
GCCGGT,0.22731892272469054
GCCGGC,0.3741426369791232
GCCGGG,-0.33647223662121306
GCGAAA,-0.16818320274274368
GCGAAT,-0.05259245011917062
GCGAAC,-0.341358239826839
GCGAAG,0.017126964792800636
GCGATA,0.21545711839005338
GCGATT,0.33206336534216563
GCGATC,-0.8128776365007244
GCGATG,0.2017163464751224
GCGACA,0.27419691288179854
GCGACT,0.31743054785255553
GCGACC,-0.153164972502499
GCGACG,0.09289374689269624
GCGAGA,-0.136906836938179
GCGAGT,0.29899075516613544
GCGAGC,-0.25454408776165777
GCGAGG,-0.18786173716957014
GCGTAA,-0.2384587436139367
GCGTAT,0.02356971386542378
GCGTAC,-0.3275035666384526
GCGTAG,-0.33193479500725925
GCGTTA,0.20355254183704005
GCGTTT,-0.04758607010462738
GCGTTC,-0.15620667619763023
GCGTTG,-0.009025085188880951
GCGTCA,0.060134127793827034
GCGTCT,0.14346036189009662
GCGTCC,-0.2446820748925418
GCGTCG,0.06370553483367926
GCGTGA,-0.2850409731385207
GCGTGT,-0.1441210566986201
GCGTGC,-0.2940053220866086
GCGTGG,-0.6243505221610363
GCGCAA,0.020362993696191805
GCGCAT,0.03951705335399796
GCGCAC,-0.07759940694140062
GCGCAG,-0.3242021440293985
GCGCTA,0.10799903961600747
GCGCTT,0.030698986888806686
GCGCTC,0.19779784193345304
GCGCTG,-0.14743741865349821
GCGCCA,0.5119373526186811
GCGCCT,0.585190039054853
GCGCCC,0.32408550183978646
GCGCCG,0.20307598826340054
GCGCGA,-0.4189932603092165
GCGCGT,0.1343871907084186
GCGCGC,-0.21806023056859886
GCGCGG,-0.7533660405530002
GCGGAA,-0.006058955467736456
GCGGAT,0.05753799251218491
GCGGAC,0.12649736596714253
GCGGAG,-0.038042625445850436
GCGGTA,0.22959816109088949
GCGGTT,-0.18500612216462375
GCGGTC,-0.15262976698655167
GCGGTG,0.022035888399180376
GCGGCA,0.09905134646456158
GCGGCT,0.0841126031236485
GCGGCC,-0.5447877796658049
GCGGCG,0.10375150485212564
GCGGGA,0.11686434013931095
GCGGGT,0.5829289176673345
GCGGGC,-0.05001042057466142
GCGGGG,-0.0027739268827253194
GGAAAA,0.06305813596713701
GGAAAT,-0.11046303802467952
GGAAAC,-0.11829292385623483
GGAAAG,-0.531716982797367
GGAATA,0.23647185524297723
GGAATT,-0.050121768949718655
GGAATC,-0.17602322506580687
GGAATG,-0.1618230352456137
GGAACA,0.16788087263916035
GGAACT,0.006246575520073728
GGAACC,-0.4749911707567747
GGAACG,-0.14602828141796767
GGAAGA,0.1351499524599335
GGAAGT,0.05340077672711525
GGAAGC,-0.19257805696114363
GGAAGG,-0.15648032561006733
GGATAA,-0.07003129317943324
GGATAT,0.2668789448220177
GGATAC,0.08060403241462935
GGATAG,-0.13848235166953357
GGATTA,0.3067477699822252
GGATTT,0.1439549605357817
GGATTC,0.01470818799987881
GGATTG,-0.14924068632970258
GGATCA,-0.11345714570926091
GGATCT,-0.12593683738331632
GGATCC,-0.337735660667985
GGATCG,-0.37769282278960703
GGATGA,-0.011000223168118746
GGATGT,0.029575945245627684
GGATGC,-0.13995689315070553
GGATGG,-0.15352665484600989
GGACAA,0.2862463220256766
GGACAT,0.15937262380840989
GGACAC,-0.2872011876144302
GGACAG,-0.29526196797455
GGACTA,0.0958366341465708
GGACTT,0.05573731677241774
GGACTC,-0.17879421627598627
GGACTG,-0.4925343537937393
GGACCA,0.2128164371583601
GGACCT,0.13160511587094062
GGACCC,-0.5545610172737986
GGACCG,0.010723963362975642
GGACGA,0.26221352206085435
GGACGT,0.31316115775276576
GGACGC,-0.005249355886143678
GGACGG,-0.25685460865652154
GGAGAA,0.41361791018547445
GGAGAT,0.4322262649117056
GGAGAC,0.28462863496489066
GGAGAG,0.4759471831465837
GGAGTA,-0.18172185662605653
GGAGTT,-0.4369427669848476
GGAGTC,-0.12340567325735988
GGAGTG,-0.334539868870159
GGAGCA,0.041473248206575095
GGAGCT,-0.13500757525788526
GGAGCC,-0.2016373460932461
GGAGCG,-0.24603737118006233
GGAGGA,0.17635806539715576
GGAGGT,-0.008163310639160981
GGAGGC,0.18755260621150713
GGAGGG,-0.23061556615291068
GGTAAA,0.34067633224572924
GGTAAT,0.07594483524025916
GGTAAC,-0.06654764011955698
GGTAAG,-0.05580281562878228
GGTATA,-0.11488027599842202
GGTATT,0.2976911805425011
GGTATC,0.07430953764639209
GGTATG,-0.007749778886991228
GGTACA,0.3242877339395391
GGTACT,0.28132550669694567
GGTACC,-0.5207120752234361
GGTACG,-0.0786431273191131
GGTAGA,-0.3068631313036249
GGTAGT,0.03714878700138583
GGTAGC,-0.38837702514465267
GGTAGG,-0.689098592033945
GGTTAA,-0.6563552336263687
GGTTAT,-0.1461972275467843
GGTTAC,-0.40479148059869013
GGTTAG,-0.6173944999711513
GGTTTA,0.14953173397096384
GGTTTT,-0.3565988375419531
GGTTTC,-0.22789175440588139
GGTTTG,-0.24220018827366807
GGTTCA,0.10787750666698029
GGTTCT,0.04229366513171145
GGTTCC,-0.624965668143873
GGTTCG,-0.1879189879854098
GGTTGA,-0.5572883721920716
GGTTGT,-0.24377433600761822
GGTTGC,-0.630686010936209
GGTTGG,-0.42476484376689133
GGTCAA,-0.011069888925288497
GGTCAT,-0.05125019001029426
GGTCAC,-0.4700036292457356
GGTCAG,-0.854816692801231
GGTCTA,-0.01063032030175637
GGTCTT,-0.11938278003850664
GGTCTC,-0.09921262378125668
GGTCTG,-0.4361640949969711
GGTCCA,0.21544133095211754
GGTCCT,0.31106900514993446
GGTCCC,-0.32690278560506225
GGTCCG,-0.0979042149813715
GGTCGA,-0.5341117081800811
GGTCGT,0.07208406405662433
GGTCGC,-0.325422400434628
GGTCGG,-0.9350034408063091
GGTGAA,0.1783793375613309
GGTGAT,0.04455982200362688
GGTGAC,0.15251565357510416
GGTGAG,-0.2188098500570914
GGTGTA,0.47975366716982626
GGTGTT,0.6110612082835617
GGTGTC,0.4510426166044836
GGTGTG,0.22083851763899268
GGTGCA,0.6089853882382349
GGTGCT,0.6029537372148382
GGTGCC,0.24095663364443187
GGTGCG,0.1813464226357484
GGTGGA,0.28170541787765424
GGTGGT,0.30054843102719586
GGTGGC,0.5148742122919909
GGTGGG,-0.035154588926472725
GGCAAA,-0.23062068240699407
GGCAAT,0.15735286634787482
GGCAAC,-0.023985398982394632
GGCAAG,-0.32047189527477177
GGCATA,0.01680711831638119
GGCATT,0.24319299018173943
GGCATC,0.06715362138229179
GGCATG,-0.19293173590597013
GGCACA,0.2559846575034521
GGCACT,0.16440090343676259
GGCACC,0.2921865845728854
GGCACG,0.11884743171217005
GGCAGA,-0.23355074656274552
GGCAGT,-0.13592489895851503
GGCAGC,-0.32764215717294093
GGCAGG,-0.20757748167540593
GGCTAA,-0.1768844279322968
GGCTAT,0.021925360628965683
GGCTAC,-0.24211733479998873
GGCTAG,-0.40479821912046066
GGCTTA,0.09987503838115509
GGCTTT,0.07398871868032306
GGCTTC,-0.09949078789987913
GGCTTG,-0.28960330262967493
GGCTCA,0.26049102008581065
GGCTCT,0.16296130950941323
GGCTCC,-0.04652001563489282
GGCTCG,-0.2537805207760994
GGCTGA,-0.27645422689496
GGCTGT,-0.27171220701003695
GGCTGC,-0.4843236830204842
GGCTGG,-0.4177783683415212
GGCCAA,-0.28197273585586746
GGCCAT,-0.2192524958212432
GGCCAC,-0.5339367735177311
GGCCAG,-0.6557373268106268
GGCCTA,-0.6990995790872407
GGCCTT,-0.5851376567305421
GGCCTC,-0.6471032420585385
GGCCTG,-0.7673265787341969
GGCCCA,0.010279930619749491
GGCCCT,0.3977484791470199
GGCCCC,0.19845093872383823
GGCCCG,-0.3499859557879358
GGCCGA,-0.33144710041854
GGCCGT,-0.1784679874779647
GGCCGC,-0.8057888167159102
GGCCGG,-0.768048488733063
GGCGAA,0.29917044945854127
GGCGAT,0.22569783111930655
GGCGAC,0.1342642618401754
GGCGAG,0.11107481692126493
GGCGTA,0.28271928310965194
GGCGTT,0.4557495388229153
GGCGTC,0.25174416614742495
GGCGTG,-0.1005127184804537
GGCGCA,0.5069720544500007
GGCGCT,0.7092046174558038
GGCGCC,0.1278333715098848
GGCGCG,0.05480823649499495
GGCGGA,0.5563767644310625
GGCGGT,0.7227660704436258
GGCGGC,0.2860960292961461
GGCGGG,0.18915335108565792
GGGAAA,0.1983820421031902
GGGAAT,0.11673812721794538
GGGAAC,-0.07506364583581197
GGGAAG,0.2625852833655065
GGGATA,0.18654097233666295
GGGATT,0.11869404652729147
GGGATC,-0.5541957204660837
GGGATG,-0.3918028819382607
GGGACA,0.24747565197374038
GGGACT,-0.05573463652224307
GGGACC,-0.2592196077880194
GGGACG,0.1911273374152514
GGGAGA,0.1758121766084376
GGGAGT,-0.04571323866495281
GGGAGC,-0.3242021440293986
GGGAGG,-0.2174128766052247
GGGTAA,-0.3242918180643419
GGGTAT,0.127833371509885
GGGTAC,-0.18954180476744173
GGGTAG,-0.0907543632684642
GGGTTA,0.26328271890455396
GGGTTT,-0.333981575308761
GGGTTC,-0.18380854591553283
GGGTTG,-0.4267425065554492
GGGTCA,0.13732515471910517
GGGTCT,0.36855156810131146
GGGTCC,-0.2449050430957225
GGGTCG,-0.1839228381609285
GGGTGA,-0.019680832033864778
GGGTGT,0.21104174972763834
GGGTGC,0.07439829005385933
GGGTGG,0.1154209626836677
GGGCAA,0.028082968742825305
GGGCAT,0.17151064068973892
GGGCAC,0.0783126034357538
GGGCAG,-0.09420091735003903
GGGCTA,0.05682233586669616
GGGCTT,0.01992508377326
GGGCTC,0.06676321615968242
GGGCTG,-0.31873341228383134
GGGCCA,-0.16685163502182276
GGGCCT,-0.2606534000638617
GGGCCC,0.5044358256672197
GGGCCG,-0.8690378470236094
GGGCGA,-0.17071601067364656
GGGCGT,0.41985384556026406
GGGCGC,0.18571714579509285
GGGCGG,0.20964806983932527
GGGGAA,0.17341397890284202
GGGGAT,0.3566749439387324
GGGGAC,0.08796877294595701
GGGGAG,0.14226507259327717
GGGGTA,-0.20867038649070627
GGGGTT,-0.4965379934369742
GGGGTC,-0.2555031740875458
GGGGTG,-0.19051832399813312
GGGGCA,0.20111083631432716
GGGGCT,0.09864908106983963
GGGGCC,0.27388875031944504
GGGGCG,0.35149358519673474
GGGGGA,-0.050858417233490966
GGGGGT,-0.5285977935117885
GGGGGC,0.11441035117774412
GGGGGG,-0.8277809065681846
