Item,Count obs
AAAAAA,-0.31747534610037
AAAAAT,0.07200270821825942
AAAAAC,0.06551939419316304
AAAAAG,-0.03822121282019774
AAAATA,0.17681662581163188
AAAATT,-0.10583131893999018
AAAATC,0.1952214414389274
AAAATG,0.08413459699701453
AAAACA,0.007399966495907293
AAAACT,0.03750157088295265
AAAACC,0.06672509903664917
AAAACG,0.11744959911341277
AAAAGA,-0.027827033480861955
AAAAGT,-0.12660385779764766
AAAAGC,-0.028582374703214026
AAAAGG,-0.2606742819039702
AAATAA,-0.04078334643043217
AAATAT,0.14499316788577143
AAATAC,0.11515677033102407
AAATAG,0.3603032486649748
AAATTA,0.09900876742721716
AAATTT,-0.2518014747285385
AAATTC,0.08821317568797593
AAATTG,0.06569093588520343
AAATCA,0.09413035727570812
AAATCT,-0.11356872149822735
AAATCC,0.17711772891892766
AAATCG,0.11737486481266754
AAATGA,-0.2326001625610373
AAATGT,-0.07238169859859707
AAATGC,0.022425310386698316
AAATGG,-0.006779686985378804
AAACAA,-0.047129140341550246
AAACAT,-0.001735239487420065
AAACAC,0.010701892631799107
AAACAG,0.25812327021023646
AAACTA,-0.2543456521841891
AAACTT,-0.25543571759967487
AAACTC,0.3087689886609585
AAACTG,0.10290508579171731
AAACCA,-0.0736098473831672
AAACCT,-0.021553749556065104
AAACCC,-0.2204359262997711
AAACCG,0.033404250726175255
AAACGA,-0.36843087930130763
AAACGT,-0.06107177510997604
AAACGC,0.1868104441520154
AAACGG,0.02730232937383877
AAAGAA,0.02766330933861347
AAAGAT,-0.051607551362036
AAAGAC,-0.05278154809054281
AAAGAG,0.5381628199841095
AAAGTA,-0.10710350126999353
AAAGTT,-0.22221099909466108
AAAGTC,0.020803127629763326
AAAGTG,0.26036915038783803
AAAGCA,-0.1996199302771414
AAAGCT,-0.3746804420727361
AAAGCC,0.11412546282691292
AAAGCG,0.11319441870279251
AAAGGA,-0.4435262327853723
AAAGGT,-0.04596430570116988
AAAGGC,0.03385332520416166
AAAGGG,-0.09662472026967396
AATAAA,0.10570954361850902
AATAAT,0.12188580058488865
AATAAC,0.06684694791667478
AATAAG,-0.3178670487901786
AATATA,-0.22499613884948752
AATATT,0.4634642113629062
AATATC,0.591451088830814
AATATG,0.19467021588393213
AATACA,-0.1481035994836133
AATACT,0.05555701975723613
AATACC,0.42950659173284944
AATACG,0.22008399309063398
AATAGA,0.02805883842532084
AATAGT,0.25363296221895454
AATAGC,0.2622917157086475
AATAGG,-0.395549443320788
AATTAA,-0.07430139090233255
AATTAT,-0.2501957035103336
AATTAC,0.062092535409310784
AATTAG,-0.23203358124555135
AATTTA,-0.1862289019828744
AATTTT,-0.15188442460809132
AATTTC,0.0873748287830042
AATTTG,-0.06212962386335942
AATTCA,-0.22191909260149342
AATTCT,-0.31996270982647385
AATTCC,-0.0269609554639831
AATTCG,-0.3512927439151053
AATTGA,-0.23359964425322827
AATTGT,-0.06334688153899425
AATTGC,0.15746577723654706
AATTGG,-0.6334279458583231
AATCAA,-0.04072731548212346
AATCAT,-0.10687263236332233
AATCAC,0.1394745093553384
AATCAG,-0.06159301090781428
AATCTA,-0.5089829228509084
AATCTT,-0.12411217070803093
AATCTC,0.20417895190822202
AATCTG,-0.26983043927898365
AATCCA,-0.207481978292922
AATCCT,-0.015696196681835396
AATCCC,0.31607436510339165
AATCCG,-0.12472892670749632
AATCGA,-0.1438852731164315
AATCGT,-0.26786331599326885
AATCGC,0.07439081758058287
AATCGG,-0.24973382264678975
AATGAA,-0.18982797246366348
AATGAT,-0.12457028685245579
AATGAC,0.25787123984358873
AATGAG,-0.07624131272429191
AATGTA,-0.18386357714577
AATGTT,0.12488753991037299
AATGTC,0.3834489775437893
AATGTG,0.0024755892164505405
AATGCA,-0.2379766994324624
AATGCT,0.10625297444084603
AATGCC,0.4834541723874064
AATGCG,0.028368743500545617
AATGGA,-0.16031333272956977
AATGGT,0.1484716934605536
AATGGC,0.2679765018284072
AATGGG,-0.0009610764795505893
AACAAA,0.1719883880132798
AACAAT,0.2346024691182812
AACAAC,0.38564228062816225
AACAAG,0.1441135019550596
AACATA,-0.018970954869802645
AACATT,0.04675519907906246
AACATC,0.37234552435885465
AACATG,0.05840677552756771
AACACA,-0.22848139233490855
AACACT,-0.03477049850598377
AACACC,0.36976619232448976
AACACG,-0.08225387496472132
AACAGA,0.008227735105950712
AACAGT,0.02799383026614298
AACAGC,0.18127238361176418
AACAGG,0.29715725943430377
AACTAA,-0.43686075407387526
AACTAT,-0.09698838451957154
AACTAC,0.1852889180217566
AACTAG,-1.2655658152337506
AACTTA,-0.2892146398015591
AACTTT,-0.18531272149863892
AACTTC,0.22936302938123015
AACTTG,-0.4493323613174413
AACTCA,0.17384974901137687
AACTCT,0.21089769415508391
AACTCC,0.13748339545478916
AACTCG,0.038202633575072066
AACTGA,-0.16491473081707542
AACTGT,-0.16163116353650842
AACTGC,-0.08489115783269695
AACTGG,0.3713924608433476
AACCAA,-0.5192016615681736
AACCAT,-0.30659002301449123
AACCAC,-0.02554984857133896
AACCAG,-0.11122062971691314
AACCTA,-0.3799907492523491
AACCTT,-0.10900267766263433
AACCTC,-0.36897780702614424
AACCTG,0.03850854479743454
AACCCA,-0.18415668552647863
AACCCT,-0.09052242728175647
AACCCC,-0.2778583361492871
AACCCG,-0.07898735293781535
AACCGA,-0.24813334851959815
AACCGT,-0.04996269939360616
AACCGC,-0.21611349285245413
AACCGG,-0.07557932026770614
AACGAA,-0.2736629797752651
AACGAT,-0.12511504406267618
AACGAC,0.09114641235941909
AACGAG,-0.2963488605512173
AACGTA,-0.04612538583846586
AACGTT,0.08291732943445455
AACGTC,0.3537855417465929
AACGTG,-0.025786036079275303
AACGCA,-0.15990295967078236
AACGCT,0.23645153381701536
AACGCC,0.39680114541886574
AACGCG,-0.08269171584511341
AACGGA,-0.21698554089895924
AACGGT,0.08817652198586501
AACGGC,0.1129726656034859
AACGGG,-0.0035939984196228726
AAGAAA,0.10608415705274479
AAGAAT,-0.17661102073960744
AAGAAC,-0.03455238150665973
AAGAAG,0.5796940629750487
AAGATA,0.18617345829109297
AAGATT,-0.1617605401413999
AAGATC,-0.10482948665599216
AAGATG,0.17467699018185603
AAGACA,-0.028882874148786052
AAGACT,-0.24629320744624833
AAGACC,-0.3795879936493046
AAGACG,0.1445197867662969
AAGAGA,0.7814337128512682
AAGAGT,0.5481712631248423
AAGAGC,0.17838990194863028
AAGAGG,0.48139355002829337
AAGTAA,-0.14518200984449783
AAGTAT,-0.3802633161342141
AAGTAC,-0.10448058752560663
AAGTAG,0.2598075356858012
AAGTTA,-0.06543524814430544
AAGTTT,-0.2798447492604202
AAGTTC,-0.1840300827520191
AAGTTG,0.08969887166113476
AAGTCA,-0.0016863410404365888
AAGTCT,-0.17304270489836499
AAGTCC,-0.2537335404373627
AAGTCG,0.20574913137311227
AAGTGA,0.27205675454870004
AAGTGT,0.0002087900623515694
AAGTGC,0.035191458336313326
AAGTGG,0.24112654608376527
AAGCAA,-0.14842000511827333
AAGCAT,-0.3695830776411388
AAGCAC,-0.15024364036940496
AAGCAG,-0.07569912750936644
AAGCTA,-0.10114371665241877
AAGCTT,-0.6890964341618661
AAGCTC,-0.20101648547226542
AAGCTG,-0.1451474035772995
AAGCCA,-0.004335367953962414
AAGCCT,0.10689956944372928
AAGCCC,0.19141192964816686
AAGCCG,0.008933197256696002
AAGCGA,0.10652378957379974
AAGCGT,0.06376958607469402
AAGCGC,-0.10419620174373068
AAGCGG,0.1457945950420478
AAGGAA,-0.2280161493526801
AAGGAT,-0.2359619444517176
AAGGAC,-0.4190531528252039
AAGGAG,-0.07478001518976801
AAGGTA,0.18717407557383925
AAGGTT,-0.07509710769806562
AAGGTC,0.0182949924191646
AAGGTG,0.21852010957052817
AAGGCA,0.12049798540505453
AAGGCT,-0.19310536035672018
AAGGCC,-0.29773772744007193
AAGGCG,0.20207914639920915
AAGGGA,0.11076656948679735
AAGGGT,-0.12060732641814531
AAGGGC,0.024730781257717036
AAGGGG,0.22752375980677078
ATAAAA,-0.03673840668929009
ATAAAT,0.006972139797050092
ATAAAC,0.18767969742022977
ATAAAG,0.305613889037583
ATAATA,-0.29613935925426493
ATAATT,-0.3250959671412107
ATAATC,0.0892292111150348
ATAATG,0.09385290880634647
ATAACA,-0.17931790724974503
ATAACT,-0.24470347672931406
ATAACC,0.11262271169961093
ATAACG,0.26492058373157995
ATAAGA,-0.4245999453761888
ATAAGT,-0.4323562633676175
ATAAGC,-0.09520181983239241
ATAAGG,-0.22784380419588038
ATATAA,-0.5301867012150584
ATATAT,-0.6580982758654292
ATATAC,-0.5188234806600451
ATATAG,0.03180003872719736
ATATTA,-0.044597285909396066
ATATTT,0.05446477092404178
ATATTC,0.5354170269033128
ATATTG,0.5270898695805465
ATATCA,0.08212192598350851
ATATCT,0.04401869482733778
ATATCC,0.379970100634758
ATATCG,0.5378274063272902
ATATGA,-0.34644738167803246
ATATGT,-0.19447195869157755
ATATGC,-0.03366766743335146
ATATGG,-0.011972244709015735
ATACAA,-0.4892813346716387
ATACAT,-0.2837163033426626
ATACAC,-0.35082861914472074
ATACAG,-0.2117562096193769
ATACTA,-0.712051335199098
ATACTT,-0.36770827289102154
ATACTC,0.22073333081747115
ATACTG,-0.23664331195042798
ATACCA,-0.16141537963407962
ATACCT,-0.09737751663040206
ATACCC,0.21726605718852504
ATACCG,0.3165627279454491
ATACGA,-0.615313721062871
ATACGT,-0.3667572792802448
ATACGC,-0.09658752310429894
ATACGG,-0.1395523866325645
ATAGAA,-0.04211148535012685
ATAGAT,-0.27353971796217713
ATAGAC,0.04919024419077178
ATAGAG,0.47262388154032803
ATAGTA,-0.12527247439236985
ATAGTT,-0.004750602758597865
ATAGTC,0.3259642590227978
ATAGTG,0.47752299502879625
ATAGCA,-0.16422002584392906
ATAGCT,0.017544309650909525
ATAGCC,0.4817984876371991
ATAGCG,0.4682913312519099
ATAGGA,-0.9742101729318449
ATAGGT,-0.1565430254658782
ATAGGC,-0.07828291839404407
ATAGGG,-0.13637927530188615
ATTAAA,-0.038351061645620015
ATTAAT,0.1927412097842755
ATTAAC,0.21094587893345954
ATTAAG,0.05005309725612927
ATTATA,-1.0445026576775196
ATTATT,0.15005246076854423
ATTATC,0.29977378964292367
ATTATG,-0.2102803671709472
ATTACA,-0.12905028678023103
ATTACT,0.15157242851506256
ATTACC,0.37786595375723553
ATTACG,0.23300825508995515
ATTAGA,-0.5665994316826752
ATTAGT,-0.15738550105709548
ATTAGC,0.20721078313878824
ATTAGG,-0.4594311096810007
ATTTAA,-0.3663486725717872
ATTTAT,-0.10800526866581066
ATTTAC,-0.013060307234221379
ATTTAG,-0.3140964257495789
ATTTTA,-0.21522495790089977
ATTTTT,0.04690881812812664
ATTTTC,0.20166568506131288
ATTTTG,0.11072965607288451
ATTTCA,-0.012483334302100163
ATTTCT,0.0979555045511649
ATTTCC,0.2675669254748131
ATTTCG,-0.13927949982815346
ATTTGA,-0.4743047111451261
ATTTGT,0.02476371864508206
ATTTGC,0.1686108748241491
ATTTGG,-0.6122120560215639
ATTCAA,-0.4434804831904185
ATTCAT,-0.11892571484372116
ATTCAC,-0.007340380401967215
ATTCAG,0.031844084485565666
ATTCTA,-0.8856902914254381
ATTCTT,-0.19092063820271055
ATTCTC,0.25327025671771686
ATTCTG,-0.027985934225415073
ATTCCA,-0.2647423868724584
ATTCCT,0.03290634430233744
ATTCCC,0.29092688786816545
ATTCCG,0.04678412751762886
ATTCGA,-0.6132220734980676
ATTCGT,-0.10941147104493086
ATTCGC,-0.0633845553621856
ATTCGG,-0.6077050940903416
ATTGAA,0.04358315596158313
ATTGAT,0.12797953828643685
ATTGAC,-0.015314234973042481
ATTGAG,0.3641364546309213
ATTGTA,-0.7113262589871623
ATTGTT,0.2938626650822681
ATTGTC,0.4972568945599218
ATTGTG,0.14007262384550812
ATTGCA,-0.11882648808764656
ATTGCT,0.3263605277396639
ATTGCC,0.7095977679907907
ATTGCG,0.15392942086285344
ATTGGA,-1.3121370780857131
ATTGGT,-0.03550466796712282
ATTGGC,-0.0183002944446268
ATTGGG,-0.45034664812229813
ATCAAA,-0.0051867645418803305
ATCAAT,0.11970235209451034
ATCAAC,0.4080815222868113
ATCAAG,-0.07847602898135272
ATCATA,-0.7105597537175949
ATCATT,-0.13520363381688477
ATCATC,0.2994842975084089
ATCATG,-0.14789512976411698
ATCACA,-0.4200347130670874
ATCACT,0.1561782523051045
ATCACC,0.4994756843326791
ATCACG,-0.18343205107798172
ATCAGA,-0.517051485822527
ATCAGT,-0.2508604399860065
ATCAGC,-0.025895563129560747
ATCAGG,0.09640755589482605
ATCTAA,-0.7266319787392843
ATCTAT,-0.3585604891242704
ATCTAC,0.20470767109241764
ATCTAG,-1.737804475105644
ATCTTA,-0.6661000462359223
ATCTTT,0.06442325400586596
ATCTTC,0.4386631775177601
ATCTTG,-0.43099368645892117
ATCTCA,-0.06965662602978473
ATCTCT,0.533863291833008
ATCTCC,0.3859111619152788
ATCTCG,0.09234094116762483
ATCTGA,-0.5868583752090949
ATCTGT,-0.46779738910624713
ATCTGC,-0.1137558935079498
ATCTGG,-0.03130314951104823
ATCCAA,-1.1914919262709895
ATCCAT,-0.2054761550318266
ATCCAC,0.08391197225034286
ATCCAG,0.26211540654630333
ATCCTA,-0.8539204011476971
ATCCTT,-0.3202770087955288
ATCCTC,0.3059401704338319
ATCCTG,0.20040532647218764
ATCCCA,0.07148567374055664
ATCCCT,0.2626278906470974
ATCCCC,0.562180190786139
ATCCCG,0.1754829246679624
ATCCGA,-0.7812959033580993
ATCCGT,-0.1918003007484984
ATCCGC,0.08214182957902258
ATCCGG,0.18002779428611815
ATCGAA,-0.10190833171509436
ATCGAT,-0.10469992015416402
ATCGAC,0.5572465618131435
ATCGAG,0.2063803752370545
ATCGTA,-0.268133837573867
ATCGTT,-0.08286446844223037
ATCGTC,0.392422048220008
ATCGTG,-0.21724001575777627
ATCGCA,-0.4716152331400771
ATCGCT,0.20421685371958567
ATCGCC,0.6499154689370458
ATCGCG,-0.08245019293805075
ATCGGA,-0.6560343012891612
ATCGGT,-0.014213997674924737
ATCGGC,0.1239719047492794
ATCGGG,-0.09007575729292999
ATGAAA,-0.037953212839554544
ATGAAT,-0.0849258704986084
ATGAAC,-0.15566112321900327
ATGAAG,0.33053032881225464
ATGATA,-0.2739609154714691
ATGATT,-0.1776734510235675
ATGATC,-0.24915185096089842
ATGATG,0.24649301617139827
ATGACA,0.20092490351465225
ATGACT,0.04094225187113045
ATGACC,0.2240119838481635
ATGACG,0.36417460410875513
ATGAGA,-0.23666343543089421
ATGAGT,0.28739599034426544
ATGAGC,0.07161410496682566
ATGAGG,-0.32367567509968626
ATGTAA,-0.475845904869964
ATGTAT,-0.2928234719521996
ATGTAC,-0.03200818021717359
ATGTAG,0.30466040898619884
ATGTTA,-0.16065177006350967
ATGTTT,-0.0927646440870197
ATGTTC,0.21462728628271782
ATGTTG,0.4770459118711484
ATGTCA,0.06320100009231845
ATGTCT,0.19531531014933767
ATGTCC,0.14451142321965146
ATGTCG,0.5432964947112087
ATGTGA,-0.23563661556167625
ATGTGT,-0.197306754983439
ATGTGC,-0.06561685444702228
ATGTGG,-0.008770360707163543
ATGCAA,-0.4011153839816985
ATGCAT,-0.5098970490613379
ATGCAC,-0.21732434185527766
ATGCAG,0.031796021778351134
ATGCTA,-0.3293268794943521
ATGCTT,-0.2702081921923285
ATGCTC,0.09736708831150219
ATGCTG,0.19361689772805069
ATGCCA,0.07984595410674335
ATGCCT,0.11884657194715254
ATGCCC,0.21136716399038458
ATGCCG,0.3718267489593346
ATGCGA,-0.4499282972262957
ATGCGT,-0.1318920384650645
ATGCGC,0.008583302509827796
ATGCGG,-0.12672198972329718
ATGGAA,-0.020213178466885355
ATGGAT,-0.23281704197693245
ATGGAC,-0.15877195043408338
ATGGAG,-0.016201974576280486
ATGGTA,-0.24859021697537406
ATGGTT,-0.23246033883468026
ATGGTC,0.030808895840341938
ATGGTG,0.25841025126237516
ATGGCA,0.10529550249263749
ATGGCT,-0.08367654113109285
ATGGCC,-0.5501383459362206
ATGGCG,0.3413031638908785
ATGGGA,-0.3558587113299219
ATGGGT,-0.1659676563320429
ATGGGC,0.0365900300947623
ATGGGG,0.054588190284402996
ACAAAA,0.10801163067824214
ACAAAT,0.07483564182381483
ACAAAC,0.34504430511602996
ACAAAG,0.17344610439419259
ACAATA,0.3286787852392754
ACAATT,-0.07997180831514604
ACAATC,0.17131581687184302
ACAATG,0.21923588297971344
ACAACA,0.46538433361379594
ACAACT,0.16438539309213807
ACAACC,0.07638274684204943
ACAACG,0.22999943655529487
ACAAGA,-0.060756209421072384
ACAAGT,-0.39318342326229416
ACAAGC,-0.1561587126305038
ACAAGG,0.10932831173745107
ACATAA,-0.28110971964072734
ACATAT,-0.09210639997941036
ACATAC,-0.16378631729065504
ACATAG,0.1112256351102244
ACATTA,0.2220757455533796
ACATTT,-0.24889125273680116
ACATTC,-0.0628973700881405
ACATTG,0.2079928827508724
ACATCA,0.38018322500169294
ACATCT,0.013047715392475455
ACATCC,0.27197456599121506
ACATCG,0.2397887012729641
ACATGA,-0.2971873159492091
ACATGT,-0.3009412375524768
ACATGC,-0.1496457265615688
ACATGG,-0.0491913677856461
ACACAA,-0.22937120540558387
ACACAT,-0.18014699826185104
ACACAC,-0.2196592272315989
ACACAG,-0.3459892514956029
ACACTA,0.17739348068893324
ACACTT,-0.03131331248763392
ACACTC,-0.07898445561460403
ACACTG,-0.26952116907825785
ACACCA,0.30675662418383337
ACACCT,0.24279648921560357
ACACCC,0.14716785805842367
ACACCG,0.2601489458793394
ACACGA,-0.5498200669782681
ACACGT,-0.5331176723129416
ACACGC,-0.1492632014992989
ACACGG,-0.33080258166323084
ACAGAA,-0.3118443217308607
ACAGAT,-0.34842231122935263
ACAGAC,-0.14518997064551378
ACAGAG,-0.24102526934640708
ACAGTA,-0.15497778961241196
ACAGTT,-0.13937453316934478
ACAGTC,-0.43933683085276337
ACAGTG,-0.1661941161423446
ACAGCA,0.19899495145878307
ACAGCT,-0.3088591250845853
ACAGCC,-0.20390877681886008
ACAGCG,0.05538667654551299
ACAGGA,0.08405934532554867
ACAGGT,0.0007653201051405305
ACAGGC,0.09859141925635943
ACAGGG,-0.0692477784472917
ACTAAA,-0.050675387904938515
ACTAAT,-0.20943296807570216
ACTAAC,0.1524658254820149
ACTAAG,-0.47941642638829896
ACTATA,-0.17624251071757235
ACTATT,0.21797023403398913
ACTATC,0.4204346921604907
ACTATG,-0.1405473855363658
ACTACA,0.37561214495848316
ACTACT,0.24104982966902325
ACTACC,0.5014565830642583
ACTACG,0.5196212543105957
ACTAGA,-1.6616507838810346
ACTAGT,-1.2699307721177333
ACTAGC,-1.135426261790826
ACTAGG,-1.4911739919403662
ACTTAA,-0.1794603245129225
ACTTAT,-0.4177105014137868
ACTTAC,-0.1793738759566122
ACTTAG,-0.3740929867138693
ACTTTA,0.12728273464097803
ACTTTT,-0.10019694829245122
ACTTTC,0.1286894018781595
ACTTTG,0.27586299362353145
ACTTCA,0.2808936881503937
ACTTCT,0.2658175887550425
ACTTCC,0.5725150829655395
ACTTCG,0.19717464630469075
ACTTGA,-0.6576770011116375
ACTTGT,-0.48739537195760474
ACTTGC,-0.24589284609954778
ACTTGG,-1.1692004350315044
ACTCAA,0.2248042214993503
ACTCAT,0.25242822085938527
ACTCAC,0.23119396118712646
ACTCAG,-0.2389365501430292
ACTCTA,-0.05387923367690329
ACTCTT,0.49172144245594834
ACTCTC,0.337535603728035
ACTCTG,-0.03570485185116777
ACTCCA,0.2033641930899441
ACTCCT,0.04062296974101316
ACTCCC,0.17679468942714607
ACTCCG,0.06035394282241423
ACTCGA,-0.15958547581321522
ACTCGT,-0.21101394615839
ACTCGC,0.044338760417394776
ACTCGG,-0.1753366622720037
ACTGAA,-0.2430094277170168
ACTGAT,-0.2531111433433053
ACTGAC,0.16561970717602298
ACTGAG,-0.6316015921482776
ACTGTA,-0.4347473337680019
ACTGTT,0.029819262479034644
ACTGTC,-0.14827631663465793
ACTGTG,-0.34553934717697693
ACTGCA,-0.42802510613273254
ACTGCT,-0.04793873797921441
ACTGCC,-0.07797722762119336
ACTGCG,-0.2063815663728981
ACTGGA,0.3508685968524634
ACTGGT,-0.017131328793033192
ACTGGC,0.42230192054540877
ACTGGG,0.04859211097812084
ACCAAA,-0.15550416525833463
ACCAAT,-0.021242166892181866
ACCAAC,-0.12325821554447226
ACCAAG,-0.906525694587537
ACCATA,-0.40331225474706345
ACCATT,0.11973077057245786
ACCATC,0.11678776838733972
ACCATG,-0.22994960578320928
ACCACA,0.01675827468924365
ACCACT,0.17825539800709264
ACCACC,0.23395014037157
ACCACG,0.015202696900813795
ACCAGA,0.04455205341436389
ACCAGT,-0.007880668651867049
ACCAGC,0.0844155824432818
ACCAGG,-0.15445183929347064
ACCTAA,-0.284434483921032
ACCTAT,-0.12651139716929863
ACCTAC,0.052925463308387
ACCTAG,-1.5089267308377117
ACCTTA,-0.37536802905935296
ACCTTT,0.17384063741457
ACCTTC,0.439561276681099
ACCTTG,-0.18713674808326644
ACCTCA,-0.4445922364969771
ACCTCT,0.022020541725494974
ACCTCC,-0.38230330975555227
ACCTCG,-0.10308694067744466
ACCTGA,0.004727442694127659
ACCTGT,-0.01662212574387163
ACCTGC,0.10075708606645667
ACCTGG,-0.018694683769025982
ACCCAA,-0.34579851899353786
ACCCAT,-0.16820489421257415
ACCCAC,0.10131777264086775
ACCCAG,0.1505919572102643
ACCCTA,-0.5264177185258269
ACCCTT,-0.2702324204580028
ACCCTC,-0.12016889515491173
ACCCTG,0.10369357078108216
ACCCCA,-0.28130585531250485
ACCCCT,-0.11823036288370393
ACCCCC,-0.5049752100878151
ACCCCG,-0.24002504702981284
ACCCGA,-0.22326153845374846
ACCCGT,-0.05476872954176617
ACCCGC,0.10752455026127523
ACCCGG,0.0
ACCGAA,-0.09738553747483308
ACCGAT,-0.005350173952826681
ACCGAC,0.23786036786613995
ACCGAG,0.11844970776784032
ACCGTA,0.0891142746863725
ACCGTT,0.1730276359824506
ACCGTC,0.2935803324698915
ACCGTG,-0.0001644601598970376
ACCGCA,-0.14527221151467756
ACCGCT,0.12795398341442615
ACCGCC,0.31570421055216524
ACCGCG,-0.2899978757903548
ACCGGA,0.30641683158397254
ACCGGT,0.09875559889569842
ACCGGC,-0.06971893727966152
ACCGGG,0.2327203761187549
ACGAAA,-0.3063100110599127
ACGAAT,-0.16207711412032222
ACGAAC,-0.3551422384139599
ACGAAG,0.16880194398102444
ACGATA,0.27695549471313774
ACGATT,-0.34168058172835125
ACGATC,-0.06316195117615829
ACGATG,0.02747938677784521
ACGACA,0.17594194982991565
ACGACT,0.018058761260934534
ACGACC,0.050062249522777144
ACGACG,0.26764085041926583
ACGAGA,-0.22485493241343651
ACGAGT,-0.2694181380608907
ACGAGC,-0.32562700401590444
ACGAGG,-0.30832735697679386
ACGTAA,-0.03699671780781457
ACGTAT,-0.35460123219550993
ACGTAC,-0.15753779421621597
ACGTAG,0.1139442593492179
ACGTTA,0.1771497683915605
ACGTTT,-0.07541906564767256
ACGTTC,-0.04954573655142976
ACGTTG,0.310964055300002
ACGTCA,0.09890263076693812
ACGTCT,0.002786201917146801
ACGTCC,0.03509131981127019
ACGTCG,0.10159713358466266
ACGTGA,-0.3024236261217372
ACGTGT,-0.6356327648050685
ACGTGC,-0.29489285426914263
ACGTGG,-0.3507991292419746
ACGCAA,-0.16914780862036338
ACGCAT,-0.0726258094261244
ACGCAC,-0.055847920345272584
ACGCAG,-0.0029319856149168876
ACGCTA,0.39674778767673735
ACGCTT,0.009132483563272472
ACGCTC,0.2537419487138395
ACGCTG,0.29445024733092323
ACGCCA,0.3112667748776769
ACGCCT,0.23953029142898236
ACGCCC,0.3498241357271938
ACGCCG,0.28659352784287556
ACGCGA,-0.21413248509622865
ACGCGT,-0.13707994139207005
ACGCGC,-0.10191847527965858
ACGCGG,-0.11723792798412294
ACGGAA,-0.008987946398679524
ACGGAT,-0.17245804738875864
ACGGAC,-0.37072215966429134
ACGGAG,-0.42004753140243434
ACGGTA,0.30464859989201526
ACGGTT,-0.11381119436340896
ACGGTC,-0.043441376973626496
ACGGTG,0.17614153404870683
ACGGCA,0.2575262013837901
ACGGCT,-0.07804270700686933
ACGGCC,-0.6960248803875605
ACGGCG,0.20630307734797404
ACGGGA,-0.006765144191249153
ACGGGT,0.01159579416138317
ACGGGC,0.13155261638014026
ACGGGG,-0.2931826756697434
AGAAAA,0.16683583935457408
AGAAAT,0.1900903493351435
AGAAAC,0.08093019815092584
AGAAAG,0.05827539638508929
AGAATA,0.15440712296239867
AGAATT,-0.2978556510993797
AGAATC,-0.3423572468731224
AGAATG,0.021893246492529522
AGAACA,0.14946683051483198
AGAACT,0.031497593234444184
AGAACC,-0.44176545526363653
AGAACG,-0.10929275490033027
AGAAGA,0.5498742346901233
AGAAGT,0.38752989498678003
AGAAGC,0.0993639693632503
AGAAGG,0.22470944985079602
AGATAA,0.26970028238611227
AGATAT,0.07385986397728468
AGATAC,-0.2431317245799356
AGATAG,0.31774643414221315
AGATTA,-0.05654719637227042
AGATTT,-0.17863578568186053
AGATTC,-0.3794977816063322
AGATTG,0.05073943117760103
AGATCA,-0.5064844171143702
AGATCT,-0.326344998047353
AGATCC,0.04019740505981915
AGATCG,-0.07176867639035552
AGATGA,0.08654613705035949
AGATGT,0.04605174121753238
AGATGC,-0.023215956513145935
AGATGG,-0.09404675575755284
AGACAA,0.04891675446012582
AGACAT,0.16831035672800826
AGACAC,-0.14421133792470048
AGACAG,-0.27821113486801635
AGACTA,-0.11926342082681775
AGACTT,-0.16401302808738732
AGACTC,-0.07660139358684634
AGACTG,-0.4098192514167848
AGACCA,-0.2953279275001602
AGACCT,-0.14653244894236941
AGACCC,-0.5190608517690047
AGACCG,-0.2595262329660061
AGACGA,0.1439500104468216
AGACGT,0.07504506956328436
AGACGC,0.14568616916952
AGACGG,0.10751250034844054
AGAGAA,0.4384444695167614
AGAGAT,0.5122465831525064
AGAGAC,0.023347363996991107
AGAGAG,0.5162682496551309
AGAGTA,0.234812295148587
AGAGTT,0.2354088661778816
AGAGTC,-0.024990010362080217
AGAGTG,0.3030123409027256
AGAGCA,0.2481683619333798
AGAGCT,-0.006866501879094563
AGAGCC,-0.46003108250598607
AGAGCG,0.07203701386817962
AGAGGA,0.2027224212507335
AGAGGT,-0.009500184548020202
AGAGGC,-0.0014776508045131014
AGAGGG,0.06273834063342335
AGTAAA,0.0714867818861472
AGTAAT,0.1517524279900408
AGTAAC,-0.059029860438116276
AGTAAG,-0.1567132742967606
AGTATA,-1.0602514207956635
AGTATT,0.11161670991912796
AGTATC,-0.19396991214619252
AGTATG,-0.22454463119890516
AGTACA,0.0507021031199621
AGTACT,-0.22530645272089858
AGTACC,0.09392691961491871
AGTACG,0.17155960149662272
AGTAGA,0.11469184308671053
AGTAGT,0.2792399655216241
AGTAGC,0.2521444329973321
AGTAGG,-0.18586975685005186
AGTTAA,-0.05801730414730562
AGTTAT,-0.202874795979758
AGTTAC,-0.08672770628888445
AGTTAG,-0.1590854801131065
AGTTTA,-0.1624411329780691
AGTTTT,0.04190861012598226
AGTTTC,-0.21548719745221662
AGTTTG,0.1736375675007549
AGTTCA,0.10405110077910348
AGTTCT,0.023917639735378297
AGTTCC,0.16585411880391332
AGTTCG,0.03594383773632169
AGTTGA,0.07137128149290818
AGTTGT,0.22227345641897897
AGTTGC,0.24987564380537575
AGTTGG,-0.2068234161469038
AGTCAA,-0.44230769885647836
AGTCAT,0.06104798231421673
AGTCAC,-0.032901629620960555
AGTCAG,-0.052613075267414613
AGTCTA,-0.5146837179586212
AGTCTT,-0.3236566827694217
AGTCTC,-0.27535949685132866
AGTCTG,-0.19756575443707178
AGTCCA,-0.3326639171977622
AGTCCT,-0.25337947805967564
AGTCCC,-0.1913997221295889
AGTCCG,-0.2714521762236537
AGTCGA,0.15483397332839094
AGTCGT,-0.09972601034693875
AGTCGC,-0.039267673636043596
AGTCGG,0.061599122462013066
AGTGAA,0.21803557642815774
AGTGAT,0.12816929895271692
AGTGAC,0.27827830319331226
AGTGAG,0.08681755975867116
AGTGTA,-0.27196689893837417
AGTGTT,-0.059694332753043415
AGTGTC,0.0009980040748511477
AGTGTG,-0.07040132242400939
AGTGCA,-0.1742835157081925
AGTGCT,0.09113009874181412
AGTGCC,0.16220970533871976
AGTGCG,-0.07098794314975784
AGTGGA,0.14690951857069878
AGTGGT,0.1091528010761413
AGTGGC,0.008865565398796557
AGTGGG,0.24931102858552154
AGCAAA,0.333960552742969
AGCAAT,0.3234026440122187
AGCAAC,0.36583725233084574
AGCAAG,0.16245393323503726
AGCATA,-0.1363929765229332
AGCATT,0.0938364461395587
AGCATC,0.09217245735464981
AGCATG,-0.16087587535415965
AGCACA,0.04111307296795142
AGCACT,0.14078132969843996
AGCACC,0.18108313087641786
AGCACG,0.012139196335937488
AGCAGA,0.03350257961016769
AGCAGT,-0.014047215725559158
AGCAGC,-0.0410247908570963
AGCAGG,0.4212337719126008
AGCTAA,-0.16173169477034688
AGCTAT,0.17249701775549944
AGCTAC,0.1424059970579975
AGCTAG,-1.1791853596529376
AGCTTA,-0.335324130869381
AGCTTT,-0.25045936196117263
AGCTTC,-0.13711768736383917
AGCTTG,-0.4358298856510024
AGCTCA,-0.14951217196429242
AGCTCT,0.04063764573182626
AGCTCC,-0.039586946447981
AGCTCG,-0.1676579456948933
AGCTGA,-0.4101949058369373
AGCTGT,-0.3464473816780326
AGCTGC,-0.35297688647514514
AGCTGG,-0.016857117066422837
AGCCAA,-0.39618698994185286
AGCCAT,-0.10091692256556072
AGCCAC,-0.22118573959842397
AGCCAG,0.14349580395229683
AGCCTA,-0.47862024550661436
AGCCTT,-0.08945487240210565
AGCCTC,-0.36201202768744295
AGCCTG,0.10081894510739618
AGCCCA,-0.1525321199918475
AGCCCT,-0.01484078505514011
AGCCCC,0.09712412173731054
AGCCCG,-0.05410932564703192
AGCCGA,-0.18561473942179563
AGCCGT,-0.07405466582891385
AGCCGC,-0.24877172370415826
AGCCGG,-0.41604721743870127
AGCGAA,0.11644036738140322
AGCGAT,0.20318731311414673
AGCGAC,0.1736650051281702
AGCGAG,0.0774289561103213
AGCGTA,0.21923475154915717
AGCGTT,0.21273997090583235
AGCGTC,0.3888659005295223
AGCGTG,0.1846838173241275
AGCGCA,0.07367723303790888
AGCGCT,-0.70735118882647
AGCGCC,0.37623914958509697
AGCGCG,-0.11310710811968382
AGCGGA,0.06575137756278043
AGCGGT,0.031141478950242718
AGCGGC,0.09995133779841707
AGCGGG,0.2380097089702519
AGGAAA,0.08765883573675416
AGGAAT,0.0046547795449825196
AGGAAC,0.11455630798247106
AGGAAG,0.673913911965302
AGGATA,0.140304160546277
AGGATT,0.011962382325126916
AGGATC,0.03660892780095107
AGGATG,0.09202985168275486
AGGACA,-0.06588896023544265
AGGACT,-0.22344201423240806
AGGACC,-0.9429738046433019
AGGACG,-0.1317825524666815
AGGAGA,0.33964181138249194
AGGAGT,0.16495838008894723
AGGAGC,-0.2113213665423122
AGGAGG,-0.3165828231827228
AGGTAA,0.1821526164717216
AGGTAT,-0.011397843846265647
AGGTAC,-0.42579347802789247
AGGTAG,0.3233925316790684
AGGTTA,0.0723865399023879
AGGTTT,-0.1265479302996049
AGGTTC,-0.4598522781893602
AGGTTG,0.12743742772872832
AGGTCA,0.09846268471389664
AGGTCT,-0.22057868850929102
AGGTCC,-0.8098184873636383
AGGTCG,0.05580303896273611
AGGTGA,0.26945833349532944
AGGTGT,0.1441135019550596
AGGTGC,-0.047973504262876054
AGGTGG,-0.033975078384291466
AGGCAA,0.23074815069942906
AGGCAT,0.14085296285352972
AGGCAC,-0.0064481685001870235
AGGCAG,-0.30681971444233724
AGGCTA,0.2919872692473013
AGGCTT,0.12420056047255383
AGGCTC,-0.38087294709336905
AGGCTG,-0.21295658290642352
AGGCCA,-0.02527514495819494
AGGCCT,-0.4381707026725248
AGGCCC,-0.5379139628821027
AGGCCG,-0.20871155097517094
AGGCGA,0.4672899233741394
AGGCGT,0.21684807844334572
AGGCGC,-0.08253320283465386
AGGCGG,0.09777034639115062
AGGGAA,0.06859612480450063
AGGGAT,0.10424257255648502
AGGGAC,-0.40782220996554586
AGGGAG,-0.036673322849388554
AGGGTA,0.23452795427340567
AGGGTT,-0.14393086681039896
AGGGTC,-0.5249119899271033
AGGGTG,0.15593898923421787
AGGGCA,0.25877072895736103
AGGGCT,0.08152804028972808
AGGGCC,-0.7967820702503019
AGGGCG,0.2500993613027381
AGGGGA,0.4735591031300987
AGGGGT,-0.20589527968990193
AGGGGC,0.15246859364427354
AGGGGG,0.0944837497382016
TAAAAA,-0.08003231962809909
TAAAAT,-0.2603653032613441
TAAAAC,0.07315560219056377
TAAAAG,-0.023006047013717446
TAAATA,0.1469000340991497
TAAATT,-0.12402999835683727
TAAATC,-0.028954727039048396
TAAATG,-0.16952820533404522
TAAACA,0.2935642836326375
TAAACT,-0.08822423341483904
TAAACC,-0.1330815682214614
TAAACG,-0.03401011385771176
TAAAGA,0.30293728600002906
TAAAGT,0.041746682503970636
TAAAGC,0.030083027214689004
TAAAGG,0.1632815121478468
TAATAA,0.010206649967030303
TAATAT,-0.03866093094482632
TAATAC,0.03464740291294246
TAATAG,-0.06982378138103888
TAATTA,-0.2305612276785407
TAATTT,-0.061086981777533536
TAATTC,-0.18361180387928797
TAATTG,-0.16731120723938578
TAATCA,0.0093854062264913
TAATCT,-0.06622388987819373
TAATCC,0.09548448693392773
TAATCG,0.0025147873356632443
TAATGA,0.31180115139750714
TAATGT,0.23778904496801873
TAATGC,0.3489506036906709
TAATGG,0.20663054516438628
TAACAA,0.03136926366764513
TAACAT,-0.09392129069217058
TAACAC,-0.012702156472964979
TAACAG,-0.20954967550829837
TAACTA,-0.05867604662454455
TAACTT,-0.09742538894098655
TAACTC,0.03333642026759171
TAACTG,-0.30123684880959756
TAACCA,-0.13179896414664014
TAACCT,-0.0033231822330485055
TAACCC,0.3352217367708822
TAACCG,-0.0507559599666197
TAACGA,0.23660929524276358
TAACGT,0.24377513399700415
TAACGC,0.2974310690069713
TAACGG,0.19828862082387547
TAAGAA,-0.3485258883654658
TAAGAT,-0.5565006334620405
TAAGAC,-0.5704413334403451
TAAGAG,-0.45618191236967054
TAAGTA,-0.27481462449723093
TAAGTT,-0.207112117374022
TAAGTC,-0.1228006713860879
TAAGTG,-0.26849082847066225
TAAGCA,-0.06538619432556737
TAAGCT,-0.2778139025519666
TAAGCC,0.0037831889098658674
TAAGCG,-0.07042153189517882
TAAGGA,-0.17839536407867357
TAAGGT,-0.22221288582125653
TAAGGC,-0.28293678882797274
TAAGGG,-0.36297981274109153
TATAAA,-0.24649005822919667
TATAAT,-1.0577902941478545
TATAAC,-0.212350472286141
TATAAG,-0.5599297103991526
TATATA,-0.9193491133171827
TATATT,-0.2635310501057928
TATATC,-0.37508707274899256
TATATG,-0.4700036292457356
TATACA,-0.5342859700309386
TATACT,-0.8820607190360528
TATACC,-0.23711546947038306
TATACG,-0.7505439231663873
TATAGA,0.10354662072914045
TATAGT,-0.16972296495763298
TATAGC,0.2610555973364587
TATAGG,-0.15198383174216804
TATTAA,0.047934366085535925
TATTAT,-0.1831661514387562
TATTAC,0.20805903324631891
TATTAG,-0.02469261259037152
TATTTA,-0.030785096727373056
TATTTT,0.1710714048147453
TATTTC,0.0578506949337096
TATTTG,-0.1425878915904416
TATTCA,0.34494553382583537
TATTCT,0.28241909747790184
TATTCC,0.48684971189027926
TATTCG,0.0974892764497304
TATTGA,0.45131370740241794
TATTGT,0.40354618211755494
TATTGC,0.542271759372142
TATTGG,0.03368123883055153
TATCAA,0.3143543384307953
TATCAT,-0.25340707086347425
TATCAC,0.1384818977843789
TATCAG,-0.09343012660908145
TATCTA,0.048903806990169156
TATCTT,0.21434127361317468
TATCTC,0.26948825445413205
TATCTG,-0.09038605270483678
TATCCA,0.2727580601374764
TATCCT,0.09952001721582215
TATCCC,0.28132372880696305
TATCCG,0.1767540453196468
TATCGA,0.5950783783165408
TATCGT,0.28205230373453505
TATCGC,0.4485183695618878
TATCGG,0.23988851085634214
TATGAA,-0.41262616763685134
TATGAT,-0.6808637891231356
TATGAC,0.05705829369569209
TATGAG,-0.35195116074385846
TATGTA,-0.43123735827250875
TATGTT,-0.1149924360134942
TATGTC,-0.016529301951210582
TATGTG,-0.37683531459364467
TATGCA,-0.13056647528205834
TATGCT,-0.20677390483926206
TATGCC,0.05341969802398149
TATGCG,-0.2703810697245482
TATGGA,-0.15951926591997403
TATGGT,-0.3749268992013892
TATGGC,-0.0953101798043249
TATGGG,-0.05678735632177656
TACAAA,-0.012320484388040624
TACAAT,-0.6134290955154567
TACAAC,0.13307402166792068
TACAAG,-0.3771903296399978
TACATA,-0.39071200555820956
TACATT,-0.16122550821865064
TACATC,0.029431922073650817
TACATG,-0.3197832238913632
TACACA,-0.35326002883866325
TACACT,-0.3719480485871718
TACACC,0.31383301284268356
TACACG,-0.5285376579662506
TACAGA,-0.2914477008381437
TACAGT,-0.3845849774367428
TACAGC,0.025813627335909098
TACAGG,0.04223389375896263
TACTAA,-0.35024655908604235
TACTAT,-0.21003844546575143
TACTAC,0.2828904964418816
TACTAG,-1.5909344408695407
TACTTA,-0.19714372631236435
TACTTT,0.02962881790262327
TACTTC,0.11166340598794187
TACTTG,-0.5430058250609732
TACTCA,0.23016112397285635
TACTCT,0.3155880838362111
TACTCC,0.2676665171490312
TACTCG,0.033168144968806525
TACTGA,-0.02340543247246732
TACTGT,-0.09307587486053283
TACTGC,-0.050117986522020395
TACTGG,0.24127853076244524
TACCAA,-0.2076623706485768
TACCAT,-0.3462929193720444
TACCAC,-0.05877360815361522
TACCAG,-0.11193555428813709
TACCTA,-0.19207773173931936
TACCTT,0.16421869039531348
TACCTC,-0.27409322838988465
TACCTG,0.05849830020122328
TACCCA,0.3360868719115691
TACCCT,0.23407262184640015
TACCCC,0.08594242980072463
TACCCG,0.28774306851755355
TACCGA,0.30865312402530964
TACCGT,0.4060416431486369
TACCGC,0.2881286774027774
TACCGG,0.45559830955818437
TACGAA,-0.4319261737633994
TACGAT,-0.35488011934159114
TACGAC,0.08382466741297565
TACGAG,-0.4961212684893848
TACGTA,-0.18142122360988158
TACGTT,-0.07010202695474657
TACGTC,-0.09664129480952362
TACGTG,-0.29947188126187857
TACGCA,0.006757095177920185
TACGCT,0.20372335867041083
TACGCC,0.3310581548989342
TACGCG,-0.08333768905566827
TACGGA,-0.2560439670999145
TACGGT,0.04426102985424493
TACGGC,-0.022154206920819344
TACGGG,0.00484175607385168
TAGAAA,0.057722151435034695
TAGAAT,-0.9630246283782197
TAGAAC,-0.026119013650850155
TAGAAG,0.37529201750035324
TAGATA,0.10704118832234455
TAGATT,-0.4624948135368407
TAGATC,-0.7667129138920309
TAGATG,-0.21809940442753176
TAGACA,0.05589870340672678
TAGACT,-0.6856937299053644
TAGACC,-0.5237015556970492
TAGACG,-0.23660097965653856
TAGAGA,0.5314063314660114
TAGAGT,0.08186858584699674
TAGAGC,0.19219674596165937
TAGAGG,0.3283902301001504
TAGTAA,0.1265715416894628
TAGTAT,-0.5325239862270695
TAGTAC,-0.2032282416132683
TAGTAG,0.39202373932050427
TAGTTA,0.06036171139658969
TAGTTT,-0.20374876163304192
TAGTTC,-0.22029118998303468
TAGTTG,0.05946550004327846
TAGTCA,0.24094459460009104
TAGTCT,-0.1644106302274244
TAGTCC,-0.11323267455372513
TAGTCG,0.2642902372040562
TAGTGA,0.6639480258676831
TAGTGT,0.16832900170782944
TAGTGC,0.2728835335066079
TAGTGG,0.38908518808948694
TAGCAA,0.15428089663843253
TAGCAT,-0.2900744180904007
TAGCAC,-0.2750620573823235
TAGCAG,-0.3584995589395038
TAGCTA,0.3369227885549441
TAGCTT,-0.23535043338887235
TAGCTC,-0.01403531811638348
TAGCTG,-0.22602747544711466
TAGCCA,0.24062806844514573
TAGCCT,0.35175034180404635
TAGCCC,0.38403317712958307
TAGCCG,0.13637985234442193
TAGCGA,0.6725324640649152
TAGCGT,0.3814395015631289
TAGCGC,0.25627852571969567
TAGCGG,0.4329023093266166
TAGGAA,-0.8192510573556714
TAGGAT,-0.8918625471295762
TAGGAC,-1.0523190046972648
TAGGAG,-0.7119565125174415
TAGGTA,-0.12528776131045113
TAGGTT,-0.4035854083065868
TAGGTC,-0.3205116211661266
TAGGTG,0.0063694482854799285
TAGGCA,-0.22236905792323
TAGGCT,-0.3514813001089884
TAGGCC,-0.5060609273782894
TAGGCG,-0.29352084942561374
TAGGGA,0.008686265255960232
TAGGGT,-0.38328546439718914
TAGGGC,-0.28781295393878137
TAGGGG,0.029189007610309268
TTAAAA,-0.30232242277941035
TTAAAT,-0.25712688131809563
TTAAAC,-0.15937599944408434
TTAAAG,-0.01728953343606625
TTAATA,0.029544733076446332
TTAATT,-0.05409738217872464
TTAATC,0.010680783065911257
TTAATG,0.42428005763817633
TTAACA,-0.03743371042783297
TTAACT,-0.12167567624815322
TTAACC,0.0812768774126096
TTAACG,0.3075185781197693
TTAAGA,-0.4692539478252129
TTAAGT,-0.09513831420280176
TTAAGC,0.04493873160786164
TTAAGG,-0.33291983501684513
TTATAA,-0.5640769236731478
TTATAT,-0.47535269499917004
TTATAC,-0.6315710192168107
TTATAG,0.10619838751245764
TTATTA,0.06834435196597133
TTATTT,-0.06598661201306645
TTATTC,0.16638286524349605
TTATTG,0.314601598365023
TTATCA,0.13769762935345692
TTATCT,0.20219431420876807
TTATCC,0.3405764743877134
TTATCG,0.48379804177229807
TTATGA,-0.3541042484356315
TTATGT,-0.24160227301906198
TTATGC,-0.12328104062447275
TTATGG,-0.18353795397592995
TTACAA,-0.306109372891095
TTACAT,-0.40754195205300353
TTACAC,-0.19580793787051481
TTACAG,-0.23484564726061266
TTACTA,0.03180752934208112
TTACTT,-0.0514399112047621
TTACTC,0.2912949796075516
TTACTG,0.11175679331520981
TTACCA,-0.1823215567939546
TTACCT,0.2262157503511799
TTACCC,0.560165165829659
TTACCG,0.5327825223008645
TTACGA,-0.19476173855215326
TTACGT,-0.13810370944236308
TTACGC,0.2664353909982026
TTACGG,-0.0920059979837958
TTAGAA,-0.6054938863555911
TTAGAT,-0.7587872731680539
TTAGAC,-0.7294238287800773
TTAGAG,-0.09686297514738564
TTAGTA,-0.3361368349746008
TTAGTT,-0.38963042889904625
TTAGTC,-0.1523366687658771
TTAGTG,0.31666960932503324
TTAGCA,-0.12752021093424176
TTAGCT,-0.15442803387147142
TTAGCC,0.20775037105021288
TTAGCG,0.4494845708478476
TTAGGA,-0.760032569707332
TTAGGT,-0.3542356075390144
TTAGGC,-0.5205972204143181
TTAGGG,-0.21864364599135738
TTTAAA,-0.31643491382926253
TTTAAT,-0.021752768353438
TTTAAC,-0.07919953199765005
TTTAAG,-0.5857269319391084
TTTATA,-0.28712481414814306
TTTATT,0.1343421358789569
TTTATC,0.37210691986541894
TTTATG,-0.05675118620064178
TTTACA,-0.4505855433886339
TTTACT,0.1035572919076304
TTTACC,0.47481813348294105
TTTACG,0.023806149752094507
TTTAGA,-0.812410601386763
TTTAGT,-0.11013781854725643
TTTAGC,0.10590069122801721
TTTAGG,-0.49916701645727646
TTTTAA,-0.2716507900326104
TTTTAT,-0.050690539984940566
TTTTAC,0.18262811718875294
TTTTAG,-0.3001809545594966
TTTTTA,-0.09224242640718235
TTTTTT,-0.30332306645473645
TTTTTC,0.1769737198367552
TTTTTG,-0.019472945436185544
TTTTCA,0.0005253020607572918
TTTTCT,0.18426239771516678
TTTTCC,0.2974737016847545
TTTTCG,-0.15844719791295567
TTTTGA,-0.11607717439222408
TTTTGT,0.10870199158531992
TTTTGC,0.35688336411455984
TTTTGG,-0.46648064899578406
TTTCAA,-0.2733368819890671
TTTCAT,-0.040548049090360465
TTTCAC,0.2227521874060118
TTTCAG,-0.06951780743028026
TTTCTA,0.04090720605794887
TTTCTT,0.09394960346081911
TTTCTC,0.45849774943689375
TTTCTG,-0.018013933771066425
TTTCCA,0.11135345105543748
TTTCCT,0.08162052835475327
TTTCCC,0.3145777572738415
TTTCCG,0.09176965682970849
TTTCGA,-0.23071874732686007
TTTCGT,-0.3085587267901541
TTTCGC,0.03348618303004167
TTTCGG,-0.2651099265236839
TTTGAA,-0.23365972728032997
TTTGAT,0.006787690218684962
TTTGAC,-0.17621466758577514
TTTGAG,-0.23756703101993312
TTTGTA,-0.02433145359440765
TTTGTT,0.2116524505823742
TTTGTC,0.4241463528472203
TTTGTG,0.09501465697303554
TTTGCA,-0.10942684238570548
TTTGCT,0.30212633923726523
TTTGCC,0.6056005897219677
TTTGCG,0.044367024388228773
TTTGGA,-1.2382801178249974
TTTGGT,-0.10262951714659457
TTTGGC,-0.1972631367921537
TTTGGG,-0.6707462438707786
TTCAAA,-0.2820374544505574
TTCAAT,0.030549776256657803
TTCAAC,0.07666122363746854
TTCAAG,-0.5713928551264427
TTCATA,-0.34981000182733757
TTCATT,-0.11920913348389832
TTCATC,0.2728835335066079
TTCATG,-0.19923055752203442
TTCACA,-0.37536574850534554
TTCACT,0.23280546222594672
TTCACC,0.3446979285199511
TTCACG,0.03586991786481444
TTCAGA,-0.472008498884776
TTCAGT,-0.2074570764840062
TTCAGC,0.000478407280915245
TTCAGG,0.13818811067670825
TTCTAA,-0.5619297110658199
TTCTAT,-0.013721221479793674
TTCTAC,0.37666098573772133
TTCTAG,-1.711543135371254
TTCTTA,-0.43306932979126955
TTCTTT,0.10748404737515391
TTCTTC,0.5402020463880357
TTCTTG,-0.2073393197692424
TTCTCA,-0.10640824246242943
TTCTCT,0.4093002038921068
TTCTCC,0.4570655183729484
TTCTCG,0.3504951489907803
TTCTGA,-0.3315144304887818
TTCTGT,-0.22336799301642007
TTCTGC,0.008666890855355354
TTCTGG,0.1719775686191976
TTCCAA,-1.4441391810271624
TTCCAT,-0.04315063203027485
TTCCAC,0.1270031514538957
TTCCAG,0.518563966989162
TTCCTA,-0.709676482511156
TTCCTT,-0.2220514624252752
TTCCTC,0.3491629808911091
TTCCTG,0.4506474421158204
TTCCCA,0.03128272079569473
TTCCCT,0.14231183237426293
TTCCCC,0.3387907116823115
TTCCCG,0.3811632622629334
TTCCGA,-0.5384267941161778
TTCCGT,-0.018055476129519576
TTCCGC,0.11380043171201008
TTCCGG,0.6049910101419462
TTCGAA,-0.5356412048151076
TTCGAT,-0.11685431050173187
TTCGAC,0.05591484350276074
TTCGAG,-0.22322244366563718
TTCGTA,-0.3301463773528461
TTCGTT,-0.19754433319094336
TTCGTC,0.2330414946041734
TTCGTG,-0.38709928595078247
TTCGCA,-0.6427495957835295
TTCGCT,0.10958617163929094
TTCGCC,0.42026410197627456
TTCGCG,-0.20570485467492144
TTCGGA,-0.8482825970497431
TTCGGT,-0.15340387915437503
TTCGGC,-0.12613619692299832
TTCGGG,-0.2949968307644915
TTGAAA,-0.3189819521136182
TTGAAT,-0.46884555152510793
TTGAAC,-0.16949454323420005
TTGAAG,0.47567300315166083
TTGATA,0.3001776411373203
TTGATT,-0.052579957137796715
TTGATC,-0.18780309400483292
TTGATG,0.42839197909834004
TTGACA,-0.6282428402327411
TTGACT,-0.40203661850101946
TTGACC,-0.14565757242236327
TTGACG,0.0787993495083599
TTGAGA,0.06068303473738941
TTGAGT,0.21187851571922542
TTGAGC,0.19416270879995579
TTGAGG,0.034147887432561884
TTGTAA,-0.3728107258481361
TTGTAT,-0.4395737090547367
TTGTAC,-0.07702522804843905
TTGTAG,0.38837746801945044
TTGTTA,0.06683764882535068
TTGTTT,-0.09806121317621462
TTGTTC,0.2691072539220465
TTGTTG,0.6055970265810187
TTGTCA,0.040975005001771495
TTGTCT,0.14297243272556906
TTGTCC,0.14623634452979414
TTGTCG,0.6905808831720323
TTGTGA,-0.13713771047518736
TTGTGT,-0.17533710178443485
TTGTGC,0.09163589513382207
TTGTGG,0.18257080903851527
TTGCAA,-0.3579366476557418
TTGCAT,-0.39407978588303905
TTGCAC,-0.2420545155999077
TTGCAG,0.16141198639230872
TTGCTA,0.21957211894661263
TTGCTT,-0.16830697536928166
TTGCTC,0.4548077013983339
TTGCTG,0.42966720652821505
TTGCCA,0.37105769514124726
TTGCCT,0.2793612313124384
TTGCCC,0.5939024154171968
TTGCCG,0.6573883802796987
TTGCGA,-0.22405789409018356
TTGCGT,-0.2078683645924295
TTGCGC,0.14040513086790635
TTGCGG,0.0910153863430121
TTGGAA,-1.3440763032708403
TTGGAT,-1.0688401303344395
TTGGAC,-1.2600910734424726
TTGGAG,-0.8107434574147774
TTGGTA,-0.16273708751776528
TTGGTT,-0.47296640759734226
TTGGTC,-0.08395171116567424
TTGGTG,0.016494912957650182
TTGGCA,-0.17323801124592106
TTGGCT,-0.3420500003849753
TTGGCC,-0.7559763390582032
TTGGCG,0.11339693408139542
TTGGGA,-0.5292522092580089
TTGGGT,-0.3951268457615589
TTGGGC,-0.4955438876516585
TTGGGG,-0.3987761199573679
TCAAAA,-0.1472601364400115
TCAAAT,-0.36201155605284474
TCAAAC,-0.04729357060900992
TCAAAG,-0.09918191260988501
TCAATA,0.431604078670124
TCAATT,-0.29905941206159115
TCAATC,-0.01970466491365632
TCAATG,0.342831444932907
TCAACA,0.5671303399764583
TCAACT,0.065784551477029
TCAACC,-0.002705315659617481
TCAACG,0.2589984721326796
TCAAGA,-0.2257766165932275
TCAAGT,-0.6859305678859433
TCAAGC,-0.3174487059083106
TCAAGG,-0.22520151808409955
TCATAA,-0.34508215527994485
TCATAT,-0.2956816644328116
TCATAC,-0.49630733375585656
TCATAG,-0.10470567375615844
TCATTA,0.34018281601774863
TCATTT,-0.2668573298835006
TCATTC,-0.27979128795823516
TCATTG,0.15991241173133988
TCATCA,0.3955269857020209
TCATCT,0.14266615552254847
TCATCC,0.22286457237531004
TCATCG,0.3276305731562496
TCATGA,-0.18347164317719195
TCATGT,-0.2154399307095955
TCATGC,-0.12408395408335826
TCATGG,-0.14277541108369807
TCACAA,-0.1442496088445468
TCACAT,-0.2853355715706575
TCACAC,-0.3064999630854212
TCACAG,-0.8450247016133353
TCACTA,0.6277049087960174
TCACTT,0.2771973013959898
TCACTC,0.09514714961620746
TCACTG,0.0008093889555584958
TCACCA,0.36368214049291586
TCACCT,0.29339093667210114
TCACCC,0.34781794489292084
TCACCG,0.4532603365809053
TCACGA,-0.02587481218199447
TCACGT,-0.33379141361198833
TCACGC,0.15345493082542228
TCACGG,-0.10281289452696935
TCAGAA,-0.409543392362005
TCAGAT,-0.5981600255005863
TCAGAC,-0.27560949121751155
TCAGAG,-0.4709106587863781
TCAGTA,-0.024323368183305896
TCAGTT,-0.13866371163634433
TCAGTC,-0.4791038870523147
TCAGTG,-0.20114331103454233
TCAGCA,0.26340512274723543
TCAGCT,-0.40558094269650197
TCAGCC,-0.23891353692672979
TCAGCG,0.02123844019105156
TCAGGA,0.37892984364499877
TCAGGT,0.03605904981570264
TCAGGC,0.11424363365915055
TCAGGG,0.21514253881709133
TCTAAA,-0.7375417332563392
TCTAAT,-0.7334661914622891
TCTAAC,-0.2975470462992209
TCTAAG,-1.0492241196424539
TCTATA,0.05369691947008058
TCTATT,0.028723196401187038
TCTATC,0.11811404766495671
TCTATG,-0.31626003267262326
TCTACA,0.44264671172775344
TCTACT,0.21796410947266084
TCTACC,0.5105768984817833
TCTACG,0.18053743500045313
TCTAGA,-1.7206214413947154
TCTAGT,-1.47932922708708
TCTAGC,-1.620149568029028
TCTAGG,-2.848226136445401
TCTTAA,-0.5739412580800659
TCTTAT,-0.522547695817899
TCTTAC,-0.3776787725805462
TCTTAG,-0.9783926586065336
TCTTTA,0.4961906112233715
TCTTTT,0.015400106921088279
TCTTTC,0.13938566908880998
TCTTTG,0.2901502821074599
TCTTCA,0.4291939206840003
TCTTCT,0.5116850995387096
TCTTCC,0.7612608904327655
TCTTCG,0.3799318061029996
TCTTGA,-0.328443344065819
TCTTGT,-0.14518200984449783
TCTTGC,-0.0848792462254853
TCTTGG,-1.0011569525173967
TCTCAA,0.07829321643129306
TCTCAT,-0.23262229526875347
TCTCAC,-0.0535896248735629
TCTCAG,-0.8131927297934518
TCTCTA,0.6631212219942113
TCTCTT,0.7902500109787901
TCTCTC,0.22041006441854927
TCTCTG,0.036231320811656136
TCTCCA,0.26729510026925607
TCTCCT,0.44699356680474644
TCTCCC,0.5356901568312862
TCTCCG,0.2896500487555982
TCTCGA,0.28671009764660244
TCTCGT,-0.12768486860452385
TCTCGC,0.07831595146133942
TCTCGG,-0.01356012677186679
TCTGAA,-0.4768777410150561
TCTGAT,-0.4676214998910593
TCTGAC,-0.11603010702066548
TCTGAG,-0.983111130306946
TCTGTA,-0.3490968958107167
TCTGTT,-0.028466079920869553
TCTGTC,-0.35224958203745765
TCTGTG,-0.6517935821783589
TCTGCA,-0.24162507750081427
TCTGCT,0.04329310559674589
TCTGCC,0.12539413459431034
TCTGCG,-0.21628313722888684
TCTGGA,0.2349881666594782
TCTGGT,0.09966318525801295
TCTGGC,0.2768293679991151
TCTGGG,-0.15481957617326844
TCCAAA,-1.4424185252952693
TCCAAT,-1.470877126316117
TCCAAC,-0.7052331788949806
TCCAAG,-1.826339802824834
TCCATA,-0.17252332045807242
TCCATT,-0.15076739965462752
TCCATC,0.0005164844739070432
TCCATG,-0.37400423561016055
TCCACA,0.046299694699841035
TCCACT,0.048458940139566954
TCCACC,0.16241957036410487
TCCACG,-0.06242802574956978
TCCAGA,0.19655113226303156
TCCAGT,0.3409366741744708
TCCAGC,0.5431918919627897
TCCAGG,-0.07631268284916358
TCCTAA,-0.7881103188893314
TCCTAT,-0.9362668648530811
TCCTAC,-0.3949044900575414
TCCTAG,-1.6686048897697607
TCCTTA,-0.24808666675351912
TCCTTT,-0.37569294977449424
TCCTTC,-0.1695388418214516
TCCTTG,-0.3293037471426004
TCCTCA,0.0261520103267226
TCCTCT,0.19312598362655864
TCCTCC,-0.03288611091704243
TCCTCG,0.35415171745952256
TCCTGA,0.3751726967800407
TCCTGT,0.13995402228098977
TCCTGC,0.33962299056074746
TCCTGG,-0.046329681509401546
TCCCAA,-0.3340637129927923
TCCCAT,-0.15858262096196854
TCCCAC,0.12388509677038612
TCCCAG,0.13216572776234164
TCCCTA,0.0553500950831649
TCCCTT,0.20717514813547863
TCCCTC,-0.17152271791149518
TCCCTG,0.10841768710037593
TCCCCA,0.33708184067456165
TCCCCT,0.5081594633597547
TCCCCC,0.26668343783699083
TCCCCG,0.342823069196089
TCCCGA,-0.06324234467612437
TCCCGT,-0.06697612501533752
TCCCGC,0.11699375647183263
TCCCGG,0.30467696335903666
TCCGAA,-0.7778719237874122
TCCGAT,-0.7286325114086217
TCCGAC,-0.39048966329419216
TCCGAG,-0.83788941959555
TCCGTA,-0.21330087821713947
TCCGTT,-0.24301870807551632
TCCGTC,0.04525784453332529
TCCGTG,-0.369317294330572
TCCGCA,-0.021038251443503856
TCCGCT,0.0938062092943479
TCCGCC,0.18175287560197567
TCCGCG,-0.32870298146787535
TCCGGA,0.11095158453563801
TCCGGT,0.31625478538508195
TCCGGC,0.4784584213414528
TCCGGG,0.5844560617235314
TCGAAA,-0.1696556910541396
TCGAAT,-0.7308462637757164
TCGAAC,-0.2587844207951675
TCGAAG,0.16265573776120748
TCGATA,0.6699196783487043
TCGATT,-0.19396078455714988
TCGATC,-0.16793281934185506
TCGATG,0.2580985663477863
TCGACA,0.6553556800874176
TCGACT,0.14148923974633174
TCGACC,0.04667893498365799
TCGACG,0.2776064204630393
TCGAGA,0.21689222860166024
TCGAGT,-0.11801692643045877
TCGAGC,0.014208346002165096
TCGAGG,0.2087961029060682
TCGTAA,-0.12980461767540993
TCGTAT,-0.5914582522387015
TCGTAC,-0.4528825884656241
TCGTAG,0.2616668333105451
TCGTTA,0.3069659154209044
TCGTTT,-0.3329162257619938
TCGTTC,-0.4358672452224968
TCGTTG,0.11606182870766055
TCGTCA,0.4047541233643855
TCGTCT,0.14293992964885457
TCGTCC,0.17598186255409742
TCGTCG,0.33837563158252176
TCGTGA,-0.07783185875487886
TCGTGT,-0.47462257510203015
TCGTGC,-0.23339812162958262
TCGTGG,-0.2231435513142097
TCGCAA,-0.3493386300539032
TCGCAT,-0.5214935527273313
TCGCAC,-0.4749769965127931
TCGCAG,-0.6628000241706535
TCGCTA,0.6381412038640323
TCGCTT,0.11144399956135959
TCGCTC,-0.02622734385327608
TCGCTG,0.09903968943999246
TCGCCA,0.6414491446632117
TCGCCT,0.3985885933094585
TCGCCC,0.5482052143977881
TCGCCG,0.338366591762914
TCGCGA,-0.012629199505141006
TCGCGT,-0.2411620568168881
TCGCGC,-0.09842948466426499
TCGCGG,-0.07176139858296822
TCGGAA,-0.562567093570003
TCGGAT,-0.8066839253348778
TCGGAC,-0.6562940328807423
TCGGAG,-0.6371294679361272
TCGGTA,0.349786282943547
TCGGTT,-0.28134602087722027
TCGGTC,-0.15943015955250694
TCGGTG,0.19296129189829972
TCGGCA,0.4834146001511275
TCGGCT,-0.19624054653562958
TCGGCC,-0.5805139055730393
TCGGCG,0.10769583412298256
TCGGGA,0.036921292076737756
TCGGGT,-0.09190474042824058
TCGGGC,-0.23764283150792861
TCGGGG,-0.27099741161219393
TGAAAA,-0.03260984531969298
TGAAAT,0.06444725793026988
TGAAAC,-0.18383980526077717
TGAAAG,-0.03659540390414777
TGAATA,0.3507358798549405
TGAATT,-0.29187814956023145
TGAATC,-0.35981685610619896
TGAATG,-0.16040598773660736
TGAACA,0.10967396591154567
TGAACT,-0.01075279177626185
TGAACC,-0.6379045257132523
TGAACG,-0.1981118254374353
TGAAGA,0.5173238765926109
TGAAGT,0.32237901678402836
TGAAGC,0.07025687625162434
TGAAGG,0.258748004008775
TGATAA,0.14714973572816317
TGATAT,0.05787839614840977
TGATAC,-0.23450088250642373
TGATAG,0.21212617949798107
TGATTA,0.10963385415043578
TGATTT,0.00191979581147861
TGATTC,-0.3853382134507063
TGATTG,0.12322977944328974
TGATCA,-0.3336739334132366
TGATCT,-0.5185103065245376
TGATCC,-0.12454971837419498
TGATCG,-0.24030341983852443
TGATGA,0.40469489251381535
TGATGT,0.3940792948506408
TGATGC,0.14679729142283388
TGATGG,0.13799951206991817
TGACAA,0.04335044087361382
TGACAT,0.07205621292205096
TGACAC,-0.1180916300115558
TGACAG,-0.31838090409482145
TGACTA,0.355707981736072
TGACTT,0.03399487878727499
TGACTC,-0.06264080110333099
TGACTG,-0.3643443831898699
TGACCA,0.20549415813890115
TGACCT,0.18941288700445263
TGACCC,-0.16517382563317623
TGACCG,0.20484606687263188
TGACGA,0.37409545063349475
TGACGT,0.1687756920879317
TGACGC,0.260976339192643
TGACGG,0.27733651555634453
TGAGAA,-0.1417532311476508
TGAGAT,-0.07853002050091368
TGAGAC,-0.7451573494056926
TGAGAG,-0.23816856981306728
TGAGTA,0.2805684993629788
TGAGTT,0.19941120089269262
TGAGTC,-0.016771881613828213
TGAGTG,0.041232587833352645
TGAGCA,0.25282180055746756
TGAGCT,-0.2245176068673536
TGAGCC,-0.5539519380452003
TGAGCG,0.10350005000490663
TGAGGA,-0.03300063762297047
TGAGGT,-0.5014797613477531
TGAGGC,-0.4701354770935104
TGAGGG,-0.34007584412451153
TGTAAA,-0.45866914417162896
TGTAAT,-0.18569424127259387
TGTAAC,-0.2540929187168139
TGTAAG,-0.5678948474524732
TGTATA,-0.47171189577105205
TGTATT,-0.12022683782000747
TGTATC,-0.300613563068273
TGTATG,-0.26514242988819814
TGTACA,-0.17325278170074462
TGTACT,0.07913732055872379
TGTACC,-0.12404778957168174
TGTACG,-0.15274092586013419
TGTAGA,0.2888350001921074
TGTAGT,0.4223112805340193
TGTAGC,0.25349556234344506
TGTAGG,-0.09419181994871187
TGTTAA,-0.08304822003781348
TGTTAT,-0.16983727599495788
TGTTAC,-0.09633542659411783
TGTTAG,0.1361321743245801
TGTTTA,0.17903975058393723
TGTTTT,0.021004121001523775
TGTTTC,-0.25093642789840487
TGTTTG,0.16553898751536053
TGTTCA,0.16066983141091573
TGTTCT,0.19524619685163802
TGTTCC,0.41107605818366316
TGTTCG,0.018043758346781076
TGTTGA,0.5426283571493438
TGTTGT,0.4596948309747956
TGTTGC,0.42466022325120767
TGTTGG,0.07130822329694854
TGTCAA,-0.6132333305632833
TGTCAT,0.15825592910833494
TGTCAC,0.061571498534164944
TGTCAG,-0.07415935829489095
TGTCTA,0.038008333628334834
TGTCTT,0.045560092355039127
TGTCTC,-0.0632246331545749
TGTCTG,-0.11860195268443982
TGTCCA,-0.19282364869843166
TGTCCT,-0.1728522610185106
TGTCCC,-0.15280206195596474
TGTCCG,-0.006130511099255629
TGTCGA,0.7010844003096062
TGTCGT,0.2853858601914307
TGTCGC,0.3173307663739109
TGTCGG,0.32656151051269844
TGTGAA,-0.38046380590274714
TGTGAT,-0.31406524859370205
TGTGAC,-0.29753136768980865
TGTGAG,-0.5932461871070179
TGTGTA,-0.3755918751675654
TGTGTT,-0.17040510706734072
TGTGTC,-0.2954506525605226
TGTGTG,-0.38214385990862065
TGTGCA,-0.24310821377237407
TGTGCT,0.002527229216806269
TGTGCC,0.030000637124337783
TGTGCG,-0.22340900280450882
TGTGGA,0.04079317981322669
TGTGGT,-0.003031836582120125
TGTGGC,-0.12266203228716352
TGTGGG,0.05129329438755048
TGCAAA,-0.12088735969172498
TGCAAT,-0.19185548262678362
TGCAAC,0.0614952538711131
TGCAAG,-0.4800188521232331
TGCATA,-0.2057601297659722
TGCATT,-0.2131932204610416
TGCATC,-0.17860941805387132
TGCATG,-0.4913662573870975
TGCACA,-0.22255435501445758
TGCACT,-0.10830139251665566
TGCACC,-0.14913233306700238
TGCACG,-0.4350118796232332
TGCAGA,-0.2005642388697261
TGCAGT,-0.3838952297667871
TGCAGC,-0.2954079266115556
TGCAGG,0.1886891615218846
TGCTAA,-0.04242071588395214
TGCTAT,-0.13951059136214766
TGCTAC,0.04000150569733982
TGCTAG,-1.4788177300170362
TGCTTA,-0.1785156530562763
TGCTTT,-0.031770160996343264
TGCTTC,-0.11841775481447446
TGCTTG,-0.5456884966638151
TGCTCA,0.24407597987743754
TGCTCT,0.1999023822760919
TGCTCC,0.09859682491013282
TGCTCG,0.25438034790274094
TGCTGA,0.24203342164710104
TGCTGT,0.22855898424402518
TGCTGC,0.09183873477057108
TGCTGG,0.4284469129914822
TGCCAA,-0.09992091119741402
TGCCAT,0.07932622129195054
TGCCAC,0.005044146886678003
TGCCAG,0.3496272665370812
TGCCTA,-0.1780797688855915
TGCCTT,0.09512116175253821
TGCCTC,-0.3406560189694064
TGCCTG,0.12158585808695267
TGCCCA,0.09205166859381801
TGCCCT,0.22836549529536143
TGCCCC,0.04336976659905374
TGCCCG,0.22593208913975793
TGCCGA,0.49292737561418787
TGCCGT,0.320183458424613
TGCCGC,0.29673783233534823
TGCCGG,0.3210259038323367
TGCGAA,-0.5594286213253995
TGCGAT,-0.31472911527799136
TGCGAC,-0.27080390725965625
TGCGAG,-0.6152477682567907
TGCGTA,-0.006454609776679692
TGCGTT,-0.22386531244261948
TGCGTC,-0.056164608808606305
TGCGTG,-0.20958084666839044
TGCGCA,-0.07927796239202507
TGCGCT,0.06461487317603426
TGCGCC,0.2302269541484921
TGCGCG,-0.21345066726213935
TGCGGA,0.04376844299870497
TGCGGT,-0.13617695032088287
TGCGGC,-0.17188833589700855
TGCGGG,0.15973496333443363
TGGAAA,0.12434982549237397
TGGAAT,-0.20493964538172715
TGGAAC,-0.1747814645206669
TGGAAG,0.6686858463277121
TGGATA,0.20094980417680672
TGGATT,-0.22713185262935381
TGGATC,-0.37874516865467794
TGGATG,0.04966010767797205
TGGACA,-0.23569208731696625
TGGACT,-0.3689699417511546
TGGACC,-0.8227265996566983
TGGACG,-0.024986427782730566
TGGAGA,0.3238488359871974
TGGAGT,0.1921189778025357
TGGAGC,0.018989850892310162
TGGAGG,-0.1799263460679998
TGGTAA,-0.13595714685454424
TGGTAT,-0.19720712283385375
TGGTAC,-0.2977468590679216
TGGTAG,0.3152111008726938
TGGTTA,-0.021496262837078183
TGGTTT,-0.06810494352022584
TGGTTC,-0.6494939664928242
TGGTTG,-0.15921851002075865
TGGTCA,0.19710327844901043
TGGTCT,-0.23427726956266492
TGGTCC,-0.7854931405355531
TGGTCG,0.19905709118973808
TGGTGA,0.4029517130420673
TGGTGT,0.319513307477725
TGGTGC,0.16975791881510433
TGGTGG,0.26977269555727545
TGGCAA,0.4021166830784771
TGGCAT,0.09209451486704623
TGGCAC,0.004221759408986001
TGGCAG,0.056796169994132784
TGGCTA,0.25867875661031503
TGGCTT,0.05775517938848206
TGGCTC,-0.3885622272827323
TGGCTG,-0.06746502570317221
TGGCCA,-1.2012762043562095
TGGCCT,-0.03948055465143029
TGGCCC,-0.3365651173160273
TGGCCG,-0.7808449476549892
TGGCGA,0.6357876345840283
TGGCGT,0.3597214907238667
TGGCGC,0.06274947954607667
TGGCGG,0.43419281757313405
TGGGAA,-0.11600137479254745
TGGGAT,-0.10924768764810654
TGGGAC,-0.5258617136590974
TGGGAG,-0.22336824516977827
TGGGTA,0.22466741390735862
TGGGTT,-0.27493367719356077
TGGGTC,-0.416560352400104
TGGGTG,0.0814506247307104
TGGGCA,-0.03515199144628805
TGGGCT,-0.32000253724968414
TGGGCC,-0.644681639019561
TGGGCG,0.21241306706723992
TGGGGA,0.44005655287778345
TGGGGT,-0.28694215380907034
TGGGGC,0.007916970959852027
TGGGGG,-0.06579661566059075
CAAAAA,-0.05358378187066841
CAAAAT,0.20994667300021963
CAAAAC,0.04625028893676472
CAAAAG,-0.013239008443949278
CAAATA,-0.10986286485524338
CAAATT,0.005957426591169193
CAAATC,-0.20054371939696883
CAAATG,-0.2512377088056296
CAAACA,0.20064690321604306
CAAACT,0.26461679952078476
CAAACC,-0.1653971815087923
CAAACG,-0.01795086252230273
CAAAGA,0.052655004202408665
CAAAGT,0.06407530797403506
CAAAGC,-0.098786776244962
CAAAGG,-0.007570058860545279
CAATAA,0.26817657782752435
CAATAT,0.5486433421447282
CAATAC,0.3101942496179629
CAATAG,0.06393383877455637
CAATTA,-0.21307750614586982
CAATTT,-0.051415040222978776
CAATTC,-0.3879974150677734
CAATTG,-0.1546681442631259
CAATCA,0.1476309595121704
CAATCT,-0.01982431715291914
CAATCC,-0.14633698100546952
CAATCG,-0.1972483554452279
CAATGA,0.11772728341931055
CAATGT,0.2433289049019784
CAATGC,0.20657647716710806
CAATGG,0.34995156484491957
CAACAA,0.6344008580145377
CAACAT,0.48863545192043345
CAACAC,0.277709334177274
CAACAG,0.14910411904293766
CAACTA,-0.10633564981603257
CAACTT,0.07130224937973491
CAACTC,0.05869575080070769
CAACTG,0.013870587810408086
CAACCA,-0.10886013197733342
CAACCT,0.0576379682324506
CAACCC,-0.13993332687670637
CAACCG,-0.14162699721292563
CAACGA,0.046624774297220624
CAACGT,0.2828204764888803
CAACGC,0.1399282030470837
CAACGG,0.10638184583263413
CAAGAA,-0.14717766701912777
CAAGAT,-0.36659176834190577
CAAGAC,-0.3771739231528726
CAAGAG,-0.12401550777599316
CAAGTA,-0.5932846698702082
CAAGTT,-0.47211111158530017
CAAGTC,-0.6169595628825078
CAAGTG,-0.6892307264677102
CAAGCA,-0.38325842207402
CAAGCT,-0.2925966860277422
CAAGCC,-0.3524363224984302
CAAGCG,-0.3505066700925137
CAAGGA,-0.21362205617865812
CAAGGT,-0.09800681065192417
CAAGGC,-0.25047813301995486
CAAGGG,-0.019603543082900302
CATAAA,-0.04731398153606942
CATAAT,-0.3315921259684483
CATAAC,-0.24057269835282885
CATAAG,-0.489959786450696
CATATA,-0.5442458566188307
CATATT,0.17854796741031514
CATATC,-0.03365143475328245
CATATG,-0.38763494008464705
CATACA,-0.24887851365683059
CATACT,-0.2157024932264863
CATACC,-0.24270644519280044
CATACG,-0.5763176375533541
CATAGA,-0.21101394615839
CATAGT,-0.06572667370033027
CATAGC,-0.03454032525217621
CATAGG,-0.24235580173601456
CATTAA,0.424304127966864
CATTAT,0.12007195838954993
CATTAC,0.4372239664946781
CATTAG,0.032733327243754856
CATTTA,-0.2564371504051278
CATTTT,0.07117394189100351
CATTTC,-0.05036765408696348
CATTTG,-0.22384505958570006
CATTCA,-0.16368817448997494
CATTCT,0.05129329438755048
CATTCC,0.05853232611309273
CATTCG,-0.32465287365559936
CATTGA,0.31171212235659673
CATTGT,0.2135308111917559
CATTGC,0.4170946195528278
CATTGG,-0.11315283364719424
CATCAA,0.42982582557434756
CATCAT,0.23438971875416215
CATCAC,0.3617900446055028
CATCAG,0.055798397055117535
CATCTA,-0.1685913639820527
CATCTT,0.14319465667137204
CATCTC,0.20709136951382312
CATCTG,-0.13538973309914357
CATCCA,0.003639239090506391
CATCCT,0.07070603315146565
CATCCC,0.25684919741575085
CATCCG,0.021736749819556398
CATCGA,0.20209204435826453
CATCGT,0.07623053878718183
CATCGC,0.2764029573463879
CATCGG,0.15108603224238812
CATGAA,-0.2479255742434563
CATGAT,-0.2348881775425465
CATGAC,-0.016763466570006918
CATGAG,-0.3551940272949797
CATGTA,-0.31700690183310953
CATGTT,-0.015833802536312568
CATGTC,-0.12340567325735988
CATGTG,-0.489839452113629
CATGCA,-0.48283758722582193
CATGCT,-0.1638025090267172
CATGCC,-0.08982938910380958
CATGCG,-0.5021884303703271
CATGGA,-0.30856239724859574
CATGGT,-0.146586223741207
CATGGC,-0.25241063218926285
CATGGG,-0.26850469448635084
CACAAA,0.03343664330789778
CACAAT,0.18858683734287585
CACAAC,0.06569379477310876
CACAAG,-0.22363005095893043
CACATA,-0.2571668347107192
CACATT,-0.08327995952778275
CACATC,0.14410469180929567
CACATG,-0.4629287698037071
CACACA,-0.3173087656604583
CACACT,-0.04618573517047302
CACACC,0.10054644931401216
CACACG,-0.5629977265191992
CACAGA,-0.6521611305885799
CACAGT,-0.4733251032364556
CACAGC,-0.2968643846228828
CACAGG,-0.12684458633395826
CACTAA,0.3398442521142585
CACTAT,0.3849596577773144
CACTAC,0.7131256474908316
CACTAG,-1.0337318287342507
CACTTA,-0.4254018954191111
CACTTT,0.376913855477881
CACTTC,0.580931323806734
CACTTG,-0.7318616927406357
CACTCA,-0.011085865081762762
CACTCT,0.26403552589017754
CACTCC,0.017039325446183404
CACTCG,-0.2057453704679832
CACTGA,-0.17074107348732478
CACTGT,-0.07923473829300352
CACTGC,-0.17662058255572427
CACTGG,0.21631861013372125
CACCAA,-0.03114950035558303
CACCAT,0.25420389080782546
CACCAC,0.43915804917148454
CACCAG,0.28703549748044266
CACCTA,-0.05717731010888087
CACCTT,0.2963539257515822
CACCTC,-0.050737584453827624
CACCTG,0.0692803517246652
CACCCA,0.06987237901945892
CACCCT,0.04138521616285428
CACCCC,-0.3288146983327694
CACCCG,-0.08478281150311534
CACCGA,0.2271183546360958
CACCGT,0.22373255381346285
CACCGC,0.18591385998161183
CACCGG,0.24599787045805632
CACGAA,-0.37841746236831714
CACGAT,-0.17786005211495293
CACGAC,0.09970892671739837
CACGAG,-0.5154121046892248
CACGTA,-0.2736089168563438
CACGTT,-0.07799119431473356
CACGTC,-0.1544867578005107
CACGTG,-1.9926518696018782
CACGCA,-0.09105689768406107
CACGCT,0.14282477594712206
CACGCC,0.18776336363002702
CACGCG,-0.2358275163331583
CACGGA,-0.31694209966869463
CACGGT,-0.01929213334103364
CACGGC,-0.22407186329367787
CACGGG,-0.09638386129251812
CAGAAA,-0.023591788097800534
CAGAAT,-0.09152047170061575
CAGAAC,-0.19780076219959383
CAGAAG,-0.013284960759215788
CAGATA,-0.03581020665376016
CAGATT,-0.17990842820981906
CAGATC,-0.4006985873679753
CAGATG,-0.20241290733682588
CAGACA,-0.11907188726988327
CAGACT,-0.15646568046200462
CAGACC,0.013556963646606525
CAGACG,0.2124203649523131
CAGAGA,0.12472892670749623
CAGAGT,-0.056799400144615764
CAGAGC,-0.24043736659023054
CAGAGG,-0.3800254412537036
CAGTAA,0.0947858665363989
CAGTAT,-0.2001870195155997
CAGTAC,0.15027369063611143
CAGTAG,0.009635311983672092
CAGTTA,-0.3708277689985649
CAGTTT,0.03238091839829727
CAGTTC,0.2649702094101396
CAGTTG,0.09243328115636675
CAGTCA,-0.3019416222282052
CAGTCT,-0.49808349624677795
CAGTCC,-0.31156902234103745
CAGTCG,-0.17956224236291715
CAGTGA,0.004227284673811827
CAGTGT,-0.24477457144050446
CAGTGC,-0.014203289794169318
CAGTGG,-0.11378645597189803
CAGCAA,0.4853535067003052
CAGCAT,0.1473931414142001
CAGCAC,0.31318486751368035
CAGCAG,0.1903036395833972
CAGCTA,-0.09443002718772889
CAGCTT,-0.12304339437433669
CAGCTC,0.1728053361573335
CAGCTG,-0.5748118722877684
CAGCCA,-0.11162560975131154
CAGCCT,-0.21401269008594784
CAGCCC,-0.02583687665877367
CAGCCG,-0.47637319756308855
CAGCGA,0.05576192432212221
CAGCGT,0.3178451216846923
CAGCGC,0.06998700617465271
CAGCGG,0.047000529408051876
CAGGAA,0.4625460031691499
CAGGAT,0.22425811237218973
CAGGAC,-0.11104487846240649
CAGGAG,0.1612233827578623
CAGGTA,0.04743211238037385
CAGGTT,0.04232929254295764
CAGGTC,-0.0706745363733074
CAGGTG,0.074709273632798
CAGGCA,0.06873695841725541
CAGGCT,0.10374832125909071
CAGGCC,-0.07091872668016573
CAGGCG,0.26112339897188314
CAGGGA,-0.020969726102778582
CAGGGT,0.11196823446700958
CAGGGC,0.22102870523150697
CAGGGG,0.1654222328717251
CTAAAA,-0.1665731998258155
CTAAAT,-0.10420505721796341
CTAAAC,-0.2016802866635035
CTAAAG,-0.044360032074966214
CTAATA,-0.12719649054355828
CTAATT,-0.35429449052871725
CTAATC,-0.3872768122566724
CTAATG,0.1394935220272847
CTAACA,0.13965849944970046
CTAACT,0.03277996093868048
CTAACC,-0.10850164455868723
CTAACG,0.20763936477824455
CTAAGA,-0.8912850267971849
CTAAGT,-0.3044891907681621
CTAAGC,-0.4088713736838306
CTAAGG,-0.3927051078566688
CTATAA,0.04652001563489291
CTATAT,0.030077455237277954
CTATAC,-0.21531213579923716
CTATAG,0.27473092010470296
CTATTA,0.00687638008156697
CTATTT,0.23186945477966903
CTATTC,0.07989390922076575
CTATTG,0.12375788079754244
CTATCA,0.1780698766893332
CTATCT,0.32098305957875267
CTATCC,0.14539588481124835
CTATCG,0.44414741053896073
CTATGA,-0.21826394048638137
CTATGT,-0.02979231849700488
CTATGC,-0.10692791409783914
CTATGG,-0.3199242847385403
CTACAA,0.4369367816668326
CTACAT,0.2631420467544914
CTACAC,0.35064628965857647
CTACAG,0.09861133368289797
CTACTA,0.17095779814363948
CTACTT,0.26641617824093133
CTACTC,0.20424691742292023
CTACTG,0.07601303702580825
CTACCA,0.16148746989111268
CTACCT,0.2613647641344075
CTACCC,0.37927090701734056
CTACCG,0.5232983962834659
CTACGA,0.15736722949491225
CTACGT,0.18801277832399463
CTACGC,0.40455643017194626
CTACGG,0.39515950304416686
CTAGAA,-1.6966943574313285
CTAGAT,-1.8121066105589245
CTAGAC,-2.50470927708418
CTAGAG,-1.3072927779547645
CTAGTA,-0.9520867841460722
CTAGTT,-1.406330387880311
CTAGTC,-1.3802415972885393
CTAGTG,-1.0553277738913653
CTAGCA,-1.497519996230115
CTAGCT,-1.3862943611198906
CTAGCC,-1.0818051703517284
CTAGCG,-0.8428318080408773
CTAGGA,-2.2246235515243336
CTAGGT,-1.9209252859717183
CTAGGC,-1.4208108030768691
CTAGGG,-1.7326383462202577
CTTAAA,-0.5127045085505537
CTTAAT,-0.15566011407611266
CTTAAC,-0.10882214320511234
CTTAAG,-0.3043394399727381
CTTATA,-0.6344695867848269
CTTATT,-0.28303028892849014
CTTATC,-0.03524537020417666
CTTATG,-0.672093771362113
CTTACA,-0.49816420282931606
CTTACT,-0.22096295772540225
CTTACC,-0.06398262109973671
CTTACG,-0.31621837971671524
CTTAGA,-1.0975808290614475
CTTAGT,-0.6810171709675372
CTTAGC,-0.1520914181454328
CTTAGG,-0.9181936820202411
CTTTAA,0.15801185171139595
CTTTAT,0.472697838329427
CTTTAC,0.3723174748345248
CTTTAG,0.11242929437928192
CTTTTA,-0.05917831404149203
CTTTTT,0.12805028010659456
CTTTTC,-0.3762756163105646
CTTTTG,-0.05454031069782696
CTTTCA,0.1505964841880123
CTTTCT,0.16919350427042523
CTTTCC,0.025885476687445324
CTTTCG,-0.012789156116321447
CTTTGA,0.10668535661593782
CTTTGT,0.44705225542303256
CTTTGC,0.2701034948080301
CTTTGG,0.032698632012445696
CTTCAA,0.375548992856625
CTTCAT,0.384473879919269
CTTCAC,0.3681568388920298
CTTCAG,-0.20871347076261215
CTTCTA,0.32843266135238336
CTTCTT,0.5620364453842356
CTTCTC,0.2848126300238281
CTTCTG,-0.021715752404474962
CTTCCA,0.46700455528192303
CTTCCT,0.5571474528075578
CTTCCC,0.4047538475305087
CTTCCG,0.5010440002902772
CTTCGA,0.16062725858876128
CTTCGT,0.15831338502001924
CTTCGC,0.2169420941653271
CTTCGG,0.08644183139024623
CTTGAA,-0.6401338255462057
CTTGAT,-0.1751786692815744
CTTGAC,-0.9584071263923989
CTTGAG,-0.14784237585766904
CTTGTA,-0.5441794969760866
CTTGTT,-0.0643570823273119
CTTGTC,-0.16585084149155277
CTTGTG,-0.3521003940579856
CTTGCA,-0.45411913079916205
CTTGCT,0.07142060645159812
CTTGCC,0.10451752298408998
CTTGCG,-0.262364264467491
CTTGGA,-1.8046913636866198
CTTGGT,-0.9994056385846616
CTTGGC,-0.9450058803963075
CTTGGG,-1.0663689593898997
CTCAAA,-0.22557429201679483
CTCAAT,0.36832990144590444
CTCAAC,0.42250330291189075
CTCAAG,-0.04370671858884522
CTCATA,-0.3823833006489394
CTCATT,-0.10601030449932339
CTCATC,0.2472350235887428
CTCATG,-0.45670035769340334
CTCACA,-0.613868849839443
CTCACT,0.08262458977703281
CTCACC,0.3101063149983681
CTCACG,-0.08928030639778263
CTCAGA,-1.0141077149844349
CTCAGT,-0.5249456488403024
CTCAGC,-0.5795077673703829
CTCAGG,-0.0569105813734267
CTCTAA,-0.2719835771176178
CTCTAT,0.48232013076806446
CTCTAC,0.7607585183249723
CTCTAG,-1.6863989535702288
CTCTTA,-0.42199441005937505
CTCTTT,0.6979128766329598
CTCTTC,0.9397110060822534
CTCTTG,-0.19823701209985414
CTCTCA,-0.3765468544995672
CTCTCT,0.5337557419312718
CTCTCC,0.6317385524313017
CTCTCG,-0.09371866753205547
CTCTGA,-0.5664235691488442
CTCTGT,-0.23104101460685578
CTCTGC,-0.04884023552111859
CTCTGG,0.03477891402994898
CTCCAA,-1.016265340969835
CTCCAT,0.04706751085798573
CTCCAC,0.1774315714997628
CTCCAG,0.4208538456435973
CTCCTA,-0.6237340527104311
CTCCTT,-0.10051495802430334
CTCCTC,0.06476453537743031
CTCCTG,0.20426601104851397
CTCCCA,-0.053288344371331876
CTCCCT,0.0913627572577847
CTCCCC,0.43184302432276533
CTCCCG,-0.04017970586755126
CTCCGA,-0.6470831820791996
CTCCGT,-0.3891534562836116
CTCCGC,-0.12029087396134741
CTCCGG,0.4852004859631676
CTCGAA,-0.3027409031443959
CTCGAT,0.216562612217789
CTCGAC,0.541725015385891
CTCGAG,-0.6631279064638487
CTCGTA,-0.5807323632626257
CTCGTT,-0.23154849755910523
CTCGTC,0.20055122828561578
CTCGTG,-0.3504379174831847
CTCGCA,-0.6221726192326034
CTCGCT,0.07738085111505688
CTCGCC,0.42812558876477247
CTCGCG,-0.1046264017933855
CTCGGA,-0.7701082216960736
CTCGGT,0.11354109724535262
CTCGGC,0.1174266836786771
CTCGGG,-0.48994989342811457
CTGAAA,-0.0598323015096891
CTGAAT,-0.018715455811356023
CTGAAC,-0.2435215857267892
CTGAAG,-0.11095927116671683
CTGATA,0.0009136592686747673
CTGATT,0.0007138122976827196
CTGATC,-0.45270493662279626
CTGATG,0.055052789087248526
CTGACA,-0.15172426908441616
CTGACT,-0.08030342987550872
CTGACC,0.30323448545926573
CTGACG,0.3216521806694972
CTGAGA,-0.7610978424684531
CTGAGT,-0.15476240137187333
CTGAGC,-0.4645646419364576
CTGAGG,-1.0602333264062807
CTGTAA,-0.20558808200768705
CTGTAT,-0.15058680479998646
CTGTAC,-0.04820499240482591
CTGTAG,-0.021951800203722657
CTGTTA,-0.19373575807839477
CTGTTT,0.24689941007178928
CTGTTC,0.25010910774894024
CTGTTG,0.14691863807970448
CTGTCA,-0.26703307948463945
CTGTCT,-0.32399688344340694
CTGTCC,-0.4368452887467868
CTGTCG,0.11177902293061583
CTGTGA,-0.775260617287382
CTGTGT,-0.453932743650385
CTGTGC,-0.2595202370355299
CTGTGG,-0.1921973394262493
CTGCAA,0.14191137344064444
CTGCAT,-0.037570641296784404
CTGCAC,-0.06540554951090555
CTGCAG,-0.9101490049942935
CTGCTA,-0.28108987879022695
CTGCTT,-0.11093963703296467
CTGCTC,0.25032931851306517
CTGCTG,0.14006529720611258
CTGCCA,0.038078508574504365
CTGCCT,-0.3032552459147509
CTGCCC,-0.03625911420909901
CTGCCG,0.12626498831953253
CTGCGA,-0.6119051238177738
CTGCGT,-0.07468522210828461
CTGCGC,-0.025785670050012033
CTGCGG,-0.08146501252620901
CTGGAA,0.5724906353494926
CTGGAT,0.2280670076722296
CTGGAC,-0.09030993352596281
CTGGAG,0.4425731502767681
CTGGTA,-0.083590336194677
CTGGTT,-0.1092094688218019
CTGGTC,-0.051668052217584706
CTGGTG,0.32939407148080674
CTGGCA,0.42511369562170737
CTGGCT,0.18446553386655135
CTGGCC,-0.4401620154812016
CTGGCG,0.563721496710269
CTGGGA,-0.054201851130158116
CTGGGT,0.08943661230110321
CTGGGC,0.0032862336508188237
CTGGGG,0.2001540330895109
CCAAAA,-0.3791865899184607
CCAAAT,-0.606217700298587
CCAAAC,-0.4083873153834519
CCAAAG,-0.2282992240471182
CCAATA,-0.03059512057820267
CCAATT,-0.6506330920795605
CCAATC,-0.3500667705412399
CCAATG,-0.038479331678571885
CCAACA,0.06973383896660919
CCAACT,-0.36207289003236365
CCAACC,-0.3810442900428064
CCAACG,-0.06673375281992368
CCAAGA,-0.8506957244397865
CCAAGT,-1.1802004031317919
CCAAGC,-0.9743718818300988
CCAAGG,-1.1278651303117715
CCATAA,-0.1692525814292225
CCATAT,-0.11797157007120582
CCATAC,-0.3154230083137848
CCATAG,-0.2182446936534471
CCATTA,0.2660240899976344
CCATTT,0.03977035913045455
CCATTC,-0.06074258365055646
CCATTG,0.3429694886003935
CCATCA,0.1719520536387134
CCATCT,-0.0820180883356391
CCATCC,-0.14125435621654403
CCATCG,0.15120213251771455
CCATGA,-0.24885238354113098
CCATGT,-0.24515125116870332
CCATGC,-0.05605867325930303
CCATGG,-0.7486304028759614
CCACAA,0.15538601043525113
CCACAT,-0.00836824967051658
CCACAC,0.000652954642852817
CCACAG,-0.1382962497825272
CCACTA,0.26984215432344993
CCACTT,0.2646897274558626
CCACTC,0.1238997598351525
CCACTG,-0.02063504627799345
CCACCA,0.27965212483260843
CCACCT,-0.054592086785539895
CCACCC,-0.3873923270484697
CCACCG,0.08372890007173396
CCACGA,-0.14607176418916884
CCACGT,-0.4279172276125152
CCACGC,0.08085209662909497
CCACGG,0.002973920127767267
CCAGAA,0.10602840681639929
CCAGAT,-0.008449367324343534
CCAGAC,0.41423796867991347
CCAGAG,0.0012128564252092296
CCAGTA,0.24748249381433252
CCAGTT,0.39271688519027076
CCAGTC,0.04397321290104473
CCAGTG,0.14941354968892823
CCAGCA,0.46855517991164647
CCAGCT,0.02184867506904462
CCAGCC,0.03229301935083699
CCAGCG,0.43479773476184563
CCAGGA,0.02055336110586634
CCAGGT,-0.027724280829456546
CCAGGC,0.05298748112721365
CCAGGG,0.010628014582105645
CCTAAA,-0.4070730101428768
CCTAAT,-0.5018514660469487
CCTAAC,-0.16489069657308347
CCTAAG,-0.5472349771817258
CCTATA,-0.16126814759612226
CCTATT,-0.3550068868380352
CCTATC,-0.2533218682890427
CCTATG,-0.40793120060335775
CCTACA,0.016871565840007437
CCTACT,-0.2923322604975306
CCTACC,-0.23648275861032644
CCTACG,0.013229988770881114
CCTAGA,-1.8213182714695992
CCTAGT,-1.2365609939190876
CCTAGC,-1.3300546427970146
CCTAGG,-1.968859082040858
CCTTAA,-0.4277567591609978
CCTTAT,-0.37001835911241676
CCTTAC,-0.25677715432226716
CCTTAG,-0.6062578217511759
CCTTTA,0.3589911001565628
CCTTTT,-0.21347558593736968
CCTTTC,-0.07117464386531992
CCTTTG,0.18388904972960143
CCTTCA,0.21629312667439773
CCTTCT,0.18878166904484206
CCTTCC,0.4789409337315855
CCTTCG,0.16489787982045886
CCTTGA,-0.2631316653185963
CCTTGT,-0.10704179382497084
CCTTGC,0.060464564777584884
CCTTGG,-1.2833204814397952
CCTCAA,0.07475368892174548
CCTCAT,-0.3994360407908202
CCTCAC,-0.18395421021783995
CCTCAG,-0.8791146802219056
CCTCTA,0.22076542890924228
CCTCTT,0.4366797390764842
CCTCTC,0.03305792402697249
CCTCTG,-0.37171217796801703
CCTCCA,-0.3182163423933842
CCTCCT,-0.2590855730057928
CCTCCC,-0.32380734031311553
CCTCCG,-0.3384272714570163
CCTCGA,0.16321121059153598
CCTCGT,-0.24617050199338567
CCTCGC,0.0215211360538804
CCTCGG,-0.04058528011507833
CCTGAA,0.14873391463471514
CCTGAT,0.1323257704727149
CCTGAC,0.3995014325033187
CCTGAG,-0.1357383504051118
CCTGTA,0.13775575938535436
CCTGTT,0.37059318577744577
CCTGTC,-0.2383890644862911
CCTGTG,-0.22963407015887347
CCTGCA,0.19168701524007825
CCTGCT,0.3793739223773306
CCTGCC,0.10393884922559998
CCTGCG,0.1220172509938726
CCTGGA,-0.014308055382532943
CCTGGT,-0.05537355718433133
CCTGGC,0.11666790585482223
CCTGGG,0.1370326605467774
CCCAAA,-0.5669657597741553
CCCAAT,-0.5144429266411529
CCCAAC,0.05068227566457901
CCCAAG,-0.8693738120864034
CCCATA,-0.027435870472662705
CCCATT,0.14847978274551768
CCCATC,-0.022539036683568513
CCCATG,-0.10821358464023272
CCCACA,0.10693408010525689
CCCACT,0.27289257634888175
CCCACC,-0.077615014044714
CCCACG,-0.00906172068544866
CCCAGA,-0.01789448987655042
CCCAGT,0.11758589420675537
CCCAGC,0.2462855183240345
CCCAGG,0.24619797159091786
CCCTAA,-0.236107286155264
CCCTAT,-0.31684138480586194
CCCTAC,-0.02208443091029398
CCCTAG,-0.9818703775201368
CCCTTA,-0.4231052127284375
CCCTTT,0.04078959483776922
CCCTTC,0.3143654608401831
CCCTTG,-0.14042720462388777
CCCTCA,-0.40521159055071576
CCCTCT,0.027440746154953434
CCCTCC,-0.48550781578170077
CCCTCG,-0.1041671433217712
CCCTGA,0.23661824989756985
CCCTGT,0.02085656327455726
CCCTGC,0.19955110385955854
CCCTGG,0.12428561314395042
CCCCAA,-0.44344435617338074
CCCCAT,0.0446724400515926
CCCCAC,0.10536051565782635
CCCCAG,0.22386705309423235
CCCCTA,-0.12992128040042303
CCCCTT,0.20343276825027692
CCCCTC,-0.3148519778037088
CCCCTG,0.23623464736108923
CCCCCA,0.07628870083584932
CCCCCT,-0.09149742364976883
CCCCCC,-0.44735012123890877
CCCCCG,-0.19570195825749798
CCCCGA,-0.20554275353050053
CCCCGT,-0.2866311002058059
CCCCGC,-0.06691987963663772
CCCCGG,0.1748673938381814
CCCGAA,-0.4015293863994397
CCCGAT,-0.22458953380123126
CCCGAC,0.1406044722701254
CCCGAG,-0.4544188982290373
CCCGTA,-0.1019795823218357
CCCGTT,-0.13306665635398704
CCCGTC,0.11611330743408811
CCCGTG,-0.10562473665937044
CCCGCA,0.11656671856898711
CCCGCT,0.1484941443450351
CCCGCC,0.12702489867095773
CCCGCG,-0.26209620388419447
CCCGGA,0.4793302638528666
CCCGGT,0.047658103769874394
CCCGGC,0.2171715077907047
CCCGGG,-0.5317256878737323
CCGAAA,-0.260526552851159
CCGAAT,-0.6774773442624131
CCGAAC,-0.3617390228957542
CCGAAG,0.14894430610879306
CCGATA,0.17036894800370203
CCGATT,-0.2669334882931777
CCGATC,-0.3936154898726271
CCGATG,0.11691883258757932
CCGACA,0.3273360170748818
CCGACT,0.07044741719794577
CCGACC,-0.20232793999127063
CCGACG,0.13394626456926734
CCGAGA,0.07593876253806417
CCGAGT,-0.3047487199290858
CCGAGC,-0.19733920987114775
CCGAGG,0.04449385099862674
CCGTAA,-0.04489531990789099
CCGTAT,-0.17276115409127374
CCGTAC,-0.12131153396299872
CCGTAG,0.42776632255302854
CCGTTA,0.25977918423116125
CCGTTT,-0.057334415952428296
CCGTTC,-0.23842781168651417
CCGTTG,0.17600011585515665
CCGTCA,0.28563917082198065
CCGTCT,0.19691021427870728
CCGTCC,-0.2358570045871949
CCGTCG,0.16001892819569033
CCGTGA,-0.07053363401589467
CCGTGT,-0.39939863424342303
CCGTGC,-0.2580648047046847
CCGTGG,0.06825252678156073
CCGCAA,0.06311686880615237
CCGCAT,-0.12343682059986619
CCGCAC,-0.0654529719292456
CCGCAG,-0.1380066961331163
CCGCTA,0.4287537125199814
CCGCTT,0.18132026934082385
CCGCTC,-0.10081702627220597
CCGCTG,0.07779502417846546
CCGCCA,0.404466203837907
CCGCCT,0.12558444853941586
CCGCCC,0.010500139504494818
CCGCCG,0.16440637395268087
CCGCGA,-0.07515422267227692
CCGCGT,-0.223083035110978
CCGCGC,-0.15517953573464008
CCGCGG,-1.200785913397417
CCGGAA,0.5661258422936202
CCGGAT,0.16720092035429196
CCGGAC,0.2178639614168166
CCGGAG,0.5345039467195707
CCGGTA,0.3711966512733496
CCGGTT,-0.07064690130904402
CCGGTC,-0.26228055794251853
CCGGTG,0.2226054829665495
CCGGCA,0.2770742512714348
CCGGCT,-0.35877433230551153
CCGGCC,-1.0033126908183778
CCGGCG,-0.08397952347916443
CCGGGA,0.3861111879820012
CCGGGT,0.13510954490937302
CCGGGC,0.22001038948217294
CCGGGG,0.2776962548085667
CGAAAA,-0.12231452099599979
CGAAAT,0.0071795576084859635
CGAAAC,-0.22817939383716443
CGAAAG,-0.15823329315496837
CGAATA,0.01285057770388058
CGAATT,-0.37271079286604586
CGAATC,-0.5763871114277316
CGAATG,-0.31895203580965986
CGAACA,-0.007270800846942573
CGAACT,-0.0033651181503134473
CGAACC,-0.6190392084062235
CGAACG,-0.42238158177486507
CGAAGA,0.3976370574699766
CGAAGT,0.20229498519266623
CGAAGC,0.0355806396797992
CGAAGG,0.19584478828540747
CGATAA,0.521576242604669
CGATAT,0.48961930983668217
CGATAC,0.11995516440106956
CGATAG,0.4656418278975135
CGATTA,-0.009999588297209311
CGATTT,0.05973374004230773
CGATTC,-0.5073379733741029
CGATTG,-0.20855153268037438
CGATCA,-0.243077766215027
CGATCT,-0.04469553618761
CGATCC,-0.05348699667295381
CGATCG,-0.3373095939705002
CGATGA,0.28281072955599634
CGATGT,0.3060719904122584
CGATGC,0.10548453128395412
CGATGG,0.15532906369249325
CGACAA,0.7356279122015411
CGACAT,0.4187814133960504
CGACAC,0.24227973406722897
CGACAG,0.04712488485037075
CGACTA,0.48596558644659554
CGACTT,0.17919907238750224
CGACTC,0.024753187112195447
CGACTG,-0.14382974459448436
CGACCA,0.16044238819530623
CGACCT,0.07461086379117464
CGACCC,-0.2862324240883016
CGACCG,-0.22190866937905393
CGACGA,0.38124851599566173
CGACGT,0.10011666515181544
CGACGC,0.11844970776784032
CGACGG,0.17590950494565982
CGAGAA,0.35439638983414523
CGAGAT,0.07251498097655197
CGAGAC,-0.3623322635217658
CGAGAG,-0.055880458394456614
CGAGTA,-0.0984483839489276
CGAGTT,-0.03814320977803953
CGAGTC,-0.2862058280595231
CGAGTG,-0.2679118635827369
CGAGCA,0.26455965503092677
CGAGCT,-0.19567734797551034
CGAGCC,-0.6729216450587493
CGAGCG,-0.17562510319883334
CGAGGA,0.4746961031823823
CGAGGT,-0.17079057970463013
CGAGGC,-0.11859528297736287
CGAGGG,-0.16517426385131984
CGTAAA,0.05782045207070271
CGTAAT,0.13913555096163385
CGTAAC,-0.0204881108204695
CGTAAG,-0.149787433199528
CGTATA,-0.5987140533584258
CGTATT,0.13677456858779605
CGTATC,-0.26173867795975675
CGTATG,-0.47520692619678584
CGTACA,-0.10320161378864554
CGTACT,0.11998468130385197
CGTACC,0.020384129669250812
CGTACG,-0.6601721554028757
CGTAGA,0.25830342296783754
CGTAGT,0.5793607245880472
CGTAGC,0.31261785185970875
CGTAGG,-0.04305948946044688
CGTTAA,0.3475797220752498
CGTTAT,0.2896650881466557
CGTTAC,0.18874593447627558
CGTTAG,0.1740655759469354
CGTTTA,-0.11964666703480714
CGTTTT,0.1202483664212151
CGTTTC,-0.16192974206286095
CGTTTG,-0.10845370950631628
CGTTCA,-0.2186632831502181
CGTTCT,-0.06956522674439639
CGTTCC,-0.14836858815237725
CGTTCG,-0.4409183861172148
CGTTGA,0.2954321717907521
CGTTGT,0.2461226596495135
CGTTGC,0.17186388842632885
CGTTGG,-0.07652177031861018
CGTCAA,0.08983925077650387
CGTCAT,0.3437983793363361
CGTCAC,0.2899085796573828
CGTCAG,0.2772721339034122
CGTCTA,-0.23868876264967198
CGTCTT,0.16073798512678014
CGTCTC,-0.08555019602436836
CGTCTG,0.22471100825017634
CGTCCA,-0.02253438513883522
CGTCCT,-0.14052778579761804
CGTCCC,-0.17523770190554958
CGTCCG,-0.03619059647915278
CGTCGA,0.25783984358040757
CGTCGT,0.22680320773174015
CGTCGC,0.15220035035039634
CGTCGG,0.15395462061674883
CGTGAA,0.006247358101378953
CGTGAT,-0.15981122740757528
CGTGAC,0.03111556892979553
CGTGAG,-0.051172123880303726
CGTGTA,-0.5757019256870471
CGTGTT,-0.12136085700426748
CGTGTC,-0.39378936802359304
CGTGTG,-0.5376622777195503
CGTGCA,-0.3240000570390908
CGTGCT,-0.011642005278369857
CGTGCC,-0.2181648644319183
CGTGCG,-0.3240098629774982
CGTGGA,0.01387072903049755
CGTGGT,0.07331253263146796
CGTGGC,-0.17103573512225953
CGTGGG,-0.07423682983059622
CGCAAA,0.014897655087826214
CGCAAT,0.025782864186961834
CGCAAC,-0.10057005417275695
CGCAAG,-0.19246046015381016
CGCATA,-0.30470682125663423
CGCATT,0.02634803075550843
CGCATC,0.002362338687904358
CGCATG,-0.4765396002255211
CGCACA,-0.17928823124588228
CGCACT,0.00821730247659
CGCACC,-0.06686671902052269
CGCACG,-0.3371435619035126
CGCAGA,-0.17884329241762978
CGCAGT,-0.2326491914494975
CGCAGC,-0.2471577130014666
CGCAGG,0.1007066061113205
CGCTAA,0.45453201894185813
CGCTAT,0.48010876412382814
CGCTAC,0.5807371034678104
CGCTAG,-1.0337900393402397
CGCTTA,-0.10568019994475931
CGCTTT,0.2702216812288424
CGCTTC,0.16014568826970807
CGCTTG,-0.4498959674504938
CGCTCA,0.07603138698843176
CGCTCT,0.14044297779857515
CGCTCC,-0.2055506758390613
CGCTCG,-0.10900965392724754
CGCTGA,0.04330694275490051
CGCTGT,0.05437677087807182
CGCTGC,-0.17332992780908324
CGCTGG,0.4220832641810016
CGCCAA,0.11049027947159398
CGCCAT,0.32707679601586326
CGCCAC,0.2591366135409055
CGCCAG,0.5389853921518637
CGCCTA,-0.17661312709014895
CGCCTT,0.1437132987696421
CGCCTC,-0.11489649331040293
CGCCTG,0.31239022239244885
CGCCCA,0.3135627850386067
CGCCCT,0.23600711948045805
CGCCCC,0.047585008308631244
CGCCCG,0.058059075068007615
CGCCGA,0.14510544309739873
CGCCGT,0.2047384833922025
CGCCGC,0.14443148581538187
CGCCGG,-0.03728819895794214
CGCGAA,-0.19402812902611466
CGCGAT,-0.05852410299499882
CGCGAC,0.025605950905171277
CGCGAG,-0.10618040417645999
CGCGTA,-0.12840314833955224
CGCGTT,-0.1742985911229552
CGCGTC,-0.0718591980484195
CGCGTG,-0.25683828692250005
CGCGCA,-0.22146460306047405
CGCGCT,-0.1243068394749919
CGCGCC,-0.032765513511307826
CGCGCG,-0.49212617048474494
CGCGGA,-0.3239554792386158
CGCGGT,-0.30743144830350266
CGCGGC,-0.36334232266064465
CGCGGG,-0.14990799208846828
CGGAAA,0.0996333574385405
CGGAAT,0.07904320734045288
CGGAAC,-0.031479790408843425
CGGAAG,0.5256877726459419
CGGATA,0.17160990119902686
CGGATT,-0.08675594448627963
CGGATC,-0.30380478168131386
CGGATG,-0.007205702738645573
CGGACA,-0.059220506448304504
CGGACT,-0.14473323914810307
CGGACC,-0.6997851402385001
CGGACG,-0.041076843852243874
CGGAGA,0.30019220580016553
CGGAGT,0.026647497180722596
CGGAGC,-0.28187822563198073
CGGAGG,-0.3413261438310331
CGGTAA,0.5195944573560741
CGGTAT,0.2493850570719472
CGGTAC,0.06380550816345823
CGGTAG,0.4829686692630245
CGGTTA,-0.09019869932444058
CGGTTT,-0.037736845415707564
CGGTTC,-0.5048110385616174
CGGTTG,-0.14537205526592545
CGGTCA,0.12243223784868136
CGGTCT,-0.36953309888210106
CGGTCC,-0.7022432624899939
CGGTCG,-0.2924690610090056
CGGTGA,0.41515867844887333
CGGTGT,0.22283697525539842
CGGTGC,0.06131417348672136
CGGTGG,0.013854749080357286
CGGCAA,0.6749804201653253
CGGCAT,0.3340828819990751
CGGCAC,0.13522544690057142
CGGCAG,0.13907206121297142
CGGCTA,0.16882257495527098
CGGCTT,-0.04862353360566849
CGGCTC,-0.37870959046410496
CGGCTG,-0.38582132092650695
CGGCCA,-0.8038183727286115
CGGCCT,-0.1420476576560146
CGGCCC,-0.42781826094130726
CGGCCG,-2.144553016408764
CGGCGA,0.3275327215824041
CGGCGT,0.2673918067785515
CGGCGC,-0.23723180435050167
CGGCGG,0.14203761116433666
CGGGAA,0.4607885766419954
CGGGAT,0.22797498598289476
CGGGAC,-0.5269550056958743
CGGGAG,0.05642795361754954
CGGGTA,0.3283736633727119
CGGGTT,0.08212658443702384
CGGGTC,-0.10715619974898771
CGGGTG,0.07463709602514355
CGGGCA,0.32203744759792424
CGGGCT,0.0027377083541399914
CGGGCC,-0.42732238991800847
CGGGCG,0.1850621508988899
CGGGGA,0.3992534375026813
CGGGGT,-0.2233088269116441
CGGGGC,-0.20682507984986848
CGGGGG,-0.24561922903177547
GAAAAA,0.1598585995308522
GAAAAT,0.1990602324157564
GAAAAC,0.06371581438610778
GAAAAG,-0.31905380275799267
GAAATA,0.17975133323840908
GAAATT,0.16905810597905582
GAAATC,0.23729216390022573
GAAATG,-0.04043589669957411
GAAACA,-0.15014591205466452
GAAACT,-0.1341841645971589
GAAACC,-0.03496328157034065
GAAACG,-0.11915537696090309
GAAAGA,0.03679784422052971
GAAAGT,0.027046416884907807
GAAAGC,-0.0740252329339055
GAAAGG,-0.2383393362877216
GAATAA,0.08067499121925482
GAATAT,0.5186688012270165
GAATAC,0.266444325486853
GAATAG,-0.015864481982125537
GAATTA,-0.18997709657528292
GAATTT,0.08112353847434665
GAATTC,-0.6403632026665392
GAATTG,-0.44978885078087355
GAATCA,-0.45645469868741967
GAATCT,-0.4469355409954611
GAATCC,-0.39238388907216454
GAATCG,-0.47217974536355184
GAATGA,-0.3065812990283275
GAATGT,0.017910110293640417
GAATGC,-0.07873853211070767
GAATGG,-0.07675196733231425
GAACAA,0.22112945194250846
GAACAT,0.1551589398886307
GAACAC,-0.07647359291784875
GAACAG,0.19691748152018418
GAACTA,-0.28147556087376413
GAACTT,-0.21607316035929308
GAACTC,0.06562438178874691
GAACTG,0.16754659217474044
GAACCA,-0.6514030303522484
GAACCT,-0.4924132491327696
GAACCC,-0.6138978089058048
GAACCG,-0.5028748727535194
GAACGA,-0.47176855805619106
GAACGT,-0.045880795220790596
GAACGC,-0.21066903806666032
GAACGG,-0.20516965087731678
GAAGAA,0.5692518092146616
GAAGAT,0.5237975037739692
GAAGAC,0.22113938815204348
GAAGAG,1.0383887198344421
GAAGTA,0.19432737202180764
GAAGTT,0.282935750945792
GAAGTC,0.33444208069133236
GAAGTG,0.5921499115298493
GAAGCA,-0.04361014740669277
GAAGCT,-0.07410015718101563
GAAGCC,0.28102818913279193
GAAGCG,0.25751872635673423
GAAGGA,-0.07466023483929692
GAAGGT,0.49495433965661334
GAAGGC,0.2696917554172022
GAAGGG,0.44666367954870484
GATAAA,0.4320789992231964
GATAAT,0.24810148987580496
GATAAC,0.3652833184753327
GATAAG,0.0979714849277162
GATATA,-0.37624549882727965
GATATT,0.5374314907349119
GATATC,0.5130743317070534
GATATG,-0.048283450198620494
GATACA,-0.410665714183204
GATACT,-0.14734547004167356
GATACC,0.1548947790916377
GATACG,-0.26629670317529236
GATAGA,0.1619523893432527
GATAGT,0.4880455954341707
GATAGC,0.482194424269781
GATAGG,-0.16767694360575694
GATTAA,0.0728162982534238
GATTAT,0.13029742488205612
GATTAC,0.0914537798363366
GATTAG,-0.28611835047559825
GATTTA,-0.18615407259520889
GATTTT,0.1597873551322851
GATTTC,0.09555914825645016
GATTTG,-0.22455101108208955
GATTCA,-0.3410676704922719
GATTCT,-0.2870568770578625
GATTCC,-0.5098808268270371
GATTCG,-0.49783111185303525
GATTGA,-0.06662156200337087
GATTGT,0.14828133651002393
GATTGC,0.1556265158123798
GATTGG,-0.32624860290121865
GATCAA,-0.16962257429530592
GATCAT,-0.16665070576627664
GATCAC,-0.2851507815487927
GATCAG,-0.4666731432471982
GATCTA,-0.7346505572364203
GATCTT,-0.17897578092802616
GATCTC,0.26468366774741664
GATCTG,-0.41497201274757795
GATCCA,-0.3631135020104512
GATCCT,0.005828088376199511
GATCCC,0.16777693153902337
GATCCG,-0.29310213992112005
GATCGA,-0.14232534922414294
GATCGT,-0.13008233769453484
GATCGC,-0.1538538303355813
GATCGG,-0.3962425908402781
GATGAA,0.2598589797018621
GATGAT,0.23815911578685128
GATGAC,0.36273352861043834
GATGAG,0.22024690676086253
GATGTA,0.08211635240154384
GATGTT,0.34556103393909293
GATGTC,0.4382136852189849
GATGTG,0.17565792919528178
GATGCA,-0.13509267319147522
GATGCT,0.18953885509330698
GATGCC,0.2464965076675682
GATGCG,0.01258594591551206
GATGGA,-0.011527505171067383
GATGGT,0.12245944599628064
GATGGC,0.057268424522675755
GATGGG,-0.055119299221079554
GACAAA,0.46962274940871823
GACAAT,0.4442837630602443
GACAAC,0.2534939915546709
GACAAG,-0.2250359100912025
GACATA,0.021062367804589893
GACATT,0.22379907411710007
GACATC,0.37957137904174115
GACATG,-0.16114467810321917
GACACA,-0.12023702461795013
GACACT,-0.10536051565782628
GACACC,0.20397758597204918
GACACG,-0.36763553823511486
GACAGA,-0.3694422558587828
GACAGT,-0.16812296302227445
GACAGC,-0.12994350316586925
GACAGG,-0.23582571498629123
GACTAA,0.18649463554929988
GACTAT,0.3954700785244328
GACTAC,0.5078135732959991
GACTAG,-1.3912819026309298
GACTTA,-0.14208428433855705
GACTTT,0.14465830307219618
GACTTC,0.2702903297399117
GACTTG,-0.6354371440159291
GACTCA,0.007626544231551415
GACTCT,-0.049392755329576474
GACTCC,0.09979110363602862
GACTCG,-0.3601485278791649
GACTGA,-0.3977254837690899
GACTGT,-0.4776970708115471
GACTGC,-0.5493848124782814
GACTGG,0.04108244510122994
GACCAA,-0.0666787365874661
GACCAT,0.04335044087361382
GACCAC,-0.045276237234244614
GACCAG,-0.1377218192602145
GACCTA,-0.1857403635427401
GACCTT,0.09570004073645962
GACCTC,-0.20616970612384908
GACCTG,-0.08676968891420055
GACCCA,-0.4018474611962456
GACCCT,-0.7394279331239515
GACCCC,-0.6567795363890705
GACCCG,-0.17017390199191848
GACCGA,-0.13133069700722738
GACCGT,0.009456335242035444
GACCGC,-0.2567507015222997
GACCGG,-0.23213526250617372
GACGAA,0.23613637159669565
GACGAT,0.41040687601894343
GACGAC,0.2922396486077045
GACGAG,0.06234080534693174
GACGTA,-0.02944341160289409
GACGTT,0.35374239051745465
GACGTC,-0.024176673754530077
GACGTG,-0.11946121329156965
GACGCA,0.021978906718775167
GACGCT,0.3451694461489416
GACGCC,0.25348700741913477
GACGCG,-0.14088311394689906
GACGGA,0.014584869724332282
GACGGT,0.19098643967967843
GACGGC,0.12419729130430492
GACGGG,0.12873386684313512
GAGAAA,0.46595736349631395
GAGAAT,0.18418499404287395
GAGAAC,-0.016925439614226954
GAGAAG,0.4115584009238243
GAGATA,0.32911643686257486
GAGATT,0.13421370188870219
GAGATC,0.23226899218585947
GAGATG,0.2508680993290646
GAGACA,-0.0019980026626731087
GAGACT,-0.24961363634870867
GAGACC,-1.5567211302616961
GAGACG,0.01093745912538142
GAGAGA,0.2686652532068308
GAGAGT,0.28733125680180505
GAGAGC,0.1508228897345837
GAGAGG,-0.020140636425644197
GAGTAA,0.25217784884305494
GAGTAT,0.04454411241262209
GAGTAC,0.143018839458414
GAGTAG,0.2471755398707915
GAGTTA,0.19208872685199177
GAGTTT,0.2146419060588891
GAGTTC,0.04164254105025267
GAGTTG,0.14169040617131107
GAGTCA,-0.008649354937873327
GAGTCT,-0.037504395458454284
GAGTCC,-0.31602654546092335
GAGTCG,0.009776137880848516
GAGTGA,0.12519885787749055
GAGTGT,-0.041289577493988476
GAGTGC,-0.21500595554853308
GAGTGG,0.20622400545560757
GAGCAA,0.4337773378208731
GAGCAT,0.1554626246752237
GAGCAC,-0.07825219689974826
GAGCAG,0.23037204008375786
GAGCTA,-0.03302525543149442
GAGCTT,-0.26444512134198955
GAGCTC,-1.2740193840332317
GAGCTG,0.12778279280519483
GAGCCA,-0.4355271997157626
GAGCCT,-0.37858990999442116
GAGCCC,-1.4945880707551584
GAGCCG,-0.34125669121035174
GAGCGA,0.04340079616896796
GAGCGT,0.21466565853191186
GAGCGC,-0.2676445997678165
GAGCGG,-0.08159604364027694
GAGGAA,0.4129968109491683
GAGGAT,0.29730910227894514
GAGGAC,-0.44146030649098944
GAGGAG,0.05816482432155169
GAGGTA,-0.27712808511445236
GAGGTT,-0.34623436417783926
GAGGTC,-0.323580110065593
GAGGTG,-0.10724897529736757
GAGGCA,-0.25891165589023796
GAGGCT,-0.3073703987934232
GAGGCC,-0.448682216937463
GAGGCG,0.005121650120054924
GAGGGA,-0.25815373193114766
GAGGGT,-0.16378930866502694
GAGGGC,-0.30946873365496463
GAGGGG,0.002612104227924961
GTAAAA,0.13464518520300167
GTAAAT,0.10159249857172113
GTAAAC,0.05572592575878804
GTAAAG,0.15664897304035347
GTAATA,0.2796175126150505
GTAATT,0.004247265754583614
GTAATC,0.059339828638764434
GTAATG,0.37347432647830625
GTAACA,-0.1368591827171973
GTAACT,-0.17875394687367938
GTAACC,-0.14957236939286667
GTAACG,0.184166575767524
GTAAGA,-0.37622680011240034
GTAAGT,-0.12050143594648371
GTAAGC,-0.12359583438951155
GTAAGG,-0.15196575493380873
GTATAA,-0.5190378248150852
GTATAT,-0.5622370214152969
GTATAC,-0.6724125229672316
GTATAG,-0.05156697956008405
GTATTA,0.0019135944604397306
GTATTT,0.01641530716434173
GTATTC,0.285828503802458
GTATTG,0.39093014503899864
GTATCA,-0.26444354921970037
GTATCT,-0.2469111387194048
GTATCC,-0.16912339567023482
GTATCG,0.07991090616641525
GTATGA,-0.4297418099555897
GTATGT,-0.3176551862023147
GTATGC,-0.3021831631425808
GTATGG,-0.25181453058498005
GTACAA,-0.07952337623274619
GTACAT,-0.06923482648450253
GTACAC,-0.2368947229270343
GTACAG,0.001985634011043904
GTACTA,-0.2505809388130898
GTACTT,-0.07852476311231098
GTACTC,0.08297911346169135
GTACTG,0.16289367186678458
GTACCA,-0.3542537910129498
GTACCT,-0.37071462718991127
GTACCC,-0.25851069515150105
GTACCG,0.06625575701737618
GTACGA,-0.3577015485827582
GTACGT,-0.17345578816163146
GTACGC,-0.03762387287615903
GTACGG,-0.13872490928819659
GTAGAA,0.499025366430214
GTAGAT,0.1799846668080722
GTAGAC,-0.07894320234011956
GTAGAG,0.6637771188950393
GTAGTA,0.43944896092376295
GTAGTT,0.32840626267834955
GTAGTC,0.38819270425913743
GTAGTG,0.6813954175555045
GTAGCA,0.014662740084239205
GTAGCT,0.07051378432765813
GTAGCC,0.3285784412980531
GTAGCG,0.6114287565215478
GTAGGA,-0.6086933497214326
GTAGGT,0.14319534820058877
GTAGGC,-0.20012195559027018
GTAGGG,0.13164323745702108
GTTAAA,-0.07097243897732629
GTTAAT,0.24640268641496327
GTTAAC,0.22229228618831803
GTTAAG,0.02933337813556147
GTTATA,-0.15651275279997404
GTTATT,0.09684982598991762
GTTATC,0.39214620941925427
GTTATG,-0.24994992276991526
GTTACA,-0.25780539360586513
GTTACT,0.02627847411997427
GTTACC,0.16247250316475043
GTTACG,-0.057152847135521156
GTTAGA,-0.21006476506464203
GTTAGT,0.037217387816816175
GTTAGC,0.26887435588703906
GTTAGG,-0.17720645612718416
GTTTAA,-0.24966376112360528
GTTTAT,0.11717030904703697
GTTTAC,-0.029107724967764637
GTTTAG,-0.29531708499981957
GTTTTA,0.0868438166675218
GTTTTT,0.00018283206925418584
GTTTTC,0.11348763833671766
GTTTTG,0.08817032895905538
GTTTCA,-0.25142074905076855
GTTTCT,0.036006372490644915
GTTTCC,-0.10191874718937123
GTTTCG,-0.27111705557708576
GTTTGA,-0.06848159344390799
GTTTGT,0.22815609313775412
GTTTGC,0.1392923956373996
GTTTGG,-0.4296271682592482
GTTCAA,-0.2197885552049999
GTTCAT,-0.04968262295245171
GTTCAC,-0.14335818654523536
GTTCAG,-0.15567767272062613
GTTCTA,-0.21280457351903043
GTTCTT,-0.034095867446005415
GTTCTC,0.02020270731751947
GTTCTG,-0.12650813306933878
GTTCCA,-0.12330871497704685
GTTCCT,0.1391054045356169
GTTCCC,-0.06677543106879327
GTTCCG,-0.007268601563249425
GTTCGA,-0.17472551520595828
GTTCGT,-0.2641704602082332
GTTCGC,-0.25329339326875244
GTTCGG,-0.3563017399784388
GTTGAA,0.11134153057264695
GTTGAT,0.40708008019716424
GTTGAC,-0.041672696400568074
GTTGAG,0.42055819494666474
GTTGTA,0.20672282110188234
GTTGTT,0.38335912376347675
GTTGTC,0.23902659748721278
GTTGTG,0.057172974225507815
GTTGCA,-0.004368863244849306
GTTGCT,0.3625210729243442
GTTGCC,0.3995303725883499
GTTGCG,-0.04749708840899104
GTTGGA,-0.6604528945744395
GTTGGT,-0.01719506388909887
GTTGGC,-0.049729572411367835
GTTGGG,-0.01896520194938353
GTCAAA,-0.1961468845592846
GTCAAT,0.02474816968919396
GTCAAC,-0.05521961633470598
GTCAAG,-0.92470352078267
GTCATA,0.10816805351970414
GTCATT,0.2440422336047243
GTCATC,0.36099294709751895
GTCATG,-0.004313115038656334
GTCACA,-0.3144673614411326
GTCACT,0.17093341117115912
GTCACC,0.266850818550575
GTCACG,0.10287765153352013
GTCAGA,-0.1285138206325431
GTCAGT,0.044024792424778705
GTCAGC,0.1516404120065013
GTCAGG,0.39102799390933457
GTCTAA,-0.8760951075591583
GTCTAT,-0.1072792035996456
GTCTAC,0.12193150003067246
GTCTAG,-1.8429277558024544
GTCTTA,-0.6501632979973223
GTCTTT,0.18215979030353027
GTCTTC,0.1151875547920028
GTCTTG,-0.5410051409782306
GTCTCA,-0.808244620894155
GTCTCT,-0.03988172452471107
GTCTCC,-0.1906203596086497
GTCTCG,-0.47713303667157336
GTCTGA,-0.2557464617424956
GTCTGT,-0.21715160945808204
GTCTGC,-0.14127308735482863
GTCTGG,0.4371015533381432
GTCCAA,-1.2075014550297478
GTCCAT,-0.22359433536408824
GTCCAC,-0.20629918141928863
GTCCAG,-0.042029677978842925
GTCCTA,-0.8802649096173929
GTCCTT,-0.48613986046723123
GTCCTC,-0.6013451257972222
GTCCTG,-0.1593881291668037
GTCCCA,-0.2701105609221267
GTCCCT,-0.37916062022142927
GTCCCC,-0.118969778187797
GTCCCG,-0.5650240426319606
GTCCGA,-0.753079521282619
GTCCGT,-0.35149695219443355
GTCCGC,-0.37482013060620223
GTCCGG,0.27368880926244105
GTCGAA,-0.014387026586649745
GTCGAT,0.629554974324659
GTCGAC,-0.15593480162075973
GTCGAG,0.5441240251229719
GTCGTA,0.04365263015773681
GTCGTT,0.12806947114502715
GTCGTC,0.2918965483690611
GTCGTG,0.03338314834629043
GTCGCA,-0.3196771945785767
GTCGCT,0.19572109605770563
GTCGCC,0.40250565048796416
GTCGCG,0.022504664997190515
GTCGGA,-0.4091619699894905
GTCGGT,0.24705148380827052
GTCGGC,0.08253174344992587
GTCGGG,0.19656333627576922
GTGAAA,0.19441650614024425
GTGAAT,-0.008526537667245117
GTGAAC,-0.14575514614380744
GTGAAG,0.4934988780849618
GTGATA,0.07251257188512274
GTGATT,0.1418661098909976
GTGATC,-0.23792170684740277
GTGATG,0.3669036266883217
GTGACA,0.09746613732804156
GTGACT,-0.025211419346495942
GTGACC,0.0706520242570994
GTGACG,0.27057820722124465
GTGAGA,-0.022212405271083792
GTGAGT,0.233685500091775
GTGAGC,0.06722810184782925
GTGAGG,-0.158552741227896
GTGTAA,-0.21354422681226912
GTGTAT,-0.2802297789963384
GTGTAC,-0.30641259110352154
GTGTAG,0.3698157374997906
GTGTTA,-0.01687077369774179
GTGTTT,-0.09159270340419236
GTGTTC,-0.07720792423823411
GTGTTG,0.29891958056862866
GTGTCA,-0.11766461538269411
GTGTCT,-0.2211415486435368
GTGTCC,-0.41822123945260126
GTGTCG,0.23437591255286472
GTGTGA,-0.28406166529348253
GTGTGT,-0.3073106504915819
GTGTGC,-0.2045094717693168
GTGTGG,-0.04198314584919141
GTGCAA,-0.20238639452559504
GTGCAT,-0.1844664940342715
GTGCAC,-0.5796096381024404
GTGCAG,-0.052147947654740956
GTGCTA,-0.2421045639554617
GTGCTT,-0.22650239007567524
GTGCTC,-0.10243315820181388
GTGCTG,0.28488438870629074
GTGCCA,-0.006761541466915362
GTGCCT,-0.0062721230506059935
GTGCCC,-0.38845376228162776
GTGCCG,0.23008458066844442
GTGCGA,-0.3463080772603993
GTGCGT,-0.16271222325002554
GTGCGC,-0.1497108710194271
GTGCGG,-0.11737891360602598
GTGGAA,0.1889773206976928
GTGGAT,0.09216089790190717
GTGGAC,-0.30244979154314183
GTGGAG,0.22048315887227904
GTGGTA,-0.03423482946580165
GTGGTT,-0.05936395704840214
GTGGTC,-0.00010203561051659586
GTGGTG,0.4666287735704087
GTGGCA,-0.011674836206930007
GTGGCT,-0.1439191134177892
GTGGCC,-0.8172646889426185
GTGGCG,0.2374410327715677
GTGGGA,-0.005521640398789729
GTGGGT,0.03449784093950225
GTGGGC,-0.13981339461462874
GTGGGG,0.09368238925666014
GCAAAA,0.3641799691854589
GCAAAT,0.16067415364187854
GCAAAC,0.24969236790903812
GCAAAG,0.10631588627778372
GCAATA,0.5327220256375593
GCAATT,0.12747424060281062
GCAATC,0.08978354434311106
GCAATG,0.34068537497191
GCAACA,0.4249509653047924
GCAACT,0.1691872796618264
GCAACC,-0.048790164169432056
GCAACG,0.16603070075026863
GCAAGA,-0.05336077592709386
GCAAGT,-0.28400559772247225
GCAAGC,-0.11790358294120194
GCAAGG,0.171298733066254
GCATAA,-0.1436183274340926
GCATAT,-0.05713499710400637
GCATAC,-0.30465899427790094
GCATAG,-0.1776595436881433
GCATTA,0.33537977596662627
GCATTT,0.027168553314508886
GCATTC,-0.040064951278561946
GCATTG,0.2100889726129518
GCATCA,0.11908723201661438
GCATCT,-0.02758367422120494
GCATCC,-0.026090576653325336
GCATCG,0.07135643732774063
GCATGA,-0.09806857843795774
GCATGT,-0.1096447304044139
GCATGC,-1.0724495577750113
GCATGG,-0.09223122421603362
GCACAA,0.1891414166439331
GCACAT,-0.07645355571544225
GCACAC,-0.23040712343555753
GCACAG,-0.2932251915793965
GCACTA,0.3436933682995798
GCACTT,0.06170882232484392
GCACTC,-0.13418524858156042
GCACTG,0.031141478950242718
GCACCA,0.1035379652403162
GCACCT,-0.022194122473399077
GCACCC,-0.36466474713721836
GCACCG,0.08131762471819962
GCACGA,-0.2870189738626186
GCACGT,-0.32182532519530394
GCACGC,-0.16289469781419152
GCACGG,-0.29443374822310736
GCAGAA,0.05350886796846485
GCAGAT,-0.12410869267096553
GCAGAC,-0.14194075070314283
GCAGAG,0.027625279443654085
GCAGTA,-0.062764304046031
GCAGTT,-0.07881331980722764
GCAGTC,-0.49091253875667923
GCAGTG,-0.15519678651424235
GCAGCA,0.1363645433276007
GCAGCT,-0.29764216754731726
GCAGCC,-0.5066041273501481
GCAGCG,-0.15512691239831283
GCAGGA,0.36089308818645494
GCAGGT,0.0846804917184569
GCAGGC,0.1535671390915712
GCAGGG,0.25696416082302515
GCTAAA,0.19334539943458268
GCTAAT,0.1905589842466467
GCTAAC,0.31445231351638564
GCTAAG,-0.20212418409013436
GCTATA,0.1605984372616361
GCTATT,0.30041313829949673
GCTATC,0.5022029245501166
GCTATG,-0.02168321083114209
GCTACA,0.22183092806732946
GCTACT,0.24116205681688804
GCTACC,0.3888268855599612
GCTACG,0.3823152805502336
GCTAGA,-2.006664044997712
GCTAGT,-1.0218973710872479
GCTAGC,-0.9197767122700942
GCTAGG,-1.440481192461477
GCTTAA,-0.04059616257052681
GCTTAT,-0.197197602605749
GCTTAC,-0.21011950815498648
GCTTAG,-0.42478938093456714
GCTTTA,0.2400983212321409
GCTTTT,-0.00963983727678168
GCTTTC,0.11343674084765622
GCTTTG,0.13623582812099308
GCTTCA,-0.01976487078789704
GCTTCT,0.12192466489082802
GCTTCC,0.17410698135109948
GCTTCG,-0.04035956135263001
GCTTGA,-0.4781514715740512
GCTTGT,-0.25500511951292565
GCTTGC,-0.19700304418340223
GCTTGG,-1.0443255645708536
GCTCAA,0.2135395003170857
GCTCAT,0.09694314399654301
GCTCAC,0.0007293059761691479
GCTCAG,-0.3570456617312534
GCTCTA,0.1771125950929181
GCTCTT,0.23747700690321144
GCTCTC,0.18384785097120487
GCTCTG,-0.27488360055572203
GCTCCA,0.0408219945202552
GCTCCT,-0.1812922206248405
GCTCCC,-0.1703771546688024
GCTCCG,-0.2525367644722124
GCTCGA,-0.029142626886990704
GCTCGT,-0.22957022436165336
GCTCGC,-0.08145016744141624
GCTCGG,-0.15912169254927871
GCTGAA,-0.021427064034694878
GCTGAT,0.012532953322739699
GCTGAC,0.14611640736082362
GCTGAG,-0.5735007076546424
GCTGTA,0.0006319686031665883
GCTGTT,0.18979681957937578
GCTGTC,-0.08862395241047273
GCTGTG,-0.333317977437408
GCTGCA,-0.3395962115393475
GCTGCT,-0.07625066640666525
GCTGCC,-0.09697000009493216
GCTGCG,-0.25360508437760954
GCTGGA,0.5170175940139118
GCTGGT,0.10474640648062365
GCTGGC,0.2892564782903845
GCTGGG,0.12609535769723815
GCCAAA,-0.19147529381534276
GCCAAT,-0.004822002642603384
GCCAAC,-0.08159189466036568
GCCAAG,-0.8601839789890036
GCCATA,-0.1536885014181685
GCCATT,0.2928772184495289
GCCATC,0.08635541874815672
GCCATG,-0.3687844902622172
GCCACA,-0.11849200413698353
GCCACT,0.0422598092898826
GCCACC,-0.0628623737434891
GCCACG,-0.17502658848578379
GCCAGA,0.22157013250656798
GCCAGT,0.3823732780796959
GCCAGC,0.27040256024652587
GCCAGG,0.07971542254020382
GCCTAA,-0.3280333679753482
GCCTAT,-0.1784380567675571
GCCTAC,-0.16151551927332686
GCCTAG,-1.8518237099707051
GCCTTA,-0.4495715904285297
GCCTTT,0.15224410155667667
GCCTTC,0.2799511271260969
GCCTTG,-0.41017574938962087
GCCTCA,-0.48739758012362344
GCCTCT,-0.046178817842913285
GCCTCC,-0.3862337461802767
GCCTCG,-0.1739807687115433
GCCTGA,0.14456044980621338
GCCTGT,0.11470014325395904
GCCTGC,0.1719330075576799
GCCTGG,0.11838475659637518
GCCCAA,-0.432338542381007
GCCCAT,0.17711624385238559
GCCCAC,-0.06151828326335506
GCCCAG,0.15659619640245032
GCCCTA,-0.3664064444392575
GCCCTT,-0.015523063186493057
GCCCTC,-0.3246825327167492
GCCCTG,0.19749768346170835
GCCCCA,0.025710636070937543
GCCCCT,0.060433174060575
GCCCCC,-0.016564861932011846
GCCCCG,-0.1599492590394216
GCCCGA,-0.30117284456650933
GCCCGT,0.025829828848688802
GCCCGC,-0.051155777618334175
GCCCGG,0.12331679921480433
GCCGAA,-0.1553707681398209
GCCGAT,0.12409004862510321
GCCGAC,0.11344340886863138
GCCGAG,0.14255654130617448
GCCGTA,0.02767582745163559
GCCGTT,0.11415016083703584
GCCGTC,0.06647408079920361
GCCGTG,-0.13264965450048827
GCCGCA,-0.15262745028673688
GCCGCT,0.10921549021720078
GCCGCC,0.21599806597711044
GCCGCG,-0.4001063368461651
GCCGGA,0.489466029630065
GCCGGT,-0.06728850111444788
GCCGGC,-2.217240132638969
GCCGGG,0.32044132107744644
GCGAAA,0.07024207113390696
GCGAAT,-0.05989646849952879
GCGAAC,-0.19303146889364511
GCGAAG,0.26947485072693167
GCGATA,0.4642488766581635
GCGATT,0.07491498165105927
GCGATC,-0.13351783504888812
GCGATG,0.3175542149184871
GCGACA,0.3069510950495057
GCGACT,0.01491250555308027
GCGACC,-0.03723694996644312
GCGACG,0.11745116068116214
GCGAGA,0.14038278470985588
GCGAGT,-0.02199557769211046
GCGAGC,-0.0936205621006827
GCGAGG,0.03346880734869732
GCGTAA,0.21883744678788486
GCGTAT,-0.06183259458261144
GCGTAC,0.003266197786621324
GCGTAG,0.3355771149740966
GCGTTA,0.30295307722150355
GCGTTT,0.11523748264626375
GCGTTC,-0.22358181142859823
GCGTTG,0.06454591624718528
GCGTCA,0.2230035050987297
GCGTCT,0.1080464676858288
GCGTCC,-0.20904208189060883
GCGTCG,0.16863026172320297
GCGTGA,0.11382489509348095
GCGTGT,-0.15670757204103505
GCGTGC,-0.15790154418957608
GCGTGG,0.11066265807286019
GCGCAA,0.07224188803730137
GCGCAT,-0.015381357283625673
GCGCAC,-0.10422928355296796
GCGCAG,-0.015001153452285549
GCGCTA,0.22606714143649456
GCGCTT,-0.09218873188192593
GCGCTC,-0.144669682899071
GCGCTG,0.01687973943027578
GCGCCA,0.08817186589043359
GCGCCT,-0.06253561738375117
GCGCCC,-0.18978954992346955
GCGCCG,-0.24843334263852646
GCGCGA,-0.07489629392010355
GCGCGT,-0.09071861930248855
GCGCGC,-0.45564714517621224
GCGCGG,-0.15064969272760037
GCGGAA,0.17127885635425052
GCGGAT,0.09013879190183474
GCGGAC,-0.36370198915162805
GCGGAG,-0.2060615440970275
GCGGTA,0.3094253673759439
GCGGTT,-0.25637673481837125
GCGGTC,-0.3589621295544791
GCGGTG,0.13191834451063378
GCGGCA,0.30421137440299156
GCGGCT,-0.23401669969002709
GCGGCC,-0.9122034429089
GCGGCG,0.15779253789594302
GCGGGA,0.15022990937757344
GCGGGT,0.2287453520396728
GCGGGC,0.07059138840395328
GCGGGG,-0.13272035492339845
GGAAAA,0.2805091117110876
GGAAAT,0.3191667045219235
GGAAAC,-0.03372810923976206
GGAAAG,-0.08670684344450934
GGAATA,0.4642845840480099
GGAATT,0.026503721782978763
GGAATC,-0.5190504137270865
GGAATG,0.04210205321200255
GGAACA,0.34917197790859783
GGAACT,0.09910114020687207
GGAACC,-0.5183802284795791
GGAACG,-0.1312660018451004
GGAAGA,0.8854268588643173
GGAAGT,0.5972247112110161
GGAAGC,0.34846091291972514
GGAAGG,0.569116989633317
GGATAA,0.2929992137294012
GGATAT,0.3740055600880348
GGATAC,-0.24123140254001835
GGATAG,0.21547284124022903
GGATTA,0.16612432906438349
GGATTT,0.036002476589133484
GGATTC,-0.3327271034417107
GGATTG,-0.08308802806088829
GGATCA,-0.07789089533226008
GGATCT,-0.014278111864288392
GGATCC,-0.7274853181408368
GGATCG,-0.10756532842668433
GGATGA,0.17824823140631876
GGATGT,0.24091610981722644
GGATGC,0.04216537855690129
GGATGG,-0.16537842800455732
GGACAA,0.16056006501244188
GGACAT,0.06398935859662376
GGACAC,-0.46001575351815616
GGACAG,-0.41980382867955623
GGACTA,0.06362569588021155
GGACTT,-0.17401434662618845
GGACTC,-0.241051736335779
GGACTG,-0.3680220856347687
GGACCA,-0.8399457422386317
GGACCT,-0.8360628218665398
GGACCC,-0.9648824636587708
GGACCG,-0.7947728542641792
GGACGA,0.10778593523149017
GGACGT,-0.03832137474873241
GGACGC,-0.19573382871417302
GGACGG,-0.22165135263981658
GGAGAA,0.4683833210327463
GGAGAT,0.43140417193670916
GGAGAC,-0.1823215567939547
GGAGAG,0.4361870068664661
GGAGTA,0.2293202232059388
GGAGTT,0.21143125861823445
GGAGTC,0.06280090123903023
GGAGTG,0.04155755909920913
GGAGCA,0.02026427229937708
GGAGCT,-0.0827685178112813
GGAGCC,-0.3181032706488351
GGAGCG,-0.22871668950642485
GGAGGA,-0.0005968367828615256
GGAGGT,-0.3626766345511684
GGAGGC,-0.29317543086788883
GGAGGG,-0.36637771940011754
GGTAAA,0.4508681578886388
GGTAAT,0.41274860171555194
GGTAAC,0.07537574376244405
GGTAAG,-0.010642172096144981
GGTATA,-0.17813118849532794
GGTATT,0.43640104562577103
GGTATC,0.10429356436962643
GGTATG,-0.2838260057174971
GGTACA,-0.07765258570181648
GGTACT,0.11138463026120725
GGTACC,-0.8217328252785917
GGTACG,-0.0023207251074812934
GGTAGA,0.5534463909137461
GGTAGT,0.49186771002137664
GGTAGC,0.39300289218041967
GGTAGG,-0.07632226755963357
GGTTAA,0.15686671323158852
GGTTAT,0.15051604191164783
GGTTAC,-0.10717892339945652
GGTTAG,-0.04496529790601365
GGTTTA,-0.19429961086896694
GGTTTT,0.06672649334671076
GGTTTC,-0.0649758874388146
GGTTTG,-0.23989140861543237
GGTTCA,-0.6011683554976673
GGTTCT,-0.4553805413025062
GGTTCC,-0.5470855862332157
GGTTCG,-0.6119499605395838
GGTTGA,0.017421501436250132
GGTTGT,0.04852704089466038
GGTTGC,-0.09511409496432273
GGTTGG,-0.30874317108855337
GGTCAA,-0.12126722873104344
GGTCAT,0.2561698970032176
GGTCAC,-0.005126025748025798
GGTCAG,0.20971317265741232
GGTCTA,-0.6738259188702317
GGTCTT,-0.38215827876323955
GGTCTC,-1.5676327303407898
GGTCTG,0.024171464140533973
GGTCCA,-0.7553005725415445
GGTCCT,-1.0539579452161667
GGTCCC,-1.0340238287055887
GGTCCG,-0.6218552602778867
GGTCGA,0.08631461689574699
GGTCGT,0.029213806814256223
GGTCGC,-0.045075530814713015
GGTCGG,-0.22414903367131112
GGTGAA,0.4150311686559388
GGTGAT,0.45916913825501005
GGTGAC,0.31854020680210676
GGTGAG,0.3685269345257467
GGTGTA,0.28422271639503127
GGTGTT,0.31957590960510956
GGTGTC,0.22251874654536763
GGTGTG,0.09133608474155767
GGTGCA,-0.11311108112814429
GGTGCT,0.15520964380024055
GGTGCC,0.14042525676023532
GGTGCG,-0.09524891843266352
GGTGGA,0.10393962837929108
GGTGGT,0.2812534661990715
GGTGGC,-0.03199859411662806
GGTGGG,-0.21494914917984212
GGCAAA,0.6166670820806766
GGCAAT,0.7135355142121871
GGCAAC,0.37193768453669335
GGCAAG,0.16690287745118354
GGCATA,0.014908265866067685
GGCATT,0.4957111303779377
GGCATC,0.2506218826705925
GGCATG,-0.09948694638097323
GGCACA,-0.023751956828661033
GGCACT,0.16220839942044182
GGCACC,0.07670082039959293
GGCACG,-0.24035761859385682
GGCAGA,0.15763170797441686
GGCAGT,-0.06497447260854598
GGCAGC,-0.08365167464483556
GGCAGG,0.1012016262178364
GGCTAA,0.310454805356496
GGCTAT,0.37572632228963543
GGCTAC,0.3503370340323086
GGCTAG,-1.1953644297893358
GGCTTA,-0.13509934961313572
GGCTTT,0.2775773311141933
GGCTTC,0.19064846963128013
GGCTTG,-0.3615112962086596
GGCTCA,-0.4306326543863673
GGCTCT,-0.4817213088001757
GGCTCC,-0.36407989194531
GGCTCG,-0.6473441821641845
GGCTGA,-0.20817769281864396
GGCTGT,-0.21683438212094508
GGCTGC,-0.47389205687805186
GGCTGG,0.06874286106854849
GGCCAA,-0.7421477160355071
GGCCAT,-0.5317717617642493
GGCCAC,-0.84542216710985
GGCCAG,-0.4247441666925253
GGCCTA,-0.5739371563657545
GGCCTT,-0.2901070509059629
GGCCTC,-0.36924067501634333
GGCCTG,-0.060494150161216814
GGCCCA,-0.5468594459907528
GGCCCT,-0.7726880901130585
GGCCCC,-0.4083668768081221
GGCCCG,-0.5567427316662772
GGCCGA,-0.6819574289406226
GGCCGT,-0.6993227626040952
GGCCGC,-0.8736321072768451
GGCCGG,-1.059729481381173
GGCGAA,0.4637830783785576
GGCGAT,0.6318149666136177
GGCGAC,0.3872068258755053
GGCGAG,0.4295247377684512
GGCGTA,0.3414175998773822
GGCGTT,0.3877067265043215
GGCGTC,0.19295689705167274
GGCGTG,0.23476149597314347
GGCGCA,0.19356375949017585
GGCGCT,0.3693389167318764
GGCGCC,-3.318008990770271
GGCGCG,-0.017149603189371674
GGCGGA,0.18901939908605456
GGCGGT,0.2744257560921698
GGCGGC,0.22875247228216053
GGCGGG,0.19412542451421805
GGGAAA,0.27173426728964883
GGGAAT,0.184922338494012
GGGAAC,-0.03627111441550283
GGGAAG,0.48735326758084857
GGGATA,0.2503611196061351
GGGATT,0.23684961721857692
GGGATC,0.08287951087592588
GGGATG,0.17017583537735081
GGGACA,-0.21249515755717455
GGGACT,-0.20279811938358855
GGGACC,-1.1037555770084122
GGGACG,-0.3428428783658206
GGGAGA,0.44678325743889546
GGGAGT,0.21906468773938878
GGGAGC,-0.19041372669129084
GGGAGG,-0.18199212177203278
GGGTAA,0.4898956006345026
GGGTAT,0.2619092781690973
GGGTAC,-0.291032159337063
GGGTAG,0.3263402527248568
GGGTTA,0.4195274854516265
GGGTTT,-0.18928052711825807
GGGTTC,-0.6412065671294008
GGGTTG,-0.11784261088502102
GGGTCA,-0.07658304075362712
GGGTCT,-0.4119634015969924
GGGTCC,-1.0302314747336736
GGGTCG,-0.2384667259934042
GGGTGA,0.5058914032287692
GGGTGT,0.165820087900068
GGGTGC,-0.3876669639990619
GGGTGG,-0.26549906327286255
GGGCAA,0.5981511796516668
GGGCAT,0.24248152661870587
GGGCAC,-0.45150015768117585
GGGCAG,-0.014736061983532254
GGGCTA,0.3475005676626911
GGGCTT,0.1995539307010975
GGGCTC,-1.2542958294967939
GGGCTG,-0.0803938929273653
GGGCCA,-0.2766600136571784
GGGCCT,-0.5628944793971209
GGGCCC,-2.28165325695301
GGGCCG,-0.4668466338847739
GGGCGA,0.559469789508702
GGGCGT,0.31312928575072335
GGGCGC,-0.17450874697664057
GGGCGG,0.07051952078889252
GGGGAA,0.3814943608490742
GGGGAT,0.5540756075598072
GGGGAC,-0.22180932830107317
GGGGAG,0.5906412025104371
GGGGTA,0.08117329004382244
GGGGTT,-0.24699476713638965
GGGGTC,-0.550539312034013
GGGGTG,-0.32939256103315134
GGGGCA,0.046331299412721995
GGGGCT,0.08446170364544385
GGGGCC,-0.4868593956461788
GGGGCG,0.023929357145899763
GGGGGA,0.1524755550329314
GGGGGT,-0.2608607308809861
GGGGGC,-0.14997831207372997
GGGGGG,-0.5332642909994371
