Item,Count obs
AAAAAA,-0.44061249587380985
AAAAAT,0.010256500167189061
AAAAAC,-0.13231113621929314
AAAAAG,0.162924691321155
AAAATA,0.6400373552459969
AAAATT,-0.30748469974796055
AAAATC,0.438135890397713
AAAATG,0.10933666403746582
AAAACA,0.04380262265839284
AAAACT,0.10402272281616635
AAAACC,0.1156254384735173
AAAACG,-0.351498525895992
AAAAGA,-0.1729085568978153
AAAAGT,-0.07883194907194001
AAAAGC,0.1528786173246724
AAAAGG,-0.04562969608835825
AAATAA,-0.12516314295400605
AAATAT,-0.23977861181874185
AAATAC,0.4250302636030045
AAATAG,0.9607845828727819
AAATTA,-0.14370672066617501
AAATTT,-0.22474227267790686
AAATTC,0.1711223665633313
AAATTG,0.33143232675112433
AAATCA,-0.2608548302186367
AAATCT,-0.3050971140534591
AAATCC,0.4737930349400432
AAATCG,-0.0491054723858233
AAATGA,-0.24053529402607893
AAATGT,-0.7600866632350547
AAATGC,-0.06549081146760774
AAATGG,-0.1691634722164435
AAACAA,-0.4244616087988194
AAACAT,-0.3504829736908112
AAACAC,0.15840600539739663
AAACAG,0.16951502274673624
AAACTA,-0.055569851154810765
AAACTT,-0.275847614804778
AAACTC,0.4964781753578491
AAACTG,0.39050901695451434
AAACCA,-0.18713090993199893
AAACCT,-0.0745686954975085
AAACCC,0.47563028897647003
AAACCG,0.14894337785423736
AAACGA,-0.4467575801717954
AAACGT,-0.7044955865991647
AAACGC,-0.017108528189316716
AAACGG,-0.23084713569924217
AAAGAA,-0.29801581884494655
AAAGAT,-0.3394797576851682
AAAGAC,-0.017553367580900866
AAAGAG,-0.1527474170114779
AAAGTA,-0.019802627296179754
AAAGTT,-0.2136872160721743
AAAGTC,0.09622364036067516
AAAGTG,-0.18857436859114152
AAAGCA,0.05106348857245217
AAAGCT,0.32477619685802167
AAAGCC,0.4799744327494117
AAAGCG,0.11850050609150643
AAAGGA,-0.7847246199345862
AAAGGT,-0.1796297651282432
AAAGGC,-0.16879377505582013
AAAGGG,-0.3820163567946396
AATAAA,-0.10064352577968753
AATAAT,0.7595922799680981
AATAAC,0.33493495730232653
AATAAG,-0.14396068892150835
AATATA,-0.6654956492294352
AATATT,0.8718389693033212
AATATC,0.9306107856489035
AATATG,0.4877953764912914
AATACA,0.5303384379895725
AATACT,1.0871398875058729
AATACC,0.006269613013595395
AATACG,0.7359671777428735
AATAGA,0.8921589717942788
AATAGT,1.0840841881052
AATAGC,0.39976708699352664
AATAGG,0.5463155087479414
AATTAA,0.25489224962879004
AATTAT,-0.3299575556000192
AATTAC,0.2451224580329849
AATTAG,-0.7213180575266417
AATTTA,-0.009950330853168092
AATTTT,0.36334163529692176
AATTTC,0.7436552373727937
AATTTG,0.16377127781424086
AATTCA,0.14648780708168935
AATTCT,0.22957444164450017
AATTCC,0.6691285586940163
AATTCG,0.22711068601559242
AATTGA,0.47331184766449313
AATTGT,0.3132946483085073
AATTGC,0.4021917827631952
AATTGG,0.185552577375401
AATCAA,-0.8670004426630408
AATCAT,-0.61818414208649
AATCAC,-0.3994284053087347
AATCAG,-0.5494356498773921
AATCTA,-0.7598385550586176
AATCTT,-0.4675004990276169
AATCTC,0.4159515538682726
AATCTG,0.07959100247877474
AATCCA,-0.08376988306545882
AATCCT,0.03302673751788684
AATCCC,0.40101075775878414
AATCCG,0.19035372849121893
AATCGA,-0.612069765099018
AATCGT,-0.490510157808221
AATCGC,-0.4506353588224619
AATCGG,-0.7367074719907545
AATGAA,-0.29944299798359936
AATGAT,-0.2531124977955594
AATGAC,0.16564165504982367
AATGAG,-0.046212843155131564
AATGTA,0.10236201266156968
AATGTT,-0.2172244284750147
AATGTC,0.7777342030469595
AATGTG,0.4073186767574873
AATGCA,-0.36676277908912636
AATGCT,-0.10854509467144727
AATGCC,-0.2195626795536812
AATGCG,0.1325352112371428
AATGGA,-0.23322588665572216
AATGGT,-0.0782407578043518
AATGGC,-0.0038314223115559487
AATGGG,-0.07976794465490987
AACAAA,-0.692237676177105
AACAAT,0.27726816633432183
AACAAC,0.274990368271937
AACAAG,0.026955809988528295
AACATA,-0.6667139234917897
AACATT,0.07220830834092594
AACATC,0.5631976140169017
AACATG,0.31517260305744005
AACACA,-0.4317824164255378
AACACT,-0.534881766620227
AACACC,1.0860989215198193
AACACG,0.34144508629704967
AACAGA,-0.2544222810548297
AACAGT,-0.24833091600853494
AACAGC,0.5415846613492242
AACAGG,0.43562057120613434
AACTAA,-0.2805135829731684
AACTAT,0.46309422094480074
AACTAC,0.8425826264368574
AACTAG,-0.34961303018227113
AACTTA,-0.4194026159519459
AACTTT,-0.4150960011691257
AACTTC,0.603060308530902
AACTTG,0.2972018327923766
AACTCA,0.02020270731751947
AACTCT,0.14872560736543908
AACTCC,0.6333870067143549
AACTCG,0.7655913791817223
AACTGA,0.15252598410025642
AACTGT,-0.16401440934959838
AACTGC,0.6645189896808575
AACTGG,0.8185308294017717
AACCAA,-1.0998773109746964
AACCAT,-0.943151850958788
AACCAC,-0.26117226773205765
AACCAG,-0.1567748737296788
AACCTA,-1.131967882368993
AACCTT,-0.5349082942819477
AACCTC,-0.07547278743313596
AACCTG,0.028876972441717223
AACCCA,-0.69087186672281
AACCCT,-0.5617661162002228
AACCCC,0.11719766730300527
AACCCG,0.0018514238105021383
AACCGA,-0.9558988917583582
AACCGT,-0.5584657015521852
AACCGC,-0.22015870894418943
AACCGG,-0.44840099581330906
AACGAA,-0.732935430618358
AACGAT,-0.7945278244071394
AACGAC,-0.03705121792091889
AACGAG,0.1814089918529652
AACGTA,-1.0686215749844274
AACGTT,-0.8832932372156372
AACGTC,0.011669335869317043
AACGTG,-0.24249007826040744
AACGCA,-0.6264494672987896
AACGCT,-0.4724161756511195
AACGCC,0.5151733156344248
AACGCG,-0.29046550214733885
AACGGA,-0.4493405401153098
AACGGT,-0.5134138207883614
AACGGC,0.20316802105545712
AACGGG,-0.16649009157727387
AAGAAA,-0.14679384160154973
AAGAAT,-0.7065189175258345
AAGAAC,0.46150649899178936
AAGAAG,0.2361172955659637
AAGATA,-0.8914514418605095
AAGATT,-0.39388314383455186
AAGATC,0.3917993358637494
AAGATG,-0.0006971070341558323
AAGACA,-0.705516713407874
AAGACT,-0.5648565467368379
AAGACC,0.3574059381233298
AAGACG,-0.04313625444448627
AAGAGA,-0.3636773964679504
AAGAGT,-0.3753876528708866
AAGAGC,0.1651761498389661
AAGAGG,-0.23729580760487295
AAGTAA,0.06375451482536251
AAGTAT,-0.003888533739692369
AAGTAC,1.1690616614489022
AAGTAG,0.6078917302725805
AAGTTA,-0.1753528874778613
AAGTTT,-0.18026182383094402
AAGTTC,0.6358463267226047
AAGTTG,0.34369336829957964
AAGTCA,-0.7360945743925139
AAGTCT,-0.5050462434095763
AAGTCC,0.47047993313661685
AAGTCG,0.36186517148099157
AAGTGA,-0.6830968447064438
AAGTGT,-0.9196185219668297
AAGTGC,0.0030349036951538896
AAGTGG,0.01485635494951471
AAGCAA,-0.879896788869632
AAGCAT,-0.9077696821422211
AAGCAC,-0.15702527756670284
AAGCAG,-0.017636659209646126
AAGCTA,-1.1613108828836736
AAGCTT,-0.4617790164614182
AAGCTC,0.25657572021960473
AAGCTG,0.551147538883658
AAGCCA,-0.8053206422027198
AAGCCT,-0.5398875764749672
AAGCCC,0.3461306009683295
AAGCCG,0.16942815645451217
AAGCGA,-1.1515223620603927
AAGCGT,-0.5015171277091217
AAGCGC,0.0069396531105404
AAGCGG,-0.2813973043638874
AAGGAA,-0.09761388594889413
AAGGAT,-0.6538300772191105
AAGGAC,0.28437455790375865
AAGGAG,-0.20052895632267545
AAGGTA,-1.52908507915721
AAGGTT,-0.5760218233225327
AAGGTC,0.4031259821636996
AAGGTG,0.290347335752036
AAGGCA,-1.0986122886681098
AAGGCT,-0.4448094273818718
AAGGCC,0.29101734236492544
AAGGCG,0.17640275500142305
AAGGGA,-0.7252841705315852
AAGGGT,-0.4501384999963494
AAGGGC,0.09098874187802292
AAGGGG,-0.09869789811962044
ATAAAA,-0.050693114315518095
ATAAAT,-0.3053816495511819
ATAAAC,0.2672854445441351
ATAAAG,0.5143038881423155
ATAATA,0.579818495252942
ATAATT,0.28417944190057876
ATAATC,0.6067457456447299
ATAATG,0.037041271680349076
ATAACA,-0.5596157879354228
ATAACT,0.05288946392037264
ATAACC,0.15259821321102718
ATAACG,0.26842425584736634
ATAAGA,-0.6312717768418579
ATAAGT,-0.12055696253910872
ATAAGC,-0.296863098526167
ATAAGG,-0.39452108642884703
ATATAA,-0.2732933349996813
ATATAT,-1.7578579175523736
ATATAC,-1.1110348086666668
ATATAG,0.9383157438512433
ATATTA,-0.28141245943818544
ATATTT,0.22957444164450017
ATATTC,0.32097884636484986
ATATTG,1.1099002484419611
ATATCA,-0.8457660755587169
ATATCT,-0.3838744755157968
ATATCC,0.2167537532154387
ATATCG,0.2966906534815837
ATATGA,-0.649155611278411
ATATGT,-0.9877902629847614
ATATGC,-0.36509468279856305
ATATGG,-0.2828316183180315
ATACAA,-0.503526321284379
ATACAT,-0.5951667721997415
ATACAC,-0.8411565923651212
ATACAG,-0.20385422509231105
ATACTA,-0.39589565709201374
ATACTT,0.2962999580711705
ATACTC,0.6137200469286234
ATACTG,0.13329529298938034
ATACCA,-0.9951991932946789
ATACCT,-0.9325219268027376
ATACCC,-0.6538864666066426
ATACCG,-0.29700106524191583
ATACGA,-0.5873385358334499
ATACGT,-1.1631508098056809
ATACGC,-0.25529509887706464
ATACGG,0.08382993891741905
ATAGAA,0.020656324925660653
ATAGAT,0.06399072599924938
ATAGAC,0.5831701862048538
ATAGAG,1.034652638747861
ATAGTA,0.5088895147391241
ATAGTT,0.5357052196486143
ATAGTC,0.6902408052527309
ATAGTG,0.1809431968238333
ATAGCA,-1.4707806228632052
ATAGCT,-0.36337289262286
ATAGCC,0.11448658812220443
ATAGCG,-0.23970078037566445
ATAGGA,-1.1931920082500354
ATAGGT,0.06971100437239218
ATAGGC,0.27537873987558625
ATAGGG,-0.22103606897464492
ATTAAA,-0.19268434382950111
ATTAAT,-0.3784364357202451
ATTAAC,0.7011793522572095
ATTAAG,-0.015666116744399463
ATTATA,0.7940730991499058
ATTATT,0.20763936477824455
ATTATC,0.4178795112565464
ATTATG,0.15415067982725836
ATTACA,0.28768207245178085
ATTACT,0.46335908652706703
ATTACC,0.3684536431313451
ATTACG,0.8092489380491844
ATTAGA,-0.6499184460091251
ATTAGT,-0.6084059521048546
ATTAGC,-0.1918003007484984
ATTAGG,-0.7514160886839211
ATTTAA,-0.3275035666384524
ATTTAT,-0.09134977858822796
ATTTAC,-0.048790164169431945
ATTTAG,-0.6931471805599453
ATTTTA,-0.048790164169432056
ATTTTT,0.21876717671441098
ATTTTC,0.316424541317435
ATTTTG,0.08315036833217017
ATTTCA,0.6575031254220891
ATTTCT,0.3124466300761775
ATTTCC,1.010828014564132
ATTTCG,0.9302569391889326
ATTTGA,-0.04657286836078447
ATTTGT,-0.2704288243042214
ATTTGC,-0.022329476398088657
ATTTGG,-0.23511049590116376
ATTCAA,-0.8544153281560676
ATTCAT,-0.5712101207163419
ATTCAC,-0.6276205170494802
ATTCAG,-0.5246972207212697
ATTCTA,-0.46128517820585463
ATTCTT,-0.541829363816991
ATTCTC,0.1863851013585492
ATTCTG,-0.3460164920566672
ATTCCA,0.13210384063333708
ATTCCT,-0.11905936001598821
ATTCCC,-0.013084751743658333
ATTCCG,0.08853515266204905
ATTCGA,-0.5875745983124153
ATTCGT,-0.7111009841765411
ATTCGC,-0.5842313486998418
ATTCGG,-0.4817780610816216
ATTGAA,0.21096313275733872
ATTGAT,0.0103209352327741
ATTGAC,0.26637228586502987
ATTGAG,0.3114183523506115
ATTGTA,0.6653324923770682
ATTGTT,0.14416979082957834
ATTGTC,0.41459759167143695
ATTGTG,-0.10681400428580957
ATTGCA,-0.2490418359506145
ATTGCT,0.22314355131420976
ATTGCC,0.046074556526240255
ATTGCG,0.026853064344619714
ATTGGA,-0.4353180712578455
ATTGGT,-0.03540192705091595
ATTGGC,0.24234469978401377
ATTGGG,-0.024503523055913697
ATCAAA,-0.3614634606705295
ATCAAT,0.18181535582136385
ATCAAC,0.13627107285942378
ATCAAG,0.025668476010466356
ATCATA,-0.8855917449853484
ATCATT,-0.22341937534023099
ATCATC,0.2615101802735591
ATCATG,0.1175647188778721
ATCACA,-0.6735600472846406
ATCACT,-0.6327380527643853
ATCACC,0.7974627144098593
ATCACG,0.19291640668214602
ATCAGA,-0.6383237338984746
ATCAGT,-0.5736221221334682
ATCAGC,0.27743803808156153
ATCAGG,0.21957169372456695
ATCTAA,-0.6814119243415244
ATCTAT,0.031166592238419034
ATCTAC,-0.04693753206059413
ATCTAG,-0.549714716952711
ATCTTA,-0.8628899551470398
ATCTTT,-0.3552374471467163
ATCTTC,0.21454697435899833
ATCTTG,0.1878023876540447
ATCTCA,-0.6335309084557363
ATCTCT,-0.24927397867420875
ATCTCC,0.39002078568069076
ATCTCG,0.7246657876548172
ATCTGA,-0.5425213545761226
ATCTGT,-0.6339583091696146
ATCTGC,0.07377687829938599
ATCTGG,0.23226285348170408
ATCCAA,-1.0703445547106845
ATCCAT,-0.6070864005608458
ATCCAC,-0.019593693900401266
ATCCAG,0.39394844388167705
ATCCTA,-1.4968159540809485
ATCCTT,-0.6399662837243257
ATCCTC,0.14816263798263574
ATCCTG,0.4895161156085808
ATCCCA,-0.44274047848737147
ATCCCT,-0.786449999369038
ATCCCC,0.2951592735368395
ATCCCG,0.3483179479889772
ATCCGA,-0.6079995814579784
ATCCGT,-0.3317656744138066
ATCCGC,0.21404793143762954
ATCCGG,0.0452982840143866
ATCGAA,-0.4854503373600424
ATCGAT,-0.7890377097508798
ATCGAC,0.18901054494475125
ATCGAG,0.5070738053984114
ATCGTA,-0.3759746795974593
ATCGTT,-0.7851643514467882
ATCGTC,0.1610942399182211
ATCGTG,-0.047648116124972814
ATCGCA,-0.7549070603640231
ATCGCT,-0.8045970728193061
ATCGCC,0.31116417395650414
ATCGCG,-0.33845222893126403
ATCGGA,-0.8401989453219328
ATCGGT,-0.7560101916713599
ATCGGC,0.0409830899696572
ATCGGG,-0.36442645233692633
ATGAAA,-0.0850077370561654
ATGAAT,-0.5973196255608426
ATGAAC,0.3400367213905292
ATGAAG,0.41096116815458517
ATGATA,-1.078782263736344
ATGATT,-0.9374354611030997
ATGATC,0.37314073856162944
ATGATG,0.07841869826721393
ATGACA,-0.588199632077098
ATGACT,-0.5594596477211933
ATGACC,0.33594140408640877
ATGACG,0.14864147322847146
ATGAGA,-0.5762982878953588
ATGAGT,-0.7051626173043564
ATGAGC,0.08638937897379216
ATGAGG,-0.519718007898699
ATGTAA,-0.1423162221802555
ATGTAT,-0.2471161926723289
ATGTAC,0.5770029138527785
ATGTAG,0.6769863384507809
ATGTTA,-0.5207759546191588
ATGTTT,-0.4925515573548768
ATGTTC,0.4117853066492511
ATGTTG,0.35724883204630525
ATGTCA,-0.556064128503639
ATGTCT,-0.18317153559565924
ATGTCC,0.5245682188326227
ATGTCG,0.6410828336475498
ATGTGA,-0.3122763324480234
ATGTGT,-0.744579354192216
ATGTGC,0.27282182566767127
ATGTGG,0.15957733227297374
ATGCAA,-0.8071494933764227
ATGCAT,-0.7090645997288026
ATGCAC,0.07247554082943511
ATGCAG,0.2614420707712209
ATGCTA,-1.4841266103569253
ATGCTT,-0.8920486350702558
ATGCTC,0.11646544564161486
ATGCTG,0.5878343987382578
ATGCCA,-1.4349666494124842
ATGCCT,-1.2791793406594714
ATGCCC,0.30186844220107517
ATGCCG,0.21529933107476332
ATGCGA,-0.8932616285017986
ATGCGT,-0.6425871584325653
ATGCGC,0.15936210936450196
ATGCGG,0.2815755885885612
ATGGAA,-0.36352449711365226
ATGGAT,-0.6217598630411135
ATGGAC,0.11153143127951881
ATGGAG,0.044796301837012276
ATGGTA,-1.5767131281464648
ATGGTT,-0.94267748704735
ATGGTC,0.09905328761094431
ATGGTG,0.06275584503140376
ATGGCA,-1.5208725030084986
ATGGCT,-0.7344432500693899
ATGGCC,0.11464061876932118
ATGGCG,0.11455875595460348
ATGGGA,-0.7884573603642702
ATGGGT,-0.5375364005125993
ATGGGC,-0.14582115457442804
ATGGGG,-0.5003459743782263
ACAAAA,-0.5090849792882066
ACAAAT,-0.7916235899223198
ACAAAC,-0.347988678682772
ACAAAG,0.27496330004400615
ACAATA,0.7097221456541579
ACAATT,0.13170934535457782
ACAATC,0.10494600787987055
ACAATG,0.4818380868927384
ACAACA,0.3608408276381707
ACAACT,0.25772068471129644
ACAACC,-0.3383368019550356
ACAACG,0.015327219994820063
ACAAGA,0.067290395676513
ACAAGT,-0.17135412946685338
ACAAGC,-0.16382272399696712
ACAAGG,0.33791906590663806
ACATAA,0.011696039763191236
ACATAT,-0.6771101816501282
ACATAC,-0.48188133855252757
ACATAG,1.0631001411148442
ACATTA,0.08149303425118301
ACATTT,-0.12044615307586709
ACATTC,0.1272165317658481
ACATTG,1.0526691015106058
ACATCA,0.3256459799434811
ACATCT,0.08378333637239388
ACATCC,0.4101297732590339
ACATCG,0.2893804836328275
ACATGA,0.016436037849509377
ACATGT,0.13419606529771355
ACATGC,0.18890402031082904
ACATGG,0.17374307281396273
ACACAA,-1.3209391800757633
ACACAT,-0.6982362500674166
ACACAC,-1.1706053499172058
ACACAG,-1.0915985021601027
ACACTA,-0.5858691187728472
ACACTT,-0.7191938894980462
ACACTC,-0.8590300110107402
ACACTG,-0.7364124687974074
ACACCA,0.3647978216871869
ACACCT,0.31599948030012265
ACACCC,0.542574322080571
ACACCG,0.4826645415502874
ACACGA,-0.4261609913815592
ACACGT,-0.6912820883189491
ACACGC,-0.19351988210398413
ACACGG,-0.1543497640405378
ACAGAA,-0.7733561945701364
ACAGAT,-0.6098858916723761
ACAGAC,-0.7603223089985521
ACAGAG,-0.9696960800193928
ACAGTA,-0.8232003088081431
ACAGTT,-0.13263229574757535
ACAGTC,-0.8390686040262784
ACAGTG,-0.8628489891692785
ACAGCA,0.6415296144298354
ACAGCT,0.28611141568688375
ACAGCC,-0.2538704007047464
ACAGCG,0.03936726391845717
ACAGGA,-0.05396828483685354
ACAGGT,-0.21834946934953547
ACAGGC,-0.36765331187505695
ACAGGG,-0.1019931503139766
ACTAAA,-0.15415067982725836
ACTAAT,-0.4700036292457356
ACTAAC,-0.6575200029167942
ACTAAG,-0.9332883082427261
ACTATA,0.8256938365219284
ACTATT,1.152414994661086
ACTATC,0.20277317512707155
ACTATG,0.6107365346562523
ACTACA,1.215146104924061
ACTACT,0.8954064387072342
ACTACC,-0.012603172153325399
ACTACG,0.6771993753978132
ACTAGA,-0.5717863235556779
ACTAGT,-0.7312989465243215
ACTAGC,-0.7282385003712154
ACTAGG,-0.3515554788325414
ACTTAA,0.22314355131420976
ACTTAT,-0.7654678421395714
ACTTAC,-0.1941560144409575
ACTTAG,-0.6559244700693372
ACTTTA,0.16788087263916035
ACTTTT,0.030771658666753687
ACTTTC,-0.3824167126718733
ACTTTG,-0.030817921765001543
ACTTCA,0.7264173792251984
ACTTCT,0.46091375448735866
ACTTCC,0.4883952181410472
ACTTCG,0.1729214322820395
ACTTGA,-0.1400460736457164
ACTTGT,-0.0425401438242608
ACTTGC,0.07116704796847875
ACTTGG,-0.029166092359844055
ACTCAA,-0.37091272660150454
ACTCAT,-0.3874170382364614
ACTCAC,-0.7496038892276026
ACTCAG,-0.9528856229497688
ACTCTA,-0.13102826240640403
ACTCTT,-0.4700036292457356
ACTCTC,-0.671485683778766
ACTCTG,-0.4613062781457205
ACTCCA,0.41383335777868113
ACTCCT,0.015748356968139112
ACTCCC,-0.31614633360717403
ACTCCG,-0.00841139133754009
ACTCGA,0.1180577986750101
ACTCGT,-0.13959275195093307
ACTCGC,-0.16096073379765322
ACTCGG,0.05867027276913914
ACTGAA,-0.5190913681830234
ACTGAT,-0.43970912411034535
ACTGAC,-0.5680885253548458
ACTGAG,-1.0470359887600627
ACTGTA,-0.4793349566746198
ACTGTT,-0.22771324700427498
ACTGTC,-0.6931471805599453
ACTGTG,-0.8474313628238213
ACTGCA,0.5099465028302506
ACTGCT,0.25489224962879004
ACTGCC,-0.7212763482817814
ACTGCG,-0.08232110990015837
ACTGGA,0.39784987199040733
ACTGGT,0.10080186706706895
ACTGGC,-0.182881221010042
ACTGGG,0.3338125912370884
ACCAAA,-0.4831160423382304
ACCAAT,0.14636058871118496
ACCAAC,-0.14117937705613215
ACCAAG,-0.14445350207316604
ACCATA,-0.8257767243333232
ACCATT,-0.06453852113757118
ACCATC,-0.06637223298662356
ACCATG,0.0720490739903006
ACCACA,-0.23855123329263286
ACCACT,-0.14559470108852715
ACCACC,0.43014387037893953
ACCACG,0.2441568923962399
ACCAGA,0.05657035148839424
ACCAGT,0.17714845947647442
ACCAGC,0.2232431578684034
ACCAGG,0.05194392096387305
ACCTAA,-1.2404424841073274
ACCTAT,0.15504977670420558
ACCTAC,-0.12690638832138093
ACCTAG,-0.532356859962788
ACCTTA,0.028820438535491884
ACCTTT,-0.2259521036362487
ACCTTC,0.17997568664697494
ACCTTG,0.4044636057710749
ACCTCA,-0.4156056654554942
ACCTCT,-0.1609339043753625
ACCTCC,-0.020930280829872954
ACCTCG,0.49952606851205733
ACCTGA,0.017629405170681844
ACCTGT,-0.09688995896384334
ACCTGC,0.2105067965208864
ACCTGG,0.0
ACCCAA,-0.7082830188957607
ACCCAT,-0.7099542988763266
ACCCAC,-0.23725947903347447
ACCCAG,0.17115276680591204
ACCCTA,-1.1169122860797545
ACCCTT,-0.6959733717957803
ACCCTC,-0.36960469194715
ACCCTG,0.40808391881689726
ACCCCA,-0.23068783702416756
ACCCCT,-0.24527772548147642
ACCCCC,-0.10470352022256525
ACCCCG,0.4355584999813781
ACCCGA,-0.47284051058093524
ACCCGT,-0.3293811016195292
ACCCGC,0.1697225174042841
ACCCGG,-0.1153951784753888
ACCGAA,-0.5018569537832303
ACCGAT,-0.7063267095291194
ACCGAC,-0.10127390114534561
ACCGAG,0.2783128195464532
ACCGTA,-0.22208478996596773
ACCGTT,-0.5392415687402854
ACCGTC,0.09743277475551543
ACCGTG,0.24181944700162353
ACCGCA,0.039450795278770746
ACCGCT,-0.35285003489816963
ACCGCC,0.26763484747053357
ACCGCG,-0.18799860501143997
ACCGGA,-0.4040063186445044
ACCGGT,-0.612550481233649
ACCGGC,0.0746473721636272
ACCGGG,-0.22109392026214159
ACGAAA,-0.07344079611287557
ACGAAT,-0.4591970401883753
ACGAAC,-0.05044119643941304
ACGAAG,-0.21399841344752485
ACGATA,-0.4317824164255378
ACGATT,-0.5918934468547724
ACGATC,0.12645145041995387
ACGATG,-0.07293856536077507
ACGACA,0.2619880417392009
ACGACT,-0.07387612841536226
ACGACC,-0.034715876728815674
ACGACG,0.07123057526355484
ACGAGA,0.4874107185927507
ACGAGT,0.0594994786299765
ACGAGC,-0.09012101516380007
ACGAGG,0.3014527677113699
ACGTAA,0.07837742835447514
ACGTAT,-0.7944996748202329
ACGTAC,-0.2701302884844911
ACGTAG,-0.24456386567117544
ACGTTA,-0.09873484068568897
ACGTTT,-0.37492838424808267
ACGTTC,-0.18244249771446236
ACGTTG,-0.22938255161434298
ACGTCA,-0.09686604152683476
ACGTCT,-0.17090021491186078
ACGTCC,0.18474083777295594
ACGTCG,0.047034948704973434
ACGTGA,-0.20817000952404727
ACGTGT,-0.48310834096661615
ACGTGC,0.04827483305779562
ACGTGG,-0.3014753945841168
ACGCAA,-0.8648595286441305
ACGCAT,-0.7312989465243216
ACGCAC,-0.37458637732824024
ACGCAG,-0.35634507423427325
ACGCTA,-0.9228776858341333
ACGCTT,-0.5057725559145996
ACGCTC,0.0162672602336975
ACGCTG,0.021300658550062284
ACGCCA,0.11602987002122532
ACGCCT,0.026080946858084753
ACGCCC,0.7190761662477205
ACGCCG,0.49719277782859017
ACGCGA,-0.7635937971071961
ACGCGT,-0.8335882401089129
ACGCGC,-0.23428757458781485
ACGCGG,-0.06626240982894918
ACGGAA,-0.5322215947647565
ACGGAT,-0.3708595789306889
ACGGAC,-0.461961257855482
ACGGAG,-0.795810334669529
ACGGTA,-0.9415021512206511
ACGGTT,-0.47511350239800626
ACGGTC,0.06975438948288426
ACGGTG,0.3439827227881612
ACGGCA,0.12995113136257253
ACGGCT,-0.03711440584500671
ACGGCC,0.010348885003168542
ACGGCG,0.39703820913115895
ACGGGA,0.07004384373292645
ACGGGT,-0.2567745349887043
ACGGGC,-0.15087863334583979
ACGGGG,0.05631495626289677
AGAAAA,-0.23577659561474734
AGAAAT,-0.11024920875283074
AGAAAC,-0.16535892957437523
AGAAAG,-0.3045621453053588
AGAATA,-0.004467617259716045
AGAATT,0.26341745045214976
AGAATC,-0.5622396005263032
AGAATG,0.09909090264423097
AGAACA,0.6928874740268663
AGAACT,0.5997371385594614
AGAACC,0.0005802146957087529
AGAACG,0.26930227351469144
AGAAGA,0.20578887613674476
AGAAGT,0.38414233863934316
AGAAGC,0.012508181037877006
AGAAGG,0.12983301158547828
AGATAA,-0.07431203296455148
AGATAT,-0.46552934885081443
AGATAC,-0.2057784571479977
AGATAG,0.3669314441059215
AGATTA,0.4289956055183586
AGATTT,0.28560090624795625
AGATTC,-0.6298884427867195
AGATTG,0.35595004358078375
AGATCA,0.4479663641481395
AGATCT,-0.007938332708057768
AGATCC,0.32210811931288164
AGATCG,0.30786598789866315
AGATGA,-0.07324477751530459
AGATGT,0.07802574074428216
AGATGC,-0.03952075816228327
AGATGG,-0.21430906176690884
AGACAA,-0.8682484893804128
AGACAT,-0.25283908699412944
AGACAC,-1.0147630622316437
AGACAG,-1.188721964073469
AGACTA,-0.3829922522561057
AGACTT,-0.5400937029773164
AGACTC,-0.8370263100653738
AGACTG,-0.8370610907016361
AGACCA,0.2260940276379598
AGACCT,0.27331548363920194
AGACCC,0.4360126216617649
AGACCG,0.1598363870105297
AGACGA,-0.1296921081045103
AGACGT,-0.09318234529986687
AGACGC,-0.13338483016063155
AGACGG,-0.060674344611860644
AGAGAA,-0.6592456288842639
AGAGAT,-0.2615513664414238
AGAGAC,-0.6632556958670863
AGAGAG,-0.9254291766715224
AGAGTA,-0.3039956479433047
AGAGTT,0.03363633485938062
AGAGTC,-0.8712609305304326
AGAGTG,-0.5102699138322677
AGAGCA,0.42068027391464474
AGAGCT,0.37938671987316036
AGAGCC,-0.07224390677281874
AGAGCG,0.1817597311764532
AGAGGA,-0.5594962350630225
AGAGGT,-0.13701439758427109
AGAGGC,-0.581012511268186
AGAGGG,-0.3464409364895267
AGTAAA,0.005277057100843819
AGTAAT,0.3930425881096072
AGTAAC,-0.37892555287355206
AGTAAG,-0.5709795465857378
AGTATA,-0.21741287660522485
AGTATT,0.8002729217423407
AGTATC,0.06995858860691047
AGTATG,0.2964157524205356
AGTACA,1.180202584992024
AGTACT,1.5713380662018301
AGTACC,0.29745944529007573
AGTACG,1.1106942200222945
AGTAGA,0.2527997608970978
AGTAGT,0.7591051483517427
AGTAGC,0.011912781516241961
AGTAGG,-0.15904937588490498
AGTTAA,-0.4837969513780713
AGTTAT,0.2371297932889497
AGTTAC,-0.12989575945410475
AGTTAG,-0.9191438008565614
AGTTTA,0.08622117544712882
AGTTTT,-0.005181358741997629
AGTTTC,0.2948792246702666
AGTTTG,0.4233062457494341
AGTTCA,0.7874578600311867
AGTTCT,0.6090268145460175
AGTTCC,0.8668979765445786
AGTTCG,0.6821740862214952
AGTTGA,0.19361537647500462
AGTTGT,0.25906826683364775
AGTTGC,0.39948729355224927
AGTTGG,0.25458739946028575
AGTCAA,-1.5675188250994723
AGTCAT,-0.48802803987081217
AGTCAC,-1.0867940942247956
AGTCAG,-1.31494910087466
AGTCTA,-0.7178397931503169
AGTCTT,-0.7241195014125835
AGTCTC,-0.5180720322867578
AGTCTG,-0.8453770402469493
AGTCCA,0.22339661977057737
AGTCCT,0.285700817517317
AGTCCC,-0.20999912131678639
AGTCCG,0.024226495101976095
AGTCGA,0.11872323033304612
AGTCGT,-0.02459843733014269
AGTCGC,-0.20753855324531972
AGTCGG,0.04618804802489386
AGTGAA,-0.8981043801182502
AGTGAT,-0.6350279211019949
AGTGAC,-0.7550288735664312
AGTGAG,-0.9158144279832737
AGTGTA,-0.61818414208649
AGTGTT,-0.35716262987865915
AGTGTC,-0.9197037044703951
AGTGTG,-0.7431421641522277
AGTGCA,0.1729937676287383
AGTGCT,0.27527594791168214
AGTGCC,-1.005143063370211
AGTGCG,-0.20856978286889094
AGTGGA,0.08368784075893014
AGTGGT,-0.07977650242772105
AGTGGC,-0.5400011128999223
AGTGGG,0.012256103251691238
AGCAAA,-0.019560525854493596
AGCAAT,0.3265219057680448
AGCAAC,0.09787494140516298
AGCAAG,-0.13340273940908695
AGCATA,-0.5776885689951172
AGCATT,-0.1883095986385773
AGCATC,0.13315284188692392
AGCATG,0.3801086251291874
AGCACA,0.26783150536796546
AGCACT,0.2503316840332431
AGCACC,0.9093428131053581
AGCACG,0.7916125157865175
AGCAGA,0.23682029158421977
AGCAGT,0.33131700834865063
AGCAGC,0.4742744183393752
AGCAGG,0.6479309460745359
AGCTAA,-0.6361477365955402
AGCTAT,-0.28729738308369773
AGCTAC,-0.08168551489585725
AGCTAG,-0.6427455491828764
AGCTTA,0.12482306473273837
AGCTTT,0.24269485150004158
AGCTTC,0.09860517764187852
AGCTTG,0.4298336991251222
AGCTCA,-0.0026420094628386965
AGCTCT,0.34488036744589545
AGCTCC,0.1888011199067672
AGCTCG,0.2297955434050826
AGCTGA,0.20094284133401724
AGCTGT,0.32384025694201984
AGCTGC,0.232909341421461
AGCTGG,0.4645526742225337
AGCCAA,-0.730268600895
AGCCAT,-0.7403279023218794
AGCCAC,-0.5982360807764602
AGCCAG,-0.48085590098776443
AGCCTA,-0.6656765192145545
AGCCTT,-0.5410868796063895
AGCCTC,-0.5343858881750037
AGCCTG,-0.283736308130906
AGCCCA,-0.19392530732261962
AGCCCT,0.013795793467932234
AGCCCC,0.13781218815983304
AGCCCG,0.05358651475980702
AGCCGA,-0.25171117496335693
AGCCGT,-0.049354657551624666
AGCCGC,-0.11008947396828017
AGCCGG,-0.15832314763305896
AGCGAA,-0.9356009908689058
AGCGAT,-0.7414922078424367
AGCGAC,-0.3295357926245558
AGCGAG,-0.20676631908463758
AGCGTA,-0.3632677469083273
AGCGTT,-0.4734438202851944
AGCGTC,-0.05267049171771178
AGCGTG,0.016859593849676023
AGCGCA,0.1388397031437115
AGCGCT,0.14302744645175267
AGCGCC,0.26177822143149787
AGCGCG,0.024269892491523205
AGCGGA,-0.12446837333280086
AGCGGT,-0.3578564582570597
AGCGGC,-0.07959225394277433
AGCGGG,0.025367087274678037
AGGAAA,0.4322491920149817
AGGAAT,-0.14548792939004387
AGGAAC,0.2237177689584689
AGGAAG,0.30372600672745576
AGGATA,-0.6639368024601441
AGGATT,0.05613357489267564
AGGATC,0.25122494318621585
AGGATG,0.07394672084320555
AGGACA,0.3275402829333153
AGGACT,0.29452021415643753
AGGACC,-0.17003785041175928
AGGACG,0.35404682153246286
AGGAGA,0.2662556737386942
AGGAGT,0.028059926117808515
AGGAGC,-0.04967160979723772
AGGAGG,-0.09926603259906516
AGGTAA,-0.5889936656521545
AGGTAT,-1.0880301793375726
AGGTAC,-0.5783468246414859
AGGTAG,-0.5625361539332319
AGGTTA,0.0
AGGTTT,-0.20665365745348527
AGGTTC,-0.15826525054902146
AGGTTG,-0.12419038023138379
AGGTCA,0.1819178891799156
AGGTCT,0.198620497991264
AGGTCC,0.13447896060445677
AGGTCG,0.2280625796154846
AGGTGA,0.26318894200642406
AGGTGT,0.2835896960884965
AGGTGC,0.30053983359754066
AGGTGG,-0.06570804973826375
AGGCAA,-1.0624201600746928
AGGCAT,-1.214144115004545
AGGCAC,-1.284371456272528
AGGCAG,-1.416145399414008
AGGCTA,-0.5619386693515623
AGGCTT,-0.5586793121373123
AGGCTC,-0.35964645460277506
AGGCTG,-0.38090941885072066
AGGCCA,0.0002655891351713123
AGGCCT,0.05647224177533444
AGGCCC,0.2574070109393784
AGGCCG,0.14199813748831228
AGGCGA,-0.2138449919619103
AGGCGT,0.018287412178253845
AGGCGC,-0.03735172050313694
AGGCGG,0.025065438305909314
AGGGAA,-0.7366322924996841
AGGGAT,-0.6559155193208306
AGGGAC,-0.35403145299331473
AGGGAG,-0.5545779939054655
AGGGTA,-0.9152234959137324
AGGGTT,-0.30091192771130465
AGGGTC,0.20470670269025049
AGGGTG,0.4770963927010641
AGGGCA,0.006394024650390911
AGGGCT,0.05992333716176551
AGGGCC,0.007906035657203296
AGGGCG,0.39892325132157475
AGGGGA,-0.18309765306884304
AGGGGT,-0.32029818291718226
AGGGGC,-0.1835161981170221
AGGGGG,-0.14603043249915496
TAAAAA,-0.365799851715733
TAAAAT,0.490206336563255
TAAAAC,0.006920442844573757
TAAAAG,-0.3364722366212129
TAAATA,-0.2876820724517809
TAAATT,-0.46216045178470966
TAAATC,-0.1410034074632235
TAAATG,-0.5227541946312645
TAAACA,0.31551687144522483
TAAACT,0.39304258810960735
TAAACC,0.38174858149084834
TAAACG,-0.049625237286853544
TAAAGA,0.5717863235556778
TAAAGT,0.3765760982560274
TAAAGC,0.8209805520698301
TAAAGG,0.29143442207033143
TAATAA,0.4519851237430572
TAATAT,-0.11170398958000129
TAATAC,-0.45425527227759643
TAATAG,1.4181207927315678
TAATTA,-0.7884573603642702
TAATTT,0.6359887667199967
TAATTC,-0.40101075775878403
TAATTG,0.4530060528771644
TAATCA,0.40841061833792125
TAATCT,0.15470638976098133
TAATCC,0.4632572068468811
TAATCG,0.04399156928153431
TAATGA,0.3364722366212129
TAATGT,0.31015492830383945
TAATGC,0.2763642475191193
TAATGG,0.15276275455241017
TAACAA,-0.4175134466243389
TAACAT,-0.3873533581651182
TAACAC,-0.8510502100057541
TAACAG,-0.8673715271212805
TAACTA,0.17435338714477774
TAACTT,-0.026317308317373417
TAACTC,-0.2962658161431724
TAACTG,-0.7252354951114458
TAACCA,-0.07984288751101731
TAACCT,-0.017415041601678123
TAACCC,0.23271300233036035
TAACCG,-0.09740588437854386
TAACGA,-0.08283600557914905
TAACGT,-0.022166295457260378
TAACGC,0.047034948704973434
TAACGG,0.11339268735509053
TAAGAA,-0.4314803472494002
TAAGAT,-0.6576404921030355
TAAGAC,-0.6911844713920966
TAAGAG,-0.8694985703673961
TAAGTA,0.2960503221222974
TAAGTT,-0.31237468504215243
TAAGTC,-0.7966878595007857
TAAGTG,-0.7929925155296615
TAAGCA,-0.265013272639068
TAAGCT,-0.1338691734080078
TAAGCC,-0.1604988181569719
TAAGCG,-0.35194546771753116
TAAGGA,-0.08701137698962981
TAAGGT,-0.4700036292457356
TAAGGC,-0.3668595902988012
TAAGGG,-0.29173634277982147
TATAAA,0.561087458546879
TATAAT,0.8867319296326106
TATAAC,0.8731185600089463
TATAAG,-0.36662527479190055
TATATA,-0.24445333790096085
TATATT,-0.010471299867295366
TATATC,0.4599859469865814
TATATG,0.22829377729052558
TATACA,-0.42555186667490186
TATACT,-0.6823750835780342
TATACC,0.09366447589463492
TATACG,0.01598067198834987
TATAGA,1.1739127375201353
TATAGT,1.0710543446044518
TATAGC,0.2087388701116613
TATAGG,0.8742929582648881
TATTAA,0.1376213778760479
TATTAT,0.5260930958967791
TATTAC,1.425773172093678
TATTAG,-0.21868920096482944
TATTTA,-0.39709685843764786
TATTTT,0.22314355131420976
TATTTC,1.4254054912365164
TATTTG,0.043139492660617534
TATTCA,-0.27101163150867336
TATTCT,-0.13447791422855346
TATTCC,0.7237618163795523
TATTCG,0.5630648428654106
TATTGA,0.5039762819204159
TATTGT,0.56608830244104
TATTGC,0.7481538100721569
TATTGG,0.8251614361442782
TATCAA,-0.8177604197332532
TATCAT,-1.3672461661491961
TATCAC,-0.4228137464427774
TATCAG,-0.2736845628079272
TATCTA,-0.7385301864077631
TATCTT,-0.7337740340902165
TATCTC,0.14414088533608735
TATCTG,0.5072201601641555
TATCCA,-0.414755155015257
TATCCT,-0.41299226341722745
TATCCC,0.021780191143336528
TATCCG,0.13004782715961918
TATCGA,-0.3124886516500598
TATCGT,-0.48108066558464313
TATCGC,-0.112599105225339
TATCGG,-0.4109805130114961
TATGAA,-0.24242548086366006
TATGAT,-0.76498322860937
TATGAC,0.33805243184073064
TATGAG,0.23297432409733745
TATGTA,-0.3513978868378886
TATGTT,-0.7537718023763802
TATGTC,0.7882361458959419
TATGTG,0.821603411012421
TATGCA,-0.621600029267897
TATGCT,-0.7529656757708555
TATGCC,-0.15756100711330265
TATGCG,0.13533753399450252
TATGGA,-0.4846024286668883
TATGGT,-0.7958599632953306
TATGGC,0.040230686727328956
TATGGG,-0.39567955768544605
TACAAA,-0.4096231182568281
TACAAT,0.6953969002939608
TACAAC,0.6662999305237572
TACAAG,0.6819425815470822
TACATA,-0.7720903829000649
TACATT,0.024541108916117445
TACATC,0.5629454247518708
TACATG,0.6401074446099646
TACACA,-1.0805005387250635
TACACT,-0.61818414208649
TACACC,0.779531794758766
TACACG,0.08739422538634277
TACAGA,-0.6523251860396901
TACAGT,-0.4269713133291279
TACAGC,0.502386755120126
TACAGG,-0.2846071743558378
TACTAA,-0.547295303547382
TACTAT,0.5409030790032686
TACTAC,1.0161433768121093
TACTAG,-0.10735851832049927
TACTTA,0.1367110455419023
TACTTT,-0.2576913587680987
TACTTC,0.8419115487618481
TACTTG,0.8024139511848367
TACTCA,0.06125888088721501
TACTCT,-0.23516403816833456
TACTCC,0.6891013220404016
TACTCG,0.8768417111134338
TACTGA,-0.2413550883781477
TACTGT,-0.6621849549559784
TACTGC,0.2775297009877629
TACTGG,0.4318983651763199
TACCAA,-1.1122179407238881
TACCAT,-1.431373945892787
TACCAC,-0.544427918070226
TACCAG,0.1340564648340134
TACCTA,-1.4696283498774998
TACCTT,-1.2120435959670959
TACCTC,-0.6165826125421001
TACCTG,-0.327442278984831
TACCCA,-0.8706120012409502
TACCCT,-0.9365388927041026
TACCCC,-0.42140875850530035
TACCCG,-0.6579400239240192
TACCGA,-0.8316801686204172
TACCGT,-0.5984137574764052
TACCGC,-0.3190192277608211
TACCGG,-0.3728243256686187
TACGAA,-0.22428575589298674
TACGAT,-0.41094457387279
TACGAC,0.291656691441517
TACGAG,0.5673065767033947
TACGTA,-1.271631452799751
TACGTT,-0.7474775251049927
TACGTC,-0.30691649997889353
TACGTG,-0.4986832369402653
TACGCA,-0.511426946694513
TACGCT,-0.30734051403651474
TACGCC,0.6280686151256176
TACGCG,-0.390249534537944
TACGGA,-0.34578831282427974
TACGGT,-0.07036264942355987
TACGGC,0.36138312700070174
TACGGG,0.06510206017756237
TAGAAA,-0.5890484947225412
TAGAAT,-0.3345907685215073
TAGAAC,0.23747337686903464
TAGAAG,0.3529443696639611
TAGATA,-0.7709896673238792
TAGATT,-0.7947073807094415
TAGATC,-0.008941937375661282
TAGATG,0.1443177589110195
TAGACA,-0.47709865309633925
TAGACT,-0.8183103235139513
TAGACC,0.3093045364649467
TAGACG,0.4265836993735019
TAGAGA,0.4919885016795465
TAGAGT,-0.22006188477680164
TAGAGC,1.1186635554068367
TAGAGG,0.7746157747930414
TAGTAA,0.36511381258459696
TAGTAT,-0.8458682675776091
TAGTAC,0.6700819076289493
TAGTAG,0.8318044701308405
TAGTTA,0.18805223150293962
TAGTTT,-0.1397619423751586
TAGTTC,0.4561357374693705
TAGTTG,0.6966014154280329
TAGTCA,-0.47333141933841033
TAGTCT,-0.38407391812684677
TAGTCC,0.6406186942799063
TAGTCG,0.8637238859791139
TAGTGA,-0.23955978864887162
TAGTGT,-0.3881736109981034
TAGTGC,0.4499324374253152
TAGTGG,0.416196642898089
TAGCAA,-0.8343106648603925
TAGCAT,-1.7864423279504347
TAGCAC,-0.8572481912403717
TAGCAG,-1.0299470175116885
TAGCTA,-0.06453852113757118
TAGCTT,-1.1892495627730422
TAGCTC,-0.5490560277204205
TAGCTG,0.18723155029151037
TAGCCA,-0.7941514880372158
TAGCCT,-0.678847900548528
TAGCCC,0.20651115126506783
TAGCCG,0.2215893298780665
TAGCGA,-0.6596992464924052
TAGCGT,-0.8321961104271784
TAGCGC,-0.05220197232376867
TAGCGG,-0.02052858014112882
TAGGAA,-1.1957760371217574
TAGGAT,-1.2391108793270407
TAGGAC,-0.7136561472815718
TAGGAG,-0.4047846045092597
TAGGTA,-1.534714366238164
TAGGTT,-1.312922615429952
TAGGTC,-0.09401679742958491
TAGGTG,0.37127374335988506
TAGGCA,-1.4321943498670893
TAGGCT,-0.689895145173568
TAGGCC,0.09138456180185255
TAGGCG,0.16115977196608286
TAGGGA,-0.19277721589829322
TAGGGT,-0.9262410627273231
TAGGGC,-0.35696745434488125
TAGGGG,0.06537623101676296
TTAAAA,-0.44468582126144557
TTAAAT,-0.5389965007326869
TTAAAC,-0.02353049741019416
TTAAAG,0.08004270767353636
TTAATA,-0.9555114450274363
TTAATT,-0.20294084399669043
TTAATC,0.28256697178501045
TTAATG,0.7008692266538556
TTAACA,-0.16362942378180204
TTAACT,0.16598513747426116
TTAACC,0.2602830982636665
TTAACG,0.2864250012617299
TTAAGA,-0.41150742256412715
TTAAGT,-0.5252663079207851
TTAAGC,0.4678082386822999
TTAAGG,0.34719619998418855
TTATAA,0.3060312111199775
TTATAT,-0.19268434382950111
TTATAC,-0.3364722366212129
TTATAG,1.329135947279942
TTATTA,-0.5306282510621704
TTATTT,0.03883983331626396
TTATTC,0.11296511504304563
TTATTG,0.5234840206379142
TTATCA,-0.47939336959557444
TTATCT,-0.0764162304443633
TTATCC,0.09004628068478374
TTATCG,0.07223016793674274
TTATGA,-0.1823215567939546
TTATGT,0.31893461595588546
TTATGC,-0.04817154367336577
TTATGG,-0.1509053605605757
TTACAA,0.19490033900081477
TTACAT,0.1204893972541265
TTACAC,-0.061485083650680804
TTACAG,-0.015139061215684153
TTACTA,0.3566749439387324
TTACTT,0.26077461953185666
TTACTC,0.06995858860691047
TTACTG,-0.0777487528743776
TTACCA,-0.5583727796958258
TTACCT,-0.2109482782203915
TTACCC,0.2088234975394611
TTACCG,0.2979385726189701
TTACGA,0.29681455601505347
TTACGT,-0.255796096355394
TTACGC,0.3611492243336536
TTACGG,0.537493870848152
TTAGAA,-0.30116223400847353
TTAGAT,-0.7680484887330632
TTAGAC,-0.5429360987367673
TTAGAG,0.025914288765470368
TTAGTA,-0.9360933591703348
TTAGTT,-0.450279123897957
TTAGTC,-0.34043263783730987
TTAGTG,-0.32668423025505006
TTAGCA,-1.000631880307906
TTAGCT,-0.5064919225088722
TTAGCC,-0.19375025261757753
TTAGCG,-0.14077255388108215
TTAGGA,-0.4407332469456223
TTAGGT,-1.268355063255204
TTAGGC,-0.5828238755599899
TTAGGG,-0.23134512042762745
TTTAAA,-0.0953101798043249
TTTAAT,0.1376213778760479
TTTAAC,0.3152182302603863
TTTAAG,-0.4630349599296422
TTTATA,-0.3364722366212129
TTTATT,0.15168458733206475
TTTATC,-0.06746392546667629
TTTATG,0.01680711831638119
TTTACA,0.11682195917683287
TTTACT,-0.03278982282299084
TTTACC,-0.05952597931402686
TTTACG,0.4264844753322399
TTTAGA,-0.37156355643248296
TTTAGT,-0.5481214085096877
TTTAGC,-0.19885085874516517
TTTAGG,-0.6733088383402809
TTTTAA,-0.07368771579115926
TTTTAT,-0.048790164169432056
TTTTAC,0.1496891027650568
TTTTAG,-0.7391322938017687
TTTTTA,-0.5108256237659907
TTTTTT,-0.5357303029460658
TTTTTC,0.1837963279450599
TTTTTG,-0.021339316034995493
TTTTCA,-0.025708356710206923
TTTTCT,-0.28615418827372774
TTTTCC,0.6096156999482333
TTTTCG,0.24660204670831634
TTTTGA,-0.27206784465023015
TTTTGT,-0.5931486080435043
TTTTGC,-0.1832470543148975
TTTTGG,-0.45970487704516116
TTTCAA,-0.0682629202285535
TTTCAT,-0.20633643299782845
TTTCAC,-0.089281525524169
TTTCAG,-0.18969639692786583
TTTCTA,-0.3393253056036194
TTTCTT,-0.32470739504162655
TTTCTC,-0.14913482981810502
TTTCTG,-0.21886775645142106
TTTCCA,0.4682034487415877
TTTCCT,0.45407280717354115
TTTCCC,0.08165776779504881
TTTCCG,0.30892718106551703
TTTCGA,0.22917601437841692
TTTCGT,-0.18071254598825404
TTTCGC,-0.15560012642622378
TTTCGG,0.16723858461756455
TTTGAA,-0.0006287331235096053
TTTGAT,-0.31208078349705376
TTTGAC,-0.07478415042006949
TTTGAG,0.12859852430449797
TTTGTA,-0.408025928969838
TTTGTT,-0.44428509995774645
TTTGTC,0.13768748265214195
TTTGTG,-0.1283710420652131
TTTGCA,-0.014932205422984473
TTTGCT,-0.1575819506181988
TTTGCC,-0.330149770881726
TTTGCG,0.2035702179574855
TTTGGA,-0.2825764684160808
TTTGGT,-0.3179341156223018
TTTGGC,0.020465226187570903
TTTGGG,-0.12573742655102174
TTCAAA,-0.19384431803073512
TTCAAT,0.15736095545750658
TTCAAC,0.4190399771992333
TTCAAG,0.18353188226880457
TTCATA,-0.46868697336098886
TTCATT,-0.07443259478276955
TTCATC,0.29855314476162853
TTCATG,0.2484938579579328
TTCACA,-0.7742288493659009
TTCACT,-0.8535284101378398
TTCACC,0.6109090823229731
TTCACG,0.11800984899664856
TTCAGA,-0.44103878637786276
TTCAGT,-0.5592982772167686
TTCAGC,0.3664311188840971
TTCAGG,0.11791891445270634
TTCTAA,0.0768810443359578
TTCTAT,-0.15269683900903033
TTCTAC,0.297442575848707
TTCTAG,-0.2731026226886238
TTCTTA,-0.8488839035428384
TTCTTT,-0.3404571876550287
TTCTTC,0.37874685602549263
TTCTTG,0.3439629083503705
TTCTCA,-0.31077249818605823
TTCTCT,-0.8409412946323682
TTCTCC,0.38666851711414
TTCTCG,0.6691266208240648
TTCTGA,-0.5791690697621645
TTCTGT,-0.7041391781739701
TTCTGC,-0.07693563818176336
TTCTGG,0.20102436478502428
TTCCAA,-0.4020871654392364
TTCCAT,-0.256272875074089
TTCCAC,0.2525544938250823
TTCCAG,0.7871076503469807
TTCCTA,-0.842742043851343
TTCCTT,-0.017259952784821776
TTCCTC,0.22801338674839652
TTCCTG,0.6325376225008638
TTCCCA,-0.46053269166197086
TTCCCT,-1.151548527984226
TTCCCC,0.19454344616096386
TTCCCG,0.08466877606231862
TTCCGA,-0.3915952602440139
TTCCGT,-0.5448553723523021
TTCCGC,-0.10033989482153731
TTCCGG,0.01636697746420541
TTCGAA,-0.2993760707966356
TTCGAT,-0.4594174902487944
TTCGAC,0.1854625793189153
TTCGAG,0.37144514239107074
TTCGTA,-0.17773228761031382
TTCGTT,-0.7623915927349292
TTCGTC,-0.06756790848917824
TTCGTG,-0.07124120120494228
TTCGCA,-0.9565852129819961
TTCGCT,-0.8578121678625514
TTCGCC,0.06708490301547895
TTCGCG,-0.46668453435872426
TTCGGA,-0.430933658499091
TTCGGT,-0.4906229164484712
TTCGGC,-0.012039805492305423
TTCGGG,-0.1281026710053022
TTGAAA,-0.17916342197867924
TTGAAT,-0.8226666298414873
TTGAAC,0.23604239611381986
TTGAAG,0.4004500293874691
TTGATA,-1.1667967526736867
TTGATT,-0.8476462317546007
TTGATC,0.20643322620714652
TTGATG,0.06123675430101444
TTGACA,-1.7000688570044753
TTGACT,-1.3532930731536525
TTGACC,0.24527248864435086
TTGACG,0.044829536445098864
TTGAGA,-0.06249839802262694
TTGAGT,-0.27676200926508093
TTGAGC,0.3462927555410331
TTGAGG,0.28848132652390074
TTGTAA,0.002442003655551809
TTGTAT,-0.9900259637614006
TTGTAC,0.32590328527197865
TTGTAG,0.8563080272724447
TTGTTA,-0.08053886248401236
TTGTTT,-0.48965062662953196
TTGTTC,0.1260747200453896
TTGTTG,0.22637296661621328
TTGTCA,-0.7922944037809138
TTGTCT,-0.8123911368560035
TTGTCC,0.31960885661791105
TTGTCG,0.5146666117799414
TTGTGA,-0.7959480320934278
TTGTGT,-1.355386823656814
TTGTGC,-0.05493020592287824
TTGTGG,-0.15029991036511586
TTGCAA,-0.5159808520385529
TTGCAT,-1.0376651942280462
TTGCAC,-0.4261793124957275
TTGCAG,-0.04227104597090436
TTGCTA,-0.6487552248130879
TTGCTT,-1.0915828087466282
TTGCTC,-0.07081915979602912
TTGCTG,0.4549858761822956
TTGCCA,-1.285707124214722
TTGCCT,-1.2055224052131117
TTGCCC,0.5156832177734357
TTGCCG,0.4187509448198142
TTGCGA,-0.5440445390649924
TTGCGT,-0.7618910583949484
TTGCGC,0.06492869476978516
TTGCGG,0.24652160515308486
TTGGAA,-0.4759018384209201
TTGGAT,-1.1220352389591186
TTGGAC,-0.2353952360053527
TTGGAG,0.23824687181542467
TTGGTA,-1.120423957323112
TTGGTT,-1.2297734502706692
TTGGTC,-0.02354313635964476
TTGGTG,0.2366941051998693
TTGGCA,-1.278533900779404
TTGGCT,-0.645597894289892
TTGGCC,0.253746680401145
TTGGCG,0.3237740135781504
TTGGGA,0.1524896559993766
TTGGGT,-0.849182875082975
TTGGGC,-0.1315513889713661
TTGGGG,0.15323156211549535
TCAAAA,-0.44489770811465923
TCAAAT,-0.49405418723941175
TCAAAC,-0.10782500876590498
TCAAAG,0.2046304148479018
TCAATA,0.6291984559596719
TCAATT,0.14618251017808145
TCAATC,0.22950624510203854
TCAATG,0.48419120217810774
TCAACA,0.46563537289052614
TCAACT,0.18988810497617117
TCAACC,-0.3211309669491326
TCAACG,0.24841973512317264
TCAAGA,-0.020597917169931784
TCAAGT,-0.26344330422689455
TCAAGC,-0.10579837598737898
TCAAGG,0.262833939965153
TCATAA,-0.3364722366212129
TCATAT,-1.0580573525016919
TCATAC,-0.6688753977756354
TCATAG,0.4389312368404228
TCATTA,0.36304439222421225
TCATTT,0.07770898432731632
TCATTC,-0.38593949871603817
TCATTG,0.32354479361268573
TCATCA,0.2545697210015787
TCATCT,-0.17847457620004914
TCATCC,0.016041536186951675
TCATCG,0.07947547787980817
TCATGA,-0.09696672352935763
TCATGT,-0.042247334829113276
TCATGC,0.2046097283767592
TCATGG,-0.05801040999664784
TCACAA,-0.7891355563889084
TCACAT,-0.29061893212509066
TCACAC,-1.0009382059344398
TCACAG,-1.2069332420233494
TCACTA,-0.12689175185462376
TCACTT,-0.5579765925952496
TCACTC,-1.1949668549903407
TCACTG,-0.7929688247418233
TCACCA,0.30881892276109735
TCACCT,0.23477773859555048
TCACCC,0.5172331896651047
TCACCG,0.6082444157059352
TCACGA,-0.2347554579787895
TCACGT,-0.17673884864479722
TCACGC,0.0575163396636437
TCACGG,0.08760628628351094
TCAGAA,-0.538565373327863
TCAGAT,-0.6115031915194351
TCAGAC,-0.8822539445501507
TCAGAG,-0.9006953002995755
TCAGTA,-0.48568463480788876
TCAGTT,0.08733040714068467
TCAGTC,-0.9175719620302036
TCAGTG,-0.7356148789898902
TCAGCA,0.6591704139774257
TCAGCT,0.27413441110093695
TCAGCC,-0.3571151714739645
TCAGCG,0.07921757648980826
TCAGGA,0.1844607380362116
TCAGGT,0.015285228645844523
TCAGGC,-0.29450144003384454
TCAGGG,0.12876879161766902
TCTAAA,-0.22834737918923667
TCTAAT,-0.7458977459454743
TCTAAC,-0.7766578134331152
TCTAAG,-1.1006934548719343
TCTATA,0.6931471805599453
TCTATT,0.928594373069512
TCTATC,0.046792161506758884
TCTATG,0.6182992897635129
TCTACA,0.9702930539004843
TCTACT,0.23087887136263044
TCTACC,-0.41424190608372397
TCTACG,0.53809193260226
TCTAGA,-0.8058996630276126
TCTAGT,-0.832909122935104
TCTAGC,-0.6454523067519281
TCTAGG,-0.916290731874155
TCTTAA,0.24846135929849972
TCTTAT,-1.2223037610106595
TCTTAC,-0.6722787681251972
TCTTAG,-0.8875900978862448
TCTTTA,-0.07577830888707894
TCTTTT,-0.09119023806459665
TCTTTC,-0.6122010230734063
TCTTTG,-0.14067878483417584
TCTTCA,0.44618654453089396
TCTTCT,0.2657031657330057
TCTTCC,0.2742968778941275
TCTTCG,-0.03282488532189884
TCTTGA,0.04653153179494467
TCTTGT,0.1973122506223949
TCTTGC,0.0728087082204079
TCTTGG,0.040773508496342065
TCTCAA,-0.03166128190646485
TCTCAT,-0.6878421283302522
TCTCAC,-0.6900618571204087
TCTCAG,-1.0751673484640234
TCTCTA,0.2782033284972371
TCTCTT,-0.37250233474859573
TCTCTC,-0.7774977077012165
TCTCTG,-0.8538742514001488
TCTCCA,0.6243729121998891
TCTCCT,0.33564820346995
TCTCCC,-0.10053212378547648
TCTCCG,0.007387627536465233
TCTCGA,0.6475563890897928
TCTCGT,0.4050289982015575
TCTCGC,0.14948259340436312
TCTCGG,0.5134147743238482
TCTGAA,-0.41827578166514084
TCTGAT,-0.5988596843874566
TCTGAC,-0.8711550390074861
TCTGAG,-1.0413121213372438
TCTGTA,-0.6899161599784988
TCTGTT,-0.11464421156415996
TCTGTC,-0.9804060865663571
TCTGTG,-1.2417727875017852
TCTGCA,0.5314358687642369
TCTGCT,0.26676807185568496
TCTGCC,-0.835179437726224
TCTGCG,-0.16627432762661631
TCTGGA,0.44870278716281053
TCTGGT,0.03455983621001843
TCTGGC,-0.17997244799574
TCTGGG,0.2682235015842489
TCCAAA,-0.35227035349780417
TCCAAT,-0.272148515183748
TCCAAC,-0.2080828989702605
TCCAAG,-0.2644740870257024
TCCATA,-0.49981282393058857
TCCATT,-0.20042159843757265
TCCATC,-0.23520534597345022
TCCATG,0.04731500115298903
TCCACA,0.1788276675396989
TCCACT,0.11665127216118219
TCCACC,0.020159833944021578
TCCACG,0.03077474356785944
TCCAGA,0.5200948523423532
TCCAGT,0.4440847749321198
TCCAGC,0.7408014337169054
TCCAGG,0.5177715641735631
TCCTAA,-0.9386476389754315
TCCTAT,-0.931228116528766
TCCTAC,-0.5234725854667581
TCCTAG,-0.8511001463369422
TCCTTA,-0.1465324489423693
TCCTTT,-0.6521066306896781
TCCTTC,-0.35225926858403916
TCCTTG,0.39724009786259107
TCCTCA,-0.04249199888071946
TCCTCT,-0.4439313889359605
TCCTCC,-0.06928640638301971
TCCTCG,0.5832156696908487
TCCTGA,0.25543002861459296
TCCTGT,-0.044065214440778946
TCCTGC,0.5058628344238616
TCCTGG,0.4798052817160218
TCCCAA,-0.20842498424215633
TCCCAT,-0.9462539830595342
TCCCAC,-0.44150975179173035
TCCCAG,-0.17393348767858
TCCCTA,-0.46823319502702254
TCCCTT,-1.0903848675390768
TCCCTC,-0.9212782733851942
TCCCTG,-0.8421019780475477
TCCCCA,-0.10758880041708413
TCCCCT,-0.1273955857260663
TCCCCC,-0.08259718225016661
TCCCCG,0.1944943770766471
TCCCGA,0.10558077997589758
TCCCGT,-0.07390714877720614
TCCCGC,-0.041974118405474374
TCCCGG,-0.015742591268860753
TCCGAA,-0.4037942639433467
TCCGAT,-0.7617936717178361
TCCGAC,-0.28827244932615587
TCCGAG,-0.11134495973300193
TCCGTA,-0.3202582428863937
TCCGTT,-0.4282563625564217
TCCGTC,-0.4955449090937715
TCCGTG,-0.672438137371037
TCCGCA,0.3523769430530569
TCCGCT,-0.07303917729619915
TCCGCC,-0.22608328885513465
TCCGCG,-0.2005458125397285
TCCGGA,0.1544522328274828
TCCGGT,-0.348747349835233
TCCGGC,-0.05634496226478766
TCCGGG,0.026229325724334188
TCGAAA,0.1619542539695209
TCGAAT,-0.5923655378256706
TCGAAC,0.14229145468511487
TCGAAG,-0.09382778822391234
TCGATA,-0.20820856093342727
TCGATT,-0.6673225045025603
TCGATC,0.05919331842926122
TCGATG,0.003956392886788551
TCGACA,0.4790964874580817
TCGACT,0.14536585027152543
TCGACC,0.2624014306685521
TCGACG,0.36105771209382764
TCGAGA,0.6582704118891693
TCGAGT,0.12370587195602756
TCGAGC,0.2799106522945378
TCGAGG,0.5026230752291572
TCGTAA,0.18953501131225634
TCGTAT,-0.43622263938827244
TCGTAC,0.227276445450026
TCGTAG,0.3772371551447629
TCGTTA,0.13297132540181775
TCGTTT,-0.5931775135369954
TCGTTC,-0.25433266876578475
TCGTTG,-0.1670446923019734
TCGTCA,-0.013737249950020689
TCGTCT,-0.1071230422600077
TCGTCC,0.17326583945737895
TCGTCG,0.18871413994645628
TCGTGA,-0.1527261781618731
TCGTGT,-0.4233032221609082
TCGTGC,0.14924259992540992
TCGTGG,-0.0136134783843305
TCGCAA,-0.48521304790926434
TCGCAT,-0.9280924742958667
TCGCAC,-0.7306642849136443
TCGCAG,-0.6414201642897486
TCGCTA,-0.7603994075691127
TCGCTT,-1.055875196211755
TCGCTC,-0.5533376180033448
TCGCTG,-0.18599355519933983
TCGCCA,-0.03187481611189687
TCGCCT,-0.2075438545993149
TCGCCC,0.3293435465440323
TCGCCG,0.3614173618642226
TCGCGA,-0.7044845939109189
TCGCGT,-0.7721968394924899
TCGCGC,-0.16600907245851992
TCGCGG,-0.12898686920720026
TCGGAA,-0.5266286667388231
TCGGAT,-0.6697238585423838
TCGGAC,-0.3032023684028943
TCGGAG,-0.30485225334458826
TCGGTA,-0.8357875130250844
TCGGTT,-0.9587114477581072
TCGGTC,-0.24903587417631887
TCGGTG,0.2429986902350022
TCGGCA,0.01423184815369224
TCGGCT,-0.23596276704235988
TCGGCC,0.03347482861565225
TCGGCG,0.418997829923321
TCGGGA,0.37183386323234496
TCGGGT,-0.3814657674535114
TCGGGC,-0.17143785889680022
TCGGGG,0.22492358992789402
TGAAAA,-0.018114507038776703
TGAAAT,0.17192679046752088
TGAAAC,-0.055999517215415635
TGAAAG,-0.33185329076491843
TGAATA,-0.13907157300013806
TGAATT,0.2487495022193809
TGAATC,-1.0409189724350916
TGAATG,-0.4317824164255378
TGAACA,0.6529516225628955
TGAACT,0.7876303130185782
TGAACC,-0.24771945736304715
TGAACG,0.19368063367029884
TGAAGA,0.4511438387413693
TGAAGT,0.7365736040791595
TGAAGC,0.05562632499861194
TGAAGG,0.3577999151059149
TGATAA,-0.6908718667228098
TGATAT,-0.8955901405533211
TGATAC,-1.0696838098193835
TGATAG,-0.4501100887261649
TGATTA,-0.17447837933292876
TGATTT,0.083381608939051
TGATTC,-1.5262875441019301
TGATTG,-0.5072899689336829
TGATCA,0.3989768223025349
TGATCT,0.38906601526112167
TGATCC,0.3947158662542834
TGATCG,0.2922928655344146
TGATGA,0.16532903712361244
TGATGT,0.31702869063318523
TGATGC,0.05452478247706918
TGATGG,-0.07995415920426026
TGACAA,-0.9337903477888843
TGACAT,-0.6181613736753827
TGACAC,-0.9901453292147929
TGACAG,-1.3126969512339448
TGACTA,-0.23901690047049984
TGACTT,-0.7084351275015983
TGACTC,-1.20944958263734
TGACTG,-1.2855273308012545
TGACCA,0.33047477201245445
TGACCT,0.23747263891094256
TGACCC,0.20568172415054756
TGACCG,0.17502746873417147
TGACGA,0.03283036418532137
TGACGT,-0.09759837252908629
TGACGC,-0.09470424629863843
TGACGG,-0.05190002852615532
TGAGAA,-0.385318159245035
TGAGAT,-0.501406401849499
TGAGAC,-0.8301054598468307
TGAGAG,-0.973566097939253
TGAGTA,-0.08122543992258587
TGAGTT,-0.08722232520262597
TGAGTC,-1.298053727675531
TGAGTG,-1.0216512475319814
TGAGCA,0.39460199585079336
TGAGCT,0.0794566148029058
TGAGCC,-0.3654458902938319
TGAGCG,-0.05001237805620488
TGAGGA,-0.06883091505287825
TGAGGT,-0.42129217734365115
TGAGGC,-0.7251524983759364
TGAGGG,-0.4821110126586247
TGTAAA,0.06613980250454499
TGTAAT,0.6711682738411702
TGTAAC,-0.027398974188114388
TGTAAG,-0.5721613469990381
TGTATA,-0.4793349566746198
TGTATT,0.8000738672505167
TGTATC,-0.525314742280129
TGTATG,-0.7563606716904824
TGTACA,0.23371323280389739
TGTACT,1.2175323341115682
TGTACC,-0.46673743145911434
TGTACG,0.13506317745300941
TGTAGA,0.9406353037718929
TGTAGT,1.0964868893557962
TGTAGC,0.28033809819602235
TGTAGG,0.23673159603124905
TGTTAA,-0.7731898882334817
TGTTAT,-0.2668789448220176
TGTTAC,-0.059873401047414336
TGTTAG,-1.0216512475319814
TGTTTA,-0.13704085226079818
TGTTTT,0.05592078991959869
TGTTTC,-0.3091017423191808
TGTTTG,0.1402346909190649
TGTTCA,0.6975044859289009
TGTTCT,0.6367417911306515
TGTTCC,0.48312527833645713
TGTTCG,0.4579246880089768
TGTTGA,0.4150587186739823
TGTTGT,0.48579780627848906
TGTTGC,0.11455296384199043
TGTTGG,0.11327079986228211
TGTCAA,-1.5983510385245905
TGTCAT,-0.546468515571388
TGTCAC,-0.6979250205136585
TGTCAG,-1.1667829043872042
TGTCTA,-0.31456466675508604
TGTCTT,-0.6057600755929478
TGTCTC,-0.8371468449464035
TGTCTG,-0.9515109062875023
TGTCCA,0.2985565890983572
TGTCCT,0.3950796635746844
TGTCCC,-0.2906627005899188
TGTCCG,-0.09096695798780462
TGTCGA,0.5146031404963344
TGTCGT,0.22263399716305696
TGTCGC,0.06293083380421194
TGTCGG,0.43709766301718395
TGTGAA,-0.7698579401280046
TGTGAT,-0.6407040642680898
TGTGAC,-0.886326607325949
TGTGAG,-1.3446039340656817
TGTGTA,-1.0199575062694213
TGTGTT,-0.5089547158301789
TGTGTC,-1.0647107369924285
TGTGTG,-1.45667515788169
TGTGCA,0.2597649060027465
TGTGCT,0.29829929229265273
TGTGCC,-0.9441091420882934
TGTGCG,-0.25706439153201555
TGTGGA,0.01567241240763191
TGTGGT,-0.15072429332482165
TGTGGC,-0.505497703905577
TGTGGG,-0.06269859421556405
TGCAAA,0.053273885250879914
TGCAAT,-0.099891039853291
TGCAAC,-0.1923287882701999
TGCAAG,-0.44363202294811577
TGCATA,-0.8320029153515659
TGCATT,-0.4814760304079724
TGCATC,-0.13705964377830762
TGCATG,0.07915211904039998
TGCACA,0.2503248190957397
TGCACT,0.17553147485220869
TGCACC,0.276449102851993
TGCACG,0.4327078445020387
TGCAGA,0.45777525325154855
TGCAGT,0.4517515971004983
TGCAGC,0.48478162661507973
TGCAGG,0.7108265688943932
TGCTAA,-0.48690544004833874
TGCTAT,-1.463866675907328
TGCTAC,-0.8791747329482175
TGCTAG,-0.8363357396517517
TGCTTA,-0.3035925625020566
TGCTTT,-0.10759103590568929
TGCTTC,-0.7560287004898869
TGCTTG,-0.04934695705686788
TGCTCA,0.32319292264196936
TGCTCT,0.47143892173358304
TGCTCC,0.1183392831766813
TGCTCG,0.5274709494193163
TGCTGA,0.6440835557443536
TGCTGT,0.6001764436986091
TGCTGC,0.7542701826508375
TGCTGG,0.9019789588614022
TGCCAA,-1.3588375148868512
TGCCAT,-1.5456481745587702
TGCCAC,-1.5319395841279246
TGCCAG,-1.2475378144525993
TGCCTA,-1.4769713280027272
TGCCTT,-1.1071883840004566
TGCCTC,-1.7972310154238218
TGCCTG,-1.2777722873433353
TGCCCA,0.18278470944665737
TGCCCT,-0.08117490041331384
TGCCCC,-0.1463961681333538
TGCCCG,0.20897062745544226
TGCCGA,-0.03747511116654636
TGCCGT,0.08567560795949039
TGCCGC,-0.11935513631552108
TGCCGG,0.0896259253042703
TGCGAA,-0.8806492013658129
TGCGAT,-0.78845736036427
TGCGAC,-0.5913306733368483
TGCGAG,-0.5891331874526621
TGCGTA,-0.35404374815086714
TGCGTT,-0.5895707866956202
TGCGTC,-0.42121346507630353
TGCGTG,-0.38882189466176376
TGCGCA,0.5575289722853851
TGCGCT,0.14301056241459284
TGCGCC,0.026055113747332694
TGCGCG,0.18312062791634257
TGCGGA,0.3421906834763695
TGCGGT,0.01951612987894581
TGCGGC,0.03451408567132698
TGCGGG,0.3561633477474923
TGGAAA,0.5926344620794916
TGGAAT,-0.11952932523574997
TGGAAC,0.19945378019180496
TGGAAG,0.33457513016233764
TGGATA,-0.4074832722644016
TGGATT,-0.16348200725614256
TGGATC,-0.05066980305449436
TGGATG,-0.07932103133921137
TGGACA,0.19220261630342092
TGGACT,0.18703854667209346
TGGACC,0.038530264959753126
TGGACG,0.40611891656558324
TGGAGA,0.544082845522473
TGGAGT,0.29306566553525354
TGGAGC,0.35423212682345917
TGGAGG,0.2219264004032276
TGGTAA,-0.7997569156182034
TGGTAT,-1.0445972308781932
TGGTAC,-0.2315587482394942
TGGTAG,-0.3687571364342337
TGGTTA,-0.28110310135373845
TGGTTT,-0.32923774272028006
TGGTTC,-0.4844338940747644
TGGTTG,-0.4984323112616825
TGGTCA,0.3288792923155688
TGGTCT,0.18417417156837526
TGGTCC,-0.2023671045881902
TGGTCG,0.18703854667209346
TGGTGA,0.3286850460694443
TGGTGT,0.27678141948733304
TGGTGC,0.23946579638992166
TGGTGG,0.15109177922262476
TGGCAA,-1.157452788691043
TGGCAT,-1.5995050232892898
TGGCAC,-1.6128517677125997
TGGCAG,-1.2230882966355268
TGGCTA,-0.9009129824313888
TGGCTT,-0.7290791897860086
TGGCTC,-0.7598708126028535
TGGCTG,-0.41496146353599644
TGGCCA,0.2530007693213426
TGGCCT,0.014748126494602151
TGGCCC,0.001574601639943984
TGGCCG,0.12425003137594705
TGGCGA,-0.007393687184082522
TGGCGT,0.18109704762196996
TGGCGC,-0.05238847904884875
TGGCGG,0.15654812166946125
TGGGAA,-0.1480094118051758
TGGGAT,-0.056606468217667294
TGGGAC,0.0
TGGGAG,-0.07323996035078387
TGGGTA,-0.9791974876238204
TGGGTT,-0.5271747617675202
TGGGTC,-0.09465417322073343
TGGGTG,0.29351750223543926
TGGGCA,0.07164312380559404
TGGGCT,-0.185588664513323
TGGGCC,-0.16254924355137254
TGGGCG,0.36645435989151015
TGGGGA,-0.13263813664730764
TGGGGT,-0.24318585456964145
TGGGGC,-0.054613248932696735
TGGGGG,-0.10669056600038695
CAAAAA,-0.27288564320902375
CAAAAT,0.08997559681834698
CAAAAC,-0.32854826489032135
CAAAAG,-0.5880537232559562
CAAATA,-0.18405616260616298
CAAATT,-0.3605311356289064
CAAATC,-0.7556950853712008
CAAATG,-0.7698188279738977
CAAACA,0.15026933311928584
CAAACT,0.31311088670803916
CAAACC,-0.18425766582082112
CAAACG,-0.3604631391960776
CAAAGA,-0.05287407554439639
CAAAGT,0.12158335116471347
CAAAGC,0.512397333323328
CAAAGG,-0.07253205572479557
CAATAA,0.9354117733209336
CAATAT,1.171502419295152
CAATAC,0.6887771808888269
CAATAG,0.48097266061630956
CAATTA,-0.01749315744751723
CAATTT,0.7857686704403418
CAATTC,0.0793850292545655
CAATTG,0.3506904856234921
CAATCA,-0.32465667524314246
CAATCT,0.5116195896671671
CAATCC,0.49210167249970305
CAATCG,-0.42925774525975874
CAATGA,0.4010394320050119
CAATGT,1.1514779104236128
CAATGC,0.09882454467804082
CAATGG,0.033129847457319485
CAACAA,0.26848223190327153
CAACAT,0.41380268904698403
CAACAC,0.4715758615342893
CAACAG,-0.06393632584386867
CAACTA,0.7365972974864701
CAACTT,0.2398437406313445
CAACTC,0.23640679624457478
CAACTG,0.2572128849769525
CAACCA,-0.6049080563319932
CAACCT,-0.16608503774631406
CAACCC,-0.43600987343002295
CAACCG,-0.7092791135069832
CAACGA,-0.191181864456355
CAACGT,-0.1741283618284801
CAACGC,0.08441734181258322
CAACGG,-0.18569424127259387
CAAGAA,0.20097425169167416
CAAGAT,0.23867948130332384
CAAGAC,0.011999815233158769
CAAGAG,-0.3298839774968295
CAAGTA,0.6033064765601558
CAAGTT,0.3953983018020664
CAAGTC,-0.23784969870390518
CAAGTG,-0.6038604897331801
CAAGCA,-0.040696808875470954
CAAGCT,0.3780698592236156
CAAGCC,-0.34419945643572675
CAAGCG,-0.41791926107230043
CAAGGA,0.3849604800811548
CAAGGT,0.36310520771654325
CAAGGC,0.16477173765953482
CAAGGG,0.21356123036800692
CATAAA,0.1274276096865048
CATAAT,-0.048790164169431945
CATAAC,-0.1884006028703368
CATAAG,-0.44090795503796315
CATATA,0.047486666265987874
CATATT,0.5269117615176151
CATATC,-0.4858154607618231
CATATG,-0.9965700979324192
CATACA,-0.6115266522051921
CATACT,0.17127172060736964
CATACC,-0.7541949037154612
CATACG,-0.930162328829434
CATAGA,0.6818095380480995
CATAGT,0.6322691971771046
CATAGC,0.006610380295866291
CATAGG,0.21673470606803424
CATTAA,-0.34937564145712074
CATTAT,0.575728510001417
CATTAC,0.33314444652853814
CATTAG,-0.21667103680859223
CATTTA,-0.2954642128938359
CATTTT,-0.13370498866696875
CATTTC,0.5481095391439269
CATTTG,-0.09531017980432477
CATTCA,-0.5400247784582529
CATTCT,0.10536051565782635
CATTCC,0.2049848163023386
CATTCG,-0.4596345213973323
CATTGA,0.325124128280383
CATTGT,0.4649551696998935
CATTGC,0.06153773699193467
CATTGG,0.16014881674354667
CATCAA,0.13381017712591012
CATCAT,0.10476714947415566
CATCAC,0.3458834723059681
CATCAG,-0.118401450156505
CATCTA,-0.039042634620177825
CATCTT,-0.0840540554688692
CATCTC,0.12468655015020139
CATCTG,-0.3708075932397385
CATCCA,0.020244020242273713
CATCCT,0.14350073167735347
CATCCC,-0.21194595646410344
CATCCG,-0.27370453129296013
CATCGA,0.01989076067621502
CATCGT,-0.0662338013280083
CATCGC,-0.16875674376018132
CATCGG,-0.27359627350548177
CATGAA,0.1968580744176346
CATGAT,0.06440293710916199
CATGAC,0.00028989708856440533
CATGAG,-0.6281031866974175
CATGTA,0.6181613736753827
CATGTT,0.18171105616449235
CATGTC,0.13558292294038982
CATGTG,-0.20844284767367102
CATGCA,0.15789784918570793
CATGCT,0.313307210254604
CATGCC,0.17149969867944745
CATGCG,-0.130007225965803
CATGGA,0.045908042118953454
CATGGT,0.0009916809803948285
CATGGC,0.0453968141244989
CATGGG,-0.14847786042217426
CACAAA,-0.1970431686193144
CACAAT,-0.25341747847768487
CACAAC,-0.44975278830928067
CACAAG,-0.48686201999550416
CACATA,0.7328974456658213
CACATT,0.1599646496926782
CACATC,-0.13118725755738686
CACATG,-0.1909124949111051
CACACA,-1.4672981452729776
CACACT,-0.921127500674769
CACACC,-0.26346706095578204
CACACG,-0.8539625321329364
CACAGA,-0.9692626166402609
CACAGT,-1.021991615132272
CACAGC,-0.3675067557368686
CACAGG,-0.7943444025499955
CACTAA,-0.0537041789718611
CACTAT,0.16081535157299098
CACTAC,0.2196773433377235
CACTAG,-0.009756174945364685
CACTTA,-0.6626879730752366
CACTTT,-0.44721690278838616
CACTTC,0.07400169375736286
CACTTG,-0.5315191197179718
CACTCA,-0.9712728662915081
CACTCT,-1.08339289230474
CACTCC,-0.4947715175333836
CACTCG,-0.4664012580801327
CACTGA,-0.7866555580750073
CACTGT,-0.7167599960472357
CACTGC,-0.4924586214155528
CACTGG,-0.5311909972784845
CACCAA,0.22238900513791393
CACCAT,0.05598545948601166
CACCAC,0.5169735156425604
CACCAG,0.18855760106518013
CACCTA,0.33934202216125076
CACCTT,0.33148006709820577
CACCTC,0.24264771569219123
CACCTG,-0.012832440069884474
CACCCA,0.1816321393243868
CACCCT,0.33661957712538393
CACCCC,0.2987937067018293
CACCCG,0.03036074016631073
CACCGA,0.2207006057083844
CACCGT,0.36266787933634365
CACCGC,0.308259901144115
CACCGG,0.13264480819988655
CACGAA,-0.11279025166764463
CACGAT,0.010167901520844477
CACGAC,-0.021812018798797506
CACGAG,-0.16087301338647106
CACGTA,-0.2070673057588438
CACGTT,-0.2569987251028594
CACGTC,-0.025579905349545795
CACGTG,-0.42768824489287455
CACGCA,-0.4379464888695506
CACGCT,-0.03881146411953586
CACGCC,0.4139908597507197
CACGCG,-0.3962442795935134
CACGGA,-0.5905540119933578
CACGGT,0.28267669911271154
CACGGC,0.15750030828304185
CACGGG,-0.12108827353920752
CAGAAA,-0.2906808184684606
CAGAAT,-0.14324964209344396
CAGAAC,0.05699682379354389
CAGAAG,-0.18856821146276462
CAGATA,0.45764133388509587
CAGATT,0.056326181056220524
CAGATC,0.09977307283507697
CAGATG,-0.3919173878350946
CAGACA,-1.0564419560293545
CAGACT,-0.8259197902358533
CAGACC,0.060222557882853966
CAGACG,-0.36658020098353167
CAGAGA,-0.9903849013101216
CAGAGT,-0.5680530007451687
CAGAGC,-0.07841956463990103
CAGAGG,-0.9653131571060642
CAGTAA,-0.2550112901622323
CAGTAT,0.27342521182691587
CAGTAC,0.7204764950357263
CAGTAG,-0.25381720388903256
CAGTTA,-0.3530015385724235
CAGTTT,0.41809775656513865
CAGTTC,0.8053977955082893
CAGTTG,0.15478344323613114
CAGTCA,-1.2996345044592879
CAGTCT,-0.7762754823102688
CAGTCC,-0.1055595770076603
CAGTCG,-0.2955946108250402
CAGTGA,-0.7900961293134868
CAGTGT,-0.6208085332070655
CAGTGC,-0.520515368298466
CAGTGG,-0.5141534138586653
CAGCAA,0.43603929556732085
CAGCAT,0.59272190008885
CAGCAC,1.1741734354781215
CAGCAG,0.7200306760574162
CAGCTA,0.18625083493384426
CAGCTT,0.5510342268328653
CAGCTC,0.32035010303974604
CAGCTG,0.1721061006675428
CAGCCA,-0.4171909625729872
CAGCCT,-0.37388759032832986
CAGCCC,-0.21265974485489803
CAGCCG,-0.44266670279281883
CAGCGA,-0.21762621694130646
CAGCGT,0.005159411425951281
CAGCGC,0.20505788544856082
CAGCGG,-0.08226433497102492
CAGGAA,0.551988991397238
CAGGAT,0.4757645365339549
CAGGAC,0.1659069280582192
CAGGAG,0.028126679048411176
CAGGTA,-0.23873564607404602
CAGGTT,0.10350127085035417
CAGGTC,0.08435478489036334
CAGGTG,0.009203604789432456
CAGGCA,-1.1330348636453187
CAGGCT,-0.27544392986460203
CAGGCC,0.03308513569628431
CAGGCG,-0.22699785410384657
CAGGGA,-0.546083229579786
CAGGGT,0.5812625388251758
CAGGGC,0.3777683224933965
CAGGGG,-0.3674277357149942
CTAAAA,-0.42121346507630353
CTAAAT,-0.1781461853834739
CTAAAC,0.22778393087071197
CTAAAG,0.27443684570176036
CTAATA,-0.6505875661411494
CTAATT,-0.6084059521048546
CTAATC,-0.39541477225466287
CTAATG,-0.4673960658386547
CTAACA,-0.9609909107920619
CTAACT,-1.0001722158548572
CTAACC,-0.5959234062951807
CTAACG,-0.594904132670983
CTAAGA,-1.051695368880358
CTAAGT,-1.120591195386885
CTAAGC,-0.6271554588231524
CTAAGG,-0.7108467576593462
CTATAA,1.1549652252192415
CTATAT,0.8332061967601339
CTATAC,0.4061550012021022
CTATAG,0.5345421503833068
CTATTA,1.3783261914707137
CTATTT,1.2175599698722444
CTATTC,0.2827058124655529
CTATTG,0.498733578000962
CTATCA,-0.44327339164810325
CTATCT,0.45515086971182983
CTATCC,-0.18597595919030802
CTATCG,-0.6675926581704785
CTATGA,0.41785684040332777
CTATGT,1.158730018695086
CTATGC,0.09243732627562685
CTATGG,-0.11261295105242385
CTACAA,0.9056566848342325
CTACAT,0.7878860949959782
CTACAC,0.6883394789918422
CTACAG,-0.03200273108617383
CTACTA,0.9026344054266695
CTACTT,0.5187516890384114
CTACTC,0.1450625902237122
CTACTG,-0.2318016140573243
CTACCA,-0.3406221266242011
CTACCT,-0.5648076080774695
CTACCC,-0.9222499518932424
CTACCG,-0.6573046181056587
CTACGA,0.31433196073214204
CTACGT,-0.3959444649598516
CTACGC,0.2965285447643108
CTACGG,0.03237537152502075
CTAGAA,-0.21985947611301976
CTAGAT,-0.8389575284709847
CTAGAC,-0.6072540592082332
CTAGAG,-0.22372309349212283
CTAGTA,-0.262364264467491
CTAGTT,-0.48617648849133654
CTAGTC,-0.276465555708097
CTAGTG,-0.10354067894084033
CTAGCA,-0.7373918823577026
CTAGCT,-0.6984900249704408
CTAGCC,-0.5086983627498166
CTAGCG,-0.5043450427601454
CTAGGA,-0.837335867658456
CTAGGT,-0.9626971046883108
CTAGGC,-0.41494385206270806
CTAGGG,-0.6745543474833294
CTTAAA,-0.33306507829959864
CTTAAT,0.31893461595588546
CTTAAC,-0.11289305036219166
CTTAAG,0.3393653064036408
CTTATA,-0.08065790301745453
CTTATT,-0.30861528211824674
CTTATC,-0.3146948716978496
CTTATG,-0.5488975717153987
CTTACA,-0.41779192058882286
CTTACT,-0.538440790798964
CTTACC,-0.025975486403260677
CTTACG,-0.14145446746185003
CTTAGA,-1.1074619039450921
CTTAGT,-0.7290339398934693
CTTAGC,-0.5016089686610667
CTTAGG,-0.8288965064878122
CTTTAA,0.14186091787735297
CTTTAT,0.22889399844264743
CTTTAC,0.4047354473680206
CTTTAG,-0.034772966755045
CTTTTA,-0.1638594939542192
CTTTTT,0.07901509731782234
CTTTTC,0.3478513572802173
CTTTTG,-0.5306282510621704
CTTTCA,-0.5842028094798167
CTTTCT,-0.41625326694143094
CTTTCC,-0.05666494160920243
CTTTCG,-0.44505557537917273
CTTTGA,0.036603850272532365
CTTTGT,0.24347597994728531
CTTTGC,0.0049216522089184506
CTTTGG,0.08263226458027018
CTTCAA,0.4113024606521646
CTTCAT,0.36545743551908183
CTTCAC,0.40158004729010205
CTTCAG,0.16202525469601764
CTTCTA,0.3065908395413209
CTTCTT,0.34836752336887633
CTTCTC,0.3694648864723684
CTTCTG,-0.13616966190682275
CTTCCA,0.40134640271453886
CTTCCT,0.34391188294546876
CTTCCC,-0.29475355228480526
CTTCCG,-0.45528620020395494
CTTCGA,-0.047434943082867914
CTTCGT,-0.1519449796907748
CTTCGC,-0.31871802910533675
CTTCGG,-0.33733072858980717
CTTGAA,0.187699348444722
CTTGAT,-0.016634478911543106
CTTGAC,-0.19642524306688028
CTTGAG,0.3099349401823108
CTTGTA,0.6231185761994619
CTTGTT,0.080025052462159
CTTGTC,0.24103438365999588
CTTGTG,-0.4251849984663909
CTTGCA,-0.47160491061270937
CTTGCT,-0.09957198229751024
CTTGCC,0.29331605990769627
CTTGCG,-0.10210522293715366
CTTGGA,-0.3529649453970466
CTTGGT,-0.11716850517010671
CTTGGC,0.22010605815099202
CTTGGG,-0.05896973238289618
CTCAAA,0.04113298814739243
CTCAAT,0.44483773153340395
CTCAAC,0.05527523525815228
CTCAAG,0.25784104112367146
CTCATA,0.3714900297238731
CTCATT,-0.2282915678316111
CTCATC,-0.3977391879747737
CTCATG,-0.5727770022515537
CTCACA,-1.3265669430787292
CTCACT,-0.9671693061308575
CTCACC,-0.18111134243833124
CTCACG,-0.6692144143483172
CTCAGA,-1.1940602000338396
CTCAGT,-0.9954604983698394
CTCAGC,-0.374165832356464
CTCAGG,-0.9278499633739138
CTCTAA,-0.19268434382950125
CTCTAT,0.7759568706958752
CTCTAC,0.9879693071452029
CTCTAG,0.009345862418237599
CTCTTA,-0.715476656958034
CTCTTT,-0.37890869074673184
CTCTTC,0.03596577259213904
CTCTTG,-0.26800640732323483
CTCTCA,-0.9839493803479699
CTCTCT,-0.8325893787277435
CTCTCC,0.09781833261153788
CTCTCG,-0.21288913382734695
CTCTGA,-0.7800915670956897
CTCTGT,-0.9687777579249132
CTCTGC,-0.3984502703015146
CTCTGG,-0.2839424498825671
CTCCAA,0.31478814122532756
CTCCAT,0.08917087189023966
CTCCAC,0.12329090637625535
CTCCAG,0.6552093412195531
CTCCTA,-0.3416670534983169
CTCCTT,-0.15472577808905918
CTCCTC,0.3342472256433855
CTCCTG,0.048520563938052715
CTCCCA,-0.24271216742358698
CTCCCT,-0.9653410755689262
CTCCCC,-0.09418443387883949
CTCCCG,-0.5083375611637989
CTCCGA,-0.27771757719234913
CTCCGT,-0.8278325255991003
CTCCGC,-0.5629695457899512
CTCCGG,-0.1861291511897445
CTCGAA,0.3523581204182733
CTCGAT,0.47005665760708326
CTCGAC,0.7213789992640158
CTCGAG,-0.2810986917581645
CTCGTA,0.6375773294051346
CTCGTT,0.17469851225605504
CTCGTC,0.2839852105704548
CTCGTG,-0.22819626700326254
CTCGCA,-0.4539302600867783
CTCGCT,-0.18951782366454953
CTCGCC,0.24067179602604521
CTCGCG,-0.2478144483565441
CTCGGA,-0.22404766509321078
CTCGGT,0.23015460338900315
CTCGGC,0.4276477896871308
CTCGGG,0.23082899047176705
CTGAAA,-0.08886934857269282
CTGAAT,-0.5041743394515639
CTGAAC,0.2344431065681431
CTGAAG,0.16686335194657725
CTGATA,-0.34796492242200633
CTGATT,-0.6315094759159507
CTGATC,0.2740577987530819
CTGATG,-0.10717506093451463
CTGACA,-1.085980094790787
CTGACT,-1.260278795031401
CTGACC,0.19548073037786456
CTGACG,-0.39155905332791385
CTGAGA,-1.0836718375604202
CTGAGT,-1.0751998480433664
CTGAGC,-0.2025385456433115
CTGAGG,-1.090536287118326
CTGTAA,0.15600424847658118
CTGTAT,-0.10701382444832865
CTGTAC,0.12129133773002061
CTGTAG,-0.13446553561631952
CTGTTA,-0.521043513149183
CTGTTT,0.15568306652424585
CTGTTC,0.6273879064732146
CTGTTG,0.06602603847945099
CTGTCA,-1.2716697545022662
CTGTCT,-1.216005384760184
CTGTCC,-0.21311840469483095
CTGTCG,0.02119668316306816
CTGTGA,-1.3331417541421566
CTGTGT,-1.036962008769073
CTGTGC,-0.5994573089686097
CTGTGG,-0.45757310226051046
CTGCAA,0.04150462951775164
CTGCAT,0.3186128668351137
CTGCAC,0.7135715549855314
CTGCAG,0.8278049643608715
CTGCTA,-0.9890500861565834
CTGCTT,-0.06930654777559611
CTGCTC,0.601991505933359
CTGCTG,0.7087143731130061
CTGCCA,-1.332687738364877
CTGCCT,-1.4444566651181856
CTGCCC,-0.13397487127829413
CTGCCG,-0.3501549223664298
CTGCGA,-0.7005736642781175
CTGCGT,-0.28700876891073857
CTGCGC,0.20234864990032084
CTGCGG,-0.021308357720363633
CTGGAA,0.728246371319153
CTGGAT,0.29293838072752604
CTGGAC,0.526215203473706
CTGGAG,0.5861629837860214
CTGGTA,0.06978244910396901
CTGGTT,-0.18832880389752646
CTGGTC,0.16178196691375427
CTGGTG,0.13989381920239324
CTGGCA,-1.232650425728214
CTGGCT,-0.4871276315198292
CTGGCC,0.13271888656234773
CTGGCG,-0.08493786860290797
CTGGGA,0.10242538000206367
CTGGGT,0.29320652835607514
CTGGGC,0.35741423141304746
CTGGGG,-0.047816144993182486
CCAAAA,-0.387115969439968
CCAAAT,-0.7480237907857795
CCAAAC,-0.15890128258585606
CCAAAG,0.09607970658335338
CCAATA,0.8899419021774035
CCAATT,0.24020557659093125
CCAATC,-0.0736392706383295
CCAATG,0.29388139323574
CCAACA,0.14957401279984658
CCAACT,0.3344571742067589
CCAACC,-0.6078700333567962
CCAACG,-0.2801410842748779
CCAAGA,-0.00917651668470945
CCAAGT,-0.14680670557149977
CCAAGC,-0.21325371178208985
CCAAGG,0.24752534264929546
CCATAA,-0.1286173778220936
CCATAT,-0.16503911564520662
CCATAC,-0.5054989622602657
CCATAG,-0.1371107163751242
CCATTA,0.17338204175514582
CCATTT,0.42100371153594346
CCATTC,-0.07650556401597876
CCATTG,-0.1542298219269395
CCATCA,-0.039706618621398466
CCATCT,-0.21554720442227496
CCATCC,-0.3381860330989477
CCATCG,-0.4289556462767795
CCATGA,-0.07912232104620776
CCATGT,0.11972749245536453
CCATGC,0.11253324578474921
CCATGG,-0.06848707339373795
CCACAA,-0.21088599232812594
CCACAT,0.10999345338155403
CCACAC,-0.3776030637566466
CCACAG,-0.4406103305491033
CCACTA,0.21825356602001797
CCACTT,-0.004450177153400704
CCACTC,-0.4027866270590008
CCACTG,-0.4518838835506145
CCACCA,0.16868462675785628
CCACCT,-0.017234731071274607
CCACCC,-0.061381876212535914
CCACCG,-0.04041557305560779
CCACGA,-0.06325344921088347
CCACGT,-0.3226774619790491
CCACGC,-0.052480540117238274
CCACGG,0.025891247332728694
CCAGAA,0.16526059199691998
CCAGAT,0.2948494302266757
CCAGAC,0.02157768821513298
CCAGAG,-0.31240389448848954
CCAGTA,0.5584230322147439
CCAGTT,0.7620080301310671
CCAGTC,-0.15890128258585606
CCAGTG,-0.44621630366205484
CCAGCA,0.9360119955154345
CCAGCT,0.42776907756294524
CCAGCC,-0.30108655633855297
CCAGCG,0.08649592868980881
CCAGGA,0.43755342265966496
CCAGGT,0.0086740956121842
CCAGGC,-0.1507179647699866
CCAGGG,0.3459950906606062
CCTAAA,-0.6081539677265528
CCTAAT,-0.5827233629455723
CCTAAC,-0.8737666092833695
CCTAAG,-1.2947271675944
CCTATA,0.7944009142651182
CCTATT,0.5184618982909792
CCTATC,-0.4170492215305526
CCTATG,0.2544901102418612
CCTACA,0.3210934680846449
CCTACT,-0.1750089099476681
CCTACC,-0.931949799141802
CCTACG,-0.18284967933065532
CCTAGA,-1.0615710169877606
CCTAGT,-0.49410118082479615
CCTAGC,-0.6022796722046858
CCTAGG,-1.0094845087721025
CCTTAA,0.1823215567939546
CCTTAT,-0.25649422664769594
CCTTAC,0.021107275447946508
CCTTAG,-0.4376573808685587
CCTTTA,0.14935738125497858
CCTTTT,-0.09502693380328095
CCTTTC,-0.7490548124982412
CCTTTG,-0.1527013087322429
CCTTCA,0.324425057452071
CCTTCT,0.18201043122399424
CCTTCC,-0.17656208985914948
CCTTCG,-0.3413036416145063
CCTTGA,0.2512981576680732
CCTTGT,0.31329887879380736
CCTTGC,0.1843807018553177
CCTTGG,0.22526970378063865
CCTCAA,0.3079983104423535
CCTCAT,-0.43946476632763093
CCTCAC,-0.5976451087563635
CCTCAG,-1.0789704731832854
CCTCTA,0.6740879839445048
CCTCTT,-0.2822389989149288
CCTCTC,-0.596959211765411
CCTCTG,-0.9918189027264416
CCTCCA,0.2628958494893118
CCTCCT,-0.003418806748785609
CCTCCC,-0.49388608142769846
CCTCCG,-0.7149327657919224
CCTCGA,0.5275077407801122
CCTCGT,0.323593718500577
CCTCGC,0.008978735965275743
CCTCGG,0.3441175798237353
CCTGAA,0.17260470233669686
CCTGAT,0.22560461081144023
CCTGAC,-0.09643615974226463
CCTGAG,-0.9000474368882883
CCTGTA,-0.19911382057338864
CCTGTT,0.5092721047336487
CCTGTC,-0.3539347064284537
CCTGTG,-0.8049503125581114
CCTGCA,0.7146461232915453
CCTGCT,0.6243482459030872
CCTGCC,-0.38454737944294165
CCTGCG,-0.06360632071869675
CCTGGA,0.44382515230351843
CCTGGT,0.012134393572031648
CCTGGC,-0.10429266996599611
CCTGGG,0.234488786128979
CCCAAA,-0.23679511695645278
CCCAAT,0.05937540241600285
CCCAAC,-0.30621015001282315
CCCAAG,-0.13263813664730764
CCCATA,-0.4700036292457356
CCCATT,-0.033616610798984974
CCCATC,-0.5174364806855783
CCCATG,-0.14570460641471997
CCCACA,-0.060724149062100524
CCCACT,-0.08892887657592638
CCCACC,-0.2527882678992066
CCCACG,-0.22668834986271932
CCCAGA,0.2762920151181707
CCCAGT,0.20863446347039627
CCCAGC,0.25619925815197936
CCCAGG,0.20966020097692256
CCCTAA,-0.4931706885272699
CCCTAT,-0.3172723960727034
CCCTAC,-0.4307993633256188
CCCTAG,-0.6681458783545281
CCCTTA,-0.08635756853221097
CCCTTT,-0.5593776643481563
CCCTTC,-0.3952050407102699
CCCTTG,0.17303767048394703
CCCTCA,-0.48318599783517485
CCCTCT,-0.44964190259320413
CCCTCC,-0.29320975306176666
CCCTCG,0.0628615125272019
CCCTGA,0.09940246614751817
CCCTGT,-0.18745394585320269
CCCTGC,0.21794398527592634
CCCTGG,0.25046775773047647
CCCCAA,0.027545735481135245
CCCCAT,-0.4101797152582224
CCCCAC,-0.2042244496781754
CCCCAG,-0.009349342085094357
CCCCTA,0.1755555073922689
CCCCTT,-0.21870819774487577
CCCCTC,-0.1157480186388663
CCCCTG,-0.3206480966838024
CCCCCA,-0.2289063819429068
CCCCCT,-0.2759169028699365
CCCCCC,-0.6080130126021408
CCCCCG,-0.06310316533524415
CCCCGA,0.19587452319865808
CCCCGT,0.019045467205729628
CCCCGC,0.16944680279990035
CCCCGG,0.19523342817009567
CCCGAA,-0.1458587583541496
CCCGAT,-0.3120140685962558
CCCGAC,0.07446946683584313
CCCGAG,0.26842265019418265
CCCGTA,0.01329554248124472
CCCGTT,-0.137173401101558
CCCGTC,-0.052067857057592495
CCCGTG,-0.08424812009846627
CCCGCA,0.4326940287289955
CCCGCT,0.08636345458124457
CCCGCC,0.17268694615998853
CCCGCG,-0.07021434740363236
CCCGGA,0.07736407074459965
CCCGGT,-0.18316141177746875
CCCGGC,0.12261345900395552
CCCGGG,-0.23767965133315658
CCGAAA,0.03666398437159131
CCGAAT,-0.32630164341683593
CCGAAC,-0.002933888492280069
CCGAAG,-0.33373720401736023
CCGATA,-0.4027016709630466
CCGATT,-0.6907470422570525
CCGATC,-0.1549863276257821
CCGATG,-0.28206952777760497
CCGACA,0.44393958166163944
CCGACT,0.017354014693151572
CCGACC,-0.1313878083551128
CCGACG,-0.04219282991322616
CCGAGA,0.5199169611737045
CCGAGT,0.13383960652740937
CCGAGC,0.1543675446851583
CCGAGG,0.3345033731857697
CCGTAA,0.5611870700620525
CCGTAT,0.018178946180082086
CCGTAC,0.18169395108903977
CCGTAG,0.10066934208194608
CCGTTA,0.15866906911233333
CCGTTT,-0.1671716971302233
CCGTTC,-0.009720611170621927
CCGTTG,-0.1951712494779423
CCGTCA,-0.018621165368299282
CCGTCT,-0.019289033088504468
CCGTCC,0.10557597485607433
CCGTCG,-0.026335205569250838
CCGTGA,0.002496665237303391
CCGTGT,-0.23393779644509025
CCGTGC,0.16748245415267474
CCGTGG,-0.03278982282299084
CCGCAA,0.29248230756209703
CCGCAT,0.23345902284734898
CCGCAC,0.24653643088891516
CCGCAG,-0.05396299489048464
CCGCTA,0.09944492970571091
CCGCTT,-0.25387524914257975
CCGCTC,-0.035858124895080515
CCGCTG,-0.06799105231059963
CCGCCA,0.12196127289317496
CCGCCT,0.05017602644411187
CCGCCC,0.2528814113198366
CCGCCG,0.2911092691042721
CCGCGA,-0.15718149541553295
CCGCGT,-0.09567833066852424
CCGCGC,0.20531550308530666
CCGCGG,-1.2782157785749426
CCGGAA,-0.020262218621528865
CCGGAT,0.06885708494318919
CCGGAC,-0.1379128631322486
CCGGAG,-0.29165523800800885
CCGGTA,-0.33232602227986574
CCGGTT,-0.4672676494268609
CCGGTC,-0.21168008235630695
CCGGTG,0.12681545065908567
CCGGCA,0.11524543299849703
CCGGCT,-0.10224361241786517
CCGGCC,-0.1642886712136568
CCGGCG,0.2484036656185226
CCGGGA,0.16196204358930263
CCGGGT,-0.05203165809360291
CCGGGC,-0.2548638139339985
CCGGGG,0.14897551106509263
CGAAAA,0.19815039989840036
CGAAAT,0.30310910147063685
CGAAAC,0.01685172234413234
CGAAAG,-0.42845934641990147
CGAATA,0.6829276747264617
CGAATT,0.42879550238761616
CGAATC,-1.7182923173461826
CGAATG,-0.4496308394377984
CGAACA,0.46919741481440846
CGAACT,0.7110258357022811
CGAACC,-0.6330497778820353
CGAACG,-0.3267092835977937
CGAAGA,-0.06767379551370481
CGAAGT,0.21209129677425748
CGAAGC,-0.41549059893253376
CGAAGG,-0.3405056618531155
CGATAA,0.2355722472211658
CGATAT,0.32718824938368646
CGATAC,-0.4099805725362748
CGATAG,-0.6326717878398435
CGATTA,0.10933666403746582
CGATTT,0.45554642804121626
CGATTC,-1.4271163556401458
CGATTG,-0.628965448968982
CGATCA,0.27591953033812266
CGATCT,0.30366652325230215
CGATCC,0.03347184932058092
CGATCG,-0.37910075715545377
CGATGA,0.11780349413079563
CGATGT,0.24823112643338582
CGATGC,-0.2916422595525153
CGATGG,-0.3544696036958006
CGACAA,0.43658164734582
CGACAT,0.703651840614025
CGACAC,0.17086162220571627
CGACAG,0.035193988097904416
CGACTA,0.7283223965078476
CGACTT,0.40018183311907796
CGACTC,-0.5733860868949342
CGACTG,-0.3336786665082065
CGACCA,0.1949697880489173
CGACCT,0.3007361911842385
CGACCC,-0.3712016029137043
CGACCG,-0.28502980106938636
CGACGA,0.2107801032948764
CGACGT,0.044867714558976514
CGACGC,0.010782339444909304
CGACGG,-0.006032643718535311
CGAGAA,0.7018860174672318
CGAGAT,0.7276606862536944
CGAGAC,0.35687560612461683
CGAGAG,-0.185274522449584
CGAGTA,0.9539820029755381
CGAGTT,0.7805636273230513
CGAGTC,-0.7868031002682436
CGAGTG,-0.3910510775724571
CGAGCA,0.503219502228509
CGAGCT,0.2427333389435178
CGAGCC,-0.26902953301561633
CGAGCG,0.012068786880646973
CGAGGA,0.4959051128368555
CGAGGT,0.43935924097345197
CGAGGC,0.1440857658472118
CGAGGG,0.12304464819317287
CGTAAA,0.8256938365219284
CGTAAT,1.0797438043637269
CGTAAC,0.29909446450352567
CGTAAG,-0.16043884554444704
CGTATA,0.1748768103443751
CGTATT,0.8773753156244816
CGTATC,-0.21221332099126905
CGTATG,-0.8898990021829287
CGTACA,0.3287885215323384
CGTACT,1.0206938515756538
CGTACC,-0.6216207379179007
CGTACG,-0.2625625001703902
CGTAGA,0.6038623252708412
CGTAGT,0.8297125741435643
CGTAGC,-0.1030173470492627
CGTAGG,-0.09092099938556178
CGTTAA,0.12169693497751977
CGTTAT,0.4151141598471317
CGTTAC,0.3239922965083739
CGTTAG,-0.7908056980383777
CGTTTA,-0.10963707242508645
CGTTTT,-0.2138110390505004
CGTTTC,-0.22698371833460965
CGTTTG,-0.3389579450847861
CGTTCA,0.15620269464374864
CGTTCT,0.23755821531639432
CGTTCC,-0.13996377094265908
CGTTCG,-0.32799216524598696
CGTTGA,0.19518313420307298
CGTTGT,0.03649110858241501
CGTTGC,-0.2784528670672992
CGTTGG,-0.28190799140187756
CGTCAA,0.00910594299379888
CGTCAT,0.1676063420291282
CGTCAC,0.15592615764128198
CGTCAG,-0.40476828681462335
CGTCTA,0.49552335545383114
CGTCTT,0.020940840953215252
CGTCTC,-0.026921912876689387
CGTCTG,-0.3229478743836338
CGTCCA,0.4638949586146843
CGTCCT,0.4282075863147217
CGTCCC,-0.26331709922276286
CGTCCG,-0.124345815568907
CGTCGA,0.32726774031685657
CGTCGT,0.11690613167019111
CGTCGC,-0.12145494823107772
CGTCGG,-0.0319993854602894
CGTGAA,0.198816859323152
CGTGAT,0.16951776090301252
CGTGAC,-0.07529143941821519
CGTGAG,-0.6065327077231745
CGTGTA,-0.021202207650602937
CGTGTT,0.28999154230044344
CGTGTC,-0.3495490998461273
CGTGTG,-0.8638187077164837
CGTGCA,0.3715814137347809
CGTGCT,0.7306207297939126
CGTGCC,-0.25130606774098235
CGTGCG,-0.00995033085316798
CGTGGA,-0.031300378175146075
CGTGGT,0.25678683852564566
CGTGGC,-0.16899031551073307
CGTGGG,-0.20299431373728577
CGCAAA,0.15038874679826478
CGCAAT,0.1855225508018812
CGCAAC,-0.1289744447178422
CGCAAG,-0.053043822567194795
CGCATA,0.10478497607359379
CGCATT,0.0422598092898826
CGCATC,-0.09285271164885958
CGCATG,-0.1583189454290028
CGCACA,-0.34536118403845895
CGCACT,-0.2492117626070046
CGCACC,0.15107200932459824
CGCACG,-0.014215777695612847
CGCAGA,-0.11924994201214446
CGCAGT,-0.05098773355061941
CGCAGC,-0.10239874967963009
CGCAGG,-0.03629829363858173
CGCTAA,-0.2021495168999243
CGCTAT,-0.25891812417644167
CGCTAC,-0.19138506294730157
CGCTAG,-0.5521264845032346
CGCTTA,-0.3434297171887117
CGCTTT,0.06739849834733101
CGCTTC,-0.3498123977586976
CGCTTG,-0.4116400848476054
CGCTCA,-0.027526393877917197
CGCTCT,0.17872769216318046
CGCTCC,-0.1817170227705056
CGCTCG,-0.0007739339446749288
CGCTGA,0.08574785570244829
CGCTGT,0.09505227655629014
CGCTGC,-0.10861414543068772
CGCTGG,0.06532414399677623
CGCCAA,0.2923470647760537
CGCCAT,0.08662538659783611
CGCCAC,-0.024637160677068254
CGCCAG,-0.14824073431094653
CGCCTA,0.23366493005574246
CGCCTT,0.1431736901167573
CGCCTC,-0.06624086122772747
CGCCTG,-0.2093185368220461
CGCCCA,0.42720774520165594
CGCCCT,0.433422495973679
CGCCCC,0.13688100199946712
CGCCCG,0.18373813094564226
CGCCGA,0.3752568396568444
CGCCGT,0.3466520809900802
CGCCGC,0.2513913543165608
CGCCGG,0.20436928308504348
CGCGAA,-0.492583985801395
CGCGAT,-0.32497157646569874
CGCGAC,-0.26617700361963503
CGCGAG,-0.2639675483355888
CGCGTA,-0.36134030319922644
CGCGTT,-0.33595915297732476
CGCGTC,-0.32796954300005865
CGCGTG,-0.38887754138467556
CGCGCA,0.15746168497172677
CGCGCT,0.03257800036625562
CGCGCC,0.1264898113411875
CGCGCG,-0.18237777036055158
CGCGGA,-0.18424905386932697
CGCGGT,-0.2270445220647749
CGCGGC,-0.18453347853726215
CGCGGG,-0.1381075085099545
CGGAAA,0.28954930310583926
CGGAAT,0.13841425041116817
CGGAAC,-0.20362341199558492
CGGAAG,-0.47032685286542186
CGGATA,0.164660257939118
CGGATT,0.20008488556323625
CGGATC,-0.013415898343152306
CGGATG,-0.28485045409734244
CGGACA,-0.09387525345680794
CGGACT,-0.0101026421778095
CGGACC,-0.4243566397286882
CGGACG,-0.1787571594360834
CGGAGA,-0.044619402480700864
CGGAGT,-0.0350540404584353
CGGAGC,-0.5749374327144543
CGGAGG,-0.705028508446698
CGGTAA,0.25423413838424086
CGGTAT,-0.2337738716159661
CGGTAC,-0.7149345347448526
CGGTAG,-0.7752951521689442
CGGTTA,0.05418138303762389
CGGTTT,0.05217907762542845
CGGTTC,-0.4499190003980564
CGGTTG,-0.7422652458373419
CGGTCA,0.18894275522842513
CGGTCT,0.12468928879882925
CGGTCC,-0.3611458090272749
CGGTCG,-0.30389036693063814
CGGTGA,0.5560148963838594
CGGTGT,0.47303196813807985
CGGTGC,0.0763927379207051
CGGTGG,-0.050898149438434945
CGGCAA,0.5099591749701047
CGGCAT,0.2276178317091309
CGGCAC,-0.11313243371182906
CGGCAG,-0.36743696892747507
CGGCTA,0.3132792334562969
CGGCTT,0.17272969706529548
CGGCTC,-0.1419941298658144
CGGCTG,-0.385721870288187
CGGCCA,0.16297906294459064
CGGCCT,0.18119651525681238
CGGCCC,-0.296961638116367
CGGCCG,-0.24731874553247496
CGGCGA,0.41036412210369494
CGGCGT,0.53317718164738
CGGCGC,0.14902206340043558
CGGCGG,0.32712645212005986
CGGGAA,0.3736152822210653
CGGGAT,0.5211669775607233
CGGGAC,0.05470826273802301
CGGGAG,-0.369134316031414
CGGGTA,-0.6683990108707512
CGGGTT,-0.032070053118212226
CGGGTC,-0.10625854980442939
CGGGTG,0.08439841815251953
CGGGCA,-0.008247929057911533
CGGGCT,-0.12270054152811163
CGGGCC,-0.42468239226922044
CGGGCG,0.014826350281139182
CGGGGA,0.15750442906806608
CGGGGT,0.3907389079797655
CGGGGC,0.17560149286086904
CGGGGG,-0.07561169536399527
GAAAAA,0.22868373168982511
GAAAAT,0.5171748514446494
GAAAAC,0.13220155318263757
GAAAAG,0.2850189550322972
GAAATA,0.8724169204825357
GAAATT,0.5242903533429915
GAAATC,0.2520310173477578
GAAATG,-0.033185548985654095
GAAACA,-0.21058799494377123
GAAACT,0.29209709066089773
GAAACC,0.2854903831314078
GAAACG,-0.14505016199672302
GAAAGA,-0.3958603057884307
GAAAGT,-0.18691223050255362
GAAAGC,0.1078028175190299
GAAAGG,-0.7110843025427415
GAATAA,-0.36166248544977153
GAATAT,0.5651868329848782
GAATAC,0.5951509932315279
GAATAG,0.47942076893724483
GAATTA,-0.03109058707003112
GAATTT,0.4555629450909412
GAATTC,0.635693498392761
GAATTG,0.31015492830383945
GAATCA,-1.4787268410966004
GAATCT,-0.46507577696449487
GAATCC,-0.6380704813283344
GAATCG,-1.381779680765364
GAATGA,-0.3858690322487209
GAATGT,0.11583181552512165
GAATGC,-0.2935983886275999
GAATGG,-0.1257799826980428
GAACAA,0.00983339258331551
GAACAT,0.5292973613879226
GAACAC,0.7479090875128995
GAACAG,0.573758281346615
GAACTA,0.408724853178676
GAACTT,0.5756896898242367
GAACTC,0.767174439206218
GAACTG,0.8175048386809511
GAACCA,-0.41193863225535393
GAACCT,-0.21505265568790632
GAACCC,-0.33750940179629596
GAACCG,-0.5287259904224185
GAACGA,-0.25194565787598916
GAACGT,-0.20823354186049078
GAACGC,0.010637387795819837
GAACGG,0.04525499332830623
GAAGAA,0.33368292050633325
GAAGAT,0.20654106702918193
GAAGAC,0.06020970126776599
GAAGAG,0.08508457609794867
GAAGTA,0.8550598657226929
GAAGTT,0.6307568879606638
GAAGTC,0.4171786716220122
GAAGTG,0.04863310844050165
GAAGCA,-0.756645729783667
GAAGCT,0.08049724004118518
GAAGCC,0.02132262443704068
GAAGCG,-0.38221399883976104
GAAGGA,-0.48414068031153334
GAAGGT,0.1381918313052943
GAAGGC,0.03746916805680787
GAAGGG,-0.2941310820612869
GATAAA,0.3540082756918172
GATAAT,0.42456527948158373
GATAAC,0.05024818020080062
GATAAG,-0.3613697882429401
GATATA,0.645644846574942
GATATT,0.7463916950787576
GATATC,0.012017977559428527
GATATG,-0.6311522382606385
GATACA,-0.7121572577849187
GATACT,0.3153001068723779
GATACC,-0.8538522967803471
GATACG,-0.33366718569360426
GATAGA,0.08613669886398734
GATAGT,0.2767571191876187
GATAGC,-0.5350775413101969
GATAGG,-0.39828632638115863
GATTAA,0.6122950839308503
GATTAT,0.33738174100405344
GATTAC,0.40609030350208286
GATTAG,-0.6094361365989724
GATTTA,-0.1570037488096648
GATTTT,0.37239723718106044
GATTTC,0.8358110567477406
GATTTG,-0.27798958237057186
GATTCA,-1.0092368443835993
GATTCT,-0.6545590356547587
GATTCC,-0.5863069056214262
GATTCG,-1.6887110933286082
GATTGA,0.03735578654376882
GATTGT,0.08645636101867356
GATTGC,-0.22729492243668575
GATTGG,-0.21613246669918032
GATCAA,0.23551484311675658
GATCAT,0.3666625425670807
GATCAC,0.5172910152952012
GATCAG,0.2789992455431202
GATCTA,0.06383310612010716
GATCTT,0.3862647090746906
GATCTC,0.5530110051120033
GATCTG,0.015247229420693694
GATCCA,0.026171200270212677
GATCCT,0.24963257908355166
GATCCC,0.1049296668790804
GATCCG,0.033732596532869655
GATCGA,0.10383263147977301
GATCGT,0.08858159852871685
GATCGC,-0.03890502620431472
GATCGG,-0.14280229161576588
GATGAA,0.35127667732318435
GATGAT,0.26788338960979724
GATGAC,-0.05242704931540019
GATGAG,-0.43200665681217093
GATGTA,0.4779406489375996
GATGTT,0.485243547221126
GATGTC,0.3134909780490838
GATGTG,-0.13565178451333068
GATGCA,-0.15739217375142936
GATGCT,0.16639805592873447
GATGCC,-0.44549445629893236
GATGCG,-0.08434902093078894
GATGGA,-0.2645452904138514
GATGGT,-0.09278173345096621
GATGGC,-0.25718024842239684
GATGGG,-0.49685856793257827
GACAAA,0.05090059852544543
GACAAT,0.4238575152790611
GACAAC,-0.135249390518343
GACAAG,0.17048532602028232
GACATA,0.7905854365620606
GACATT,0.884129991167124
GACATC,0.3317274135579673
GACATG,0.12226504764142196
GACACA,-1.20351815553429
GACACT,-0.7824492136462786
GACACC,0.3189091612715856
GACACG,-0.4693837487742592
GACAGA,-0.9522158002467016
GACAGT,-0.7498425242364906
GACAGC,0.00986340249469922
GACAGG,-0.3289909049689242
GACTAA,-0.39823180351464443
GACTAT,0.62576532512123
GACTAC,0.6373589530325902
GACTAG,-0.3105528590691384
GACTTA,-0.3781102246587974
GACTTT,0.08465584229613515
GACTTC,0.3967008101145762
GACTTG,-0.12258394857714144
GACTCA,-1.1887772899038964
GACTCT,-0.6219196712715775
GACTCC,-0.1988054465156439
GACTCG,-0.7539272709849901
GACTGA,-0.9018742123998001
GACTGT,-0.7946258259494527
GACTGC,-0.4753275104984854
GACTGG,-0.17215489379695506
GACCAA,-0.04031122580224702
GACCAT,0.1702040363304238
GACCAC,0.2540637628951822
GACCAG,0.1864818956213111
GACCTA,0.011250262155865125
GACCTT,0.44875244453543334
GACCTC,0.31245052042664934
GACCTG,0.14612359828080665
GACCCA,-0.19912634084057138
GACCCT,-0.0005045590621332299
GACCCC,0.02227421061193869
GACCCG,-0.13486670759108607
GACCGA,-0.21071642301010343
GACCGT,0.055914018820006024
GACCGC,-0.0787021042012846
GACCGG,-0.2060853029111244
GACGAA,-0.02351712230193911
GACGAT,0.16933551643574324
GACGAC,0.08219654065894173
GACGAG,0.2879701600323973
GACGTA,-0.05779540725268119
GACGTT,0.02844647694233122
GACGTC,0.09674804577854161
GACGTG,-0.027326513045370517
GACGCA,-0.5127120421173021
GACGCT,-0.053586890793679204
GACGCC,0.3225402549227939
GACGCG,-0.33006748799170904
GACGGA,-0.5324069515978224
GACGGT,0.04434683048664836
GACGGC,0.15169000235279084
GACGGG,-0.08657746526871912
GAGAAA,-0.05951412753240772
GAGAAT,0.15538601043525097
GAGAAC,0.5182864890137266
GAGAAG,0.34220063794415995
GAGATA,0.10634865803072036
GAGATT,0.34243982811686036
GAGATC,0.5503583121839992
GAGATG,0.13632657668089138
GAGACA,-0.7870100324986768
GAGACT,-0.6876104084948134
GAGACC,0.408015045741437
GAGACG,0.005167970158442598
GAGAGA,-0.8417630912523586
GAGAGT,-0.605261295425383
GAGAGC,0.11232110060545018
GAGAGG,-0.6118776191959624
GAGTAA,0.0813456394539524
GAGTAT,0.4817648295028665
GAGTAC,1.1802969686406515
GAGTAG,0.024408964878924928
GAGTTA,-0.3299575556000192
GAGTTT,0.44196121268129684
GAGTTC,0.7729646883676498
GAGTTG,0.245153669506325
GAGTCA,-1.4445632692438664
GAGTCT,-0.9417490258575935
GAGTCC,-0.39295415976263715
GAGTCG,-0.6729237330240305
GAGTGA,-0.9304753668661115
GAGTGT,-0.8517146513457928
GAGTGC,-0.45425527227759627
GAGTGG,-0.27311012329804824
GAGCAA,-0.016159456665604203
GAGCAT,0.11366677062041664
GAGCAC,0.5348666526229018
GAGCAG,0.5939948207666922
GAGCTA,-0.3970968584376477
GAGCTT,0.35267185930129674
GAGCTC,0.07387282097002387
GAGCTG,0.33828268961426805
GAGCCA,-0.7018082916328038
GAGCCT,-0.3874536580009234
GAGCCC,-0.10017225470328812
GAGCCG,-0.1823598702362305
GAGCGA,-0.5654154919013351
GAGCGT,0.07459892783949132
GAGCGC,0.20516616887519112
GAGCGG,-0.04042191449891541
GAGGAA,0.20200888613095874
GAGGAT,0.05129329438755048
GAGGAC,0.2425131040838695
GAGGAG,0.19851412788060005
GAGGTA,-0.8620816565714405
GAGGTT,-0.08073391212476401
GAGGTC,0.24187152829042177
GAGGTG,0.21355703268470844
GAGGCA,-1.8079851428180442
GAGGCT,-0.6182195735531795
GAGGCC,0.106043209398683
GAGGCG,-0.06179800764773249
GAGGGA,-0.5364469571103689
GAGGGT,-0.18691323426112771
GAGGGC,-0.004188745806639757
GAGGGG,-0.11807348003832657
GTAAAA,0.29626581614317243
GTAAAT,-0.34022458623976326
GTAAAC,0.27663223626519595
GTAAAG,0.9162907318741551
GTAATA,1.5440551531712488
GTAATT,0.6012096852342597
GTAATC,0.38680905078280664
GTAATG,0.7117812601048383
GTAACA,-0.7404000654104909
GTAACT,-0.26978086212254077
GTAACC,0.21338737636884517
GTAACG,0.1509759002161002
GTAAGA,-0.431991862441593
GTAAGT,-0.5080631910700807
GTAAGC,-0.17424303622875315
GTAAGG,-0.22744199207442414
GTATAA,-0.23199316659119223
GTATAT,-0.38803004628606286
GTATAC,-0.6751286750572671
GTATAG,0.45563920819869974
GTATTA,0.4131871542020747
GTATTT,0.8749493917177137
GTATTC,0.7361645656436362
GTATTG,0.5231969155685375
GTATCA,-0.7867406217452156
GTATCT,-0.29289235591718776
GTATCC,-0.2099766785244533
GTATCG,-0.33898796121846025
GTATGA,-0.7587627077251544
GTATGT,-0.4185371896755171
GTATGC,-0.8683411234296677
GTATGG,-0.5501594526933873
GTACAA,0.3430692918829538
GTACAT,0.5409430462301479
GTACAC,-0.012924250980935177
GTACAG,0.2655333431971471
GTACTA,0.5869869847315546
GTACTT,1.1374083132532864
GTACTC,1.0838071730224017
GTACTG,0.6992675668872688
GTACCA,-0.2160154025804274
GTACCT,-0.7160643821202702
GTACCC,-0.9633384674779046
GTACCG,-0.7102490152685114
GTACGA,0.17229073332594044
GTACGT,-0.34280137167286046
GTACGC,-0.1803248839176314
GTACGG,0.20504350967059176
GTAGAA,0.438041278542777
GTAGAT,0.012920955007461328
GTAGAC,0.04114756834699551
GTAGAG,0.96973665894165
GTAGTA,0.9777332753065981
GTAGTT,0.8012214020893679
GTAGTC,0.643774095942646
GTAGTG,0.4203816336128387
GTAGCA,-0.923256704314983
GTAGCT,-0.1431557118198865
GTAGCC,-0.12854586724048334
GTAGCG,-0.18725727274980083
GTAGGA,-0.69588316037882
GTAGGT,-0.08612783460707632
GTAGGC,-0.2899222085311489
GTAGGG,-0.3472090616378117
GTTAAA,-0.3262157364540237
GTTAAT,0.4353180712578455
GTTAAC,-0.1915382118988787
GTTAAG,-0.3158529494184773
GTTATA,1.2992829841302609
GTTATT,0.4788228926798169
GTTATC,0.04868378684897621
GTTATG,0.17946848781154814
GTTACA,0.15276275455241017
GTTACT,-0.21511137961694557
GTTACC,-0.02107269913523707
GTTACG,0.41409599730743957
GTTAGA,-0.587786664902119
GTTAGT,-1.0296194171811581
GTTAGC,-0.7471187034713749
GTTAGG,-0.9411954110542303
GTTTAA,0.263965545834465
GTTTAT,-0.5113660182671177
GTTTAC,-0.10379679368164355
GTTTAG,-0.21043151572584792
GTTTTA,0.10199916795512153
GTTTTT,0.02020270731751947
GTTTTC,0.0465752276490412
GTTTTG,-0.4353180712578455
GTTTCA,-0.15060980861517037
GTTTCT,-0.2174128766052247
GTTTCC,0.2552129577550757
GTTTCG,-0.06355378447503165
GTTTGA,-0.0004097521057125268
GTTTGT,-0.15154989812720107
GTTTGC,0.023722387440351256
GTTTGG,-0.12507886500528134
GTTCAA,0.2833670711503676
GTTCAT,0.42254830936161303
GTTCAC,0.13157433644535454
GTTCAG,0.23530815003186573
GTTCTA,-0.054129505222835515
GTTCTT,0.5004049861122941
GTTCTC,0.48540200127443306
GTTCTG,0.04986908254966219
GTTCCA,0.31762706639240024
GTTCCT,0.37260392043233337
GTTCCC,-0.2037628130323212
GTTCCG,-0.15851185617916755
GTTCGA,0.1423212444792631
GTTCGT,-0.07479923090053386
GTTCGC,-0.32473859721897375
GTTCGG,-0.010970897127497539
GTTGAA,0.28392647075311855
GTTGAT,0.06118372117278661
GTTGAC,-0.09251297518326362
GTTGAG,0.006927291432566258
GTTGTA,0.5949551543807315
GTTGTT,0.2857889473704174
GTTGTC,-0.012685159527315687
GTTGTG,-0.40521350413149415
GTTGCA,-0.27673678184562667
GTTGCT,0.028132526791239447
GTTGCC,-0.38613567331205717
GTTGCG,-0.13592350874022985
GTTGGA,-0.2988440351171514
GTTGGT,-0.1430804560730114
GTTGGC,-0.1840652363987815
GTTGGG,-0.2712945336146446
GTCAAA,-0.033371928899152005
GTCAAT,0.43927193141736554
GTCAAC,-0.14223130250006868
GTCAAG,-0.2876820724517809
GTCATA,0.3348310719916161
GTCATT,0.1987828338480267
GTCATC,-0.05078034233731886
GTCATG,-0.014433642421964672
GTCACA,-0.8889015042272369
GTCACT,-0.8221983532951761
GTCACC,0.332495193147094
GTCACG,-0.04503217402710252
GTCAGA,-0.8926018259280164
GTCAGT,-0.5574571254673847
GTCAGC,-0.07347849099347639
GTCAGG,-0.10843870001281147
GTCTAA,-0.5907851678983757
GTCTAT,0.658605737040368
GTCTAC,0.1874762073826191
GTCTAG,-0.42035372060191506
GTCTTA,-0.41781787607516524
GTCTTT,-0.2292785398817257
GTCTTC,0.12434521742572285
GTCTTG,0.0170305258405588
GTCTCA,-0.7791965565133842
GTCTCT,-0.5626025556946844
GTCTCC,0.07252644406826259
GTCTCG,0.30317086501756413
GTCTGA,-0.8230896665296038
GTCTGT,-0.8550038354663397
GTCTGC,-0.21209545293430418
GTCTGG,0.048044987337210604
GTCCAA,-0.16373911500112986
GTCCAT,0.09345959295480215
GTCCAC,-0.01812453992155001
GTCCAG,0.6009060568730384
GTCCTA,-0.5260578591942261
GTCCTT,0.34131212383544646
GTCCTC,0.2901340556990677
GTCCTG,0.29156602049792
GTCCCA,-0.30280219322298657
GTCCCT,-0.752793741220184
GTCCCC,-0.3086506659443035
GTCCCG,-0.13949656468428276
GTCCGA,-0.25151642807959307
GTCCGT,-0.4698962351630463
GTCCGC,-0.1670617654201816
GTCCGG,-0.0654428602178154
GTCGAA,0.13734722204581923
GTCGAT,0.15727937130519506
GTCGAC,0.20356445523261113
GTCGAG,0.6876571704496784
GTCGTA,0.3584527221847317
GTCGTT,-0.01894037244646468
GTCGTC,0.059286564359581705
GTCGTG,0.08404229199688383
GTCGCA,-0.6347473547757175
GTCGCT,-0.273178987210757
GTCGCC,0.12790383972978317
GTCGCG,-0.27447505139271483
GTCGGA,-0.3255154786032107
GTCGGT,-0.07088312612217003
GTCGGC,0.16495093588475862
GTCGGG,0.023050665967856442
GTGAAA,-0.012718772407774671
GTGAAT,-0.41045264961920347
GTGAAC,0.16201382431692365
GTGAAG,0.41446215332502234
GTGATA,-0.503229276874056
GTGATT,-0.5334254556832316
GTGATC,0.5386385268609567
GTGATG,0.3166389725394424
GTGACA,-0.8978766138368854
GTGACT,-0.8064758658669484
GTGACC,0.17531910426473682
GTGACG,0.157327437554851
GTGAGA,-0.7320850482863657
GTGAGT,-0.7965056935470985
GTGAGC,-0.3777910021402584
GTGAGG,-0.5269129178536718
GTGTAA,-0.132489183046079
GTGTAT,-0.8306181711885482
GTGTAC,-0.23161817830518203
GTGTAG,0.6065791642514864
GTGTTA,-0.535961597037533
GTGTTT,-0.016770352934660632
GTGTTC,0.7035520006426106
GTGTTG,0.39769094567870683
GTGTCA,-1.0331474126704079
GTGTCT,-0.822712384914589
GTGTCC,-0.22830474738590506
GTGTCG,0.1953427689840747
GTGTGA,-0.8843391320675527
GTGTGT,-0.9981482884689373
GTGTGC,-0.5166907432183888
GTGTGG,-0.41905163708461685
GTGCAA,-0.4585749334221128
GTGCAT,-0.09272786720085206
GTGCAC,0.12322842618022588
GTGCAG,0.7106096909239502
GTGCTA,-0.9309968792638504
GTGCTT,-0.07678296260302482
GTGCTC,0.5559117189767465
GTGCTG,1.1380343590959456
GTGCCA,-1.507688440163662
GTGCCT,-1.3875968300743702
GTGCCC,-0.2179549114171297
GTGCCG,-0.14331658434759867
GTGCGA,-0.6494243695461137
GTGCGT,-0.3202468941920865
GTGCGC,0.2319870440523032
GTGCGG,0.23012505191811547
GTGGAA,0.19164488425483872
GTGGAT,-0.09854120038577135
GTGGAC,-0.0893347276988662
GTGGAG,0.0899673353938293
GTGGTA,-0.5382328504473898
GTGGTT,-0.27123550939439844
GTGGTC,0.272169241482462
GTGGTG,0.4719975403959175
GTGGCA,-1.5321453877919562
GTGGCT,-0.6673878803247003
GTGGCC,-0.06364430664536434
GTGGCG,-0.014993278641543218
GTGGGA,-0.09774445559256291
GTGGGT,-0.025374624552016396
GTGGGC,-0.17435820641027355
GTGGGG,-0.16751524544012125
GCAAAA,-0.27835729440264695
GCAAAT,-0.6525377484807072
GCAAAC,0.00972454989199478
GCAAAG,0.2868490861478891
GCAATA,0.898360341155726
GCAATT,0.5556092263929642
GCAATC,-0.07052121253798484
GCAATG,0.2249463280779264
GCAACA,0.12058024027744467
GCAACT,0.3969242791880438
GCAACC,-0.6405693644800381
GCAACG,-0.21846301113158983
GCAAGA,0.1596283600067342
GCAAGT,0.15357379262663834
GCAAGC,-0.17642041363795571
GCAAGG,0.186557160560378
GCATAA,-0.24409891649019771
GCATAT,-0.2981235531721999
GCATAC,-0.928796477706059
GCATAG,0.16581518299737255
GCATTA,0.17733401528291545
GCATTT,0.3060312111199775
GCATTC,-0.43449694078882567
GCATTG,-0.06634194813672183
GCATCA,-0.007846797704704507
GCATCT,-0.0694285064317629
GCATCC,-0.26378465991037514
GCATCG,-0.24578244954652564
GCATGA,0.1197323026645527
GCATGT,0.2109547978264769
GCATGC,-0.09727776703880063
GCATGG,0.052105612122282395
GCACAA,-0.203435037236301
GCACAT,0.21044891910479346
GCACAC,-0.6558194114990874
GCACAG,-0.49827360278211996
GCACTA,0.47759997613767036
GCACTT,-0.049919469766583506
GCACTC,-0.5303384379895725
GCACTG,-0.5979430022044063
GCACCA,0.285730202083696
GCACCT,0.290324689029582
GCACCC,-0.06146001691048372
GCACCG,0.10715243012543471
GCACGA,0.19655357162909257
GCACGT,0.15238651766923308
GCACGC,0.1512933942733039
GCACGG,0.12801013844314432
GCAGAA,-0.05665454483522666
GCAGAT,0.08678008289816268
GCAGAC,-0.27591961682086574
GCAGAG,-0.4284316692282121
GCAGTA,0.24596291952290078
GCAGTT,0.691199218346646
GCAGTC,-0.4198207324292489
GCAGTG,-0.5650802824075014
GCAGCA,0.7274571855918482
GCAGCT,0.23792842424982316
GCAGCC,-0.5747745651343368
GCAGCG,-0.17742452842785644
GCAGGA,0.39501641410980565
GCAGGT,0.22037749401671797
GCAGGC,-0.11883486372858813
GCAGGG,0.31414191487087795
GCTAAA,0.14888678070771716
GCTAAT,-0.6644792856903735
GCTAAC,-0.7541773996238792
GCTAAG,-0.6668233362735001
GCTATA,0.4384457888380233
GCTATT,0.19272846244977218
GCTATC,-0.5043657794366789
GCTATG,0.03869646035389511
GCTACA,0.3342524798829001
GCTACT,-0.03850154735457582
GCTACC,-0.8311738224929754
GCTACG,-0.0024709031363316465
GCTAGA,-1.0199575062694213
GCTAGT,-1.116630794170788
GCTAGC,-0.9291599480914506
GCTAGG,-0.7752121336142495
GCTTAA,0.4415743877252186
GCTTAT,-0.10689779497671263
GCTTAC,-0.13945353836346205
GCTTAG,-0.6259935591776535
GCTTTA,0.43435525977415274
GCTTTT,0.2511324612164426
GCTTTC,-0.0058524064298132485
GCTTTG,0.3653064351412938
GCTTCA,0.06561929461449716
GCTTCT,0.05561808382924141
GCTTCC,-0.18323421543173152
GCTTCG,-0.3696884907766818
GCTTGA,-0.09365853316840199
GCTTGT,-0.08617769624105227
GCTTGC,-0.18682250715754004
GCTTGG,-0.156906114662488
GCTCAA,0.30199431839292995
GCTCAT,0.12999630408387364
GCTCAC,-0.33234751889655856
GCTCAG,-0.31424909983650273
GCTCTA,1.0561530808963182
GCTCTT,0.1520429282724922
GCTCTC,0.11802620022993383
GCTCTG,-0.05352260838579712
GCTCCA,0.41101093184056126
GCTCCT,0.0220548330935901
GCTCCC,-0.5604074330761789
GCTCCG,-0.5166638114922366
GCTCGA,0.26495117034626664
GCTCGT,-0.022252733161734047
GCTCGC,-0.21185197051013907
GCTCGG,0.11574925959343113
GCTGAA,0.36141963451831544
GCTGAT,0.2297043784013271
GCTGAC,-0.09076069641074767
GCTGAG,-0.3151832229963754
GCTGTA,0.4018504788423958
GCTGTT,0.5956540703974045
GCTGTC,0.0011007793469799906
GCTGTG,-0.4263548645767222
GCTGCA,0.4891617203646807
GCTGCT,0.4700819101961062
GCTGCC,-0.6559452760514739
GCTGCG,-0.03083462965994649
GCTGGA,0.6556040273450003
GCTGGT,0.19890325834452185
GCTGGC,-0.10873320013646555
GCTGGG,0.26079397570676716
GCCAAA,0.002989538848365986
GCCAAT,0.3392056277259322
GCCAAC,-0.21454073659054035
GCCAAG,0.18972920750688738
GCCATA,0.08724155307535075
GCCATT,0.07427400696606888
GCCATC,-0.31670800244499075
GCCATG,0.030207793278481557
GCCACA,-0.5779706351644625
GCCACT,-0.5730123884022094
GCCACC,-0.08511843720471297
GCCACG,-0.17036294777840347
GCCAGA,-0.22509376627191507
GCCAGT,-0.13650738700340742
GCCAGC,-0.1306502001888557
GCCAGG,-0.11674880244805116
GCCTAA,-0.4642531821172979
GCCTAT,0.26623006816692035
GCCTAC,-0.21979991951189745
GCCTAG,-0.49834160455019216
GCCTTA,-0.2820781645554141
GCCTTT,-0.24557931219696022
GCCTTC,0.04053437435388633
GCCTTG,0.13306650457668612
GCCTCA,-0.7125314853233566
GCCTCT,-0.6375950754765985
GCCTCC,-0.36600775624672155
GCCTCG,0.17294026329202344
GCCTGA,-0.2849684872994712
GCCTGT,-0.3318433130650775
GCCTGC,-0.16406658088383935
GCCTGG,-0.13261376934288005
GCCCAA,-0.09352167049681084
GCCCAT,-0.08105152728739472
GCCCAC,-0.10680841161668007
GCCCAG,0.4188842295692231
GCCCTA,-0.4712492918322902
GCCCTT,0.1466086544788115
GCCCTC,0.03574584148839447
GCCCTG,0.3451185864021778
GCCCCA,-0.02909165473476542
GCCCCT,-0.16115991897387535
GCCCCC,-0.20820587094998427
GCCCCG,0.1262263717889965
GCCCGA,0.008006393798283594
GCCCGT,-0.02255385067757855
GCCCGC,0.11597664090781679
GCCCGG,-0.04098467739359345
GCCGAA,-0.024028596289061566
GCCGAT,-0.01977682716975772
GCCGAC,0.12188336855495187
GCCGAG,0.39953465400700544
GCCGTA,0.4213526536073932
GCCGTT,0.14488984928007187
GCCGTC,0.10594597520173209
GCCGTG,0.09690668275825762
GCCGCA,-0.03837797702025511
GCCGCT,-0.07351018395220003
GCCGCC,0.2971306031003824
GCCGCG,-0.20795839604165578
GCCGGA,-0.1502713357875074
GCCGGT,0.037904882862270485
GCCGGC,0.036993642577688404
GCCGGG,-0.016945922455851626
GCGAAA,-0.18437959415341088
GCGAAT,-0.6093885214059076
GCGAAC,-0.3470147725529834
GCGAAG,-0.3055739657195544
GCGATA,-0.1250196606379554
GCGATT,-0.48889866374991015
GCGATC,-0.04647286825912085
GCGATG,-0.10917391122504982
GCGACA,0.06646616748965888
GCGACT,-0.19318616777703396
GCGACC,-0.24423043422945134
GCGACG,-0.10714905213973965
GCGAGA,0.19714770432497078
GCGAGT,-0.26625153855589284
GCGAGC,-0.21560702619804425
GCGAGG,-0.03337108171193766
GCGTAA,0.49646640268810177
GCGTAT,-0.0359694757403706
GCGTAC,-0.2496109872403324
GCGTAG,0.26902964492420195
GCGTTA,0.06313599636348574
GCGTTT,-0.08790129428605775
GCGTTC,-0.013876017356466925
GCGTTG,0.031017339617042998
GCGTCA,-0.1021617412586207
GCGTCT,-0.05675281659244948
GCGTCC,0.09698657456485242
GCGTCG,0.024171797467728694
GCGTGA,0.11766146249958666
GCGTGT,-0.1447545841032119
GCGTGC,0.11054187439982383
GCGTGG,-0.042122518335443185
GCGCAA,0.12709792453283744
GCGCAT,0.1858678600486322
GCGCAC,0.1911581385944527
GCGCAG,0.2123562547929915
GCGCTA,-0.15900211444881032
GCGCTT,0.0012525226047746633
GCGCTC,0.23181656449323174
GCGCTG,0.221370635924409
GCGCCA,-0.0894105785316822
GCGCCT,-0.05384729167335756
GCGCCC,0.08310117036477105
GCGCCG,0.11673290272121807
GCGCGA,-0.14877403675130743
GCGCGT,-0.21527633644304262
GCGCGC,0.02563709045092548
GCGCGG,0.17478016132869356
GCGGAA,-0.07322770725198005
GCGGAT,0.17347779962767276
GCGGAC,-0.18003023009588462
GCGGAG,-0.5367356415777849
GCGGTA,-0.33423259402770816
GCGGTT,-0.18464984655354572
GCGGTC,-0.0866705587604206
GCGGTG,0.23574728434715148
GCGGCA,-0.12124632362218248
GCGGCT,-0.05477006782764944
GCGGCC,-0.08573553594771642
GCGGCG,0.27511903544312316
GCGGGA,0.15536265428175688
GCGGGT,0.12993888170403148
GCGGGC,-0.05331113750408139
GCGGGG,0.18398224653837578
GGAAAA,0.726894112985222
GGAAAT,0.5351577244255215
GGAAAC,0.3737256553984548
GGAAAG,0.13477440086411974
GGAATA,0.6527616449103709
GGAATT,0.7991217582573311
GGAATC,-0.533233961407762
GGAATG,0.18326875080273022
GGAACA,0.4423218694323462
GGAACT,0.7483135618686534
GGAACC,-0.4601662438212214
GGAACG,-0.11238924663346408
GGAAGA,0.2793405969014015
GGAAGT,0.5110623942181445
GGAAGC,-0.11105663649701902
GGAAGG,-0.20116730593587193
GGATAA,0.07227479107206085
GGATAT,0.08586129060639236
GGATAC,-0.26384959708368283
GGATAG,-0.06559445810177615
GGATTA,0.36657601492144387
GGATTT,0.9126424242886797
GGATTC,-0.5590805992686478
GGATTG,0.41296238688638265
GGATCA,0.38563122543996514
GGATCT,0.29631316201264873
GGATCC,-0.38819979963485535
GGATCG,0.06495747876883176
GGATGA,-0.003470453620985613
GGATGT,0.3545209312588237
GGATGC,-0.21641828461672774
GGATGG,-0.33133942179019643
GGACAA,0.2204253060440384
GGACAT,0.5012267787080102
GGACAC,-0.18714324707316812
GGACAG,-0.1884054532835921
GGACTA,0.7413940140993308
GGACTT,0.4971353041573077
GGACTC,-0.3567078381345545
GGACTG,-0.07455015655181785
GGACCA,-0.17532773246006272
GGACCT,0.16961295468788193
GGACCC,-0.37782428209766317
GGACCG,-0.36154636269896107
GGACGA,0.18571824774836024
GGACGT,0.22969567544995595
GGACGC,0.04004387226560466
GGACGG,0.1138725984821328
GGAGAA,0.3630994780203536
GGAGAT,0.3167522300546211
GGAGAC,0.12534380443359872
GGAGAG,0.0485727964911497
GGAGTA,0.5615708227712259
GGAGTT,0.7506851730721302
GGAGTC,-0.29846444118877546
GGAGTG,-0.4096468287048382
GGAGCA,0.13016596504600916
GGAGCT,0.2486640756989506
GGAGCC,-0.4539384656853697
GGAGCG,-0.21692322297641153
GGAGGA,-0.14369186392232725
GGAGGT,-0.14679770552199953
GGAGGC,-0.33585043393873265
GGAGGG,-0.22491839189150056
GGTAAA,0.347441267991787
GGTAAT,0.3755880372452192
GGTAAC,-0.24959473740137944
GGTAAG,-0.20795634352068174
GGTATA,0.12866520297334985
GGTATT,0.2836087470641452
GGTATC,-0.724322798028395
GGTATG,-0.8601686701677783
GGTACA,-0.3872677490562568
GGTACT,0.2283345158811797
GGTACC,-1.4384458729920275
GGTACG,-0.5284712183017465
GGTAGA,-0.40519840587961986
GGTAGT,0.0603568005408976
GGTAGC,-0.9083128652082654
GGTAGG,-1.1565916888220145
GGTTAA,0.17095779814363948
GGTTAT,0.34644176765870327
GGTTAC,0.18891467226359823
GGTTAG,-0.4471755966895347
GGTTTA,-0.4212813975514493
GGTTTT,-0.06656568582934035
GGTTTC,0.1705797389172714
GGTTTG,-0.06919185666321243
GGTTCA,-0.13753724735304765
GGTTCT,0.006075277504388329
GGTTCC,-0.3993699520975908
GGTTCG,-0.5948127386272244
GGTTGA,-0.40347307557692386
GGTTGT,-0.30421137440299156
GGTTGC,-0.6057281969990711
GGTTGG,-0.49909987336845923
GGTCAA,0.21586276901375837
GGTCAT,0.2843759967068624
GGTCAC,0.17584920593103665
GGTCAG,0.22541496463784275
GGTCTA,0.40118855134090425
GGTCTT,0.3376319558414579
GGTCTC,0.34345981958703886
GGTCTG,0.07082605256861242
GGTCCA,0.07232066157962608
GGTCCT,-0.02753880094780887
GGTCCC,-0.4092227452209978
GGTCCG,-0.3938884555104123
GGTCGA,0.2142431792817161
GGTCGT,0.001938035857892029
GGTCGC,-0.23478362469614822
GGTCGG,-0.10938508034070828
GGTGAA,0.6169527166940126
GGTGAT,0.7863025597805758
GGTGAC,0.3450058417745944
GGTGAG,-0.23823164362663493
GGTGTA,0.716396735480176
GGTGTT,1.0151043339204127
GGTGTC,0.29508529533046196
GGTGTG,-0.18552155952462546
GGTGCA,0.26929733365440295
GGTGCT,0.9168736523220223
GGTGCC,-0.5869944408441087
GGTGCG,0.18128491229948926
GGTGGA,-0.006334064061582024
GGTGGT,0.37805056547728305
GGTGGC,-0.10621028275558139
GGTGGG,-0.15932517234729146
GGCAAA,-0.2858818919476331
GGCAAT,0.23698232241418013
GGCAAC,-0.41694821986478564
GGCAAG,0.3317486449132532
GGCATA,-0.04649263300369419
GGCATT,-0.25648291210530294
GGCATC,-0.46092225225177547
GGCATG,0.07928269961797157
GGCACA,-0.986039536477133
GGCACT,-1.199964782928397
GGCACC,-0.5757932373795727
GGCACG,-0.22348537322832238
GGCAGA,-0.8571715444669891
GGCAGT,-0.7252166979422989
GGCAGC,-0.6873075496512449
GGCAGG,-0.36046914107328015
GGCTAA,-0.29628977943141593
GGCTAT,0.14320127045471703
GGCTAC,-0.006034028181761465
GGCTAG,-0.7584666466805878
GGCTTA,-0.15908354814728295
GGCTTT,0.3412374991731289
GGCTTC,0.01382878783293328
GGCTTG,-0.2937699125974429
GGCTCA,-0.4126802597914958
GGCTCT,-0.0901164209933616
GGCTCC,-0.3731874491888147
GGCTCG,-0.27989542478803014
GGCTGA,-0.33515547237861365
GGCTGT,-0.3390676183012901
GGCTGC,-0.5177970524601753
GGCTGG,-0.2980584064104828
GGCCAA,0.2542837920499329
GGCCAT,0.09644167039881592
GGCCAC,-0.08163598329009401
GGCCAG,0.13935165594813462
GGCCTA,0.023580407645178922
GGCCTT,0.3074974725809966
GGCCTC,0.10124414974488882
GGCCTG,0.03717778527503985
GGCCCA,-0.09838032838153057
GGCCCT,-0.0003609456815942414
GGCCCC,-0.2723115295871726
GGCCCG,-0.24743114216600753
GGCCGA,-0.0020334603550015576
GGCCGT,-0.033258126479634914
GGCCGC,-0.11378164285760566
GGCCGG,-0.22289693020891932
GGCGAA,0.0663757289196154
GGCGAT,0.3211078819439455
GGCGAC,0.14116295949476307
GGCGAG,0.24862263661519463
GGCGTA,0.6393635058183531
GGCGTT,0.45970353000887654
GGCGTC,0.3622674855312587
GGCGTG,0.4080782124393502
GGCGCA,0.09289066235317953
GGCGCT,0.27393251686867853
GGCGCC,-0.18152689200896543
GGCGCG,0.110575133046598
GGCGGA,-0.23696560228677738
GGCGGT,0.24191751168106204
GGCGGC,0.32270689426194404
GGCGGG,0.12026653474345375
GGGAAA,0.3253297263230746
GGGAAT,0.27301188270398713
GGGAAC,0.002716162828777683
GGGAAG,0.007051832857244997
GGGATA,0.20970809324847267
GGGATT,0.5861663566891296
GGGATC,0.30929092014629017
GGGATG,-0.021839543607965008
GGGACA,-0.1453970559010236
GGGACT,0.11921262846597787
GGGACC,-0.13042580006636947
GGGACG,-0.038911078974480054
GGGAGA,0.05971500816786613
GGGAGT,-0.16233905720661634
GGGAGC,-0.43241353036254776
GGGAGG,-0.41031286794284244
GGGTAA,0.2988553730499063
GGGTAT,-0.3273508599114244
GGGTAC,-0.9336111284024203
GGGTAG,-1.0955559797179648
GGGTTA,0.4489190678851618
GGGTTT,0.4821343258001881
GGGTTC,-0.2248598690090368
GGGTTG,-0.42859836851712935
GGGTCA,0.21822029919115773
GGGTCT,0.5418376959451418
GGGTCC,-0.35198159444309596
GGGTCG,-0.24447388772621473
GGGTGA,0.57340726314275
GGGTGT,0.5239926698404302
GGGTGC,0.08424040644329432
GGGTGG,0.0016720414739848242
GGGCAA,0.37317394331876746
GGGCAT,0.13685918271719735
GGGCAC,-0.2803019651541584
GGGCAG,-0.1736066581077744
GGGCTA,0.13906043410366833
GGGCTT,0.29106861704033116
GGGCTC,-0.17365667390823086
GGGCTG,-0.27455519486260554
GGGCCA,-0.07091176834605632
GGGCCT,0.18384186643668657
GGGCCC,-0.6432715217939914
GGGCCG,-0.40945865496097034
GGGCGA,0.26250573788901765
GGGCGT,0.6432976319114689
GGGCGC,-0.005658141998904096
GGGCGG,0.14432116000962292
GGGGAA,0.17659805699860154
GGGGAT,0.32728164524209996
GGGGAC,-0.16352742979935858
GGGGAG,-0.21225831063453907
GGGGTA,-0.24459128479162676
GGGGTT,0.08927691446112916
GGGGTC,0.013973632826802999
GGGGTG,0.2583330488944949
GGGGCA,-0.17632208420372886
GGGGCT,0.10111242090906407
GGGGCC,-0.2358181646393325
GGGGCG,0.14399505813288027
GGGGGA,0.15890761011789722
GGGGGT,0.019393525186102736
GGGGGC,-0.22622639204533782
GGGGGG,-0.5649843740281384
