Item,cod,non,color
AAAAAA,-0.429044357272723,-0.20228037475469748,6-mer
AAAAAT,-0.04920399800076999,0.12614103013308403,6-mer
AAAAAC,-0.15972368859149766,0.06594531182385281,6-mer
AAAAAG,0.26462722414727535,0.5424073810264838,6-mer
AAAATA,0.7260772780234699,0.17687776208407907,6-mer
AAAATT,-0.20163386116965054,-0.7751463411472685,Inverted repeat
AAAATC,0.5493385909904347,0.5225837155694695,6-mer
AAAATG,0.3069777534213906,0.1844245711374273,6-mer
AAAACA,0.031870515287021804,0.44828930507522863,6-mer
AAAACT,0.1734055701772743,-0.2457564144019584,6-mer
AAAACC,0.12052486197188188,0.1155974470163127,6-mer
AAAACG,-0.4876652993662411,0.24273964361594616,6-mer
AAAAGA,-0.19531031986222594,-0.3287013234827885,6-mer
AAAAGT,-0.13307581170912594,-0.007573219704800662,6-mer
AAAAGC,0.21135913621417513,0.018700845677681252,6-mer
AAAAGG,-0.07699584219927064,0.5360968855156256,6-mer
AAATAA,-0.02046410255971556,-0.6205864104518776,6-mer
AAATAT,-0.3532322148053722,0.8413022539809418,6-mer
AAATAC,0.7520724865564145,0.5246619904533419,6-mer
AAATAG,1.4300768987429846,0.2167087828328652,6-mer
AAATTA,0.013175388747733061,-0.811471030529836,Inverted repeat
AAATTT,-0.34255474547732023,-0.6431193062782131,Palindromes
AAATTC,0.24189971347171618,-0.5520120789198697,Inverted repeat
AAATTG,0.44263505784287355,-0.6825732973475784,Inverted repeat
AAATCA,-0.451351198666927,0.6092100469678334,6-mer
AAATCT,-0.41015527789909756,0.05841668622532195,6-mer
AAATCC,0.6604868643188454,0.568963929951683,6-mer
AAATCG,-0.050384450562383824,-0.11651400872642506,6-mer
AAATGA,-0.4320216789097226,-0.007992790753530548,6-mer
AAATGT,-1.1542209186948686,-0.11189288007089722,6-mer
AAATGC,-0.12222825941101609,-0.10388924314472406,6-mer
AAATGG,-0.19052190604942582,-0.10973799536722334,6-mer
AAACAA,-0.582325031904525,0.4993867690150823,6-mer
AAACAT,-0.536666943680375,0.23061292814141632,6-mer
AAACAC,0.1715339979105662,0.7248420350837169,6-mer
AAACAG,0.23446525363702295,0.7049043849339075,6-mer
AAACTA,-0.12810482574768536,0.11921315832738043,6-mer
AAACTT,-0.45788780357196024,-0.052196211125428334,Inverted repeat
AAACTC,0.7094324104100613,-0.5118990385314327,6-mer
AAACTG,0.5614397778677325,-0.2232882270410374,6-mer
AAACCA,-0.29351155029267373,0.4846575949254708,6-mer
AAACCT,-0.13871181112449057,0.5676031565995694,6-mer
AAACCC,0.6715585981539632,0.5959919664200228,6-mer
AAACCG,0.23227592390195323,0.19942843963778645,6-mer
AAACGA,-0.5811858099756723,0.09387904700289997,6-mer
AAACGT,-1.037152998417466,-0.1331969681912124,6-mer
AAACGC,-0.030273666712774913,0.3715101237379227,6-mer
AAACGG,-0.31382629639039783,0.11449794210852292,6-mer
AAAGAA,-0.44121412183791736,-0.2647032261944121,6-mer
AAAGAT,-0.4717045918979433,-0.5226437243250146,6-mer
AAAGAC,0.010053664663923033,-0.043577818541603974,6-mer
AAAGAG,-0.19043065687695382,-0.13750352374993496,6-mer
AAAGTA,-0.11864449649861906,-0.9434164716336324,6-mer
AAAGTT,-0.23085400008464393,-0.3860584323070778,Inverted repeat
AAAGTC,0.11349226430063288,0.09541956507868238,6-mer
AAAGTG,-0.23562824849314204,-0.1375035237499347,6-mer
AAAGCA,0.08098057337021887,-0.5100241909109956,6-mer
AAAGCT,0.4702315370568422,-0.08885993139012366,6-mer
AAAGCC,0.6678841378905289,0.25838227839166217,6-mer
AAAGCG,0.1616709002296559,0.08976789730209332,6-mer
AAAGGA,-1.107084127872081,-0.5880617393800426,6-mer
AAAGGT,-0.24547603444948898,-0.28736373519553443,6-mer
AAAGGC,-0.25874094521008384,0.24425291017981077,6-mer
AAAGGG,-0.5578786215185322,0.5538168975677288,6-mer
AATAAA,-0.016873818564395928,-0.8967792796412296,6-mer
AATAAT,1.1292830169449666,-0.5470658929626276,6-mer
AATAAC,0.4575831942449287,-0.4854268271702417,6-mer
AATAAG,-0.28611801894683503,-0.6532685141120649,6-mer
AATATA,-1.006542845866772,0.47393118833241227,Inverted repeat
AATATT,1.355094958822562,0.45943161863729726,Palindromes
AATATC,1.2814760511500685,0.5933747405373564,Inverted repeat
AATATG,0.7062687969432897,0.28379296600059134,Inverted repeat
AATACA,0.8990710911492193,0.712303539931937,6-mer
AATACT,1.6765929761867246,-0.04485423578426039,6-mer
AATACC,0.09696172988708811,-0.4445287959882431,6-mer
AATACG,1.0744553316574361,0.060435853861973914,6-mer
AATAGA,1.2610458527403399,0.2186402864753402,6-mer
AATAGT,1.533123569201538,0.21911728930358718,6-mer
AATAGC,0.6067668710395046,0.1231482307728649,6-mer
AATAGG,0.8187177666268771,0.15611920191728182,6-mer
AATTAA,-0.10433665981473557,-0.6503649759427957,6-mer
AATTAT,-0.31667236943586696,0.14533936316403928,6-mer
AATTAC,0.523561956057013,-0.8573956045571995,6-mer
AATTAG,-0.8819442384782877,-0.4288432988038743,6-mer
AATTTA,-0.29865831556451516,-0.555389385337809,6-mer
AATTTT,0.42626475470209796,-0.30319153230577645,Inverted repeat
AATTTC,1.0392891311140573,-0.5360529002402099,6-mer
AATTTG,0.19352236288331673,-0.546827371834385,6-mer
AATTCA,0.14147242595288043,-0.06509502822188477,6-mer
AATTCT,0.27641343563499354,-0.6877870599458495,6-mer
AATTCC,1.0273581156204619,-0.8817371183801803,6-mer
AATTCG,0.3301112991353897,-0.5849625007211562,6-mer
AATTGA,0.6450975737958655,-0.5400809020403121,6-mer
AATTGT,0.45198863545173534,-0.48910248531364,6-mer
AATTGC,0.5435816198999047,-0.7281571365489469,6-mer
AATTGG,0.2902824682708971,-0.6001832376599254,6-mer
AATCAA,-1.2464804771729354,-0.19762451618750565,6-mer
AATCAT,-1.0050914422826982,0.3219280948873623,6-mer
AATCAC,-0.5586758092008802,-0.2448870591235344,6-mer
AATCAG,-0.8539217405120554,0.03160199738582852,6-mer
AATCTA,-1.0392594304472274,0.20818592883817397,6-mer
AATCTT,-0.699551632523089,-0.14736814365949075,Inverted repeat
AATCTC,0.5175416821916775,-0.45805038823893657,6-mer
AATCTG,0.1783143705608972,-0.005333444303040753,6-mer
AATCCA,-0.12535578710932635,-0.06909252327294596,6-mer
AATCCT,0.025862063311966096,0.7369655941662061,6-mer
AATCCC,0.5676768419253367,-0.11358701729250026,6-mer
AATCCG,0.3003003152379908,-0.3797173859991268,6-mer
AATCGA,-0.8253317448880914,-0.567796646014797,6-mer
AATCGT,-0.7188384262789621,-0.05745027218389952,6-mer
AATCGC,-0.6749529599549565,-0.5800470103070396,6-mer
AATCGG,-1.0414559967097603,-0.7334989644464268,6-mer
AATGAA,-0.4528589647138111,-0.38135437302255504,6-mer
AATGAT,-0.3971473403829545,-0.1210154009613658,6-mer
AATGAC,0.2510533379735889,0.012330801910719346,6-mer
AATGAG,-0.10976713689492038,-0.8718436485093176,6-mer
AATGTA,0.2834539470727266,-0.10433665981473557,6-mer
AATGTT,-0.3693863870061275,-0.33014860169233085,Inverted repeat
AATGTC,1.1157195039333763,0.04996845927408476,6-mer
AATGTG,0.5849625007211562,-0.1032539617970243,6-mer
AATGCA,-0.5470658929626276,-0.9549121104714617,6-mer
AATGCT,-0.15548126467899026,-0.2655901107375504,6-mer
AATGCC,-0.34748472763310523,-0.48903808072262056,6-mer
AATGCG,0.12568339490612568,-0.33968036386498185,6-mer
AATGGA,-0.279768421593595,-0.5823607055328761,6-mer
AATGGT,-0.07185028501967788,0.11637918371432879,6-mer
AATGGC,0.00944575517336274,-0.46814883573840615,6-mer
AATGGG,-0.07161558809347777,-0.2572980362846492,6-mer
AACAAA,-1.0052366483661472,0.4017406766653861,6-mer
AACAAT,0.40632028217773486,0.3523017439308809,6-mer
AACAAC,0.3865564748143559,0.22841620896421796,6-mer
AACAAG,0.025080210603325336,0.4792844228266192,6-mer
AACATA,-0.9043793764524686,0.9917794931950314,6-mer
AACATT,0.12346925770807662,-0.0817940911636472,Inverted repeat
AACATC,0.828177728029617,0.42929819240401357,6-mer
AACATG,0.4694354070660288,0.18947779886371274,6-mer
AACACA,-0.640775152744903,0.4006822063017737,6-mer
AACACT,-0.7618402628052355,0.6074327815248509,6-mer
AACACC,1.5214990683015486,0.9097111146708973,6-mer
AACACG,0.49999546333930966,0.041820175694626774,6-mer
AACAGA,-0.37969174196238686,0.6197279188818329,6-mer
AACAGT,-0.3418620222561212,-0.0356239097307212,6-mer
AACAGC,0.7843490005916853,0.13956599020682717,6-mer
AACAGG,0.6240223850807993,0.7418313493380221,6-mer
AACTAA,-0.18057224564182084,-0.6298167365054164,6-mer
AACTAT,0.6742298388182435,0.3523017439308809,6-mer
AACTAC,1.1810029651676022,-0.9448584458075392,6-mer
AACTAG,-0.36197625552743024,-0.02974734339405206,6-mer
AACTTA,-0.5950513183447399,-0.1030934929641035,6-mer
AACTTT,-0.567796646014797,-0.6565565844578377,Inverted repeat
AACTTC,0.8564961762946179,-0.2551292077484476,6-mer
AACTTG,0.46639158295726635,0.07538181184213734,6-mer
AACTCA,0.026624885581227383,-0.2856021627390689,6-mer
AACTCT,0.2534483570045959,-0.3148733373534118,6-mer
AACTCC,0.9385654939879217,-0.7588633123200971,6-mer
AACTCG,1.1284346223066455,-0.6534098508783684,6-mer
AACTGA,0.20645087746742616,-0.2317834718493542,6-mer
AACTGT,-0.17449773123213647,0.11735695063815874,6-mer
AACTGC,0.9675401277409242,-1.0356239097307214,6-mer
AACTGG,1.2259963321632963,-0.45317262816561493,6-mer
AACCAA,-1.5656588703544756,0.03715299841746605,6-mer
AACCAT,-1.367136833389073,1.0995356735509143,6-mer
AACCAC,-0.39923160066827634,-0.1154772174199358,6-mer
AACCAG,-0.20126870511695602,0.10119872277355865,6-mer
AACCTA,-1.6581613621993785,0.6705643684436965,6-mer
AACCTT,-0.7684784222279273,0.1937595585238045,Inverted repeat
AACCTC,-0.13549594639917178,0.30086647935953276,6-mer
AACCTG,0.041979704089867696,0.5089376381603256,6-mer
AACCCA,-0.9704418087650664,0.199937570508752,6-mer
AACCCT,-0.802830590506815,0.5551579880599578,6-mer
AACCCC,0.20758142767095056,0.38974347911493384,6-mer
AACCCG,-0.00016677591381950745,-0.27963637317092355,6-mer
AACCGA,-1.3671456841657708,-0.5105950546750491,6-mer
AACCGT,-0.7945054997905926,-0.041222662726512954,6-mer
AACCGC,-0.314076612178462,0.020037753236544876,6-mer
AACCGG,-0.6290820635214677,0.2951280355436471,6-mer
AACGAA,-1.0632736782463477,-0.08766731932323348,6-mer
AACGAT,-1.1235444986880507,0.253830578503954,6-mer
AACGAC,-0.05997924791868172,0.008717217101108938,6-mer
AACGAG,0.2921387510263169,-0.5141222601707074,6-mer
AACGTA,-1.5086591334079589,-0.49057013044620157,Inverted repeat
AACGTT,-1.300483843148299,0.03242147769237732,Palindromes
AACGTC,-0.03184727714102619,0.33473587118798254,Inverted repeat
AACGTG,-0.39582801967743225,-0.6288589306339611,Inverted repeat
AACGCA,-0.9418243857179058,-0.32850824331107537,6-mer
AACGCT,-0.6479206710916652,0.557641894721644,6-mer
AACGCC,0.7247798903093375,0.7586606652655251,6-mer
AACGCG,-0.4387219628898118,0.11029916568899667,6-mer
AACGGA,-0.6824770842326385,-0.026133709472991366,6-mer
AACGGT,-0.7141913309192894,0.03858246231905139,6-mer
AACGGC,0.27956826250617317,0.2888060247126537,6-mer
AACGGG,-0.23549717937385933,-0.03871710757285377,6-mer
AAGAAA,-0.22347107188455592,0.16315595438377603,6-mer
AAGAAT,-0.976692626507931,-0.9425145053392399,6-mer
AAGAAC,0.6401040549136172,0.024891175541710643,6-mer
AAGAAG,0.35304671778088276,-0.6988534672491408,6-mer
AAGATA,-1.2485348361386785,-0.11010975691768386,6-mer
AAGATT,-0.6118162008241455,0.08731972384127513,Inverted repeat
AAGATC,0.5681430528810569,-0.2552570552420746,6-mer
AAGATG,0.022304935430724333,-0.3572168448905013,6-mer
AAGACA,-1.0132513773163392,0.0032095564758900467,6-mer
AAGACT,-0.7552559595887605,0.005668750086691992,6-mer
AAGACC,0.4897503148977028,0.46217147486993865,6-mer
AAGACG,-0.05238295049858504,0.318925606725839,6-mer
AAGAGA,-0.49415363159082554,0.21876229544330916,6-mer
AAGAGT,-0.5407225072151955,-0.5711567011961256,6-mer
AAGAGC,0.2434261212086446,-0.19043927510115807,6-mer
AAGAGG,-0.3568777535234684,-0.009867029459337054,6-mer
AAGTAA,-0.012673830035110505,-0.11230296962479222,6-mer
AAGTAT,0.13750352374993496,0.42307481834426225,6-mer
AAGTAC,1.6351202423340367,-0.5711567011961257,6-mer
AAGTAG,0.8210528686284567,-1.065095028221885,6-mer
AAGTTA,-0.2730184944064159,0.2830091055950599,6-mer
AAGTTT,-0.20704445700301188,0.02774499048290411,Inverted repeat
AAGTTC,0.8862311250424256,-0.21372355516506045,6-mer
AAGTTG,0.4518641560912224,-0.28688114778816143,6-mer
AAGTCA,-1.0423462907095948,0.12973392960401714,6-mer
AAGTCT,-0.687718678967593,0.17467853141294679,6-mer
AAGTCC,0.656592177702186,-0.01936532486693097,6-mer
AAGTCG,0.5030195223606723,0.1301672922045776,6-mer
AAGTGA,-1.0311860494150795,-0.15919859484925394,6-mer
AAGTGT,-1.2650367587449416,0.7602729676582752,6-mer
AAGTGC,-0.019779777036549304,-1.1176950426697545,6-mer
AAGTGG,0.04456033803953924,0.07400058144377666,6-mer
AAGCAA,-1.2807103809390554,-0.8856673245210048,6-mer
AAGCAT,-1.3036257898702368,-0.18952048151754897,6-mer
AAGCAC,-0.2404489153724187,-0.5071873459090525,6-mer
AAGCAG,-0.045635779988435446,-0.1731737933206605,6-mer
AAGCTA,-1.6997867672175733,-0.04397769706060204,Inverted repeat
AAGCTT,-0.6713772525386293,0.13557130942602405,Palindromes
AAGCTC,0.3714575180987712,-0.06597065662439287,Inverted repeat
AAGCTG,0.810088162611582,0.190854022416408,Inverted repeat
AAGCCA,-1.149214506276632,-0.11578123070541202,6-mer
AAGCCT,-0.7713123623307423,0.4808672355427889,6-mer
AAGCCC,0.47443449927295345,0.3531227164909565,6-mer
AAGCCG,0.2556522162621991,0.19675337224464112,6-mer
AAGCGA,-1.6580193070472873,-0.41001942451221923,6-mer
AAGCGT,-0.7470585153039452,0.4196988766487068,6-mer
AAGCGC,0.006466356456167641,0.5092982307890842,6-mer
AAGCGG,-0.4016787121942806,0.148816576322133,6-mer
AAGGAA,-0.13417230416507106,-0.31410859042806305,6-mer
AAGGAT,-0.9326167739595628,-0.09953567355091435,6-mer
AAGGAC,0.4267404382253711,0.22067594874742638,6-mer
AAGGAG,-0.25793795993202806,-0.5169050586434096,6-mer
AAGGTA,-2.2118090824786205,-0.24197279030596414,6-mer
AAGGTT,-0.8298851577730346,0.32906427616899103,Inverted repeat
AAGGTC,0.5889037687717397,0.64131335510252,6-mer
AAGGTG,0.4131633475285552,0.5683444292707391,6-mer
AAGGCA,-1.605949273596194,-0.32109150742356685,6-mer
AAGGCT,-0.6522573382929309,0.4620495655642493,6-mer
AAGGCC,0.4248874310506594,0.4377438221380096,6-mer
AAGGCG,0.25254817409741154,0.5183807629018389,6-mer
AAGGGA,-1.090109359375651,-0.05600540972874179,6-mer
AAGGGT,-0.6115890027665098,0.20134914682325633,6-mer
AAGGGC,0.12805605498397227,0.5940076403241632,6-mer
AAGGGG,-0.15924089827972251,0.2682309717076091,6-mer
ATAAAA,-0.06763871687536306,0.17963421242224048,6-mer
ATAAAT,-0.3572168448905013,0.04035773761614088,Inverted repeat
ATAAAC,0.30562628255826174,0.13705275197907818,6-mer
ATAAAG,0.7520724865564145,0.326128083416648,6-mer
ATAATA,1.0689473537174914,-0.010268335453826985,6-mer
ATAATT,0.36040224270199794,-0.18662129031462582,6-mer
ATAATC,0.7725895038969274,-0.36457243229585595,6-mer
ATAATG,0.10422736887563644,-0.1648540118948903,6-mer
ATAACA,-0.8678964639926551,0.6896598793878493,6-mer
ATAACT,-0.004365192561401939,0.1844245711374273,6-mer
ATAACC,0.23878685958711643,0.18057224564182084,6-mer
ATAACG,0.37550913509220646,0.5970353330217311,6-mer
ATAAGA,-0.969012307516316,0.27207954543680063,6-mer
ATAAGT,-0.10852445677816902,-0.15919859484925394,6-mer
ATAAGC,-0.42724163886596994,0.33257533908687087,6-mer
ATAAGG,-0.5135423081621827,-0.31807576939175586,6-mer
ATATAA,-0.5711567011961257,1.0242475462466774,Inverted repeat
ATATAT,-2.4594316186372973,1.5376567859427994,Palindromes
ATATAC,-1.5046203924035526,-0.5711567011961257,Inverted repeat
ATATAG,1.346074182219065,1.6682528440821918,Inverted repeat
ATATTA,-0.3219280948873623,0.2904498634141942,6-mer
ATATTT,0.3785116232537298,0.6838542577066438,6-mer
ATATTC,0.34264080353765647,-0.21501289097085027,6-mer
ATATTG,1.5166777611546816,0.05514155419246075,6-mer
ATATCA,-1.2435820431676212,0.17402939977504886,6-mer
ATATCT,-0.5229528384457314,0.8698012768732986,6-mer
ATATCC,0.28090082662730764,0.5290243291272988,6-mer
ATATCG,0.40617943112849636,0.5031684095575087,6-mer
ATATGA,-0.9945109824430213,0.23851208669972482,6-mer
ATATGT,-1.3686861933976564,0.38003104945093064,6-mer
ATATGC,-0.5250910447437575,-0.21412480535284747,6-mer
ATATGG,-0.3483664596335561,0.17508670655809105,6-mer
ATACAA,-0.7960691145110893,0.8003909743078399,6-mer
ATACAT,-0.9073179974901482,-0.9634741239748859,Inverted repeat
ATACAC,-1.176018759354987,0.04580368961312465,6-mer
ATACAG,-0.3483846459731553,-0.1292830169449664,6-mer
ATACTA,-0.632268215499513,-0.7036069972197752,6-mer
ATACTT,0.48428455075198606,0.24297675349254036,6-mer
ATACTC,0.9639069974214166,-0.45651413525500295,6-mer
ATACTG,0.18822328135780306,0.13522738069422321,6-mer
ATACCA,-1.4608115279159937,-0.47804729680464425,6-mer
ATACCT,-1.344484219453536,-0.8678964639926547,6-mer
ATACCC,-0.9022665690830711,-0.6476982560691187,6-mer
ATACCG,-0.4788429250835184,-0.2441259432837292,6-mer
ATACGA,-0.8881540330269327,-0.08406426478847438,6-mer
ATACGT,-1.6030163363890229,-0.8678964639926547,6-mer
ATACGC,-0.33727717765363846,0.5176525657617304,6-mer
ATACGG,0.11555984836820372,0.12029423371771203,6-mer
ATAGAA,0.09131516674594609,-0.21205047711498895,6-mer
ATAGAT,0.13237428669611748,0.1872785681925806,Inverted repeat
ATAGAC,0.820239305845456,0.6412066113607753,6-mer
ATAGAG,1.476076705576384,0.6270479020881707,6-mer
ATAGTA,0.7313845619029065,-0.6166713604484944,6-mer
ATAGTT,0.763409262460576,-0.047305714778356725,6-mer
ATAGTC,1.0211498348717827,0.6698513983076692,6-mer
ATAGTG,0.183294375199573,0.2975439362604031,6-mer
ATAGCA,-2.113723891248019,0.4321110126377854,6-mer
ATAGCT,-0.5144956064951128,0.14169808505331136,6-mer
ATAGCC,0.20603215883413167,0.6406394770911819,6-mer
ATAGCG,-0.35276044966177234,0.7010689374754345,6-mer
ATAGGA,-1.7340076463537824,-0.7273154241324868,6-mer
ATAGGT,0.10329488823781482,1.083768357692598,6-mer
ATAGGC,0.41356360671997844,0.4795777514735544,6-mer
ATAGGG,-0.374038146674422,0.7407275129624054,6-mer
ATTAAA,-0.23266075679027493,-0.5889644312786524,Inverted repeat
ATTAAT,-0.6599245584023783,-0.9801915189198197,Palindromes
ATTAAC,0.7958592832197748,0.14059833017280057,Inverted repeat
ATTAAG,0.07000972124774234,-0.3996969531443577,Inverted repeat
ATTATA,1.2792837574788687,0.7589919004962051,6-mer
ATTATT,0.018147346710259107,-0.49683159044249103,6-mer
ATTATC,0.6143000457767366,-0.33238245252452847,6-mer
ATTATG,0.3435581108589048,-0.1648540118948903,6-mer
ATTACA,0.5706072077440861,0.2558389044295897,6-mer
ATTACT,0.6031098474314155,-0.5525410230287787,6-mer
ATTACC,0.6639507968679849,-0.915111102413487,6-mer
ATTACG,1.2053841897730735,0.031250933984439476,6-mer
ATTAGA,-0.9776321869715456,0.01500216333924652,6-mer
ATTAGT,-0.5728896684205812,-1.0931094043914815,6-mer
ATTAGC,-0.359360522908818,-0.6142568075151943,6-mer
ATTAGG,-1.070389327891398,-0.618034322326805,6-mer
ATTTAA,-0.5969351423872321,-0.323916647980816,6-mer
ATTTAT,-0.1824159456255092,0.16438681790088258,Inverted repeat
ATTTAC,-0.12101540096136594,-0.29916819188750704,6-mer
ATTTAG,-1.2696981361148045,0.4867389646330326,6-mer
ATTTTA,0.11247472925841233,0.4918530963296747,6-mer
ATTTTT,0.16046467219324612,0.07780215160363295,6-mer
ATTTTC,0.46893050727404595,0.23527371263318017,6-mer
ATTTTG,0.16398994612517648,0.06850877793028982,6-mer
ATTTCA,1.0245571042439787,0.3398182537832516,6-mer
ATTTCT,0.5220059303362751,0.054537284009432314,6-mer
ATTTCC,1.4695996966436722,-0.04325319795388373,6-mer
ATTTCG,1.2929767211912333,-0.4457997530495308,6-mer
ATTTGA,0.06169232240624188,0.1985456793820804,6-mer
ATTTGT,-0.449735120026933,0.5480824350200095,6-mer
ATTTGC,-0.11476106201139084,-0.30963481869593285,6-mer
ATTTGG,-0.3676967672055937,-0.23583267827515594,6-mer
ATTCAA,-1.2024812591622305,-0.3887982624907692,6-mer
ATTCAT,-0.9406461945206245,0.05274146207197318,Inverted repeat
ATTCAC,-0.8708213409009966,-0.7182290315846206,6-mer
ATTCAG,-0.7465516429954044,-0.3885652879176528,6-mer
ATTCTA,-0.6654938390331682,-0.29278174922784583,6-mer
ATTCTT,-0.793253941960518,-1.1101097569176839,6-mer
ATTCTC,0.3202669605174415,-0.7465516429954041,6-mer
ATTCTG,-0.39993060688863546,-0.2518071504105396,6-mer
ATTCCA,0.2002219134287725,0.1046973786666934,6-mer
ATTCCT,-0.10240714897357123,-0.6714590820409847,6-mer
ATTCCC,-0.04639735961478082,-0.7311832415721999,6-mer
ATTCCG,0.14569966434196321,-0.9708536543404834,6-mer
ATTCGA,-0.8440145204331689,-0.6115207122040316,6-mer
ATTCGT,-1.026415186714812,-1.0089887832272548,6-mer
ATTCGC,-0.8363311118306731,-0.6027007779613593,6-mer
ATTCGG,-0.7133880180123606,-1.0386028392237474,6-mer
ATTGAA,0.2512020427463581,-0.06212171190779747,6-mer
ATTGAT,0.07807407603020168,0.003523066563697302,Inverted repeat
ATTGAC,0.3613023332215066,0.045986205274180354,6-mer
ATTGAG,0.3378789153746914,0.020758560166797103,6-mer
ATTGTA,0.8031992925662929,0.05415577004690538,6-mer
ATTGTT,0.12698888629172,-0.04226572697700985,6-mer
ATTGTC,0.5628368386498633,0.07251249978436797,6-mer
ATTGTG,-0.18211441045022644,-0.07626589422806708,6-mer
ATTGCA,-0.3508013885506098,-0.2809563138310561,6-mer
ATTGCT,0.31016838142488884,-0.6889602212553739,6-mer
ATTGCC,0.08917758755795058,-0.792982804550468,6-mer
ATTGCG,-0.006152226981595149,-0.06195249074275798,6-mer
ATTGGA,-0.6054825791879497,-0.6877870599458495,6-mer
ATTGGT,-0.07348059764254886,-0.1716113780701989,6-mer
ATTGGC,0.3583004845523241,-0.1426043954428004,6-mer
ATTGGG,-0.044055180077935414,-0.5602354148187794,6-mer
ATCAAA,-0.4747883067238942,0.12029423371771174,6-mer
ATCAAT,0.24200455059041312,0.29639300278022473,Inverted repeat
ATCAAC,0.2284088921574092,0.3188221840195407,6-mer
ATCAAG,-0.0060369388444088375,0.5523092834024048,6-mer
ATCATA,-1.3070895859117293,0.2656598752406172,6-mer
ATCATT,-0.3483496527434773,-0.040015678847879044,6-mer
ATCATC,0.3794896207252113,0.5925756848310313,6-mer
ATCATG,0.17155998442543832,0.2591923395393995,6-mer
ATCACA,-0.9496959211375708,0.5145731728297582,6-mer
ATCACT,-0.9844950678663675,-0.2500953501262955,6-mer
ATCACC,1.1836113981402079,0.45519462575082636,6-mer
ATCACG,0.30435285076488683,0.20113987210785128,6-mer
ATCAGA,-0.9169511846380702,0.5545225528774652,6-mer
ATCAGT,-0.8050921435842571,0.04439411935845331,6-mer
ATCAGC,0.40017541302912285,0.24013400372371477,6-mer
ATCAGG,0.3005772191948743,0.2579937891332636,6-mer
ATCTAA,-0.8533303508579909,1.4043902550793352,6-mer
ATCTAT,0.05412730975196547,0.45476377759445474,Inverted repeat
ATCTAC,-0.006612045958282794,-1.0324214776923775,6-mer
ATCTAG,-0.6950722576388401,0.6316125940199777,6-mer
ATCTTA,-1.2789759497028153,-0.6637640684287544,6-mer
ATCTTT,-0.5603096081713986,-0.40780593004776805,6-mer
ATCTTC,0.3170623397155462,-0.18373535815841052,6-mer
ATCTTG,0.2400987252622848,0.5663810749794305,6-mer
ATCTCA,-0.8856819633687351,-0.3723330483246055,6-mer
ATCTCT,-0.35962633285594214,-0.12697285625776542,6-mer
ATCTCC,0.6265350388741844,-0.17703188793657232,6-mer
ATCTCG,1.0459836952331276,-0.2913088598289705,6-mer
ATCTGA,-0.761052832057711,0.511500338780135,6-mer
ATCTGT,-0.898389998211227,0.03190924795474385,6-mer
ATCTGC,0.0918850350170332,-0.5512020948204807,6-mer
ATCTGG,0.3269304117087318,1.0368367681803716,6-mer
ATCCAA,-1.5489241981604884,0.16478169816635244,6-mer
ATCCAT,-0.8717223575730249,-0.10002881833127192,Inverted repeat
ATCCAC,-0.003728179576449007,0.08926733809708721,6-mer
ATCCAG,0.5630029944433335,0.30229928813842977,6-mer
ATCCTA,-2.119858004155698,0.0,6-mer
ATCCTT,-0.9153246926190575,-0.25032335408423967,6-mer
ATCCTC,0.18349649452717243,0.7631495259698611,6-mer
ATCCTG,0.7443191365451227,0.9134632495320048,6-mer
ATCCCA,-0.6951661675678882,-0.2840960213616235,6-mer
ATCCCT,-1.178620917077386,0.11703942119021941,6-mer
ATCCCC,0.421445549026133,-0.13507269749517264,6-mer
ATCCCG,0.5016887890419064,0.6007612105678951,6-mer
ATCCGA,-0.8962763001112666,-0.055438986425426266,6-mer
ATCCGT,-0.46787180726251504,0.19210985440040498,6-mer
ATCCGC,0.29787166223116374,-0.24421053154213881,6-mer
ATCCGG,0.0778840159310049,0.2867256561035149,6-mer
ATCGAA,-0.7079659048427727,0.004563087749925089,Inverted repeat
ATCGAT,-1.1416014979845803,-0.014355292977069922,Palindromes
ATCGAC,0.2721682673567186,-0.1375035237499347,Inverted repeat
ATCGAG,0.7441457478324629,-0.20312656181071867,Inverted repeat
ATCGTA,-0.5595859378203633,-0.03925943044722719,6-mer
ATCGTT,-1.146548663352942,0.5369063593766529,6-mer
ATCGTC,0.2324859345009986,0.3303797596025468,6-mer
ATCGTG,-0.08409036298113036,0.2286643007433776,6-mer
ATCGCA,-1.0960989641933996,-0.2338880601742774,6-mer
ATCGCT,-1.1763771773507923,0.24855490855714316,6-mer
ATCGCC,0.4616257261122132,0.25763441809120413,6-mer
ATCGCG,-0.49435344916915497,-0.009685053429901858,6-mer
ATCGGA,-1.2091365699539538,0.029718162964223208,6-mer
ATCGGT,-1.0946181315212309,-0.36819924881759236,6-mer
ATCGGC,0.05599169861357845,0.1861513158568954,6-mer
ATCGGG,-0.5029121021435832,-0.35898612917624684,6-mer
ATGAAA,-0.22662941422291846,0.4811266897366162,6-mer
ATGAAT,-0.8852826229390031,-0.09686153925258896,Inverted repeat
ATGAAC,0.4978944316831279,0.3597301275997467,6-mer
ATGAAG,0.5719499634966771,0.46394709975979,6-mer
ATGATA,-1.5346892942399324,-0.4365172266892954,6-mer
ATGATT,-1.3823071925066426,0.35167543828141445,6-mer
ATGATC,0.5362767434547641,0.42929819240401357,6-mer
ATGATG,0.0928708725078199,0.25633975325978553,6-mer
ATGACA,-0.8672350986242408,1.9578745243273237,6-mer
ATGACT,-0.7715508049705744,-0.2630344058337938,6-mer
ATGACC,0.4899022862373639,0.4030648576127679,6-mer
ATGACG,0.2320290209826202,1.110940436823164,6-mer
ATGAGA,-0.7797408298228402,-0.38887833881198924,6-mer
ATGAGT,-0.9318284973584209,-0.3334237337251919,6-mer
ATGAGC,0.11787150475583182,-0.2027338955659795,6-mer
ATGAGG,-0.7721111454013804,0.6423706618855622,6-mer
ATGTAA,-0.08646409074946917,0.9015962959390056,6-mer
ATGTAT,-0.38395918809340013,-0.84799690655495,Inverted repeat
ATGTAC,0.8960165523405088,-2.1127001327493624,6-mer
ATGTAG,0.9870898911126134,0.8135868757691187,6-mer
ATGTTA,-0.8656989082884089,0.28630418515664124,6-mer
ATGTTT,-0.7689710998119078,0.04237860227055183,6-mer
ATGTTC,0.6152538581728956,0.27915407119707086,6-mer
ATGTTG,0.5788916379690267,0.13050202423412777,6-mer
ATGTCA,-0.7958761321145653,0.2613865529523117,6-mer
ATGTCT,-0.3101026594905727,0.5545888516776374,6-mer
ATGTCC,0.728945223431201,-0.3726588970082921,6-mer
ATGTCG,0.9328316092525218,0.35703189584327816,6-mer
ATGTGA,-0.40291578111882304,0.07119104785695285,6-mer
ATGTGT,-1.0931094043914815,0.1995314635276358,6-mer
ATGTGC,0.39687630719316985,-0.7415748474187958,6-mer
ATGTGG,0.18633275796392526,-0.16115479181458017,6-mer
ATGCAA,-1.1577759187761958,-0.3579223537513944,Inverted repeat
ATGCAT,-1.0662820082747646,-1.2630344058337937,Palindromes
ATGCAC,0.14964072998795735,-1.344197258728395,Inverted repeat
ATGCAG,0.3858510793136656,-0.6457165318002526,Inverted repeat
ATGCTA,-2.25745768825636,-1.0414766359761591,6-mer
ATGCTT,-1.2851281766844107,-0.3286227474613705,6-mer
ATGCTC,0.1513529379401805,0.08769406090639772,6-mer
ATGCTG,0.8334711688816184,0.04692104738749263,6-mer
ATGCCA,-2.0479391450657305,-0.9796595517158244,6-mer
ATGCCT,-1.8347072890407687,-0.6094155444456951,6-mer
ATGCCC,0.42735326344350366,-1.0894350835819444,6-mer
ATGCCG,0.2924794542570864,-0.41327704141440647,6-mer
ATGCGA,-1.3054117459475776,-0.20476675065461322,6-mer
ATGCGT,-0.9477932060736746,-0.019108822947704416,6-mer
ATGCGC,0.23963755905052916,-0.07524961898193286,6-mer
ATGCGG,0.422484677827773,0.07890771216418524,6-mer
ATGGAA,-0.5100996962504502,0.48360178576191515,6-mer
ATGGAT,-0.8615300622086429,-0.5193741590935793,Inverted repeat
ATGGAC,0.15908448788973834,-0.1431946358277905,6-mer
ATGGAG,0.06993605685455784,-0.02046410255971556,6-mer
ATGGTA,-2.233409236724516,0.062060968132251586,6-mer
ATGGTT,-1.417157551153213,0.7782418697447251,6-mer
ATGGTC,0.1612722888088565,0.47107153419317166,6-mer
ATGGTG,0.09972373260624023,0.011745207673099278,6-mer
ATGGCA,-2.1972193501268804,-1.2572980362846495,6-mer
ATGGCT,-1.0644661156259867,0.1844245711374273,6-mer
ATGGCC,0.177292432201642,-0.21349494503247854,6-mer
ATGGCG,0.15108305906349506,0.25538723887696624,6-mer
ATGGGA,-1.1695339741893727,-0.34027740476625423,6-mer
ATGGGT,-0.7615288472060188,0.6438561897747247,6-mer
ATGGGC,-0.21280360235282225,-0.403783589087383,6-mer
ATGGGG,-0.6885068975362184,0.42614506704740585,6-mer
ACAAAA,-0.7039737685553948,0.5489246776205351,6-mer
ACAAAT,-1.1175404212622984,0.1154772174199358,6-mer
ACAAAC,-0.5329122162798463,0.09274650788827507,6-mer
ACAAAG,0.35328433892264566,0.047224208886360655,6-mer
ACAATA,1.0729608011891187,0.42576390587190216,6-mer
ACAATT,0.21830546381320515,-0.1725221129283516,6-mer
ACAATC,0.1634126038066358,0.318767753994034,6-mer
ACAATG,0.6545034339742333,0.39673668253590005,6-mer
ACAACA,0.4956150151258737,0.38816179328744904,6-mer
ACAACT,0.3194371100252544,0.09621531525930292,6-mer
ACAACC,-0.5109017982163455,0.020340448284175465,6-mer
ACAACG,0.026623526758820088,0.4357960594456412,6-mer
ACAAGA,0.09443156276190749,0.7403561833669804,6-mer
ACAAGT,-0.31860077494100286,-0.07038932789139794,Inverted repeat
ACAAGC,-0.21934840300681466,0.4577419502330821,6-mer
ACAAGG,0.460440740603143,0.8194277543581793,6-mer
ACATAA,0.1520030934450497,0.7612131404128836,6-mer
ACATAT,-0.951655608161303,0.7958592832197748,6-mer
ACATAC,-0.7630365725077807,-0.20645087746742632,6-mer
ACATAG,1.4982170018445367,0.3219280948873623,6-mer
ACATTA,0.5326070956600197,0.36975661997797743,6-mer
ACATTT,-0.2533842358000745,-0.08557573170607413,6-mer
ACATTC,0.16219371632696622,0.04580368961312465,6-mer
ACATTG,1.516625370958003,0.3625700793847083,6-mer
ACATCA,0.4945654621659768,0.5194886632438748,6-mer
ACATCT,0.1661399810728329,0.45215067229594325,6-mer
ACATCC,0.6196001145672523,0.3162144436929685,6-mer
ACATCG,0.3997302464909952,0.11602379633948338,6-mer
ACATGA,0.013755172429034705,-0.32716474325350936,Inverted repeat
ACATGT,0.19616423823038673,0.3599961357208819,Palindromes
ACATGC,0.2802351465874022,-0.3253186840881366,Inverted repeat
ACATGG,0.23229088240268583,-0.02778315651353808,Inverted repeat
ACACAA,-1.945240768597875,0.2389387302163305,6-mer
ACACAT,-1.0066094568989832,0.5634827733107046,6-mer
ACACAC,-1.6938599269858794,0.24220090241662823,6-mer
ACACAG,-1.5795227607530284,0.7825063780763913,6-mer
ACACTA,-0.817270390922687,-0.1020981876187362,6-mer
ACACTT,-1.046335835722744,0.5693656456701376,6-mer
ACACTC,-1.284651457570636,-0.4150374992788438,6-mer
ACACTG,-1.0469210473874926,0.8258468752524567,6-mer
ACACCA,0.5037961595634489,0.26607486015384485,6-mer
ACACCT,0.4780472968046441,1.3219280948873626,6-mer
ACACCC,0.756247299426781,0.46656779991892583,6-mer
ACACCG,0.6762010743066547,0.4294337203553475,6-mer
ACACGA,-0.6298956693485982,0.07716786052245993,6-mer
ACACGT,-0.9941636654396673,-0.31780020926468555,Inverted repeat
ACACGC,-0.2647435578414043,0.18807234815257184,6-mer
ACACGG,-0.21663602450889718,0.2110823261990721,6-mer
ACAGAA,-1.115357237791534,0.22239242133644793,6-mer
ACAGAT,-0.8896818734266302,0.4867389646330326,6-mer
ACAGAC,-1.0722832501074513,0.30001331845892176,6-mer
ACAGAG,-1.4382928515791469,0.02476790514894186,6-mer
ACAGTA,-1.0079927907535309,-1.3219280948873622,6-mer
ACAGTT,-0.2020437759446456,0.4535721006978334,6-mer
ACAGTC,-1.1887007538492582,-0.019991475187466055,6-mer
ACAGTG,-1.2119497056246473,0.02424754624667708,6-mer
ACAGCA,0.9554640993981629,-0.37514477215533104,6-mer
ACAGCT,0.4048022770843886,-0.43923200429163617,6-mer
ACAGCC,-0.3659392680597619,0.46346418928134353,6-mer
ACAGCG,0.03838421033532048,0.355837429654084,6-mer
ACAGGA,-0.05454821877760418,0.36153995078621887,6-mer
ACAGGT,-0.25539125976055155,0.5934740005766737,Inverted repeat
ACAGGC,-0.5254255750642959,0.8511366140855173,6-mer
ACAGGG,-0.1123570578428802,0.4965673847754421,6-mer
ACTAAA,-0.14622074085104392,-0.3267290811511835,6-mer
ACTAAT,-0.7935491225325735,-0.3715588626119628,6-mer
ACTAAC,-0.8237493603082728,-1.1728365968622156,6-mer
ACTAAG,-1.274439169106043,-0.6114347120823472,6-mer
ACTATA,1.4384421036137875,0.9593580155026541,6-mer
ACTATT,1.7331539802161873,-0.19464743085354366,6-mer
ACTATC,0.25688966561288507,-0.032421477692377465,6-mer
ACTATG,0.8977549208634577,0.16046467219324612,6-mer
ACTACA,1.8040797900247434,-0.3968901525685844,6-mer
ACTACT,1.0988666751429659,-0.5405683813627028,6-mer
ACTACC,0.026993604587281388,-0.8537105577493437,6-mer
ACTACG,0.9682911402726618,-0.9634741239748859,6-mer
ACTAGA,-0.8132314883942734,-0.16839753169571864,Inverted repeat
ACTAGT,-1.1154772174199359,-0.19680070743370703,Palindromes
ACTAGC,-1.0644887264517138,-0.990954860396993,Inverted repeat
ACTAGG,-0.34022891163030616,0.06894735371749136,Inverted repeat
ACTTAA,0.4959574946624113,0.45091453560744027,6-mer
ACTTAT,-1.1937717433966801,0.6513898624601321,6-mer
ACTTAC,-0.34320475451777704,-0.7224660244710911,6-mer
ACTTAG,-1.00553818354143,0.46656779991892583,6-mer
ACTTTA,0.27885937299547653,0.14059833017280057,6-mer
ACTTTT,-0.01594154386902145,-0.4922804982113042,6-mer
ACTTTC,-0.564115715815552,0.07104524744845178,6-mer
ACTTTG,-0.028353196049239447,-0.46262695779710394,6-mer
ACTTCA,1.0299014857138622,0.31550182572792945,6-mer
ACTTCT,0.6635723354175227,-1.366782330671623,6-mer
ACTTCC,0.7029221306392421,-0.4464805469297251,6-mer
ACTTCG,0.22054570735321302,-0.5924570372680803,6-mer
ACTTGA,-0.18555565315607658,0.18378180211771103,6-mer
ACTTGT,-0.038580589660721816,-0.061200156436737374,Inverted repeat
ACTTGC,0.12517645509745798,-0.36513259345253013,6-mer
ACTTGG,-0.06608919045777244,0.4017071688663602,6-mer
ACTCAA,-0.6047874790774056,-0.020887366473823665,6-mer
ACTCAT,-0.5525410230287787,-1.01435529297707,6-mer
ACTCAC,-1.040945549998916,-0.02202630632999888,6-mer
ACTCAG,-1.4133971408975885,-0.6109577092541006,6-mer
ACTCTA,-0.18903382439001684,0.43063435432986225,6-mer
ACTCTT,-0.7763937925619132,-0.43295940727610627,6-mer
ACTCTC,-0.926774019939067,-0.7325196891350141,6-mer
ACTCTG,-0.6305851178469533,-0.39741182859700924,6-mer
ACTCCA,0.5769697099676258,-0.2688871320792315,6-mer
ACTCCT,-0.009735326602717117,-1.1204010960592214,6-mer
ACTCCC,-0.5569215626750639,-0.9185358993711037,6-mer
ACTCCG,-0.020685553120937637,-1.1797560108020062,6-mer
ACTCGA,0.1461432355070917,-1.3043340348726242,6-mer
ACTCGT,-0.18814719420280188,-0.8807868416726194,Inverted repeat
ACTCGC,-0.23772673282029344,-0.522528453962339,6-mer
ACTCGG,0.08636329223797416,-1.2725661680064448,6-mer
ACTGAA,-0.7350888704781762,0.17954942033071267,6-mer
ACTGAT,-0.6347155359182558,-1.1790560131944408,6-mer
ACTGAC,-0.8582616781312569,0.03847414781463553,6-mer
ACTGAG,-1.4966025439656119,-0.1499406269881575,6-mer
ACTGTA,-0.5753123306874368,0.7983661388303495,6-mer
ACTGTT,-0.3835855852513268,0.38498026542266395,6-mer
ACTGTC,-0.9561956470693714,0.13644827925020833,6-mer
ACTGTG,-1.2323738531319985,-0.7352673066941807,6-mer
ACTGCA,0.783383379494085,-0.7450221490372644,6-mer
ACTGCT,0.3979639859199024,-0.5504240820166775,6-mer
ACTGCC,-1.0244858095355327,-1.40793538359363,6-mer
ACTGCG,-0.07342020094077639,-0.7413143391044567,6-mer
ACTGGA,0.5840625037856126,0.18120306989362445,6-mer
ACTGGT,0.1640381583653981,0.056244110639618955,Inverted repeat
ACTGGC,-0.25505122993839835,-0.15817286068525627,6-mer
ACTGGG,0.46070348348071194,-0.978626349207433,6-mer
ACCAAA,-0.7340952723223313,0.16759994849606832,6-mer
ACCAAT,0.2541834882515281,-0.2211037253678754,6-mer
ACCAAC,-0.17260553591458042,-0.36217905213176854,6-mer
ACCAAG,-0.16009721579845354,0.5825600105058517,6-mer
ACCATA,-1.1519337314391764,1.0995356735509143,6-mer
ACCATT,-0.05246741989413549,-0.2212142301391666,6-mer
ACCATC,-0.11121711894974368,0.6643969682155612,6-mer
ACCATG,0.12006266944434567,0.6027653232409094,6-mer
ACCACA,-0.3986261067451866,-0.6553518286125541,6-mer
ACCACT,-0.2356713670031817,0.09557765998223111,6-mer
ACCACC,0.5809317876214054,-0.075288127304237,6-mer
ACCACG,0.3698074998978869,-0.3379964635150159,6-mer
ACCAGA,0.08392000249737983,0.8005816934621779,6-mer
ACCAGT,0.2644701274885676,-0.7036069972197754,Inverted repeat
ACCAGC,0.30499997410576135,-0.25908722131713086,6-mer
ACCAGG,0.06364094272245319,-0.7570232465074596,6-mer
ACCTAA,-1.8403433340115147,-0.023846741954367656,6-mer
ACCTAT,0.24658003633206696,0.5216976072631397,6-mer
ACCTAC,-0.14710429403221081,-0.05537675703637321,6-mer
ACCTAG,-0.8302075931114219,0.6285894331214141,6-mer
ACCTTA,-0.0308175919897877,0.8271634031377845,6-mer
ACCTTT,-0.2602138867714152,-0.3395759607067869,6-mer
ACCTTC,0.2407594495604858,0.6205236859441011,6-mer
ACCTTG,0.5895958087288724,0.5743453933471271,6-mer
ACCTCA,-0.607445272336933,0.5535673044456219,6-mer
ACCTCT,-0.20196223150016537,-0.34507017469980544,6-mer
ACCTCC,-0.027556935327450113,0.7494295597322619,6-mer
ACCTCG,0.6986192825167234,-0.09816102357469708,6-mer
ACCTGA,0.0465821362088683,0.45685767497347085,6-mer
ACCTGT,-0.11844640120011034,0.8178855895497736,Inverted repeat
ACCTGC,0.3127838057838664,0.12448203068114519,6-mer
ACCTGG,0.0013208134148740484,-0.23205875592992758,6-mer
ACCCAA,-1.0578683986079422,0.21041977967037181,6-mer
ACCCAT,-1.0273700040595015,0.4253794435003027,6-mer
ACCCAC,-0.3773511230912301,-0.45161211417799796,6-mer
ACCCAG,0.24194902427171036,0.5899706214389736,6-mer
ACCCTA,-1.6397953371354599,0.3737106369899087,6-mer
ACCCTT,-1.011972641666076,0.05107418459426936,6-mer
ACCCTC,-0.5375124778518617,0.3515148908757124,6-mer
ACCCTG,0.5942030839497917,0.42245497084132666,6-mer
ACCCCA,-0.3165956881208354,-0.19234941341817455,6-mer
ACCCCT,-0.4037221860510096,0.5915351546446425,6-mer
ACCCCC,-0.12017196624521284,-0.3534024463175506,6-mer
ACCCCG,0.6403778890305802,-0.10676584887306469,6-mer
ACCCGA,-0.69690431805706,-0.11155507171229978,6-mer
ACCCGT,-0.4633186924982112,-0.09381367340272809,Inverted repeat
ACCCGC,0.26611838312335434,-0.13662889805422376,6-mer
ACCCGG,-0.18896914549731633,-0.8889686876112561,6-mer
ACCGAA,-0.6988534672491405,-1.106389344591977,6-mer
ACCGAT,-1.0058535594649707,-0.4238572001688537,6-mer
ACCGAC,-0.13876764339348205,-0.189033824390017,6-mer
ACCGAG,0.39894263868570773,-0.9287579185187865,6-mer
ACCGTA,-0.3228438010690974,0.014029559904058058,6-mer
ACCGTT,-0.7737481622068216,-0.26724665712070816,6-mer
ACCGTC,0.13719765522188293,0.3122129400541503,6-mer
ACCGTG,0.35140387215526886,-0.30550254697425094,6-mer
ACCGCA,0.044992299331988735,0.15856080946721232,6-mer
ACCGCT,-0.49022708733074716,0.2472514085928663,6-mer
ACCGCC,0.3618038388001555,0.4465963790137512,6-mer
ACCGCG,-0.27005746240330947,-0.5210155839413022,6-mer
ACCGGA,-0.5772306208505983,-0.091820708422909,Inverted repeat
ACCGGT,-0.8673159825139491,0.43645648291374933,Palindromes
ACCGGC,0.11085624485010985,-0.38895967162774087,Inverted repeat
ACCGGG,-0.3293991263459123,-0.274105018544992,Inverted repeat
ACGAAA,-0.16876574461747146,0.3344190390705592,6-mer
ACGAAT,-0.6763479116301833,-1.0134622598065623,6-mer
ACGAAC,-0.06626578905153027,-0.2913790315277553,6-mer
ACGAAG,-0.2996691017341389,-0.18456034781070885,6-mer
ACGATA,-0.6053650272745077,0.6164527868489719,6-mer
ACGATT,-0.8440334561476074,0.15429490495303969,6-mer
ACGATC,0.170784004171405,0.49226301110466963,6-mer
ACGATG,-0.10020653849715254,0.3905844555543047,6-mer
ACGACA,0.4136809453087588,0.5293701747578388,6-mer
ACGACT,-0.08880489925108116,-0.38103161523224527,6-mer
ACGACC,-0.043376628208472205,-0.021897718153890744,6-mer
ACGACG,0.07417403023883153,0.1327411912844171,6-mer
ACGAGA,0.6786456553850192,-0.2795855820976418,6-mer
ACGAGT,0.14752961686574212,-0.7627031555798145,Inverted repeat
ACGAGC,-0.11174259768950233,-0.6603988171314646,6-mer
ACGAGG,0.43077151066450475,-0.11524356367565834,6-mer
ACGTAA,0.13972476366661318,-0.3010022560328143,6-mer
ACGTAT,-1.1110313123887439,-0.43609911480667357,6-mer
ACGTAC,-0.408197753798381,-0.7711813095041192,6-mer
ACGTAG,-0.33667647493127245,-1.0861566437497145,6-mer
ACGTTA,-0.03761429179977787,0.020037753236544876,6-mer
ACGTTT,-0.5950513183447399,-0.16397573511112584,6-mer
ACGTTC,-0.27623517492811184,-0.3605002152694112,6-mer
ACGTTG,-0.3118167789200735,-0.6682908843200521,6-mer
ACGTCA,-0.12796816160313274,0.618321097667587,6-mer
ACGTCT,-0.27039980812832565,-0.09989857005412035,6-mer
ACGTCC,0.2390469972005359,-0.24010800898428636,6-mer
ACGTCG,0.06727335466954161,-0.03200194150404733,6-mer
ACGTGA,-0.297337862031579,0.029747343394051915,6-mer
ACGTGT,-0.6671561276334541,-0.36197625552743024,Inverted repeat
ACGTGC,0.02832270399183105,-0.710322841396827,6-mer
ACGTGG,-0.471004359526872,-0.2654368960490985,6-mer
ACGCAA,-1.21987022656662,0.05684586040471005,6-mer
ACGCAT,-1.0332256235336552,-0.5723624639415229,6-mer
ACGCAC,-0.49795010954188285,-0.20163386116965054,6-mer
ACGCAG,-0.5095588117980818,-0.18057224564182084,6-mer
ACGCTA,-1.3148856364914456,0.38781603054381963,6-mer
ACGCTT,-0.7093617938303979,0.3838305338132691,6-mer
ACGCTC,0.02663696840366869,0.39568055610679587,6-mer
ACGCTG,0.03547456553295345,0.5318511642615936,6-mer
ACGCCA,0.14475257915505518,0.22716784282844624,6-mer
ACGCCT,0.02911059290770838,0.3677317845004874,6-mer
ACGCCC,1.049828934628737,0.6573133449458403,6-mer
ACGCCG,0.7187516260703948,0.3349656179901065,6-mer
ACGCGA,-1.0890441921584821,-0.02990648464851679,Inverted repeat
ACGCGT,-1.181649223815327,-0.21954686806504756,Palindromes
ACGCGC,-0.3326511088955009,0.27261639073902305,Inverted repeat
ACGCGG,-0.12124976639921865,-0.09641022795469029,Inverted repeat
ACGGAA,-0.7614390870022455,-0.29923035960091127,6-mer
ACGGAT,-0.5697688270718828,0.21584957546967606,6-mer
ACGGAC,-0.6959037038040472,0.15723974181119707,6-mer
ACGGAG,-1.1246211473329542,0.28547321938101977,6-mer
ACGGTA,-1.3438613811302282,-0.258217389536018,6-mer
ACGGTT,-0.6871586176802017,0.13671322242045458,6-mer
ACGGTC,0.1212973049750843,-0.0947782247520998,6-mer
ACGGTG,0.4603229702847888,0.10661119063103563,6-mer
ACGGCA,0.16617222657112526,-0.7386618848271045,6-mer
ACGGCT,-0.03701036842048339,0.06258453737802293,6-mer
ACGGCC,0.007768429721409968,-0.14715369378365412,6-mer
ACGGCG,0.5867163168783603,0.508779209054784,6-mer
ACGGGA,0.11805576152171222,-0.2461605872693976,6-mer
ACGGGT,-0.3812661730946132,-0.09375332095690828,Inverted repeat
ACGGGC,-0.20704709008823458,-0.12704284922502587,6-mer
ACGGGG,0.07096652135414318,-0.2795558499079392,6-mer
AGAAAA,-0.3436832561635367,0.3854932236648284,6-mer
AGAAAT,-0.24137552470402077,0.03464614280689125,6-mer
AGAAAC,-0.2641369622809522,0.2757135399045399,6-mer
AGAAAG,-0.4890310637063298,-0.5172756932095814,6-mer
AGAATA,0.008638918273872625,-0.03562390973072135,6-mer
AGAATT,0.4405725913859815,-0.582556003014061,6-mer
AGAATC,-0.7552559595887605,-0.9644735663708589,6-mer
AGAATG,0.06329539969390258,-0.7500217469916525,6-mer
AGAACA,0.9615455747404184,0.3927683354378111,6-mer
AGAACT,0.8255446405328751,-0.9549121104714617,Inverted repeat
AGAACC,0.020225028064033947,0.0578206543883423,6-mer
AGAACG,0.37757527019761405,0.1731308042673998,6-mer
AGAAGA,0.28496473564466346,-0.46748014741084354,6-mer
AGAAGT,0.5446444334754209,-0.5071218982695609,6-mer
AGAAGC,0.016416772689405886,-0.38256603821504465,6-mer
AGAAGG,0.2005065465941076,0.3149551714973907,6-mer
AGATAA,-0.15981368547502348,0.13146616244235523,6-mer
AGATAT,-0.6771515254700096,0.45403163089470755,6-mer
AGATAC,-0.2759123152816471,0.2064508774674265,6-mer
AGATAG,0.5408806868170859,0.5370280236574541,6-mer
AGATTA,0.5338737287886945,-0.05371058674476756,6-mer
AGATTT,0.5081469036703253,0.20481979188849808,6-mer
AGATTC,-0.8425527678648222,-0.647698256069119,6-mer
AGATTG,0.5565010485013596,0.48661309148887133,6-mer
AGATCA,0.6531144822910699,0.8204505796692875,Inverted repeat
AGATCT,-0.005413496186364256,-0.5979015564286544,Palindromes
AGATCC,0.4794844393685646,-0.9431541395952899,Inverted repeat
AGATCG,0.43658564340784956,0.3132977897439222,Inverted repeat
AGATGA,-0.11913784959762055,0.5712875638240796,6-mer
AGATGT,0.11219690500472694,-0.12048037590762106,6-mer
AGATGC,-0.03209625620038468,-0.5286245165713441,6-mer
AGATGG,-0.32428549230339865,0.883888770246903,6-mer
AGACAA,-1.3380293083975063,0.43308167474860515,6-mer
AGACAT,-0.36081926994406777,-0.17905601319444067,6-mer
AGACAC,-1.4582465143887375,0.33534861064968396,6-mer
AGACAG,-1.7010394666597644,0.6689013192210522,6-mer
AGACTA,-0.47445570934923875,-0.08746284125033935,6-mer
AGACTT,-0.7847171183778723,0.11315895741488925,6-mer
AGACTC,-1.2471513642271388,-0.3552929136857823,6-mer
AGACTG,-1.2159683533383094,0.04362693240025792,6-mer
AGACCA,0.2970962419074269,0.5030084211968359,6-mer
AGACCT,0.39394346764421934,0.5927120003260907,Inverted repeat
AGACCC,0.6527977093592183,-0.27614990562405195,6-mer
AGACCG,0.21187036737646278,0.17131287556655495,6-mer
AGACGA,-0.19378841048742013,0.29908811852925077,6-mer
AGACGT,-0.10939663925787027,-0.3811515051264341,6-mer
AGACGC,-0.1632321999593903,0.26379391890260656,6-mer
AGACGG,-0.09040104839445276,-0.09832026063918983,6-mer
AGAGAA,-0.9325651696161098,-0.5154215674680793,6-mer
AGAGAT,-0.30886455307991667,0.41656496902543744,6-mer
AGAGAC,-0.9818526532897408,0.16046467219324612,6-mer
AGAGAG,-1.3152906429652178,0.3219280948873623,6-mer
AGAGTA,-0.587491327031895,-0.1983287164459784,6-mer
AGAGTT,0.03595687777640964,-0.5124500009367884,6-mer
AGAGTC,-1.3034692702330324,-0.2460613272300801,6-mer
AGAGTG,-0.6946738724497674,-0.575312330687437,6-mer
AGAGCA,0.6091122404499903,-0.6259080507200724,6-mer
AGAGCT,0.5308632358551769,-0.990954860396993,Inverted repeat
AGAGCC,-0.10112192444286587,0.7693063142084248,6-mer
AGAGCG,0.27688377118789975,0.4010683149728564,6-mer
AGAGGA,-0.7971432535566843,-0.1357992175376858,6-mer
AGAGGT,-0.17551684968666637,0.09784732339814448,6-mer
AGAGGC,-0.8448249850700691,0.13255619355670173,6-mer
AGAGGG,-0.5195484397220699,0.7858751946471525,6-mer
AGTAAA,-0.10962449117449802,-0.5081469036703253,6-mer
AGTAAT,0.08926733809708721,-1.1538053360790355,6-mer
AGTAAC,-0.5676845092893208,-0.10433665981473557,6-mer
AGTAAG,-0.9781956296816517,-0.11451188112370551,6-mer
AGTATA,-0.18662129031462582,0.16812275880832675,6-mer
AGTATT,1.3450117080004034,-0.030057233856179713,6-mer
AGTATC,0.15092039542733873,-0.50349840009226,6-mer
AGTATG,0.4809176186485191,0.33097323449036925,6-mer
AGTACA,1.5209615007923059,-0.6680182404487147,Inverted repeat
AGTACT,2.301069489989698,-2.3219280948873626,Palindromes
AGTACC,0.4259967112687104,-1.284729476933113,Inverted repeat
AGTACG,1.5763255716183366,-0.6199689505490693,Inverted repeat
AGTAGA,0.43136770021942095,-0.6476982560691187,6-mer
AGTAGT,1.0499684592740848,-1.2829339632714987,6-mer
AGTAGC,-0.02695532975670346,-1.9510903995190536,6-mer
AGTAGG,-0.20489714019249303,-0.632268215499513,6-mer
AGTTAA,-0.6780719051126377,0.1263772857695555,6-mer
AGTTAT,0.29218075149331035,-0.04485423578426039,6-mer
AGTTAC,-0.3275019397119543,-0.22650852980867964,6-mer
AGTTAG,-1.4891024853136399,-0.42530583473267103,6-mer
AGTTTA,-0.08524728661851093,-0.4908403233566058,6-mer
AGTTTT,0.04955582447423222,0.17823463501822925,6-mer
AGTTTC,0.3858298451726072,-0.1158084526506157,6-mer
AGTTTG,0.5867229585855935,-0.2546221660175936,6-mer
AGTTCA,1.166693168229692,-0.5109619192773794,6-mer
AGTTCT,0.8646183098684315,-0.4854268271702417,Inverted repeat
AGTTCC,1.300628299510181,-0.6396952333995822,6-mer
AGTTCG,0.9740407729373194,-0.7525308973130826,6-mer
AGTTGA,0.23956075215399458,0.05684586040471005,6-mer
AGTTGT,0.3340589354724947,0.15686884861686592,6-mer
AGTTGC,0.6065943833300048,-1.0547924728403795,6-mer
AGTTGG,0.37823892784777857,-0.9068905956085187,6-mer
AGTCAA,-2.259867126755111,0.039892727123512724,6-mer
AGTCAT,-0.7515476012226129,-0.08321336824898151,6-mer
AGTCAC,-1.5904704786611008,-0.07235084422468382,6-mer
AGTCAG,-1.9070030820645334,0.16093621821505777,6-mer
AGTCTA,-0.983677694698067,0.2310746644362488,6-mer
AGTCTT,-1.0325913214151963,-0.11678223337584903,6-mer
AGTCTC,-0.7290748085467409,-0.3702676291588212,6-mer
AGTCTG,-1.1521107532369652,0.05094156566317519,6-mer
AGTCCA,0.31791807450405624,-0.20890919197282587,6-mer
AGTCCT,0.47870772027275227,-0.42530583473267103,Inverted repeat
AGTCCC,-0.28109912159578543,-0.7209038207008077,6-mer
AGTCCG,0.028670843536834554,-0.4908403233566058,6-mer
AGTCGA,0.17094683886629838,-0.4001795405517306,6-mer
AGTCGT,-0.03331244269885676,-0.19342893834792718,6-mer
AGTCGC,-0.32804723776466793,-0.09787006431350484,6-mer
AGTCGG,0.06580382316140125,-0.4376862382240441,6-mer
AGTGAA,-1.3155725998475392,-0.14114210081328304,6-mer
AGTGAT,-0.9777471931528723,-0.06817150264157922,6-mer
AGTGAC,-1.122578959194921,-0.11749356301844037,6-mer
AGTGAG,-1.3471256749936884,-0.6655809609294406,6-mer
AGTGTA,-0.9203638838867906,0.6438561897747247,6-mer
AGTGTT,-0.43295940727610627,0.43772509398673853,6-mer
AGTGTC,-1.2423354131659579,-0.02566488339334724,6-mer
AGTGTG,-1.0307160202133152,0.4815329110657504,6-mer
AGTGCA,0.21471849345102664,-0.6009040445901778,6-mer
AGTGCT,0.4331605939186526,-0.7004397181410921,Inverted repeat
AGTGCC,-1.4415626600792284,-2.4391116342577015,6-mer
AGTGCG,-0.2662283301865292,-0.43733253896919666,6-mer
AGTGGA,0.06653375125570048,-0.5315232417596958,6-mer
AGTGGT,-0.07963056940881003,0.29899128361020355,6-mer
AGTGGC,-0.7749950756120432,-0.647698256069119,6-mer
AGTGGG,0.035583040761698756,-0.6076825772212396,6-mer
AGCAAA,-0.07968888862915981,-0.39323312896049534,6-mer
AGCAAT,0.36109869216803986,-0.765534746362977,6-mer
AGCAAC,0.13534700644024458,-0.6364928013612382,6-mer
AGCAAG,-0.17722035909535966,-0.13573008155871555,6-mer
AGCATA,-0.7923680377012474,-0.059781228325416956,6-mer
AGCATT,-0.27811873337284865,-0.20291341339622299,6-mer
AGCATC,0.19596834072109168,-0.3187769577607902,6-mer
AGCATG,0.5557108136013954,-0.4456258191122668,6-mer
AGCACA,0.40262764638007564,-0.39689015256858423,6-mer
AGCACT,0.3321860002528013,-1.232660756790275,Inverted repeat
AGCACC,1.2687277248566042,-0.8875252707415874,6-mer
AGCACG,1.13642938894593,-0.3581916388741339,6-mer
AGCAGA,0.30007528324110166,-0.206272755973171,6-mer
AGCAGT,0.49068846871293237,-0.765534746362977,6-mer
AGCAGC,0.7183225466544936,-0.6821646597465206,6-mer
AGCAGG,0.9336443048598381,0.36021657961173603,6-mer
AGCTAA,-0.7117925229566389,0.03202167305052574,6-mer
AGCTAT,-0.4033376491522408,0.043943347587596805,6-mer
AGCTAC,-0.14050393046235835,-1.197446064206217,6-mer
AGCTAG,-1.0923450626300857,-0.0853914912306446,6-mer
AGCTTA,0.29278174922784583,0.22741049610307232,6-mer
AGCTTT,0.3783940170386281,-0.1406604069371177,6-mer
AGCTTC,0.12563216293200957,-0.3902144863149677,6-mer
AGCTTG,0.6282101964161163,0.37514477215533104,6-mer
AGCTCA,0.010982771772033825,0.16875445773437459,6-mer
AGCTCT,0.5180706170659853,-0.7066410573094084,Inverted repeat
AGCTCC,0.29238051264909526,-0.894108831409262,6-mer
AGCTCG,0.3480640000127107,-1.2331638762516561,6-mer
AGCTGA,0.30015832022203565,-0.034047480827677286,6-mer
AGCTGT,0.4082313771246457,-0.31410859042806305,6-mer
AGCTGC,0.31935781977158717,-1.060335663227475,6-mer
AGCTGG,0.6782511330203022,-1.0152667566533107,6-mer
AGCCAA,-1.0247244605507484,-0.1178747170010023,6-mer
AGCCAT,-1.0588720349317229,0.10870625944249984,6-mer
AGCCAC,-0.8661793323750125,-1.1805722456418208,6-mer
AGCCAG,-0.6857114363874022,-0.2645749239095762,6-mer
AGCCTA,-0.9372228764592035,0.3348671505948604,6-mer
AGCCTT,-0.7472429977271823,0.2581931427642947,6-mer
AGCCTC,-0.7914390258724417,0.3062342877822171,6-mer
AGCCTG,-0.41073797575134013,0.723850094375948,6-mer
AGCCCA,-0.27822080964846985,-0.19447011935072242,6-mer
AGCCCT,0.05161198254865224,0.5446986305074288,Inverted repeat
AGCCCC,0.17967702786955825,0.1359014191534334,6-mer
AGCCCG,0.0659119414310567,-0.12990237317961834,6-mer
AGCCGA,-0.3584932273862922,-0.013768155327690126,6-mer
AGCCGT,-0.0908266585973613,-0.22286075279353554,6-mer
AGCCGC,-0.1567074615338295,-0.028319895969321274,6-mer
AGCCGG,-0.21836535650006547,-0.23753590759698984,6-mer
AGCGAA,-1.3322734884652256,-0.2326607567902752,6-mer
AGCGAT,-1.091965292397263,0.4595642253785908,6-mer
AGCGAC,-0.4807944489871232,-0.019964352526121155,6-mer
AGCGAG,-0.2971466793971168,-0.8581069341997911,6-mer
AGCGTA,-0.5287796653280322,-0.057844074572284174,6-mer
AGCGTT,-0.6980457574259099,0.5721952046472784,6-mer
AGCGTC,-0.08978445468079321,0.2937949559032656,6-mer
AGCGTG,0.02568664366364945,0.4390760652918118,6-mer
AGCGCA,0.2304420831021855,-0.3304732040203711,Inverted repeat
AGCGCT,0.2038059622674678,0.3016936111473084,Palindromes
AGCGCC,0.37672216625907295,0.6711885064767441,Inverted repeat
AGCGCG,0.030211428082333618,0.25492935619673845,Inverted repeat
AGCGGA,-0.17773774482348856,0.02674485523252846,6-mer
AGCGGT,-0.5259818787615994,0.05832670337486612,6-mer
AGCGGC,-0.11746692526458125,0.03920439104068949,6-mer
AGCGGG,0.031581529461333406,-0.035448836004289726,6-mer
AGGAAA,0.5885737542735351,-0.14212508149031225,6-mer
AGGAAT,-0.20832486093963157,-0.5382142415296769,6-mer
AGGAAC,0.33921606446390024,-0.15919859484925394,6-mer
AGGAAG,0.42358318034827475,-0.2899749486520724,6-mer
AGGATA,-0.9208129718408882,-0.050626073069967865,6-mer
AGGATT,0.06151564259718031,0.8180372048135238,6-mer
AGGATC,0.37070313245372494,-0.006617878764507778,6-mer
AGGATG,0.11533860034212244,0.774440299584869,6-mer
AGGACA,0.44500957902990257,-0.217230716220669,6-mer
AGGACT,0.4005764019644532,0.11768302026117375,Inverted repeat
AGGACC,-0.23376282562572961,-0.32902526982767477,6-mer
AGGACG,0.5135972431921817,0.5105896589112604,6-mer
AGGAGA,0.41521206459346044,0.22506655563477318,6-mer
AGGAGT,0.033297165149240755,-0.5346308251710117,6-mer
AGGAGC,-0.045087889528538004,-0.22997611725449818,6-mer
AGGAGG,-0.14008371485316493,-0.4170853279277025,6-mer
AGGTAA,-0.8304669819973736,-0.10805974585745304,6-mer
AGGTAT,-1.5628583140142922,0.007613184109875241,6-mer
AGGTAC,-0.8206294995679322,-0.5849625007211562,6-mer
AGGTAG,-0.8011749541414837,-0.15680407970887106,6-mer
AGGTTA,-0.08615664374971459,0.64815632720835,6-mer
AGGTTT,-0.27247925161824277,0.43171624042547413,6-mer
AGGTTC,-0.26113558723004077,0.1695330180026265,6-mer
AGGTTG,-0.18407478448499537,0.43341602859369843,6-mer
AGGTCA,0.24879240151695325,0.5988193013965548,6-mer
AGGTCT,0.2855007180380265,0.3858398587075553,Inverted repeat
AGGTCC,0.23998495322875302,0.15531202847562556,6-mer
AGGTCG,0.33050103317287594,0.42561642874007044,6-mer
AGGTGA,0.39730787254280586,-0.13750352374993496,6-mer
AGGTGT,0.359494548005518,1.0780025120012733,6-mer
AGGTGC,0.41817983704314843,-0.5349940414470713,6-mer
AGGTGG,-0.08903648842207847,0.6527142579250719,6-mer
AGGCAA,-1.604431142860373,-0.3146965256562864,6-mer
AGGCAT,-1.7575566889394525,-0.7403561833669804,6-mer
AGGCAC,-1.8894574518887315,-1.4130323633884672,6-mer
AGGCAG,-2.0454466303384917,-0.9551457642157395,6-mer
AGGCTA,-0.8235597939140851,0.3734583955274443,6-mer
AGGCTT,-0.8084477024558369,0.6095619238088191,6-mer
AGGCTC,-0.5094657786388271,0.6017648562856919,6-mer
AGGCTG,-0.5660242523924008,0.3968702808729223,6-mer
AGGCCA,0.0038911056239227487,0.08078265471604579,Inverted repeat
AGGCCT,0.07954035002559205,0.34692247435423196,Palindromes
AGGCCC,0.3675379490297507,0.09441925087120254,Inverted repeat
AGGCCG,0.20823473555051403,0.1886837567715183,Inverted repeat
AGGCGA,-0.29274236916840446,0.407126882936003,6-mer
AGGCGT,0.04385321013226254,0.23376406526798826,6-mer
AGGCGC,-0.05042459070655468,0.537725025899338,6-mer
AGGCGG,0.020401450690208395,0.2607371202514203,6-mer
AGGGAA,-1.039095057368276,-0.16038122877144156,6-mer
AGGGAT,-1.0186405605854174,-0.07328921839719271,6-mer
AGGGAC,-0.5096789533939058,-0.1011377781474158,6-mer
AGGGAG,-0.7921542707939372,0.4500329206350477,6-mer
AGGGTA,-1.3621425508467186,-0.29051514225590097,6-mer
AGGGTT,-0.39295933381977916,0.5279936885920797,6-mer
AGGGTC,0.30881371984458905,0.04570361018185528,6-mer
AGGGTG,0.7185527382624665,1.1866876226459966,6-mer
AGGGCA,-0.02296281726252046,-0.47722501405745416,6-mer
AGGGCT,0.10480291211766683,0.39031506986761255,Inverted repeat
AGGGCC,0.006447112684956995,-0.25079773331489624,6-mer
AGGGCG,0.5813510369369435,0.36334802226734325,6-mer
AGGGGA,-0.2947919649498482,0.140433704732913,6-mer
AGGGGT,-0.4543378936397243,0.4253794435003027,6-mer
AGGGGC,-0.26352704542911803,0.5918998307267864,6-mer
AGGGGG,-0.20784123556859552,0.5300730141875671,6-mer
TAAAAA,-0.45943161863729726,0.0059006014396841165,6-mer
TAAAAT,0.7879495228850111,0.49052769886310743,6-mer
TAAAAC,0.12462665451374481,-0.4854268271702419,6-mer
TAAAAG,-0.45308610712802333,-0.7318038890504271,6-mer
TAAATA,-0.16635838642211992,-0.014355292977069922,Inverted repeat
TAAATT,-0.5360529002402096,-0.42530583473267103,6-mer
TAAATC,-0.2212142301391666,0.23093356266676976,6-mer
TAAATG,-0.7019186470670054,-0.5655971758542251,6-mer
TAAACA,0.40376638694382355,0.7131188522118385,6-mer
TAAACT,0.4474589769712211,-0.1625075298798294,6-mer
TAAACC,0.5036228732692174,1.19068356160911,6-mer
TAAACG,0.14638948698152315,-0.25755927576764287,6-mer
TAAAGA,0.6467677851946279,-0.12976787497032966,6-mer
TAAAGT,0.5651992458997261,-0.5525410230287786,6-mer
TAAAGC,1.1489038547861634,0.5393198351654438,6-mer
TAAAGG,0.5030407769621331,-0.08746284125033935,6-mer
TAATAA,0.715270523066887,-0.5495571645899574,6-mer
TAATAT,0.0,0.21759143507262685,6-mer
TAATAC,-0.2630344058337938,-0.3122779248536431,6-mer
TAATAG,2.197121639151082,-1.2105669859396582,6-mer
TAATTA,-1.2927817492278462,-0.647698256069119,Palindromes
TAATTT,0.33257533908687087,-0.5443205162238102,Inverted repeat
TAATTC,-0.5849625007211562,-0.6571122864769915,Inverted repeat
TAATTG,0.6780719051126377,-0.4280936521042903,Inverted repeat
TAATCA,0.543142325026529,-0.30256277002043114,6-mer
TAATCT,0.09439237027495463,-0.27262045466299184,6-mer
TAATCC,0.6231967192086316,-0.14457557242543653,6-mer
TAATCG,0.0018273530510064,-0.8780826327442414,6-mer
TAATGA,0.3426866550541595,-0.8586441507544584,6-mer
TAATGT,0.49749965947081687,-0.3053452106917583,6-mer
TAATGC,0.42209225681279416,-1.1604646721932461,6-mer
TAATGG,0.3107008394641082,-0.3122779248536431,6-mer
TAACAA,-0.7024560637395967,0.7673392432097249,6-mer
TAACAT,-0.5588327688965025,0.3655173634350449,6-mer
TAACAC,-1.2974231313787141,0.44957591798332247,6-mer
TAACAG,-1.2117156285488138,0.32775717368955987,6-mer
TAACTA,0.4086397280806929,-0.010268335453826985,Inverted repeat
TAACTT,-0.08859392326898834,-0.17131823674217855,6-mer
TAACTC,-0.3079309438081168,-0.24140438986225127,6-mer
TAACTG,-1.0523554050611366,-0.22032995487955542,6-mer
TAACCA,-0.15947821400719644,1.2916818080192418,6-mer
TAACCT,-0.01936532486693097,0.7633410095905035,6-mer
TAACCC,0.4141217930971087,0.46948528330122014,6-mer
TAACCG,-0.20452600054293424,0.07830499549978935,6-mer
TAACGA,-0.08900500605874465,0.02914634565951641,6-mer
TAACGT,-0.03925943044722719,0.015540850895777971,6-mer
TAACGC,0.0029273497515229655,0.6708764037084338,6-mer
TAACGG,0.13669584065720142,0.2902824682708971,6-mer
TAAGAA,-0.652686586692724,0.0038015701598562786,6-mer
TAAGAT,-0.904652123412519,-0.5594274086140185,6-mer
TAAGAC,-0.9612964706695158,0.3035495655725076,6-mer
TAAGAG,-1.232660756790275,0.02296114844331115,6-mer
TAAGTA,0.14201900487242786,0.5493385909904347,Inverted repeat
TAAGTT,-0.5572175102382518,-0.13750352374993496,6-mer
TAAGTC,-1.0108883161427362,0.40389694167364343,6-mer
TAAGTG,-1.0531113364595626,0.6214883767462702,6-mer
TAAGCA,-0.26923955536050204,-0.3013044227615112,6-mer
TAAGCT,-0.2168113890731482,0.007054757533950325,6-mer
TAAGCC,-0.23893415603329982,0.5381857300517087,6-mer
TAAGCG,-0.49410907027004275,0.01653010492248608,6-mer
TAAGGA,-0.07128125684771393,0.20645087746742616,6-mer
TAAGGT,-0.7303281422440616,0.4405725913859815,6-mer
TAAGGC,-0.5316306170977096,0.1387062708315919,6-mer
TAAGGG,-0.4316229597132923,0.056786026091577305,6-mer
TATAAA,0.37596793460025135,0.6438561897747247,6-mer
TATAAT,1.2515387669959643,0.3446481713874457,6-mer
TATAAC,1.1869985148012538,0.9526942852216432,6-mer
TATAAG,-0.40987579416306497,0.3030690676360465,6-mer
TATATA,-0.30854906508616253,1.5644983981614407,Palindromes
TATATT,-0.06676901221270092,0.3433017456799292,Inverted repeat
TATATC,0.7207005398034221,1.1355149706564813,Inverted repeat
TATATG,0.339325145121897,0.19539568895843074,Inverted repeat
TATACA,-0.5849625007211562,-0.22650852980867964,6-mer
TATACT,-0.5501970825604795,0.16664986940945123,6-mer
TATACC,0.11293352876645765,0.08926733809708721,6-mer
TATACG,0.04830304380146759,0.3616742736801189,6-mer
TATAGA,1.7167877122285757,0.7813597135246597,6-mer
TATAGT,1.2245155932294176,0.925999418556223,6-mer
TATAGC,0.3594451733155265,1.1143326754789953,6-mer
TATAGG,1.24280937776976,1.2118745494224488,6-mer
TATTAA,0.1292830169449664,-0.3315141437165602,6-mer
TATTAT,0.6624186408011521,-0.22239242133644793,6-mer
TATTAC,2.0281968918306523,0.36040224270199794,6-mer
TATTAG,-0.3661278987978974,-0.35049724708413316,6-mer
TATTTA,-0.523561956057013,0.4879380463262916,Inverted repeat
TATTTT,0.4626720709177284,-0.15014034942786023,6-mer
TATTTC,2.1130089618291863,-0.2380674903172187,6-mer
TATTTG,0.04890960048094649,0.6296315500548846,6-mer
TATTCA,-0.4737450221226062,-0.29137903152775546,6-mer
TATTCT,-0.14937762403822663,-0.5993177936982262,6-mer
TATTCC,1.100571720303439,-0.6599245584023781,6-mer
TATTCG,0.7830479846477509,-0.5766948847375556,6-mer
TATTGA,0.7344888638739937,0.5031684095575091,6-mer
TATTGT,0.6540725858178613,0.29335894269059154,6-mer
TATTGC,1.0944646840034926,-0.42000375217219316,6-mer
TATTGG,1.1984314291313067,-0.09621531525930306,6-mer
TATCAA,-1.1460582843404405,0.26881675842780006,6-mer
TATCAT,-2.027634807408946,-0.4078059300477679,6-mer
TATCAC,-0.5453506448222996,0.007613184109875241,6-mer
TATCAG,-0.4273916296867179,-0.23266075679027493,6-mer
TATCTA,-0.9948382948842213,0.8316024683042814,Inverted repeat
TATCTT,-1.0762420541368358,-0.14684138832927107,6-mer
TATCTC,0.19153145763168733,-0.17632277264046287,6-mer
TATCTG,0.7765870144396233,1.403064857612768,6-mer
TATCCA,-0.6762674082658897,0.8570420461579571,6-mer
TATCCT,-0.6191782160590692,0.42330511526244424,6-mer
TATCCC,-0.06086285486308035,0.27753397552890896,6-mer
TATCCG,0.18480006110811226,0.7424407242323572,6-mer
TATCGA,-0.4062467359510069,0.30838156304941466,6-mer
TATCGT,-0.7159585933167062,0.49507699720396103,6-mer
TATCGC,-0.19088080487277606,0.40234677734266006,6-mer
TATCGG,-0.590128826889883,0.05062607306996801,6-mer
TATGAA,-0.4744417864764393,0.3550949588225617,6-mer
TATGAT,-1.0487593119198553,0.38574319248480576,6-mer
TATGAC,0.4802727152062392,0.5340255354959307,6-mer
TATGAG,0.3876987906883333,-0.03715299841746605,6-mer
TATGTA,-0.4635673932065024,0.5794243171797264,Inverted repeat
TATGTT,-1.0840642647884744,0.41503749927884365,6-mer
TATGTC,1.139995280822698,0.012600036779633539,6-mer
TATGTG,1.255543965239993,-0.0703893278913978,6-mer
TATGCA,-0.7948696672846258,-0.6380738371807186,6-mer
TATGCT,-1.0816384690243575,-0.32768736417604727,6-mer
TATGCC,-0.2147555311091521,0.02755572252056151,6-mer
TATGCG,0.18485606360090667,0.36773178450048705,6-mer
TATGGA,-0.6640812178387587,0.08813091027866508,6-mer
TATGGT,-1.1337152632602272,0.6742298388182435,6-mer
TATGGC,0.050244157272894364,0.20886543040072655,6-mer
TATGGG,-0.571390481147628,0.2532153448033482,6-mer
TACAAA,-0.5759173611181494,0.21759143507262685,6-mer
TACAAT,0.9967616259334553,0.19068356160910996,6-mer
TACAAC,0.9479532522304047,0.057587491552943425,6-mer
TACAAG,0.9952665224533898,0.6706923747470401,6-mer
TACATA,-1.1744977312321365,0.2267708618470222,Inverted repeat
TACATT,-0.0345572220363683,-0.36133647944559755,6-mer
TACATC,0.7768085229572274,-0.12495827043082121,6-mer
TACATG,0.9561035700871952,0.0,6-mer
TACACA,-1.594181030750535,-0.2255597004151309,6-mer
TACACT,-0.9399926906357229,-0.5160151470036647,6-mer
TACACC,1.1816441413856822,-0.523561956057013,6-mer
TACACG,0.1235993784413837,-0.18057224564182084,6-mer
TACAGA,-0.9988898075320642,0.4043902550793355,6-mer
TACAGT,-0.5446789052558082,0.5334322000810742,6-mer
TACAGC,0.7451395256119062,0.09953567355091435,6-mer
TACAGG,-0.43763892821597616,-0.14274017211608206,6-mer
TACTAA,-1.040641984497346,-0.22239242133644793,6-mer
TACTAT,0.7530852595294832,-0.7369655941662062,6-mer
TACTAC,1.463656204499023,-0.6892991605358918,6-mer
TACTAG,-0.42939279225591387,-0.49825086752782527,6-mer
TACTTA,0.3421059768249927,0.9116441255791532,Inverted repeat
TACTTT,-0.39522901819866346,-0.7441610955704102,6-mer
TACTTC,1.2576389665323824,-0.8524428115861422,6-mer
TACTTG,1.0873837482955822,-0.34900762894364645,6-mer
TACTCA,0.12211352152612423,-0.5501970825604795,6-mer
TACTCT,-0.3785116232537298,-0.16992500144231243,6-mer
TACTCC,0.9314686183291845,-0.840343334011515,6-mer
TACTCG,1.2899296328968541,-1.1440463696167071,6-mer
TACTGA,-0.33486715059486055,0.07400058144377666,6-mer
TACTGT,-0.8635517207497916,-0.3061031277256797,6-mer
TACTGC,0.34511559243183554,-1.0191088229477046,6-mer
TACTGG,0.6263215304822136,-0.31917748387132755,6-mer
TACCAA,-1.5036623986193078,-0.02202630632999888,6-mer
TACCAT,-2.111031312388744,-0.16046467219324598,6-mer
TACCAC,-0.8605640159922436,-0.632268215499513,6-mer
TACCAG,0.1778988593142883,-1.590295945024197,6-mer
TACCTA,-2.1911414873520085,-1.411426245726465,Inverted repeat
TACCTT,-1.7779184708188094,-0.5563933485243853,6-mer
TACCTC,-0.8995756938118807,-0.9959869374933767,6-mer
TACCTG,-0.4520969265816251,-1.2016338611696507,6-mer
TACCCA,-1.3057330319416445,-0.2397270323417247,6-mer
TACCCT,-1.319302625480539,-1.009586048829198,6-mer
TACCCC,-0.6594353157454919,-0.24829786257689626,6-mer
TACCCG,-0.9451622456979444,-0.45680614923047375,6-mer
TACCGA,-1.1690190704606516,-0.7623881910461129,6-mer
TACCGT,-0.891718283984268,-0.4284997590854064,6-mer
TACCGC,-0.47346945203757984,-0.233718839009238,6-mer
TACCGG,-0.5758435905026911,-0.4264284090657116,6-mer
TACGAA,-0.36832934867339334,-0.49866265432693585,6-mer
TACGAT,-0.6054266032808716,0.27356507332596325,6-mer
TACGAC,0.38742789280168444,0.07183274476106676,6-mer
TACGAG,0.8349587223934124,-0.8024000401148393,6-mer
TACGTA,-1.7253776198909943,-0.3985493764902749,Palindromes
TACGTT,-0.9975935022929049,-1.2160369262966244,Inverted repeat
TACGTC,-0.3865859869456497,-0.6057210608879536,Inverted repeat
TACGTG,-0.6402698724002531,-0.7279204545631992,Inverted repeat
TACGCA,-0.6234937386226946,-0.2272336844059469,6-mer
TACGCT,-0.463540400455842,-0.02095961863564613,6-mer
TACGCC,0.9042433051366289,0.5098966856202849,6-mer
TACGCG,-0.5478719749112672,-0.3031360643021215,6-mer
TACGGA,-0.5507308659018567,0.050040682499595625,6-mer
TACGGT,-0.10965737648560595,0.08091999538356735,6-mer
TACGGC,0.5519740887672456,-0.2608859392552168,6-mer
TACGGG,0.05487768678598447,-0.5090136474878575,6-mer
TAGAAA,-0.932885804141463,-0.12711191790333934,6-mer
TAGAAT,-0.5122934330229238,-0.11636475669178457,6-mer
TAGAAC,0.40335569423120843,0.056244110639618955,6-mer
TAGAAG,0.5284192986965865,0.257797757467647,6-mer
TAGATA,-1.1956475661039194,0.4854268271702417,Inverted repeat
TAGATT,-0.9621979672876155,-0.6298167365054164,6-mer
TAGATC,0.049207524083634276,-0.28434491207920604,6-mer
TAGATG,0.14631198136719417,1.8327813815800071,6-mer
TAGACA,-0.7174768723834158,0.5368259796768862,6-mer
TAGACT,-1.2360673582335244,0.08671163319333064,6-mer
TAGACC,0.4509700398891011,0.34256786094639846,6-mer
TAGACG,0.5829119853667757,0.08787275602533443,6-mer
TAGAGA,0.7401967154292192,0.40335569423120843,6-mer
TAGAGT,-0.3526716183184701,0.24053976804670732,6-mer
TAGAGC,1.5466644566921095,1.6402298073687755,6-mer
TAGAGG,1.192431519354057,0.44091613110444916,6-mer
TAGTAA,0.311358853177175,-1.3561438102252754,6-mer
TAGTAT,-1.111031312388744,-0.5145731728297582,6-mer
TAGTAC,0.9951990137361788,-1.9634741239748859,6-mer
TAGTAG,1.2497320102903333,-0.4506614090095651,6-mer
TAGTTA,0.4427824897617479,-0.04372137742931786,Inverted repeat
TAGTTT,-0.3785116232537298,0.20091269392599634,6-mer
TAGTTC,0.7018275922653346,-0.34709867062226835,6-mer
TAGTTG,1.0339769441944189,-0.8307189151231145,6-mer
TAGTCA,-0.6611415091627604,0.5725787762653238,6-mer
TAGTCT,-0.504923002796039,-0.0703893278913978,6-mer
TAGTCC,0.9956837812506056,-0.08142759934384598,6-mer
TAGTCG,1.1872785681925806,-0.4854268271702417,6-mer
TAGTGA,-0.40693069794689213,-0.39917109381982285,6-mer
TAGTGT,-0.5739284504461794,0.35845397091247644,6-mer
TAGTGC,0.660003612351322,-0.8875252707415877,6-mer
TAGTGG,0.6491849436754827,-0.09702445439486461,6-mer
TAGCAA,-1.2117156285488138,0.05722486869294989,6-mer
TAGCAT,-2.6173839784135335,-0.31917748387132755,6-mer
TAGCAC,-1.2849089054565563,0.020758560166797103,6-mer
TAGCAG,-1.491558938913855,0.35090716185912807,6-mer
TAGCTA,-0.24059701671403833,0.1963972128035036,Palindromes
TAGCTT,-1.7484612330040357,0.5469138928719767,Inverted repeat
TAGCTC,-0.7346299331291907,-0.6966078565500652,Inverted repeat
TAGCTG,0.20531890797750635,-0.4574124510006453,Inverted repeat
TAGCCA,-1.124261622241263,-0.22239242133644793,6-mer
TAGCCT,-0.9385994553358568,0.4032740499630058,6-mer
TAGCCC,0.30950559508203523,-0.002402490215304543,6-mer
TAGCCG,0.3362793078502896,-0.24100809950379493,6-mer
TAGCGA,-0.948469699359918,-0.20645087746742632,6-mer
TAGCGT,-1.2491717524520483,0.3868176256313856,6-mer
TAGCGC,-0.09440310799712816,0.49892556779928177,6-mer
TAGCGG,-0.07496205768122183,0.5003066037567099,6-mer
TAGGAA,-1.6936291860241994,-0.37503943134692463,6-mer
TAGGAT,-1.7897822926096543,-0.2500953501262955,6-mer
TAGGAC,-1.0378412480278287,-0.28010791919273537,6-mer
TAGGAG,-0.5186892813019901,-1.0866543822541823,6-mer
TAGGTA,-2.187451054027326,0.9787835140903042,Inverted repeat
TAGGTT,-1.939666734867342,0.6906719418922711,6-mer
TAGGTC,-0.11115792567074968,0.3219280948873623,6-mer
TAGGTG,0.5459767325790469,-0.06212171190779747,6-mer
TAGGCA,-2.071949841879015,-0.9219974879987269,6-mer
TAGGCT,-0.9572151335032038,0.3774232074790659,6-mer
TAGGCC,0.12745575900835124,0.03266618892032198,6-mer
TAGGCG,0.23757539335368583,0.5636748637231966,6-mer
TAGGGA,-0.31201621146682307,0.4392850455255213,6-mer
TAGGGT,-1.3088157320692122,0.9496949181519344,6-mer
TAGGGC,-0.5023197666456144,-0.03902515698206281,6-mer
TAGGGG,0.07216765648513387,0.16580889297008045,6-mer
TTAAAA,-0.3785116232537298,-0.7742872203719406,Inverted repeat
TTAAAT,-0.5431423250265291,-0.5420103555366091,6-mer
TTAAAC,0.1368166896303738,0.024844070977478667,6-mer
TTAAAG,0.18316402493151046,-0.41606762787733303,6-mer
TTAATA,-0.7935491225325738,-1.0443941193584534,6-mer
TTAATT,-0.23266075679027493,-0.3912601159957179,6-mer
TTAATC,0.20218885061326672,-0.07214978575583539,6-mer
TTAATG,0.7935491225325736,-0.6300503902496942,6-mer
TTAACA,-0.16635838642211992,0.6276669516753943,6-mer
TTAACT,0.2195663772576845,-0.3356030317844387,6-mer
TTAACC,0.33703498727757064,0.8438807980827182,6-mer
TTAACG,0.18876164345516777,0.5600878320821269,6-mer
TTAAGA,-0.5849625007211562,0.19854567938208012,6-mer
TTAAGT,-0.710493382805015,0.920565532505595,6-mer
TTAAGC,0.6129768768907528,0.1691055211357635,6-mer
TTAAGG,0.4766053226307378,0.48972230887909735,6-mer
TTATAA,0.4063202821777347,0.04064198449734573,Palindromes
TTATAT,-0.11270013274936225,0.11805576152171222,Inverted repeat
TTATAC,-0.5260688116675878,0.4791678366985595,Inverted repeat
TTATAG,1.8858289800806889,0.4474589769712211,Inverted repeat
TTATTA,-0.9068905956085187,-0.3526716183184702,6-mer
TTATTT,-0.04064198449734588,-0.41359408240917495,6-mer
TTATTC,-0.03881924889052805,-1.0448542357842603,6-mer
TTATTG,0.8114438101254827,0.11582075713840388,6-mer
TTATCA,-0.5703712760569248,-0.41142624572646497,6-mer
TTATCT,-0.10236171762967777,0.7584987557158474,6-mer
TTATCC,0.06698697968272244,0.8527419087243314,6-mer
TTATCG,0.15854593931182184,0.4245513022780186,6-mer
TTATGA,-0.23583267827515594,0.2988444817743212,6-mer
TTATGT,0.2876581928026161,0.661677466861969,6-mer
TTATGC,-0.15275235081888314,0.0037039687634188747,6-mer
TTATGG,-0.19969258026554168,0.47393118833241227,6-mer
TTACAA,0.24511249783653136,0.22319414130200285,Inverted repeat
TTACAT,0.08017034868398323,0.3719687773869579,6-mer
TTACAC,0.05377125644098074,-0.5501970825604795,6-mer
TTACAG,0.03214363560372117,0.658963082164933,6-mer
TTACTA,0.26607486015384485,-0.7004397181410921,6-mer
TTACTT,0.2617234606814467,-0.19639721280350345,6-mer
TTACTC,-0.0038939161044911413,-1.0744248411265547,6-mer
TTACTG,-0.10647662812931044,-0.3346953909612401,6-mer
TTACCA,-0.8824304036188237,-0.4525122046975067,6-mer
TTACCT,-0.3393101731155987,-0.5796092662269493,6-mer
TTACCC,0.3219280948873623,-0.07038932789139794,6-mer
TTACCG,0.4518150447404248,-0.14029134112155406,6-mer
TTACGA,0.4077694988148045,0.056034034914327874,6-mer
TTACGT,-0.3206997465450525,-0.6476982560691187,6-mer
TTACGC,0.604741301909117,0.20720091389757125,6-mer
TTACGG,0.8493781369533107,0.12029423371771174,6-mer
TTAGAA,-0.33669144755910285,0.007613184109875241,Inverted repeat
TTAGAT,-1.1591985948492538,1.3219280948873626,6-mer
TTAGAC,-0.6945869918956542,-0.004800986263821069,6-mer
TTAGAG,-0.03644199596806017,1.2353057401396115,6-mer
TTAGTA,-1.0931094043914815,-0.4506614090095651,6-mer
TTAGTT,-0.39917109381982285,-0.5579954531208869,6-mer
TTAGTC,-0.5025003405291831,-0.14159627838381775,6-mer
TTAGTG,-0.14345279008112127,-0.5962336130561764,6-mer
TTAGCA,-1.446256229889564,-0.3742369681534041,6-mer
TTAGCT,-0.7354050801785892,0.2271045486857687,6-mer
TTAGCC,-0.2866772477043101,-0.12040109605922132,6-mer
TTAGCG,-0.24898663134816104,0.02755572252056151,6-mer
TTAGGA,-0.7391834194160246,-0.45519462575082653,6-mer
TTAGGT,-1.941106310946431,0.3990959554098222,6-mer
TTAGGC,-0.7888717434578576,0.007890785619465107,6-mer
TTAGGG,-0.40439025507933535,0.0578206543883423,6-mer
TTTAAA,-0.12737930647622753,-0.8073549220576043,Palindromes
TTTAAT,0.2104197796703721,-1.0,Inverted repeat
TTTAAC,0.18807234815257184,-0.5561796000921269,Inverted repeat
TTTAAG,-0.7224660244710911,0.23739458467569446,Inverted repeat
TTTATA,-0.3673710656485295,0.3550949588225617,6-mer
TTTATT,0.14607825948794448,-0.7695702595981339,6-mer
TTTATC,0.04580368961312465,0.9547191206991337,6-mer
TTTATG,0.0021875592377640293,0.4661116838731133,6-mer
TTTACA,0.17270208611288612,0.4427824897617479,6-mer
TTTACT,-0.21320324988178738,-0.7279204545631992,6-mer
TTTACC,-0.03421571533791289,-0.3927605789920096,6-mer
TTTACG,0.5820799921880349,-0.26016907213940443,6-mer
TTTAGA,-0.2680350868921602,1.613583178660924,6-mer
TTTAGT,-0.7739963251111733,0.034061836073632785,6-mer
TTTAGC,-0.24123003551544536,0.22276239057578487,6-mer
TTTAGG,-1.082605277601037,0.08867715807622062,6-mer
TTTTAA,0.10561018796059873,-0.5221673739852599,Inverted repeat
TTTTAT,-0.023846741954367656,0.3388019134517585,6-mer
TTTTAC,0.3131578852596302,-0.32378843691289,6-mer
TTTTAG,-0.9080216776271676,-0.2630344058337938,6-mer
TTTTTA,-0.765534746362977,-0.38660909095232643,6-mer
TTTTTT,-0.7673784463466654,-0.5474877953024933,6-mer
TTTTTC,0.22644778603313404,0.16823155523693617,6-mer
TTTTTG,-0.004236992886470685,0.09953567355091435,6-mer
TTTTCA,-0.09310940439148137,0.35198532874354227,6-mer
TTTTCT,-0.47119739086610235,0.27515132421791477,6-mer
TTTTCC,0.8287991737966673,0.1655987254351628,6-mer
TTTTCG,0.38494828051969315,-0.060047383669938975,6-mer
TTTTGA,-0.36279583559217754,0.2533477892278383,6-mer
TTTTGT,-0.8988012772264413,0.4587199380962409,6-mer
TTTTGC,-0.2590213433271706,-0.09146904601022592,6-mer
TTTTGG,-0.6532229435688932,0.29388505770555906,6-mer
TTTCAA,-0.0645671678958873,0.5651335269592348,Inverted repeat
TTTCAT,-0.29584544764164883,0.14373547746144952,6-mer
TTTCAC,-0.14291296031209527,0.10789474115515273,6-mer
TTTCAG,-0.30913948663763546,0.7483703574384557,6-mer
TTTCTA,-0.6097549621724434,0.14473509298101087,6-mer
TTTCTT,-0.46845374856652816,0.28996036622872645,6-mer
TTTCTC,-0.2019228915304066,-0.1651422050722148,6-mer
TTTCTG,-0.31807576939175586,0.13588342808177292,6-mer
TTTCCA,0.6406105302710705,0.1106191726799307,6-mer
TTTCCT,0.6545359362562033,0.24841942515178567,6-mer
TTTCCC,0.2128063725072497,-0.29231432818345615,6-mer
TTTCCG,0.3958146698479403,-0.0651570622786481,6-mer
TTTCGA,0.2775908271452104,-0.18269229751619015,6-mer
TTTCGT,-0.22106641477169423,0.3450363578665505,6-mer
TTTCGC,-0.177061182723941,0.05817824394052366,6-mer
TTTCGG,0.22825969348472092,0.028328723058494393,6-mer
TTTGAA,0.0009076408231984306,0.3970568101362236,Inverted repeat
TTTGAT,-0.41482020956672444,0.4017406766653861,6-mer
TTTGAC,-0.05047531336024405,0.4617857584703229,6-mer
TTTGAG,0.19106056922640377,0.297144993957474,6-mer
TTTGTA,-0.5923420310867539,0.14607825948794448,6-mer
TTTGTT,-0.6058498671949799,0.6847977683009508,6-mer
TTTGTC,0.11625306849584809,0.21943102096534065,6-mer
TTTGTG,-0.12532880980383274,0.23446525363702295,6-mer
TTTGCA,0.011536494497123243,-0.23104429158935705,6-mer
TTTGCT,-0.21897922575585838,-0.06054154193505072,6-mer
TTTGCC,-0.5230347515779542,-0.595742339474399,6-mer
TTTGCG,0.32957953104323906,-0.02431040740617772,6-mer
TTTGGA,-0.45651413525500295,-0.0017583122723585796,6-mer
TTTGGT,-0.45146547481880794,-0.1634987322828793,6-mer
TTTGGC,0.019380996880454453,-0.00950708574437546,6-mer
TTTGGG,-0.15481810905210394,0.31500868094757173,6-mer
TTCAAA,-0.2622379967377266,0.452370283981157,Inverted repeat
TTCAAT,0.2177757932660779,0.011140557605200382,6-mer
TTCAAC,0.5494703860885843,0.23330319554689793,6-mer
TTCAAG,0.2975019152413457,0.18807234815257184,6-mer
TTCATA,-0.6884748642814776,-0.27563444261342734,6-mer
TTCATT,-0.12953281264135522,-1.065095028221885,6-mer
TTCATC,0.451952020884074,0.30422609315390353,6-mer
TTCATG,0.349386854183294,0.1963972128035033,6-mer
TTCACA,-1.1694916946239509,0.1593078940682833,6-mer
TTCACT,-1.1891656435724276,-1.0062589904716823,6-mer
TTCACC,0.8776014159267193,0.2558389044295897,6-mer
TTCACG,0.20178013969391068,0.09776004866106276,6-mer
TTCAGA,-0.6549559732003054,0.3454566303836031,6-mer
TTCAGT,-0.846660458992136,-0.12465092167787166,6-mer
TTCAGC,0.5335960309966363,0.4045560154105211,6-mer
TTCAGG,0.1695330180026265,0.5297329800007639,6-mer
TTCTAA,0.10780328953451497,-0.20163386116965054,Inverted repeat
TTCTAT,-0.23560591730814845,0.3110397787446261,6-mer
TTCTAC,0.3773178333296851,-0.22948184612276734,6-mer
TTCTAG,-0.3765633514642081,0.21212408588262094,6-mer
TTCTTA,-1.178212972767899,-0.2559449810474744,6-mer
TTCTTT,-0.4425520497905773,0.07070299134320188,6-mer
TTCTTC,0.5306543350093533,-0.2657955455108506,6-mer
TTCTTG,0.47705339692347826,0.28405990929691916,6-mer
TTCTCA,-0.45649158345476176,-0.4588734081289251,6-mer
TTCTCT,-1.2286945823586037,-0.6205864104518776,6-mer
TTCTCC,0.5717064040188892,0.29406130145441833,6-mer
TTCTCG,0.9738042596866323,-0.7412339258030098,6-mer
TTCTGA,-0.8530237236297828,0.06940600736652644,6-mer
TTCTGT,-0.9747225090078919,0.3636552204970858,6-mer
TTCTGC,-0.1141064856865213,-0.6442284501408437,6-mer
TTCTGG,0.28292376037235134,0.4468629451342417,6-mer
TTCCAA,-0.5642310591370696,-0.17703188793657232,Inverted repeat
TTCCAT,-0.3552866918337932,0.16812275880832706,6-mer
TTCCAC,0.34486490616452126,-0.20610733774895812,6-mer
TTCCAG,1.122939887658682,-0.06951944843128527,6-mer
TTCCTA,-1.176709606009422,-0.41387356614520765,6-mer
TTCCTT,-0.04700926043828366,-0.1310915352357009,6-mer
TTCCTC,0.35878577750107976,-0.023846741954367656,6-mer
TTCCTG,0.9342803050086831,-0.0543235155317624,6-mer
TTCCCA,-0.6563275608002846,-0.17497822916859773,6-mer
TTCCCT,-1.628515267254687,-0.2884746991735492,6-mer
TTCCCC,0.2535519862338932,-0.022288067201784622,6-mer
TTCCCG,0.13840869329630615,-0.5621961610120743,6-mer
TTCCGA,-0.5638237336630056,-0.5980642572209877,6-mer
TTCCGT,-0.7766439188582424,-0.4044793075802671,6-mer
TTCCGC,-0.14350051450581008,-0.48410507257399654,6-mer
TTCCGG,0.018587869456910017,-0.2971826282456394,6-mer
TTCGAA,-0.4408924912448379,-0.6173839784135335,Palindromes
TTCGAT,-0.6602565558818985,-0.215069080530589,Inverted repeat
TTCGAC,0.23999957444287873,0.30708033048004874,Inverted repeat
TTCGAG,0.5342316986002266,-0.3053452106917583,Inverted repeat
TTCGTA,-0.2584029571021479,-0.5030854936667484,6-mer
TTCGTT,-1.0662354433132077,-0.06008714979243179,6-mer
TTCGTC,-0.09273898610270367,0.18890267625657922,6-mer
TTCGTG,-0.07851124040581078,-0.3313715355969475,6-mer
TTCGCA,-1.3370014045999103,-0.19299863634163836,6-mer
TTCGCT,-1.2361460285196029,-0.49559385332724076,6-mer
TTCGCC,0.0792861336426509,0.2893896150424625,6-mer
TTCGCG,-0.6712920950826007,0.18993579068440955,6-mer
TTCGGA,-0.6303180475298897,-0.5975901090489053,6-mer
TTCGGT,-0.7143763684249886,-0.4380740569917313,6-mer
TTCGGC,-0.013250612327141087,-0.014894215299694294,6-mer
TTCGGG,-0.18365773051761247,-0.4616158658991732,6-mer
TTGAAA,-0.27081175642551286,0.1616921496134836,Inverted repeat
TTGAAT,-1.2844771178104226,-0.007847861822684796,6-mer
TTGAAC,0.4015919682138921,0.4196247687744958,6-mer
TTGAAG,0.5538902985954596,0.34896252193517857,6-mer
TTGATA,-1.650287122183319,-0.1601344982495027,6-mer
TTGATT,-1.2505179631035803,0.42054397558538753,6-mer
TTGATC,0.3366996099303733,0.4568576749734707,6-mer
TTGATG,0.08175328443978079,0.45343287801585413,6-mer
TTGACA,-2.4136965345915042,0.2209504471625415,6-mer
TTGACT,-2.0234937026669364,0.02476790514894186,6-mer
TTGACC,0.3120653482586185,0.35158806840760154,6-mer
TTGACG,0.05319229224919998,0.4004401230658857,6-mer
TTGAGA,-0.1427212330209541,0.3240512667803323,6-mer
TTGAGT,-0.29519307360816777,0.5353317329965556,6-mer
TTGAGC,0.4949610435757932,0.031772346054479254,6-mer
TTGAGG,0.37949168239384934,0.17387527392255575,6-mer
TTGTAA,0.06477025539023776,-0.13750352374993496,Inverted repeat
TTGTAT,-1.6077805830662477,0.6560455987826387,6-mer
TTGTAC,0.35903208955010174,-1.2690331464552371,6-mer
TTGTAG,1.2843861325263835,0.39119075732447617,6-mer
TTGTTA,-0.013894441658380796,0.8073549220576041,6-mer
TTGTTT,-0.6300503902496942,0.40970405497580314,6-mer
TTGTTC,0.15639152280867752,0.5563933485243853,6-mer
TTGTTG,0.34392137286281055,0.38429397584773584,6-mer
TTGTCA,-1.1678499847067099,0.8274778870716485,6-mer
TTGTCT,-1.174557802226707,0.2856527084958127,6-mer
TTGTCC,0.4438088267296231,-0.02940091644055927,6-mer
TTGTCG,0.7107950913941606,0.7157491082565102,6-mer
TTGTGA,-1.06832168863976,0.27753397552890896,6-mer
TTGTGT,-1.9276491557753161,0.14700241238668357,6-mer
TTGTGC,-0.051410530182922354,-0.7424141386979527,6-mer
TTGTGG,-0.18819846657180622,0.42968427524324515,6-mer
TTGCAA,-0.7140911279136195,0.32412900308063347,Palindromes
TTGCAT,-1.4556794837761897,-0.3482017890964712,Inverted repeat
TTGCAC,-0.5776747309859578,-0.8170212566510837,Inverted repeat
TTGCAG,-0.08167840624582569,-0.07535900225406296,Inverted repeat
TTGCTA,-0.895710796478451,-0.6780719051126377,6-mer
TTGCTT,-1.5912214911928386,-0.6780719051126377,6-mer
TTGCTC,-0.13503345703765202,-0.4854268271702419,6-mer
TTGCTG,0.6821843084338242,0.10159814000780656,6-mer
TTGCCA,-1.8685582290372666,-0.5220557491609643,6-mer
TTGCCT,-1.7378139888045272,-0.7167523732766974,6-mer
TTGCCC,0.732946058495181,-0.5604338643535921,6-mer
TTGCCG,0.6098183835616348,-0.3047446577186311,6-mer
TTGCGA,-0.8339975995464441,0.18929032630924325,6-mer
TTGCGT,-1.0635315845408624,0.18935125221735397,6-mer
TTGCGC,0.10177930752962906,0.13896082664008463,6-mer
TTGCGG,0.3960977983102191,0.2843103855491799,6-mer
TTGGAA,-0.7034507514795576,-0.31748218985617016,Inverted repeat
TTGGAT,-1.560008062872856,0.07038932789139794,6-mer
TTGGAC,-0.33912543025382824,-0.06025088110181434,6-mer
TTGGAG,0.31936460511878556,0.011264826095814189,6-mer
TTGGTA,-1.6911905433763375,-0.06465295834225349,6-mer
TTGGTT,-1.739586294325342,-0.2533842358000745,6-mer
TTGGTC,-0.04831706781023185,0.09360271779717332,6-mer
TTGGTG,0.3698067757280231,-0.31917748387132755,6-mer
TTGGCA,-1.849216944717206,-1.0,6-mer
TTGGCT,-0.9324114070704571,0.13570128111594945,6-mer
TTGGCC,0.3786057833631793,0.2758747516072184,6-mer
TTGGCG,0.46811984786785527,0.41414722153328937,6-mer
TTGGGA,0.20886543040072628,0.006886385585240066,6-mer
TTGGGT,-1.2268574704418693,0.12827402165435323,6-mer
TTGGGC,-0.2019975941862623,-0.0022524517313785367,6-mer
TTGGGG,0.1934981547628895,0.09310940439148137,6-mer
TCAAAA,-0.573791133744319,0.3721474503750972,6-mer
TCAAAT,-0.8008317984762698,-0.01966703345607673,6-mer
TCAAAC,-0.16450211359669115,0.7739319205201538,6-mer
TCAAAG,0.2547293949994623,0.017073513358941264,6-mer
TCAATA,0.8649732065422776,0.3421059768249927,6-mer
TCAATT,0.17788172527065546,-0.3581916388741339,6-mer
TCAATC,0.29510932342436097,0.4315525860618607,6-mer
TCAATG,0.755629438431242,-0.11648574248085185,6-mer
TCAACA,0.7105327099061336,0.5584479822078415,6-mer
TCAACT,0.34013095015040323,-0.04297003896555784,6-mer
TCAACC,-0.47121594690665536,0.20353339408513216,6-mer
TCAACG,0.3165222739376261,0.3993842349673584,6-mer
TCAAGA,-0.05465758479943313,0.4173852541352666,Inverted repeat
TCAAGT,-0.2988640768200719,0.09515723304033995,6-mer
TCAAGC,-0.17674724848790516,0.44448127717132585,6-mer
TCAAGG,0.36846039793131014,0.5095954966753731,6-mer
TCATAA,-0.39282622018868535,-0.04909454952816952,6-mer
TCATAT,-1.6385194572741115,0.28950661719498494,6-mer
TCATAC,-0.9985271106011246,-0.39231742277876036,6-mer
TCATAG,0.7041154446415591,0.0489096004809462,6-mer
TCATTA,0.5145731728297582,-0.4854268271702419,6-mer
TCATTT,0.10484236585749798,-0.19464743085354366,6-mer
TCATTC,-0.567789850097727,-0.24511249783653136,6-mer
TCATTG,0.40143989587812134,-0.5535050691995587,6-mer
TCATCA,0.34037983975064234,0.04559686644011053,6-mer
TCATCT,-0.22856919264764627,0.4297840846480302,6-mer
TCATCC,0.016390389154355325,1.6755650495020629,6-mer
TCATCG,0.11335451079246976,0.34103691783506684,6-mer
TCATGA,-0.155922421579953,0.6176666657938618,Palindromes
TCATGT,-0.0613073442997006,0.41750575486959335,Inverted repeat
TCATGC,0.29098486175960997,-0.03940838455823518,Inverted repeat
TCATGG,-0.07408621833371878,-0.12432813500220148,Inverted repeat
TCACAA,-1.1043366598147357,0.6358794690518919,6-mer
TCACAT,-0.4942901029949265,0.5239718708320078,6-mer
TCACAC,-1.4695965980685213,0.32594115739398566,6-mer
TCACAG,-1.7127671977522896,-0.24922860630876334,6-mer
TCACTA,-0.15666310203338984,-0.632268215499513,6-mer
TCACTT,-0.8034113340688996,-0.6844981742720706,6-mer
TCACTC,-1.7601597543879095,-0.9436088181496018,6-mer
TCACTG,-1.1734456116210965,-0.1725221129283516,6-mer
TCACCA,0.47095483867337645,0.25364335532088755,6-mer
TCACCT,0.36895571439801933,0.2163936807150047,6-mer
TCACCC,0.7565705845947717,0.994426155175408,6-mer
TCACCG,0.8733535767137017,0.1760085564558392,6-mer
TCACGA,-0.3099492400509698,0.111421282668423,Inverted repeat
TCACGT,-0.24255954648598343,0.14573049642951977,6-mer
TCACGC,0.11282070522013245,0.4104647694890196,6-mer
TCACGG,0.13697553107197016,0.17649765536579862,6-mer
TCAGAA,-0.8073549220576043,0.3557164083436458,6-mer
TCAGAT,-0.8653645865572384,0.885632975048,6-mer
TCAGAC,-1.2781467550304373,0.3362359315712455,6-mer
TCAGAG,-1.2940706370808943,-0.11024531670551116,6-mer
TCAGTA,-0.7309834361510802,-0.8612937291684077,6-mer
TCAGTT,0.1343010917115908,-0.40439025507933535,6-mer
TCAGTC,-1.328571368517976,-0.21364637887163015,6-mer
TCAGTG,-1.064991023965567,0.0037039687634188747,6-mer
TCAGCA,0.9936742546621804,-0.007195501404203813,6-mer
TCAGCT,0.41437434365195736,-0.04941955404427463,6-mer
TCAGCC,-0.505349284710978,0.3044079958443443,6-mer
TCAGCG,0.08940099728908762,0.45545176772475177,6-mer
TCAGGA,0.29582267991385985,0.6374299206152917,Inverted repeat
TCAGGT,-0.0017829395153546631,0.5203904994250723,6-mer
TCAGGC,-0.4296390489844948,0.5545027060584986,6-mer
TCAGGG,0.18504727240925808,0.3107008394641082,6-mer
TCTAAA,-0.1545099490556248,1.559933706229634,6-mer
TCTAAT,-1.0817940911636472,-0.6425732238912516,6-mer
TCTAAC,-1.0770224202238452,0.23000560544632317,6-mer
TCTAAG,-1.6117625600648713,0.6889855652643845,6-mer
TCTATA,1.0147970019280805,1.1634987322828796,6-mer
TCTATT,1.3416643129486248,0.07943446749440479,6-mer
TCTATC,0.0657800746388084,0.4963685774521677,6-mer
TCTATG,0.9026919652019361,0.15200309344504997,6-mer
TCTACA,1.4514481394685286,0.4219238848640837,6-mer
TCTACT,0.40061698353267255,-0.3253186840881366,6-mer
TCTACC,-0.632268215499513,-0.15331403859739706,6-mer
TCTACG,0.7860252721507612,-0.39190100048090903,6-mer
TCTAGA,-1.1268876183007592,0.7539386727699199,Palindromes
TCTAGT,-1.197446064206217,-0.28189343308510983,Inverted repeat
TCTAGC,-0.8933888093689644,0.6172802209938845,Inverted repeat
TCTAGG,-1.2542641962060617,0.7914133781885824,Inverted repeat
TCTTAA,0.3446481713874457,-0.1080597458574529,6-mer
TCTTAT,-1.636914580355878,-0.3344190390705592,6-mer
TCTTAC,-0.8926022086761154,-0.5673684407064179,6-mer
TCTTAG,-1.2092631493928132,-0.10515474605207453,6-mer
TCTTTA,-0.17333160288556174,0.04022984478853263,6-mer
TCTTTT,-0.13816243905752454,-0.2436690809668627,6-mer
TCTTTC,-0.8775576551454144,-0.20624837974221635,6-mer
TCTTTG,-0.2119190901069395,0.048280015028716455,6-mer
TCTTCA,0.6301747515779134,-0.09388650919933007,6-mer
TCTTCT,0.3858127358762407,-0.02487466863902937,6-mer
TCTTCC,0.36180289242651303,-0.12507713305011708,6-mer
TCTTCG,-0.057864617833665685,-0.3602365648591581,6-mer
TCTTGA,0.06767918966186252,0.30583411876706157,Inverted repeat
TCTTGT,0.25576439852718513,0.961338379630895,6-mer
TCTTGC,0.10582148368367503,0.044974528035462,6-mer
TCTTGG,0.02791342901475168,0.24687738962610145,6-mer
TCTCAA,-0.07326895966758487,0.14135584924554156,6-mer
TCTCAT,-1.014808685514079,-0.4127815253384759,6-mer
TCTCAC,-0.9828043847374787,-0.2166100687424417,6-mer
TCTCAG,-1.4995317661866048,-0.3133533591493525,6-mer
TCTCTA,0.4104647694890196,0.03870352933048381,6-mer
TCTCTT,-0.5642310591370696,-0.04528087930086635,6-mer
TCTCTC,-1.0853830306437855,-0.029443777892481933,6-mer
TCTCTG,-1.233180928074399,-0.48938484073892513,6-mer
TCTCCA,0.9182325128368494,0.07096652135414318,6-mer
TCTCCT,0.5425440962926699,0.11466694217207705,6-mer
TCTCCC,-0.1660592117534366,0.7731145976391716,6-mer
TCTCCG,0.027540591762962488,-0.22507817149011128,6-mer
TCTCGA,0.9315261780871303,-0.5479682932389546,Inverted repeat
TCTCGT,0.5365406985779181,-0.3037807481771029,6-mer
TCTCGC,0.2315132581503646,-0.21767387243391836,6-mer
TCTCGG,0.7495686058477451,-0.855348234771396,6-mer
TCTGAA,-0.6141542134359395,-0.15100778809968252,6-mer
TCTGAT,-0.8545764778719067,0.8624964762500651,6-mer
TCTGAC,-1.2530641170788657,0.47938374436745806,6-mer
TCTGAG,-1.4977893281879608,-0.42993171457853835,6-mer
TCTGTA,-1.0276563429028653,0.46394709975979,6-mer
TCTGTT,-0.11505032141419073,0.34103691783506684,6-mer
TCTGTC,-1.4075828443753136,0.36640272402796736,6-mer
TCTGTG,-1.7934560184028978,-0.11376887495757461,6-mer
TCTGCA,0.7285369720956255,-0.8604662585171666,6-mer
TCTGCT,0.41045359330064274,-0.19730144037361746,6-mer
TCTGCC,-1.231987676854452,-1.217905030344134,6-mer
TCTGCG,-0.2345970553027341,-0.13297386526942087,6-mer
TCTGGA,0.6153224769389678,0.7430401085758906,Inverted repeat
TCTGGT,0.061017536752983,0.8852883411233076,6-mer
TCTGGC,-0.25904324315625976,0.5435245465258874,6-mer
TCTGGG,0.3939318662671924,0.41053610704390303,6-mer
TCCAAA,-0.5583768387216894,0.33088340012184264,6-mer
TCCAAT,-0.3959286763311392,-0.3087527061396289,6-mer
TCCAAC,-0.287177368795476,-0.08615664374971459,6-mer
TCCAAG,-0.37159914841515407,0.06273575534796262,6-mer
TCCATA,-0.8040797900247432,0.5541015370163958,6-mer
TCCATT,-0.30922403885386135,-0.8978857823473094,6-mer
TCCATC,-0.3440624642143698,0.45219911983497374,6-mer
TCCATG,0.09313409771433277,-0.442518235700951,6-mer
TCCACA,0.2837406953880644,0.5110841867498784,6-mer
TCCACT,0.1559181434484331,-0.24829786257689626,6-mer
TCCACC,0.028157012487957624,0.34166431294862465,6-mer
TCCACG,0.04542702002559551,-0.5977297967950339,6-mer
TCCAGA,0.7189889099084896,0.4585391379154303,Inverted repeat
TCCAGT,0.6365451030218473,-0.23340923672451555,6-mer
TCCAGC,1.0506406405234658,-0.2772763284095726,6-mer
TCCAGG,0.7448020883981724,0.057312653234088254,6-mer
TCCTAA,-1.1573249646626789,-0.4964258261194987,6-mer
TCCTAT,-1.3219280948873622,-0.6915341649192002,6-mer
TCCTAC,-0.7762954412007613,-0.09310940439148152,6-mer
TCCTAG,-1.1833982897205844,-0.2829339632714985,6-mer
TCCTTA,-0.34695688937888475,0.3694564649699482,6-mer
TCCTTT,-0.9491757409223176,-0.7036069972197752,6-mer
TCCTTC,-0.47364547785699823,0.31077797037064037,6-mer
TCCTTG,0.5819064534468655,-0.254661224808789,6-mer
TCCTCA,-0.06214413594126068,0.5756153284619036,6-mer
TCCTCT,-0.6473370856977522,-0.2886992892271409,6-mer
TCCTCC,-0.11250120048419829,0.4413241907991198,6-mer
TCCTCG,0.8509736673171607,-0.271208337279494,6-mer
TCCTGA,0.3801957500665428,0.8764253148814675,Inverted repeat
TCCTGT,0.004670809554211131,0.1491434393058094,6-mer
TCCTGC,0.7244591811278619,-0.027744990482904255,6-mer
TCCTGG,0.6963846198172033,-0.06684374969767569,6-mer
TCCCAA,-0.2805651998448582,-0.19313239260363754,6-mer
TCCCAT,-1.4558751485454384,-0.3171110785895865,6-mer
TCCCAC,-0.6173385026758227,0.013175388747733061,6-mer
TCCCAG,-0.2472110023581404,-0.7317530263508896,6-mer
TCCCTA,-0.6721050633508242,-0.16415915575098777,6-mer
TCCCTT,-1.5671211879609688,0.18322182405577023,6-mer
TCCCTC,-1.3076635492280995,0.05452128029284685,6-mer
TCCCTG,-1.2448434738290224,-0.18697220001423476,6-mer
TCCCCA,-0.20613024294207305,0.1419293714319411,6-mer
TCCCCT,-0.1529674911261126,0.4039823107698479,6-mer
TCCCCC,-0.14302549732579253,0.7327533428792917,6-mer
TCCCCG,0.2875925764849198,-0.23121363988231564,6-mer
TCCCGA,0.15582101175893806,-0.5740329405628971,Inverted repeat
TCCCGT,-0.0988015857275507,-0.22047394360574799,6-mer
TCCCGC,-0.05100786897010038,-0.22003507597390154,6-mer
TCCCGG,-0.03990240636001915,0.2843861325263834,6-mer
TCCGAA,-0.6028348501324241,-0.34070089942411746,6-mer
TCCGAT,-1.1245491229164122,-0.007195501404203813,6-mer
TCCGAC,-0.40906124142658645,-0.22239242133644793,6-mer
TCCGAG,-0.1968353699661754,-1.1672508671439867,6-mer
TCCGTA,-0.43048024494116804,-0.029294306794038015,6-mer
TCCGTT,-0.6072611678299306,-0.5131297559600896,6-mer
TCCGTC,-0.720029039025258,0.48711517732301146,6-mer
TCCGTG,-0.9583459983134532,-0.6780719051126377,6-mer
TCCGCA,0.5182025962304492,-0.302917197006832,6-mer
TCCGCT,-0.11031194311884578,-0.17895178602981793,6-mer
TCCGCC,-0.3310171234658273,0.09556239910096509,6-mer
TCCGCG,-0.2747668185357165,-0.5569387420540333,6-mer
TCCGGA,0.27503169677144224,-0.1709861968126228,Palindromes
TCCGGT,-0.5028426923549917,-0.18454479071508856,Inverted repeat
TCCGGC,-0.08327176180329274,0.0005962781820318692,Inverted repeat
TCCGGG,0.033587022828912766,-0.2624081001843271,Inverted repeat
TCGAAA,0.2285404196799173,-0.2370391973008493,6-mer
TCGAAT,-0.848345341538141,-0.7518309437301303,6-mer
TCGAAC,0.20563338723741567,-0.015807183446024324,6-mer
TCGAAG,-0.14669405206402997,0.12049529218656048,6-mer
TCGATA,-0.2717201337000162,0.4778783728490752,6-mer
TCGATT,-0.9784561197038859,-0.5819537508488178,6-mer
TCGATC,0.08767531549222536,0.29074021713409537,6-mer
TCGATG,-0.003968902202945458,-0.5456495766963301,6-mer
TCGACA,0.6930504685886236,0.5792788622175736,6-mer
TCGACT,0.18209167183902145,-0.7870411576522731,6-mer
TCGACC,0.353275571489287,-0.24423681037966777,6-mer
TCGACG,0.5272470028648688,-0.05999998973616569,6-mer
TCGAGA,0.9438692771741347,-0.40695276914715695,Inverted repeat
TCGAGT,0.21217424302764953,-1.271847475640103,6-mer
TCGAGC,0.41199157672551556,-0.6285568356142094,6-mer
TCGAGG,0.7462287592451077,-0.16090162079684028,6-mer
TCGTAA,0.3009481559831505,-0.5058909297299574,6-mer
TCGTAT,-0.6325936232015553,-0.036926568998357376,6-mer
TCGTAC,0.3822146507160312,-0.8155754288625728,6-mer
TCGTAG,0.5219324336497831,-0.2736036475439811,6-mer
TCGTTA,0.1966919110050976,0.2630344058337938,6-mer
TCGTTT,-0.8102485488135986,0.2586856608955434,6-mer
TCGTTC,-0.3622425967338777,-0.09132278491746693,6-mer
TCGTTG,-0.24976204874075666,-0.060047383669938975,6-mer
TCGTCA,-0.011459276472113226,0.6810091881921909,6-mer
TCGTCT,-0.1904586819446383,0.04022984478853263,6-mer
TCGTCC,0.24568240893752535,0.19838144749154046,6-mer
TCGTCG,0.28098869909408364,0.1454560058484129,6-mer
TCGTGA,-0.2076483477782124,0.2914628141603112,Inverted repeat
TCGTGT,-0.6083530957268415,-0.16635838642211992,6-mer
TCGTGC,0.22909744521433842,-0.6193959977850302,6-mer
TCGTGG,-0.04703616131805979,-0.2662368378721378,6-mer
TCGCAA,-0.7006948140733081,0.058649350829445016,6-mer
TCGCAT,-1.349135143089115,-0.016139702655252885,6-mer
TCGCAC,-1.0432245379665395,-0.23300561039318116,6-mer
TCGCAG,-0.9302160015647405,-0.1265324059289317,6-mer
TCGCTA,-1.0966986057111783,0.022176790844674447,6-mer
TCGCTT,-1.5267842567806327,-0.20107865814533105,6-mer
TCGCTC,-0.8087064746040598,-0.1680860017785311,6-mer
TCGCTG,-0.25164870796792566,-0.012441978682118236,6-mer
TCGCCA,-0.059024574727664286,0.41393240918965984,6-mer
TCGCCT,-0.29298022606408697,0.30649805431775623,6-mer
TCGCCC,0.4837260655903489,0.22389601192683578,6-mer
TCGCCG,0.5273864853562822,0.34524777034910814,6-mer
TCGCGA,-1.01837193653353,-0.10926721156868784,Palindromes
TCGCGT,-1.1151907979151459,-0.02500400612989441,Inverted repeat
TCGCGC,-0.2412559470919705,0.10667462442858391,Inverted repeat
TCGCGG,-0.19692043680652746,0.006223681638438288,Inverted repeat
TCGGAA,-0.7031323484111219,-0.3042140178153087,6-mer
TCGGAT,-0.961093242106217,-0.07313470463021514,6-mer
TCGGAC,-0.4366846563690856,-0.4854268271702417,6-mer
TCGGAG,-0.4498748776879774,-0.6634251291482361,6-mer
TCGGTA,-1.196426196842658,-1.0124909441831969,6-mer
TCGGTT,-1.3728650601125876,-0.31089404461238557,6-mer
TCGGTC,-0.37033231016045115,-0.3255303315675579,6-mer
TCGGTG,0.326740167477393,-0.7344760421405083,6-mer
TCGGCA,0.020532216754016487,-0.9726926540042647,6-mer
TCGGCT,-0.32884974327303407,-0.17407945772133837,6-mer
TCGGCC,0.043369198547865,-0.41637980884417286,6-mer
TCGGCG,0.6092859429496065,0.3810376079252553,6-mer
TCGGGA,0.5362478722035972,-0.4897867429722481,Inverted repeat
TCGGGT,-0.552849070227052,-0.26303440583379395,6-mer
TCGGGC,-0.2302643638991819,-0.5266580275389141,6-mer
TCGGGG,0.3258431448907455,-0.6735238872564372,6-mer
TGAAAA,0.006997726124819633,0.467778961350817,6-mer
TGAAAT,0.26138655295231145,0.5729898590550804,6-mer
TGAAAC,-0.12072239061429993,0.6053687113829931,6-mer
TGAAAG,-0.5348041996631853,-0.002002352911147517,6-mer
TGAATA,-0.23995079272075273,0.06413033741971542,6-mer
TGAATT,0.29184997193416556,-0.004966252893349534,6-mer
TGAATC,-1.5319012569697426,-0.3785116232537299,6-mer
TGAATG,-0.5802916911669448,-0.42998784074481516,6-mer
TGAACA,0.9722731881799432,0.89616418901546,Inverted repeat
TGAACT,1.2177350273001617,0.01648812278856902,6-mer
TGAACC,-0.3467024622616562,0.5229245422626804,6-mer
TGAACG,0.26628862244209295,0.697730430883106,6-mer
TGAAGA,0.6349716061098921,0.12703056521358802,6-mer
TGAAGT,1.072816065285938,0.29873846751547284,6-mer
TGAAGC,0.0705809276636169,0.24642548827835367,6-mer
TGAAGG,0.5156231345321128,0.11466694217207705,6-mer
TGATAA,-0.9617916805878403,-0.11103131238874381,6-mer
TGATAT,-1.3092045872667197,0.23815973719476458,6-mer
TGATAC,-1.5276371553042123,-0.35879338863922455,6-mer
TGATAG,-0.6574321390536012,0.18555565315607644,6-mer
TGATTA,-0.08746284125033935,0.45156337530395785,6-mer
TGATTT,0.003333143664117514,0.7240957939151642,6-mer
TGATTC,-2.2036343630490878,-0.7430273469534077,6-mer
TGATTG,-0.7125742027585453,0.22774565583065473,6-mer
TGATCA,0.5849214923488764,0.6214883767462702,Palindromes
TGATCT,0.6007252378743463,0.43765580194086257,Inverted repeat
TGATCC,0.5631016265920264,0.4201084888262658,Inverted repeat
TGATCG,0.4061984736901725,0.6441952087025895,Inverted repeat
TGATGA,0.2687072458645267,0.35543735707761365,6-mer
TGATGT,0.416663987659562,0.4324046312489319,6-mer
TGATGC,0.050093481088446024,-0.12101540096136594,6-mer
TGATGG,-0.1180298135358324,0.5036228732692174,6-mer
TGACAA,-1.370117511413677,0.695742931439693,6-mer
TGACAT,-0.8772590532524122,0.36040224270199794,6-mer
TGACAC,-1.4587853946440115,1.452991850640049,6-mer
TGACAG,-1.8566179552062831,0.83364161357788,6-mer
TGACTA,-0.27738969881086384,-0.5459683691052925,6-mer
TGACTT,-1.0120370894131057,0.07865694387499854,6-mer
TGACTC,-1.749094595876968,-0.4904449019368663,6-mer
TGACTG,-1.849324743777898,-0.08119608284798091,6-mer
TGACCA,0.45352558108257757,0.3086312722739043,Inverted repeat
TGACCT,0.35601989041867205,0.7056694636766675,6-mer
TGACCC,0.30082398278262973,0.4075136488970313,6-mer
TGACCG,0.26051053741031227,-0.11493576684465982,6-mer
TGACGA,0.06459122271321605,0.7016325210539254,6-mer
TGACGT,-0.13454343391840265,0.39654115566145426,6-mer
TGACGC,-0.15308230771030226,0.7301507726098949,6-mer
TGACGG,-0.04932389994100303,0.7385588522418735,6-mer
TGAGAA,-0.5699053984999193,-0.41580468623703914,6-mer
TGAGAT,-0.7206432888642732,0.17788172527065546,6-mer
TGAGAC,-1.2303334534288473,-0.07546924525575095,6-mer
TGAGAG,-1.389059547760402,-0.026928327407003676,6-mer
TGAGTA,-0.013256096702266627,0.3294617675727698,6-mer
TGAGTT,-0.07038932789139794,0.06558834162757687,6-mer
TGAGTC,-1.8541214795425272,-0.1049251546386774,6-mer
TGAGTG,-1.3877301532831083,0.32569001368356143,6-mer
TGAGCA,0.5579046714995826,-0.15315678806142036,Inverted repeat
TGAGCT,0.09617365078149005,0.2667865406949014,6-mer
TGAGCC,-0.5328908276518555,-0.09774979128339058,6-mer
TGAGCG,-0.06131852716531196,0.39760108941669625,6-mer
TGAGGA,-0.1754955095760358,0.2759918107205032,6-mer
TGAGGT,-0.6265126974240635,0.418247055754734,6-mer
TGAGGC,-1.0551427390597805,0.17528391728095827,6-mer
TGAGGG,-0.6763972734203834,0.34111511480740986,6-mer
TGTAAA,-0.17376706773670628,0.1343010917115908,6-mer
TGTAAT,1.0489096004809466,0.4934085628317159,6-mer
TGTAAC,0.06279512673589621,1.1397247636666132,6-mer
TGTAAG,-0.8348899179134734,0.07704103576382787,6-mer
TGTATA,-0.7311832415722003,-0.017921907997262156,6-mer
TGTATT,1.0538226995061466,0.42307481834426225,6-mer
TGTATC,-0.8305623132189295,-0.19169562411353147,6-mer
TGTATG,-1.1128414695156656,0.017073513358941264,6-mer
TGTACA,0.441343261832133,-0.4854268271702417,Palindromes
TGTACT,1.7418313493380222,-1.0801703486839835,Inverted repeat
TGTACC,-0.7289142580782043,-1.456514135255003,Inverted repeat
TGTACG,0.2044705133391853,-0.3194168757313125,Inverted repeat
TGTAGA,1.3246699931613175,0.3147325934831583,6-mer
TGTAGT,1.7233871876656655,0.23446525363702295,6-mer
TGTAGC,0.3830204372343989,0.8702321250296705,6-mer
TGTAGG,0.3791422447542021,0.46529227005853946,6-mer
TGTTAA,-0.983880334636723,0.2458251158015707,6-mer
TGTTAT,-0.4234990780270399,0.6135831786609239,6-mer
TGTTAC,-0.0747677684019722,0.4791678366985595,6-mer
TGTTAG,-1.53605290024021,0.2141248053528473,6-mer
TGTTTA,-0.07467668629449613,0.730966853544763,6-mer
TGTTTT,0.030696797222916312,0.36709441093549733,6-mer
TGTTTC,-0.44187990675614636,0.16302449953630194,6-mer
TGTTTG,0.23573244303855295,0.7776075786635519,6-mer
TGTTCA,0.9959285687660817,0.5037664178731753,Inverted repeat
TGTTCT,0.8653967554032442,0.6633085524408973,6-mer
TGTTCC,0.6800039425069565,0.08429823430665996,6-mer
TGTTCG,0.7128636992911282,0.4791678366985595,6-mer
TGTTGA,0.6265161670693604,0.5108307711439415,6-mer
TGTTGT,0.7462913864382995,0.5050188661165094,6-mer
TGTTGC,0.20775707496805093,0.004661377369863041,6-mer
TGTTGG,0.15177113025765576,0.5988633175374178,6-mer
TGTCAA,-2.3174821898561704,0.5736175271271471,6-mer
TGTCAT,-0.8138178306258311,1.7600492072792477,6-mer
TGTCAC,-1.0499778678684377,0.8603480096714883,6-mer
TGTCAG,-1.6592677287445536,0.40471669360112367,6-mer
TGTCTA,-0.38473282755076876,-0.08406426478847438,6-mer
TGTCTT,-0.9406715491080584,0.054327162389356996,6-mer
TGTCTC,-1.1775099317618751,0.19454878841113488,6-mer
TGTCTG,-1.4032582855894153,1.0459158350553583,6-mer
TGTCCA,0.42376091753250567,-0.025995208532944337,Inverted repeat
TGTCCT,0.5682154258840032,0.1911192237114357,6-mer
TGTCCC,-0.3990690392064822,-0.5486783833963798,6-mer
TGTCCG,-0.13473820580094878,0.21662394087683579,6-mer
TGTCGA,0.728774101812894,0.43564777895412987,6-mer
TGTCGT,0.30638658745729325,0.6008289061801771,6-mer
TGTCGC,0.09691121194351311,0.7231333209866367,6-mer
TGTCGG,0.6245794127381081,0.3426016631521121,6-mer
TGTGAA,-1.0713174045016527,-0.011055188508995593,6-mer
TGTGAT,-0.9170189247503441,0.28239973070072494,6-mer
TGTGAC,-1.2309171563798789,0.23446525363702295,6-mer
TGTGAG,-1.946522934069345,-0.07214978575583539,6-mer
TGTGTA,-1.445237737054543,0.5994620704162712,6-mer
TGTGTT,-0.7471765534526378,0.07907157099119894,6-mer
TGTGTC,-1.5357255729464883,0.5223715433901654,6-mer
TGTGTG,-2.140778655782796,0.10137702037508182,6-mer
TGTGCA,0.31699579934513156,-0.4190394298363402,Inverted repeat
TGTGCT,0.420284536125532,-0.1080597458574529,6-mer
TGTGCC,-1.3296591377212614,-1.84799690655495,6-mer
TGTGCG,-0.36844252151436635,-0.39775950784700825,6-mer
TGTGGA,0.03989272712351243,0.506959988719883,6-mer
TGTGGT,-0.2330930249705544,-0.10657166419804391,6-mer
TGTGGC,-0.7347295147155559,0.3671843760170122,6-mer
TGTGGG,-0.09199684105403358,0.11315895741488925,6-mer
TGCAAA,0.09296478055888174,-0.18359993833938887,6-mer
TGCAAT,-0.12017764758965216,-0.04234629070959474,6-mer
TGCAAC,-0.26012951047979493,0.16812275880832706,6-mer
TGCAAG,-0.6257936836819011,0.13544400157164063,6-mer
TGCATA,-1.1885064271840382,-0.29137903152775546,6-mer
TGCATT,-0.7720480533216515,-1.3391373849195853,6-mer
TGCATC,-0.18859737149275713,-0.7297340249351304,6-mer
TGCATG,0.12174146793234712,-0.578938713093386,6-mer
TGCACA,0.369114780331805,-1.3710941516912467,Inverted repeat
TGCACT,0.2214679131081498,-0.7188182474559467,6-mer
TGCACC,0.44691260504994396,-1.6166713604484946,6-mer
TGCACG,0.6207319168630532,-0.8920520866328855,6-mer
TGCAGA,0.6579161336132623,-0.32716474325350936,6-mer
TGCAGT,0.6616552577156407,-0.9671686075326276,6-mer
TGCAGC,0.726084524087849,-0.3752913204860874,6-mer
TGCAGG,1.0053926478769377,-0.41043978754041527,6-mer
TGCTAA,-0.6251996318298795,-0.5681378780797973,6-mer
TGCTAT,-2.1024362928560203,-0.18057224564182084,6-mer
TGCTAC,-1.3270612315016523,-0.5224210346524434,6-mer
TGCTAG,-1.2803312293148263,-0.5109619192773791,6-mer
TGCTTA,-0.2810683286640555,0.2552570552420746,6-mer
TGCTTT,-0.14448995406604154,-0.7824085649273734,6-mer
TGCTTC,-1.085625753204298,-0.9104194070887649,6-mer
TGCTTG,-0.08617192775046568,0.2078563281785674,6-mer
TGCTCA,0.46248718620355306,-0.08653675046799521,Inverted repeat
TGCTCT,0.6663938083207406,-0.20481979188849808,6-mer
TGCTCC,0.1622714288988771,-0.5493047245121675,6-mer
TGCTCG,0.763023407443932,-0.8021203848222201,6-mer
TGCTGA,0.9541502774569279,0.2003945775473306,6-mer
TGCTGT,0.86137319436403,0.22506655563477318,6-mer
TGCTGC,1.0813209379511415,-0.22897256976016087,6-mer
TGCTGG,1.320983132489181,-0.28527681619009426,6-mer
TGCCAA,-1.937344392150232,-0.641152441568812,6-mer
TGCCAT,-2.2305899023090325,-0.9178408951690591,6-mer
TGCCAC,-2.182238262881164,-1.3541822938919892,6-mer
TGCCAG,-1.8127405895521562,-1.3645724322958563,6-mer
TGCCTA,-2.1196094023695373,-0.20997316208237998,6-mer
TGCCTT,-1.5804369019905078,-1.3820870774775573,6-mer
TGCCTC,-2.603216253467642,-0.9132883668066694,6-mer
TGCCTG,-1.8675370929505946,-1.051178723925563,6-mer
TGCCCA,0.27609429591343787,-1.187224802158143,Inverted repeat
TGCCCT,-0.13843781091106322,-1.2630344058337937,6-mer
TGCCCC,-0.26283858702916496,-0.561692721398309,6-mer
TGCCCG,0.28190269303164905,-1.1030934929641036,6-mer
TGCCGA,-0.06447461496362077,-1.1103155123041573,6-mer
TGCCGT,0.11278559164078782,-1.0298842799458978,6-mer
TGCCGC,-0.1830942851594574,-0.7043512299114867,6-mer
TGCCGG,0.12694133339773697,-0.6474265876678097,6-mer
TGCGAA,-1.3064997731920676,-0.0997121392157284,6-mer
TGCGAT,-1.1553555589742652,-0.18771839686246933,6-mer
TGCGAC,-0.8462885640925886,0.429806958609184,6-mer
TGCGAG,-0.8659778881350921,-0.5425272344007597,6-mer
TGCGTA,-0.5919658884589185,-0.25927248703759465,6-mer
TGCGTT,-0.824622398181141,-0.215069080530589,6-mer
TGCGTC,-0.6329328987828156,0.02806628194379788,6-mer
TGCGTG,-0.5401846348407197,-0.1703764785359323,6-mer
TGCGCA,0.8513134257826428,-0.5176743709253553,Palindromes
TGCGCT,0.20501879275390672,-0.18400859909075135,Inverted repeat
TGCGCC,0.04185227303131857,0.19264507794239571,Inverted repeat
TGCGCG,0.2740598162333304,0.14441762176116657,Inverted repeat
TGCGGA,0.4787139847025096,-0.23046654337736316,6-mer
TGCGGT,0.042371083554262765,0.011521869895219488,6-mer
TGCGGC,0.07700950725452406,0.26112006481197203,6-mer
TGCGGG,0.5121143822203003,-0.11573831506627132,6-mer
TGGAAA,0.7988803769540935,0.2752348594393207,6-mer
TGGAAT,-0.10018393015175144,-0.002573943663826393,6-mer
TGGAAC,0.2679836218055271,-0.008105049637055316,6-mer
TGGAAG,0.4729460773068447,-0.29981425510855403,6-mer
TGGATA,-0.6285968744692941,0.05444778402237649,6-mer
TGGATT,-0.20750245925878855,-0.33014860169233085,6-mer
TGGATC,-0.06203510573493098,0.42686293467563324,6-mer
TGGATG,-0.09409236759697272,0.17687776208407907,6-mer
TGGACA,0.28046777428449376,0.656592177702186,Inverted repeat
TGGACT,0.29007922884802245,-0.0482955570407812,6-mer
TGGACC,0.013499345195673312,-0.4347394137213921,6-mer
TGGACG,0.5860001054897886,0.3022098602728569,6-mer
TGGAGA,0.8285776501711853,0.154086407945539,6-mer
TGGAGT,0.36741947904610406,-0.2016338611696504,6-mer
TGGAGC,0.4800254412715722,-0.14290182767576576,6-mer
TGGAGG,0.31650741977437774,0.11283249616437215,6-mer
TGGTAA,-1.1627829321982925,-0.39078995303216657,6-mer
TGGTAT,-1.4509091883216194,0.0860398310666915,6-mer
TGGTAC,-0.3335312410869829,-0.8875252707415874,6-mer
TGGTAG,-0.5259980062865576,-0.03832811865909928,6-mer
TGGTTA,-0.44256285904550186,1.0874628412503395,6-mer
TGGTTT,-0.5088705513718019,0.7022645030612034,6-mer
TGGTTC,-0.7304644323319627,-0.01639443825066851,6-mer
TGGTTG,-0.7368513167657829,-0.26582762072547444,6-mer
TGGTCA,0.4720028600635676,0.4440116753527524,Inverted repeat
TGGTCT,0.3030449851902196,0.3453870677113512,6-mer
TGGTCC,-0.2961145643584891,-0.08934748559528222,6-mer
TGGTCG,0.2740730444977909,0.4035418604410145,6-mer
TGGTGA,0.4641091548052725,0.40662525946264355,6-mer
TGGTGT,0.4137324833229307,0.2267708618470222,6-mer
TGGTGC,0.3809689036057278,-0.7967164016112567,6-mer
TGGTGG,0.22839527369094592,-0.08988550351719506,6-mer
TGGCAA,-1.6583767439723658,-0.4793523127605573,6-mer
TGGCAT,-2.308783486588759,-0.8190842146397113,6-mer
TGGCAC,-2.320282634037125,-2.0795203396435267,6-mer
TGGCAG,-1.7661652358555293,-1.2630344058337937,6-mer
TGGCTA,-1.2799607479624306,0.14032128839741445,6-mer
TGGCTT,-1.0352233439035752,0.09485918634144115,6-mer
TGGCTC,-1.1105174405967075,-0.3248106034204837,6-mer
TGGCTG,-0.5997295771150384,-0.2648828302261624,6-mer
TGGCCA,0.3929252572267188,0.16526499285397228,Palindromes
TGGCCT,0.02139229399683785,0.2771254536400434,Inverted repeat
TGGCCC,0.004917652380109494,-0.24829786257689598,Inverted repeat
TGGCCG,0.18573419115510767,0.06427688575047201,Inverted repeat
TGGCGA,-0.02373555219718255,0.2967175320900825,6-mer
TGGCGT,0.23414534786690255,0.42080334497016847,6-mer
TGGCGC,-0.07067738024366532,0.5172697998595234,6-mer
TGGCGG,0.2263144672072345,0.40227020320496587,6-mer
TGGGAA,-0.2634432750559973,-0.33238245252452847,6-mer
TGGGAT,-0.11752994968748565,-0.3018127335902864,6-mer
TGGGAC,0.018362934044788528,-0.6172984828408463,6-mer
TGGGAG,-0.09806777953834857,-0.03005723385617986,6-mer
TGGGTA,-1.384930744148007,0.1284483654661533,6-mer
TGGGTT,-0.7398164580575501,0.1426043954428004,6-mer
TGGGTC,-0.13359554382293182,0.63486740654747,6-mer
TGGGTG,0.3974465039733924,0.04800537291083218,6-mer
TGGGCA,0.10729003267016834,-0.8092273363903745,Inverted repeat
TGGGCT,-0.30192166719212576,-0.15568899614671977,6-mer
TGGGCC,-0.23418368468953513,-0.3128379617544077,6-mer
TGGGCG,0.5379362475313706,0.1561836093835702,6-mer
TGGGGA,-0.20802030382931186,0.38529015588479154,6-mer
TGGGGT,-0.3427995265343268,-0.038413883605228585,6-mer
TGGGGC,-0.08082925699296611,-0.4367042375186309,6-mer
TGGGGG,-0.144328127649154,0.17640443693518507,6-mer
CAAAAA,-0.363171077119244,0.3967983809938014,6-mer
CAAAAT,0.17265360275492994,-0.05093696522522531,6-mer
CAAAAC,-0.46189318552093295,0.5060817119361185,6-mer
CAAAAG,-0.8541491335365452,-0.0072680004640391345,6-mer
CAAATA,-0.21205047711498895,0.09124906236595368,6-mer
CAAATT,-0.5040425053375885,-0.7766581248346874,6-mer
CAAATC,-1.0857130593003796,0.012840345773424498,6-mer
CAAATG,-1.2081530545531916,-0.5459683691052926,Inverted repeat
CAAACA,0.20407476651435066,0.7397005618874449,6-mer
CAAACT,0.36230244279347795,-0.27068797837722913,6-mer
CAAACC,-0.24898663134816104,0.36773178450048705,6-mer
CAAACG,-0.46659912437998885,0.12242210289533187,6-mer
CAAAGA,-0.03891898929230224,-0.06273575534796248,6-mer
CAAAGT,0.18895422961794126,-0.16992500144231243,6-mer
CAAAGC,0.7183934881297844,0.007911390986004234,6-mer
CAAAGG,-0.11436702495200027,0.15608427025686702,6-mer
CAATAA,1.1666498694094516,-0.634482636564955,6-mer
CAATAT,1.7063439784248924,0.5849625007211562,6-mer
CAATAC,0.956435804576709,0.05578777818574692,6-mer
CAATAG,0.658963082164933,0.42209225681279416,6-mer
CAATTA,0.311358853177175,-0.5986374376182327,Inverted repeat
CAATTT,1.0565835283663676,-0.5547252702906543,Inverted repeat
CAATTC,0.11247472925841263,-0.5025003405291831,Inverted repeat
CAATTG,0.5496343161202784,-0.5132610353669672,Palindromes
CAATCA,-0.5225021966473954,0.0,6-mer
CAATCT,0.7670469334040672,0.188661564023898,6-mer
CAATCC,0.7287263082602881,0.1231482307728649,6-mer
CAATCG,-0.6315879510777466,-0.24858763472752934,6-mer
CAATGA,0.5779985529713918,-0.3234869227439242,6-mer
CAATGT,1.645427141985051,0.1606940537090944,6-mer
CAATGC,0.08876421863570605,-0.07907157099119878,6-mer
CAATGG,0.0642119032171021,-0.31730406836191466,6-mer
CAACAA,0.3826614973241771,0.41073736184521825,6-mer
CAACAT,0.6283902657210105,0.23061292814141632,6-mer
CAACAC,0.6448099476869908,0.23297717197761394,6-mer
CAACAG,-0.06568940253903194,0.3895261730381729,6-mer
CAACTA,1.0722080423344496,-0.5360529002402096,6-mer
CAACTT,0.41534093708433495,-0.5296607983306189,6-mer
CAACTC,0.394902942167142,-0.39581551934132553,6-mer
CAACTG,0.3970089422302751,-0.331747155917808,Inverted repeat
CAACCA,-0.8791284188294197,0.013175388747733061,6-mer
CAACCT,-0.25207941228468017,0.187501774666436,6-mer
CAACCC,-0.6280312226130421,-0.01830081674294389,6-mer
CAACCG,-1.0139179580449416,-0.35795640407157636,6-mer
CAACGA,-0.2492538586381853,-0.0034721919068049336,6-mer
CAACGT,-0.27922364393312404,0.09219369820974611,6-mer
CAACGC,0.09705357741478975,0.09988385625826135,6-mer
CAACGG,-0.2647829759181984,-0.2290255136688949,6-mer
CAAGAA,0.2755623006471712,0.008823850387006013,6-mer
CAAGAT,0.3683548059041805,0.6706230993375102,6-mer
CAAGAC,0.016477284462209342,0.6454672396807101,6-mer
CAAGAG,-0.49698077339376817,-0.18458052973883196,6-mer
CAAGTA,0.9434164716336326,-0.26303440583379395,6-mer
CAAGTT,0.580048742234899,0.26829013128528895,6-mer
CAAGTC,-0.3465868558574928,0.2078563281785674,6-mer
CAAGTG,-0.8774170711198667,-0.25421055544678767,Inverted repeat
CAAGCA,-0.10676861091319641,-0.3278855501837617,6-mer
CAAGCT,0.5666355740151843,0.4791678366985595,6-mer
CAAGCC,-0.4812158999274629,0.5966089416957697,6-mer
CAAGCG,-0.607569153341242,0.5505218553921266,6-mer
CAAGGA,0.559555388421683,0.0033203582916111426,6-mer
CAAGGT,0.4930182168221715,0.8649732065422776,6-mer
CAAGGC,0.24245128095439117,0.8176534397317671,6-mer
CAAGGG,0.31864191081127263,0.4918530963296747,6-mer
CATAAA,0.1985456793820804,0.39407788064319765,6-mer
CATAAT,0.07400058144377666,0.3763758789097388,6-mer
CATAAC,-0.27907261592556504,0.5961030583263566,6-mer
CATAAG,-0.5540831878371842,0.14359085362884977,6-mer
CATATA,0.1992313709543457,1.632268215499513,Inverted repeat
CATATT,0.6262185286586673,-0.08179409116364707,Inverted repeat
CATATC,-0.7110543218120662,0.7202868530195756,Inverted repeat
CATATG,-1.4654722207945972,-0.4646682670034443,Palindromes
CATACA,-0.9084494234650806,-0.5443205162238102,6-mer
CATACT,0.23918766387942603,0.043068721891885896,6-mer
CATACC,-1.1218502594384494,-0.7513208871432763,6-mer
CATACG,-1.3789519391554812,-0.48971418557334,6-mer
CATAGA,0.9814470218061909,-0.0703893278913978,6-mer
CATAGT,0.9197096816647156,0.18286405714981044,6-mer
CATAGC,0.020636113686562072,0.3723016174024817,6-mer
CATAGG,0.3124677656382958,0.008511499855517447,6-mer
CATTAA,-0.31667236943586696,-0.5542657034982398,6-mer
CATTAT,0.899518606952166,-0.7055526415347446,6-mer
CATTAC,0.6092100469678337,-0.45805038823893685,6-mer
CATTAG,-0.4103761219089809,-0.9212458885855888,6-mer
CATTTA,-0.8073549220576043,-0.5525410230287787,6-mer
CATTTT,-0.23095443483987188,0.5190122379962552,6-mer
CATTTC,0.7738208150257351,-0.3837865652944042,6-mer
CATTTG,-0.1721452646674247,-0.13980263983952293,Inverted repeat
CATTCA,-0.7754538032674916,-0.8454091120657944,6-mer
CATTCT,0.185508896660767,-0.15611920191728182,6-mer
CATTCC,0.31064228734084715,-0.5480113645482647,6-mer
CATTCG,-0.6688505692415944,-0.4356969698449369,6-mer
CATTGA,0.4324599455986616,-0.3289485225651346,6-mer
CATTGT,0.6147098441152082,-0.07442484112655448,6-mer
CATTGC,0.02727817441641776,-0.3291235962915664,6-mer
CATTGG,0.21105277942643494,-0.5164537227908662,6-mer
CATCAA,0.17010095059075778,0.23977905353349074,6-mer
CATCAT,0.14585086646345483,0.3860584323070778,6-mer
CATCAC,0.5222667439682805,0.2869326735311584,6-mer
CATCAG,-0.18284199067574883,0.1003805901436667,6-mer
CATCTA,-0.02974734339405206,1.3274032249535137,6-mer
CATCTT,-0.1076577129606367,-0.007708095135263031,6-mer
CATCTC,0.22850123091909355,-0.3148237081874122,6-mer
CATCTG,-0.5683379355658964,-0.1874833728266168,Inverted repeat
CATCCA,0.045992117098651884,0.019181413203620275,6-mer
CATCCT,0.2127517493262934,0.46510449656545866,6-mer
CATCCC,-0.327998022024123,0.9697853869529923,6-mer
CATCCG,-0.39808831652494914,0.0059739010446327465,6-mer
CATCGA,0.008653528568873782,-0.569108549520319,6-mer
CATCGT,-0.09237851879862179,0.5381857300517087,6-mer
CATCGC,-0.23400115427640558,0.2144494482607442,6-mer
CATCGG,-0.37690878212781115,-0.19393262380285617,6-mer
CATGAA,0.2616772137855478,0.2797586406434226,6-mer
CATGAT,0.08649525598394281,0.3048545815284209,6-mer
CATGAC,0.006426269159432692,0.6530431106211152,6-mer
CATGAG,-0.9066101611551349,-0.12029423371771174,6-mer
CATGTA,0.8678816823568959,-0.9107326619029128,6-mer
CATGTT,0.33344575977181673,0.15611920191728182,6-mer
CATGTC,0.22003551078259925,-0.1586165109031332,6-mer
CATGTG,-0.34013981238121105,-0.1199094637351967,Inverted repeat
CATGCA,0.20995044265432955,-1.0733731863302192,6-mer
CATGCT,0.4665328724869626,0.15476952773642624,6-mer
CATGCC,0.2503292978395711,-0.7224660244710911,6-mer
CATGCG,-0.17919226689352,-0.20095923172509686,6-mer
CATGGA,0.0720309035472979,-0.42530583473267103,6-mer
CATGGT,-0.010764068233394977,0.32930762525295976,6-mer
CATGGC,0.07782821382645769,-0.0034309054002734036,6-mer
CATGGG,-0.21809806449843744,0.13786880924141395,6-mer
CACAAA,-0.34425076420954764,0.1465794214900279,6-mer
CACAAT,-0.3513902802546407,-0.17670960600942182,6-mer
CACAAC,-0.6685130766877929,0.2698395837389084,6-mer
CACAAG,-0.6825034348725213,0.43550160183855946,6-mer
CACATA,0.9612746307282387,0.5820799921880349,6-mer
CACATT,0.2973103392649301,0.031535573433106666,6-mer
CACATC,-0.193080871644815,0.02531108852918752,6-mer
CACATG,-0.3090468035906299,-0.18359993833938887,Inverted repeat
CACACA,-2.068240861312821,-0.0041161084722319795,6-mer
CACACT,-1.3513542088205803,0.043943347587596805,6-mer
CACACC,-0.38757950377209716,0.07847405802308469,6-mer
CACACG,-1.2579093736559261,-0.28335439021338965,6-mer
CACAGA,-1.4130524285485273,0.23613022213213303,6-mer
CACAGT,-1.434663713488355,-0.7560744171139107,6-mer
CACAGC,-0.572185974599997,-0.2526328103733238,6-mer
CACAGG,-1.0967765473505415,0.36396331468457443,6-mer
CACTAA,-0.15548126467899026,-0.5736026385566083,6-mer
CACTAT,0.1766050666781282,-0.01510689239020819,6-mer
CACTAC,0.32092657104228955,-0.6069888070511551,6-mer
CACTAG,-0.0307861254196502,-0.4270101409449196,6-mer
CACTTA,-1.0908534304511137,0.5808463922489242,6-mer
CACTTT,-0.5972123971283351,-0.031138511808904187,6-mer
CACTTC,0.06941789152332595,-0.8969787121879793,6-mer
CACTTG,-0.7613497527931653,-0.3120417465702492,Inverted repeat
CACTCA,-1.4218818803208988,0.1830299890656744,6-mer
CACTCT,-1.5235619560570128,-0.8142085930986667,6-mer
CACTCC,-0.7697195064860637,-1.1911414873520083,6-mer
CACTCG,-0.6852182441225722,-1.0991081450129248,6-mer
CACTGA,-1.128384879139012,-0.3117082525694833,6-mer
CACTGT,-1.091512619457152,0.1147701872460746,6-mer
CACTGC,-0.6487835456022473,-0.7498165126160464,6-mer
CACTGG,-0.7520724865564145,-0.08714256262966796,6-mer
CACCAA,0.3704321971576787,0.10769419693807834,6-mer
CACCAT,0.12792895846619223,-0.08017034868398323,6-mer
CACCAC,0.7154094507997587,-0.36708427605591626,6-mer
CACCAG,0.2603191696981445,-0.009915468865082709,6-mer
CACCTA,0.5084340357323515,0.20298702216385484,6-mer
CACCTT,0.4550431128475956,0.5989354432737604,6-mer
CACCTC,0.36467059969682086,0.6522429152607788,6-mer
CACCTG,0.018214735599772974,0.12734103921078088,Inverted repeat
CACCCA,0.2255511964906457,-0.2581189154196773,6-mer
CACCCT,0.44203462527127696,0.7242545424166522,6-mer
CACCCC,0.4476029513279984,0.022176790844674447,6-mer
CACCCG,0.0173827206682258,-0.20499026836222412,6-mer
CACCGA,0.3287229548936757,-0.7142920930253909,6-mer
CACCGT,0.527957070014923,0.0695409332530769,6-mer
CACCGC,0.4284292666469533,0.1423205400477106,6-mer
CACCGG,0.18973973687682424,-0.518255357144614,6-mer
CACGAA,-0.14042274342061356,-0.40511400650356716,6-mer
CACGAT,0.00478677895199511,0.1908005922350826,6-mer
CACGAC,0.0032252522380807136,-0.3001237245690138,6-mer
CACGAG,-0.2439340868105744,-0.7687336280302967,6-mer
CACGTA,-0.2840960213616235,-0.9212458885855888,Inverted repeat
CACGTT,-0.3577763724011726,-0.6934471309995536,Inverted repeat
CACGTC,-0.03030853460468494,-0.3052038600777336,Inverted repeat
CACGTG,-0.6096062383909717,-0.4801325275007287,Palindromes
CACGCA,-0.6079497820773591,-0.9560566524124028,6-mer
CACGCT,-0.04710766480331996,0.49259848257249667,6-mer
CACGCC,0.5998901426185608,0.09442425973331477,6-mer
CACGCG,-0.569569962558776,-0.19140472885276374,6-mer
CACGGA,-0.8999746963609346,-0.41772658680648395,6-mer
CACGGT,0.3778912426632677,-0.5827240285251567,6-mer
CACGGC,0.2429584998866058,-0.248820546614093,6-mer
CACGGG,-0.16768973068569148,-0.2840960213616235,6-mer
CAGAAA,-0.4621543277084726,0.2667623020705464,6-mer
CAGAAT,-0.1710695433832532,-0.4000046843213693,6-mer
CAGAAC,0.05452400618807299,0.4433662223373382,6-mer
CAGAAG,-0.2832584695298073,-0.21848796688053176,6-mer
CAGATA,0.647778896765144,0.8213577814565787,6-mer
CAGATT,0.129005602264583,0.30812229536233193,6-mer
CAGATC,0.13806876039089283,0.6139840943341695,6-mer
CAGATG,-0.5614762488176114,-0.03881924889052805,Inverted repeat
CAGACA,-1.5493565348470142,0.654503433974233,6-mer
CAGACT,-1.2278846049722245,-0.025237291499022756,6-mer
CAGACC,0.0791805276441385,0.10691520391651183,6-mer
CAGACG,-0.4908895184408668,0.05889368905356862,6-mer
CAGAGA,-1.4103253719295232,-0.30822317960004914,6-mer
CAGAGT,-0.8867183190802645,-0.11718353937033882,6-mer
CAGAGC,-0.11956061802314148,-0.03200194150404733,6-mer
CAGAGG,-1.3903724116203575,0.1442424774163004,6-mer
CAGTAA,-0.4829711754439295,-0.8930847960834882,6-mer
CAGTAT,0.3627286260128022,-0.8406921059317166,6-mer
CAGTAC,1.0459495858604948,-0.8168359750684894,6-mer
CAGTAG,-0.3968124399966735,-1.6166713604484946,6-mer
CAGTTA,-0.7340773148413796,-0.8537105577493437,6-mer
CAGTTT,0.5883429784526976,-0.09480969338132078,6-mer
CAGTTC,1.1938034040109544,-0.7594602319532926,6-mer
CAGTTG,0.2097509819355005,-0.3555656915876498,Inverted repeat
CAGTCA,-1.9114532358809941,-0.05522952072039216,6-mer
CAGTCT,-1.0376200822094304,0.07847405802308469,6-mer
CAGTCC,-0.15606255121769322,-0.9574395377719545,6-mer
CAGTCG,-0.4189545423527235,-0.4774780740547507,6-mer
CAGTGA,-1.1752035622484607,-0.3136604789037618,6-mer
CAGTGT,-0.8508771132230694,0.17156535982356774,6-mer
CAGTGC,-0.7230411470782248,-0.2963105607080922,6-mer
CAGTGG,-0.7529760659175605,-1.057116970798361,6-mer
CAGCAA,0.6103922485235728,-0.42760617278189955,6-mer
CAGCAT,0.8934774195832278,-0.41413553298445105,6-mer
CAGCAC,1.6770627921960777,-0.6780719051126377,6-mer
CAGCAG,1.0692450481304998,0.028758992981424,6-mer
CAGCTA,0.2795355347214743,-0.37056287013823896,Inverted repeat
CAGCTT,0.789360243475295,-0.16654632298734212,Inverted repeat
CAGCTC,0.500692725444636,-1.2591087026199936,Inverted repeat
CAGCTG,0.23390788916608474,-1.2422758456669967,Palindromes
CAGCCA,-0.5910958379549833,-0.13750352374993496,6-mer
CAGCCT,-0.5581729233920344,0.3997622349399249,6-mer
CAGCCC,-0.30667484560279673,0.10760897408659652,6-mer
CAGCCG,-0.6420434431769269,-0.46878307105037004,6-mer
CAGCGA,-0.3095978823933916,-0.02159253049435816,6-mer
CAGCGT,-0.007040449891395841,0.24906522152780625,6-mer
CAGCGC,0.29033878280499525,0.22133904467090038,6-mer
CAGCGG,-0.12423575902366374,-0.14998006481987516,6-mer
CAGGAA,0.793040132794608,-0.2007972737058548,6-mer
CAGGAT,0.7009900355568681,1.0049407412702704,6-mer
CAGGAC,0.24623417472737658,0.23446525363702295,6-mer
CAGGAG,0.03730271655278698,0.19304532625704224,6-mer
CAGGTA,-0.3298070141351795,-0.3732173235842168,6-mer
CAGGTT,0.12153074122077989,0.43252492600768483,6-mer
CAGGTC,0.11891385594399626,0.3955601247795401,6-mer
CAGGTG,0.005296542388332484,-0.4409521980296368,Inverted repeat
CAGGCA,-1.6575413407674071,-0.5940076403241632,6-mer
CAGGCT,-0.4063492462143027,0.6902931959216762,6-mer
CAGGCC,0.04589510271655084,0.3180550857401562,6-mer
CAGGCG,-0.31637361529450886,0.32272626643795055,6-mer
CAGGGA,-0.7868434875771693,-0.16635838642211992,6-mer
CAGGGT,0.852331496818841,0.7304815605960073,6-mer
CAGGGC,0.5396543427005925,-0.10676584887306469,6-mer
CAGGGG,-0.5115807033490096,0.2667083620847888,6-mer
CTAAAA,-0.4854268271702417,0.06935919929290854,6-mer
CTAAAT,-0.29278174922784583,0.3059865510183408,6-mer
CTAAAC,0.4043902550793355,1.0647702553902378,6-mer
CTAAAG,0.5209286678695818,0.33027543760088196,Inverted repeat
CTAATA,-0.632268215499513,-0.5936797178222653,6-mer
CTAATT,-1.1538053360790355,-1.0588936890535685,6-mer
CTAATC,-0.62993940943954,-0.8024000401148393,6-mer
CTAATG,-0.5769251816557378,-0.949534933017012,6-mer
CTAACA,-1.5407830521526071,0.4271103315794187,6-mer
CTAACT,-1.28909670241999,-0.10912172238011227,6-mer
CTAACC,-0.8632388488386682,0.23446525363702295,6-mer
CTAACG,-0.8639384504239718,0.20922796213800016,6-mer
CTAAGA,-1.4672794804599825,-0.1124747292584125,6-mer
CTAAGT,-1.5221673739852601,0.6109577092541006,6-mer
CTAAGC,-0.8384425998417012,0.1814468713375319,6-mer
CTAAGG,-1.0025739436638266,0.058375572674902426,6-mer
CTATAA,1.5344727302674634,0.9632414499898823,Inverted repeat
CTATAT,1.1971413687187435,1.2788593729954765,Inverted repeat
CTATAC,0.6330146301272979,0.4854268271702417,Inverted repeat
CTATAG,0.7558740567162707,1.1081488038556226,Palindromes
CTATTA,1.9213901653036336,-0.15754127698647985,6-mer
CTATTT,1.8651538633356959,-0.16349873228287945,6-mer
CTATTC,0.45887967255868256,-0.6535892199132942,6-mer
CTATTG,0.6988609891407038,0.24100809950379493,6-mer
CTATCA,-0.6547214178352567,-0.10433665981473557,6-mer
CTATCT,0.6884410437415259,0.15200309344504997,6-mer
CTATCC,-0.31223741166115804,0.6883854137211445,6-mer
CTATCG,-0.9635879415790544,0.34564416386117,6-mer
CTATGA,0.601042240389018,0.5520478782484209,6-mer
CTATGT,1.6279084626928777,-0.20645087746742632,6-mer
CTATGC,0.17153605134829747,0.07780215160363295,6-mer
CTATGG,-0.17019258839307283,0.567040592723894,6-mer
CTACAA,1.3374346811548712,0.23977905353349074,6-mer
CTACAT,1.1750867065580914,0.3550949588225617,6-mer
CTACAC,0.944754158369144,0.08314123530024556,6-mer
CTACAG,0.00469933653582076,0.21657509474113362,Inverted repeat
CTACTA,1.2845458728842825,-0.06509502822188477,6-mer
CTACTT,0.670196581953505,-0.45943161863729726,6-mer
CTACTC,0.20928107953425742,-0.1210154009613658,6-mer
CTACTG,-0.34778888457701285,-0.3161457422933562,6-mer
CTACCA,-0.4680297769357068,-0.18057224564182084,6-mer
CTACCT,-0.8098559831420474,-1.0947186572531387,6-mer
CTACCC,-1.342345484855292,-0.5145731728297582,6-mer
CTACCG,-0.9550380825336148,-0.3195215971802671,6-mer
CTACGA,0.40152106110926206,-0.6680182404487147,6-mer
CTACGT,-0.5266789597168128,-0.5558161550616396,6-mer
CTACGC,0.41383227891947666,-0.3785116232537299,6-mer
CTACGG,0.030049472583910882,-0.3956721744119128,6-mer
CTAGAA,-0.334174355511578,0.5736175271271471,6-mer
CTAGAT,-1.1206297051855387,0.38163434101163013,6-mer
CTAGAC,-0.9083695245344318,0.3400754415976218,6-mer
CTAGAG,-0.22239242133644793,1.0916304754655681,Inverted repeat
CTAGTA,-0.45336561793794317,-1.212050477114989,6-mer
CTAGTT,-0.6741462018988378,0.06180528447347189,6-mer
CTAGTC,-0.41392730681090784,0.013175388747733061,6-mer
CTAGTG,-0.09515723304034009,-0.3785116232537298,6-mer
CTAGCA,-1.1896363280700577,0.11147528686243942,6-mer
CTAGCT,-1.0691620245073956,-0.18383257480540757,6-mer
CTAGCC,-0.6892991605358918,-0.0973967627945797,6-mer
CTAGCG,-0.7718462185109739,0.1626111930110307,6-mer
CTAGGA,-1.1321403389828422,-0.2661137987657658,6-mer
CTAGGT,-1.341036917835067,0.49080500689680834,6-mer
CTAGGC,-0.6329558134349479,0.2267708618470222,6-mer
CTAGGG,-0.9169794132321023,0.5318511642615936,6-mer
CTTAAA,-0.18057224564182084,-0.2690331464552369,Inverted repeat
CTTAAT,0.4449389849927056,-0.2500953501262955,Inverted repeat
CTTAAC,-0.18160680648994765,0.7255608308939567,Inverted repeat
CTTAAG,0.46948528330122014,0.6269120487012924,Palindromes
CTTATA,-0.1634987322828793,0.1872785681925806,6-mer
CTTATT,-0.5436862251426372,-0.17905601319444067,6-mer
CTTATC,-0.4862444497712639,0.49444221772352387,6-mer
CTTATG,-0.785659850958285,0.42821288802657687,6-mer
CTTACA,-0.6159418054185917,0.01158797427521175,6-mer
CTTACT,-0.8639384504239718,-0.5097561565319823,6-mer
CTTACC,-0.10521931205449692,-0.1473066987802934,6-mer
CTTACG,-0.04700348474878383,0.03368312625628859,6-mer
CTTAGA,-1.5160151470036647,0.7137759667943167,6-mer
CTTAGT,-0.7720480533216515,-0.35418229389198896,6-mer
CTTAGC,-0.7148252523876194,-0.07747875267771735,6-mer
CTTAGG,-1.2630344058337941,-0.09678506253487962,6-mer
CTTTAA,0.07645206043787314,-0.4526707339038513,6-mer
CTTTAT,0.43368755638650847,0.30562628255826174,6-mer
CTTTAC,0.4833222388453185,-0.07800251200127319,6-mer
CTTTAG,0.03141295263146128,0.7338862012342341,Inverted repeat
CTTTTA,0.03923516328310021,-0.8087755967572314,6-mer
CTTTTT,0.14888375160087103,0.08013710724572912,6-mer
CTTTTC,0.46755227576970726,-0.11686375769089861,6-mer
CTTTTG,-0.7991637220299997,0.2527660703799667,6-mer
CTTTCA,-0.8603910103731471,0.41600933834616877,6-mer
CTTTCT,-0.5899156379069587,-0.3122779248536431,6-mer
CTTTCC,-0.06640508056242743,-0.24397607001810906,6-mer
CTTTCG,-0.6213595589381676,0.18788882251425162,6-mer
CTTTGA,0.06631789665747959,0.06634249482869603,6-mer
CTTTGT,0.30899586186851935,0.12365846775108848,6-mer
CTTTGC,0.06286002383857657,-0.18263059246107566,6-mer
CTTTGG,0.09589799155989955,-0.1020094637147145,6-mer
CTTCAA,0.5866163986907659,0.26688673132940055,6-mer
CTTCAT,0.5613601829677544,-0.2999609748321512,6-mer
CTTCAC,0.6122821811862468,0.11756959638117587,6-mer
CTTCAG,0.21289911107453968,0.22399630703903756,Inverted repeat
CTTCTA,0.49110415719443445,0.15914516268906975,6-mer
CTTCTT,0.5214427632643754,-0.1928733344163929,6-mer
CTTCTC,0.5370100487809917,-0.17467853141294692,6-mer
CTTCTG,-0.2062608192105055,-0.3296591377212613,6-mer
CTTCCA,0.5639348373499903,-0.16772744573806633,6-mer
CTTCCT,0.5161854830566743,-0.16635838642211992,6-mer
CTTCCC,-0.44415682013837,0.10152972368300195,6-mer
CTTCCG,-0.6613742383863999,-0.44793302421120923,6-mer
CTTCGA,-0.07454314451561733,0.15622767930677514,6-mer
CTTCGT,-0.20900065396833828,-0.17031121347537478,6-mer
CTTCGC,-0.47212513062948286,0.1261868016409128,6-mer
CTTCGG,-0.49704784303767,-0.28099511733946736,6-mer
CTTGAA,0.28421676493587794,0.2461252708096001,6-mer
CTTGAT,-0.007649374568256152,0.6377901890753706,6-mer
CTTGAC,-0.3099961987127375,0.34792330342030675,6-mer
CTTGAG,0.45152756531224925,0.23693915256998208,Inverted repeat
CTTGTA,0.8604592506243381,-0.16457176694810532,6-mer
CTTGTT,0.12475305903684945,0.7908037457937562,6-mer
CTTGTC,0.3202826996542603,0.81735937401695,6-mer
CTTGTG,-0.5776391599152972,0.32483969030726567,6-mer
CTTGCA,-0.6677595306765002,-0.1073835353735993,6-mer
CTTGCT,-0.16539940271166403,-0.23436506300252394,6-mer
CTTGCC,0.43015671045731857,0.14499970570728746,6-mer
CTTGCG,-0.14257681424455063,0.6092100469678334,6-mer
CTTGGA,-0.5020759560457908,0.2480117854749708,6-mer
CTTGGT,-0.1574938518934991,0.21519691993224396,6-mer
CTTGGC,0.32543355845912897,0.7596143331114064,6-mer
CTTGGG,-0.10926063079135245,0.10780328953451497,6-mer
CTCAAA,-0.029835229540762908,0.23720541598193495,6-mer
CTCAAT,0.6079724787676567,-0.30515988150647033,6-mer
CTCAAC,0.06299556421952338,0.35886967327549907,6-mer
CTCAAG,0.3552310749695528,0.27915407119707086,Inverted repeat
CTCATA,0.569399865597816,-0.8000624294912481,6-mer
CTCATT,-0.3219280948873623,-0.5184670889342494,6-mer
CTCATC,-0.5709071071744156,0.7410124272289083,6-mer
CTCATG,-0.8392389830773903,-0.28425089174348955,6-mer
CTCACA,-1.8982701130361739,0.02476790514894186,6-mer
CTCACT,-1.4562291865989534,-0.5391588111080313,6-mer
CTCACC,-0.2541077838348807,0.7595081628172944,6-mer
CTCACG,-0.9463768059275758,-0.15611920191728182,6-mer
CTCAGA,-1.732565228032475,-0.08321336824898151,6-mer
CTCAGT,-1.4193376367124693,-0.745595899309646,6-mer
CTCAGC,-0.5365898259801638,0.06588793565645693,6-mer
CTCAGG,-1.3009090577625473,0.4082376671735025,6-mer
CTCTAA,-0.2539892662307868,1.2137981943924918,6-mer
CTCTAT,1.0780025120012733,0.4203907337730506,6-mer
CTCTAC,1.3771437074993305,0.3917164250442249,6-mer
CTCTAG,-0.003351209499637878,0.9934571541332279,Inverted repeat
CTCTTA,-0.8033603785525776,-0.3454965660257669,6-mer
CTCTTT,-0.6171038878212107,-0.2791901742248347,6-mer
CTCTTC,0.03984793336302175,-0.2721530504447166,6-mer
CTCTTG,-0.3893546379624516,-0.06102943339755945,6-mer
CTCTCA,-1.393725960885168,0.2568646385935874,6-mer
CTCTCT,-1.235366656378555,0.03525084718305202,6-mer
CTCTCC,0.17629964344645369,0.42324631255437656,6-mer
CTCTCG,-0.30801720011253936,-0.795397546924942,6-mer
CTCTGA,-1.1230934064761922,-0.26507067299031256,6-mer
CTCTGT,-1.379667165999439,-0.04419980391053503,6-mer
CTCTGC,-0.5870153625188981,-0.5126482959052661,6-mer
CTCTGG,-0.40662233001067466,0.2630344058337938,6-mer
CTCCAA,0.41377015085245783,0.17897014104531928,6-mer
CTCCAT,0.10566177634775602,-0.1798005446119797,6-mer
CTCCAC,0.19938649987052873,0.1115240240899795,6-mer
CTCCAG,0.9401477921148585,0.06945188075214523,Inverted repeat
CTCCTA,-0.4854268271702417,-0.8390637817849421,6-mer
CTCCTT,-0.18370142865894232,-0.43367167341789503,6-mer
CTCCTC,0.49179967999625906,-0.23054226148906,6-mer
CTCCTG,0.05973959646032376,0.15058521122685462,6-mer
CTCCCA,-0.36065592885727243,0.06213868489047266,6-mer
CTCCCT,-1.376691187629361,0.30617402357281004,6-mer
CTCCCC,-0.14430488236942804,0.9634922483982922,6-mer
CTCCCG,-0.7614473063745009,-0.3287585880566303,6-mer
CTCCGA,-0.421714413224746,-0.6107971868571741,6-mer
CTCCGT,-1.1970923200397348,0.04934991638269732,6-mer
CTCCGC,-0.7975807563723495,-0.3471221770466125,6-mer
CTCCGG,-0.2509985725127141,-0.3340425177968218,6-mer
CTCGAA,0.5103731843004724,-0.18903382439001684,Inverted repeat
CTCGAT,0.6778424181890104,-0.10647662812931044,Inverted repeat
CTCGAC,1.032071847536748,-0.33685463912546515,Inverted repeat
CTCGAG,-0.3871843766418027,-1.759201173766048,Palindromes
CTCGTA,0.8831088296732978,-0.7089512179966095,6-mer
CTCGTT,0.2670544573123701,-0.6915341649192003,6-mer
CTCGTC,0.3883843970590507,-0.06527035726638428,6-mer
CTCGTG,-0.34880802904594677,-0.6291623046316913,6-mer
CTCGCA,-0.6597807562551484,-0.3482324192392708,6-mer
CTCGCT,-0.25396046101078973,-0.530070742225084,6-mer
CTCGCC,0.35093318942641494,0.3923174227787602,6-mer
CTCGCG,-0.3527736127241406,-0.5051866116013665,6-mer
CTCGGA,-0.3063296638085648,-0.9147384574312036,6-mer
CTCGGT,0.29688736541066146,-0.632268215499513,6-mer
CTCGGC,0.6249540190840335,-0.7143901414987223,6-mer
CTCGGG,0.3170845840040803,-1.1361781262833677,6-mer
CTGAAA,-0.13305075774330388,0.4806258409064207,6-mer
CTGAAT,-0.7356682064520738,-0.40209844357134567,6-mer
CTGAAC,0.3543294252778634,1.0340977772064281,6-mer
CTGAAG,0.23004206660283755,-0.026152287855968556,Inverted repeat
CTGATA,-0.5370846495803921,0.2046620427176135,6-mer
CTGATT,-0.9149279146739367,0.34530260326117107,6-mer
CTGATC,0.40587940645276954,0.5613453958609287,6-mer
CTGATG,-0.15717111231086822,0.019181413203620275,6-mer
CTGACA,-1.5889138432378707,0.6008289061801771,6-mer
CTGACT,-1.8191170281463802,-0.5644151233170704,6-mer
CTGACC,0.2940883776241841,0.49895521201488896,6-mer
CTGACG,-0.5592182981763867,0.5100340132145907,6-mer
CTGAGA,-1.5896880045886388,-0.2671040701428407,6-mer
CTGAGT,-1.5015181039220422,-0.3074285251922473,6-mer
CTGAGC,-0.28105297153216785,0.41431452505129146,6-mer
CTGAGG,-1.5695122258576082,-0.08557573170607398,6-mer
CTGTAA,0.006886385585239633,0.3719687773869579,6-mer
CTGTAT,-0.13844676996914432,0.422454970841327,6-mer
CTGTAC,0.21052256867265184,-0.19534759832221915,6-mer
CTGTAG,-0.1600033334231186,0.8845227825800641,Inverted repeat
CTGTTA,-0.763239288375315,0.5346574188730907,6-mer
CTGTTT,0.24258466352113972,0.6202693694571088,6-mer
CTGTTC,0.9086539224210959,0.527378242464173,6-mer
CTGTTG,0.08656293787930305,0.5629361943911572,6-mer
CTGTCA,-1.8395961923936734,0.9454234671451891,6-mer
CTGTCT,-1.7359988717554375,0.5808463922489242,6-mer
CTGTCC,-0.309643615107366,0.1728983177563996,6-mer
CTGTCG,0.03602106653016705,0.395274244457414,6-mer
CTGTGA,-1.9271156236725526,0.11681366498274974,6-mer
CTGTGT,-1.5360529002402097,0.3269461696539871,6-mer
CTGTGC,-0.8864710543695856,-0.4217843317194288,6-mer
CTGTGG,-0.6742382879591884,0.39021913642734773,6-mer
CTGCAA,0.06714066999888003,-0.03102689562062452,Inverted repeat
CTGCAT,0.4579784324902264,-0.791814071161826,Inverted repeat
CTGCAC,1.0465425859370303,-1.0496307677246006,Inverted repeat
CTGCAG,1.2178424622531845,-0.45261495709532024,Palindromes
CTGCTA,-1.4405009562887254,-0.22360426100525613,6-mer
CTGCTT,-0.06897422719835375,-0.2701941974066598,6-mer
CTGCTC,0.8718016936786521,-0.304938359295692,6-mer
CTGCTG,1.046473630717481,-0.08406426478847438,6-mer
CTGCCA,-1.9317291738639042,-0.9082320136883202,6-mer
CTGCCT,-2.1029143043402727,-0.8188505608954336,6-mer
CTGCCC,-0.22157305738377545,-0.6502018489592561,6-mer
CTGCCG,-0.5099876494879926,-1.0050238995894947,6-mer
CTGCGA,-1.0248499221286511,-0.09124521619969408,6-mer
CTGCGT,-0.42333682249733057,-0.3000286133159953,6-mer
CTGCGC,0.2987837187762912,0.039627074120710856,6-mer
CTGCGG,-0.012063136736806755,-0.007442983185561885,6-mer
CTGGAA,1.0245304949969005,0.08736988709026781,6-mer
CTGGAT,0.4077308939908343,0.5276490482102585,6-mer
CTGGAC,0.7234109556102801,0.4664119816867198,6-mer
CTGGAG,0.851201442525096,0.23878685958711643,Inverted repeat
CTGGTA,0.13396091940563692,-0.23665899040949645,6-mer
CTGGTT,-0.2904706633657649,0.6453766835471781,6-mer
CTGGTC,0.2316131373060309,0.18848278771178087,6-mer
CTGGTG,0.20091269392599634,-0.17876548893619001,6-mer
CTGGCA,-1.7746919770038099,-1.0968615392525891,6-mer
CTGGCT,-0.6909761281092142,-0.45336561793794317,6-mer
CTGGCC,0.1953793896830985,-0.07958826473786264,6-mer
CTGGCG,-0.1225938420825937,0.5590170274305122,6-mer
CTGGGA,0.12345057164281174,-0.7669484603819205,6-mer
CTGGGT,0.4486029270403088,0.7636829325419855,6-mer
CTGGGC,0.5211903917177109,-0.02019132981530497,6-mer
CTGGGG,-0.07410958095138104,-0.22038029403554352,6-mer
CCAAAA,-0.5609619278622068,0.1989465950553256,6-mer
CCAAAT,-1.1352598296104737,-0.17697180693538142,6-mer
CCAAAC,-0.1956975546710277,0.4835813583661317,6-mer
CCAAAG,0.170051116660793,0.20332187073002977,6-mer
CCAATA,1.1629385711262057,0.23204259137016706,6-mer
CCAATT,0.4435198754363182,-0.4712129679505411,6-mer
CCAATC,-0.09406832436090844,-0.30640191514331355,6-mer
CCAATG,0.41940729072005867,-0.29865831556451516,6-mer
CCAACA,0.21271872130026723,0.26806122290862655,6-mer
CCAACT,0.5369409858582128,-0.8284346401764323,6-mer
CCAACC,-0.8446454746272425,-0.22386380855311597,6-mer
CCAACG,-0.3866158878939553,-0.35908109330482835,6-mer
CCAAGA,0.01837563930364493,0.15200309344504997,6-mer
CCAAGT,-0.19165508473759937,0.2003945775473306,6-mer
CCAAGC,-0.29560226829022446,0.5908330888456558,6-mer
CCAAGG,0.3717680685606896,0.4976993542653621,Inverted repeat
CCATAA,-0.20163386116965054,0.5145731728297582,6-mer
CCATAT,-0.22258502463970276,1.0867116331933306,6-mer
CCATAC,-0.7315453183819534,-0.1788739581697953,6-mer
CCATAG,-0.2208061704444964,0.3175363257702047,6-mer
CCATTA,0.16845361422564423,-0.8027676525619524,6-mer
CCATTT,0.5814712119312438,-0.0911478880581952,6-mer
CCATTC,-0.11802197435696911,-0.558183169605556,6-mer
CCATTG,-0.27530426866968394,-0.4129143273858741,6-mer
CCATCA,-0.08132845031111115,0.6747591710718019,6-mer
CCATCT,-0.33692667277315475,0.44596935883073485,6-mer
CCATCC,-0.5149937944521433,-0.13317327025120185,6-mer
CCATCG,-0.6090124134064557,0.06531335924975211,6-mer
CCATGA,-0.10393534952677941,0.3219280948873623,Inverted repeat
CCATGT,0.19532127912573555,-0.08246216019197294,Inverted repeat
CCATGC,0.16513752338418186,-0.2577977574676468,Inverted repeat
CCATGG,-0.08309231318885327,0.2265924098657335,Palindromes
CCACAA,-0.3350502221059099,0.28268646329451164,6-mer
CCACAT,0.17814287017876093,-0.14497864431208143,6-mer
CCACAC,-0.5853956774368829,0.2725258548110914,6-mer
CCACAG,-0.6352820471585584,0.22059913951339705,6-mer
CCACTA,0.30202853744965746,-0.28189343308510983,6-mer
CCACTT,-0.03776991796800704,-0.04975303519709959,6-mer
CCACTC,-0.5961989607919911,-0.44890095114512785,6-mer
CCACTG,-0.6267643155602777,-0.9161684091965293,6-mer
CCACCA,0.2481656182980087,0.22741049610307232,6-mer
CCACCT,-0.024042512928965257,0.7253402690465791,6-mer
CCACCC,-0.1354671128805337,-0.12257895919492105,6-mer
CCACCG,-0.05379627794153866,-0.13404796511371578,6-mer
CCACGA,-0.07303093022496907,-0.753360032416875,6-mer
CCACGT,-0.4395939350760154,-0.8957726311243637,6-mer
CCACGC,-0.07367919864251064,-0.15429646631046412,6-mer
CCACGG,0.02775566639738179,-0.7815014947680433,Inverted repeat
CCAGAA,0.22670592189993657,0.24922860630876334,6-mer
CCAGAT,0.43234338071649137,0.8261431817241568,6-mer
CCAGAC,0.027902172887188274,0.46666318786837313,6-mer
CCAGAG,-0.4624128808626749,0.12707469714919598,6-mer
CCAGTA,0.6964578700608318,-0.8586441507544584,6-mer
CCAGTT,1.1174563910490634,-0.5631581304028077,6-mer
CCAGTC,-0.20417605573210396,-0.3219280948873623,6-mer
CCAGTG,-0.6640397460179746,-0.47508488294878276,6-mer
CCAGCA,1.3632074677704438,-0.29367367818416185,6-mer
CCAGCT,0.633280687304795,-1.0325608617841615,6-mer
CCAGCC,-0.44416932108967433,-0.13009557401566577,6-mer
CCAGCG,0.10935616003333741,-0.09777521568647704,6-mer
CCAGGA,0.6258120143049631,0.11698080801032364,6-mer
CCAGGT,-0.009140948592267762,-0.4172899510102224,6-mer
CCAGGC,-0.22218603810736526,-0.15557906898664126,6-mer
CCAGGG,0.5146329823375042,0.11647943700931264,Inverted repeat
CCTAAA,-0.8947279568999412,-0.08228791113796709,6-mer
CCTAAT,-0.9086382578947858,-0.8441751956025416,6-mer
CCTAAC,-1.2969817377571315,0.7145977811377516,6-mer
CCTAAG,-1.8351156152582178,-0.04899703389455994,6-mer
CCTATA,1.1126810496078365,0.7888933862100671,6-mer
CCTATT,0.8652200848386471,-0.5260688116675878,6-mer
CCTATC,-0.5941419274955515,0.27904228203418613,6-mer
CCTATG,0.34481950266736805,0.4129017549348528,6-mer
CCTACA,0.4496361608028105,-0.015941543869021593,6-mer
CCTACT,-0.26500395568356333,-0.30567874324228733,6-mer
CCTACC,-1.3168156360736103,-0.23815973719476444,6-mer
CCTACG,-0.2956252338070194,-0.31903981556253574,6-mer
CCTAGA,-1.540568381362703,0.918890396698929,Inverted repeat
CCTAGT,-0.5989693587150355,0.03989272712351243,Inverted repeat
CCTAGC,-0.9315312314721318,0.218027228775046,Inverted repeat
CCTAGG,-1.4569894766391827,0.08629984639422035,Palindromes
CCTTAA,0.38332863955150565,0.5145731728297582,6-mer
CCTTAT,-0.49991519577342003,0.6135831786609239,6-mer
CCTTAC,0.049224496267613715,0.22286396735825958,6-mer
CCTTAG,-0.679740725473256,0.16238223922504932,6-mer
CCTTTA,0.2818729112532462,0.11321061044799106,6-mer
CCTTTT,-0.17062395742277797,0.27005885496676246,6-mer
CCTTTC,-1.0720241099823433,0.2127777671866672,6-mer
CCTTTG,-0.19031627188242284,-0.2994578140836675,6-mer
CCTTCA,0.4849520589149411,0.09729720135491468,6-mer
CCTTCT,0.28665262013983167,0.22157756955489336,6-mer
CCTTCC,-0.257647749384994,0.0017083424623614881,6-mer
CCTTCG,-0.5018406566136052,0.35553648753018213,6-mer
CCTTGA,0.3798678680685066,0.2815138264414541,6-mer
CCTTGT,0.45234877434653115,0.6300503902496942,6-mer
CCTTGC,0.2590438703095204,0.6220634993534039,6-mer
CCTTGG,0.35937088262721745,0.40746427957404296,Inverted repeat
CCTCAA,0.4230851646571403,0.15365661229756356,6-mer
CCTCAT,-0.637702873986816,0.9429502589810412,6-mer
CCTCAC,-0.8647255571516487,0.5824556451105816,6-mer
CCTCAG,-1.536873254255285,0.11136110894770396,6-mer
CCTCTA,0.945521059958556,0.4849615167192193,6-mer
CCTCTT,-0.39827187033314043,-0.2589300075010572,6-mer
CCTCTC,-0.8522293793731797,0.45162861872017657,6-mer
CCTCTG,-1.4592964018940626,0.09953567355091435,6-mer
CCTCCA,0.3695053787988584,0.28453110622692057,6-mer
CCTCCT,-0.006310321885143881,-0.2559449810474744,6-mer
CCTCCC,-0.7021726853655478,0.9163524381579231,6-mer
CCTCCG,-1.0244613360999812,-0.04302979273631232,6-mer
CCTCGA,0.7672071844265902,-0.24227584566699642,6-mer
CCTCGT,0.4695964725993275,0.04665009329882133,6-mer
CCTCGC,0.006414628287653798,0.08185611311694488,6-mer
CCTCGG,0.47977097008564185,-0.6523480243630003,Inverted repeat
CCTGAA,0.24296491351748187,0.7249071773557256,6-mer
CCTGAT,0.3312126046851156,0.3863547445747588,6-mer
CCTGAC,-0.13512603886504468,0.428043209103607,6-mer
CCTGAG,-1.2921112680098952,0.6247086795139125,6-mer
CCTGTA,-0.3092197740898228,0.2318958940248896,6-mer
CCTGTT,0.7452886415761355,0.8548020844600644,6-mer
CCTGTC,-0.5126710712849899,0.7657484947952354,6-mer
CCTGTG,-1.182452713896703,0.5382460018141259,6-mer
CCTGCA,1.0528482854837256,-0.5360529002402096,6-mer
CCTGCT,0.9018129131442333,0.11167919847404785,6-mer
CCTGCC,-0.5489715230812809,-0.11906317462708733,6-mer
CCTGCG,-0.10171791843101942,0.22948184612276706,6-mer
CCTGGA,0.6382337097306463,0.12990932259443308,6-mer
CCTGGT,-0.012500438065099592,-0.25621313997777967,6-mer
CCTGGC,-0.1437535544211832,-0.11319059511712831,6-mer
CCTGGG,0.33200269077472083,0.06290675156019182,Inverted repeat
CCCAAA,-0.26628006533744786,0.12185025943844917,6-mer
CCCAAT,0.046570410603438535,-0.033552559711026456,6-mer
CCCAAC,-0.4529315826343924,-0.09165434119109434,6-mer
CCCAAG,-0.16500951102819578,0.3770696490798233,6-mer
CCCATA,-0.6972987447515518,0.19677296356507257,6-mer
CCCATT,-0.1217238894305909,-0.2895066171949848,6-mer
CCCATC,-0.7731979113255419,-0.040015678847879044,6-mer
CCCATG,-0.20063363346610028,-0.03824746935696299,6-mer
CCCACA,-0.04706945914188511,0.20091269392599634,6-mer
CCCACT,-0.10619397658559945,-0.38502493021240414,6-mer
CCCACC,-0.36132118928942175,-0.16579256818135846,6-mer
CCCACG,-0.31689284297248693,-0.6780719051126377,6-mer
CCCAGA,0.3848147167425744,0.23149062363291187,6-mer
CCCAGT,0.3120398105229142,-0.9855004303048849,6-mer
CCCAGC,0.37632268944661057,-0.37384119171972835,6-mer
CCCAGG,0.29793994465334595,0.24347899720201283,Inverted repeat
CCCTAA,-0.8029317350234187,0.36640272402796736,6-mer
CCCTAT,-0.4911034496300904,0.0,6-mer
CCCTAC,-0.5814781109607063,-0.34513548604868755,6-mer
CCCTAG,-0.983880334636723,0.4212964897505262,6-mer
CCCTTA,-0.1154772174199358,0.08926733809708721,6-mer
CCCTTT,-0.7718855785153658,0.5615235877563279,6-mer
CCCTTC,-0.5752788267791927,0.17239488227622798,6-mer
CCCTTG,0.24735693995744995,0.6832106284116104,6-mer
CCCTCA,-0.6895128456493521,0.513171817653146,6-mer
CCCTCT,-0.6756262441762417,0.6651749110981959,6-mer
CCCTCC,-0.421225838325143,0.5639413540650073,6-mer
CCCTCG,0.10898422562863574,-0.27409956979674727,6-mer
CCCTGA,0.16341687956713938,0.40922017268352934,6-mer
CCCTGT,-0.2931364376232129,0.4769835894366835,6-mer
CCCTGC,0.28665900836777947,-0.03855324076939301,6-mer
CCCTGG,0.3644681704925817,0.16720550008872037,Inverted repeat
CCCCAA,0.05747664244039025,0.24045403368085894,6-mer
CCCCAT,-0.5839882004707964,0.0032456595036542,6-mer
CCCCAC,-0.2753822011509631,-0.2809563138310561,6-mer
CCCCAG,0.014826674342449424,-0.07405564508916777,6-mer
CCCCTA,0.1930232913515326,0.3944876623532797,6-mer
CCCCTT,-0.3280541976842038,0.4457870622622727,6-mer
CCCCTC,-0.16475785893461778,0.8408582209444284,6-mer
CCCCTG,-0.45801486359072574,0.352999540820368,6-mer
CCCCCA,-0.293565183969275,0.35845397091247644,6-mer
CCCCCT,-0.40581127961273,0.7345388567716662,6-mer
CCCCCC,-0.9165056844852398,-0.874779508416669,6-mer
CCCCCG,-0.0866670179107394,-0.1667043268292317,6-mer
CCCCGA,0.29675810338723185,-0.26111465167042835,6-mer
CCCCGT,0.008208813275532498,-0.10252194883220692,6-mer
CCCCGC,0.25098844077635674,-0.01631126422620746,6-mer
CCCCGG,0.25416037597859303,-0.3571759040150107,Inverted repeat
CCCGAA,-0.20453156747324358,-0.33977922876501526,6-mer
CCCGAT,-0.4506002117395867,-0.15024263558061254,6-mer
CCCGAC,0.11961319597399857,-0.09257576464399182,6-mer
CCCGAG,0.3622300616973248,-1.074962057681222,6-mer
CCCGTA,0.057193400063729076,-0.4854268271702417,6-mer
CCCGTT,-0.16581780534434895,-0.3207961253974426,6-mer
CCCGTC,-0.06623369840008662,-0.02184104853958189,6-mer
CCCGTG,-0.14541739461389733,-0.30577500633973353,6-mer
CCCGCA,0.6484889178480318,-0.034215715337912754,6-mer
CCCGCT,0.14221191223434915,0.14613250532055008,6-mer
CCCGCC,0.24849629316024335,0.03774591418736978,6-mer
CCCGCG,-0.10681092372056165,-0.44430209378403834,6-mer
CCCGGA,0.10638813891041922,-0.033062533042133545,Inverted repeat
CCCGGT,-0.29873356987657634,-0.545588262387012,Inverted repeat
CCCGGC,0.16346325661149097,0.2550682477059588,Inverted repeat
CCCGGG,-0.3386344276197624,-1.1620478009513602,Palindromes
CCGAAA,0.09681241606422095,-0.2534483570045957,6-mer
CCGAAT,-0.4527125650951466,-0.9391967209377999,6-mer
CCGAAC,-0.01721795619455364,-0.10185760813080812,6-mer
CCGAAG,-0.47601900098872507,-0.29880868244576947,6-mer
CCGATA,-0.6051462032515834,0.11315895741488925,6-mer
CCGATT,-0.9730702404947663,-0.8985404762628225,6-mer
CCGATC,-0.21926739762654715,0.2264654649278272,6-mer
CCGATG,-0.41044787600555793,-0.09228193374024021,6-mer
CCGACA,0.6383232302666746,0.41428037774958626,6-mer
CCGACT,0.012606222139743689,-0.7461172925357364,6-mer
CCGACC,-0.18602902011761965,0.21030173400971716,6-mer
CCGACG,-0.05012775106551253,-0.3054898151964038,6-mer
CCGAGA,0.7352334591989922,-0.9662458732249398,6-mer
CCGAGT,0.1713984584998178,-1.1234830534350004,6-mer
CCGAGC,0.22520198880197434,-0.9664542841771091,6-mer
CCGAGG,0.47640752072751386,-0.4610109237111449,Inverted repeat
CCGTAA,0.7416194531724231,-0.04182017569462692,6-mer
CCGTAT,0.13210353600734528,-0.23266075679027493,6-mer
CCGTAC,0.31065068929321954,-0.730539325006773,6-mer
CCGTAG,0.1243801453220491,0.12139510751465364,6-mer
CCGTTA,0.1825444879734259,0.013939190957873644,6-mer
CCGTTT,-0.2231485508301132,-0.1707468157857473,6-mer
CCGTTC,-0.01428552763059122,-0.12148911465496354,6-mer
CCGTTG,-0.27637462364482707,-0.25910870261999364,6-mer
CCGTCA,-0.03630866562177954,0.939680530726188,6-mer
CCGTCT,-0.06261015397573665,-0.158759083789986,6-mer
CCGTCC,0.15542604365142812,-0.14079923058782037,6-mer
CCGTCG,-0.026930898436762694,0.06167689655482435,6-mer
CCGTGA,-0.004087834817492493,0.044726357126974516,6-mer
CCGTGT,-0.3408161703721791,-0.036182336306645975,6-mer
CCGTGC,0.23884304604083934,-0.6166713604484944,6-mer
CCGTGG,-0.040180169144258225,-0.4865713691111828,Inverted repeat
CCGCAA,0.3992746007421731,0.3096646752215335,6-mer
CCGCAT,0.36079588749635894,-0.3910677951208229,6-mer
CCGCAC,0.33923120484416797,-0.1825914132784728,6-mer
CCGCAG,-0.059889152016685335,-0.051743575093998254,6-mer
CCGCTA,0.152521955180867,0.05536199808331516,6-mer
CCGCTT,-0.36986197983920965,0.33797603611923227,6-mer
CCGCTC,-0.06096219259469339,-0.20074174836730477,6-mer
CCGCTG,-0.08053633160629574,0.010945506561722166,6-mer
CCGCCA,0.1773676225911975,0.27392873823194674,6-mer
CCGCCT,0.0521545846257154,0.17538379171702737,6-mer
CCGCCC,0.36419105705436916,0.37535212984573185,6-mer
CCGCCG,0.40936118181146236,0.29803488857636984,6-mer
CCGCGA,-0.22367779692294754,-0.06047219659912976,Inverted repeat
CCGCGT,-0.14127620231631594,0.03598985705521408,Inverted repeat
CCGCGC,0.2961644144571138,0.24007325739048266,Inverted repeat
CCGCGG,-1.8514799548695158,-2.61598939634178,Palindromes
CCGGAA,-0.00920692962517228,-0.2019842424806353,6-mer
CCGGAT,0.10277184636212584,0.21639368071500498,6-mer
CCGGAC,-0.1917274531543702,0.022427766694425675,6-mer
CCGGAG,-0.41764580755228753,-0.4616967004721534,6-mer
CCGGTA,-0.5565340923946387,-0.9012951327149991,6-mer
CCGGTT,-0.7064913001722899,0.09179247591949048,6-mer
CCGGTC,-0.2984611722134446,-0.11331019479561785,6-mer
CCGGTG,0.1855850090697056,-0.15938913767999893,6-mer
CCGGCA,0.15483021810056552,-0.7846225005336603,6-mer
CCGGCT,-0.14060573752789945,-0.3009468221298704,6-mer
CCGGCC,-0.2287955187157826,-0.15385615040871273,6-mer
CCGGCG,0.36170386330304916,0.26998546312635996,6-mer
CCGGGA,0.25567578666799506,0.2328769070702343,6-mer
CCGGGT,-0.0710583262993466,-0.306958362228696,6-mer
CCGGGC,-0.3794665310054178,-0.5446611359965857,6-mer
CCGGGG,0.21482382144159878,-0.5134161180083667,Inverted repeat
CGAAAA,0.2534147155947402,0.04862535359974149,6-mer
CGAAAT,0.4703733689192232,-0.08457777077036449,6-mer
CGAAAC,0.033025603282889456,0.17393806394893577,6-mer
CGAAAG,-0.5933277055919589,-0.1448621429157336,6-mer
CGAATA,0.9991285441952549,-0.31667236943586696,6-mer
CGAATT,0.5414731760244625,-0.48019966550669246,6-mer
CGAATC,-2.475982794901145,-1.3032234959494928,6-mer
CGAATG,-0.6221807042205927,-0.5558161550616396,6-mer
CGAACA,0.6832071216815655,0.12389238668810473,6-mer
CGAACT,1.026600662150653,-0.6300503902496942,6-mer
CGAACC,-0.8995717634909569,-0.02909291152032684,6-mer
CGAACG,-0.4897774286249402,0.20213028660583454,Inverted repeat
CGAAGA,-0.06960970342449821,-0.18944199953516128,6-mer
CGAAGT,0.26863315882958555,-0.4049031221451306,6-mer
CGAAGC,-0.5996627792425394,0.07898284163043442,6-mer
CGAAGG,-0.4866162864188291,0.1639262608208692,6-mer
CGATAA,0.2591620081989894,0.4834244742590941,6-mer
CGATAT,0.4534877991206398,0.5688842927075821,6-mer
CGATAC,-0.5937251005757216,0.12606630426142348,6-mer
CGATAG,-0.8936628503770375,0.6838542577066438,6-mer
CGATTA,0.11619301750452288,-0.16573720447887882,6-mer
CGATTT,0.6890166327215246,-0.11357350695119693,6-mer
CGATTC,-2.0337166500304016,-1.0616545179137893,6-mer
CGATTG,-0.9304265644649526,-0.32716474325350936,6-mer
CGATCA,0.41266718758481996,0.7476579303359288,Inverted repeat
CGATCT,0.43171624042547413,0.6207336317429782,Inverted repeat
CGATCC,0.04424283796148277,0.3606218075951865,Inverted repeat
CGATCG,-0.5490374016027144,-0.015375225886915698,Palindromes
CGATGA,0.17267990735333094,0.27753397552890896,6-mer
CGATGT,0.3507864628581885,0.31725160767788907,6-mer
CGATGC,-0.4285529889043356,-0.15812155482842963,6-mer
CGATGG,-0.5080330041156272,-0.10792694381005492,6-mer
CGACAA,0.6421221811033694,0.6578468770486037,6-mer
CGACAT,1.018780984324516,0.5122330343752417,6-mer
CGACAC,0.24747276322992612,0.7351451585418375,6-mer
CGACAG,0.05867116505994017,0.44843807103044164,6-mer
CGACTA,1.08834058631703,-0.7410817026384382,6-mer
CGACTT,0.5384906060596124,-0.052196211125428334,6-mer
CGACTC,-0.8409074817686308,-1.0594431825056083,6-mer
CGACTG,-0.4734908436317659,-0.32417470064769793,6-mer
CGACCA,0.28069909811974647,0.27026597506486955,6-mer
CGACCT,0.43032753684746566,0.5694249316649636,6-mer
CGACCC,-0.5253977371320819,-0.31305514383807337,6-mer
CGACCG,-0.41254513212216476,-0.07482576794129836,Inverted repeat
CGACGA,0.29292757924265084,0.008294021801080546,6-mer
CGACGT,0.025920375869846298,-0.2159373991991484,6-mer
CGACGC,0.02335519423582964,0.23946593469538935,6-mer
CGACGG,-0.00969458920215193,0.14327370421884522,6-mer
CGAGAA,0.9719464791968757,-0.6078234585299686,6-mer
CGAGAT,1.0376948606103684,-0.48691952781130987,6-mer
CGAGAC,0.5221189697670379,-0.2447721994410654,6-mer
CGAGAG,-0.28870850083916827,-0.6845642756232946,6-mer
CGAGTA,1.413075982945558,-0.9335726382610241,6-mer
CGAGTT,1.1695867773073934,-1.0846312504671767,6-mer
CGAGTC,-1.1571907363919125,-0.9282642464010855,6-mer
CGAGTG,-0.5593060099447059,-1.032268803472341,6-mer
CGAGCA,0.7081236466597103,-1.1946474308535435,6-mer
CGAGCT,0.3582082708298292,-1.1704034279235296,6-mer
CGAGCC,-0.37222432268918276,-0.5070515854972152,6-mer
CGAGCG,0.015679159385431286,-0.49623358212682467,Inverted repeat
CGAGGA,0.7087715724308978,-0.24961389007147222,6-mer
CGAGGT,0.6522806818995044,-0.2561872404375187,6-mer
CGAGGC,0.2047229213909256,0.18970380263027323,6-mer
CGAGGG,0.18141599850802764,-0.3196945734225166,6-mer
CGTAAA,1.1333307233946053,-0.17410067741350538,6-mer
CGTAAT,1.5080451298322608,-0.797507136101257,6-mer
CGTAAC,0.4460643948994683,0.22506655563477318,6-mer
CGTAAG,-0.2583427105090717,-0.16921238347727308,6-mer
CGTATA,0.33987477464676064,0.09650798085334633,6-mer
CGTATT,1.3257498058397708,-0.323916647980816,6-mer
CGTATC,-0.31903218711907827,0.3812039042029685,6-mer
CGTATG,-1.2069726882714835,-0.38702312310924736,6-mer
CGTACA,0.4873977223413653,-0.22239242133644793,Inverted repeat
CGTACT,1.4994239782494874,-1.2779847472997654,Inverted repeat
CGTACC,-0.9061895208198512,-0.7978111493867333,Inverted repeat
CGTACG,-0.3219280948873623,-0.7859626280607661,Palindromes
CGTAGA,0.7931254857534649,0.05246741989413535,6-mer
CGTAGT,1.1630429006719918,-0.9510903995190535,6-mer
CGTAGC,-0.1506518527272759,0.35658216391504716,6-mer
CGTAGG,-0.14247306643045388,-0.5245266468591822,6-mer
CGTTAA,0.20992306937423127,0.6173839784135337,6-mer
CGTTAT,0.56315335327482,0.21249485380141717,6-mer
CGTTAC,0.4547212007513258,-0.11230296962479222,6-mer
CGTTAG,-1.111261609306926,0.0,6-mer
CGTTTA,-0.2125446353801007,-0.23544857416189416,6-mer
CGTTTT,-0.28340220352775564,0.13053590025504833,6-mer
CGTTTC,-0.32182335823328967,0.32092657104228955,6-mer
CGTTTG,-0.44316304104597604,0.1933209716258237,6-mer
CGTTCA,0.22393623640178517,0.33547462672531014,6-mer
CGTTCT,0.33212614998248063,0.16426837489429805,6-mer
CGTTCC,-0.18882230103491476,-0.41248179437508736,6-mer
CGTTCG,-0.46743701766774887,0.059786722224075856,Inverted repeat
CGTTGA,0.25989013642888675,-0.010268335453826839,6-mer
CGTTGT,0.08569061755206786,0.013589064747954923,6-mer
CGTTGC,-0.4092027907108561,-0.34066097124247985,6-mer
CGTTGG,-0.39493790458066913,-0.5165071985230624,6-mer
CGTCAA,0.0002782708159634777,0.62148837674627,6-mer
CGTCAT,0.23804230648037092,1.0894981508391028,6-mer
CGTCAC,0.2630691072743633,0.6620783825352144,6-mer
CGTCAG,-0.5819444948589594,0.5057672754544174,6-mer
CGTCTA,0.7574635060609805,0.20531890797750635,6-mer
CGTCTT,-0.023846741954367798,0.24100809950379493,6-mer
CGTCTC,-0.0568555040559069,-0.15366187711795762,6-mer
CGTCTG,-0.4859715487326463,-0.07281199015825364,6-mer
CGTCCA,0.6647249652707169,0.11167919847404785,6-mer
CGTCCT,0.623263719695731,0.4670382223250292,6-mer
CGTCCC,-0.39366590117898287,-0.5199286153036664,6-mer
CGTCCG,-0.18963632807005754,0.047547282116366135,Inverted repeat
CGTCGA,0.47499207917442604,0.003657023608089074,6-mer
CGTCGT,0.18594044287402947,0.3377583239890827,6-mer
CGTCGC,-0.1841677894747465,0.3127095648579836,6-mer
CGTCGG,-0.03526328104720644,-0.18295168173855178,6-mer
CGTGAA,0.3045406173614416,0.2327689629761245,6-mer
CGTGAT,0.23076298223078043,0.34523546837943137,6-mer
CGTGAC,-0.07127315702209122,0.6369087157538105,6-mer
CGTGAG,-0.9115031981280042,0.056194539452613275,6-mer
CGTGTA,-0.06547383747728157,0.04035773761614088,6-mer
CGTGTT,0.4476859050158714,-0.2581189154196773,6-mer
CGTGTC,-0.5165610857222801,0.2950328678243021,6-mer
CGTGTG,-1.202539365697032,-0.4954455829952328,6-mer
CGTGCA,0.5523578352892287,-0.6268883644888599,6-mer
CGTGCT,1.0560246867055336,-0.5335211153712868,6-mer
CGTGCC,-0.3753349843788163,-1.3330219247709472,6-mer
CGTGCG,-0.01856943720063224,-0.25752342216870244,Inverted repeat
CGTGGA,-0.06562692874218505,-0.36457243229585595,6-mer
CGTGGT,0.36303329821703556,0.07520634418917374,6-mer
CGTGGC,-0.24579522713173557,-0.06784264578105133,6-mer
CGTGGG,-0.28863581197835364,-0.42947042119622625,6-mer
CGCAAA,0.2967081048980854,-0.12765573779358774,6-mer
CGCAAT,0.2480901976364269,-0.38702312310924736,6-mer
CGCAAC,-0.2074037804352852,0.2881452382581535,6-mer
CGCAAG,-0.08999954514697063,0.565260586278608,6-mer
CGCATA,0.12362938203712914,-0.07185028501967788,6-mer
CGCATT,0.07281092602806083,-0.4102495493570954,6-mer
CGCATC,-0.11139192720419136,-0.19105723992631393,6-mer
CGCATG,-0.22349737491216107,-0.16543653652437176,6-mer
CGCACA,-0.4953463063677712,-0.18832067803793318,6-mer
CGCACT,-0.31097749417714043,-0.5530784397013703,6-mer
CGCACC,0.23496113873845265,-0.14235292341133055,6-mer
CGCACG,-0.03505970719791471,-0.13257684267000844,Inverted repeat
CGCAGA,-0.14851538051570853,-0.05748549466076002,6-mer
CGCAGT,-0.08819620713587185,-1.0379678501990206,6-mer
CGCAGC,-0.13335382446040156,-0.13682380875932187,6-mer
CGCAGG,-0.04961322472372189,0.22588140741632776,6-mer
CGCTAA,-0.2934663020477543,-0.27408959434278957,6-mer
CGCTAT,-0.3820806892213224,0.501421805178453,6-mer
CGCTAC,-0.2661324700187179,0.29698173775713155,6-mer
CGCTAG,-0.7800559374028694,0.4667657819476281,6-mer
CGCTTA,-0.5733453666589602,-0.0018970351725974908,6-mer
CGCTTT,0.09338748016748971,0.23711970708300054,6-mer
CGCTTC,-0.49663941083710955,0.34000805585572447,6-mer
CGCTTG,-0.602986556110914,0.3857088340132601,6-mer
CGCTCA,-0.03179233280663427,0.35156227951649166,6-mer
CGCTCT,0.24170140083279665,0.2511439947836533,6-mer
CGCTCC,-0.27643787828695054,0.09573146542383598,6-mer
CGCTCG,-0.0003127213007497097,-0.26595188921608814,Inverted repeat
CGCTGA,0.1313851891393754,0.29178293126718846,6-mer
CGCTGT,0.10342572143064457,0.6077828723334416,6-mer
CGCTGC,-0.1547216851086856,-0.14558587004779372,6-mer
CGCTGG,0.10624520561883234,0.1942313288343474,6-mer
CGCCAA,0.4203514123109645,0.3428552828424282,6-mer
CGCCAT,0.12042108635481887,0.3629907515092485,6-mer
CGCCAC,-0.05511402605270985,0.34232331563843305,6-mer
CGCCAG,-0.22050204921310076,0.3219280948873623,6-mer
CGCCTA,0.30300667407820836,0.5218872317950636,6-mer
CGCCTT,0.21456569619931792,0.4036712443288989,6-mer
CGCCTC,-0.09986817132359262,0.2644328502119647,6-mer
CGCCTG,-0.3136887767518654,0.40275916950040713,6-mer
CGCCCA,0.6299855534228104,0.3033124167200154,6-mer
CGCCCT,0.6259362507208672,0.575798025471412,6-mer
CGCCCC,0.2308770957077293,0.5243819021097113,6-mer
CGCCCG,0.2684125855603604,-0.06371423847773039,Inverted repeat
CGCCGA,0.5467265767626673,0.3253255280087383,6-mer
CGCCGT,0.505310885652596,0.3986924607796188,6-mer
CGCCGC,0.3538767386734298,0.6181293646563556,6-mer
CGCCGG,0.29776350168120996,0.15603297048120296,6-mer
CGCGAA,-0.6785337070964856,-0.0005362181964308751,6-mer
CGCGAT,-0.4571592157647997,0.1913281494704047,6-mer
CGCGAC,-0.3828270404958122,0.42460044206619363,6-mer
CGCGAG,-0.3870514463737063,-0.5179355400205178,6-mer
CGCGTA,-0.5598351014003768,-0.04730571477835657,6-mer
CGCGTT,-0.48644401437065166,-0.11434820076582028,6-mer
CGCGTC,-0.4613028075603833,0.21556308294633164,6-mer
CGCGTG,-0.551711463493746,-0.15624008633152067,6-mer
CGCGCA,0.2187942599555605,0.1292022231140776,Inverted repeat
CGCGCT,0.027894006135661814,0.18383033963006767,Inverted repeat
CGCGCC,0.18523439155773044,0.6023554181714852,Inverted repeat
CGCGCG,-0.26580540789305224,0.04883076253230035,Palindromes
CGCGGA,-0.2827579690486136,-0.461412142685169,6-mer
CGCGGT,-0.33892617123925944,-0.3032588834432921,6-mer
CGCGGC,-0.27834838401801826,-0.17732724980491665,6-mer
CGCGGG,-0.19061390657622215,-0.22250852894110495,6-mer
CGGAAA,0.4452393714669798,-0.013056152825446348,6-mer
CGGAAT,0.21835998434458315,-0.7799784831262989,6-mer
CGGAAC,-0.291358162977639,-0.30078932782921186,6-mer
CGGAAG,-0.6582705882002768,-0.3368398042912904,6-mer
CGGATA,0.21454455951376283,0.4843585597827505,6-mer
CGGATT,0.3088192158342627,-0.656496370553495,6-mer
CGGATC,-0.016419316538841405,0.2191172893035869,6-mer
CGGATG,-0.42769820567238925,0.2865537647854773,6-mer
CGGACA,-0.11063795482749247,0.3426016631521121,6-mer
CGGACT,-0.04027201525800866,-0.4375697126312058,6-mer
CGGACC,-0.5991240381448918,-0.09930528469049353,6-mer
CGGACG,-0.26740449568496194,-0.019880645403924643,Inverted repeat
CGGAGA,-0.0431123533216542,-0.12160332021677762,6-mer
CGGAGT,-0.05620855889294043,-1.006542845866772,6-mer
CGGAGC,-0.8228867290750892,-0.04072761200372996,6-mer
CGGAGG,-1.0197893216562677,-0.20067832848814376,6-mer
CGGTAA,0.41503749927884365,-0.5500166216132321,6-mer
CGGTAT,-0.377240339540196,0.047666433630314135,6-mer
CGGTAC,-1.0493544158339194,-1.2418401835646706,6-mer
CGGTAG,-1.11851447125939,-0.2604184576267823,6-mer
CGGTTA,0.1443379025205521,0.25653367691635676,6-mer
CGGTTT,0.06114262955713082,0.1386137162178705,6-mer
CGGTTC,-0.650447191663548,0.0034597019958669617,6-mer
CGGTTG,-1.0853572290436004,-0.20802030382931186,6-mer
CGGTCA,0.2573460986484105,0.23525859709440217,6-mer
CGGTCT,0.21014137400870406,0.20963814885570106,6-mer
CGGTCC,-0.5441553270069711,-0.2852491396493199,6-mer
CGGTCG,-0.43169813419939457,-0.04361477566025979,Inverted repeat
CGGTGA,0.7850036604352943,0.1025697336405477,6-mer
CGGTGT,0.6726395809535873,0.2568646385935874,6-mer
CGGTGC,0.09966930220535347,-1.0456426655557125,6-mer
CGGTGG,-0.07188202853246578,-0.11059683112032256,6-mer
CGGCAA,0.7388995782665042,-0.436639753764055,6-mer
CGGCAT,0.3318634525242075,-0.448052556506807,6-mer
CGGCAC,-0.15971350759509556,-1.6523617860067426,6-mer
CGGCAG,-0.5459209751715194,-0.8991357555467508,6-mer
CGGCTA,0.453256821509334,0.03340942201701413,6-mer
CGGCTT,0.240879522787798,0.13200422814009638,6-mer
CGGCTC,-0.20259507363275622,-0.3937783799070403,6-mer
CGGCTG,-0.5535630202669047,-0.0728703173951528,6-mer
CGGCCA,0.233023192982703,-0.010498247014614784,Inverted repeat
CGGCCT,0.27194942940852246,0.05959283859033787,Inverted repeat
CGGCCC,-0.4327625587818746,-0.3789151178839335,Inverted repeat
CGGCCG,-0.3537513872417657,-0.17314435867426833,Palindromes
CGGCGA,0.5882168381194165,0.42925848276018264,6-mer
CGGCGT,0.7759901196319918,0.5498141786132975,6-mer
CGGCGC,0.21376028299745176,0.6022501220288774,6-mer
CGGCGG,0.47828468333277874,0.26360475375222775,6-mer
CGGGAA,0.5243889802638797,-0.5452362224055455,6-mer
CGGGAT,0.7686451355908104,0.5367121500990067,6-mer
CGGGAC,0.09264863484346345,0.22966958703537363,6-mer
CGGGAG,-0.5208041984046894,-0.2516596159691369,6-mer
CGGGTA,-0.9704446692092146,-0.990015911427378,6-mer
CGGGTT,-0.051106829659822564,0.06303780041870369,6-mer
CGGGTC,-0.14114919843751592,-0.09284417871909388,6-mer
CGGGTG,0.08173086267160011,-0.22795194667834856,6-mer
CGGGCA,-0.01197931378243902,-0.997566440174918,6-mer
CGGGCT,-0.16463353483341853,-0.31917748387132755,6-mer
CGGGCC,-0.6110974929080422,-0.41298675971408183,6-mer
CGGGCG,0.018654886736262973,-0.03422966459597925,Inverted repeat
CGGGGA,0.22816834336100364,-0.38106055508442505,6-mer
CGGGGT,0.6053994256083048,-0.25298074116987107,6-mer
CGGGGC,0.23561498025773156,-0.3145422679666564,6-mer
CGGGGG,-0.12214194073484595,-0.3463280687838334,6-mer
GAAAAA,0.3269183974793694,0.253509213522475,6-mer
GAAAAT,0.7415383239560303,0.05793476908414141,6-mer
GAAAAC,0.13845245715899138,0.15449049930414457,6-mer
GAAAAG,0.4096614668209127,0.05112232337005857,6-mer
GAAATA,1.3731534182425356,0.5218229119091461,6-mer
GAAATT,0.6617780977719872,-0.5452982831476403,6-mer
GAAATC,0.3681318848148305,0.20602410774359547,Inverted repeat
GAAATG,-0.05087021488903665,0.11765158865427289,6-mer
GAAACA,-0.31609258575456534,0.4963685774521677,6-mer
GAAACT,0.4402548521399247,-0.16080462311361624,6-mer
GAAACC,0.4070245297022978,0.46120288348948996,6-mer
GAAACG,-0.24052913436677234,0.27130202181739427,6-mer
GAAAGA,-0.5614339652249152,-0.28102015130715646,6-mer
GAAAGT,-0.2615585028499453,-0.236747714313518,6-mer
GAAAGC,0.1518271442966048,-0.21121687785608925,6-mer
GAAAGG,-1.0251395622785084,-0.14609386032320254,6-mer
GAATAA,-0.4927688025114098,-0.8711865339268398,6-mer
GAATAT,0.7198920808072646,0.009650170033719005,6-mer
GAATAC,0.9430881760261426,-0.35781263058589374,6-mer
GAATAG,0.6955082351195292,0.25497785096273556,6-mer
GAATTA,-0.19169562411353147,-0.061075576751768244,Inverted repeat
GAATTT,0.6650157522871912,-0.24441872766644696,Inverted repeat
GAATTC,0.8982293220657771,-0.627798698631414,Palindromes
GAATTG,0.413351122650957,-0.6544355408453993,Inverted repeat
GAATCA,-2.1427702129294364,-0.632268215499513,6-mer
GAATCT,-0.6896760893534216,-0.7052567344388682,6-mer
GAATCC,-0.9143757463443073,-0.7993176029921858,6-mer
GAATCG,-1.9673015656269448,-1.1077363803868874,6-mer
GAATGA,-0.5469886298729912,-0.5431423250265291,6-mer
GAATGT,0.19350408067148844,-0.2509615735332188,6-mer
GAATGC,-0.4566732163450111,-0.9612964706695158,6-mer
GAATGG,-0.15210397768276715,-0.536842336670791,6-mer
GAACAA,-0.003095544248302885,-0.02458563827827286,6-mer
GAACAT,0.7954379968856703,0.5017491324721746,6-mer
GAACAC,1.0908332613357699,0.5194307364790606,6-mer
GAACAG,0.8107322209708825,0.21549601707043317,6-mer
GAACTA,0.6473283816815296,-0.6476982560691187,6-mer
GAACTT,0.8278142220452837,-0.239575433009805,6-mer
GAACTC,1.1051695153549237,-0.8911990568900191,Inverted repeat
GAACTG,1.2105119499333574,-0.9215259419769153,6-mer
GAACCA,-0.5667865747567108,-0.005759269288684871,6-mer
GAACCT,-0.31039659832911776,0.1712977827986918,6-mer
GAACCC,-0.46076477293597246,-0.1458730616010449,6-mer
GAACCG,-0.7482630469963212,0.05871479451047991,6-mer
GAACGA,-0.382270363295808,-0.4078902266992212,6-mer
GAACGT,-0.350202986814571,-0.14477152421397396,6-mer
GAACGC,0.01197548117257216,0.4339175311970192,6-mer
GAACGG,0.048365851413741834,0.1739040080022622,6-mer
GAAGAA,0.5026951620410824,-0.6316305602224408,6-mer
GAAGAT,0.29218075149331035,-0.5722032700058146,6-mer
GAAGAC,0.07854546089569944,0.1739575720863586,6-mer
GAAGAG,0.1408206297558033,0.0,6-mer
GAAGTA,1.2007417483673049,-0.40351562938362434,6-mer
GAAGTT,0.8432987781804565,-0.21864028647534037,6-mer
GAAGTC,0.593583819572762,-0.12371238806972659,Inverted repeat
GAAGTG,0.058841235998939104,-0.36564947231668027,6-mer
GAAGCA,-1.08957380084318,-0.4442041644437286,6-mer
GAAGCT,0.10763135932505695,-0.14505033280328306,6-mer
GAAGCC,0.03170454480918798,-0.183486514459391,6-mer
GAAGCG,-0.5521882427260333,0.15787965978171914,6-mer
GAAGGA,-0.6793478565887557,-0.21156539085209242,6-mer
GAAGGT,0.22518808156171954,0.538061525752128,6-mer
GAAGGC,0.04767131947628405,0.16360971309303388,6-mer
GAAGGG,-0.4368029018053773,0.0870018263032077,6-mer
GATAAA,0.5184306484992722,0.48991111859548914,6-mer
GATAAT,0.5034754639464276,-0.7016074195734265,6-mer
GATAAC,0.06347905682440012,0.6132912237796507,6-mer
GATAAG,-0.5433503110487864,0.40031599357207825,6-mer
GATATA,0.8745990962973171,0.9682911402726617,Inverted repeat
GATATT,1.0153479643334362,0.11018291775042278,Inverted repeat
GATATC,-0.015483269019740968,0.007231569231076027,Palindromes
GATATG,-0.8542870848696863,0.2613865529523117,Inverted repeat
GATACA,-1.1033196029937002,0.056034034914327874,6-mer
GATACT,0.42958930173734283,-0.4854268271702417,6-mer
GATACC,-1.247686441500358,-0.5769251816557378,6-mer
GATACG,-0.43550160183855935,0.4301443916690521,6-mer
GATAGA,0.15658217299925298,0.4959574946624113,6-mer
GATAGT,0.4123077065232715,0.09485918634144115,6-mer
GATAGC,-0.760873368993114,0.6969675262342871,6-mer
GATAGG,-0.5863378059167178,0.6941915704759145,6-mer
GATTAA,0.8487564196237627,-0.18541350871131998,6-mer
GATTAT,0.4385442521634735,-0.023846741954367656,6-mer
GATTAC,0.6354275677041439,0.0816137655536522,6-mer
GATTAG,-0.8259706002249511,-0.3479233034203069,6-mer
GATTTA,-0.15055967657538105,0.4885779642968136,6-mer
GATTTT,0.5566372323963024,0.35068708786878616,6-mer
GATTTC,1.2176867536971463,0.37509875390869996,Inverted repeat
GATTTG,-0.3854853892963351,0.2106790007726574,6-mer
GATTCA,-1.438154569681132,-0.2948832718731337,6-mer
GATTCT,-0.8479969065549503,-1.0836861505048556,6-mer
GATTCC,-0.842500918800098,-0.4854268271702417,6-mer
GATTCG,-2.427722758909959,-1.4137488033102712,6-mer
GATTGA,0.03652587602511375,0.27130202181739455,6-mer
GATTGT,0.08213828657047823,0.246639967583125,6-mer
GATTGC,-0.30598997073586615,-0.21012713988719972,6-mer
GATTGG,-0.30106518848678787,-0.27485984123058343,6-mer
GATCAA,0.3389600152854187,0.6796907888144571,6-mer
GATCAT,0.5543193516225146,0.517520456880095,6-mer
GATCAC,0.7563830479934468,0.5856987574561399,6-mer
GATCAG,0.41601472432004283,0.7008725915876227,6-mer
GATCTA,0.1462100244931408,0.0474471624024603,6-mer
GATCTT,0.5249088683585401,0.0501695962299347,6-mer
GATCTC,0.8199277219881492,-0.03487504127845948,Inverted repeat
GATCTG,0.025708503374957312,0.4454731610473777,6-mer
GATCCA,0.04676939166636053,0.047666433630314135,6-mer
GATCCT,0.38747504161533525,0.328685461062671,6-mer
GATCCC,0.1382871003280221,-0.44864928170866075,6-mer
GATCCG,0.0437807780826513,0.03033816319188803,6-mer
GATCGA,0.14552953398381976,0.330257079081824,6-mer
GATCGT,0.11454545881521615,0.3614564590739996,6-mer
GATCGC,-0.05779363351160806,0.27452208499680336,6-mer
GATCGG,-0.2160012755882543,0.324649306082492,6-mer
GATGAA,0.5076991827126004,0.7800343160580921,6-mer
GATGAT,0.3707401239298744,0.4371906415173941,6-mer
GATGAC,-0.06236809605930386,1.6438561897747248,6-mer
GATGAG,-0.6123321281254649,0.618321097667587,6-mer
GATGTA,0.7291844301945951,0.7104933828050152,6-mer
GATGTT,0.7044377857661679,0.3959286763311391,6-mer
GATGTC,0.41887625810891427,0.5446545120676191,Inverted repeat
GATGTG,-0.19788121263353559,-0.3496887880879761,6-mer
GATGCA,-0.22577539826122142,-0.6493129121312139,6-mer
GATGCT,0.19975131617292924,-0.2237890284550877,6-mer
GATGCC,-0.6477227731444772,-1.2948344340050872,6-mer
GATGCG,-0.11221790977307966,0.09850554495242524,6-mer
GATGGA,-0.3789961555977935,0.5640192407486565,6-mer
GATGGT,-0.12464323712006202,0.5318511642615936,6-mer
GATGGC,-0.384244510257968,0.09910275680621392,6-mer
GATGGG,-0.713913678788335,0.19715512983742503,6-mer
GACAAA,0.07683662529177987,0.13289427049734515,6-mer
GACAAT,0.6066984303724507,0.35038454093659027,6-mer
GACAAC,-0.21177773925413698,0.3443345079356419,6-mer
GACAAG,0.21256879525820274,0.6977763285922214,6-mer
GACATA,1.1481832222882458,-0.0828264311296206,6-mer
GACATT,1.2305776332816356,0.5570084391501549,6-mer
GACATC,0.4997971549633298,0.5832859229137727,Inverted repeat
GACATG,0.17078030047567816,-0.3719687773869579,6-mer
GACACA,-1.7754656274251879,1.0469210473874928,6-mer
GACACT,-1.122685558815782,0.35543735707761365,6-mer
GACACC,0.4431387190816459,0.9659525191723226,6-mer
GACACG,-0.6567135040707793,0.49701480144545335,6-mer
GACAGA,-1.3549131113019708,-0.031708859727338244,6-mer
GACAGT,-1.0544739765050324,0.2195663772576845,6-mer
GACAGC,0.027034222977436066,0.4817636130796569,6-mer
GACAGG,-0.4481278978321161,0.8521545320286061,6-mer
GACTAA,-0.41990325445065974,-0.7574296967259219,6-mer
GACTAT,0.9388733414384142,0.44957591798332247,6-mer
GACTAC,0.9305825111759272,-0.6915341649192002,6-mer
GACTAG,-0.31415540002041265,-0.4631740203231139,6-mer
GACTTA,-0.5895352305109802,0.09818039393890321,6-mer
GACTTT,0.060403574111206226,0.09451759878428997,6-mer
GACTTC,0.5543031349152031,-0.20469041960298903,Inverted repeat
GACTTG,-0.17603812516892442,0.3746797616627027,6-mer
GACTCA,-1.7427712158474122,-0.6461626571578937,6-mer
GACTCT,-0.9314129147425874,-0.19133294047960495,6-mer
GACTCC,-0.3275122131590641,-0.9247541055389878,6-mer
GACTCG,-1.1053709028091259,-0.9843790194121305,6-mer
GACTGA,-1.3171264940568328,-0.05761072317009534,6-mer
GACTGT,-1.1226640467232452,0.3135646219527356,6-mer
GACTGC,-0.6448005634922346,-0.7994061689421134,6-mer
GACTGG,-0.2641565145011494,-0.15661234669763938,6-mer
GACCAA,-0.04035773761614088,0.20172183306155805,6-mer
GACCAT,0.23288829138035058,0.5145731728297582,6-mer
GACCAC,0.36309972256437434,-0.05745027218389952,6-mer
GACCAG,0.2507619329434899,-0.047909984961385016,6-mer
GACCTA,0.0588250693460292,0.3496350240572043,6-mer
GACCTT,0.659664952789766,0.6256044852185021,6-mer
GACCTC,0.43921248812661295,0.22855659674624748,Inverted repeat
GACCTG,0.20874755352829452,0.44745897697122144,6-mer
GACCCA,-0.30416742026709004,0.8654139596323596,6-mer
GACCCT,0.010124949777442768,0.0016038857025896171,6-mer
GACCCC,0.027371607149880055,-0.39780296186248987,6-mer
GACCCG,-0.17946398412548586,-0.38097566320521087,6-mer
GACCGA,-0.29703585133493593,-0.5938818184096784,6-mer
GACCGT,0.0769595775655777,0.08765268203499219,6-mer
GACCGC,-0.11838788227326955,0.13598915964947764,6-mer
GACCGG,-0.29028058302748955,-0.1975549920662022,6-mer
GACGAA,-0.04080043139813451,0.06180528447347189,6-mer
GACGAT,0.24299968113322107,0.6671007872916345,6-mer
GACGAC,0.10402061306690687,0.3505487728271301,6-mer
GACGAG,0.42286202261960004,-0.015941543869021593,6-mer
GACGTA,-0.10132715678155113,-0.5566337776626616,Inverted repeat
GACGTT,0.024744128315391606,-0.1829608141359227,Inverted repeat
GACGTC,0.13048683453287022,0.1236128294536013,Palindromes
GACGTG,-0.08121532558095852,0.04761802023273977,Inverted repeat
GACGCA,-0.7119462981325047,0.31516439266806134,6-mer
GACGCT,-0.07364512920923094,0.4430403057042163,6-mer
GACGCC,0.4641391901722821,0.3177402979239288,6-mer
GACGCG,-0.47138996052092946,0.22068811512419892,6-mer
GACGGA,-0.7451654271006908,0.4426233309507433,6-mer
GACGGT,0.0743696751562829,0.3286227474613705,6-mer
GACGGC,0.21547146572309026,0.23933353483838007,6-mer
GACGGG,-0.1161488319010791,-0.1535069606257182,6-mer
GAGAAA,-0.1381220425336377,-0.11180925527137864,6-mer
GAGAAT,0.17940227974583628,-0.84799690655495,6-mer
GAGAAC,0.766335671539089,-0.3586120658160249,6-mer
GAGAAG,0.4956209753087282,0.06516901448005576,6-mer
GAGATA,0.20571122349537319,0.15702116821167436,6-mer
GAGATT,0.6076333309192128,-0.08934748559528222,6-mer
GAGATC,0.7914770129300475,-0.31005974065968156,Inverted repeat
GAGATG,0.17828306515536055,-0.037247043268768106,6-mer
GAGACA,-1.1231243843767638,0.42285700373814306,6-mer
GAGACT,-1.0140923713031857,-0.24845108268935684,6-mer
GAGACC,0.590607142767614,0.004167634215228652,6-mer
GAGACG,-0.009237476586179747,-0.0619868868957009,6-mer
GAGAGA,-1.2189924639556413,0.10208866491062034,6-mer
GAGAGT,-0.8595108945719908,-0.6181293646563555,6-mer
GAGAGC,0.197561706824906,-0.21747693092233128,6-mer
GAGAGG,-0.8965400236796209,0.587452052746854,6-mer
GAGTAA,-0.10852445677816902,0.025090980962830467,6-mer
GAGTAT,0.8051370968077852,0.17897014104531928,6-mer
GAGTAC,1.6008289061801773,-1.3267290811511834,6-mer
GAGTAG,0.12608909259223117,-0.9299902787522576,6-mer
GAGTTA,-0.5717871119734231,-0.0766212816029122,6-mer
GAGTTT,0.5729209410508685,-0.33579074826910793,6-mer
GAGTTC,1.1223169629003988,-1.011972641666076,Inverted repeat
GAGTTG,0.39464950227876333,-0.6586195424464649,6-mer
GAGTCA,-2.1215389702071374,-0.07943446749440494,6-mer
GAGTCT,-1.3949267881690905,-0.6213348903861181,6-mer
GAGTCC,-0.511694189849342,-0.7540897719574152,6-mer
GAGTCG,-0.9868918644322549,-0.45142615593491403,6-mer
GAGTGA,-1.367071471619649,-0.27443916910604305,6-mer
GAGTGT,-1.1076407231879697,-0.19973182392527575,6-mer
GAGTGC,-0.6153639792617078,-1.3932331289604953,6-mer
GAGTGG,-0.3970953285684878,-0.6888517438658801,6-mer
GAGCAA,-0.016894840370801786,-0.4360095036360563,6-mer
GAGCAT,0.14011841830690525,-0.45943161863729726,6-mer
GAGCAC,0.7563196236666186,-1.1357300815587157,6-mer
GAGCAG,0.8432302679798598,-0.7515550338679465,6-mer
GAGCTA,-0.587491327031895,-0.3814291066360242,Inverted repeat
GAGCTT,0.5433471034341063,-0.3181596250714498,Inverted repeat
GAGCTC,0.08946286497153287,-1.046293652273935,Palindromes
GAGCTG,0.48560851743660954,-1.23399473288244,Inverted repeat
GAGCCA,-1.0137086254408063,-0.3785116232537298,6-mer
GAGCCT,-0.5329801896745375,0.34368861362617315,6-mer
GAGCCC,-0.12840518651724273,-0.1941955295057959,6-mer
GAGCCG,-0.2644156362321543,-0.10894640398873248,6-mer
GAGCGA,-0.8433274052716025,-0.048136521044269964,6-mer
GAGCGT,0.13168981481484351,0.36833630788703553,6-mer
GAGCGC,0.31680802322855417,0.17424773080291592,6-mer
GAGCGG,-0.05364025286563453,-0.16349873228287945,6-mer
GAGGAA,0.25824054144012204,-0.28027111075909766,6-mer
GAGGAT,0.08173304090743724,0.647080090649011,6-mer
GAGGAC,0.3217793097543589,0.07666730131745368,6-mer
GAGGAG,0.3005956676828625,-0.1147493187965789,6-mer
GAGGTA,-1.229391562006158,-1.0040019305574965,6-mer
GAGGTT,-0.12393150417640657,0.25539952722476594,6-mer
GAGGTC,0.3690998269862489,0.131596882783213,Inverted repeat
GAGGTG,0.30649805431775623,0.5575303734414212,6-mer
GAGGCA,-2.6354247847249157,-1.310894044612386,6-mer
GAGGCT,-0.8979850423866265,0.5921561137823014,6-mer
GAGGCC,0.156040839295884,-0.12153897020713714,6-mer
GAGGCG,-0.09682337927901373,0.25598539323926933,6-mer
GAGGGA,-0.7739293647231037,0.17671795979759683,6-mer
GAGGGT,-0.26184827155593837,0.3897133429189769,6-mer
GAGGGC,-0.0012106432921650291,-0.2457564144019581,6-mer
GAGGGG,-0.18824782870678392,0.7500779569843565,6-mer
GTAAAA,0.41257345932736283,-0.1301987231267014,6-mer
GTAAAT,-0.4854268271702417,-0.6578940231750073,6-mer
GTAAAC,0.4573292209952825,0.13940305666541644,Inverted repeat
GTAAAG,1.1455190598748513,0.01449956969511516,6-mer
GTAATA,2.1563420291693873,-0.18057224564182084,6-mer
GTAATT,0.7280874428197532,-0.6541460658671571,6-mer
GTAATC,0.5691239072243829,-0.5807747037577224,6-mer
GTAATG,1.008905553221892,-0.8797057662822882,6-mer
GTAACA,-0.9574952714854648,0.14560532224689926,6-mer
GTAACT,-0.36412053094810803,-0.523561956057013,6-mer
GTAACC,0.2585153886983769,1.0,6-mer
GTAACG,0.23000560544632317,-0.023846741954367656,6-mer
GTAAGA,-0.5646535183208169,-0.45066140900956503,6-mer
GTAAGT,-0.7626054153243056,-0.8231222379159209,6-mer
GTAAGC,-0.25555282446434174,-0.15200309344504984,6-mer
GTAAGG,-0.40389694167364343,0.28982725172033824,6-mer
GTATAA,-0.15919859484925394,-0.4150374992788438,Inverted repeat
GTATAT,-0.5778204314771365,-0.5360529002402096,Inverted repeat
GTATAC,-0.9041399845924839,-0.9385994553358568,Palindromes
GTATAG,0.6428972698052976,0.8797057662822882,Inverted repeat
GTATTA,0.4076579689132461,-0.2829339632714985,6-mer
GTATTT,1.289506617194985,0.38702312310924725,6-mer
GTATTC,1.1059597415490527,-0.3785116232537299,6-mer
GTATTG,0.7769320014838508,-0.3572168448905013,6-mer
GTATCA,-1.1188235686816688,0.06711419585853703,6-mer
GTATCT,-0.432161677070053,0.21990715794685356,6-mer
GTATCC,-0.3358094296160668,0.13159688278321272,6-mer
GTATCG,-0.5001470152576435,-0.10593344474906523,6-mer
GTATGA,-1.0664356530659602,0.012600036779633539,6-mer
GTATGT,-0.40599235967583697,-0.45066140900956503,6-mer
GTATGC,-1.2437798487538487,0.16175106999661207,6-mer
GTATGG,-0.8117127892301735,-0.28379296600059123,6-mer
GTACAA,0.4838466571974951,-0.15806484623225117,6-mer
GTACAT,0.7132426833814685,-0.8875252707415877,6-mer
GTACAC,0.018889893970920134,-1.5000736031346436,Inverted repeat
GTACAG,0.33111501573375285,-0.15704371014558008,6-mer
GTACTA,0.7273795453370081,-0.7796099315746999,6-mer
GTACTT,1.7383848712515406,-1.5172756932095817,6-mer
GTACTC,1.53497739306087,-1.8875252707415877,6-mer
GTACTG,1.0477296196608026,-1.2750070474998698,6-mer
GTACCA,-0.3396169422864874,-1.1570437101455802,6-mer
GTACCT,-1.058473934892653,-1.5849625007211563,6-mer
GTACCC,-1.4517960492889617,-0.640003864279118,6-mer
GTACCG,-1.026838708999893,-1.0931094043914815,6-mer
GTACGA,0.3025106410601219,-0.4854268271702417,6-mer
GTACGT,-0.3801547840701828,-1.20685157044067,6-mer
GTACGC,-0.22775418237189368,-0.3758669019981659,6-mer
GTACGG,0.2889577508992687,-0.6693194311036739,6-mer
GTAGAA,0.5979682105459194,-0.4452377370545429,6-mer
GTAGAT,-0.0009744647725353988,-0.46097378344570256,6-mer
GTAGAC,0.02088924498421456,-0.08406426478847438,Inverted repeat
GTAGAG,1.3968153065183544,0.4460643948994683,6-mer
GTAGTA,1.4558712167874213,-1.9510903995190536,6-mer
GTAGTT,1.1416146054189353,-0.4854268271702417,6-mer
GTAGTC,0.9131607871721376,-0.9792414398332028,6-mer
GTAGTG,0.6022236166517266,-0.4127815253384759,6-mer
GTAGCA,-1.3496730853702668,0.03899413161586378,6-mer
GTAGCT,-0.23908871020876146,-0.4673929043399802,6-mer
GTAGCC,-0.18603700611863205,-0.7378960650406972,6-mer
GTAGCG,-0.30396335624530296,0.5691795034802284,6-mer
GTAGGA,-0.9558528963156179,-0.7695702595981339,6-mer
GTAGGT,-0.1006851897791834,-0.28575448233387735,6-mer
GTAGGC,-0.42001468826659,0.05266906851294022,6-mer
GTAGGG,-0.44340198001083675,-0.060120992437570804,6-mer
GTTAAA,-0.22826898767311707,-0.10347611994974089,Inverted repeat
GTTAAT,0.33257533908687087,0.18057224564182084,Inverted repeat
GTTAAC,-0.29387180975638677,1.2719399590556861,Palindromes
GTTAAG,-0.5000736031346431,0.8157427075503232,Inverted repeat
GTTATA,1.8271634031377846,-0.2829339632714985,6-mer
GTTATT,0.6682528440821919,-0.15754127698647985,6-mer
GTTATC,0.12608909259223117,0.42488528523519103,6-mer
GTTATG,0.10850145480846322,0.3379285735810777,6-mer
GTTACA,0.24867911285672373,0.17897014104531928,6-mer
GTTACT,-0.3103401206121505,-0.44625622988956415,6-mer
GTTACC,-0.05504136355796189,0.15200309344504997,6-mer
GTTACG,0.5726173103013278,0.3464107800867057,6-mer
GTTAGA,-1.0089887832272548,0.04606964869598505,6-mer
GTTAGT,-1.48971418557334,-0.6844981742720706,6-mer
GTTAGC,-1.1303318683476802,0.1154772174199358,6-mer
GTTAGG,-1.3156418320399312,0.40085856410908216,6-mer
GTTTAA,0.12029423371771174,-0.43133931160794414,6-mer
GTTTAT,-0.6998397201948733,0.576788569275456,6-mer
GTTTAC,-0.08321336824898151,-0.29387180975638677,Inverted repeat
GTTTAG,-0.3188876405673112,1.2147388487930126,6-mer
GTTTTA,0.15200309344504997,-0.14104388145518323,6-mer
GTTTTT,0.020340448284175465,0.039892727123512724,6-mer
GTTTTC,0.06807033542854453,0.3219280948873623,6-mer
GTTTTG,-0.589950215424208,0.3574722117450294,6-mer
GTTTCA,-0.22239242133644793,0.7552278005589347,6-mer
GTTTCT,-0.33700728549393355,0.21028273905845318,6-mer
GTTTCC,0.35602908754692053,-0.04132686228893511,6-mer
GTTTCG,-0.10160419855693695,0.3069777534213909,6-mer
GTTTGA,0.013066903201124976,0.9027027986450852,6-mer
GTTTGT,-0.1568833007863107,0.2842755534079641,6-mer
GTTTGC,-0.008955959268641117,-0.3458347108863067,6-mer
GTTTGG,-0.1628342190866584,0.24355703133449,6-mer
GTTCAA,0.3867232176844298,0.23984644242300418,6-mer
GTTCAT,0.6012669831279438,-0.19396401300993038,6-mer
GTTCAC,0.1630359496332548,0.2201745960866292,Inverted repeat
GTTCAG,0.36790102551668097,0.5104155473561022,6-mer
GTTCTA,-0.1712523151044752,0.11352894563041403,6-mer
GTTCTT,0.676971278331179,0.3612410189121883,6-mer
GTTCTC,0.6869538259983828,-0.3815910161857017,6-mer
GTTCTG,0.04967960252251628,0.49946628043954977,6-mer
GTTCCA,0.4783714590041615,-0.11270013274936225,6-mer
GTTCCT,0.5370906093911859,-0.047909984961385016,6-mer
GTTCCC,-0.2694058707218801,-0.4970657941834097,6-mer
GTTCCG,-0.20689583280993837,-0.5320136207721973,6-mer
GTTCGA,0.1985961620974919,-0.2052481303857691,6-mer
GTTCGT,-0.08923559528273396,-0.00693604721037658,6-mer
GTTCGC,-0.47007239055153016,0.3825246857603532,6-mer
GTTCGG,0.007867780693905835,-0.355611221143651,6-mer
GTTGAA,0.40463590381837405,0.29703391573651816,6-mer
GTTGAT,0.08785386850327896,0.26607486015384485,6-mer
GTTGAC,-0.16615887389384795,0.21059774735589806,Inverted repeat
GTTGAG,-0.003978283114255877,0.2545103335272553,6-mer
GTTGTA,0.8908782776198875,-0.13093086982644853,6-mer
GTTGTT,0.4373276499359561,0.27753397552890896,6-mer
GTTGTC,-0.016076463446496398,0.5772544055858932,6-mer
GTTGTG,-0.5173470119563135,-0.5360529002402096,6-mer
GTTGCA,-0.4048870386780273,0.03771966594915852,6-mer
GTTGCT,0.0660387615628274,-0.5849625007211562,6-mer
GTTGCC,-0.572697219271908,-1.157762362733735,6-mer
GTTGCG,-0.1735993222518493,0.04075976032833411,6-mer
GTTGGA,-0.4054367289965679,-0.2992545937465469,6-mer
GTTGGT,-0.22031101951306084,-0.5102776911209026,6-mer
GTTGGC,-0.2648429350767851,-0.3771898686574844,6-mer
GTTGGG,-0.40364233857741194,0.06793882865657518,6-mer
GTCAAA,-0.0937602932096004,0.3175891591630249,6-mer
GTCAAT,0.6535495859785688,0.393481355912396,6-mer
GTCAAC,-0.20502281659608,0.2705812148871419,Inverted repeat
GTCAAG,-0.4223031382673923,0.6701728902401171,6-mer
GTCATA,0.5270727748541638,0.4827243067904186,6-mer
GTCATT,0.22239242133644793,0.20122560902122355,6-mer
GTCATC,-0.09675533769629013,1.4436066514756147,6-mer
GTCATG,-0.01494449738939932,0.4806258409064207,6-mer
GTCACA,-1.2917483000139636,0.6280312226130421,6-mer
GTCACT,-1.176069097105849,-0.5885203201343454,6-mer
GTCACC,0.48705484506828717,0.3643305372491456,6-mer
GTCACG,-0.05218522334903149,0.7717310123268828,6-mer
GTCAGA,-1.2795182143364836,0.581047450717773,6-mer
GTCAGT,-0.8197452937902223,-0.25938662881864943,6-mer
GTCAGC,-0.10458424777499455,0.30532612755023253,6-mer
GTCAGG,-0.1725811797737258,0.6980193139256895,6-mer
GTCTAA,-0.8990710911492192,0.054606330650470145,6-mer
GTCTAT,0.9927004793419288,0.6114347120823471,6-mer
GTCTAC,0.30167294986009563,-0.2630344058337938,Inverted repeat
GTCTAG,-0.558267634055736,0.3791529635803122,6-mer
GTCTTA,-0.5199427088707461,0.03989272712351243,6-mer
GTCTTT,-0.2950448007364148,-0.06763871687536306,6-mer
GTCTTC,0.1468347313907678,-0.06520908878571774,6-mer
GTCTTG,0.015652400034349576,0.5244209587861053,6-mer
GTCTCA,-1.105509296667793,-0.11205850719247169,6-mer
GTCTCT,-0.7701229884606066,0.06104215563214544,6-mer
GTCTCC,0.07347988448757461,0.2129174729686569,6-mer
GTCTCG,0.43449886615498995,-0.06980203089941242,6-mer
GTCTGA,-1.183805715603238,0.4101136206395584,6-mer
GTCTGT,-1.2527813444560947,0.4823927670806085,6-mer
GTCTGC,-0.30974860039407853,-0.3439544012173613,6-mer
GTCTGG,0.07309363524686714,0.7748622019247348,6-mer
GTCCAA,-0.21542576785451242,-0.0694214009574795,6-mer
GTCCAT,0.1216617892856981,-0.16700751806001785,6-mer
GTCCAC,-0.036041755199766934,-0.12101540096136594,Inverted repeat
GTCCAG,0.8430108090122512,-0.16465181216913685,6-mer
GTCCTA,-0.7509886603045277,-0.09169983413681017,6-mer
GTCCTT,0.5187556911610198,0.5000553643745732,6-mer
GTCCTC,0.4203075521766336,0.04291797793470484,6-mer
GTCCTG,0.42119682514194867,-0.07430969726274085,6-mer
GTCCCA,-0.4147451894731859,-0.8570762004658122,6-mer
GTCCCT,-1.1005825221437695,-0.2807958449981353,6-mer
GTCCCC,-0.446615401347953,-0.3840498067951597,6-mer
GTCCCG,-0.18894555511847874,-0.12285674778553343,6-mer
GTCCGA,-0.3844565401156279,-0.4284997590854064,6-mer
GTCCGT,-0.6717058078565368,-0.28879750189887565,6-mer
GTCCGC,-0.22865542071046266,0.1454003586208028,6-mer
GTCCGG,-0.09433584203118824,-0.1103673938124209,6-mer
GTCGAA,0.19153822819365443,0.18042541392413403,Inverted repeat
GTCGAT,0.2268414553085053,0.05722486869294989,Inverted repeat
GTCGAC,0.2897051441033605,-0.23771162567046322,Palindromes
GTCGAG,1.0056606912247856,-0.036182336306645975,Inverted repeat
GTCGTA,0.572841622094498,-0.29278174922784583,6-mer
GTCGTT,-0.03089871033395088,0.45205668870964977,6-mer
GTCGTC,0.09365419091059791,0.5300785936480316,6-mer
GTCGTG,0.12205909777150818,-0.06842514101088411,6-mer
GTCGCA,-0.9385538357990731,0.4284580150411653,6-mer
GTCGCT,-0.3854991110025034,0.29602623144460516,6-mer
GTCGCC,0.18916854887495968,0.3060185146620567,6-mer
GTCGCG,-0.4091017962400044,0.29102659539904413,6-mer
GTCGGA,-0.4503821146439869,-0.07376405467205445,6-mer
GTCGGT,-0.09911813877877215,-0.48854616901442044,6-mer
GTCGGC,0.2371837080848741,0.1661334222799381,6-mer
GTCGGG,0.05135329370275338,-0.17145085567327245,6-mer
GTGAAA,-0.0074825763312061176,0.5122061582858422,6-mer
GTGAAT,-0.49398884067366583,-0.36383504662128596,6-mer
GTGAAC,0.20508984430904098,0.2160195863162048,Inverted repeat
GTGAAG,0.6242581654793052,-0.012313261438851338,6-mer
GTGATA,-0.7318877398563496,0.12553088208385882,6-mer
GTGATT,-0.7238532313480558,-0.33287839444790296,6-mer
GTGATC,0.7296521700825275,0.7164286631635113,6-mer
GTGATG,0.454803827584389,0.408419620514336,6-mer
GTGACA,-1.2463280731013937,0.6334279900577954,6-mer
GTGACT,-1.1018181342274094,-0.11917170097767758,6-mer
GTGACC,0.2619207855230854,-0.21150410519371177,6-mer
GTGACG,0.2362150355869827,0.7944510888269665,6-mer
GTGAGA,-1.0609289986423318,-0.16927056956858708,6-mer
GTGAGT,-1.1720607457863035,0.24511249783653136,6-mer
GTGAGC,-0.5651379607007685,0.19491168491434085,6-mer
GTGAGG,-0.7885949322563615,0.5070980522676115,6-mer
GTGTAA,-0.055041363557961735,0.7964666059148681,6-mer
GTGTAT,-1.2850127749292883,-0.17730453180790964,6-mer
GTGTAC,-0.37022365192814344,-0.3383225331380309,Inverted repeat
GTGTAG,0.8375979572726974,-0.02046410255971556,6-mer
GTGTTA,-0.7960691145110893,-0.4447848426728957,6-mer
GTGTTT,-0.014775352680398427,0.6278438717860938,6-mer
GTGTTC,1.0512680162941384,0.19683287490582918,6-mer
GTGTTG,0.5986374376182327,0.30812229536233193,6-mer
GTGTCA,-1.5003771686362133,1.318252436743964,6-mer
GTGTCT,-1.2482649465034537,0.13782415827528824,6-mer
GTGTCC,-0.28386702442009804,-0.11471165887669248,6-mer
GTGTCG,0.2715332118313322,0.6358794690518919,6-mer
GTGTGA,-1.2660557578090308,-0.10720960143633548,6-mer
GTGTGT,-1.4278000095881866,0.556393348524385,6-mer
GTGTGC,-0.7173135367054884,-0.7237902054184728,6-mer
GTGTGG,-0.5774573310642861,0.21572869105543724,6-mer
GTGCAA,-0.6302925005695457,-0.07978802589364739,Inverted repeat
GTGCAT,-0.1272351882961077,-0.8744691179161412,Inverted repeat
GTGCAC,0.14788815899279908,-1.3864168213390762,Palindromes
GTGCAG,1.016092421827838,-0.8432744963125469,Inverted repeat
GTGCTA,-1.3410369178350672,-0.2255597004151309,6-mer
GTGCTT,-0.13086752566095838,-0.19921930823635062,6-mer
GTGCTC,0.822082207804157,-1.2696981361148045,6-mer
GTGCTG,1.6404209048315523,-0.35230174393088115,6-mer
GTGCCA,-2.1472309607935114,-2.301169534720565,6-mer
GTGCCT,-2.014287594188156,-1.8094144442358981,6-mer
GTGCCC,-0.3299939305540547,-2.2091413978385916,6-mer
GTGCCG,-0.22358985937770864,-1.8967307293882967,6-mer
GTGCGA,-0.9152669515052331,-0.3232390400397092,6-mer
GTGCGT,-0.4876364998964205,-0.31820019865060967,6-mer
GTGCGC,0.3532875180231075,-0.12157176016801752,6-mer
GTGCGG,0.30918995270787647,-0.33976019647662214,6-mer
GTGGAA,0.2636808780326994,-0.38935085561519406,6-mer
GTGGAT,-0.13941227160175673,0.1969155153206244,6-mer
GTGGAC,-0.11795320847206095,-0.006853671041062331,Inverted repeat
GTGGAG,0.08986542905053914,-0.33674409201680316,6-mer
GTGGTA,-0.7340993846910943,-1.159198594849254,6-mer
GTGGTT,-0.45738378998843837,0.14892370051307788,6-mer
GTGGTC,0.4167074234481323,0.35749345487107825,6-mer
GTGGTG,0.7092406374009107,0.267933205246633,6-mer
GTGGCA,-2.199242323049041,-0.915111102413487,6-mer
GTGGCT,-0.9740294211337407,-0.24547603444948898,6-mer
GTGGCC,-0.07903374509799625,0.052993087613884354,6-mer
GTGGCG,-0.030662007554198307,0.4193939043229795,6-mer
GTGGGA,-0.10981315274674153,-0.14519791553993572,6-mer
GTGGGT,-0.08829344252230342,-0.4342620665437423,6-mer
GTGGGC,-0.2564286810062255,-0.35908109330482835,6-mer
GTGGGG,-0.24145819867716467,-0.1832218240557701,6-mer
GCAAAA,-0.44157253758081433,-0.0012017452097529827,6-mer
GCAAAT,-0.8763415322489118,-0.9541963103868752,6-mer
GCAAAC,0.045863740604450004,-0.3872464332313385,6-mer
GCAAAG,0.4275145044468583,-0.18215762496717292,6-mer
GCAATA,1.3243029020752657,-0.47804729680464425,6-mer
GCAATT,0.7564020736306162,-1.0110551885089958,6-mer
GCAATC,-0.12237941717451972,-0.3094562065392299,6-mer
GCAATG,0.26686449822480096,-0.3845522254110294,6-mer
GCAACA,0.18003502908715352,0.2102564587848305,6-mer
GCAACT,0.6233469213393916,-0.7149825951048709,6-mer
GCAACC,-0.9503968794764284,-0.18621880878296287,6-mer
GCAACG,-0.32738348429760594,-0.31846146516758306,6-mer
GCAAGA,0.19736033557174368,0.04938802696216337,6-mer
GCAAGT,0.17836043838531293,-0.02202630632999888,6-mer
GCAAGC,-0.25382364911631905,0.2928209534301034,Inverted repeat
GCAAGG,0.2705657650824106,0.6075491857883965,6-mer
GCATAA,-0.27184747564010286,0.22881869049588074,6-mer
GCATAT,-0.409520494311278,-0.5594274086140185,6-mer
GCATAC,-1.3865939695515883,-0.978626349207433,6-mer
GCATAG,0.2451872314500002,-0.0037915791623741773,6-mer
GCATTA,0.3219280948873623,-1.4020984435713457,6-mer
GCATTT,0.33969237436320154,0.1106191726799307,6-mer
GCATTC,-0.5733594945363331,-0.8633820697611218,6-mer
GCATTG,-0.11363310757702366,-0.5616203169396408,6-mer
GCATCA,0.017216777625544615,-0.12671293462101324,6-mer
GCATCT,-0.09575898280543059,-0.8885247131375604,6-mer
GCATCC,-0.35516338542309245,-0.7522133678651431,6-mer
GCATCG,-0.34310249978080437,-0.364436438042007,6-mer
GCATGA,0.16386324865511095,0.17542398184680183,Inverted repeat
GCATGT,0.3163518563076919,-1.1538053360790355,Inverted repeat
GCATGC,-0.1283520972868672,-0.8238923500542532,Palindromes
GCATGG,0.06741292140901671,-0.0562492229446677,Inverted repeat
GCACAA,-0.2588683762542407,-0.420764110305801,6-mer
GCACAT,0.28905694934682147,-0.5431423250265291,6-mer
GCACAC,-0.89649542424614,-1.1937717433966801,6-mer
GCACAG,-0.730668675924932,-0.720278465233327,6-mer
GCACTA,0.5713795284482311,-0.5849625007211562,6-mer
GCACTT,-0.0812934027826443,-0.7810835732154829,6-mer
GCACTC,-0.7504058511049143,-1.371558862611963,6-mer
GCACTG,-0.8205488483674591,-0.7384834218084593,6-mer
GCACCA,0.41538128458748574,-0.6868421147403697,6-mer
GCACCT,0.43823325783411865,-0.4288432988038743,6-mer
GCACCC,-0.11044722531967684,-1.1398436622044514,6-mer
GCACCG,0.14910028554241264,-1.1034043851193611,6-mer
GCACGA,0.2815425602922444,-0.4923728927831049,6-mer
GCACGT,0.2032284168002233,-0.9438719876214895,6-mer
GCACGC,0.205739313930985,-0.5171168614832367,Inverted repeat
GCACGG,0.17166747877368932,-0.7260618480474711,6-mer
GCAGAA,-0.1034671997505187,-0.42551898314716646,6-mer
GCAGAT,0.11191261665615528,-0.6147098441152082,6-mer
GCAGAC,-0.38353707841383966,-0.47184842066970106,6-mer
GCAGAG,-0.6048620581588611,-0.22578301053722208,6-mer
GCAGTA,0.34587747123716556,-1.2302976194217943,6-mer
GCAGTT,0.9697770581705278,-1.2692395553605023,6-mer
GCAGTC,-0.6215958583001361,-0.9792414398332026,6-mer
GCAGTG,-0.7954481553734299,-0.8852298127539252,6-mer
GCAGCA,1.0355624034370612,-0.6229303509201767,6-mer
GCAGCT,0.32692581833198703,-1.510961919277379,6-mer
GCAGCC,-0.8311623524774217,-0.6540550239941022,6-mer
GCAGCG,-0.22125487344318212,-0.20503885458617974,6-mer
GCAGGA,0.5577937014288804,0.12234747494792868,6-mer
GCAGGT,0.31467142216126887,0.06623369840008676,6-mer
GCAGGC,-0.16449802750281695,0.14312494209859725,Inverted repeat
GCAGGG,0.42655272642707337,-0.12685627955042625,6-mer
GCTAAA,0.36463254584160065,-0.189033824390017,6-mer
GCTAAT,-0.8653163827549761,-1.5227253685932174,6-mer
GCTAAC,-1.1487658373130127,0.16349873228287945,6-mer
GCTAAG,-0.8659576180606238,0.18579140690133325,6-mer
GCTATA,0.6021343472458577,1.0513991525066442,6-mer
GCTATT,0.25356076458117605,-0.10886347570603347,6-mer
GCTATC,-0.7425846666673664,0.5172875575267942,6-mer
GCTATG,0.07214978575583539,0.4305089080412836,6-mer
GCTACA,0.502936595458691,0.47480264413715745,6-mer
GCTACT,-0.08444581238382802,-0.10757988719981469,6-mer
GCTACC,-1.2188477142930356,-0.7804336227423155,6-mer
GCTACG,-0.0192200461767846,-0.38285709352969405,6-mer
GCTAGA,-1.3986450427507713,0.6391182707680617,Inverted repeat
GCTAGT,-1.6923460360947553,-0.49398884067366566,Inverted repeat
GCTAGC,-1.363104311955482,-0.39323312896049534,Palindromes
GCTAGG,-1.1523827000887055,0.11347486450878844,Inverted repeat
GCTTAA,0.5657984961849313,0.188661564023898,6-mer
GCTTAT,-0.15089290097711416,0.13540112610792007,6-mer
GCTTAC,-0.18687813472350948,0.008511499855517447,6-mer
GCTTAG,-0.8162513225460005,0.031078311185443394,6-mer
GCTTTA,0.5988831398142453,0.4035418604410145,6-mer
GCTTTT,0.37933888302396784,-0.012767296073877863,6-mer
GCTTTC,0.010545027882170798,-0.041027268260054775,6-mer
GCTTTG,0.5148487329568284,0.19837305658308388,6-mer
GCTTCA,0.10826100162687217,0.3419337866904098,6-mer
GCTTCT,0.07083008984041085,-0.3785116232537298,6-mer
GCTTCC,-0.2579318752162539,-0.26144114775812644,6-mer
GCTTCG,-0.5304566593921505,0.04890960048094649,6-mer
GCTTGA,-0.15479014144476183,0.4678893815445787,6-mer
GCTTGT,-0.1305030370067036,0.46551894851621217,6-mer
GCTTGC,-0.2629464553938671,0.1813598965045956,Inverted repeat
GCTTGG,-0.23269263145286787,0.4741526134024329,6-mer
GCTCAA,0.414217686350486,0.35018635492887573,6-mer
GCTCAT,0.2030494729800909,-0.5051091930319414,6-mer
GCTCAC,-0.47649153270398664,0.011521869895219488,6-mer
GCTCAG,-0.4521790283925962,0.40744616607341966,6-mer
GCTCTA,1.4435139511581063,1.5395195299599895,6-mer
GCTCTT,0.23620265567254697,-0.309828617312735,6-mer
GCTCTC,0.1481566370487585,-0.2913330176842926,6-mer
GCTCTG,-0.05437612859395077,-0.012197588269929076,6-mer
GCTCCA,0.5745786859193963,0.019365324866931113,6-mer
GCTCCT,0.037644338571752006,-0.19602243814471604,6-mer
GCTCCC,-0.8184738453286081,-0.429812851959242,6-mer
GCTCCG,-0.7434053621634542,-0.34103691783506696,6-mer
GCTCGA,0.3883940705537464,-0.5422068767584567,6-mer
GCTCGT,-0.05834207551690253,-0.9051408136585589,6-mer
GCTCGC,-0.2925939044255378,-0.187451054027326,Inverted repeat
GCTCGG,0.16764607119755054,-0.8994954895038789,6-mer
GCTGAA,0.5264889078833218,0.41425576258082797,6-mer
GCTGAT,0.322846769580466,0.3661278987978974,6-mer
GCTGAC,-0.11913587764808613,0.37018326349458325,6-mer
GCTGAG,-0.45391708345189946,-0.2590213433271706,6-mer
GCTGTA,0.6088695236719694,0.38781603054381947,6-mer
GCTGTT,0.845155931756509,0.4983401459734052,6-mer
GCTGTC,-0.00025059115499796546,0.3868176256313856,6-mer
GCTGTG,-0.6382188921147335,0.05262693065120975,6-mer
GCTGCA,0.7272765379977724,-0.16823665128954254,6-mer
GCTGCT,0.7027884788481183,-0.4839325804899113,6-mer
GCTGCC,-0.9798079973202535,-1.25355712753027,6-mer
GCTGCG,-0.03956468711542092,-0.04871528503302792,6-mer
GCTGGA,0.9130485705091129,0.14675692387909095,6-mer
GCTGGT,0.2998555338241385,-0.015512999371324384,6-mer
GCTGGC,-0.15414904269640362,-0.1844245711374273,Inverted repeat
GCTGGG,0.39398685944829265,-0.25077213159992995,6-mer
GCCAAA,0.023444853049278604,0.1830299890656744,6-mer
GCCAAT,0.49870296387012436,-0.5241592216589562,6-mer
GCCAAC,-0.2718214840567508,-0.517193872988894,6-mer
GCCAAG,0.2777063949700746,0.5819909341898652,6-mer
GCCATA,0.12409277779489333,0.18977213632079593,6-mer
GCCATT,0.06827613447012379,-0.3227641975134235,6-mer
GCCATC,-0.45801118510199607,-0.05504136355796189,6-mer
GCCATG,0.0509130487945479,0.10691520391651183,6-mer
GCCACA,-0.8628927666085215,0.20172183306155805,6-mer
GCCACT,-0.8292275294537883,-0.8945068711526862,6-mer
GCCACC,-0.1235897904493484,0.2826686644401351,6-mer
GCCACG,-0.2449381375259503,-0.4385463339729974,6-mer
GCCAGA,-0.3172443615771159,0.2739227219765298,6-mer
GCCAGT,-0.2025264799395885,-0.22650852980867991,6-mer
GCCAGC,-0.19152758026087247,-0.22266537470797224,Inverted repeat
GCCAGG,-0.16930846084100945,-0.12708690780459653,6-mer
GCCTAA,-0.6772444344613965,0.009650170033719005,6-mer
GCCTAT,0.39394860341873317,0.6631297133380415,6-mer
GCCTAC,-0.35939233571912355,-0.3460237705048253,6-mer
GCCTAG,-0.7310902874121286,0.5145731728297582,6-mer
GCCTTA,-0.4011806986034452,0.25842515258120424,6-mer
GCCTTT,-0.3742171179665201,0.19289192455791623,6-mer
GCCTTC,0.06111409275693663,-0.1634987322828793,6-mer
GCCTTG,0.2190988848228017,0.626416927892874,6-mer
GCCTCA,-1.021559978439506,0.2427014037367873,6-mer
GCCTCT,-0.933291118478508,0.0627118302554521,6-mer
GCCTCC,-0.5205805267873261,-0.2560682163409723,6-mer
GCCTCG,0.23448351594631858,-0.09737831011542207,6-mer
GCCTGA,-0.4252240137385913,0.5365784809130243,6-mer
GCCTGT,-0.5109619192773794,0.9940832656335677,6-mer
GCCTGC,-0.22204876705291227,-0.009471621874752647,Inverted repeat
GCCTGG,-0.20262078507641917,-0.08953716948819786,6-mer
GCCCAA,-0.10469383395707847,0.063345473624653,6-mer
GCCCAT,-0.1269483416820026,-0.267710893043267,6-mer
GCCCAC,-0.12668945584089925,-0.44551245761919095,6-mer
GCCCAG,0.5949870578411225,-0.1384333949009715,6-mer
GCCCTA,-0.6630948040086388,0.034351504790776664,6-mer
GCCCTT,0.2187642169269081,0.620531999488251,6-mer
GCCCTC,0.05893670898889059,-0.1718300068748337,6-mer
GCCCTG,0.49466593864745695,0.18635459823582678,6-mer
GCCCCA,-0.005143303275959706,-0.30070482379984864,6-mer
GCCCCT,-0.2305045184713245,0.5589194074597643,6-mer
GCCCCC,-0.28677602956589276,0.1139977336250796,6-mer
GCCCCG,0.1644312682862006,-0.1931537756838805,6-mer
GCCCGA,0.008373633112635795,-0.6397549735615355,6-mer
GCCCGT,-0.01920925770293254,-0.4220505081091673,6-mer
GCCCGC,0.16055625540312635,-0.10826745638963538,Inverted repeat
GCCCGG,-0.060334825775873895,-0.36580779276028363,6-mer
GCCGAA,-0.030630561126431564,-0.07334466188672296,6-mer
GCCGAT,-0.02480490099758238,-0.03857212038204876,6-mer
GCCGAC,0.17416724941536754,0.10217423866411476,6-mer
GCCGAG,0.5876668248546852,-0.40840994723929525,6-mer
GCCGTA,0.6219518187807369,-0.0953618561228599,6-mer
GCCGTT,0.19583355981618294,0.17241455346801018,6-mer
GCCGTC,0.15014662518356925,-0.02814048036450133,6-mer
GCCGTG,0.14449462646996733,-0.10408052221248465,6-mer
GCCGCA,-0.05640693564134446,0.16708844519665278,6-mer
GCCGCT,-0.10806430397000462,-0.018615678167346852,6-mer
GCCGCC,0.423283038981768,0.5506563786838359,6-mer
GCCGCG,-0.3062510912881969,-0.028387806581436976,6-mer
GCCGGA,-0.21658475204797917,-0.20558413364989403,Inverted repeat
GCCGGT,0.048067409635095794,-0.10013667128545,Inverted repeat
GCCGGC,0.06634516082868741,-0.42598896630971594,Palindromes
GCCGGG,-0.027666219538902446,0.18789288056833914,Inverted repeat
GCGAAA,-0.23996517415392563,0.1325507307788775,6-mer
GCGAAT,-0.8725725815040848,-0.43243026916605243,6-mer
GCGAAC,-0.4950877675634662,0.18158988943340013,6-mer
GCGAAG,-0.43118874212860786,0.17402939977504886,6-mer
GCGATA,-0.1891881480828301,0.6238022425845167,6-mer
GCGATT,-0.7001514385835561,-0.39269553706237903,6-mer
GCGATC,-0.06713019993018648,0.4541813579500948,6-mer
GCGATG,-0.15351787585929355,0.28479384847697875,6-mer
GCGACA,0.09972528977526432,0.8189811686741026,6-mer
GCGACT,-0.2774833182125573,-0.24266660813983196,6-mer
GCGACC,-0.3390891612642412,0.14418744002870387,6-mer
GCGACG,-0.170851049019315,0.4361497810182324,6-mer
GCGAGA,0.27155223250035987,-0.39371065807862665,6-mer
GCGAGT,-0.40948301032157286,-0.9012567983398653,6-mer
GCGAGC,-0.31362649755762395,-0.5552995229913421,Inverted repeat
GCGAGG,-0.05080194819662974,0.18943292289621783,6-mer
GCGTAA,0.6795033869971278,-0.007077831240532786,6-mer
GCGTAT,-0.05764342436669415,0.3153852490205904,6-mer
GCGTAC,-0.36076210348591703,-0.686245836558338,6-mer
GCGTAG,0.35066762565422616,0.06413033741971542,6-mer
GCGTTA,0.0800076478916498,0.42380770890657593,6-mer
GCGTTT,-0.10089141628874192,0.4916230931341474,6-mer
GCGTTC,-0.007845321555802117,0.30202853744965746,6-mer
GCGTTG,0.04494034603418348,-0.23343438896944743,6-mer
GCGTCA,-0.13105541375955673,0.7304464007826652,6-mer
GCGTCT,-0.08882498421662348,0.2555268691648526,6-mer
GCGTCC,0.13200483854022146,0.08821444066347776,6-mer
GCGTCG,0.02888635226566993,0.17858132685595898,6-mer
GCGTGA,0.1831295573766209,0.5805438294541512,6-mer
GCGTGT,-0.19369520175988003,0.09953567355091435,6-mer
GCGTGC,0.15777591877619587,-0.589327693282558,Inverted repeat
GCGTGG,-0.047385401875004195,0.06880915791865133,6-mer
GCGCAA,0.17085173056985817,0.11783649029385809,6-mer
GCGCAT,0.2830152899741269,-0.08346368403704564,6-mer
GCGCAC,0.2797151147851363,-0.24846593294634117,6-mer
GCGCAG,0.3195532876994588,-0.08746284125033935,6-mer
GCGCTA,-0.2359225602165525,0.36950915942147206,6-mer
GCGCTT,-0.00760473553793938,0.4443182930108576,6-mer
GCGCTC,0.3377424921705969,0.22202368138788747,6-mer
GCGCTG,0.30043827866512535,0.28995373672953223,6-mer
GCGCCA,-0.13650132463742265,0.7091938984829068,6-mer
GCGCCT,-0.0817054516655512,0.5925093097745042,6-mer
GCGCCC,0.14004499315084606,0.16617286658120473,6-mer
GCGCCG,0.17105640808831218,0.5277952153451878,6-mer
GCGCGA,-0.19733793737743988,0.1910295178173676,Inverted repeat
GCGCGT,-0.30033689766868643,0.08756976431133835,Inverted repeat
GCGCGC,0.02551890793030278,0.35974728793399696,Palindromes
GCGCGG,0.25084477643844566,0.3325405296373297,Inverted repeat
GCGGAA,-0.11688602481681873,-0.47232323989606134,6-mer
GCGGAT,0.24435477983545342,0.04285547896179737,6-mer
GCGGAC,-0.2482179522202229,0.023214713575750147,6-mer
GCGGAG,-0.7640134175029479,-0.06564361624074756,6-mer
GCGGTA,-0.45819877167388684,-0.04802151486294336,6-mer
GCGGTT,-0.26247380934689185,0.0772255118258257,6-mer
GCGGTC,-0.13140565495947848,0.21935064070577615,6-mer
GCGGTG,0.34642468569276735,-0.1656120085712299,6-mer
GCGGCA,-0.16995205594796037,-0.6899058994247182,6-mer
GCGGCT,-0.09856253578733953,0.028157012487957624,6-mer
GCGGCC,-0.11926083691130902,-0.038720018435897854,6-mer
GCGGCG,0.3902604423996345,0.6261934605444569,6-mer
GCGGGA,0.2247534102019523,0.018792030585240916,6-mer
GCGGGT,0.17317379332066063,-0.0172779914318354,6-mer
GCGGGC,-0.07933849546601283,-0.12120171142083443,Inverted repeat
GCGGGG,0.25909243993609626,-0.058356772396500695,6-mer
GGAAAA,1.009085828758479,-0.19417254768898953,6-mer
GGAAAT,0.763213044161615,0.011705500652278726,6-mer
GGAAAC,0.5121361873839251,0.29743353296661384,6-mer
GGAAAG,0.23170058647179473,-0.21196874959530168,6-mer
GGAATA,0.968861488191096,-0.38799267626461514,6-mer
GGAATT,1.1997221625141916,-0.6076825772212396,6-mer
GGAATC,-0.7465901677705216,-0.7001656759632542,6-mer
GGAATG,0.26388832420195457,-0.6716168829753385,6-mer
GGAACA,0.62148837674627,0.18276534721573706,6-mer
GGAACT,1.1034708950749457,-0.9129769377626343,6-mer
GGAACC,-0.6346958952557923,-0.24337744646578371,Inverted repeat
GGAACG,-0.18452920524255662,-0.38400412369828013,6-mer
GGAAGA,0.3816561996630908,-0.27960368605162433,6-mer
GGAAGT,0.7098973509680355,-0.2481611293522636,6-mer
GGAAGC,-0.1545966468736783,-0.2845905492002414,6-mer
GGAAGG,-0.2984124724760221,-0.0008483946383207466,6-mer
GGATAA,0.14613250532055008,0.3903150698676123,6-mer
GGATAT,0.12387165816216832,-0.2500953501262955,6-mer
GGATAC,-0.41921317525003704,-0.14519791553993572,6-mer
GGATAG,-0.10708022060190917,0.7337199346625521,6-mer
GGATTA,0.587452052746854,-0.5141222601707074,6-mer
GGATTT,1.3800310494509302,0.6118382067125507,6-mer
GGATTC,-0.7994599029358083,-0.7007206440578378,6-mer
GGATTG,0.5953956525797158,-0.21864028647534037,6-mer
GGATCA,0.5724451231431074,0.47809590594701623,Inverted repeat
GGATCT,0.41613837307578583,-0.5062352894501478,Inverted repeat
GGATCC,-0.5445090354826927,-0.4804157243867556,Palindromes
GGATCG,0.0883605979942368,0.4310162145134473,Inverted repeat
GGATGA,-0.013654062005909007,1.7428904281233115,6-mer
GGATGT,0.5063011126634274,0.5965504749963678,6-mer
GGATGC,-0.30555255080477955,-0.7356534567034154,6-mer
GGATGG,-0.48907078393125225,0.1902224156755403,6-mer
GGACAA,0.265937213736431,-0.23313292011993186,6-mer
GGACAT,0.72532418773081,0.212303603712864,6-mer
GGACAC,-0.2635152240488389,0.4540316308947074,6-mer
GGACAG,-0.23475965115684655,0.18786001537701902,6-mer
GGACTA,1.1051470965758488,-0.054133437133478256,6-mer
GGACTT,0.7168580207176313,0.15553046694037498,6-mer
GGACTC,-0.5833797303584652,-0.7879025593914315,6-mer
GGACTG,-0.10360936403855905,-0.3820870774775571,6-mer
GGACCA,-0.24398900933136047,-0.06313958881201,6-mer
GGACCT,0.2505808265908961,-0.06531833834397596,6-mer
GGACCC,-0.5729035555103744,0.06719647337094274,Inverted repeat
GGACCG,-0.5066082015807187,-0.33048087954283933,6-mer
GGACGA,0.2565366788192972,0.15742880514611887,6-mer
GGACGT,0.29831983104925947,0.08372665226393557,6-mer
GGACGC,0.060125925453504224,0.1241640463199529,6-mer
GGACGG,0.17213129494599805,0.030782982296623518,6-mer
GGAGAA,0.5837193338705242,0.3143282790292015,6-mer
GGAGAT,0.45697687149032196,-0.3294356315563036,6-mer
GGAGAC,0.18463612550995848,0.199937570508752,6-mer
GGAGAG,0.1266718034884284,0.652858327394364,6-mer
GGAGTA,0.7944510888269665,-0.7577990975833719,6-mer
GGAGTT,0.9693032027770837,-0.4964258261194987,6-mer
GGAGTC,-0.40543017160480305,-0.5560813807340271,6-mer
GGAGTG,-0.6164921325408301,-1.1061994038319252,6-mer
GGAGCA,0.1738719948279843,-0.5252562545968884,6-mer
GGAGCT,0.3751701161643416,-1.0321008431670242,6-mer
GGAGCC,-0.6510294102481731,-0.24014469031406765,Inverted repeat
GGAGCG,-0.302429912939493,0.2004321159598974,6-mer
GGAGGA,-0.1887950268986353,0.35906386102550714,6-mer
GGAGGT,-0.2085866218114173,0.540188274644422,6-mer
GGAGGC,-0.49282673904649366,-0.1833072133630596,6-mer
GGAGGG,-0.33258183711313816,0.5264185983200198,6-mer
GGTAAA,0.5830900863883856,0.007054757533950325,6-mer
GGTAAT,0.6564756763058383,-1.636914580355878,6-mer
GGTAAC,-0.3864980930649172,-0.06817150264157922,6-mer
GGTAAG,-0.26998716647556087,-0.2943305363233325,6-mer
GGTATA,0.14809863898913384,-0.4084648453553575,6-mer
GGTATT,0.389743479114934,-0.3785116232537299,6-mer
GGTATC,-1.0436444726588692,0.11452838802638694,6-mer
GGTATG,-1.2486994897614194,0.020037753236544876,6-mer
GGTACA,-0.6353167006082054,-0.8875252707415874,Inverted repeat
GGTACT,0.369660705671464,-1.3375813591988477,Inverted repeat
GGTACC,-2.1121103663215375,-0.871843648509318,Palindromes
GGTACG,-0.7133090851691793,-0.5849625007211562,Inverted repeat
GGTAGA,-0.5826523400339549,-0.0944348018580488,6-mer
GGTAGT,0.056034034914327874,-1.0703893278913978,6-mer
GGTAGC,-1.3412286508462985,-0.2346187236697073,6-mer
GGTAGG,-1.6177863476926417,-0.0062589904716823744,6-mer
GGTTAA,0.06678709121120233,0.9813843218326531,6-mer
GGTTAT,0.5145731728297582,-0.17238904139379327,6-mer
GGTTAC,0.28379296600059134,0.48482582943570635,6-mer
GGTTAG,-0.702903758092573,0.42380770890657593,6-mer
GGTTTA,-0.5446789052558082,1.0525799151213662,6-mer
GGTTTT,-0.08076101196383638,0.1826533062852346,6-mer
GGTTTC,0.2176354659905435,0.4777990057721255,6-mer
GGTTTG,-0.13945972071526108,0.32844140184603665,6-mer
GGTTCA,-0.20789285164133275,0.3443908918431372,6-mer
GGTTCT,-0.03836151352730751,0.1537852987870594,6-mer
GGTTCC,-0.548811221657302,-0.37056287013823896,Inverted repeat
GGTTCG,-0.8662955125945703,0.05977796431317965,6-mer
GGTTGA,-0.5981407895012345,0.4966759683032012,6-mer
GGTTGT,-0.40980085091269675,0.12085439487438562,6-mer
GGTTGC,-0.8756445032806611,-0.15806484623225117,6-mer
GGTTGG,-0.7339045512409118,-0.11476106201139084,6-mer
GGTCAA,0.31444017935105945,0.2704345831455722,6-mer
GGTCAT,0.40588864023139465,-0.008461578748195989,6-mer
GGTCAC,0.25751935624040545,0.0901978089715781,6-mer
GGTCAG,0.3040671849257892,0.559146208917019,6-mer
GGTCTA,0.5767419939161876,0.32594115739398566,6-mer
GGTCTT,0.5339456712510638,0.12236360300517587,6-mer
GGTCTC,0.5021581047214132,0.40798274174489346,6-mer
GGTCTG,0.11689723407599834,0.47499551522752237,6-mer
GGTCCA,0.08191662347661974,-0.300003665064023,6-mer
GGTCCT,-0.04223194780228208,0.06230615069183714,6-mer
GGTCCC,-0.5725758499032465,0.12537926682010864,Inverted repeat
GGTCCG,-0.5525816023140887,-0.2795225286223628,6-mer
GGTCGA,0.31185923279408,-0.1103741978062656,6-mer
GGTCGT,0.009163846131164593,0.2872819520804712,6-mer
GGTCGC,-0.33746732847154953,0.2881878830621321,6-mer
GGTCGG,-0.14806535704692977,0.0023931911059680627,6-mer
GGTGAA,0.9002520834812502,0.17168545930674972,6-mer
GGTGAT,1.1053103111775495,0.525756911322434,6-mer
GGTGAC,0.5002730319080835,0.27919510989882973,6-mer
GGTGAG,-0.3574423815003008,0.8454900509443752,6-mer
GGTGTA,0.9742448339025206,-0.2496138900714721,6-mer
GGTGTT,1.4898606760357298,0.6816385201328301,6-mer
GGTGTC,0.40064843811702877,1.00212317189297,6-mer
GGTGTG,-0.25002869600903055,-0.07324898203063854,6-mer
GGTGCA,0.397788333210717,-1.1852792483193484,6-mer
GGTGCT,1.3177305503467045,-0.7224660244710911,6-mer
GGTGCC,-0.8654673917925435,-3.529820946528695,Inverted repeat
GGTGCG,0.2595941118912588,-0.11239574744095855,6-mer
GGTGGA,0.0010523488494761563,-0.1145891318019331,6-mer
GGTGGT,0.5812690798818756,0.3573501490981935,6-mer
GGTGGC,-0.14746540539575453,0.29297672119123325,6-mer
GGTGGG,-0.25855497651494863,-0.09480969338132078,6-mer
GGCAAA,-0.4337280247907643,-0.5354385953380651,6-mer
GGCAAT,0.31392487133014874,-0.84799690655495,6-mer
GGCAAC,-0.6031352467684095,-1.2523079992407355,6-mer
GGCAAG,0.4544042378272118,0.2918260630979432,6-mer
GGCATA,-0.05499488722656633,-0.5206640072267832,6-mer
GGCATT,-0.32838311702466183,-0.4589869599680693,6-mer
GGCATC,-0.646281577376097,-1.1429579538420431,6-mer
GGCATG,0.1028708720176098,-0.36773178450048705,6-mer
GGCACA,-1.4070076986162527,-1.4764380439429876,6-mer
GGCACT,-1.7298951209144044,-1.4997821201473116,6-mer
GGCACC,-0.8522046448433992,-2.349318092918868,Inverted repeat
GGCACG,-0.3339618793578334,-1.5572175102382517,6-mer
GGCAGA,-1.2434569796654678,-1.296049463061757,6-mer
GGCAGT,-1.062598714736044,-1.3962377921501032,6-mer
GGCAGC,-1.0067726567136424,-1.5611438812030403,6-mer
GGCAGG,-0.5290502409372744,-0.16000787015004425,6-mer
GGCTAA,-0.396036537348788,0.08690806522316508,6-mer
GGCTAT,0.1927527056078483,0.7539987913256482,6-mer
GGCTAC,-0.027907517220309135,-0.39466136324705936,6-mer
GGCTAG,-1.070389327891398,-0.21171562854881362,6-mer
GGCTTA,-0.1813880189408478,0.057485494660760174,6-mer
GGCTTT,0.5014684147923468,0.4098757941630649,6-mer
GGCTTC,0.027389790604697428,-0.08726314645579401,6-mer
GGCTTG,-0.42972524379630117,0.5003915572888253,6-mer
GGCTCA,-0.6071608472909176,0.057463153447127456,6-mer
GGCTCT,-0.11267217959243683,0.5864739676387557,6-mer
GGCTCC,-0.5408362750092711,-0.3643177416709754,Inverted repeat
GGCTCG,-0.40515455765409863,-0.45943161863729726,6-mer
GGCTGA,-0.4941215287226477,0.2025847875051896,6-mer
GGCTGT,-0.45117340502427866,0.3667823306716227,6-mer
GGCTGC,-0.7504864745451263,-0.6274759280038045,6-mer
GGCTGG,-0.4467952983681049,0.01361960928912798,6-mer
GGCCAA,0.3942671997911187,0.028267725022805144,6-mer
GGCCAT,0.13593697784190398,-0.3829438695689905,6-mer
GGCCAC,-0.11806091767776225,0.03202167305052574,6-mer
GGCCAG,0.2051099679418014,-0.02483185297993555,6-mer
GGCCTA,0.0139426451538634,0.08707645682427684,6-mer
GGCCTT,0.44252906368160316,0.42962872394307505,6-mer
GGCCTC,0.14573781475343622,-0.379196501045319,6-mer
GGCCTG,0.053335325293367326,0.2928209534301034,6-mer
GGCCCA,-0.14577334400234926,-0.29615647600850264,6-mer
GGCCCT,0.002136978901045675,-0.012600036779633395,6-mer
GGCCCC,-0.3909657075527626,-0.41000294306729274,Inverted repeat
GGCCCG,-0.354240293390646,-0.46589766208498806,6-mer
GGCCGA,0.004625954866983544,-0.4064154167261943,6-mer
GGCCGT,-0.045141604182783485,-0.01045435763716608,6-mer
GGCCGC,-0.16509973931167168,0.05121684442010752,6-mer
GGCCGG,-0.3164520220430444,-0.2241715834963398,6-mer
GGCGAA,0.09477432802817125,0.3299356734887286,6-mer
GGCGAT,0.4674031453349146,0.4440443125584567,6-mer
GGCGAC,0.19981599070356812,0.31110512559282644,6-mer
GGCGAG,0.3502760961632924,0.23416751448811968,6-mer
GGCGTA,0.9293122678547638,0.0354053361311985,6-mer
GGCGTT,0.6878255075488992,0.6470399147891137,6-mer
GGCGTC,0.5177739652565312,0.48521389896663947,6-mer
GGCGTG,0.5981587661724936,0.07549019958426349,6-mer
GGCGCA,0.13467521632706903,0.15200309344504997,Inverted repeat
GGCGCT,0.3898420760526195,0.6538443443902365,Inverted repeat
GGCGCC,-0.25764695796005505,0.32342234156769273,Palindromes
GGCGCG,0.1631668658032497,0.5866228479033738,Inverted repeat
GGCGGA,-0.3135419132480858,0.21770834241363216,6-mer
GGCGGT,0.36240895529350364,0.3713785370019674,6-mer
GGCGGC,0.4619197296952741,0.5431848203516736,6-mer
GGCGGG,0.1544783854684938,0.13081410289066653,6-mer
GGGAAA,0.5040583071222744,-0.19486290319221458,6-mer
GGGAAT,0.34973346054722865,-0.8678964639926551,6-mer
GGGAAC,0.014684045757112851,-0.6079541433473854,6-mer
GGGAAG,-0.05358104020484401,0.07185722190396372,6-mer
GGGATA,0.2919610461641885,0.2214679131081498,6-mer
GGGATT,0.8636785287872197,-0.21274225130272847,6-mer
GGGATC,0.4277703182438556,-0.3581916388741339,6-mer
GGGATG,-0.060175515029398524,0.9335726382610239,6-mer
GGGACA,-0.1991359756707886,-0.21110661378993295,6-mer
GGGACT,0.14895299708509985,-0.6596150004050766,6-mer
GGGACC,-0.15697922879275875,0.11823911222932244,Inverted repeat
GGGACG,-0.06020463420591555,-0.1646396536874489,6-mer
GGGAGA,0.10095188554339522,0.7022761733211573,6-mer
GGGAGT,-0.2412475973392047,-0.6749592932453019,6-mer
GGGAGC,-0.5916262310021669,-0.4737783118841512,6-mer
GGGAGG,-0.5965276896555792,0.9814579399905957,6-mer
GGGTAA,0.46948528330122014,-0.2767093427308704,6-mer
GGGTAT,-0.49586857389188865,-0.40599235967583697,6-mer
GGGTAC,-1.33513363368663,-0.5501970825604795,6-mer
GGGTAG,-1.5727189049664092,-0.3263603412026229,6-mer
GGGTTA,0.5011526570674366,0.29391371871776556,6-mer
GGGTTT,0.6445034768748924,0.631231650909665,6-mer
GGGTTC,-0.28586511421467914,-0.09169983413681017,6-mer
GGGTTG,-0.5933333581965106,0.23786383009888792,6-mer
GGGTCA,0.3208927916201921,0.015729114456482327,6-mer
GGGTCT,0.7803196834128959,0.36618133293708716,6-mer
GGGTCC,-0.48239276708060835,-0.0554951125917035,Inverted repeat
GGGTCG,-0.34812416593937656,-0.14701060949431044,6-mer
GGGTGA,0.8150493138476048,1.0762225055559873,6-mer
GGGTGT,0.7735415281376097,0.5883215128110707,6-mer
GGGTGC,0.07895230370506871,-0.9369798143676692,6-mer
GGGTGG,0.005980568363991049,0.014239366783256529,6-mer
GGGCAA,0.5039328169920003,-0.3913833372551038,6-mer
GGGCAT,0.23973778592265563,-0.7282285800847965,6-mer
GGGCAC,-0.4300928238291076,-1.8875252707415877,6-mer
GGGCAG,-0.27000826987248144,-0.8113707772348518,6-mer
GGGCTA,0.15658028716405759,-0.4150374992788438,6-mer
GGGCTT,0.437516635664033,0.13132216221856502,6-mer
GGGCTC,-0.25271959626176543,-0.12509020111753572,6-mer
GGGCTG,-0.40931467240187985,-0.2887719672474019,6-mer
GGGCCA,-0.10338193782048738,-0.2504765525029692,Inverted repeat
GGGCCT,0.2400252118215654,-0.1078032895345148,Inverted repeat
GGGCCC,-0.9154203949521116,-0.6439727664820636,Palindromes
GGGCCG,-0.5908340142511707,-0.49532528823647964,Inverted repeat
GGGCGA,0.3728259555797621,0.06135173158227952,6-mer
GGGCGT,0.9500494234295012,0.29029648583825146,6-mer
GGGCGC,-0.0037316870349511618,0.17384896139811562,6-mer
GGGCGG,0.21404006984786764,0.3542301126132926,6-mer
GGGGAA,0.2021029750564867,-0.1872129710188504,6-mer
GGGGAT,0.4611232682830107,0.17836536424296504,6-mer
GGGGAC,-0.23790542070777243,-0.5466740159967822,6-mer
GGGGAG,-0.28647680500499656,0.9574267645870796,6-mer
GGGGTA,-0.29749387657716664,-0.1901838404261123,6-mer
GGGGTT,0.15544710329470132,0.28053147305619414,6-mer
GGGGTC,0.021338952041316327,-0.4338496850216606,6-mer
GGGGTG,0.3960165624778502,0.018300816742943603,6-mer
GGGGCA,-0.28599348980260064,-0.783606319284995,6-mer
GGGGCT,0.11232534328459123,-0.20711196120771339,6-mer
GGGGCC,-0.3521261628292912,-0.5739809440574171,Inverted repeat
GGGGCG,0.2236738958035779,0.39519718957605265,6-mer
GGGGGA,0.23504530928012024,0.7031157976545195,6-mer
GGGGGT,0.007852242759428774,-0.35198532874354216,6-mer
GGGGGC,-0.3262758983254652,-0.3198066574708717,6-mer
GGGGGG,-0.7728954513142312,-1.024599753632243,6-mer
