Item,Count obs
AAAAAA,-0.1402100714438277
AAAAAT,0.08743429938967434
AAAAAC,0.045709806961850036
AAAAAG,0.37596814687341124
AAAATA,0.12260232209233228
AAAATT,-0.5372905008875867
AAAATC,0.36222742905351824
AAAATG,0.1278333715098848
AAAACA,0.31073046788807196
AAAACT,-0.17034536574723902
AAAACC,0.08012604447928488
AAAACG,0.16825429958251908
AAAAGA,-0.22783839561841748
AAAAGT,-0.005249355886143678
AAAAGC,0.012962438455571417
AAAAGG,0.3715940447021237
AAATAA,-0.4301577206985359
AAATAT,0.5831462853456169
AAATAC,0.36366797942970297
AAATAG,0.15021108182317805
AAATTA,-0.5624688569178291
AAATTT,-0.44577633391041144
AAATTC,-0.3826256161383417
AAATTG,-0.47312375658197925
AAATCA,0.4222722264245456
AAATCT,0.04049136135473699
AAATCC,0.3943757438863153
AAATCG,-0.08076135664445847
AAATGA,-0.005540180375615356
AAATGT,-0.0775582343458745
AAATGC,-0.07201053597627216
AAATGG,-0.07606458208909128
AAACAA,0.3461485309517449
AAACAT,0.15984870094189604
AAACAC,0.5024222129696113
AAACAG,0.48860248698128045
AAACTA,0.08263226458027018
AAACTT,-0.036179656577502356
AAACTC,-0.35482137528940944
AAACTG,-0.154771605025724
AAACCA,0.3359390454595541
AAACCT,0.3934325276739166
AAACCC,0.41311015116041644
AAACCG,0.13823326065840097
AAACGA,0.06507199674371479
AAACGT,-0.0923251029608716
AAACGC,0.25751119481841755
AAACGG,0.07936392575243859
AAAGAA,-0.18347829492177828
AAAGAT,-0.3622690239532332
AAAGAC,-0.030205842057065786
AAAGAG,-0.0953101798043249
AAAGTA,-0.6539264674066639
AAAGTT,-0.26759531388504354
AAAGTC,0.06613980250454499
AAAGTG,-0.09531017980432477
AAAGCA,-0.35352182994732395
AAAGCT,-0.0615930109078144
AAAGCC,0.17909694777383553
AAAGCG,0.06222236491974073
AAAGGA,-0.40761333664645394
AAAGGT,-0.19918536284595942
AAAGGC,0.1693032160346974
AAAGGG,0.3838766210955272
AATAAA,-0.621600029267897
AATAAT,-0.3791971812875542
AATAAC,-0.3364722366212129
AATAAG,-0.45281122870536267
AATATA,0.32850406697203605
AATATT,0.3184537311185346
AATATC,0.4112960284189576
AATATG,0.1967102942460543
AATACA,0.49373119040669056
AATACT,-0.03109058707003112
AATACC,-0.30812388161695786
AATACG,0.04189094170916013
AATAGA,0.15154989812720088
AATAGT,0.1518805312927193
AATAGC,0.08535984895115685
AATAGG,0.10821358464023279
AATTAA,-0.4507986494096855
AATTAT,0.10074156980153184
AATTAC,-0.5943013459233126
AATTAG,-0.2972515234679316
AATTTA,-0.38496658655982335
AATTTT,-0.21015635578739858
AATTTC,-0.3715635564324831
AATTTG,-0.37903185104000886
AATTCA,-0.045120435280469544
AATTCT,-0.47673766142707974
AATTCC,-0.6111735976002727
AATTCG,-0.40546510810816444
AATTGA,-0.3743555545235143
AATTGT,-0.3390200087000116
AATTGC,-0.5047200662035056
AATTGG,-0.41601531900331695
AATCAA,-0.13698287620489288
AATCAT,0.22314355131420976
AATCAC,-0.1697427745870945
AATCAG,0.02190483538804983
AATCTA,0.14430348960643372
AATCTT,-0.10214781328192901
AATCTC,-0.3174963351622072
AATCTG,-0.003696861881326203
AATCCA,-0.0478912877044149
AATCCT,0.5108256237659906
AATCCC,-0.07873252078451036
AATCCG,-0.2632000355148872
AATCGA,-0.39356664431654986
AATCGT,-0.03982149418667149
AATCGC,-0.40205794978655013
AATCGG,-0.5084227391496803
AATGAA,-0.2643347084547897
AATGAT,-0.083881483980702
AATGAC,0.008547060578458348
AATGAG,-0.6043159668533294
AATGTA,-0.07232066157962613
AATGTT,-0.22884157242884753
AATGTC,0.03463549666275634
AATGTG,-0.07157019250125178
AATGCA,-0.6618946370558407
AATGCT,-0.1840930364423367
AATGCC,-0.33897536683933144
AATGCG,-0.23544848650458858
AATGGA,-0.4036616811090136
AATGGT,0.08066790306745492
AATGGC,-0.32449604557449724
AATGGG,-0.17834540841431518
AACAAA,0.278465417346857
AACAAT,0.24419696051204198
AACAAC,0.15832605123773907
AACAAG,0.33221464636857184
AACATA,0.6874491594453075
AACATT,-0.056695343676545294
AACATC,0.2975668316843229
AACATG,0.13133600206108695
AACACA,0.27773174159861286
AACACT,0.4210403198936356
AACACC,0.6305636942581775
AACACG,0.028987536873252187
AACAGA,0.4295626596872249
AACAGT,-0.02469261259037141
AACAGC,0.0967397726139192
AACAGG,0.5141983082446299
AACTAA,-0.43655569517819537
AACTAT,0.24419696051204198
AACTAC,-0.6549259677397476
AACTAG,-0.020619287202735703
AACTTA,-0.07145896398214498
AACTTT,-0.45509034539501786
AACTTC,-0.17684209102932902
AACTTG,0.052250690343877894
AACTCA,-0.19796433386440832
AACTCT,-0.21825356602001794
AACTCC,-0.5260039653650564
AACTCG,-0.4529091958864354
AACTGA,-0.1606600600127753
AACTGT,0.0813456394539524
AACTGC,-0.7178397931503168
AACTGG,-0.3141153295199364
AACCAA,0.025752496102414764
AACCAT,0.7621400520468967
AACCAC,-0.08004270767353637
AACCAG,0.07014560936675977
AACCTA,0.46479980137070864
AACCTT,0.13430389169731483
AACCTC,0.20854475189305718
AACCTG,0.3527686889716673
AACCCA,0.13858616328614673
AACCCT,0.3848061941890915
AACCCC,0.2701495936901403
AACCCG,-0.19382916364543445
AACCGA,-0.35391752255586145
AACCGT,-0.028573372444056
AACCGC,0.013889112160667093
AACCGG,0.20456716574127437
AACGAA,-0.060766355216147726
AACGAT,0.17594194982991565
AACGAC,0.006042314455962662
AACGAG,-0.3563623951004325
AACGTA,-0.3400373027857092
AACGTT,0.022472855852058576
AACGTC,0.23202122534622713
AACGTG,-0.43589179473887246
AACGCA,-0.22770456264177247
AACGCT,0.38652790708841345
AACGCC,0.5258635011305312
AACGCG,0.07645355571544232
AACGGA,-0.018114507038776703
AACGGT,0.026743324975510893
AACGGC,0.20018508175830182
AACGGG,-0.026836653953559737
AAGAAA,0.1130910897726814
AAGAAT,-0.6533012720127456
AAGAAC,0.01725324814755945
AAGAAG,-0.48440831044828403
AAGATA,-0.07632226755963357
AAGATT,0.060525420387852934
AAGATC,-0.17693070815907821
AAGATG,-0.24760384888437034
AAGACA,0.0022246950221111086
AAGACT,0.003929278139889557
AAGACC,0.32035285474132963
AAGACG,0.22106238511038526
AAGAGA,0.15163446829935154
AAGAGT,-0.3958956570920136
AAGAGC,-0.13200244660424754
AAGAGG,-0.006839303650241493
AAGTAA,-0.0778424867639339
AAGTAT,0.2932531175012364
AAGTAC,-0.39589565709201374
AAGTAG,-0.7382676158404149
AAGTTA,0.19616696361600766
AAGTTT,0.019231361927887592
AAGTTC,-0.1481418796819096
AAGTTG,-0.19885085874516517
AAGTCA,0.08992470752798697
AAGTCT,0.12107793155323592
AAGTCC,-0.013423020332140661
AAGTCG,0.0902250915927255
AAGTGA,-0.11034805716886546
AAGTGT,0.5269810639882759
AAGTGC,-0.774727167552368
AAGTGG,0.05129329438755048
AAGCAA,-0.6138978089058046
AAGCAT,-0.13136558742225235
AAGCAC,-0.3515554788325414
AAGCAG,-0.12003492658708655
AAGCTA,-0.030483016725075765
AAGCTT,0.09397087089346857
AAGCTC,-0.0457273746388862
AAGCTG,0.1322899275364578
AAGCCA,-0.08025343362521696
AAGCCT,0.3333117685401392
AAGCCC,0.24476601532737546
AAGCCG,0.1363790452370344
AAGCGA,-0.2842038080754561
AAGCGT,0.29091309303322743
AAGCGC,0.353018632735622
AAGCGG,0.10315179029827042
AAGGAA,-0.21772348384487053
AAGGAT,-0.06899287148695143
AAGGAC,0.15296091169166964
AAGGAG,-0.3582912840158526
AAGGTA,-0.16772275737280196
AAGGTT,0.22808997524953534
AAGGTC,0.4445245439447507
AAGGTG,0.39394633873596413
AAGGCA,-0.2225636730723881
AAGGCT,0.320268353649807
AAGGCC,0.3034208961224955
AAGGCG,0.3593141642619231
AAGGGA,-0.03881999184958198
AAGGGT,0.1395645934286906
AAGGGC,0.41173472112175985
AAGGGG,0.1859235417779837
ATAAAA,0.12451294787258232
ATAAAT,0.027973852042406162
ATAAAC,0.09499772862227959
ATAAAG,0.22605476152166828
ATAATA,-0.0071174677688639896
ATAATT,-0.1293560212140419
ATAATC,-0.25270235355575416
ATAATG,-0.11426809354893898
ATAACA,0.47803580094299974
ATAACT,0.1278333715098848
ATAACC,0.125163142954006
ATAACG,0.41383335777868097
ATAAGA,0.18859116980754997
ATAAGT,-0.11034805716886546
ATAAGC,0.23052365861183235
ATAAGG,-0.2204733227583309
ATATAA,0.7099542988763266
ATATAT,1.0658224658451187
ATATAC,-0.39589565709201374
ATATAG,1.1563447553366812
ATATTA,0.20132450391956996
ATATTT,0.4740116506432744
ATATTC,-0.14903557916048782
ATATTG,0.03822121282019767
ATATCA,0.12062798778861472
ATATCT,0.6029003027121672
ATATCC,0.3666917221822037
ATATCG,0.34876976443161906
ATATGA,0.16532398042538352
ATATGT,0.26341745045214976
ATATGC,-0.14842000511827333
ATATGG,0.12136085700426734
ATACAA,0.5547887471871068
ATACAT,-0.6678293725756553
ATACAC,0.03174869831458027
ATACAG,-0.08961215868968717
ATACTA,-0.4877032063451364
ATACTT,0.16841865162496325
ATACTC,-0.3164314857377668
ATACTG,0.0937324776627072
ATACCA,-0.3313571359544425
ATACCT,-0.6015799870344547
ATACCC,-0.44895022004790314
ATACCG,-0.16921520928865408
ATACGA,-0.05826890812397576
ATACGT,-0.6015799870344547
ATACGC,0.358809416467365
ATACGG,0.08338160893905121
ATAGAA,-0.14698219034864582
ATAGAT,0.12981161152199072
ATAGAC,0.44445055482111806
ATAGAG,0.43463648540844424
ATAGTA,-0.4274440148269396
ATAGTT,-0.032789822822990956
ATAGTC,0.4643056081310978
ATAGTG,0.20624174051160657
ATAGCA,0.2995165300987838
ATAGCT,0.09821762814544617
ATAGCC,0.44405744730115043
ATAGCG,0.485943957389254
ATAGGA,-0.5041366356151941
ATAGGT,0.7512109815147067
ATAGGC,0.33241796629317244
ATAGGG,0.5134331871730716
ATTAAA,-0.40823903499088965
ATTAAT,-0.6794169877480433
ATTAAC,0.09745533615071306
ATTAAG,-0.2770488161504121
ATTATA,0.5260930958967791
ATTATT,-0.3443774161283261
ATTATC,-0.23038995983497687
ATTATG,-0.11426809354893898
ATTACA,0.17733401528291545
ATTACT,-0.38299225225610584
ATTACC,-0.6343066805370119
ATTACG,0.02166149678117925
ATTAGA,0.010398707220898517
ATTAGT,-0.7576857016975165
ATTAGC,-0.4257703742689099
ATTAGG,-0.4283887480101013
ATTTAA,-0.22452191128433097
ATTTAT,0.1139442593492179
ATTTAC,-0.20736758872004224
ATTTAG,0.33738174100405355
ATTTTA,0.3409265869705932
ATTTTT,0.053928342025555645
ATTTTC,0.16307931057155964
ATTTTG,0.047486666265987874
ATTTCA,0.2355440645126648
ATTTCT,0.03780236464653507
ATTTCC,-0.029980832211935784
ATTTCG,-0.3090048419206021
ATTTGA,0.1376213778760479
ATTTGT,0.37990179454854905
ATTTGC,-0.21462250158227575
ATTTGG,-0.163466756030325
ATTCAA,-0.2694944194520822
ATTCAT,0.036557595733797514
ATTCAC,-0.4978384282391796
ATTCAG,-0.26933293378358447
ATTCTA,-0.2029408439966903
ATTCTT,-0.7694694481195788
ATTCTC,-0.5174701664846592
ATTCTG,-0.17453941635189968
ATTCCA,0.07257069283483558
ATTCCT,-0.4654199695780775
ATTCCC,-0.5068176023684517
ATTCCG,-0.6729444732424258
ATTCGA,-0.42387385751823425
ATTCGT,-0.6993777303105815
ATTCGC,-0.41776034496520187
ATTCGG,-0.7199046297294946
ATTGAA,-0.043059489460447
ATTGAT,0.002442003655551809
ATTGAC,0.031875208530449034
ATTGAG,0.014388737452099452
ATTGTA,0.03753791931906524
ATTGTT,-0.029296369488430823
ATTGTC,0.0502618347808883
ATTGTG,-0.05286348955706777
ATTGCA,-0.19474407679251174
ATTGCT,-0.4775508348811185
ATTGCC,-0.549653795206675
ATTGCG,-0.042942194287008836
ATTGGA,-0.47673766142707974
ATTGGT,-0.11895194286136523
ATTGGC,-0.0988458346366326
ATTGGG,-0.38832559823146834
ATCAAA,0.083381608939051
ATCAAT,0.20544397421480887
ATCAAC,0.22099069795310872
ATCAAG,0.3828316225874607
ATCATA,0.1841413935109406
ATCATT,-0.027736754971599636
ATCATC,0.41074216520900814
ATCATG,0.17965843937447082
ATCACA,0.3566749439387324
ATCACT,-0.17335288681119418
ATCACC,0.31551687144522483
ATCACG,0.13941953524974512
ATCAGA,0.38436574408391827
ATCAGT,0.030771658666753687
ATCAGC,0.16644820763766438
ATCAGG,0.1788276675396987
ATCTAA,0.9734491457141037
ATCTAT,0.3152182302603863
ATCTAC,-0.7156200364120039
ATCTAG,0.4378004887511009
ATCTTA,-0.46008619258838973
ATCTTT,-0.28266953062823674
ATCTTC,-0.12735564547667402
ATCTTG,0.39258544524450323
ATCTCA,-0.25808160267549024
ATCTCT,-0.08801087732271333
ATCTCC,-0.12270915399243931
ATCTCG,-0.2019199148625832
ATCTGA,0.35454501768090746
ATCTGT,0.022117805253618974
ATCTGC,-0.38206417794355185
ATCTGG,0.7186804825651102
ATCCAA,0.11421796949188714
ATCCAT,-0.0693346934010641
ATCCAC,0.06187540371808745
ATCCAG,0.20953789925843114
ATCCTA,0.0
ATCCTT,-0.17351092711179963
ATCCTC,0.528974942271668
ATCCTG,0.6331644759582349
ATCCCA,-0.19692035621510734
ATCCCT,0.08112554481236853
ATCCCC,-0.09362525943940538
ATCCCG,0.4164159392949161
ATCCGA,-0.038427377133885395
ATCCGT,0.13316040393542233
ATCCGC,-0.16927384140147916
ATCCGG,0.1987430801223518
ATCGAA,0.003162891408508217
ATCGAT,-0.009950330853168092
ATCGAC,-0.09531017980432477
ATCGAG,-0.1407966036159351
ATCGTA,-0.027212563524884815
ATCGTT,0.37215512922663174
ATCGTC,0.2290017988825778
ATCGTG,0.15849801535498362
ATCGCA,-0.16211884947643523
ATCGCT,0.17228513408071883
ATCGCC,0.17857857051512036
ATCGCG,-0.006713167478508913
ATCGGA,0.02059906087007238
ATCGGT,-0.2552162712022039
ATCGGC,0.12903025974373092
ATCGGG,-0.24883022329864385
ATGAAA,0.3334916084830751
ATGAAT,-0.06713930283762856
ATGAAC,0.24934592370823383
ATGAAG,0.32158362412746216
ATGATA,-0.3025706849455316
ATGATT,0.2437628385169455
ATGATC,0.2975668316843229
ATGATG,0.17768117723745241
ATGACA,1.3570952064276283
ATGACT,-0.1823215567939546
ATGACC,0.2793832696370859
ATGACG,0.7700452315540101
ATGAGA,-0.26954992412836554
ATGAGT,-0.2311117209633867
ATGAGC,-0.1405244281154931
ATGAGG,0.4452574131604034
ATGTAA,0.6249389305334118
ATGTAT,-0.587786664902119
ATGTAC,-1.4644121403838426
ATGTAG,0.5639354490799391
ATGTTA,0.19845093872383843
ATGTTT,0.029374608679904317
ATGTTC,0.19349485739207992
ATGTTG,0.09045711015525139
ATGTCA,0.18117935221517772
ATGTCT,0.38441169891033206
ATGTCC,-0.2583074637718767
ATGTCG,0.24747565197374038
ATGTGA,0.049345874103155
ATGTGT,0.1383046713771803
ATGTGC,-0.5140205146625099
ATGTGG,-0.11170398958000129
ATGCAA,-0.24809287036215846
ATGCAT,-0.8754687373538999
ATGCAC,-0.9317265400039944
ATGCAG,-0.44757659345829137
ATGCTA,-0.7218965938459312
ATGCTT,-0.22778393087071197
ATGCTC,0.06078489106912177
ATGCTG,0.032523191705560145
ATGCCA,-0.6790482561804436
ATGCCT,-0.42241466642193765
ATGCCC,-0.7551388565879131
ATGCCG,-0.2864618160465516
ATGCGA,-0.14193349588866652
ATGCGT,-0.013245226750020567
ATGCGC,-0.052159061235536916
ATGCGG,0.05469465821104073
ATGGAA,0.3352072143146262
ATGGAT,-0.36000273403140703
ATGGAC,-0.09925495809534114
ATGGAG,-0.014184634991956413
ATGGTA,0.04301738508369086
ATGGTT,0.5394361578072564
ATGGTC,0.3265219057680448
ATGGTG,0.008141157583699866
ATGGCA,-0.8714925889742606
ATGGCT,0.1278333715098848
ATGGCC,-0.14798341921306302
ATGGCG,0.1770209445785584
ATGGGA,-0.23586232372198443
ATGGGT,0.44628710262841953
ATGGGC,-0.27988145633229505
ATGGGG,0.2953812517334382
ACAAAA,0.38048559263245085
ACAAAT,0.08004270767353636
ACAAAC,0.06428698044953868
ACAAAG,0.032733327243754856
ACAATA,0.2951170509392989
ACAATT,-0.1195832161605314
ACAATC,0.22095296993439098
ACAATG,0.2749969129244652
ACAACA,0.26905325261828766
ACAACT,0.06669137449867214
ACAACC,0.014098924379501675
ACAACG,0.3020708099038805
ACAAGA,0.5131758011109443
ACAAGT,-0.048790164169432056
ACAAGC,0.3172825422280717
ACAAGG,0.5679840376059394
ACATAA,0.527632742082372
ACATAT,0.5516476182862459
ACATAC,-0.1431008436406733
ACATAG,0.22314355131420976
ACATTA,0.25629575863111026
ACATTT,-0.05931657715641962
ACATTC,0.03174869831458027
ACATTG,0.25131442828090617
ACATCA,0.3600821022603467
ACATCT,0.3134069636902168
ACATCC,0.21918315009811276
ACATCG,0.08042156731057422
ACATGA,-0.22677331936478848
ACATGT,0.2495303064874047
ACATGC,-0.2254937286591634
ACATGG,-0.019257816604414647
ACACAA,0.16561970717602298
ACACAT,0.3905764956144137
ACACAC,0.16788087263916035
ACACAG,0.5423920897338252
ACACTA,-0.07076907088820739
ACACTT,0.39465419200394874
ACACTC,-0.2876820724517809
ACACTG,0.5724334331554812
ACACCA,0.18442903913351932
ACACCT,0.9162907318741551
ACACCC,0.32340015505386016
ACACCG,0.2976607725016771
ACACGA,0.05348868495098622
ACACGT,-0.22028231903317746
ACACGC,0.13036181786324363
ACACGG,0.14631111927092152
ACAGAA,0.15415067982725836
ACAGAT,0.33738174100405355
ACAGAC,0.20795338582023468
ACAGAG,0.01716780362236528
ACAGTA,-0.916290731874155
ACAGTT,0.31439222277935486
ACAGTC,-0.013857034661426241
ACAGTG,0.01680711831638119
ACAGCA,-0.26003054112127083
ACAGCT,-0.30445242538644146
ACAGCC,0.32124889609086416
ACAGCG,0.24664771110242625
ACAGGA,0.250600397547249
ACAGGT,0.41136483023535275
ACAGGC,0.5899629443247145
ACAGGG,0.34419428271512326
ACTAAA,-0.2264713414068844
ACTAAT,-0.25754497803154214
ACTAAC,-0.812948380372566
ACTAAG,-0.4238142467763609
ACTATA,0.664976303593249
ACTATT,-0.13491931789937076
ACTATC,-0.02247285585205863
ACTATG,0.1112256351102244
ACTACA,-0.27510329024492086
ACTACT,-0.3746934494414107
ACTACC,-0.5917470661182159
ACTACG,-0.6678293725756553
ACTAGA,-0.11672427430814143
ACTAGT,-0.13641185548987678
ACTAGC,-0.6868775675463499
ACTAGG,0.04779066383634848
ACTTAA,0.31255013902979434
ACTTAT,0.4515090466095711
ACTTAC,-0.5007752879124893
ACTTAG,0.32340015505386016
ACTTTA,0.09745533615071306
ACTTTT,-0.34122283937981074
ACTTTC,0.04924481296107806
ACTTTG,-0.3206685714480874
ACTTCA,0.2186892009648295
ACTTCT,-0.9473813189441862
ACTTCC,-0.3094767322792013
ACTTCG,-0.4106599249852683
ACTTGA,0.1273878379761172
ACTTGT,-0.04242071588395214
ACTTGC,-0.253090627682162
ACTTGG,0.2784421915104354
ACTCAA,-0.014478019180653225
ACTCAT,-0.7030975114131134
ACTCAC,-0.01526747213078842
ACTCAG,-0.4234836136108427
ACTCTA,0.29849298855599654
ACTCTT,-0.30010459245033816
ACTCTC,-0.5077439572285826
ACTCTG,-0.27546488851318923
ACTCCA,-0.18637835748956894
ACTCCT,-0.7766028608297217
ACTCCC,-0.6366805688921742
ACTCCG,-0.8177445526360589
ACTCGA,-0.9040954587803368
ACTCGT,-0.6105149159796751
ACTCGC,-0.36218912462634256
ACTCGG,-0.882075651429641
ACTGAA,0.12445417447340605
ACTGAT,-0.8172593512679762
ACTGAC,0.026668247082161273
ACTGAG,-0.10393092284823188
ACTGTA,0.5533852381847866
ACTGTT,0.26684798554893896
ACTGTC,0.09457874005453801
ACTGTG,-0.509648460592976
ACTGCA,-0.5164100020598912
ACTGCT,-0.3815249005621561
ACTGCC,-0.9759064415485096
ACTGCG,-0.5138399440589133
ACTGGA,0.12560039700557252
ACTGGT,0.03898544671295359
ACTGGC,-0.10963707242508645
ACTGGG,-0.6783320947748046
ACCAAA,0.11617143176204182
ACCAAT,-0.1532574238500433
ACCAAC,-0.25104338884300886
ACCAAG,0.4037998287891032
ACCATA,0.7621400520468967
ACCATT,-0.15333401992070225
ACCATC,0.46052488529119184
ACCATG,0.4178050843437404
ACCACA,-0.45425527227759643
ACCACT,0.06624938554120066
ACCACC,-0.05218575317057019
ACCACG,-0.2342812957246657
ACCAGA,0.554920943631215
ACCAGT,-0.48770320634513664
ACCAGC,-0.17958557697507987
ACCAGG,-0.524728528934982
ACCTAA,-0.016529301951210582
ACCTAT,0.3616132255793149
ACCTAC,-0.03838424300831522
ACCTAG,0.43570499329788254
ACCTTA,0.5733459807473247
ACCTTT,-0.23537611974984415
ACCTTC,0.4301142433828186
ACCTTG,0.3981058900661539
ACCTCA,0.38370361632665173
ACCTCT,-0.2391844186884979
ACCTCC,0.5194649863566985
ACCTCG,-0.06804003673167966
ACCTGA,0.31666960932503324
ACCTGT,0.5669150904170343
ACCTGC,0.08628436859701241
ACCTGG,-0.16085087239707785
ACCCAA,0.14585187701256314
ACCCAT,0.2948505619303934
ACCCAC,-0.31303366364919544
ACCCAG,0.40893647286362345
ACCCTA,0.2590364743748164
ACCCTT,0.035401927050916
ACCCTC,0.24365155553533696
ACCCTG,0.29282347195219954
ACCCCA,-0.133326453593167
ACCCCT,0.4100209246440251
ACCCCC,-0.24495990926799766
ACCCCG,-0.07400444712645407
ACCCGA,-0.0773240834345431
ACCCGT,-0.0650266832170725
ACCCGC,-0.09470393546929748
ACCCGG,-0.616186139423817
ACCGAA,-0.7668906548054946
ACCGAT,-0.2937954232570733
ACCGAC,-0.13102826240640414
ACCGAG,-0.6437659326440203
ACCGTA,0.00972454989199478
ACCGTT,-0.18524126689728931
ACCGTC,0.21640951913286557
ACCGTG,-0.21175822908908437
ACCGCA,0.10990597802950094
ACCGCT,0.17138161675562036
ACCGCC,0.3095570209616624
ACCGCG,-0.36114048303670715
ACCGGA,-0.06364526516035622
ACCGGT,0.30252858056877535
ACCGGC,-0.2696062997402907
ACCGGG,-0.18999512078179273
ACGAAA,0.23180161405732438
ACGAAT,-0.7024785079888295
ACGAAC,-0.201968554177751
ACGAAG,-0.12792748472815577
ACGATA,0.4272925111526858
ACGATT,0.10694907834296426
ACGATC,0.34121071824115085
ACGATG,0.27073251413800764
ACGACA,0.3669314441059215
ACGACT,-0.26411098980243275
ACGACC,-0.01517834159906576
ACGACG,0.09200918248296217
ACGAGA,-0.19379395795619156
ACGAGT,-0.5286655418943217
ACGAGC,-0.4577535781397976
ACGAGG,-0.07988075123946313
ACGTAA,-0.20863886511132804
ACGTAT,-0.3022808718729337
ACGTAC,-0.5345421503833068
ACGTAG,-0.7528664152615676
ACGTTA,0.013889112160667093
ACGTTT,-0.11365931847252136
ACGTTC,-0.2498797078052457
ACGTTG,-0.46322394226035674
ACGTCA,0.4285875255290185
ACGTCT,-0.06924441217498374
ACGTCC,-0.1664301894573201
ACGTCG,-0.022182055525974756
ACGTGA,0.02061928720273561
ACGTGT,-0.2509028209484846
ACGTGC,-0.4923582748015398
ACGTGG,-0.18398683611301592
ACGCAA,0.03940254786602904
ACGCAT,-0.3967314281394099
ACGCAC,-0.13976194237515874
ACGCAG,-0.12516314295400605
ACGCTA,0.26881358814739825
ACGCTT,0.26605105232548626
ACGCTC,0.2742648618678168
ACGCTG,0.36865113498544805
ACGCCA,0.15746074977042238
ACGCCT,0.2548922496287902
ACGCCC,0.45561489179363596
ACGCCG,0.23218047369436207
ACGCGA,-0.02072959551457876
ACGCGT,-0.152178292600054
ACGCGC,0.18896328261518228
ACGCGG,-0.06682647768393522
ACGGAA,-0.20741068009531022
ACGGAT,0.14961552466186712
ACGGAC,0.10899028370840508
ACGGAG,0.1978749571393246
ACGGTA,-0.17898265552844
ACGGTT,0.09476238466600287
ACGGTC,-0.06569525926539489
ACGGTG,0.07389724620204122
ACGGCA,-0.5120014028550025
ACGGCT,0.04338029563022518
ACGGCC,-0.10199916795512143
ACGGCG,0.3526588742838425
ACGGGA,-0.17062551703076334
ACGGGT,-0.06498485008941264
ACGGGC,-0.08805939275062892
ACGGGG,-0.19377334917272732
AGAAAA,0.26720354110824024
AGAAAT,0.02401487620387392
AGAAAC,0.19111006282703388
AGAAAG,-0.35854818832041263
AGAATA,-0.02469261259037152
AGAATT,-0.4037970510074674
AGAATC,-0.6685221332545561
AGAATG,-0.5198754592859085
AGAACA,0.2722462643219416
AGAACT,-0.6618946370558407
AGAACC,0.040078223567410524
AGAACG,0.12000512884602399
AGAAGA,-0.3240325461455738
AGAAGT,-0.3515101139857535
AGAAGC,-0.2651745707667465
AGAAGG,0.21831028912619044
AGATAA,0.09112539983595432
AGATAT,0.31471074483970035
AGATAC,0.14310084364067344
AGATAG,0.37223946047984396
AGATTA,-0.03722934176835604
AGATTT,0.14197026127038728
AGATTC,-0.44895022004790336
AGATTG,0.33729449238906994
AGATCA,0.5686930060865394
AGATCT,-0.4144337780909248
AGATCC,-0.6537446326939162
AGATCG,0.21716147963666227
AGATGA,0.39598636415362065
AGATGT,-0.0835106328731699
AGATGC,-0.3664145932362913
AGATGG,0.6126650090252381
AGACAA,0.3001893418041749
AGACAT,-0.12411217070803093
AGACAC,0.2324459439765233
AGACAG,0.4636470634909003
AGACTA,-0.060624621816434854
AGACTT,0.07843581228723347
AGACTC,-0.24627028139422802
AGACTG,0.030239885189718176
AGACCA,0.34865886895049625
AGACCT,0.4108366519100752
AGACCC,-0.19141252849520668
AGACCG,0.1187450366925743
AGACGA,0.20731208609752894
AGACGT,-0.2641940911445673
AGACGC,0.18284801113620067
AGACGG,-0.06815041145397344
AGAGAA,-0.3572630062902868
AGAGAT,0.28874083380002297
AGAGAC,0.1112256351102244
AGAGAG,0.22314355131420976
AGAGTA,-0.13747099062860288
AGAGTT,-0.3552032733272762
AGAGTC,-0.17055671521436816
AGAGTG,-0.3987761199573679
AGAGCA,-0.4338464006463894
AGAGCT,-0.6868775675463499
AGAGCC,0.533242502680533
AGAGCG,0.27799937173536354
AGAGGA,-0.09412884475849365
AGAGGT,0.06782259633876109
AGAGGC,0.09188095182958626
AGAGGG,0.5447271754416719
AGTAAA,-0.3522205935893521
AGTAAT,-0.7997569156182036
AGTAAC,-0.07232066157962613
AGTAAG,-0.07937358754151219
AGTATA,0.1165338162559514
AGTATT,-0.020834086902841914
AGTATC,-0.3489984964403933
AGTATG,0.22941316432780512
AGTACA,-0.4630349599296422
AGTACT,-1.6094379124341003
AGTACC,-0.8905066147184405
AGTACG,-0.4297297301077955
AGTAGA,-0.44895022004790314
AGTAGT,-0.8892620594862357
AGTAGC,-1.3523928094442093
AGTAGG,-0.4382549309311553
AGTTAA,0.08759805931798598
AGTTAT,-0.03109058707003112
AGTTAC,-0.15700374880966467
AGTTAG,-0.294799540220645
AGTTTA,-0.34022458623976326
AGTTTT,0.12354283474101656
AGTTTC,-0.08027230243978423
AGTTTG,-0.17649063648316135
AGTTCA,-0.3541718137206139
AGTTCT,-0.3364722366212129
AGTTCC,-0.44340294744855663
AGTTCG,-0.5216146697568089
AGTTGA,0.03940254786602904
AGTTGT,0.10873320013646559
AGTTGC,-0.7311264286251618
AGTTGG,-0.6286086594223742
AGTCAA,0.027651531330510164
AGTCAT,-0.057679111586678045
AGTCAC,-0.05014978368547144
AGTCAG,0.11155248590574748
AGTCTA,0.16016875215282136
AGTCTT,-0.08094727580396334
AGTCTC,-0.25664996320405237
AGTCTG,0.03531000261273929
AGTCCA,-0.14480481740902063
AGTCCT,-0.294799540220645
AGTCCC,-0.49969245077365726
AGTCCG,-0.34022458623976326
AGTCGA,-0.27738332025120643
AGTCGT,-0.13407472325456926
AGTCGC,-0.0678383591401264
AGTCGG,-0.3033809819948847
AGTGAA,-0.09783224923703476
AGTGAT,-0.0472528848505455
AGTGAC,-0.08144033194017429
AGTGAG,-0.46134556650262093
AGTGTA,0.44628710262841953
AGTGTT,0.30340791475724493
AGTGTC,-0.01778954156349841
AGTGTG,0.33377317965204784
AGTGCA,-0.4165149442947494
AGTGCT,-0.48550781578170077
AGTGCC,-1.6906633523566863
AGTGCG,-0.3031358163536211
AGTGGA,-0.36842383642781534
AGTGGT,0.2072449652464116
AGTGGC,-0.44895022004790336
AGTGGG,-0.42121346507630353
AGCAAA,-0.2725684346417327
AGCAAT,-0.5306282510621704
AGCAAC,-0.44118319071024364
AGCAAG,-0.09408092334959516
AGCATA,-0.04143718986417318
AGCATT,-0.14064886039338662
AGCATC,-0.22095934949936852
AGCATG,-0.3088842801023839
AGCACA,-0.27510329024492075
AGCACT,-0.8544153281560676
AGCACC,-0.6151856390902334
AGCACG,-0.24827952458575203
AGCAGA,-0.1429773792291331
AGCAGT,-0.5306282510621704
AGCAGC,-0.47284051058093524
AGCAGG,0.24968310654882198
AGCTAA,0.022195732391784347
AGCTAT,0.03045920748470844
AGCTAC,-0.8300063632771426
AGCTAG,-0.05918887139033065
AGCTTA,0.15762894420358306
AGCTTT,-0.0974983644848777
AGCTTC,-0.27047607100286725
AGCTTG,0.26003054112127083
AGCTCA,0.11697167658550421
AGCTCT,-0.4898062565419152
AGCTCC,-0.6197490156050774
AGCTCG,-0.8547640639922087
AGCTGA,-0.023599915340873377
AGCTGT,-0.21772348384487053
AGCTGC,-0.7349686754132839
AGCTGG,-0.7037292898904823
AGCCAA,-0.08170452774854621
AGCCAT,0.07534943724178679
AGCCAC,-0.8183103235139513
AGCCAG,-0.18338936255478483
AGCCTA,0.23211222129697015
AGCCTT,0.17896584894698236
AGCCTC,0.21226543316702673
AGCCTG,0.5017346520647387
AGCCCA,-0.13479641493110936
AGCCCT,0.37755631999108774
AGCCCC,0.09419968552029773
AGCCCG,-0.0900414637174983
AGCCGA,-0.009543358046899859
AGCCGT,-0.1544753024563061
AGCCGC,-0.019629856044886092
AGCCGG,-0.16464734463260122
AGCGAA,-0.1612681475961224
AGCGAT,0.3185456471073855
AGCGAC,-0.01383823466518571
AGCGAG,-0.5947944020595237
AGCGTA,-0.04009445720187809
AGCGTT,0.3966154928311819
AGCGTC,0.20364314534708206
AGCGTG,0.30434433670837385
AGCGCA,-0.2290665696173318
AGCGCT,0.20911807595970536
AGCGCC,0.46523242088859584
AGCGCG,0.17670356448973132
AGCGGA,0.01853812099891106
AGCGGT,0.04042898999564472
AGCGGC,0.027174413115423564
AGCGGG,-0.024571260730505317
AGGAAA,-0.09851359952186245
AGGAAT,-0.37306168405350504
AGGAAC,-0.11034805716886546
AGGAAG,-0.20099531809119892
AGGATA,-0.03509131981127006
AGGATT,0.5670201821096326
AGGATC,-0.004587164006906154
AGGATG,0.5368011101692514
AGGACA,-0.15057285847937432
AGGACT,0.08157165369381152
AGGACC,-0.22806293811402809
AGGACG,0.3539137824974043
AGGAGA,0.15600424847658118
AGGAGT,-0.37057784910772384
AGGAGC,-0.15940729727107883
AGGAGG,-0.28910151910600723
AGGTAA,-0.07490130817311784
AGGTAT,0.005277057100843819
AGGTAC,-0.40546510810816444
AGGTAG,-0.10868830575050098
AGGTTA,0.44926773076655724
AGGTTT,0.2992428948528569
AGGTTC,0.11751133344033901
AGGTTG,0.30042109822921076
AGGTCA,0.4150699104278981
AGGTCT,0.26744381021078967
AGGTCC,0.10765409464492583
AGGTCG,0.2950148275811727
AGGTGA,-0.0953101798043249
AGGTGT,0.7472144018302211
AGGTGC,-0.37082961144540805
AGGTGG,0.45242704759204055
AGGCAA,-0.2181310094906654
AGGCAT,-0.5131758011109443
AGGCAC,-0.979439398722672
AGGCAG,-0.6620565934899141
AGGCTA,0.25886163391628897
AGGCTT,0.4225161288647792
AGGCTC,0.41711161349448805
AGGCTG,0.27508951623509975
AGGCCA,0.055994269354574785
AGGCCT,0.24046833497151585
AGGCCC,0.06544643753195628
AGGCCG,0.13078561402363642
AGGCGA,0.2821988510372494
AGGCGT,0.16203290275673712
AGGCGC,0.37272258561864974
AGGCGG,0.18072919976959148
AGGGAA,-0.11116779653766432
AGGGAT,-0.05080021509745627
AGGGAC,-0.0701033657709785
AGGGAG,0.31193905009734096
AGGGTA,-0.2013697517646492
AGGGTT,0.36597733660104587
AGGGTC,0.03167932853896385
AGGGTG,0.8225491798424568
AGGGCA,-0.33078717298660465
AGGGCT,0.27054579020879377
AGGGCC,-0.1738397417380454
AGGGCG,0.2518536571966412
AGGGGA,0.09734122649120654
AGGGGT,0.2948505619303934
AGGGGC,0.4102736988421809
AGGGGG,0.367418615275024
TAAAAA,0.004089985251525066
TAAAAT,0.34000789145352084
TAAAAC,-0.33647223662121306
TAAAAG,-0.5072478024181066
TAAATA,-0.009950330853168092
TAAATT,-0.294799540220645
TAAATC,0.16007094785913492
TAAATG,-0.39204208777602373
TAAACA,0.49429632181478017
TAAACT,-0.11264163615596486
TAAACC,0.8253189536684286
TAAACG,-0.1785264858254031
TAAAGA,-0.08994823666293952
TAAAGT,-0.3829922522561057
TAAAGC,0.37382802316498187
TAAAGG,-0.060624621816434854
TAATAA,-0.38092399919204684
TAATAT,0.1508228897345837
TAATAC,-0.21645456316341322
TAATAG,-0.8391010931830251
TAATTA,-0.44895022004790336
TAATTT,-0.37729423114146804
TAATTC,-0.45547552868282576
TAATTG,-0.2967319079716989
TAATCA,-0.20972053098206903
TAATCT,-0.1889660995126232
TAATCC,-0.10021215040453155
TAATCG,-0.6086405011853248
TAATGA,-0.5951667721997415
TAATGT,-0.21164917188847474
TAATGC,-0.8043728156701697
TAATGG,-0.21645456316341322
TAACAA,0.531879032963823
TAACAT,0.25335732991070625
TAACAC,0.31162227999778924
TAACAG,0.22718396085121478
TAACTA,-0.0071174677688639896
TAACTT,-0.11874875277634238
TAACTC,-0.16732877220781336
TAACTG,-0.15272108701766385
TAACCA,0.89532560340911
TAACCT,0.5291076686034397
TAACCC,0.32542240043462795
TAACCG,0.054276886854438273
TAACGA,0.02020270731751947
TAACGT,0.01077209698191104
TAACGC,0.46501608773469655
TAACGG,0.2012084744479541
TAAGAA,0.0026350476380052534
TAAGAT,-0.38776553100876343
TAAGAC,0.21040452553677993
TAAGAG,0.015915455305899582
TAAGTA,0.38077249551779285
TAAGTT,-0.0953101798043249
TAAGTC,0.2799600263578706
TAAGTG,0.43078291609245434
TAAGCA,-0.20884831112738336
TAAGCT,0.00488998529419177
TAAGCC,0.37304192140293774
TAAGCG,0.011457795621381358
TAAGGA,0.14310084364067324
TAAGGT,0.3053816495511819
TAAGGC,0.09614386055290215
TAAGGG,0.039361073880580306
TATAAA,0.44628710262841953
TATAAT,0.23889190828234888
TATAAC,0.6603573577369544
TATAAG,0.21007146974685706
TATATA,1.0844276536761532
TATATT,0.2379586370993503
TATATC,0.787079000394149
TATATG,0.13543797089510431
TATACA,-0.15700374880966467
TATACT,0.11551288712184424
TATACC,0.06187540371808745
TATACG,0.2506935030824404
TATAGA,0.5415972824327444
TATAGT,0.6418538861723947
TATAGC,0.772396552214086
TATAGG,0.8400074271245245
TATTAA,-0.22978809403287825
TATTAT,-0.15415067982725836
TATTAC,0.24981179839637108
TATTAG,-0.24294617861038947
TATTTA,0.33821288109899705
TATTTT,-0.10406935989420638
TATTTC,-0.1650158096963622
TATTTG,0.4364273337121313
TATTCA,-0.20196855417775114
TATTCT,-0.4154154389613325
TATTCC,-0.45742484703887537
TATTCG,-0.39973443339917936
TATTGA,0.3487697644316192
TATTGT,0.2033409240180301
TATTGC,-0.29112441664275374
TATTGG,-0.06669137449867228
TATCAA,0.18632957819149354
TATCAT,-0.2826695306282366
TATCAC,0.005277057100843819
TATCAG,-0.16126814759612226
TATCTA,0.5764229062518039
TATCTT,-0.10178269430994236
TATCTC,-0.12221763272424915
TATCTG,0.9725304501970312
TATCCA,0.5940562779157145
TATCCT,0.29341274716076593
TATCCC,0.1923718926474561
TATCCG,0.5146206947345422
TATCGA,0.21375381096437088
TATCGT,0.3431612247720095
TATCGC,0.27888553432244495
TATCGG,0.03509131981127019
TATGAA,0.24613306953890854
TATGAT,0.26737680629103544
TATGAC,0.3701582942760194
TATGAG,-0.02575249610241474
TATGTA,0.4016263318009988
TATGTT,0.28768207245178085
TATGTC,0.008733679968754631
TATGTG,-0.048790164169431945
TATGCA,-0.4422790812308807
TATGCT,-0.22713557258374725
TATGCC,0.01910017137341943
TATGCG,0.25489224962879004
TATGGA,0.06108769197983828
TATGGT,0.46734051182625186
TATGGC,0.1447744841987031
TATGGG,0.17551550232495525
TACAAA,0.1508228897345837
TACAAT,0.13217177310848321
TACAAC,0.03991660740544242
TACAAG,0.4648885285789651
TACATA,0.15718558352241235
TACATT,-0.25045936196117263
TACATC,-0.08661447283677094
TACATG,0.0
TACACA,-0.15634607039069398
TACACT,-0.35767444427181594
TACACC,-0.3629054936893685
TACACG,-0.12516314295400605
TACAGA,0.2803019651541585
TACAGT,0.3697470255060852
TACAGC,0.06899287148695142
TACAGG,-0.09893994785490366
TACTAA,-0.15415067982725836
TACTAT,-0.5108256237659907
TACTAC,-0.4777857696877905
TACTAG,-0.34536118403845895
TACTTA,0.6319035553192267
TACTTT,-0.5158131652770298
TACTTC,-0.5908683314395271
TACTTG,-0.24191365399620018
TACTCA,-0.3813675565291038
TACTCT,-0.11778303565638351
TACTCC,-0.5824816126724259
TACTCG,-0.7929925155296615
TACTGA,0.05129329438755048
TACTGT,-0.21217451994363576
TACTGC,-0.7063924073099659
TACTGG,-0.22123697304362816
TACCAA,-0.01526747213078842
TACCAT,-0.11122563511022437
TACCAC,-0.4382549309311553
TACCAG,-1.1023091505494358
TACCTA,-0.9783261227936078
TACCTT,-0.3856624808119846
TACCTC,-0.6903655375980685
TACCTG,-0.832909122935104
TACCCA,-0.16616611657166938
TACCCT,-0.6997917232786138
TACCCC,-0.1721069633842364
TACCCG,-0.31663389440154854
TACCGA,-0.5284472251158101
TACCGT,-0.2970133998806652
TACCGC,-0.16200155430299717
TACCGG,-0.295577649454561
TACGAA,-0.3456466128972542
TACGAT,0.18962085927556613
TACGAC,0.04979066450301561
TACGAG,-0.5561813254867879
TACGTA,-0.27625337662815824
TACGTT,-0.8428925669192872
TACGTC,-0.419853845560264
TACGTG,-0.5045560107523953
TACGCA,-0.15750638767423059
TACGCT,-0.014528100562909856
TACGCC,0.35343345001456133
TACGCG,-0.21011790829705387
TACGGA,0.03468555798789011
TACGGT,0.05608946665104358
TACGGC,-0.18083235324248678
TACGGG,-0.3528213746227423
TAGAAA,-0.0881072675102669
TAGAAT,-0.08065790301745453
TAGAAC,0.03898544671295359
TAGAAG,0.1786917887433761
TAGATA,0.3364722366212129
TAGATT,-0.43655569517819537
TAGATC,-0.19709287411426726
TAGATG,1.2703872472249431
TAGACA,0.3720994142643641
TAGACT,0.06010392406970531
TAGACC,0.23744994696544752
TAGACG,0.06090875308699252
TAGAGA,0.2795848622191615
TAGAGT,0.16672946203411843
TAGAGC,1.136920666448049
TAGAGG,0.3056197731384481
TAGTAA,-0.9400072584914712
TAGTAT,-0.35667494393873245
TAGTAC,-1.3609765531356006
TAGTAG,-0.31237468504215243
TAGTTA,-0.030305349495328922
TAGTTT,0.1392620673335076
TAGTTC,-0.24059046491793049
TAGTTG,-0.5758104738554033
TAGTCA,0.39688136441677296
TAGTCT,-0.048790164169431945
TAGTCC,-0.05644131090495173
TAGTCG,-0.3364722366212129
TAGTGA,-0.27668431824223966
TAGTGT,0.24846135929849972
TAGTGC,-0.6151856390902336
TAGTGG,-0.06725222700916746
TAGCAA,0.039665256392431354
TAGCAT,-0.22123697304362816
TAGCAC,0.014388737452099452
TAGCAG,0.24323030988094702
TAGCTA,0.1361321743245801
TAGCTT,0.3790918228532746
TAGCTC,-0.48285177172358457
TAGCTG,-0.3170541507641114
TAGCCA,-0.15415067982725836
TAGCCT,0.27952827072484804
TAGCCC,-0.0016652793190612089
TAGCCG,-0.1670540846631662
TAGCGA,-0.1431008436406733
TAGCGT,0.2681215465972874
TAGCGC,0.34582885062934204
TAGCGG,0.34678611180948526
TAGGAA,-0.259957524436926
TAGGAT,-0.17335288681119418
TAGGAC,-0.1941560144409575
TAGGAG,-0.7532114213025954
TAGGTA,0.6784410331702498
TAGGTT,0.4787373092144901
TAGGTC,0.22314355131420976
TAGGTG,-0.043059489460447
TAGGCA,-0.6390799592896695
TAGGCT,0.26160983214200584
TAGGCC,0.022642476749759752
TAGGCG,0.3907096425422451
TAGGGA,0.3044891907681623
TAGGGT,0.6582783549091213
TAGGGC,-0.027050177533026173
TAGGGG,0.11492996667397702
TTAAAA,-0.5366950037444077
TTAAAT,-0.37569294977449424
TTAAAC,0.017220597751670556
TTAAAG,-0.28839610318543796
TTAATA,-0.723918839226699
TTAATT,-0.27120084626798907
TTAATC,-0.05001042057466142
TTAATG,-0.4367176516122688
TTAACA,0.43506557788445505
TTAACT,-0.23262229526875347
TTAACC,0.5849335959197126
TTAACG,0.38822330167365837
TTAAGA,0.1376213778760477
TTAAGT,0.6380874033769178
TTAAGC,0.11721501519237477
TTAAGG,0.33944963765685304
TTATAA,0.028170876966696224
TTATAT,0.08183001824763211
TTATAC,0.33213383502261484
TTATAG,0.31015492830383945
TTATTA,-0.24445333790096085
TTATTT,-0.2866815721181973
TTATTC,-0.7242377676299764
TTATTG,0.08028083126080289
TTATCA,-0.28517894223366247
TTATCT,0.5257512739826663
TTATCC,0.5910756497775765
TTATCG,0.2942765381770617
TTATGA,0.2071432099677687
TTATGT,0.4586398705954205
TTATGC,0.0025673955052459545
TTATGG,0.32850406697203605
TTACAA,0.15470638976098133
TTACAT,0.25782910930209985
TTACAC,-0.3813675565291038
TTACAG,0.4567584024957149
TTACTA,-0.48550781578170077
TTACTT,-0.13613217432458005
TTACTC,-0.7447345493504385
TTACTG,-0.23199316659119223
TTACCA,-0.31365755885504165
TTACCT,-0.40175452871162864
TTACCC,-0.048790164169432056
TTACCG,-0.0972425475553787
TTACGA,0.03883983331626396
TTACGT,-0.44895022004790314
TTACGC,0.14362072927754552
TTACGG,0.083381608939051
TTAGAA,0.005277057100843819
TTAGAT,0.9162907318741551
TTAGAC,-0.003327790092674691
TTAGAG,0.8562486909072882
TTAGTA,-0.31237468504215243
TTAGTT,-0.3867729750960119
TTAGTC,-0.0981470611395244
TTAGTG,-0.4132776478449581
TTAGCA,-0.25940129933683415
TTAGCT,0.15741687761387946
TTAGCC,-0.08345568026977644
TTAGCG,0.01910017137341943
TTAGGA,-0.31551687144522494
TTAGGT,0.27663223626519595
TTAGGC,0.005469475804535255
TTAGGG,0.040078223567410524
TTTAAA,-0.5596157879354228
TTTAAT,-0.6931471805599453
TTTAAC,-0.38551432168881566
TTTAAG,0.1645493870481568
TTTATA,0.24613306953890854
TTTATT,-0.5334254556832316
TTTATC,0.6617608667392746
TTTATG,0.323083999502697
TTTACA,0.3069134343796684
TTTACT,-0.5045560107523953
TTTACC,-0.2722408879634031
TTTACG,-0.1803354588223252
TTTAGA,1.118450630887774
TTTAGT,0.023609865639133667
TTTAGC,0.15440712296239867
TTTAGG,0.06146632210060095
TTTTAA,-0.36193884305827345
TTTTAT,0.234839591077401
TTTTAC,-0.22443304214408144
TTTTAG,-0.1823215567939546
TTTTTA,-0.26797700137244856
TTTTTT,-0.3794896217049037
TTTTTC,0.11660922819369701
TTTTTG,0.06899287148695142
TTTTCA,0.24397763821705182
TTTTCT,0.190720364608983
TTTTCC,0.11478428963970369
TTTTCG,-0.041621674690819545
TTTTGA,0.17560730580437142
TTTTGT,0.31796043175804206
TTTTGC,-0.06340151135049604
TTTTGG,0.20370559915730513
TTTCAA,0.39172071085169147
TTTCAT,0.09962984094884134
TTTCAC,0.07478693562893923
TTTCAG,0.5187308032731041
TTTCTA,0.10032272162786926
TTTCTT,0.20098521032557098
TTTCTC,-0.11446785383725805
TTTCTG,0.09418721505970107
TTTCCA,0.07667536765896771
TTTCCT,0.17219122414028262
TTTCCC,-0.20261685241763722
TTTCCG,-0.04516343401201372
TTTCGA,-0.12663265093336593
TTTCGT,0.23916097864587188
TTTCGC,0.040326085757302725
TTTCGG,0.019635974516858935
TTTGAA,0.2752188084680489
TTTGAT,0.278465417346857
TTTGAC,0.32008549650644025
TTTGAG,0.20596521477912516
TTTGTA,0.10125373370517289
TTTGTT,0.47466564235154685
TTTGTC,0.1520979935095161
TTTGTG,0.16251892949777494
TTTGCA,-0.1601476992996327
TTTGCT,-0.04196419909903219
TTTGCC,-0.4129371229468655
TTTGCG,-0.016850690351855765
TTTGGA,-0.0012187691941293434
TTTGGT,-0.11332868530700312
TTTGGC,-0.0065898096790555525
TTTGGG,0.21834737905071677
TTCAAA,0.3135591869106407
TTCAAT,0.0077220460939103185
TTCAAC,0.16171345220895794
TTCAAG,0.13036181786324363
TTCATA,-0.19105523676270922
TTCATT,-0.7382676158404149
TTCATC,0.2108734587223955
TTCATG,0.1361321743245799
TTCACA,0.11042381761437305
TTCACT,-0.6974855821585435
TTCACC,0.17733401528291545
TTCACG,0.06776210210081876
TTCAGA,0.23945228935613366
TTCAGT,-0.08640143491521537
TTCAGC,0.28041686146036854
TTCAGG,0.3671829215371473
TTCTAA,-0.13976194237515874
TTCTAT,0.21559634567882682
TTCTAC,-0.1590646946296874
TTCTAG,0.14703321205839442
TTCTTA,-0.17740754199152559
TTCTTT,0.04900757910669461
TTCTTC,-0.18423543297623873
TTCTTG,0.1968953252392733
TTCTCA,-0.3180668090784975
TTCTCT,-0.4301577206985359
TTCTCC,0.20382776201491823
TTCTCG,-0.5137842058057359
TTCTGA,0.048108578320030695
TTCTGT,0.25206659078346033
TTCTGC,-0.44654513385162914
TTCTGG,0.3097417905165131
TTCCAA,-0.12270915399243931
TTCCAT,0.1165338162559516
TTCCAC,-0.14286272005340678
TTCCAG,-0.0481872096742279
TTCCTA,-0.28687529548184076
TTCCTT,-0.09086572804390082
TTCCTC,-0.016529301951210582
TTCCTG,-0.03765419162894556
TTCCCA,-0.12128566620758553
TTCCCT,-0.199955424395024
TTCCCC,-0.0154489109410476
TTCCCG,-0.3896846839271443
TTCCGA,-0.41454655368640553
TTCCGT,-0.2803636916441011
TTCCGC,-0.3355560661494334
TTCCGG,-0.2059913008798593
TTCGAA,-0.4279379639602229
TTCGAT,-0.14907452679539765
TTCGAC,0.21285186527766206
TTCGAG,-0.21164917188847474
TTCGTA,-0.34871229151571487
TTCGTT,-0.04164923846650727
TTCGTC,0.13093735744747603
TTCGTG,-0.22968924561684373
TTCGCA,-0.13377646063212087
TTCGCT,-0.343519482136616
TTCGCC,0.2005895957500108
TTCGCG,0.13165345780032245
TTCGGA,-0.414217899217759
TTCGGT,-0.3036497974802753
TTCGGC,-0.010323883341635904
TTCGGG,-0.3199677359497497
TTGAAA,0.11207645762326303
TTGAAT,-0.005439723295818098
TTGAAC,0.2908617253691607
TTGAAG,0.2418823882004571
TTGATA,-0.11099677597202438
TTGATT,0.29149887097848187
TTGATC,0.3166696093250331
TTGATG,0.31429572096987096
TTGACA,0.1531511794941748
TTGACT,0.01716780362236528
TTGACC,0.24370227833524627
TTGACG,0.27756394228619624
TTGAGA,0.22461522192566602
TTGAGT,0.37106368139083196
TTGAGC,0.022022912087437254
TTGAGG,0.12052115588850779
TTGTAA,-0.0953101798043249
TTGTAT,0.4547361571149471
TTGTAC,-0.8796267475025638
TTGTAG,0.27115277050057046
TTGTTA,0.5596157879354227
TTGTTT,0.2839852105704548
TTGTTC,0.38566248081198473
TTGTTG,0.26637228586502987
TTGTCA,0.5735639643994139
TTGTCT,0.1979993695131845
TTGTCC,-0.020379162336652254
TTGTCG,0.49611947637629517
TTGTGA,0.1923718926474561
TTGTGT,0.10189430768134015
TTGTGC,-0.5146022670463261
TTGTGG,0.2978344439157989
TTGCAA,0.22466910462304696
TTGCAT,-0.2413550883781477
TTGCAC,-0.5663159805052421
TTGCAG,-0.05223487994221437
TTGCTA,-0.4700036292457356
TTGCTT,-0.4700036292457356
TTGCTC,-0.33647223662121306
TTGCTG,0.07042246429654579
TTGCCA,-0.3618614706260324
TTGCCT,-0.4968148866963923
TTGCCC,-0.3884631529670072
TTGCCG,-0.2112329002883747
TTGCGA,0.13120605598852408
TTGCGT,0.13124828660995402
TTGCGC,0.09632030519385401
TTGCGG,0.19706894214732515
TTGGAA,-0.22006188477680164
TTGGAT,0.04879016416943205
TTGGAC,-0.041762728361975164
TTGGAG,0.007808182447811709
TTGGTA,-0.04481401578979266
TTGGTT,-0.17563256864315802
TTGGTC,0.06488045993385895
TTGGTG,-0.22123697304362816
TTGGCA,-0.6931471805599453
TTGGCT,0.09406096040389295
TTGGCC,0.1912218062642187
TTGGCG,0.2870649789425346
TTGGGA,0.004773278752657812
TTGGGT,0.08891277644880033
TTGGGC,-0.0015612805669524645
TTGGGG,0.06453852113757116
TCAAAA,0.25795295598007084
TCAAAT,-0.013632148790057757
TCAAAC,0.5364487286538883
TCAAAG,0.011834457647002798
TCAATA,0.2371297932889497
TCAATT,-0.24827952458575203
TCAATC,0.2991294582921319
TCAATG,-0.08074176397603439
TCAACA,0.3870866443567558
TCAACT,-0.029784561357527425
TCAACC,0.1410785982599056
TCAACG,0.2768320564277152
TCAAGA,0.2893094121111563
TCAAGT,0.06595796779179737
TCAAGC,0.3080909440829881
TCAAGG,0.35322468174657984
TCATAA,-0.03402974858631137
TCATAT,0.20067069546215124
TCATAC,-0.2719337154836418
TCATAG,0.0339015516756812
TCATTA,-0.33647223662121306
TCATTT,-0.13491931789937076
TCATTC,-0.16989903679539747
TCATTG,-0.38366047814131155
TCATCA,0.031605339415331044
TCATCT,0.297903626523319
TCATCC,1.16141318990714
TCATCG,0.23638877806423034
TCATGA,0.42813390792087735
TCATGT,0.28939293685541034
TCATGC,-0.027315810646962865
TCATGG,-0.08617769624105227
TCACAA,0.44075806114927385
TCACAT,0.36318962495992607
TCACAC,0.22592519427608654
TCACAG,-0.17275210577780392
TCACTA,-0.4382549309311553
TCACTT,-0.4744579795951158
TCACTC,-0.6540597918518987
TCACTG,-0.1195832161605314
TCACCA,0.1758121766084376
TCACCT,0.1499926696785945
TCACCC,0.6892836857349007
TCACCG,0.12199983466179096
TCACGA,0.07723134793599017
TCACGT,0.10101268272172284
TCACGC,0.28451249769050185
TCACGG,0.12233885219224423
TCAGAA,0.24656382552230835
TCAGAT,0.6138739996654375
TCAGAC,0.23306098797155558
TCAGAG,-0.0764162304443633
TCAGTA,-0.5970033200070429
TCAGTT,-0.2803019651541584
TCAGTC,-0.14808838515171233
TCAGTG,0.0025673955052459545
TCAGCA,-0.004987541511039051
TCAGCT,-0.034255024550318806
TCAGCC,0.21099954405941082
TCAGCG,0.31569510867945483
TCAGGA,0.44183275227903923
TCAGGT,0.36070720746667073
TCAGGC,0.38435198731730846
TCAGGG,0.2153614108721548
TCTAAA,1.0812636503334967
TCTAAT,-0.4453978184435355
TCTAAC,0.15942773692810217
TCTAAG,0.4775684020095083
TCTATA,0.8064758658669485
TCTATT,0.05505977718302739
TCTATC,0.3440564799795209
TCTATG,0.10536051565782635
TCTACA,0.29245535120443866
TCTACT,-0.2254937286591634
TCTACC,-0.10626919359404441
TCTACG,-0.2716450735419639
TCTAGA,0.5225904653455772
TCTAGT,-0.19539363836130752
TCTAGC,0.42786604479733104
TCTAGG,0.5485659517488376
TCTTAA,-0.07490130817311771
TCTTAT,-0.2318016140573243
TCTTAC,-0.39326983501434615
TCTTAG,-0.07288771574849251
TCTTTA,0.027885203489535642
TCTTTT,-0.1688985364618139
TCTTTC,-0.14296048291337424
TCTTTG,0.033465156294546695
TCTTCA,-0.06507716914413102
TCTTCT,-0.017241806434506103
TCTTCC,-0.08669686212620989
TCTTCG,-0.24969695926672536
TCTTGA,0.21198805714242422
TCTTGT,0.6663489874052212
TCTTGC,0.03117396730479477
TCTTGG,0.1711223665633313
TCTCAA,0.09798040836020382
TCTCAT,-0.28611835047559825
TCTCAC,-0.15014265842971947
TCTCAG,-0.21719999741336163
TCTCTA,0.02682724223314406
TCTCTT,-0.03138631382067072
TCTCTC,-0.020408871631207123
TCTCTG,-0.3392157225669638
TCTCCA,0.049190244190771566
TCTCCT,0.07948106767000551
TCTCCC,0.5358822036033283
TCTCCG,-0.15601229997395857
TCTCGA,-0.3798226774948267
TCTCGT,-0.21056476910734964
TCTCGC,-0.15088003095913574
TCTCGG,-0.5928822173287193
TCTGAA,-0.10467062256388868
TCTGAT,0.5978370007556204
TCTGAC,0.33228349081457315
TCTGAG,-0.298005955793417
TCTGTA,0.32158362412746216
TCTGTT,0.23638877806423034
TCTGTC,0.2539710151094693
TCTGTG,-0.07885857491231982
TCTGCA,-0.596429761058139
TCTGCT,-0.13675893711538917
TCTGCC,-0.8441874379728111
TCTGCG,-0.0921704597996571
TCTGGA,0.5150361563023342
TCTGGT,0.6136351176322117
TCTGGC,0.3767425069895417
TCTGGG,0.28456194511553734
TCCAAA,0.22935089588854357
TCCAAT,-0.21401106775093717
TCCAAC,-0.05971923470162231
TCCAAG,0.04348511193973889
TCCATA,0.3840739181268469
TCCATT,-0.6223669984988982
TCCATC,0.31344054496530094
TCCATG,-0.3067302674224755
TCCACA,0.3542565630744508
TCCACT,-0.1721069633842364
TCCACC,0.23682365521829002
TCCACG,-0.41431472338514685
TCCAGA,0.31783511062246844
TCCAGT,-0.16178695435224685
TCCAGC,-0.1921933052731087
TCCAGG,0.039726103999618186
TCCTAA,-0.34409616173187224
TCCTAT,-0.4793349566746198
TCCTAC,-0.06453852113757129
TCCTAG,-0.19611487892629037
TCCTTA,0.2560877070335638
TCCTTT,-0.4877032063451364
TCCTTC,0.21541487394255165
TCCTTG,-0.1765177099741545
TCCTCA,0.3989861420104553
TCCTCT,-0.20011109835745294
TCCTCC,0.3059026185653092
TCCTCG,-0.187987294329632
TCCTGA,0.6074917359814515
TCCTGT,0.10337835445383518
TCCTGC,-0.019231361927887644
TCCTGG,-0.04633255664099861
TCCCAA,-0.1338691734080078
TCCCAT,-0.2198046500486951
TCCCAC,0.009132483563272472
TCCCAG,-0.5072125470813265
TCCCTA,-0.11378645597189815
TCCCTT,0.12699969076130752
TCCCTC,0.03779127171550532
TCCCTG,-0.129599253282957
TCCCCA,0.09837794364669529
TCCCCT,0.2800191997062117
TCCCCC,0.5079059136626559
TCCCCG,-0.1602650825914296
TCCCGA,-0.3978893142997068
TCCCGT,-0.15282089239725666
TCCCGC,-0.15251669253560324
TCCCGG,0.1971214459510096
TCCGAA,-0.23615586785006457
TCCGAT,-0.004987541511039051
TCCGAC,-0.15415067982725836
TCCGAG,-0.8090766475670057
TCCGTA,-0.02030526616074557
TCCGTT,-0.3556744436051489
TCCGTC,0.3376425117694032
TCCGTG,-0.4700036292457356
TCCGCA,-0.20996620104840716
TCCGCT,-0.12403992594273494
TCCGCC,0.06623880750437829
TCCGCG,-0.3860405187993558
TCCGGA,-0.11851860023533749
TCCGGT,-0.1279167013711888
TCCGGC,0.0004133085407048801
TCCGGG,-0.18188743479885802
TCGAAA,-0.1643030512912763
TCGAAT,-0.5211294989042626
TCGAAC,-0.010956704638205677
TCGAAG,0.0835209720498612
TCGATA,0.33124004679091085
TCGATT,-0.40337960161714304
TCGATC,0.20152576178188458
TCGATG,-0.37821546566078884
TCGACA,0.4015255101040842
TCGACT,-0.5455353594113085
TCGACC,-0.16929205650362072
TCGACG,-0.04158882371924897
TCGAGA,-0.2820781645554141
TCGAGT,-0.8815774918422211
TCGAGC,-0.4356823984276702
TCGAGG,-0.11152850480285537
TCGTAA,-0.35065687161316944
TCGTAT,-0.025595547188963768
TCGTAC,-0.5653138090500606
TCGTAG,-0.18964759688602756
TCGTTA,0.1823215567939546
TCGTTT,0.17930723650103203
TCGTTC,-0.0633001308864245
TCGTTG,-0.041621674690819545
TCGTCA,0.4720395987308343
TCGTCT,0.027885203489535642
TCGTCC,0.13750754100416213
TCGTCG,0.10082242034933833
TCGTGA,0.20202662787328704
TCGTGT,-0.11531084651099437
TCGTGC,-0.4293325895148078
TCGTGG,-0.1845413135322676
TCGCAA,0.04065263216910091
TCGCAT,-0.011187189390564494
TCGCAC,-0.16150718189868268
TCGCAG,-0.08770558041910557
TCGCTA,0.015371780047853783
TCGCTT,-0.1393771049642133
TCGCTC,-0.11650833822438283
TCGCTG,-0.008624122444097299
TCGCCA,0.28691608237219834
TCGCCT,0.21244826219746177
TCGCCC,0.1551928894057021
TCGCCG,0.23930751861209185
TCGCGA,-0.07573825962648308
TCGCGT,-0.017331456351639976
TCGCGC,0.07394121515996403
TCGCGG,0.004313927380386296
TCGGAA,-0.21086508873549428
TCGGAT,-0.050693114315518095
TCGGAC,-0.3364722366212129
TCGGAG,-0.45985125778171754
TCGGTA,-0.7018052433030598
TCGGTT,-0.21549533047595298
TCGGTC,-0.22564043151279692
TCGGTG,-0.5090999977985209
TCGGCA,-0.6742191706744265
TCGGCT,-0.12066268531294994
TCGGCC,-0.28861249054242744
TCGGCG,0.2641151436206966
TCGGGA,-0.33949429996685243
TCGGGT,-0.1823215567939547
TCGGGC,-0.36505152690786036
TCGGGG,-0.4668511834915739
TGAAAA,0.3242396681855784
TGAAAT,0.3971663052934694
TGAAAC,0.41960961549432896
TGAAAG,-0.001387925274847969
TGAATA,0.044451762570833796
TGAATT,-0.0034423441909729015
TGAATC,-0.2623642644674911
TGAATG,-0.29804485948732745
TGAACA,0.621173680934856
TGAACT,0.01142869582362285
TGAACC,0.36246367211497693
TGAACG,0.4836298809575007
TGAAGA,0.0880508781227348
TGAAGT,0.2070697264831488
TGAAGC,0.17080913241824872
TGAAGG,0.07948106767000551
TGATAA,-0.07696104113612832
TGATAT,0.1650797503594486
TGATAC,-0.24869662573882725
TGATAG,0.12861737782209354
TGATTA,0.3129998804360708
TGATTT,0.5019049580076113
TGATTC,-0.5150273106196908
TGATTG,0.15786125922379404
TGATCA,0.43078291609245434
TGATCT,0.30335988517101076
TGATCC,0.2911970145592254
TGATCG,0.4465220926424254
TGATGA,0.24637040192402643
TGATGT,0.29972005101126
TGATGC,-0.08388148398070212
TGATGG,0.34908477467205673
TGACAA,0.48225225132193456
TGACAT,0.24981179839637108
TGACAC,1.0071372046477272
TGACAG,0.577836334048951
TGACTA,-0.378436435720245
TGACTT,0.05452083887841711
TGACTC,-0.3399505009975377
TGACTG,-0.0562808358985897
TGACCA,0.21392689620928568
TGACCT,0.4891327991547308
TGACCC,0.2824669367726727
TGACCG,-0.07966740273387127
TGACGA,0.4863346037576948
TGACGT,0.2748613840227194
TGACGC,0.5061019494182144
TGACGG,0.5119299861090438
TGAGAA,-0.28821384592881644
TGAGAT,0.1232982163444936
TGAGAC,-0.05231129456801082
TGAGAG,-0.018665294219359748
TGAGTA,0.22836549529536143
TGAGTT,0.04546237407675741
TGAGTC,-0.07272857510761552
TGAGTG,0.22575111472129067
TGAGCA,-0.10616019582839067
TGAGCT,0.184922338494012
TGAGCC,-0.06775499222840536
TGAGCG,0.27559607411674575
TGAGGA,0.1913029454585509
TGAGGT,0.2899067674738921
TGAGGC,0.12149755306079897
TGAGGG,0.23644298007513828
TGTAAA,0.09309042306601183
TGTAAT,0.3420047541909385
TGTAAC,0.7899970065498629
TGTAAG,0.05340077672711525
TGTATA,-0.012422519998557096
TGTATT,0.2932531175012364
TGTATC,-0.13287328137997342
TGTATG,0.011834457647002798
TGTACA,-0.3364722366212129
TGTACT,-0.7487170317147561
TGTACC,-1.0095786662977122
TGTACG,-0.22140290683642577
TGTAGA,0.2181560098031706
TGTAGT,0.16251892949777494
TGTAGC,0.6031989438970059
TGTAGG,0.32251602512741334
TGTTAA,0.17039298592868085
TGTTAT,0.4253034503278286
TGTTAC,0.33213383502261484
TGTTAG,0.14842000511827322
TGTTTA,0.5066676136173269
TGTTTT,0.2544504559392539
TGTTTC,0.11299997221578384
TGTTTG,0.5389965007326869
TGTTCA,0.3491842722095747
TGTTCT,0.4597704529657065
TGTTCC,0.05843108343584306
TGTTCG,0.33213383502261484
TGTTGA,0.3540809087616857
TGTTGT,0.35005240317823905
TGTTGC,0.00323102058144654
TGTTGG,0.41510042009183645
TGTCAA,0.3976013716479499
TGTCAT,1.2199731456723772
TGTCAC,0.5963477972041527
TGTCAG,0.28052823509516217
TGTCTA,-0.05826890812397576
TGTCTT,0.03765671943800514
TGTCTC,0.13485094416853158
TGTCTG,0.7249736121716225
TGTCCA,-0.01801850550267825
TGTCCT,0.13247375106638715
TGTCCC,-0.38031487448538936
TGTCCG,0.15015227386056307
TGTCGA,0.30196802969925746
TGTCGT,0.4164628623177057
TGTCGC,0.5012378226108372
TGTCGG,0.23747337686903464
TGTGAA,-0.007662872745569025
TGTGAT,0.19574457712609533
TGTGAC,0.16251892949777494
TGTGAG,-0.05001042057466142
TGTGTA,0.4155154439616658
TGTGTT,0.05480823649499516
TGTGTC,0.36208036250564035
TGTGTG,0.07026919584655615
TGTGCA,-0.2904559993345062
TGTGCT,-0.07490130817311771
TGTGCC,-1.2809338454620642
TGTGCG,-0.27570588140506525
TGTGGA,0.3513978868378886
TGTGGT,-0.07386984856645541
TGTGGC,0.25451281498185485
TGTGGG,0.07843581228723347
TGCAAA,-0.1272617796109272
TGCAAT,-0.02935221201252745
TGCAAC,0.1165338162559516
TGCAAG,0.09388262781313952
TGCATA,-0.20196855417775114
TGCATT,-0.9282193027394289
TGCATC,-0.5058130819424465
TGCATG,-0.40128973669768364
TGCACA,-0.9503700455270176
TGCACT,-0.4982468415591305
TGCACC,-1.120591195386885
TGCACG,-0.6183233887622006
TGCAGA,-0.22677331936478848
TGCAGT,-0.6703901934373291
TGCAGC,-0.26013212068355035
TGCAGG,-0.28449518152326186
TGCTAA,-0.3938031683603215
TGCTAT,-0.12516314295400605
TGCTAC,-0.36211466723455066
TGCTAG,-0.35417181372061374
TGCTTA,0.17693070815907824
TGCTTT,-0.5423242908253618
TGCTTC,-0.6310546451506345
TGCTTG,0.1440750278385167
TGCTCA,-0.059982704601710464
TGCTCT,-0.14197026127038723
TGCTCC,-0.3807490210638664
TGCTCG,-0.5559874832091802
TGCTGA,0.13890293642643356
TGCTGT,0.15600424847658118
TGCTGC,-0.15871169115482095
TGCTGG,-0.19773882082128164
TGCCAA,-0.44441300718254717
TGCCAT,-0.6361988286890496
TGCCAC,-0.9386476389754315
TGCCAG,-0.9458495341156995
TGCCTA,-0.14554230529065817
TGCCTT,-0.9579897610419035
TGCCTC,-0.63304325649024
TGCCTG,-0.7286215687536051
TGCCCA,-0.8229215243067557
TGCCCT,-0.8754687373538999
TGCCCC,-0.3893357261782807
TGCCCG,-0.7646061445420903
TGCCGA,-0.7696120668855978
TGCCGT,-0.7138613849475085
TGCCGC,-0.4882190691370768
TGCCGG,-0.44876191386148856
TGCGAA,-0.06911518816498297
TGCGAT,-0.13011647752445357
TGCGAC,0.297919481545001
TGCGAG,-0.3760512229018711
TGCGTA,-0.1797139933868737
TGCGTT,-0.14907452679539765
TGCGTC,0.019454064198144022
TGCGTG,-0.11809597573091357
TGCGCA,-0.3588245306550533
TGCGCT,-0.12754504165853964
TGCGCC,0.13353139262452257
TGCGCG,0.10010266734692529
TGCGGA,-0.15974723475541566
TGCGGT,0.007986351632649923
TGCGGC,0.18099463671204866
TGCGGG,-0.08022368677094462
TGGAAA,0.19077826681217805
TGGAAT,-0.0017841217935014426
TGGAAC,-0.005617992304223373
TGGAAG,-0.20781540562017442
TGGATA,0.03774032798284711
TGGATT,-0.22884157242884753
TGGATC,0.2958788396559593
TGGATG,0.12260232209233228
TGGACA,0.4551150167519848
TGGACT,-0.03347592919638957
TGGACC,-0.30133839889926656
TGGACG,0.20947591258554582
TGGAGA,0.10680455923005999
TGGAGT,-0.1397619423751586
TGGAGC,-0.09905199895032026
TGGAGG,0.0782095265918754
TGGTAA,-0.27087495413539975
TGGTAT,0.059638266319731244
TGGTAC,-0.6151856390902334
TGGTAG,-0.02656702738472175
TGGTTA,0.7537718023763802
TGGTTT,0.48677266030420424
TGGTTC,-0.011363758650315095
TGGTTG,-0.18425766582082112
TGGTCA,0.30776544090645813
TGGTCT,0.23940407218599002
TGGTCC,-0.06193095773049027
TGGTCG,0.2797139028026041
TGGTGA,0.28185115214098766
TGGTGT,0.15718558352241235
TGGTGC,-0.5522417274827076
TGGTGG,-0.062303883336154865
TGGCAA,-0.3322617040848694
TGGCAT,-0.5677459140186729
TGGCAC,-1.4414136603409702
TGGCAG,-0.8754687373538999
TGGCTA,0.09726330542520685
TGGCTT,0.06575137756278043
TGGCTC,-0.22514155397688282
TGGCTG,-0.18360278695000312
TGGCCA,0.11455296384199043
TGGCCT,0.19208872685199194
TGGCCC,-0.17210696338423626
TGGCCG,0.04455334213311342
TGGCGA,0.20566892079094581
TGGCGT,0.29167865213626637
TGGCGC,0.3585441033614358
TGGCGG,0.27883245717479843
TGGGAA,-0.23038995983497687
TGGGAT,-0.2092006453451969
TGGGAC,-0.42787870294506447
TGGGAG,-0.020834086902842025
TGGGTA,0.08903362237039765
TGGGTT,0.09884583463663264
TGGGTC,0.44005655287778345
TGGGTG,0.033274788884872133
TGGGCA,-0.5609136466510225
TGGGCT,-0.10791538872330708
TGGGCC,-0.21684275116218776
TGGGCG,0.10825822849389752
TGGGGA,0.26706278524904514
TGGGGT,-0.02662647511532219
TGGGGC,-0.30270031097461975
TGGGGG,0.1222742380998882
CAAAAA,0.2750396790366044
CAAAAT,-0.035306813832144956
CAAAAC,0.350789111761471
CAAAAG,-0.005037794029957181
CAAATA,0.0632490303076994
CAAATT,-0.5383383894881376
CAAATC,0.008900249470264078
CAAATG,-0.3784364357202451
CAAACA,0.5127213589308898
CAAACT,-0.18762660902364786
CAAACC,0.25489224962879004
CAAACG,0.08485653546011884
CAAAGA,-0.04348511193973878
CAAAGT,-0.11778303565638351
CAAAGC,0.0054837583562562875
CAAAGG,0.10818937185830396
CAATAA,-0.43978985064923903
CAATAT,0.4054651081081644
CAATAC,0.03866914115915412
CAATAG,0.29257205774597267
CAATTA,-0.41494385206270823
CAATTT,-0.38450625708732067
CAATTC,-0.3483066942682157
CAATTG,-0.35576543955589174
CAATCA,0.0
CAATCT,0.13077023118319456
CAATCC,0.08535984895115685
CAATCG,-0.1723078181334525
CAATGA,-0.2242240484479639
CAATGT,0.11138463026120725
CAATGC,-0.05480823649499503
CAATGG,-0.21993842036526137
CAACAA,0.2847014443136431
CAACAT,0.15984870094189604
CAACAC,0.16148746989111268
CAACAG,0.2699989685957149
CAACTA,-0.37156355643248296
CAACTT,-0.3671328890159982
CAACTC,-0.2743584112533103
CAACTG,-0.22994960578320928
CAACCA,0.009132483563272472
CAACCT,0.12996632646002637
CAACCC,-0.0126851595273158
CAACCG,-0.2481164722455897
CAACGA,-0.0024067400305649764
CAACGT,0.06390380197948005
CAACGC,0.06923421334886876
CAACGG,-0.15874838907588779
CAAGAA,0.006116227017436054
CAAGAT,0.46484051052416736
CAAGAC,0.44740379732849467
CAAGAG,-0.1279414737747325
CAAGTA,-0.1823215567939547
CAAGTT,0.18596454807245566
CAAGTC,0.1440750278385167
CAAGTG,-0.17620532977651857
CAAGCA,-0.2272729446562209
CAAGCT,0.33213383502261484
CAAGCC,0.41353780583327565
CAAGCG,0.38159267190168256
CAAGGA,0.0023014969882791674
CAAGGT,0.5995537393746749
CAAGGC,0.5667541764252155
CAAGGG,0.3409265869705932
CATAAA,0.27315397188887114
CATAAT,0.2608838792970568
CATAAC,0.4131871542020747
CATAAG,0.09952959534703307
CATATA,1.1314021114911006
CATATT,-0.056695343676545176
CATATC,0.49926480136491463
CATATG,-0.32208349916911333
CATACA,-0.37729423114146804
CATACT,0.02985296314968113
CATACC,-0.5207759546191588
CATACG,-0.3394440070103705
CATAGA,-0.048790164169431945
CATAGT,0.1267517056391438
CATAGC,0.2580598164204376
CATAGG,0.005899722127188322
CATTAA,-0.3841877096608795
CATTAT,-0.48905182421643006
CATTAC,-0.3174963351622074
CATTAG,-0.6385589902755423
CATTTA,-0.38299225225610584
CATTTT,0.35975186944321164
CATTTC,-0.2660205756706016
CATTTG,-0.09690380563960282
CATTCA,-0.5859929424480922
CATTCT,-0.10821358464023272
CATTCC,-0.379852532251438
CATTCG,-0.3020021262265295
CATTGA,-0.22800974096538268
CATTGT,-0.05158736879049312
CATTGC,-0.2281310928252489
CATTGG,-0.3579784418421765
CATCAA,0.16620217491407133
CATCAT,0.2675953138850435
CATCAC,0.19888657366864973
CATCAG,0.06957852304102605
CATCTA,0.9200858028427067
CATCTT,-0.0053428444104954695
CATCTC,-0.2182191657035317
CATCTG,-0.12995357127663856
CATCCA,0.01329554248124472
CATCCT,0.3223858704601004
CATCCC,0.6722040067147022
CATCCG,0.004140792666031387
CATCGA,-0.3944759865325691
CATCGT,0.37304192140293774
CATCGC,0.14864503043457075
CATCGG,-0.1344238514075423
CATGAA,0.1939139129992713
CATGAT,0.21130909366720696
CATGAC,0.4526549909111225
CATGAG,-0.08338160893905101
CATGTA,-0.6312717768418579
CATGTT,0.10821358464023279
CATGTC,-0.1099445873227626
CATGTG,-0.08311490671050668
CATGCA,-0.7440055977934362
CATGCT,0.10727806178709813
CATGCC,-0.5007752879124893
CATGCG,-0.13929432487774362
CATGGA,-0.294799540220645
CATGGT,0.22825865198098017
CATGGC,-0.0023781224049674358
CATGGG,0.09556337641284303
CACAAA,0.10160111273392071
CACAAT,-0.12248576518328959
CACAAC,0.18703854667209363
CACAAG,0.3018667074437374
CACATA,0.40346710544549136
CACATT,0.021858793812499017
CACATC,0.017544309650909525
CACATG,-0.1272617796109272
CACACA,-0.0028530689824065106
CACACT,0.03045920748470844
CACACC,0.054394072065798764
CACACG,-0.19640629667569365
CACAGA,0.16367299771588165
CACAGT,-0.5240708505160112
CACAGC,-0.17511172022720478
CACAGG,0.2522801454008649
CACTAA,-0.39759105167725844
CACTAT,-0.010471299867295366
CACTAC,-0.4207325802389528
CACTAG,-0.29598087526647593
CACTTA,0.40261203912575794
CACTTT,-0.021583571667174516
CACTTC,-0.6217382653753885
CACTTG,-0.2162908568521692
CACTCA,0.12686672087878983
CACTCT,-0.5643663906940205
CACTCC,-0.8256363636060243
CACTCG,-0.7618437118461803
CACTGA,-0.21605969642580475
CACTGT,0.07955263170195369
CACTGC,-0.5197332016571032
CACTGG,-0.0604026215935228
CACCAA,0.07464792897029653
CACCAT,-0.055569851154810765
CACCAC,-0.25444343097604705
CACCAG,-0.006872879287762064
CACCTA,0.1406998821031351
CACCTT,0.4151504138426281
CACCTC,0.4521003377532082
CACCTG,0.08826608229852625
CACCCA,-0.1789143984723403
CACCCT,0.5020149940838358
CACCCC,0.015371780047853783
CACCCG,-0.14208842655750226
CACCGA,-0.49510955037681187
CACCGT,0.048202101817877686
CACCGC,0.09864908106983943
CACCGG,-0.35922723961487674
CACGAA,-0.28080363141329095
CACGAT,0.1322528925569153
CACGAC,-0.20802991350416158
CACGAG,-0.5328455468708179
CACGTA,-0.6385589902755423
CACGTT,-0.48066092371972363
CACGTC,-0.21155119510889314
CACGTG,-0.3328025077322505
CACGCA,-0.6626879730752366
CACGCT,0.3414432493432334
CACGCC,0.06544990941060715
CACGCG,-0.13267164815013402
CACGGA,-0.28954600588984364
CACGGT,-0.4039135174167455
CACGGC,-0.17246926035094304
CACGGG,-0.19692035621510734
CAGAAA,0.1849055375598797
CAGAAT,-0.2772621191481281
CAGAAC,0.30731804696863985
CAGAAG,-0.15144431822951532
CAGATA,0.5693218304475992
CAGATT,0.2135741002980591
CAGATC,0.425581343896381
CAGATG,-0.02690745291992438
CAGACA,0.453667209926042
CAGACT,-0.017493157447517116
CAGACC,0.07410797215372183
CAGACG,0.0408219945202552
CAGAGA,-0.2136440279229957
CAGAGT,-0.08122543992258574
CAGAGC,-0.022182055525974756
CAGAGG,0.09998126653809028
CAGTAA,-0.6190392084062235
CAGTAT,-0.5827233629455723
CAGTAC,-0.5661875530986572
CAGTAG,-1.120591195386885
CAGTTA,-0.5917470661182159
CAGTTT,-0.06571707165701543
CAGTTC,-0.5264177185258269
CAGTTG,-0.24645935662782656
CAGTCA,-0.038282186571016924
CAGTCT,0.054394072065798764
CAGTCC,-0.6636465161632474
CAGTCG,-0.33096258081024327
CAGTGA,-0.2174128766052247
CAGTGT,0.11892004544345851
CAGTGC,-0.20538682972495068
CAGTGG,-0.7327376478309539
CAGCAA,-0.2963940130538025
CAGCAT,-0.2870568770578625
CAGCAC,-0.4700036292457356
CAGCAG,0.01993421490081733
CAGCTA,-0.25685460865652154
CAGCTT,-0.11544111421130229
CAGCTC,-0.8727476472395392
CAGCTG,-0.8610799999018004
CAGCCA,-0.0953101798043249
CAGCCT,0.27709406604295145
CAGCCC,0.0745888569910726
CAGCCG,-0.3249356639927965
CAGCGA,-0.014966801633319097
CAGCGT,0.1726388560775371
CAGCGC,0.15342053476146644
CAGCGG,-0.10395825907009433
CAGGAA,-0.13918206413333697
CAGGAT,0.6965718414413095
CAGGAC,0.16251892949777494
CAGGAG,0.13380882361534363
CAGGTA,-0.2586945355785286
CAGGTT,0.29980343298412576
CAGGTC,0.27418138523287844
CAGGTG,-0.3056447728259534
CAGGCA,-0.4117347211217598
CAGGCT,0.47847478251282377
CAGGCC,0.2204589859435409
CAGGCG,0.22369680167410314
CAGGGA,-0.11531084651099437
CAGGGT,0.5063312341781513
CAGGGC,-0.07400444712645407
CAGGGG,0.18486814921083247
CTAAAA,0.048076133435774916
CTAAAT,0.21209371512762482
CTAAAC,0.7380425004678363
CTAAAG,0.22892948838125354
CTAATA,-0.41150742256412715
CTAATT,-0.7339691750802004
CTAATC,-0.5561813254867879
CTAATG,-0.6581674616639184
CTAACA,0.2960503221222974
CTAACT,-0.07563741420561995
CTAACC,0.16251892949777494
CTAACG,0.1450257720502578
CTAAGA,-0.0779615414697118
CTAAGT,0.42348361361084275
CTAAGC,0.1257693872890334
CTAAGG,0.04046286361318087
CTATAA,0.6676680952589604
CTATAT,0.886437768724474
CTATAC,0.3364722366212129
CTATAG,0.7681102190334006
CTATTA,-0.10919929196499197
CTATTT,-0.11332868530700324
CTATTC,-0.45303352502727395
CTATTG,0.16705408466316624
CTATCA,-0.07232066157962613
CTATCT,0.10536051565782635
CTATCC,0.4771524086594028
CTATCG,0.2395822776573697
CTATGA,0.3826504303419929
CTATGT,-0.1431008436406733
CTATGC,0.053928342025555645
CTATGG,0.39304258810960735
CTACAA,0.16620217491407133
CTACAT,0.24613306953890854
CTACAC,0.057629112836636215
CTACAG,0.15011841629931988
CTACTA,-0.045120435280469544
CTACTT,-0.3184537311185346
CTACTC,-0.083881483980702
CTACTG,-0.21913552991667093
CTACCA,-0.12516314295400605
CTACCT,-0.7588011507813821
CTACCC,-0.35667494393873245
CTACCG,-0.2214754942135127
CTACGA,-0.4630349599296422
CTACGT,-0.38526240079064494
CTACGC,-0.2623642644674911
CTACGG,-0.2742590521196403
CTAGAA,0.3976013716479499
CTAGAT,0.2645287674770641
CTAGAC,0.23572233352106994
CTAGAG,0.7566605862822711
CTAGTA,-0.8401293709085911
CTAGTT,0.04284015867649244
CTAGTC,0.009132483563272472
CTAGTG,-0.262364264467491
CTAGCA,0.07726878079081109
CTAGCT,-0.12742303092144353
CTAGCC,-0.0675102915267287
CTAGCG,0.11271348996308508
CTAGGA,-0.18445602932258728
CTAGGT,0.34020010673522727
CTAGGC,0.15718558352241235
CTAGGG,0.36865113498544805
CTTAAA,-0.18647956694261839
CTTAAT,-0.17335288681119418
CTTAAC,0.5029204442588774
CTTAAG,0.4345423190163599
CTTATA,0.12981161152199072
CTTATT,-0.12411217070803093
CTTATC,0.3427212291648672
CTTATG,0.2968145560150533
CTTACA,0.008032171697264253
CTTACT,-0.3533360426732176
CTTACC,-0.10210522293715353
CTTACG,0.023347363996991107
CTTAGA,0.4947517989349297
CTTAGT,-0.24550045841548612
CTTAGC,-0.0537041789718611
CTTAGG,-0.0670862932163698
CTTTAA,-0.3137674429274558
CTTTAT,0.21184399606027632
CTTTAC,-0.05406722127027582
CTTTAG,0.508691151237358
CTTTTA,-0.5606005245979622
CTTTTT,0.055546809945607144
CTTTTC,-0.081003784153087
CTTTTG,0.1752040890250906
CTTTCA,0.2883556999612552
CTTTCT,-0.21645456316341322
CTTTCC,-0.16911132505714818
CTTTCG,0.13023460758448158
CTTTGA,0.04598511324182344
CTTTGT,0.08571351827402993
CTTTGC,-0.12658988024838705
CTTTGG,-0.07070757216428647
CTTCAA,0.18499178534983363
CTTCAT,-0.20791710398291838
CTTCAC,0.0814930342511828
CTTCAG,0.15526240867994873
CTTCTA,0.11031102081768256
CTTCTT,-0.1336896079559182
CTTCTC,-0.12107793155323604
CTTCTG,-0.228502301857315
CTTCCA,-0.11625980611586197
CTTCCT,-0.11531084651099437
CTTCCC,0.0703750417139031
CTTCCG,-0.3104835128116894
CTTCGA,0.10828877543691458
CTTCGT,-0.11805073743819909
CTTCGC,0.08746602578127581
CTTCGG,-0.19477097333496285
CTTGAA,0.1706010375262273
CTTGAT,0.44208247134638756
CTTGAC,0.24116205681688804
CTTGAG,0.16423370556814587
CTTGTA,-0.11407245625984769
CTTGTT,0.5481433867731859
CTTGTC,0.5665503456040907
CTTGTG,0.225161715470447
CTTGCA,-0.07443259478276955
CTTGCT,-0.16244948264195344
CTTGCC,0.10050613719302814
CTTGCG,0.4222722264245456
CTTGGA,0.17190866984761408
CTTGGT,0.14916313831621927
CTTGGC,0.5265245333090944
CTTGGG,0.07472354619593657
CTCAAA,0.16441826530142725
CTCAAT,-0.21152071148621698
CTCAAC,0.2487495022193809
CTCAAG,0.19349485739207992
CTCATA,-0.5545610172737986
CTCATT,-0.35937400090789745
CTCATC,0.5136306746935994
CTCATG,-0.19702770418365004
CTCACA,0.01716780362236528
CTCACT,-0.373716409793584
CTCACC,0.5264509416690715
CTCACG,-0.10821358464023272
CTCAGA,-0.057679111586678045
CTCAGT,-0.516807695443538
CTCAGC,0.045670036833188266
CTCAGG,0.2829687879996826
CTCTAA,0.8413407962119082
CTCTAT,0.29139265184831664
CTCTAC,0.2715171355984256
CTCTAG,0.6886120253945539
CTCTTA,-0.2394799706339033
CTCTTT,-0.19351988210398413
CTCTTC,-0.18864211959654392
CTCTTG,-0.04230237969068939
CTCTCA,0.17804500002669446
CTCTCT,0.02443402533728204
CTCTCC,0.29337198822945953
CTCTCG,-0.5513275670753204
CTCTGA,-0.18373298963236245
CTCTGT,-0.0306369694618898
CTCTGC,-0.35534072092559577
CTCTGG,0.1823215567939546
CTCCAA,0.12405264866997882
CTCCAT,-0.12462824056093644
CTCCAC,0.07730256286266872
CTCCAG,0.048140375327935025
CTCCTA,-0.5815946946541978
CTCCTT,-0.3005982977183273
CTCCTC,-0.15979971855105568
CTCCTG,0.10437771459591819
CTCCCA,0.04307125423553403
CTCCCT,0.21222366120018754
CTCCCC,0.6678419354686387
CTCCCG,-0.2278780883963218
CTCCGA,-0.4233723479639963
CTCCGT,0.03420675540153578
CTCCGC,-0.24060675832968967
CTCCGG,-0.23154062939801248
CTCGAA,-0.13102826240640403
CTCGAT,-0.07380397458336131
CTCGAC,-0.23348984336835404
CTCGAG,-1.2193853336336826
CTCGTA,-0.491407537908889
CTCGTT,-0.47933495667461995
CTCGTC,-0.04524196411333466
CTCGTG,-0.4361020775700542
CTCGCA,-0.24137631957526948
CTCGCT,-0.36741704047063456
CTCGCC,0.27193371548364176
CTCGCG,-0.3501686754881193
CTCGGA,-0.6340483827181923
CTCGGT,-0.4382549309311553
CTCGGC,-0.4951775123996597
CTCGGG,-0.7875386648471977
CTGAAA,0.3331444465285383
CTGAAT,-0.2787134024690205
CTGAAC,0.7167819586939421
CTGAAG,-0.018127384592556715
CTGATA,0.14186091787735297
CTGATT,0.23934552589049016
CTGATC,0.3890949784613091
CTGATG,0.01329554248124472
CTGACA,0.4164628623177057
CTGACT,-0.3912227513926212
CTGACC,0.34584939843381
CTGACG,0.3535286382493674
CTGAGA,-0.18514243313559597
CTGAGT,-0.21309321546070834
CTGAGC,0.28718094490433554
CTGAGG,-0.059316577156419505
CTGTAA,0.25782910930209985
CTGTAT,0.2928234719521997
CTGTAC,-0.13540463700620292
CTGTAG,0.6131044728864089
CTGTTA,0.3705962824573405
CTGTTT,0.42993796462689
CTGTTC,0.3655507418527007
CTGTTG,0.39019763597737595
CTGTCA,0.6553176106868959
CTGTCT,0.40261203912575794
CTGTCC,0.11984398147640594
CTGTCG,0.2739832280936191
CTGTGA,0.08096906253366709
CTGTGT,0.2266218156905347
CTGTGC,-0.2923586203356828
CTGTGG,0.27047929421515277
CTGCAA,-0.02150620522096362
CTGCAT,-0.5488436909535116
CTGCAC,-0.7275486072772778
CTGCAG,-0.3137287813898818
CTGCTA,-0.1549906630769834
CTGCTT,-0.18728434613608355
CTGCTC,-0.2113671639903845
CTGCTG,-0.05826890812397576
CTGCCA,-0.6295384595823408
CTGCCT,-0.5675839575845996
CTGCCC,-0.4506855784009718
CTGCCG,-0.6966294823958198
CTGCGA,-0.06324636434840063
CTGCGT,-0.2079639874072922
CTGCGC,0.0274673947006107
CTGCGG,-0.005159082810027336
CTGGAA,0.060560190902459975
CTGGAT,0.3657384500920793
CTGGAC,0.3232921500855267
CTGGAG,0.16551443847757333
CTGGTA,-0.1640395119565056
CTGGTT,0.44734102859985464
CTGGTC,0.13064631288649967
CTGGTG,-0.1239107946375402
CTGGCA,-0.7602864833975739
CTGGCT,-0.31424909983650273
CTGGCC,-0.055166381308708025
CTGGCG,0.38748107644846114
CTGGGA,-0.5316081629485191
CTGGGT,0.5293446715332282
CTGGGC,-0.01399556333323466
CTGGGG,-0.15275597946170877
CCAAAA,0.13789927144460015
CCAAAT,-0.12266750901585867
CCAAAC,0.3351930551228327
CCAAAG,0.14093198144269387
CCAATA,0.16083966797805488
CCAATT,-0.3266199401782014
CCAATC,-0.21238162359975546
CCAATG,-0.20701416938432615
CCAACA,0.18580588087656555
CCAACT,-0.5742271351164868
CCAACC,-0.15517056772800378
CCAACG,-0.2488960474166244
CCAAGA,0.10536051565782635
CCAAGT,0.13890293642643356
CCAAGC,0.40953428971489003
CCAAGG,0.3449789041755411
CCATAA,0.3566749439387324
CCATAT,0.7532511046296506
CCATAC,-0.12398597978099125
CCATAG,0.2200994089329817
CCATTA,-0.556436135018043
CCATTT,-0.06317890162153156
CCATTC,-0.3869030902481049
CCATTG,-0.2862104018403248
CCATCA,0.4677074169853853
CCATCT,0.30912240368965044
CCATCC,-0.09230867680056823
CCATCG,0.045271770816864586
CCATGA,0.22314355131420976
CCATGT,-0.05715841383994864
CCATGC,-0.178691788743376
CCATGG,0.1570618900347167
CCACAA,0.1959433250150532
CCACAT,-0.10049153854632246
CCACAC,0.18890052789199707
CCACAG,0.15290767158766125
CCACTA,-0.19539363836130752
CCACTT,-0.03448617607116932
CCACTC,-0.3111544286369231
CCACTG,-0.6350395497526645
CCACCA,0.15762894420358306
CCACCT,0.5027675624362284
CCACCC,-0.08496525996193215
CCACCG,-0.09291496907837
CCACGA,-0.5221893824163059
CCACGT,-0.6209022736866165
CCACGC,-0.10695016059346085
CCACGG,-0.5416955577018521
CCAGAA,0.17275210577780395
CCAGAT,0.5726388171509218
CCAGAC,0.32346627294207897
CCAGAG,0.08808146804947417
CCAGTA,-0.5951667721997415
CCAGTT,-0.39035147029811623
CCAGTC,-0.2231435513142097
CCAGTG,-0.3293037471426004
CCAGCA,-0.20355908203802053
CCAGCT,-0.715716650102239
CCAGCC,-0.09017538033228643
CCAGCG,-0.06777261508172211
CCAGGA,0.08108491725198014
CCAGGT,-0.2892433530187334
CCAGGC,-0.10783919302223169
CCAGGG,0.08073739335621484
CCTAAA,-0.05703763359944921
CCTAAT,-0.5851376567305421
CCTAAC,0.4953214372300254
CCTAAG,-0.0339621558998143
CCTATA,0.546819226413896
CCTATT,-0.3646431135879093
CCTATC,0.1934173710490092
CCTATG,0.28620168728134676
CCTACA,-0.011049836186585046
CCTACT,-0.21188035903549898
CCTACC,-0.16507975035944858
CCTACG,-0.22114154864353666
CCTAGA,0.6369262877154723
CCTAGT,0.02765153133050995
CCTAGC,0.1511249589107213
CCTAGG,0.059818495210910205
CCTTAA,0.3566749439387324
CCTTAT,0.4253034503278286
CCTTAC,0.15447753062278133
CCTTAG,0.11255479129185356
CCTTTA,0.07847161544149531
CCTTTT,0.1871905339054586
CCTTTC,0.14748630941127883
CCTTTG,-0.20756833952873843
CCTTCA,0.06744128079553248
CCTTCT,0.15358586761229953
CCTTCC,0.001184132761216772
CCTTCG,0.24643911391773196
CCTTGA,0.19513051508653578
CCTTGT,0.43671765161226883
CCTTGC,0.4311815607060652
CCTTGG,0.2824327165656372
CCTCAA,0.10650664758844883
CCTCAT,0.653603313420979
CCTCAC,0.4037274882096237
CCTCAG,0.0771896386911299
CCTCTA,0.3361497079940016
CCTCTT,-0.17947660466172338
CCTCTC,0.31304510372607297
CCTCTG,0.06899287148695142
CCTCCA,0.19722193406279237
CCTCCT,-0.17740754199152559
CCTCCC,0.635167108908396
CCTCCG,-0.029825979515253766
CCTCGA,-0.16793281934185506
CCTCGT,0.03233538064293645
CCTCGC,0.0567383340186063
CCTCGG,-0.45217319383106425
CCTGAA,0.5024673661517894
CCTGAT,0.2678007018979519
CCTGAC,0.29669694354799636
CCTGAG,0.43301505987639494
CCTGTA,0.16073798512678014
CCTGTT,0.5925036547802579
CCTGTC,0.5307764101853394
CCTGTG,0.3730836986051245
CCTGCA,-0.37156355643248296
CCTGCT,0.07741012154948088
CCTGCC,-0.082528303801282
CCTGCG,0.15906469462968728
CCTGGA,0.09004628068478374
CCTGGT,-0.1775934155980086
CCTGGC,-0.07845774187133982
CCTGGG,0.04360363748213193
CCCAAA,0.08446016378025899
CCCAAT,-0.023256862164267235
CCCAAC,-0.06352994818268631
CCCAAG,0.2613647641344075
CCCATA,0.13639262490555495
CCCATT,-0.2006706954621511
CCCATC,-0.027736754971599636
CCCATG,-0.026511125548331852
CCCACA,0.1392620673335076
CCCACT,-0.2668789448220176
CCCACC,-0.1149186511927011
CCCACG,-0.4700036292457356
CCCAGA,0.16045707309721638
CCCAGT,-0.6830968447064438
CCCAGC,-0.2591269680176997
CCCAGG,0.16876678043613805
CCCTAA,0.2539710151094693
CCCTAT,0.0
CCCTAC,-0.2392296890658341
CCCTAG,0.2920204740503791
CCCTTA,0.06187540371808745
CCCTTT,0.3892184916712037
CCCTTC,0.11949502659273119
CCCTTG,0.4735655208120962
CCCTCA,0.35570359854910055
CCCTCT,0.46106411420692683
CCCTCC,0.3908943595713177
CCCTCG,-0.18999134399730933
CCCTGA,0.28364980892384234
CCCTGT,0.33061983019139973
CCCTGC,-0.026723070140753508
CCCTGG,0.11589802096061225
CCCCAA,0.16667003550015358
CCCCAT,0.002249719734015546
CCCCAC,-0.19474407679251174
CCCCAG,-0.05133146159810467
CCCCTA,0.27343801092585956
CCCCTT,0.30899604533719516
CCCCTC,0.5828385050982821
CCCCTG,0.24468063645859348
CCCCCA,0.24846135929849972
CCCCCT,0.5091435375830059
CCCCCC,-0.606350949870629
CCCCCG,-0.11555063412882562
CCCCGA,-0.18099088460824964
CCCCGT,-0.07106279977855527
CCCCGC,-0.011306106809764072
CCCCGG,-0.24757547083195433
CCCGAA,-0.235517014431303
CCCGAT,-0.1041402592525969
CCCGAC,-0.06416863025116401
CCCGAG,-0.7451069194906563
CCCGTA,-0.3364722366212129
CCCGTT,-0.222358929853792
CCCGTC,-0.015139061215684153
CCCGTG,-0.21194708353008573
CCCGCA,-0.02371652661731593
CCCGCT,0.1012913340511005
CCCGCC,0.02616347399663302
CCCGCG,-0.30796674362328663
CCCGGA,-0.02291720156032497
CCCGGT,-0.378172965820157
CCCGGC,0.17679983674775118
CCCGGG,-0.8054701569053199
CCGAAA,-0.17567701407528602
CCGAAT,-0.6510015591091818
CCGAAC,-0.07060231389444949
CCGAAG,-0.20711839576411714
CCGATA,0.07843581228723347
CCGATT,-0.6228207977405659
CCGATC,0.15697389850892066
CCGATG,-0.06396496218866722
CCGACA,0.28715727579843486
CCGACT,-0.5171690976881657
CCGACC,0.14577005399570303
CCGACG,-0.211749404093166
CCGAGA,-0.6697506027535494
CCGAGT,-0.7787391108953489
CCGAGC,-0.6698950622174433
CCGAGG,-0.3195484219777161
CCGTAA,-0.028987536873252298
CCGTAT,-0.16126814759612226
CCGTAC,-0.5063712734166103
CCGTAG,0.08414467650755365
CCGTTA,0.00966191091173689
CCGTTT,-0.11835267395147911
CCGTTC,-0.0842098372918119
CCGTTG,-0.17960046667959395
CCGTCA,0.6513369104999303
CCGTCT,-0.11004341131730899
CCGTCC,-0.09759458970695736
CCGTCG,0.042751166952663906
CCGTGA,0.031001948339279686
CCGTGT,-0.02507968439702343
CCGTGC,-0.4274440148269396
CCGTGG,-0.3372655726406088
CCGCAA,0.21464319654881714
CCGCAT,-0.2710675395957927
CCGCAC,-0.12656272330842924
CCGCAG,-0.0358659131884967
CCGCTA,0.038374012881615044
CCGCTT,0.2342671365328721
CCGCTC,-0.13914357690147136
CCGCTG,0.00758684701305817
CCGCCA,0.18987293257981727
CCGCCT,0.1215667807445702
CCGCCC,0.26017427051973957
CCGCCG,0.20658204272520828
CCGCGA,-0.04191613257495354
CCGCGT,0.024946267946577175
CCGCGC,0.1664061014880551
CCGCGG,-1.8132656744490185
CCGGAA,-0.14000480819298874
CCGGAT,0.1499926696785947
CCGGAC,0.015545743250497486
CCGGAG,-0.32002376620610273
CCGGTA,-0.6247301800938033
CCGGTT,0.06362569588021155
CCGGTC,-0.07854064205128075
CCGGTG,-0.11048013139477224
CCGGCA,-0.5438588740488008
CCGGCT,-0.20860044125779506
CCGGCC,-0.10664495686760611
CCGGCG,0.18713966255820758
CCGGGA,0.1614179715532533
CCGGGT,-0.212767323328119
CCGGGC,-0.37753033077661036
CCGGGG,-0.35587293465153164
CGAAAA,0.03370452675139125
CGAAAT,-0.058624843347523596
CGAAAC,0.12056467861826033
CGAAAG,-0.10041078593191269
CGAATA,-0.21950056003570867
CGAATT,-0.3328490442517927
CGAATC,-0.9033256918568662
CGAATG,-0.38526240079064494
CGAACA,0.08587565852570239
CGAACT,-0.4367176516122688
CGAACC,-0.020165669594594527
CGAACG,0.14010603826660797
CGAAGA,-0.13131118785743556
CGAAGT,-0.2806574575148164
CGAAGC,0.05474673398874836
CGAAGG,0.11362502550771977
CGATAA,0.3350843113463649
CGATAT,0.39432054355509927
CGATAC,0.08738250336241794
CGATAG,0.4740116506432744
CGATTA,-0.11488027599842202
CGATTT,-0.07872315612952756
CGATTC,-0.735882835820671
CGATTG,-0.22677331936478848
CGATCA,0.518236986435633
CGATCT,0.4302597667213807
CGATCC,0.24996398918303464
CGATCG,-0.01065729447398798
CGATGA,0.1923718926474561
CGATGT,0.21990205739003874
CGATGC,-0.10960150991508083
CGATGG,-0.07480925680839128
CGACAA,0.4559847080664046
CGACAT,0.3550528835668643
CGACAC,0.5095637939455686
CGACAG,0.3108335845904911
CGACTA,-0.5136786927483972
CGACTT,-0.036179656577502356
CGACTC,-0.7343500549172179
CGACTG,-0.22470077976281616
CGACCA,0.1873340986174988
CGACCT,0.394695285924109
CGACCC,-0.21699329031114878
CGACCG,-0.05186527008174372
CGACGA,0.005748977826921757
CGACGT,-0.14967639943233715
CGACGC,0.16598513747426116
CGACGG,0.09930976412767212
CGAGAA,-0.42131111655824255
CGAGAT,-0.33750689786198934
CGAGAC,-0.16966315992203113
CGAGAG,-0.47450379756034794
CGAGTA,-0.6471032420585385
CGAGTT,-0.7518090932085314
CGAGTC,-0.6434237452075148
CGAGTG,-0.7155142107068414
CGAGCA,-0.8280664984593159
CGAGCT,-0.8112618361828896
CGAGCC,-0.35146137688584483
CGAGCG,-0.34396290835037063
CGAGGA,-0.17301916413164112
CGAGGT,-0.1775754634046989
CGAGGC,0.13149265593467424
CGAGGG,-0.2215953922081318
CGTAAA,-0.12067739368274787
CGTAAT,-0.5527898228650229
CGTAAC,0.15600424847658118
CGTAAG,-0.11728908652310013
CGTATA,0.06689423483003022
CGTATT,-0.22452191128433097
CGTATC,0.2642304114167311
CGTATG,-0.2682639865946794
CGTACA,-0.15415067982725836
CGTACT,-0.8858315243894466
CGTACC,-0.5530005488167035
CGTACG,-0.5447877796658049
CGTAGA,0.03636764417087479
CGTAGT,-0.6592456288842639
CGTAGC,0.24716392155567923
CGTAGG,-0.3635741663990042
CGTTAA,0.42793796396022304
CGTTAT,0.14729020879595014
CGTTAC,-0.0778424867639339
CGTTAG,0.0
CGTTTA,-0.1632005153471761
CGTTTT,0.09048059122364109
CGTTTC,0.222449347884734
CGTTTG,0.13399988642554891
CGTTCA,0.23253329166404882
CGTTCT,0.1138621609131468
CGTTCC,-0.2859105928033989
CGTTCG,0.0414409979445388
CGTTGA,-0.0071174677688638785
CGTTGT,0.009419221916491558
CGTTGC,-0.23612819174353758
CGTTGG,-0.35801550839517665
CGTCAA,0.43078291609245417
CGTCAT,0.755182571479398
CGTCAC,0.45891776416397284
CGTCAG,0.35057116100071467
CGTCTA,0.1423162221802554
CGTCTT,0.16705408466316624
CGTCTC,-0.10651029688386116
CGTCTG,-0.05046942568915208
CGTCCA,0.07741012154948088
CGTCCT,0.32372622701832293
CGTCCC,-0.3603870537901728
CGTCCG,0.03295726454224751
CGTCGA,0.0025348556031881157
CGTCGT,0.23411622998368525
CGTCGC,0.2167537532154387
CGTCGG,-0.12681244237577768
CGTGAA,0.16134315040876307
CGTGAT,0.23929899153649506
CGTGAC,0.44147148059880936
CGTGAG,0.03895108658444356
CGTGTA,0.027973852042406162
CGTGTT,-0.1789143984723403
CGTGTC,0.20450120050493004
CGTGTG,-0.343416708974024
CGTGCA,-0.4345259023712886
CGTGCT,-0.36980865688880477
CGTGCC,-0.9239803887795737
CGTGCG,-0.1785016340043846
CGTGGA,-0.25270235355575416
CGTGGT,0.0521290654349466
CGTGGC,-0.04702493864486286
CGTGGG,-0.29768621158605646
CGCAAA,-0.08848421473392501
CGCAAT,-0.2682639865946794
CGCAAC,0.1997270594904128
CGCAAG,0.3918087816606788
CGCATA,-0.04980282248381825
CGCATT,-0.28436331846285884
CGCATC,-0.13243078718048953
CGCATG,-0.11467186885347079
CGCACA,-0.13053394702313068
CGCACT,-0.3833647611074985
CGCACC,-0.09867152750702966
CGCACG,-0.09189526470425584
CGCAGA,-0.039845908547199674
CGCAGT,-0.7194644888773187
CGCAGC,-0.09483903727499712
CGCAGG,0.15656906069153992
CGCTAA,-0.18998442953952374
CGCTAT,0.34755911053072297
CGCTAC,0.20585205420414882
CGCTAG,0.32353738573885665
CGCTTA,-0.0013149245813090288
CGCTTT,0.16435885641978198
CGCTTC,0.23567562528406388
CGCTTG,0.26735299081335523
CGCTCA,0.24368440283808362
CGCTCT,0.17407975189885092
CGCTCC,0.06635599534940388
CGCTCG,-0.18434380217472243
CGCTGA,0.20224851614336808
CGCTGT,0.42128298435055034
CGCTGC,-0.1009124353529948
CGCTGG,0.1346308979579395
CGCCAA,0.23764917264231178
CGCCAT,0.25160601597797133
CGCCAC,0.2372804410747121
CGCCAG,0.22314355131420976
CGCCTA,0.36174466328898297
CGCCTT,0.2798035848797011
CGCCTC,0.1832908845718537
CGCCTG,0.2791713827838723
CGCCCA,0.21024014647830191
CGCCCT,0.39911277792749283
CGCCCC,0.36347383698400765
CGCCCG,-0.04416334476236281
CGCCGA,0.22549847250343252
CGCCGT,0.2763525550998993
CGCCGC,0.4284546263328632
CGCCGG,0.10815381356343902
CGCGAA,-0.0003716781310210809
CGCGAT,0.13261856736716282
CGCGAC,0.2943105992826885
CGCGAG,-0.35900555927701466
CGCGTA,-0.03278982282299084
CGCGTT,-0.07926013296293097
CGCGTC,0.1494169431770594
CGCGTG,-0.10829737533113604
CGCGCA,0.0895561566735999
CGCGCT,0.1274214816159586
CGCGCC,0.4175209598005718
CGCGCG,0.03384690537385624
CGCGGA,-0.31982652577834814
CGCGGT,-0.21020304003847504
CGCGGC,-0.12291388323872711
CGCGGG,-0.15423115948606791
CGGAAA,-0.009049835519917927
CGGAAT,-0.5406398864764169
CGGAAC,-0.20849127452733937
CGGAAG,-0.23347956064487177
CGGATA,0.33573177009348926
CGGATT,-0.4550486082969921
CGGATC,0.1518805312927191
CGGATG,0.1986239341398913
CGGACA,0.23747337686903464
CGGACT,-0.3033002126087458
CGGACC,-0.06883317809791838
CGGACG,-0.01378021330944244
CGGAGA,-0.08428899855498763
CGGAGT,-0.6976823357253366
CGGAGC,-0.02823022943132483
CGGAGG,-0.1390996175910394
CGGTAA,-0.38124247053231813
CGGTAT,0.03303985407820009
CGGTAC,-0.8607780219438963
CGGTAG,-0.18050831966977376
CGGTTA,0.1778155948732486
CGGTTT,0.09607970658335338
CGGTTC,0.002398082684012846
CGGTTG,-0.1441886870985107
CGGTCA,0.163068833278473
CGGTCT,0.14531009181713533
CGGTCC,-0.1977196369050762
CGGTCG,-0.03023145877966364
CGGTGA,0.07109592168373026
CGGTGT,0.17804500002669446
CGGTGC,-0.7247842655031279
CGGTGG,-0.07665988166991601
CGGCAA,-0.3026556142419435
CGGCAT,-0.3105663662853688
CGGCAC,-1.1453299132355692
CGGCAG,-0.6232334138978666
CGGCTA,0.023157646675230723
CGGCTT,0.0914983585572996
CGGCTC,-0.27294637379802805
CGGCTG,-0.05050985504895853
CGGCCA,-0.007276830319002116
CGGCCT,0.04130660805045669
CGGCCC,-0.26264394563278787
CGGCCG,-0.12001452404492907
CGGCGA,0.29753930705666054
CGGCGT,0.3811021477376893
CGGCGC,0.4174479740761994
CGGCGG,0.1827168918455553
CGGGAA,-0.37792895029955914
CGGGAT,0.3720205136133927
CGGGAC,0.15919482671393628
CGGGAG,-0.17443715326980583
CGGGTA,-0.6862267377153716
CGGGTT,0.04369447362892501
CGGGTC,-0.06435468071054362
CGGGTG,-0.15800424914324832
CGGGCA,-0.6914603654284658
CGGGCT,-0.22123697304362816
CGGGCC,-0.2862606081044034
CGGGCG,-0.023726195506215686
CGGGGA,-0.2641310493793769
CGGGGT,-0.1753528874778614
CGGGGC,-0.21802408620801875
CGGGGG,-0.24005632442628494
GAAAAA,0.17571919659907276
GAAAAT,0.04015732184706417
GAAAAC,0.10708465401596605
GAAAAG,0.03543529430762991
GAAATA,0.3617000801414053
GAAATT,-0.37797196752796564
GAAATC,0.14280502940985168
GAAATG,0.0815498669641077
GAAACA,0.3440564799795209
GAAACT,-0.11146127113220779
GAAACC,0.3196814783568569
GAAACG,0.18805223150293962
GAAAGA,-0.1947883255590847
GAAAGT,-0.1641010106804264
GAAAGC,-0.14640438337262265
GAAAGG,-0.10126454738014633
GAATAA,-0.6038604897331801
GAATAT,0.006688988150796489
GAATAC,-0.2480168160593495
GAATAG,0.17673717850005413
GAATTA,-0.04233436382656077
GAATTT,-0.1694181519580468
GAATTC,-0.4351568979155674
GAATTG,-0.4536201499952115
GAATCA,-0.4382549309311553
GAATCT,-0.4888467170472155
GAATCC,-0.5540447428859673
GAATCG,-0.76782434886885
GAATGA,-0.3764775712349121
GAATGT,-0.173953307123438
GAATGC,-0.666319938326801
GAATGG,-0.37211075206857175
GAACAA,-0.01704146585485159
GAACAT,0.34778599652148634
GAACAC,0.3600419504866368
GAACAG,0.14937045665426868
GAACTA,-0.44895022004790314
GAACTT,-0.1660610359221744
GAACTC,-0.617732113600999
GAACTG,-0.6387531084941466
GAACCA,-0.00399202126953745
GAACCT,0.11873457518308313
GAACCC,-0.10111150136841152
GAACCG,0.040697994272095736
GAACGA,-0.28272796061452216
GAACGT,-0.10034797383428198
GAACGC,0.300768713344746
GAACGG,0.12054107283484221
GAAGAA,-0.4378129419736836
GAAGAT,-0.3966210833117115
GAAGAC,0.12057820062871295
GAAGAG,0.0
GAAGTA,-0.279695720819131
GAAGTT,-0.15154989812720093
GAAGTC,-0.0857508929908688
GAAGTG,-0.2534489008095387
GAAGCA,-0.3078988641771568
GAAGCT,-0.1005412292218774
GAAGCC,-0.1271831601682985
GAAGCG,0.10943384104546204
GAAGGA,-0.1466459541731907
GAAGGT,0.3729558295428699
GAAGGC,0.113405611342658
GAAGGG,0.06030507060563455
GATAAA,0.3395805105794323
GATAAT,-0.48631720473725926
GATAAC,0.4251010826250234
GATAAG,0.2774779022775392
GATATA,0.67116827384117
GATATT,0.07637297878457396
GATATC,0.005012541823544414
GATATG,0.18117935221517772
GATACA,0.03883983331626396
GATACT,-0.3364722366212129
GATACC,-0.3998940630587089
GATACG,0.2981533723190763
GATAGA,0.34377153910282454
GATAGT,0.06575137756278043
GATAGC,0.4831010757511358
GATAGG,0.48117692984386073
GATTAA,-0.1285188508009783
GATTAT,-0.016529301951210582
GATTAC,0.056570351488394455
GATTAG,-0.2411620568168881
GATTTA,0.338656438436054
GATTTT,0.24307776621502694
GATTTC,0.2599986437033641
GATTTG,0.14603155538875406
GATTCA,-0.20439750849315444
GATTCT,-0.7511539998343012
GATTCC,-0.3364722366212129
GATTCG,-0.9799359970345112
GATTGA,0.18805223150293982
GATTGT,0.17095779814363948
GATTGC,-0.14564903457193776
GATTGG,-0.19051832399813312
GATCAA,0.47112575391930617
GATCAT,0.35871784556853265
GATCAC,0.40597544238818667
GATCAG,0.48580786079070276
GATCTA,0.03288786684483521
GATCTT,0.034774914176610154
GATCTC,-0.024173536534075904
GATCTG,0.3087784655951163
GATCCA,0.03303985407820009
GATCCT,0.22782740062663615
GATCCC,-0.31097998467660287
GATCCG,0.021028812279824796
GATCGA,0.22891676322552929
GATCGT,0.2505425255023241
GATCGC,0.19028420921697198
GATCGG,0.22502975118182209
GATGAA,0.5406785869156718
GATGAT,0.30303746053497554
GATGAC,1.1394342831883648
GATGAG,0.4285875255290185
GATGTA,0.49247648509779424
GATGTT,0.2744368457017602
GATGTC,0.37752573941892287
GATGTG,-0.2423857975366048
GATGCA,-0.4500694143449184
GATGCT,-0.15511873411389346
GATGCC,-0.8975108372225588
GATGCG,0.06827884075329452
GATGGA,0.39094834650649235
GATGGT,0.36865113498544805
GATGGC,0.06869279646594519
GATGGG,0.13665752237974113
GACAAA,0.09211528890780553
GACAAT,0.24286805666198832
GACAAC,0.23867449334508636
GACAAG,0.4836616948251682
GACATA,-0.057410907213339045
GACATT,0.3860888291450257
GACATC,0.4043029929279871
GACATG,-0.2578291093020998
GACACA,0.7256703722655055
GACACT,0.24637040192402643
GACACC,0.6695472652190719
GACACG,0.34450440831847706
GACAGA,-0.02197890671877534
GACAGT,0.15219181534192533
GACAGC,0.33393309010253663
GACAGG,0.5906685112770079
GACTAA,-0.5250102587579472
GACTAT,0.31162227999778924
GACTAC,-0.4793349566746198
GACTAG,-0.32104776629558124
GACTTA,0.06805346324501557
GACTTT,0.06551460711062677
GACTTC,-0.141880587235444
GACTTG,0.25970822040937475
GACTCA,-0.44788582399211657
GACTCT,-0.13262188824168203
GACTCC,-0.6409907009655835
GACTCG,-0.6823195419078819
GACTGA,-0.03993271033537111
GACTGT,0.21734643362988385
GACTGC,-0.5541061321244531
GACTGG,-0.10855540655434541
GACCAA,0.13982291984400294
GACCAT,0.3566749439387324
GACCAC,-0.03982149418667149
GACCAG,-0.03320867099665346
GACCTA,0.2423485311502598
GACCTT,0.43363598507486073
GACCTC,0.15842336063303783
GACCTG,0.3101549283038396
GACCCA,0.5998592461363883
GACCCT,0.0011117288526904154
GACCCC,-0.27573600143338034
GACCCG,-0.2640722068126472
GACCGA,-0.411647508016482
GACCGT,0.060756209421072224
GACCGC,0.09426050259775177
GACCGG,-0.13693468575623044
GACGAA,0.04284015867649244
GACGAT,0.46239902986051623
GACGAC,0.24298189353387406
GACGAG,-0.011049836186585046
GACGTA,-0.38582913359130544
GACGTT,-0.12681877247126708
GACGTC,0.08568188421680117
GACGTG,0.03300629646817008
GACGCA,0.21845531019075423
GACGCT,0.3070921387732938
GACGCC,0.22024079165624832
GACGCG,0.1529693447814271
GACGGA,0.3068031138985593
GACGGT,0.22778393087071197
GACGGC,0.16589336488666862
GACGGG,-0.1064029169540431
GAGAAA,-0.07750027005186334
GAGAAT,-0.587786664902119
GAGAAC,-0.24857094233515523
GAGAAG,0.045171718646720954
GAGATA,0.10883878003415107
GAGATT,-0.06193095773049027
GAGATC,-0.21491703504340612
GAGATG,-0.02581768302594098
GAGACA,0.2931021399211201
GAGACT,-0.17221316747319357
GAGACC,0.0028887839058909185
GAGACG,-0.04296603588344337
GAGAGA,0.07076247024992553
GAGAGT,-0.42845462633286313
GAGAGC,-0.15074352150564396
GAGAGG,0.40719073407563416
GAGTAA,0.01739174271186924
GAGTAT,0.12405264866997882
GAGTAC,-0.9196185219668297
GAGTAG,-0.644620139665285
GAGTTA,-0.05310982531394829
GAGTTT,-0.23275241042084654
GAGTTC,-0.7014459833746404
GAGTTG,-0.4565202789084484
GAGTCA,-0.05505977718302743
GAGTCT,-0.4306765274546604
GAGTCC,-0.5226951993213744
GAGTCG,-0.3129047672172999
GAGTGA,-0.1902267363010678
GAGTGT,-0.13844355062190036
GAGTGC,-0.965715615201678
GAGTGG,-0.47747564408443643
GAGCAA,-0.3022187581426736
GAGCAT,-0.3184537311185346
GAGCAC,-0.7872281039095405
GAGCAG,-0.5209382527612013
GAGCTA,-0.2643865098482589
GAGCTT,-0.22053144708628475
GAGCTC,-0.7252354951114458
GAGCTG,-0.8553399699232862
GAGCCA,-0.262364264467491
GAGCCT,0.23822679352553836
GAGCCC,-0.13460608375428817
GAGCCG,-0.07551589275693474
GAGCGA,-0.033365693843800295
GAGCGT,0.25531127330975867
GAGCGC,0.12077932332500957
GAGCGG,-0.11332868530700324
GAGGAA,-0.19426913021507272
GAGGAT,0.4485217404298358
GAGGAC,0.05314172374933286
GAGGAG,-0.07953816679502304
GAGGTA,-0.6959211074426707
GAGGTT,0.17702946221218951
GAGGTC,0.09121600827166176
GAGGTG,0.3864506064274545
GAGGCA,-0.9086425110358983
GAGGCT,0.41045134071953643
GAGGCC,-0.08424439452723635
GAGGCG,0.17743555358832847
GAGGGA,0.12249155558801003
GAGGGT,0.27012870487088
GAGGGC,-0.17034536574723888
GAGGGG,0.5199144210838706
GTAAAA,-0.09024687784777805
GTAAAT,-0.4560173872709956
GTAAAC,0.0966268356890717
GTAAAG,0.010050335853501506
GTAATA,-0.12516314295400605
GTAATT,-0.45341950123020025
GTAATC,-0.40256234845020283
GTAATG,-0.6097655716208943
GTAACA,0.1009259185899605
GTAACT,-0.3629054936893685
GTAACC,0.6931471805599453
GTAACG,-0.016529301951210582
GTAAGA,-0.3123746850421523
GTAAGT,-0.570544858467613
GTAAGC,-0.10536051565782628
GTAAGG,0.20089294237939007
GTATAA,-0.2876820724517809
GTATAT,-0.37156355643248296
GTATAC,-0.6505875661411494
GTATAG,0.6097655716208943
GTATTA,-0.19611487892629037
GTATTT,0.26826398659467937
GTATTC,-0.2623642644674911
GTATTG,-0.24760384888437034
GTATCA,0.04652001563489291
GTATCT,0.15242802651581214
GTATCC,0.09121600827166157
GTATCG,-0.07342746855481731
GTATGA,0.008733679968754631
GTATGT,-0.3123746850421523
GTATGC,0.112117298120706
GTATGG,-0.19671029424605427
GTACAA,-0.10956220251152628
GTACAT,-0.6151856390902336
GTACAC,-1.0397717886451763
GTACAG,-0.10885440491208216
GTACTA,-0.5403844260075351
GTACTT,-1.0516953688803579
GTACTC,-1.308332819650179
GTACTG,-0.883767540168595
GTACCA,-0.8020015854720275
GTACCT,-1.0986122886681098
GTACCC,-0.44361687407254063
GTACCG,-0.7576857016975165
GTACGA,-0.3364722366212129
GTACGT,-0.8365257634052925
GTACGC,-0.26053108338583003
GTACGG,-0.4639368765634981
GTAGAA,-0.30861528211824674
GTAGAT,-0.3195226783074395
GTAGAC,-0.05826890812397576
GTAGAG,0.30918827767274454
GTAGTA,-1.3523928094442093
GTAGTT,-0.3364722366212129
GTAGTC,-0.6787584431078458
GTAGTG,-0.28611835047559825
GTAGCA,0.02702867238791942
GTAGCT,-0.3239720738569815
GTAGCC,-0.5114705770292373
GTAGCG,0.39452516806982996
GTAGGA,-0.5334254556832316
GTAGGT,-0.1980699137620938
GTAGGC,0.036507416342463135
GTAGGG,-0.041672696400568074
GTTAAA,-0.07172418079844561
GTTAAT,0.125163142954006
GTTAAC,0.8816415964609811
GTTAAG,0.5654297578008425
GTTATA,-0.19611487892629037
GTTATT,-0.10919929196499197
GTTATC,0.2945080375221808
GTTATG,0.234234238008368
GTTACA,0.12405264866997882
GTTACT,-0.3093212475552622
GTTACC,0.10536051565782635
GTTACG,0.24011365553267136
GTTAGA,0.031933047103009225
GTTAGT,-0.4744579795951158
GTTAGC,0.08004270767353636
GTTAGG,0.2778539835155184
GTTTAA,-0.29898162770571424
GTTTAT,0.39979937057248705
GTTTAC,-0.20369641637868816
GTTTAG,0.8419928081575104
GTTTTA,-0.09776416876589145
GTTTTT,0.027651531330510164
GTTTTC,0.22314355131420976
GTTTTG,0.24778085569959496
GTTTCA,0.5234840206379142
GTTTCT,0.14575688769878958
GTTTCC,-0.028645598076964564
GTTTCG,0.21278076427866321
GTTTGA,0.6257058997644128
GTTTGT,0.1970447983468485
GTTTGC,-0.23971435479060738
GTTTGG,0.16882086957505205
GTTCAA,0.16624888533283866
GTTCAT,-0.13444560874792583
GTTCAC,0.15261340050837185
GTTCAG,0.3537930975638435
GTTCTA,0.07869226857566487
GTTCTT,0.25039319376158525
GTTCTC,-0.26449873699612364
GTTCTG,0.3462036440714369
GTTCCA,-0.07811777926395204
GTTCCT,-0.03320867099665346
GTTCCC,-0.3445397537910205
GTTCCG,-0.3687637412577365
GTTCGA,-0.1422671628920959
GTTCGT,-0.004807701568103232
GTTCGC,0.26514590742936794
GTTCGG,-0.24649091531120093
GTTGAA,0.2058882212234479
GTTGAT,0.18442903913351932
GTTGAC,0.14597523481201646
GTTGAG,0.1764131201077883
GTTGTA,-0.09075436326846407
GTTGTT,0.1923718926474561
GTTGTC,0.400122263697669
GTTGTG,-0.37156355643248296
GTTGCA,0.026145280104322207
GTTGCT,-0.40546510810816444
GTTGCC,-0.8024997174873091
GTTGCG,0.028252512951883947
GTTGGA,-0.20742747792503083
GTTGGT,-0.3536975429030923
GTTGGC,-0.26144809399571145
GTTGGG,0.047091607533850374
GTCAAA,0.22013603025025447
GTCAAT,0.27274049245358173
GTCAAC,0.18755260621150713
GTCAAG,0.46452844935764687
GTCATA,0.3345989922395327
GTCATT,0.139478963549519
GTCATC,1.000631880307906
GTCATG,0.3331444465285383
GTCACA,0.4353180712578455
GTCACT,-0.4079312006033579
GTCACC,0.25253468468613544
GTCACG,0.5349231753450512
GTCAGA,0.4027514022365681
GTCAGT,-0.17979311044059593
GTCAGC,0.21163594446272993
GTCAGG,0.483830119423979
GTCTAA,0.03785022413109753
GTCTAT,0.42381424677636087
GTCTAC,-0.1823215567939546
GTCTAG,0.26280880770664106
GTCTTA,0.02765153133050995
GTCTTT,-0.04688358589885038
GTCTTC,-0.04519949603870345
GTCTTG,0.36350090900913223
GTCTCA,-0.07767303831821813
GTCTCT,0.042311198071723045
GTCTCC,0.14758314608017298
GTCTCG,-0.048383080915285995
GTCTGA,0.28426909985554094
GTCTGT,0.33436918642443425
GTCTGC,-0.23841102344499823
GTCTGG,0.5370935505866009
GTCCAA,-0.04811924834419846
GTCCAT,-0.11576079027561557
GTCCAC,-0.08388148398070212
GTCCAG,-0.11412793937912291
GTCCTA,-0.06356148148974462
GTCCTT,0.34661196594011157
GTCCTC,0.029748475400774698
GTCCTG,-0.05150755714593192
GTCCCA,-0.5940799518779082
GTCCCT,-0.19463284827340496
GTCCCC,-0.2662030407746567
GTCCCG,-0.08515780834030683
GTCCGA,-0.2970133998806652
GTCCGT,-0.20017917419396114
GTCCGC,0.10078384863041444
GTCCGG,-0.07650084784682874
GTCGAA,0.1250613669628746
GTCGAT,0.039665256392431354
GTCGAC,-0.16476914311980276
GTCGAG,-0.02507968439702343
GTCGTA,-0.2029408439966903
GTCGTT,0.3133418192323586
GTCGTC,0.36742248266231403
GTCGTG,-0.04742869357111104
GTCGCA,0.2969844651140944
GTCGCT,0.20518974769761394
GTCGCC,0.21211587063714696
GTCGCG,0.20172426406880747
GTCGGA,-0.051129346522604244
GTCGGT,-0.338634399625708
GTCGGC,0.11515491325011395
GTCGGG,-0.11884067721451891
GTGAAA,0.3550342544812725
GTGAAT,-0.2521912367544406
GTGAAC,0.1497333672008031
GTGAAG,-0.008534902449837331
GTGATA,0.0870113769896297
GTGATT,-0.23073372058088534
GTGATC,0.49659050794411863
GTGATG,0.28309490844487484
GTGACA,0.4390588253963139
GTGACT,-0.08260352853521012
GTGACC,-0.1466034741918754
GTGACG,0.5506715323131904
GTGAGA,-0.11732941804824222
GTGAGT,0.16989903679539742
GTGAGC,0.1351024848565638
GTGAGG,0.35149358519673474
GTGTAA,0.5520685823000399
GTGTAT,-0.12289813632315377
GTGTAC,-0.2345073099645248
GTGTAG,-0.014184634991956413
GTGTTA,-0.30830135965451655
GTGTTT,0.43518820956037074
GTGTTC,0.1364341522824839
GTGTTG,0.2135741002980591
GTGTCA,0.9137429597953565
GTGTCT,0.09553242672156376
GTGTCC,-0.07951206292773363
GTGTCG,0.44075806114927385
GTGTGA,-0.07431203296455148
GTGTGT,0.38566248081198456
GTGTGC,-0.501693140202718
GTGTGG,0.14953173397096384
GTGCAA,-0.05530484519062563
GTGCAT,-0.6061358035703156
GTGCAC,-0.9609909107920619
GTGCAG,-0.5845133395571499
GTGCTA,-0.15634607039069398
GTGCTT,-0.13808830181712914
GTGCTC,-0.8800876832101944
GTGCTG,-0.2441969605120421
GTGCCA,-1.5950491749820006
GTGCCT,-1.2541905204865533
GTGCCC,-1.5312601313700762
GTGCCG,-1.3147135573569064
GTGCGA,-0.22405222925042775
GTGCGT,-0.22055957054828468
GTGCGC,-0.08426712279617124
GTGCGG,-0.23550382225426372
GTGGAA,-0.26987744781827416
GTGGAT,0.1364914342529995
GTGGAC,-0.004750602758597753
GTGGAG,-0.2334132179516659
GTGGTA,-0.8034952377288108
GTGGTT,0.10322604312919365
GTGGTC,0.24779558031252194
GTGGTG,0.18571714579509285
GTGGCA,-0.6343066805370119
GTGGCT,-0.17015102117369937
GTGGCC,0.03673200926873016
GTGGCG,0.29070170232550074
GTGGGA,-0.10064352577968753
GTGGGT,-0.30100752704893036
GTGGGC,-0.2488960474166244
GTGGGG,-0.1269996907613074
GCAAAA,-0.0008329863038917735
GCAAAT,-0.661398482245365
GCAAAC,-0.2684187733761974
GCAAAG,-0.1262620441634918
GCAATA,-0.3313571359544425
GCAATT,-0.7008100533055144
GCAATC,-0.2144986970694433
GCAATG,-0.2665512908217076
GCAACA,0.14573867160122364
GCAACT,-0.4955881699463742
GCAACC,-0.12907704227514236
GCAACG,-0.2207406666978994
GCAAGA,0.034233171642242176
GCAAGT,-0.01526747213078842
GCAAGC,0.20296801827895128
GCAAGG,0.42112100518071743
GCATAA,0.15860503017663857
GCATAT,-0.38776553100876343
GCATAC,-0.6783320947748046
GCATAG,-0.0026281224062695806
GCATTA,-0.9718605830289658
GCATTT,0.07667536765896771
GCATTC,-0.5984508474009316
GCATTG,-0.38928553923189496
GCATCA,-0.08783071337303207
GCATCT,-0.6158783997691342
GCATCC,-0.5213945751152249
GCATCG,-0.2526080895221263
GCATGA,0.12159463841970979
GCATGT,-0.7997569156182036
GCATGC,-0.5710786595250131
GCATGG,-0.03898899029278426
GCACAA,-0.2916514567392798
GCACAT,-0.3764775712349121
GCACAC,-0.8274595181675394
GCACAG,-0.49925898739452523
GCACTA,-0.40546510810816444
GCACTT,-0.5414058765559996
GCACTC,-0.9506921585914875
GCACTG,-0.5118777017167944
GCACCA,-0.47608267532211773
GCACCT,-0.2972515234679316
GCACCC,-0.7900794207361382
GCACCG,-0.7648216385629651
GCACGA,-0.3412868824167534
GCACGT,-0.654242207029347
GCACGC,-0.35843809455711334
GCACGG,-0.503267722886248
GCAGAA,-0.2949472834431933
GCAGAT,-0.42608439531090014
GCAGAC,-0.3270604024388663
GCAGAG,-0.15650085717221196
GCAGTA,-0.8527773261518292
GCAGTT,-0.8797698192532907
GCAGTC,-0.6787584431078456
GCAGTG,-0.6135945488579916
GCAGCA,-0.4317824164255378
GCAGCT,-1.047318994280559
GCAGCC,-0.45335639581257936
GCAGCG,-0.14212210396165112
GCAGGA,0.08480480730878538
GCAGGT,0.04590970130407795
GCAGGC,0.0992066500834481
GCAGGG,-0.08793007250670225
GCTAAA,-0.13102826240640414
GCTAAT,-1.055472796007492
GCTAAC,0.11332868530700327
GCTAAG,0.12878078986592478
GCTATA,0.7287743582030963
GCTATT,-0.07545841125159326
GCTATC,0.35855641203843797
GCTATG,0.29840603581475655
GCTACA,0.32910811410607776
GCTACT,-0.0745686954975085
GCTACC,-0.54095536521802
GCTACG,-0.26537631493748276
GCTAGA,0.4430030274272297
GCTAGT,-0.3424069721410274
GCTAGC,-0.2725684346417327
GCTAGG,0.07865478239868852
GCTTAA,0.13077023118319456
GCTTAT,0.09385290880634647
GCTTAC,0.005899722127188322
GCTTAG,0.02154184377475476
GCTTTA,0.2797139028026041
GCTTTT,-0.0088496152769825
GCTTTC,-0.028437935320533514
GCTTTG,0.13750172486962312
GCTTCA,0.23701044018264336
GCTTCT,-0.262364264467491
GCTTCC,-0.18121719445090145
GCTTCG,0.033901551675681416
GCTTGA,0.32431620563156127
GCTTGT,0.32267314666124286
GCTTGC,0.12570910092880397
GCTTGG,0.32865754713502615
GCTCAA,0.24273068458951452
GCTCAT,-0.35011501302499937
GCTCAC,0.007986351632649923
GCTCAG,0.2824201612437501
GCTCTA,1.0671136216087387
GCTCTT,-0.2147568325471085
GCTCTC,-0.20193665981188816
GCTCTG,-0.008454723918932417
GCTCCA,0.01342302033214077
GCTCCT,-0.13587240032649625
GCTCCC,-0.2979235665039778
GCTCCG,-0.2363887780642304
GCTCGA,-0.37582916790533805
GCTCGT,-0.6273958029971649
GCTCGC,-0.12993116959203102
GCTCGG,-0.6234827624760015
GCTGAA,0.28714021386361105
GCTGAT,0.25378052077609964
GCTGAC,0.25659148538174975
GCTGAG,-0.1795399138320779
GCTGTA,0.2688135881473981
GCTGTT,0.3454230671412974
GCTGTC,0.2681215465972874
GCTGTG,0.03647820860240988
GCTGCA,-0.11661276050819311
GCTGCT,-0.33543650374768086
GCTGCC,-0.8688995886184304
GCTGCG,-0.033766862470817484
GCTGGA,0.10172414801444245
GCTGGT,-0.010752791776261737
GCTGGC,-0.12783337150988489
GCTGGG,-0.17382199598149906
GCCAAA,0.12686672087878983
GCCAAT,-0.36331948665740094
GCCAAC,-0.3584914748651303
GCCAAG,0.4034053751451538
GCCATA,0.13154002123959735
GCCATT,-0.22372309349212283
GCCATC,-0.03815176596437629
GCCATG,0.07410797215372183
GCCACA,0.13982291984400294
GCCACT,-0.6200249157309827
GCCACC,0.19593098778932497
GCCACG,-0.30397715493828337
GCCAGA,0.18986876242933745
GCCAGT,-0.1570037488096648
GCCAGC,-0.15433987668715474
GCCAGG,-0.08808993183083783
GCCTAA,0.006688988150796489
GCCTAT,0.4596464911457882
GCCTAC,-0.23984540093214124
GCCTAG,0.3566749439387324
GCCTTA,0.17912666589743545
GCCTTT,0.13370249366010134
GCCTTC,-0.11332868530700312
GCCTTG,0.43419912742396816
GCCTCA,0.16822779371809515
GCCTCT,0.04346852832932052
GCCTCC,-0.17749296218775917
GCCTCG,-0.0674975011041968
GCCTGA,0.3719278611940012
GCCTGT,0.6890460128157306
GCCTGC,-0.00656522799781479
GCCTGG,-0.06206243658606234
GCCCAA,0.04390773644416264
GCCCAT,-0.18556305071812565
GCCCAC,-0.3088057039030743
GCCCAG,-0.09595471737094999
GCCCTA,0.023810648693718392
GCCCTT,0.43012000589250665
GCCCTC,-0.11910348480088705
GCCCTG,0.12917116435154477
GCCCCA,-0.20843270079764023
GCCCCT,0.38741341144097097
GCCCCC,0.07901720765244767
GCCCCG,-0.1338839950297899
GCCCGA,-0.44344435617338074
GCCCGT,-0.2925431197497616
GCCCGC,-0.07504528214287265
GCCCGG,-0.2535586401786474
GCCGAA,-0.05083864559590457
GCCGAT,-0.026736156491035994
GCCGAC,0.07082178545589017
GCCGAG,-0.2830882034415535
GCCGTA,-0.06609980170452358
GCCGTT,0.11950866162385324
GCCGTC,-0.01950549462425662
GCCGTG,-0.07214312052279058
GCCGCA,0.11581688469220487
GCCGCT,-0.012903404835907841
GCCGCC,0.3816859163420504
GCCGCG,-0.019676928094204165
GCCGGA,-0.14250006260728304
GCCGGT,-0.06940945137216772
GCCGGC,-0.29527305094722517
GCCGGG,0.13023742041323083
GCGAAA,0.09187716532053936
GCGAAT,-0.29973782186122755
GCGAAC,0.12586851987895353
GCGAAG,0.12062798778861472
GCGATA,0.43238676567442885
GCGATT,-0.2721958043332615
GCGATC,0.3148145277259955
GCGATG,0.19740405311263418
GCGACA,0.5676744879981432
GCGACT,-0.16820367524816965
GCGACC,0.09994311752805239
GCGACG,0.30231599101462536
GCGAGA,-0.2728994326036007
GCGAGT,-0.6247036087297608
GCGAGC,-0.3849042987277313
GCGAGG,0.13130489641074294
GCGTAA,-0.004905978768854407
GCGTAT,0.2186083961488185
GCGTAC,-0.475669366781413
GCGTAG,0.044451762570833796
GCGTTA,0.29376111852816317
GCGTTT,0.3407671609040937
GCGTTC,0.20935022918187396
GCGTTG,-0.16180438855990614
GCGTCA,0.5063068632526642
GCGTCT,0.17711772891892766
GCGTCC,0.0611455908305622
GCGTCG,0.123783143210862
GCGTGA,0.4024023185776186
GCGTGT,0.06899287148695142
GCGTGC,-0.40849082902470135
GCGTGG,0.04769487380801724
GCGCAA,0.0816780310142671
GCGCAT,-0.057852617269424304
GCGCAC,-0.1722234608869528
GCGCAG,-0.060624621816434854
GCGCTA,0.2561242320440687
GCGCTT,0.30797797207168365
GCGCTC,0.15389508877155386
GCGCTG,0.20098061510689597
GCGCCA,0.49157575120374297
GCGCCT,0.4106961575257168
GCGCCC,0.11518225395632603
GCGCCG,0.3658397654295461
GCGCGA,0.1324115716788342
GCGCGT,0.06069873523470316
GCGCGC,0.24935781834553683
GCGCGG,0.230499530540026
GCGGAA,-0.3273895220468936
GCGGAT,0.02970515441391591
GCGGAC,0.016091213262537974
GCGGAG,-0.04550068751903326
GCGGTA,-0.033285977633466746
GCGGTT,0.0535286457893698
GCGGTC,0.15204227815922633
GCGGTG,-0.11479349680801754
GCGGCA,-0.4782063290379166
GCGGCT,0.019516953819019023
GCGGCC,-0.026838671610071783
GCGGCG,0.4340442316614656
GCGGGA,0.013025643017156061
GCGGGT,-0.01197619104671565
GCGGGC,-0.0840106245503915
GCGGGG,-0.04044983225321298
GGAAAA,-0.13459015397276464
GGAAAT,0.008113634774169631
GGAAAC,0.20616521477979194
GGAAAG,-0.14692554114880046
GGAATA,-0.2689360296307256
GGAATT,-0.42121346507630353
GGAATC,-0.48531786421877793
GGAATG,-0.4655293488508146
GGAACA,0.12668328512664764
GGAACT,-0.6328273903264227
GGAACC,-0.16869639082963706
GGAACG,-0.2661713756648553
GGAAGA,-0.19380650666085153
GGAAGT,-0.1720121871350934
GGAAGC,-0.1972631367921537
GGAAGG,-0.0005880623515542952
GGATAA,0.27054579020879355
GGATAT,-0.17335288681119418
GGATAC,-0.10064352577968753
GGATAG,0.5085759040319753
GGATTA,-0.3563623951004325
GGATTT,0.42409392794165757
GGATTC,-0.4857025387888393
GGATTG,-0.15154989812720093
GGATCA,0.33139082924442714
GGATCT,-0.3508955635823178
GGATCC,-0.33299880485534344
GGATCG,0.2987576738656166
GGATGA,1.2080795862785894
GGATGT,0.41349727980542855
GGATGC,-0.5099161193831502
GGATGG,0.13185213110480273
GGACAA,-0.1615954262768377
GGACAT,0.14715764433628764
GGACAC,0.3147107448397002
GGACAG,0.13021463999852875
GGACTA,-0.03752243932308956
GGACTT,0.10780550465089273
GGACTC,-0.5461324375981356
GGACTG,-0.26484258048195813
GGACCA,-0.04376502796675909
GGACCT,-0.045275222061987586
GGACCC,0.04657704606064049
GGACCG,-0.22907188988409002
GGACGA,0.1091213324259533
GGACGT,0.05803489295446995
GGACGC,0.0860639586335898
GGACGG,0.021337137388131325
GGAGAA,0.2178757603793508
GGAGAT,-0.2283473791892368
GGAGAC,0.13858616328614673
GGAGAG,0.45252690893848513
GGAGTA,-0.5252663079207851
GGAGTT,-0.34409616173187224
GGAGTC,-0.38544624121767246
GGAGTG,-0.7667589979031912
GGAGCA,-0.36407989194531
GGAGCT,-0.7153977894947651
GGAGCC,-0.1664556150176372
GGAGCG,0.13892895607126696
GGAGGA,0.24888410291079838
GGAGGT,0.3744299795413225
GGAGGC,-0.1270588781189051
GGAGGG,0.36488556721984017
GGTAAA,0.00488998529419177
GGTAAT,-1.1346227261911428
GGTAAC,-0.0472528848505455
GGTAAG,-0.2040143814052145
GGTATA,-0.28312625591592017
GGTATT,-0.2623642644674911
GGTATC,0.0793850292545655
GGTATG,0.013889112160667093
GGTACA,-0.6151856390902334
GGTACT,-0.9271407478982209
GGTACC,-0.6043159668533297
GGTACG,-0.40546510810816444
GGTAGA,-0.06545721665464367
GGTAGT,-0.7419373447293772
GGTAGC,-0.1626253068182305
GGTAGG,-0.004338401598598242
GGTTAA,0.6802437757240375
GGTTAT,-0.11949097800153959
GGTTAC,0.3360556567359968
GGTTAG,0.29376111852816317
GGTTTA,0.7295928004804015
GGTTTT,0.12660562427156258
GGTTTC,0.3311850337252938
GGTTTG,0.22765823166873636
GGTTCA,0.2387135756915956
GGTTCT,0.106595846265819
GGTTCC,-0.25685460865652154
GGTTCG,0.04143492742329358
GGTTGA,0.3442695470812447
GGTTGT,0.08376988306545874
GGTTGC,-0.10956220251152628
GGTTGG,-0.07954630657126066
GGTCAA,0.18745096883325754
GGTCAT,-0.005865119452398022
GGTCAC,0.06252035698133393
GGTCAG,0.38757061823161393
GGTCTA,0.22592519427608654
GGTCTT,0.08481598642619417
GGTCTC,0.2827920871575892
GGTCTG,0.3292418021585757
GGTCCA,-0.2079466945967777
GGTCCT,0.04318733268359001
GGTCCC,0.08690628529703144
GGTCCG,-0.1937502526175774
GGTCGA,-0.07650556401597876
GGTCGT,0.1991286751103359
GGTCGC,0.19975661861605612
GGTCGG,0.0016588336676429955
GGTGAA,0.11900329206161282
GGTGAT,0.36442692074305033
GGTGAC,0.19352330325249795
GGTGAG,0.5860490450035782
GGTGTA,-0.173019164131641
GGTGTT,0.4724758183911247
GGTGTC,0.6946188511714015
GGTGTG,-0.05077232537342326
GGTGCA,-0.8215729691487677
GGTGCT,-0.5007752879124893
GGTGCC,-2.4466854369678024
GGTGCG,-0.07790679544562815
GGTGGA,-0.07942713363132191
GGTGGT,0.24769624832008896
GGTGGC,0.20307598826340054
GGTGGG,-0.06571707165701543
GGCAAA,-0.37113775272155736
GGCAAT,-0.587786664902119
GGCAAC,-0.8680337588663819
GGCAAG,0.20227841285024808
GGCATA,-0.3608967886282878
GGCATT,-0.3181455172156477
GGCATC,-0.7922380832041762
GGCATG,-0.25489224962879004
GGCACA,-1.0233888674305223
GGCACT,-1.0395697480343262
GGCACC,-1.628423212345181
GGCACG,-1.0793809267402221
GGCAGA,-0.8983530311874878
GGCAGT,-0.967798289020087
GGCAGC,-1.0821024797042975
GGCAGG,-0.110909004061905
GGCTAA,0.06024008037735672
GGCTAT,0.5226321363529796
GGCTAC,-0.2735584112106436
GGCTAG,-0.14675009100908687
GGCTTA,0.03984590854719978
GGCTTT,0.2841042511038969
GGCTTC,-0.06048620393262326
GGCTTG,0.3468449971107496
GGCTCA,0.03983042279795996
GGCTCT,0.4065127771406081
GGCTCC,-0.25252581546720315
GGCTCG,-0.3184537311185346
GGCTGA,0.14042107428355785
GGCTGT,0.25423413838424086
GGCTGC,-0.4349331703650723
GGCTGG,0.009440393779087126
GGCCAA,0.019593693900401284
GGCCAT,-0.2654364635044612
GGCCAC,0.022195732391784347
GGCCAG,-0.01721212888112141
GGCCTA,0.06035680054089739
GGCCTT,0.2977959386887095
GGCCTC,-0.2628389855777592
GGCCTG,0.20296801827895128
GGCCCA,-0.2052800263498627
GGCCCT,-0.008733679968754553
GGCCCC,-0.28419238400837377
GGCCCG,-0.3229356509036796
GGCCGA,-0.2817057002398568
GGCCGT,-0.007246408520767086
GGCCGC,0.03550081130697498
GGCCGG,-0.15538390106214633
GGCGAA,0.2286939818448589
GGCGAT,0.30778806329357344
GGCGAC,0.2156416406624153
GGCGAG,0.16231255244617035
GGCGTA,0.024541108916117445
GGCGTT,0.44849389264582146
GGCGTC,0.33632464603722434
GGCGTG,0.052325819001739896
GGCGCA,0.10536051565782635
GGCGCT,0.45321036383915836
GGCGCC,0.22417928418774183
GGCGCG,0.40661597307626923
GGCGGA,0.15090392372838832
GGCGGT,0.25741998584339104
GGCGGC,0.376507026749723
GGCGGG,0.09067342659614418
GGGAAA,-0.13506867194340919
GGGAAT,-0.6015799870344549
GGGAAC,-0.421401700370977
GGGAAG,0.049807630765602844
GGGATA,0.153509859555409
GGGATT,-0.14746169167646164
GGGATC,-0.24827952458575203
GGGATG,0.6471032420585384
GGGACA,-0.1463279541460493
GGGACT,-0.457210277785826
GGGACC,0.08195710727366581
GGGACG,-0.11411951176182107
GGGAGA,0.48678074951198774
GGGAGT,-0.4678461311057143
GGGAGC,-0.32839810109294987
GGGAGG,0.6802948039426534
GGGTAA,-0.1918003007484984
GGGTAT,-0.2814124594381856
GGGTAC,-0.3813675565291038
GGGTAG,-0.22621575035117983
GGGTTA,0.20372546545710807
GGGTTT,0.43753643910823403
GGGTTC,-0.06356148148974462
GGGTTG,0.16487464319023404
GGGTCA,0.010902591338215436
GGGTCT,0.25381755849902465
GGGTCC,-0.03846628082779605
GGGTCG,-0.10189998948338042
GGGTGA,0.7459805953812927
GGGTGT,0.4077933978677554
GGGTGC,-0.6494649165705308
GGGTGG,0.009869976938773221
GGGCAA,-0.2712862567365174
GGGCAT,-0.504769587088949
GGGCAC,-1.308332819650179
GGGCAG,-0.562399366629069
GGGCTA,-0.2876820724517809
GGGCTT,0.09102558648683412
GGGCTC,-0.08670592022029648
GGGCTG,-0.2001614749222855
GGGCCA,-0.17361711616380823
GGGCCT,-0.07472354619593642
GGGCCC,-0.44636790744443045
GGGCCG,-0.34333332700115815
GGGCGA,0.04252577976872761
GGGCGT,0.20121819068524419
GGGCGC,0.12050291743637867
GGGCGG,0.2455336038273357
GGGGAA,-0.12976614302596692
GGGGAT,0.12363344933455898
GGGGAC,-0.37892555287355206
GGGGAG,0.6636376624661647
GGGGTA,-0.13182539277942235
GGGGTT,0.19444959960722927
GGGGTC,-0.30072168595958443
GGGGTG,0.012685159527315642
GGGGCA,-0.5431545108813506
GGGGCT,-0.14355907197136733
GGGGCC,-0.39785327306853435
GGGGCG,0.2739298177198551
GGGGGA,0.48736273275138725
GGGGGT,-0.24397763821705176
GGGGGC,-0.22167308295023497
GGGGGG,-0.7101984304326039
