Item,Count obs
AAAAAA,-0.6120793574711635
AAAAAT,-0.07879452777360371
AAAAAC,0.15837813683174362
AAAAAG,0.2099066735170218
AAAATA,-0.05281755583941435
AAAATT,-0.03315220731690051
AAAATC,0.1513585288796548
AAAATG,-0.05743461878577306
AAAACA,-0.0031062816190698746
AAAACT,-0.3641237679517231
AAAACC,0.04181273498920791
AAAACG,0.11276353454227996
AAAAGA,0.05042132804833204
AAAAGT,0.08227449562364388
AAAAGC,0.03051127590262139
AAAAGG,-0.0489845087429715
AAATAA,0.01980262729617973
AAATAT,-0.05069311431551821
AAATAC,0.5337821555646007
AAATAG,0.3070921387732938
AAATTA,-0.2529965144638909
AAATTT,-0.5629070690194954
AAATTC,0.19552031159476746
AAATTG,-0.05105517080028418
AAATCA,-0.10812485743197617
AAATCT,0.0036335363101514242
AAATCC,0.39199244361824426
AAATCG,-0.042227599601016005
AAATGA,-0.3343814978291041
AAATGT,-0.05270406349056832
AAATGC,-0.016172859245600957
AAATGG,-0.2694314316905835
AAACAA,-0.17179735946836985
AAACAT,0.03640116241318129
AAACAC,0.08914468692425932
AAACAG,0.059744250649290086
AAACTA,-0.5329323995470205
AAACTT,-0.33106681805430493
AAACTC,0.35799044511506906
AAACTG,-0.05916697733566022
AAACCA,-0.2065453271734729
AAACCT,-0.0676586484738147
AAACCC,0.3323780650885497
AAACCG,-0.045379993513816
AAACGA,-0.15714320076371222
AAACGT,0.0784771762643857
AAACGC,0.14536585027152543
AAACGG,-0.2002111215447296
AAAGAA,0.11828567452094933
AAAGAT,0.09838577073075437
AAAGAC,0.3530372534959081
AAAGAG,0.25144198743663754
AAAGTA,0.19345472978628803
AAAGTT,-0.17170198796649427
AAAGTC,0.3144097213575956
AAAGTG,-0.06172695520015146
AAAGCA,-0.31558581972542354
AAAGCT,-0.01647977370771965
AAAGCC,0.15442053773832745
AAAGCG,-0.0958946333569056
AAAGGA,-0.2842330175217932
AAAGGT,-0.245412271105583
AAAGGC,-0.03679020914652673
AAAGGG,-0.3477797775966764
AATAAA,-0.25574902534877186
AATAAT,0.005676458004805122
AATAAC,0.06993316304659321
AATAAG,0.060103924069705515
AATATA,-0.43394457943003295
AATATT,0.43660534884388763
AATATC,0.4723924451080449
AATATG,0.14573867160122364
AATACA,0.2758909214083201
AATACT,0.40826903544089876
AATACC,0.5928583275983047
AATACG,0.5397256294562032
AATAGA,0.0010106115059234598
AATAGT,0.17551550232495505
AATAGC,0.06506060283148202
AATAGG,-0.07361181734324596
AATTAA,0.11583181552512165
AATTAT,0.14585187701256333
AATTAC,0.20763936477824455
AATTAG,-0.045120435280469544
AATTTA,-0.40546510810816444
AATTTT,-0.22206188544346875
AATTTC,0.16323364066578025
AATTTG,0.010279930619749491
AATTCA,0.2364114540582903
AATTCT,0.1933374232815078
AATTCC,0.696608056923432
AATTCG,0.5119931662220284
AATTGA,-0.022633485520703645
AATTGT,0.01467018974779384
AATTGC,0.1673324165293227
AATTGG,0.10841628579730414
AATCAA,-0.41764138766927994
AATCAT,-0.354787198355419
AATCAC,-0.23050378560037493
AATCAG,-0.31349117194637116
AATCTA,-0.5058130819424465
AATCTT,-0.24027983355719704
AATCTC,0.20935022918187396
AATCTG,0.04569970646187516
AATCCA,0.006500564603093463
AATCCT,0.2801304826878204
AATCCC,0.35554179934156366
AATCCG,0.24575408184122938
AATCGA,-0.3564050424511363
AATCGT,-0.25543291976687627
AATCGC,-0.21816594024045752
AATCGG,-0.36129526981822513
AATGAA,-0.4929844861247209
AATGAT,-0.45460794376776203
AATGAC,-0.030711650865721567
AATGAG,-0.28082874505250965
AATGTA,-0.5364110015840825
AATGTT,-0.014689781179372962
AATGTC,0.39162995897230907
AATGTG,0.0869615650297678
AATGCA,-0.38184196234472856
AATGCT,-0.12912201453690123
AATGCC,0.30081136389357366
AATGCG,0.1262748718066965
AATGGA,-0.19024176293577813
AATGGT,-0.30079941604273686
AATGGC,-0.11257626721832686
AATGGG,-0.1108625928118097
AACAAA,-0.10419160845284446
AACAAT,-0.03495501503357662
AACAAC,0.3767156948221785
AACAAG,0.07410797215372183
AACATA,-0.43209158322348656
AACATT,-0.04057954088832431
AACATC,0.4232142896124465
AACATG,0.17959799632691414
AACACA,-0.16829541456983282
AACACT,-0.060757798297665255
AACACC,0.635030854894369
AACACG,0.11421796949188735
AACAGA,-0.12243611644808096
AACAGT,-0.08937544428451033
AACAGC,0.346177719403336
AACAGG,0.24408757525706534
AACTAA,-0.6159575418688152
AACTAT,-0.05442398188768795
AACTAC,0.35116295203121667
AACTAG,-0.3886579897917832
AACTTA,-0.40546510810816444
AACTTT,-0.11320203088342815
AACTTC,0.46365096883321316
AACTTG,0.08308111311869014
AACTCA,0.29780508008322937
AACTCT,0.15748958109277283
AACTCC,0.6754627493533573
AACTCG,0.6665094892879736
AACTGA,-0.25879043890804604
AACTGT,-0.13947773035107708
AACTGC,0.18574847460663702
AACTGG,0.2943777121701857
AACCAA,-0.6910199195437711
AACCAT,-0.6950684107378391
AACCAC,-0.3770361333209619
AACCAG,-0.21464907718321813
AACCTA,-0.49272155310539245
AACCTT,-0.421820612880245
AACCTC,-0.17475756077476004
AACCTG,0.0422598092898826
AACCCA,-0.1884466385859363
AACCCT,-0.11881876852991553
AACCCC,0.13410682181465966
AACCCG,0.14367764471797906
AACCGA,-0.5667541764252154
AACCGT,-0.44052050773408236
AACCGC,-0.32163305793384017
AACCGG,-0.3039379706095195
AACGAA,-0.3132889011655557
AACGAT,-0.5198853774117795
AACGAC,0.13723674578430453
AACGAG,0.061958410787570556
AACGTA,-0.46503704788088485
AACGTT,-0.19915439494418719
AACGTC,0.37427996367397837
AACGTG,0.1471234274078012
AACGCA,-0.03449257195733535
AACGCT,-0.055041687294370235
AACGCC,0.42693403055505585
AACGCG,0.17847010774142855
AACGGA,-0.3206583406934158
AACGGT,-0.30486540277376223
AACGGC,0.0542566913435324
AACGGG,-0.0048929150489273356
AAGAAA,0.3326737918391894
AAGAAT,0.07394431942444733
AAGAAC,0.5882336921782266
AAGAAG,0.6868180455082978
AAGATA,-0.21657658134427338
AAGATT,-0.1562006687183185
AAGATC,0.3832643981279718
AAGATG,0.27990256425019705
AAGACA,-0.02385121582217991
AAGACT,-0.1291798330446217
AAGACC,0.30591174394344217
AAGACG,0.39038221323007216
AAGAGA,-0.26287355910544125
AAGAGT,0.0021528533611010927
AAGAGC,0.0941244423909003
AAGAGG,-0.03152399986916095
AAGTAA,0.10680455923005999
AAGTAT,0.02702867238791942
AAGTAC,0.538028446446052
AAGTAG,0.5598691984195258
AAGTTA,0.05340077672711525
AAGTTT,-0.24817124088234357
AAGTTC,0.3561498717292417
AAGTTG,0.20427306662775396
AAGTCA,-0.03087923760290186
AAGTCT,0.04876612599681279
AAGTCC,0.535436786039444
AAGTCG,0.39606000913445777
AAGTGA,-0.3806281849612252
AAGTGT,-0.07650556401597876
AAGTGC,-0.2068184589994864
AAGTGG,-0.038282186571016806
AAGCAA,-0.5344297339928785
AAGCAT,-0.44291911849126014
AAGCAC,-0.31902915381622016
AAGCAG,-0.12200856620549051
AAGCTA,-0.3513978868378886
AAGCTT,-0.6013775237302368
AAGCTC,-0.0536408887429881
AAGCTG,0.14155089264699267
AAGCCA,-0.3766382783465477
AAGCCT,-0.36795160529563536
AAGCCC,0.09816585375063412
AAGCCG,0.08880798283433411
AAGCGA,-0.6406660024453043
AAGCGT,-0.3070627206598049
AAGCGC,-0.20810567394966922
AAGCGG,-0.2713862202605488
AAGGAA,0.1107864649438235
AAGGAT,-0.2977036309127999
AAGGAC,0.1269027060169317
AAGGAG,0.16040287108630844
AAGGTA,-0.037244173172371095
AAGGTT,-0.47194140571601934
AAGGTC,0.0674818272458411
AAGGTG,0.2921451935384733
AAGGCA,-0.21941383227409778
AAGGCT,-0.3829342728387827
AAGGCC,0.027912075217344574
AAGGCG,0.21016197567505707
AAGGGA,-0.3735702460690723
AAGGGT,-0.27664212741311317
AAGGGC,-0.019941680345141984
AAGGGG,-0.16266694485875027
ATAAAA,-0.21741287660522485
ATAAAT,-0.3313571359544425
ATAAAC,0.17784881580908546
ATAAAG,0.2439631790965999
ATAATA,-0.7475239514380171
ATAATT,-0.09531017980432477
ATAATC,-0.027050177533026173
ATAATG,-0.27358314807227924
ATAACA,-0.3242021440293986
ATAACT,0.17155618252371663
ATAACC,0.06696570679518234
ATAACG,0.03857227478623965
ATAAGA,-0.21950056003570867
ATAAGT,-0.0802948826843292
ATAAGC,-0.1777448897665429
ATAAGG,0.13489286322284375
ATATAA,-0.71240499716436
ATATAT,0.06606974751134669
ATATAC,-0.3613697882429401
ATATAG,0.06644509940815276
ATATTA,-0.06693948267510938
ATATTT,0.3266180365059224
ATATTC,0.4094986556636349
ATATTG,0.45824208229310687
ATATCA,-0.23766131270042806
ATATCT,0.17669325367007274
ATATCC,0.34208160731185366
ATATCG,0.3954528979814392
ATATGA,-0.24578602806396962
ATATGT,-0.24946085963158313
ATATGC,-0.004930789432478974
ATATGG,-0.15869697997211496
ATACAA,-0.2878921344208339
ATACAT,-0.07152933448286011
ATACAC,-0.014528100562909744
ATACAG,-0.07679858479591233
ATACTA,-1.2205021062771466
ATACTT,0.0027816429618767705
ATACTC,0.23184466276694607
ATACTG,-0.28915158043114086
ATACCA,-0.0418614540949176
ATACCT,0.08674403305006123
ATACCC,0.2521173187294965
ATACCG,0.11936156794943324
ATACGA,-0.26509800045102294
ATACGT,-0.04515159132552377
ATACGC,-0.10932910098365585
ATACGG,-0.034732806918891725
ATAGAA,-0.07864312731911323
ATAGAT,-0.0815533490946841
ATAGAC,0.18056099295892164
ATAGAG,0.05579135962841551
ATAGTA,-0.8329091229351039
ATAGTT,-0.1359407684478352
ATAGTC,0.16444591863918698
ATAGTG,-0.17691480978150737
ATAGCA,-0.6585947990532856
ATAGCT,-0.05771613833851046
ATAGCC,0.02878645100891097
ATAGCG,-0.08216247529293487
ATAGGA,-0.24809287036215832
ATAGGT,0.09269710939329162
ATAGGC,-0.06974730381243667
ATAGGG,-0.23017757797158975
ATTAAA,0.025317807984289786
ATTAAT,0.08028083126080289
ATTAAC,0.08306659869861348
ATTAAG,-0.2136872160721743
ATTATA,-1.3015531326648
ATTATT,-0.008438868645864595
ATTATC,0.06263557099148505
ATTATG,-0.3181976163777313
ATTACA,-0.3195226783074395
ATTACT,0.12195840706686405
ATTACC,0.6434050886651314
ATTACG,0.2821418920761655
ATTAGA,-0.5823958162672427
ATTAGT,-0.06258348630176788
ATTAGC,-0.00891536365795228
ATTAGG,-0.5440185911217548
ATTTAA,-0.4700036292457356
ATTTAT,-0.11867152971749863
ATTTAC,-0.11980119981262065
ATTTAG,-0.1919648330657589
ATTTTA,-0.9906027648387066
ATTTTT,-0.07490130817311784
ATTTTC,0.19497267434751336
ATTTTG,-0.03913817425677954
ATTTCA,0.09008735603752424
ATTTCT,0.38344053199016226
ATTTCC,0.5206779202090023
ATTTCG,0.35776131015095325
ATTTGA,-0.2312823839896564
ATTTGT,-0.06401755212344394
ATTTGC,0.04349650801606999
ATTTGG,0.13879828128515423
ATTCAA,-0.5178114750650572
ATTCAT,-0.1508612031768596
ATTCAC,-0.10339061328683523
ATTCAG,-0.3221708011029065
ATTCTA,-1.3619622604603598
ATTCTT,0.14270441152448057
ATTCTC,0.10654324790687565
ATTCTG,-0.035017949548204794
ATTCCA,0.26517308355785835
ATTCCT,0.3636780621584927
ATTCCC,0.5313940164983996
ATTCCG,0.3156401190189443
ATTCGA,-0.12659683495585458
ATTCGT,0.07019205618516108
ATTCGC,-0.06639140289798916
ATTCGG,0.008171826749512764
ATTGAA,-0.25358457681544516
ATTGAT,-0.30031990088049487
ATTGAC,-0.07443259478276966
ATTGAG,-0.039455207233380286
ATTGTA,-1.3622906137714699
ATTGTT,-0.2309256917562647
ATTGTC,0.05173567439918889
ATTGTG,-0.17336072751936699
ATTGCA,-0.45400328789929434
ATTGCT,-0.09378661873042007
ATTGCC,0.25882011553492223
ATTGCG,-0.04057196326504584
ATTGGA,-0.3033356130317846
ATTGGT,-0.2637798932429729
ATTGGC,-0.1462694073608784
ATTGGG,-0.10276892509200101
ATCAAA,-0.31463514060720194
ATCAAT,-0.2859564464843111
ATCAAC,0.23255282194225824
ATCAAG,0.00939752631874435
ATCATA,-1.3530557196441566
ATCATT,-0.497989974963219
ATCATC,0.16717616593353762
ATCATG,-0.07175490953032451
ATCACA,-0.6411081183699133
ATCACT,-0.3307330349820507
ATCACC,0.540896114075164
ATCACG,-0.0945342039758325
ATCAGA,-0.39799224724541693
ATCAGT,-0.3505174113242605
ATCAGC,0.23404491418439843
ATCAGG,-0.025176732202848783
ATCTAA,-0.5633355690379546
ATCTAT,0.02296437712024865
ATCTAC,0.1516623693065798
ATCTAG,-0.44873308835668
ATCTTA,-0.8046426847852876
ATCTTT,0.0373130688436834
ATCTTC,0.36038277169425814
ATCTTG,0.3701143643003935
ATCTCA,-0.11541875338746473
ATCTCT,-0.09612153887520403
ATCTCC,0.5928169635109752
ATCTCG,0.4878479501354785
ATCTGA,-0.2942906225849183
ATCTGT,-0.15070494666163675
ATCTGC,0.28005292746697286
ATCTGG,0.2559426197420712
ATCCAA,-0.4623407565001665
ATCCAT,-0.3998370553911624
ATCCAC,-0.09107288532880974
ATCCAG,0.2628477410699048
ATCCTA,-1.2144441041932315
ATCCTT,-0.154436353304419
ATCCTC,0.18178116229282765
ATCCTG,0.3824668261920234
ATCCCA,0.03366668308357837
ATCCCT,-0.16814102688388435
ATCCCC,0.3038014543316642
ATCCCG,0.32351535800318304
ATCCGA,-0.4215359937035148
ATCCGT,-0.2656033875126942
ATCCGC,0.0432031548508686
ATCCGG,0.13866632134600826
ATCGAA,-0.2157345296604786
ATCGAT,-0.46340011022896244
ATCGAC,0.14174345818489306
ATCGAG,0.24153359312377312
ATCGTA,-1.2252345251587264
ATCGTT,-0.47803226736785215
ATCGTC,0.1845359884056369
ATCGTG,-0.09615579080862753
ATCGCA,-0.4749862005901994
ATCGCT,-0.38858991858927916
ATCGCC,0.277401592010482
ATCGCG,-0.005708361895056592
ATCGGA,-0.5008841551490021
ATCGGT,-0.41173630440106374
ATCGGC,-0.060667022130855834
ATCGGG,-0.12575628791059879
ATGAAA,0.001064396055786723
ATGAAT,-0.0886278963357432
ATGAAC,0.19119980335887757
ATGAAG,0.0517110925970957
ATGATA,-1.5107219394949427
ATGATT,-0.45742484703887537
ATGATC,0.07568644109936347
ATGATG,0.12403128092032258
ATGACA,-0.05750713230314308
ATGACT,-0.20471389410657598
ATGACC,0.1636311034674322
ATGACG,0.2888649871884265
ATGAGA,-0.2585964915566842
ATGAGT,-0.0007114906027640492
ATGAGC,0.12655798227550052
ATGAGG,0.047917051467380636
ATGTAA,-0.37662173615983563
ATGTAT,-0.02267099616435322
ATGTAC,0.04244211250925481
ATGTAG,0.24439217769177377
ATGTTA,-1.0034872769043102
ATGTTT,-0.011721427884090823
ATGTTC,0.22871459636366517
ATGTTG,0.46441394227704325
ATGTCA,0.11322479459993345
ATGTCT,0.05758702145624318
ATGTCC,0.28794630815156114
ATGTCG,0.5765402083047244
ATGTGA,-0.41430042040512083
ATGTGT,-0.20816006252497393
ATGTGC,0.020332704067783754
ATGTGG,0.18196997025609715
ATGCAA,-0.6778128165598386
ATGCAT,-0.4999503755126487
ATGCAC,-0.33169097004200293
ATGCAG,-0.17530046476203806
ATGCTA,-0.9701959967103574
ATGCTT,-0.5898089102828867
ATGCTC,0.09953743089456148
ATGCTG,0.22955020597686687
ATGCCA,-0.2722620687947514
ATGCCT,-0.19885085874516517
ATGCCC,0.29644168603049553
ATGCCG,0.32074809896308804
ATGCGA,-0.5148826647335641
ATGCGT,-0.20083434819142565
ATGCGC,0.07759412158816299
ATGCGG,0.031257379900892016
ATGGAA,-0.17330311204201446
ATGGAT,-0.323906099916664
ATGGAC,-0.06311287303112793
ATGGAG,-0.08626633300764108
ATGGTA,-1.0220986998578092
ATGGTT,-0.6158478469152404
ATGGTC,-0.13093325504326203
ATGGTG,0.21566526243810294
ATGGCA,-0.31869612598095043
ATGGCT,-0.4075527915386484
ATGGCC,-0.009035234102119942
ATGGCG,0.026631005809250402
ATGGGA,-0.28697159284818224
ATGGGT,-0.26560357084975694
ATGGGC,-0.07223905890301313
ATGGGG,-0.14419209130168037
ACAAAA,-0.21383482250003133
ACAAAT,-0.20603467481034787
ACAAAC,0.04362948946659625
ACAAAG,0.015898586067798204
ACAATA,-0.42199441005937505
ACAATT,-0.08048725091268659
ACAATC,-0.19806095443296834
ACAATG,0.12772815818978164
ACAACA,0.39537223389241616
ACAACT,0.19035372849121893
ACAACC,-0.1476477049125553
ACAACG,0.30722007311054256
ACAAGA,0.2675709286966058
ACAAGT,-0.03112350292066194
ACAAGC,-0.31521223719436364
ACAAGG,0.05754548564660055
ACATAA,0.017880425277848583
ACATAT,-0.07354390332237035
ACATAC,0.010092600387224347
ACATAG,0.37449512200215956
ACATTA,0.00738010729762246
ACATTT,0.09656096170597736
ACATTC,0.05484336057079626
ACATTG,0.33828883225159223
ACATCA,0.3250696045234012
ACATCT,0.3352354767739566
ACATCC,0.2581964280692522
ACATCG,0.3681169515410478
ACATGA,-0.011517344376493155
ACATGT,0.02546106419827309
ACATGC,-0.0459516723402536
ACATGG,0.00042989181718144296
ACACAA,-0.34974450903784327
ACACAT,-0.21016938416972958
ACACAC,-0.319132489770485
ACACAG,-0.6626216732674818
ACACTA,-0.4727775561284609
ACACTT,-0.2677885319322103
ACACTC,-0.22991303936945617
ACACTG,-0.12470076865377915
ACACCA,0.3974418253392954
ACACCT,0.3905873941436572
ACACCC,0.3948886657200853
ACACCG,0.43178362598175757
ACACGA,-0.3890686280663025
ACACGT,-0.06691341623174382
ACACGC,-0.33579576103309533
ACACGG,-0.45076684948070267
ACAGAA,-0.5189697103828128
ACAGAT,-0.10632024232645156
ACAGAC,-0.7037550532685778
ACAGAG,-0.8999942795237008
ACAGTA,-0.6379476312053297
ACAGTT,-0.1635088546955697
ACAGTC,-0.6867369021990263
ACAGTG,-0.24001791883130125
ACAGCA,0.233108365338212
ACAGCT,0.025589178406579316
ACAGCC,-0.37718257811834643
ACAGCG,0.06527612028589336
ACAGGA,-0.13102826240640414
ACAGGT,-0.05972944081406319
ACAGGC,-0.4907668282595619
ACAGGG,-0.4330437855099941
ACTAAA,-0.16725130387295645
ACTAAT,-0.2696635669491026
ACTAAC,-0.3617239048521799
ACTAAG,-0.5794780117631019
ACTATA,-1.2901505005669882
ACTATT,0.17123569171219183
ACTATC,-0.09360631161224685
ACTATG,0.008324709886031633
ACTACA,0.3460553751112721
ACTACT,0.3132309073517339
ACTACC,0.2979505160354063
ACTACG,0.44884540373838955
ACTAGA,-0.5446901377187471
ACTAGT,-0.3483066942682157
ACTAGC,-0.25259565843695464
ACTAGG,-0.5360852905252286
ACTTAA,-0.3391142460840515
ACTTAT,-0.048009219186360606
ACTTAC,-0.19984390748615713
ACTTAG,-0.22452191128433097
ACTTTA,-0.2863654165670341
ACTTTT,0.05165139645046421
ACTTTC,0.17350805107337006
ACTTTG,0.10393702787297247
ACTTCA,0.34535620397117833
ACTTCT,0.600702648037944
ACTTCC,0.3159345854036648
ACTTCG,0.3964585513902959
ACTTGA,-0.12604072089536505
ACTTGT,-0.014635959637429493
ACTTGC,0.00015409507696731862
ACTTGG,-0.002956152587987314
ACTCAA,-0.05780374547479342
ACTCAT,-0.0953101798043249
ACTCAC,-0.04954917748860357
ACTCAG,-0.42661908696134304
ACTCTA,-0.9598974169706906
ACTCTT,0.14508536503022232
ACTCTC,-0.3684937151881945
ACTCTG,-0.42594363945170505
ACTCCA,0.275267669303399
ACTCCT,0.5508309583796898
ACTCCC,0.323041704580196
ACTCCG,0.2742745826730352
ACTCGA,0.16957770884611412
ACTCGT,0.17282550296672436
ACTCGC,-0.019087992293786934
ACTCGG,0.1222400688733735
ACTGAA,-0.49078616842826406
ACTGAT,-0.44746603208279523
ACTGAC,-0.4470620600033288
ACTGAG,-0.6228779847133892
ACTGTA,-0.8838721481502794
ACTGTT,-0.10376285453453109
ACTGTC,-0.3903989097535202
ACTGTG,-0.3888241441495634
ACTGCA,-0.02424635003183118
ACTGCT,0.09842086254728573
ACTGCC,-0.20845755788573841
ACTGCG,-0.08826817578558331
ACTGGA,0.09722895237894716
ACTGGT,-0.1957644689430288
ACTGGC,-0.08182249942237346
ACTGGG,0.18909444108138324
ACCAAA,-0.2738775495398707
ACCAAT,-0.26423488075731255
ACCAAC,-0.05870314655323658
ACCAAG,-0.13396373158499653
ACCATA,-0.6943963999603772
ACCATT,-0.26635230564544665
ACCATC,-0.0034572203838577915
ACCATG,-0.10398722196110256
ACCACA,-0.0758869271767905
ACCACT,-0.14168634159447574
ACCACC,0.21954355484889138
ACCACG,0.04703105206718714
ACCAGA,-0.017129928336764542
ACCAGT,-0.1452212735197138
ACCAGC,0.1359443834157909
ACCAGG,0.15212839776889447
ACCTAA,-0.42468843303369297
ACCTAT,-0.05925349562351731
ACCTAC,0.10973106893319891
ACCTAG,-0.2165237505574975
ACCTTA,-0.5485066907336793
ACCTTT,-0.10829933690200122
ACCTTC,0.07455374401506869
ACCTTG,0.1990683144394246
ACCTCA,0.10672944126516809
ACCTCT,-0.22623554037898547
ACCTCC,-0.012970697322727242
ACCTCG,0.3605556809738906
ACCTGA,-0.03051554392595049
ACCTGT,-0.12868458333917487
ACCTGC,0.157836219569648
ACCTGG,0.2479469959911671
ACCCAA,-0.1448812568594582
ACCCAT,-0.25049762336307524
ACCCAC,-0.17929417041682202
ACCCAG,0.1478089386604851
ACCCTA,-0.444227840946594
ACCCTT,-0.22794214620210745
ACCCTC,-0.09672716815446133
ACCCTG,0.1762869303665783
ACCCCA,0.1710403997643303
ACCCCT,-0.24348176857552503
ACCCCC,-0.04428991971988851
ACCCCG,0.3393019556224252
ACCCGA,-0.009920113743230829
ACCCGT,-0.17087149595980883
ACCCGC,0.09496867572916151
ACCCGG,0.07584011151985491
ACCGAA,-0.1530948712886885
ACCGAT,-0.31658692068333544
ACCGAC,-0.07472692885406304
ACCGAG,0.11465386112544863
ACCGTA,-0.4090834554838952
ACCGTT,-0.3289887979558364
ACCGTC,0.0792673087934363
ACCGTG,-0.04056967377855857
ACCGCA,-0.04387411742143192
ACCGCT,-0.21674038653931194
ACCGCC,0.057155790135566674
ACCGCG,0.09105723550917355
ACCGGA,-0.014946306465708104
ACCGGT,-0.23680286333985998
ACCGGC,-0.05201735437767881
ACCGGG,0.03138160074116814
ACGAAA,0.07074129349622486
ACGAAT,0.04290007156317309
ACGAAC,-0.07404697236720219
ACGAAG,-0.03087723856443923
ACGATA,-0.49474463400626345
ACGATT,-0.3731468492576746
ACGATC,-0.12469205399882738
ACGATG,0.07763430788229243
ACGACA,0.2887374815207244
ACGACT,0.09254356187470184
ACGACC,-0.2659224399362744
ACGACG,0.4007467572238065
ACGAGA,0.1349176343991043
ACGAGT,0.19691859503314277
ACGAGC,-0.07004754195094004
ACGAGG,0.24300119234855636
ACGTAA,0.09745533615071306
ACGTAT,-0.018868484304382805
ACGTAC,-0.2732617369271612
ACGTAG,0.24178794274200102
ACGTTA,-0.10497876341039564
ACGTTT,0.06821466133094552
ACGTTC,0.09377713917629338
ACGTTG,0.3452511749151776
ACGTCA,0.44528286672885364
ACGTCT,0.24794174380226677
ACGTCC,0.04491707724827456
ACGTCG,0.545227806455789
ACGTGA,-0.0892130130259461
ACGTGT,-0.0520629256816238
ACGTGC,0.04875956020009493
ACGTGG,-0.020980633736331772
ACGCAA,-0.2738492143343879
ACGCAT,-0.17365411358378663
ACGCAC,-0.21809721844963276
ACGCAG,-0.2479895499007405
ACGCTA,-0.3632323444848915
ACGCTT,-0.1995402114076711
ACGCTC,-0.23983777982319376
ACGCTG,0.1915936290515091
ACGCCA,0.14988469913902258
ACGCCT,-0.023716526617316044
ACGCCC,0.03913598154061352
ACGCCG,0.3234431615932501
ACGCGA,-0.3198643675493776
ACGCGT,-0.16615248748720296
ACGCGC,-0.2101915726351423
ACGCGG,-0.07719116047045525
ACGGAA,-0.2492822403580888
ACGGAT,-0.2987120583492458
ACGGAC,-0.6526900345486878
ACGGAG,-0.4760383117937084
ACGGTA,-0.26110758821037156
ACGGTT,-0.5339142632029709
ACGGTC,-0.2820428083329149
ACGGTG,0.26716114268002855
ACGGCA,0.11887690975496751
ACGGCT,-0.17249189955374222
ACGGCC,-0.2346405811048567
ACGGCG,0.24771197106863527
ACGGGA,-0.07232066157962613
ACGGGT,-0.043846137812552234
ACGGGC,-0.2636195682902869
ACGGGG,-0.18172472001109305
AGAAAA,0.0978977944562368
AGAAAT,0.3056756374997935
AGAAAC,0.17475250908182613
AGAAAG,0.14203725621229416
AGAATA,-0.3231977054125168
AGAATT,0.22385809225207862
AGAATC,-0.002316901538428065
AGAATG,-0.12153666572483282
AGAACA,0.5199685445986649
AGAACT,0.5982541019086958
AGAACC,-0.17093860819405524
AGAACG,0.09377086051632358
AGAAGA,0.49554019976416797
AGAAGT,0.5382031647132912
AGAAGC,0.04207740451037173
AGAAGG,0.2049634360027747
AGATAA,0.3494978796383689
AGATAT,0.20363401896956934
AGATAC,0.1871818336762074
AGATAG,0.3295730141609411
AGATTA,0.130868275205039
AGATTT,0.002249719734015546
AGATTC,0.018653920224238525
AGATTG,0.005001147045770752
AGATCA,0.4144229456738333
AGATCT,0.4467622999762566
AGATCC,0.31763666058503554
AGATCG,0.2464200719206066
AGATGA,0.18404346854097428
AGATGT,0.27681240021487713
AGATGC,0.027675372926944494
AGATGG,-0.03652747155763783
AGACAA,-0.38002342276230383
AGACAT,0.0814930342511828
AGACAC,-0.30041577963193755
AGACAG,-0.6163111316119679
AGACTA,-0.7348576691413156
AGACTT,-0.07450252729792102
AGACTC,-0.31803080871849004
AGACTG,-0.7365604095251356
AGACCA,0.0349797188960269
AGACCT,0.09596256647528333
AGACCC,-0.017621601349819445
AGACCG,-0.05183632240860831
AGACGA,-0.011537767759928732
AGACGT,0.2830987543842359
AGACGC,-0.19801618123186984
AGACGG,-0.16126814759612226
AGAGAA,-0.3893581228456575
AGAGAT,-0.24693979414185943
AGAGAC,-0.6593527124630996
AGAGAG,-0.7977242568791798
AGAGTA,-0.45579019199568016
AGAGTT,0.16197940965733418
AGAGTC,-0.39760960816785546
AGAGTG,-0.5821491105912244
AGAGCA,0.24749520021391078
AGAGCT,0.025385464694169833
AGAGCC,-0.33473508110986333
AGAGCG,-0.24841085297257157
AGAGGA,-0.2544024389694826
AGAGGT,-0.1898444294569422
AGAGGC,-0.702799443882052
AGAGGG,-0.4588941672636109
AGTAAA,-0.39633262454489204
AGTAAT,0.2559333741372007
AGTAAC,-0.21223683106307528
AGTAAG,-0.3652297959162653
AGTATA,-1.1905497839937953
AGTATT,0.2066142493629992
AGTATC,-0.05114865582872487
AGTATG,-0.2338963430904715
AGTACA,0.4883773775436815
AGTACT,0.7641400527135639
AGTACC,0.1429432268068693
AGTACG,0.323630707749187
AGTAGA,0.2515276706316448
AGTAGT,0.3762947308083846
AGTAGC,-0.10412898840857969
AGTAGG,0.12643813060452513
AGTTAA,0.19523476319713315
AGTTAT,0.15396343144172864
AGTTAC,0.06004531944578388
AGTTAG,-0.43989382777436514
AGTTTA,-0.5586937039604543
AGTTTT,-0.1302364967276701
AGTTTC,0.07274413833002354
AGTTTG,0.1810215891100725
AGTTCA,0.4941091385216794
AGTTCT,0.6420108491630863
AGTTCC,0.43133967797978345
AGTTCG,0.5164002522677799
AGTTGA,0.3295730141609411
AGTTGT,0.13182345027936654
AGTTGC,0.12092313978010973
AGTTGG,0.19257171280997532
AGTCAA,-0.2968312671053689
AGTCAT,-0.260906325734247
AGTCAC,-0.345512631989333
AGTCAG,-0.5577564753452394
AGTCTA,-0.9254791579285614
AGTCTT,-0.10632451786343225
AGTCTC,-0.5346875852858619
AGTCTG,-0.4774486720948461
AGTCCA,0.25444223837091445
AGTCCT,0.351291833864329
AGTCCC,0.10718367021934153
AGTCCG,0.09635975001833494
AGTCGA,0.05563708030539568
AGTCGT,0.06627458701800837
AGTCGC,-0.20539574573170916
AGTCGG,-0.14681813874232977
AGTGAA,-0.41069160084170697
AGTGAT,-0.3525192622187304
AGTGAC,-0.3369998947110214
AGTGAG,-0.32537949947149486
AGTGTA,-1.3183391570499043
AGTGTT,-0.20203156515743517
AGTGTC,-0.10194003834299448
AGTGTG,-0.18890681691670566
AGTGCA,-0.10420600331100127
AGTGCT,0.08415985274157153
AGTGCC,-0.12581499991164513
AGTGCG,-0.0740390676209248
AGTGGA,-0.05075787126881854
AGTGGT,-0.16989394720589843
AGTGGC,-0.28541469553202625
AGTGGG,-0.05739563362519116
AGCAAA,-0.12696749967501644
AGCAAT,0.04894311704259689
AGCAAC,0.12247876806045255
AGCAAG,-0.10810917761980991
AGCATA,-1.06333047452347
AGCATT,0.025990831004646716
AGCATC,0.06380803029909286
AGCATG,0.002472189145389073
AGCACA,0.15454609715377038
AGCACT,0.10621558197755965
AGCACC,0.42224561900373425
AGCACG,0.22847689728957227
AGCAGA,0.29278712968068255
AGCAGT,0.1365393776159161
AGCAGC,0.3460573225313203
AGCAGG,0.4041171512837576
AGCTAA,-0.13136558742225235
AGCTAT,-0.23520976436899832
AGCTAC,-0.059670271497460396
AGCTAG,-0.35107103604236556
AGCTTA,-0.5031035776720805
AGCTTT,-0.06032291718298012
AGCTTC,-0.25279847505340103
AGCTTG,0.11269423108329658
AGCTCA,0.21486548764257404
AGCTCT,0.004062294008878926
AGCTCC,0.053299044876123615
AGCTCG,0.3050505785334251
AGCTGA,0.05124029319501137
AGCTGT,0.05223119222544573
AGCTGC,0.23813195107972313
AGCTGG,0.2965202813369473
AGCCAA,-0.30609528063421343
AGCCAT,-0.4536826389294831
AGCCAC,-0.41758026354343564
AGCCAG,-0.22654557907882503
AGCCTA,-0.9024922656956669
AGCCTT,-0.3998226207090827
AGCCTC,-0.6407428983900841
AGCCTG,-0.30865269676608564
AGCCCA,-0.07857643175100892
AGCCCT,0.009544541003569872
AGCCCC,-0.10110445086447666
AGCCCG,0.08066899186961456
AGCCGA,-0.17317622397176297
AGCCGT,-0.21668703300149866
AGCCGC,-0.118401188771984
AGCCGG,-0.08386317503183666
AGCGAA,-0.2861419423364073
AGCGAT,-0.42464154233462525
AGCGAC,-0.2129780396989813
AGCGAG,-0.12616766338001142
AGCGTA,-0.5675934452956419
AGCGTT,-0.026782978822823104
AGCGTC,-0.03312628849465038
AGCGTG,0.14728306302945945
AGCGCA,0.1571381527459277
AGCGCT,0.08841095734405294
AGCGCC,0.2203011406621111
AGCGCG,0.18308576047824238
AGCGGA,-0.10113222141874048
AGCGGT,-0.20588878096804758
AGCGGC,-0.06279516530425937
AGCGGG,0.09658771091036633
AGGAAA,0.21205286462005163
AGGAAT,0.5143038881423155
AGGAAC,0.27878108489270176
AGGAAG,0.4843968886280663
AGGATA,-0.37156355643248296
AGGATT,0.2104535136865565
AGGATC,0.14144230075527672
AGGATG,0.2861487217807914
AGGACA,0.43991187695160516
AGGACT,0.3348202685388323
AGGACC,-0.24101520315629676
AGGACG,0.34199116929553086
AGGAGA,0.5434964060555394
AGGAGT,0.43078291609245417
AGGAGC,0.022415174082365975
AGGAGG,0.16497291845934162
AGGTAA,0.48901590747144114
AGGTAT,0.16714716997592247
AGGTAC,-0.15291714195724254
AGGTAG,0.5408923123647745
AGGTTA,-0.11430477128005863
AGGTTT,0.025317807984289786
AGGTTC,-0.2781256857315628
AGGTTG,-0.05152427386990024
AGGTCA,0.3040587781233272
AGGTCT,0.16614033263248376
AGGTCC,-0.09397074439924749
AGGTCG,0.21794655281963266
AGGTGA,0.26583613561552316
AGGTGT,0.36234710889119887
AGGTGC,0.12260832325055598
AGGTGG,0.136053263296723
AGGCAA,-0.335856283414181
AGGCAT,-0.2015038431615461
AGGCAC,-0.49926143095141556
AGGCAG,-0.6089902930284536
AGGCTA,-0.47201772861743685
AGGCTT,-0.43519623995923423
AGGCTC,-0.5148419378120721
AGGCTG,-0.3242985147096575
AGGCCA,0.0555678376664523
AGGCCT,-0.02353697533181783
AGGCCC,-0.02642331913057559
AGGCCG,0.07360578710400828
AGGCGA,-0.1497724608765372
AGGCGT,0.07150354315476286
AGGCGC,-0.16266957728353737
AGGCGG,-0.0465929850548536
AGGGAA,-0.25370320218480574
AGGGAT,-0.3303590008081403
AGGGAC,-0.492401911101712
AGGGAG,-0.3635009090091323
AGGGTA,-0.4564389902115971
AGGGTT,-0.2914714453056352
AGGGTC,-0.3493647581102739
AGGGTG,0.23547416377168845
AGGGCA,0.27041459965432546
AGGGCT,-0.11513211230615396
AGGGCC,-0.1816664634197244
AGGGCG,0.16910254133313773
AGGGGA,-0.08707673433091638
AGGGGT,-0.18492912020103552
AGGGGC,-0.35959702708149155
AGGGGG,-0.32270002199998565
TAAAAA,-0.17953991383207776
TAAAAT,-0.8581629902563075
TAAAAC,-0.1615595653455254
TAAAAG,0.11201611426956237
TAAATA,0.0
TAAATT,-0.6312717768418579
TAAATC,-0.16351842983085846
TAAATG,-0.4206273558478417
TAAACA,0.4174634061749653
TAAACT,-0.8407831793660099
TAAACC,0.10357957128683162
TAAACG,0.3099052092364911
TAAAGA,0.7803166728159334
TAAAGT,-0.13698287620489288
TAAAGC,0.1573998003820983
TAAAGG,0.1236425604952754
TAATAA,0.127833371509885
TAATAT,-0.12516314295400605
TAATAC,0.24175835975644172
TAATAG,0.20763936477824455
TAATTA,-0.07696104113612832
TAATTT,-0.1200792479167337
TAATTC,0.3005592412419842
TAATTG,0.07592931548360844
TAATCA,-0.0630203790515488
TAATCT,-0.039530838756635205
TAATCC,0.3039305835476034
TAATCG,-0.0027095042703660006
TAATGA,0.04198007224088284
TAATGT,-0.005865119452398134
TAATGC,0.19746453689651816
TAATGG,0.11055919056706387
TAACAA,-0.5562201989342846
TAACAT,-0.7145083075593135
TAACAC,-0.1757898549307394
TAACAG,-0.34786264452734905
TAACTA,0.24116205681688804
TAACTT,-0.14197026127038723
TAACTC,0.1826521899594728
TAACTG,-0.2755900266867523
TAACCA,-0.10148065831044704
TAACCT,-0.17203491208367924
TAACCC,0.2593296578609136
TAACCG,-0.058471768455333854
TAACGA,-0.07838452892098215
TAACGT,-0.08569472110488296
TAACGC,0.17618656822643886
TAACGG,0.022165777698256017
TAAGAA,-0.02662647511532219
TAAGAT,-0.9464204733261843
TAAGAC,-0.0616935690053399
TAAGAG,-0.29295659918505096
TAAGTA,0.13685918271719735
TAAGTT,-0.19586578190171197
TAAGTC,-0.07603468627599767
TAAGTG,-0.20443301040138562
TAAGCA,0.013282264472945667
TAAGCT,-0.6403046991855653
TAAGCC,-0.17114825619582946
TAAGCG,-0.21465693743689113
TAAGGA,0.3801777883935152
TAAGGT,-0.300860164832336
TAAGGC,0.02099173980741468
TAAGGG,0.09779188917781866
TATAAA,-0.7419373447293773
TATAAT,-1.5414649288478945
TATAAC,-0.07626198483363039
TATAAG,-0.23061556615291068
TATATA,-0.6015799870344549
TATATT,-0.15082288973458366
TATATC,0.03301776902867357
TATATG,-0.21655472843619683
TATACA,-0.4781227536842399
TATACT,-1.5332765514685365
TATACC,0.01856201786005956
TATACG,-0.07081375463896865
TATAGA,-0.0953101798043249
TATAGT,-0.8118187102774439
TATAGC,-0.008175445015241816
TATAGG,-0.12210269680089984
TATTAA,0.04301738508369086
TATTAT,-0.6706743247078867
TATTAC,0.577740212551304
TATTAG,-0.43237256102808863
TATTTA,-0.017094433359300068
TATTTT,0.009273636785329033
TATTTC,0.763985071020466
TATTTG,0.336698250861072
TATTCA,0.03085077572047603
TATTCT,-0.36072921426677285
TATTCC,0.49535833147268304
TATTCG,0.5122085585735908
TATTGA,0.2597732843347043
TATTGT,-0.31679947102250816
TATTGC,0.3453836201875833
TATTGG,0.2731363614494022
TATCAA,-0.27265030455049366
TATCAT,-1.6762060888989407
TATCAC,-0.14341232160612577
TATCAG,-0.07048298878069176
TATCTA,-0.030205842057065786
TATCTT,-0.1966128869047106
TATCTC,0.28464381572984954
TATCTG,0.42463502421588456
TATCCA,0.22601299374216258
TATCCT,-0.5411168926214951
TATCCC,0.40229754131651685
TATCCG,0.17858215936885832
TATCGA,0.02614022476095068
TATCGT,-0.4930495131257281
TATCGC,0.041735721478267374
TATCGG,-0.007662872745569137
TATGAA,-0.2184079465683756
TATGAT,-1.7623848605481507
TATGAC,0.14912457220425693
TATGAG,-0.07510747248680534
TATGTA,-0.11170398958000129
TATGTT,-0.6784832263729311
TATGTC,0.3344195503034707
TATGTG,0.17365076986661912
TATGCA,-0.017812756885611982
TATGCT,-0.9663126301447839
TATGCC,0.16298962849446272
TATGCG,0.13725492496947342
TATGGA,-0.22146549746245683
TATGGT,-0.7364052298780815
TATGGC,-0.16824203558776793
TATGGG,-0.07813942826863984
TACAAA,-0.5569455593795439
TACAAT,-1.615135933548738
TACAAC,0.21394949329200327
TACAAG,0.028122858911898512
TACATA,-0.028618805305652563
TACATT,-0.47085942732963165
TACATC,0.3366389171783119
TACATG,0.055381607522703
TACACA,-0.3636848001460976
TACACT,-0.9978707188665779
TACACC,0.4956435502944953
TACACG,-0.18108439221700534
TACAGA,-0.37292022466390223
TACAGT,-0.9126477405956541
TACAGC,0.13388796242683867
TACAGG,-0.21602147523979673
TACTAA,-0.541266649267226
TACTAT,-0.9341940233666824
TACTAC,0.4518743879032897
TACTAG,-0.4008030950023531
TACTTA,0.2083722339938972
TACTTT,0.11286725332157983
TACTTC,0.7637872275140338
TACTTG,0.13644119099186636
TACTCA,-0.15373042346469562
TACTCT,-0.5755913918083008
TACTCC,0.6287941365628484
TACTCG,0.4490639921624807
TACTGA,-0.4019294532758566
TACTGT,-0.5468887719339507
TACTGC,0.10559250730716745
TACTGG,0.1748314297865926
TACCAA,-0.3477773459650392
TACCAT,-0.957645917556069
TACCAC,-0.003973717593243598
TACCAG,0.11248812958205846
TACCTA,-0.06330744871815114
TACCTT,-0.19798767353835403
TACCTC,0.09467424973519888
TACCTG,0.35052107836435414
TACCCA,0.04052502572100847
TACCCT,-0.35902158600960493
TACCCC,0.2373529390877613
TACCCG,0.1645567915211992
TACCGA,-0.13631820353170193
TACCGT,-0.315314011113867
TACCGC,0.0694175370691926
TACCGG,0.03529650803418607
TACGAA,-0.36107700533937004
TACGAT,-1.1268117431871405
TACGAC,0.16190477317569144
TACGAG,0.08574954716920771
TACGTA,-0.011560822401075971
TACGTT,-0.3364722366212129
TACGTC,0.3070979006438275
TACGTG,0.07421146146854235
TACGCA,-0.05257356901349247
TACGCT,-0.6253440772085826
TACGCC,0.21322909425703127
TACGCG,-0.04713833301472718
TACGGA,-0.27778739073510245
TACGGT,-0.37351645319813
TACGGC,0.1006043795385972
TACGGG,0.05614144305376844
TAGAAA,-0.004535155165391374
TAGAAT,-1.480615910097276
TAGAAC,0.14043563864529315
TAGAAG,0.337535603728035
TAGATA,-0.2014608970046521
TAGATT,-0.42130148937106576
TAGATC,0.02020270731751947
TAGATG,0.15722398966740037
TAGACA,0.08535984895115664
TAGACT,-0.9943094145684188
TAGACC,0.048076133435775124
TAGACG,0.37379376427051303
TAGAGA,0.15219181534192533
TAGAGT,-0.5152159720672836
TAGAGC,0.4545935647861727
TAGAGG,0.46890331737972724
TAGTAA,-0.06382804153397252
TAGTAT,-1.2467297676912
TAGTAC,0.12907704227514236
TAGTAG,0.27413784734402363
TAGTTA,-0.10859058747221928
TAGTTT,-0.45312084220698445
TAGTTC,0.10168114225596483
TAGTTG,0.2360368731163344
TAGTCA,0.03898544671295381
TAGTCT,-0.8402824282288562
TAGTCC,0.2883380252467013
TAGTCG,0.4204357662210859
TAGTGA,-0.1817695280744433
TAGTGT,-0.4782116096635652
TAGTGC,0.18197973487984176
TAGTGG,0.08431474614203034
TAGCAA,-0.5661552058182521
TAGCAT,-1.0764270784386298
TAGCAC,-0.3107316850246243
TAGCAG,-0.3577854382227596
TAGCTA,-0.3550342544812724
TAGCTT,-0.5129129959269135
TAGCTC,-0.14777029008404788
TAGCTG,0.0713520586619761
TAGCCA,-0.204683611952604
TAGCCT,-0.6054744278848319
TAGCCC,0.05797661572969549
TAGCCG,0.1353627659616252
TAGCGA,-0.29567920703890244
TAGCGT,-0.3619028900703965
TAGCGC,0.1705327102213286
TAGCGG,0.10268378939726167
TAGGAA,-0.12000279239469644
TAGGAT,-1.1826954058786512
TAGGAC,-0.041344471070934585
TAGGAG,0.15776079205135804
TAGGTA,0.13371110329083427
TAGGTT,-0.47172628255718174
TAGGTC,-0.058418247298407736
TAGGTG,0.22341591955775655
TAGGCA,-0.1019724296297411
TAGGCT,-0.8170737708647342
TAGGCC,0.05306896813022847
TAGGCG,0.1341285858342689
TAGGGA,-0.03533936644530885
TAGGGT,-0.6943963999603773
TAGGGC,0.019868203216725184
TAGGGG,-0.004775811677514712
TTAAAA,-0.39133059717325974
TTAAAT,-0.6661185081720259
TTAAAC,0.1504220077889464
TTAAAG,0.5185476698599009
TTAATA,-0.15984870094189613
TTAATT,-0.06693948267510938
TTAATC,-0.38496658655982335
TTAATG,0.3003220073876007
TTAACA,0.03208831455150045
TTAACT,-0.19567288996881896
TTAACC,0.056227827080181515
TTAACG,0.25467577598361096
TTAAGA,-0.05007633798017609
TTAAGT,0.18325222228690782
TTAAGC,-0.06561552716520913
TTAAGG,0.30712920738730254
TTATAA,-0.5924056107584135
TTATAT,-0.36624439495488303
TTATAC,-0.7401721192048082
TTATAG,0.0329700192375699
TTATTA,-0.01801850550267825
TTATTT,0.25782910930209985
TTATTC,-0.17425699695722421
TTATTG,0.060525420387852934
TTATCA,-0.34003730278570904
TTATCT,0.20077652116731357
TTATCC,0.20906782308002525
TTATCG,0.1839597265060599
TTATGA,-0.18694050265024922
TTATGT,-0.19611487892629037
TTATGC,-0.03536714383729136
TTATGG,-0.2240190803355546
TTACAA,-0.5596157879354228
TTACAT,-0.30263816360543094
TTACAC,-0.4529846240761409
TTACAG,-0.5061086338878519
TTACTA,0.002129926257824849
TTACTT,0.04138521616285428
TTACTC,0.005115100666770409
TTACTG,-0.1257632029780119
TTACCA,0.12044615307586706
TTACCT,0.3866557761506682
TTACCC,0.379700971172033
TTACCG,0.3807417390627795
TTACGA,-0.271449336689962
TTACGT,0.3004296452742836
TTACGC,0.10804148241108405
TTACGG,-0.03299995100195271
TTAGAA,-0.5516476182862459
TTAGAT,-0.7263401479157094
TTAGAC,-0.48835276791393206
TTAGAG,-0.23414662465854058
TTAGTA,-0.5144553918165692
TTAGTT,-0.7586932584578163
TTAGTC,-0.832909122935104
TTAGTG,0.05178529931752478
TTAGCA,-0.22277651148626815
TTAGCT,-0.36948412128933994
TTAGCC,-0.05842229412013509
TTAGCG,0.21433997304745026
TTAGGA,-0.47435461508006166
TTAGGT,-0.4478443310770259
TTAGGC,-0.30037890324618804
TTAGGG,-0.036179656577502356
TTTAAA,-0.5835040031101182
TTTAAT,-0.3841877096608795
TTTAAC,-0.08476526662770992
TTTAAG,0.083381608939051
TTTATA,-0.7576857016975165
TTTATT,-0.17635138980745088
TTTATC,0.1196464729053029
TTTATG,0.14382679648562233
TTTACA,-0.29361680797159545
TTTACT,-0.15669845190605702
TTTACC,0.13726506217657156
TTTACG,0.06431996578755905
TTTAGA,-0.6162661362239875
TTTAGT,-0.2918400826004446
TTTAGC,-0.02579066914080239
TTTAGG,-0.15783053678565875
TTTTAA,-0.5956918444092323
TTTTAT,-0.3020520127347336
TTTTAC,-0.05756985182147782
TTTTAG,-0.3324960882415736
TTTTTA,-0.25979686896224513
TTTTTT,-0.3238934544143528
TTTTTC,0.11155248590574728
TTTTTG,0.21841987696643353
TTTTCA,-0.20933435604002318
TTTTCT,0.05585207792589321
TTTTCC,0.44345022129322
TTTTCG,0.14327179842354973
TTTTGA,-0.15490227700657042
TTTTGT,-0.212133441216249
TTTTGC,-0.1052078322465824
TTTTGG,-0.025389234004819575
TTTCAA,-0.38187205498426735
TTTCAT,-0.0805497642212042
TTTCAC,-0.14008879317068168
TTTCAG,-0.2710041314055469
TTTCTA,-0.1316778239751998
TTTCTT,0.3291818033585337
TTTCTC,0.14099557970521084
TTTCTG,0.21615142131235943
TTTCCA,0.29226636887372387
TTTCCT,0.3433040309129163
TTTCCC,0.3109096453207954
TTTCCG,0.2575475794917419
TTTCGA,-0.09751904068524263
TTTCGT,-0.031140704093290932
TTTCGC,-0.16917088822092274
TTTCGG,-0.028247891869118042
TTTGAA,-0.40931126669564266
TTTGAT,-0.2809023854664022
TTTGAC,0.09504652288129631
TTTGAG,0.10942932097522011
TTTGTA,-0.20812944074982717
TTTGTT,-0.2060834285689014
TTTGTC,0.12125013751198759
TTTGTG,-0.08394949499851323
TTTGCA,-0.22633334668230984
TTTGCT,-0.07412855654457899
TTTGCC,0.21077506200509746
TTTGCG,-0.0649373777539072
TTTGGA,-0.045448219694914437
TTTGGT,-0.18093459401960588
TTTGGC,0.027344151129522258
TTTGGG,0.04565108002627235
TTCAAA,-0.4763838347883302
TTCAAT,-0.35653070276724413
TTCAAC,-0.05975278217969368
TTCAAG,-0.20093803940171975
TTCATA,-0.1602544627652762
TTCATT,-0.33567827072003653
TTCATC,0.15792244537000374
TTCATG,-0.055125776765054056
TTCACA,-0.8356228288067004
TTCACT,-0.34458460560384213
TTCACC,0.3597977285914319
TTCACG,-0.3413744866485549
TTCAGA,-0.8149841146976988
TTCAGT,-0.4680175312741061
TTCAGC,-0.0535407669280298
TTCAGG,-0.3469435364885083
TTCTAA,-0.44433926086982956
TTCTAT,-0.20331183268579045
TTCTAC,0.36223051378333443
TTCTAG,-0.43270963021473
TTCTTA,0.06130052586379588
TTCTTT,0.27272206963138923
TTCTTC,0.7477971766874925
TTCTTG,0.5178043550132705
TTCTCA,-0.2512629866285888
TTCTCT,-0.41278290040342996
TTCTCC,0.6976550769991352
TTCTCG,0.2934294237639091
TTCTGA,-0.3827504435256324
TTCTGT,-0.5022172492293906
TTCTGC,0.059396673563410364
TTCTGG,0.1235609516348396
TTCCAA,-0.16023712588366062
TTCCAT,-0.252204345577334
TTCCAC,0.15335133608794232
TTCCAG,0.4403057430111437
TTCCTA,-0.15832314763305882
TTCCTT,0.1584769646068919
TTCCTC,0.5290221227208536
TTCCTG,0.43747488842262383
TTCCCA,0.0599812644587331
TTCCCT,-0.1174785753099915
TTCCCC,0.2998546236951306
TTCCCG,0.4064954682924082
TTCCGA,-0.42229424515232133
TTCCGT,-0.2219352744718463
TTCCGC,-0.020155721092305835
TTCCGG,0.0766237486280519
TTCGAA,-0.3693673004461953
TTCGAT,-0.20717202258118106
TTCGAC,0.1663467761862203
TTCGAG,0.05940396578562565
TTCGTA,-0.19766712646861506
TTCGTT,-0.3747625842196885
TTCGTC,0.31843764373184974
TTCGTG,-0.12525832212887442
TTCGCA,-0.6519596221533307
TTCGCT,-0.3635667699766537
TTCGCC,0.12754293730871574
TTCGCG,-0.1902060874451858
TTCGGA,-0.4070095099595385
TTCGGT,-0.15629023618105928
TTCGGC,0.14530177992668356
TTCGGG,0.018209360914596767
TTGAAA,-0.25951119548508456
TTGAAT,-0.45164362284329845
TTGAAC,-0.0347514319709842
TTGAAG,0.21555522810311345
TTGATA,-0.2993077796591753
TTGATT,-0.5189889344051517
TTGATC,0.1099754396043654
TTGATG,0.1692576560556471
TTGACA,-0.2945188069434861
TTGACT,-0.347981135583388
TTGACC,0.2564594024334665
TTGACG,0.29393800323517266
TTGAGA,-0.4151739222351252
TTGAGT,-0.13611895109665767
TTGAGC,0.31167545571286165
TTGAGG,0.23697718643660587
TTGTAA,-0.4374056739799
TTGTAT,-0.23581653198280617
TTGTAC,-0.03928656978342135
TTGTAG,0.45416559020049946
TTGTTA,-0.6294971534834893
TTGTTT,-0.40179537921920205
TTGTTC,0.22227947107380572
TTGTTG,0.16617589829256774
TTGTCA,-0.27526766930339897
TTGTCT,-0.2639265206827497
TTGTCC,0.3128323060745559
TTGTCG,0.3088433122854045
TTGTGA,-0.7205461547480597
TTGTGT,-0.5273418631278041
TTGTGC,-0.09103013658454752
TTGTGG,-0.1884213683142657
TTGCAA,-0.8467106038370974
TTGCAT,-0.6438231660526074
TTGCAC,-0.39500464144029207
TTGCAG,-0.1562032336528422
TTGCTA,-0.47451645741741844
TTGCTT,-0.5854514552643375
TTGCTC,-0.015171840884799786
TTGCTG,0.2580925329327225
TTGCCA,-0.2063716697003816
TTGCCT,-0.21520249994139692
TTGCCC,0.23331213340719623
TTGCCG,0.42748776473229533
TTGCGA,-0.680835067756403
TTGCGT,-0.31138110349666914
TTGCGC,0.05811670731772556
TTGCGG,0.08787941143390084
TTGGAA,-0.32893709422131057
TTGGAT,-0.33970639209225634
TTGGAC,-0.07953049814637596
TTGGAG,0.10176224740883974
TTGGTA,-0.4257003352221128
TTGGTT,-0.7892877773999499
TTGGTC,-0.21067743363504238
TTGGTG,0.2364557621831089
TTGGCA,-0.2984218592952715
TTGGCT,-0.3179115787604463
TTGGCC,0.1324163220898632
TTGGCG,0.24389619029415505
TTGGGA,-0.12610711173828154
TTGGGT,-0.23777286133016876
TTGGGC,0.04019796953900659
TTGGGG,0.13800321586907474
TCAAAA,-0.2758701614481474
TCAAAT,-0.4783749247205805
TCAAAC,-0.06218865936944232
TCAAAG,0.07355339223378654
TCAATA,0.15805693479432342
TCAATT,-0.11280843904537753
TCAATC,-0.4387070445700826
TCAATG,0.06927084230180598
TCAACA,0.41571373862818906
TCAACT,0.2753446986919402
TCAACC,-0.15457387069265147
TCAACG,0.42020873655330654
TCAAGA,0.17961728626431886
TCAAGT,-0.08862978497050557
TCAAGC,-0.19672756823746942
TCAAGG,0.2854189298337383
TCATAA,-0.24373018492259815
TCATAT,-0.31237468504215243
TCATAC,-0.4166306114049355
TCATAG,0.23280546222594672
TCATTA,0.01541227899488678
TCATTT,-0.190369889976783
TCATTC,-0.4219944100593748
TCATTG,-0.16071730755114677
TCATCA,0.18045980231079498
TCATCT,0.2665154834677376
TCATCC,-0.041194684919190754
TCATCG,0.3266582923423618
TCATGA,-0.0887954987831312
TCATGT,-0.06926219548534744
TCATGC,-0.2053959538541666
TCATGG,-0.07054721841918858
TCACAA,-0.7740325257385753
TCACAT,-0.47851989427722746
TCACAC,-0.5728007936743144
TCACAG,-0.9165675101765033
TCACTA,-0.10321055514141846
TCACTT,-0.2852098833063918
TCACTC,-0.43448268809328444
TCACTG,-0.26372240673791414
TCACCA,0.3204083353829979
TCACCT,0.2884728989065989
TCACCC,0.283416624265344
TCACCG,0.5511473964282002
TCACGA,-0.33446585199921325
TCACGT,-0.03988649213925905
TCACGC,-0.2599127821365892
TCACGG,-0.23735644913160273
TCAGAA,-0.6339743552539693
TCAGAT,-0.27739706170573963
TCAGAC,-0.648428715760567
TCAGAG,-0.8090107214701365
TCAGTA,-0.5072750240429671
TCAGTT,-0.30021648056234296
TCAGTC,-0.790139446547255
TCAGTG,-0.21917810212979394
TCAGCA,0.28551563257085966
TCAGCT,0.19474767715902908
TCAGCC,-0.25601893563457906
TCAGCG,0.2200421532002356
TCAGGA,0.02475235702209326
TCAGGT,-0.09605768371013346
TCAGGC,-0.4256211547400601
TCAGGG,-0.18984485499890696
TCTAAA,-0.7665746491147626
TCTAAT,-0.3364722366212129
TCTAAC,-0.5342416244606842
TCTAAG,-0.5343759131624102
TCTATA,0.06899287148695142
TCTATT,-0.052367985517315925
TCTATC,-0.1731705015765972
TCTATG,0.166857331096373
TCTACA,0.4513703647801356
TCTACT,0.09763846956391607
TCTACC,0.09321022515310769
TCTACG,0.5345906364072199
TCTAGA,-0.17471695740873536
TCTAGT,-0.6061358035703156
TCTAGC,-0.3381129260786728
TCTAGG,-0.19858207766573502
TCTTAA,-0.30010459245033816
TCTTAT,-0.10660973505825813
TCTTAC,-0.1319676706483399
TCTTAG,-0.3364722366212129
TCTTTA,0.4726738578016144
TCTTTT,-0.07853327342468217
TCTTTC,-0.04226195107383871
TCTTTG,0.4728131835722845
TCTTCA,0.2918495344409542
TCTTCT,0.6128028592511863
TCTTCC,0.2671042942392066
TCTTCG,0.3944351222106995
TCTTGA,0.20342172883404103
TCTTGT,0.27974902071098506
TCTTGC,0.13983484904250565
TCTTGG,0.28329531197413216
TCTCAA,-0.3406044739061234
TCTCAT,-0.31968862586839136
TCTCAC,-0.4590110888141238
TCTCAG,-0.6732016859158549
TCTCTA,0.03693760713871275
TCTCTT,-0.08829260714567831
TCTCTC,-1.002740895307302
TCTCTG,-0.7105622221616235
TCTCCA,0.3988149720634524
TCTCCT,0.6056943998994985
TCTCCC,0.24104650109001027
TCTCCG,0.2410506320656215
TCTCGA,0.09414806462414754
TCTCGT,0.18690833116524608
TCTCGC,-0.13435676329453344
TCTCGG,0.16717702978126744
TCTGAA,-0.6136968050683194
TCTGAT,-0.45315293889387986
TCTGAC,-0.5963285106150819
TCTGAG,-0.8596372721372192
TCTGTA,-0.4541262150405327
TCTGTT,-0.19366882197156127
TCTGTC,-0.6014979559446257
TCTGTG,-0.7125878526359052
TCTGCA,0.10733305252379138
TCTGCT,0.25477691159210003
TCTGCC,-0.3257369350832124
TCTGCG,0.010729290289791749
TCTGGA,0.16040773941031478
TCTGGT,-0.04437514596031528
TCTGGC,-0.2399339050307197
TCTGGG,0.16662264725085082
TCCAAA,-0.22745480199442653
TCCAAT,-0.19136671472816164
TCCAAC,-0.0851454695923195
TCCAAG,-0.10842566622174235
TCCATA,-0.3195513591328757
TCCATT,-0.2166182426792872
TCCATC,-0.2303717727259993
TCCATG,-0.11536059899240961
TCCACA,-0.038689852991236666
TCCACT,-0.17294255632526817
TCCACC,0.1322210414732759
TCCACG,-0.0002462750905193895
TCCAGA,0.14293067432179068
TCCAGT,0.0737925644867008
TCCAGC,0.37005452683247214
TCCAGG,0.41692203032629044
TCCTAA,-0.7351113796589775
TCCTAT,-0.12677030665662015
TCCTAC,-0.15222265866445858
TCCTAG,-0.48215772889641884
TCCTTA,0.3553651860566688
TCCTTT,-0.12161512534848079
TCCTTC,-0.20907374226538766
TCCTTG,0.41268408478828217
TCCTCA,0.14646881823763436
TCCTCT,-0.19041876702657395
TCCTCC,0.08964226511590605
TCCTCG,0.6504433709793026
TCCTGA,-0.08529758051189507
TCCTGT,-0.1257468289475217
TCCTGC,0.2346305953013407
TCCTGG,0.44072299742094395
TCCCAA,-0.1223580920263974
TCCCAT,-0.22507552608769427
TCCCAC,-0.04435344006200118
TCCCAG,0.07942595499481575
TCCCTA,0.10372786223394112
TCCCTT,-0.22618460788998873
TCCCTC,-0.3764775712349121
TCCCTG,-0.21433777069291315
TCCCCA,0.09427057439593861
TCCCCT,-0.09964701348994845
TCCCCC,0.10578227863328966
TCCCCG,0.28556310692455983
TCCCGA,0.12322122974012477
TCCCGT,-0.059117737056344245
TCCCGC,0.10457280391957703
TCCCGG,0.2356475830008959
TCCGAA,-0.4551542579422232
TCCGAT,-0.5014732707704486
TCCGAC,-0.29818272012283564
TCCGAG,-0.2858792060282967
TCCGTA,-0.3084411318261049
TCCGTT,-0.20198161130923006
TCCGTC,-0.44370750714461055
TCCGTG,-0.6340541233946162
TCCGCA,-0.04712210706873509
TCCGCT,-0.048443152801327626
TCCGCC,-0.2190719760891204
TCCGCG,-0.029132596427829546
TCCGGA,0.0493215553327109
TCCGGT,-0.053691210737550774
TCCGGC,0.011993041807949344
TCCGGG,0.2221602992930711
TCGAAA,-0.03500593932255719
TCGAAT,-0.014783796184236867
TCGAAC,-0.1638202316150425
TCGAAG,0.1031900998074949
TCGATA,0.04485331296910219
TCGATT,-0.3592789579567981
TCGATC,-0.16927600288832267
TCGATG,0.2578373914243108
TCGACA,0.3440817609139054
TCGACT,0.05154229217275685
TCGACC,-0.079757488766093
TCGACG,0.5983481535926317
TCGAGA,0.19065362826380658
TCGAGT,0.16312931833440297
TCGAGC,0.17194285380621047
TCGAGG,0.4684923858303615
TCGTAA,-0.07730712177637084
TCGTAT,-0.2425347406288602
TCGTAC,-0.48466295742887733
TCGTAG,0.3231739552514489
TCGTTA,-0.04154900291287251
TCGTTT,-0.3429447511268303
TCGTTC,-0.46571896565812415
TCGTTG,0.16502144212676997
TCGTCA,0.21452499353007007
TCGTCT,-0.07849147621745635
TCGTCC,-0.17242748314875608
TCGTCG,0.5817126570505441
TCGTGA,-0.39088565834500705
TCGTGT,-0.3434913485714313
TCGTGC,-0.247250099703901
TCGTGG,-0.034841468395849104
TCGCAA,-0.5676330988411513
TCGCAT,-0.4995695807532291
TCGCAC,-0.5859069651005415
TCGCAG,-0.4710285787623007
TCGCTA,-0.22389093550445535
TCGCTT,-0.6290338348136254
TCGCTC,-0.6656181521390325
TCGCTG,-0.010795535615812505
TCGCCA,0.005977010465865597
TCGCCT,-0.15218617728806866
TCGCCC,-0.07431328297314511
TCGCCG,0.368343306915254
TCGCGA,-0.34283857522865946
TCGCGT,-0.2621926741104481
TCGCGC,-0.17875760873317897
TCGCGG,0.0687565014030305
TCGGAA,-0.3879839431533469
TCGGAT,-0.3883574904302925
TCGGAC,-0.49203807046145676
TCGGAG,-0.0794891510582386
TCGGTA,-0.2971640966381714
TCGGTT,-0.6199832915556556
TCGGTC,-0.53796978842285
TCGGTG,0.3125604165749001
TCGGCA,0.10657751453214735
TCGGCT,-0.20516275553822128
TCGGCC,-0.089767164716525
TCGGCG,0.42517560481703637
TCGGGA,0.10978295343347261
TCGGGT,-0.12183517130721179
TCGGGC,-0.16919953477515157
TCGGGG,0.20838697054127184
TGAAAA,-0.03819559773803596
TGAAAT,0.11443773380894279
TGAAAC,-0.1497905388619271
TGAAAG,-0.1937776565098453
TGAATA,0.128350033882525
TGAATT,0.25375193954824804
TGAATC,-0.4100522721150705
TGAATG,-0.4450124051964189
TGAACA,0.3603705638008084
TGAACT,0.40496771938863385
TGAACC,-0.4859345596398187
TGAACG,-0.10247549862044329
TGAAGA,0.4417618705098005
TGAAGT,0.38876854011993256
TGAAGC,-0.3032028908660678
TGAAGG,-0.1471179216009749
TGATAA,-0.3384543978252042
TGATAT,-0.08311490671050657
TGATAC,-0.5018277349487675
TGATAG,-0.21100234767469825
TGATTA,-0.0674975011041968
TGATTT,0.02615610126835486
TGATTC,-0.45603350213776644
TGATTG,-0.4373185720500442
TGATCA,0.3155957837184918
TGATCT,0.44163783950188956
TGATCC,0.029805504557294075
TGATCG,0.09670634532082188
TGATGA,0.21937019159391025
TGATGT,0.2928923559171878
TGATGC,-0.08185102643032022
TGATGG,0.0035031526900184988
TGACAA,-0.25416358915848947
TGACAT,0.12017246652388701
TGACAC,-0.30679358060113465
TGACAG,-0.6264388193363981
TGACTA,0.1305352332803088
TGACTT,-0.013285219551321644
TGACTC,-0.3598056314388698
TGACTG,-0.7452712985491345
TGACCA,0.2966082021925547
TGACCT,0.3088534734296562
TGACCC,-0.034868825650823936
TGACCG,0.1026479040238109
TGACGA,0.23254813979308703
TGACGT,0.43639647903764567
TGACGC,-0.09931380132159225
TGACGG,-0.014468287436189236
TGAGAA,-0.3317663455838003
TGAGAT,-0.08064821783433182
TGAGAC,-0.8094607082369688
TGAGAG,-0.9156798583059833
TGAGTA,0.04176941287629493
TGAGTT,0.2578012312407382
TGAGTC,-0.49179961789822857
TGAGTG,-0.38221494945754375
TGAGCA,0.49511774689177096
TGAGCT,0.18160478428733012
TGAGCC,-0.24850509591659248
TGAGCG,-0.055472549123824294
TGAGGA,0.26397590042750363
TGAGGT,0.07454575261381646
TGAGGC,-0.45381289226595806
TGAGGG,-0.27491982083792965
TGTAAA,-0.509648460592976
TGTAAT,-0.2266815888689208
TGTAAC,-0.5091849343085307
TGTAAG,-0.8607409306436566
TGTATA,-0.34992809713660467
TGTATT,0.361952001039576
TGTATC,-0.19718233777965324
TGTATG,-0.04749230545383208
TGTACA,0.19334988783543275
TGTACT,0.4824394383691375
TGTACC,-0.296094861360296
TGTACG,-0.022571616407173156
TGTAGA,0.49001321802005615
TGTAGT,0.46530878494152783
TGTAGC,-0.16992621033923688
TGTAGG,0.14437716800027806
TGTTAA,-0.1474052916877267
TGTTAT,-0.3624913292601722
TGTTAC,-0.3465563556878391
TGTTAG,-0.37889808072344255
TGTTTA,-0.05826890812397576
TGTTTT,-0.010160968031408705
TGTTTC,-0.21297381104976745
TGTTTG,0.08333804449634225
TGTTCA,0.34965367584548723
TGTTCT,0.5072857970608665
TGTTCC,0.049768903848454164
TGTTCG,0.3048782633906953
TGTTGA,0.476052215178126
TGTTGT,0.4287370051533556
TGTTGC,0.22322928887159924
TGTTGG,0.29219675280630747
TGTCAA,-0.38573498573630927
TGTCAT,0.017644463979708837
TGTCAC,-0.20235582358126752
TGTCAG,-0.5089107480829571
TGTCTA,0.07761948571128868
TGTCTT,0.08678831207681556
TGTCTC,-0.47092232476280815
TGTCTG,-0.44609569675167476
TGTCCA,0.43766402028192875
TGTCCT,0.43928045660289494
TGTCCC,0.04482766642898398
TGTCCG,0.08603851963106286
TGTCGA,0.334847540894211
TGTCGT,0.25674671293762896
TGTCGC,-0.061529189946861795
TGTCGG,0.15752249694340373
TGTGAA,-0.9205370227556062
TGTGAT,-0.5184735651770341
TGTGAC,-0.6555119082681301
TGTGAG,-0.8655930892464974
TGTGTA,-0.38526240079064494
TGTGTT,-0.1656020271611715
TGTGTC,-0.5568469813672895
TGTGTG,-0.5441887589165667
TGTGCA,0.08557159065198464
TGTGCT,0.12789069288217436
TGTGCC,-0.3795736941754228
TGTGCG,-0.1699069682360248
TGTGGA,0.04986324727008394
TGTGGT,-0.07984288751101731
TGTGGC,-0.394576345799529
TGTGGG,0.05287236081085588
TGCAAA,-0.34536118403845895
TGCAAT,-0.3858649919507894
TGCAAC,-0.42719482469357933
TGCAAG,-0.40752060729026046
TGCATA,-0.28215837028314855
TGCATT,-0.2879424552159133
TGCATC,-0.40804908887408947
TGCATG,-0.3182988484418524
TGCACA,0.014584869724332282
TGCACT,-0.07934025865202768
TGCACC,-0.10477247150662129
TGCACG,0.006927562942831099
TGCAGA,0.05136968566370385
TGCAGT,-0.013155100122047526
TGCAGC,0.11276634345082712
TGCAGG,0.27646867843598727
TGCTAA,-0.20687152620599422
TGCTAT,-0.5877866649021192
TGCTAC,-0.6222812985984716
TGCTAG,-0.20775299468575842
TGCTTA,0.06535518104412726
TGCTTT,-0.3646431135879093
TGCTTC,-0.6637365974219024
TGCTTG,-0.24742092461697882
TGCTCA,0.5506229033192485
TGCTCT,0.10269546259649835
TGCTCC,-0.1961148789262905
TGCTCG,0.4571105151754092
TGCTGA,0.32665879518442525
TGCTGT,0.2776085003537203
TGCTGC,0.3415605369770981
TGCTGG,0.5578144584363103
TGCCAA,-0.35536518605666884
TGCCAT,-0.3870811922746511
TGCCAC,-0.32173099720266823
TGCCAG,-0.3150604935564183
TGCCTA,-0.13714675743725332
TGCCTT,-0.16040414879910017
TGCCTC,-0.6235928267449354
TGCCTG,-0.4852998939595566
TGCCCA,0.3353665574373399
TGCCCT,0.30678969219073626
TGCCCC,-0.11214574423665276
TGCCCG,0.20119773097090352
TGCCGA,0.18854649908367696
TGCCGT,0.13187448143343325
TGCCGC,0.14103543843139643
TGCCGG,0.11226368259863627
TGCGAA,-0.6470418512048793
TGCGAT,-0.5690143249560339
TGCGAC,-0.5024224155012363
TGCGAG,-0.5647755533022668
TGCGTA,-0.10047235039692289
TGCGTT,-0.08330811542482068
TGCGTC,-0.430521687945502
TGCGTG,-0.27086691370813143
TGCGCA,0.36245367742644
TGCGCT,0.17844846987279706
TGCGCC,-0.03615012079144956
TGCGCG,0.13322383113241512
TGCGGA,-0.04910495129723805
TGCGGT,-0.06166011635755966
TGCGGC,-0.013467733604435053
TGCGGG,0.2466612973469361
TGGAAA,0.36865113498544805
TGGAAT,0.2849026384607556
TGGAAC,-0.06726768331804656
TGGAAG,0.18909140856829426
TGGATA,0.16807698952545264
TGGATT,0.19263821132595887
TGGATC,-0.2229326327631414
TGGATG,0.06548072447523215
TGGACA,0.4392475260560956
TGGACT,0.1914540403572272
TGGACC,-0.15242281762632134
TGGACG,0.13498523344275049
TGGAGA,0.3294878348821689
TGGAGT,0.3518568795910513
TGGAGC,-0.07741501688583001
TGGAGG,0.020846151520936558
TGGTAA,0.01849051139763254
TGGTAT,-0.021284863891609603
TGGTAC,-0.541698939044617
TGGTAG,0.07124766387404052
TGGTTA,-0.08218257815256735
TGGTTT,-0.27872423488611203
TGGTTC,-0.6568541674318873
TGGTTG,-0.3896744222018403
TGGTCA,0.23565567450782068
TGGTCT,-0.047736912933623796
TGGTCC,-0.42432416169765175
TGGTCG,0.03377006256127335
TGGTGA,0.32347436931045276
TGGTGT,0.37951857685819923
TGGTGC,0.10223736886074579
TGGTGG,0.25642757782524456
TGGCAA,-0.2557077678192668
TGGCAT,-0.17911875888943096
TGGCAC,-0.42199441005937505
TGGCAG,-0.3123348634429117
TGGCTA,-0.11734721085105394
TGGCTT,-0.35176092913630336
TGGCTC,-0.4516803540957548
TGGCTG,-0.27197356326512173
TGGCCA,0.25937115461838467
TGGCCT,0.04710626803333396
TGGCCC,-0.17331371643965812
TGGCCG,0.1733704243823543
TGGCGA,-0.0017090102323466352
TGGCGT,0.12700479420383454
TGGCGC,-0.010524004703455466
TGGCGG,0.09241499601446979
TGGGAA,0.0759089631853245
TGGGAT,-0.028087581810261556
TGGGAC,-0.20787081947202168
TGGGAG,0.05777780066681139
TGGGTA,0.10583044047850412
TGGGTT,-0.2574793978105133
TGGGTC,-0.41297063084459174
TGGGTG,0.2179545627410985
TGGGCA,0.30644024538036985
TGGGCT,-0.12739849435582534
TGGGCC,-0.1539666279241022
TGGGCG,0.22305761482122508
TGGGGA,0.14208385992645803
TGGGGT,0.06716204690995563
TGGGGC,-0.08026564826079352
TGGGGG,0.026366355841709523
CAAAAA,0.1212338648141164
CAAAAT,-0.059220506448304504
CAAAAC,-0.21423607272795797
CAAAAG,-0.33830206329828905
CAAATA,0.23565240100591855
CAAATT,-0.32762697010624653
CAAATC,-0.29927110121057193
CAAATG,-0.45797306762001405
CAAACA,0.10053125480625341
CAAACT,0.19355763006088045
CAAACC,-0.1347585642860871
CAAACG,-0.17966101586068473
CAAAGA,0.37450288250419755
CAAAGT,0.09687482505245419
CAAAGC,-0.054343827315881416
CAAAGG,-0.09680550718575837
CAATAA,0.14614190021645218
CAATAT,0.44036459272003836
CAATAC,0.3723486746837562
CAATAG,0.002254792387089083
CAATTA,-0.08770558041910546
CAATTT,0.03614544663635334
CAATTC,0.1872876567603735
CAATTG,-0.13299425555213526
CAATCA,-0.39893624922570087
CAATCT,-0.005167970158442561
CAATCC,0.05565675100279064
CAATCG,-0.59844975282581
CAATGA,-0.0499307107184955
CAATGT,0.2360014115505605
CAATGC,0.19800623074141285
CAATGG,-0.10582259375724556
CAACAA,0.3011957916185038
CAACAT,0.37351350830156194
CAACAC,0.4307336392303948
CAACAG,0.1822867141953901
CAACTA,0.2093024999023382
CAACTT,0.2925208970373857
CAACTC,0.46912577116294435
CAACTG,-0.06834991446068257
CAACCA,-0.3301827228680833
CAACCT,0.029976404700263796
CAACCC,0.038772813475319495
CAACCG,-0.48597390761022735
CAACGA,0.17140286298884094
CAACGT,0.3193372735010882
CAACGC,0.3540654364001582
CAACGG,0.09120504998802088
CAAGAA,0.4512464803511088
CAAGAT,0.3001893418041749
CAAGAC,0.22464906039210983
CAAGAG,-0.3050380015682938
CAAGTA,0.23798701273603054
CAAGTT,0.0758380763915046
CAAGTC,0.08028915380950015
CAAGTG,-0.4581327490240169
CAAGCA,-0.12258850348004326
CAAGCT,0.04938440009857511
CAAGCC,-0.23432076484182804
CAAGCG,-0.45124775121364114
CAAGGA,0.2813405665977012
CAAGGT,0.22314355131420976
CAAGGC,0.028371669324904963
CAAGGG,0.00938080429560484
CATAAA,0.13088394292405436
CATAAT,-0.32059048406826984
CATAAC,-0.20736758872004224
CATAAG,-0.2688895731024135
CATATA,-0.15457702816029936
CATATT,0.15145162285809327
CATATC,-0.16994098222440052
CATATG,-0.28497571085403794
CATACA,-0.02507968439702343
CATACT,-0.19851850400882048
CATACC,-0.10894524305921155
CATACG,-0.2627833759572806
CATAGA,0.2132963610933852
CATAGT,-0.058471768455333736
CATAGC,-0.13822849373271215
CATAGG,0.11447219600908229
CATTAA,0.14378789279171164
CATTAT,-0.22943947977102444
CATTAC,0.3673575381087038
CATTAG,-0.19945043905692178
CATTTA,-0.16378930866502694
CATTTT,0.16332505610329962
CATTTC,0.1754207784449942
CATTTG,-0.19488597108150474
CATTCA,-0.4062929227249742
CATTCT,-0.05855153371760448
CATTCC,0.20608117057248954
CATTCG,-0.2975547688853914
CATTGA,0.07452764062179631
CATTGT,-0.06115655244158414
CATTGC,0.13934244995482817
CATTGG,-0.14404615469057755
CATCAA,0.14894917736327684
CATCAT,0.08058477685688148
CATCAC,0.20183424527131907
CATCAG,-0.0864227814093746
CATCTA,0.192693177790782
CATCTT,0.3326211407191154
CATCTC,0.22619698880110017
CATCTG,-0.1146543368548334
CATCCA,-0.04516572958018971
CATCCT,0.30873548164961323
CATCCC,0.1561657341450791
CATCCG,-0.16230241732998335
CATCGA,0.30354736856339787
CATCGT,0.048015816166922694
CATCGC,0.09493821563685935
CATCGG,-0.06947525840403844
CATGAA,-0.03194907903862525
CATGAT,-0.04415819536018277
CATGAC,-0.1950176432918131
CATGAG,-0.3114010343840867
CATGTA,-0.049207787896529104
CATGTT,0.16207507684956485
CATGTC,0.0603102540572433
CATGTG,-0.3683363074337801
CATGCA,-0.2894132463724508
CATGCT,0.06766761138209944
CATGCC,-0.05677396841754546
CATGCG,-0.4217492138603222
CATGGA,-0.11700104377159151
CATGGT,-0.07635891952479382
CATGGC,-0.1893993582359549
CATGGG,-0.20428612361411266
CACAAA,-0.0676586484738147
CACAAT,-0.024507353072133947
CACAAC,-0.19776395581715653
CACAAG,-0.5331313812802889
CACATA,0.24520326937894205
CACATT,0.12941616047941618
CACATC,0.03470451651190625
CACATG,-0.37486843413069687
CACACA,-0.4335544023703488
CACACT,-0.18787593979847686
CACACC,0.15901670784660932
CACACG,-0.7072144377713808
CACAGA,-0.6653287461163049
CACAGT,-0.5171389858225827
CACAGC,-0.4242267306545695
CACAGG,-0.6530899594393206
CACTAA,0.04060943207923807
CACTAT,-0.08666043822484179
CACTAC,0.15485306983044272
CACTAG,-0.2247212534558274
CACTTA,-0.17906952140757726
CACTTT,-0.06299411928619714
CACTTC,0.1236443354063745
CACTTG,-0.3419178310629906
CACTCA,-0.3382176069857506
CACTCT,-0.4261912386252813
CACTCC,0.03635540059722046
CACTCG,-0.3744295424859307
CACTGA,-0.288972752081494
CACTGT,-0.2469277163366379
CACTGC,-0.052913716262160924
CACTGG,-0.07419373176957138
CACCAA,0.15358712880300227
CACCAT,0.24393901336262486
CACCAC,0.34542889466410504
CACCAG,0.14393375560839014
CACCTA,0.18508398948986468
CACCTT,0.3592388749026921
CACCTC,0.32940052601907316
CACCTG,0.0008890206541974341
CACCCA,0.2000851467863272
CACCCT,0.3026898578854704
CACCCC,0.31985824888446085
CACCCG,0.08302223903041646
CACCGA,0.3259448429553161
CACCGT,0.301010762060335
CACCGC,0.25794289436224416
CACCGG,0.21158169674297025
CACGAA,-0.1825992959986285
CACGAT,-0.06919570937407603
CACGAC,-0.21778590386923458
CACGAG,-0.499479447378689
CACGTA,-0.007718320998501318
CACGTT,0.2052700964504389
CACGTC,0.2013455031027027
CACGTG,-0.46582825783525494
CACGCA,-0.26987459908731265
CACGCT,0.07681905725861235
CACGCC,-0.041583453617184886
CACGCG,-0.613353907206301
CACGGA,-0.5507857084871506
CACGGT,-0.05240789497678
CACGGC,-0.2445663409809915
CACGGG,-0.467569454623807
CAGAAA,0.1094944611895545
CAGAAT,-0.02867579997666631
CAGAAC,-0.21979533390054962
CAGAAG,-0.29728768917922477
CAGATA,0.4961489093500578
CAGATT,0.11963660430570641
CAGATC,0.230004641694155
CAGATG,-0.14437877916976422
CAGACA,-0.4863005229179398
CAGACT,-0.47905346476565347
CAGACC,-0.10977771175894373
CAGACG,-0.4494598698758631
CAGAGA,-0.6520510256541484
CAGAGT,-0.3275035666384526
CAGAGC,-0.390562311116651
CAGAGG,-0.8781998821152671
CAGTAA,-0.3169117107667193
CAGTAT,-0.29434432227719726
CAGTAC,0.19062211092366851
CAGTAG,-0.14192270380358163
CAGTTA,-0.23590580292806104
CAGTTT,0.01438873745209967
CAGTTC,0.40179360250113777
CAGTTG,-0.1290878329627791
CAGTCA,-0.7414385916018313
CAGTCT,-0.710034353896001
CAGTCC,-0.04170655892998929
CAGTCG,-0.5410292334459991
CAGTGA,-0.2541415316103452
CAGTGT,-0.13346194576870113
CAGTGC,-0.007020931983825287
CAGTGG,-0.23829630507846192
CAGCAA,0.24818269132957899
CAGCAT,0.19936696634667847
CAGCAC,0.5063025350384062
CAGCAG,0.45467052093626187
CAGCTA,-0.07709554917318638
CAGCTT,0.11734834753825858
CAGCTC,0.42431885837631467
CAGCTG,0.11004730702634467
CAGCCA,-0.25835514031761625
CAGCCT,-0.3968381125869188
CAGCCC,0.0312895363863417
CAGCCG,-0.266548990007948
CAGCGA,0.0229258569923082
CAGCGT,0.21760469078224565
CAGCGC,0.3811849639983769
CAGCGG,0.023921721030935615
CAGGAA,0.4914181043214335
CAGGAT,0.3929781779456612
CAGGAC,0.06187540371808745
CAGGAG,0.03469718708932904
CAGGTA,0.38095185162983314
CAGGTT,0.053154976980139504
CAGGTC,0.22004917029946194
CAGGTG,0.040944191624335775
CAGGCA,-0.5572676173613139
CAGGCT,-0.24298763196500817
CAGGCC,0.05883498237058421
CAGGCG,-0.34060178358978266
CAGGGA,-0.34536118403845895
CAGGGT,0.08947050961087762
CAGGGC,0.09301429296655617
CAGGGG,-0.3323749197495097
CTAAAA,-0.18430371799794587
CTAAAT,-0.22694583726394843
CTAAAC,0.07296901986659081
CTAAAG,0.11678921148144913
CTAATA,-0.4803664162812821
CTAATT,-0.19474407679251174
CTAATC,-0.1809200148686661
CTAATG,0.10944632318040663
CTAACA,-0.32905563896616324
CTAACT,-0.0953101798043249
CTAACC,-0.2283153397166037
CTAACG,-0.22229212512399224
CTAAGA,-0.5081806193900119
CTAAGT,-0.22504650146029595
CTAAGC,-0.3419901839050936
CTAAGG,-0.045562619678565376
CTATAA,0.11263327498690605
CTATAT,-0.004807701568103232
CTATAC,-0.13715728973982527
CTATAG,-0.2509028209484846
CTATTA,0.2772107725844855
CTATTT,0.27443684570176036
CTATTC,0.13086280846876236
CTATTG,-0.13663661427648321
CTATCA,-0.2656092646108182
CTATCT,0.4452969589767082
CTATCC,0.03381662237926951
CTATCG,-0.4060549046454622
CTATGA,-0.013998478806379567
CTATGT,0.3211933294500302
CTATGC,-0.03433701240444982
CTATGG,-0.3380995762805883
CTACAA,0.1653578242361999
CTACAT,0.3369471268117833
CTACAC,0.28856798024875874
CTACAG,-0.2451562926830533
CTACTA,0.2849245367276652
CTACTT,0.6366425751774155
CTACTC,0.24994174446893383
CTACTG,-0.20380889960675408
CTACCA,0.041376399608892556
CTACCT,0.4511438387413693
CTACCC,0.09221204281432006
CTACCG,-0.10720092632584644
CTACGA,0.2650395957020211
CTACGT,0.38127410295210035
CTACGC,0.10073622996071235
CTACGG,0.06596589594161843
CTAGAA,-0.2623642644674911
CTAGAT,-0.32068409686707994
CTAGAC,-0.2067518743008551
CTAGAG,-0.07253399491376858
CTAGTA,-0.540384426007535
CTAGTT,-0.498174506212432
CTAGTC,-0.2345073099645248
CTAGTG,-0.14610445835162908
CTAGCA,-0.23709028633572068
CTAGCT,-0.3033553064059494
CTAGCC,-0.10045052216027049
CTAGCG,-0.15174519155619778
CTAGGA,-0.3449229911389361
CTAGGT,-0.22791475967134944
CTAGGC,-0.33108719399032516
CTAGGG,-0.2205761558089639
CTTAAA,-0.11980119981262077
CTTAAT,-0.24354017922185556
CTTAAC,0.0208684124347481
CTTAAG,0.2970081256329707
CTTATA,-0.503526321284379
CTTATT,0.05511446831487396
CTTATC,0.04057835948433213
CTTATG,-0.2723477084516743
CTTACA,-0.80159383826964
CTTACT,-0.11778303565638351
CTTACC,0.15062300300306566
CTTACG,-0.12261980445699745
CTTAGA,-0.706570200892086
CTTAGT,-0.849675982792171
CTTAGC,-0.12865465578522997
CTTAGG,-0.3914133546525141
CTTTAA,0.24501562613287797
CTTTAT,0.3233626674716173
CTTTAC,0.17074327492067806
CTTTAG,0.12705887811890518
CTTTTA,-0.4036616811090136
CTTTTT,0.24484191377528855
CTTTTC,0.1934677831680932
CTTTTG,-0.28305180406761865
CTTTCA,-0.29621202233482685
CTTTCT,0.272287551661185
CTTTCC,0.09924428864039027
CTTTCG,-0.36932048302982196
CTTTGA,0.2020199198629164
CTTTGT,0.05077574067980197
CTTTGC,0.1055325290752971
CTTTGG,-0.13133600206108698
CTTCAA,-0.05054416593461826
CTTCAT,0.1311300288368779
CTTCAC,0.015967017454874097
CTTCAG,-0.27684773028607085
CTTCTA,0.37819607999261284
CTTCTT,0.6902621008219223
CTTCTC,0.3962885914234549
CTTCTG,-0.17712133706684713
CTTCCA,0.16829276253308684
CTTCCT,0.47525787298531913
CTTCCC,0.2197959565941832
CTTCCG,-0.38936395522879846
CTTCGA,0.15025851139800148
CTTCGT,-0.007609860314141537
CTTCGC,-0.1787341635325015
CTTCGG,0.030674007184814705
CTTGAA,-0.2715041676393051
CTTGAT,0.050736501500114675
CTTGAC,0.11368695843437994
CTTGAG,0.1894969972576956
CTTGTA,-0.031067911075971153
CTTGTT,0.11031627801281113
CTTGTC,0.20750442111701808
CTTGTG,-0.4804171996142031
CTTGCA,-0.45946528053333147
CTTGCT,-0.018861478436968837
CTTGCC,0.19825369450668104
CTTGCG,-0.18937992116140062
CTTGGA,-0.11319737416506424
CTTGGT,-0.09511917607917154
CTTGGC,0.11388779354395336
CTTGGG,-0.04098885176445511
CTCAAA,0.13209114160248475
CTCAAT,-0.043191598582774035
CTCAAC,0.28974468338297876
CTCAAG,0.1860072704654045
CTCATA,-0.019802627296179643
CTCATT,-0.3627580988921379
CTCATC,0.17425293006498066
CTCATG,-0.3515953981954338
CTCACA,-0.8613470582556375
CTCACT,-0.32311407294634464
CTCACC,0.3315356158012086
CTCACG,-0.40761663806061477
CTCAGA,-0.7536012848552918
CTCAGT,-0.6445152317219089
CTCAGC,-0.14443703270415265
CTCAGG,-0.5611253212513082
CTCTAA,-0.4190476598740333
CTCTAT,-0.023905520853554366
CTCTAC,0.4695641653845648
CTCTAG,0.01342302033214055
CTCTTA,-0.15732025458853735
CTCTTT,0.25417566056193835
CTCTTC,0.16860651561198947
CTCTTG,-0.24201724217573073
CTCTCA,-0.944596008410975
CTCTCT,-0.9096866946642411
CTCTCC,-0.13828016127288856
CTCTCG,-0.5604887692217675
CTCTGA,-0.8678230963319343
CTCTGT,-0.8792741238432875
CTCTGC,-0.3778798568108185
CTCTGG,-0.4742499201271867
CTCCAA,0.09809397374559639
CTCCAT,-0.026287991831245312
CTCCAC,0.14639821499440236
CTCCAG,0.13474116005104628
CTCCTA,0.08738250336241814
CTCCTT,0.2538147972846977
CTCCTC,0.6107849589441755
CTCCTG,0.042745864840188705
CTCCCA,0.08244625613495041
CTCCCT,-0.2281081657219727
CTCCCC,0.20287987024587104
CTCCCG,-0.02481666513919027
CTCCGA,-0.11522968756114675
CTCCGT,-0.5086109836436323
CTCCGC,-0.15201720345297184
CTCCGG,0.11689847124664925
CTCGAA,0.047126514522130424
CTCGAT,0.21639995876632123
CTCGAC,0.40498921222519996
CTCGAG,0.1295252602488389
CTCGTA,0.23136175221859592
CTCGTT,0.153509859555409
CTCGTC,0.42652895217934356
CTCGTG,-0.48824902809330895
CTCGCA,-0.514908797117478
CTCGCT,-0.12768181466181766
CTCGCC,0.0711866035256946
CTCGCG,-0.31162934513969925
CTCGGA,-0.2511920217687268
CTCGGT,0.09349499656351286
CTCGGC,0.33547777812275226
CTCGGG,0.022561811952281907
CTGAAA,-0.1801001563988011
CTGAAT,-0.3193511958411015
CTGAAC,-0.27184679297500347
CTGAAG,-0.1547505460289438
CTGATA,-0.08682439369737774
CTGATT,-0.26452876747706405
CTGATC,0.18454184158521228
CTGATG,-0.14669105136931893
CTGACA,-0.49774038421733524
CTGACT,-0.5879613526482178
CTGACC,0.13395554829601086
CTGACG,-0.2260998072018409
CTGAGA,-0.8981160980489108
CTGAGT,-0.5288508677904394
CTGAGC,-0.1514959109838404
CTGAGG,-0.5678848717433248
CTGTAA,-0.48809737268843456
CTGTAT,0.06819062515431334
CTGTAC,-0.018156465080740817
CTGTAG,-0.1686764038711269
CTGTTA,-0.21511137961694557
CTGTTT,0.019998135128394903
CTGTTC,0.2870581536544221
CTGTTG,0.11513030725363133
CTGTCA,-0.6508510360412376
CTGTCT,-0.636206607914628
CTGTCC,0.10244080555449162
CTGTCG,-0.32035311773308967
CTGTGA,-0.9530793400588239
CTGTGT,-0.6485956694977248
CTGTGC,-0.33741786316921996
CTGTGG,-0.33973438722110577
CTGCAA,-0.15319385640777022
CTGCAT,-0.20653581491454934
CTGCAC,0.14271702172932604
CTGCAG,0.38694828711814566
CTGCTA,-0.35056800642160646
CTGCTT,-0.2191704516047888
CTGCTC,0.5390563379754048
CTGCTG,0.47903332799011716
CTGCCA,-0.3229888862839259
CTGCCT,-0.641566240549816
CTGCCC,0.17532713174440506
CTGCCG,-0.11475276112151366
CTGCGA,-0.48252310013874067
CTGCGT,-0.20243101967110622
CTGCGC,0.25481220800710397
CTGCGG,0.04421324924791161
CTGGAA,0.49598507958507476
CTGGAT,0.2527575601269276
CTGGAC,0.29046694313070953
CTGGAG,0.13359446619986903
CTGGTA,0.1835757489587943
CTGGTT,-0.2506099548456423
CTGGTC,0.08014066632417999
CTGGTG,0.1456071294233932
CTGGCA,-0.298938511062252
CTGGCT,-0.20227858278243066
CTGGCC,0.27855352526762445
CTGGCG,-0.010173990514726356
CTGGGA,0.1640862788045605
CTGGGT,0.15068022620627256
CTGGGC,0.27704854385637157
CTGGGG,0.06211827407321806
CCAAAA,-0.09312772586079487
CCAAAT,-0.23252350544402517
CCAAAC,-0.12389855693734639
CCAAAG,-0.027159465521888075
CCAATA,0.40247231577775927
CCAATT,0.09264093435184782
CCAATC,-0.42753202362787657
CCAATG,-0.0541345228148716
CCAACA,0.3192747314887293
CCAACT,0.24778085569959496
CCAACC,-0.2995303634359949
CCAACG,0.10179213841422424
CCAAGA,0.23725872157277042
CCAAGT,-0.09640299077874333
CCAAGC,-0.21431032676184264
CCAAGG,0.16142777429272678
CCATAA,-0.16774828809264203
CCATAT,-0.21586128591380585
CCATAC,-0.3124400722981995
CCATAG,-0.3612590156036688
CCATTA,0.1208048380852999
CCATTT,0.023650256623871452
CCATTC,-0.3099326813866008
CCATTG,-0.20635049858566487
CCATCA,0.025793812601002154
CCATCT,-0.01567305292804183
CCATCC,-0.15439166743947066
CCATCG,-0.17284587830707096
CCATGA,-0.08938804394199872
CCATGT,0.008733679968754631
CCATGC,-0.23612157699383632
CCATGG,-0.2228402197198986
CCACAA,-0.09364073033478369
CCACAT,0.11484285486591625
CCACAC,-0.1428847465120794
CCACAG,-0.4629057505294785
CCACTA,0.04899220478028194
CCACTT,-0.038223612049565175
CCACTC,-0.2677699938886685
CCACTG,-0.2147919418247387
CCACCA,0.21406025265793438
CCACCT,0.07448327709338709
CCACCC,0.08691732505118605
CCACCG,0.1184040893974924
CCACGA,-0.09355443445270327
CCACGT,-0.012629740141096552
CCACGC,-0.20843209293906242
CCACGG,-0.22794681198072106
CCAGAA,0.011299555253933466
CCAGAT,0.2934980711653933
CCAGAC,-0.20871902864497963
CCAGAG,-0.38630646816416453
CCAGTA,0.19764865663409487
CCAGTT,0.26431786231897075
CCAGTC,-0.24954224315146528
CCAGTG,-0.1327196597497458
CCAGCA,0.5577170069661951
CCAGCT,0.3016301457591752
CCAGCC,-0.17348197954204958
CCAGCG,0.2028601846252322
CCAGGA,0.44724398078268207
CCAGGT,0.310663270205208
CCAGGC,-0.053157433512089125
CCAGGG,0.13604469968375912
CCTAAA,-0.3106310054373256
CCTAAT,-0.29947664894461784
CCTAAC,-0.3550947487192147
CCTAAG,-0.36685027198038483
CCTATA,0.11255479129185356
CCTATT,0.07764362698602964
CCTATC,-0.2223844556859354
CCTATG,-0.0045205114113180955
CCTACA,0.20456716574127437
CCTACT,0.11840160148709053
CCTACC,-0.11781500956567623
CCTACG,0.13835503779286495
CCTAGA,-0.2804189173793078
CCTAGT,-0.4014165195821642
CCTAGC,-0.34182114312573747
CCTAGG,-0.4565487369115524
CCTTAA,0.2945431628317262
CCTTAT,0.05079216684010513
CCTTAC,-0.010393560527263195
CCTTAG,-0.35326708191186357
CCTTTA,0.27663223626519595
CCTTTT,0.021748742858796608
CCTTTC,-0.4766913392771061
CCTTTG,-0.11385976361268155
CCTTCA,-0.07836733131931012
CCTTCT,0.3245866293872318
CCTTCC,-0.12055258641088817
CCTTCG,-0.15415067982725836
CCTTGA,0.3715487927619389
CCTTGT,0.2055976548667172
CCTTGC,-0.013409262713859357
CCTTGG,0.14230540411841927
CCTCAA,0.29028806771230903
CCTCAT,-0.02655115726577491
CCTCAC,-0.12807576637230075
CCTCAG,-0.5517005970152985
CCTCTA,0.23035338788095963
CCTCTT,0.05983900235252285
CCTCTC,-0.8828441790688262
CCTCTG,-0.7874863293768206
CCTCCA,0.08607013230514438
CCTCCT,0.27260029789445894
CCTCCC,-0.13198474263236093
CCTCCG,-0.2536378117385978
CCTCGA,0.47903323619240773
CCTCGT,0.2579210252909507
CCTCGC,-0.2115778996604183
CCTCGG,0.30570783619165126
CCTGAA,-0.38206117630615866
CCTGAT,0.021538523578332004
CCTGAC,-0.2207414552173714
CCTGAG,-0.40506899005980795
CCTGTA,-0.14854723967535044
CCTGTT,0.202736319458714
CCTGTC,-0.4665520438439793
CCTGTG,-0.6769026687813303
CCTGCA,0.2582971799154011
CCTGCT,0.4722659417332512
CCTGCC,-0.2907322786823102
CCTGCG,-0.12013839402281894
CCTGGA,0.3927094384326281
CCTGGT,0.12413604628902515
CCTGGC,-0.03515597289362825
CCTGGG,0.22417288748332376
CCCAAA,-0.07563741420562008
CCCAAT,-0.07378928090972231
CCCAAC,-0.004578694949876288
CCCAAG,-0.02341394667605735
CCCATA,-0.12653756829063073
CCCATT,-0.12311069876417101
CCCATC,-0.23421461275769337
CCCATG,-0.17254006349463213
CCCACA,0.005795917694645829
CCCACT,-0.042566400497833466
CCCACC,-0.01554789563733305
CCCACG,-0.16770853494830504
CCCAGA,0.09586827542488122
CCCAGT,0.09259043267079557
CCCAGC,0.16720882207566556
CCCAGG,0.28663986287333715
CCCTAA,0.0242036017408864
CCCTAT,-0.10931819096043557
CCCTAC,-0.09813105614596618
CCCTAG,-0.1378930324732816
CCCTTA,0.1802185065971758
CCCTTT,-0.24521398702485714
CCCTTC,-0.19307523805644475
CCCTTG,0.10018184017937477
CCCTCA,-0.10786857859920496
CCCTCT,-0.4939629329135424
CCCTCC,-0.2069974750328596
CCCTCG,0.007638695395800072
CCCTGA,-0.11545227922461683
CCCTGT,-0.34162459766852504
CCCTGC,-0.008733679968754553
CCCTGG,0.19923544712549218
CCCCAA,0.05526914449189223
CCCCAT,-0.1876062195853762
CCCCAC,0.06565825251906086
CCCCAG,0.05342990163291646
CCCCTA,-0.08934001281782102
CCCCTT,-0.06654615080205899
CCCCTC,-0.3519764231571781
CCCCTG,-0.31605430582915583
CCCCCA,-0.039220713153281385
CCCCCT,-0.11316020750355525
CCCCCC,-0.5248341869201828
CCCCCG,-0.0845266531966603
CCCCGA,0.18245018242922106
CCCCGT,-0.20801829755081097
CCCCGC,0.05930914810847054
CCCCGG,0.13310437354826132
CCCGAA,-0.03570586535499145
CCCGAT,-0.0910750786551754
CCCGAC,0.03201076303189923
CCCGAG,0.12594754564929833
CCCGTA,-0.05029093690752813
CCCGTT,-0.0881811508294729
CCCGTC,-0.13735572881125746
CCCGTG,-0.4282173502610415
CCCGCA,0.33149434809502154
CCCGCT,0.04756010803684878
CCCGCC,0.03210338844440908
CCCGCG,-0.06212082814450349
CCCGGA,0.18498893634292604
CCCGGT,0.012565117426692063
CCCGGC,0.033901551675681416
CCCGGG,0.12293044992305328
CCGAAA,0.03663153972126098
CCGAAT,-0.040730198603696574
CCGAAC,-0.10068860229708337
CCGAAG,0.03739563950367946
CCGATA,0.12097804524727185
CCGATT,-0.3573327534568363
CCGATC,-0.255000427468849
CCGATG,0.013881319919624224
CCGACA,0.22369042050181787
CCGACT,-0.09181024623021593
CCGACC,-0.28923617932223095
CCGACG,0.2560288286486623
CCGAGA,0.219508566966015
CCGAGT,0.1440477726487181
CCGAGC,-0.0033791970364788937
CCGAGG,0.3322370728180633
CCGTAA,-0.11854902573596604
CCGTAT,-0.07602689814433149
CCGTAC,-0.2588154647988035
CCGTAG,0.04969966855227254
CCGTTA,0.08969594236029868
CCGTTT,-0.22433489436331608
CCGTTC,-0.27147355538101736
CCGTTG,0.07487749893275049
CCGTCA,-0.008576684190387165
CCGTCT,-0.18868734922738747
CCGTCC,-0.27559098021602635
CCGTCG,0.1582615215501362
CCGTGA,-0.2676173651689805
CCGTGT,-0.321813608631901
CCGTGC,-0.24910400989721793
CCGTGG,-0.25140948079749303
CCGCAA,0.14379426311788301
CCGCAT,0.048618505083953545
CCGCAC,-0.008893253761999037
CCGCAG,0.09906466631947056
CCGCTA,0.06501427679230656
CCGCTT,-0.2311852044480066
CCGCTC,-0.23646366367649266
CCGCTG,0.03283346078642296
CCGCCA,0.07994045111173403
CCGCCT,-0.11706593272138664
CCGCCC,-0.09271014193908558
CCGCCG,0.206526478782701
CCGCGA,0.013515876480177299
CCGCGT,-0.11643715395105848
CCGCGC,-0.026482597678225125
CCGCGG,0.13397667556231052
CCGGAA,0.09587353426743142
CCGGAT,0.1295293862826682
CCGGAC,-0.11070524963987083
CCGGAG,0.18019049578500046
CCGGTA,-0.010682936880375356
CCGGTT,-0.3927772972881446
CCGGTC,-0.29348891786466447
CCGGTG,0.2454585085874743
CCGGCA,0.09039446653761891
CCGGCT,-0.09626791961176065
CCGGCC,-0.23211650700207223
CCGGCG,0.19539369652417674
CCGGGA,0.173162416724126
CCGGGT,0.14391463749057992
CCGGGC,-0.01592867070372957
CCGGGG,0.12281358884509952
CGAAAA,0.18859116980754997
CGAAAT,0.2710064111881979
CGAAAC,-0.07702813496687587
CGAAAG,-0.33681558426407093
CGAATA,0.3894097173548666
CGAATT,0.561701294426444
CGAATC,-0.23945744176879374
CGAATG,-0.2870922759144832
CGAACA,0.27658414546976495
CGAACT,0.44744825395735577
CGAACC,-0.543082478060547
CGAACG,-0.31929112494038736
CGAAGA,0.38021989482679497
CGAAGT,0.3837321853064554
CGAAGC,-0.2802100925292805
CGAAGG,-0.1980188699920499
CGATAA,0.1601330053119446
CGATAT,0.4095718900608178
CGATAC,-0.12818768304200287
CGATAG,-0.47154711426572665
CGATTA,0.034147887432561884
CGATTT,0.110056048863216
CGATTC,-0.2894440048141075
CGATTG,-0.7221379939678034
CGATCA,0.12468010360792879
CGATCT,0.27085649911381493
CGATCC,-0.16539581373363071
CGATCG,-0.4733631213845279
CGATGA,0.3018052409207768
CGATGT,0.42980883006074483
CGATGC,0.022441202769837045
CGATGG,-0.17467001648974087
CGACAA,0.34516733708725267
CGACAT,0.5851209565707769
CGACAC,0.1467800602406782
CGACAG,-0.2881485824274064
CGACTA,0.3843883434282154
CGACTT,0.3522086569252914
CGACTC,-0.09490677506288256
CGACTG,-0.4547145145359547
CGACCA,-0.0005395845330114005
CGACCT,0.19304208212994528
CGACCC,-0.26395429215095206
CGACCG,-0.536137239780646
CGACGA,0.5514197143474434
CGACGT,0.5447271754416722
CGACGC,0.08694254142915202
CGACGG,0.17776840454314338
CGAGAA,0.37161345787714023
CGAGAT,0.4495463374417225
CGAGAC,-0.14381709797271297
CGAGAG,-0.4788198877171211
CGAGTA,0.3727323808345909
CGAGTT,0.6632428617187582
CGAGTC,-0.1337496592438074
CGAGTG,-0.3649070006457804
CGAGCA,0.40951310284114245
CGAGCT,0.2686820936212351
CGAGCC,-0.3593316681299236
CGAGCG,-0.25309186152727364
CGAGGA,0.692521071805275
CGAGGT,0.4101662941881988
CGAGGC,-0.02728737825455444
CGAGGG,-0.018790599651514386
CGTAAA,0.061630875045882307
CGTAAT,0.2863334545804873
CGTAAC,-0.10695588104091416
CGTAAG,-0.2519552485527554
CGTATA,-0.25961323109560114
CGTATT,0.5800700359409745
CGTATC,-0.28891705099662207
CGTATG,-0.3059355127611313
CGTACA,-0.022611446386546916
CGTACT,0.31819761637773136
CGTACC,-0.4724532651372529
CGTACG,-0.5288784693383828
CGTAGA,0.4696906891712054
CGTAGT,0.40255968516058743
CGTAGC,-0.12566152322846327
CGTAGG,0.10433494967532818
CGTTAA,0.32652190576804496
CGTTAT,0.08566254511138896
CGTTAC,0.14483932663161384
CGTTAG,-0.23834654683386647
CGTTTA,0.015552413007484785
CGTTTT,0.07348726107479088
CGTTTC,-0.1442347760655882
CGTTTG,-0.23469336119680523
CGTTCA,-0.13888367481691294
CGTTCT,0.25821327868283406
CGTTCC,-0.11870353278979644
CGTTCG,-0.2344554763504144
CGTTGA,0.3941691483663129
CGTTGT,0.2808826290628572
CGTTGC,0.21007146974685686
CGTTGG,0.07988867685579781
CGTCAA,0.26116650878086356
CGTCAT,0.3701582942760194
CGTCAC,0.1084729473332682
CGTCAG,-0.2597405748065019
CGTCTA,0.39558758130293353
CGTCTT,0.3601451614177395
CGTCTC,-0.18001930285812695
CGTCTG,-0.49025033820273056
CGTCCA,0.15270245365089344
CGTCCT,0.2104012462085177
CGTCCC,-0.2230660289295825
CGTCCG,-0.43447882693288997
CGTCGA,0.6057954037863973
CGTCGT,0.41808914337218483
CGTCGC,0.04976299415012214
CGTCGG,0.2170740270523046
CGTGAA,-0.30155816233784716
CGTGAT,-0.11217449599677386
CGTGAC,-0.27517468785313115
CGTGAG,-0.42191932277036626
CGTGTA,-0.22279767017857732
CGTGTT,0.16602134482653014
CGTGTC,-0.3948406449033006
CGTGTG,-0.6899842891514371
CGTGCA,0.052868691131064204
CGTGCT,0.25268931771951597
CGTGCC,-0.3581600510398622
CGTGCG,-0.34715955097012635
CGTGGA,0.03395663747182271
CGTGGT,0.0381558341140191
CGTGGC,-0.31052994353467395
CGTGGG,-0.2707786474949824
CGCAAA,-0.09139924313452455
CGCAAT,0.03883427097774553
CGCAAC,0.004111494054981497
CGCAAG,-0.17518749863650565
CGCATA,0.16098762582378948
CGCATT,0.1091894928949238
CGCATC,-0.004715802068670686
CGCATG,-0.446673461692318
CGCACA,-0.11323041003789548
CGCACT,0.01876798684185915
CGCACC,0.014839327793951711
CGCACG,-0.3452059165899675
CGCAGA,-0.03037881048757503
CGCAGT,-0.10101542507364608
CGCAGC,0.09224389800064574
CGCAGG,-0.10016682519615375
CGCTAA,0.18632957819149354
CGCTAT,-0.09966967698372707
CGCTAC,-0.011059691753255527
CGCTAG,-0.22026098880931608
CGCTTA,-0.05623971832287608
CGCTTT,-0.13473548668932714
CGCTTC,-0.3030694069806799
CGCTTG,-0.4159245674203744
CGCTCA,-0.025491349867303784
CGCTCT,-0.2989260419308939
CGCTCC,-0.2726028194333427
CGCTCG,-0.2740819440219313
CGCTGA,0.23686282405556805
CGCTGT,0.059596165351888386
CGCTGC,0.17919712859517303
CGCTGG,0.16795408926522437
CGCCAA,0.22779980527244573
CGCCAT,0.04540100025155868
CGCCAC,-0.01793658864823972
CGCCAG,-0.0025350016456100475
CGCCTA,0.19753713036417503
CGCCTT,0.07381864820532501
CGCCTC,-0.018515507508297942
CGCCTG,-0.37471316533537924
CGCCCA,0.1718544403356774
CGCCCT,0.19940557674570852
CGCCCC,-0.21083672710197587
CGCCCG,-0.19493807608859642
CGCCGA,0.43367525928741774
CGCCGT,0.24907802998164827
CGCCGC,0.16499501404928388
CGCCGG,0.18668737564819762
CGCGAA,-0.1926488347776483
CGCGAT,-0.0749482494946689
CGCGAC,-0.13709387476094798
CGCGAG,-0.33389377170326107
CGCGTA,-0.07817862316893251
CGCGTT,0.18386538775758465
CGCGTC,-0.1595211718827179
CGCGTG,-0.6148762690425206
CGCGCA,0.11967394096795914
CGCGCT,0.19209428561824954
CGCGCC,-0.13239143426352515
CGCGCG,-0.3623469013275589
CGCGGA,-0.02731317042127646
CGCGGT,0.12016578001293379
CGCGGC,0.04464178354679802
CGCGGG,0.008731103781228669
CGGAAA,0.17340619313600233
CGGAAT,0.40560098690448737
CGGAAC,-0.36920701003734735
CGGAAG,-0.3336042464647216
CGGATA,0.17585601702931267
CGGATT,0.24395329350990874
CGGATC,-0.10367450733061129
CGGATG,-0.15846670134949473
CGGACA,0.10149295489547634
CGGACT,0.051842835534534185
CGGACC,-0.5125603819388249
CGGACG,-0.4500102542750923
CGGAGA,0.31636026320292676
CGGAGT,0.39324952034004046
CGGAGC,-0.32304371234825063
CGGAGG,-0.24555455413788013
CGGTAA,0.3175998419502528
CGGTAT,0.14868319764512478
CGGTAC,-0.31921631376860665
CGGTAG,-0.11183704261513723
CGGTTA,-0.10363256621359883
CGGTTT,-0.161594172539918
CGGTTC,-0.5089026783207594
CGGTTG,-0.5749056203757682
CGGTCA,0.13788221666052736
CGGTCT,-0.12400369809274028
CGGTCC,-0.43879294819233317
CGGTCG,-0.5135269718376524
CGGTGA,0.5343614982285385
CGGTGT,0.5105436556265222
CGGTGC,0.13127946583034233
CGGTGG,0.10766991073806816
CGGCAA,0.3768509359735142
CGGCAT,0.2760984674063003
CGGCAC,0.05758561633305891
CGGCAG,-0.14719650368488035
CGGCTA,0.22430701857750776
CGGCTT,0.002979641337095158
CGGCTC,-0.19136264809052506
CGGCTG,-0.2516930750507484
CGGCCA,0.20068208180650865
CGGCCT,0.11359995405407569
CGGCCC,-0.1927722655792006
CGGCCG,-0.33735562023398424
CGGCGA,0.3619891750698029
CGGCGT,0.31395251567619853
CGGCGC,0.14428242093952542
CGGCGG,0.2172446185144818
CGGGAA,0.31018949509552624
CGGGAT,0.33844442124878027
CGGGAC,-0.18884657774018404
CGGGAG,-0.032659610250783004
CGGGTA,0.2053962585998648
CGGGTT,0.12169437465307545
CGGGTC,-0.06783969814459007
CGGGTG,0.10910684061744781
CGGGCA,0.19479949918039946
CGGGCT,0.00910309260686776
CGGGCC,-0.15303619291017323
CGGGCG,-0.12361509372650745
CGGGGA,0.28657069661300855
CGGGGT,0.3352883289832638
CGGGGC,-0.07964056923787617
CGGGGG,-0.09987335245262731
GAAAAA,0.16362942378180212
GAAAAT,0.2577061408433543
GAAAAC,0.17851302897814775
GAAAAG,0.2091023209066656
GAAATA,0.5114768774523106
GAAATT,0.24109735493080556
GAAATC,0.34620696571811016
GAAATG,0.05597052051367901
GAAACA,-0.14045921143304266
GAAACT,0.04808301875730249
GAAACC,0.12274023621802216
GAAACG,-0.03420219376354295
GAAAGA,-0.04038946856195494
GAAAGT,0.1229701816792228
GAAAGC,-0.061161455971978945
GAAAGG,-0.4474293072071966
GAATAA,-0.13927330322544096
GAATAT,0.3447363792696168
GAATAC,0.6442615919904218
GAATAG,0.03233538064293645
GAATTA,0.45718294081667415
GAATTT,0.20159320475266648
GAATTC,0.8270403022533426
GAATTG,0.32116573862200787
GAATCA,-0.38964556916327164
GAATCT,0.025383388205318783
GAATCC,0.28323865233458106
GAATCG,-0.23527742937108911
GAATGA,-0.45811432043021016
GAATGT,0.12193964446073743
GAATGC,-0.03551273676474449
GAATGG,-0.24405298558558053
GAACAA,0.21555469116138842
GAACAT,0.2569711083914631
GAACAC,0.31086209190024244
GAACAG,0.31641906124981095
GAACTA,-0.011572985557658521
GAACTT,0.29906739467690624
GAACTC,0.7436414337543631
GAACTG,0.35803533412699473
GAACCA,-0.7359431933806766
GAACCT,-0.39960605291876117
GAACCC,-0.1364538994573619
GAACCG,-0.5018345048530685
GAACGA,-0.4973114037853199
GAACGT,-0.0650266832170725
GAACGC,0.03549996515765236
GAACGG,-0.3019924540644626
GAAGAA,0.7351048935441279
GAAGAT,0.31666960932503324
GAAGAC,0.24958581938028826
GAAGAG,0.15133260916824648
GAAGTA,0.645801059962747
GAAGTT,0.4341233044562757
GAAGTC,0.563126040028467
GAAGTG,0.04692943222198336
GAAGCA,-0.6415207194193546
GAAGCT,-0.12724396271516442
GAAGCC,0.051556340758296744
GAAGCG,-0.33862895924009356
GAAGGA,-0.2567902142536607
GAAGGT,0.02036636004679387
GAAGGC,-0.022908219854332727
GAAGGG,-0.34323144837650055
GATAAA,0.19611487892629037
GATAAT,0.001516300517964008
GATAAC,0.13661305916193076
GATAAG,0.014846508116994638
GATATA,0.023147197190651437
GATATT,0.6176602894222696
GATATC,0.44908727095446765
GATATG,-0.12306009275722725
GATACA,-0.22386014038106158
GATACT,-0.10200707306221589
GATACC,0.08513630319520007
GATACG,-0.31167757800799667
GATAGA,-0.07598590697792199
GATAGT,-0.11046198482492715
GATAGC,-0.19171129714379367
GATAGG,-0.21859267120945744
GATTAA,-0.06549959761712183
GATTAT,-0.059889057237480864
GATTAC,0.34456370798938135
GATTAG,-0.14827263204306723
GATTTA,-0.11933222264321282
GATTTT,-0.005952398527295385
GATTTC,0.4213484900301587
GATTTG,0.06523047186965715
GATTCA,-0.42439589576760295
GATTCT,-0.03278982282299084
GATTCC,0.3138294731208095
GATTCG,-0.27523916620083433
GATTGA,-0.48781614326998407
GATTGT,-0.30166369505147606
GATTGC,-0.2372246801033946
GATTGG,-0.4737577771909429
GATCAA,0.10650664758844902
GATCAT,0.11644877059110316
GATCAC,0.25028255832927265
GATCAG,0.1653578242361997
GATCTA,-0.10137264153688003
GATCTT,0.44305300868426867
GATCTC,0.519669254207166
GATCTG,0.2297405294114347
GATCCA,-0.17365388820279973
GATCCT,0.10347104886990549
GATCCC,0.17182653804286865
GATCCG,-0.13053745437717512
GATCGA,-0.23583415871086388
GATCGT,-0.11836766005187127
GATCGC,-0.040002825930519535
GATCGG,-0.3003380900113495
GATGAA,0.24339805734195277
GATGAT,0.1377240828688845
GATGAC,0.24605707303471097
GATGAG,0.17838739704528203
GATGTA,0.27565900017864375
GATGTT,0.5065574592174653
GATGTC,0.5283187812135078
GATGTG,0.08264846418532422
GATGCA,-0.5260801087994601
GATGCT,0.08877638764229101
GATGCC,0.20915149648434084
GATGCG,-0.037706033841997645
GATGGA,-0.21555538454865814
GATGGT,-0.04282371875707972
GATGGC,-0.07799356575031764
GATGGG,-0.19454286770815737
GACAAA,0.09833444193272092
GACAAT,0.05283202937778717
GACAAC,0.2669627947935054
GACAAG,0.16396430127558287
GACATA,0.2733332958380651
GACATT,0.4667970968379152
GACATC,0.5100972916143479
GACATG,0.12220029183414091
GACACA,-0.5189355067293706
GACACT,-0.16383904541552227
GACACC,0.46551163494001174
GACACG,-0.4092941775555615
GACAGA,-0.7015278063915008
GACAGT,-0.38436042869062786
GACAGC,-0.02652740593273022
GACAGG,-0.4610905688834538
GACTAA,-0.3799162732082114
GACTAT,0.10235040803132218
GACTAC,0.47768089210648096
GACTAG,-0.2756305773649679
GACTTA,-0.23669832767202642
GACTTT,0.330357635621359
GACTTC,0.4461009233372248
GACTTG,0.11503680998835818
GACTCA,-0.37367252030730336
GACTCT,-0.49962802891588415
GACTCC,0.20871328648518112
GACTCG,-0.11297050162006864
GACTGA,-0.7419373447293773
GACTGT,-0.5835761323657754
GACTGC,-0.37259676685650106
GACTGG,-0.2635138550524944
GACCAA,-0.19041148855592635
GACCAT,-0.10351882077845524
GACCAC,0.022389158393704586
GACCAG,0.1389771264568113
GACCTA,-0.06724155755421639
GACCTT,0.047409794361153015
GACCTC,0.21408109821421745
GACCTG,0.17729236394624864
GACCCA,-0.4201349761614774
GACCCT,-0.27813577555259106
GACCCC,-0.02665577506624688
GACCCG,-0.152201724310037
GACCGA,-0.4858891797982722
GACCGT,-0.34769483774139787
GACCGC,-0.13933950632100062
GACCGG,-0.34837430523474033
GACGAA,0.2967104898288652
GACGAT,0.15857678289997698
GACGAC,0.35942323983082836
GACGAG,0.4526697036089166
GACGTA,0.2345073099645248
GACGTT,0.45144277536132804
GACGTC,0.6005633899809493
GACGTG,0.17489366328282588
GACGCA,-0.3841618703922032
GACGCT,0.022565521375916754
GACGCC,0.23579154858383333
GACGCG,-0.13758020266387772
GACGGA,-0.46371004145360595
GACGGT,0.0428416968244853
GACGGC,0.2011550425521196
GACGGG,-0.07735859900023143
GAGAAA,0.2291341554513668
GAGAAT,0.15729488707670844
GAGAAC,0.29466900043846106
GAGAAG,0.4575270420416288
GAGATA,0.2657031657330057
GAGATT,0.09590864944985389
GAGATC,0.491279596863948
GAGATG,0.20868546813897995
GAGACA,-0.4743759754128566
GAGACT,-0.5948674798102233
GAGACC,-0.12751729447476526
GAGACG,-0.1409610175181123
GAGAGA,-0.8680258534468215
GAGAGT,-0.49945689615923095
GAGAGC,-0.18875836062743395
GAGAGG,-0.7629998973277318
GAGTAA,-0.05881302711808407
GAGTAT,0.16953240067763334
GAGTAC,0.5095218426165073
GAGTAG,0.17016977603824288
GAGTTA,0.22781864164320367
GAGTTT,0.3696726898807025
GAGTTC,0.8055347750429497
GAGTTG,0.5042607364807182
GAGTCA,-0.3825296717092813
GAGTCT,-0.3625833806248986
GAGTCC,0.14646334075347228
GAGTCG,-0.12356339857188298
GAGTGA,-0.4088324481227331
GAGTGT,-0.4607194188974855
GAGTGC,-0.18385919977241286
GAGTGG,-0.26503728599049264
GAGCAA,0.03543956985832102
GAGCAT,0.04984716253755081
GAGCAC,0.3536008560583106
GAGCAG,0.49194423098913176
GAGCTA,-0.1390197171499614
GAGCTT,0.0
GAGCTC,0.062266674047398766
GAGCTG,0.37399081283222707
GAGCCA,-0.5271297052196571
GAGCCT,-0.5904173013587877
GAGCCC,-0.1534678528973476
GAGCCG,-0.21083338455435285
GAGCGA,-0.6296734676155238
GAGCGT,-0.1826149409826514
GAGCGC,0.0031044801053002912
GAGCGG,-0.1771198050137102
GAGGAA,0.48065202300277077
GAGGAT,0.27497248484683146
GAGGAC,0.3907189356118057
GAGGAG,0.49791344980791563
GAGGTA,0.26474595306300036
GAGGTT,-0.08519009921652264
GAGGTC,0.22314355131420976
GAGGTG,0.31793303337180534
GAGGCA,-0.5684775055741813
GAGGCT,-0.5942122959833626
GAGGCC,0.006050751530154063
GAGGCG,-0.04588403018570313
GAGGGA,-0.5762493804972545
GAGGGT,-0.18350080221363027
GAGGGC,0.023895573482253782
GAGGGG,-0.3440697900761264
GTAAAA,-0.0931433317192345
GTAAAT,-0.21037950958911208
GTAAAC,0.1948771131643932
GTAAAG,0.21765549363543454
GTAATA,0.659245628884264
GTAATT,0.4102383868608222
GTAATC,0.31940354914150076
GTAATG,0.2165861507680507
GTAACA,-0.6188312865840793
GTAACT,-0.08379633774198578
GTAACC,0.053712438349351896
GTAACG,0.09281329960573771
GTAAGA,-0.2541152488126977
GTAAGT,-0.15617139281593898
GTAAGC,-0.1973594341584951
GTAAGG,-0.06756327867735697
GTATAA,-0.5690945318899665
GTATAT,-0.3036497974802753
GTATAC,-0.023003812004760572
GTATAG,-0.23984540093214124
GTATTA,0.09759348632016666
GTATTT,0.7368358755622765
GTATTC,0.6050494373580947
GTATTG,0.3486991479497029
GTATCA,-0.39170777538186
GTATCT,0.10030508976356353
GTATCC,0.15008095820555795
GTATCG,-0.17171450389823262
GTATGA,-0.45969939979901087
GTATGT,0.0591285931366198
GTATGC,0.03192721737196358
GTATGG,-0.29127560796191104
GTACAA,-0.20570423090199966
GTACAT,0.1610675504331279
GTACAC,0.055219237145626474
GTACAG,-0.04566802135227948
GTACTA,0.0870113769896297
GTACTT,0.52787841214871
GTACTC,0.4829960327125721
GTACTG,0.241371065073475
GTACCA,-0.5199100348421462
GTACCT,-0.2577297501684297
GTACCC,-0.10142315565093303
GTACCG,-0.2701285750951243
GTACGA,-0.6770579889022987
GTACGT,-0.2391277959516226
GTACGC,-0.1670233967945898
GTACGG,-0.20830250802150763
GTAGAA,0.24869662573882734
GTAGAT,0.2219814361340325
GTAGAC,0.28528494785205954
GTAGAG,0.6262584820774206
GTAGTA,0.43334082568664944
GTAGTT,0.45521161177741615
GTAGTC,0.525025290135949
GTAGTG,0.11739849421730525
GTAGCA,-0.5733146322935845
GTAGCT,-0.027398974188114388
GTAGCC,-0.012303283329888306
GTAGCG,0.0200319422897821
GTAGGA,-0.11560857632339097
GTAGGT,0.1189257148437211
GTAGGC,0.135161793688011
GTAGGG,-0.08082732913395428
GTTAAA,0.3007541540191337
GTTAAT,-0.011410066738030899
GTTAAC,0.16135093247964988
GTTAAG,0.029143994669081137
GTTATA,-0.028889009852137156
GTTATT,0.05475051477140831
GTTATC,0.1441503452237986
GTTATG,-0.23511974236092548
GTTACA,-0.5126726564462418
GTTACT,-0.18772697536086264
GTTACC,0.31563814971837095
GTTACG,-0.1326172322171355
GTTAGA,-0.6221361449167566
GTTAGT,-0.5861513415613884
GTTAGC,-0.10525061950957575
GTTAGG,-0.5263015812514382
GTTTAA,-0.014706147389695449
GTTTAT,0.0034542348680876036
GTTTAC,0.0034204773148317573
GTTTAG,-0.2231435513142097
GTTTTA,0.09656096170597736
GTTTTT,0.15287973413960582
GTTTTC,0.12070396408404716
GTTTTG,-0.17236935747865226
GTTTCA,-0.31699281047885974
GTTTCT,0.08753370659147668
GTTTCC,0.21610450159199257
GTTTCG,-0.30990080039588397
GTTTGA,-0.17330365604195358
GTTTGT,-0.017716527544774166
GTTTGC,-0.012509662171066699
GTTTGG,-0.03741546807582371
GTTCAA,-0.10275844900628538
GTTCAT,0.13943696060930705
GTTCAC,0.0047000230398239464
GTTCAG,-0.2834724045481134
GTTCTA,0.2052438741641162
GTTCTT,0.6703427047413258
GTTCTC,0.28362412322264285
GTTCTG,-0.13275806736982232
GTTCCA,-0.0026663450531925364
GTTCCT,0.2988553730499061
GTTCCC,0.12257349714145277
GTTCCG,-0.3616751232811197
GTTCGA,-0.12276156045077667
GTTCGT,0.017442068993941986
GTTCGC,-0.18527404880255482
GTTCGG,-0.05444217760077847
GTTGAA,0.2125995420944399
GTTGAT,0.1785106457304722
GTTGAC,0.24390554276263876
GTTGAG,0.17201543970177502
GTTGTA,0.4641103757062768
GTTGTT,0.24076843350930616
GTTGTC,0.20008074980431784
GTTGTG,-0.30705700362882665
GTTGCA,-0.4549806327228557
GTTGCT,0.09756357590186737
GTTGCC,0.2125025407004739
GTTGCG,-0.10823296054242382
GTTGGA,-0.146711693444186
GTTGGT,-0.0977592106004128
GTTGGC,0.09104027252928644
GTTGGG,-0.0048159707805847
GTCAAA,-0.042751166952663885
GTCAAT,-0.044997365930735805
GTCAAC,0.26055289272632026
GTCAAG,0.07760598591041049
GTCATA,0.17332559719779747
GTCATT,-0.06826533416857446
GTCATC,0.2916341873250138
GTCATG,-0.16582096531201865
GTCACA,-0.6378159485965524
GTCACT,-0.3728855501913149
GTCACC,0.3738232896500393
GTCACG,-0.26095577040445234
GTCAGA,-0.6062267085292437
GTCAGT,-0.4903561074821072
GTCAGC,0.12242078515474009
GTCAGG,-0.22027943350080403
GTCTAA,-0.19367241646264405
GTCTAT,0.04953206610488453
GTCTAC,0.31807644380977695
GTCTAG,-0.15467002546344458
GTCTTA,-0.033129323759879446
GTCTTT,0.26321161790555503
GTCTTC,0.2708749541353997
GTCTTG,0.14776969758292008
GTCTCA,-0.7114006208692957
GTCTCT,-0.8192689431751554
GTCTCC,0.08460663268223002
GTCTCG,-0.17864407524249099
GTCTGA,-0.7245315217742013
GTCTGT,-0.690468009499897
GTCTGC,-0.16012697678856097
GTCTGG,-0.195554264060529
GTCCAA,-0.04095531896548963
GTCCAT,-0.08097065895640314
GTCCAC,0.012701685175121645
GTCCAG,0.37243534972385867
GTCCTA,-0.051472765461141136
GTCCTT,0.24784156115576134
GTCCTC,0.2718338802117573
GTCCTG,-0.009040431499699216
GTCCCA,-0.265915089325711
GTCCCT,-0.32955817358581907
GTCCCC,-0.06096817729175293
GTCCCG,-0.1569385927757488
GTCCGA,-0.5054963800457842
GTCCGT,-0.6569658688999743
GTCCGC,-0.216848475190294
GTCCGG,-0.07797872345268496
GTCGAA,0.17638706756593997
GTCGAT,0.17618656822643886
GTCGAC,0.3440970334502341
GTCGAG,0.4403959704226764
GTCGTA,0.2529609063666058
GTCGTT,0.05317171024042098
GTCGTC,0.3562626766921061
GTCGTG,-0.19884101869517765
GTCGCA,-0.5090899205733854
GTCGCT,-0.2549539978987555
GTCGCC,0.12148145517132153
GTCGCG,-0.1061318317470405
GTCGGA,-0.26637757108114296
GTCGGT,-0.13267224503695166
GTCGGC,0.1432892334466507
GTCGGG,-0.002521473245150446
GTGAAA,0.05995135713066503
GTGAAT,-0.11558970875485386
GTGAAC,-0.053315058767721656
GTGAAG,0.005434092813135792
GTGATA,-0.08858339539157403
GTGATT,-0.2071324795768873
GTGATC,0.25871978071080026
GTGATG,0.16244322640526737
GTGACA,-0.2345680577700291
GTGACT,-0.2667253703765035
GTGACC,0.08855776905036793
GTGACG,0.12446443376415567
GTGAGA,-0.38161805937804183
GTGAGT,-0.07316597016757667
GTGAGC,0.0038718392172417695
GTGAGG,-0.21003612528821136
GTGTAA,-0.564572427575351
GTGTAT,-0.10329956983780357
GTGTAC,0.023678127354577187
GTGTAG,0.16251892949777494
GTGTTA,-0.022187914975362218
GTGTTT,0.04135882867579923
GTGTTC,0.3633972938770856
GTGTTG,0.5274858479743978
GTGTCA,-0.24711206230982774
GTGTCT,-0.20299412759867436
GTGTCC,0.21406240782562844
GTGTCG,0.11774442210357325
GTGTGA,-0.5792521248498387
GTGTGT,-0.3525411415604132
GTGTGC,-0.055909489019206296
GTGTGG,-0.1433100152667545
GTGCAA,-0.33095352361860664
GTGCAT,-0.2323788085375774
GTGCAC,0.08156343943303349
GTGCAG,0.16470807222842757
GTGCTA,-0.38549694987111494
GTGCTT,-0.3145524455326276
GTGCTC,0.39635100110548127
GTGCTG,0.5047562871344711
GTGCCA,-0.49045963781311797
GTGCCT,-0.48402096930044197
GTGCCC,0.11601240435141323
GTGCCG,0.017262938801131705
GTGCGA,-0.6035642543709545
GTGCGT,-0.3240564226087544
GTGCGC,0.08760053898779309
GTGCGG,-0.019393164463329848
GTGGAA,0.16148487962352515
GTGGAT,-0.02794269670329899
GTGGAC,0.07283797372505693
GTGGAG,0.14650028034213733
GTGGTA,-0.014163032753963705
GTGGTT,-0.3524437829664643
GTGGTC,0.06355489146506485
GTGGTG,0.3472162602509621
GTGGCA,-0.3154967606346581
GTGGCT,-0.37336457362228476
GTGGCC,-0.012968243001616113
GTGGCG,-0.014044061169382076
GTGGGA,-0.1202015645947652
GTGGGT,-0.11373444713038315
GTGGGC,-0.044735593793338864
GTGGGG,-0.030647040310308446
GCAAAA,-0.13733713892392324
GCAAAT,-0.27919342353722615
GCAAAC,-0.06636078975821477
GCAAAG,0.095697074122521
GCAATA,0.41338370152147436
GCAATT,0.08462758563435353
GCAATC,-0.17328615118435498
GCAATG,0.1584204338965685
GCAACA,0.23607640559278908
GCAACT,0.11428345567601941
GCAACC,-0.3110865548451276
GCAACG,0.18001621772295917
GCAAGA,0.1370060437302013
GCAAGT,-0.003464024877817874
GCAAGC,-0.2064409597530398
GCAAGG,-0.019189161707695496
GCATAA,-0.13850090816013058
GCATAT,-0.04005979936140478
GCATAC,0.03628015893395275
GCATAG,0.028273183990162716
GCATTA,0.17903582149868721
GCATTT,0.13986721107360847
GCATTC,0.012834536683957589
GCATTG,0.12397387129480021
GCATCA,-0.03635884751008718
GCATCT,0.022264370497399506
GCATCC,0.05052980311325987
GCATCG,0.0160661762982408
GCATGA,-0.18726551627500462
GCATGT,-0.14552810891215398
GCATGC,-0.1866016000137319
GCATGG,-0.21674231804428276
GCACAA,-0.07947739877999159
GCACAT,0.08531236331555277
GCACAC,-0.0037271753919223887
GCACAG,-0.37945937321354495
GCACTA,0.21787576037935097
GCACTT,0.0261329016453165
GCACTC,-0.1906083993883424
GCACTG,0.011862535309819948
GCACCA,0.109513436316904
GCACCT,0.14943544587691215
GCACCC,0.1271738848638082
GCACCG,0.1282074624183372
GCACGA,-0.22295498134745895
GCACGT,0.06861784804359122
GCACGC,-0.15433854381428475
GCACGG,-0.2631721079366812
GCAGAA,0.019821319059654847
GCAGAT,0.23904119543646649
GCAGAC,-0.13161451480484526
GCAGAG,-0.41164128241306536
GCAGTA,0.07245507921542231
GCAGTT,0.2293056605650699
GCAGTC,-0.42936533845562014
GCAGTG,-0.06995389232706856
GCAGCA,0.33644235286900676
GCAGCT,0.17202771746680218
GCAGCC,-0.1485181595267841
GCAGCG,0.16703279968929263
GCAGGA,0.2795397284972281
GCAGGT,0.19406806111479918
GCAGGC,-0.16246274814435127
GCAGGG,-0.0026180041133065115
GCTAAA,0.23545681154756667
GCTAAT,0.013323661198470664
GCTAAC,-0.12208042086892965
GCTAAG,-0.13306832246111933
GCTATA,-0.0778424867639339
GCTATT,0.0074218400411392655
GCTATC,-0.12435409864663836
GCTATG,-0.26477100449805596
GCTACA,-0.18708846447636812
GCTACT,0.006042314455962662
GCTACC,0.010763694903236708
GCTACG,-0.15582636001217906
GCTAGA,-0.2610669669882498
GCTAGT,-0.30731565232975727
GCTAGC,-0.1433193989906855
GCTAGG,-0.3236350898605322
GCTTAA,0.19537941371141135
GCTTAT,-0.20849127452733937
GCTTAC,-0.05743990574891505
GCTTAG,-0.31424909983650273
GCTTTA,0.18686014249696262
GCTTTT,0.02812516372584812
GCTTTC,-0.1284303763656086
GCTTTG,-0.09970156877437773
GCTTCA,-0.45933369992103856
GCTTCT,-0.09376232499361181
GCTTCC,-0.09474419544811606
GCTTCG,-0.3307151177292855
GCTTGA,-0.2345488511422232
GCTTGT,-0.3805398418364715
GCTTGC,-0.19030909709078972
GCTTGG,-0.2541966054256072
GCTCAA,0.34848467358439383
GCTCAT,0.18044977337427384
GCTCAC,0.09583586539804358
GCTCAG,-0.2052855604837084
GCTCTA,0.48709408765516976
GCTCTT,-0.007150301482524176
GCTCTC,-0.2793968565013057
GCTCTG,-0.4270977904008104
GCTCCA,-0.0917924900327384
GCTCCT,0.029280234080083605
GCTCCC,-0.0873318384568811
GCTCCG,-0.33320187572802035
GCTCGA,0.13721429462190182
GCTCGT,-0.018636446405997337
GCTCGC,-0.20841044484166066
GCTCGG,0.04341164129019051
GCTGAA,0.023848434958415786
GCTGAT,0.23064072079027362
GCTGAC,0.11837715282394999
GCTGAG,-0.229133804322778
GCTGTA,0.23380013150273854
GCTGTT,0.30096987019768007
GCTGTC,-0.07450420099271109
GCTGTG,-0.3291986309014603
GCTGCA,0.08815863598623469
GCTGCT,0.36851392124739346
GCTGCC,0.02544552462381298
GCTGCG,0.07352964874967946
GCTGGA,0.3180484078676974
GCTGGT,0.1311033218392748
GCTGGC,0.16742350373845258
GCTGGG,0.1815826993815475
GCCAAA,-0.0011487652038733708
GCCAAT,-0.04663224278275762
GCCAAC,0.1162327570004629
GCCAAG,0.1069098872805661
GCCATA,-0.18515201438700335
GCCATT,-0.1487274173013106
GCCATC,-0.06816090191531986
GCCATG,-0.2088198370192437
GCCACA,-0.40793971587976374
GCCACT,-0.25765426884357234
GCCACC,0.14335315747454425
GCCACG,-0.3701644295538267
GCCAGA,-0.20914121263044158
GCCAGT,-0.09352605801082348
GCCAGC,0.1620671363672629
GCCAGG,-0.014990840109304909
GCCTAA,-0.17661170479004795
GCCTAT,-0.05293297501726316
GCCTAC,0.15628327801366798
GCCTAG,-0.2994636078761195
GCCTTA,-0.07675863247234645
GCCTTT,-0.2196987106308088
GCCTTC,-0.0364609550531122
GCCTTG,0.03174008471629253
GCCTCA,-0.43425675609237463
GCCTCT,-0.7506623980218609
GCCTCC,-0.08850522807463229
GCCTCG,-0.03919696140653705
GCCTGA,-0.3618961888144943
GCCTGT,-0.5001566674164231
GCCTGC,-0.13432421168067446
GCCTGG,-0.1390580431148272
GCCCAA,0.01429429239544095
GCCCAT,-0.11868353098963369
GCCCAC,-0.05910731925705188
GCCCAG,0.27418682522464316
GCCCTA,0.0062139569679430726
GCCCTT,0.12085281109249715
GCCCTC,0.06714056776455678
GCCCTG,0.10094148065276415
GCCCCA,-0.08020786628516396
GCCCCT,-0.4010287225298685
GCCCCC,-0.1663703881173535
GCCCCG,-0.11643245715410748
GCCCGA,-0.13885312205531483
GCCCGT,-0.27612016332983624
GCCCGC,0.03334979833321306
GCCCGG,-0.034242754312592834
GCCGAA,0.14924259992540992
GCCGAT,0.013480411369364325
GCCGAC,0.16548796674242772
GCCGAG,0.30033546389281185
GCCGTA,0.08194333760503268
GCCGTT,0.08891824610791745
GCCGTC,0.14589820580803298
GCCGTG,-0.2299968903230285
GCCGCA,0.0039409756001205325
GCCGCT,-0.06983109450334
GCCGCC,0.20910541063629057
GCCGCG,0.04236531704605655
GCCGGA,0.023975330035694697
GCCGGT,-0.014149982879173673
GCCGGC,0.01772283476684518
GCCGGG,0.03928063363026618
GCGAAA,-0.05481397124557636
GCGAAT,-0.04359871837618213
GCGAAC,-0.23360854121712502
GCGAAG,-0.11847905099681835
GCGATA,-0.10005154179589273
GCGATT,-0.27459993128127935
GCGATC,-0.07944280927098624
GCGATG,0.07495720789264189
GCGACA,-0.07376640625596143
GCGACT,-0.23699529817380166
GCGACC,-0.2630087877093074
GCGACG,0.0481406365472728
GCGAGA,-0.1665731998258155
GCGAGT,-0.06999467745766483
GCGAGC,-0.237974459355191
GCGAGG,-0.15121460404928916
GCGTAA,0.08706533042782567
GCGTAT,-0.09362525943940538
GCGTAC,-0.16935810452055317
GCGTAG,0.049160161010776915
GCGTTA,0.21531499315914715
GCGTTT,0.024575378083294533
GCGTTC,0.10782334915979092
GCGTTG,0.3571434377397587
GCGTCA,-0.09942528168309735
GCGTCT,-0.18332239090585373
GCGTCC,-0.0732920335477864
GCGTCG,0.049754353154989106
GCGTGA,-0.19054590221685772
GCGTGT,-0.4185750260155458
GCGTGC,-0.10050876492680196
GCGTGG,-0.2123334898191793
GCGCAA,0.09282503504206133
GCGCAT,0.06953620211699792
GCGCAC,0.08697365608658686
GCGCAG,0.22880702914110493
GCGCTA,0.06854486287769287
GCGCTT,-0.2215729405601905
GCGCTC,0.030806771642757677
GCGCTG,0.39096029139958155
GCGCCA,-0.012242712392210914
GCGCCT,-0.1189052677107952
GCGCCC,-0.03688870609985719
GCGCCG,0.16676123441470314
GCGCGA,-0.2033364121996036
GCGCGT,-0.2386487298721688
GCGCGC,-0.049551028673246574
GCGCGG,-0.009607120358028865
GCGGAA,-0.04863629434300138
GCGGAT,0.08272048009081952
GCGGAC,-0.22593036222138901
GCGGAG,-0.11390095535032728
GCGGTA,0.11900514331180843
GCGGTT,-0.34697552388985675
GCGGTC,-0.14846209059388052
GCGGTG,0.28568453932767596
GCGGCA,0.1503368045945753
GCGGCT,-0.09796299099756788
GCGGCC,0.043101167584368286
GCGGCG,0.15083637145673914
GCGGGA,0.10295924247881172
GCGGGT,0.14775310889893117
GCGGGC,0.08554000300532998
GCGGGG,0.0714382553156471
GGAAAA,0.41258498900735313
GGAAAT,0.32490627139091227
GGAAAC,0.25238540090870704
GGAAAG,0.17179860536806196
GGAATA,0.6002970265964828
GGAATT,0.7699093072002344
GGAATC,0.3125288964071794
GGAATG,0.2700172362719755
GGAACA,0.0678099567503059
GGAACT,0.4085400062041075
GGAACC,-0.3703669069079546
GGAACG,-0.1857779624345442
GGAAGA,0.15939375857231153
GGAAGT,0.36662967717887457
GGAAGC,-0.09125557227633532
GGAAGG,-0.08066862981137674
GGATAA,0.20949368062380683
GGATAT,0.34439543430867076
GGATAC,0.04765219803717962
GGATAG,0.09827666076942135
GGATTA,0.388294927215357
GGATTT,0.5570212010818725
GGATTC,0.32850406697203605
GGATTG,0.011609993045148245
GGATCA,-0.029639705117685676
GGATCT,0.31487287194770774
GGATCC,-0.054969959117384073
GGATCG,-0.16721598271967403
GGATGA,0.011927676011088156
GGATGT,0.3477501689951941
GGATGC,0.03571325023682968
GGATGG,-0.13172054350016518
GGACAA,0.3201814867007465
GGACAT,0.31559086056885743
GGACAC,0.20079807962847143
GGACAG,0.09718559897423733
GGACTA,0.1640978178375031
GGACTT,0.44920448965981685
GGACTC,0.12439576069942158
GGACTG,-0.05781957088882625
GGACCA,-0.3897579789028065
GGACCT,-0.13380034379568598
GGACCC,-0.3057233546629981
GGACCG,-0.47199147471807484
GGACGA,-0.16267806802820114
GGACGT,0.055924762706011606
GGACGC,-0.07738795467015369
GGACGG,-0.196097604338073
GGAGAA,0.7678707267558816
GGAGAT,0.5521529521385217
GGAGAC,0.08775964306189843
GGAGAG,-0.10844181698174614
GGAGTA,0.5299955398737108
GGAGTT,0.8356987245438517
GGAGTC,0.23125753627067575
GGAGTG,0.007060039410725104
GGAGCA,-0.25274940610561897
GGAGCT,0.08073739335621484
GGAGCC,-0.2190773243929503
GGAGCG,-0.20292423835575366
GGAGGA,-0.017800711752498023
GGAGGT,-0.015857213747943005
GGAGGC,-0.09691565566567305
GGAGGG,-0.31248118698591365
GGTAAA,0.3863067415451035
GGTAAT,0.584585273090596
GGTAAC,0.1957674816485942
GGTAAG,0.14145853747420256
GGTATA,0.079519284473939
GGTATT,0.5898823171921748
GGTATC,0.07884133272268352
GGTATG,-0.03806687992383465
GGTACA,-0.32449604557449724
GGTACT,0.1687612205407752
GGTACC,-0.27384743690703983
GGTACG,-0.5227196737806673
GGTAGA,0.14706473343777246
GGTAGT,0.34461658577151727
GGTAGC,-0.004461889085634515
GGTAGG,-0.05782881854570115
GGTTAA,0.10216817455885309
GGTTAT,0.036043284777826715
GGTTAC,0.039105255901200627
GGTTAG,-0.24379017922315757
GGTTTA,0.03991660740544242
GGTTTT,0.02890086548775598
GGTTTC,-0.10807325077297518
GGTTTG,-0.047618517872541274
GGTTCA,-0.5413378581085461
GGTTCT,-0.20290839805972988
GGTTCC,-0.29325041437740995
GGTTCG,-0.5213826054463657
GGTTGA,-0.21584424883259817
GGTTGT,-0.2979563639120485
GGTTGC,-0.40274031078197925
GGTTGG,-0.3478183297110996
GGTCAA,0.26414849276483227
GGTCAT,0.15267286287182472
GGTCAC,0.10443287180651806
GGTCAG,0.15425997541729006
GGTCTA,0.08326505203000831
GGTCTT,0.19664697839490977
GGTCTC,-0.13927220241728266
GGTCTG,-0.13414348860144581
GGTCCA,-0.14995139898570148
GGTCCT,-0.22353839577882564
GGTCCC,-0.35870475498768917
GGTCCG,-0.5020567051079707
GGTCGA,-0.02359724469435002
GGTCGT,-0.2724963277504459
GGTCGC,-0.23969725076449017
GGTCGG,-0.27121755808973325
GGTGAA,0.38645720976808445
GGTGAT,0.5298221244566457
GGTGAC,0.386188551681815
GGTGAG,0.23329676082733336
GGTGTA,0.412053735615085
GGTGTT,0.7618735630379914
GGTGTC,0.4713860117713843
GGTGTG,0.13506770890065617
GGTGCA,-0.09134977858822796
GGTGCT,0.4403695683023682
GGTGCC,0.1529154193161527
GGTGCG,0.01590311596793553
GGTGGA,0.1414064449161334
GGTGGT,0.26631357319892945
GGTGGC,0.12962685439923374
GGTGGG,0.010541414599661214
GGCAAA,0.10111140556003277
GGCAAT,0.2045491041693752
GGCAAC,0.1497005026738576
GGCAAG,0.18993166781009319
GGCATA,0.26175106961026273
GGCATT,0.26545389484904675
GGCATC,0.18569365116300754
GGCATG,-0.007993092078118064
GGCACA,-0.3257674064756558
GGCACT,-0.08688481134813816
GGCACC,0.17657979669606644
GGCACG,-0.35332719947810054
GGCAGA,-0.34275996232450595
GGCAGT,-0.28903924420381044
GGCAGC,-0.02153314537725659
GGCAGG,-0.24326992544319623
GGCTAA,0.048921751774069384
GGCTAT,0.04650392824820796
GGCTAC,0.082353935061628
GGCTAG,-0.01148837700676028
GGCTTA,-0.11291331666136344
GGCTTT,0.1339165264632905
GGCTTC,-0.07009426836965126
GGCTTG,-0.3052966191527631
GGCTCA,-0.2533588164563533
GGCTCT,-0.3478305523689369
GGCTCC,-0.18451959362743764
GGCTCG,-0.34120980123018474
GGCTGA,-0.24466199397941663
GGCTGT,-0.40689576801069355
GGCTGC,-0.19573989875257858
GGCTGG,-0.1459383784615164
GGCCAA,0.2236462912574314
GGCCAT,-0.02337407893146808
GGCCAC,0.001749677942253285
GGCCAG,0.3050078241233013
GGCCTA,0.07783345949707438
GGCCTT,0.06339502338204732
GGCCTC,0.006430890330290331
GGCCTG,0.050600000056349015
GGCCCA,-0.2086129598296714
GGCCCT,-0.16654060583288555
GGCCCC,-0.1246849225842481
GGCCCG,-0.19985592382838266
GGCCGA,-0.12310155222254432
GGCCGT,-0.2769874489985447
GGCCGC,0.04860694590858729
GGCCGG,-0.20416803090114088
GGCGAA,0.1600563073209485
GGCGAT,0.26989781713874506
GGCGAC,0.09796234232885874
GGCGAG,0.08468840937571472
GGCGTA,0.19885710226101375
GGCGTT,0.46587892806289183
GGCGTC,0.2457627344160044
GGCGTG,-0.02354393998686734
GGCGCA,-0.022516105641222597
GGCGCT,0.20288479937156736
GGCGCC,0.18956665402269002
GGCGCG,-0.1468759609606686
GGCGGA,-0.15747555820742373
GGCGGT,0.06076109401043715
GGCGGC,0.20797107816425434
GGCGGG,0.10524865570636872
GGGAAA,0.42378668983683293
GGGAAT,0.4437522470252315
GGGAAC,-0.006260555001557346
GGGAAG,0.12276115940355051
GGGATA,0.3163559330363884
GGGATT,0.37086873061528525
GGGATC,0.096273606713988
GGGATG,0.18197767783595795
GGGACA,0.020889756468557764
GGGACT,0.04185077818624018
GGGACC,-0.424566966911608
GGGACG,-0.17016140695348989
GGGAGA,0.2715959347001565
GGGAGT,0.28168913705416965
GGGAGC,-0.09195693344734168
GGGAGG,-0.18075095807310493
GGGTAA,0.4099845894152
GGGTAT,0.2511746561093178
GGGTAC,-0.09349593047548628
GGGTAG,0.11420514998161799
GGGTTA,0.26364887300762463
GGGTTT,0.29302616506875967
GGGTTC,-0.17263661183789916
GGGTTG,-0.04517902273691187
GGGTCA,0.014831896483469498
GGGTCT,-0.007845375067612575
GGGTCC,-0.25732718524940074
GGGTCG,-0.2260188870393032
GGGTGA,0.2702378193034505
GGGTGT,0.3681734171028898
GGGTGC,0.1461707350130817
GGGTGG,0.08983815189755898
GGGCAA,0.22160508947230398
GGGCAT,0.3467671609558163
GGGCAC,0.10285738543970782
GGGCAG,0.11843179876110446
GGGCTA,0.08673800355982436
GGGCTT,-0.026224869788928958
GGGCTC,-0.22895041359703833
GGGCTG,-0.03997544692348559
GGGCCA,-0.0923486299922554
GGGCCT,-0.08723976234301734
GGGCCC,-0.2787942868518728
GGGCCG,-0.1261362689148167
GGGCGA,-0.061276754199927924
GGGCGT,0.13059038507958956
GGGCGC,0.015534167797678858
GGGCGG,-0.0617762452349376
GGGGAA,0.27304491865260827
GGGGAT,0.2796260611067974
GGGGAC,-0.048790164169431945
GGGGAG,0.2543994634606334
GGGGTA,0.21858080575579172
GGGGTT,0.10416933028767317
GGGGTC,-0.005689016607882045
GGGGTG,0.28873131184954665
GGGGCA,-0.09595865821882349
GGGGCT,-0.1640704830096345
GGGGCC,-0.08977629543144579
GGGGCG,-0.18976504950661433
GGGGGA,0.08025640571901256
GGGGGT,-0.027988351914626324
GGGGGC,-0.2088885841786763
GGGGGG,-0.6012945581756597
