Item,Count obs
AAAAAA,-0.7293268371374476
AAAAAT,-0.10785739585641357
AAAAAC,-0.18413151203919406
AAAAAG,-0.5031035776720805
AAAATA,0.0767871432137703
AAAATT,0.18721154208814636
AAAATC,0.38646860741750927
AAAATG,-0.21473621547823643
AAAACA,-0.09901388774180919
AAAACT,0.14397535178560578
AAAACC,0.2637938572770853
AAAACG,-0.20895891632225339
AAAAGA,-0.50626980723013
AAAAGT,-0.0193242728264027
AAAAGC,0.03647820860240988
AAAAGG,0.06336961393258919
AAATAA,-0.28141245943818544
AAATAT,0.68267588069265
AAATAC,0.23889190828234888
AAATAG,0.1932905881645287
AAATTA,-0.23199316659119223
AAATTT,0.3723247156058601
AAATTC,0.38436574408391827
AAATTG,-0.045746021788203924
AAATCA,0.01980262729617973
AAATCT,-0.23309388216737778
AAATCC,0.299604717408687
AAATCG,0.2515814866347433
AAATGA,0.1424017873381753
AAATGT,0.0408219945202552
AAATGC,-0.10265415406008334
AAATGG,-0.10178269430994236
AAACAA,-0.27607652633147306
AAACAT,-0.038042625445850436
AAACAC,-0.016321768485694447
AAACAG,0.03333642026759171
AAACTA,0.09798040836020382
AAACTT,-0.3184537311185346
AAACTC,0.09982033528221099
AAACTG,0.01680711831638119
AAACCA,0.05414229916362546
AAACCT,0.23511974236092542
AAACCC,0.33727901359115303
AAACCG,0.27833621003354325
AAACGA,-0.008075414005545307
AAACGT,-0.07864312731911323
AAACGC,-0.6118479760622362
AAACGG,0.01077209698191104
AAAGAA,-0.3625833806248986
AAAGAT,0.03103210924772846
AAAGAC,0.1442496088445467
AAAGAG,-0.11778303565638351
AAAGTA,0.08096906253366729
AAAGTT,0.002861232281032195
AAAGTC,-0.22580666873369348
AAAGTG,0.22503928647910879
AAAGCA,-0.46128517820585463
AAAGCT,0.04614660263578154
AAAGCC,0.32782124004212515
AAAGCG,-0.2671604367309841
AAAGGA,0.1481577444296471
AAAGGT,0.24116205681688804
AAAGGC,-0.012422519998557096
AAAGGG,-0.133107574012542
AATAAA,-0.48130318449966897
AATAAT,-0.1770996128128031
AATAAC,-0.35188086197405805
AATAAG,-0.4987530425317213
AATATA,0.47523467866328806
AATATT,0.37790716404450647
AATATC,0.5736562025584058
AATATG,-0.27120084626798907
AATACA,-0.17265964588221774
AATACT,0.0454623740767572
AATACC,0.4114149769143994
AATACG,0.013820555618632316
AATAGA,0.1376213778760479
AATAGT,0.12195840706686424
AATAGC,0.22564668153232842
AATAGG,0.1713816167556202
AATTAA,-0.4428526401797848
AATTAT,0.19845093872383823
AATTAC,0.342490308946776
AATTAG,-0.09193749532568561
AATTTA,0.07924937165414069
AATTTT,0.07726878079081109
AATTTC,0.2170148293728363
AATTTG,0.250600397547249
AATTCA,0.07643287875164698
AATTCT,0.07796154146971192
AATTCC,-0.002894358026364526
AATTCG,0.33943313750422627
AATTGA,-0.050952327173927184
AATTGT,0.039050514871873034
AATTGC,-0.20038656419159356
AATTGG,-0.09855167372849585
AATCAA,-0.11488027599842202
AATCAT,-0.1555434377125617
AATCAC,0.017723708664695994
AATCAG,0.19611487892629037
AATCTA,-0.4325460667108351
AATCTT,-0.3415613061286842
AATCTC,0.009884759232541925
AATCTG,0.13353139262452257
AATCCA,0.12724322690733408
AATCCT,0.26236426446749106
AATCCC,0.039726103999618186
AATCCG,0.11583181552512165
AATCGA,0.02985296314968113
AATCGT,0.037041271680349076
AATCGC,0.03340906213112962
AATCGG,0.22596708260181642
AATGAA,-0.16507975035944858
AATGAT,-0.24512245803298496
AATGAC,-0.09531017980432477
AATGAG,-0.42577037426891007
AATGTA,-0.11531084651099437
AATGTT,-0.22943947977102444
AATGTC,-0.06940945137216761
AATGTG,-0.18373298963236245
AATGCA,-0.1352090889822445
AATGCT,-0.07151841524698804
AATGCC,-0.20710158579244162
AATGCG,-0.2821378856578835
AATGGA,-0.5290371608299286
AATGGT,-0.30911735317184585
AATGGC,-0.16627590815076557
AATGGG,-0.2715071853001653
AACAAA,0.044617065488806694
AACAAT,0.14819361565196285
AACAAC,0.31857509770646186
AACAAG,0.20639274088939427
AACATA,-0.06021885999305484
AACATT,-0.13540463700620292
AACATC,0.14842000511827322
AACATG,-0.30851615935462284
AACACA,-0.14429416120471547
AACACT,-0.3141153295199364
AACACC,0.37882317716174313
AACACG,-0.34351176510474085
AACAGA,-0.15648032561006722
AACAGT,0.0055710450494554295
AACAGC,0.2179051946526208
AACAGG,-0.21868920096482958
AACTAA,-0.1783454084143153
AACTAT,0.1809431968238333
AACTAC,0.5965574100499953
AACTAG,0.10845170822749914
AACTTA,-0.2546422183735808
AACTTT,-0.07913732055872374
AACTTC,0.12086470219379145
AACTTG,0.03866914115915412
AACTCA,0.15541410387403032
AACTCT,-0.009259325412796712
AACTCC,-0.0013504390978713512
AACTCG,0.2866073813220155
AACTGA,0.09962984094884134
AACTGT,0.06575137756278043
AACTGC,-0.006718950248744869
AACTGG,0.2126722514469144
AACCAA,0.0329700192375699
AACCAT,0.19004360288786487
AACCAC,0.2750396790366044
AACCAG,0.26914156453603844
AACCTA,0.06121073104489637
AACCTT,-0.2516230226360784
AACCTC,0.29240702218043374
AACCTG,0.3971663052934694
AACCCA,0.1823215567939546
AACCCT,0.21990205739003874
AACCCC,-0.009950330853168092
AACCCG,0.1997702001289009
AACCGA,0.34596924558274356
AACCGT,0.3987761199573678
AACCGC,0.1738124079592824
AACCGG,0.534008959221648
AACGAA,-0.13506867194340919
AACGAT,0.04997836980624149
AACGAC,-0.08971240429149538
AACGAG,-0.15449905119465548
AACGTA,-0.1992711151077279
AACGTT,-0.08531723440680636
AACGTC,-0.055820070097690175
AACGTG,0.037041271680349076
AACGCA,-0.3485740382077843
AACGCT,-0.16258065598771762
AACGCC,0.1002714461503549
AACGCG,-0.34726370825397734
AACGGA,-0.12583136883921184
AACGGT,0.08358671610826557
AACGGC,0.3329584173214164
AACGGG,-0.4532415874467503
AAGAAA,0.3591410364339258
AAGAAT,-0.1524685936442735
AAGAAC,0.3084082029688979
AAGAAG,0.3355771149740966
AAGATA,0.049480057263369716
AAGATT,-0.40835946613452895
AAGATC,0.17507514827318746
AAGATG,-0.48307571081308825
AAGACA,-0.12798720583062523
AAGACT,-0.004750602758597865
AAGACC,0.31417368789875727
AAGACG,-0.21217451994363576
AAGAGA,-0.1237273925279017
AAGAGT,-0.4252677354043441
AAGAGC,-0.6132060937390954
AAGAGG,-0.6356426860797542
AAGTAA,-0.2029408439966903
AAGTAT,-0.173953307123438
AAGTAC,-0.22064042109609114
AAGTAG,0.28939293685541034
AAGTTA,-0.36953309888210106
AAGTTT,0.033901551675681416
AAGTTC,-0.008130126083250176
AAGTTG,-0.1303400311335398
AAGTCA,0.05129329438755048
AAGTCT,-0.22564043151279706
AAGTCC,-0.06500483030899588
AAGTCG,-0.13665151996076627
AAGTGA,-0.10270392882926312
AAGTGT,0.21217451994363576
AAGTGC,-0.16985680617396764
AAGTGG,-0.035474388193659764
AAGCAA,-0.3496737484797488
AAGCAT,-0.5831462853456169
AAGCAC,-0.27064588529921313
AAGCAG,-0.19468265361752857
AAGCTA,0.5171347929592554
AAGCTT,-0.3050971140534591
AAGCTC,-0.046280752564006225
AAGCTG,0.16737499176331538
AAGCCA,0.16960278438617996
AAGCCT,0.07910418109127224
AAGCCC,0.15269189036359837
AAGCCG,0.22934405343935718
AAGCGA,-0.11895194286136536
AAGCGT,-0.4403339337589883
AAGCGC,-0.051921839326757396
AAGCGG,0.034142718926337925
AAGGAA,0.18716083343470388
AAGGAT,0.38606001609847634
AAGGAC,-0.35384074270285715
AAGGAG,0.5622892613955849
AAGGTA,-0.034868825650823936
AAGGTT,0.40828598444980574
AAGGTC,0.09716374845364767
AAGGTG,0.02601104891326635
AAGGCA,-0.28141245943818544
AAGGCT,-0.1531111786941534
AAGGCC,0.022195732391784347
AAGGCG,-0.2602641586903745
AAGGGA,0.06689423483003022
AAGGGT,-0.23947997063390317
AAGGGC,-0.13391791585293863
AAGGGG,-0.37939728133824685
ATAAAA,-0.44895022004790314
ATAAAT,-0.10594857800938055
ATAAAC,-0.3867729750960119
ATAAAG,-0.5615187380815089
ATAATA,-0.3980301296206464
ATAATT,-0.04445176257083381
ATAATC,-0.27412910604707746
ATAATG,-0.5207759546191588
ATAACA,-0.3029495445825695
ATAACT,0.16960278438617996
ATAACC,0.14729020879595014
ATAACG,-0.15984870094189602
ATAAGA,-0.4865329311969461
ATAAGT,-0.5348211293222063
ATAAGC,-0.34106994586984246
ATAAGG,0.09639184567506577
ATATAA,-0.2345073099645248
ATATAT,0.6241543090729939
ATATAC,-0.18694050265024909
ATATAG,0.23958227765736953
ATATTA,-0.3123746850421523
ATATTT,0.3693601034660482
ATATTC,0.21040452553677993
ATATTG,-0.065546077897871
ATATCA,0.2750636084925694
ATATCT,0.06899287148695142
ATATCC,0.21843766027679706
ATATCG,0.5311778526148891
ATATGA,-0.14554230529065817
ATATGT,-0.28876843866400176
ATATGC,-0.25293912400790786
ATATGG,-0.4837969513780713
ATACAA,0.06669137449867214
ATACAT,0.026145280104322207
ATACAC,-0.5200684908471682
ATACAG,-0.06453852113757118
ATACTA,-0.1770996128128031
ATACTT,-0.16228080591050847
ATACTC,-0.5596157879354228
ATACTG,0.34796661604694806
ATACCA,0.2611369477534245
ATACCT,0.3017338259074312
ATACCC,0.3511954781741068
ATACCG,0.3166696093250331
ATACGA,-0.2623642644674911
ATACGT,0.0020020026706731903
ATACGC,-0.28691254567275226
ATACGG,0.024966622730460946
ATAGAA,-0.03149866705937105
ATAGAT,0.0422598092898826
ATAGAC,-0.11926342082681762
ATAGAG,-0.723918839226699
ATAGTA,-0.4382549309311553
ATAGTT,-0.29598087526647593
ATAGTC,-0.2821110274023255
ATAGTG,0.14550758367123828
ATAGCA,0.15628060608508312
ATAGCT,0.25832986043925366
ATAGCC,0.4872951263557966
ATAGCG,0.2978344439157989
ATAGGA,0.07257069283483537
ATAGGT,0.5108256237659907
ATAGGC,0.17205189015649855
ATAGGG,0.13185213110480254
ATTAAA,-0.7419373447293773
ATTAAT,-0.22103606897464506
ATTAAC,-0.07563741420561995
ATTAAG,-0.8796267475025638
ATTATA,-1.3987168811184476
ATTATT,-0.01354422510775726
ATTATC,-0.027736754971599636
ATTATG,-0.4294183491306571
ATTACA,-0.2876820724517809
ATTACT,-0.1823215567939546
ATTACC,0.5135174154317022
ATTACG,-0.3364722366212129
ATTAGA,-0.22943947977102444
ATTAGT,-0.18954180476744173
ATTAGC,-0.2174128766052247
ATTAGG,0.09342007528590834
ATTTAA,-0.7884573603642702
ATTTAT,0.1823215567939546
ATTTAC,0.0958817717032825
ATTTAG,-0.01526747213078842
ATTTTA,-0.10956220251152628
ATTTTT,-0.0029368596733097135
ATTTTC,0.26220298715079604
ATTTTG,0.2638932104877662
ATTTCA,0.24207156119972859
ATTTCT,0.0
ATTTCC,0.21252935007243634
ATTTCG,0.3483761411240373
ATTTGA,0.10763066419236536
ATTTGT,0.15127021696190424
ATTTGC,0.023969190112996187
ATTTGG,0.20170827059414476
ATTCAA,-0.3385109733110612
ATTCAT,-0.17620532977651857
ATTCAC,0.08981249926934155
ATTCAG,-0.10893901085993074
ATTCTA,-0.37586463833187367
ATTCTT,0.3513978868378886
ATTCTC,-0.19885085874516517
ATTCTG,0.25799028264437796
ATTCCA,-0.31496603140024937
ATTCCT,0.21711338228761867
ATTCCC,-0.365799851715733
ATTCCG,-0.02715098906595086
ATTCGA,0.2611150450670592
ATTCGT,-0.2801538060309895
ATTCGC,-0.03606067741854453
ATTCGG,0.2468600779315258
ATTGAA,-0.16072244499049274
ATTGAT,-0.07696104113612832
ATTGAC,0.2555788270673637
ATTGAG,-0.19611487892629037
ATTGTA,-0.8472978603872037
ATTGTT,-0.23251130131780987
ATTGTC,0.06948222799292456
ATTGTG,0.06562018700831217
ATTGCA,-0.8341505880231688
ATTGCT,0.21278076427866321
ATTGCC,0.28364980892384234
ATTGCG,-0.18738119895753577
ATTGGA,-0.45107561936021656
ATTGGT,0.24475702773474692
ATTGGC,-0.06804003673167966
ATTGGG,-0.10836803672178152
ATCAAA,0.1364914342529995
ATCAAT,0.20010588324719258
ATCAAC,0.5380752662133661
ATCAAG,0.026145280104322207
ATCATA,-0.9062403960206536
ATCATT,-0.24770431605680635
ATCATC,0.20450120050493004
ATCATG,-0.16728367942941416
ATCACA,0.047353696383470284
ATCACT,0.07753263303508597
ATCACC,0.5000359163446105
ATCACG,-0.1158318155251217
ATCAGA,0.1974351946040027
ATCAGT,0.14197026127038728
ATCAGC,0.6335034317991024
ATCAGG,0.23253329166404882
ATCTAA,-0.38165445941444576
ATCTAT,0.12195840706686424
ATCTAC,-0.40289771260291846
ATCTAG,0.2799600263578706
ATCTTA,-0.7014459833746404
ATCTTT,-0.22957444164450025
ATCTTC,0.050458221270129035
ATCTTG,0.10709813555636712
ATCTCA,0.2355440645126648
ATCTCT,-0.05406722127027582
ATCTCC,-0.09288299414671361
ATCTCG,0.11767710906341322
ATCTGA,0.31070940572309114
ATCTGT,-0.00888894741724604
ATCTGC,0.42400322910707544
ATCTGG,0.2906895935157362
ATCCAA,-0.010878118147183017
ATCCAT,-0.1915382118988787
ATCCAC,0.14243793344072586
ATCCAG,0.17062551703076345
ATCCTA,-0.18519099922190746
ATCCTT,0.47762755435639487
ATCCTC,-0.15329743745467417
ATCCTG,0.34505441291571365
ATCCCA,-0.1351747783682526
ATCCCT,-0.2609118313871761
ATCCCC,-0.21632792477914958
ATCCCG,-0.06163696469773699
ATCCGA,-0.05881302711808407
ATCCGT,-0.08196393785143039
ATCCGC,0.026640384555864177
ATCCGG,0.27755292197024367
ATCGAA,0.24169695920995754
ATCGAT,0.18596454807245566
ATCGAC,0.4988780503448726
ATCGAG,0.4522480855712806
ATCGTA,-0.5200684908471682
ATCGTT,-0.08914873086027636
ATCGTC,0.5108256237659906
ATCGTG,0.1141923675256548
ATCGCA,0.037041271680349076
ATCGCT,0.27716288101099873
ATCGCC,0.4759227520849306
ATCGCG,-0.048585769687371425
ATCGGA,0.026473476667171585
ATCGGT,0.41821730573208965
ATCGGC,0.4292248789037397
ATCGGG,0.22842060841505363
ATGAAA,-0.008298802814695066
ATGAAT,-0.061135999991731374
ATGAAC,-0.21597506183559723
ATGAAG,-0.2975172688853871
ATGATA,-0.7419373447293773
ATGATT,-0.0666196873413958
ATGATC,0.09352605801082355
ATGATG,0.049392755329576474
ATGACA,-0.17034536574723902
ATGACT,-0.2231435513142097
ATGACC,0.41613830290425663
ATGACG,-0.10981486600720657
ATGAGA,-0.47479980150922857
ATGAGT,-0.2882916427236278
ATGAGC,-0.17415824615479358
ATGAGG,0.04629328397084485
ATGTAA,-0.5738004229273791
ATGTAT,-0.5943013459233126
ATGTAC,-0.19574457712609536
ATGTAG,-0.19735943415849522
ATGTTA,-0.2920204740503791
ATGTTT,-0.13870093431806424
ATGTTC,-0.058840500022933465
ATGTTG,0.007926065272420723
ATGTCA,0.12724322690733408
ATGTCT,-0.1317440820504269
ATGTCC,-0.08178943300847812
ATGTCG,0.16290856519333344
ATGTGA,-0.1203298807659867
ATGTGT,0.01526747213078838
ATGTGC,-0.3719789250781227
ATGTGG,-0.07614670884357022
ATGCAA,-0.28006384156689196
ATGCAT,-0.5458569717639952
ATGCAC,-0.21787718305581785
ATGCAG,0.021590632592367452
ATGCTA,-0.173019164131641
ATGCTT,-0.39429180751003917
ATGCTC,-0.2848611961101396
ATGCTG,0.20647649882899802
ATGCCA,-0.2118439960602764
ATGCCT,-0.07464354299576584
ATGCCC,-0.2991030901132484
ATGCCG,0.1823215567939546
ATGCGA,-0.30047122856810227
ATGCGT,-0.5031035776720805
ATGCGC,-0.5011903117823187
ATGCGG,-0.012889544725997069
ATGGAA,-0.43411070618512887
ATGGAT,-0.3737621648666857
ATGGAC,-0.6595903970311026
ATGGAG,-0.4400791941309022
ATGGTA,-0.14518200984449783
ATGGTT,0.039335005398676945
ATGGTC,0.21887915252775228
ATGGTG,0.26072626246325264
ATGGCA,-0.3810965170912067
ATGGCT,0.21703479682588858
ATGGCC,0.041769412876295146
ATGGCG,-0.034050516371323926
ATGGGA,-0.5842342632977512
ATGGGT,-0.2776317365982795
ATGGGC,-0.14522743238771393
ATGGGG,-0.2757985555166186
ACAAAA,0.018018505502678212
ACAAAT,0.2051250458115314
ACAAAC,0.1370689425429669
ACAAAG,-0.1389090638586412
ACAATA,-0.22154226994723586
ACAATT,-0.02363160453327706
ACAATC,-0.10505277600314349
ACAATG,0.052679295995427665
ACAACA,0.20209014211637755
ACAACT,0.3334388672578842
ACAACC,0.2740351586105991
ACAACG,0.27738332025120643
ACAAGA,0.14750613710858965
ACAAGT,-0.1087589896169379
ACAAGC,0.06757944368980437
ACAAGG,-0.06284790365966364
ACATAA,-0.4837969513780713
ACATAT,0.06062462181643484
ACATAC,-0.11607217125275401
ACATAG,0.1523407245820188
ACATTA,-0.2198046500486951
ACATTT,0.1861022796338607
ACATTC,-0.040593396965253555
ACATTG,0.04691691978775166
ACATCA,0.20339307389679337
ACATCT,-0.10594857800938066
ACATCC,-0.09126159127832464
ACATCG,0.29520537065673336
ACATGA,-0.1433193989906855
ACATGT,-0.18685671195934583
ACATGC,-0.3917164079164442
ACATGG,-0.5214585485023178
ACACAA,0.033447934067540125
ACACAT,-0.16378930866502694
ACACAC,-0.4492301360749233
ACACAG,0.022839491969822736
ACACTA,0.06624938554120066
ACACTT,-0.2053110750186533
ACACTC,-0.4880221347484139
ACACTG,-0.18560563199514452
ACACCA,0.49919758577087164
ACACCT,0.1222990313858676
ACACCC,0.12940693595731545
ACACCG,0.37972909964414314
ACACGA,-0.31292263026134165
ACACGT,-0.45468418071222216
ACACGC,-0.1400103587222318
ACACGG,-0.683214291415135
ACAGAA,-0.2865450626647058
ACAGAT,-0.21905356606268464
ACAGAC,-0.26933293378358447
ACAGAG,-0.8249725733393677
ACAGTA,0.10251556352559499
ACAGTT,0.026770241064604832
ACAGTC,-0.14037412482464184
ACAGTG,0.031252543504104315
ACAGCA,0.20647649882899802
ACAGCT,0.49888518339407273
ACAGCC,0.14549261708414385
ACAGCG,0.08071138038317227
ACAGGA,-0.06541841560701056
ACAGGT,-0.09798040836020379
ACAGGC,-0.24143674436153517
ACAGGG,-0.5829858875587625
ACTAAA,-0.3020520127347336
ACTAAT,-0.42872197027243175
ACTAAC,-0.11122563511022437
ACTAAG,-0.5779343684591074
ACTATA,-0.300104592450338
ACTATT,0.17832953552441702
ACTATC,0.42782870419502284
ACTATG,-0.18519099922190746
ACTACA,0.1968953252392733
ACTACT,0.13108540689626227
ACTACC,0.6028445224862429
ACTACG,0.3264154491756198
ACTAGA,0.1278333715098848
ACTAGT,-0.14842000511827333
ACTAGC,0.1823215567939546
ACTAGG,0.11551288712184424
ACTTAA,-0.547295303547382
ACTTAT,-0.3497762022475757
ACTTAC,-0.17185025692665928
ACTTAG,-0.38526240079064494
ACTTTA,-0.5093960309563964
ACTTTT,-0.24049218964882282
ACTTTC,0.1035103763696649
ACTTTG,0.1450257720502578
ACTTCA,0.09289374689269624
ACTTCT,0.18010180005564166
ACTTCC,-0.13976194237515874
ACTTCG,-0.06102110632569264
ACTTGA,0.0769610411361284
ACTTGT,-0.07833184326990696
ACTTGC,-0.43989382777436514
ACTTGG,-0.15840600539739666
ACTCAA,0.07309965343960491
ACTCAT,-0.1257512053055604
ACTCAC,-0.21709791597269978
ACTCAG,-0.347835995271528
ACTCTA,0.03947881097378742
ACTCTT,-0.04196419909903208
ACTCTC,-0.6816528011342103
ACTCTG,-0.4739850545449205
ACTCCA,-0.3455220721411309
ACTCCT,-0.015943650397136
ACTCCC,-0.4579831423916108
ACTCCG,-0.2564295289476766
ACTCGA,0.36772478012531734
ACTCGT,-0.19367241646264405
ACTCGC,-0.2982195777545668
ACTCGG,0.09175486360204772
ACTGAA,-0.09180754925312286
ACTGAT,0.3355771149740966
ACTGAC,-0.14032643575735135
ACTGAG,-0.048009219186360606
ACTGTA,0.008862687257845324
ACTGTT,0.14571181118139379
ACTGTC,-0.12557730738320227
ACTGTG,-0.22978809403287825
ACTGCA,-0.010929070532190317
ACTGCT,0.1406998821031351
ACTGCC,0.0408219945202552
ACTGCG,-0.04969966855227253
ACTGGA,-0.037740327982847086
ACTGGT,0.29968362843654406
ACTGGC,-0.07864312731911323
ACTGGG,0.1187450366925743
ACCAAA,0.3389753668393314
ACCAAT,0.247535004438369
ACCAAC,0.32811564203027155
ACCAAG,0.16124097405228288
ACCATA,0.040821994520254985
ACCATT,-0.35534072092559577
ACCATC,0.5275336291430964
ACCATG,-0.009950330853168092
ACCACA,0.11267316250411281
ACCACT,0.057307345257306366
ACCACC,0.5239428294472263
ACCACG,0.15619525220173464
ACCAGA,0.2965260972482338
ACCAGT,0.30927270504414855
ACCAGC,0.5639107122183035
ACCAGG,0.24478005090757146
ACCTAA,0.5045560107523953
ACCTAT,0.4248831939652659
ACCTAC,0.2569104137850273
ACCTAG,0.1676471458646945
ACCTTA,-0.38711596943996784
ACCTTT,-0.308781436476027
ACCTTC,0.01342302033214077
ACCTTG,0.08416766950618665
ACCTCA,0.3979711343107563
ACCTCT,-0.3088842801023839
ACCTCC,0.306122664775901
ACCTCG,0.37402732199611965
ACCTGA,0.37500166334429763
ACCTGT,-0.09110554852229302
ACCTGC,0.30126598088659357
ACCTGG,0.47898501791033193
ACCCAA,0.2460328339852737
ACCCAT,-0.052896946122085474
ACCCAC,-0.027759269634274716
ACCCAG,0.07145896398214505
ACCCTA,0.28451249769050185
ACCCTT,-0.20101368980610707
ACCCTC,-0.3687637412577365
ACCCTG,0.13748810673571585
ACCCCA,0.05049616401453223
ACCCCT,-0.24875861241171254
ACCCCC,-0.43446980485134534
ACCCCG,-0.14710012183059154
ACCCGA,0.1256451868293321
ACCCGT,0.06702436691427935
ACCCGC,0.19737094170456865
ACCCGG,0.2738790693556083
ACCGAA,0.36611788473901447
ACCGAT,0.3939689429697379
ACCGAC,0.3730141879216906
ACCGAG,0.2533241684642011
ACCGTA,0.2641515750415869
ACCGTT,0.07747026167599398
ACCGTC,0.2788121565221317
ACCGTG,-0.03356217273587776
ACCGCA,0.31554978837934466
ACCGCT,0.19904599973514916
ACCGCC,0.3450649064071258
ACCGCG,0.14784425466401332
ACCGGA,0.18993668532120683
ACCGGT,0.5316907622299523
ACCGGC,0.6113268805325184
ACCGGG,0.29680265684859
ACGAAA,0.0013166558847466812
ACGAAT,-0.0013324452337784896
ACGAAC,-0.2720431785673262
ACGAAG,-0.22659438047194272
ACGATA,0.1112256351102244
ACGATT,0.1792827005374419
ACGATC,0.1637367092301667
ACGATG,0.4226329117305298
ACGACA,0.1612501621463506
ACGACT,-0.11208206141815315
ACGACC,0.1447991174708649
ACGACG,0.026267926820610105
ACGAGA,-0.0700179869021967
ACGAGT,-0.04385188252884951
ACGAGC,-0.33586154957933295
ACGAGG,-0.3914133546525141
ACGTAA,-0.08879549878313107
ACGTAT,-0.4075462743119891
ACGTAC,-0.6443570163905132
ACGTAG,-0.05442398188768795
ACGTTA,0.26430162380771727
ACGTTT,-0.151916042025842
ACGTTC,-0.0969922659873097
ACGTTG,-0.16106155736710526
ACGTCA,0.03593200922606337
ACGTCT,-0.2014608970046521
ACGTCC,-0.5061832858232379
ACGTCG,-0.03231532696592695
ACGTGA,-0.15080161291248892
ACGTGT,-0.24542226316189825
ACGTGC,-0.5706656241220076
ACGTGG,-0.34431068495483375
ACGCAA,0.041769412876295146
ACGCAT,-0.543873477812191
ACGCAC,-0.4030290533102832
ACGCAG,-0.3097723414656256
ACGCTA,0.3885755756055078
ACGCTT,-0.3750557026603695
ACGCTC,-0.05789397841890262
ACGCTG,-0.028437935320533514
ACGCCA,0.0077220460939103185
ACGCCT,-0.26449873699612364
ACGCCC,-0.3368646243052744
ACGCCG,0.23971938040238128
ACGCGA,-0.2269011884270431
ACGCGT,-0.5692585873410768
ACGCGC,-0.5727565814964809
ACGCGG,-0.3694251716249675
ACGGAA,-0.4620354595965587
ACGGAT,-0.047837329414160225
ACGGAC,-0.5143981819421295
ACGGAG,-0.6434972719161247
ACGGTA,0.3362500390866914
ACGGTT,0.08553826108365495
ACGGTC,-0.2896538115066208
ACGGTG,0.4771257053201486
ACGGCA,-0.02680514066282663
ACGGCT,0.1121402026432049
ACGGCC,0.09002342745962146
ACGGCG,0.038722321050786004
ACGGGA,-0.5154490655096723
ACGGGT,-0.26738399533780377
ACGGGC,-0.4071408521115324
ACGGGG,-0.7300804356056276
AGAAAA,0.1322899275364578
AGAAAT,0.32745639793959225
AGAAAC,-0.1924739282579726
AGAAAG,0.28451249769050185
AGAATA,0.059423420470800806
AGAATT,-0.0346855579878901
AGAATC,0.23867449334508636
AGAATG,-0.503229276874056
AGAACA,0.14916313831621927
AGAACT,0.20613220548767314
AGAACC,0.12191086160150381
AGAACG,-0.057844819907271985
AGAAGA,-0.1555434377125617
AGAAGT,0.10020586506916185
AGAAGC,-0.06193095773049027
AGAAGG,0.05422155416663885
AGATAA,0.18508398948986468
AGATAT,-0.23038995983497687
AGATAC,0.32158362412746233
AGATAG,-0.032789822822990956
AGATTA,-0.38165445941444576
AGATTT,-0.1474052916877267
AGATTC,0.20854475189305702
AGATTG,-0.10401345493262658
AGATCA,0.5019994411377187
AGATCT,0.18304909411233167
AGATCC,0.09772689080275505
AGATCG,0.18818486629323947
AGATGA,-0.11936907881201826
AGATGT,-0.056843898976528834
AGATGC,-0.21142964095202527
AGATGG,-0.41672226263279893
AGACAA,0.11450971031141431
AGACAT,-0.08599044785552253
AGACAC,0.060960699789687274
AGACAG,-0.39098164228958476
AGACTA,0.13266596634809372
AGACTT,0.05690813227187958
AGACTC,-0.24409891649019771
AGACTG,-0.04658994325982948
AGACCA,0.2565227733880444
AGACCT,0.39394633873596413
AGACCC,-0.27315397188887114
AGACCG,0.06575137756278043
AGACGA,-0.1803354588223252
AGACGT,-0.28506671508579756
AGACGC,-0.06140862812864349
AGACGG,-0.3024167322087176
AGAGAA,-0.33647223662121306
AGAGAT,0.03954729708825454
AGAGAC,-0.4434925036974037
AGAGAG,-0.3784364357202451
AGAGTA,-0.3049238788862869
AGAGTT,-0.11778303565638351
AGAGTC,-0.041499730906752734
AGAGTG,-0.6309989627629594
AGAGCA,-0.6090241901461849
AGAGCT,-0.7030975114131134
AGAGCC,-0.2926696139628201
AGAGCG,-0.6391160336750562
AGAGGA,-0.11887533505499241
AGAGGT,-0.3301027883357331
AGAGGC,-0.5022172492293904
AGAGGG,-0.49727265736128723
AGTAAA,-0.28915158043114086
AGTAAT,0.1874962125839721
AGTAAC,0.2025242641114741
AGTAAG,0.2072449652464116
AGTATA,-0.10178269430994236
AGTATT,0.2508680993290646
AGTATC,0.18402513471873852
AGTATG,-0.08486622064324165
AGTACA,0.2258066687336935
AGTACT,0.3914335773039065
AGTACC,-0.03410561248651093
AGTACG,-0.24294617861038947
AGTAGA,0.04652001563489291
AGTAGT,0.2699539691582002
AGTAGC,0.22731892272469054
AGTAGG,0.33352576207176676
AGTTAA,0.15415067982725836
AGTTAT,-0.24946085963158326
AGTTAC,0.024692612590371414
AGTTAG,0.2072449652464116
AGTTTA,0.21852460545791516
AGTTTT,0.18721154208814636
AGTTTC,0.0665744906226697
AGTTTG,0.12818854821402728
AGTTCA,0.240657133806918
AGTTCT,0.2206466711156226
AGTTCC,-0.31812309795301635
AGTTCG,0.11674191114797287
AGTTGA,0.04852704089466038
AGTTGT,0.10172414801444245
AGTTGC,-0.057610508012404804
AGTTGG,0.3282492574407809
AGTCAA,0.3145231099765923
AGTCAT,-0.3153446901953376
AGTCAC,-0.10323325464165224
AGTCAG,-0.4784902431230543
AGTCTA,-0.10868830575050098
AGTCTT,-0.38526240079064494
AGTCTC,-0.1444095107717057
AGTCTG,-0.07637297878457397
AGTCCA,-0.4287219702724316
AGTCCT,-0.38696163654360477
AGTCCC,-0.3303309685991304
AGTCCG,-0.3174963351622072
AGTCGA,0.18557007074978593
AGTCGT,-0.26875406256626216
AGTCGC,-0.262364264467491
AGTCGG,-0.04374454896285695
AGTGAA,0.020580707700020663
AGTGAT,0.033901551675681416
AGTGAC,-0.12941107365150256
AGTGAG,-0.07606458208909128
AGTGTA,-0.04317217186520878
AGTGTT,-0.20479441264601328
AGTGTC,-0.07789824832750278
AGTGTG,0.08814838677670496
AGTGCA,-0.19214160297493005
AGTGCT,-0.07161569151165639
AGTGCC,-0.4707749366499593
AGTGCG,-0.5232481437645479
AGTGGA,-0.4902063365632549
AGTGGT,0.2473096171613934
AGTGGC,-0.262364264467491
AGTGGG,0.03103210924772846
AGCAAA,0.17074327492067806
AGCAAT,0.10194754306158632
AGCAAC,0.09143420595963185
AGCAAG,0.24763457132250566
AGCATA,-0.9360933591703348
AGCATT,-0.6039944751289724
AGCATC,0.16503592050692903
AGCATG,-0.14414898328892486
AGCACA,0.202692940842919
AGCACT,-0.21292199724267166
AGCACC,0.2835003518551071
AGCACG,-0.24827952458575203
AGCAGA,0.6881905409200169
AGCAGT,-0.16475523307605547
AGCAGC,0.2782033284972371
AGCAGG,0.283608747064145
AGCTAA,0.2165861507680507
AGCTAT,0.4716049106127094
AGCTAC,0.5584536727552453
AGCTAG,0.5179941132446031
AGCTTA,-0.031840605855658774
AGCTTT,0.1802185065971758
AGCTTC,0.06421337075265471
AGCTTG,0.15211571473688876
AGCTCA,0.025642430613337652
AGCTCT,-0.1936945469662246
AGCTCC,-0.22954278555624041
AGCTCG,0.14811868065803482
AGCTGA,0.5517520514752082
AGCTGT,0.22446020719895643
AGCTGC,0.4198538455602639
AGCTGG,0.42775107951033414
AGCCAA,0.1556223504387146
AGCCAT,-0.027662617743556567
AGCCAC,0.13523577709165546
AGCCAG,0.4000253848123463
AGCCTA,0.5898140350846212
AGCCTT,0.3129998804360708
AGCCTC,-0.20108383324947748
AGCCTG,0.16016875215282136
AGCCCA,0.14996193402061858
AGCCCT,-0.22032267497256836
AGCCCC,-0.08075564756216483
AGCCCG,0.22586464142857046
AGCCGA,0.5419162108360218
AGCCGT,-0.09157743937464091
AGCCGC,0.2373058651267141
AGCCGG,0.3647760127840648
AGCGAA,-0.19702770418365004
AGCGAT,0.26600100639045676
AGCGAC,-0.09097177820572676
AGCGAG,-0.2279595220947944
AGCGTA,0.3147107448397002
AGCGTT,-0.3992922490010835
AGCGTC,-0.1468291095982512
AGCGTG,-0.009828088936262538
AGCGCA,-0.05725761526853056
AGCGCT,-0.025431437891803858
AGCGCC,-0.060766355216147726
AGCGCG,-0.13143890389283036
AGCGGA,0.1222742380998882
AGCGGT,0.20607449125965702
AGCGGC,0.23395014037157
AGCGGG,0.10883878003415107
AGGAAA,0.19088268909598843
AGGAAT,-0.28960330262967476
AGGAAC,-0.09151510883577334
AGGAAG,0.2507651286241392
AGGATA,0.07637297878457396
AGGATT,0.1646219796945536
AGGATC,0.2990673946769064
AGGATG,0.2739404445994847
AGGACA,-0.1785264858254031
AGGACT,-0.13066269852004464
AGGACC,-0.14805309995913976
AGGACG,-0.31672975789201174
AGGAGA,0.394993808240869
AGGAGT,0.015748356968139112
AGGAGC,0.37729423114146815
AGGAGG,0.5702935074546017
AGGTAA,0.39383092082682375
AGGTAT,0.18540322333136275
AGGTAC,0.15470638976098133
AGGTAG,0.44388614109088126
AGGTTA,0.2688135881473981
AGGTTT,0.15384208547208597
AGGTTC,0.17039298592868066
AGGTTG,0.45468843694600874
AGGTCA,0.5396611734058778
AGGTCT,0.11050191515824499
AGGTCC,-0.18540322333136267
AGGTCG,0.32850406697203605
AGGTGA,0.4212134650763035
AGGTGT,0.07228776738380403
AGGTGC,0.10779657045570738
AGGTGG,0.2333053015737091
AGGCAA,0.12136085700426753
AGGCAT,-0.04759897879927896
AGGCAC,-0.3244960455744974
AGGCAG,0.012223941585714097
AGGCTA,0.20790930674236188
AGGCTT,-0.014411778661303316
AGGCTC,-0.12382535011234608
AGGCTG,0.4057941095916387
AGGCCA,0.048441387789682926
AGGCCT,-0.23748466858486744
AGGCCC,-0.38520219790690857
AGGCCG,0.008622929412119899
AGGCGA,0.07075498648035064
AGGCGT,-0.16234942360703947
AGGCGC,-0.45163983974354005
AGGCGG,-0.1629785939508237
AGGGAA,-0.09059689535222658
AGGGAT,-0.3886579897917832
AGGGAC,-0.6304370522524891
AGGGAG,-0.27013776280087154
AGGGTA,-0.041355185681913945
AGGGTT,0.27037243491668944
AGGGTC,-0.2002324833604849
AGGGTG,-0.056126954233286334
AGGGCA,-0.2222340469313693
AGGGCT,-0.14370672066617515
AGGGCC,-0.13723828172976188
AGGGCG,-0.12011303854997332
AGGGGA,-0.41109892582642044
AGGGGT,-0.11835267395147923
AGGGGC,-0.6004240129977123
AGGGGG,-0.6853040030989195
TAAAAA,-0.5306282510621704
TAAAAT,-0.4317824164255378
TAAAAC,-0.29391262220241704
TAAAAG,-0.14698219034864582
TAAATA,0.2153614108721548
TAAATT,-0.31424909983650273
TAAATC,-0.4906229164484712
TAAATG,-0.33336181420682054
TAAACA,-0.045610511252052295
TAAACT,-0.04445176257083381
TAAACC,0.0
TAAACG,-0.6300890445928085
TAAAGA,0.13238918804574565
TAAAGT,-0.12516314295400605
TAAAGC,-0.4146184900946516
TAAAGG,-0.3393253056036194
TAATAA,-1.1939224684724346
TAATAT,-0.2363887780642304
TAATAC,-0.19971329950582378
TAATAG,-0.13102826240640414
TAATTA,0.4845083154486173
TAATTT,0.1690763300439339
TAATTC,-0.1368591827171973
TAATTG,-0.1413709531808594
TAATCA,-0.2776317365982795
TAATCT,-0.032789822822990956
TAATCC,-0.12516314295400605
TAATCG,0.058268908123975824
TAATGA,-0.3958956570920136
TAATGT,-0.05244647537254243
TAATGC,-0.4700036292457356
TAATGG,-0.5515836162381583
TAACAA,0.11138463026120725
TAACAT,-0.5141534138586655
TAACAC,-0.3928863259013043
TAACAG,-0.35356666998051306
TAACTA,0.17538912001830984
TAACTT,0.23940407218599002
TAACTC,-0.03863779270541394
TAACTG,-0.31918073951115183
TAACCA,0.21096313275733872
TAACCT,0.3440564799795209
TAACCC,0.2790240097086662
TAACCG,0.4514610147163848
TAACGA,-0.0666196873413958
TAACGT,0.11801891252974975
TAACGC,-0.19252572696819636
TAACGG,-0.12136085700426748
TAAGAA,0.34450440831847706
TAAGAT,-0.9400072584914712
TAAGAC,-0.36000273403140703
TAAGAG,-0.6137621513053798
TAAGTA,-0.4353180712578455
TAAGTT,-0.40989970517603025
TAAGTC,-0.4618180446592962
TAAGTG,0.043429557927336104
TAAGCA,-0.27714285856360976
TAAGCT,-0.0775582343458745
TAAGCC,-0.09356039808053723
TAAGCG,-0.3319979562262919
TAAGGA,0.08649203135344341
TAAGGT,-0.24620882424520582
TAAGGC,-0.25518290505882646
TAAGGG,-0.1601476992996326
TATAAA,-1.441019260809137
TATAAT,-1.1249295969854831
TATAAC,0.05358424613410626
TATAAG,-0.3053816495511819
TATATA,0.28768207245178085
TATATT,0.2371297932889497
TATATC,0.15600424847658118
TATATG,-0.1875163736710587
TATACA,0.11428914640212759
TATACT,-0.2076393647782445
TATACC,-0.03722934176835604
TATACG,-0.3154188274233806
TATAGA,-0.35667494393873245
TATAGT,-0.10821358464023272
TATAGC,0.12405264866997882
TATAGG,0.16644820763766457
TATTAA,-0.49740260343385
TATTAT,-1.2119409739751128
TATTAC,-0.19782574332991992
TATTAG,-0.14842000511827322
TATTTA,0.012578782206859965
TATTTT,-0.3489984964403933
TATTTC,0.27193371548364176
TATTTG,0.29257205774597267
TATTCA,0.006269613013595395
TATTCT,0.057629112836636215
TATTCC,0.047628048989254664
TATTCG,0.2993049122797738
TATTGA,0.2165861507680507
TATTGT,-0.1722712209404531
TATTGC,0.19923803046065539
TATTGG,0.15127021696190424
TATCAA,0.14197026127038728
TATCAT,-0.9295359586241757
TATCAC,-0.12983137417255794
TATCAG,0.0408219945202552
TATCTA,0.3511954781741068
TATCTT,-0.0953101798043249
TATCTC,-0.07368771579115926
TATCTG,0.4176074949338898
TATCCA,0.38616110959319583
TATCCT,-0.6023007077863731
TATCCC,0.03226086221822148
TATCCG,0.31197476502082544
TATCGA,0.4383159083999995
TATCGT,0.17284281283941083
TATCGC,0.16487464319023404
TATCGG,0.41413898125294246
TATGAA,-0.2836740510542422
TATGAT,-0.8560506514967984
TATGAC,0.3389753668393314
TATGAG,-0.5901992113075029
TATGTA,-0.5877866649021192
TATGTT,-0.10536051565782628
TATGTC,-0.11000089521432846
TATGTG,-0.050858417233490966
TATGCA,-0.2835067010413002
TATGCT,-0.5125632436645314
TATGCC,0.019635974516858935
TATGCG,-0.2591087000077249
TATGGA,-0.39829661862955196
TATGGT,-0.007290433262679232
TATGGC,-0.13976194237515874
TATGGG,-0.3787968610260031
TACAAA,-0.06991198919871441
TACAAT,-1.270462545594769
TACAAC,-0.017621601349819445
TACAAG,-0.04348511193973889
TACATA,-0.16126814759612226
TACATT,-0.02385121582217991
TACATC,0.01092907053219023
TACATG,-0.4976355679078216
TACACA,0.14523988188942263
TACACT,-0.547295303547382
TACACC,0.36613873696968247
TACACG,-0.6352532021410426
TACAGA,-0.24632113962691546
TACAGT,0.2616668333105451
TACAGC,-0.012820688429061434
TACAGG,-0.1643030512912763
TACTAA,-0.31985135538517256
TACTAT,0.03753791931906524
TACTAC,0.6854843078143762
TACTAG,-0.16126814759612226
TACTTA,-0.040351295523567345
TACTTT,-0.07534943724178685
TACTTC,-0.05597926774190125
TACTTG,-0.15593480162075973
TACTCA,-0.031840605855658774
TACTCT,-0.6895693592120612
TACTCC,-0.27217788591581565
TACTCG,0.2730707252707169
TACTGA,0.19448829555383368
TACTGT,0.18632957819149334
TACTGC,0.21319322046104167
TACTGG,0.4662013432959969
TACCAA,0.30776544090645813
TACCAT,-0.15933203856925593
TACCAC,0.140606454719501
TACCAG,0.34778599652148634
TACCTA,0.44904826406974757
TACCTT,0.012195273093818206
TACCTC,0.14243793344072586
TACCTG,0.3547719937926462
TACCCA,0.34964503801047425
TACCCT,0.2434373706540236
TACCCC,-0.03149866705937105
TACCCG,0.45641220204219657
TACCGA,0.39522361405596734
TACCGT,0.17053938809569447
TACCGC,0.18793166968472133
TACCGG,0.5533852381847866
TACGAA,-0.23841102344499823
TACGAT,-0.07020425867324857
TACGAC,0.21789419542806604
TACGAG,-0.28611835047559825
TACGTA,-0.2174128766052247
TACGTT,-0.08515780834030683
TACGTC,-0.467282539131375
TACGTG,0.06575137756278064
TACGCA,-0.07354390332237022
TACGCT,0.24073931320458938
TACGCC,-0.20548861607548907
TACGCG,-0.4208346054392659
TACGGA,-0.22389798363969493
TACGGT,0.23695804575739823
TACGGC,-0.0017528488274143605
TACGGG,-0.25808160267549024
TAGAAA,0.08421807908401722
TAGAAT,-0.30010459245033816
TAGAAC,0.3044891907681623
TAGAAG,-0.013245226750020567
TAGATA,0.32472334413212994
TAGATT,-0.0228146777661714
TAGATC,-0.08004270767353637
TAGATG,-0.20972053098206914
TAGACA,0.2317028047098798
TAGACT,0.329275969750618
TAGACC,-0.07654007712233438
TAGACG,-0.45742484703887554
TAGAGA,-0.3364722366212129
TAGAGT,-0.4228568508200336
TAGAGC,-0.44651564793852194
TAGAGG,0.010582109330537008
TAGTAA,0.40346710544549136
TAGTAT,0.16561970717602298
TAGTAC,-0.173953307123438
TAGTAG,0.41119578281714936
TAGTTA,0.3621845997497019
TAGTTT,0.23211222129697015
TAGTTC,-0.09806121317621475
TAGTTG,0.16879641401691384
TAGTCA,0.19789676857942584
TAGTCT,-0.006644542718668501
TAGTCC,-0.2814124594381856
TAGTCG,-0.13162279274496266
TAGTGA,0.3016683144265208
TAGTGT,0.19448829555383368
TAGTGC,-0.21328378239792145
TAGTGG,0.11672427430814139
TAGCAA,0.25160601597797133
TAGCAT,0.0
TAGCAC,-0.16551443847757344
TAGCAG,0.30359752775768045
TAGCTA,0.7015154302304619
TAGCTT,0.4219463342919562
TAGCTC,-0.32378707709389715
TAGCTG,0.3429995171390569
TAGCCA,0.5289092991992861
TAGCCT,0.6931471805599453
TAGCCC,0.1041267092088978
TAGCCG,0.45255671564201483
TAGCGA,0.2936256263526291
TAGCGT,0.2696635669491026
TAGCGC,-0.03649405843057165
TAGCGG,0.4085310277299992
TAGGAA,0.02020270731751947
TAGGAT,-0.5510074133988225
TAGGAC,-0.18445602932258728
TAGGAG,0.01069528911674795
TAGGTA,0.5827991233910799
TAGGTT,0.4744579795951157
TAGGTC,0.11909969154113023
TAGGTG,0.31528972777587816
TAGGCA,0.2174778137785323
TAGGCT,0.6040831172525734
TAGGCC,0.054629967486589937
TAGGCG,0.1747824796207886
TAGGGA,0.012578782206860185
TAGGGT,0.19845093872383823
TAGGGC,-0.13580154115906162
TAGGGG,-0.022691411202070765
TTAAAA,-0.5207759546191588
TTAAAT,-0.5827233629455723
TTAAAC,-0.7545558086885888
TTAAAG,0.06762018767497929
TTAATA,-0.27625337662815824
TTAATT,-0.20173964265105623
TTAATC,-0.3760512229018711
TTAATG,-0.37903185104000886
TTAACA,-0.6453565167235968
TTAACT,-0.2918400826004446
TTAACC,-0.010471299867295366
TTAACG,-0.7339691750802004
TTAAGA,-0.6228779847133892
TTAAGT,-0.5653138090500603
TTAAGC,-0.30368241379822203
TTAAGG,-0.21570857282669167
TTATAA,-0.3293037471426004
TTATAT,0.06351340572232593
TTATAC,-0.3764775712349121
TTATAG,-0.4595323293784402
TTATTA,-0.4252677354043441
TTATTT,0.09614386055290235
TTATTC,-0.0858612906063924
TTATTG,-0.17335288681119418
TTATCA,-0.2933478099874583
TTATCT,0.04725288485054551
TTATCC,0.18392283816092841
TTATCG,0.32584398560107436
TTATGA,-0.43054479250518773
TTATGT,-0.2970133998806652
TTATGC,-0.24603737118006233
TTATGG,-0.2448419137752887
TTACAA,-0.587786664902119
TTACAT,-0.5306282510621704
TTACAC,-0.24729401154649283
TTACAG,-0.12883287184296843
TTACTA,-0.21164917188847474
TTACTT,-0.32378707709389715
TTACTC,-0.25940129933683415
TTACTG,0.3182086631109363
TTACCA,-0.021713760223784247
TTACCT,0.3627725238068508
TTACCC,0.43896106253634665
TTACCG,0.3126283403983582
TTACGA,-0.19679957597460784
TTACGT,-0.15272108701766385
TTACGC,-0.27625337662815824
TTACGG,-0.14121016855152344
TTAGAA,-0.3965364773638631
TTAGAT,-0.017241806434505992
TTAGAC,-0.3393253056036194
TTAGAG,-0.43314853685658117
TTAGTA,-0.48858001481867097
TTAGTT,0.15242802651581214
TTAGTC,-0.3491466775179408
TTAGTG,-0.17275210577780392
TTAGCA,-0.1421744887805426
TTAGCT,0.2891646524120037
TTAGCC,0.32991152673991586
TTAGCG,-0.012775191488722918
TTAGGA,-0.055119299221079554
TTAGGT,0.2261969888011
TTAGGC,-0.06693948267510938
TTAGGG,0.15919482671393628
TTTAAA,0.124873329881408
TTTAAT,-1.089042837651959
TTTAAC,-1.166617017782167
TTTAAG,-0.4524900467530273
TTTATA,-0.22677331936478848
TTTATT,0.187334098617499
TTTATC,0.08474122845509072
TTTATG,-0.35667494393873245
TTTACA,-0.10574505709690442
TTTACT,-0.1823215567939546
TTTACC,-0.21280457351903043
TTTACG,-0.048790164169432056
TTTAGA,-0.16833531481921477
TTTAGT,0.049345874103155
TTTAGC,-0.05876530922625151
TTTAGG,0.020803127629763326
TTTTAA,-0.046280752564006225
TTTTAT,-0.41021571086676223
TTTTAC,-0.6900172875510175
TTTTAG,-0.2507587183471831
TTTTTA,-0.5215372793609183
TTTTTT,-0.6259384308664953
TTTTTC,-0.13540463700620292
TTTTTG,-0.41419878807691907
TTTTCA,-0.05826890812397588
TTTTCT,-0.12989575945410475
TTTTCC,-0.08867665630869101
TTTTCG,0.18154515923942607
TTTTGA,-0.38366047814131155
TTTTGT,-0.07380397458336131
TTTTGC,0.24558985696647648
TTTTGG,0.4160983644095332
TTTCAA,-0.37156355643248296
TTTCAT,0.15127021696190424
TTTCAC,-0.1765578520772046
TTTCAG,0.1839896138946517
TTTCTA,-0.15700374880966467
TTTCTT,0.15137675294453307
TTTCTC,-0.1789143984723403
TTTCTG,0.017699577099400857
TTTCCA,-0.1158318155251217
TTTCCT,0.07588469752487267
TTTCCC,-0.11749439371470562
TTTCCG,0.5210061836981082
TTTCGA,0.14637953510237164
TTTCGT,-0.032789822822990956
TTTCGC,0.0843832545833604
TTTCGG,0.34303216753494575
TTTGAA,-0.3293037471426004
TTTGAT,0.07236783250347753
TTTGAC,0.24366518703500648
TTTGAG,0.2195784851497136
TTTGTA,-0.04242071588395214
TTTGTT,0.01933465170745563
TTTGTC,0.3845318984416986
TTTGTG,-0.2731026226886238
TTTGCA,-0.3393253056036194
TTTGCT,0.22949277899286855
TTTGCC,0.15873104618083794
TTTGCG,0.24727634953162583
TTTGGA,-0.4732877044469254
TTTGGT,0.27443684570176036
TTTGGC,0.08685860027250425
TTTGGG,0.43017740593165893
TTCAAA,-0.30661927347153184
TTCAAT,-0.5210952904034467
TTCAAC,0.06130052586379588
TTCAAG,-0.34325192360659174
TTCATA,-0.19822014286175288
TTCATT,0.022245608947319737
TTCATC,0.3895546180578887
TTCATG,-0.4700036292457356
TTCACA,-0.12376160102871753
TTCACT,0.0018885746878681546
TTCACC,0.3650519562767804
TTCACG,-0.1474052916877267
TTCAGA,-0.07767303831821813
TTCAGT,0.03687863038536599
TTCAGC,0.16690383299133368
TTCAGG,0.12172337286830649
TTCTAA,-0.5342979799511328
TTCTAT,-0.07618913835754641
TTCTAC,-0.2915208487589465
TTCTAG,-0.1431008436406733
TTCTTA,-0.19474407679251174
TTCTTT,0.07726878079081109
TTCTTC,0.34231203993837084
TTCTTG,0.29015426159717006
TTCTCA,-0.14947504302165862
TTCTCT,-0.4569882611336652
TTCTCC,0.06776210210081876
TTCTCG,-0.20443301040138562
TTCTGA,-0.1911477394222266
TTCTGT,-0.23262229526875347
TTCTGC,0.14660347419187544
TTCTGG,-0.06453852113757118
TTCCAA,-0.14548792939004387
TTCCAT,-0.17442885599504565
TTCCAC,-0.25333259243714323
TTCCAG,-0.0977977432761265
TTCCTA,-0.02985296314968116
TTCCTT,0.03459144476961908
TTCCTC,-0.04614115599785512
TTCCTG,0.19070827556105582
TTCCCA,-0.06453852113757118
TTCCCT,-0.38582913359130544
TTCCCC,-0.37558590822443033
TTCCCG,-0.0946463895376682
TTCCGA,-0.35514599791845725
TTCCGT,0.216330872896703
TTCCGC,-0.10206315988463177
TTCCGG,0.1370463347319671
TTCGAA,-0.06255871451188084
TTCGAT,0.1671432151948889
TTCGAC,0.43955307044707537
TTCGAG,0.11475025600766524
TTCGTA,-0.276812400214877
TTCGTT,-0.06193095773049027
TTCGTC,0.13455967035008853
TTCGTG,-0.3562097194595344
TTCGCA,-0.1614633266735448
TTCGCT,-0.01801850550267825
TTCGCC,0.2795576405943012
TTCGCG,-0.2311961483347906
TTCGGA,-0.14259346857089705
TTCGGT,0.25154302583590765
TTCGGC,0.3659166514658512
TTCGGG,0.08441734181258301
TTGAAA,-0.21336617847591482
TTGAAT,-0.2732933349996813
TTGAAC,0.0349314178841112
TTGAAG,-0.13794870525097788
TTGATA,0.08096906253366709
TTGATT,0.0057859370670439265
TTGATC,0.3969302056583271
TTGATG,0.21161235371502002
TTGACA,0.4315448208912162
TTGACT,0.07464792897029653
TTGACC,0.49712677940782873
TTGACG,0.20532931503908275
TTGAGA,-0.10594857800938066
TTGAGT,0.04668711397265326
TTGAGC,0.1521278051002648
TTGAGG,0.14623634452979434
TTGTAA,-0.3471295310952009
TTGTAT,0.1899179036858893
TTGTAC,-0.21309321546070834
TTGTAG,-0.1797139933868737
TTGTTA,-0.10616019582839067
TTGTTT,-0.22734523816790989
TTGTTC,0.06187540371808745
TTGTTG,0.291772057703306
TTGTCA,0.4624645520725695
TTGTCT,0.13493753300151246
TTGTCC,0.08378803040369844
TTGTCG,0.30662279584476587
TTGTGA,0.012195273093818206
TTGTGT,-0.11500139269450654
TTGTGC,-0.15272108701766385
TTGTGG,-0.09243523771872572
TTGCAA,-0.5346309248518278
TTGCAT,-0.4981367639543082
TTGCAC,-0.3321073235365119
TTGCAG,-0.1604798148789058
TTGCTA,0.08489944378648627
TTGCTT,-0.05696682460667747
TTGCTC,-0.08004270767353637
TTGCTG,0.3494021846096526
TTGCCA,-0.10793783667212664
TTGCCT,0.06859166787073738
TTGCCC,0.036059049815702425
TTGCCG,0.4799823292956318
TTGCGA,-0.11739309609207406
TTGCGT,-0.08269171584511341
TTGCGC,-0.12146135446679106
TTGCGG,0.1936294908010457
TTGGAA,-0.44147554563119745
TTGGAT,-0.01857638557293542
TTGGAC,-0.4209009162380037
TTGGAG,-0.36000273403140703
TTGGTA,0.2698925308882826
TTGGTT,0.17502430297001134
TTGGTC,0.15061710724594715
TTGGTG,0.47100412957931903
TTGGCA,-0.018278527172615733
TTGGCT,0.2725072744325457
TTGGCC,0.40425225168295514
TTGGCG,0.18681594638179386
TTGGGA,-0.22677331936478848
TTGGGT,0.512034083127559
TTGGGC,0.04955204372994519
TTGGGG,-0.23144235412890482
TCAAAA,-0.266404674004496
TCAAAT,0.06317890162153167
TCAAAC,0.2301122206303031
TCAAAG,0.032523191705560145
TCAATA,0.3497304715859213
TCAATT,-0.01587334915629012
TCAATC,-0.16524957289530717
TCAATG,0.005141399500418652
TCAACA,0.06298129268896484
TCAACT,0.10160111273392071
TCAACC,0.4270762663627418
TCAACG,0.3374603789941071
TCAAGA,-0.10747366599752216
TCAAGT,0.20787607918342144
TCAAGC,-0.10961972501722252
TCAAGG,0.12705887811890518
TCATAA,-0.21089492923801062
TCATAT,-0.45281122870536267
TCATAC,-0.16507975035944858
TCATAG,0.21278076427866321
TCATTA,-0.13641185548987678
TCATTT,0.074442476254516
TCATTC,-0.44895022004790314
TCATTG,-0.27274049245358195
TCATCA,0.262664309476493
TCATCT,0.14732471475685852
TCATCC,-0.10186042156504355
TCATCG,0.5494060761366538
TCATGA,-0.15091965924581177
TCATGT,-0.15091965924581177
TCATGC,-0.5654694631868834
TCATGG,-0.23029738867082852
TCACAA,-0.06640245457563376
TCACAT,0.015915455305899582
TCACAC,0.0402738991379399
TCACAG,-0.07927318089450777
TCACTA,-0.084557388028063
TCACTT,-0.1823215567939546
TCACTC,-0.3375705343702754
TCACTG,0.17662353567931685
TCACCA,0.3384742392918861
TCACCT,0.35108833723009264
TCACCC,0.13904791164150176
TCACCG,0.6057607399390535
TCACGA,-0.263228195406755
TCACGT,-0.1547336002751257
TCACGC,-0.2199085105433721
TCACGG,-0.05328455375727126
TCAGAA,0.015209418663528708
TCAGAT,0.40065740654006127
TCAGAC,-0.3119993801024872
TCAGAG,-0.4312176042105791
TCAGTA,0.4567584024957149
TCAGTT,0.0665744906226697
TCAGTC,-0.2345073099645248
TCAGTG,-0.1670540846631662
TCAGCA,0.29534494519735
TCAGCT,0.37024367314480133
TCAGCC,0.4137517750741692
TCAGCG,0.3578276818185406
TCAGGA,-0.04533354130152119
TCAGGT,0.48653293119694613
TCAGGC,-0.029402197433456775
TCAGGG,-0.057887665267661655
TCTAAA,-0.4700036292457356
TCTAAT,-0.21680773286512398
TCTAAC,-0.6641596436866929
TCTAAG,-0.1186057424078469
TCTATA,0.05129329438755048
TCTATT,0.10536051565782635
TCTATC,-0.24574338323145062
TCTATG,-0.259957524436926
TCTACA,-0.25270235355575416
TCTACT,0.25131442828090617
TCTACC,0.12821865373387661
TCTACG,-0.2037568375140196
TCTAGA,-0.014706147389695449
TCTAGT,-0.05218575317057019
TCTAGC,0.16862271243579272
TCTAGG,0.01641302964133027
TCTTAA,-0.6151856390902334
TCTTAT,-0.4219944100593748
TCTTAC,-0.7019320101156781
TCTTAG,-0.0953101798043249
TCTTTA,-0.0953101798043249
TCTTTT,0.0054200674693393345
TCTTTC,0.050430853626891904
TCTTTG,-0.0731816172935912
TCTTCA,-0.03571808260207923
TCTTCT,-0.27217788591581565
TCTTCC,-0.16251892949777494
TCTTCG,0.27342521182691587
TCTTGA,0.2539710151094693
TCTTGT,0.11050191515824499
TCTTGC,-0.24620882424520582
TCTTGG,0.17384692980298233
TCTCAA,-0.11099677597202438
TCTCAT,-0.3250435407975902
TCTCAC,-0.24045758338162435
TCTCAG,-0.13831161579751225
TCTCTA,-0.9669838461896733
TCTCTT,-0.1908322464618634
TCTCTC,-1.0544410703549723
TCTCTG,-0.32208349916911333
TCTCCA,-0.46318697026663774
TCTCCT,0.3631161900415894
TCTCCC,-0.12421392598667383
TCTCCG,-0.2876820724517809
TCTCGA,-0.15793010366979554
TCTCGT,-0.07478001518976801
TCTCGC,-0.692537238485531
TCTCGG,0.191442783596135
TCTGAA,-0.29739088657874185
TCTGAT,-0.03761686357130672
TCTGAC,0.2629894598614096
TCTGAG,-0.28995222098632
TCTGTA,-0.14554230529065817
TCTGTT,0.08730948401225781
TCTGTC,-0.4665887141456665
TCTGTG,-0.4033464632478791
TCTGCA,0.14710012183059148
TCTGCT,0.7114963192281419
TCTGCC,-0.038614836127779543
TCTGCG,-0.014354313451683167
TCTGGA,-0.15006069457573323
TCTGGT,0.10536051565782614
TCTGGC,0.043913187089928044
TCTGGG,-0.1832470543148975
TCCAAA,-0.411647508016482
TCCAAT,-0.47889257666298146
TCCAAC,-0.04181027006001504
TCCAAG,-0.1756858323785563
TCCATA,-0.1423162221802555
TCCATT,-0.41767101378766813
TCCATC,-0.06389398357094599
TCCATG,-0.19051832399813312
TCCACA,-0.40147706693020885
TCCACT,-0.7132147436107545
TCCACC,-0.06429435070539725
TCCACG,-0.2466250879175199
TCCAGA,-0.05679759839313319
TCCAGT,-0.2231435513142097
TCCAGC,0.2345722471378325
TCCAGG,-0.26597763786600487
TCCTAA,0.009132483563272472
TCCTAT,-0.0028530689824065106
TCCTAC,-0.15415067982725836
TCCTAG,-0.37275191070186176
TCCTTA,0.05843108343584306
TCCTTT,0.1939139129992713
TCCTTC,0.035228691883743814
TCCTTG,0.18316401682693265
TCCTCA,0.314425397427292
TCCTCT,-0.09855167372849585
TCCTCC,0.1090403726162269
TCCTCG,0.17177495855683322
TCCTGA,0.06992094579950536
TCCTGT,-0.026668247082161294
TCCTGC,0.1255469096285808
TCCTGG,0.22950431787602005
TCCCAA,-0.005865119452398134
TCCCAT,-0.5429949066993822
TCCCAC,-0.3794896217049037
TCCCAG,-0.1476781653216408
TCCCTA,-0.2743118378886092
TCCCTT,-0.03384690537385628
TCCCTC,-0.6220334175038562
TCCCTG,-0.26797700137244856
TCCCCA,-0.30731565232975727
TCCCCT,0.11502242656956325
TCCCCC,-0.6226997633619995
TCCCCG,-0.4206273558478419
TCCCGA,-0.12764873908175162
TCCCGT,-0.4775055398975302
TCCCGC,-0.22057868850929102
TCCCGG,0.021832855830213316
TCCGAA,-0.18330146868030334
TCCGAT,0.06420244316431883
TCCGAC,-0.3299575556000192
TCCGAG,-0.42050298547270487
TCCGTA,-0.2517500632257176
TCCGTT,-0.1617408490939339
TCCGTC,-0.1728786159936725
TCCGTG,-0.4879663296199081
TCCGCA,-0.23003702983362115
TCCGCT,-0.1823215567939547
TCCGCC,-0.2374568689534889
TCCGCG,-0.26510775041324197
TCCGGA,0.026591577604242744
TCCGGT,0.11383514264879858
TCCGGC,0.0661398025045452
TCCGGG,-0.04049541058528188
TCGAAA,0.08183001824763211
TCGAAT,-0.036179656577502356
TCGAAC,0.16593481667918192
TCGAAG,0.20945809822895542
TCGATA,0.34288162180639653
TCGATT,0.025317807984289786
TCGATC,0.43309327522563856
TCGATG,0.4721314954127723
TCGACA,0.5280462215176612
TCGACT,0.3223985094095509
TCGACC,0.37220691687140584
TCGACG,0.4928508867281405
TCGAGA,0.06652068234156243
TCGAGT,0.2395822776573697
TCGAGC,0.1973594341584952
TCGAGG,0.41341743629865946
TCGTAA,-0.4659632197087305
TCGTAT,-0.6086405011853248
TCGTAC,-0.3656907826203531
TCGTAG,0.2279628377501587
TCGTTA,-0.17635138980745088
TCGTTT,-0.35542416203707977
TCGTTC,-0.4840708864571711
TCGTTG,0.4038535042138228
TCGTCA,0.2910633098236503
TCGTCT,-0.10070684697647932
TCGTCC,-0.46067810316140956
TCGTCG,0.5359426083737647
TCGTGA,-0.2984196720854185
TCGTGT,-0.16191268516274754
TCGTGC,-0.36977396117025285
TCGTGG,-0.08438739227754738
TCGCAA,0.06693948267510931
TCGCAT,-0.5570809323322347
TCGCAC,-0.31424909983650273
TCGCAG,-0.002421308689010339
TCGCTA,0.21056476910734964
TCGCTT,0.04879016416943205
TCGCTC,-0.49856899909695146
TCGCTG,0.2698810291658997
TCGCCA,0.1986706947954842
TCGCCT,-0.12978422326607306
TCGCCC,0.05168909886530844
TCGCCG,0.5438715865610245
TCGCGA,-0.12398597978099125
TCGCGT,-0.20025502466743086
TCGCGC,-0.42810007520802407
TCGCGG,0.055210731972354765
TCGGAA,-0.447286602961503
TCGGAT,-0.12004804228723563
TCGGAC,-0.3089420718786303
TCGGAG,-0.009444312842587703
TCGGTA,0.3238851211157417
TCGGTT,0.1639784286622286
TCGGTC,0.21764399574817128
TCGGTG,0.4188067250457385
TCGGCA,0.22602789135829593
TCGGCT,0.4492342663643121
TCGGCC,0.3025202986180447
TCGGCG,0.5551984753089674
TCGGGA,-0.1539105549611748
TCGGGT,0.13407749257438253
TCGGGC,0.12372399319655031
TCGGGG,0.08366769104656663
TGAAAA,-0.03347592919638957
TGAAAT,0.16042029284085374
TGAAAC,-0.021819047394639725
TGAAAG,0.2395822776573697
TGAATA,0.03822121282019767
TGAATT,0.12405264866997882
TGAATC,0.018592833076615925
TGAATG,-0.46867295706003037
TGAACA,-0.0288116972385457
TGAACT,0.3424903089467759
TGAACC,0.3304439317898626
TGAACG,-0.46916994849715815
TGAAGA,0.19885085874516517
TGAAGT,0.06263557099148505
TGAAGC,-0.20407398859385897
TGAAGG,-0.3455220721411309
TGATAA,-0.4382549309311553
TGATAT,-0.018018505502678365
TGATAC,-0.16339354690843585
TGATAG,0.09221972209676814
TGATTA,-0.14286272005340678
TGATTT,0.31610142749156583
TGATTC,-0.14170683763976447
TGATTG,0.025975486403260736
TGATCA,0.6041022492345516
TGATCT,0.5349231753450512
TGATCC,0.21121498044893594
TGATCG,0.46858331856769
TGATGA,0.11883780860130698
TGATGT,0.23601006190745993
TGATGC,0.05769331623301819
TGATGG,0.08223809823697201
TGACAA,0.3595651193609658
TGACAT,0.09228843409047355
TGACAC,-0.009569451016150672
TGACAG,0.10429270989699604
TGACTA,0.014815085785140682
TGACTT,-0.11186989584334316
TGACTC,-0.3592140904574087
TGACTG,-0.1755418698085759
TGACCA,0.5861928436856714
TGACCT,0.34553276738549044
TGACCC,0.02115237500522676
TGACCG,0.4987772852498162
TGACGA,0.4890192647139363
TGACGT,-0.23213526250617386
TGACGC,-0.3068842794357169
TGACGG,-0.0064121467148338385
TGAGAA,-0.07368771579115914
TGAGAT,0.01739174271186924
TGAGAC,-0.3119993801024872
TGAGAG,-0.4472466421231193
TGAGTA,0.11093156070728181
TGAGTT,0.34732033877151197
TGAGTC,-0.17139248626176448
TGAGTG,-0.537265443568969
TGAGCA,-0.09871347293603273
TGAGCT,0.3106095770954856
TGAGCC,0.12569468516372315
TGAGCG,-0.143498115711051
TGAGGA,0.44900819274278014
TGAGGT,0.5438864860268787
TGAGGC,-0.14810359948361343
TGAGGG,-0.18139520193382397
TGTAAA,-0.41150742256412715
TGTAAT,-0.6035350218702582
TGTAAC,-0.21554720442227496
TGTAAG,-0.7192734851521654
TGTATA,0.21319322046104167
TGTATT,-0.300104592450338
TGTATC,-0.13561255882834727
TGTATG,-0.09952959534703305
TGTACA,-0.056512210263342334
TGTACT,-0.23167845376404714
TGTACC,-0.13976194237515874
TGTACG,-0.18360278695000312
TGTAGA,-0.1327246156545825
TGTAGT,0.21184399606027632
TGTAGC,-0.07189773917958162
TGTAGG,-0.35467294126805926
TGTTAA,-0.17911128116370645
TGTTAT,-0.43502391034970866
TGTTAC,-0.06531946612064264
TGTTAG,-0.11908937157043879
TGTTTA,0.023810648693718392
TGTTTT,-0.08040042543803777
TGTTTC,-0.16921520928865408
TGTTTG,0.15860503017663857
TGTTCA,-0.18973448918308006
TGTTCT,0.37676694402142097
TGTTCC,-0.11590711389494757
TGTTCG,0.14494659235189095
TGTTGA,0.4522572696149234
TGTTGT,0.15242802651581214
TGTTGC,0.022668799812712893
TGTTGG,0.27423900219532804
TGTCAA,0.21858080575579153
TGTCAT,0.05490471037476708
TGTCAC,0.2002227671231949
TGTCAG,0.11093156070728162
TGTCTA,0.01910017137341943
TGTCTT,0.05129329438755048
TGTCTC,-0.31424909983650273
TGTCTG,-0.08269171584511341
TGTCCA,-0.05152315302550081
TGTCCT,0.03125254350410453
TGTCCC,-0.40867280933493416
TGTCCG,0.0866118564090059
TGTCGA,0.4338645826298623
TGTCGT,-0.11170398958000129
TGTCGC,0.10977553386694304
TGTCGG,0.3363027594578551
TGTGAA,-0.09992202502688782
TGTGAT,0.12499649017468524
TGTGAC,-0.025923685009791544
TGTGAG,-0.144830947878456
TGTGTA,-0.20459419240307786
TGTGTT,-0.20328668525899957
TGTGTC,0.05726072086341507
TGTGTG,-0.3339179568161162
TGTGCA,-0.09356039808053723
TGTGCT,-0.06049811160056613
TGTGCC,-0.11013481481812676
TGTGCG,-0.5301459747084774
TGTGGA,-0.17792594532091646
TGTGGT,0.23735698856426515
TGTGGC,0.04277702935605843
TGTGGG,-0.07490130817311784
TGCAAA,-0.2083682657320555
TGCAAT,-0.3981658056265529
TGCAAC,-0.17431083304787573
TGCAAG,-0.2409549960438116
TGCATA,-0.21043151572584792
TGCATT,-0.20388231590053224
TGCATC,-0.04799619826825559
TGCATG,-0.5413411676919412
TGCACA,-0.00977351182698018
TGCACT,-0.11160603199555688
TGCACC,-0.045120435280469544
TGCACG,-0.5525652299387559
TGCAGA,0.19095686481830834
TGCAGT,0.004405293467916418
TGCAGC,-0.03069294639940625
TGCAGG,-0.35721827456877897
TGCTAA,-0.02409755157906053
TGCTAT,-0.1915382118988787
TGCTAC,-0.01680711831638129
TGCTAG,0.1392620673335076
TGCTTA,-0.13844355062190036
TGCTTT,-0.19045829818701646
TGCTTC,-0.3397635177052857
TGCTTG,-0.23091812886133978
TGCTCA,0.05019740386691349
TGCTCT,-0.2040143814052145
TGCTCC,-0.3656005095442367
TGCTCG,0.33087093198230216
TGCTGA,0.42758291336178333
TGCTGT,0.34785460009575947
TGCTGC,0.01892800988551886
TGCTGG,0.5380032053940034
TGCCAA,-0.037295784743696894
TGCCAT,-0.24365464481076285
TGCCAC,-0.24873332231320622
TGCCAG,0.0781429473659008
TGCCTA,0.17755680686231545
TGCCTT,-0.0071174677688638785
TGCCTC,-0.3605311356289064
TGCCTG,-0.0535045881324179
TGCCCA,0.23325194063497082
TGCCCT,-0.06543097992059081
TGCCCC,-0.39993606662901876
TGCCCG,0.03788331790230128
TGCCGA,0.402238380434252
TGCCGT,-0.09297645645810464
TGCCGC,0.16614033263248376
TGCCGG,0.2658329600092602
TGCGAA,-0.0929563144569962
TGCGAT,0.12091292866531121
TGCGAC,-0.28396549711449715
TGCGAG,-0.3785576551882401
TGCGTA,-0.3019244291673241
TGCGTT,-0.3873240210375143
TGCGTC,-0.2284796076802616
TGCGTG,-0.40153582996827475
TGCGCA,-0.3823819379252908
TGCGCT,-0.07639971639503536
TGCGCC,-0.07784248676393403
TGCGCG,-0.41676466336209783
TGCGGA,-0.14401545793321519
TGCGGT,0.19353807353763847
TGCGGC,0.045177067370114336
TGCGGG,-0.034779081485737016
TGGAAA,0.06024008037735672
TGGAAT,-0.386685213456568
TGGAAC,-0.4305447925051879
TGGAAG,-0.3300742621415534
TGGATA,0.252413933614323
TGGATT,0.07387489908425986
TGGATC,-0.037434821221133764
TGGATG,-0.23321316409034384
TGGACA,-0.2806149052286884
TGGACT,-0.5773969610529831
TGGACC,-0.07940677760441048
TGGACG,-0.2492513697387043
TGGAGA,-1.1189175548288552
TGGAGT,-0.14396068892150835
TGGAGC,-0.3984639126491807
TGGAGG,-0.26324804711449884
TGGTAA,0.12062798778861472
TGGTAT,-0.026668247082161294
TGGTAC,0.06957852304102605
TGGTAG,0.273639715328742
TGGTTA,-0.04529975922966342
TGGTTT,0.1436004689321057
TGGTTC,0.028399474521697957
TGGTTG,0.2835879009191177
TGGTCA,0.5206779202090023
TGGTCT,0.06575137756278064
TGGTCC,-0.11086259281180957
TGGTCG,0.4577371634625654
TGGTGA,0.4559847080664046
TGGTGT,0.397054629599568
TGGTGC,0.2965260972482338
TGGTGG,0.41081922165289136
TGGCAA,0.24649091531120104
TGGCAT,-0.3308908267830178
TGGCAC,-0.323749418693245
TGGCAG,0.08158317171087001
TGGCTA,0.44976536700474434
TGGCTT,0.23742023767089263
TGGCTC,-0.12568821516349674
TGGCTG,0.2606435235694246
TGGCCA,0.6132854847431798
TGGCCT,0.21399435666062186
TGGCCC,-0.2618613728300382
TGGCCG,0.4800026922507626
TGGCGA,0.1933409520435652
TGGCGT,0.12175432543350279
TGGCGC,-0.10410072965480545
TGGCGG,0.3404342296883062
TGGGAA,-0.28173220364554596
TGGGAT,-0.15452654902920274
TGGGAC,-0.5941157999537665
TGGGAG,-0.24632113962691546
TGGGTA,0.44854869424447613
TGGGTT,0.17027321827778014
TGGGTC,0.1121402026432049
TGGGTG,0.27693923899993156
TGGGCA,0.1954247817923817
TGGGCT,0.05995885987854647
TGGGCC,-0.10742542137799407
TGGGCG,0.08013395271215075
TGGGGA,-0.5923300620861456
TGGGGT,0.07423305815050762
TGGGGC,-0.16806953408675313
TGGGGG,-0.4184753448441792
CAAAAA,-0.19207773173931922
CAAAAT,0.2586945355785287
CAAAAC,0.148667458412727
CAAAAG,0.16173492318556626
CAAATA,0.41136483023535275
CAAATT,0.039665256392431354
CAAATC,-0.11991166653463302
CAAATG,-0.0054644944720788485
CAAACA,0.06859166787073738
CAAACT,0.23786172378823114
CAAACC,0.43311663943867446
CAAACG,-0.17478572610525167
CAAAGA,-0.2033409240180301
CAAAGT,0.18805223150293962
CAAAGC,0.023506447675341317
CAAAGG,-0.08240677496841697
CAATAA,-0.28876843866400176
CAATAT,0.28478771442541634
CAATAC,-0.07534943724178685
CAATAG,0.230826047486226
CAATTA,-0.2682639865946794
CAATTT,0.19485883747562777
CAATTC,-0.02943270678711838
CAATTG,-0.15154989812720093
CAATCA,0.16446004948611953
CAATCT,0.09117588066586992
CAATCC,-0.04029849303127758
CAATCG,-0.10896744822663232
CAATGA,-0.09123131622950391
CAATGT,-0.018144252123403516
CAATGC,0.02034953941527992
CAATGG,-0.22361402885758574
CAACAA,0.45116578735965485
CAACAT,0.11434069146541066
CAACAC,0.059766211729864134
CAACAG,0.10233479474128927
CAACTA,0.4834266495778762
CAACTT,0.125163142954006
CAACTC,0.15748958109277283
CAACTG,0.10964317744982707
CAACCA,0.4955444275308714
CAACCT,0.30501352880342086
CAACCC,0.14908689410597703
CAACCG,0.4243699567100838
CAACGA,0.17811986994025458
CAACGT,-0.06343171416238011
CAACGC,0.15205261131035178
CAACGG,0.2442906944015984
CAAGAA,0.26517308355785835
CAAGAT,0.14536585027152543
CAAGAC,0.0031965930256272726
CAAGAG,-0.5838105165224795
CAAGTA,-0.05129329438755058
CAAGTT,-0.09356039808053723
CAAGTC,-0.0860615589666636
CAAGTG,-0.22483226547854357
CAAGCA,-0.07714437599776568
CAAGCT,0.17937852334745075
CAAGCC,0.23608406258994466
CAAGCG,0.06919020745207133
CAAGGA,0.27211755591066933
CAAGGT,-0.02056627758147697
CAAGGC,-0.2572228649670725
CAAGGG,-0.27973921893784426
CATAAA,-0.2970133998806652
CATAAT,-0.4264553840000003
CATAAC,-0.26444110841233026
CATAAG,-0.31237468504215243
CATATA,-0.24686007793152578
CATATT,-0.14903557916048782
CATATC,0.029522439266321834
CATATG,-0.47915282389932345
CATACA,-0.3519764231571781
CATACT,-0.2729184521461812
CATACC,0.05205636195605313
CATACG,-0.3275035666384524
CATAGA,-0.14518200984449783
CATAGT,-0.21309321546070834
CATAGC,0.22589458468609974
CATAGG,0.0
CATTAA,-0.40546510810816444
CATTAT,-0.20671300991811392
CATTAC,-0.37156355643248296
CATTAG,-0.10564618913498693
CATTTA,-0.10616019582839067
CATTTT,-0.09728451410804251
CATTTC,0.1364914342529993
CATTTG,-0.23777286133016876
CATTCA,-0.42700026065946245
CATTCT,-0.23144235412890482
CATTCC,-0.5858691187728472
CATTCG,-0.2212726433783981
CATTGA,-0.14103989782065063
CATTGT,-0.0883993022644778
CATTGC,-0.05580484116881655
CATTGG,-0.22643225524142763
CATCAA,0.08616606840167904
CATCAT,-0.15976867213148152
CATCAC,-0.05082309839265172
CATCAG,0.28906233492073935
CATCTA,-0.32264075747275106
CATCTT,-0.09024687784777817
CATCTC,-0.17740754199152559
CATCTG,0.17110267318916653
CATCCA,-0.08157998699242287
CATCCT,0.08803334948532274
CATCCC,-0.3265020643013629
CATCCG,-0.2585916919521717
CATCGA,0.6087455159229627
CATCGT,0.35983700190938034
CATCGC,0.16644820763766438
CATCGG,0.2123791847270513
CATGAA,-0.26371288233878465
CATGAT,-0.008604847193518414
CATGAC,-0.24338181355520097
CATGAG,-0.2686668063382934
CATGTA,-0.5683685790450174
CATGTT,-0.16228080591050847
CATGTC,-0.0910127945917786
CATGTG,-0.3338555757300412
CATGCA,-0.575701925687047
CATGCT,-0.11879262685773577
CATGCC,-0.3620149911816397
CATGCG,-0.6719149604541712
CATGGA,-0.616117171528345
CATGGT,0.019782008952038296
CATGGC,-0.06338044341694352
CATGGG,-0.5126843603606159
CACAAA,-0.0037902761737808022
CACAAT,-0.1694181519580468
CACAAC,0.0743376196458322
CACAAG,-0.3273766711367277
CACATA,-0.005982071677547429
CACATT,-0.0027739268827253194
CACATC,0.1564521768155376
CACATG,-0.6320897727974895
CACACA,-0.36414695877743336
CACACT,-0.10186042156504355
CACACC,0.21670889910343047
CACACG,-0.6376531798786043
CACAGA,-0.3764775712349121
CACAGT,-0.003482301835874441
CACAGC,0.22253398104236305
CACAGG,-0.2631331995303681
CACTAA,-0.4795730802618862
CACTAT,0.04987183004017294
CACTAC,0.038614836127779516
CACTAG,0.21029540883636075
CACTTA,-0.3899609215721991
CACTTT,0.12746086265849227
CACTTC,-0.21427315660055704
CACTTG,-0.4614929395778268
CACTCA,-0.5517930622542135
CACTCT,-0.4288017882874001
CACTCC,-0.630176057862387
CACTCG,-0.14595391262307983
CACTGA,0.11301500901835859
CACTGT,-0.1281371228411324
CACTGC,-0.039090767080718535
CACTGG,-0.20493964538172701
CACCAA,0.439058825396314
CACCAT,0.3417492937220567
CACCAC,0.2428315062864292
CACCAG,0.3953712949389455
CACCTA,0.4195887693493017
CACCTT,0.05129329438755048
CACCTC,0.36681939301050476
CACCTG,0.1425948987778694
CACCCA,0.13081399964802262
CACCCT,-0.03885780260674695
CACCCC,-0.19429201335317578
CACCCG,0.14861049945164287
CACCGA,0.4658742359037243
CACCGT,0.28887325782193396
CACCGC,0.3602204754530677
CACCGG,0.4433464045445189
CACGAA,-0.3139470124101049
CACGAT,0.14953173397096384
CACGAC,-0.08449926370010921
CACGAG,-0.5593017668934325
CACGTA,-0.29112441664275374
CACGTT,0.022839491969822736
CACGTC,-0.2470656489056282
CACGTG,-0.8440994736862547
CACGCA,-0.4131452904267932
CACGCT,-0.03339828040184803
CACGCC,0.015113637810048106
CACGCG,-0.7121755143602204
CACGGA,-0.6702117441610621
CACGGT,-0.0031595602903684815
CACGGC,-0.14628752396895964
CACGGG,-0.6822003856594067
CAGAAA,0.07917243970041557
CAGAAT,0.1267517056391438
CAGAAC,0.0208684124347481
CAGAAG,-0.1474052916877267
CAGATA,0.34905101882807305
CAGATT,-0.011794576492837041
CAGATC,0.35967644694248896
CAGATG,0.020408871631207033
CAGACA,0.10320534240984289
CAGACT,-0.09810347770993764
CAGACC,0.14579408523631696
CAGACG,0.017951580804093453
CAGAGA,-0.1032995698378038
CAGAGT,-0.09384282811037503
CAGAGC,-0.42497060273242093
CAGAGG,-0.6507349392163553
CAGTAA,0.3780661339200499
CAGTAT,0.3617900446055028
CAGTAC,0.2917062227515063
CAGTAG,-0.04391923393483549
CAGTTA,0.11031102081768256
CAGTTT,0.06669137449867214
CAGTTC,0.047422678551607214
CAGTTG,-0.02256946954229361
CAGTCA,-0.28946619424528236
CAGTCT,-0.36953309888210106
CAGTCC,-0.3884631529670072
CAGTCG,-0.03793783934039215
CAGTGA,0.1564898621804305
CAGTGT,-0.12245048870387866
CAGTGC,-0.3364722366212129
CAGTGG,-0.08835228547947704
CAGCAA,0.4381593940936704
CAGCAT,0.0765400771223344
CAGCAC,0.3226291025290152
CAGCAG,0.4194234603588712
CAGCTA,0.5907122886834955
CAGCTT,0.25329658948489725
CAGCTC,0.26079317223544984
CAGCTG,0.5330840943669333
CAGCCA,0.211903763564702
CAGCCT,0.17802311603374016
CAGCCC,0.18868321269960278
CAGCCG,0.3857421906681506
CAGCGA,0.2242406441285829
CAGCGT,0.025016194349067024
CAGCGC,0.11471512082504658
CAGCGG,0.4049158084513974
CAGGAA,-0.15534044796284696
CAGGAT,0.4690440897510356
CAGGAC,-0.11958321616053127
CAGGAG,0.031626977177554645
CAGGTA,0.3364722366212129
CAGGTT,0.3503176434432659
CAGGTC,0.34354924278091314
CAGGTG,0.1964334009866359
CAGGCA,0.09614386055290235
CAGGCT,0.3129998804360708
CAGGCC,-0.11548153866810427
CAGGCG,-0.19462183487560628
CAGGGA,-0.5712573629509086
CAGGGT,0.1368154678257124
CAGGGC,-0.0958295254405111
CAGGGG,-0.6183979772204173
CTAAAA,-0.010657294473988093
CTAAAT,-0.3195226783074395
CTAAAC,0.10772738066809233
CTAAAG,-0.153164972502499
CTAATA,-0.33169895786855513
CTAATT,0.24116205681688804
CTAATC,-0.1797139933868737
CTAATG,-0.4005146029483082
CTAACA,0.04652001563489291
CTAACT,0.10227884912041825
CTAACC,0.4895482253187058
CTAACG,0.06602110109779377
CTAAGA,-0.036813973122716434
CTAAGT,-0.15529288440603534
CTAAGC,-0.12014431184206321
CTAAGG,-0.30472353830663257
CTATAA,-0.5643663906940205
CTATAT,-0.30861528211824674
CTATAC,0.15219181534192533
CTATAG,0.10536051565782635
CTATTA,-0.5306282510621704
CTATTT,0.35260161855109645
CTATTC,-0.04529975922966342
CTATTG,0.4347019282931899
CTATCA,-0.2876820724517809
CTATCT,0.17095779814363948
CTATCC,0.3770271727876308
CTATCG,0.14310084364067324
CTATGA,0.0
CTATGT,0.17022114985986725
CTATGC,-0.17381086712604601
CTATGG,-0.07232066157962613
CTACAA,0.018592833076615925
CTACAT,-0.22957444164450025
CTACAC,0.09198238971165006
CTACAG,-0.02786889900879226
CTACTA,0.7798155632056191
CTACTT,0.38020544134892653
CTACTC,0.07955263170195369
CTACTG,0.11886120287672883
CTACCA,0.49643688631389105
CTACCT,0.3338949156069124
CTACCC,0.25489224962879004
CTACCG,0.5273208431351015
CTACGA,0.4013917827205287
CTACGT,0.05365271349232
CTACGC,0.08715455116125373
CTACGG,0.13467490332660148
CTAGAA,0.1749801499355869
CTAGAT,-0.065546077897871
CTAGAC,0.02061928720273561
CTAGAG,-0.18768349993534003
CTAGTA,0.0767871432137703
CTAGTT,0.20037834054119733
CTAGTC,0.01816397062767112
CTAGTG,0.16862271243579272
CTAGCA,0.443854997659807
CTAGCT,0.1975309754574835
CTAGCC,0.4301256699301161
CTAGCG,0.13353139262452257
CTAGGA,-0.2333767275942388
CTAGGT,0.2711527705005703
CTAGGC,0.18336105792705965
CTAGGG,0.02702867238791942
CTTAAA,-0.4741616393943992
CTTAAT,-0.6074336622859153
CTTAAC,-0.820038932414569
CTTAAG,-0.11275248246766736
CTTATA,-0.0062305497506361975
CTTATT,-0.23038995983497687
CTTATC,-0.1260031262037311
CTTATG,-0.05129329438755058
CTTACA,-0.621600029267897
CTTACT,0.0632490303076994
CTTACC,0.24921579162398483
CTTACG,-0.41301231374354735
CTTAGA,-0.4180835720673759
CTTAGT,-0.5845133395571499
CTTAGC,0.07384724995174967
CTTAGG,-0.19237189264745613
CTTTAA,-0.5912528728786052
CTTTAT,0.10536051565782635
CTTTAC,-0.5555258026838976
CTTTAG,-0.24620882424520582
CTTTTA,-0.1902267363010678
CTTTTT,-0.22064042109609114
CTTTTC,-0.05826890812397576
CTTTTG,-0.022329476398088657
CTTTCA,-0.0651065416015799
CTTTCT,0.3144933299024377
CTTTCC,0.12610561592767314
CTTTCG,0.16491299336569076
CTTTGA,0.05608946665104358
CTTTGT,0.20492811142286868
CTTTGC,0.07616136096556395
CTTTGG,-0.07294899964616755
CTTCAA,-0.4390817189071494
CTTCAT,-0.2102609254831961
CTTCAC,0.11428914640212759
CTTCAG,0.005347606326595277
CTTCTA,-0.5394130806179032
CTTCTT,0.15623618631827965
CTTCTC,-0.10169182239384542
CTTCTG,-0.2863654165670341
CTTCCA,-0.0881072675102669
CTTCCT,0.22474740089618428
CTTCCC,-0.1716262676772066
CTTCCG,-0.16635453933908062
CTTCGA,0.24264134702747733
CTTCGT,-0.09630868213391436
CTTCGC,-0.04849798009138548
CTTCGG,0.17291142582787639
CTTGAA,-0.4734698372222218
CTTGAT,0.27663223626519595
CTTGAC,0.36458012344584556
CTTGAG,-0.06453852113757129
CTTGTA,0.015915455305899582
CTTGTT,0.0460439385014068
CTTGTC,0.1997702001289009
CTTGTG,-0.26951810182410973
CTTGCA,-0.32697348446330504
CTTGCT,-0.17459951070004445
CTTGCC,-0.013443070256452968
CTTGCG,-0.16700210826044135
CTTGGA,-0.1823215567939546
CTTGGT,0.3339753564226256
CTTGGC,0.09645177076871664
CTTGGG,-0.12398597978099125
CTCAAA,-0.08972876996612966
CTCAAT,-0.07312226482896261
CTCAAC,0.05185938554334156
CTCAAG,0.009635311983672092
CTCATA,-0.02853630726493436
CTCATT,-0.2853537826921899
CTCATC,0.3419036266184199
CTCATG,-0.5828140042327407
CTCACA,-0.36250407533915996
CTCACT,-0.300104592450338
CTCACC,0.297903626523319
CTCACG,-0.31829561585217625
CTCAGA,-0.27584761480477815
CTCAGT,-0.2025827419337766
CTCAGC,0.0781588385010316
CTCAGG,-0.34796061362797315
CTCTAA,-0.28876843866400176
CTCTAT,-0.08004270767353637
CTCTAC,0.1557545294092328
CTCTAG,0.11296511504304563
CTCTTA,-0.2738366656297279
CTCTTT,-0.21868920096482944
CTCTTC,-0.1190168421053118
CTCTTG,-0.2757692909355388
CTCTCA,-0.7830954172228848
CTCTCT,-0.9328200338253656
CTCTCC,-0.45254440787396694
CTCTCG,-0.18534727771049164
CTCTGA,-0.6931471805599453
CTCTGT,-0.5891407612498483
CTCTGC,-0.24179211039228288
CTCTGG,-0.3744329988604359
CTCCAA,-0.3253266104062967
CTCCAT,-0.19758902892474306
CTCCAC,-0.7395926777701232
CTCCAG,-0.30980398953905147
CTCCTA,0.17131848344962372
CTCCTT,0.47000362924573563
CTCCTC,0.6022219042491792
CTCCTG,0.0789272585896707
CTCCCA,-0.15100287353652733
CTCCCT,-0.12280742926154695
CTCCCC,-0.5275274733839221
CTCCCG,-0.290549578844405
CTCCGA,-0.20059024170290585
CTCCGT,-0.628248234116616
CTCCGC,-0.5026543990197643
CTCCGG,-0.2786087762461061
CTCGAA,-0.20369641637868816
CTCGAT,0.4745649143115733
CTCGAC,0.42242026491482343
CTCGAG,-0.04566271830523707
CTCGTA,-0.19915439494418719
CTCGTT,-0.07844992793675015
CTCGTC,0.06551460711062677
CTCGTG,-0.4906229164484712
CTCGCA,-0.4072492299016658
CTCGCT,-0.31473987062913256
CTCGCC,0.048655038164226755
CTCGCG,-0.3290778933335837
CTCGGA,-0.4583075894825443
CTCGGT,0.17363214657979475
CTCGGC,0.3703143370320511
CTCGGG,0.008281620831722018
CTGAAA,0.26119611585000413
CTGAAT,0.00323102058144654
CTGAAC,-0.017621601349819445
CTGAAG,0.1576863346595662
CTGATA,0.02115237500522676
CTGATT,0.10702026707619057
CTGATC,0.6901214596434083
CTGATG,0.22417714313749235
CTGACA,0.25107232683921993
CTGACT,-0.3640390664538675
CTGACC,0.47851263477544714
CTGACG,0.04154900291287248
CTGAGA,-0.06779812821460862
CTGAGT,-0.0883993022644778
CTGAGC,-0.04720160148429414
CTGAGG,0.14172815982870104
CTGTAA,-0.25408835516363143
CTGTAT,-0.11841775481447446
CTGTAC,-0.21373775302733367
CTGTAG,0.04473589384139152
CTGTTA,0.022195732391784347
CTGTTT,-0.2961566994427532
CTGTTC,0.12937913752375532
CTGTTG,0.33855440282553756
CTGTCA,0.15431736038435728
CTGTCT,-0.39474114474518873
CTGTCC,-0.0631424578087759
CTGTCG,-0.10962726220381695
CTGTGA,0.16585411880391332
CTGTGT,-0.13125607878738713
CTGTGC,-0.3578668938345872
CTGTGG,0.10043439732177059
CTGCAA,-0.002219756738312888
CTGCAT,-0.030153038170687558
CTGCAC,-0.2556261072735141
CTGCAG,0.06252035698133393
CTGCTA,0.12028616587450203
CTGCTT,-0.1430013362024102
CTGCTC,0.45837914839344823
CTGCTG,0.4682660093471948
CTGCCA,0.12417438462484347
CTGCCT,0.08792088137247027
CTGCCC,0.1701295160285926
CTGCCG,0.2144316107121882
CTGCGA,0.15724187239693113
CTGCGT,-0.28868962921208075
CTGCGC,0.04088877025397837
CTGCGG,0.032131278182793196
CTGGAA,-0.0036968618813260916
CTGGAT,0.22697742182493166
CTGGAC,-0.0024559979598700386
CTGGAG,-0.3285040669720361
CTGGTA,0.2291137183007135
CTGGTT,0.2031428846075402
CTGGTC,0.36409154159378204
CTGGTG,0.3678482445368577
CTGGCA,0.1999302289344274
CTGGCT,0.3035480142280984
CTGGCC,0.45461247892543816
CTGGCG,0.23231244153990566
CTGGGA,-0.11755391433564227
CTGGGT,0.3487697644316192
CTGGGC,0.33262778415589817
CTGGGG,-0.22249818181778616
CCAAAA,0.04590970130407795
CCAAAT,0.0027816429618767705
CCAAAC,0.2909972542709062
CCAAAG,-0.07175328567788061
CCAATA,0.17733401528291545
CCAATT,0.060976796498715374
CCAATC,0.05949379592387184
CCAATG,-0.1430291564833969
CCAACA,0.3576152354983742
CCAACT,0.40302905331028316
CCAACC,0.46534781770954164
CCAACG,-0.004879380784093628
CCAAGA,0.008900249470264078
CCAAGT,-0.1423162221802555
CCAAGC,-0.15302518730552378
CCAAGG,-0.08094727580396334
CCATAA,-0.327776529653659
CCATAT,-0.05918887139033065
CCATAC,-0.04348511193973878
CCATAG,0.08814838677670496
CCATTA,0.0025673955052459545
CCATTT,-0.05462108448022522
CCATTC,-0.5373558112752272
CCATTG,-0.22694583726394843
CCATCA,0.10263200100462241
CCATCT,-0.1239369012307617
CCATCC,-0.16591160535907667
CCATCG,0.24846135929849972
CCATGA,-0.19429774784067022
CCATGT,-0.4106599249852683
CCATGC,-0.3930635962922952
CCATGG,0.03900597111133279
CCACAA,-0.11890474076558351
CCACAT,-0.09435278384799761
CCACAC,-0.19839538162501558
CCACAG,0.015223200836288463
CCACTA,-0.09159270340419247
CCACTT,-0.2926696139628201
CCACTC,-0.30717175967343047
CCACTG,-0.2064003900187324
CCACCA,0.46755764351747514
CCACCT,0.38655414382246645
CCACCC,-0.0478560211776351
CCACCG,0.38353003124190865
CCACGA,0.05513839662565604
CCACGT,-0.22284721111349312
CCACGC,-0.19150194913891594
CCACGG,-0.2839317332047371
CCAGAA,0.1265715416894628
CCAGAT,0.3638434334173449
CCAGAC,0.09574505695838434
CCAGAG,-0.21407025510853497
CCAGTA,0.3584401694633015
CCAGTT,0.1165338162559516
CCAGTC,-0.240251278038127
CCAGTG,-0.07776587015341536
CCAGCA,0.5161096519125958
CCAGCT,0.4479236154038773
CCAGCC,0.42344761065859665
CCAGCG,0.24531050990166348
CCAGGA,0.018269320653228203
CCAGGT,0.4270375933622922
CCAGGC,0.06288908854893364
CCAGGG,-0.008246161538658517
CCTAAA,0.15822400521489416
CCTAAT,0.0
CCTAAC,0.40485553783631756
CCTAAG,-0.06297479916138843
CCTATA,0.083381608939051
CCTATT,0.20409535634351522
CCTATC,0.09999857251644097
CCTATG,0.2751032902449208
CCTACA,-0.13531551441802406
CCTACT,0.4093790074293007
CCTACC,0.25771489537929854
CCTACG,0.16358902055761929
CCTAGA,0.0
CCTAGT,-0.014184634991956413
CCTAGC,0.23682365521829002
CCTAGG,-0.11689375147149943
CCTTAA,-0.31985135538517256
CCTTAT,0.03480940466586115
CCTTAC,-0.1658828304507947
CCTTAG,-0.24908973325879488
CCTTTA,-0.4993312443402556
CCTTTT,-0.3364722366212129
CCTTTC,0.20456716574127437
CCTTTG,0.06453852113757116
CCTTCA,-0.2168739383006143
CCTTCT,-0.253090627682162
CCTTCC,-0.0926062574719239
CCTTCG,0.024956731973867458
CCTTGA,0.2345722471378325
CCTTGT,0.010178204915756052
CCTTGC,-0.26458074117838287
CCTTGG,0.03995431550703274
CCTCAA,-0.09270939810426745
CCTCAT,0.05363521583263177
CCTCAC,-0.017586384502075978
CCTCAG,-0.027000601818505856
CCTCTA,0.16598513747426116
CCTCTT,-0.3516624021151882
CCTCTC,-0.0368139731227162
CCTCTG,-0.715445729282401
CCTCCA,-0.3153446901953376
CCTCCT,0.5554299300027447
CCTCCC,-0.30785536757206
CCTCCG,-0.4447859765021523
CCTCGA,0.3581719502063256
CCTCGT,-0.12736659592044103
CCTCGC,-0.2700675257507987
CCTCGG,-0.006478966097709221
CCTGAA,0.1165338162559516
CCTGAT,0.11676314775563801
CCTGAC,0.033362903669121445
CCTGAG,0.026304487886734906
CCTGTA,-0.1387503085003144
CCTGTT,0.13353139262452257
CCTGTC,-0.1320115466547528
CCTGTG,-0.24835497066070578
CCTGCA,-0.3776751109784855
CCTGCT,0.18406220127173875
CCTGCC,0.1448666925897319
CCTGCG,-0.08900631358311079
CCTGGA,-0.09268435772665726
CCTGGT,0.22785387561439302
CCTGGC,0.2905620325520529
CCTGGG,0.05688163553760048
CCCAAA,0.20304768731107162
CCCAAT,0.07540435865840714
CCCAAC,0.13886118538787054
CCCAAG,-0.3498280278027686
CCCATA,-0.13738758431469658
CCCATT,-0.1893391294526011
CCCATC,-0.2603555594064103
CCCATG,-0.43286408229627876
CCCACA,-0.209936723826928
CCCACT,-0.15771574599175456
CCCACC,0.11916697157748701
CCCACG,-0.46423549173785644
CCCAGA,-0.1281598488226118
CCCAGT,-0.15236336925316246
CCCAGC,0.22161410926231156
CCCAGG,-0.0443945526963939
CCCTAA,-0.07864312731911323
CCCTAT,0.039050514871873034
CCCTAC,-0.021713760223784247
CCCTAG,-0.0032206147000422834
CCCTTA,-0.7675797753427149
CCCTTT,-0.033752286804891396
CCCTTC,-0.2545551141533261
CCCTTG,-0.2721551749021086
CCCTCA,-0.3702532264786761
CCCTCT,-0.04335044087361386
CCCTCC,-0.49795970651232546
CCCTCG,-0.5955536942397787
CCCTGA,0.023277684869345627
CCCTGT,-0.4094373079685973
CCCTGC,-0.24707264037254287
CCCTGG,-0.09281641292592228
CCCCAA,-0.1179697595855975
CCCCAT,-0.373638676496487
CCCCAC,-0.293874042699702
CCCCAG,-0.20217332534668628
CCCCTA,-0.09810347770993764
CCCCTT,-0.2276901618238056
CCCCTC,-0.39025568944463557
CCCCTG,-0.676967611683676
CCCCCA,-0.33319533581889815
CCCCCT,-0.7680484887330632
CCCCCC,-1.3106141894609482
CCCCCG,-0.5576060477521279
CCCCGA,-0.041095127947631524
CCCCGT,-0.5834293595331632
CCCCGC,-0.3884087064800099
CCCCGG,-0.23293671124367513
CCCGAA,0.09424565785152976
CCCGAT,0.07474920333952803
CCCGAC,-0.01051364314424795
CCCGAG,-0.1577985034710089
CCCGTA,-0.3248503414152272
CCCGTT,-0.06573055847028401
CCCGTC,-0.1719006208056958
CCCGTG,-0.5471156251711913
CCCGCA,0.03533936644530886
CCCGCT,0.002847652612511697
CCCGCC,0.01793770068666725
CCCGCG,-0.4808572138371465
CCCGGA,-0.07573825962648308
CCCGGT,0.12429151168317701
CCCGGC,0.2161076916705927
CCCGGG,-0.13557556522453715
CCGAAA,0.3540809087616857
CCGAAT,0.4488339477380228
CCGAAC,0.24975009475892218
CCGAAG,0.14857485581670132
CCGATA,0.6761865652529001
CCGATT,0.08004270767353636
CCGATC,0.4005857273240708
CCGATG,0.21539357710726054
CCGACA,0.2840319209892221
CCGACT,0.010850016024065844
CCGACC,0.23185647772113346
CCGACG,0.17409105765743924
CCGAGA,-0.024868066578013423
CCGAGT,-0.06780937573312491
CCGAGC,0.2886716816369473
CCGAGG,-0.03397135726713758
CCGTAA,-0.08818256588009284
CCGTAT,-0.08515780834030671
CCGTAC,-0.1946967742216082
CCGTAG,0.03109058707003118
CCGTTA,0.2172784318618115
CCGTTT,-0.03996726040706587
CCGTTC,-0.41354829299698725
CCGTTG,0.24419696051204215
CCGTCA,0.21877809380456983
CCGTCT,-0.37617431118709904
CCGTCC,-0.11034805716886534
CCGTCG,0.11367258397491942
CCGTGA,-0.13641185548987678
CCGTGT,-0.3634346542263409
CCGTGC,-0.3737913013346196
CCGTGG,-0.30273218365389293
CCGCAA,0.17667381852030803
CCGCAT,-0.09635456632223106
CCGCAC,0.015404669194986455
CCGCAG,0.09819202617921383
CCGCTA,0.28566390829554367
CCGCTT,-0.04478360262697331
CCGCTC,0.034317092924129156
CCGCTG,0.25529057666054544
CCGCCA,0.2996452385100561
CCGCCT,-0.09193749532568561
CCGCCC,-0.15978263110605564
CCGCCG,0.4151167993480549
CCGCGA,0.07936174067412007
CCGCGT,-0.2352439582482972
CCGCGC,-0.13895045162219555
CCGCGG,-0.06218865936944232
CCGGAA,0.15168458733206494
CCGGAT,0.214582419012176
CCGGAC,0.022518863535349824
CCGGAG,-0.05155780966485001
CCGGTA,0.574822286315392
CCGGTT,0.4207395416276106
CCGGTC,0.14144795070237381
CCGGTG,0.3802996663016482
CCGGCA,0.2900991043991416
CCGGCT,0.47285599057691063
CCGGCC,0.2321863722683818
CCGGCG,0.39896157671384846
CCGGGA,-0.049031856013508894
CCGGGT,0.414522395220674
CCGGGC,0.1255116885374461
CCGGGG,-0.17843805676755697
CGAAAA,0.20733775114302172
CGAAAT,0.44744518034904723
CGAAAC,-0.003898640415657309
CGAAAG,0.06931179989022888
CGAATA,0.3566749439387324
CGAATT,0.2088234975394611
CGAATC,0.23079469804972957
CGAATG,-0.3562447438890776
CGAACA,0.04016604172533465
CGAACT,0.189807131046618
CGAACC,0.08013183820525917
CGAACG,-0.06733312006858708
CGAAGA,-0.027502918889626967
CGAAGT,0.1295340521919023
CGAAGC,-0.028726278258396316
CGAAGG,0.25008365889477335
CGATAA,0.2625113341052295
CGATAT,0.4054651081081644
CGATAC,0.41143527509466815
CGATAG,0.4315020818911597
CGATTA,-0.187987294329632
CGATTT,0.33913063428782286
CGATTC,0.21072103131565273
CGATTG,-0.002187386945800511
CGATCA,0.640730019954719
CGATCT,0.25489224962879004
CGATCC,0.2033409240180301
CGATCG,0.3370623812237639
CGATGA,0.41295577983732196
CGATGT,0.16251892949777494
CGATGC,0.2810813884204288
CGATGG,0.3638992043105302
CGACAA,0.44991687067899816
CGACAT,0.14872560736543908
CGACAC,0.2721468063677099
CGACAG,-0.047291587536516695
CGACTA,0.2651917875577092
CGACTT,-0.022329476398088657
CGACTC,-0.0624273985801515
CGACTG,0.011834457647003017
CGACCA,0.3177906856756323
CGACCT,0.28444407717800557
CGACCC,-0.08010817197914714
CGACCG,0.1636476887887891
CGACGA,0.46588954105008007
CGACGT,-0.010622987391287354
CGACGC,-0.03065478064553253
CGACGG,0.19818072322533534
CGAGAA,-0.08035663013726657
CGAGAT,0.07410797215372183
CGAGAC,-0.1909903417304011
CGAGAG,-0.46851442569426766
CGAGTA,0.13353139262452257
CGAGTT,0.3577496350684979
CGAGTC,-0.2881057115176382
CGAGTG,-0.3080097719574514
CGAGCA,0.33918507639237006
CGAGCT,0.35371854858512997
CGAGCC,0.028216960977856802
CGAGCG,-0.16134495546128538
CGAGGA,0.2647735816549108
CGAGGT,0.12379421734666433
CGAGGC,-0.18520518392087296
CGAGGG,-0.3053816495511819
CGTAAA,-0.3217118210380923
CGTAAT,-0.2696635669491026
CGTAAC,0.02292750464370459
CGTAAG,-0.2788193851939357
CGTATA,-0.5252663079207851
CGTATT,-0.14763599880606457
CGTATC,-0.13797356633964625
CGTATG,-0.5782854057779788
CGTACA,-0.30073214189044994
CGTACT,0.08304199270213088
CGTACC,-0.3175875552306856
CGTACG,-0.640410884479002
CGTAGA,-0.13133600206108698
CGTAGT,0.23541364390602415
CGTAGC,0.08716165124041977
CGTAGG,0.08756249301349889
CGTTAA,-0.2123538438928298
CGTTAT,0.16441826530142725
CGTTAC,0.04057102200042862
CGTTAG,0.031933047103009225
CGTTTA,-0.2288415724288474
CGTTTT,-0.5913264916072432
CGTTTC,-0.06955768370191011
CGTTTG,-0.14055214391765958
CGTTCA,-0.14140128700459176
CGTTCT,-0.4620354595965587
CGTTCC,-0.5089006953564063
CGTTCG,-0.22142163956719005
CGTTGA,0.30850340026536643
CGTTGT,0.23940407218599002
CGTTGC,0.0870113769896297
CGTTGG,-0.009778622642231912
CGTCAA,-0.0248975516217272
CGTCAT,-0.11007664992062578
CGTCAC,0.13511995530966045
CGTCAG,0.14460605841793198
CGTCTA,-0.17784727639903367
CGTCTT,-0.16467709281424578
CGTCTC,-0.5027076556635433
CGTCTG,0.06360872097760457
CGTCCA,-0.1823215567939547
CGTCCT,-0.4448314982957189
CGTCCC,-0.2428413183366081
CGTCCG,-0.5851217732517422
CGTCGA,0.47105990538408293
CGTCGT,0.02892099663301747
CGTCGC,-0.039903540083191996
CGTCGG,0.13416651490690745
CGTGAA,-0.14775021272886604
CGTGAT,-0.1211806605896885
CGTGAC,-0.23100728777442434
CGTGAG,-0.17975416128870875
CGTGTA,-0.262364264467491
CGTGTT,-0.07761060270492394
CGTGTC,-0.008298802814695066
CGTGTG,-0.49925898739452523
CGTGCA,-0.42426169910218864
CGTGCT,-0.26911068686634554
CGTGCC,-0.460263837724933
CGTGCG,-0.49760822271578825
CGTGGA,-0.3541718137206139
CGTGGT,0.07666162072625199
CGTGGC,-0.17966198075819576
CGTGGG,-0.5772645119747298
CGCAAA,0.2345722471378325
CGCAAT,-0.1511015394327404
CGCAAC,-0.022638989506965832
CGCAAG,-0.006301940077277123
CGCATA,-0.23880966805860915
CGCATT,-0.5022172492293906
CGCATC,-0.25387524914257975
CGCATG,-0.5240708505160114
CGCACA,-0.44713780450873236
CGCACT,-0.10105548766031475
CGCACC,0.13376885651133918
CGCACG,-0.5838849822310552
CGCAGA,-0.11005535996203403
CGCAGT,-0.14529083758842487
CGCAGC,0.13841342022183092
CGCAGG,-0.06957494368033558
CGCTAA,0.2259564926908245
CGCTAT,-0.012596387685685615
CGCTAC,0.24419696051204215
CGCTAG,0.1703184119325986
CGCTTA,-0.21719999741336163
CGCTTT,-0.2321032926856817
CGCTTC,-0.04111824692947269
CGCTTG,-0.03221361998365496
CGCTCA,-0.04908961019652363
CGCTCT,-0.2686956257510519
CGCTCC,-0.38099664193506866
CGCTCG,-0.07525309879097217
CGCTGA,0.3641014276569047
CGCTGT,-0.11104900347503933
CGCTGC,0.07988792089201852
CGCTGG,0.3016855961795823
CGCCAA,0.26587435464038256
CGCCAT,-0.16152445927252232
CGCCAC,0.042665664580621834
CGCCAG,0.2319400894435457
CGCCTA,0.19824599969248272
CGCCTT,-0.2569515313607409
CGCCTC,-0.29928120829513283
CGCCTG,-0.3486316333449985
CGCCCA,-0.019802627296179643
CGCCCT,-0.3107998815670861
CGCCCC,-0.5095024346877209
CGCCCG,-0.19475404097128923
CGCCGA,0.5925941205887671
CGCCGT,0.06538666491022259
CGCCGC,0.26499865412006995
CGCCGG,0.38646860741750927
CGCGAA,-0.17566595818221856
CGCGAT,0.1588235855266508
CGCGAC,-0.20501296799602522
CGCGAG,-0.22660213045741157
CGCGTA,-0.4122447950935431
CGCGTT,-0.2654540925712671
CGCGTC,-0.2984812154704473
CGCGTG,-0.5642134971840521
CGCGCA,-0.3886579897917832
CGCGCT,-0.15648653626942197
CGCGCC,-0.27978458995938044
CGCGCG,-0.6976823357253366
CGCGGA,-0.5132469324550011
CGCGGT,0.12456549549387637
CGCGGC,-0.0019524900442917782
CGCGGG,-0.38017193096908325
CGGAAA,-0.04428768020111624
CGGAAT,-0.09622803209455377
CGGAAC,-0.33457410254925585
CGGAAG,-0.2231435513142097
CGGATA,0.21644560263008214
CGGATT,0.15064122019098294
CGGATC,0.11675201394392175
CGGATG,-0.17968094263744502
CGGACA,-0.020670952104196484
CGGACT,-0.09833590072086183
CGGACC,-0.17464320021737578
CGGACG,-0.4861622660668396
CGGAGA,-0.1337468866453975
CGGAGT,-0.137470990628603
CGGAGC,-0.2071835317354804
CGGAGG,-0.3896545020815222
CGGTAA,0.31871418169950955
CGGTAT,0.43078291609245434
CGGTAC,0.18262929644863757
CGGTAG,0.7197268183646575
CGGTTA,0.35521827944226814
CGGTTT,0.06838772774685069
CGGTTC,0.2207310049088258
CGGTTG,0.26101382536961965
CGGTCA,0.4689632784050788
CGGTCT,-0.05491575759611465
CGGTCC,-0.24586223983110334
CGGTCG,0.14663363601003213
CGGTGA,0.458198583795973
CGGTGT,0.42988538424461864
CGGTGC,0.1906516100969412
CGGTGG,0.42318144138012065
CGGCAA,0.387211667798814
CGGCAT,0.07555358136824852
CGGCAC,0.109372557147787
CGGCAG,0.036745348026491695
CGGCTA,0.4445086217723291
CGGCTT,0.2095748221081408
CGGCTC,0.1252369464154219
CGGCTG,0.3982310630484246
CGGCCA,0.45971527294086156
CGGCCT,0.29689413809548476
CGGCCC,0.06104946933291521
CGGCCG,0.17423354772945068
CGGCGA,0.5261774757750409
CGGCGT,0.06731853036745684
CGGCGC,0.19561812176015464
CGGCGG,0.42274502370463723
CGGGAA,-0.11623144496496465
CGGGAT,-0.03974032864951411
CGGGAC,-0.14589155876491453
CGGGAG,-0.3421496712261898
CGGGTA,0.2723337955049815
CGGGTT,0.22044449434504476
CGGGTC,0.15566125413262522
CGGGTG,0.172140996861837
CGGGCA,0.07939509645311617
CGGGCT,0.1590057514803378
CGGGCC,-0.043049021051488084
CGGGCG,-0.11836766005187127
CGGGGA,-0.4123548991419801
CGGGGT,0.1596766727288449
CGGGGC,-0.2713884329656805
CGGGGG,-0.7603039154778316
GAAAAA,-0.22407335147417629
GAAAAT,0.31763439473513216
GAAAAC,0.10277986906433471
GAAAAG,0.05860742695347147
GAAATA,0.15460123176098958
GAAATT,0.40047756659712536
GAAATC,0.3904915663180018
GAAATG,0.20438127485868676
GAAACA,-0.15686807280375825
GAAACT,-0.45124775121364114
GAAACC,0.0720587911087862
GAAACG,-0.046717624567459565
GAAAGA,0.2436220826577505
GAAAGT,-0.04196419909903219
GAAAGC,0.0393040499590297
GAAAGG,0.29455924866573685
GAATAA,-0.28995222098632
GAATAT,0.20150437621072853
GAATAC,0.3347495833097668
GAATAG,0.22575111472129067
GAATTA,0.2772107725844855
GAATTT,-0.004158010148663788
GAATTC,0.2726146403296611
GAATTG,-0.05347401348185844
GAATCA,-0.027779564107075706
GAATCT,-0.12188981760903689
GAATCC,0.24586057759844226
GAATCG,0.17358563278844716
GAATGA,-0.6296337748376196
GAATGT,-0.5028872211156328
GAATGC,-0.4790090114305347
GAATGG,-0.40736805825425043
GAACAA,0.17544867750619267
GAACAT,-0.1823215567939546
GAACAC,-0.056695343676545294
GAACAG,0.004662013105811371
GAACTA,0.0937324776627072
GAACTT,-0.08786135579133426
GAACTC,0.2162863815880727
GAACTG,0.22787169251015568
GAACCA,-0.03644127916225591
GAACCT,-0.04317217186520878
GAACCC,-0.07328118417772773
GAACCG,0.2827018365832549
GAACGA,-0.5225375920420167
GAACGT,-0.09980053310595106
GAACGC,-0.3233074895300019
GAACGG,-0.17389284945889924
GAAGAA,0.4324565566504838
GAAGAT,-0.36992017068875305
GAAGAC,0.029156584291455487
GAAGAG,-0.4910570384435678
GAAGTA,-0.03371105734231172
GAAGTT,-0.034685557987889984
GAAGTC,0.11995931507897897
GAAGTG,-0.07913732055872386
GAAGCA,-0.5545006872686523
GAAGCT,0.06488045993385895
GAAGCC,0.09283098604289387
GAAGCG,-0.11139323755761248
GAAGGA,0.230035377352131
GAAGGT,0.3160815469734788
GAAGGC,-0.13440820109805718
GAAGGG,-0.07563741420562008
GATAAA,-0.09880058474409338
GATAAT,-0.02469261259037141
GATAAC,0.2532533527855802
GATAAG,-0.06864193272216358
GATATA,0.153509859555409
GATATT,-0.011363758650315095
GATATC,0.4724758183911247
GATATG,-0.21473621547823643
GATACA,-0.07177968239413085
GATACT,0.023347363996991107
GATACC,0.5659920050746987
GATACG,0.05608946665104358
GATAGA,-0.3190804939093436
GATAGT,-0.1797139933868737
GATAGC,0.5331979215205238
GATAGG,0.45413028008944545
GATTAA,-0.303465940153043
GATTAT,-0.37443299886043574
GATTAC,0.1392620673335076
GATTAG,-0.14795391328974686
GATTTA,-0.05644131090495173
GATTTT,0.554920943631215
GATTTC,0.34450440831847706
GATTTG,0.23249565688449003
GATTCA,0.010869672236903891
GATTCT,0.3044891907681621
GATTCC,0.09512501176379942
GATTCG,0.0411217996491684
GATTGA,0.03804806763752975
GATTGT,-0.16666287386075881
GATTGC,-0.1041208094864798
GATTGG,-0.025630259166334986
GATCAA,0.6067625663611246
GATCAT,0.16459721219941317
GATCAC,0.48935635776155045
GATCAG,0.6224799374810007
GATCTA,0.09309042306601203
GATCTT,0.1278333715098848
GATCTC,0.32698612241081065
GATCTG,0.4550171518381095
GATCCA,0.021590632592367452
GATCCT,0.4117347211217597
GATCCC,-0.19268434382950125
GATCCG,0.2089278936601963
GATCGA,0.2572553858210728
GATCGT,0.049316618511678095
GATCGC,0.3063615848582705
GATCGG,0.36865113498544805
GATGAA,-0.040593396965253555
GATGAT,0.20795338582023468
GATGAC,0.1839896138946517
GATGAG,0.12456272264176226
GATGTA,-0.1471576443362877
GATGTT,0.07174390485884131
GATGTC,0.2753144236431193
GATGTG,-0.05509138224616123
GATGCA,0.02852808361453803
GATGCT,0.02709648968813851
GATGCC,0.23751574466386802
GATGCG,-0.059220506448304504
GATGGA,-0.35623367012117246
GATGGT,0.5013767345680582
GATGGC,0.11050191515824499
GATGGG,-0.0805159684490522
GACAAA,0.17192128217616537
GACAAT,0.18924199963852834
GACAAC,0.4988604557077176
GACAAG,0.2097205309820691
GACATA,-0.05210691679542583
GACATT,0.10825069108005979
GACATC,0.08656801630845902
GACATG,-0.026742026947669563
GACACA,-0.10436001532424276
GACACT,-0.20382776201491812
GACACC,0.29806442149399887
GACACG,-0.03838424300831522
GACAGA,-0.5745683738162661
GACAGT,-0.13558407894226474
GACAGC,0.2388096680586091
GACAGG,-0.26391705981055186
GACTAA,-0.22884157242884753
GACTAT,0.09706171284313124
GACTAC,0.28857135663666506
GACTAG,0.0502618347808883
GACTTA,-0.5038010088290262
GACTTT,-0.11154137473290744
GACTTC,0.141563564321787
GACTTG,-0.07478001518976801
GACTCA,-0.138066547789914
GACTCT,-0.4108925298435296
GACTCC,-0.17745536714278173
GACTCG,-0.2218729031127542
GACTGA,-0.38340539004343216
GACTGT,-0.30555419721790267
GACTGC,-0.007506005899055307
GACTGG,0.022756987122616278
GACCAA,0.1955116126521237
GACCAT,-0.023434592547744076
GACCAC,0.31015492830383945
GACCAG,0.47930786344558557
GACCTA,0.2767962648065299
GACCTT,-0.1432066581479411
GACCTC,0.2168683178128121
GACCTG,0.40465898150263974
GACCCA,-0.266835210812258
GACCCT,-0.3974329364109
GACCCC,-0.38697459671053197
GACCCG,0.07658464139516419
GACCGA,0.17587181294606857
GACCGT,-0.2995165300987837
GACCGC,0.18933751518375597
GACCGG,0.3067881681888496
GACGAA,0.05508996631796004
GACGAT,0.5217376572169733
GACGAC,0.23927293324409335
GACGAG,-0.011878851778106067
GACGTA,-0.4145738243064047
GACGTT,-0.16616611657166938
GACGTC,-0.04906223599807263
GACGTG,-0.431991862441593
GACGCA,-0.23111172096338656
GACGCT,-0.11269072675267074
GACGCC,-0.07356256717701673
GACGCG,-0.26209047938706764
GACGGA,-0.48502186776857437
GACGGT,0.35014324207551734
GACGGC,0.06392061053839876
GACGGG,-0.4058843074435842
GAGAAA,0.0065789710980425605
GAGAAT,-0.08534331988893275
GAGAAC,-0.12111082574905804
GAGAAG,-0.17286841415019943
GAGATA,-0.3925617032722565
GAGATT,0.16515629366386048
GAGATC,0.24296683998085888
GAGATG,-0.3192216820074216
GAGACA,-0.48172709294179467
GAGACT,-0.21868920096482958
GAGACC,-0.0749925365634561
GAGACG,-0.32408050432604957
GAGAGA,-0.6431367599852839
GAGAGT,-0.24512245803298496
GAGAGC,-0.6249304053478825
GAGAGG,-0.16927384140147905
GAGTAA,-0.1424756482467549
GAGTAT,-0.15750638767423059
GAGTAC,0.062242308877221
GAGTAG,0.3666451162585824
GAGTTA,0.03480940466586115
GAGTTT,0.22314355131420976
GAGTTC,0.16251892949777494
GAGTTG,0.3485777337061131
GAGTCA,-0.25327329276623894
GAGTCT,0.012578782206859965
GAGTCC,-0.5852192693968732
GAGTCG,-0.14549992432818015
GAGTGA,-0.535418679384803
GAGTGT,-0.30294954458256934
GAGTGC,-0.6093527181092158
GAGTGG,-0.2828316183180315
GAGCAA,0.02020270731751947
GAGCAT,-0.4583980831254277
GAGCAC,-0.13739986940244298
GAGCAG,0.4142979731066732
GAGCTA,0.09309042306601183
GAGCTT,-0.010610179112015459
GAGCTC,-0.3287897404491967
GAGCTG,0.4347973735111161
GAGCCA,0.043228734550820214
GAGCCT,-0.1548149110041212
GAGCCC,-0.15361145091152323
GAGCCG,0.15333800200926792
GAGCGA,-0.6264558060612732
GAGCGT,-0.1434294281485233
GAGCGC,-0.3617563513155182
GAGCGG,-0.1611673055650783
GAGGAA,0.12340224214298533
GAGGAT,0.1196743579630965
GAGGAC,-0.21638811135756097
GAGGAG,0.643229239119745
GAGGTA,0.31610142749156583
GAGGTT,0.09221972209676814
GAGGTC,0.246353876958935
GAGGTG,0.2522247606150515
GAGGCA,-0.2836740510542422
GAGGCT,-0.12907704227514236
GAGGCC,-0.29310213992112005
GAGGCG,-0.37901392202099465
GAGGGA,-0.7074672343346938
GAGGGT,-0.1583625765447077
GAGGGC,-0.2206577055375018
GAGGGG,-0.6063548376309875
GTAAAA,-0.4700036292457356
GTAAAT,-0.12842578858882234
GTAAAC,-0.12442757837505196
GTAAAG,-0.2926696139628201
GTAATA,-0.31724087469332546
GTAATT,0.0771896386911301
GTAATC,0.2554391460055603
GTAATG,-0.2602252262187417
GTAACA,-0.3886579897917832
GTAACT,-0.0346855579878901
GTAACC,0.46454487120198434
GTAACG,0.12945806723688677
GTAAGA,-0.31237468504215243
GTAAGT,-0.02259983191724092
GTAAGC,-0.11062962833783826
GTAAGG,-0.17089286097033188
GTATAA,-0.7030975114131134
GTATAT,-0.055569851154810765
GTATAC,-0.16211884947643512
GTATAG,0.0
GTATTA,-0.48905182421643006
GTATTT,-0.3093212475552622
GTATTC,0.37441376827611395
GTATTG,0.15754626882839656
GTATCA,-0.3053816495511819
GTATCT,0.31197476502082544
GTATCC,-0.1626855822770957
GTATCG,0.2219974193835872
GTATGA,-0.2668789448220176
GTATGT,-0.29053514143418735
GTATGC,-0.21667103680859223
GTATGG,-0.17055671521436816
GTACAA,-0.4598718303153286
GTACAT,-0.1296778233085326
GTACAC,0.0889789132859403
GTACAG,0.018197359051907513
GTACTA,-0.2546422183735808
GTACTT,-0.4462871026284195
GTACTC,0.19470561599367617
GTACTG,0.34989525695335355
GTACCA,-0.10145459237666585
GTACCT,-0.02265802389258399
GTACCC,0.15497610290342578
GTACCG,0.16473278915779535
GTACGA,-0.3975910516772586
GTACGT,-0.5567545556543904
GTACGC,-0.27810023039930565
GTACGG,-0.262364264467491
GTAGAA,0.22884157242884745
GTAGAT,-0.05931657715641962
GTAGAC,0.1035103763696649
GTAGAG,-0.09134977858822796
GTAGTA,0.7111656860626235
GTAGTT,0.31197476502082544
GTAGTC,0.12315457945829433
GTAGTG,0.10008345855698263
GTAGCA,-0.166473364553931
GTAGCT,0.2983669725517973
GTAGCC,0.4465220926424254
GTAGCG,0.3960008335255777
GTAGGA,-0.29709707138638275
GTAGGT,0.33049016494366545
GTAGGC,0.44101609237248324
GTAGGG,-0.2623642644674911
GTTAAA,-0.6199437765366503
GTTAAT,0.10219094089654716
GTTAAC,-0.054580568304136275
GTTAAG,-0.34383423306228195
GTTATA,-0.11531084651099437
GTTATT,-0.36211466723455066
GTTATC,0.4436863209283621
GTTATG,-0.45579019199568016
GTTACA,-0.31458952537170537
GTTACT,0.03103210924772846
GTTACC,0.43238676567442885
GTTACG,-0.03822121282019774
GTTAGA,-0.34536118403845895
GTTAGT,-0.08486622064324165
GTTAGC,0.42052641592526513
GTTAGG,0.20935022918187396
GTTTAA,-0.8513711857748393
GTTTAT,-0.19313247289817023
GTTTAC,0.19685285608249212
GTTTAG,0.2258066687336935
GTTTTA,-0.587786664902119
GTTTTT,-0.6912222521503609
GTTTTC,-0.025017762975287874
GTTTTG,0.45366720992604215
GTTTCA,-0.23167845376404714
GTTTCT,-0.40212620684264977
GTTTCC,0.3057548535114754
GTTTCG,-0.02971289731851176
GTTTGA,0.3748848553181556
GTTTGT,-0.028749413285985823
GTTTGC,0.14591220337821953
GTTTGG,0.02605067719994255
GTTCAA,0.03533936644530886
GTTCAT,0.15600424847658118
GTTCAC,0.06711493666275126
GTTCAG,0.17253905341453787
GTTCTA,0.010582109330537008
GTTCTT,0.21592330334072274
GTTCTC,-0.14445128273854482
GTTCTG,-0.07932688802951361
GTTCCA,-0.21574784935308072
GTTCCT,-0.25966156011960595
GTTCCC,-0.1977778150306465
GTTCCG,-0.35592466254802824
GTTCGA,0.17450901705716096
GTTCGT,-0.059458069905152185
GTTCGC,-0.09132809390520294
GTTCGG,0.018298264911413082
GTTGAA,0.19311126421533487
GTTGAT,0.395789842584746
GTTGAC,0.3613544096606913
GTTGAG,0.24583496251628056
GTTGTA,0.06142281262640614
GTTGTT,0.23787924996796286
GTTGTC,0.3263965846324714
GTTGTG,0.0017256259674698574
GTTGCA,-0.17046705725940617
GTTGCT,0.14600782243198268
GTTGCC,0.32837723584750816
GTTGCG,0.01197619104671562
GTTGGA,-0.24268470652104507
GTTGGT,0.3047421951970893
GTTGGC,0.5508679303734089
GTTGGG,0.0021299262578250706
GTCAAA,0.2792882803233122
GTCAAT,0.20585205420414882
GTCAAC,0.3413489734605056
GTCAAG,0.22314355131420976
GTCATA,0.14585187701256333
GTCATT,-0.3820036214291665
GTCATC,0.2258066687336935
GTCATG,-0.10118514424734563
GTCACA,0.23852847015368922
GTCACT,-0.06915746699386571
GTCACC,0.4171046377804363
GTCACG,-0.09695176704027679
GTCAGA,-0.16968497278944247
GTCAGT,-0.04310510053482374
GTCAGC,0.5074161421133703
GTCAGG,0.20639274088939427
GTCTAA,-0.32315646064544074
GTCTAT,-0.3980301296206464
GTCTAC,0.18911380272789838
GTCTAG,-0.048790164169432056
GTCTTA,-0.5690945318899665
GTCTTT,0.1175877422273867
GTCTTC,-0.1601476992996326
GTCTTG,0.07379081388909059
GTCTCA,-0.19533179352996943
GTCTCT,-0.8021374642683502
GTCTCC,-0.0810302227428541
GTCTCG,-0.35888404054859074
GTCTGA,0.1752438591537522
GTCTGT,-0.24597940856593223
GTCTGC,0.2571373071299224
GTCTGG,-0.024077543375696515
GTCCAA,-0.41179424315981195
GTCCAT,-0.1602037515403357
GTCCAC,-0.33778199450327656
GTCCAG,0.06765112970508844
GTCCTA,-0.4958757190713308
GTCCTT,-0.6228779847133892
GTCCTC,-0.11316779720433123
GTCCTG,-0.07417118128114099
GTCCCA,-0.6541617338469917
GTCCCT,-0.5108256237659907
GTCCCC,-0.28087323052245056
GTCCCG,-0.20843270079764037
GTCCGA,-0.29471374381546167
GTCCGT,-0.668827874905245
GTCCGC,-0.3410813566404688
GTCCGG,0.022713639845902103
GTCGAA,0.3653706509062863
GTCGAT,0.4954800540913302
GTCGAC,0.4284066773505711
GTCGAG,0.3674311374862965
GTCGTA,-0.09281641292592228
GTCGTT,-0.02805795279515738
GTCGTC,0.08194024144972767
GTCGTG,-0.23162362268943576
GTCGCA,-0.18587215651697817
GTCGCT,0.006042314455962662
GTCGCC,0.25644598321714857
GTCGCG,-0.11030454201470603
GTCGGA,-0.2111313948662062
GTCGGT,0.3361304147071002
GTCGGC,0.46136099514898893
GTCGGG,-0.00628274317949518
GTGAAA,0.12136085700426734
GTGAAT,-0.06360524995457277
GTGAAC,0.19455609446229713
GTGAAG,-0.20892530231193054
GTGATA,-0.009049835519917927
GTGATT,0.020461071871340025
GTGATC,0.3988830439125238
GTGATG,-0.012959144642505228
GTGACA,-0.004705891037412617
GTGACT,-0.22196638814119504
GTGACC,0.19789676857942584
GTGACG,-0.1543259493045276
GTGAGA,-0.2556528298795042
GTGAGT,-0.10265415406008334
GTGAGC,0.10394608826501564
GTGAGG,0.18782687938930995
GTGTAA,-0.5690945318899665
GTGTAT,-0.05406722127027582
GTGTAC,-0.028381292538225026
GTGTAG,-0.06152918994686168
GTGTTA,-0.29898162770571424
GTGTTT,0.30482158232847695
GTGTTC,0.0711137630560891
GTGTTG,0.16973917747126202
GTGTCA,-0.04348511193973889
GTGTCT,-0.01494157999819914
GTGTCC,-0.1585190049712004
GTGTCG,0.3734735064348028
GTGTGA,-0.17944385696633947
GTGTGT,-0.2918400826004446
GTGTGC,-0.09094574298006497
GTGTGG,0.07747026167599398
GTGCAA,-0.27182670066198683
GTGCAT,-0.15666851581959926
GTGCAC,-0.0986306034416273
GTGCAG,-0.14211844910443722
GTGCTA,-0.08730373191058366
GTGCTT,-0.40228545519078474
GTGCTC,-0.1823215567939547
GTGCTG,0.28404028726476555
GTGCCA,-0.22785683576630794
GTGCCT,-0.442626088298435
GTGCCC,-0.14107859825990549
GTGCCG,0.008168867753795871
GTGCGA,-0.3681093215643956
GTGCGT,-0.5010299028088361
GTGCGC,-0.4804143652635743
GTGCGG,-0.07635699400208658
GTGGAA,-0.40853730714513453
GTGGAT,-0.03382986451840487
GTGGAC,-0.14518200984449783
GTGGAG,-0.4999979851139272
GTGGTA,0.13055076448638486
GTGGTT,0.10332385507602282
GTGGTC,0.3247537277249923
GTGGTG,0.40381358006969137
GTGGCA,-0.1871408432299036
GTGGCT,-0.012519725344927709
GTGGCC,0.2506537416510236
GTGGCG,0.10940910418382646
GTGGGA,-0.46618537336592314
GTGGGT,0.15958206982446507
GTGGGC,-0.11107232749820116
GTGGGG,-0.23944826033915345
GCAAAA,0.3470363151009636
GCAAAT,-0.008934328733765855
GCAAAC,-0.04644549721017786
GCAAAG,0.09631068013790824
GCAATA,-0.060855275721274846
GCAATT,-0.16524957289530717
GCAATC,0.11637557588850367
GCAATG,-0.12490735576754945
GCAACA,0.06057691303085303
GCAACT,-0.09855167372849585
GCAACC,0.24329835329266997
GCAACG,0.07537968344589034
GCAAGA,-0.1283094486433709
GCAAGT,-0.3748950420234864
GCAAGC,0.4244975402774935
GCAAGG,-0.2515366258154277
GCATAA,-0.3048416927346072
GCATAT,-0.3277232744279774
GCATAC,-0.43153734841793945
GCATAG,-0.24294617861038947
GCATTA,-0.6744550475477927
GCATTT,-0.31196120560686313
GCATTC,-0.3776303091147205
GCATTG,-0.057629112836636416
GCATCA,-0.2008406045611922
GCATCT,-0.10582552380384778
GCATCC,-0.294878339322376
GCATCG,0.2261653537431262
GCATGA,-0.27123171475281194
GCATGT,-0.1806018659144281
GCATGC,-0.4741616393943992
GCATGG,-0.4099746986141395
GCACAA,-0.14260227700938133
GCACAT,-0.1906203596086497
GCACAC,-0.20555385828722308
GCACAG,-0.1075723534544266
GCACTA,0.053725399356163064
GCACTT,-0.23674920336998834
GCACTC,-0.4389267482221271
GCACTG,-0.02385121582217991
GCACCA,0.1397873234079142
GCACCT,0.09933186137767046
GCACCC,-0.044899507065459976
GCACCG,0.28287237746793
GCACGA,-0.27773341944955415
GCACGT,-0.5498746188798701
GCACGC,-0.5158131652770297
GCACGG,-0.37429114080336967
GCAGAA,0.03898544671295381
GCAGAT,0.12076914101067147
GCAGAC,0.32795142810745975
GCAGAG,-0.1924898102232074
GCAGTA,0.09218075321341643
GCAGTT,-0.03901390930599276
GCAGTC,-0.23794866695991784
GCAGTG,-0.1746586840483855
GCAGCA,0.23346230751558503
GCAGCT,0.2825058713664536
GCAGCC,0.086239474211048
GCAGCG,0.15303398512718333
GCAGGA,0.19256492420871563
GCAGGT,0.22998508313092642
GCAGGC,0.012248622076199239
GCAGGG,-0.4214819837094483
GCTAAA,0.09335556956100309
GCTAAT,-0.09769966720170621
GCTAAC,0.49383679817952075
GCTAAG,-0.056089466651043585
GCTATA,-0.2013697517646492
GCTATT,0.17733401528291545
GCTATC,0.2291858657701724
GCTATG,-0.1823215567939547
GCTACA,0.08304199270213088
GCTACT,0.318632318492882
GCTACC,0.5668953058707427
GCTACG,0.23132913590064913
GCTAGA,-0.10966940088221372
GCTAGT,0.4147183135886476
GCTAGC,0.45790322231164826
GCTAGG,0.24536668809891993
GCTTAA,-0.4824261492442928
GCTTAT,0.057432049085875396
GCTTAC,0.12349786363494471
GCTTAG,-0.1087589896169379
GCTTTA,-0.20972053098206914
GCTTTT,0.04870820031544572
GCTTTC,0.08108491725198014
GCTTTG,0.0992066500834481
GCTTCA,-0.10393092284823188
GCTTCT,-0.26105963284082606
GCTTCC,0.01641302964133005
GCTTCG,0.03254640675820116
GCTTGA,-0.08004270767353637
GCTTGT,-0.03765419162894556
GCTTGC,0.10784653309728824
GCTTGG,0.08146094645898068
GCTCAA,0.05946550004327846
GCTCAT,-0.02289381986585262
GCTCAC,-0.03881999184958198
GCTCAG,-0.11034805716886534
GCTCTA,0.1520695136234338
GCTCTT,-0.2282915678316111
GCTCTC,-0.5048619302979412
GCTCTG,-0.23450730996452493
GCTCCA,-0.4880362621350594
GCTCCT,0.3708730054440248
GCTCCC,-0.2965839388476528
GCTCCG,-0.48675443967055104
GCTCGA,0.20005360195290484
GCTCGT,-0.21511137961694543
GCTCGC,0.028549378106718412
GCTCGG,0.16780379540773627
GCTGAA,0.3276562500496965
GCTGAT,0.6921624438974058
GCTGAC,0.3910244239533699
GCTGAG,0.12626720047713993
GCTGTA,-0.21349717426240428
GCTGTT,0.0982502774753216
GCTGTC,0.14065829773885014
GCTGTG,0.27925742279252935
GCTGCA,-0.04909342421724522
GCTGCT,0.22234259011800503
GCTGCC,0.32513487886852993
GCTGCG,0.08937106121280976
GCTGGA,0.1154420279544098
GCTGGT,0.5220526863597742
GCTGGC,0.581059960341007
GCTGGG,0.3225306579532319
GCCAAA,0.04315949446078041
GCCAAT,0.04556808790951082
GCCAAC,0.5193074388218999
GCCAAG,-0.029199154692262353
GCCATA,-0.06693948267510938
GCCATT,-0.18623545611509096
GCCATC,0.032435275753153955
GCCATG,-0.2142808640563644
GCCACA,-0.027069321968218027
GCCACT,-0.2631331995303681
GCCACC,0.44885322298860164
GCCACG,-0.142257576313306
GCCAGA,0.194994108047721
GCCAGT,0.012864346913003139
GCCAGC,0.47877293189901954
GCCAGG,0.32391977055009297
GCCTAA,0.16515629366386048
GCCTAT,0.23186200235409068
GCCTAC,0.43697837381424104
GCCTAG,0.21889124157567932
GCCTTA,0.1278333715098848
GCCTTT,-0.01756632371789928
GCCTTC,-0.10631658022154696
GCCTTG,0.020931836041035642
GCCTCA,-0.32621573645402385
GCCTCT,-0.5176770987150926
GCCTCC,-0.4171301396386674
GCCTCG,-0.051095036850361215
GCCTGA,-0.08016984517291305
GCCTGT,0.047628048989254664
GCCTGC,-0.13383474466689133
GCCTGG,0.0751341395090339
GCCCAA,0.04714677842570208
GCCCAT,-0.19832189814039575
GCCCAC,-0.07068734149418512
GCCCAG,0.2322207694653263
GCCCTA,-0.05952597931402686
GCCCTT,-0.47852883006909525
GCCCTC,-0.39225487637135803
GCCCTG,0.001087547687398919
GCCCCA,-0.3157167745697614
GCCCCT,-0.587175977860239
GCCCCC,-0.5563637525490454
GCCCCG,-0.15537692155050264
GCCCGA,-0.007541214544135591
GCCCGT,-0.17552017030332367
GCCCGC,-0.1328732813799733
GCCCGG,0.14022690306033658
GCCGAA,0.5683749680253043
GCCGAT,0.5853118536690498
GCCGAC,0.4370113099295812
GCCGAG,0.3418781264972928
GCCGTA,-0.07232066157962601
GCCGTT,0.06992823775101385
GCCGTC,0.04809783631610962
GCCGTG,-0.21579748599034423
GCCGCA,0.024380161408326193
GCCGCT,0.36041948752774944
GCCGCC,0.363601196835277
GCCGCG,0.10301349027197283
GCCGGA,0.127833371509885
GCCGGT,0.5273084089894453
GCCGGC,0.4216644788398683
GCCGGG,0.1757059337797287
GCGAAA,0.09933186137767046
GCGAAT,-0.1734326093767086
GCGAAC,-0.07145896398214498
GCGAAG,0.10194754306158632
GCGATA,0.2723244167974611
GCGATT,0.15197912631375032
GCGATC,0.36426935166989705
GCGATG,0.19907882590417417
GCGACA,-0.049271049006782794
GCGACT,-0.10598532042666829
GCGACC,-0.05637330605391294
GCGACG,-0.01905842143576355
GCGAGA,-0.5645099966395533
GCGAGT,-0.2823713855145431
GCGAGC,0.05783090882158102
GCGAGG,-0.2365251200100411
GCGTAA,-0.14678773239956436
GCGTAT,-0.34347343208019643
GCGTAC,-0.2977870943099756
GCGTAG,0.11867629163359833
GCGTTA,-0.2332416472212115
GCGTTT,-0.3205567813153135
GCGTTC,-0.2845124976905019
GCGTTG,-0.0029083878959570812
GCGTCA,-0.22672686715249346
GCGTCT,-0.06765864847381481
GCGTCC,-0.5327394411496306
GCGTCG,-0.07318654900176227
GCGTGA,-0.17585226326851364
GCGTGT,-0.08774775404794168
GCGTGC,-0.4571435135161308
GCGTGG,-0.2521213201299868
GCGCAA,-0.19980451957430215
GCGCAT,-0.46460830592749885
GCGCAC,-0.344224213425531
GCGCAG,0.02903378285564092
GCGCTA,-0.07563741420561995
GCGCTT,-0.1306864404922913
GCGCTC,-0.2849385865060301
GCGCTG,0.13010200529798888
GCGCCA,-0.06558662939828203
GCGCCT,-0.36707267706993
GCGCCC,-0.5101938452886219
GCGCCG,0.1862637432396937
GCGCGA,-0.21466046651027995
GCGCGT,-0.5485269646340742
GCGCGC,-0.5816834218624545
GCGCGG,-0.24964984196229772
GCGGAA,-0.24853278531902928
GCGGAT,0.07335778457165254
GCGGAC,-0.3082018026829574
GCGGAG,-0.3456734725956214
GCGGTA,0.4278124068001609
GCGGTT,0.14681722933617253
GCGGTC,0.14452636063189447
GCGGTG,0.2362287908628651
GCGGCA,0.08947708135770925
GCGGCT,0.10231057047999834
GCGGCC,0.23441371828524946
GCGGCG,0.20710042647363405
GCGGGA,-0.13647516866853598
GCGGGT,0.27484178597860365
GCGGGC,-0.03513699129628636
GCGGGG,-0.49683702454880013
GGAAAA,-0.06705551214672525
GGAAAT,0.19388819316542005
GGAAAC,-0.23529168524985722
GGAAAG,0.0919013622838215
GGAATA,0.09221972209676814
GGAATT,0.04019088058324528
GGAATC,-0.07011504862813832
GGAATG,-0.6951060450452784
GGAACA,-0.1750938536725015
GGAACT,-0.15091965924581177
GGAACC,-0.1567684823693372
GGAACG,-0.6017305101023991
GGAAGA,-0.20136975176464905
GGAAGT,-0.27274049245358195
GGAAGC,-0.11348531464399811
GGAAGG,0.013958352250706855
GGATAA,-0.029296369488430823
GGATAT,0.004662013105811371
GGATAC,0.06305813596713701
GGATAG,0.3182825129004979
GGATTA,0.030698986888806686
GGATTT,0.4806725855953032
GGATTC,0.043228734550820214
GGATTG,-0.2496252386900613
GGATCA,0.1943288404344171
GGATCT,0.21936282847430366
GGATCC,-0.10536051565782628
GGATCG,0.07974664321391196
GGATGA,-0.20294084399669043
GGATGT,-0.08122543992258587
GGATGC,-0.1568316465805161
GGATGG,-0.13102826240640414
GGACAA,0.06972200021046761
GGACAT,-0.09531017980432477
GGACAC,-0.4256678154256838
GGACAG,-0.1807329941088168
GGACTA,-0.15822400521489416
GGACTT,-0.14458122881110755
GGACTC,-0.389505088529435
GGACTG,-0.3356315472064198
GGACCA,-0.046998370104669736
GGACCT,-0.041355185681913945
GGACCC,-0.4662891118413198
GGACCG,-0.18395421021783995
GGACGA,-0.27026944397460423
GGACGT,-0.5596157879354228
GGACGC,-0.41996619879896424
GGACGG,-0.45055196775111334
GGAGAA,-0.03069294639940625
GGAGAT,-0.24387944979338808
GGAGAC,-0.2352439582482972
GGAGAG,-0.3638712108093273
GGAGTA,0.18508398948986468
GGAGTT,0.15320415822322742
GGAGTC,-0.31947466025264176
GGAGTG,-0.4427365029053959
GGAGCA,-0.11624929302443483
GGAGCT,-0.18130477988886767
GGAGCC,0.04886709020508667
GGAGCG,-0.4799539600989036
GGAGGA,0.14780230975248018
GGAGGT,0.3328424685706342
GGAGGC,-0.4404031594694448
GGAGGG,-0.6095127590800458
GGTAAA,0.03940254786602904
GGTAAT,0.46683405448445653
GGTAAC,0.4076413875307599
GGTAAG,-0.014184634991956525
GGTATA,-0.15544853854285817
GGTATT,0.3323428432792017
GGTATC,0.2804618244782939
GGTATG,0.0060790460763821925
GGTACA,-0.03787027405540985
GGTACT,0.09759348632016666
GGTACC,0.5937398337715503
GGTACG,-0.1889284708696957
GGTAGA,0.35451278093423727
GGTAGT,0.38918051434366385
GGTAGC,0.7108860048973267
GGTAGG,0.33863142874479735
GGTTAA,-0.43466426280042675
GGTTAT,0.0755075525081453
GGTTAC,0.2808677360320508
GGTTAG,0.3995999886557663
GGTTTA,0.03144152583481888
GGTTTT,0.4120907830803016
GGTTTC,0.12703624113686654
GGTTTG,0.36464311358790924
GGTTCA,0.41148318043372734
GGTTCT,-0.04750233398500325
GGTTCC,-0.09293582174386275
GGTTCG,0.05246356953574073
GGTTGA,0.3002925800437106
GGTTGT,0.15577441625309194
GGTTGC,0.24134298679747926
GGTTGG,0.427537915949127
GGTCAA,0.5581652276037128
GGTCAT,0.26036626180481787
GGTCAC,0.22314355131420976
GGTCAG,0.5849335959197126
GGTCTA,0.0
GGTCTT,0.06341465491989517
GGTCTC,-0.1601929942832209
GGTCTG,0.2827559541157251
GGTCCA,-0.17450290867615686
GGTCCT,-0.19961305390401568
GGTCCC,-0.4824261492442928
GGTCCG,-0.18362279315192634
GGTCGA,0.4378004887511008
GGTCGT,-0.028426468022400717
GGTCGC,0.1490626358035718
GGTCGG,0.3373628408065458
GGTGAA,0.30462699825132655
GGTGAT,0.4801886543041009
GGTGAC,0.2557551369029706
GGTGAG,0.3910533294468611
GGTGTA,-0.012618463959211462
GGTGTT,0.5743545537022096
GGTGTC,0.3395688135101328
GGTGTG,0.27902400970866637
GGTGCA,0.0816538533568393
GGTGCT,0.25489224962879004
GGTGCC,0.27227623989185445
GGTGCG,0.016523727830737064
GGTGGA,-0.0854950764716659
GGTGGT,0.5700411224146472
GGTGGC,0.4835735463831349
GGTGGG,0.12413802753876073
GGCAAA,0.023758266618852664
GGCAAT,0.26155576785956086
GGCAAC,0.364315298472697
GGCAAG,0.14138746664582108
GGCATA,-0.2853207962661012
GGCATT,0.025801717986474404
GGCATC,0.10985996081905601
GGCATG,-0.1817695280744433
GGCACA,-0.20992682288584338
GGCACT,-0.29205394517317107
GGCACC,0.1746911679282629
GGCACG,-0.27728732467822276
GGCAGA,-0.2181788666848073
GGCAGT,-0.1592589044045983
GGCAGC,0.2795432397763344
GGCAGG,0.1095034527073422
GGCTAA,0.17631225163011072
GGCTAT,-0.03390155167568134
GGCTAC,0.4748379910000309
GGCTAG,0.4157860433409384
GGCTTA,0.15884920060881255
GGCTTT,0.32368478053608707
GGCTTC,0.07233864735287981
GGCTTG,0.2137538109643707
GGCTCA,-0.10651029688386116
GGCTCT,-0.2794243872127994
GGCTCC,-0.028726278258396316
GGCTCG,-0.03515077107611332
GGCTGA,0.2803869738676028
GGCTGT,0.2223626063311384
GGCTGC,0.17478638130612162
GGCTGG,0.47921536249738494
GGCCAA,0.3361824235486149
GGCCAT,0.002145156346388202
GGCCAC,0.26382712795065344
GGCCAG,0.4646596781698498
GGCCTA,0.24003804021297154
GGCCTT,0.06694578786522673
GGCCTC,-0.20809759310893847
GGCCTG,0.20151808977550137
GGCCCA,-0.13528660808898132
GGCCCT,-0.24357848972851653
GGCCCC,-0.29704180291979226
GGCCCG,-0.0646265454323333
GGCCGA,0.2835116761780544
GGCCGT,-0.10897781853298859
GGCCGC,0.16614033263248376
GGCCGG,0.2681672326881648
GGCGAA,0.3225940897493471
GGCGAT,0.4323756958292405
GGCGAC,0.2862721321406622
GGCGAG,-0.00620477688688287
GGCGTA,-0.07848892531418161
GGCGTT,0.10755229735717
GGCGTC,-0.1397619423751586
GGCGTG,-0.04994290204924033
GGCGCA,-0.0317684766000014
GGCGCT,0.046225887172167114
GGCGCC,0.059186341285242756
GGCGCG,-0.24614812683190865
GGCGGA,-0.1522531460510669
GGCGGT,0.3693601034660482
GGCGGC,0.4216464592376473
GGCGGG,0.05590277758114632
GGGAAA,-0.15201620729862575
GGGAAT,-0.10021215040453155
GGGAAC,-0.2977377274400718
GGGAAG,-0.14582115457442804
GGGATA,-0.14698219034864582
GGGATT,-0.160393384455343
GGGATC,-0.03207271988799411
GGGATG,-0.3604677421774287
GGGACA,-0.3190529521491482
GGGACT,-0.5070253082576605
GGGACC,-0.38205266748342115
GGGACG,-0.49311576912148414
GGGAGA,-0.4026442317665231
GGGAGT,-0.3270292958209309
GGGAGC,-0.47812275368423973
GGGAGG,-0.3916631324250603
GGGTAA,0.20787607918342144
GGGTAT,-0.14385527596615866
GGGTAC,0.22314355131420976
GGGTAG,0.36080433728074357
GGGTTA,-0.06873642835181108
GGGTTT,0.5735488822393469
GGGTTC,-0.11514301903724318
GGGTTG,0.23437962458113565
GGGTCA,0.12136085700426753
GGGTCT,0.23790033656005388
GGGTCC,-0.4430121807034161
GGGTCG,0.0881873187430985
GGGTGA,0.08488198431428569
GGGTGT,0.25451281498185485
GGGTGC,-0.03060784508624156
GGGTGG,0.1368832070298028
GGGCAA,0.017968693542816338
GGGCAT,-0.05731827316408405
GGGCAC,-0.2145824190121761
GGGCAG,0.13325932079588204
GGGCTA,0.015113637810048106
GGGCTT,0.21484474849951454
GGGCTC,-0.3852070925856588
GGGCTG,0.11954515064978273
GGGCCA,-0.1175388055904484
GGGCCT,-0.2636349126689466
GGGCCC,-0.397876247955343
GGGCCG,-0.011648513128464127
GGGCGA,-0.03749940766607614
GGGCGT,-0.26990847336781687
GGGCGC,-0.3022308956116473
GGGCGG,-0.008124798986171857
GGGGAA,-0.24574338323145076
GGGGAT,-0.2812004378111854
GGGGAC,-0.6794169877480433
GGGGAG,-0.7476353658440151
GGGGTA,0.0063492276786587445
GGGGTT,0.12815128599356718
GGGGTC,-0.18996768907531028
GGGGTG,-0.08919706856127553
GGGGCA,-0.3421496712261898
GGGGCT,-0.23895288203316806
GGGGCC,-0.49205404370525424
GGGGCG,-0.44417286921121407
GGGGGA,-0.6805683983530851
GGGGGT,-0.5150883699999569
GGGGGC,-0.6858794551975557
GGGGGG,-1.7326383462202577
