Item,Count obs
AAAAAA,-0.6013553941081878
AAAAAT,-0.07127255331891529
AAAAAC,0.15062991404892112
AAAAAG,0.2269579233896804
AAAATA,-0.10298481455743361
AAAATT,-0.0840106245503915
AAAATC,0.19356878088130228
AAAATG,0.0011055833077496541
AAAACA,-0.010610179112015571
AAAACT,-0.4004682207590606
AAAACC,0.055246059235290385
AAAACG,0.06114670668716336
AAAAGA,0.07274893006906527
AAAAGT,0.03434091899382165
AAAAGC,0.06278921032345626
AAAAGG,-0.06287898159795569
AAATAA,-0.04035129552356746
AAATAT,0.00668898815079671
AAATAC,0.5498761386378638
AAATAG,0.3549236300059973
AAATTA,-0.13049648892936863
AAATTT,-0.5203950747821413
AAATTC,0.17455099607734442
AAATTG,-0.08835967397780164
AAATCA,-0.14321617724324623
AAATCT,0.03748129417748723
AAATCC,0.40626329891813573
AAATCG,-0.05114218406986269
AAATGA,-0.28019799613683194
AAATGT,-0.08239288501848997
AAATGC,-0.014567292938691306
AAATGG,-0.2530465757890247
AAACAA,-0.17854559258441957
AAACAT,0.03922071315328133
AAACAC,0.08615026519584057
AAACAG,0.0454623740767572
AAACTA,-0.47854547495869837
AAACTT,-0.3451941973135154
AAACTC,0.35974714297570254
AAACTG,-0.046823000033514375
AAACCA,-0.1977747658364722
AAACCT,-0.05531644067070762
AAACCC,0.3472998752732762
AAACCG,-0.03546255685647024
AAACGA,-0.17216918532993664
AAACGT,0.06792298858569576
AAACGC,0.1272393708984188
AAACGG,-0.24372452642962453
AAAGAA,0.1313800830820105
AAAGAT,0.1093052939488427
AAAGAC,0.32369704513249
AAAGAG,0.2354963192812108
AAAGTA,0.19453874073254637
AAAGTT,-0.19514972104806683
AAAGTC,0.2570214200569955
AAAGTG,-0.03831886430213666
AAAGCA,-0.30834621175472376
AAAGCT,-0.0018110478840770935
AAAGCC,0.1584980153549838
AAAGCG,-0.07910236957747153
AAAGGA,-0.24423687987493437
AAAGGT,-0.245412271105583
AAAGGC,-0.05730085383734056
AAAGGG,-0.3304126921488382
AATAAA,-0.32208349916911333
AATAAT,-0.005644417619676958
AATAAC,0.10536051565782635
AATAAG,0.004175371410480592
AATATA,-0.3692620594442038
AATATT,0.36343629491677615
AATATC,0.5155149641293768
AATATG,0.14415513999557933
AATACA,0.23393779644509025
AATACT,0.3408015947824421
AATACC,0.6330301846802514
AATACG,0.5253869088848111
AATAGA,-0.005037794029957181
AATAGT,0.18623163020179762
AATAGC,0.0559868165679779
AATAGG,-0.10598532042666829
AATTAA,0.2508680993290646
AATTAT,0.11533068797767626
AATTAC,0.2598673842689039
AATTAG,0.043228734550820214
AATTTA,-0.3784364357202451
AATTTT,-0.14911873578603996
AATTTC,0.15847851996076986
AATTTG,-0.011861195257464189
AATTCA,0.2665908710731464
AATTCT,0.1210527064189109
AATTCC,0.7195975751481308
AATTCG,0.5160903332060987
AATTGA,-0.012769527066111524
AATTGT,-0.037164829801363784
AATTGC,0.1442003489740902
AATTGG,0.08000456957547886
AATCAA,-0.39745591197638724
AATCAT,-0.37939728133824685
AATCAC,-0.23958423613567123
AATCAG,-0.3370173442934734
AATCTA,-0.47519844612283957
AATCTT,-0.1792303642242818
AATCTC,0.22857834730016663
AATCTG,0.03319806940959583
AATCCA,-0.021579728550868333
AATCCT,0.25085639075546157
AATCCC,0.40976003239104525
AATCCG,0.24305411395061713
AATCGA,-0.3649762248501501
AATCGT,-0.26737523643109046
AATCGC,-0.22849168726661645
AATCGG,-0.35065687161316944
AATGAA,-0.44257289642323977
AATGAT,-0.4630349599296422
AATGAC,-0.039791761041645925
AATGAG,-0.2631569716037299
AATGTA,-0.5421605040753436
AATGTT,-0.016896800393478274
AATGTC,0.38965562466859144
AATGTG,0.08726047401420826
AATGCA,-0.38104483197171024
AATGCT,-0.1133874241833453
AATGCC,0.28204581213758284
AATGCG,0.15347688726861303
AATGGA,-0.16919506769323772
AATGGT,-0.30476060165407487
AATGGC,-0.09666795326478524
AATGGG,-0.11181180977914186
AACAAA,-0.14138597846089326
AACAAT,-0.02690745291992427
AACAAC,0.3913030446963325
AACAAG,0.09077888382495397
AACATA,-0.4692593046858783
AACATT,-0.049751702705053455
AACATC,0.399924927732549
AACATG,0.17417302823004943
AACACA,-0.17948467545875496
AACACT,-0.043926604190693865
AACACC,0.633302948787779
AACACG,0.11269396614891225
AACAGA,-0.13491931789937076
AACAGT,-0.06278031960196617
AACAGC,0.3542885452721523
AACAGG,0.22121738699477017
AACTAA,-0.5221893824163059
AACTAT,-0.048790164169432056
AACTAC,0.31096694621285115
AACTAG,-0.3775799046186287
AACTTA,-0.44531101665536404
AACTTT,-0.10557325898380684
AACTTC,0.47149626810078765
AACTTG,0.07559791531487557
AACTCA,0.32299038508600847
AACTCT,0.171522929551729
AACTCC,0.6954519928738143
AACTCG,0.6572254164132558
AACTGA,-0.243457556785686
AACTGT,-0.16251892949777494
AACTGC,0.20265853735773148
AACTGG,0.27383716116998946
AACCAA,-0.6633320954807597
AACCAT,-0.6960276434252994
AACCAC,-0.3544358799650514
AACCAG,-0.24534583916508163
AACCTA,-0.49137293523409886
AACCTT,-0.42274718232341774
AACCTC,-0.19056174467941042
AACCTG,0.044626430757706996
AACCCA,-0.18911256535860316
AACCCT,-0.12226348430269786
AACCCC,0.14078035787594723
AACCCG,0.1375230712083187
AACCGA,-0.574700207731889
AACCGT,-0.447453089268389
AACCGC,-0.33582634607720224
AACCGG,-0.2964889309740865
AACGAA,-0.3360257083708823
AACGAT,-0.5282508996074877
AACGAC,0.14150077347806664
AACGAG,0.08434322906010275
AACGTA,-0.4119481129862426
AACGTT,-0.19022673630106793
AACGTC,0.3887148574575809
AACGTG,0.16788087263916035
AACGCA,-0.02066549329732783
AACGCT,-0.03693601683195045
AACGCC,0.4294983075523206
AACGCG,0.16284325733118893
AACGGA,-0.29100026059333906
AACGGT,-0.31864030021701417
AACGGC,0.06516544572432836
AACGGG,-0.013620531689685893
AAGAAA,0.3665558729203355
AAGAAT,0.04905615698919421
AAGAAC,0.5985990991031878
AAGAAG,0.6868180455082978
AAGATA,-0.1861022796338606
AAGATT,-0.21448741026033694
AAGATC,0.3821619490045795
AAGATG,0.26762425395498407
AAGACA,-0.0438518825288494
AAGACT,-0.09722222627595042
AAGACC,0.2992178889139451
AAGACG,0.3948488071531068
AAGAGA,-0.30426565585231946
AAGAGT,0.04508735063339699
AAGAGC,0.08117329004382244
AAGAGG,-0.048478880120225804
AAGTAA,0.07271034788708391
AAGTAT,0.022756987122616278
AAGTAC,0.5356124027484465
AAGTAG,0.5628304087563054
AAGTTA,0.05904254063378336
AAGTTT,-0.24697934562801158
AAGTTC,0.331521277576202
AAGTTG,0.2190850174938147
AAGTCA,-0.030305349495328922
AAGTCT,0.01892800988551886
AAGTCC,0.49762986400912884
AAGTCG,0.3961821167113847
AAGTGA,-0.34845947098534136
AAGTGT,-0.0818065987696513
AAGTGC,-0.1881397550249421
AAGTGG,-0.047270203216962105
AAGCAA,-0.5217015180329252
AAGCAT,-0.45471525388644274
AAGCAC,-0.31767469065371057
AAGCAG,-0.11487417209161642
AAGCTA,-0.36382040683644573
AAGCTT,-0.6163831643481072
AAGCTC,-0.07018933853329729
AAGCTG,0.14663241956713
AAGCCA,-0.3535702784799727
AAGCCT,-0.3588174193163792
AAGCCC,0.10020087828414197
AAGCCG,0.09082333116393612
AAGCGA,-0.6306116645988104
AAGCGT,-0.3081173346935209
AAGCGC,-0.20187417722888779
AAGCGG,-0.28983492581288195
AAGGAA,0.12356269275620879
AAGGAT,-0.2523530573839818
AAGGAC,0.17408739432501552
AAGGAG,0.15424302019391523
AAGGTA,-0.049215243878276964
AAGGTT,-0.47172628255718174
AAGGTC,0.06801487629897465
AAGGTG,0.3060554661862556
AAGGCA,-0.21734459158351777
AAGGCT,-0.3706835070929242
AAGGCC,0.012005577314514904
AAGGCG,0.1966678773301818
AAGGGA,-0.36484535850719507
AAGGGT,-0.27009508969165297
AAGGGC,-0.041672696400568074
AAGGGG,-0.15565330971179328
ATAAAA,-0.22504650146029595
ATAAAT,-0.28231052864987016
ATAAAC,0.1325466559619831
ATAAAG,0.246772169707655
ATAATA,-0.7019320101156781
ATAATT,-0.06382804153397252
ATAATC,-0.044171218313137424
ATAATG,-0.21725960815523512
ATAACA,-0.2800309257162612
ATAACT,0.09108382930114349
ATAACC,0.0552885054548388
ATAACG,0.09490485655348752
ATAAGA,-0.22677331936478848
ATAAGT,-0.2079466945967777
ATAAGC,-0.17946359543167434
ATAAGG,0.08096906253366709
ATATAA,-0.6621150713122168
ATATAT,0.05215647959436173
ATATAC,-0.34379827671328594
ATATAG,0.04754094476900019
ATATTA,-0.2564295289476766
ATATTT,0.3225884810199206
ATATTC,0.3428484537604889
ATATTG,0.45158279020312986
ATATCA,-0.20228229935649258
ATATCT,0.18183087964966435
ATATCC,0.3354173842027254
ATATCG,0.4019712188539086
ATATGA,-0.2658812669203937
ATATGT,-0.25449865366154034
ATATGC,-0.0343830580396011
ATATGG,-0.13072573631122122
ATACAA,-0.31216970400218075
ATACAT,-0.08098417957737844
ATACAC,-0.03789087371139638
ATACAG,-0.06864193272216347
ATACTA,-1.2447947988461912
ATACTT,-0.02829946952136458
ATACTC,0.20414206021761014
ATACTG,-0.3010943975395618
ATACCA,-0.037054907951011115
ATACCT,0.11810477858655995
ATACCC,0.2901820737538654
ATACCG,0.136208850940988
ATACGA,-0.28027033159727854
ATACGT,-0.026344822796870074
ATACGC,-0.10827391464537918
ATACGG,-0.015062700961853458
ATAGAA,-0.09606121250954754
ATAGAT,-0.0632732701779987
ATAGAC,0.1331538679236315
ATAGAG,0.048441387789682926
ATAGTA,-0.8127303967204768
ATAGTT,-0.1359407684478352
ATAGTC,0.12824668005058973
ATAGTG,-0.15951442047747622
ATAGCA,-0.6520630971900703
ATAGCT,-0.036158417263531445
ATAGCC,0.01758969302698671
ATAGCG,-0.08814419615489755
ATAGGA,-0.277099963121244
ATAGGT,0.0563996884621246
ATAGGC,-0.06924441217498385
ATAGGG,-0.1549906630769834
ATTAAA,-0.05894253563344997
ATTAAT,0.04979066450301561
ATTAAC,0.09415143112310648
ATTAAG,-0.2301775779715896
ATTATA,-1.3737155789130306
ATTATT,0.0941244423909003
ATTATC,-0.021901263953100894
ATTATG,-0.32228760162925646
ATTACA,-0.2902522960073265
ATTACT,0.09309042306601203
ATTACC,0.6078873366091219
ATTACG,0.2565064549833312
ATTAGA,-0.587786664902119
ATTAGT,-0.13976194237515874
ATTAGC,-0.00743497848751809
ATTAGG,-0.5831462853456169
ATTTAA,-0.5627853626967019
ATTTAT,-0.2311117209633867
ATTTAC,-0.11170398958000129
ATTTAG,-0.17453941635189968
ATTTTA,-0.9388905637913959
ATTTTT,-0.0786431273191131
ATTTTC,0.19193908588891467
ATTTTG,-0.0436677269877262
ATTTCA,0.10686314554236125
ATTTCT,0.33119208354992946
ATTTCC,0.497193474975933
ATTTCG,0.38515165773721544
ATTTGA,-0.20228229935649258
ATTTGT,-0.05617027146705459
ATTTGC,0.0035962021803522875
ATTTGG,0.14707561773227978
ATTCAA,-0.48471447976230486
ATTCAT,-0.12245494901712636
ATTCAC,-0.105863821472482
ATTCAG,-0.30611061651055
ATTCTA,-1.3186741734449112
ATTCTT,0.0917084264894989
ATTCTC,0.11287488757954896
ATTCTG,-0.04192776590839155
ATTCCA,0.2612063984677531
ATTCCT,0.41760749493388993
ATTCCC,0.5247659889199863
ATTCCG,0.3224732599297249
ATTCGA,-0.11180313199816602
ATTCGT,0.0805042235515808
ATTCGC,-0.07762023694114575
ATTCGG,0.00407756605392944
ATTGAA,-0.2739518796398789
ATTGAT,-0.3026852390438298
ATTGAC,-0.05535617594032246
ATTGAG,-0.04995093040539431
ATTGTA,-1.4344738382474427
ATTGTT,-0.22064042109609114
ATTGTC,0.004421525257877477
ATTGTG,-0.1676363613815222
ATTGCA,-0.44468582126144557
ATTGCT,-0.10008345855698253
ATTGCC,0.2569697860596365
ATTGCG,-0.00033476538838553434
ATTGGA,-0.2867107270621492
ATTGGT,-0.2666051529270364
ATTGGC,-0.14957610643342087
ATTGGG,-0.12100224929484137
ATCAAA,-0.2992132700509707
ATCAAT,-0.25534669180884456
ATCAAC,0.2365412607721981
ATCAAG,0.038274805781668156
ATCATA,-1.434168354817543
ATCATT,-0.4968148866963923
ATCATC,0.15501993587788357
ATCATG,-0.05780992624570209
ATCACA,-0.6236483130089671
ATCACT,-0.33435044503376
ATCACC,0.5491416367948199
ATCACG,-0.09840807571432007
ATCAGA,-0.421245190461373
ATCAGT,-0.39267742243483594
ATCAGC,0.21667185017414026
ATCAGG,-0.02405525581472616
ATCTAA,-0.5496281893070744
ATCTAT,0.02075443146944586
ATCTAC,0.14478743563728413
ATCTAG,-0.41494385206270823
ATCTTA,-0.7965827678081873
ATCTTT,0.06503247027085457
ATCTTC,0.39804452235519416
ATCTTG,0.3608445121754573
ATCTCA,-0.10295981611983465
ATCTCT,-0.10701093867447233
ATCTCC,0.6143555949795995
ATCTCG,0.48947910555882007
ATCTGA,-0.3018743620378334
ATCTGT,-0.16121586958162928
ATCTGC,0.28876267572997677
ATCTGG,0.2401136555326712
ATCCAA,-0.4370229485158764
ATCCAT,-0.41830746101939137
ATCCAC,-0.07971739862707614
ATCCAG,0.23901769286384078
ATCCTA,-1.1548931245666993
ATCCTT,-0.1939206926373065
ATCCTC,0.21101766819720785
ATCCTG,0.3830950853067388
ATCCCA,0.013993917484873565
ATCCCT,-0.14245695823002671
ATCCCC,0.31469389549808785
ATCCCG,0.35742949011502834
ATCCGA,-0.4309441934091493
ATCCGT,-0.24419922808316724
ATCCGC,0.06288710090018308
ATCCGG,0.13132443983026998
ATCGAA,-0.22827048273028086
ATCGAT,-0.45038827037263424
ATCGAC,0.14793090541618026
ATCGAG,0.2483056280337178
ATCGTA,-1.2559998719892091
ATCGTT,-0.46368956783671994
ATCGTC,0.1650219842282404
ATCGTG,-0.10618336957614025
ATCGCA,-0.47560728004622393
ATCGCT,-0.39794021369197896
ATCGCC,0.2630021039247057
ATCGCG,-0.011417038815664419
ATCGGA,-0.5128594822166882
ATCGGT,-0.41249124299330864
ATCGGC,-0.05548742544093874
ATCGGG,-0.11912699285204995
ATGAAA,0.00390833682791572
ATGAAT,-0.09996135098005562
ATGAAC,0.19711204676105376
ATGAAG,0.06073623518783249
ATGATA,-1.5216989981260935
ATGATT,-0.44154699716922213
ATGATC,0.06228216332876923
ATGATG,0.12121473828254627
ATGACA,-0.08011169460054116
ATGACT,-0.230651527674087
ATGACC,0.16809221008081304
ATGACG,0.2921639592525405
ATGAGA,-0.2544699382456672
ATGAGT,-0.025300014231675907
ATGAGC,0.1443423087287382
ATGAGG,0.05595431977514416
ATGTAA,-0.3786378658750202
ATGTAT,-0.013287129995433127
ATGTAC,0.016005790358671432
ATGTAG,0.2479126194266187
ATGTTA,-0.964022134695345
ATGTTT,-0.00348736186041575
ATGTTC,0.22332875364828864
ATGTTG,0.47263817382906703
ATGTCA,0.13125463310980648
ATGTCT,0.047119375284386665
ATGTCC,0.29661662699821545
ATGTCG,0.5538366714931829
ATGTGA,-0.4006918293555068
ATGTGT,-0.18285560220050578
ATGTGC,0.02515450268467007
ATGTGG,0.15736095545750658
ATGCAA,-0.687200681372219
ATGCAT,-0.49809183083724534
ATGCAC,-0.31526151133697883
ATGCAG,-0.1758036094267406
ATGCTA,-0.9969080842133938
ATGCTT,-0.5864362258042476
ATGCTC,0.10851012456072248
ATGCTG,0.21687100348147983
ATGCCA,-0.2956245849573662
ATGCCT,-0.23253927295457208
ATGCCC,0.29524943551668914
ATGCCG,0.31652234377821103
ATGCGA,-0.5213340149335258
ATGCGT,-0.20790528686464077
ATGCGC,0.06980991009883115
ATGCGG,0.04518606345935812
ATGGAA,-0.13494613725758514
ATGGAT,-0.32660015778453105
ATGGAC,-0.05381951257443398
ATGGAG,-0.0731067809979528
ATGGTA,-1.0112194021679073
ATGGTT,-0.6093392232878532
ATGGTC,-0.12903120977178048
ATGGTG,0.22662622065669338
ATGGCA,-0.31966511830483163
ATGGCT,-0.4042104027992679
ATGGCC,-0.003828426665211448
ATGGCG,0.03505616857306408
ATGGGA,-0.26170845506591245
ATGGGT,-0.27205087323669
ATGGGC,-0.08738411453190412
ATGGGG,-0.11645481506222172
ACAAAA,-0.22652764929845035
ACAAAT,-0.17575554502306395
ACAAAC,0.0671715281570648
ACAAAG,0.02297484589451228
ACAATA,-0.3792922338041411
ACAATT,-0.1405156165723717
ACAATC,-0.21651613383116644
ACAATG,0.12274323379125593
ACAACA,0.39420673259498096
ACAACT,0.1580471501063814
ACAACC,-0.15849092748143553
ACAACG,0.29775772444052256
ACAAGA,0.28254507485386454
ACAAGT,-0.035802968642620905
ACAAGC,-0.28889492887699014
ACAAGG,0.078673032072476
ACATAA,0.017880425277848583
ACATAT,-0.13899887480665607
ACATAC,0.014752638475038224
ACATAG,0.39803821046137716
ACATTA,-0.020379162336652254
ACATTT,0.06332713395127411
ACATTC,0.054053367112989456
ACATTG,0.3148570042554109
ACATCA,0.3185827532029937
ACATCT,0.3638290737507762
ACATCC,0.270253212281711
ACATCG,0.3558577835255386
ACATGA,-0.005187467421514876
ACATGT,0.09118462341485255
ACATGC,-0.05964374876084283
ACATGG,-0.008275122125112238
ACACAA,-0.3565670244465688
ACACAT,-0.20612243408953246
ACACAC,-0.30102625150175544
ACACAG,-0.6506155260466467
ACACTA,-0.47485296330717297
ACACTT,-0.225161715470447
ACACTC,-0.22490300884991904
ACACTG,-0.14563855086414368
ACACCA,0.38611646910688446
ACACCT,0.3796938631189644
ACACCC,0.373348459326078
ACACCG,0.4350487065446432
ACACGA,-0.37783874015085617
ACACGT,-0.06266856734150958
ACACGC,-0.33427201571161064
ACACGG,-0.4459605186934462
ACAGAA,-0.5645298027378518
ACAGAT,-0.10357907034117139
ACAGAC,-0.7256549875317763
ACAGAG,-0.850619148973154
ACAGTA,-0.6295958263337346
ACAGTT,-0.12844660197599367
ACAGTC,-0.6568741952622275
ACAGTG,-0.24380580214823813
ACAGCA,0.23108498335292532
ACAGCT,0.022337583616478675
ACAGCC,-0.36369288922645665
ACAGCG,0.05353932683690079
ACAGGA,-0.12925008901055307
ACAGGT,-0.045027224639889715
ACAGGC,-0.5154131105273607
ACAGGG,-0.43866735309231913
ACTAAA,-0.1950605825713843
ACTAAT,-0.1803354588223252
ACTAAC,-0.3399933670197918
ACTAAG,-0.5492276712984361
ACTATA,-1.2772232660655287
ACTATT,0.17123569171219183
ACTATC,-0.042887276087653005
ACTATG,-0.01898953649012779
ACTACA,0.3187651675101693
ACTACT,0.3175532357852845
ACTACC,0.27066082926468005
ACTACG,0.43150886893740314
ACTAGA,-0.587786664902119
ACTAGT,-0.45107561936021673
ACTAGC,-0.21917966151711057
ACTAGG,-0.568216568708022
ACTTAA,-0.2793138227812644
ACTTAT,-0.006535970979785533
ACTTAC,-0.17301916413164112
ACTTAG,-0.2716052543212207
ACTTTA,-0.2356960173853298
ACTTTT,0.0704516609506113
ACTTTC,0.17643726390826506
ACTTTG,0.07036744215011792
ACTTCA,0.35781389622586346
ACTTCT,0.6207702110887534
ACTTCC,0.2848290034693745
ACTTCG,0.4056652882709788
ACTTGA,-0.1424837378471692
ACTTGT,0.005141399500418652
ACTTGC,-0.014228037769740971
ACTTGG,-0.0293352207850978
ACTCAA,-0.044757900641493605
ACTCAT,-0.08475118856485103
ACTCAC,-0.07014634417433745
ACTCAG,-0.40408484563920594
ACTCTA,-0.9013221161802338
ACTCTT,0.07046671110525196
ACTCTC,-0.30503071078639393
ACTCTG,-0.4290357009454805
ACTCCA,0.2613391490522458
ACTCCT,0.5172400139436544
ACTCCC,0.3144627118776041
ACTCCG,0.2699572527074544
ACTCGA,0.175992421742307
ACTCGT,0.18526165446495144
ACTCGC,-0.01522389060063402
ACTCGG,0.117272348771439
ACTGAA,-0.4968889580271177
ACTGAT,-0.43609052161902817
ACTGAC,-0.4071132337387534
ACTGAG,-0.6363100201051869
ACTGTA,-0.8669941103629276
ACTGTT,-0.10566167512403864
ACTGTC,-0.35203804188107396
ACTGTG,-0.39263809454841003
ACTGCA,-0.018127384592556715
ACTGCT,0.10396872698500374
ACTGCC,-0.210186878529166
ACTGCG,-0.08189568329520411
ACTGGA,0.0735674448807889
ACTGGT,-0.1957644689430288
ACTGGC,-0.08517929038668749
ACTGGG,0.17274258201363132
ACCAAA,-0.2638519910002619
ACCAAT,-0.2657910590981274
ACCAAC,-0.05383913696362554
ACCAAG,-0.12149984348419525
ACCATA,-0.7230093348438584
ACCATT,-0.2918939691692304
ACCATC,-0.01698541617011656
ACCATG,-0.12379698195033759
ACCACA,-0.05607892641104226
ACCACT,-0.12437169059769441
ACCACC,0.22481806377127603
ACCACG,0.037560469012954026
ACCAGA,0.006829551105661417
ACCAGT,-0.1483573831358496
ACCAGC,0.12337251698970497
ACCAGG,0.1370233210963869
ACCTAA,-0.4484114269314207
ACCTAT,-0.03860266616203792
ACCTAC,0.08843963816948928
ACCTAG,-0.16804487043727168
ACCTTA,-0.5140205146625099
ACCTTT,-0.13845237507268865
ACCTTC,0.08635847735501732
ACCTTG,0.18724462053368304
ACCTCA,0.1091677234850643
ACCTCT,-0.18393316068829624
ACCTCC,-0.016418976601643022
ACCTCG,0.3415551735543698
ACCTGA,-0.02122493655912383
ACCTGT,-0.1108625928118097
ACCTGC,0.1693081540223898
ACCTGG,0.2636156303937918
ACCCAA,-0.14323651964657985
ACCCAT,-0.22735193602426076
ACCCAC,-0.16219736089988757
ACCCAG,0.1503323183577607
ACCCTA,-0.43456148259580357
ACCCTT,-0.2134767245737501
ACCCTC,-0.07766687067552193
ACCCTG,0.16042984820126757
ACCCCA,0.18138632174799846
ACCCCT,-0.25941751428214943
ACCCCC,-0.002230760622684166
ACCCCG,0.333616757317812
ACCCGA,-0.010977169689441504
ACCCGT,-0.17781949221545618
ACCCGC,0.10299604909432605
ACCCGG,0.08223617940546374
ACCGAA,-0.15673568822636816
ACCGAT,-0.3179639003088052
ACCGAC,-0.08448881816677581
ACCGAG,0.11183512552107411
ACCGTA,-0.4207922770983186
ACCGTT,-0.33502819304897924
ACCGTC,0.07424181856516476
ACCGTG,-0.02501511721366569
ACCGCA,-0.048606820904491636
ACCGCT,-0.21740556936118838
ACCGCC,0.050260915131146125
ACCGCG,0.08059617320451926
ACCGGA,-0.015220994010355243
ACCGGT,-0.23079779849965662
ACCGGC,-0.05333158771180176
ACCGGG,0.030466827083841325
ACGAAA,0.07268757671083793
ACGAAT,0.02085656327455726
ACGAAC,-0.07555257905440711
ACGAAG,-0.03436215019094333
ACGATA,-0.478400813682823
ACGATT,-0.3687678313125636
ACGATC,-0.13270277774490633
ACGATG,0.09626666003028161
ACGACA,0.2786512434606062
ACGACT,0.10624041012726566
ACGACC,-0.2632000355148872
ACGACG,0.4065545070039488
ACGAGA,0.11194782095734802
ACGAGT,0.21216363268662566
ACGAGC,-0.06797657614103753
ACGAGG,0.24737528805408374
ACGTAA,0.13149265593467424
ACGTAT,-0.04610670709418804
ACGTAC,-0.2619169372401705
ACGTAG,0.22567712246930272
ACGTTA,-0.06215017512527201
ACGTTT,0.05287205323717696
ACGTTC,0.08148782788379551
ACGTTG,0.336715058209245
ACGTCA,0.4337678981443393
ACGTCT,0.27559327513277687
ACGTCC,0.03151487188149998
ACGTCG,0.5574032389401031
ACGTGA,-0.07276978148491421
ACGTGT,-0.05925966681864138
ACGTGC,0.0340862506827895
ACGTGG,-0.024712425752255598
ACGCAA,-0.26616510522714737
ACGCAT,-0.16202528016489953
ACGCAC,-0.2264043195242147
ACGCAG,-0.25710939162913243
ACGCTA,-0.3869999318900865
ACGCTT,-0.20827252948792216
ACGCTC,-0.22466386744039668
ACGCTG,0.19336467595859852
ACGCCA,0.1365858973510605
ACGCCT,-0.01395621149379944
ACGCCC,0.04583192724770773
ACGCCG,0.32250540156082863
ACGCGA,-0.302517138855722
ACGCGT,-0.1839763932121867
ACGCGC,-0.21446362287808196
ACGCGG,-0.07719116047045525
ACGGAA,-0.25081222841664436
ACGGAT,-0.31117560184434717
ACGGAC,-0.6314072873780094
ACGGAG,-0.4853692060372139
ACGGTA,-0.24956687044478532
ACGGTT,-0.540036132294895
ACGGTC,-0.28306022563440913
ACGGTG,0.2476796908308661
ACGGCA,0.1350636941227115
ACGGCT,-0.1687646283534779
ACGGCC,-0.24006475082133852
ACGGCG,0.2556145959589115
ACGGGA,-0.06791822018195624
ACGGGT,-0.04459554456730549
ACGGGC,-0.2680757028389765
ACGGGG,-0.1642596569889414
AGAAAA,0.05544144848385876
AGAAAT,0.30121632130302844
AGAAAC,0.19186414955454742
AGAAAG,0.0802074116185682
AGAATA,-0.3463137594660043
AGAATT,0.23463793073994488
AGAATC,0.011404996613990161
AGAATG,-0.10988870943455975
AGAACA,0.48804943887543445
AGAACT,0.592430458161909
AGAACC,-0.1703094003459511
AGAACG,0.12367686421551727
AGAAGA,0.490883613934217
AGAAGT,0.5774238778665725
AGAAGC,0.0555562673666091
AGAAGG,0.21340637603635135
AGATAA,0.31897907917369583
AGATAT,0.2898583518743766
AGATAC,0.1662891492629057
AGATAG,0.35028514583996123
AGATTA,0.11728316061473239
AGATTT,0.04657352161419876
AGATTC,0.01197009071455258
AGATTG,-0.02197890671877523
AGATCA,0.44397264877570125
AGATCT,0.42095609794066585
AGATCC,0.31294829016598424
AGATCG,0.23953682995488518
AGATGA,0.17974423577965423
AGATGT,0.28495355779857695
AGATGC,0.04207171216698456
AGATGG,-0.057740994689516566
AGACAA,-0.38562383272216155
AGACAT,0.06672597318277246
AGACAC,-0.2979235665039778
AGACAG,-0.6303848588236299
AGACTA,-0.7550781382904357
AGACTT,-0.10431024055506305
AGACTC,-0.35588393349802755
AGACTG,-0.7087899576303989
AGACCA,0.05116678417168188
AGACCT,0.07444247625451621
AGACCC,-0.028749413285985938
AGACCG,-0.063536975189582
AGACGA,-0.0001432562139832882
AGACGT,0.2597290841448421
AGACGC,-0.20856740719108047
AGACGG,-0.15196973185968482
AGAGAA,-0.41424190608372397
AGAGAT,-0.21618059055895975
AGAGAC,-0.6290226523904068
AGAGAG,-0.8769736285333203
AGAGTA,-0.48600397059217665
AGAGTT,0.12960725416838825
AGAGTC,-0.3314293615873509
AGAGTG,-0.5389965007326869
AGAGCA,0.19985533131283253
AGAGCT,0.027824159846703354
AGAGCC,-0.30638458962600945
AGAGCG,-0.23292718493916661
AGAGGA,-0.18532391804562381
AGAGGT,-0.1898444294569422
AGAGGC,-0.7013077721046734
AGAGGG,-0.4762969162215248
AGTAAA,-0.40697911293937933
AGTAAT,0.20846683689827697
AGTAAC,-0.2746741056889767
AGTAAG,-0.3778574527840672
AGTATA,-1.2039728043259361
AGTATT,0.2744368457017602
AGTATC,-0.044056427519233075
AGTATG,-0.23229077678356178
AGTACA,0.4760016478942891
AGTACT,0.7338234980459272
AGTACC,0.12073307948121326
AGTACG,0.2993380151801425
AGTAGA,0.26960434103182385
AGTAGT,0.3693260614922911
AGTAGC,-0.07862158000660083
AGTAGG,0.13577671987232504
AGTTAA,0.23739557402141126
AGTTAT,0.12426467029697905
AGTTAC,0.10168809140556252
AGTTAG,-0.42116049757185525
AGTTTA,-0.5191777442741751
AGTTTT,-0.16398402114022134
AGTTTC,0.09289374689269624
AGTTTG,0.15885912749727904
AGTTCA,0.44633808272070447
AGTTCT,0.6242738976883001
AGTTCC,0.42822579646014397
AGTTCG,0.5068778992472086
AGTTGA,0.35372073204130083
AGTTGT,0.16983572762504304
AGTTGC,0.13747899111777553
AGTTGG,0.1813110784881732
AGTCAA,-0.26490627967618485
AGTCAT,-0.2518193512908761
AGTCAC,-0.3392626116441619
AGTCAG,-0.5889899310550333
AGTCTA,-0.9406080395248615
AGTCTT,-0.07338254593402399
AGTCTC,-0.5412103603927074
AGTCTG,-0.4526436683832548
AGTCCA,0.27852515883691276
AGTCCT,0.3484326467842839
AGTCCC,0.039499440518734795
AGTCCG,0.08444782078971103
AGTCGA,0.07486008227580764
AGTCGT,0.08942738601088146
AGTCGC,-0.2045037513218634
AGTCGG,-0.14920594800945708
AGTGAA,-0.4156027763926195
AGTGAT,-0.3364722366212129
AGTGAC,-0.36781950849179756
AGTGAG,-0.30253264477510705
AGTGTA,-1.2975902202897405
AGTGTT,-0.20731036329477015
AGTGTC,-0.07185646887974703
AGTGTG,-0.20069394559874668
AGTGCA,-0.09044209502750981
AGTGCT,0.0642469798095233
AGTGCC,-0.12848660034983578
AGTGCG,-0.059299742281291826
AGTGGA,-0.07723134793599017
AGTGGT,-0.18205007586382244
AGTGGC,-0.2766457863088951
AGTGGG,-0.06208890405694062
AGCAAA,-0.11426809354893885
AGCAAT,0.008269391482506766
AGCAAC,0.12640132777943996
AGCAAG,-0.08414353358444782
AGCATA,-1.0806745879814423
AGCATT,-0.016481506515665528
AGCATC,0.058459402457345384
AGCATG,0.027959259147686297
AGCACA,0.13463776508520736
AGCACT,0.09621443467340168
AGCACC,0.42440311714375567
AGCACG,0.24171024056890628
AGCAGA,0.31653137321754193
AGCAGT,0.1461637921741689
AGCAGC,0.34272480558445984
AGCAGG,0.41288064078971337
AGCTAA,-0.10660973505825826
AGCTAT,-0.20365132360028892
AGCTAC,-0.07608478145685173
AGCTAG,-0.35479081714489763
AGCTTA,-0.43990782386945476
AGCTTT,-0.05578639042505331
AGCTTC,-0.24907503234880826
AGCTTG,0.12291098368366381
AGCTCA,0.22659995695479931
AGCTCT,-0.034531983542375806
AGCTCC,0.049824963348862744
AGCTCG,0.30807143759708083
AGCTGA,0.04532186543524482
AGCTGT,0.04368869500233116
AGCTGC,0.24243832500640997
AGCTGG,0.2965202813369473
AGCCAA,-0.3007938741476594
AGCCAT,-0.4466804678731168
AGCCAC,-0.4171278771977878
AGCCAG,-0.21354455538374387
AGCCTA,-0.900236625641548
AGCCTT,-0.38722647452726083
AGCCTC,-0.6460644187087383
AGCCTG,-0.3133433644850278
AGCCCA,-0.0879882659333555
AGCCCT,0.046125324229107936
AGCCCC,-0.11433421580902188
AGCCCG,0.06644203248325097
AGCCGA,-0.16373667513945067
AGCCGT,-0.22200356382304434
AGCCGC,-0.12375774660825137
AGCCGG,-0.08107630962309982
AGCGAA,-0.262364264467491
AGCGAT,-0.42867461898505965
AGCGAC,-0.21719699879122858
AGCGAG,-0.1187875560823889
AGCGTA,-0.5868564322768994
AGCGTT,-0.04038307964581171
AGCGTC,-0.02400174115587763
AGCGTG,0.14179237109546566
AGCGCA,0.15460725962781793
AGCGCT,0.07944764666222547
AGCGCC,0.22901632512633968
AGCGCG,0.17831248172558462
AGCGGA,-0.10211414517538639
AGCGGT,-0.21601778101110544
AGCGGC,-0.07370033159750312
AGCGGG,0.10143123751793673
AGGAAA,0.2605443601601051
AGGAAT,0.509524387408019
AGGAAC,0.29274833426234775
AGGAAG,0.5334403135307755
AGGATA,-0.39866236078541195
AGGATT,0.21121803971767888
AGGATC,0.14776758641070217
AGGATG,0.2983095293487485
AGGACA,0.4738045206952184
AGGACT,0.328874505946452
AGGACC,-0.25624595850200266
AGGACG,0.3509610223399245
AGGAGA,0.5862164697326018
AGGAGT,0.45042133906623444
AGGAGC,-0.0013527225600109606
AGGAGG,0.19211939927406557
AGGTAA,0.506942123739593
AGGTAT,0.15511815564469067
AGGTAC,-0.1574808790969701
AGGTAG,0.5491628533049384
AGGTTA,-0.10309232024637989
AGGTTT,0.035683498219888726
AGGTTC,-0.2693868488242763
AGGTTG,-0.05025579538591488
AGGTCA,0.2785051188262601
AGGTCT,0.16197137431791148
AGGTCC,-0.11409526257719875
AGGTCG,0.2209354646171505
AGGTGA,0.2659691231813819
AGGTGT,0.37116205333523283
AGGTGC,0.1299687824456932
AGGTGG,0.13156559682733482
AGGCAA,-0.3293657645695172
AGGCAT,-0.22951976845348576
AGGCAC,-0.4989681614835528
AGGCAG,-0.6215392448212155
AGGCTA,-0.47736891195529607
AGGCTT,-0.42866529089067507
AGGCTC,-0.506303217965002
AGGCTG,-0.3258776701898169
AGGCCA,0.05274087550999543
AGGCCT,-0.04320355746079232
AGGCCC,-0.031182211360527533
AGGCCG,0.06600770220608823
AGGCGA,-0.13673557508569498
AGGCGT,0.06731066489472687
AGGCGC,-0.15522623787662862
AGGCGG,-0.05657708372880888
AGGGAA,-0.23650677912637694
AGGGAT,-0.32346751402104806
AGGGAC,-0.5015884613665281
AGGGAG,-0.33712433967660027
AGGGTA,-0.4453765085227009
AGGGTT,-0.2702677084615824
AGGGTC,-0.3329491812855555
AGGGTG,0.23151180098472635
AGGGCA,0.272778666949206
AGGGCT,-0.08607833052545459
AGGGCC,-0.1912858414176746
AGGGCG,0.140422851298404
AGGGGA,-0.07804977287132484
AGGGGT,-0.1976516637751239
AGGGGC,-0.354715661456656
AGGGGG,-0.3440422954817582
TAAAAA,-0.2700271372130601
TAAAAT,-0.7777045685880083
TAAAAC,-0.1498361016494662
TAAAAG,0.0954594446751147
TAAATA,0.12136085700426734
TAAATT,-0.5738004229273791
TAAATC,-0.19885085874516517
TAAATG,-0.37586463833187367
TAAACA,0.41607161750214255
TAAACT,-0.8269626237473776
TAAACC,0.1137137861867973
TAAACG,0.3099052092364911
TAAAGA,0.7975419790978128
TAAAGT,-0.09917118846178434
TAAAGC,0.17084405191136084
TAAAGG,0.06395897895965816
TAATAA,0.13696585507315742
TAATAT,-0.20633643299782845
TAATAC,0.2438482246759011
TAATAG,0.24116205681688804
TAATTA,0.127833371509885
TAATTT,-0.11701645838618796
TAATTC,0.27098719387961095
TAATTG,0.006472514505617298
TAATCA,-0.050176165777309135
TAATCT,-0.0472528848505455
TAATCC,0.3480777827415209
TAATCG,-0.019574603124629747
TAATGA,0.06661474908198403
TAATGT,0.005899722127188322
TAATGC,0.24431995417802338
TAATGG,0.1508228897345837
TAACAA,-0.4752862617101628
TAACAT,-0.7811996820579855
TAACAC,-0.15392744062552766
TAACAG,-0.3806309760704259
TAACTA,0.2908617253691607
TAACTT,-0.10451269873548684
TAACTC,0.1896208592755663
TAACTG,-0.34058464817430534
TAACCA,-0.12578872946174027
TAACCT,-0.23915503155712062
TAACCC,0.28637573653772547
TAACCG,-0.051959738930711104
TAACGA,-0.09763846956391606
TAACGT,-0.05982819683738791
TAACGC,0.14594968608932338
TAACGG,0.06130052586379588
TAAGAA,0.0063694482854799285
TAAGAT,-0.9600261253819629
TAAGAC,-0.053109825313948526
TAAGAG,-0.23537611974984415
TAAGTA,0.10020586506916185
TAAGTT,-0.20627479781644742
TAAGTC,-0.0916671885258238
TAAGTG,-0.2424678241406126
TAAGCA,0.020344440717232425
TAAGCT,-0.6270388003872541
TAAGCC,-0.1658910153978588
TAAGCG,-0.18817294856241878
TAAGGA,0.3474263231010711
TAAGGT,-0.3068842794357167
TAAGGC,0.015579672476744575
TAAGGG,0.006861090379945161
TATAAA,-0.7271769291462566
TATAAT,-1.3969516555938788
TATAAC,-0.10724553035359756
TATAAG,-0.2380321638079605
TATATA,-0.5738004229273791
TATATT,-0.1244789143949817
TATATC,0.0077220460939103185
TATATG,-0.1909903417304011
TATACA,-0.5177580605416354
TATACT,-1.5096175771518894
TATACC,-0.0074434927126598195
TATACG,-0.07415935829489083
TATAGA,-0.20248722638854913
TATAGT,-0.745739630679116
TATAGC,0.011257154524634468
TATAGG,0.01175715698604374
TATTAA,0.0765400771223342
TATTAT,-0.7628805185746205
TATTAC,0.46961535511932784
TATTAG,-0.48969484213591724
TATTTA,0.06040912779555998
TATTTT,0.004626068388782243
TATTTC,0.7807452398779313
TATTTG,0.35748237232333346
TATTCA,0.007623925110659366
TATTCT,-0.4352261552689946
TATTCC,0.49476818687013213
TATTCG,0.5147026709930026
TATTGA,0.23739557402141126
TATTGT,-0.31089539483156314
TATTGC,0.3662443949548832
TATTGG,0.29171951599831564
TATCAA,-0.23256142914377648
TATCAT,-1.674422762523513
TATCAC,-0.11215977810202135
TATCAG,-0.081761876828314
TATCTA,-0.08923113372794264
TATCTT,-0.19287176768910722
TATCTC,0.2802409467570928
TATCTG,0.4272190049818096
TATCCA,0.21921146403168446
TATCCT,-0.46586772970168727
TATCCC,0.38685758104386037
TATCCG,0.1863642998109133
TATCGA,0.03432280385399219
TATCGT,-0.5136786927483972
TATCGC,0.04408560815727474
TATCGG,0.00023312740518220833
TATGAA,-0.21460324952471158
TATGAT,-1.7560413866259759
TATGAC,0.15337578633633367
TATGAG,-0.12868634096132295
TATGTA,-0.11170398958000129
TATGTT,-0.6378485403637196
TATGTC,0.26778991563318144
TATGTG,0.20259957382269678
TATGCA,-0.07414088800435267
TATGCT,-0.9893224948703938
TATGCC,0.15946477465102704
TATGCG,0.08302818960333488
TATGGA,-0.18132305446436503
TATGGT,-0.70977643753148
TATGGC,-0.1751213041415632
TATGGG,-0.05819823924298805
TACAAA,-0.5108256237659907
TACAAT,-1.5723292530385062
TACAAC,0.19521216662503216
TACAAG,0.008015229580007483
TACATA,-0.0967753815316528
TACATT,-0.5086314374770069
TACATC,0.336347244433062
TACATG,0.06319575380262552
TACACA,-0.3477385816043136
TACACT,-1.000500569165967
TACACC,0.4960401396314403
TACACG,-0.19460974287482735
TACAGA,-0.40546510810816444
TACAGT,-0.8814034728737145
TACAGC,0.12536518356485607
TACAGG,-0.21732017672103313
TACTAA,-0.5171690976881657
TACTAT,-0.969066797380811
TACTAC,0.4604371313531774
TACTAG,-0.41472443352096106
TACTTA,0.23511974236092542
TACTTT,0.13133600206108695
TACTTC,0.726889838138208
TACTTG,0.07979556307503584
TACTCA,-0.15120516959750144
TACTCT,-0.5663463336642498
TACTCC,0.5783359152927193
TACTCG,0.4608984498094834
TACTGA,-0.3904509975437818
TACTGT,-0.5483109101210183
TACTGC,0.10443308688743251
TACTGG,0.17526621240213752
TACCAA,-0.3847208611567236
TACCAT,-0.9978707188665781
TACCAC,0.007377838568983943
TACCAG,0.11790733315372447
TACCTA,-0.11865754380131599
TACCTT,-0.18582418734515668
TACCTC,0.13724602597924174
TACCTG,0.3874796719353392
TACCCA,0.08320452376061768
TACCCT,-0.38148509296553446
TACCCC,0.25278651551311393
TACCCG,0.17231712363330987
TACCGA,-0.12663265093336604
TACCGT,-0.34444529327072454
TACCGC,0.07189417910963143
TACCGG,0.04156103823137456
TACGAA,-0.3666252747919004
TACGAT,-1.1161530198549319
TACGAC,0.16960897152867907
TACGAG,0.09156719352549043
TACGTA,-0.011560822401075971
TACGTT,-0.39572793283030616
TACGTC,0.3113332010924501
TACGTG,0.06173229784334698
TACGCA,-0.07127881394241076
TACGCT,-0.634104639926162
TACGCC,0.20138408535996902
TACGCG,-0.04726078449348178
TACGGA,-0.2801193000700811
TACGGT,-0.3590530663436998
TACGGC,0.11454834297275883
TACGGG,0.046468536908465356
TAGAAA,-0.04987183004017298
TAGAAT,-1.4586150226995167
TAGAAC,0.14325784183551646
TAGAAG,0.3234177221822499
TAGATA,-0.1479201300766222
TAGATT,-0.4611618386642745
TAGATC,0.03806843610307212
TAGATG,0.10857466065065506
TAGACA,0.07271034788708391
TAGACT,-1.0686438787392656
TAGACC,0.01942951906714693
TAGACG,0.34158429083413167
TAGAGA,0.14650028034213733
TAGAGT,-0.5434864060055391
TAGAGC,0.42267110955707804
TAGAGG,0.43999957119737826
TAGTAA,0.0
TAGTAT,-1.117726684691425
TAGTAC,0.10102962971998615
TAGTAG,0.2823930536999901
TAGTTA,-0.048790164169432056
TAGTTT,-0.43363598507486073
TAGTTC,0.03914488664429739
TAGTTG,0.2336802341623385
TAGTCA,0.05129329438755048
TAGTCT,-0.8825359045769924
TAGTCC,0.2505652944318439
TAGTCG,0.38214753870454016
TAGTGA,-0.16674838333098474
TAGTGT,-0.47479980150922874
TAGTGC,0.18987135243528153
TAGTGG,0.09550821921481469
TAGCAA,-0.5063712734166105
TAGCAT,-1.0681965793021144
TAGCAC,-0.2598957369241628
TAGCAG,-0.34864277224146806
TAGCTA,-0.3653259405178202
TAGCTT,-0.4525955208592319
TAGCTC,-0.1612681475961224
TAGCTG,0.07801726885137521
TAGCCA,-0.21576597646035756
TAGCCT,-0.6005001181751042
TAGCCC,0.08866563708565631
TAGCCG,0.13104796703403654
TAGCGA,-0.2873170423327431
TAGCGT,-0.3724604749370983
TAGCGC,0.15058426105293532
TAGCGG,0.1546807910716328
TAGGAA,-0.15343613888938953
TAGGAT,-1.1487938542029699
TAGGAC,-0.04375237013947489
TAGGAG,0.13275948984594071
TAGGTA,0.12797632054879607
TAGGTT,-0.496796641684122
TAGGTC,-0.09866267336572639
TAGGTG,0.19707030978745554
TAGGCA,-0.1439093402486037
TAGGCT,-0.786928308078592
TAGGCC,0.05867027276913914
TAGGCG,0.12292683937572546
TAGGGA,-0.03533936644530885
TAGGGT,-0.6299411046561529
TAGGGC,0.04956915602941081
TAGGGG,0.013387080782459279
TTAAAA,-0.3587779941355111
TTAAAT,-0.6830968447064438
TTAAAC,0.12470347850095724
TTAAAG,0.43910144296754505
TTAATA,-0.2826695306282366
TTAATT,-0.13305050778717187
TTAATC,-0.404014781530518
TTAATG,0.4185943995499571
TTAACA,-0.020834086902842025
TTAACT,-0.36150198468704825
TTAACC,0.053947324381456385
TTAACG,0.3135162760065443
TTAAGA,0.013605652055778678
TTAAGT,0.10536051565782614
TTAAGC,-0.036121308413994295
TTAAGG,0.29213642280116114
TTATAA,-0.4274440148269396
TTATAT,-0.3715635564324831
TTATAC,-0.8583476965737886
TTATAG,0.0027063615977430673
TTATTA,-0.048790164169432056
TTATTT,0.3741426369791232
TTATTC,-0.1527727946626508
TTATTG,0.14035735769492244
TTATCA,-0.396760667478018
TTATCT,0.13652907847743895
TTATCC,0.20716366509433548
TTATCG,0.18150347719009224
TTATGA,-0.11728908652310013
TTATGT,-0.12761112459264598
TTATGC,-0.09833590072086183
TTATGG,-0.246517866099064
TTACAA,-0.538440790798964
TTACAT,-0.29144211790034596
TTACAC,-0.4285303810391605
TTACAG,-0.479517056283609
TTACTA,0.07051378432765813
TTACTT,0.06995858860691047
TTACTC,0.048076133435774916
TTACTG,-0.16919725999540697
TTACCA,0.10025144579034793
TTACCT,0.42205770320158403
TTACCC,0.3873607546421763
TTACCG,0.394491491169748
TTACGA,-0.2606243771212233
TTACGT,0.2510287548037455
TTACGC,0.09935449159761431
TTACGG,0.011795680672765273
TTAGAA,-0.5452270504833231
TTAGAT,-0.6956440607585326
TTAGAC,-0.5836629477182569
TTAGAG,-0.22908332270199394
TTAGTA,-0.41150742256412715
TTAGTT,-0.7928465407830334
TTAGTC,-0.826122863250745
TTAGTG,0.04394212185649876
TTAGCA,-0.1967430591090181
TTAGCT,-0.35014766342088843
TTAGCC,-0.08229158418355248
TTAGCG,0.2024586451606976
TTAGGA,-0.5084973340063996
TTAGGT,-0.4378359072501866
TTAGGC,-0.30311788058162026
TTAGGG,-0.03922071315328127
TTTAAA,-0.7046195817221821
TTTAAT,-0.4228568508200336
TTTAAC,-0.048790164169432056
TTTAAG,0.15600424847658118
TTTATA,-0.8437200390393196
TTTATT,-0.16632121544751347
TTTATC,0.07662067353583756
TTTATG,0.16585411880391332
TTTACA,-0.272084875638113
TTTACT,-0.21309321546070834
TTTACC,0.18580588087656555
TTTACG,0.0707508561178494
TTTAGA,-0.6376344706296866
TTTAGT,-0.22757814838207563
TTTAGC,-0.07545841125159339
TTTAGG,-0.10261481418321215
TTTTAA,-0.5758104738554033
TTTTAT,-0.2521912367544406
TTTTAC,-0.04348511193973878
TTTTAG,-0.34240697214102755
TTTTTA,-0.29515408729048187
TTTTTT,-0.3010300899712809
TTTTTC,0.15507703468738895
TTTTTG,0.23074815069942906
TTTTCA,-0.18113037142380148
TTTTCT,-0.0036968618813260916
TTTTCC,0.4569976655666014
TTTTCG,0.12968694015920784
TTTTGA,-0.17129608678224695
TTTTGT,-0.2057870917199606
TTTTGC,-0.08531358371253554
TTTTGG,-0.0341713565449153
TTTCAA,-0.36696662997528
TTTCAT,-0.05902886532660166
TTTCAC,-0.14790133290747542
TTTCAG,-0.2772621191481281
TTTCTA,-0.13059498683636775
TTTCTT,0.3068345046665371
TTTCTC,0.1505043676742382
TTTCTG,0.18340322266469566
TTTCCA,0.2449492228658129
TTTCCT,0.3627725238068508
TTTCCC,0.31062655968550074
TTTCCG,0.2697378970491108
TTTCGA,-0.10703478895541903
TTTCGT,-0.05261854552023043
TTTCGC,-0.15622818756608498
TTTCGG,-0.027708662953383006
TTTGAA,-0.39966799042383855
TTTGAT,-0.2834501575452009
TTTGAC,0.10581137229305587
TTTGAG,0.07841059621703053
TTTGTA,-0.2317339985192479
TTTGTT,-0.19427306933983865
TTTGTC,0.11867015672072942
TTTGTG,-0.06610903280039339
TTTGCA,-0.22862371541480545
TTTGCT,-0.058214532223361606
TTTGCC,0.2031049712503891
TTTGCG,-0.07958433749886071
TTTGGA,-0.0442301927477371
TTTGGT,-0.1685402658512749
TTTGGC,0.027569554038174
TTTGGG,0.04735103793672107
TTCAAA,-0.4819798202924512
TTCAAT,-0.3354414857998379
TTCAAC,-0.04289392067215056
TTCAAG,-0.17617525594526054
TTCATA,-0.12165559814432879
TTCATT,-0.33567827072003653
TTCATC,0.17130415181267825
TTCATG,-0.05823016420192384
TTCACA,-0.8430477701064376
TTCACT,-0.34271835311816573
TTCACC,0.3527145427226356
TTCACG,-0.3668628703262222
TTCAGA,-0.7716999450723282
TTCAGT,-0.4898937877249552
TTCAGC,-0.05439348383033175
TTCAGG,-0.3397750470098959
TTCTAA,-0.4477994719347251
TTCTAT,-0.16782301972604335
TTCTAC,0.40491124489821495
TTCTAG,-0.4841882642376919
TTCTTA,0.20142172816737391
TTCTTT,0.28768207245178085
TTCTTC,0.7140890333061133
TTCTTG,0.5077129671166393
TTCTCA,-0.2516230226360784
TTCTCT,-0.4244919831628586
TTCTCC,0.7310374448201553
TTCTCG,0.28254476510746174
TTCTGA,-0.3962024839929123
TTCTGT,-0.557163804688136
TTCTGC,0.05634153995529475
TTCTGG,0.1126275093873558
TTCCAA,-0.18800339026138568
TTCCAT,-0.28092854943600115
TTCCAC,0.14048189845104586
TTCCAG,0.45736181177635565
TTCCTA,-0.07590658596574425
TTCCTT,0.1420925249265562
TTCCTC,0.5201424613462212
TTCCTG,0.42113639675519865
TTCCCA,0.023643657985170544
TTCCCT,-0.1251631429540059
TTCCCC,0.2946196622197685
TTCCCG,0.3948329103191565
TTCCGA,-0.42309336616178383
TTCCGT,-0.2170875146371682
TTCCGC,-0.01615694615452872
TTCCGG,0.0905957413114394
TTCGAA,-0.37554952662216595
TTCGAT,-0.22756096462759662
TTCGAC,0.17538912001830984
TTCGAG,0.07049201997896633
TTCGTA,-0.16702765026672792
TTCGTT,-0.3585095432177085
TTCGTC,0.3304543444758463
TTCGTG,-0.12239899879306414
TTCGCA,-0.6577926682218237
TTCGCT,-0.3575873906031741
TTCGCC,0.12160257290395209
TTCGCG,-0.19126551160283273
TTCGGA,-0.3951076877077108
TTCGGT,-0.15997325921222397
TTCGGC,0.15693684620846002
TTCGGG,0.005840169452830231
TTGAAA,-0.2363887780642304
TTGAAT,-0.47088352371517506
TTGAAC,-0.05099614879489601
TTGAAG,0.20035824428010604
TTGATA,-0.3088278832944283
TTGATT,-0.4902883004172412
TTGATC,0.10362455480177231
TTGATG,0.16809256213380133
TTGACA,-0.2872202243915807
TTGACT,-0.3532699440143354
TTGACC,0.2477977342222989
TTGACG,0.30962767593546614
TTGAGA,-0.4135623183407838
TTGAGT,-0.15217470289604298
TTGAGC,0.3097751574277009
TTGAGG,0.25060702706650945
TTGTAA,-0.38954965280226483
TTGTAT,-0.29039577832337726
TTGTAC,-0.05139602883621366
TTGTAG,0.4177601138154897
TTGTTA,-0.6383389440649502
TTGTTT,-0.39848106942782463
TTGTTC,0.20532265474409833
TTGTTG,0.1918479693748197
TTGTCA,-0.2913118405023597
TTGTCT,-0.24501640787115916
TTGTCC,0.31199485522584675
TTGTCG,0.2937108158136025
TTGTGA,-0.7011398453039807
TTGTGT,-0.4945990648281108
TTGTGC,-0.11044822244164909
TTGTGG,-0.18244391837257154
TTGCAA,-0.8674457716829005
TTGCAT,-0.6201333949302026
TTGCAC,-0.4083198060216906
TTGCAG,-0.148045631020588
TTGCTA,-0.47451645741741844
TTGCTT,-0.6110508389053503
TTGCTC,-0.018481732197826485
TTGCTG,0.25765353209157055
TTGCCA,-0.2187263253128374
TTGCCT,-0.22487463216647044
TTGCCC,0.21997133060579416
TTGCCG,0.44202908093383697
TTGCGA,-0.6431326042188462
TTGCGT,-0.30106926152309715
TTGCGC,0.06684599941149509
TTGCGG,0.10030924953194768
TTGGAA,-0.32939538937140356
TTGGAT,-0.3519016651860747
TTGGAC,-0.08153330274134654
TTGGAG,0.09439456856990211
TTGGTA,-0.38788996328665687
TTGGTT,-0.7817890813088293
TTGGTC,-0.2131023898147192
TTGGTG,0.24193605066357696
TTGGCA,-0.308476044626495
TTGGCT,-0.3212583679853852
TTGGCC,0.12796843233569763
TTGGCG,0.23457663929607317
TTGGGA,-0.1459255964446293
TTGGGT,-0.24428999180384875
TTGGGC,0.05196373394493317
TTGGGG,0.11484215879755408
TCAAAA,-0.29297109120357184
TCAAAT,-0.5027227081968847
TCAAAC,-0.048790164169432056
TCAAAG,0.08343386782960675
TCAATA,0.17115605349718355
TCAATT,-0.09575138872390214
TCAATC,-0.4486021777821151
TCAATG,0.10061605991746353
TCAACA,0.434733330979835
TCAACT,0.3273074651779456
TCAACC,-0.1535861466106565
TCAACG,0.4436721893492285
TCAAGA,0.19595370558401237
TCAAGT,-0.09017538033228631
TCAAGC,-0.20818335221950543
TCAAGG,0.3188528838898985
TCATAA,-0.23216936252152204
TCATAT,-0.3260394939438743
TCATAC,-0.42767282160061826
TCATAG,0.22972107996135507
TCATTA,0.023810648693718607
TCATTT,-0.183331147995307
TCATTC,-0.4103056942199026
TCATTG,-0.16491605409749643
TCATCA,0.15698966440180823
TCATCT,0.23574382480098383
TCATCC,-0.03336775730130902
TCATCG,0.3219772474350441
TCATGA,-0.10990897922547745
TCATGT,-0.07957639850211172
TCATGC,-0.20926619203740676
TCATGG,-0.026781022677641955
TCACAA,-0.777605834848141
TCACAT,-0.4404031594694448
TCACAC,-0.5765362266260567
TCACAG,-0.9205722106884947
TCACTA,-0.12713514122666364
TCACTT,-0.25855836072981275
TCACTC,-0.43672735794710843
TCACTG,-0.28307784969087024
TCACCA,0.3339122598340727
TCACCT,0.28491909457406495
TCACCC,0.2860393616100973
TCACCG,0.554442931057603
TCACGA,-0.3517521324755157
TCACGT,-0.04775891730068647
TCACGC,-0.26038993016377343
TCACGG,-0.2382133754554231
TCAGAA,-0.6194439847728107
TCAGAT,-0.27789986905731984
TCAGAC,-0.6417135254450957
TCAGAG,-0.7852218595061218
TCAGTA,-0.4992397789735529
TCAGTT,-0.3133321515119103
TCAGTC,-0.795040152770308
TCAGTG,-0.25950614751676576
TCAGCA,0.2521128880036396
TCAGCT,0.18636211209453446
TCAGCC,-0.26618271474514266
TCAGCG,0.2224924607144929
TCAGGA,-0.0005513185842116797
TCAGGT,-0.0829490829807509
TCAGGC,-0.41929619881501706
TCAGGG,-0.19023925453073992
TCTAAA,-0.8287597393882926
TCTAAT,-0.3137674429274558
TCTAAC,-0.5151240645262052
TCTAAG,-0.5467676454575736
TCTATA,0.10341309537343078
TCTATT,-0.10115814968674802
TCTATC,-0.1409933613011086
TCTATG,0.17714019805195697
TCTACA,0.47079864717551256
TCTACT,0.0785902745932215
TCTACC,0.126762325352518
TCTACG,0.5194485531781105
TCTAGA,-0.18771822396610907
TCTAGT,-0.6484112867185537
TCTAGC,-0.28811301406586226
TCTAGG,-0.21788384162122998
TCTTAA,-0.21511137961694557
TCTTAT,-0.26647667602058345
TCTTAC,-0.07232066157962613
TCTTAG,-0.32975328637246804
TCTTTA,0.4155154439616658
TCTTTT,-0.05962450633514213
TCTTTC,-0.07966040813719719
TCTTTG,0.46194003519646726
TCTTCA,0.31748539103743617
TCTTCT,0.6184480355331746
TCTTCC,0.26070462548132234
TCTTCG,0.4070559682310847
TCTTGA,0.1847420662824852
TCTTGT,0.23510641480286698
TCTTGC,0.12526845429086875
TCTTGG,0.28919673248386585
TCTCAA,-0.3162554448958369
TCTCAT,-0.3447595768697832
TCTCAC,-0.44027567078389296
TCTCAG,-0.6939871638096703
TCTCTA,0.07410797215372183
TCTCTT,-0.08426034361773985
TCTCTC,-1.042268918245231
TCTCTG,-0.7113587176238831
TCTCCA,0.37887910124974283
TCTCCT,0.6089358938236693
TCTCCC,0.24564048295685822
TCTCCG,0.25822575107367784
TCTCGA,0.1304554877838934
TCTCGT,0.18724893062357953
TCTCGC,-0.12767075666279104
TCTCGG,0.16751358847186543
TCTGAA,-0.6473913988178084
TCTGAT,-0.450698949932313
TCTGAC,-0.6081391431384908
TCTGAG,-0.8369981790642642
TCTGTA,-0.4541262150405327
TCTGTT,-0.1920931913934871
TCTGTC,-0.6224419798874814
TCTGTG,-0.7194753839630904
TCTGCA,0.09330673102282831
TCTGCT,0.2659104733263886
TCTGCC,-0.29997875088470294
TCTGCG,0.002295121897035842
TCTGGA,0.13353139262452257
TCTGGT,-0.05339460930721565
TCTGGC,-0.24716126894783427
TCTGGG,0.1785312806201738
TCCAAA,-0.18435201434433673
TCCAAT,-0.18672513857645132
TCCAAC,-0.09432035294319556
TCCAAG,-0.12753921060174817
TCCATA,-0.308273965771569
TCCATT,-0.24151042818428514
TCCATC,-0.2118966624086673
TCCATG,-0.15515520025326388
TCCACA,-0.05357154136678341
TCCACT,-0.18095450258242163
TCCACC,0.14242554326973556
TCCACG,0.007747504342384257
TCCAGA,0.1659953800701449
TCCAGT,0.08489145755474983
TCCAGC,0.3481804942410054
TCCAGG,0.4120694060704977
TCCTAA,-0.6902859482789131
TCCTAT,-0.20612454614461506
TCCTAC,-0.0867616579222813
TCCTAG,-0.4212813975514493
TCCTTA,0.28462863496489066
TCCTTT,-0.15579480246052593
TCCTTC,-0.22448236761823268
TCCTTG,0.39135460484832985
TCCTCA,0.16616283627526188
TCCTCT,-0.16178695435224685
TCCTCC,0.07416725951960165
TCCTCG,0.6759905341029905
TCCTGA,-0.07935000958689876
TCCTGT,-0.11938087615722257
TCCTGC,0.19273087621499238
TCCTGG,0.4247029382367603
TCCCAA,-0.1297544275938139
TCCCAT,-0.23236300773182894
TCCCAC,-0.0739554120604541
TCCCAG,0.06824334976504409
TCCCTA,0.14451587146982098
TCCCTT,-0.22294048501236452
TCCCTC,-0.3751867488019034
TCCCTG,-0.22259545593189473
TCCCCA,0.07796154146971192
TCCCCT,-0.10897945738962389
TCCCCC,0.09947443601930088
TCCCCG,0.31015492830383945
TCCCGA,0.12584912193218353
TCCCGT,-0.0811456370356741
TCCCGC,0.10175525463237797
TCCCGG,0.240392846650431
TCCGAA,-0.4482331404865373
TCCGAT,-0.47874983167665675
TCCGAC,-0.29343185184035053
TCCGAG,-0.310767577035198
TCCGTA,-0.3152106198813512
TCCGTT,-0.20717784890020027
TCCGTC,-0.4377861809225722
TCCGTG,-0.6216852771260962
TCCGCA,-0.03576925088360366
TCCGCT,-0.041564887905525844
TCCGCC,-0.20486625322046628
TCCGCG,-0.019726690424995526
TCCGGA,0.037479373023565264
TCCGGT,-0.03716907221275037
TCCGGC,-0.0009985023295895493
TCCGGG,0.22006592062318922
TCGAAA,-0.062257724021889435
TCGAAT,-0.03190122110041132
TCGAAC,-0.16911846990614293
TCGAAG,0.10738549103759758
TCGATA,0.07070520067246389
TCGATT,-0.36946685158090165
TCGATC,-0.17924463128947535
TCGATG,0.2704894052533101
TCGACA,0.3556673871784326
TCGACT,0.05413555115648065
TCGACC,-0.07240384964899253
TCGACG,0.5901309496495861
TCGAGA,0.2076092583520256
TCGAGT,0.16790318136968296
TCGAGC,0.1736574444623634
TCGAGG,0.4918840329209768
TCGTAA,-0.11549589462403165
TCGTAT,-0.22034242903449808
TCGTAC,-0.49853078058060274
TCGTAG,0.3311637708455453
TCGTTA,-0.07067495766993628
TCGTTT,-0.34239160277678093
TCGTTC,-0.4611021884135601
TCGTTG,0.16586878012408549
TCGTCA,0.1963502539884841
TCGTCT,-0.07235563211695198
TCGTCC,-0.1486382266139565
TCGTCG,0.5753017365657876
TCGTGA,-0.3577664532887645
TCGTGT,-0.33283366377730467
TCGTGC,-0.2423903362964794
TCGTGG,-0.024505183712387916
TCGCAA,-0.5775000201918437
TCGCAT,-0.4744121595305016
TCGCAC,-0.5989396789674584
TCGCAG,-0.4765130532044602
TCGCTA,-0.24861088082987867
TCGCTT,-0.6200921968990091
TCGCTC,-0.6661954638071405
TCGCTG,-0.02028095415098144
TCGCCA,0.008731889780597054
TCGCCT,-0.12844660197599367
TCGCCC,-0.09234975717669092
TCGCCG,0.36010826676238683
TCGCGA,-0.35129020342296075
TCGCGT,-0.2633931887608503
TCGCGC,-0.16668884352769925
TCGCGG,0.06576126431009019
TCGGAA,-0.40983881187123017
TCGGAT,-0.3766206839364085
TCGGAC,-0.5009481039502476
TCGGAG,-0.10117912394085175
TCGGTA,-0.31009929393291075
TCGGTT,-0.6116639630787505
TCGGTC,-0.535083156481266
TCGGTG,0.312430242140975
TCGGCA,0.10547822503351408
TCGGCT,-0.20576591785024737
TCGGCC,-0.08784124770600364
TCGGCG,0.42679474338445117
TCGGGA,0.10606679272435335
TCGGGT,-0.1312989643381619
TCGGGC,-0.16477578681895547
TCGGGG,0.2026952013608261
TGAAAA,-0.05229688897864208
TGAAAT,0.088765378754816
TGAAAC,-0.1544753024563061
TGAAAG,-0.1945720428881751
TGAATA,0.15452953946429593
TGAATT,0.2751140084159722
TGAATC,-0.42067452677169326
TGAATG,-0.46661413342764574
TGAACA,0.3987972469411044
TGAACT,0.3746029967255062
TGAACC,-0.4970765306515166
TGAACG,-0.08055339455848075
TGAAGA,0.40259840762608834
TGAAGT,0.3940509068237243
TGAAGC,-0.3035022173836431
TGAAGG,-0.13475277336497737
TGATAA,-0.26946152633825277
TGATAT,-0.1168937514714993
TGATAC,-0.4877032063451364
TGATAG,-0.1996840764020358
TGATTA,-0.09059689535222658
TGATTT,0.014815085785140682
TGATTC,-0.43581599546253885
TGATTG,-0.42297689964003127
TGATCA,0.311222924133371
TGATCT,0.4325839071240568
TGATCC,0.011261291587904574
TGATCG,0.09610968659190379
TGATGA,0.22815609313775412
TGATGT,0.2969303483926389
TGATGC,-0.08433213743582789
TGATGG,-0.007929785503595852
TGACAA,-0.2484020982833412
TGACAT,0.10978111016322291
TGACAC,-0.3022152146256265
TGACAG,-0.6285429758202618
TGACTA,0.12018317395927632
TGACTT,-0.011483958181681679
TGACTC,-0.3826069700321142
TGACTG,-0.7487170317147561
TGACCA,0.2932375387263821
TGACCT,0.30709290959462315
TGACCC,-0.026107818424494503
TGACCG,0.10363678831338012
TGACGA,0.23096063893748683
TGACGT,0.42732954877008844
TGACGC,-0.11516989721726933
TGACGG,0.00023699490571896343
TGAGAA,-0.33915140768126134
TGAGAT,-0.06232149842876662
TGAGAC,-0.8031664309655814
TGAGAG,-0.8558760116909532
TGAGTA,0.06514476547259855
TGAGTT,0.226110032279306
TGAGTC,-0.4892483457853046
TGAGTG,-0.392657898741524
TGAGCA,0.5194987050194195
TGAGCT,0.20805312119983455
TGAGCC,-0.2497448295326822
TGAGCG,-0.07287864541257258
TGAGGA,0.2699476175120123
TGAGGT,0.0788461739241795
TGAGGC,-0.4657375766249873
TGAGGG,-0.2426619665863079
TGTAAA,-0.44769787173143727
TGTAAT,-0.15451227809552667
TGTAAC,-0.513118076055368
TGTAAG,-0.8562799567030311
TGTATA,-0.32408050432604957
TGTATT,0.361952001039576
TGTATC,-0.19495330369985517
TGTATG,-0.01735819860975775
TGTACA,0.22032494666983302
TGTACT,0.47653655028735853
TGTACC,-0.2930126671394262
TGTACG,-0.011649057217198494
TGTAGA,0.44766818206269765
TGTAGT,0.46484051052416736
TGTAGC,-0.13578428773209936
TGTAGG,0.1181976624185071
TGTTAA,-0.21921427317432018
TGTTAT,-0.355841263190155
TGTTAC,-0.312045032822256
TGTTAG,-0.34446588430195846
TGTTTA,-0.10210522293715353
TGTTTT,0.0059752631900870205
TGTTTC,-0.1971829957438659
TGTTTG,0.0925284811755603
TGTTCA,0.35000357088054757
TGTTCT,0.4542419744936718
TGTTCC,0.05848922224642244
TGTTCG,0.2906007173547328
TGTTGA,0.49973657689056683
TGTTGT,0.4280831966959369
TGTTGC,0.24551119384616504
TGTTGG,0.30229279563241557
TGTCAA,-0.408280878271074
TGTCAT,0.027324674250663775
TGTCAC,-0.19654867808408633
TGTCAG,-0.5293486603565452
TGTCTA,0.07080282673219099
TGTCTT,0.06560248162587538
TGTCTC,-0.4918226766403753
TGTCTG,-0.4245795041314799
TGTCCA,0.4489857503948607
TGTCCT,0.45702159502256656
TGTCCC,0.006416799543349953
TGTCCG,0.08029851007649938
TGTCGA,0.3246722128525585
TGTCGT,0.25715363054243
TGTCGC,-0.055554564257974094
TGTCGG,0.14666203050842955
TGTGAA,-0.9139475632655913
TGTGAT,-0.5015899519086655
TGTGAC,-0.6855171960000292
TGTGAG,-0.8574216436781469
TGTGTA,-0.35393786822884615
TGTGTT,-0.14346253532829112
TGTGTC,-0.5471312312731774
TGTGTG,-0.5368542901416862
TGTGCA,0.10801953338853232
TGTGCT,0.11323789497711968
TGTGCC,-0.3724812065785485
TGTGCG,-0.1919339795186133
TGTGGA,0.06425658706799921
TGTGGT,-0.09194424530965453
TGTGGC,-0.3972803211126813
TGTGGG,0.03730392182177071
TGCAAA,-0.37922287204787364
TGCAAT,-0.3847886814389639
TGCAAC,-0.44000956036964134
TGCAAG,-0.457450892436004
TGCATA,-0.2553864777604303
TGCATT,-0.28716110343765366
TGCATC,-0.3885044928011192
TGCATG,-0.3206504801958104
TGCACA,0.026741394620779266
TGCACT,-0.08716696654469817
TGCACC,-0.0927754669819021
TGCACG,0.00027344818327365724
TGCAGA,0.04588437555158508
TGCAGT,-0.011200359254529271
TGCAGC,0.12497435869154298
TGCAGG,0.2971994794386712
TGCTAA,-0.2082970431972153
TGCTAT,-0.5932661306667446
TGCTAC,-0.5935914743024668
TGCTAG,-0.2532317809042185
TGCTTA,0.06826427400481087
TGCTTT,-0.3218150788212395
TGCTTC,-0.6646475517094481
TGCTTG,-0.25187573643904293
TGCTCA,0.5520385320947303
TGCTCT,0.09426269367502776
TGCTCC,-0.19977743948493612
TGCTCG,0.4586377711113688
TGCTGA,0.2974287812898971
TGCTGT,0.2801311230240736
TGCTGC,0.34901285404525784
TGCTGG,0.5513381040732284
TGCCAA,-0.3540799568335791
TGCCAT,-0.3918517384845
TGCCAC,-0.3178238013951786
TGCCAG,-0.31061109800687653
TGCCTA,-0.11440080094591226
TGCCTT,-0.1525151839339337
TGCCTC,-0.63521416886517
TGCCTG,-0.5091350062880832
TGCCCA,0.34489152753306374
TGCCCT,0.298165569746639
TGCCCC,-0.10869487145846488
TGCCCG,0.18927938151846743
TGCCGA,0.169949805362281
TGCCGT,0.1480166611631546
TGCCGC,0.1445066980612681
TGCCGG,0.12336748249038246
TGCGAA,-0.6322869782327817
TGCGAT,-0.5656398113591121
TGCGAC,-0.4903453269036501
TGCGAG,-0.5762690278525784
TGCGTA,-0.09576012356894623
TGCGTT,-0.10090177131679019
TGCGTC,-0.4267716835509614
TGCGTG,-0.283951212522572
TGCGCA,0.3568857735540466
TGCGCT,0.1819484920628977
TGCGCC,-0.04501489874833054
TGCGCG,0.1324643786249799
TGCGGA,-0.040570723284860666
TGCGGT,-0.06262561147865194
TGCGGC,-0.013553299982605002
TGCGGG,0.2596302161829244
TGGAAA,0.3540651120963615
TGGAAT,0.3212409118995628
TGGAAC,-0.07517566197365898
TGGAAG,0.18151866634536423
TGGATA,0.1530874155059283
TGGATT,0.17468819923462173
TGGATC,-0.21969296516454018
TGGATG,0.04738780221386531
TGGACA,0.43192260394137794
TGGACT,0.19594934829503025
TGGACC,-0.14995544412599993
TGGACG,0.13431396733512793
TGGAGA,0.3334326131731851
TGGAGT,0.35059281672522563
TGGAGC,-0.06250420384964527
TGGAGG,0.03498899185006534
TGGTAA,0.09439456856990211
TGGTAT,-0.042805840997736704
TGGTAC,-0.5390681827512834
TGGTAG,0.06257848130928778
TGGTTA,-0.07281117024693862
TGGTTT,-0.27248705029393244
TGGTTC,-0.6481313706915337
TGGTTG,-0.3879232566646563
TGGTCA,0.2478763929173851
TGGTCT,-0.05956845346606134
TGGTCC,-0.4290660040916432
TGGTCG,0.025761678998149077
TGGTGA,0.32823557455533386
TGGTGT,0.3766801370089802
TGGTGC,0.10800742032654506
TGGTGG,0.2704980787798197
TGGCAA,-0.2546241484248085
TGGCAT,-0.2028459178017357
TGGCAC,-0.43077007354423574
TGGCAG,-0.32178768493829174
TGGCTA,-0.11017244912556566
TGGCTT,-0.3359334144733634
TGGCTC,-0.47841785085766403
TGGCTG,-0.26417305568356
TGGCCA,0.2772179342922665
TGGCCT,0.05136690769687003
TGGCCC,-0.1771906626171087
TGGCCG,0.16874283151301736
TGGCGA,-0.006155401235107863
TGGCGT,0.1400695563683043
TGGCGC,-0.015639105370225868
TGGCGG,0.08953064027327297
TGGGAA,0.08520545946477402
TGGGAT,-0.055833198298509704
TGGGAC,-0.21248869883968216
TGGGAG,0.06056979875784265
TGGGTA,0.0934514432096994
TGGGTT,-0.2280185271148966
TGGGTC,-0.4027606726116939
TGGGTG,0.20606580033081398
TGGGCA,0.29403554642395613
TGGGCT,-0.14618567222841808
TGGGCC,-0.1450456322931922
TGGGCG,0.23134137950889724
TGGGGA,0.1465663450194805
TGGGGT,0.060645091458251
TGGGGC,-0.0772890126353636
TGGGGG,0.027205986453588894
CAAAAA,0.11812758319504663
CAAAAT,-0.017281012127177735
CAAAAC,-0.23570582395082548
CAAAAG,-0.31451658679810823
CAAATA,0.24973714088765744
CAAATT,-0.3654038591552184
CAAATC,-0.284917518394933
CAAATG,-0.4379055045692048
CAAACA,0.09321693648292857
CAAACT,0.19729341297582875
CAAACC,-0.12672016934875513
CAAACG,-0.18256307352016185
CAAAGA,0.3784741722813168
CAAAGT,0.10339587848366151
CAAAGC,-0.04282786577740053
CAAAGG,-0.07966276845923945
CAATAA,0.08128617051159
CAATAT,0.4320551808951109
CAATAC,0.3534252570203908
CAATAG,0.0013522652500137541
CAATTA,-0.06453852113757118
CAATTT,0.015113637810048106
CAATTC,0.20823672786474764
CAATTG,-0.13362088742642594
CAATCA,-0.41396109124490227
CAATCT,-0.00645580034287122
CAATCC,0.042369216804537584
CAATCG,-0.6092472514602113
CAATGA,-0.052828063738727706
CAATGT,0.2503129259438165
CAATGC,0.19701869825775087
CAATGG,-0.0973452860778189
CAACAA,0.29531741158913777
CAACAT,0.36633521735174845
CAACAC,0.4212195661900618
CAACAG,0.2066213893896314
CAACTA,0.1805113495183269
CAACTT,0.24991758491926677
CAACTC,0.49334784992800707
CAACTG,-0.06278530353501209
CAACCA,-0.32509876772302015
CAACCT,0.030396219987705753
CAACCC,0.034177451801586455
CAACCG,-0.4882861167991675
CAACGA,0.17516346627837798
CAACGT,0.34476741625406604
CAACGC,0.3568349311400976
CAACGG,0.09125253675109456
CAAGAA,0.43974506884855535
CAAGAT,0.28846464716238646
CAAGAC,0.2364981932402244
CAAGAG,-0.2958091951306723
CAAGTA,0.21415366346855416
CAAGTT,0.031502262571452846
CAAGTC,0.06439516223832198
CAAGTG,-0.45990031466318143
CAAGCA,-0.13270770018961833
CAAGCT,0.045347252911604026
CAAGCC,-0.22504929109790797
CAAGCG,-0.462146264268305
CAAGGA,0.30163517495906905
CAAGGT,0.22760963374468546
CAAGGC,0.034927240608905924
CAAGGG,0.0035244715892790214
CATAAA,0.16070129797645047
CATAAT,-0.29135180134074334
CATAAC,-0.202814077184072
CATAAG,-0.33571206934781533
CATATA,-0.17608323338126294
CATATT,0.0889789132859403
CATATC,-0.16852435073660188
CATATG,-0.32051548630374493
CATACA,0.001191185370153232
CATACT,-0.22368394581533674
CATACC,-0.08589042974871301
CATACG,-0.25479006457156267
CATAGA,0.2174307339075226
CATAGT,-0.062015178895318865
CATAGC,-0.14701388255395045
CATAGG,0.10730604156331763
CATTAA,0.06835531966427205
CATTAT,-0.24088006217291763
CATTAC,0.3344907300283517
CATTAG,-0.2123538438928298
CATTTA,-0.17807526591250353
CATTTT,0.12897557608866184
CATTTC,0.1773644136535652
CATTTG,-0.21121056664609159
CATTCA,-0.4104217477480927
CATTCT,-0.05465841253786408
CATTCC,0.21504481602297087
CATTCG,-0.30522926666348527
CATTGA,0.08437023976599047
CATTGT,-0.04182651494626064
CATTGC,0.1549668636305103
CATTGG,-0.15684920124734497
CATCAA,0.15659093080493727
CATCAT,0.07660282309528353
CATCAC,0.20535441161609025
CATCAG,-0.12015511403058676
CATCTA,0.18799130975690356
CATCTT,0.34321517646367783
CATCTC,0.25065262641415553
CATCTG,-0.11628349921496921
CATCCA,-0.052109183225628276
CATCCT,0.29219222792966704
CATCCC,0.18150483888906782
CATCCG,-0.13909123423702702
CATCGA,0.3042914508188139
CATCGT,0.05529011640284155
CATCGC,0.07804822587784156
CATCGG,-0.06495271338466448
CATGAA,-0.0435277494991715
CATGAT,-0.04684600775644095
CATGAC,-0.2204805786256065
CATGAG,-0.2929673326952486
CATGTA,-0.06412725236763685
CATGTT,0.1705421506067617
CATGTC,0.06409690087474482
CATGTG,-0.35169237259426844
CATGCA,-0.27271919977506853
CATGCT,0.05297946482044244
CATGCC,-0.07784562890332242
CATGCG,-0.42214149892583014
CATGGA,-0.10289516762541173
CATGGT,-0.07005031092605087
CATGGC,-0.17400970393139364
CATGGG,-0.2033177047511035
CACAAA,-0.05546027612319839
CACAAT,-0.058985155021015825
CACAAC,-0.21111974699871217
CACAAG,-0.5202547140548422
CACATA,0.23641302078232523
CACATT,0.12912286233975673
CACATC,0.042800973191996335
CACATG,-0.3564149101328726
CACACA,-0.42595852206509227
CACACT,-0.19593878848578536
CACACC,0.1579102231517085
CACACG,-0.697305190708609
CACAGA,-0.6653287461163049
CACAGT,-0.5059805721027911
CACAGC,-0.41972819374128856
CACAGG,-0.6690358490871277
CACTAA,0.05129329438755069
CACTAT,-0.04778715505826296
CACTAC,0.10683980586841542
CACTAG,-0.22366972864810705
CACTTA,-0.1493152603257847
CACTTT,-0.05951046954675057
CACTTC,0.11632306297431033
CACTTG,-0.3454343182031167
CACTCA,-0.3065251602532608
CACTCT,-0.4158818689664201
CACTCC,0.01532341775165955
CACTCG,-0.372187295979079
CACTGA,-0.2756169608999382
CACTGT,-0.21147399452094243
CACTGC,-0.07112482920650214
CACTGG,-0.0860675354849234
CACCAA,0.15813648967171318
CACCAT,0.21503990801666606
CACCAC,0.33709743201513137
CACCAG,0.14930481856081304
CACCTA,0.2034043134510327
CACCTT,0.3628937013060687
CACCTC,0.32278225440795605
CACCTG,0.020529194499751807
CACCCA,0.19969887239795384
CACCCT,0.3013466743390027
CACCCC,0.3138517901851657
CACCCG,0.0814930342511828
CACCGA,0.3246158529540336
CACCGT,0.30792039674435445
CACCGC,0.2551929238788732
CACCGG,0.21018459937311917
CACGAA,-0.18139520193382397
CACGAT,-0.0755000081567896
CACGAC,-0.20911299754904475
CACGAG,-0.5102271541204615
CACGTA,-0.033336420267591836
CACGTT,0.18161695926612553
CACGTC,0.2131961104214637
CACGTG,-0.4729082118899125
CACGCA,-0.2737896334506641
CACGCT,0.08180659876965132
CACGCC,-0.04271966154790914
CACGCG,-0.6146268345320334
CACGGA,-0.5520640995932019
CACGGT,-0.056462258965846994
CACGGC,-0.2390349876325343
CACGGG,-0.4547069638702619
CAGAAA,0.06970033525894206
CAGAAT,0.007037693585417122
CAGAAC,-0.22347775729960753
CAGAAG,-0.24765090438634377
CAGATA,0.50379395240231
CAGATT,0.10902520138997432
CAGATC,0.22928774439482996
CAGATG,-0.12732798066354814
CAGACA,-0.4923046490289805
CAGACT,-0.4795038137937558
CAGACC,-0.11526634668898629
CAGACG,-0.43511776932055274
CAGAGA,-0.642961305997642
CAGAGT,-0.299262487137416
CAGAGC,-0.3712490745388068
CAGAGG,-0.8561389712142328
CAGTAA,-0.39695441844025575
CAGTAT,-0.2883502983369868
CAGTAC,0.17152193955024894
CAGTAG,-0.12713661141600213
CAGTTA,-0.22130700350690827
CAGTTT,0.019698237140626112
CAGTTC,0.39038138182064325
CAGTTG,-0.10818525161383867
CAGTCA,-0.7353085917971272
CAGTCT,-0.6968520992579426
CAGTCC,-0.05278554326202563
CAGTCG,-0.5184753237107588
CAGTGA,-0.28794381829806004
CAGTGT,-0.12352781961327522
CAGTGC,-0.020446072417603666
CAGTGG,-0.23489338856898373
CAGCAA,0.24679051513368194
CAGCAT,0.19829510266305855
CAGCAC,0.49736989285773553
CAGCAG,0.45798555556852194
CAGCTA,-0.062190124164198904
CAGCTT,0.1325656755045638
CAGCTC,0.4287842249139837
CAGCTG,0.09906559566149067
CAGCCA,-0.25290532033672963
CAGCCT,-0.406376892990115
CAGCCC,0.019683990266033784
CAGCCG,-0.26840326168425915
CAGCGA,0.027301689602109398
CAGCGT,0.22344221033742548
CAGCGC,0.38240846126384787
CAGCGG,0.010789978800969494
CAGGAA,0.5137603287335847
CAGGAT,0.37207238151418554
CAGGAC,0.04092721891136611
CAGGAG,0.04670831295691999
CAGGTA,0.39032297805696525
CAGGTT,0.07340290888915484
CAGGTC,0.20878433023632098
CAGGTG,0.03941780002230283
CAGGCA,-0.566697970511714
CAGGCT,-0.23072572748691858
CAGGCC,0.05225208561711088
CAGGCG,-0.3293262758385279
CAGGGA,-0.36527422752491906
CAGGGT,0.09185288119628429
CAGGGC,0.08711457083936797
CAGGGG,-0.34803305902228904
CTAAAA,-0.17635138980745088
CTAAAT,-0.22123697304362816
CTAAAC,0.0992066500834481
CTAAAG,0.15851625570811753
CTAATA,-0.4560173872709956
CTAATT,-0.3184537311185346
CTAATC,-0.082238098236972
CTAATG,0.0782095265918754
CTAACA,-0.30984836790904136
CTAACT,-0.07572571052813563
CTAACC,-0.2145885428421417
CTAACG,-0.250013345833482
CTAAGA,-0.48985250038571176
CTAAGT,-0.21996389839683
CTAAGC,-0.35045847859595275
CTAAGG,-0.07459120661237244
CTATAA,0.20697069206860877
CTATAT,0.06341465491989517
CTATAC,-0.17660725553051598
CTATAG,-0.23492572001246997
CTATTA,0.23195418099636453
CTATTT,0.32480720509070987
CTATTC,0.13951017550994474
CTATTG,-0.14080155157576746
CTATCA,-0.2374075324936236
CTATCT,0.4323358836813239
CTATCC,0.0489625928275021
CTATCG,-0.40511106314075573
CTATGA,-0.06563923671375674
CTATGT,0.345417789414098
CTATGC,-0.07448885199073921
CTATGG,-0.2929612725299273
CTACAA,0.185459003557287
CTACAT,0.3237347133051905
CTACAC,0.28150259632771735
CTACAG,-0.27839786210353107
CTACTA,0.2849245367276652
CTACTT,0.55083095837969
CTACTC,0.261115045067059
CTACTG,-0.1968432641285718
CTACCA,0.03552177238008767
CTACCT,0.48455865397521924
CTACCC,0.10405417974377093
CTACCG,-0.11368106682236633
CTACGA,0.2643764657042459
CTACGT,0.3508176321980111
CTACGC,0.11065324085124692
CTACGG,0.061999112507754806
CTAGAA,-0.31268337465719814
CTAGAT,-0.32449604557449707
CTAGAC,-0.2182282652571987
CTAGAG,-0.11839446948772207
CTAGTA,-0.5970033200070431
CTAGTT,-0.5162395136100708
CTAGTC,-0.28605737672477904
CTAGTG,-0.15188330290750354
CTAGCA,-0.15071621737862362
CTAGCT,-0.29888284520001573
CTAGCC,-0.09097177820572676
CTAGCG,-0.13995955130772555
CTAGGA,-0.3378856644183599
CTAGGT,-0.24294617861038947
CTAGGC,-0.36009015808181893
CTAGGG,-0.21800215181379104
CTTAAA,-0.1089902837084049
CTTAAT,-0.1670540846631662
CTTAAC,0.041048469439125955
CTTAAG,0.3228939540812692
CTTATA,-0.5306282510621704
CTTATT,0.06899287148695142
CTTATC,0.0011702751481902445
CTTATG,-0.3239720738569815
CTTACA,-0.8097173597911194
CTTACT,-0.0953101798043249
CTTACC,0.1735350564935458
CTTACG,-0.0786431273191131
CTTAGA,-0.7760962635406964
CTTAGT,-0.7884573603642702
CTTAGC,-0.10070102843920131
CTTAGG,-0.3787549577805905
CTTTAA,0.28001919970621186
CTTTAT,0.25855708798020904
CTTTAC,0.16177460493791768
CTTTAG,0.16385672233943485
CTTTTA,-0.3422470361150969
CTTTTT,0.29240702218043374
CTTTTC,0.176363438072802
CTTTTG,-0.29310213992112005
CTTTCA,-0.31527002897060996
CTTTCT,0.25671984684781407
CTTTCC,0.12301140370981889
CTTTCG,-0.3811897354552918
CTTTGA,0.19434864936626514
CTTTGT,0.041847109935500504
CTTTGC,0.09356248191219166
CTTTGG,-0.127396628978259
CTTCAA,-0.0370915427250757
CTTCAT,0.15735214608786094
CTTCAC,-0.013680103904080154
CTTCAG,-0.25095250668620367
CTTCTA,0.44343660186101375
CTTCTT,0.7337685531515508
CTTCTC,0.41385961862769566
CTTCTG,-0.18439409639592705
CTTCCA,0.1508228897345837
CTTCCT,0.45911782160048453
CTTCCC,0.1984872884812075
CTTCCG,-0.38316979331294126
CTTCGA,0.15426307094847802
CTTCGT,0.012930461478991887
CTTCGC,-0.18625892748020442
CTTCGG,0.04067352235565807
CTTGAA,-0.2755396856260555
CTTGAT,0.03705375054427358
CTTGAC,0.11177764997845983
CTTGAG,0.19378801222879108
CTTGTA,-0.08638154906002353
CTTGTT,0.10771733975135665
CTTGTC,0.19370185693446293
CTTGTG,-0.46861720061727713
CTTGCA,-0.47951241721476273
CTTGCT,-0.024875431289577095
CTTGCC,0.19902880640822296
CTTGCG,-0.17619169641841778
CTTGGA,-0.1424756482467549
CTTGGT,-0.07816635242728888
CTTGGC,0.10663498101012242
CTTGGG,-0.03449033536375686
CTCAAA,0.14916805932177743
CTCAAT,-0.05108637642978225
CTCAAC,0.3251310095009586
CTCAAG,0.1737961288411399
CTCATA,0.010681848346860354
CTCATT,-0.3433091826177442
CTCATC,0.16649804442220548
CTCATG,-0.35459277773440795
CTCACA,-0.8595168594732846
CTCACT,-0.3529922819273094
CTCACC,0.3366649102086687
CTCACG,-0.4136367572574838
CTCAGA,-0.7590434751579768
CTCAGT,-0.6367330912798541
CTCAGC,-0.14816143179513508
CTCAGG,-0.5496483797607402
CTCTAA,-0.38299225225610584
CTCTAT,0.02863181267432708
CTCTAC,0.4669314302087655
CTCTAG,0.025317807984289786
CTCTTA,-0.25951119548508456
CTCTTT,0.19845093872383823
CTCTTC,0.16954636530523193
CTCTTG,-0.26471846566179985
CTCTCA,-0.916290731874155
CTCTCT,-0.9338570555920543
CTCTCC,-0.1745515099320228
CTCTCG,-0.5239271950590118
CTCTGA,-0.873226081110066
CTCTGT,-0.8584400369404455
CTCTGC,-0.38698462380373777
CTCTGG,-0.4864893306650127
CTCCAA,0.08560836027403816
CTCCAT,-0.034172395355394125
CTCCAC,0.13666274119691713
CTCCAG,0.13665430392900682
CTCCTA,0.11294780546998566
CTCCTT,0.2548093274512061
CTCCTC,0.64099340743383
CTCCTG,-0.010325421572439696
CTCCCA,0.0817273488430244
CTCCCT,-0.23723731439006937
CTCCCC,0.2305752795079825
CTCCCG,-0.04378808978139171
CTCCGA,-0.09912183318969363
CTCCGT,-0.48900923205764
CTCCGC,-0.15534876303766196
CTCCGG,0.10411579736026685
CTCGAA,0.05537398395214747
CTCGAT,0.214279816629395
CTCGAC,0.40561744263507943
CTCGAG,0.13357861924145273
CTCGTA,0.23914389266065078
CTCGTT,0.13886284296411264
CTCGTC,0.4226297270830781
CTCGTG,-0.46323805568999094
CTCGCA,-0.5253097229467324
CTCGCT,-0.1156760207377002
CTCGCC,0.077972523662087
CTCGCG,-0.3087552941334599
CTCGGA,-0.273413066004168
CTCGGT,0.09300590599049392
CTCGGC,0.33239021651968453
CTCGGG,0.021161671709544912
CTGAAA,-0.1865041191713481
CTGAAT,-0.3227095332636998
CTGAAC,-0.2732366472640578
CTGAAG,-0.165076238377444
CTGATA,-0.04726274673485597
CTGATT,-0.27242543449848894
CTGATC,0.1737053180732843
CTGATG,-0.15859989207737574
CTGACA,-0.5077338927656976
CTGACT,-0.5964838844486579
CTGACC,0.1432257265630961
CTGACG,-0.217521477821665
CTGAGA,-0.8761229735564964
CTGAGT,-0.5093150494606237
CTGAGC,-0.1628002324752725
CTGAGG,-0.5776926674873504
CTGTAA,-0.4565711190416607
CTGTAT,0.09049035317837498
CTGTAC,-0.00462504953956227
CTGTAG,-0.16222476858963816
CTGTTA,-0.2083682657320555
CTGTTT,0.010835434221062054
CTGTTC,0.26053614925479135
CTGTTG,0.12550248623871188
CTGTCA,-0.6651061652907239
CTGTCT,-0.6144067795237396
CTGTCC,0.08636087091124484
CTGTCG,-0.3106310054373256
CTGTGA,-0.9599549990972145
CTGTGT,-0.6314051635300642
CTGTGC,-0.3303830951942444
CTGTGG,-0.3475805232856472
CTGCAA,-0.1818565486479331
CTGCAT,-0.21306194249462132
CTGCAC,0.15721212984574814
CTGCAG,0.39997856860690817
CTGCTA,-0.34522159136963915
CTGCTT,-0.18781369373829884
CTGCTC,0.541302823172327
CTGCTG,0.4801775523829133
CTGCCA,-0.3165288027089503
CTGCCT,-0.6348309124802604
CTGCCC,0.1685779497694768
CTGCCG,-0.11545861156482809
CTGCGA,-0.4905694905101655
CTGCGT,-0.21693048392823872
CTGCGC,0.24942415641764396
CTGCGG,0.05150285212623678
CTGGAA,0.4693617201104728
CTGGAT,0.2480974362035631
CTGGAC,0.305137514481208
CTGGAG,0.1489764512964647
CTGGTA,0.1542188020385315
CTGGTT,-0.254985303649231
CTGGTC,0.0752472297491316
CTGGTG,0.15566520624233454
CTGGCA,-0.29277270025186214
CTGGCT,-0.2124233896616236
CTGGCC,0.28365400950142183
CTGGCG,-0.019925023106898684
CTGGGA,0.16183007328491958
CTGGGT,0.16127666842315386
CTGGGC,0.2778427323076362
CTGGGG,0.06726978642584407
CCAAAA,-0.0665598581537086
CCAAAT,-0.22857380693031948
CCAAAC,-0.1332872221923487
CCAAAG,-0.004105485002237815
CCAATA,0.371577180503492
CCAATT,0.11075136429270266
CCAATC,-0.4325357649198686
CCAATG,-0.03912234120888058
CCAACA,0.3101863417519393
CCAACT,0.2486315575799079
CCAACC,-0.2982619313648653
CCAACG,0.11312773590855833
CCAAGA,0.22214290796004157
CCAAGT,-0.12334220163142215
CCAAGC,-0.20891514636740235
CCAAGG,0.15075383253793312
CCATAA,-0.16833531481921477
CCATAT,-0.23184972837695716
CCATAC,-0.28560216294957963
CCATAG,-0.3664245589045642
CCATTA,0.04154064349117719
CCATTT,-0.005311313754812862
CCATTC,-0.31621837971671524
CCATTG,-0.1887554025170242
CCATCA,0.02983946523173465
CCATCT,-0.01316595918230445
CCATCC,-0.14892231177382295
CCATCG,-0.1716103468714474
CCATGA,-0.1111159799755128
CCATGT,-0.014480899103701561
CCATGC,-0.257209782040945
CCATGG,-0.2119267068925324
CCACAA,-0.0835650783460422
CCACAT,0.09821359789438176
CCACAC,-0.13317559811186458
CCACAG,-0.46515645028526037
CCACTA,0.052889463920372845
CCACTT,-0.06357836743922794
CCACTC,-0.2648982441693949
CCACTG,-0.19657591463760407
CCACCA,0.20807674922625977
CCACCT,0.09281851306654593
CCACCC,0.07737019765056902
CCACCG,0.11782442724148003
CCACGA,-0.09107047540280647
CCACGT,-0.034104035837316214
CCACGC,-0.2067840462674436
CCACGG,-0.2217351525787529
CCAGAA,0.020304625935591274
CCAGAT,0.3037228213759953
CCAGAC,-0.1899687224454143
CCAGAG,-0.3547630049882021
CCAGTA,0.15448589749332084
CCAGTT,0.2708835424707227
CCAGTC,-0.2450679627565442
CCAGTG,-0.13079739550014946
CCAGCA,0.5787052193238779
CCAGCT,0.2928141591876589
CCAGCC,-0.17643719581504325
CCAGCG,0.19527648354564323
CCAGGA,0.4526697036089166
CCAGGT,0.291805050417418
CCAGGC,-0.06213178110700616
CCAGGG,0.13700734184036634
CCTAAA,-0.24713905687042553
CCTAAT,-0.3376821581239262
CCTAAC,-0.3092522653871251
CCTAAG,-0.4062223970500732
CCTATA,0.19269778478004546
CCTATT,0.08786735821030921
CCTATC,-0.23489000891524267
CCTATG,0.0035662219672907905
CCTACA,0.19479907830506732
CCTACT,0.12678990711372531
CCTACC,-0.09700919347840198
CCTACG,0.15526972677943832
CCTAGA,-0.27042882430422155
CCTAGT,-0.40479148059869013
CCTAGC,-0.2831496321446342
CCTAGG,-0.43561399491170305
CCTTAA,0.29972005101126
CCTTAT,-0.015123161574220773
CCTTAC,-0.0034765369010903236
CCTTAG,-0.32759643870724464
CCTTTA,0.2025242641114741
CCTTTT,0.027874961732869477
CCTTTC,-0.4821989023395538
CCTTTG,-0.13267290065592852
CCTTCA,-0.06550955212502076
CCTTCT,0.3443291081164331
CCTTCC,-0.13487330386508212
CCTTCG,-0.16513066037600532
CCTTGA,0.3470197930221553
CCTTGT,0.1883543158874744
CCTTGC,-0.022866396442443423
CCTTGG,0.14159887755012593
CCTCAA,0.3192047638237574
CCTCAT,-0.0021164029063776126
CCTCAC,-0.14430305916556982
CCTCAG,-0.5460904841245318
CCTCTA,0.25674788200390164
CCTCTT,0.061111267155179616
CCTCTC,-0.8412608198312373
CCTCTG,-0.7800102666024656
CCTCCA,0.08751856824783064
CCTCCT,0.29555612888268684
CCTCCC,-0.14354922794988761
CCTCCG,-0.2518227919557501
CCTCGA,0.4730634934971732
CCTCGT,0.27248562557049855
CCTCGC,-0.2160320165953265
CCTCGG,0.2910309871854102
CCTGAA,-0.3994123442768131
CCTGAT,0.00019823570289915338
CCTGAC,-0.19744748558058248
CCTGAG,-0.3842515849762856
CCTGTA,-0.11490888052652078
CCTGTT,0.2161872828686577
CCTGTC,-0.45612522607365824
CCTGTG,-0.6858943799732945
CCTGCA,0.2404771426580515
CCTGCT,0.4876066971492327
CCTGCC,-0.3125419358198783
CCTGCG,-0.12055551450716502
CCTGGA,0.41814025516996045
CCTGGT,0.12282334099034779
CCTGGC,-0.04218356715938738
CCTGGG,0.22771010561505856
CCCAAA,-0.10619690048438028
CCCAAT,-0.051265412957974786
CCCAAC,-0.01162718228093786
CCCAAG,-0.05095724704158283
CCCATA,-0.07114881914201975
CCCATT,-0.10227884912041818
CCCATC,-0.21916726302011813
CCCATG,-0.1717373341719769
CCCACA,0.0037220886643737727
CCCACT,-0.03755934888543875
CCCACC,-0.02327418008794753
CCCACG,-0.1781758594142481
CCCAGA,0.09209646520122902
CCCAGT,0.08798690284669645
CCCAGC,0.17611646479197915
CCCAGG,0.2853212881307822
CCCTAA,0.001087547687398919
CCCTAT,-0.1098332566426954
CCCTAC,-0.06029223025612001
CCCTAG,-0.11900927737962777
CCCTTA,0.2242406441285829
CCCTTT,-0.27483676572308724
CCCTTC,-0.20485355187455925
CCCTTG,0.09708745916462695
CCCTCA,-0.10221656516785847
CCCTCT,-0.43913591063750446
CCCTCC,-0.19202789098053338
CCCTCG,-0.001570313145527958
CCCTGA,-0.12277935159872964
CCCTGT,-0.3506217475373679
CCCTGC,-0.019661891246408405
CCCTGG,0.19253097632580624
CCCCAA,0.05076936188800878
CCCCAT,-0.1880852615107047
CCCCAC,0.05851354236103752
CCCCAG,0.06754562638823007
CCCCTA,-0.040821994520255166
CCCCTT,-0.101720458165244
CCCCTC,-0.34720314440452044
CCCCTG,-0.34385142087784004
CCCCCA,-0.030265811301428525
CCCCCT,-0.13894126116372946
CCCCCC,-0.48385810410703084
CCCCCG,-0.07309720665413043
CCCCGA,0.19227445999769818
CCCCGT,-0.18935246461729738
CCCCGC,0.05678484482610282
CCCCGG,0.1225099649849597
CCCGAA,-0.04978449655721302
CCCGAT,-0.08121811324431873
CCCGAC,0.0326532301275608
CCCGAG,0.11356951698020794
CCCGTA,-0.04533868058906178
CCCGTT,-0.10613173154750329
CCCGTC,-0.1492211050496117
CCCGTG,-0.41602598976755717
CCCGCA,0.32809454449107267
CCCGCT,0.044643005209221216
CCCGCC,0.02825732980672606
CCCGCG,-0.057296451450366395
CCCGGA,0.17111131850119202
CCCGGT,0.0081656702594509
CCCGGC,0.04754726600138757
CCCGGG,0.12389854680834349
CCGAAA,0.02792763982666093
CCGAAT,-0.04030641591311481
CCGAAC,-0.1050578064077473
CCGAAG,0.021153564438538983
CCGATA,0.12410863814397231
CCGATT,-0.33981374909729545
CCGATC,-0.2485926429971678
CCGATG,0.01863807165249616
CCGACA,0.2153213420153602
CCGACT,-0.07889500266152595
CCGACC,-0.2939848621533253
CCGACG,0.2579872615495835
CCGAGA,0.20593142243308843
CCGAGT,0.13453327923934957
CCGAGC,-0.02184223940360222
CCGAGG,0.3206296239817234
CCGTAA,-0.11055390319676381
CCGTAT,-0.08436431919842577
CCGTAC,-0.27253503841216403
CCGTAG,0.06072984620754584
CCGTTA,0.08006504929933742
CCGTTT,-0.2576409519267163
CCGTTC,-0.26905251315080037
CCGTTG,0.0751341395090339
CCGTCA,-0.010271550321829685
CCGTCT,-0.1702091331829044
CCGTCC,-0.283050199231284
CCGTCG,0.15249164272926274
CCGTGA,-0.27361486807212765
CCGTGT,-0.3384262018370576
CCGTGC,-0.23124253396638553
CCGTGG,-0.23958558398352875
CCGCAA,0.13727533520806617
CCGCAT,0.029050654240016675
CCGCAC,0.004738354625320663
CCGCAG,0.10570094119302881
CCGCTA,0.06969178408966117
CCGCTT,-0.2406195816615159
CCGCTC,-0.24170666822573295
CCGCTG,0.04006531231291801
CCGCCA,0.0896572752030907
CCGCCT,-0.11515114036995387
CCGCCC,-0.09468678696873847
CCGCCG,0.20796155366463226
CCGCGA,0.017891663653154095
CCGCGT,-0.13290450240296398
CCGCGC,-0.019341473756276272
CCGCGG,0.13077505516804727
CCGGAA,0.09753268703757963
CCGGAT,0.12132548694501895
CCGGAC,-0.10265739743832128
CCGGAG,0.16153901761142606
CCGGTA,0.001016481609340165
CCGGTT,-0.40219791113418224
CCGGTC,-0.28208628576685274
CCGGTG,0.24309301686831258
CCGGCA,0.09031545575260566
CCGGCT,-0.09354193874299603
CCGGCC,-0.23682289434843526
CCGGCG,0.19766689861410788
CCGGGA,0.1897708721936266
CCGGGT,0.13775140702443164
CCGGGC,-0.009902432725633582
CCGGGG,0.11908316361069839
CGAAAA,0.1796078509223584
CGAAAT,0.2518726197550701
CGAAAC,-0.07316290874471916
CGAAAG,-0.34875908061386357
CGAATA,0.38515258023154786
CGAATT,0.5423416069926016
CGAATC,-0.23690087639829951
CGAATG,-0.28700377642329755
CGAACA,0.26211812408418383
CGAACT,0.4652404553818232
CGAACC,-0.557343726530229
CGAACG,-0.3084150189145105
CGAAGA,0.3719673206538334
CGAAGT,0.39093613022952484
CGAAGC,-0.2866480184491005
CGAAGG,-0.19871224201390383
CGATAA,0.16941034253910636
CGATAT,0.4180735353161383
CGATAC,-0.10502823454495008
CGATAG,-0.48158084065634205
CGATTA,0.04342955792733589
CGATTT,0.09284944178909083
CGATTC,-0.2723999178001821
CGATTG,-0.7196283024578308
CGATCA,0.12460478822472622
CGATCT,0.2759292296757425
CGATCC,-0.15569359023940366
CGATCG,-0.4784361252514684
CGATGA,0.2984704701883694
CGATGT,0.4221833750506228
CGATGC,0.0255162261949706
CGATGG,-0.16076104404616343
CGACAA,0.33387145492115566
CGACAT,0.5756347882243835
CGACAC,0.1426542932350788
CGACAG,-0.27993498389001753
CGACTA,0.3901127095660603
CGACTT,0.36064752557115615
CGACTC,-0.089241954540694
CGACTG,-0.44012021644607074
CGACCA,0.006286585803385012
CGACCT,0.19748699331422648
CGACCC,-0.24726080441521345
CGACCG,-0.5470500688298736
CGACGA,0.564653704574269
CGACGT,0.535050959825424
CGACGC,0.09901794427089429
CGACGG,0.15693173967954585
CGAGAA,0.3745120106311516
CGAGAT,0.4439159801406197
CGAGAC,-0.1694667003608138
CGAGAG,-0.45955394375632513
CGAGTA,0.3763359883378895
CGAGTT,0.6747809469771192
CGAGTC,-0.12372937338293777
CGAGTG,-0.3657311991594281
CGAGCA,0.40716444343257363
CGAGCT,0.2721156825481053
CGAGCC,-0.3677987418871202
CGAGCG,-0.2547253703893721
CGAGGA,0.6999552717946017
CGAGGT,0.4090794417972238
CGAGGC,-0.03481222964339994
CGAGGG,-0.020347141330869713
CGTAAA,0.09393181983420347
CGTAAT,0.2911970145592254
CGTAAC,-0.11622564552693017
CGTAAG,-0.22736539600376532
CGTATA,-0.2345073099645248
CGTATT,0.5552240373544437
CGTATC,-0.30418020767658605
CGTATG,-0.3130500869319363
CGTACA,-0.013833192610245766
CGTACT,0.3210184927193727
CGTACC,-0.47884467533969843
CGTACG,-0.5456323600440445
CGTAGA,0.4622093575189168
CGTAGT,0.39525705115577026
CGTAGC,-0.1265404123692354
CGTAGG,0.12624552271093997
CGTTAA,0.29725152346793154
CGTTAT,0.08709077672765222
CGTTAC,0.14658083720983683
CGTTAG,-0.27698678333503296
CGTTTA,0.11639511038153552
CGTTTT,0.06939333603116841
CGTTTC,-0.1712878235372981
CGTTTG,-0.23823862607771415
CGTTCA,-0.1379583485734111
CGTTCT,0.23057740182676426
CGTTCC,-0.12936732952961197
CGTTCG,-0.22308560661275362
CGTTGA,0.38589780261563555
CGTTGT,0.28787702322732767
CGTTGC,0.20927666244577625
CGTTGG,0.07283251482646919
CGTCAA,0.2617613927960276
CGTCAT,0.3313545404428608
CGTCAC,0.0958485832926724
CGTCAG,-0.24194381581435695
CGTCTA,0.39267954581119247
CGTCTT,0.3674553783879711
CGTCTC,-0.15905696483247864
CGTCTG,-0.4939964072229912
CGTCCA,0.148154201937752
CGTCCT,0.17954820402188187
CGTCCC,-0.21622041682087995
CGTCCG,-0.4214872677951034
CGTCGA,0.6046867562227334
CGTCGT,0.4284606727116113
CGTCGC,0.050298332892115036
CGTCGG,0.21558674788897625
CGTGAA,-0.28953081564468114
CGTGAT,-0.09370730956075818
CGTGAC,-0.2601924414550262
CGTGAG,-0.4126655854430263
CGTGTA,-0.1557960936086084
CGTGTT,0.1847854865447986
CGTGTC,-0.42701905554580805
CGTGTG,-0.693598206651933
CGTGCA,0.038035460056591294
CGTGCT,0.2504540139052356
CGTGCC,-0.3473929800769426
CGTGCG,-0.3598632591540931
CGTGGA,0.03214040647639578
CGTGGT,0.05266723552422495
CGTGGC,-0.314735795860623
CGTGGG,-0.26805897449379057
CGCAAA,-0.07790960106266057
CGCAAT,0.014942546532434547
CGCAAC,-0.002810931125001566
CGCAAG,-0.18555393962381944
CGCATA,0.11813379856930754
CGCATT,0.1419745795351358
CGCATC,-0.005400717964946449
CGCATG,-0.4331029360217273
CGCACA,-0.10893901085993074
CGCACT,0.016721950322461945
CGCACC,0.01677389454239484
CGCACG,-0.3394752418809825
CGCAGA,-0.03196914161156161
CGCAGT,-0.09013150432587345
CGCAGC,0.0874323410034237
CGCAGG,-0.09834834615540985
CGCTAA,0.17157946026205248
CGCTAT,-0.08670325805328363
CGCTAC,-0.02820824547625777
CGCTAG,-0.24523033871705313
CGCTTA,-0.03810756999946065
CGCTTT,-0.13773939402472765
CGCTTC,-0.3123129356827824
CGCTTG,-0.3982782188577085
CGCTCA,-0.032840146150379876
CGCTCT,-0.3011510281246373
CGCTCC,-0.2720869233749542
CGCTCG,-0.2755523523250928
CGCTGA,0.22117077497899473
CGCTGT,0.04925113996766845
CGCTGC,0.18167749365350497
CGCTGG,0.17769315592421667
CGCCAA,0.2317125840393111
CGCCAT,0.041441988340177156
CGCCAC,-0.022894105883766756
CGCCAG,0.004451775050871049
CGCCTA,0.22699970497347288
CGCCTT,0.06927280318544553
CGCCTC,-0.01819076188950976
CGCCTG,-0.35629106374670566
CGCCCA,0.18212077373936988
CGCCCT,0.163690433802717
CGCCCC,-0.21861540839570773
CGCCCG,-0.19322140763791687
CGCCGA,0.4376696370587598
CGCCGT,0.2395564493846339
CGCCGC,0.16751711696053062
CGCCGG,0.1840171110811021
CGCGAA,-0.20099420016883543
CGCGAT,-0.0778687175469937
CGCGAC,-0.12905945662095128
CGCGAG,-0.3322417539601806
CGCGTA,-0.08690172185491822
CGCGTT,0.1819088228602805
CGCGTC,-0.164779729136185
CGCGTG,-0.6242692626127315
CGCGCA,0.13099835512216473
CGCGCT,0.19054902707434127
CGCGCC,-0.13017533539367523
CGCGCG,-0.3648979231191644
CGCGGA,-0.03372810923976206
CGCGGT,0.11860866703009552
CGCGGC,0.04915441336045314
CGCGGG,0.005684259933888019
CGGAAA,0.16735942299737327
CGGAAT,0.4005857273240708
CGGAAC,-0.3717400737463478
CGGAAG,-0.32784347146837367
CGGATA,0.1547765012382588
CGGATT,0.2415946694030476
CGGATC,-0.10090616530844596
CGGATG,-0.1710499875869797
CGGACA,0.1128220521014457
CGGACT,0.058129043166495274
CGGACC,-0.5051944136062647
CGGACG,-0.447409876337373
CGGAGA,0.29692916608457826
CGGAGT,0.36804554333756223
CGGAGC,-0.3366249588960535
CGGAGG,-0.2583801954526166
CGGTAA,0.284989281001523
CGGTAT,0.15150573274254997
CGGTAC,-0.3179450194199129
CGGTAG,-0.10353397129042957
CGGTTA,-0.09469849663712353
CGGTTT,-0.15365794761724005
CGGTTC,-0.5079054121228033
CGGTTG,-0.5854308158509176
CGGTCA,0.1463027675289568
CGGTCT,-0.12968266338045603
CGGTCC,-0.42608840083050603
CGGTCG,-0.5133324789771714
CGGTGA,0.5206220218724104
CGGTGT,0.5150175146039085
CGGTGC,0.1270568619919052
CGGTGG,0.10230392331316474
CGGCAA,0.37135075022719694
CGGCAT,0.28526777866681113
CGGCAC,0.04810937442706737
CGGCAG,-0.14071890718122454
CGGCTA,0.20728164701374321
CGGCTT,0.016667052485211643
CGGCTC,-0.18643814134988113
CGGCTG,-0.24927521164818658
CGGCCA,0.20153832670307933
CGGCCT,0.10338566639000583
CGGCCC,-0.19785854580979026
CGGCCG,-0.3322901269769007
CGGCGA,0.35655169256740493
CGGCGT,0.32323571797974765
CGGCGC,0.14780613622848937
CGGCGG,0.22296058766857565
CGGGAA,0.32681559042061453
CGGGAT,0.33628754357027685
CGGGAC,-0.18520722176272275
CGGGAG,-0.04179830889032126
CGGGTA,0.1987384443929976
CGGGTT,0.11148490189880102
CGGGTC,-0.0652950344620982
CGGGTG,0.10088337354538823
CGGGCA,0.20219207693861882
CGGGCT,0.001969902370991128
CGGGCC,-0.15553061608124302
CGGGCG,-0.11793523107559514
CGGGGA,0.30009664967012667
CGGGGT,0.34208241031914804
CGGGGC,-0.08024371626437445
CGGGGG,-0.10232184785196224
GAAAAA,0.19157175543839602
GAAAAT,0.26313110894021896
GAAAAC,0.16058581464872973
GAAAAG,0.19196062387752183
GAAATA,0.5588348429523513
GAAATT,0.2714445113200974
GAAATC,0.3102563944903199
GAAATG,0.03653566133956971
GAAACA,-0.14532652895740206
GAAACT,0.08485060294250678
GAAACC,0.13577430885064945
GAAACG,-0.06980010572316545
GAAAGA,-0.07702360174173539
GAAAGT,0.08805559131330543
GAAAGC,-0.06285141412523916
GAAAGG,-0.44285264017978465
GAATAA,-0.0829770327271088
GAATAT,0.37646492908979273
GAATAC,0.6454072862154185
GAATAG,-0.028916696111448363
GAATTA,0.4751782850357531
GAATTT,0.21539357710726054
GAATTC,0.8326032625421674
GAATTG,0.29213642280116114
GAATCA,-0.38721284787836313
GAATCT,0.051966559073320394
GAATCC,0.282444896505103
GAATCG,-0.22632031822453902
GAATGA,-0.46216045178470966
GAATGT,0.11487247723764507
GAATGC,-0.02833341252170679
GAATGG,-0.24522356515606783
GAACAA,0.22609110438019964
GAACAT,0.22960213135362148
GAACAC,0.3147959654546185
GAACAG,0.30173131420604243
GAACTA,-0.018868484304382805
GAACTT,0.3377182956492803
GAACTC,0.7341024107076043
GAACTG,0.35294338535983866
GAACCA,-0.7328684359777858
GAACCT,-0.40397488028609263
GAACCC,-0.14698782404037583
GAACCG,-0.5167425106446102
GAACGA,-0.49199920693784593
GAACGT,-0.04039882807488601
GAACGC,0.047248384572653505
GAACGG,-0.28273179336602255
GAAGAA,0.7496514717352497
GAAGAT,0.2960058608813771
GAAGAC,0.24618671760759095
GAAGAG,0.11269143819287845
GAAGTA,0.6601318023057512
GAAGTT,0.4835047654237154
GAAGTC,0.5744174165074664
GAAGTG,0.06756123201551369
GAAGCA,-0.6270885172497326
GAAGCT,-0.14785815931794752
GAAGCC,0.05912657731623736
GAAGCG,-0.34286891065181596
GAAGGA,-0.21368167923420728
GAAGGT,0.026463939914912346
GAAGGC,-0.04016236799428736
GAAGGG,-0.34093556560593047
GATAAA,0.18369235892773336
GATAAT,-0.0015140048312149606
GATAAC,0.15261340050837185
GATAAG,0.0036910139452089484
GATATA,0.014511564941046141
GATATT,0.5885824359894146
GATATC,0.4584144538296064
GATATG,-0.1151340274848065
GATACA,-0.2470840671809783
GATACT,-0.10318423623523075
GATACC,0.109071095054362
GATACG,-0.2997517965391113
GATAGA,-0.08534959599360566
GATAGT,-0.13942999216464166
GATAGC,-0.19002243672288602
GATAGG,-0.22119570955561968
GATTAA,-0.1228981363231539
GATTAT,-0.08244366921107454
GATTAC,0.33835636341504766
GATTAG,-0.2062495104891902
GATTTA,-0.22128135338314506
GATTTT,-0.0029806281381377893
GATTTC,0.4273495082059535
GATTTG,0.06752448931613317
GATTCA,-0.3896367949747744
GATTCT,0.0
GATTCC,0.3148818278614437
GATTCG,-0.27083996353037365
GATTGA,-0.4935965061854835
GATTGT,-0.34420281073606807
GATTGC,-0.21632792477914972
GATTGG,-0.46784060016285456
GATCAA,0.12349918313899609
GATCAT,0.10779315158800216
GATCAC,0.25257774225171514
GATCAG,0.1588639115751025
GATCTA,-0.07472889735218749
GATCTT,0.4455886677290791
GATCTC,0.5101007984689192
GATCTG,0.22195511396925696
GATCCA,-0.16244850448278053
GATCCT,0.12710829594941758
GATCCC,0.17385653761220976
GATCCG,-0.1343367026490766
GATCGA,-0.22657364237102565
GATCGT,-0.14028621376909875
GATCGC,-0.0425564158466386
GATCGG,-0.3043457378563343
GATGAA,0.24223323484565976
GATGAT,0.12868801154481194
GATGAC,0.2565995694561234
GATGAG,0.18223857268536384
GATGTA,0.27427030394102897
GATGTT,0.5062637734591136
GATGTC,0.5261820282637726
GATGTG,0.06366231918615092
GATGCA,-0.5178579815301223
GATGCT,0.0874979654062617
GATGCC,0.20325339283499033
GATGCG,-0.03734930504128245
GATGGA,-0.21565626727257708
GATGGT,-0.036731601725014315
GATGGC,-0.08241750797940231
GATGGG,-0.1927851405820985
GACAAA,0.1334688750414321
GACAAT,0.023418144171493897
GACAAC,0.24377057178119516
GACAAG,0.20134056263021652
GACATA,0.3127010786290848
GACATT,0.43641356159928235
GACATC,0.512922538424119
GACATG,0.1172484964669905
GACACA,-0.49875304253172154
GACACT,-0.1644676467981905
GACACC,0.44720558993257853
GACACG,-0.39922053364825244
GACAGA,-0.7010367678351082
GACAGT,-0.37081545781482467
GACAGC,-0.03449461369707466
GACAGG,-0.45091833719568997
GACTAA,-0.36220019214373245
GACTAT,0.11792839505775864
GACTAC,0.48145825466923126
GACTAG,-0.3295035673051195
GACTTA,-0.2036608728289501
GACTTT,0.30326959579349483
GACTTC,0.46615800435057764
GACTTG,0.10225423403875632
GACTCA,-0.4072128510523247
GACTCT,-0.49765823182460056
GACTCC,0.20115720989994104
GACTCG,-0.10471308643068293
GACTGA,-0.7309970206663916
GACTGT,-0.5648043846885595
GACTGC,-0.3544347492090289
GACTGG,-0.2645903973030904
GACCAA,-0.17961030343857867
GACCAT,-0.11451845344259197
GACCAC,0.028121360985403285
GACCAG,0.13197416417591626
GACCTA,-0.05985236137184546
GACCTT,0.0314893285815739
GACCTC,0.2048421601571833
GACCTG,0.1834757109457887
GACCCA,-0.40081548166439557
GACCCT,-0.2608812847551946
GACCCC,-0.00841630012218371
GACCCG,-0.14022791009868377
GACCGA,-0.49770270358580326
GACCGT,-0.3388327165572288
GACCGC,-0.14875491376576774
GACCGG,-0.3512323180495922
GACGAA,0.29794397016146895
GACGAT,0.18005140825941549
GACGAC,0.35450061901328295
GACGAG,0.4495358871927451
GACGTA,0.22149707322851
GACGTT,0.46507906597573506
GACGTC,0.5898424521981191
GACGTG,0.16269927540170656
GACGCA,-0.38801193289884606
GACGCT,0.013357909154782513
GACGCC,0.23694583882357792
GACGCG,-0.127555972971634
GACGGA,-0.47254170167420667
GACGGT,0.030049557635423718
GACGGC,0.197991393091487
GACGGG,-0.07548301232973674
GAGAAA,0.21337909249712902
GAGAAT,0.15130086313649793
GAGAAC,0.3066599746530619
GAGAAG,0.43630063742774344
GAGATA,0.25748168889510137
GAGATT,0.1404744468584541
GAGATC,0.4818634333470877
GAGATG,0.2037633909335515
GAGACA,-0.4729972987238917
GAGACT,-0.6151856390902334
GAGACC,-0.1284110827064692
GAGACG,-0.15737431257613807
GAGAGA,-0.8633904377657161
GAGAGT,-0.4676717199107568
GAGAGC,-0.17568828912447362
GAGAGG,-0.7458795311751164
GAGTAA,-0.05971923470162231
GAGTAT,0.17011908300598932
GAGTAC,0.4686737898038505
GAGTAG,0.19529572393843475
GAGTTA,0.25056843794418465
GAGTTT,0.341456388307489
GAGTTC,0.8031586707342515
GAGTTG,0.5101099578082999
GAGTCA,-0.3963148447125552
GAGTCT,-0.30010459245033816
GAGTCC,0.1526478648464015
GAGTCG,-0.11746092259191361
GAGTGA,-0.39228337140610003
GAGTGT,-0.4471272165599356
GAGTGC,-0.1668136711507689
GAGTGG,-0.2826391209336236
GAGCAA,0.022536165022413127
GAGCAT,0.046203064973188955
GAGCAC,0.35141085036500525
GAGCAG,0.5009299960117669
GAGCTA,-0.1410965610948006
GAGCTT,-0.0005153311116363185
GAGCTC,0.06542417027404555
GAGCTG,0.3807838557331828
GAGCCA,-0.5226529595633506
GAGCCT,-0.5863488501324915
GAGCCC,-0.17382423693058577
GAGCCG,-0.2055955589442752
GAGCGA,-0.6338571701746509
GAGCGT,-0.1992933068368715
GAGCGC,0.002196019405463858
GAGCGG,-0.1853472777104915
GAGGAA,0.5427418234628489
GAGGAT,0.2743985967392588
GAGGAC,0.3951496030282905
GAGGAG,0.5153960156339349
GAGGTA,0.2630252758389209
GAGGTT,-0.0854806701905269
GAGGTC,0.2239305742222203
GAGGTG,0.32752250621174467
GAGGCA,-0.5678237683532522
GAGGCT,-0.6206445403979051
GAGGCC,-0.0016228124576840488
GAGGCG,-0.045717710018999415
GAGGGA,-0.5275274733839221
GAGGGT,-0.17936734489652315
GAGGGC,0.010718026337010036
GAGGGG,-0.34720314440452044
GTAAAA,-0.1028573854397077
GTAAAT,-0.17620532977651857
GTAAAC,0.22889399844264743
GTAAAG,0.216092993317543
GTAATA,0.6509468260695689
GTAATT,0.42834389049309557
GTAATC,0.28683854646334184
GTAATG,0.25376102778870124
GTAACA,-0.6390048813963201
GTAACT,-0.03708167490453181
GTAACC,0.039492207090253466
GTAACG,0.07257069283483537
GTAAGA,-0.23970468468621844
GTAAGT,-0.12854108562293393
GTAAGC,-0.16613058144222898
GTAAGG,-0.08505367963713582
GTATAA,-0.6809519074661271
GTATAT,-0.3384272714570163
GTATAC,0.0012586534071961062
GTATAG,-0.1466034741918754
GTATTA,0.04301738508369086
GTATTT,0.7054361216942966
GTATTC,0.5931766589278102
GTATTG,0.35220066354381124
GTATCA,-0.37387597759314073
GTATCT,0.11515491325011395
GTATCC,0.16669953759332926
GTATCG,-0.16973782802236007
GTATGA,-0.44793653521705706
GTATGT,0.014168339633145892
GTATGC,0.012328650886613526
GTATGG,-0.2980283645059252
GTACAA,-0.21634080399145725
GTACAT,0.15024883690596055
GTACAC,0.06204665858856636
GTACAG,-0.04545234142046105
GTACTA,0.060103924069705515
GTACTT,0.5185851195369019
GTACTC,0.46444143771046137
GTACTG,0.2614287416143565
GTACCA,-0.5367551848896732
GTACCT,-0.24967373882344623
GTACCC,-0.09757367854051904
GTACCG,-0.2764481107880089
GTACGA,-0.6574907293405857
GTACGT,-0.24773997240096524
GTACGC,-0.19695247616384667
GTACGG,-0.2114126079781529
GTAGAA,0.26092798753868895
GTAGAT,0.19138576873856583
GTAGAC,0.2644865148485922
GTAGAG,0.5971954953342835
GTAGTA,0.4739968313277783
GTAGTT,0.43721380642274466
GTAGTC,0.501817497490933
GTAGTG,0.13459946673730555
GTAGCA,-0.5536869168131439
GTAGCT,-0.02385841024793883
GTAGCC,0.0008783487609059586
GTAGCG,0.04396500391745429
GTAGGA,-0.10415678394461828
GTAGGT,0.08002886502294529
GTAGGC,0.13893443397750146
GTAGGG,-0.04927595480322655
GTTAAA,0.31311088670803916
GTTAAT,-0.03701146497681926
GTTAAC,0.09147647823536609
GTTAAG,0.007474674416705754
GTTATA,-0.017094433359300068
GTTATT,0.1405819506211894
GTTATC,0.17543622428360978
GTTATG,-0.21588838043303787
GTTACA,-0.4804530451200768
GTTACT,-0.14645564360545793
GTTACC,0.31832216082691656
GTTACG,-0.13338518310602254
GTTAGA,-0.6099408718229383
GTTAGT,-0.6127980533957319
GTTAGC,-0.11411330676742099
GTTAGG,-0.5519851759861336
GTTTAA,-0.003696861881326203
GTTTAT,0.029748475400774698
GTTTAC,0.044895319907890946
GTTTAG,-0.24151042818428528
GTTTTA,0.09781331002244334
GTTTTT,0.17177495855683342
GTTTTC,0.1041267092088978
GTTTTG,-0.16422151515033678
GTTTCA,-0.31681558407166144
GTTTCT,0.1100130393162418
GTTTCC,0.19947021512590152
GTTTCG,-0.3132794301247142
GTTTGA,-0.17880249157875894
GTTTGT,-0.00048297513616937066
GTTTGC,-0.010299716520263817
GTTTGG,-0.028576803499568714
GTTCAA,-0.09081444317475744
GTTCAT,0.12428754668617076
GTTCAC,-0.004106389764953885
GTTCAG,-0.29309770925113626
GTTCTA,0.1872003589701812
GTTCTT,0.6537699198028272
GTTCTC,0.2657031657330057
GTTCTG,-0.1510255007865255
GTTCCA,0.005476131725587225
GTTCCT,0.2653079869094476
GTTCCC,0.09948462655215709
GTTCCG,-0.35907679891861083
GTTCGA,-0.13011433150423007
GTTCGT,0.038997630468352834
GTTCGC,-0.18676776303406167
GTTCGG,-0.05213909044735257
GTTGAA,0.19812309880765336
GTTGAT,0.18715138346990487
GTTGAC,0.23930710446850867
GTTGAG,0.18401432063447498
GTTGTA,0.4876148450061103
GTTGTT,0.25007784782992476
GTTGTC,0.20733592068548973
GTTGTG,-0.3114183523506115
GTTGCA,-0.447063943666413
GTTGCT,0.08298948502287075
GTTGCC,0.21596889003107472
GTTGCG,-0.08749404805867331
GTTGGA,-0.14757702611040563
GTTGGT,-0.09531017980432477
GTTGGC,0.08089108374385832
GTTGGG,-0.013169603805983358
GTCAAA,-0.05891931465096911
GTCAAT,-0.0509794376082832
GTCAAC,0.2773336130061582
GTCAAG,0.06899287148695142
GTCATA,0.17490725035472715
GTCATT,-0.06875041785502055
GTCATC,0.26967047228727437
GTCATG,-0.14781838071428488
GTCACA,-0.6362207583693379
GTCACT,-0.3702398126924336
GTCACC,0.3818073639982599
GTCACG,-0.2575180751834898
GTCAGA,-0.5884808683315947
GTCAGT,-0.4979324047707459
GTCAGC,0.11010812655187899
GTCAGG,-0.2259994893789545
GTCTAA,-0.24428828054315443
GTCTAT,0.039526980143922294
GTCTAC,0.3251031480629188
GTCTAG,-0.14002541227524695
GTCTTA,-0.06716664354384068
GTCTTT,0.21328790654293472
GTCTTC,0.291682530668397
GTCTTG,0.13211535827136597
GTCTCA,-0.7419373447293773
GTCTCT,-0.8096411409491987
GTCTCC,0.08460663268223002
GTCTCG,-0.16752978434707522
GTCTGA,-0.7227605247851951
GTCTGT,-0.6908032986899617
GTCTGC,-0.14345198346261273
GTCTGG,-0.18982583783353757
GTCCAA,-0.036813973122716316
GTCCAT,-0.0603541322286347
GTCCAC,0.024877469107696955
GTCCAG,0.366745215186223
GTCCTA,-0.08405830300688998
GTCCTT,0.20963417892467767
GTCCTC,0.2803959368687415
GTCCTG,-0.020355096540765102
GTCCCA,-0.2789008556062853
GTCCCT,-0.33693147887957126
GTCCCC,-0.068269383128599
GTCCCG,-0.17356305412387585
GTCCGA,-0.4945291714155364
GTCCGT,-0.6757802637563952
GTCCGC,-0.20025194751238362
GTCCGG,-0.08127113603431169
GTCGAA,0.15940204385752182
GTCGAT,0.17993907605552664
GTCGAC,0.34227375345014643
GTCGAG,0.4575154334565826
GTCGTA,0.25114657263636586
GTCGTT,0.04220734048694631
GTCGTC,0.364679034694899
GTCGTG,-0.16973770925699969
GTCGCA,-0.507725198423668
GTCGCT,-0.27407545366087466
GTCGCC,0.12079574688694357
GTCGCG,-0.10110478178194704
GTCGGA,-0.27594429742415233
GTCGGT,-0.12574030653176846
GTCGGC,0.13729167083926305
GTCGGG,-0.005821287678738392
GTGAAA,0.01739174271186924
GTGAAT,-0.10761150141414526
GTGAAC,-0.025853378826333782
GTGAAG,0.012595115537471568
GTGATA,-0.07936174067412002
GTGATT,-0.19659891293201084
GTGATC,0.2612703781567624
GTGATG,0.16920334481592283
GTGACA,-0.2162999104358041
GTGACT,-0.2670734386013891
GTGACC,0.08649644391954926
GTGACG,0.09969978941509765
GTGAGA,-0.35486061020849247
GTGAGT,-0.08867665630869101
GTGAGC,0.012458995427184571
GTGAGG,-0.20171858684263527
GTGTAA,-0.5552584825664669
GTGTAT,-0.06032798860122776
GTGTAC,0.06315281500526866
GTGTAG,0.18306257201867382
GTGTTA,0.0038535693159899723
GTGTTT,0.0736036857083402
GTGTTC,0.36830487774931275
GTGTTG,0.5421899553200689
GTGTCA,-0.2560166172904993
GTGTCT,-0.2357014455744587
GTGTCC,0.20548970208824197
GTGTCG,0.11898631888771373
GTGTGA,-0.5977570888869529
GTGTGT,-0.36010318606564523
GTGTGC,-0.06485759827103854
GTGTGG,-0.14223617044150996
GTGCAA,-0.3576744442718158
GTGCAT,-0.20872364616430963
GTGCAC,0.0765769487831486
GTGCAG,0.1792037456423989
GTGCTA,-0.3689441954872998
GTGCTT,-0.3144164743583069
GTGCTC,0.38834145249904106
GTGCTG,0.49577339978235024
GTGCCA,-0.4682799222938876
GTGCCT,-0.4968972977131437
GTGCCC,0.12118184239782487
GTGCCG,0.01994948399429833
GTGCGA,-0.5990523517209052
GTGCGT,-0.33247898910935403
GTGCGC,0.08082059230697732
GTGCGG,-0.030138781783825945
GTGGAA,0.16148487962352515
GTGGAT,-0.0434960341571675
GTGGAC,0.05368149320377671
GTGGAG,0.1621345358739758
GTGGTA,-0.008095973342877517
GTGGTT,-0.33926500742912835
GTGGTC,0.05652349003427497
GTGGTG,0.350316103435797
GTGGCA,-0.34575304569568577
GTGGCT,-0.3625681686735201
GTGGCC,-0.013685453085254203
GTGGCG,-0.008744093869229128
GTGGGA,-0.13946204733617387
GTGGGT,-0.10361657162861632
GTGGGC,-0.042989590776721154
GTGGGG,-0.03589022715474399
GCAAAA,-0.13363085717378154
GCAAAT,-0.25905263764144226
GCAAAC,-0.07023723313453133
GCAAAG,0.09538181560793015
GCAATA,0.3615156149480452
GCAATT,0.10324130956669458
GCAATC,-0.18786173716957
GCAATG,0.13947197367900632
GCAACA,0.23972009549998688
GCAACT,0.09386452475969705
GCAACC,-0.31022230391164923
GCAACG,0.17635451641116776
GCAAGA,0.13858616328614673
GCAAGT,-0.028455624364824288
GCAAGC,-0.22771458599618816
GCAAGG,-0.021657773303972953
GCATAA,-0.16219278936334083
GCATAT,-0.053315058767721656
GCATAC,0.05129329438755048
GCATAG,0.007444521610504992
GCATTA,0.17903582149868721
GCATTT,0.14350578391751678
GCATTC,0.0060790460763821925
GCATTG,0.13825472806283168
GCATCA,-0.04777314863096028
GCATCT,0.049019548274119355
GCATCC,0.07078490214808558
GCATCG,0.015967425495810428
GCATGA,-0.18197571553164535
GCATGT,-0.12574251724599492
GCATGC,-0.17617525594526054
GCATGG,-0.21929395557920434
GCACAA,-0.09938350519196068
GCACAT,0.10469460366678061
GCACAC,-0.008625871449569025
GCACAG,-0.3800883535000253
GCACTA,0.19467929015881671
GCACTT,0.009389740349839137
GCACTC,-0.1831653878367324
GCACTG,0.008923342662843777
GCACCA,0.09727913695242707
GCACCT,0.1652363224742748
GCACCC,0.13941245316744555
GCACCG,0.12372758141654615
GCACGA,-0.22548424409765824
GCACGT,0.07644204605493186
GCACGC,-0.15867642264927204
GCACGG,-0.25993681099700977
GCAGAA,0.058840500022933395
GCAGAT,0.24243102919097817
GCAGAC,-0.14052867431885666
GCAGAG,-0.4195074652312033
GCAGTA,0.07639346030512273
GCAGTT,0.2342898427697385
GCAGTC,-0.41171652386772495
GCAGTG,-0.07278526581588197
GCAGCA,0.3268659291058377
GCAGCT,0.19011207660865578
GCAGCC,-0.15570912418450059
GCAGCG,0.1727491623429947
GCAGGA,0.2703300637491069
GCAGGT,0.20075621305744845
GCAGGC,-0.1399377940349676
GCAGGG,-0.025125036899355548
GCTAAA,0.28721598062325454
GCTAAT,0.02155416033498601
GCTAAC,-0.1604431331115741
GCTAAG,-0.12609641413700454
GCTATA,-0.10821358464023284
GCTATT,0.03694162211457258
GCTATC,-0.1275438940147385
GCTATG,-0.2725072744325458
GCTACA,-0.19580064079404993
GCTACT,-0.01316595918230445
GCTACC,0.0018636439622874595
GCTACG,-0.15938167621445623
GCTAGA,-0.30425742233890096
GCTAGT,-0.3236647903312868
GCTAGC,-0.15415067982725836
GCTAGG,-0.3509083490443953
GCTTAA,0.19100782204991493
GCTTAT,-0.1861022796338606
GCTTAC,-0.036162507301630044
GCTTAG,-0.28154439426257377
GCTTTA,0.22314355131420976
GCTTTT,0.010185025058365412
GCTTTC,-0.12321426915905546
GCTTTG,-0.08369018462271068
GCTTCA,-0.468823688105887
GCTTCT,-0.0741214746280506
GCTTCC,-0.08849713301160876
GCTTCG,-0.3202591277373472
GCTTGA,-0.21714520499442708
GCTTGT,-0.37775853524880687
GCTTGC,-0.16839424407466064
GCTTGG,-0.2521739991441684
GCTCAA,0.346381899777646
GCTCAT,0.17276548826949018
GCTCAC,0.09889323361756336
GCTCAG,-0.20376528992063114
GCTCTA,0.4772923755765418
GCTCTT,-0.037706033841997645
GCTCTC,-0.28802786246189527
GCTCTG,-0.44317398163705823
GCTCCA,-0.09286865312637592
GCTCCT,0.0021582145008792806
GCTCCC,-0.090956575901057
GCTCCG,-0.3357687543551274
GCTCGA,0.12963021732570432
GCTCGT,-0.022336094363880385
GCTCGC,-0.20216685680623858
GCTCGG,0.041459024163675
GCTGAA,0.03957202933787273
GCTGAT,0.22135502821880315
GCTGAC,0.10463424647055382
GCTGAG,-0.2458468332910268
GCTGTA,0.24293817864238929
GCTGTT,0.2784326290640747
GCTGTC,-0.08618967307785019
GCTGTG,-0.3175087747524474
GCTGCA,0.10636201799491575
GCTGCT,0.3692825607933071
GCTGCC,0.031452403602701094
GCTGCG,0.06726640356073989
GCTGGA,0.3283163968954789
GCTGGT,0.13040277058742453
GCTGGC,0.17000977074867019
GCTGGG,0.18899595503075858
GCCAAA,0.015373578555632133
GCCAAT,-0.05192066956304371
GCCAAC,0.12558401194887478
GCCAAG,0.10155687384390734
GCCATA,-0.19097636152357764
GCCATT,-0.1473078027247929
GCCATC,-0.0674707178388423
GCCATG,-0.21080396465429044
GCCACA,-0.41040821508094627
GCCACT,-0.25765426884357234
GCCACC,0.13710992640147993
GCCACG,-0.36196608544743275
GCCAGA,-0.18812479122869563
GCCAGT,-0.09677333092892935
GCCAGC,0.17005310941387497
GCCAGG,-0.021820153350154893
GCCTAA,-0.1470268740994072
GCCTAT,-0.025567776739497335
GCCTAC,0.1605621669987139
GCCTAG,-0.2834343091404745
GCCTTA,-0.10026559133227891
GCCTTT,-0.20487820333691648
GCCTTC,-0.040498901951424346
GCCTTG,0.022002642351301272
GCCTCA,-0.4297093146532959
GCCTCT,-0.7686926111385861
GCCTCC,-0.08271708979368163
GCCTCG,-0.04566819892054246
GCCTGA,-0.3571446322756121
GCCTGT,-0.4923706593926316
GCCTGC,-0.14076289619767066
GCCTGG,-0.13653475705302492
GCCCAA,-0.008221002527991805
GCCCAT,-0.09046121898537829
GCCCAC,-0.07001016557264891
GCCCAG,0.275264945949207
GCCCTA,0.0062139569679430726
GCCCTT,0.10978428917526979
GCCCTC,0.06879773049696744
GCCCTG,0.10659874449731827
GCCCCA,-0.08310549720408211
GCCCCT,-0.4053309609485292
GCCCCC,-0.1786125965041739
GCCCCG,-0.12548167226139517
GCCCGA,-0.14908434764541595
GCCCGT,-0.2818708273040462
GCCCGC,0.028713511716028456
GCCCGG,-0.02785309651884628
GCCGAA,0.13739843164063564
GCCGAT,0.019932538307319825
GCCGAC,0.16693067929179087
GCCGAG,0.2834343941161071
GCCGTA,0.08315732664146011
GCCGTT,0.09231383510905584
GCCGTC,0.14618025347595828
GCCGTG,-0.2346981605863229
GCCGCA,0.008924824041077705
GCCGCT,-0.06871919396564442
GCCGCC,0.21621662067156208
GCCGCG,0.04221961878689302
GCCGGA,0.028284313738370294
GCCGGT,-0.015157069872161451
GCCGGC,0.014859970379585656
GCCGGG,0.04671976452267029
GCGAAA,-0.049916002270029285
GCGAAT,-0.028332676174233053
GCGAAC,-0.2326889641577412
GCGAAG,-0.11348020310772079
GCGATA,-0.10356265382355026
GCGATT,-0.271030438859339
GCGATC,-0.07352250701906707
GCGATG,0.06309846795703636
GCGACA,-0.07771813627303334
GCGACT,-0.2260212511418249
GCGACC,-0.2622308629509625
GCGACG,0.04469847188853057
GCGAGA,-0.17284794418913535
GCGAGT,-0.050813456237147864
GCGAGC,-0.23093954761883853
GCGAGG,-0.16691534560957452
GCGTAA,0.12198323883165889
GCGTAT,-0.12923978944776948
GCGTAC,-0.16891192492586712
GCGTAG,0.049661665534828446
GCGTTA,0.18459959866394657
GCGTTT,0.047308503749861834
GCGTTC,0.10734231974759322
GCGTTG,0.3502423855753782
GCGTCA,-0.0974648067468797
GCGTCT,-0.20171396706212097
GCGTCC,-0.06956559346178623
GCGTCG,0.05820313035993173
GCGTGA,-0.1709964074369013
GCGTGT,-0.41076381292490444
GCGTGC,-0.128803567384293
GCGTGG,-0.22332043984541514
GCGCAA,0.07853404236000275
GCGCAT,0.08080873822014167
GCGCAC,0.09576325614852078
GCGCAG,0.2292070771522008
GCGCTA,0.055992955528061696
GCGCTT,-0.19924296948225992
GCGCTC,0.021818703155879797
GCGCTG,0.38804031762151486
GCGCCA,-0.01693706537451477
GCGCCT,-0.11047082003500631
GCGCCC,-0.03307413360818216
GCGCCG,0.169302123632193
GCGCGA,-0.20784202312780123
GCGCGT,-0.232662848824799
GCGCGC,-0.05876041924140225
GCGCGG,-0.0042790635735875035
GCGGAA,-0.03710588994795574
GCGGAT,0.07285564273307352
GCGGAC,-0.2174614769162762
GCGGAG,-0.129820449909692
GCGGTA,0.10956220251152624
GCGGTT,-0.34755812898332317
GCGGTC,-0.14939686666624832
GCGGTG,0.28116372537859524
GCGGCA,0.1417465272279214
GCGGCT,-0.09202343181867023
GCGGCC,0.05033519447134325
GCGGCG,0.15399610240298328
GCGGGA,0.09276955028931373
GCGGGT,0.14622174509716446
GCGGGC,0.08228247463760956
GCGGGG,0.07978825976141404
GGAAAA,0.44579454377527067
GGAAAT,0.34145105333809844
GGAAAC,0.22693314350617208
GGAAAG,0.1745009777287665
GGAATA,0.5735639643994139
GGAATT,0.7546825189066348
GGAATC,0.3434056662080318
GGAATG,0.2836355793756162
GGAACA,0.053115065044731014
GGAACT,0.4092001448571929
GGAACC,-0.3690356146924253
GGAACG,-0.1778261038192173
GGAAGA,0.15917858912554256
GGAAGT,0.43042740266807816
GGAAGC,-0.0825504030490045
GGAAGG,-0.08535059943692129
GGATAA,0.14814779086303528
GGATAT,0.31916344236345123
GGATAC,0.041647417596422785
GGATAG,0.07145018747159786
GGATTA,0.26813507354635174
GGATTT,0.5650821493435048
GGATTC,0.3364343226480136
GGATTG,0.010569951349734374
GGATCA,-0.03841910990394479
GGATCT,0.31217417917504064
GGATCC,-0.03724162815418065
GGATCG,-0.16721598271967403
GGATGA,0.021253343505797325
GGATGT,0.32270109875136216
GGATGC,0.02115237500522676
GGATGG,-0.13908867768938896
GGACAA,0.347033358161396
GGACAT,0.34680062057882743
GGACAC,0.20015152788181062
GGACAG,0.09400482230415276
GGACTA,0.15690030588420664
GGACTT,0.4465519682106857
GGACTC,0.13318513223325126
GGACTG,-0.05223955855650223
GGACCA,-0.411507422564127
GGACCT,-0.13976194237515874
GGACCC,-0.27308156780162873
GGACCG,-0.46676901939758986
GGACGA,-0.1820267889215182
GGACGT,0.06639606257330716
GGACGC,-0.0771071110139702
GGACGG,-0.19360694302562115
GGAGAA,0.7592869830644903
GGAGAT,0.5345322860669778
GGAGAC,0.08310646792754772
GGAGAG,-0.08935778127702963
GGAGTA,0.48428230120875815
GGAGTT,0.8523104022107479
GGAGTC,0.2127098639149146
GGAGTG,0.01774444529907191
GGAGCA,-0.24960771329217452
GGAGCT,0.06501726819729144
GGAGCC,-0.2158536170845292
GGAGCG,-0.22056904401809566
GGAGGA,0.004221759408986001
GGAGGT,-0.0027285146532040625
GGAGGC,-0.10121238918124921
GGAGGG,-0.3161485752947163
GGTAAA,0.38469686730420005
GGTAAT,0.5633591988067386
GGTAAC,0.20134889148678947
GGTAAG,0.16034265007517948
GGTATA,0.08691618875482368
GGTATT,0.5583549009446397
GGTATC,0.11358902287952394
GGTATG,-0.07979847760760156
GGTACA,-0.3448404862917295
GGTACT,0.1718377819545719
GGTACC,-0.27420641311077265
GGTACG,-0.5246165531216409
GGTAGA,0.11535740844154505
GGTAGT,0.34813589382371934
GGTAGC,0.016010289912355452
GGTAGG,-0.06890141783102786
GGTTAA,0.03962367202814642
GGTTAT,0.1283311728974152
GGTTAC,0.037177441231102705
GGTTAG,-0.2619961437197301
GGTTTA,0.015334364000106742
GGTTTT,0.03376606867859007
GGTTTC,-0.10807325077297518
GGTTTG,-0.027886228079174704
GGTTCA,-0.5439974341443047
GGTTCT,-0.19822515807037297
GGTTCC,-0.30130525810631875
GGTTCG,-0.5160378230760072
GGTTGA,-0.2259165624665645
GGTTGT,-0.30050190661186815
GGTTGC,-0.3987174178607075
GGTTGG,-0.35565680215844736
GGTCAA,0.2643211148954181
GGTCAT,0.16925909528249433
GGTCAC,0.12598947034735378
GGTCAG,0.14506638421089785
GGTCTA,0.09204473968205422
GGTCTT,0.16738511914894774
GGTCTC,-0.14756533741541905
GGTCTG,-0.12832759751382133
GGTCCA,-0.1409206910563771
GGTCCT,-0.2335266949686389
GGTCCC,-0.3599564066356933
GGTCCG,-0.49809360220777904
GGTCGA,-0.022970781060956486
GGTCGT,-0.2615334998977279
GGTCGC,-0.24607270449691043
GGTCGG,-0.27235489704625027
GGTGAA,0.3941599066615998
GGTGAT,0.5183686638541977
GGTGAC,0.3783766025721817
GGTGAG,0.23528995142160425
GGTGTA,0.4152002475522954
GGTGTT,0.777888409015036
GGTGTC,0.4697887636126668
GGTGTG,0.12154597518592582
GGTGCA,-0.0869693681257533
GGTGCT,0.44247895585564556
GGTGCC,0.15557552392553436
GGTGCG,0.015551508826688352
GGTGGA,0.12395282336418088
GGTGGT,0.2678412239695931
GGTGGC,0.12736168574866985
GGTGGG,0.013182822456584888
GGCAAA,0.10949413045092088
GGCAAT,0.19854668518727636
GGCAAC,0.15246196566292466
GGCAAG,0.17756753213760668
GGCATA,0.2815054005600518
GGCATT,0.2645570338023831
GGCATC,0.19438288756313762
GGCATG,-0.012758459015864795
GGCACA,-0.33299088056259557
GGCACT,-0.08955875272422811
GGCACC,0.16610275622924195
GGCACG,-0.36117037693912646
GGCAGA,-0.3397060067781936
GGCAGT,-0.28521228445825875
GGCAGC,-0.019554321097890726
GGCAGG,-0.2459039635074131
GGCTAA,0.04144875731106431
GGCTAT,0.015834160734977135
GGCTAC,0.06607122666234358
GGCTAG,-0.022024576118002286
GGCTTA,-0.09868713531405514
GGCTTT,0.13083960095881128
GGCTTC,-0.04042847447844836
GGCTTG,-0.2900621135115411
GGCTCA,-0.2534395821148393
GGCTCT,-0.3713642142609866
GGCTCC,-0.19928364133451548
GGCTCG,-0.3451461097659911
GGCTGA,-0.23447776852157085
GGCTGT,-0.4054028590496613
GGCTGC,-0.19496064419996348
GGCTGG,-0.14048654541328195
GGCCAA,0.22995195948864777
GGCCAT,-0.021001726495160036
GGCCAC,0.0034429572179806535
GGCCAG,0.30334914331544705
GGCCTA,0.07902952969519607
GGCCTT,0.04287734802031921
GGCCTC,0.005961792162898416
GGCCTG,0.049291754073461286
GGCCCA,-0.22722033630492533
GGCCCT,-0.13904746525268677
GGCCCC,-0.1360506381836404
GGCCCG,-0.19572783708223612
GGCCGA,-0.13234542341193922
GGCCGT,-0.2748263694973462
GGCCGC,0.05759460589032523
GGCCGG,-0.20667856024047698
GGCGAA,0.16251892949777494
GGCGAT,0.27017274067736813
GGCGAC,0.08423658387624473
GGCGAG,0.08811909731804883
GGCGTA,0.2081678002213364
GGCGTT,0.480407692396437
GGCGTC,0.2546329894789834
GGCGTG,-0.02837156331467756
GGCGCA,-0.023162899279537554
GGCGCT,0.20321771656149218
GGCGCC,0.19383166785374467
GGCGCG,-0.14503930663428002
GGCGGA,-0.15760657687777171
GGCGGT,0.05861417572013427
GGCGGC,0.21661093259065597
GGCGGG,0.09520447182503584
GGGAAA,0.42682251487635736
GGGAAT,0.48191866382360665
GGGAAC,-0.0025330210757303034
GGGAAG,0.14661949610985966
GGGATA,0.2839556907109671
GGGATT,0.37629821512287187
GGGATC,0.09235159776457968
GGGATG,0.17601303654069508
GGGACA,0.03224509941685599
GGGACT,0.04498838721478178
GGGACC,-0.41622902904951636
GGGACG,-0.18937360456074245
GGGAGA,0.2583184059479473
GGGAGT,0.3008835843103169
GGGAGC,-0.09813076146013884
GGGAGG,-0.1676188968781249
GGGTAA,0.4091855482220673
GGGTAT,0.2740764203960024
GGGTAC,-0.11204060806353439
GGGTAG,0.10536051565782635
GGGTTA,0.26761450940097165
GGGTTT,0.29390497697170287
GGGTTC,-0.18587395839832244
GGGTTG,-0.04238252924036256
GGGTCA,0.03512292587331557
GGGTCT,-0.0026687283203418797
GGGTCC,-0.2564021487156547
GGGTCG,-0.2217769247750174
GGGTGA,0.2737357823937396
GGGTGT,0.34771079064536514
GGGTGC,0.15345853563588502
GGGTGG,0.07634192189848354
GGGCAA,0.21681259491656937
GGGCAT,0.38883959101983323
GGGCAC,0.09491283662883547
GGGCAG,0.12589889507516616
GGGCTA,0.032282432770104716
GGGCTT,0.008577607988040413
GGGCTC,-0.25437487443401224
GGGCTG,-0.032849420242440294
GGGCCA,-0.10305460620532698
GGGCCT,-0.07918537230084899
GGGCCC,-0.2683520075207546
GGGCCG,-0.12692764968938977
GGGCGA,-0.06978287165545731
GGGCGT,0.12542720421775327
GGGCGC,0.01816852983830253
GGGCGG,-0.06069574810118336
GGGGAA,0.28755605644758153
GGGGAT,0.2754119798599666
GGGGAC,-0.05432804347539511
GGGGAG,0.26629387681863126
GGGGTA,0.21429057835510232
GGGGTT,0.06550839934284688
GGGGTC,-0.00023768965765748936
GGGGTG,0.2983757506802126
GGGGCA,-0.06844906071969205
GGGGCT,-0.16009392920976978
GGGGCC,-0.08545641979925198
GGGGCG,-0.20082742299166254
GGGGGA,0.05451658805428848
GGGGGT,-0.042701960835465354
GGGGGC,-0.19908727468070028
GGGGGG,-0.6165923069266279
