Item,x,y,color
AAAAAA,-0.8675724448917108,-0.9259994185562233,6-mer
AAAAAT,-0.10282455922469319,0.2110823261990721,6-mer
AAAAAC,0.21731303000790927,-0.12892453886115185,6-mer
AAAAAG,0.3274310705647492,-0.7752937128253057,6-mer
AAAATA,-0.148575681248879,0.11756959638117616,6-mer
AAAATT,-0.12120171142083443,0.2282689876731172,Inverted repeat
AAAATC,0.27926072024837706,0.5692381484281396,6-mer
AAAATG,0.0015950195553799645,-0.20600346079741483,6-mer
AAAACA,-0.015307252787848427,-0.11593011180158301,6-mer
AAAACT,-0.5777535161227233,0.22293900025599506,6-mer
AAAACC,0.07970321568741123,0.7081892177460267,6-mer
AAAACG,0.08821605050426251,-0.30640191514331355,6-mer
AAAAGA,0.10495452064061836,-0.8259706002249511,6-mer
AAAAGT,0.04954347353195603,0.1876270031757712,6-mer
AAAAGC,0.09058568235498438,-0.012862150937049328,6-mer
AAAAGG,-0.09071519492751894,0.13245029602364952,6-mer
AAATAA,-0.058214613945295715,-0.5728896684205812,6-mer
AAATAT,0.009650170033719437,0.7118746132033758,6-mer
AAATAC,0.7933035783160182,0.45898084686644086,6-mer
AAATAG,0.5120465609039616,0.27885937299547653,6-mer
AAATTA,-0.1882666374318216,-0.23606735823352437,Inverted repeat
AAATTT,-0.7507713936912366,0.5190605638220721,Palindromes
AAATTC,0.2518238564230137,0.45519462575082636,Inverted repeat
AAATTG,-0.12747606346233997,-0.01830081674294389,Inverted repeat
AAATCA,-0.20661726868390612,0.09047159112267752,6-mer
AAATCT,0.05407407723596116,-0.20945336562894964,6-mer
AAATCC,0.5861140466443849,0.5077195017886958,6-mer
AAATCG,-0.07378257533782132,0.4616242928807992,6-mer
AAATGA,-0.4042402594936323,0.2703977942472801,6-mer
AAATGT,-0.11886780662070996,0.12029423371771174,6-mer
AAATGC,-0.021016161281826755,-0.11607696593860824,6-mer
AAATGG,-0.36506904000475915,-0.3095088356332945,6-mer
AAACAA,-0.25758684099412327,-0.33518419158962937,6-mer
AAACAT,0.05658352836636747,0.04485423578426039,6-mer
AAACAC,0.12428856036930816,0.10803945493065342,6-mer
AAACAG,0.06558834162757658,0.019045755690546298,6-mer
AAACTA,-0.6903951835627677,0.3770696490798233,6-mer
AAACTT,-0.498009956607855,-0.33424135632621377,Inverted repeat
AAACTC,0.5190054191450189,0.012072832300574855,6-mer
AAACTG,-0.06755130994789485,0.04146661729538431,6-mer
AAACCA,-0.2853286738852544,0.17163190019398236,6-mer
AAACCT,-0.07980475463525842,0.3305412251920703,6-mer
AAACCC,0.5010478077581111,0.538032145653747,6-mer
AAACCG,-0.051161654914072464,0.43687625181477674,6-mer
AAACGA,-0.24838762986939242,-0.0851673832626771,6-mer
AAACGT,0.09799215879494086,-0.1728365968622157,6-mer
AAACGC,0.1835676094009803,-0.84799690655495,6-mer
AAACGG,-0.3516201656230304,0.035205331273061864,6-mer
AAAGAA,0.18954139433399653,-0.5742360941280978,6-mer
AAAGAT,0.15769420552290578,-0.10060394093840574,6-mer
AAAGAC,0.4669961217630543,0.305868243991263,6-mer
AAAGAG,0.3397493719746068,-0.29278174922784583,6-mer
AAAGTA,0.28066007651562835,0.28239973070072494,6-mer
AAAGTT,-0.2815415347869105,-0.11484292633876278,Inverted repeat
AAAGTC,0.3708035281184666,-0.24691474047051673,6-mer
AAAGTG,-0.05528243550118961,0.19890406841407823,6-mer
AAAGCA,-0.4448495505754381,-0.8457688056628329,6-mer
AAAGCT,-0.0026127898011703383,0.08746284125033935,6-mer
AAAGCC,0.22866430074337793,0.43408325496939054,6-mer
AAAGCG,-0.11412059631198415,-0.531069492725954,6-mer
AAAGGA,-0.3523593353977612,0.2984691220633732,6-mer
AAAGGT,-0.35405506649732243,0.30910405452977857,6-mer
AAAGGC,-0.08266765766983447,0.05173896997162104,6-mer
AAAGGG,-0.47668475240990066,-0.29328069270191415,6-mer
AATAAA,-0.4646682670034443,-1.0766212816029126,6-mer
AATAAT,-0.00814317330861415,-0.3074285251922473,6-mer
AATAAC,0.15200309344504997,-0.5639008851933264,6-mer
AATAAG,0.006023787627769774,-0.6780719051126377,6-mer
AATATA,-0.5327325419485984,0.5600878320821269,Inverted repeat
AATATT,0.5243277403554917,0.5267478867758604,Palindromes
AATATC,0.7437308822535038,0.6959383259061513,Inverted repeat
AATATG,0.20797190559027653,-0.3570105540428075,Inverted repeat
AATACA,0.3375008988078234,-0.326360341202623,6-mer
AATACT,0.49167277071967924,0.2064508774674265,6-mer
AATACC,0.9132695081712234,0.61585650866694,6-mer
AATACG,0.7579730879960986,-0.0554951125917035,6-mer
AATAGA,-0.0072680004640391345,0.11805576152171222,6-mer
AATAGT,0.26867544934880067,0.07119104785695285,6-mer
AATAGC,0.08077190261778178,0.25497785096273556,6-mer
AATAGG,-0.15290449618658197,0.19264507794239571,6-mer
AATTAA,0.3619261628192814,-0.5780761151359162,6-mer
AATTAT,0.16638701160770586,0.13923579737117212,6-mer
AATTAC,0.3749093865735343,0.429537068973959,6-mer
AATTAG,0.062365880960373696,0.18807234815257184,6-mer
AATTTA,-0.5459683691052926,0.056034034914327874,6-mer
AATTTT,-0.21513286062215137,0.2674803108649859,Inverted repeat
AATTTC,0.2286361748348252,0.4356818091948677,6-mer
AATTTG,-0.01711208757695915,0.3770696490798233,6-mer
AATTCA,0.3846093276434973,0.20122560902122355,6-mer
AATTCT,0.17464213923675034,0.0439433475875971,6-mer
AATTCC,1.0381598531019316,0.10627200504679049,6-mer
AATTCG,0.7445609643671712,0.49499280386024214,6-mer
AATTGA,-0.018422533372776453,-0.09208439899071691,6-mer
AATTGT,-0.05361751564990977,0.05633798414981189,6-mer
AATTGC,0.20803712835937788,-0.1977081579558505,6-mer
AATTGG,0.1154221957749993,-0.2216561646014641,6-mer
AATCAA,-0.5734076731803341,-0.01869609370990503,6-mer
AATCAT,-0.5473545763134435,-0.19703684705955357,6-mer
AATCAC,-0.34564698934810323,-0.04226572697700985,6-mer
AATCAG,-0.4862132513057625,0.29016553250257443,6-mer
AATCTA,-0.6855664416595618,-0.579293750634464,6-mer
AATCTT,-0.258574757643094,-0.3136604789037618,Inverted repeat
AATCTC,0.32976884810454554,0.05790857802800058,6-mer
AATCTG,0.04789469010431146,0.30945874292514575,6-mer
AATCCA,-0.031132967364067673,0.1499227830040026,6-mer
AATCCT,0.36190927091820835,0.33867135872193865,6-mer
AATCCC,0.591158766685062,0.05889368905356862,6-mer
AATCCG,0.3506529648642163,0.22785040921545774,6-mer
AATCGA,-0.5265493896336868,0.16526499285397228,6-mer
AATCGT,-0.3857409276556482,-0.013056152825446348,6-mer
AATCGC,-0.32964382410389936,0.05996752240488617,6-mer
AATCGG,-0.5058909297299574,0.28842229167164485,6-mer
AATGAA,-0.6384977229016728,-0.24441872766644696,6-mer
AATGAT,-0.6680182404487147,-0.44183755862255913,6-mer
AATGAC,-0.05740737632302119,-0.1073835353735993,6-mer
AATGAG,-0.37965525790805893,-0.5474877953024933,6-mer
AATGTA,-0.7821722705953588,-0.18997094364407047,6-mer
AATGTT,-0.024376930134561686,-0.14438990933517476,Inverted repeat
AATGTC,0.562154237363868,-0.1189410727235073,6-mer
AATGTG,0.12589025312591842,-0.31112869403483884,6-mer
AATGCA,-0.5497314894419546,-0.17613220464059684,6-mer
AATGCT,-0.1635834745684856,0.0,6-mer
AATGCC,0.4069060944743909,-0.12475503100794683,6-mer
AATGCG,0.22142034415350245,-0.3996969531443577,6-mer
AATGGA,-0.2440968851039065,-0.8062404414761954,6-mer
AATGGT,-0.43967660866467057,-0.44596207247374425,6-mer
AATGGC,-0.1394623767879917,-0.22192920250412052,6-mer
AATGGG,-0.161310343481188,-0.44170544974092374,6-mer
AACAAA,-0.20397684997676443,0.178475304806241,6-mer
AACAAT,-0.0388192488905279,0.2360673582335245,6-mer
AACAAC,0.5645309620681512,0.5347228724511657,6-mer
AACAAG,0.13096624551169633,0.24366908096686254,6-mer
AACATA,-0.6769980717613198,-0.0680184234286509,6-mer
AACATT,-0.07177653476836257,-0.192194165283345,Inverted repeat
AACATC,0.5769697099676255,0.18555565315607644,6-mer
AACATG,0.2512785640841057,-0.34900762894364645,6-mer
AACACA,-0.25894165119991075,-0.1276825529389075,6-mer
AACACT,-0.0633726940290063,-0.4805113367561252,6-mer
AACACC,0.913663023596486,0.5878507800459827,6-mer
AACACG,0.16258302610114433,-0.4876898786788107,6-mer
AACAGA,-0.19464743085354366,-0.25318661987744656,6-mer
AACAGT,-0.09057285575518068,0.06838697498025013,6-mer
AACAGC,0.5111303273078992,0.2993737787184645,6-mer
AACAGG,0.3191492271757695,-0.26874805702818744,6-mer
AACTAA,-0.753360032416875,-0.28575448233387735,6-mer
AACTAT,-0.07038932789139794,0.3219280948873623,6-mer
AACTAC,0.4486304711816653,0.8904746324670876,6-mer
AACTAG,-0.5447326559326235,0.3119440063147403,6-mer
AACTTA,-0.6424479953819162,-0.40599235967583663,6-mer
AACTTT,-0.15231001718642428,-0.1755715645834543,Inverted repeat
AACTTC,0.6802253277866595,0.11307472720463126,6-mer
AACTTG,0.10906473752631471,0.12462665451374481,6-mer
AACTCA,0.46597662681840096,0.2868374304190004,6-mer
AACTCT,0.24745527986302646,-0.039709709801971256,6-mer
AACTCC,1.0033251412953987,-0.12861443191366553,6-mer
AACTCG,0.9481758490055882,0.401143057620463,6-mer
AACTGA,-0.3512350098416524,0.12191736725575865,6-mer
AACTGT,-0.23446525363702295,0.06986480687457162,6-mer
AACTGC,0.29237446683980983,-0.08192172375902304,6-mer
AACTGG,0.39506351443105553,0.3219280948873623,6-mer
AACCAA,-0.9569859246125764,0.009781020792585297,6-mer
AACCAT,-1.0041556294913112,0.3617776074939287,6-mer
AACCAC,-0.5113428863386955,0.3109569770663593,6-mer
AACCAG,-0.35395922546620445,0.4806258409064207,6-mer
AACCTA,-0.7089012968892882,-0.1858665453113339,6-mer
AACCTT,-0.6098952634877771,-0.25969096275942344,Inverted repeat
AACCTC,-0.2749224840321342,0.4140663144283758,6-mer
AACCTG,0.06438233034671845,0.4438203999078731,6-mer
AACCCA,-0.27283176021264666,0.23527371263318017,6-mer
AACCCT,-0.17638892248530774,0.246639967583125,6-mer
AACCCC,0.20310312416220255,-0.002402490215304543,6-mer
AACCCG,0.19840385284006118,0.3317091156799477,6-mer
AACCGA,-0.8291171396926534,0.4977321834524448,6-mer
AACCGT,-0.6455383529179515,0.5495747692738288,6-mer
AACCGC,-0.4844950040854404,0.2831088459968342,6-mer
AACCGG,-0.4277431103947848,0.7551129408764657,6-mer
AACGAA,-0.48478262307787295,-0.30854906508616253,6-mer
AACGAT,-0.7621049532088562,-0.028569152196770736,6-mer
AACGAC,0.20414246417875925,-0.09310940439148137,6-mer
AACGAG,0.12168155829757209,-0.16129782408960844,6-mer
AACGTA,-0.5943154997088186,-0.2568558309046696,Inverted repeat
AACGTT,-0.2744391691060432,-0.1858665453113339,Palindromes
AACGTC,0.5607969971739123,-0.17703188793657232,Inverted repeat
AACGTG,0.24220090241662823,0.07714165614613176,Inverted repeat
AACGCA,-0.029814004697578934,-0.6386004643232294,6-mer
AACGCT,-0.053287408313646124,-0.3025627700204313,6-mer
AACGCC,0.6196350783759358,0.13978714373541065,6-mer
AACGCG,0.23493315979391158,-0.5529560079420065,6-mer
AACGGA,-0.4198246328554062,-0.22426483566921826,6-mer
AACGGT,-0.45970078095045674,0.09856383448358953,6-mer
AACGGC,0.09401386538380734,0.5079930244060452,6-mer
AACGGG,-0.01965027352298068,-0.5726316988104369,6-mer
AAGAAA,0.5288283400708931,0.6840540631277635,6-mer
AAGAAT,0.07077307441338095,-0.2736036475439811,6-mer
AAGAAC,0.8635959517567702,0.49358814770042236,6-mer
AAGAAG,0.9908689882478717,0.5936014189950289,6-mer
AAGATA,-0.26848883592590184,0.05062607306996801,6-mer
AAGATT,-0.3094399231157046,-0.765534746362977,Inverted repeat
AAGATC,0.5513431486453678,0.14232054004771091,6-mer
AAGATG,0.386100184002464,-0.6468902498643582,6-mer
AAGACA,-0.0632648934580164,0.022367813028454434,6-mer
AAGACT,-0.14026202371249832,0.045360533399875315,6-mer
AAGACC,0.43168016448141333,0.3925826484511478,6-mer
AAGACG,0.5696464159807099,-0.30913082042324785,6-mer
AAGAGA,-0.43896255281096924,-0.2213867084753024,6-mer
AAGAGT,0.06504729716562357,-0.48885773257051524,6-mer
AAGAGC,0.11710830299886404,-0.9370687442735433,6-mer
AAGAGG,-0.06994023993730031,-0.8690585220827797,6-mer
AAGTAA,0.10489885831800727,-0.3161457422933562,6-mer
AAGTAT,0.0328313924673724,-0.3391373849195854,6-mer
AAGTAC,0.772725357283806,-0.15785216914173744,6-mer
AAGTAG,0.8119926395742301,0.31731146681699224,6-mer
AAGTTA,0.08518038057384429,-0.38502493021240414,6-mer
AAGTTT,-0.3563158771395335,0.016119665363276914,Inverted repeat
AAGTTC,0.4782841031083601,-0.1874833728266168,6-mer
AAGTTG,0.3160728682713983,-0.20777038697160255,6-mer
AAGTCA,-0.04372137742931786,0.07671496614081258,6-mer
AAGTCT,0.027307345995735248,-0.5077946401986961,6-mer
AAGTCC,0.7179281370042194,-0.15307933000438903,6-mer
AAGTCG,0.5715699750684072,-0.17601875935498681,6-mer
AAGTGA,-0.5027207507413436,-0.11321061044799093,6-mer
AAGTGT,-0.11802197435696911,0.28268646329451164,6-mer
AAGTGC,-0.2714282915685484,-0.3062464726550926,6-mer
AAGTGG,-0.06819648776292475,0.004013062506623203,6-mer
AAGCAA,-0.7526561928903454,-0.5938818184096784,6-mer
AAGCAT,-0.6560154417985369,-0.8004685364723643,6-mer
AAGCAC,-0.4583077008220437,-0.3755091350922063,6-mer
AAGCAG,-0.16572839840280035,-0.3072110061506157,6-mer
AAGCTA,-0.5248818967171454,0.709998546565937,Inverted repeat
AAGCTT,-0.8892529344924612,-0.2791901742248347,Palindromes
AAGCTC,-0.1012618106252645,0.04042505418479677,Inverted repeat
AAGCTG,0.21154586454304825,0.15200309344504997,Inverted repeat
AAGCCA,-0.5100940873687864,0.16812275880832706,6-mer
AAGCCT,-0.517664111432316,0.15426260062717514,6-mer
AAGCCC,0.14455931019325013,0.1767861943749381,6-mer
AAGCCG,0.13103036946722665,0.2751338834084211,6-mer
AAGCGA,-0.909780321243438,-0.13750352374993496,6-mer
AAGCGT,-0.4445193507742675,-0.7238755947257625,6-mer
AAGCGC,-0.291242874371656,-0.1312069723873019,6-mer
AAGCGG,-0.41814341014666534,-0.040782099589078115,6-mer
AAGGAA,0.17826328407826894,0.1969155153206244,6-mer
AAGGAT,-0.36406850444103855,0.62148837674627,6-mer
AAGGAC,0.2511550204739813,-0.49897335900818957,6-mer
AAGGAG,0.2225256403254977,0.7628759158148986,6-mer
AAGGTA,-0.07100258827933101,-0.14594036089857465,6-mer
AAGGTT,-0.6805571685022319,0.6772593480419385,Inverted repeat
AAGGTC,0.09812472474320695,0.10144526355954561,6-mer
AAGGTG,0.4415447033038708,0.003904454455916158,6-mer
AAGGCA,-0.31356196444157813,-0.3327079336406048,6-mer
AAGGCT,-0.5347832574222906,-0.14701060949431044,6-mer
AAGGCC,0.017320386854659687,0.11723767528437325,6-mer
AAGGCG,0.28373177132641225,-0.40945265439147627,6-mer
AAGGGA,-0.5263605894096862,0.0474471624024603,6-mer
AAGGGT,-0.38966484646660743,-0.25357407658472736,6-mer
AAGGGC,-0.060120992437570804,-0.1945030241629783,6-mer
AAGGGG,-0.224560258019158,-0.7186260034632724,6-mer
ATAAAA,-0.32467347162617977,-0.5525410230287787,6-mer
ATAAAT,-0.4072879996739092,-0.5272470028648688,Inverted repeat
ATAAAC,0.19122440324276857,-0.8119276518474284,6-mer
ATAAAG,0.35601698546664357,-0.7078192485066896,6-mer
ATAATA,-1.0126738300351106,-0.6578940231750073,6-mer
ATAATT,-0.09208439899071691,-0.06413033741971556,6-mer
ATAATC,-0.0637255976103871,-0.3351841915896291,6-mer
ATAATG,-0.31343935927103705,-0.7513208871432763,6-mer
ATAACA,-0.40399922782639575,-0.2630344058337938,6-mer
ATAACT,0.13140618883793645,-0.05102400302446668,6-mer
ATAACC,0.07976445263785834,0.05107418459426936,6-mer
ATAACG,0.13691876590599486,-0.2387868595871166,6-mer
ATAAGA,-0.32716474325350936,-0.7369655941662062,6-mer
ATAAGT,-0.300003665064023,-0.753360032416875,6-mer
ATAAGC,-0.25891123914937975,-0.4720684443152228,6-mer
ATAAGG,0.11681366498274974,0.1606940537090944,6-mer
ATATAA,-0.9552301298799776,-0.3219280948873623,Inverted repeat
ATATAT,0.07524589446101204,0.661677466861969,Palindromes
ATATAC,-0.49599606888042913,-0.1876270031757712,Inverted repeat
ATATAG,0.06858708525741256,0.23815973719476458,Inverted repeat
ATATTA,-0.36994960975030594,-0.3122779248536431,6-mer
ATATTT,0.465396801815343,0.5514099410101297,6-mer
ATATTC,0.49462576401670644,0.27641343563499354,6-mer
ATATTG,0.6514962519768566,-0.0858193684610037,6-mer
ATATCA,-0.2918316701412285,0.35669351304803887,6-mer
ATATCT,0.26232650835104865,0.2458251158015707,6-mer
ATATCC,0.48390499681722005,0.36685396576887863,6-mer
ATATCG,0.579921884020626,0.6876156777835085,6-mer
ATATGA,-0.3835855852513268,-0.1199094637351967,6-mer
ATATGT,-0.36716394555042203,-0.41660479442580406,6-mer
ATATGC,-0.04960426732432992,-0.25125723805744,6-mer
ATATGG,-0.18859737149275713,-0.7497328902400839,6-mer
ATACAA,-0.4503656838797217,0.028196891830652163,6-mer
ATACAT,-0.11683547426674509,-0.0858193684610037,Inverted repeat
ATACAC,-0.05466497559838144,-0.7625006862733439,6-mer
ATACAG,-0.09902937593529901,-0.07800251200127319,6-mer
ATACTA,-1.7958592832197748,0.03652587602511419,6-mer
ATACTT,-0.040827504338260934,-0.2515387669959645,6-mer
ATACTC,0.29451473791280225,-0.6821646597465206,6-mer
ATACTG,-0.4343873941697759,0.31458611954619436,6-mer
ATACCA,-0.05345893194152074,0.5109619192773794,6-mer
ATACCT,0.170389178372119,0.42626475470209796,6-mer
ATACCC,0.41864423875957707,0.4780472968046441,6-mer
ATACCG,0.19650783377774741,0.4731135657313904,6-mer
ATACGA,-0.40434461750369904,-0.5102776911209026,6-mer
ATACGT,-0.03800754520214286,0.01449956969511516,6-mer
ATACGC,-0.15620623971652334,-0.40389694167364343,6-mer
ATACGG,-0.02173088398005932,0.01190676668417386,6-mer
ATAGAA,-0.13858703490930502,0.05889368905356862,6-mer
ATAGAT,-0.09128403310662628,0.14099010072263188,Inverted repeat
ATAGAC,0.1921004249286072,-0.37480765449031084,6-mer
ATAGAG,0.06988614993795471,-1.0959244199985356,6-mer
ATAGTA,-1.1725221129283516,-0.7907720378620001,6-mer
ATAGTT,-0.19612107249432673,-0.5634293391715149,6-mer
ATAGTC,0.18502084931945934,-0.493040011280117,6-mer
ATAGTG,-0.23013066337313182,0.3523017439308809,6-mer
ATAGCA,-0.9407281966628126,0.1350499601638528,6-mer
ATAGCT,-0.05216556927249064,0.5145731728297582,6-mer
ATAGCC,0.025376562900792893,0.6850644922541762,6-mer
ATAGCG,-0.12716519467581466,0.4121259038589404,6-mer
ATAGGA,-0.3997707426255334,0.31293931166010763,6-mer
ATAGGT,0.08136755085198964,0.7649799703358027,6-mer
ATAGGC,-0.09989857005412049,0.05695588481207588,6-mer
ATAGGG,-0.22360426100525613,0.15200309344504997,6-mer
ATTAAA,-0.0850361038557992,-1.1043366598147357,Inverted repeat
ATTAAT,0.07183274476106676,-0.05950101174866179,Palindromes
ATTAAC,0.13583180277390441,-0.11389096652798443,Inverted repeat
ATTAAG,-0.33207605026344506,-1.3895668117627256,Inverted repeat
ATTATA,-1.981852653289741,-2.044394119358454,6-mer
ATTATT,0.1357928662637908,-0.17864221854342122,6-mer
ATTATC,-0.03159684489433874,-0.1251551313222897,6-mer
ATTATG,-0.464962724610526,-0.632268215499513,6-mer
ATTACA,-0.4187455480564054,-0.5572175102382518,6-mer
ATTACT,0.1343010917115911,-0.2750070474998698,6-mer
ATTACC,0.8769960459451802,0.561878887608115,6-mer
ATTACG,0.37006059056046003,-0.5711567011961256,6-mer
ATTAGA,-0.84799690655495,-0.3785116232537298,6-mer
ATTAGT,-0.20163386116965054,-0.08524728661851093,6-mer
ATTAGC,-0.010726406593058345,-0.19264507794239585,6-mer
ATTAGG,-0.8413022539809418,0.23676071162468507,6-mer
ATTTAA,-0.8119276518474284,-1.5172756932095817,6-mer
ATTTAT,-0.3334237337251919,0.05514155419246075,Inverted repeat
ATTTAC,-0.16115479181458017,0.3531790288718022,6-mer
ATTTAG,-0.2518071504105396,-0.027480736422106907,6-mer
ATTTTA,-1.35453276031929,-0.20493145127022547,6-mer
ATTTTT,-0.11345804978328383,0.01278615495584322,6-mer
ATTTTC,0.2769095673646979,0.393481355912396,6-mer
ATTTTG,-0.06299921317208575,0.5759737174939017,6-mer
ATTTCA,0.15417093012776006,0.3400754415976218,6-mer
ATTTCT,0.4778091765191664,-0.07442484112655448,6-mer
ATTTCC,0.7172985607101295,0.35980797855845165,6-mer
ATTTCG,0.555656386607644,0.6495027529158668,6-mer
ATTTGA,-0.2918316701412285,0.11965431574718954,6-mer
ATTTGT,-0.08103657209090637,0.10052687595396444,6-mer
ATTTGC,0.005188223051628197,-0.06858030565952382,6-mer
ATTTGG,0.21218526433804083,0.17788172527065546,6-mer
ATTCAA,-0.699295176200151,-0.4496556961484196,6-mer
ATTCAT,-0.17666514767931896,-0.2001031501073371,Inverted repeat
ATTCAC,-0.15272921024790434,0.1174823533103127,6-mer
ATTCAG,-0.4416242684032337,-0.06389361659862668,6-mer
ATTCTA,-1.9024446905773262,-0.5422580497669178,6-mer
ATTCTT,0.13230729210413011,0.5222267453731936,6-mer
ATTCTC,0.16284404055191445,-0.15833702716710038,6-mer
ATTCTG,-0.060488979951589764,0.299864359221376,6-mer
ATTCCA,0.376841175717894,-0.4135019003676187,6-mer
ATTCCT,0.6024802619791858,0.33068056889632613,6-mer
ATTCCC,0.7570772898420569,-0.5525410230287787,6-mer
ATTCCG,0.4652305729199118,-0.021023250570418293,6-mer
ATTCGA,-0.16129782408960827,0.4317807631134203,6-mer
ATTCGT,0.11614304408848211,-0.2610292699434169,6-mer
ATTCGC,-0.11198233090761722,-0.10747864662661809,6-mer
ATTCGG,0.005882684324901126,0.45705413375240694,6-mer
ATTGAA,-0.39522901819866346,-0.38984916718801066,6-mer
ATTGAT,-0.43668249331882375,-0.0719151821223581,Inverted repeat
ATTGAC,-0.07986208051168008,0.4335734507162715,6-mer
ATTGAG,-0.0720639595836521,-0.16725086714398688,6-mer
ATTGTA,-2.069508292724543,-0.9004643264490856,6-mer
ATTGTT,-0.3183168413349833,-0.34883227858902305,6-mer
ATTGTC,0.00637891256270502,0.1674567458515627,6-mer
ATTGTG,-0.24184814723779222,0.035526433629140985,6-mer
ATTGCA,-0.6415460290875235,-1.046640725118789,6-mer
ATTGCT,-0.14438990933517476,0.279964801783671,6-mer
ATTGCC,0.37072903600653545,0.30562628255826185,6-mer
ATTGCG,-0.0004829643656850286,-0.26094202687255386,6-mer
ATTGGA,-0.41363614410223176,-0.5434958834257715,6-mer
ATTGGT,-0.38462993200327916,0.26379391890260656,6-mer
ATTGGC,-0.215792706986976,-0.08572987402588389,6-mer
ATTGGG,-0.1745693449940776,-0.09419536232073099,6-mer
ATCAAA,-0.43167350087070566,0.3565418499686994,6-mer
ATCAAT,-0.36838740598002245,0.2620566389099637,Inverted repeat
ATCAAC,0.3412569038816733,0.7525624492172248,6-mer
ATCAAG,0.055218872492200796,0.023458972823988924,6-mer
ATCATA,-2.0690675732951527,-1.3267290811511834,6-mer
ATCATT,-0.7167523732766974,-0.422814849870563,6-mer
ATCATC,0.22364649272994766,0.25560738793372445,6-mer
ATCATG,-0.08340209390883101,-0.16080462311361624,6-mer
ATCACA,-0.8997343284368048,0.10663778923612842,6-mer
ATCACT,-0.4823657289692235,0.14186108302443595,6-mer
ATCACC,0.7922439161495349,0.6893845296320964,6-mer
ATCACG,-0.1419728428164751,-0.1455344512761158,6-mer
ATCAGA,-0.6077283472769497,0.25583890442958995,6-mer
ATCAGT,-0.5665137700157984,0.23197139814846524,6-mer
ATCAGC,0.31259140374646854,0.9238970209142084,6-mer
ATCAGG,-0.034704398271220745,0.40875905276054214,6-mer
ATCTAA,-0.7929458630460966,-0.5962336130561764,6-mer
ATCTAT,0.029942315357439298,0.09953567355091435,Inverted repeat
ATCTAC,0.20888411537693977,-0.41642403954980645,6-mer
ATCTAG,-0.5986374376182327,0.4720684443152228,6-mer
ATCTTA,-1.1492260087744763,-1.0646529583422537,6-mer
ATCTTT,0.09382202235652073,-0.21171562854881362,6-mer
ATCTTC,0.5742568584548547,0.07762089712247354,6-mer
ATCTTG,0.5205885882475295,0.11003980034135857,6-mer
ATCTCA,-0.14853961612692493,0.204888673697143,6-mer
ATCTCT,-0.15438415054653418,-0.12579802309765595,6-mer
ATCTCC,0.8863277702194567,-0.1322477982984397,6-mer
ATCTCG,0.7061690782084751,0.2547444334900926,6-mer
ATCTGA,-0.43551264508350185,0.5501970825604795,6-mer
ATCTGT,-0.23258533555801833,0.09310940439148137,6-mer
ATCTGC,0.4165964802694653,0.5500568857729545,6-mer
ATCTGG,0.34641078008670556,0.4779080472469964,6-mer
ATCCAA,-0.6304908405785277,-0.0356239097307212,6-mer
ATCCAT,-0.6034900995795293,-0.20163386116965054,Inverted repeat
ATCCAC,-0.11500789567185135,0.11247472925841263,6-mer
ATCCAG,0.3448296401793844,0.2818264364190346,6-mer
ATCCTA,-1.6661585835691368,-0.3278855501837617,6-mer
ATCCTT,-0.279768421593595,0.6744241280974933,6-mer
ATCCTC,0.3044341434480644,-0.20256976456989947,6-mer
ATCCTG,0.5526893797609664,0.4684767582403041,6-mer
ATCCCA,0.020188955358036356,-0.25191837363961994,6-mer
ATCCCT,-0.2055219471785857,-0.4460064774366095,6-mer
ATCCCC,0.454007322433121,-0.2297620316019235,6-mer
ATCCCG,0.5156617528564221,-0.04607237848534346,6-mer
ATCCGA,-0.621721050731274,-0.06244057477590704,6-mer
ATCCGT,-0.35230501534449826,-0.16992500144231243,6-mer
ATCCGC,0.09072690860457788,0.011947853304448062,6-mer
ATCCGG,0.18946111809065144,0.42025864182550515,6-mer
ATCGAA,-0.3293246934163059,0.3486950044501478,Inverted repeat
ATCGAT,-0.649772924141157,0.17979524546637354,Palindromes
ATCGAC,0.21341918363813747,0.7923473773228205,Inverted repeat
ATCGAG,0.35822929818906424,0.6848143121150994,Inverted repeat
ATCGTA,-1.8120247866760049,-0.7625006862733439,6-mer
ATCGTT,-0.6689626400299824,-0.05733317506595159,6-mer
ATCGTC,0.2380763982837392,0.6883244627165458,6-mer
ATCGTG,-0.1531902207123775,0.12912085260591089,6-mer
ATCGCA,-0.6861562643333756,0.05868352151865097,6-mer
ATCGCT,-0.5741063728637124,0.4064401621097402,6-mer
ATCGCC,0.3794318310755367,0.6965426146090743,6-mer
ATCGCG,-0.016471305280995833,-0.059438466714039594,6-mer
ATCGGA,-0.7398998316668977,-0.01293905570749799,6-mer
ATCGGT,-0.5950990706765706,0.5075321874491844,6-mer
ATCGGC,-0.08005143351533837,0.6373216142422901,6-mer
ATCGGG,-0.1718639218236674,0.3143548751825615,6-mer
ATGAAA,0.005638538159757682,-0.09592441999853533,6-mer
ATGAAT,-0.14421374533948733,-0.08524728661851093,Inverted repeat
ATGAAC,0.28437257236164565,-0.40209844357134567,6-mer
ATGAAG,0.08762386530775157,-0.4192252962422772,6-mer
ATGATA,-2.1953475983222193,-0.9588426752432404,6-mer
ATGATT,-0.6370176631354498,-0.11103131238874381,6-mer
ATGATC,0.08985416817025178,0.04890960048094649,6-mer
ATGATG,0.17487590180288298,0.08041868245529765,6-mer
ATGACA,-0.11557674451741179,-0.3228438010690974,6-mer
ATGACT,-0.3327598151488688,-0.31185688441846754,6-mer
ATGACC,0.24250579789565474,0.5780619988151459,6-mer
ATGACG,0.4215034951401254,-0.1491664412755149,6-mer
ATGAGA,-0.36712251796234485,-0.5090136474878575,6-mer
ATGAGT,-0.03650020506645902,-0.4651781433264363,6-mer
ATGAGC,0.20824193299341437,-0.16444095178358853,6-mer
ATGAGG,0.08072501965591565,0.0812503205231646,6-mer
ATGTAA,-0.5462589713906721,-0.791814071161826,6-mer
ATGTAT,-0.01916927655205833,-0.7403561833669804,Inverted repeat
ATGTAC,0.02309147437596361,-0.3420626519990644,6-mer
ATGTAG,0.35766230662057574,-0.2703024062978329,6-mer
ATGTTA,-1.3907899530321666,-0.47643804394298706,6-mer
ATGTTT,-0.00503119966180704,-0.17850089562212598,6-mer
ATGTTC,0.322195285376299,-0.03028256693604267,6-mer
ATGTTG,0.6818727495180108,0.0840262996290428,6-mer
ATGTCA,0.18936040828121803,0.11500888596284835,6-mer
ATGTCT,0.06797888905257055,-0.12675714228593865,6-mer
ATGTCC,0.4279273368155368,-0.1844245711374273,6-mer
ATGTCG,0.799017419425665,0.33995450651721326,6-mer
ATGTGA,-0.5780761151359164,-0.23918766387942603,6-mer
ATGTGT,-0.2638048704934346,-0.09720215902536429,6-mer
ATGTGC,0.036290276279201526,-0.47420927141748476,6-mer
ATGTGG,0.22702387006809369,-0.12737930647622753,6-mer
ATGCAA,-0.991421015111217,-0.43867305847049987,Inverted repeat
ATGCAT,-0.7185946142561983,-0.8497382405513755,Palindromes
ATGCAC,-0.454826218989019,-0.19464743085354352,Inverted repeat
ATGCAG,-0.25363099549033885,-0.041419927379980695,Inverted repeat
ATGCTA,-1.4382343493167804,-0.1338557467347906,6-mer
ATGCTT,-0.8460486347654284,-0.6031670960987467,6-mer
ATGCTC,0.15654701858999792,-0.48106603279444365,6-mer
ATGCTG,0.31287872123534405,0.25240499040288744,6-mer
ATGCCA,-0.4264961226828503,-0.2924508938105285,6-mer
ATGCCT,-0.3354832559034861,-0.0531113364595624,6-mer
ATGCCC,0.42595489644519313,-0.3694853474644365,6-mer
ATGCCG,0.45664521569937666,0.25860215951853305,6-mer
ATGCGA,-0.7521259979913305,-0.38945776863951986,6-mer
ATGCGT,-0.29994392633421446,-0.7032824679099174,6-mer
ATGCGC,0.10071441110448799,-0.6977007118615701,6-mer
ATGCGG,0.06518970967010992,-0.06331636680756128,6-mer
ATGGAA,-0.19468612300863944,-0.7677091175973142,6-mer
ATGGAT,-0.4711844279892959,-0.4543999315496172,Inverted repeat
ATGGAC,-0.07764514389419701,-0.9708536543404834,6-mer
ATGGAG,-0.10547079040110201,-0.7542824717327564,6-mer
ATGGTA,-1.4588812167583423,-0.3327079336406048,6-mer
ATGGTT,-0.8790906756565185,0.2393228172863253,6-mer
ATGGTC,-0.18615268645765115,0.13024667675027615,6-mer
ATGGTG,0.3269525246768194,0.3838428776752497,6-mer
ATGGCA,-0.4611792809235643,-0.4854268271702417,6-mer
ATGGCT,-0.5831523435942342,0.29738591062457076,6-mer
ATGGCC,-0.005523252164307559,0.04375020279302641,6-mer
ATGGCG,0.05057536055292696,-0.11609706492287106,6-mer
ATGGGA,-0.37756549028230396,-0.9195226622647704,6-mer
ATGGGT,-0.3924864456880847,-0.3351841915896291,6-mer
ATGGGC,-0.12606862868765126,-0.24371003811433065,6-mer
ATGGGG,-0.16800878417790863,-0.4706298252421612,6-mer
ACAAAA,-0.3268103162671085,0.14059833017280057,6-mer
ACAAAT,-0.2535616532135112,0.28630418515664097,6-mer
ACAAAC,0.09690803056113076,0.1683049057741504,6-mer
ACAAAG,0.033145696237200914,-0.26774140851132133,6-mer
ACAATA,-0.5472030247569316,-0.3010022560328143,6-mer
ACAATT,-0.2027211831964157,-0.012490944183196784,6-mer
ACAATC,-0.3123667525506749,-0.05871611565917989,6-mer
ACAATG,0.17708105469331953,-0.0018970351725974908,6-mer
ACAACA,0.5687200981998206,0.36872230636630354,6-mer
ACAACT,0.22801383968511005,0.4810506002325829,6-mer
ACAACC,-0.22865407510335933,0.3910102286323943,6-mer
ACAACG,0.4295735924367243,0.3616742736801189,6-mer
ACAAGA,0.4076263783192713,0.26881675842779973,6-mer
ACAAGT,-0.051652765309812235,-0.2267708618470222,Inverted repeat
ACAAGC,-0.41678728122880343,0.05532707403337595,6-mer
ACAAGG,0.1135011932226595,-0.007777350591719364,6-mer
ACATAA,0.0257960008773377,-0.7796099315746997,6-mer
ACATAT,-0.20053298737270847,0.2904498634141942,6-mer
ACATAC,0.021283558367965333,-0.36708427605591626,6-mer
ACATAG,0.5742477523169462,0.18371195317238795,6-mer
ACATTA,-0.02940091644055927,-0.2730184944064159,6-mer
ACATTT,0.09136174210521425,0.20122560902122355,6-mer
ACATTC,0.0779825246772604,-0.11103131238874367,6-mer
ACATTG,0.45424263862843656,-0.051178723925562844,6-mer
ACATCA,0.45961775815871153,0.33348512630976207,6-mer
ACATCT,0.5248944004314698,-0.15285148808337087,6-mer
ACATCC,0.38989296914313676,-0.24826494650345357,6-mer
ACATCG,0.5133942595540328,0.3874171764756218,6-mer
ACATGA,-0.00748393352379246,-0.26106216350218864,Inverted repeat
ACATGT,0.13155160400593538,-0.2890296143667383,Palindromes
ACATGC,-0.08604774055729517,-0.5100467939432454,Inverted repeat
ACATGG,-0.011938477652649911,-0.8493781369533107,Inverted repeat
ACACAA,-0.5144174779135986,-0.0037915791623741773,6-mer
ACACAT,-0.29737181347693065,-0.27520911977989615,6-mer
ACACAC,-0.4342890802189764,-0.6075639296582886,6-mer
ACACAG,-0.9386397929528615,-0.05628517348144745,6-mer
ACACTA,-0.6850680153146873,0.06429849349437296,6-mer
ACACTT,-0.32483969030726567,-0.3392699916608791,6-mer
ACACTC,-0.32446645554878484,-0.6764315467313823,6-mer
ACACTG,-0.21011201509395502,-0.31125835234414867,6-mer
ACACCA,0.5570483151860588,0.7313519877026795,6-mer
ACACCT,0.5477824533777028,0.11883622950985058,6-mer
ACACCC,0.5386279707932676,0.2500273000783649,6-mer
ACACCG,0.6276426114771148,0.6393023349480623,6-mer
ACACGA,-0.5451060766713738,-0.40813172354339694,6-mer
ACACGT,-0.0904116313232118,-0.6707423633141485,Inverted repeat
ACACGC,-0.48225257937509824,-0.22262794415811032,6-mer
ACACGG,-0.6433850287513048,-0.9574395377719545,6-mer
ACAGAA,-0.8144443468439235,-0.4158569795853927,6-mer
ACAGAT,-0.14943301112109694,-0.15611920191728182,6-mer
ACAGAC,-1.0468988519084361,-0.47602812916799214,6-mer
ACAGAG,-1.2271840279087598,-1.2054304292577296,6-mer
ACAGTA,-0.908314776416068,0.04508788952853816,6-mer
ACAGTT,-0.18530927568980451,-0.00543388605062798,6-mer
ACAGTC,-0.9476691439927442,-0.3405020911224029,6-mer
ACAGTG,-0.3517374216992189,0.06983455186422352,6-mer
ACAGCA,0.333385159507174,0.21393084258825193,6-mer
ACAGCT,0.03222632110893623,0.5332611937345348,6-mer
ACAGCC,-0.524697927693588,0.2573108375396764,6-mer
ACAGCG,0.07724092132013004,0.16405431541240037,6-mer
ACAGGA,-0.18646846244998191,-0.01817274604725342,6-mer
ACAGGT,-0.06496055369296222,-0.10630890214634073,Inverted repeat
ACAGGC,-0.7435839385669785,-0.25608164519202686,6-mer
ACAGGG,-0.6328632149061767,-0.8821370477055562,6-mer
ACTAAA,-0.28141293514864835,-0.5490854643925596,6-mer
ACTAAT,-0.26016907213940443,-0.4854268271702417,6-mer
ACTAAC,-0.4905067445345949,-0.1642562513556203,6-mer
ACTAAG,-0.7923680377012474,-0.8146107380604032,6-mer
ACTATA,-1.8426436720607433,-0.14684138832927107,6-mer
ACTATT,0.2470408832563705,0.3099554532212864,6-mer
ACTATC,-0.061873260528892804,0.4909863525121424,6-mer
ACTATG,-0.027396110123087247,-0.5749784121485341,6-mer
ACTACA,0.459880926375061,0.2728906015788077,6-mer
ACTACT,0.4581324784856737,0.28630418515664097,6-mer
ACTACC,0.39048103614304824,0.8438807980827181,6-mer
ACTACG,0.6225357053155971,0.5459373437390934,6-mer
ACTAGA,-0.84799690655495,0.34792330342030675,Inverted repeat
ACTAGT,-0.6507645591169023,-0.07860983469636622,Palindromes
ACTAGC,-0.3162094107344569,0.30768617231158346,Inverted repeat
ACTAGG,-0.8197632258260062,0.1593078940682833,Inverted repeat
ACTTAA,-0.4029646669782689,-0.8594016698271995,6-mer
ACTTAT,-0.00942941291993072,-0.5668151540108968,6-mer
ACTTAC,-0.24961389007147222,-0.24792751344358546,6-mer
ACTTAG,-0.3918435534886108,-0.6369145803558778,6-mer
ACTTTA,-0.34003747543909424,-0.8707169830550336,6-mer
ACTTTT,0.10164026187583755,-0.2211037253678754,6-mer
ACTTTC,0.25454516566847124,0.10728517315584905,6-mer
ACTTTG,0.10151875983001613,0.02424754624667708,6-mer
ACTTCA,0.5162163336462113,0.17283659686221542,6-mer
ACTTCT,0.8955821050693396,0.35571640834364554,6-mer
ACTTCC,0.410921390806612,-0.0976107966264224,6-mer
ACTTCG,0.5852512996493329,-0.12120171142083443,6-mer
ACTTGA,-0.2055605819994341,0.08246216019197294,6-mer
ACTTGT,0.0074174715624829085,-0.023846741954367656,Inverted repeat
ACTTGC,-0.020526719531986065,-0.6719458023157963,6-mer
ACTTGG,-0.042321777550043446,-0.16848876932679335,6-mer
ACTCAA,-0.06457200129608377,0.123382415505282,6-mer
ACTCAT,-0.12227011945195597,-0.21163525332714955,6-mer
ACTCAC,-0.101199782876807,-0.20249286389874296,6-mer
ACTCAG,-0.5829712029020646,-0.5018212654209103,6-mer
ACTCTA,-1.3003329472567695,0.16759994849606832,6-mer
ACTCTT,0.10166197465930217,-0.033947331923337626,6-mer
ACTCTC,-0.4400662937703661,-1.0,6-mer
ACTCTG,-0.6189676781183651,-0.6133310138742983,6-mer
ACTCCA,0.37703269432781666,-0.5832127187711966,6-mer
ACTCCT,0.7462196030658484,-0.08988550351719506,6-mer
ACTCCC,0.4536737949703144,-0.6938968722743202,6-mer
ACTCCG,0.3894659897330532,-0.2825538565532179,6-mer
ACTCGA,0.2539033940816653,0.46777896135081726,6-mer
ACTCGT,0.2672760701634701,-0.2923783674159383,Inverted repeat
ACTCGC,-0.021963431472570773,-0.407375797570777,6-mer
ACTCGG,0.16918823600595595,0.20569096433903822,6-mer
ACTGAA,-0.716859235618207,-0.07829452597674415,6-mer
ACTGAT,-0.6291456329184532,0.26389597351594735,6-mer
ACTGAC,-0.587340243395169,-0.26147220206351046,6-mer
ACTGAG,-0.9180013104737098,-0.20471544662228658,6-mer
ACTGTA,-1.2508081035005343,0.034351504790776664,6-mer
ACTGTT,-0.15243757471347125,0.1933438888259495,6-mer
ACTGTC,-0.5078835372260866,-0.22181174310728072,6-mer
ACTGTG,-0.566457031869083,-0.26969813611480437,6-mer
ACTGCA,-0.026152287855968556,-0.037556004623603305,6-mer
ACTGCT,0.1499951668288034,0.11637918371432879,6-mer
ACTGCC,-0.30323556731395873,0.013379029801199618,6-mer
ACTGCG,-0.11815049616020407,-0.04433842652357657,6-mer
ACTGGA,0.1061353879003863,-0.15754127698647985,6-mer
ACTGGT,-0.2824284285263691,0.4385130692076871,Inverted repeat
ACTGGC,-0.12288773982731487,-0.06298941601514599,6-mer
ACTGGG,0.24921486642142093,0.1616256782238255,6-mer
ACCAAA,-0.3806579589447573,0.5515394991837059,6-mer
ACCAAT,-0.3834554428734938,0.32410246612169935,6-mer
ACCAAC,-0.0776734559031642,0.48039123727294325,6-mer
ACCAAG,-0.17528722166343363,0.15549207952492997,6-mer
ACCATA,-1.0430819818956627,0.02914634565951641,6-mer
ACCATT,-0.42111398178584464,-0.4412473786016924,6-mer
ACCATC,-0.024504775676062285,0.8194277543581792,6-mer
ACCATG,-0.17860129193677243,0.04543142924700564,6-mer
ACCACA,-0.0809047890315877,0.23864496213531386,6-mer
ACCACT,-0.17943042125227024,0.0634664188433928,6-mer
ACCACC,0.32434390570507865,0.7791350484101459,6-mer
ACCACG,0.05418830237845231,0.22121423013916675,6-mer
ACCAGA,0.00985295951163544,0.38985265702058375,6-mer
ACCAGT,-0.21403446092935413,0.4986536177436435,Inverted repeat
ACCAGC,0.17798891844303666,0.9231756791960081,6-mer
ACCAGG,0.19768286583189348,0.4497065160468888,6-mer
ACCTAA,-0.6469209419119044,0.6748091181036368,6-mer
ACCTAT,-0.05569187503706427,0.608739884004282,6-mer
ACCTAC,0.12759142740513635,0.37648425850945083,6-mer
ACCTAG,-0.24243750122668012,0.08061846020828459,6-mer
ACCTTA,-0.7415748474187958,-0.4426419606734453,6-mer
ACCTTT,-0.19974455491666657,-0.47019231347508145,6-mer
ACCTTC,0.1245889470188053,0.05489175849607196,6-mer
ACCTTG,0.2701368854770802,0.12521488273074172,6-mer
ACCTCA,0.1574957332970399,0.5496500200344695,6-mer
ACCTCT,-0.2653594587800378,-0.3811515051264341,6-mer
ACCTCC,-0.023687576119662285,0.4401909765071821,6-mer
ACCTCG,0.49275995507685855,0.5006132309849176,6-mer
ACCTGA,-0.030621110717030765,0.6121141069811231,6-mer
ACCTGT,-0.1599409128696903,-0.14555205252348097,Inverted repeat
ACCTGC,0.24426003419016656,0.3381201283899479,6-mer
ACCTGG,0.38031696266994136,0.7131188522118385,6-mer
ACCCAA,-0.20664661656831526,0.4250215878514659,6-mer
ACCCAT,-0.3279995106387058,-0.15680407970887106,6-mer
ACCCAC,-0.23400132821554517,-0.05246741989413549,6-mer
ACCCAG,0.21688369018008224,0.0792467510097357,6-mer
ACCCTA,-0.6269396959023213,0.5277185488866802,6-mer
ACCCTT,-0.3079818118877684,-0.290001453434063,6-mer
ACCCTC,-0.1120496091649399,-0.5333613042339438,6-mer
ACCCTG,0.2314513464105378,0.18229355887273044,6-mer
ACCCCA,0.26168514687092725,0.14473509298101056,6-mer
ACCCCT,-0.3742603613745987,-0.33435181033544664,6-mer
ACCCCC,-0.0032183072877567274,-0.6352000978516299,6-mer
ACCCCG,0.48130724133986413,-0.21629794835969984,6-mer
ACCCGA,-0.015836708273953896,0.16949052017389105,6-mer
ACCCGT,-0.25653929959263216,0.09989106092575947,Inverted repeat
ACCCGC,0.14859188925954034,0.2880869410719576,6-mer
ACCCGG,0.11864172820991759,0.42492718608203006,6-mer
ACCGAA,-0.22612180013449995,0.5882883264279333,6-mer
ACCGAT,-0.45872494215722603,0.658014252771384,6-mer
ACCGAC,-0.1218915989797768,0.45685767497347085,6-mer
ACCGAG,0.16134398098644834,0.4804444952910869,6-mer
ACCGTA,-0.6070749314141188,0.3048545815284209,6-mer
ACCGTT,-0.48334351266975256,0.14039180307476137,6-mer
ACCGTC,0.10710830347054129,0.45685767497347085,6-mer
ACCGTG,-0.0360891855514115,0.0051926692203222834,6-mer
ACCGCA,-0.07012481947228803,0.4617152386227732,6-mer
ACCGCT,-0.3136499367790279,0.30661503939285834,6-mer
ACCGCC,0.07251117301024554,0.5247171641281029,6-mer
ACCGCG,0.11627569939678781,0.24696006144543295,6-mer
ACCGGA,-0.02195925257614006,0.2861019712603273,Inverted repeat
ACCGGT,-0.3329708393435448,0.7627286902312881,Palindromes
ACCGGC,-0.0769412171145511,0.8027821922677799,Inverted repeat
ACCGGG,0.043954340345479403,0.4012566493001289,Inverted repeat
ACGAAA,0.10486600645496195,-0.06858030565952382,6-mer
ACGAAT,0.030089660406190554,0.021316231237092066,6-mer
ACGAAC,-0.1089993311281645,-0.4711426011639941,6-mer
ACGAAG,-0.04957410367475564,-0.22391827556740795,6-mer
ACGATA,-0.6901864814574538,0.14638948698152315,6-mer
ACGATT,-0.5320195214740133,0.2813405609586434,6-mer
ACGATC,-0.1914496393647666,0.2923838192733469,6-mer
ACGATG,0.13888343302863107,0.5693161374241901,6-mer
ACGACA,0.4020087670781598,0.20724949085116762,6-mer
ACGACT,0.15327251283261567,-0.14813955432048148,6-mer
ACGACC,-0.3797173859991268,0.286131706820505,6-mer
ACGACG,0.5865341711056543,-0.002002352911147661,6-mer
ACGAGA,0.1615065661334915,-0.031364170909334986,6-mer
ACGAGT,0.3060874207339824,-0.0457000440050563,Inverted repeat
ACGAGC,-0.09806946929528583,-0.4470478941814647,6-mer
ACGAGG,0.3568871013141054,-0.6235837947484636,6-mer
ACGTAA,0.18970380263027323,-0.1343774227632153,6-mer
ACGTAT,-0.06651791767650501,-0.6058498671949799,6-mer
ACGTAC,-0.37786626648121985,-0.8034238704676891,6-mer
ACGTAG,0.32558326542855426,-0.11284146951566557,6-mer
ACGTTA,-0.08966374944361054,0.33068056889632613,6-mer
ACGTTT,0.07627824900689238,-0.2307410026269093,6-mer
ACGTTC,0.11756208518076515,-0.09310940439148137,6-mer
ACGTTG,0.48577714467111643,-0.17768561747106187,6-mer
ACGTCA,0.6257947955496673,0.09650798085334633,6-mer
ACGTCT,0.3975970513364048,-0.3752913204860874,6-mer
ACGTCC,0.045466349377690944,-0.751170520262022,6-mer
ACGTCG,0.8041628885943327,-0.0831299200006492,6-mer
ACGTGA,-0.10498460287485922,-0.30214790444147205,6-mer
ACGTGT,-0.08549362744398606,-0.33710408021314053,Inverted repeat
ACGTGC,0.04917606482255845,-0.83532525924489,6-mer
ACGTGG,-0.035652494081115725,-0.43567379197314215,6-mer
ACGCAA,-0.38399507736889454,0.0354053361311985,6-mer
ACGCAT,-0.23375306819254546,-0.8447873500790596,6-mer
ACGCAC,-0.32663238901342484,-0.5905679280385958,6-mer
ACGCAG,-0.37093044426932764,-0.4803498892357139,6-mer
ACGCTA,-0.5583228825621944,0.38885356747518884,6-mer
ACGCTT,-0.3004737454456256,-0.5525410230287787,6-mer
ACGCTC,-0.32412144742319565,-0.052535663078599415,6-mer
ACGCTG,0.2789662590885714,-0.0817940911636472,6-mer
ACGCCA,0.19705179676374399,0.01193961331152508,6-mer
ACGCCT,-0.020134557111701947,-0.40397460404498553,6-mer
ACGCCC,0.06612149415465167,-0.4808900465734697,6-mer
ACGCCG,0.46527694349171117,0.3678472693947565,6-mer
ACGCGA,-0.4364399760110681,-0.3561438102252752,Inverted repeat
ACGCGT,-0.2654218301278597,-0.9220323352841693,Palindromes
ACGCGC,-0.3094056051772896,-0.8568750579014027,Inverted repeat
ACGCGG,-0.1113633044111899,-0.45501437148701845,Inverted repeat
ACGGAA,-0.36184555813100266,-0.6593446970437324,6-mer
ACGGAT,-0.44893149762647816,-0.03984026453179097,6-mer
ACGGAC,-0.9109281622814068,-0.7894547085594944,6-mer
ACGGAG,-0.700239746550102,-1.0714623625566242,6-mer
ACGGTA,-0.3600488863608702,0.43007689874298494,6-mer
ACGGTT,-0.7791074499627012,0.20645087746742616,6-mer
ACGGTC,-0.408369583795673,-0.48633048835912845,6-mer
ACGGTG,0.3573262616906022,0.6250727140953088,6-mer
ACGGCA,0.1948557217149797,-0.04434357739621767,6-mer
ACGGCT,-0.24347589240303155,0.12943533653977485,6-mer
ACGGCC,-0.34634022550218974,0.12218196056982239,6-mer
ACGGCG,0.3687739099687577,0.08917625598961114,6-mer
ACGGGA,-0.09798527944251292,-0.7245970367357878,6-mer
ACGGGT,-0.06433777099299426,-0.33534861064968385,Inverted repeat
ACGGGC,-0.38675148706861484,-0.5873800882846146,6-mer
ACGGGG,-0.23697659255606793,-0.9798623544289239,6-mer
AGAAAA,0.07998510278736388,0.3456441638611697,6-mer
AGAAAT,0.43456329297869567,0.47999294111961355,6-mer
AGAAAC,0.27680145708672393,-0.25318661987744656,6-mer
AGAAAG,0.11571483498464817,0.4631576633292089,6-mer
AGAATA,-0.49962514337321773,-0.10175349880073292,6-mer
AGAATT,0.33851097908296646,-0.1642562513556203,6-mer
AGAATC,0.01645393205635894,0.339325145121897,6-mer
AGAATG,-0.15853589615092753,-0.6081698918824814,6-mer
AGAACA,0.7041065051742305,0.20803712835937788,6-mer
AGAACT,0.8546964840617626,0.311358853177175,Inverted repeat
AGAACC,-0.24570452729587677,0.2715847091977224,6-mer
AGAACG,0.17842799867642437,-0.18533204884054996,6-mer
AGAAGA,0.7081953554765473,-0.1660099514389292,6-mer
AGAAGT,0.8330465650889786,0.11519765244650236,6-mer
AGAAGC,0.0801507514201083,-0.051178723925562844,6-mer
AGAAGG,0.30788032040172936,0.16767254971093376,6-mer
AGATAA,0.46018953567121895,0.22571277962805936,6-mer
AGATAT,0.4181772068094113,-0.3885652879176528,6-mer
AGATAC,0.23990453099523867,0.2738953984655606,6-mer
AGATAG,0.5053546428003793,0.030931859551890917,6-mer
AGATTA,0.1692038341986581,-0.4854268271702417,6-mer
AGATTT,0.06719138866953941,-0.1905219060494257,6-mer
AGATTC,0.01726919051287592,0.2545728270855977,6-mer
AGATTG,-0.0317088597273381,-0.19680070743370703,6-mer
AGATCA,0.6405171386790417,0.6405027546649149,Inverted repeat
AGATCT,0.6073112749309674,0.2959328863544178,Palindromes
AGATCC,0.45148894627714575,0.08363317895828602,Inverted repeat
AGATCG,0.34557859668617563,0.29580903392348035,Inverted repeat
AGATGA,0.2593161175876837,-0.075288127304237,6-mer
AGATGT,0.4111010847196735,-0.0027195013535920723,6-mer
AGATGC,0.0606966505050164,-0.3472709430018256,6-mer
AGATGG,-0.08330264669456143,-0.6119295483214255,6-mer
AGACAA,-0.5563375911168575,0.06531335924975211,6-mer
AGACAT,0.0962652306092757,-0.2257533897543342,6-mer
AGACAC,-0.429812851959242,0.13146616244235523,6-mer
AGACAG,-0.9094531096763403,-0.4752883803806581,6-mer
AGACTA,-1.0893474855952825,0.16175106999661207,6-mer
AGACTT,-0.15048786676272422,0.15884052349860356,6-mer
AGACTC,-0.5134319859896619,-0.35879338863922483,6-mer
AGACTG,-1.022567756905275,-0.10071893795260625,6-mer
AGACCA,0.07381806578272124,0.37953207146342655,6-mer
AGACCT,0.10739779132388493,0.4749089552562425,Inverted repeat
AGACCC,-0.04147663597615914,-0.5334994570233903,6-mer
AGACCG,-0.09166447901909505,0.0884089742217653,6-mer
AGACGA,-0.0002066750294900908,-0.2370391973008493,6-mer
AGACGT,0.374709861670396,-0.4241600201693127,6-mer
AGACGC,-0.3008991640456408,-0.1287333141222027,6-mer
AGACGG,-0.21924597851919275,-0.4385146511092767,6-mer
AGAGAA,-0.5976247436353802,-0.5465671219841458,6-mer
AGAGAT,-0.3118826659358586,0.09428759558876271,6-mer
AGAGAC,-0.9074878612104621,-0.7009557957859762,6-mer
AGAGAG,-1.2652055048754212,-0.5260688116675878,6-mer
AGAGTA,-0.7011555182256788,-0.3393852919639087,6-mer
AGAGTT,0.1869837428519691,-0.12432813500220176,6-mer
AGAGTC,-0.4781514963670663,-0.1791331482248485,6-mer
AGAGTG,-0.7776075786635519,-0.9337663015999133,6-mer
AGAGCA,0.28833029538024424,-0.8786361789053181,6-mer
AGAGCT,0.04014177742774067,-0.9436088181496018,Inverted repeat
AGAGCC,-0.4420195280582439,-0.41142624572646497,6-mer
AGAGCG,-0.3360428945999621,-0.94461509672357,6-mer
AGAGGA,-0.26736589752253415,-0.09384830071538672,6-mer
AGAGGT,-0.2738876169179251,-0.3536369546147004,6-mer
AGAGGC,-1.0117732449522998,-0.7355909441899889,6-mer
AGAGGG,-0.6871511990235,-0.7004397181410921,6-mer
AGTAAA,-0.5871467479830319,-0.43609911480667357,6-mer
AGTAAT,0.3007540717829525,0.49476469174957804,6-mer
AGTAAC,-0.3962709701380977,0.07400058144377666,6-mer
AGTAAG,-0.5451330732945093,0.33586728584523623,6-mer
AGTATA,-1.736965594166206,-0.42530583473267103,6-mer
AGTATT,0.3959286763311391,0.4331848459891032,6-mer
AGTATC,-0.0635599895012815,0.2766041043778722,6-mer
AGTATG,-0.33512475170988965,-0.012313261438851338,6-mer
AGTACA,0.6867252168720654,0.3766710594817942,Inverted repeat
AGTACT,1.0586835215186512,0.6458177061080109,Palindromes
AGTACC,0.17418101503879935,-0.04064198449734588,Inverted repeat
AGTACG,0.4318534700499369,-0.36923380966571895,Inverted repeat
AGTAGA,0.38895684580874906,0.1963972128035033,6-mer
AGTAGT,0.5328248773859807,0.5145731728297582,6-mer
AGTAGC,-0.11342696358237785,0.16812275880832706,6-mer
AGTAGG,0.19588440042797325,0.5247449778870493,6-mer
AGTTAA,0.3424894173696788,0.15200309344504997,6-mer
AGTTAT,0.17927602359515368,-0.4150374992788438,6-mer
AGTTAC,0.14670490518826865,0.18362507261827513,6-mer
AGTTAG,-0.6076061612652438,0.33120590847537307,6-mer
AGTTTA,-0.7490151570042708,0.22506655563477318,6-mer
AGTTTT,-0.2365789340840282,0.16378026122140338,6-mer
AGTTTC,0.13401734797168735,0.07271418364041074,6-mer
AGTTTG,0.229185275440272,0.18493698280713283,6-mer
AGTTCA,0.6439297385010482,0.3548619842494451,6-mer
AGTTCT,0.9006368563513347,0.14560532224689926,Inverted repeat
AGTTCC,0.6177992329337763,-0.49103679551282536,6-mer
AGTTCG,0.7312702315801635,0.2064508774674265,6-mer
AGTTGA,0.5103111459755985,0.17182453435779377,6-mer
AGTTGT,0.2450211620104183,0.05790857802800058,6-mer
AGTTGC,0.1983402587120326,-0.11289405640593345,6-mer
AGTTGG,0.2615765937931171,0.4319009369124941,6-mer
AGTCAA,-0.3821789759891766,0.3493613250104748,6-mer
AGTCAT,-0.3632985293072228,-0.3345403708094887,6-mer
AGTCAC,-0.4894524873780707,-0.023255352300303053,6-mer
AGTCAG,-0.849732852666629,-0.6943737174417381,6-mer
AGTCTA,-1.357010554042808,-0.16635838642211992,6-mer
AGTCTT,-0.10586863510682284,-0.6538243588659604,6-mer
AGTCTC,-0.7808015030162877,-0.38838637118884534,6-mer
AGTCTG,-0.6530267756663102,-0.05173116315915182,6-mer
AGTCCA,0.40182686541682483,-0.5962336130561762,6-mer
AGTCCT,0.5026820515995022,-0.5921580021253601,Inverted repeat
AGTCCC,0.05698564695426713,-0.5073416035986823,6-mer
AGTCCG,0.12183245226719597,-0.4690633809613545,6-mer
AGTCGA,0.1080002694598474,0.2537066036786747,6-mer
AGTCGT,0.12901644631756168,-0.2713592704847256,6-mer
AGTCGC,-0.29503654787524214,-0.36871248372833093,6-mer
AGTCGG,-0.2152586812643801,-0.09310940439148123,6-mer
AGTGAA,-0.599588064481317,0.04064198449734573,6-mer
AGTGAT,-0.4854268271702417,0.16004041251046816,6-mer
AGTGAC,-0.5306513808433323,-0.15976513522209074,6-mer
AGTGAG,-0.4364623463240692,-0.19148114480875986,6-mer
AGTGTA,-1.8720269759180261,-0.14519791553993572,6-mer
AGTGTT,-0.2990856330502542,-0.23544857416189416,6-mer
AGTGTC,-0.10366697130860314,-0.1572893658559483,6-mer
AGTGTG,-0.28954016005175115,0.19264507794239571,6-mer
AGTGCA,-0.13048036198379678,-0.2772017377603876,6-mer
AGTGCT,0.09268879916329263,-0.09720215902536429,Inverted repeat
AGTGCC,-0.1853669811453901,-0.6385744625562326,6-mer
AGTGCG,-0.08555144411521326,-0.7441610955704102,6-mer
AGTGGA,-0.111421282668423,-0.6198681156693576,6-mer
AGTGGT,-0.26264274164219614,0.3118322171518553,6-mer
AGTGGC,-0.39911550399067086,-0.3819398111026129,6-mer
AGTGGG,-0.08957535397717885,0.07259513073263574,6-mer
AGCAAA,-0.16485401189489016,0.2226968194894684,6-mer
AGCAAT,0.01193021008298185,-0.052308873266041694,6-mer
AGCAAC,0.18235856874917833,0.12731466139548409,6-mer
AGCAAG,-0.1213934586251568,0.08300977646003548,6-mer
AGCATA,-1.5590838688955506,-1.2258233267367213,6-mer
AGCATT,-0.023777787716529757,-0.8146107380604032,6-mer
AGCATC,0.08433909001854414,0.19370238472543835,6-mer
AGCATG,0.04033668451929627,-0.16234040621432083,6-mer
AGCACA,0.1942412360048018,0.26065175452279976,6-mer
AGCACT,0.13880808776525164,-0.2569083030369523,Inverted repeat
AGCACC,0.612284272441114,0.4377488520257663,6-mer
AGCACG,0.3487141654008393,-0.32105346919165134,6-mer
AGCAGA,0.4566582424267213,1.0492186280157874,6-mer
AGCAGT,0.21086977812719854,-0.19318329657982222,6-mer
AGCAGC,0.49444737740633427,0.36480946595229974,6-mer
AGCAGG,0.5956608529463769,0.3743955147814979,6-mer
AGCTAA,-0.15380533607903538,0.37509875390869996,6-mer
AGCTAT,-0.29380675462861033,0.5063526660247897,6-mer
AGCTAC,-0.10976713689492051,0.7623509125861198,6-mer
AGCTAG,-0.5118549524478868,0.7097441254311819,6-mer
AGCTTA,-0.6346528359447179,0.12862016600709916,6-mer
AGCTTT,-0.08048274881531996,0.30306906763604624,6-mer
AGCTTC,-0.35933931397888375,0.13258563961780928,6-mer
AGCTTG,0.17732306663120606,0.16812275880832706,6-mer
AGCTCA,0.3269146341643415,0.08849044252586903,6-mer
AGCTCT,-0.04981912140864487,-0.17306470897287965,Inverted repeat
AGCTCC,0.07188222753587858,-0.38807045167857435,6-mer
AGCTCG,0.4444531352608422,0.17747936846018889,6-mer
AGCTGA,0.06538563050726459,0.9218833100839912,6-mer
AGCTGT,0.06302946362277352,0.43645648291374933,6-mer
AGCTGC,0.34976456920817434,0.6079630116746233,6-mer
AGCTGG,0.42778833940781413,0.46656779991892583,6-mer
AGCCAA,-0.4339538305626072,0.23280220441437877,6-mer
AGCCAT,-0.6444236958625076,0.007054757533950325,6-mer
AGCCAC,-0.601788319849789,0.2339033470901381,6-mer
AGCCAG,-0.3080796710609658,0.5021360695915354,6-mer
AGCCTA,-1.2987669154396757,0.9322218855651401,6-mer
AGCCTT,-0.5586497145013957,0.35614381022527536,6-mer
AGCCTC,-0.9320739329659077,-0.16846699723445127,6-mer
AGCCTG,-0.45205891803801257,0.25980638297956477,6-mer
AGCCCA,-0.1269402349184713,0.15081617849460774,6-mer
AGCCCT,0.06654477652472952,-0.29650911038488204,Inverted repeat
AGCCCC,-0.16494940615160428,-0.13402505300901044,6-mer
AGCCCG,0.09585559077016949,0.33242046870500463,6-mer
AGCCGA,-0.23622208923533258,0.772736725188028,6-mer
AGCCGT,-0.3202834405871825,-0.19441779375940357,6-mer
AGCCGC,-0.17854468730331707,0.3084658350807999,6-mer
AGCCGG,-0.11696838982682421,0.5478196570148103,6-mer
AGCGAA,-0.3785116232537298,-0.16206677678974757,6-mer
AGCGAT,-0.6184467469647114,0.42960361241350803,6-mer
AGCGAC,-0.31334903305207157,-0.1375035237499347,6-mer
AGCGAG,-0.1713742180793821,-0.294810856511548,6-mer
AGCGTA,-0.8466548645596726,0.4474589769712211,6-mer
AGCGTT,-0.058260468740836575,-0.6069888070511551,6-mer
AGCGTC,-0.03462719293828515,-0.23896027085493635,6-mer
AGCGTG,0.20456315061531583,-0.009762968939897254,6-mer
AGCGCA,0.22305112675048533,-0.1107132228623998,Inverted repeat
AGCGCT,0.11461872584989119,-0.12352574619348193,Palindromes
AGCGCC,0.3304007165423847,-0.07121679854263938,Inverted repeat
AGCGCG,0.2572505331141048,-0.15190658887690855,Inverted repeat
AGCGGA,-0.1473195708491455,0.174355153862081,6-mer
AGCGGT,-0.31164778140855987,0.3305929560144896,6-mer
AGCGGC,-0.1063271029075899,0.28675250555828763,6-mer
AGCGGG,0.14633434335835785,0.1152625466300317,6-mer
AGGAAA,0.37588605633457167,0.28976942711298814,6-mer
AGGAAT,0.735088306925536,-0.34103691783506696,6-mer
AGGAAC,0.42234657006879367,-0.017921907997262447,6-mer
AGGAAG,0.7695916949411036,0.30126862432126933,6-mer
AGGATA,-0.5751482108942005,0.03870352933048381,6-mer
AGGATT,0.3047232184469833,0.22841620896421796,6-mer
AGGATC,0.21318356411885128,0.4971794519362898,6-mer
AGGATG,0.43036967864136016,0.35114388268021696,6-mer
AGGACA,0.6835554323577638,-0.16895316237498748,6-mer
AGGACT,0.47446561880375426,-0.1591985948492538,Inverted repeat
AGGACC,-0.3696847735786783,-0.17605110423915382,6-mer
AGGACG,0.5063297264751297,-0.45140201222957105,6-mer
AGGAGA,0.8457315937706598,0.5743710894534408,6-mer
AGGAGT,0.6498206321814227,0.16205675810897274,6-mer
AGGAGC,-0.0019515661290263487,0.5539156730049959,6-mer
AGGAGG,0.277169704591261,0.8144443468439234,6-mer
AGGTAA,0.7313628879368301,0.4713754834286559,6-mer
AGGTAT,0.22378819390043747,0.18526554757679853,6-mer
AGGTAC,-0.22719688330803317,0.2951280355436471,6-mer
AGGTAG,0.792274525103468,0.6613013242341337,6-mer
AGGTTA,-0.14873077917318903,0.42422667073350423,6-mer
AGGTTT,0.05148040592340358,0.1819978337428873,6-mer
AGGTTC,-0.38864307087948835,0.30400618689009984,6-mer
AGGTTG,-0.07250378677918973,0.7331839536237793,6-mer
AGGTCA,0.40179795379283695,0.8553970838667284,6-mer
AGGTCT,0.23367529849442079,0.10350457575385995,Inverted repeat
AGGTCC,-0.1646046695090487,-0.32974374830370806,6-mer
AGGTCG,0.3187424991596621,0.5651237536289213,6-mer
AGGTGA,0.3837123350433655,0.6018060108845704,6-mer
AGGTGT,0.5354736537129053,0.034580231710144245,6-mer
AGGTGC,0.18750531790477817,0.1649316080291593,6-mer
AGGTGG,0.18980903409439265,0.35410850063651217,6-mer
AGGCAA,-0.47517435518304435,0.22755412645222686,6-mer
AGGCAT,-0.33112703173382696,0.0,6-mer
AGGCAC,-0.719858892133805,-0.4240262825060984,6-mer
AGGCAG,-0.896691586221439,-0.04774058894619766,6-mer
AGGCTA,-0.6886977619524658,0.48948219186692776,6-mer
AGGCTT,-0.6184332893692018,0.025825987367905267,6-mer
AGGCTC,-0.7304411417442324,-0.152330941427574,6-mer
AGGCTG,-0.470142098719298,0.5254614889724945,6-mer
AGGCCA,0.07608899955041254,0.15947821400719644,Inverted repeat
AGGCCT,-0.062329558097446426,-0.2812861103900164,Palindromes
AGGCCC,-0.04498642169378452,-0.4735225796655476,Inverted repeat
AGGCCG,0.09522898463319894,-0.04660041286213906,Inverted repeat
AGGCGA,-0.19726773608923254,-0.061654517913789314,6-mer
AGGCGT,0.0971087624425612,-0.24869948976141948,6-mer
AGGCGC,-0.22394412360046265,-0.647503966789869,6-mer
AGGCGG,-0.08162347812351212,-0.18349564084858686,6-mer
AGGGAA,-0.3412071573822454,-0.12387165816216845,6-mer
AGGGAT,-0.4666649783668472,-0.5383124074223348,6-mer
AGGGAC,-0.7236391857806156,-0.9771901170919142,6-mer
AGGGAG,-0.48636761301439757,-0.26651497456875567,6-mer
AGGGTA,-0.6425424801741417,0.09610476815064095,6-mer
AGGGTT,-0.38991388270994903,0.4451188385167046,6-mer
AGGGTC,-0.4803441327087114,-0.34332219479142967,6-mer
AGGGTG,0.3340009271879373,-0.11707805221781238,6-mer
AGGGCA,0.39353643006792166,-0.3696568253675882,6-mer
AGGGCT,-0.12418478057707429,-0.09603398483936185,Inverted repeat
AGGGCC,-0.27596713480555185,-0.1731737933206605,6-mer
AGGGCG,0.20258735119569582,-0.19085055689449165,6-mer
AGGGGA,-0.11260202026397023,-0.6795993748592315,6-mer
AGGGGT,-0.28515107515182403,-0.1789393138988552,6-mer
AGGGGC,-0.511746525709166,-0.9323890938453225,6-mer
AGGGGG,-0.49634811354758795,-1.0487593119198555,6-mer
TAAAAA,-0.3895668117627255,-0.765534746362977,6-mer
TAAAAT,-1.1219905243786104,-0.5193741590935793,6-mer
TAAAAC,-0.21616780079581951,-0.4105220181563508,6-mer
TAAAAG,0.13771886743880235,-0.16457176694810532,6-mer
TAAATA,0.17508670655809105,0.08352335556228345,Inverted repeat
TAAATT,-0.8278190246173197,-0.8168359750684894,6-mer
TAAATC,-0.28688114778816143,-0.6780719051126377,6-mer
TAAATG,-0.5422580497669178,-0.5681378780797973,6-mer
TAAACA,0.6002644592249906,-0.009586048829197917,6-mer
TAAACT,-1.1930548762808675,-0.24654628304522477,6-mer
TAAACC,0.16405431541240037,-0.04503375361450358,6-mer
TAAACG,0.4470987085111423,-0.9231844029491691,6-mer
TAAAGA,1.1506098581451838,0.09541956507868238,6-mer
TAAAGT,-0.143073781792881,-0.2515387669959645,6-mer
TAAAGC,0.24647586645789685,-0.5480113645482647,6-mer
TAAAGG,0.0922733017654203,-0.36064520246021603,6-mer
TAATAA,0.19759995988516066,-1.8875252707415877,6-mer
TAATAT,-0.2976805486406849,-0.3025627700204313,6-mer
TAATAC,0.3517986244695003,-0.14438990933517476,6-mer
TAATAG,0.34792330342030675,-0.06580205839574597,6-mer
TAATTA,0.18442457113742758,0.6711635357704601,Palindromes
TAATTT,-0.16881906421614304,0.46210575293562245,Inverted repeat
TAATTC,0.3909518807545307,-0.019108822947704416,Inverted repeat
TAATTG,0.009337864579335817,-0.2807364075672527,Inverted repeat
TAATCA,-0.07238890553774636,-0.3149864854685155,6-mer
TAATCT,-0.06817150264157922,-0.02974734339405206,6-mer
TAATCC,0.5021700910048182,-0.1375035237499347,6-mer
TAATCG,-0.028240182855272876,0.047033533843507516,6-mer
TAATGA,0.09610476815064095,-0.5525410230287787,6-mer
TAATGT,0.008511499855517447,-0.04909454952816952,6-mer
TAATGC,0.352479186282853,-0.7709995068397881,6-mer
TAATGG,0.21759143507262685,-0.6526012175965193,6-mer
TAACAA,-0.6856931327719059,0.3317091156799477,6-mer
TAACAT,-1.1270329072490906,-0.5688428353578792,6-mer
TAACAC,-0.22207035524717902,-0.5607149544744789,6-mer
TAACAG,-0.5491344215855292,-0.42371725497125734,6-mer
TAACTA,0.4196247687744958,0.4879380463262916,Inverted repeat
TAACTT,-0.15077995217560905,0.2988444817743212,6-mer
TAACTC,0.2735650733259635,-0.08488889758651295,6-mer
TAACTG,-0.4913597829239826,-0.6708403358815617,6-mer
TAACCA,-0.181474776194176,0.199937570508752,6-mer
TAACCT,-0.34502777803110146,0.4171764100351785,6-mer
TAACCC,0.4131528549339008,0.36705747037702197,6-mer
TAACCG,-0.07496205768122212,0.6143789886978909,6-mer
TAACGA,-0.14086253583984962,-0.14332085034524913,6-mer
TAACGT,-0.08631384288262829,0.08406426478847452,6-mer
TAACGC,0.21056088834036765,-0.4288432988038743,6-mer
TAACGG,0.08843796466758384,-0.18125647379829762,6-mer
TAAGAA,0.009189171454660562,0.5383217756023672,6-mer
TAAGAT,-1.3850249302124038,-1.3045110418099533,6-mer
TAAGAC,-0.07662128160291264,-0.4854268271702417,6-mer
TAAGAG,-0.3395759607067869,-0.7610612697836695,6-mer
TAAGTA,0.14456650460326834,-0.7343401247593828,Inverted repeat
TAAGTT,-0.29759162787016225,-0.6840706457340807,6-mer
TAAGTC,-0.1322477982984397,-0.576574715228437,6-mer
TAAGTG,-0.34980712746279913,0.140030451778974,6-mer
TAAGCA,0.02935082373241069,-0.4173625522250876,6-mer
TAAGCT,-0.9046257677636562,-0.10757988719981469,6-mer
TAAGCC,-0.23933014524252558,-0.011055188508995737,6-mer
TAAGCG,-0.27147617972045546,-0.529820946528695,6-mer
TAAGGA,0.501230233412202,0.12478162471002553,6-mer
TAAGGT,-0.4427404280686914,-0.2779847472997653,6-mer
TAAGGC,0.022476716220873567,-0.22335070436131188,6-mer
TAAGGG,0.00989846106623777,-0.19169562411353147,6-mer
TATAAA,-1.0490945495281696,-1.8176232575114313,6-mer
TATAAT,-2.015375225886916,-1.604071323668861,6-mer
TATAAC,-0.15472259479864192,-0.0062589904716823744,6-mer
TATAAG,-0.343407822297814,-0.4927688025114098,6-mer
TATATA,-0.8278190246173197,0.11805576152171222,Palindromes
TATATT,-0.1795851124928819,0.3119440063147403,Inverted repeat
TATATC,0.011140557605200382,0.1819978337428873,Inverted repeat
TATATG,-0.2755408188721381,-0.44625622988956415,Inverted repeat
TATACA,-0.7469669863237052,0.2653445665209948,6-mer
TATACT,-2.177917792195843,-0.2722529358631723,6-mer
TATACC,-0.010738690023447432,0.1355149706564811,6-mer
TATACG,-0.10698933844754678,-0.6553518286125539,6-mer
TATAGA,-0.2921273173541206,-0.36257007938470814,6-mer
TATAGT,-1.0758748669751277,-0.17449773123213647,6-mer
TATAGC,0.016240641007210805,-0.009586048829197917,6-mer
TATAGG,0.016961992078718277,0.2458251158015707,6-mer
TATTAA,0.11042398969365035,-0.6780719051126377,6-mer
TATTAT,-1.1006039409384056,-1.6229303509201767,6-mer
TATTAC,0.6775117439559637,-0.49825086752782527,6-mer
TATTAG,-0.7064803202983916,-0.17206074578630326,6-mer
TATTTA,0.08715194909508191,0.009045139603006848,Inverted repeat
TATTTT,0.0066740059233092765,-0.3253186840881366,6-mer
TATTTC,1.1263772857695558,0.3833286395515054,6-mer
TATTTG,0.5157380457560952,0.20780488511340164,6-mer
TATTCA,0.010998998949257013,0.19780678305817492,6-mer
TATTCT,-0.6278986158717486,0.00578235259400608,6-mer
TATTCC,0.7137996095871635,0.0202723950262609,6-mer
TATTCG,0.7425589909739085,0.4579896444633908,6-mer
TATTGA,0.3424894173696788,0.3314508690058689,6-mer
TATTGT,-0.44852724435871233,-0.22404027421793019,6-mer
TATTGC,0.5283789723547889,0.3752575972934892,6-mer
TATTGG,0.4208622990612985,0.2910487820033905,6-mer
TATCAA,-0.33551522052777627,0.11018291775042278,6-mer
TATCAT,-2.4156814158442708,-1.3598959450863828,6-mer
TATCAC,-0.1618123556549927,-0.013056152825446348,6-mer
TATCAG,-0.11795745423398285,-0.03562390973072135,6-mer
TATCTA,-0.1287333141222027,0.562936194391157,Inverted repeat
TATCTT,-0.27825514277256314,-0.012490944183196784,6-mer
TATCTC,0.4043022241404859,-0.20163386116965054,6-mer
TATCTG,0.616346739860774,0.5004289905094884,6-mer
TATCCA,0.31625529206452047,0.5250910447437575,6-mer
TATCCT,-0.6721050633508242,-0.8310238279512363,6-mer
TATCCC,0.5581175137022776,0.1343010917115911,6-mer
TATCCG,0.2688668511359486,0.4941090702700426,6-mer
TATCGA,0.049517338909559006,0.7252837891185708,6-mer
TATCGT,-0.7410817026384382,0.2304297404018661,6-mer
TATCGC,0.06360208826307424,0.1218632333730524,6-mer
TATCGG,0.000336331751351672,0.5258589803762731,6-mer
TATGAA,-0.30960704384795806,-0.4812989415475652,6-mer
TATGAT,-2.5334322000810747,-1.437063805608843,6-mer
TATGAC,0.22127448633987373,0.4301443916690521,6-mer
TATGAG,-0.1856551459350468,-0.6098371693601856,6-mer
TATGTA,-0.16115479181458017,-0.7796099315746999,Inverted repeat
TATGTT,-0.9202209260210021,-0.22239242133644793,6-mer
TATGTC,0.3863391832840647,-0.1825444879734259,6-mer
TATGTG,0.292289400440222,0.009439695886305253,6-mer
TATGCA,-0.10696269145098354,-0.36923380966571895,6-mer
TATGCT,-1.4272906571894142,-0.9259994185562233,6-mer
TATGCC,0.23005903958551277,0.06768680751157452,6-mer
TATGCG,0.11978435739471971,-0.3356797076655596,6-mer
TATGGA,-0.2615938714745788,-0.5986374376182325,6-mer
TATGGT,-1.0239909465665014,0.03202167305052574,6-mer
TATGGC,-0.25264663703904117,-0.2448870591235344,6-mer
TATGGG,-0.08396231114432824,-0.5849625007211562,6-mer
TACAAA,-0.7369655941662062,-0.1864131242308813,6-mer
TACAAT,-2.268391616003301,-2.0134622598065626,6-mer
TACAAC,0.28163162471112385,-0.0032024320383437373,6-mer
TACAAG,0.011563531966663206,0.04890960048094649,6-mer
TACATA,-0.13961736301585287,-0.2779847472997652,Inverted repeat
TACATT,-0.7338000524883027,-0.1375035237499347,6-mer
TACATC,0.4852465015602466,-0.06440303282566673,6-mer
TACATG,0.09117220061628767,-0.6145067763351715,6-mer
TACACA,-0.5016807272063053,0.21572869105543724,6-mer
TACACT,-1.4434172095423259,-0.7695702595981339,6-mer
TACACC,0.7156346495281479,0.5535983298118211,6-mer
TACACG,-0.28076251095418964,-1.0179219079972626,6-mer
TACAGA,-0.5849625007211562,-0.2037952024591176,6-mer
TACAGT,-1.2715964193372178,0.24436711159370986,6-mer
TACAGC,0.18086372862915231,-0.03448837638529049,6-mer
TACAGG,-0.31352674124054764,-0.3164216185808186,6-mer
TACTAA,-0.7461172925357364,-0.5011941430285582,6-mer
TACTAT,-1.398067862871446,0.17753818555218753,6-mer
TACTAC,0.6642703660443693,1.2214679131081498,6-mer
TACTAG,-0.5983208835761751,-0.07724299893246056,6-mer
TACTTA,0.3392060863191978,-0.04182017569462692,Inverted repeat
TACTTT,0.18947779886371274,-0.19342893834792718,6-mer
TACTTC,1.048680364754574,-0.1375035237499347,6-mer
TACTTG,0.11512066313329664,-0.24792751344358546,6-mer
TACTCA,-0.21814294833508996,-0.17180964578725502,6-mer
TACTCT,-0.8170650470030594,-0.9740047914670558,6-mer
TACTCC,0.8343623569607859,-0.36421324020116136,6-mer
TACTCG,0.6649359078935525,0.3219280948873623,6-mer
TACTGA,-0.5633017178665629,0.27245941862306244,6-mer
TACTGT,-0.7910454308969073,0.2601518973006725,6-mer
TACTGC,0.1506650965572251,0.27695118616897846,6-mer
TACTGG,0.2528556954679555,0.728403580662782,6-mer
TACCAA,-0.5550348785173366,0.4405725913859815,6-mer
TACCAT,-1.4396231375571171,-0.3131578852596302,6-mer
TACCAC,0.010643971115952399,0.2917984287029744,6-mer
TACCAG,0.17010432482532106,0.5994620704162712,6-mer
TACCTA,-0.17118665000622343,0.570187148040758,Inverted repeat
TACCTT,-0.2680876335600791,0.04439411935845331,6-mer
TACCTC,0.19800416106196986,0.2083655360641623,6-mer
TACCTG,0.5590150011463964,0.5339384976966892,6-mer
TACCCA,0.12003875380897094,0.49687117109629925,6-mer
TACCCT,-0.5503666517944417,0.34138045755353474,6-mer
TACCCC,0.3646938523343704,-0.2124655814311571,6-mer
TACCCG,0.24860105972602647,0.6465281229117557,6-mer
TACCGA,-0.18269229751619032,0.6063361515137231,6-mer
TACCGT,-0.49692951645921885,0.28456756738343514,6-mer
TACCGC,0.10372137567024814,0.33841621767593133,6-mer
TACCGG,0.059959903750600604,0.7673392432097249,6-mer
TACGAA,-0.5289284658068282,-0.2995602818589078,6-mer
TACGAT,-1.6102684266179512,-0.14641824855768248,6-mer
TACGAC,0.24469402211470256,0.335277648546382,6-mer
TACGAG,0.132103536007345,-0.47681369686553365,6-mer
TACGTA,-0.01667874114663024,-0.19264507794239585,Palindromes
TACGTT,-0.5709147262355234,-0.056583528366367326,Inverted repeat
TACGTC,0.4491588652801642,-0.7692197931708332,Inverted repeat
TACGTG,0.08906087996127703,0.06515267952525085,Inverted repeat
TACGCA,-0.10283359139516303,-0.04301288896009277,6-mer
TACGCT,-0.9148196194261556,0.40834284670483567,6-mer
TACGCC,0.290535821262787,-0.26553691303696386,6-mer
TACGCG,-0.06818289941726807,-0.5663846731668398,6-mer
TACGGA,-0.40412672506839353,-0.3120952242846797,6-mer
TACGGT,-0.5180040782300317,0.3463247491948296,6-mer
TACGGC,0.16525832634884727,-0.01635868859966772,6-mer
TACGGG,0.06703992775520866,-0.45651413525500295,6-mer
TAGAAA,-0.07194984187901468,0.19581932573753943,6-mer
TAGAAT,-2.1043366598147357,-0.4210362399002869,6-mer
TAGAAC,0.206677377984555,0.5017491324721746,6-mer
TAGAAG,0.46659314392793644,0.03899413161586378,6-mer
TAGATA,-0.21340363810919324,0.3804802772424755,Inverted repeat
TAGATT,-0.6653158976881851,0.1275500497205108,6-mer
TAGATC,0.05492114398030049,-0.15200309344504984,6-mer
TAGATG,0.15664012448690207,-0.15723974181119693,6-mer
TAGACA,0.10489885831800727,0.23061292814141632,6-mer
TAGACT,-1.5417272243334852,0.3781109302804865,6-mer
TAGACC,0.02803087080503039,-0.12853337024538244,6-mer
TAGACG,0.4928019624319751,-0.6667565918848034,6-mer
TAGAGA,0.21135522793844438,-0.6735564239901446,6-mer
TAGAGT,-0.784085142734757,-0.4799929411196137,6-mer
TAGAGC,0.6097855136850322,-0.49423272454558254,6-mer
TAGAGG,0.6347851993597279,-0.14095082536840364,6-mer
TAGTAA,0.0,0.5994620704162712,6-mer
TAGTAT,-1.612538745073581,0.18615131585689573,6-mer
TAGTAC,0.14575494577987216,-0.3219280948873623,6-mer
TAGTAG,0.4074070581544665,0.6698513983076692,6-mer
TAGTTA,-0.07038932789139794,0.4909863525121424,Inverted repeat
TAGTTT,-0.6256044852185021,0.265096872290686,6-mer
TAGTTC,0.05647413383788833,-0.18057224564182073,6-mer
TAGTTG,0.3371293149797775,0.3726912085692492,6-mer
TAGTCA,0.07400058144377666,0.2975439362604031,6-mer
TAGTCT,-1.2732301729396824,-0.04264433740849354,6-mer
TAGTCC,0.3614893076957042,-0.384663850235325,6-mer
TAGTCG,0.5513223589769632,-0.04572727365712868,6-mer
TAGTGA,-0.24056706570786354,0.45567948377618966,6-mer
TAGTGT,-0.6849913190524284,0.22463089353244758,6-mer
TAGTGC,0.2739264585652612,-0.07943446749440494,6-mer
TAGTGG,0.13778923422534903,0.11445872458491482,6-mer
TAGCAA,-0.7305393250067733,0.33301159401637864,6-mer
TAGCAT,-1.5410819076537148,0.09953567355091435,6-mer
TAGCAC,-0.3749502908086723,-0.2630344058337938,6-mer
TAGCAG,-0.5029851985545463,0.3974280996854654,6-mer
TAGCTA,-0.5270539226931557,1.00602378762777,Palindromes
TAGCTT,-0.6529573134721712,0.6214883767462702,Inverted repeat
TAGCTC,-0.2326607567902752,-0.47019231347508145,Inverted repeat
TAGCTG,0.11255512687557999,0.7486002946496094,Inverted repeat
TAGCCA,-0.3112845042319226,0.683667368006157,6-mer
TAGCCT,-0.8663385425444593,1.0331668639351994,6-mer
TAGCCC,0.1279174749207369,0.20275639390968483,6-mer
TAGCCG,0.18906225215858483,0.6620035364849841,6-mer
TAGCGA,-0.4145108721363328,0.4562291865989534,6-mer
TAGCGT,-0.5373468801188998,0.3698487255125885,6-mer
TAGCGC,0.21724716665699884,-0.11528078539010181,6-mer
TAGCGG,0.22315721019982648,0.5601507453255308,6-mer
TAGGAA,-0.22136155666887247,0.17044034170172606,6-mer
TAGGAT,-1.6573591964623438,-0.608809242675524,6-mer
TAGGAC,-0.06312132742735865,-0.3293076252529599,6-mer
TAGGAG,0.19153145763168733,0.10502747706440103,6-mer
TAGGTA,0.18463080300696436,0.6214883767462702,Inverted repeat
TAGGTT,-0.7167260512879742,0.6051403826587863,6-mer
TAGGTC,-0.14234014958558094,0.28753936934244195,6-mer
TAGGTG,0.2843123586368138,0.4410080781451032,6-mer
TAGGCA,-0.20761729151426306,0.313754163441662,6-mer
TAGGCT,-1.1352975676001271,0.8147851275330924,6-mer
TAGGCC,0.08464331157163978,-0.0414026990105623,6-mer
TAGGCG,0.1773459415595132,0.2200115573275264,6-mer
TAGGGA,-0.05098392871880485,0.02547068751611816,6-mer
TAGGGT,-0.9088129077395474,0.23786383009888792,6-mer
TAGGGC,0.07151317558468223,-0.22613482302226473,6-mer
TAGGGG,0.019313475056833833,0.04077713790424486,6-mer
TTAAAA,-0.5176072329193915,-0.9939762123722302,Inverted repeat
TTAAAT,-0.9855004303048849,-0.8333501305905489,6-mer
TTAAAC,0.1799090900149344,-1.0840642647884744,6-mer
TTAAAG,0.6334894742164652,0.022367813028454434,6-mer
TTAATA,-0.4078059300477679,-0.31667236943586696,6-mer
TTAATT,-0.19195130777231117,-0.2630344058337938,6-mer
TTAATC,-0.5828701217599163,-0.5076567745537073,6-mer
TTAATG,0.6039040643746164,-0.4809394361779279,6-mer
TTAACA,-0.03005723385617986,-0.9461069920047978,6-mer
TTAACT,-0.5215371205795224,-0.4270101409449196,6-mer
TTAACC,0.07782953735435527,-0.13404796511371592,6-mer
TTAACG,0.45230837663261697,-1.0959244199985354,6-mer
TTAAGA,0.019628806748932515,-0.7776075786635519,6-mer
TTAAGT,0.1520030934450497,-0.6720481174848675,6-mer
TTAAGC,-0.05211203251929022,-0.431234726806645,6-mer
TTAAGG,0.4214637684382766,-0.21780515184079594,6-mer
TTATAA,-0.6166713604484944,-0.84799690655495,Palindromes
TTATAT,-0.5360529002402099,-0.2630344058337938,Inverted repeat
TTATAC,-1.2383339652054697,-0.7410817026384382,Inverted repeat
TTATAG,0.003904454455916158,-0.47681369686553365,Inverted repeat
TTATTA,-0.07038932789139794,-0.6780719051126377,6-mer
TTATTT,0.5397737269549008,0.09310940439148137,6-mer
TTATTC,-0.22040455324255423,-0.05371058674476756,6-mer
TTATTG,0.20249286389874296,-0.22826898767311707,6-mer
TTATCA,-0.5724046473903317,-0.3885652879176528,6-mer
TTATCT,0.1969698244565412,0.03937423833414439,6-mer
TTATCC,0.29887399228397976,0.19429481516148842,6-mer
TTATCG,0.2618541664462491,0.3620055342626977,6-mer
TTATGA,-0.16921238347727308,-0.6564418891410951,6-mer
TTATGT,-0.1841039366120739,-0.44183755862255913,6-mer
TTATGC,-0.14186871631133677,-0.36383504662128596,6-mer
TTATGG,-0.35565010291164917,-0.4585852149516008,6-mer
TTACAA,-0.7768058586979972,-1.0312187306107206,Inverted repeat
TTACAT,-0.42046209820100566,-0.7043512299114864,6-mer
TTACAC,-0.6182386555954548,-0.26969813611480437,6-mer
TTACAG,-0.6917968791220367,-0.35049724708413305,6-mer
TTACTA,0.10172988696382626,-0.26303440583379395,6-mer
TTACTT,0.10092890885078078,-0.6129768768907528,6-mer
TTACTC,0.06935919929290854,-0.5398746111926179,6-mer
TTACTG,-0.24410004792737416,0.4786535985748155,6-mer
TTACCA,0.14463226368368368,-0.10842245988598562,6-mer
TTACCT,0.6089005553779112,0.527788792333922,6-mer
TTACCC,0.5588434397572742,0.5365621766028162,6-mer
TTACCG,0.5691309179834878,0.38196567767319506,6-mer
TTACGA,-0.3760014964075639,-0.3305584000308022,6-mer
TTACGT,0.36215793967589516,-0.2630344058337938,6-mer
TTACGC,0.14333823231792234,-0.23359062794131172,6-mer
TTACGG,0.017017570010508146,-0.2203299548795557,6-mer
TTAGAA,-0.7865963618908067,-0.5193741590935793,Inverted repeat
TTAGAT,-1.0036022366801958,0.006286262847431387,6-mer
TTAGAC,-0.8420476402237635,-0.5772475355931507,6-mer
TTAGAG,-0.33049737361253273,-0.6541460658671571,6-mer
TTAGTA,-0.5936797178222653,-0.5849625007211562,6-mer
TTAGTT,-1.1438357725736517,0.22571277962805936,6-mer
TTAGTC,-1.191843357976841,-0.38246963682241314,6-mer
TTAGTG,0.06339508128850921,-0.17449773123213647,6-mer
TTAGCA,-0.2838402357059046,-0.14114210081328304,6-mer
TTAGCT,-0.5051562975961735,0.6844981742720707,6-mer
TTAGCC,-0.1187216604085077,0.438356769863969,6-mer
TTAGCG,0.2920860833584367,-0.0860072887062673,6-mer
TTAGGA,-0.7336065820762916,-0.09761079662642225,6-mer
TTAGGT,-0.6316636921129644,0.28716267672668555,6-mer
TTAGGC,-0.4373066631198765,-0.059781228325416956,6-mer
TTAGGG,-0.056583528366367326,0.2457175282672437,6-mer
TTTAAA,-1.0165511762638477,0.006286262847431387,Palindromes
TTTAAT,-0.6100534816839867,-1.6054266032808717,Inverted repeat
TTTAAC,-0.07038932789139794,-1.6930222465786091,Inverted repeat
TTTAAG,0.22506655563477318,-0.5137714528642032,Inverted repeat
TTTATA,-1.217230716220669,-0.5224210346524434,6-mer
TTTATT,-0.23995079272075245,0.2921807514933101,6-mer
TTTATC,0.110540265739725,0.009045139603006848,6-mer
TTTATG,0.2392769147094147,-0.7735945161569286,6-mer
TTTACA,-0.39253550078399596,-0.20645087746742632,6-mer
TTTACT,-0.3074285251922473,-0.23266075679027493,6-mer
TTTACC,0.26806122290862655,-0.21412480535284747,6-mer
TTTACG,0.1020719092598699,0.03368312625628859,6-mer
TTTAGA,-0.9199120886773082,-0.47969045762109747,6-mer
TTTAGT,-0.3283258660855132,0.14017765804826007,6-mer
TTTAGC,-0.10886347570603362,-0.04485423578426039,6-mer
TTTAGG,-0.14804188354386255,-0.050040682499595625,6-mer
TTTTAA,-0.8307189151231145,-0.15124358037623722,Inverted repeat
TTTTAT,-0.36383504662128596,-0.6844981742720706,6-mer
TTTTAC,-0.06273575534796248,-0.9954845188775069,6-mer
TTTTAG,-0.49398884067366583,-0.3840498067951599,6-mer
TTTTTA,-0.4258173380320863,-0.8168359750684894,6-mer
TTTTTT,-0.4342946179599254,-1.0738202332916715,6-mer
TTTTTC,0.22372886889926172,-0.33342373372519163,6-mer
TTTTTG,0.3328992127083654,-0.5975625375007898,6-mer
TTTTCA,-0.2613158886074943,0.07231420481589033,6-mer
TTTTCT,-0.005333444303040464,-0.2746223801090057,6-mer
TTTTCC,0.6593082658107688,-0.20277388101631924,6-mer
TTTTCG,0.18709870543575283,0.2976221883712293,6-mer
TTTTGA,-0.24712801492443312,-0.5877885447999196,6-mer
TTTTGT,-0.2968880167033494,-0.13750352374993496,6-mer
TTTTGC,-0.12308148414254041,0.45421634314653014,6-mer
TTTTGG,-0.049298846627797925,0.5345277792054033,6-mer
TTTCAA,-0.5294209372370717,-0.4075926871176791,Inverted repeat
TTTCAT,-0.08516065127599061,0.13058410981014443,6-mer
TTTCAC,-0.21337651952648243,-0.20163386116965054,6-mer
TTTCAG,-0.4000046843213693,0.3446481713874457,6-mer
TTTCTA,-0.18840873987378715,-0.3673710656485295,6-mer
TTTCTT,0.4426686182560346,0.19854567938208012,6-mer
TTTCTC,0.21713190487575265,-0.23078020682916695,6-mer
TTTCTG,0.2645949198214107,0.04629365227393479,6-mer
TTTCCA,0.35338702909811376,-0.20931654595594776,6-mer
TTTCCT,0.5233701210669172,0.03368312625628859,6-mer
TTTCCC,0.44813939722667145,-0.17283659686221556,6-mer
TTTCCG,0.3891495264125699,0.7316615623062791,6-mer
TTTCGA,-0.15441855922857978,0.33155251377576234,6-mer
TTTCGT,-0.07591251468082659,-0.09686153925258896,6-mer
TTTCGC,-0.2253896314486615,0.1893945432419744,6-mer
TTTCGG,-0.03997515063250939,0.5001132381582283,6-mer
TTTGAA,-0.5765990277865295,-0.6930222465786091,Inverted repeat
TTTGAT,-0.4089321366296568,0.2043584985061863,6-mer
TTTGAC,0.15265354207684748,0.13408118544778724,6-mer
TTTGAG,0.11312257831545683,0.31421999975209924,6-mer
TTTGTA,-0.3343214904690893,-0.033276154874298525,6-mer
TTTGTT,-0.28027679371486286,-0.11783649029385825,6-mer
TTTGTC,0.17120484660251242,0.47354590456970347,6-mer
TTTGTG,-0.09537517377909324,-0.34103691783506696,6-mer
TTTGCA,-0.3298343004585494,-0.5139959793670128,6-mer
TTTGCT,-0.08398581694631455,0.4017071688663602,6-mer
TTTGCC,0.29301853480283185,0.24545726902729628,6-mer
TTTGCG,-0.1148159290420399,0.32088606158753624,6-mer
TTTGGA,-0.06381067973472332,-0.7362060810973934,6-mer
TTTGGT,-0.24315220573374183,0.388827619955995,6-mer
TTTGGC,0.039774458890393924,0.16553691728054118,6-mer
TTTGGG,0.06831310761225257,0.5276145727391146,6-mer
TTCAAA,-0.6953498965444731,-0.5094723011368928,Inverted repeat
TTCAAT,-0.4839397680718518,-0.4854268271702417,6-mer
TTCAAC,-0.06188284663799612,0.0822328151408756,6-mer
TTCAAG,-0.25416716807957124,-0.3652392661606927,6-mer
TTCATA,-0.1755119281392036,-0.1674567458515627,6-mer
TTCATT,-0.48428137650197955,0.16812275880832706,6-mer
TTCATC,0.24713965030384097,0.502954089562925,6-mer
TTCATG,-0.08400836912426551,-0.7461172925357364,6-mer
TTCACA,-1.2162608371650565,-0.20063786869592656,6-mer
TTCACT,-0.49443806846521027,0.08406426478847452,6-mer
TTCACC,0.5088595216353647,0.48774542587950365,6-mer
TTCACG,-0.5292712437059317,-0.17682336079291383,6-mer
TTCAGA,-1.1133276838101334,-0.11462329905177486,6-mer
TTCAGT,-0.7067673381131034,0.10309349296410365,6-mer
TTCAGC,-0.07847320937869356,0.33841621767593133,6-mer
TTCAGG,-0.4901917753389913,0.29184997193416556,6-mer
TTCTAA,-0.6460380774729244,-0.6610654798069477,Inverted repeat
TTCTAT,-0.24211743830577337,-0.09873395358535945,6-mer
TTCTAC,0.5841634450148312,-0.5167909980795771,6-mer
TTCTAG,-0.6985360076723531,-0.06509502822188477,6-mer
TTCTTA,0.29059012835435516,-0.2630344058337938,6-mer
TTCTTT,0.41503749927884365,0.05274146207197318,6-mer
TTCTTC,1.0302127071039235,0.46583750628607573,6-mer
TTCTTG,0.7324749798541969,0.47195353889196984,6-mer
TTCTCA,-0.3630152869305617,-0.2257533897543342,6-mer
TTCTCT,-0.6124124790061775,-0.7149086732930091,6-mer
TTCTCC,1.0546640963461773,0.1483227469571012,6-mer
TTCTCG,0.407625931449672,-0.2213867084753024,6-mer
TTCTGA,-0.5715993588444636,-0.23722521948418843,6-mer
TTCTGT,-0.8038174579864008,-0.36790352368774903,6-mer
TTCTGC,0.08128366028955106,0.18890267625657922,6-mer
TTCTGG,0.1624871492608134,-0.16814279610030286,6-mer
TTCCAA,-0.27123155880041344,-0.2447721994410654,Inverted repeat
TTCCAT,-0.40529422511544877,-0.32083885735665624,6-mer
TTCCAC,0.20267253822999073,-0.2378338517086512,6-mer
TTCCAG,0.6598336177417398,-0.1084671717401068,6-mer
TTCCTA,-0.10951005514359095,0.08091999538356735,6-mer
TTCCTT,0.20499618105893405,0.017417053077409338,6-mer
TTCCTC,0.7504069495399727,-0.14839183989267096,6-mer
TTCCTG,0.607571391136572,0.34389342638415366,6-mer
TTCCCA,0.03411058812368022,-0.05266557868036693,6-mer
TTCCCT,-0.18057224564182073,-0.4172899510102224,6-mer
TTCCCC,0.4250463256328415,-0.6850809636320009,6-mer
TTCCCG,0.569623481697204,-0.12210436443555327,6-mer
TTCCGA,-0.6103947011946238,-0.49966874974602055,6-mer
TTCCGT,-0.3131910808059528,0.3177076285691671,6-mer
TTCCGC,-0.023309546093048566,-0.18241594562550908,6-mer
TTCCGG,0.13070202671567302,0.1670803832859677,6-mer
TTCGAA,-0.5418034396659965,0.0501695962299347,Palindromes
TTCGAT,-0.32830107516814244,0.355917522868386,Inverted repeat
TTCGAC,0.25303301367629477,0.7035624358989925,Inverted repeat
TTCGAG,0.10169848764590042,0.1565044856799906,Inverted repeat
TTCGTA,-0.2409699627311445,-0.4401620934344599,6-mer
TTCGTT,-0.5172199401115556,-0.023846741954367656,6-mer
TTCGTC,0.4767448440155167,0.2747060849647563,6-mer
TTCGTG,-0.1765844285685278,-0.4746020532786506,6-mer
TTCGCA,-0.9489942203767443,-0.2989811022401852,6-mer
TTCGCT,-0.515889555107624,-0.12820006885984342,6-mer
TTCGCC,0.1754354288878702,0.39528804797208295,6-mer
TTCGCG,-0.2759378050824972,-0.29090119926673774,6-mer
TTCGGA,-0.5700199016730196,-0.1559181434484331,6-mer
TTCGGT,-0.23079262774032014,0.2667324406452376,6-mer
TTCGGC,0.22641200975769915,0.5915351546446425,6-mer
TTCGGG,0.00842558350754934,0.1368166896303738,6-mer
TTGAAA,-0.34103691783506696,-0.3482017890964712,Inverted repeat
TTGAAT,-0.6793413245002036,-0.45567948377618983,6-mer
TTGAAC,-0.07357189097083215,-0.08974098109875317,6-mer
TTGAAG,0.2890558454241285,-0.26303440583379395,6-mer
TTGATA,-0.44554445571710727,0.3319817595512853,6-mer
TTGATT,-0.7073364996178322,0.0975553094226735,6-mer
TTGATC,0.14949863132684352,0.4892791526658483,6-mer
TTGATG,0.2425063058007551,0.45219911983497374,6-mer
TTGACA,-0.41437119337274875,0.5856768830288399,6-mer
TTGACT,-0.5096607963246035,-0.07400058144377682,6-mer
TTGACC,0.357496562306032,0.6705299411002461,6-mer
TTGACG,0.44669831259407194,0.31018925843059625,6-mer
TTGAGA,-0.5966443057687916,-0.09310940439148137,6-mer
TTGAGT,-0.21954168921687248,0.20062179866522875,6-mer
TTGAGC,0.44691108341154206,0.21633773519717373,6-mer
TTGAGG,0.3615495151607793,0.15947821400719644,6-mer
TTGTAA,-0.5620013522778449,-0.6780719051126377,Inverted repeat
TTGTAT,-0.418952549282227,0.21396884675144281,6-mer
TTGTAC,-0.07414879592339153,-0.07724299893246056,6-mer
TTGTAG,0.602700444482816,-0.25550073314838656,6-mer
TTGTTA,-0.920928429008801,-0.27738969881086384,6-mer
TTGTTT,-0.5748866627516532,-0.39881118486426065,6-mer
TTGTTC,0.2962179757814674,-0.04730571477835657,6-mer
TTGTTG,0.27677811402167013,0.389743479114934,6-mer
TTGTCA,-0.42027414764499105,0.7112024981011246,6-mer
TTGTCT,-0.3534839565721488,0.15990829153039618,6-mer
TTGTCC,0.45011343041719915,0.22419129319156536,6-mer
TTGTCG,0.42373513742973606,0.45060381754268497,6-mer
TTGTGA,-1.011530977789708,0.07400058144377666,6-mer
TTGTGT,-0.7135556180558343,-0.1292830169449664,6-mer
TTGTGC,-0.15934310279156813,-0.2570106182060239,6-mer
TTGTGG,-0.26321093627645975,-0.11524356367565834,6-mer
TTGCAA,-1.2514597130470206,-0.7903929299788858,Palindromes
TTGCAT,-0.8946633735554403,-0.6241517662951409,Inverted repeat
TTGCAC,-0.5890809592442365,-0.4264284090657116,Inverted repeat
TTGCAG,-0.21358469769867958,-0.19930880822340655,Inverted repeat
TTGCTA,-0.6845825399363085,0.10794791336711458,6-mer
TTGCTT,-0.8815600150197898,-0.175442006409878,6-mer
TTGCTC,-0.02666350338884203,-0.1343774227632153,6-mer
TTGCTG,0.37171547301603414,0.532739562379504,6-mer
TTGCCA,-0.3155553848406967,-0.08728032558928378,6-mer
TTGCCT,-0.32442551664829666,0.08169953559861577,6-mer
TTGCCC,0.31735154780272584,0.026286691520275667,6-mer
TTGCCG,0.6377131629919528,0.5463469983355055,6-mer
TTGCGA,-0.9278442187405339,-0.11313897535073499,6-mer
TTGCGT,-0.4343511305634746,-0.13524047224136587,6-mer
TTGCGC,0.0964383918542304,-0.2275615241106313,6-mer
TTGCGG,0.14471565685503437,0.27451515241258045,6-mer
TTGGAA,-0.47521709473781304,-0.5873649909364608,Inverted repeat
TTGGAT,-0.5076867872445183,0.025011888008072993,6-mer
TTGGAC,-0.11762769153223912,-0.6599245584023781,6-mer
TTGGAG,0.13618257596265096,-0.37461244509404684,6-mer
TTGGTA,-0.5596069264442619,0.467778961350817,6-mer
TTGGTT,-1.1278832306253868,0.16333618425263705,6-mer
TTGGTC,-0.30744176098728215,0.22473497782570884,6-mer
TTGGTG,0.3490399405046034,0.658014252771384,6-mer
TTGGCA,-0.44503685981568697,0.07917021343360772,6-mer
TTGGCT,-0.463477854336597,0.3758669019981661,6-mer
TTGGCC,0.1846194227210458,0.5748431809200863,6-mer
TTGGCG,0.3384225542208438,0.24018494544582564,6-mer
TTGGGA,-0.21052613432943085,-0.31491619753198885,6-mer
TTGGGT,-0.35243595971421804,0.7300128335244392,6-mer
TTGGGC,0.07496782126842848,0.10090121557514371,6-mer
TTGGGG,0.165682212982214,-0.33985000288462475,6-mer
TCAAAA,-0.42266794040322125,-0.3005091112524567,6-mer
TCAAAT,-0.725275558057915,0.08176955574233415,6-mer
TCAAAC,-0.07038932789139794,0.4236122350168538,6-mer
TCAAAG,0.1203696273599588,-0.1634987322828793,6-mer
TCAATA,0.24692598959851275,0.47980775466908165,6-mer
TCAATT,-0.13814005367020496,0.21089678249861846,6-mer
TCAATC,-0.6471961372182465,-0.22881869049588074,6-mer
TCAATG,0.1451582906767114,0.10947847679849271,6-mer
TCAACA,0.6271876207137483,0.13544400157164063,6-mer
TCAACT,0.4722048568581592,0.12242210289533187,6-mer
TCAACC,-0.2215779720644394,0.5637278586830581,6-mer
TCAACG,0.6400836673544811,0.42935717059591066,6-mer
TCAAGA,0.2827014392898705,-0.06774460663583401,Inverted repeat
TCAAGT,-0.1300955740156656,0.2357714511376477,6-mer
TCAAGC,-0.30034508984272085,-0.11493576684465982,6-mer
TCAAGG,0.46000747436110107,0.14654866335294184,6-mer
TCATAA,-0.33494958795615176,-0.4491306979472517,6-mer
TCATAT,-0.47037556104677475,-0.4329594072761061,6-mer
TCATAC,-0.6170014588462023,-0.13076194587087978,6-mer
TCATAG,0.33141746284790385,0.3107008394641082,6-mer
TCATTA,0.0343515047907771,-0.3040616740938486,6-mer
TCATTT,-0.26449093805331003,0.022122810898140187,6-mer
TCATTC,-0.5919459902995569,-0.7176002692992751,6-mer
TCATTG,-0.2379235734094341,-0.277228287416548,6-mer
TCATCA,0.22648821030331134,0.38458370273713005,6-mer
TCATCT,0.34010644696057596,0.29743353296661384,6-mer
TCATCC,-0.048139497984185,-0.3184475261524004,6-mer
TCATCG,0.4645149781536168,0.7623881910461129,6-mer
TCATGA,-0.15856513927776436,-0.30507617665071946,Palindromes
TCATGT,-0.1148044754908005,-0.239575433009805,Inverted repeat
TCATGC,-0.30190729747808415,-0.7771134203984402,Inverted repeat
TCATGG,-0.03863684860696884,-0.3968901525685844,Inverted repeat
TCACAA,-1.1218480817017353,-0.10983455160598296,6-mer
TCACAT,-0.6353674541583993,-0.04301288896009277,6-mer
TCACAC,-0.8317659550462476,0.028113636208913814,6-mer
TCACAG,-1.3281049631404815,-0.1489341045263392,6-mer
TCACTA,-0.1834172377704256,-0.08246216019197294,6-mer
TCACTT,-0.3730208648052805,-0.17876548893619001,6-mer
TCACTC,-0.6300643935308325,-0.41059159424765185,6-mer
TCACTG,-0.4083950099345298,0.39051518014477493,6-mer
TCACCA,0.4817335613546437,0.4725006527259716,6-mer
TCACCT,0.411051364796577,0.5369725577863228,6-mer
TCACCC,0.4126675684939323,0.23710320471188887,6-mer
TCACCG,0.7998920670927453,0.8188821056977832,6-mer
TCACGA,-0.5074710571445442,-0.3380477602506394,Inverted repeat
TCACGT,-0.06890155314792638,-0.21310918050211128,6-mer
TCACGC,-0.3756632609446994,-0.28526435321725924,6-mer
TCACGG,-0.3436692554429596,-0.12235931819025661,6-mer
TCAGAA,-0.8936687649402326,-0.05867590732760754,6-mer
TCAGAT,-0.40092476295268753,0.45617619407233034,6-mer
TCAGAC,-0.9257969208310133,-0.4255419357136232,6-mer
TCAGAG,-1.1328356827070922,-0.6741462018988378,6-mer
TCAGTA,-0.7202507533396469,0.6273411029917079,6-mer
TCAGTT,-0.4520427411373023,0.17114814271175322,6-mer
TCAGTC,-1.1470004857093272,-0.3383225331380309,6-mer
TCAGTG,-0.37438823210263766,-0.1942835733381498,6-mer
TCAGCA,0.3637220132670455,0.43499824100973145,6-mer
TCAGCT,0.2688636949283779,0.544036995530967,6-mer
TCAGCC,-0.3840204825331788,0.6763920737089296,6-mer
TCAGCG,0.32098876970798146,0.5852533959819237,6-mer
TCAGGA,-0.0007953845873919996,-0.12221654584874025,Inverted repeat
TCAGGT,-0.11967023066261645,0.7688496551859921,6-mer
TCAGGC,-0.604916546694018,-0.002325052946243823,6-mer
TCAGGG,-0.27445722909391174,-0.061339823898087495,6-mer
TCTAAA,-1.1956475661039194,-0.5849625007211562,6-mer
TCTAAT,-0.4526707339038513,-0.3667823306716227,6-mer
TCTAAC,-0.7431669333345227,-0.7078192485066896,6-mer
TCTAAG,-0.7888189706201765,-0.24511249783653136,6-mer
TCTATA,0.14919355985822588,0.0816137655536522,6-mer
TCTATT,-0.1459403608985748,0.025995208532944337,6-mer
TCTATC,-0.20341042314737526,-0.5217686742339622,6-mer
TCTATG,0.25555928527164706,-0.2211037253678754,6-mer
TCTACA,0.6792188735373447,-0.592955291474687,6-mer
TCTACT,0.11338179941774255,0.3219280948873623,6-mer
TCTACC,0.18287937815763103,0.2474691026869174,6-mer
TCTACG,0.749405851667007,-0.2750070474998698,6-mer
TCTAGA,-0.2708201508003892,0.0107264065930582,Palindromes
TCTAGT,-0.9354597478052893,0.01034194422145882,Inverted repeat
TCTAGC,-0.41565921660839156,0.2881253867966243,Inverted repeat
TCTAGG,-0.3143399377967847,0.05819487817001485,Inverted repeat
TCTTAA,-0.3103401206121505,-0.9634741239748859,6-mer
TCTTAT,-0.38444457900747064,-0.5298209465286952,6-mer
TCTTAC,-0.10433665981473557,-1.082462160191973,6-mer
TCTTAG,-0.47573343096639775,-0.19714647017733658,6-mer
TCTTTA,0.5994620704162712,-0.1634987322828793,6-mer
TCTTTT,-0.0860199796051621,-0.07594885323329859,6-mer
TCTTTC,-0.1149256757747251,0.09027410369334381,6-mer
TCTTTG,0.6664385979660165,-0.09310940439148137,6-mer
TCTTCA,0.4580345992044024,-0.10128333583718162,6-mer
TCTTCT,0.8922319139112325,-0.2630344058337938,6-mer
TCTTCC,0.37611727031871817,-0.12782746440089438,6-mer
TCTTCG,0.5872576267312414,0.3471164269781956,6-mer
TCTTGA,0.2665264628693216,0.2393228172863253,Inverted repeat
TCTTGT,0.33918685871727966,0.20218885061326672,6-mer
TCTTGC,0.18072417778526206,-0.43444289845143674,6-mer
TCTTGG,0.4172226917957654,0.30666133823405184,6-mer
TCTCAA,-0.45626016200535674,-0.26303440583379395,6-mer
TCTCAT,-0.4973829318490136,-0.5495571645899574,6-mer
TCTCAC,-0.6351835268639842,-0.3580475206940142,6-mer
TCTCAG,-1.0012118396688081,-0.22856218857665433,6-mer
TCTCTA,0.10691520391651183,-1.636914580355878,6-mer
TCTCTT,-0.12156197988091325,-0.18383257480540757,6-mer
TCTCTC,-1.5036761996250991,-1.5342092002565213,6-mer
TCTCTG,-1.0262736942091086,-0.4722514384225085,6-mer
TCTCCA,0.5466070004694714,-0.7710587928346142,6-mer
TCTCCT,0.8785087942386961,0.44231042942894744,6-mer
TCTCCC,0.3543843066034293,-0.26174108881227337,6-mer
TCTCCG,0.3725410105038229,-0.3743955147814978,6-mer
TCTCGA,0.18820748528257378,-0.17339719334911724,Inverted repeat
TCTCGT,0.2701431036223997,-0.16046467219324598,6-mer
TCTCGC,-0.1841899675039502,-1.0252881398571527,6-mer
TCTCGG,0.24167102336987484,0.2538587215123798,6-mer
TCTGAA,-0.9339883605886213,-0.36491401985300714,6-mer
TCTGAT,-0.6502211400012112,0.07907157099119894,6-mer
TCTGAC,-0.8773593259763642,0.3235391447933476,6-mer
TCTGAG,-1.2075331221691066,-0.30185365472432185,6-mer
TCTGTA,-0.6551656383766515,-0.14622074085104392,6-mer
TCTGTT,-0.27713189461191834,0.2470408832563705,6-mer
TCTGTC,-0.8979939576247773,-0.6212260447079276,6-mer
TCTGTG,-1.0379835684852334,-0.4623432140572004,6-mer
TCTGCA,0.1346131581281948,0.14747343496453574,6-mer
TCTGCT,0.38362772118841787,0.9593580155026541,6-mer
TCTGCC,-0.43277785627342663,-0.04143064413590488,6-mer
TCTGCG,0.003311160979089219,-0.057084841294637034,6-mer
TCTGGA,0.19264507794239571,-0.20461771960847172,Inverted repeat
TCTGGT,-0.07703213805772365,0.15014034942786023,6-mer
TCTGGC,-0.3565783370108637,0.1272806640338186,6-mer
TCTGGG,0.25756619319428065,-0.2387868595871166,6-mer
TCCAAA,-0.2659637368724656,-0.49973466385412524,6-mer
TCCAAT,-0.26938743143355076,-0.5963672639934056,6-mer
TCCAAC,-0.1360755054460449,-0.1301164362285821,6-mer
TCCAAG,-0.1840001866540351,-0.3173408253917105,6-mer
TCCATA,-0.4447453216538167,-0.2910487820033904,6-mer
TCCATT,-0.3484258970644383,-0.7677662936615598,6-mer
TCCATC,-0.3057022640379072,-0.04538532176150339,6-mer
TCCATG,-0.22384163797351772,-0.409684264784637,6-mer
TCCACA,-0.07728739706263638,-0.5892626381547817,6-mer
TCCACT,-0.26106216350218875,-0.9744300934032823,6-mer
TCCACC,0.2054766249711639,-0.04220656012068943,6-mer
TCCACG,0.011177286094023395,-0.36930379074991165,6-mer
TCCAGA,0.2394807116376767,-0.09076546392318237,Inverted repeat
TCCAGT,0.12247248482807348,-0.42000375217219316,6-mer
TCCAGC,0.5023182723757668,0.2831088459968342,6-mer
TCCAGG,0.5944904886399676,-0.30759995826723824,6-mer
TCCTAA,-0.9958721143773235,-0.021695071099318976,6-mer
TCCTAT,-0.2973748605283244,0.17974808392795424,6-mer
TCCTAC,-0.12517061362377987,-0.2715964193372179,6-mer
TCCTAG,-0.6077805830662478,-0.5274500420659481,6-mer
TCCTTA,0.4106323201588427,0.14336417517117736,6-mer
TCCTTT,-0.22476438890607642,0.2946780604791616,6-mer
TCCTTC,-0.3238595985298374,0.0,6-mer
TCCTTG,0.5646053476437453,0.2900129148105999,6-mer
TCCTCA,0.23972229987436494,0.3200508076466918,6-mer
TCCTCT,-0.23340923672451555,-0.04564266555571215,6-mer
TCCTCC,0.10700073750525399,0.17335697140543496,6-mer
TCCTCG,0.9752481912382661,0.22936197615128975,6-mer
TCCTGA,-0.11447786532551045,0.1292830169449664,Inverted repeat
TCCTGT,-0.17223019800900438,0.023586820317615765,6-mer
TCCTGC,0.27805187934155406,0.17174248846145174,6-mer
TCCTGG,0.6127168228451458,0.33637486599362676,6-mer
TCCCAA,-0.18719606922298138,0.02051259732571251,6-mer
TCCCAT,-0.33522895894075344,-0.7021460400914952,6-mer
TCCCAC,-0.10669510622651697,-0.5764822703327953,6-mer
TCCCAG,0.09845434227967999,-0.2873896761828834,6-mer
TCCCTA,0.20849233109925744,-0.523561956057013,6-mer
TCCCTT,-0.32163513214071854,-0.2108589408209316,6-mer
TCCCTC,-0.5412800619037593,-0.8789081830826382,6-mer
TCCCTG,-0.3211373603973623,-0.3553188630718216,6-mer
TCCCCA,0.11247472925841263,-0.4711426011639941,6-mer
TCCCCT,-0.15722412273478034,0.10947847679849271,6-mer
TCCCCC,0.14351127554027174,-0.9831261814356039,6-mer
TCCCCG,0.4474589769712211,-0.5353617888301603,6-mer
TCCCGA,0.18156190411179163,-0.15055967657538133,Inverted repeat
TCCCGT,-0.11706840814114283,-0.7828127377948129,6-mer
TCCCGC,0.14680180124252531,-0.31137139466170266,6-mer
TCCCGG,0.3468135677277579,0.08365792904690955,6-mer
TCCGAA,-0.6466637289420134,-0.2714959845819898,6-mer
TCCGAT,-0.6906900079863386,0.12134883540274922,6-mer
TCCGAC,-0.4233326774889387,-0.3949267881690907,6-mer
TCCGAG,-0.44834284225775906,-0.7044695951772453,6-mer
TCCGTA,-0.45475279813836145,-0.36099765956595475,6-mer
TCCGTT,-0.2988944551903618,-0.1876270031757712,6-mer
TCCGTC,-0.6315919521867135,-0.29962807608560127,6-mer
TCCGTG,-0.8969022663035,-0.726831217032493,6-mer
TCCGCA,-0.05160412086608809,-0.4588398246695176,6-mer
TCCGCT,-0.05996545765640773,-0.22002540679253157,6-mer
TCCGCC,-0.2955595275666692,-0.34142230451850974,6-mer
TCCGCG,-0.028459598449292803,-0.35408492699553595,6-mer
TCCGGA,0.054071305596725114,-0.04730571477835657,Palindromes
TCCGGT,-0.05362363615577863,0.14795057662057728,Inverted repeat
TCCGGC,-0.001440534359214849,0.14154873580788346,Inverted repeat
TCCGGG,0.31748801235173935,-0.052756560842161994,Inverted repeat
TCGAAA,-0.08981890970341352,0.1965761295323109,6-mer
TCGAAT,-0.04602373347986574,0.0018995329154811902,6-mer
TCGAAC,-0.24398637785632177,0.1695330180026265,6-mer
TCGAAG,0.15492451538336813,0.3092045872667198,6-mer
TCGATA,0.10200604237522254,0.46948528330122014,6-mer
TCGATT,-0.5330279945486254,-0.0755326311673575,6-mer
TCGATC,-0.2585953406672967,0.6303939299681621,6-mer
TCGATG,0.3902337235719556,0.660063955961875,6-mer
TCGACA,0.5131195756882596,0.801735849556444,6-mer
TCGACT,0.07810109118924535,0.4371686691441517,6-mer
TCGACC,-0.1044566748298716,0.5448194596978786,6-mer
TCGACG,0.8513789945345525,0.7186944921600046,6-mer
TCGAGA,0.29951684746710294,0.09444320429976197,Inverted repeat
TCGAGT,0.24223308711152172,0.28324762672330256,6-mer
TCGAGC,0.25053473393930226,0.31566133648500355,6-mer
TCGAGG,0.7096386549875568,0.5771275540641603,6-mer
TCGTAA,-0.1666253544171247,-0.7182290315846206,6-mer
TCGTAT,-0.3178869296654986,-0.7626054153243056,6-mer
TCGTAC,-0.7192278848741395,-0.5407385004644727,6-mer
TCGTAG,0.47776832992095736,0.34994247105695875,6-mer
TCGTTA,-0.10196241094545437,-0.17753818555218753,6-mer
TCGTTT,-0.49396666736808564,-0.429137696323698,6-mer
TCGTTC,-0.6652298405672916,-0.6876579539418357,6-mer
TCGTTG,0.2392980665233199,0.632268215499513,6-mer
TCGTCA,0.28327353770647445,0.4734240007578833,6-mer
TCGTCT,-0.10438711163551272,-0.18511140525698835,6-mer
TCGTCC,-0.214439632422485,-0.7298058025933402,6-mer
TCGTCG,0.8299849623582707,0.8363667444254115,6-mer
TCGTGA,-0.5161478879561335,-0.3556313985555699,Inverted repeat
TCGTGT,-0.480177476172422,-0.3049239735604146,6-mer
TCGTGC,-0.34969533613433895,-0.5058909297299573,6-mer
TCGTGG,-0.03535350701793502,-0.14654866335294184,6-mer
TCGCAA,-0.8331564152440492,0.08882574181543658,6-mer
TCGCAT,-0.6844320698920784,-0.828590450555434,6-mer
TCGCAC,-0.86408730463798,-0.49834014597340537,6-mer
TCGCAG,-0.6874630187769335,-0.06496644004577679,6-mer
TCGCTA,-0.3586696848843029,0.1499754120980675,6-mer
TCGCTT,-0.8946039373601431,0.012419259254068081,6-mer
TCGCTC,-0.9611168918972844,-0.6314218118138163,6-mer
TCGCTG,-0.029259231978117306,0.3277038333915211,6-mer
TCGCCA,0.012597454084056312,0.3073797863182071,6-mer
TCGCCT,-0.18530927568980451,-0.09665498258520362,6-mer
TCGCCC,-0.13323253670611193,0.06773417654744592,6-mer
TCGCCG,0.5195264106412153,0.7789237062058457,6-mer
TCGCGA,-0.5068046343911805,-0.14535138557261992,Palindromes
TCGCGT,-0.37999604722920943,-0.321598298328402,Inverted repeat
TCGCGC,-0.240481167928928,-0.6261084834911871,Inverted repeat
TCGCGG,0.09487344990275538,0.11760848356404838,Inverted repeat
TCGGAA,-0.5912724214504486,-0.6013993905318299,6-mer
TCGGAT,-0.5433487930112663,-0.14417958860575647,6-mer
TCGGAC,-0.7227153453117512,-0.45791333460838746,6-mer
TCGGAG,-0.14597062035095654,-0.03844643538864358,6-mer
TCGGTA,-0.4473787135401793,0.3917164250442249,6-mer
TCGGTT,-0.8824445662242033,0.18686545063085228,6-mer
TCGGTC,-0.7719618163187357,0.21792040441412486,6-mer
TCGGTG,0.45074156096052265,0.5936797178222651,6-mer
TCGGCA,0.15217291217762077,0.31364148370240164,6-mer
TCGGCT,-0.2968574692665176,0.6633963761703697,6-mer
TCGGCC,-0.12672813245095044,0.47731355426067595,6-mer
TCGGCG,0.6157346597582254,0.8615859713029052,6-mer
TCGGGA,0.1530220358664221,-0.2539130158652455,Inverted repeat
TCGGGT,-0.18942436472452304,0.17360534793026122,6-mer
TCGGGC,-0.237721210502284,0.2089664753862092,6-mer
TCGGGG,0.2924273618152537,0.10225005824795011,6-mer
TGAAAA,-0.07544846238340751,-0.07185028501967788,6-mer
TGAAAT,0.12806137173220358,0.2527660703799667,6-mer
TGAAAC,-0.22286075279353554,-0.018969236566589748,6-mer
TGAAAG,-0.2807081213704049,0.18727856819258032,6-mer
TGAATA,0.22293900025599506,-0.02680005934371519,6-mer
TGAATT,0.3969056156208077,0.11971355548854468,6-mer
TGAATC,-0.6069050536018332,0.04629365227393508,6-mer
TGAATG,-0.6731818963047655,-0.5455478196078126,6-mer
TGAACA,0.5753428104821027,-0.18318109814457906,Inverted repeat
TGAACT,0.5404378856780324,0.30400618689009984,6-mer
TGAACC,-0.7171298457132338,0.43228854232986785,6-mer
TGAACG,-0.11621398285629213,-0.5823954270173577,6-mer
TGAAGA,0.580826726151951,0.15200309344504997,6-mer
TGAAGT,0.568495289132386,-0.08988550351719506,6-mer
TGAAGC,-0.43786114391818604,-0.3473506917672691,6-mer
TGAAGG,-0.19440715787968713,-0.4319875682087814,6-mer
TGATAA,-0.388750807758568,-0.6195197227575245,6-mer
TGATAT,-0.16864203555883903,0.16664986940945153,6-mer
TGATAC,-0.7036069972197752,-0.26603689399531727,6-mer
TGATAG,-0.28808322676970993,0.09953567355091435,6-mer
TGATTA,-0.13070369164459356,-0.29698173775713144,6-mer
TGATTT,0.02137365079256692,0.6007298165794728,6-mer
TGATTC,-0.6287495753938918,-0.07550708792604532,6-mer
TGATTG,-0.6102266755212619,0.013005709824763356,6-mer
TGATCA,0.4489997692581764,0.8103866636355753,Palindromes
TGATCT,0.6240866575762487,0.7843530966959887,Inverted repeat
TGATCC,0.016246609527874423,0.3161688255986774,Inverted repeat
TGATCG,0.13865696822753198,0.5484457788814354,Inverted repeat
TGATGA,0.3291596641184383,0.23344315296310678,6-mer
TGATGT,0.4283799411154923,0.3719687773869579,6-mer
TGATGC,-0.12166555646623528,0.05684586040470976,6-mer
TGATGG,-0.011440262221350852,0.14359085362884977,6-mer
TGACAA,-0.35836847533978927,0.4877603416957919,6-mer
TGACAT,0.15838066321576666,0.02682378807571005,6-mer
TGACAC,-0.4360043914215851,-0.04372137742931786,6-mer
TGACAG,-0.9067958342014832,0.2724983856316106,6-mer
TGACTA,0.17338766906934353,-0.15285148808337073,6-mer
TGACTT,-0.016567849518488283,-0.26057875410748155,6-mer
TGACTC,-0.5519851782748834,-0.5553170389726315,6-mer
TGACTG,-1.0801703486839835,-0.3573617883819469,6-mer
TGACCA,0.4230523429230368,0.8520740716375819,Inverted repeat
TGACCT,0.44304141776432554,0.5765009219729601,6-mer
TGACCC,-0.037665620169447724,-0.03862129402730729,6-mer
TGACCG,0.14951628055337274,0.7404672828777586,6-mer
TGACGA,0.33320576843565863,0.7268235837455923,6-mer
TGACGT,0.616506220835925,-0.28992963289685414,6-mer
TGACGC,-0.16615503957504604,-0.4628180190774114,6-mer
TGACGG,0.0003419113751966045,0.09953567355091435,6-mer
TGAGAA,-0.48929205397226677,-0.09045495094550349,6-mer
TGAGAT,-0.0899109167239509,0.05578777818574692,6-mer
TGAGAC,-1.1587242269625322,-0.35440875885452755,6-mer
TGAGAG,-1.2347680776823626,-0.5220557491609643,6-mer
TGAGTA,0.09398403008719242,0.12815635149068205,6-mer
TGAGTT,0.3262078222645982,0.4379986477221549,6-mer
TGAGTC,-0.7058361622275877,-0.1507480302594255,6-mer
TGAGTG,-0.5664856032802774,-0.7249385101506118,6-mer
TGAGCA,0.749478205479755,-0.2585189247113009,Inverted repeat
TGAGCT,0.3001572061964717,0.47393118833241227,6-mer
TGAGCC,-0.3603056270544602,0.1312445332782526,6-mer
TGAGCG,-0.10514166032342355,-0.12090557756536338,6-mer
TGAGGA,0.38945208908437084,0.6109120911598093,6-mer
TGAGGT,0.11375098411348247,0.8152939548511656,6-mer
TGAGGC,-0.6719172921525128,-0.1894981613881962,6-mer
TGAGGG,-0.35008721580642976,-0.2085866218114173,6-mer
TGTAAA,-0.6458914993634878,-0.5224210346524434,6-mer
TGTAAT,-0.22291409736487264,-0.9634741239748862,6-mer
TGTAAC,-0.7402729037155653,-0.3046688945417575,6-mer
TGTAAG,-1.2353508471480794,-1.1141710199193111,6-mer
TGTATA,-0.4675493364399859,0.5907448533151621,6-mer
TGTATT,0.5221863569396332,-0.33628338786443246,6-mer
TGTATC,-0.28125816445270096,-0.16839753169571864,6-mer
TGTATG,-0.025042587053063135,-0.12217186999394407,6-mer
TGTACA,0.3178617079446934,-0.03644199596806017,Palindromes
TGTACT,0.6874969179019063,-0.30116953472056485,Inverted repeat
TGTACC,-0.4227279217996987,-0.1852792483193484,Inverted repeat
TGTACG,-0.01680603707828392,-0.30854906508616253,Inverted repeat
TGTAGA,0.6458486662256314,-0.30507617665071946,6-mer
TGTAGT,0.6706230993375102,0.3301486016923307,6-mer
TGTAGC,-0.19589531854173978,-0.16115479181458017,6-mer
TGTAGG,0.170523181415848,-0.5317824628619813,6-mer
TGTTAA,-0.31625934480067014,-0.36994960975030594,6-mer
TGTTAT,-0.5133704257481011,-0.5459683691052926,6-mer
TGTTAC,-0.45018582138670254,-0.1858665453113339,6-mer
TGTTAG,-0.4969592230378668,-0.1905219060494257,6-mer
TGTTTA,-0.1473066987802934,0.24951959935931223,6-mer
TGTTTT,0.008620482572344882,-0.11289405640593345,6-mer
TGTTTC,-0.28447493010730496,-0.23266075679027493,6-mer
TGTTTG,0.13349038093296864,0.32996541395278056,6-mer
TGTTCA,0.5049484160027947,-0.20387233336565005,Inverted repeat
TGTTCT,0.6553326439656314,0.5041753257244335,6-mer
TGTTCC,0.08438211088036603,-0.18261572337849602,6-mer
TGTTCG,0.41924821380644833,0.2034136236279722,6-mer
TGTTGA,0.7209674812308469,0.5604401815870871,6-mer
TGTTGT,0.6175935049611229,0.38332863955150565,6-mer
TGTTGC,0.3541977818445912,0.04035773761614088,6-mer
TGTTGG,0.43611631715534677,0.45091453560744027,6-mer
TGTCAA,-0.589024798371469,0.3307519452743683,6-mer
TGTCAT,0.03942117203533887,0.007926915771628849,6-mer
TGTCAC,-0.2835598031651926,0.22627585582367585,6-mer
TGTCAG,-0.763688687197604,0.24468509595490187,6-mer
TGTCTA,0.10214688700745235,0.3219280948873623,6-mer
TGTCTT,0.09464437491165964,0.1493339066690657,6-mer
TGTCTC,-0.7095501365858057,-0.49805443549799083,6-mer
TGTCTG,-0.6125387450735812,-0.0033127340408356707,6-mer
TGTCCA,0.6477495155244756,-0.07275634243531413,Inverted repeat
TGTCCT,0.6593427887182208,0.05850840529085929,6-mer
TGTCCC,0.009257484879569466,-0.6272130203844538,6-mer
TGTCCG,0.11584626227813799,0.12581916164139476,6-mer
TGTCGA,0.4684029913968321,0.5576062069740351,6-mer
TGTCGT,0.37099426753015646,-0.0477287304802259,6-mer
TGTCGC,-0.08014829435372635,0.140748467546023,6-mer
TGTCGG,0.2115885841012171,0.5032646822905792,6-mer
TGTGAA,-1.3185476171558206,-0.13527885863542105,6-mer
TGTGAT,-0.7236413361783653,0.19677296356507257,6-mer
TGTGAC,-0.9889922591133498,-0.0655235727195817,6-mer
TGTGAG,-1.2369979532853264,-0.14090610797077496,6-mer
TGTGTA,-0.5106244072765677,-0.24010800898428636,6-mer
TGTGTT,-0.20697268827148327,-0.1617510699966122,6-mer
TGTGTC,-0.7893435140732856,0.09461561128753007,6-mer
TGTGTG,-0.7745170220673754,-0.4964258261194987,6-mer
TGTGCA,0.15583924513877537,-0.13497912233438833,Inverted repeat
TGTGCT,0.16336774952419572,-0.0015504515633999,6-mer
TGTGCC,-0.5373767895552095,-0.15889095116733573,6-mer
TGTGCG,-0.2769022004295873,-0.7508524796583537,6-mer
TGTGGA,0.09270265950745234,-0.29278174922784583,6-mer
TGTGGT,-0.1326475067465169,0.28886039320169904,6-mer
TGTGGC,-0.5731543491120403,-0.0152477736989369,6-mer
TGTGGG,0.05381818301797817,-0.07474463698291436,6-mer
TGCAAA,-0.5471029568951371,-0.3006118636502702,6-mer
TGCAAT,-0.5551327225021964,-0.4455341000467293,6-mer
TGCAAC,-0.6347996106890145,-0.32315539827136464,6-mer
TGCAAG,-0.6599621339676536,-0.5425272344007597,6-mer
TGCATA,-0.3684448049750723,-0.42732387260667354,6-mer
TGCATT,-0.4142858998657055,-0.16943168803662034,6-mer
TGCATC,-0.5604935051272567,-0.002402490215304543,6-mer
TGCATG,-0.4626008576371604,-0.84799690655495,6-mer
TGCACA,0.038579677405852955,-0.09833292646925713,Inverted repeat
TGCACT,-0.12575535036337016,-0.051225323355173026,6-mer
TGCACC,-0.13384670613094793,-0.03381828366162164,6-mer
TGCACG,0.0003945023379489191,-0.7452196953788626,6-mer
TGCAGA,0.06619716106255848,0.24641145803312833,6-mer
TGCAGT,-0.016158702752684086,0.006355495039823535,6-mer
TGCAGC,0.18029988752256748,-0.09340212936781063,6-mer
TGCAGG,0.4287682151409524,-0.555389385337809,6-mer
TGCTAA,-0.3005091112524567,0.10205127146969721,6-mer
TGCTAT,-0.8559021046402963,-0.2496138900714721,6-mer
TGCTAC,-0.8563714762901375,-0.03144304765088103,6-mer
TGCTAG,-0.36533623450599656,0.18442457113742758,6-mer
TGCTTA,0.09848452957662593,-0.31667236943586696,6-mer
TGCTTT,-0.4642810182986931,-0.22964823733924714,6-mer
TGCTTC,-0.9588837267902117,-0.5820000868652946,6-mer
TGCTTG,-0.36337987588086273,-0.24236083756904397,6-mer
TGCTCA,0.7964232526326903,0.09310940439148137,Inverted repeat
TGCTCT,0.13599232070579792,-0.4376389282159765,6-mer
TGCTCC,-0.2882179212264123,-0.6003572585154541,6-mer
TGCTCG,0.6616744379467392,0.4988725881650928,6-mer
TGCTGA,0.42909902778458264,0.6307661903342808,6-mer
TGCTGT,0.4041437819854871,0.5018481065085657,6-mer
TGCTGC,0.5035191137375971,-0.042644337408493826,6-mer
TGCTGG,0.7954127485995698,0.7474579679838484,6-mer
TGCCAA,-0.5108293978019829,-0.02573756141360825,6-mer
TGCCAT,-0.5653225598753071,-0.4387417598701123,6-mer
TGCCAC,-0.45852282214930296,-0.37228351288052824,6-mer
TGCCAG,-0.4481170907395965,0.09504720863297411,6-mer
TGCCTA,-0.16504546819839297,0.23319917629303075,6-mer
TGCCTT,-0.22003289952175428,0.07038932789139794,6-mer
TGCCTC,-0.9164203313241854,-0.5109619192773794,6-mer
TGCCTG,-0.7345265487147888,-0.08551807118605699,6-mer
TGCCCA,0.4975732964165704,0.2881253867966243,Inverted repeat
TGCCCT,0.43016198883730844,-0.055261773770122,6-mer
TGCCCC,-0.1568135520231905,-0.6263073817200502,6-mer
TGCCCG,0.273072425059223,0.07202602540454,6-mer
TGCCGA,0.24518574139620736,0.5446634027473228,6-mer
TGCCGT,0.21354290302902518,-0.12483711191377414,6-mer
TGCCGC,0.20847909666823025,0.19980143252625066,6-mer
TGCCGG,0.17798165519583073,0.37232347823998957,6-mer
TGCGAA,-0.9121972879151021,-0.17434029193030645,6-mer
TGCGAT,-0.8160457507771598,0.1553465365194202,6-mer
TGCGAC,-0.7074187714469736,-0.34005682605763854,6-mer
TGCGAG,-0.8313804687008188,-0.5712794576344802,6-mer
TGCGTA,-0.13815265538783303,-0.3785116232537298,6-mer
TGCGTT,-0.14557048509564532,-0.5231390230278767,6-mer
TGCGTC,-0.615701391450806,-0.30752134180635515,6-mer
TGCGTG,-0.40965500616072276,-0.6171325063820641,6-mer
TGCGCA,0.5148773356702446,-0.5229724650359856,Palindromes
TGCGCT,0.26249618719636747,-0.09310940439148137,Inverted repeat
TGCGCC,-0.06494277119033522,-0.10273810558925822,Inverted repeat
TGCGCG,0.1911057021366965,-0.6113154761600602,Inverted repeat
TGCGGA,-0.05853118128834679,-0.22481508360330377,6-mer
TGCGGT,-0.09034965911289003,0.27753397552890896,6-mer
TGCGGC,-0.019553278672584707,0.10841382489736737,6-mer
TGCGGG,0.37456722535203457,-0.06159843164626386,6-mer
TGGAAA,0.5108079813732157,0.051974275113777786,6-mer
TGGAAT,0.46345267052814765,-0.4490238435205919,6-mer
TGGAAC,-0.10845555472494271,-0.5161752774262596,6-mer
TGGAAG,0.2618760797652353,-0.45191756497999036,6-mer
TGGATA,0.22085845517291097,0.3393732293467716,6-mer
TGGATT,0.25202179873761194,0.03989272712351243,6-mer
TGGATC,-0.3169499513610738,-0.008896400488396133,6-mer
TGGATG,0.06836614725257051,-0.33093847033559753,6-mer
TGGACA,0.6231325987540737,-0.4201084888262658,Inverted repeat
TGGACT,0.28269515305066434,-0.7295654168544278,6-mer
TGGACC,-0.2163399755948821,-0.060704862820592155,6-mer
TGGACG,0.19377409459651126,-0.43897960396192975,6-mer
TGGAGA,0.4810415774956022,-1.5794029753792558,6-mer
TGGAGT,0.5057985180607761,-0.22172743167688003,6-mer
TGGAGC,-0.09017450492859598,-0.538364912018497,6-mer
TGGAGG,0.05047844502779357,-0.39121148555259094,6-mer
TGGTAA,0.13618257596265096,0.2617234606814467,6-mer
TGGTAT,-0.06175577452851621,-0.1124747292584125,6-mer
TGGTAC,-0.777710993956302,0.1572684096576919,6-mer
TGGTAG,0.09028166465127205,0.3578935921752351,6-mer
TGGTTA,-0.10504431423658037,-0.06871275008401408,6-mer
TGGTTT,-0.3931157161655178,0.27810185392273556,6-mer
TGGTTC,-0.9350559143412421,0.05589120089204516,6-mer
TGGTTG,-0.5596549586355962,0.38574319248480576,6-mer
TGGTCA,0.3576100428153557,0.7751849163966963,Inverted repeat
TGGTCT,-0.08593911240891162,-0.033337183874112566,6-mer
TGGTCC,-0.6190113963170574,-0.16881906421614304,6-mer
TGGTCG,0.03716624653560292,0.6169574249992534,6-mer
TGGTGA,0.47354383565431973,0.578083692335651,6-mer
TGGTGT,0.543434565664231,0.6641027208066502,6-mer
TGGTGC,0.1558217696843163,0.3880704516785745,6-mer
TGGTGG,0.390246236825638,0.6355635619579929,6-mer
TGGCAA,-0.3673449962230466,0.3727523539650447,6-mer
TGGCAT,-0.2926447996771344,-0.42809365210428996,6-mer
TGGCAC,-0.6214698488656429,-0.39122267500328356,6-mer
TGGCAG,-0.4642414972796136,0.29800603407626547,6-mer
TGGCTA,-0.15894524599604512,0.7584987557158474,6-mer
TGGCTT,-0.4846494711296181,0.25828283285721704,6-mer
TGGCTC,-0.6902110609051075,-0.14684138832927107,6-mer
TGGCTG,-0.381121157371156,0.40970405497580314,6-mer
TGGCCA,0.3999409390489354,0.8599271166379319,Palindromes
TGGCCT,0.07410678300007548,0.28268646329451164,Inverted repeat
TGGCCC,-0.25563209024953215,-0.3726972273094722,Inverted repeat
TGGCCG,0.24344444620939198,0.6487849584630832,Inverted repeat
TGGCGA,-0.008880366836571823,0.2480922140591977,6-mer
TGGCGT,0.20207765435206973,0.20780488511340164,6-mer
TGGCGC,-0.022562459761564718,-0.19439548892864367,6-mer
TGGCGG,0.1291654107298645,0.4420201461961978,6-mer
TGGGAA,0.12292549382649504,-0.46785419772229175,6-mer
TGGGAT,-0.08055027830223005,-0.15806484623225117,6-mer
TGGGAC,-0.3065563920609578,-0.8875252707415874,6-mer
TGGGAG,0.08738374829558201,-0.30121759972168183,6-mer
TGGGTA,0.13482193368254994,0.6068551065699983,6-mer
TGGGTT,-0.32896119829946696,0.21657509474113362,6-mer
TGGGTC,-0.5810608250419942,0.11775353149213946,6-mer
TGGGTG,0.29729010823408053,0.4091390909697601,6-mer
TGGGCA,0.42420362467091804,0.3229955718438623,Inverted repeat
TGGGCT,-0.2109013443729581,0.12725196196693359,6-mer
TGGGCC,-0.20925661441199248,-0.13896818889186682,6-mer
TGGGCG,0.33375506096989765,0.10198235544077011,6-mer
TGGGGA,0.21145053912082531,-0.8894416248523017,6-mer
TGGGGT,0.08749237270107635,0.06354399518815808,6-mer
TGGGGC,-0.1115044752442435,-0.2907433897018366,6-mer
TGGGGG,0.03924994173908488,-0.5926705958564196,6-mer
CAAAAA,0.1704220784676922,-0.12458763586464947,6-mer
CAAAAT,-0.024931230497421308,0.33257533908687087,6-mer
CAAAAC,-0.3400516233225029,0.27978924414651307,6-mer
CAAAAG,-0.4537515200509539,0.22881869049588074,6-mer
CAAATA,0.3602945346844117,0.56808868215676,6-mer
CAAATT,-0.5271663355249229,0.22194721379059437,6-mer
CAAATC,-0.41104909085075986,-0.0769619818148841,6-mer
CAAATG,-0.6317640998199711,-0.17474787341583883,Inverted repeat
CAAACA,0.13448361199078246,0.21082173789193337,6-mer
CAAACT,0.28463422850028636,0.3598959450863829,6-mer
CAAACC,-0.1828185599000586,0.6208159483766564,6-mer
CAAACG,-0.26338284081698465,-0.20219884846525554,6-mer
CAAAGA,0.5460228114548109,-0.2606751329598715,6-mer
CAAAGT,0.14916872113673632,0.18026694566377138,6-mer
CAAAGC,-0.06178754956891385,-0.14147242595288043,6-mer
CAAAGG,-0.11492908099963042,-0.17730453180790992,6-mer
CAATAA,0.11727115508992558,-0.4582906972327277,6-mer
CAATAT,0.6233238668677605,0.5100996962504506,6-mer
CAATAC,0.5098848656282251,-0.11451188112370551,6-mer
CAATAG,0.0019509063701612392,0.18175043683910175,6-mer
CAATTA,-0.09310940439148137,-0.2255597004151309,Inverted repeat
CAATTT,0.02180437031834833,0.36392218355198946,Inverted repeat
CAATTC,0.300422094621416,0.13338741527770287,Inverted repeat
CAATTG,-0.19277419164928708,-0.18634688326845583,Palindromes
CAATCA,-0.5972196134600042,0.23353297894164832,6-mer
CAATCT,-0.00931375113962955,0.15888947903028977,6-mer
CAATCC,0.06112585897025559,-0.04774058894619766,6-mer
CAATCG,-0.8789579883568781,-0.1680378918980468,6-mer
CAATGA,-0.07621478557562852,-0.2044397519229456,6-mer
CAATGT,0.3611252169295504,-0.05384559470302529,6-mer
CAATGC,0.28423789893885615,0.12345655384600034,6-mer
CAATGG,-0.14043956147838677,-0.40567208105516545,6-mer
CAACAA,0.4260529651878139,0.60161374127132,6-mer
CAACAT,0.528510001376348,0.21220249322181894,6-mer
CAACAC,0.6076913792678026,0.06648502225899285,6-mer
CAACAG,0.2980916538140087,0.25623046232068647,6-mer
CAACTA,0.2604228287742646,0.7851216323208589,6-mer
CAACTT,0.36055486039397244,0.1426043954428004,6-mer
CAACTC,0.7117504965243683,0.22560197781233812,6-mer
CAACTG,-0.0905800460506701,0.2263282041986846,Inverted repeat
CAACCA,-0.46901837999311413,0.7059386985455819,6-mer
CAACCT,0.043852475838033006,0.30162111156700355,6-mer
CAACCC,0.049307640224370265,0.21990715794685356,6-mer
CAACCG,-0.7044479592410882,0.6050369408841966,6-mer
CAACGA,0.252707464144737,0.20134914682325633,6-mer
CAACGT,0.49739424168984203,-0.02405602534356317,6-mer
CAACGC,0.5148039855717736,0.20848236577430812,6-mer
CAACGG,0.13164958223934192,0.35894293720791753,6-mer
CAAGAA,0.6344180300831865,0.49460475659716197,6-mer
CAAGAT,0.41616651593295945,0.06287720297206621,6-mer
CAAGAC,0.34119477056687153,0.03416660315119174,6-mer
CAAGAG,-0.4267624588643766,-0.8893808273200694,6-mer
CAAGTA,0.308958428274287,-0.11313897535073499,6-mer
CAAGTT,0.045448157988616955,-0.21364637887163015,6-mer
CAAGTC,0.09290258121846724,-0.21034151199360454,6-mer
CAAGTG,-0.6634959032678456,-0.3388964203491024,Inverted repeat
CAAGCA,-0.1914567409513417,-0.06698433447486858,6-mer
CAAGCT,0.0654222568935087,0.34103691783506684,6-mer
CAAGCC,-0.32467749622252845,0.20328359838874338,6-mer
CAAGCG,-0.666736123625244,0.010399288460625877,6-mer
CAAGGA,0.4351675710711237,0.4263973614433914,6-mer
CAAGGT,0.3283712898620109,0.041820175694627204,6-mer
CAAGGC,0.05038935681840417,-0.3774543164706875,6-mer
CAAGGG,0.005084737683606857,-0.5189493997674172,6-mer
CATAAA,0.23184296565504464,-0.41953889151378465,6-mer
CATAAT,-0.4203317989483568,-0.6615837823240688,6-mer
CATAAC,-0.2925988633759321,-0.5239009749848774,6-mer
CATAAG,-0.4843301376146649,-0.49910176406731815,6-mer
CATATA,-0.25403440758284196,-0.22032995487955542,Inverted repeat
CATATT,0.1283694369413152,-0.2500953501262955,Inverted repeat
CATATC,-0.24312924507672776,0.1346210152168134,Inverted repeat
CATATG,-0.4624061026185272,-0.5621526178130704,Palindromes
CATACA,0.001718517226299506,-0.5545888516776374,6-mer
CATACT,-0.3227077193542619,-0.42371725497125734,6-mer
CATACC,-0.12391369705829014,0.01894156365346038,6-mer
CATACG,-0.3675843626251722,-0.4610701140330511,6-mer
CATAGA,0.31368624154523067,-0.2630344058337938,6-mer
CATAGT,-0.08946899105211835,-0.3037807481771029,6-mer
CATAGC,-0.21209619930241674,0.4395537788858752,6-mer
CATAGG,0.15480989402082332,0.010530667492169415,6-mer
CATTAA,0.09861588069802506,-0.6066575718204751,6-mer
CATTAT,-0.3475164711458934,-0.38670877622034927,6-mer
CATTAC,0.48256811743523215,-0.6639138421159781,6-mer
CATTAG,-0.30636183749789464,-0.1524152331538631,6-mer
CATTTA,-0.2569083030369523,-0.34709867062226835,6-mer
CATTTT,0.18607242401890955,-0.14603179513131984,6-mer
CATTTC,0.2558827600081773,0.23154185843025693,6-mer
CATTTG,-0.30471243708366413,-0.5051777833778737,Inverted repeat
CATTCA,-0.5921134201491545,-0.6981731111691472,6-mer
CATTCT,-0.07885542071123954,-0.3001237245690138,6-mer
CATTCC,0.3102440896452195,-0.8452304722635737,6-mer
CATTCG,-0.4403527493495851,-0.298548692446732,6-mer
CATTGA,0.12172052650900717,-0.1547585538480299,6-mer
CATTGT,-0.06034290569063828,-0.021695071099318976,6-mer
CATTGC,0.22356992566185346,-0.13750352374993496,6-mer
CATTGG,-0.22628556480693948,-0.3103401206121505,6-mer
CATCAA,0.2259129593204697,0.17265360275492994,6-mer
CATCAT,0.11051451299766007,-0.22006830477923028,6-mer
CATCAC,0.2962637912632043,-0.10920338051178219,6-mer
CATCAG,-0.17334718714937533,0.4629181956099945,6-mer
CATCTA,0.2712141303165057,-0.5322210386491829,6-mer
CATCTT,0.49515483304197844,-0.21320324988178738,6-mer
CATCTC,0.3616153011134961,-0.2286829010430167,6-mer
CATCTG,-0.16776162765465172,0.2630344058337938,Inverted repeat
CATCCA,-0.07517766022438817,-0.10165007609443469,6-mer
CATCCT,0.4215442782204282,0.10591800668248526,6-mer
CATCCC,0.2618561309626084,-0.5081469036703253,6-mer
CATCCG,-0.20066623386488405,-0.43929765644104063,6-mer
CATCGA,0.43899976708121075,0.8362892469891486,6-mer
CATCGT,0.07976677674455296,0.5009734330889306,6-mer
CATCGC,0.1125997884241436,0.31183927726377847,6-mer
CATCGG,-0.09370695749233754,0.3087172211608196,6-mer
CATGAA,-0.06279726834351179,-0.4450947331350235,6-mer
CATGAT,-0.0675845030756632,0.04155827226450065,6-mer
CATGAC,-0.3180862373954917,-0.48428137650197955,6-mer
CATGAG,-0.42266251802190224,-0.38911415421336876,6-mer
CATGTA,-0.09251606897662466,-0.9113228419237794,6-mer
CATGTT,0.24604031494291384,-0.2243539376697338,6-mer
CATGTC,0.09247228102834579,-0.0599821048282323,6-mer
CATGTG,-0.5073848418602246,-0.5731853329448027,Inverted repeat
CATGCA,-0.39345063707069783,-0.8283680998060177,6-mer
CATGCT,0.07643321116540355,-0.22286075279353554,6-mer
CATGCC,-0.11230750277370578,-0.4821775126415358,6-mer
CATGCG,-0.6090214470537287,-0.9736961605875194,6-mer
CATGGA,-0.1484463480646201,-0.9259994185562233,6-mer
CATGGT,-0.10106123618574346,-0.041055068262770264,6-mer
CATGGC,-0.2510429369283783,-0.1471860771472742,6-mer
CATGGG,-0.2933254443693435,-0.7694765385443517,6-mer
CACAAA,-0.08001226532927078,-0.057285740617217716,6-mer
CACAAT,-0.08509759063488623,-0.20259855197181975,6-mer
CACAAC,-0.3045814120287746,0.09224835092462681,6-mer
CACAAG,-0.7505688959660266,-0.48832671767603636,6-mer
CACATA,0.34107189268424004,-0.08133962745193865,6-mer
CACATT,0.18628491316295528,-0.08557573170607413,6-mer
CACATC,0.06174875176931453,0.2233877266818154,6-mer
CACATG,-0.5141980233475808,-0.9606257616658554,Inverted repeat
CACACA,-0.6145282474077006,-0.5883934061214297,6-mer
CACACT,-0.28267991846623397,-0.1932967507868222,6-mer
CACACC,0.22781629584663943,0.35359932612678396,6-mer
CACACG,-1.005998740621443,-0.8795669855558198,6-mer
CACAGA,-0.9598664825828652,-0.5925756848310314,6-mer
CACAGT,-0.7299756621588573,-0.12832409697553934,6-mer
CACAGC,-0.605539783631839,0.2940490623119256,6-mer
CACAGG,-0.9652147016549361,-0.35388783628490744,6-mer
CACTAA,0.07400058144377696,-0.577545029158673,6-mer
CACTAT,-0.06894229162074783,-0.10886347570603347,6-mer
CACTAC,0.15413725809590248,0.05570943258628747,6-mer
CACTAG,-0.32268720831760406,0.30646497749955803,6-mer
CACTTA,-0.2154163856010542,-0.5923420310867539,6-mer
CACTTT,-0.08585545929607064,0.13113191511021657,6-mer
CACTTC,0.16781870609405208,-0.16950857914446116,6-mer
CACTTG,-0.49835637782449665,-0.6627075954604583,Inverted repeat
CACTCA,-0.4422223286050742,-0.6976120915082828,6-mer
CACTCT,-0.599990709953488,-0.5829573648307794,6-mer
CACTCC,0.02210701879978907,-0.8655695360029,6-mer
CACTCG,-0.5369527661908902,-0.17814550824728084,6-mer
CACTGA,-0.3976312226752282,0.10713282139047292,6-mer
CACTGT,-0.30509248317234344,-0.13251437166225952,6-mer
CACTGC,-0.10261143838029509,-0.020326801104376135,6-mer
CACTGG,-0.12416920662563387,-0.2887349161651438,6-mer
CACCAA,0.22814272943296926,0.6414429831219151,6-mer
CACCAT,0.3102370088888629,0.546101255031531,6-mer
CACCAC,0.4863287934646345,0.3410810376240851,6-mer
CACCAG,0.2154013213185114,0.6403756210397628,6-mer
CACCTA,0.29345039431122916,0.5814480165449194,6-mer
CACCTT,0.523544943244106,0.13258563961780928,6-mer
CACCTC,0.4656763577213179,0.5928246184941265,6-mer
CACCTG,0.029617367098236907,0.21230360371286428,Inverted repeat
CACCCA,0.28810457287964586,0.2005179217136853,6-mer
CACCCT,0.43475135265726067,-0.009495911373863353,6-mer
CACCCC,0.452792421274262,-0.2235832551150701,6-mer
CACCCG,0.11756959638117587,0.2602890290949763,6-mer
CACCGA,0.46832168125072526,0.7245818697103739,6-mer
CACCGT,0.4442352293716422,0.3979639859199024,6-mer
CACCGC,0.36816556575000514,0.5346726026593244,6-mer
CACCGG,0.30323227918683243,0.6331560104241499,6-mer
CACGAA,-0.26169795827097986,-0.3892115119109385,6-mer
CACGAT,-0.10892348735487666,0.2534483570045959,6-mer
CACGAC,-0.30168628454943275,-0.16197434373994096,6-mer
CACGAG,-0.7361021849764786,-0.785906901882039,6-mer
CACGTA,-0.04809428820104503,-0.49604794292681414,Inverted repeat
CACGTT,0.26201788647457214,0.05332950240612664,Inverted repeat
CACGTC,0.3075769712418615,-0.3392874390089493,Inverted repeat
CACGTG,-0.6822623320892439,-1.161223785623488,Palindromes
CACGCA,-0.39499494642608013,-0.539095491963827,6-mer
CACGCT,0.11802197435696911,-0.10496955960154247,6-mer
CACGCC,-0.061631443863623396,0.0687897251960682,6-mer
CACGCG,-0.8867190861766461,-0.9904772258814935,6-mer
CACGGA,-0.7964601387359432,-0.9479053213664029,6-mer
CACGGT,-0.08145782100741573,-0.08767767187256478,6-mer
CACGGC,-0.34485459125641194,-0.2134523769832334,6-mer
CACGGG,-0.6560034818333039,-0.9430441151879242,6-mer
CAGAAA,0.10055632802637378,0.08195559591679338,6-mer
CAGAAT,0.010153245634977319,0.13933668160888915,6-mer
CAGAAC,-0.3224102522051311,-0.05386687197873574,6-mer
CAGAAG,-0.3572847316298449,-0.2163179069267634,6-mer
CAGATA,0.7268210367606631,0.4854268271702417,6-mer
CAGATT,0.15729011737723644,0.027151606259966873,6-mer
CAGATC,0.33079229177503733,0.5102558777149796,6-mer
CAGATG,-0.18369544626970669,-0.027425744139385352,Inverted repeat
CAGACA,-0.7102454757606919,0.041202363234587105,6-mer
CAGACT,-0.6917777742475965,-0.10485273745961964,6-mer
CAGACC,-0.16629418674958837,0.12314823077286462,6-mer
CAGACG,-0.6277422480014293,-0.015844278064778495,6-mer
CAGAGA,-0.9275970876462895,-0.19237985227000823,6-mer
CAGAGT,-0.43174450611724724,-0.3013044227615112,6-mer
CAGAGC,-0.5355991987717537,-0.6120307439193269,6-mer
CAGAGG,-1.2351474480825526,-0.8411885171334794,6-mer
CAGTAA,-0.5726841709427194,0.4365706608284853,6-mer
CAGTAT,-0.4160015454496239,0.590124205836935,6-mer
CAGTAC,0.24745385159280064,0.4948437024038264,6-mer
CAGTAG,-0.18341935880529342,-0.03777665080295651,6-mer
CAGTTA,-0.31927851647341293,0.23635236318128816,6-mer
CAGTTT,0.028418549037036073,0.14426744466544467,6-mer
CAGTTC,0.5632012836080229,0.044726357126974516,6-mer
CAGTTG,-0.15607832600060967,0.03652587602511375,Inverted repeat
CAGTCA,-1.0608260589087626,-0.40053792958372875,6-mer
CAGTCT,-1.0053450678324976,-0.5621526178130701,6-mer
CAGTCC,-0.07615344149475417,-0.546876724268868,6-mer
CAGTCG,-0.7480017783408117,-0.15833702716710038,6-mer
CAGTGA,-0.41541511871324394,0.23684659399759425,6-mer
CAGTGT,-0.17821297276789858,-0.23266075679027493,6-mer
CAGTGC,-0.029497447282533333,-0.3983700929010186,6-mer
CAGTGG,-0.33887952682607714,-0.07619962588139892,6-mer
CAGCAA,0.3560434523217955,0.5330695164471475,6-mer
CAGCAT,0.2860793612445624,0.05284243810287279,6-mer
CAGCAC,0.71755307791333,0.5145731728297582,6-mer
CAGCAG,0.6607334898174834,0.5686285896270862,6-mer
CAGCTA,-0.08972138372395864,0.7614879133002751,Inverted repeat
CAGCTT,0.19125184264252973,0.3417036636486852,Inverted repeat
CAGCTC,0.6186048748948222,0.3482532885637602,Inverted repeat
CAGCTG,0.14292144358354372,0.6693874843615883,Palindromes
CAGCCA,-0.3648652514642345,0.3957267454691833,6-mer
CAGCCT,-0.5862779282487038,0.3330686524925626,6-mer
CAGCCC,0.02839799514171345,0.24276855736823225,6-mer
CAGCCG,-0.38722405459030335,0.5106687183738423,6-mer
CAGCGA,0.03938801219685287,0.3882892004532395,6-mer
CAGCGT,0.32235896877907233,0.04132105960561878,6-mer
CAGCGC,0.5516987906593325,0.2278430352646488,6-mer
CAGCGG,0.015566648907455597,0.5270838112985063,6-mer
CAGGAA,0.7411994784694262,-0.1717050078875981,6-mer
CAGGAT,0.5367869796622619,0.6259342817774622,6-mer
CAGGAC,0.059045495760804874,-0.10765771296063653,6-mer
CAGGAG,0.06738585147123806,0.005454430092108169,6-mer
CAGGTA,0.5631170247877954,0.5774873801590096,6-mer
CAGGTT,0.10589801264120803,0.5689501827325252,6-mer
CAGGTC,0.3012121178472638,0.4699985609161297,6-mer
CAGGTG,0.056867864614929126,0.2689274752108545,Inverted repeat
CAGGCA,-0.8175723517390898,0.17270208611288612,6-mer
CAGGCT,-0.33286686285087574,0.5145731728297582,6-mer
CAGGCC,0.07538382479591128,-0.09854036820554704,6-mer
CAGGCG,-0.4751173849866751,-0.2784264562507758,6-mer
CAGGGA,-0.5269793166147476,-0.7738580100695169,6-mer
CAGGGT,0.13251569619324233,0.17852396969774306,6-mer
CAGGGC,0.12567975933912637,-0.06448872645171368,6-mer
CAGGGG,-0.5021055683168723,-0.9844591491042216,6-mer
CTAAAA,-0.2544212755290858,-0.04064198449734588,6-mer
CTAAAT,-0.31917748387132755,-0.6295280531546007,6-mer
CTAAAC,0.14312494209859725,0.24716032648539007,6-mer
CTAAAG,0.22869061601038798,-0.19077831679228324,Inverted repeat
CTAATA,-0.6578940231750073,-0.34103691783506696,6-mer
CTAATT,-0.45943161863729726,0.41778811029487867,6-mer
CTAATC,-0.1186444964986189,-0.3110671022555955,6-mer
CTAATG,0.11283249616437215,-0.5706428294040893,6-mer
CTAACA,-0.44701670380991293,0.18516995738024924,6-mer
CTAACT,-0.1092491070467344,0.1835140661902675,6-mer
CTAACC,-0.3095858265899467,0.7976918247068844,6-mer
CTAACG,-0.36069301419002187,0.07189291848178564,6-mer
CTAAGA,-0.7067077730735254,0.06454025219471063,6-mer
CTAAGT,-0.3173408253917105,-0.1788739581697953,6-mer
CTAAGC,-0.5056047091078719,-0.18957224389277286,6-mer
CTAAGG,-0.10761236387359371,-0.325530331567558,6-mer
CTATAA,0.2985955910567385,-0.632268215499513,Inverted repeat
CTATAT,0.09148800817261758,-0.4205756828202737,Inverted repeat
CTATAC,-0.2547904117388853,0.311358853177175,Inverted repeat
CTATAG,-0.33892617123925944,0.1699250014423123,Palindromes
CTATTA,0.33463914663691613,-0.8875252707415874,6-mer
CTATTT,0.46859774402937154,0.4344028241457749,6-mer
CTATTC,0.20127063836174616,0.04285547896179737,6-mer
CTATTG,-0.20313370020783125,0.6731896837328913,6-mer
CTATCA,-0.3425066697982362,-0.45768183668733764,6-mer
CTATCT,0.6237288353853938,0.09806428633424603,6-mer
CTATCC,0.07063808986130281,0.4780472968046441,6-mer
CTATCG,-0.584451721802424,0.1759487890700822,6-mer
CTATGA,-0.09469740129467356,-0.04503375361450358,6-mer
CTATGT,0.4983325318225475,0.20524511472202925,6-mer
CTATGC,-0.10746469736855142,-0.26099526056019534,6-mer
CTATGG,-0.42265377505144625,-0.12737930647622753,6-mer
CTACAA,0.2675607847203066,-0.02633414781346253,6-mer
CTACAT,0.46705046544900863,-0.3013044227615112,6-mer
CTACAC,0.4061223997193655,0.017594060014738122,6-mer
CTACAG,-0.4016432150508537,-0.1768777620840792,Inverted repeat
CTACTA,0.41105921616458796,1.2296695870353738,6-mer
CTACTT,0.7946810920224938,0.48609800421928084,6-mer
CTACTC,0.37670938061974424,0.09650798085334633,6-mer
CTACTG,-0.28398480099068696,0.24032987570024122,6-mer
CTACCA,0.051247084856338936,0.8038308993071606,6-mer
CTACCT,0.6990703671098799,0.5756846871331454,6-mer
CTACCC,0.1501184491001071,0.3219280948873623,6-mer
CTACCG,-0.16400711134759474,0.8681398839972171,6-mer
CTACGA,0.3814146159992667,0.6792500963099186,6-mer
CTACGT,0.5061228582284789,0.14484330187218372,6-mer
CTACGC,0.159638881834386,0.22979525405120113,6-mer
CTACGG,0.08944581215445475,0.16974467583231712,6-mer
CTAGAA,-0.45110675398636546,0.36040224270199794,6-mer
CTAGAT,-0.46814883573840593,-0.04128820849063162,6-mer
CTAGAC,-0.3148368360683619,0.10691520391651183,6-mer
CTAGAG,-0.17080711399861623,-0.4068701784074454,Inverted repeat
CTAGTA,-0.8612937291684081,-0.04325319795388373,6-mer
CTAGTT,-0.7447761861961797,0.493040011280117,6-mer
CTAGTC,-0.41269355881054465,0.05589120089204516,6-mer
CTAGTG,-0.21912128789849156,0.30339214344993465,6-mer
CTAGCA,-0.21743753939368327,0.6432707992043523,6-mer
CTAGCT,-0.43119679857684634,0.2233000621596465,6-mer
CTAGCC,-0.1312445332782526,0.6550744139321706,6-mer
CTAGCG,-0.2019189505967,0.19570163637573434,6-mer
CTAGGA,-0.48746597244384027,-0.307012102894396,6-mer
CTAGGT,-0.35049724708413316,0.391190757324476,6-mer
CTAGGC,-0.519500285337563,0.1190728183427474,6-mer
CTAGGG,-0.3145106233248792,0.066427361738976,6-mer
CTTAAA,-0.15723974181119693,-0.8639384504239718,Inverted repeat
CTTAAT,-0.24100809950379493,-0.8132314883942734,Inverted repeat
CTTAAC,0.059220423295909104,-1.2053189079775066,Inverted repeat
CTTAAG,0.46583750628607573,-0.018496343617389395,Palindromes
CTTATA,-0.765534746362977,-0.3575520046180836,6-mer
CTTATT,0.09953567355091435,-0.1901838404261123,6-mer
CTTATC,0.0016883501527695983,-0.13750352374993496,6-mer
CTTATG,-0.4673929043399802,-0.12014236308849738,6-mer
CTTACA,-1.1681752194923525,-0.878211519601958,6-mer
CTTACT,-0.13750352374993496,-0.004646364856364979,6-mer
CTTACC,0.25035816542362466,0.22203886293720546,6-mer
CTTACG,-0.11345804978328383,-0.5980186535466023,6-mer
CTTAGA,-1.1196702306626167,-0.5336819957774629,6-mer
CTTAGT,-1.137503523749935,-0.8898170822495771,6-mer
CTTAGC,-0.14528087434165418,0.05736621930697483,6-mer
CTTAGG,-0.5464278993021666,-0.3375813591988478,6-mer
CTTTAA,0.4039823107698481,-0.6380738371807186,6-mer
CTTTAT,0.37301902861573893,0.11103131238874395,6-mer
CTTTAC,0.23339142028570492,-0.8210298589546807,6-mer
CTTTAG,0.2363952807354224,-0.49825086752782527,Inverted repeat
CTTTTA,-0.49375810176219626,-0.34645041402143123,6-mer
CTTTTT,0.42185416082082083,-0.36806987653208284,6-mer
CTTTTC,0.25443865750175926,-0.07163787408865677,6-mer
CTTTTG,-0.4228570037381429,-0.07260374895683998,6-mer
CTTTCA,-0.45483850733681874,-0.08900500605874494,6-mer
CTTTCT,0.3703684499451155,0.4443396351270424,6-mer
CTTTCC,0.17746794210494585,0.12781362787797892,6-mer
CTTTCG,-0.5499405409791254,0.2282689876731172,6-mer
CTTTGA,0.28038583264417866,-0.04391711653020693,6-mer
CTTTGT,0.06037261797948184,0.14729609076752234,6-mer
CTTTGC,0.13498212866798218,0.11433267547899474,6-mer
CTTTGG,-0.1837944848529055,-0.16210549698301288,6-mer
CTTCAA,-0.053511784748387824,-0.6094155444456951,6-mer
CTTCAT,0.22701116083419265,-0.258217389536018,6-mer
CTTCAC,-0.01973621806126211,0.1811494391045664,6-mer
CTTCAG,-0.3620479368948404,-0.043577818541603974,Inverted repeat
CTTCTA,0.6397437864535381,-0.5360529002402096,6-mer
CTTCTT,1.058604252792012,0.3283831170246615,6-mer
CTTCTC,0.5970732194183741,-0.061654517913789314,6-mer
CTTCTG,-0.2660244484396054,-0.47635894665187417,6-mer
CTTCCA,0.21759143507262685,-0.013227159171985543,6-mer
CTTCCT,0.6623670044067628,0.40275916950040713,6-mer
CTTCCC,0.28635662677133517,-0.23070012902638276,6-mer
CTTCCG,-0.5527971606310293,-0.24403156210018898,6-mer
CTTCGA,0.22255456744967153,0.29289904627583024,6-mer
CTTCGT,0.018654712652147243,-0.06054154193505072,6-mer
CTTCGC,-0.26871483099698795,-0.10824222688993611,6-mer
CTTCGG,0.05867948899799419,0.17946514706866562,6-mer
CTTGAA,-0.3975197380208143,-0.6680182404487147,6-mer
CTTGAT,0.053457262156560104,0.5772544055858932,6-mer
CTTGAC,0.1612610613061463,0.4840642943686133,6-mer
CTTGAG,0.27957700422620657,-0.17864221854342122,Inverted repeat
CTTGTA,-0.12462223245320261,-0.05950101174866179,6-mer
CTTGTT,0.1554032718770338,-0.049630767724600545,6-mer
CTTGTC,0.2794527084103331,0.3952447725302832,6-mer
CTTGTG,-0.6760717114058141,-0.267835392097615,6-mer
CTTGCA,-0.6917901863604178,-0.5807130277197983,6-mer
CTTGCT,-0.035887661361446895,-0.29232871262783183,6-mer
CTTGCC,0.2871378719991927,-0.08017034868398323,6-mer
CTTGCG,-0.25419088666866496,-0.30229928813842977,6-mer
CTTGGA,-0.20554891117303364,-0.1471151185342263,6-mer
CTTGGT,-0.11277020901122854,0.5017491324721749,6-mer
CTTGGC,0.1538417582885924,0.1444918341676652,6-mer
CTTGGG,-0.04975903578788918,-0.08542465625267763,6-mer
CTCAAA,0.21520401944255899,-0.23828774349810816,6-mer
CTCAAT,-0.07370206193223361,-0.02466205423426897,6-mer
CTCAAC,0.4690648950462554,0.04250472851453551,6-mer
CTCAAG,0.2507348132048119,-0.029343961582144196,Inverted repeat
CTCATA,0.015410649637543327,-0.11664491885227063,6-mer
CTCATT,-0.4952904552542631,-0.4636954449565433,6-mer
CTCATC,0.24020590300562605,0.45980736939886624,6-mer
CTCATG,-0.5115692419724728,-0.8819442384782877,6-mer
CTCACA,-1.2400207107225638,-0.5565709000649316,6-mer
CTCACT,-0.5092602146086082,-0.299077155759325,6-mer
CTCACC,0.48570479639937447,0.4743840827140592,6-mer
CTCACG,-0.5967516984247638,-0.46284897919503193,6-mer
CTCAGA,-1.0950682574295383,-0.5525410230287786,6-mer
CTCAGT,-0.9186116731593452,-0.224560258019158,6-mer
CTCAGC,-0.21375176290184966,0.18275021709286746,6-mer
CTCAGG,-0.7929749917134736,-0.5477111054245846,6-mer
CTCTAA,-0.5525410230287787,-0.3143812858340142,6-mer
CTCTAT,0.04130697415691333,-0.18480923852829154,6-mer
CTCTAC,0.6736396587973771,0.13058410981014443,6-mer
CTCTAG,0.03652587602511375,0.18144687133753207,Inverted repeat
CTCTTA,-0.3743955147814978,-0.6461626571578937,6-mer
CTCTTT,0.28630418515664097,-0.3473506917672691,6-mer
CTCTTC,0.24460370042660667,-0.039528364186637216,6-mer
CTCTTG,-0.38190801764201393,-0.335029851387194,6-mer
CTCTCA,-1.3219280948873622,-1.1180860699226944,6-mer
CTCTCT,-1.347270943001826,-1.3877301532831083,6-mer
CTCTCC,-0.25182459775861,-0.7082721428883368,6-mer
CTCTCG,-0.7558671660985009,-0.24100809950379493,6-mer
CTCTGA,-1.259798936792396,-1.025816291804137,6-mer
CTCTGT,-1.2384671841945192,-0.7277876647392858,6-mer
CTCTGC,-0.5583007976619335,-0.33991984844833273,6-mer
CTCTGG,-0.7018557447958049,-0.49683159044249103,6-mer
CTCCAA,0.12350675682599052,-0.46574934239377536,6-mer
CTCCAT,-0.04930034531452411,-0.38532483563722164,6-mer
CTCCAC,0.19716265899908414,-1.0292645945051948,6-mer
CTCCAG,0.1971504865945113,-0.5722514489716022,Inverted repeat
CTCCTA,0.16294923883083956,0.12497288747590146,6-mer
CTCCTT,0.36761215308610706,0.6348674065474699,6-mer
CTCCTC,0.9247580101473054,0.8108308320158233,6-mer
CTCCTG,-0.014896434497646535,0.12085439487438562,6-mer
CTCCCA,0.11790764088083368,-0.1634987322828793,6-mer
CTCCCT,-0.3422610969843689,-0.2469147404705169,6-mer
CTCCCC,0.33264981229775303,-0.8008317984762698,6-mer
CTCCCG,-0.0631728599776145,-0.45943161863729726,6-mer
CTCCGA,-0.14300257718659404,-0.2872996842114304,6-mer
CTCCGT,-0.7054911940384776,-0.7769575696230951,6-mer
CTCCGC,-0.22412089004266952,-0.6972216387507244,6-mer
CTCCGG,0.15020734452985715,-0.3820870774775571,6-mer
CTCGAA,0.0798877720420281,-0.3155018257279293,Inverted repeat
CTCGAT,0.3091404288138246,0.6818780340619974,Inverted repeat
CTCGAC,0.5851822729876927,0.5640104541947378,Inverted repeat
CTCGAG,0.19271321154843887,-0.09052028299763232,Palindromes
CTCGTA,0.34501170800040337,-0.3219280948873623,6-mer
CTCGTT,0.20033673490806816,-0.06643565306596005,6-mer
CTCGTC,0.6097258113950128,0.08235867071587732,6-mer
CTCGTG,-0.6683112456949953,-0.7176002692992751,6-mer
CTCGCA,-0.7578617322260062,-0.6113410275444469,6-mer
CTCGCT,-0.16688522146804896,-0.4448420119400422,6-mer
CTCGCC,0.11249057321289027,0.10871594686828218,6-mer
CTCGCG,-0.4454397316945559,-0.4845023189419436,6-mer
CTCGGA,-0.39445167443845996,-0.6203136119182313,6-mer
CTCGGT,0.13417915934587069,0.2651343989860773,6-mer
CTCGGC,0.4795377170129576,0.5855844860900871,6-mer
CTCGGG,0.0305298388322807,0.023239549670552397,6-mer
CTGAAA,-0.2690685678338682,0.35509495882256137,6-mer
CTGAAT,-0.4655714432871317,-0.016197227527801436,6-mer
CTGAAC,-0.39419715599698313,0.0032095564758900467,6-mer
CTGAAG,-0.23815467047574285,0.1728983177563996,Inverted repeat
CTGATA,-0.06818573033316766,-0.013358382855018953,6-mer
CTGATT,-0.39302682336299105,0.17369816454436895,6-mer
CTGATC,0.2506038009603673,1.0428920941932218,6-mer
CTGATG,-0.22881127778555474,0.34143440923884566,6-mer
CTGACA,-0.7325051691843206,0.3280541976842038,6-mer
CTGACT,-0.8605443420642642,-0.8091459775835921,6-mer
CTGACC,0.20663104544029742,0.7099766119421821,6-mer
CTGACG,-0.31381715734015475,0.14178763689167528,6-mer
CTGAGA,-1.2639782691588497,-0.12571031060730234,6-mer
CTGAGT,-0.7347862961069589,-0.021695071099318976,6-mer
CTGAGC,-0.23487108804764603,-0.0531113364595624,6-mer
CTGAGG,-0.8334343465419173,0.220890396171216,6-mer
CTGTAA,-0.6586928892545285,-0.47804729680464425,6-mer
CTGTAT,0.1305499837787323,-0.09953567355091435,6-mer
CTGTAC,-0.006672536034592169,-0.2002986504858312,6-mer
CTGTAG,-0.2340408691536306,-0.058893689053568475,Inverted repeat
CTGTTA,-0.3006118636502702,0.05377125644098074,6-mer
CTGTTT,0.015632227216604715,-0.3058774068395291,6-mer
CTGTTC,0.3758742105021942,0.24189971347171618,6-mer
CTGTTG,0.1810618145158249,0.4771407448083026,6-mer
CTGTCA,-0.9595453663296025,0.2025719178476867,6-mer
CTGTCT,-0.8864016139074578,-0.4414834795826448,6-mer
CTGTCC,0.1245924001905048,-0.1186444964986189,6-mer
CTGTCG,-0.4481458110907823,-0.14021450802568,6-mer
CTGTGA,-1.3849223166741205,0.2767093427308704,6-mer
CTGTGT,-0.9109250982165086,-0.1443006861036988,6-mer
CTGTGC,-0.47664205303028273,-0.4500156189178112,6-mer
CTGTGG,-0.5014526972537942,0.12611390696182334,6-mer
CTGCAA,-0.26236354088755565,-0.15200309344504984,Inverted repeat
CTGCAT,-0.30738340783915963,-0.07038932789139794,Inverted repeat
CTGCAC,0.22680916009605256,-0.35811043119400837,Inverted repeat
CTGCAG,0.5770470973910524,0.054573899240856906,Palindromes
CTGCTA,-0.4980494778767745,0.1735362549946913,6-mer
CTGCTT,-0.2709578845672822,-0.20817247079927556,6-mer
CTGCTC,0.7809348986099117,0.6334894742164652,6-mer
CTGCTG,0.6927497735690296,0.5881022082517237,6-mer
CTGCCA,-0.4566545339667237,0.1375966038519632,6-mer
CTGCCT,-0.9158674092382872,0.08671163319333093,6-mer
CTGCCC,0.24320657213565294,0.18151297571752403,6-mer
CTGCCG,-0.1665715663325025,0.3285556469269107,6-mer
CTGCGA,-0.7077421711704412,0.12761419658434797,6-mer
CTGCGT,-0.31296453338091296,-0.4112512781632295,6-mer
CTGCGC,0.359842993541648,0.07497438846076304,6-mer
CTGCGG,0.0743029093541593,0.07010423846434845,6-mer
CTGGAA,0.6771458259864928,0.16592307088481592,6-mer
CTGGAT,0.3579289408681465,0.3182524367439642,6-mer
CTGGAC,0.44022037893122307,0.020244505274172195,6-mer
CTGGAG,0.2149275874946458,-0.5109619192773791,Inverted repeat
CTGGTA,0.22249070091282616,0.40742431516896854,6-mer
CTGGTT,-0.3678660330743121,0.30202853744965746,6-mer
CTGGTC,0.10855880519970465,0.5324506635600142,6-mer
CTGGTG,0.2245774210847737,0.5157186234980204,6-mer
CTGGCA,-0.4223817227610324,0.34506459368529685,6-mer
CTGGCT,-0.3064621708336483,0.46948528330122014,6-mer
CTGGCC,0.4092262328359721,0.6792500963099188,6-mer
CTGGCG,-0.02874573202592062,0.33978559829360533,6-mer
CTGGGA,0.23347144419485089,-0.11570601688768835,6-mer
CTGGGT,0.23267304974517766,0.3446481713874457,6-mer
CTGGGC,0.4008423320472665,0.5176297312630966,6-mer
CTGGGG,0.09704978727822484,-0.37582420544920875,6-mer
CCAAAA,-0.09602557728062824,0.12553088208385882,6-mer
CCAAAT,-0.32976229773548316,0.04890960048094649,6-mer
CCAAAC,-0.19229281447076688,0.4742154352136174,6-mer
CCAAAG,-0.00592296285317249,-0.17694542912008476,6-mer
CCAATA,0.5360725556198911,0.08034210831760351,6-mer
CCAATT,0.15978044403676908,0.2025485352426264,6-mer
CCAATC,-0.6240172030570089,0.09377286498762519,6-mer
CCAATG,-0.056441607650017836,-0.29373120305671024,6-mer
CCAACA,0.4475042969970121,0.5145731728297582,6-mer
CCAACT,0.3586995151290319,0.6832420183016452,6-mer
CCAACC,-0.4303010092660555,0.6646692005101491,6-mer
CCAACG,0.16320882358227337,0.03411535743443328,6-mer
CCAAGA,0.3204844716826053,-0.09196758000193075,6-mer
CCAAGT,-0.17794518262597928,-0.1432781613765698,6-mer
CCAAGC,-0.30140084563084324,-0.20508705662451424,6-mer
CCAAGG,0.21749180659748132,-0.07308092389766381,Inverted repeat
CCATAA,-0.2428565238961635,-0.46340052084024286,6-mer
CCATAT,-0.3344884533608892,-0.09530696009572717,6-mer
CCATAC,-0.4120368241545201,-0.09096093781290454,6-mer
CCATAG,-0.5286388939915406,0.19007113427856948,6-mer
CCATTA,0.0599304803600576,-0.17402939977504886,6-mer
CCATTT,-0.007662606014673766,-0.2860510585587658,6-mer
CCATTC,-0.4562066882552482,-0.7029844750781252,6-mer
CCATTG,-0.272316483152311,-0.35049724708413316,6-mer
CCATCA,0.04304924851260215,0.19873955091914394,6-mer
CCATCT,-0.018994464020857072,-0.19114148735200834,6-mer
CCATCC,-0.21484948067381437,-0.23361967675970197,6-mer
CCATCG,-0.24758139639667204,0.41888982477445036,6-mer
CCATGA,-0.16030647327418968,-0.30725294008390797,Inverted repeat
CCATGT,-0.02089152132452359,-0.6496154590634097,Inverted repeat
CCATGC,-0.37107527701860255,-0.6058249727548619,Inverted repeat
CCATGG,-0.3057456090657854,0.023427227215712016,Palindromes
CCACAA,-0.12055892412133278,-0.15331403859739678,6-mer
CCACAT,0.1416922706300872,-0.17026243450218043,6-mer
CCACAC,-0.19213177496340852,-0.24370292758186005,6-mer
CCACAG,-0.6710789040640587,0.04962557818342721,6-mer
CCACTA,0.0763033673131976,-0.15347448066171804,6-mer
CCACTT,-0.09172419541239044,-0.4258173380320863,6-mer
CCACTC,-0.3821673832033798,-0.4077288032646704,6-mer
CCACTG,-0.2835990972058835,-0.290001453434063,6-mer
CCACCA,0.3001912942330213,0.729135479743782,6-mer
CCACCT,0.13390880850379322,0.6114347120823471,6-mer
CCACCC,0.11162160046307483,-0.03975770923773442,6-mer
CCACCG,0.1699847168768657,0.5573061578182907,6-mer
CCACGA,-0.13138692323502912,0.11003980034135857,6-mer
CCACGT,-0.04920172337679557,-0.2789759497028154,6-mer
CCACGC,-0.2983263180849948,-0.27769078168534705,6-mer
CCACGG,-0.3198962050161245,-0.41888982477445036,Inverted repeat
CCAGAA,0.029293383144382856,0.06056444203808205,6-mer
CCAGAT,0.4381794082039529,0.49580336880991827,6-mer
CCAGAC,-0.2740669337960111,-0.0083393009127296,6-mer
CCAGAG,-0.5118148279873458,-0.23299077967651083,6-mer
CCAGTA,0.2228760382008947,0.6201189461347723,6-mer
CCAGTT,0.3908023433809466,0.12378321979759171,6-mer
CCAGTC,-0.3535583345496275,-0.34215312295139655,6-mer
CCAGTG,-0.18870075384925797,-0.12144792833408209,6-mer
CCAGCA,0.8348951500551185,0.8140707928413746,6-mer
CCAGCT,0.42244153536210705,0.6292517768659528,6-mer
CCAGCC,-0.2545450674307178,0.5885379549449835,6-mer
CCAGCG,0.28172441441353474,0.3313920746851791,6-mer
CCAGGA,0.6530643365572609,0.06096801729142697,6-mer
CCAGGT,0.42098569914356293,0.6214883767462702,6-mer
CCAGGC,-0.08963721248467629,0.1527666261651151,6-mer
CCAGGG,0.19765981263847546,-0.015537569056192382,Inverted repeat
CCTAAA,-0.3565462917569384,0.22415287920088522,6-mer
CCTAAT,-0.48717237492207116,0.07400058144377666,6-mer
CCTAAC,-0.446156709657683,0.4995710094905115,6-mer
CCTAAG,-0.586055037722168,-0.060047383669938975,6-mer
CCTATA,0.27800413849246025,0.08926733809708721,6-mer
CCTATT,0.1267658019460272,0.28540221886224826,6-mer
CCTATC,-0.3388746510163849,0.17809232231371083,6-mer
CCTATG,0.005144970746919576,0.43341602859369843,6-mer
CCTACA,0.28103566424046145,-0.158759083789986,6-mer
CCTACT,0.1829191702277438,0.5670405927238937,6-mer
CCTACC,-0.1399546823519284,0.38271977900611553,6-mer
CCTACG,0.22400686482487991,0.3942039958616782,6-mer
CCTAGA,-0.39014632373713315,-0.019991475187466055,Inverted repeat
CCTAGT,-0.5839906616538313,0.01034194422145882,Inverted repeat
CCTAGC,-0.40849857012459795,0.2699508041098447,Inverted repeat
CCTAGG,-0.6284581502009441,-0.2750070474998698,Palindromes
CCTTAA,0.4324046312489319,-0.48938484073892513,6-mer
CCTTAT,-0.021818110205690733,0.11452838802638694,6-mer
CCTTAC,-0.005015582546670461,-0.2604184576267823,6-mer
CCTTAG,-0.472621757535827,-0.3561438102252752,6-mer
CCTTTA,0.29218075149331035,-0.7492788556050575,6-mer
CCTTTT,0.04021506905698031,-0.5587309591479764,6-mer
CCTTTC,-0.6956659651273759,0.28982725172033824,6-mer
CCTTTG,-0.19140653583666214,-0.010779838753242538,6-mer
CCTTCA,-0.09451030598162442,-0.3074285251922473,6-mer
CCTTCT,0.49676189671329773,-0.37406571822253765,6-mer
CCTTCC,-0.1945810466344642,-0.08325550364935219,6-mer
CCTTCG,-0.2382331848231825,0.020464102559715414,6-mer
CCTTGA,0.500643734483378,0.3719687773869579,6-mer
CCTTGT,0.2717378374608926,0.05775276764899875,6-mer
CCTTGC,-0.03298923675051413,-0.41538425929514805,6-mer
CCTTGG,0.20428399843701023,0.140030451778974,Inverted repeat
CCTCAA,0.4605151297966676,-0.18359993833938887,6-mer
CCTCAT,-0.003053323977553953,0.06056444203808205,6-mer
CCTCAC,-0.20818530784327421,-0.0637255976103871,6-mer
CCTCAG,-0.7878420333231152,-0.05950101174866179,6-mer
CCTCTA,0.37040889612577355,0.33257533908687087,6-mer
CCTCTT,0.08816492206721821,-0.5336819957774629,6-mer
CCTCTC,-1.21368281286471,-0.10433665981473557,6-mer
CCTCTG,-1.1253169434698556,-0.9728728219771354,6-mer
CCTCCA,0.1262626043968475,-0.4159169232871106,6-mer
CCTCCT,0.4263973614433916,0.7209176529343362,6-mer
CCTCCC,-0.2070977592867422,-0.421690055795166,6-mer
CCTCCG,-0.3633034931373738,-0.6161812313318763,6-mer
CCTCGA,0.6824863560939802,0.4963448993481142,6-mer
CCTCGT,0.3931136607240851,-0.16992500144231243,6-mer
CCTCGC,-0.31166831901531983,-0.401809586819777,6-mer
CCTCGG,0.4198689619574108,0.05589120089204516,Inverted repeat
CCTGAA,-0.5762302083579937,0.12903257079541147,6-mer
CCTGAT,0.0002859936654996695,0.2695263969275428,6-mer
CCTGAC,-0.28485650828310133,0.04696762274676065,6-mer
CCTGAG,-0.5543578560990113,0.030845966952759075,6-mer
CCTGTA,-0.16577847208971377,-0.26582762072547444,6-mer
CCTGTT,0.31189232089787206,0.1411147773023137,6-mer
CCTGTC,-0.658049601680824,-0.16301711150027637,6-mer
CCTGTG,-0.9895364205610824,-0.37022365192814344,6-mer
CCTGCA,0.3469351811599187,-0.58068150339328,6-mer
CCTGCT,0.7034677638814447,0.3271647432535095,6-mer
CCTGCC,-0.45090270087717516,0.17124918238969408,6-mer
CCTGCG,-0.17392484293130442,-0.19031627188242284,6-mer
CCTGGA,0.6032488725297476,-0.04909454952816952,6-mer
CCTGGT,0.17719662495218877,0.34103691783506684,6-mer
CCTGGC,-0.060858023147854594,0.437464247131992,6-mer
CCTGGG,0.328516240131147,0.10105190599829442,Inverted repeat
CCCAAA,-0.15320974168659407,0.28841096873458655,6-mer
CCCAAT,-0.07396035704359491,0.015266756653310558,6-mer
CCCAAC,-0.01677447821622099,0.23644019582208073,6-mer
CCCAAG,-0.0735157676042453,-0.43107229773184075,6-mer
CCCATA,-0.10264604854129758,-0.028569152196770874,6-mer
CCCATT,-0.1475571884138577,-0.32760640712987743,6-mer
CCCATC,-0.3161915234843315,-0.41189779174827656,6-mer
CCCATG,-0.2477646003454018,-0.5728896684205812,6-mer
CCCACA,0.005369838857840962,-0.2051422406252979,6-mer
CCCACT,-0.05418668637604083,-0.25171909260595965,6-mer
CCCACC,-0.033577544193638516,0.17954942033071267,6-mer
CCCACG,-0.25705342878306486,-0.6490158718285546,6-mer
CCCAGA,0.13286711362921608,-0.2581189154196773,6-mer
CCCAGT,0.1269382684001079,-0.14567745519563507,6-mer
CCCAGC,0.25408235037428395,0.26138655295231145,6-mer
CCCAGG,0.4116316074463306,-0.057678276141843815,Inverted repeat
CCCTAA,0.0015689996553406539,-0.16115479181458017,6-mer
CCCTAT,-0.15845589468310145,-0.033376137205042206,6-mer
CCCTAC,-0.08698330159463985,0.16575250355300886,6-mer
CCCTAG,-0.17169409429536797,-0.06817150264157922,6-mer
CCCTTA,0.3235108652500534,-1.1757423280376267,6-mer
CCCTTT,-0.3965056389626597,-0.1158084526506157,6-mer
CCCTTC,-0.29554120339791656,-0.3596854095090827,6-mer
CCCTTG,0.14006759586931697,-0.4502521918629019,6-mer
CCCTCA,-0.14746733166437287,-0.5278431886436467,6-mer
CCCTCT,-0.6335392005529866,-0.1572893658559483,6-mer
CCCTCC,-0.2770376860299819,-0.7345839262032904,6-mer
CCCTCG,-0.0022654829876958505,-0.8338665777200618,6-mer
CCCTGA,-0.1771331616750496,0.04407497434202333,6-mer
CCCTGT,-0.5058402563999829,-0.5863973044603922,6-mer
CCCTGC,-0.02836611299569152,-0.3739748426569577,6-mer
CCCTGG,0.27776348476275103,-0.10387698320071803,Inverted repeat
CCCCAA,0.0732447066249273,-0.19158388257208536,6-mer
CCCCAT,-0.2713496740457975,-0.5627757374564942,6-mer
CCCCAC,0.08441719738911509,-0.3660506481196702,6-mer
CCCCAG,0.09744774022403813,-0.30753809003307364,6-mer
CCCCTA,-0.058893689053568475,-0.09657325969505287,6-mer
CCCCTT,-0.1467516005519508,-0.3742911569355347,6-mer
CCCCTC,-0.5009082546134562,-0.6092554140231001,6-mer
CCCCTG,-0.4960727397030835,-0.9602737216843892,6-mer
CCCCCA,-0.043664335873052046,-0.48227683674659205,6-mer
CCCCCT,-0.20044986845577073,-1.1612478779223578,6-mer
CCCCCC,-0.6980596872891491,-1.9728220727117647,6-mer
CCCCCG,-0.10545697754274967,-0.8660792655384076,6-mer
CCCCGA,0.27739340992828243,-0.08140614327946558,6-mer
CCCCGT,-0.27317786168347774,-0.8905735769274383,6-mer
CCCCGC,0.08192321402826783,-0.5520587582604941,6-mer
CCCCGG,0.17674451894328191,-0.3039546611471031,Inverted repeat
CCCGAA,-0.07182384629624487,0.15010730468225422,6-mer
CCCGAT,-0.11717296920793684,0.1443899093351749,6-mer
CCCGAC,0.04710865317403806,-0.018066706014234282,6-mer
CCCGAG,0.16384617894350087,-0.24898663134816104,6-mer
CCCGTA,-0.06540988964628802,-0.48694146777223996,6-mer
CCCGTT,-0.15311572278454164,-0.15046045749478165,6-mer
CCCGTC,-0.21528054825104587,-0.2727804455582743,6-mer
CCCGTG,-0.6001986323185773,-0.8339900485610707,6-mer
CCCGCA,0.47334037227999387,0.06716190481672132,6-mer
CCCGCT,0.0644062422257236,0.019272930295130414,6-mer
CCCGCC,0.04076670958092749,0.00035626498289196114,6-mer
CCCGCG,-0.08266130636797872,-0.6453576430375428,6-mer
CCCGGA,0.24686145064164164,-0.08806581258706983,Inverted repeat
CCCGGT,0.011780571988844309,0.17587238120835375,Inverted repeat
CCCGGC,0.06859620486803016,0.3401518535062694,Inverted repeat
CCCGGG,0.17874781905374615,-0.16844104075194843,Palindromes
CCGAAA,0.04029106748165679,0.586274638183947,6-mer
CCGAAT,-0.05814986635385872,0.5883215128110707,6-mer
CCGAAC,-0.1515663763111298,0.34182765232506696,6-mer
CCGAAG,0.0305181425126052,0.13862088152430252,6-mer
CCGATA,0.1790509167817917,1.0462936522739352,6-mer
CCGATT,-0.49024761064855454,0.1699250014423123,6-mer
CCGATC,-0.3586433732534945,0.5951916330380429,6-mer
CCGATG,0.026889053544789293,0.36831121889112206,6-mer
CCGACA,0.3106430323231166,0.4235850192340046,6-mer
CCGACT,-0.11382142909070499,0.017753257463769018,6-mer
CCGACC,-0.42413050272502795,0.35356110513433875,6-mer
CCGACG,0.37219694285010807,0.19321295633622243,6-mer
CCGAGA,0.2970962419074269,-0.04496014109103507,6-mer
CCGAGT,0.19409049479313964,-0.1511884388607263,6-mer
CCGAGC,-0.0315116904694864,0.5121289620953741,6-mer
CCGAGG,0.4625707684805254,-0.0893277638490546,Inverted repeat
CCGTAA,-0.15949556789288966,-0.1598713367783894,6-mer
CCGTAT,-0.12171198493554233,-0.22239242133644793,6-mer
CCGTAC,-0.3931849483857121,-0.3462640794986164,6-mer
CCGTAG,0.08761464795757574,0.11008945171165543,6-mer
CCGTTA,0.11550944957268444,0.2454897223231591,6-mer
CCGTTT,-0.37169732367458547,-0.06571284068192473,6-mer
CCGTTC,-0.38816072646137223,-0.5243253733395372,6-mer
CCGTTG,0.10839565047114275,0.3251810726824499,6-mer
CCGTCA,-0.014818714711545,0.21424022557298883,6-mer
CCGTCT,-0.2455598723569853,-0.4928442987327246,6-mer
CCGTCC,-0.4083551187536065,-0.1532048386548031,6-mer
CCGTCG,0.21999893674251883,0.17375383964797889,6-mer
CCGTGA,-0.39474281328114647,-0.21081607002882827,6-mer
CCGTGT,-0.48824580309721044,-0.5295493804025496,6-mer
CCGTGC,-0.33361245699590203,-0.5772860208024491,6-mer
CCGTGG,-0.3456489338815231,-0.396590745067066,Inverted repeat
CCGCAA,0.19804644534104707,0.20989230533416467,6-mer
CCGCAT,0.04191123480665189,-0.19657810366210537,6-mer
CCGCAC,0.006836000719923312,0.04574440605449269,6-mer
CCGCAG,0.1524942236764786,0.10603723949286939,6-mer
CCGCTA,0.10054399129685844,0.3481220354325901,6-mer
CCGCTT,-0.34714067720384595,-0.20498173778762865,6-mer
CCGCTC,-0.3487090115990588,0.08103142191699912,6-mer
CCGCTG,0.05780202738551433,0.44745897697122144,6-mer
CCGCCA,0.129348106315116,0.41192152605698745,6-mer
CCGCCT,-0.16612797916444128,-0.15543399884532338,6-mer
CCGCCC,-0.13660415799750864,-0.18918097060268874,6-mer
CCGCCG,0.3000251021675289,0.5983120543801759,6-mer
CCGCGA,0.025812214425658595,0.14416234022786642,Inverted repeat
CCGCGT,-0.19174066652857133,-0.3452325440934212,Inverted repeat
CCGCGC,-0.027903848271663704,-0.1896475664197111,Inverted repeat
CCGCGG,0.1886685235629223,-0.08622394461698064,Palindromes
CCGGAA,0.1407099239136914,0.03515644541361622,6-mer
CCGGAT,0.17503567834901745,0.3401720689738936,6-mer
CCGGAC,-0.14810331819483338,0.06939672143359572,6-mer
CCGGAG,0.23305153961807923,-0.07510698661206743,6-mer
CCGGTA,0.0014664729769497948,0.8014291867769093,6-mer
CCGGTT,-0.5802489318491847,0.5862686982217812,6-mer
CCGGTC,-0.40696448557862536,0.188661564023898,6-mer
CCGGTG,0.3507090899106516,0.5865619410633479,6-mer
CCGGCA,0.1302976601299107,0.4527660364454294,6-mer
CCGGCT,-0.13495249113965954,0.7038494873524394,6-mer
CCGGCC,-0.3416632152454584,0.3112071855423968,6-mer
CCGGCG,0.28517305437847484,0.5699794713952772,6-mer
CCGGGA,0.2737814962189184,-0.0756108140141421,6-mer
CCGGGT,0.19873327178962458,0.5220254765334573,6-mer
CCGGGC,-0.014286190586008033,0.2360090687023599,6-mer
CCGGGG,0.17180068959452352,-0.26675749187651115,Inverted repeat
CGAAAA,0.2591193558304107,0.330795332641585,6-mer
CGAAAT,0.3633753794563512,0.7639326417664756,6-mer
CGAAAC,-0.10555176562301803,0.013589064747954923,6-mer
CGAAAG,-0.5031529960666151,0.09173606298278805,6-mer
CGAATA,0.5556577174856426,0.35845397091247616,6-mer
CGAATT,0.7824335468759775,0.3219280948873623,6-mer
CGAATC,-0.341775719562076,0.3452068141982555,6-mer
CGAATG,-0.4140589249622961,-0.4517960492889616,6-mer
CGAACA,0.3781565177433699,-0.04253404383855441,6-mer
CGAACT,0.6712000978002793,0.19194660538414426,6-mer
CGAACC,-0.804077030335736,0.12146872529693804,6-mer
CGAACG,-0.4449488183236402,-0.13227399363459216,Inverted repeat
CGAAGA,0.5366354088800404,0.1020149576133734,6-mer
CGAAGT,0.5640016163864574,0.18381183167572596,6-mer
CGAAGC,-0.41354567469716536,0.010757168009298507,6-mer
CGAAGG,-0.28668116611738653,0.2660223842043661,6-mer
CGATAA,0.24440746105646927,0.43497634633217486,6-mer
CGATAT,0.6031526161275096,0.5924440820906082,6-mer
CGATAC,-0.1515237131313223,0.6232509854455301,6-mer
CGATAG,-0.6947742906020427,0.5655432443373916,6-mer
CGATTA,0.06265560784976733,-0.2874185644607531,6-mer
CGATTT,0.1339534292184298,0.54033626889484,6-mer
CGATTC,-0.392990010548884,0.3619261628192814,6-mer
CGATTG,-1.0382041832392557,0.07455493113009377,6-mer
CGATCA,0.179766710042832,0.9420800240708187,Inverted repeat
CGATCT,0.3980817312895055,0.4065759205306479,Inverted repeat
CGATCC,-0.2246183705365859,0.2800621200771335,Inverted repeat
CGATCG,-0.6902374252824244,0.5097176527533722,Palindromes
CGATGA,0.4306018671925578,0.6001147259537034,6-mer
CGATGT,0.6090818615312988,0.3010022560328143,6-mer
CGATGC,0.03681213299368515,0.39166071608021097,6-mer
CGATGG,-0.23192916101353217,0.43455396290667875,6-mer
CGACAA,0.4816746923091343,0.775816523137564,6-mer
CGACAT,0.8304654543344868,0.14755718841385784,6-mer
CGACAC,0.2058066414117682,0.3733838780800018,6-mer
CGACAG,-0.4038608130294601,-0.09565908701250295,6-mer
CGACTA,0.5628136714787118,0.319808043012993,6-mer
CGACTT,0.5203043966503825,-0.06520908878571774,6-mer
CGACTC,-0.12874892525509754,0.04129962903883006,6-mer
CGACTG,-0.6349592536617233,-0.07442484112655462,6-mer
CGACCA,0.009069626162666499,0.5028438802476513,6-mer
CGACCT,0.2849135058945063,0.49136578166843303,6-mer
CGACCC,-0.35672193633604427,-0.06541097814372025,6-mer
CGACCG,-0.7892264214188248,0.23562824849314204,Inverted repeat
CGACGA,0.8146230994088797,0.6888822859226241,6-mer
CGACGT,0.7719153663630193,-0.011162106287299953,6-mer
CGACGC,0.14285269715863883,-0.0833892144567842,6-mer
CGACGG,0.22640464259375848,0.19893882000788166,6-mer
CGAGAA,0.5403066204909172,-0.08572987402588389,6-mer
CGAGAT,0.6404353831202356,0.05916207246814375,6-mer
CGAGAC,-0.24448876820636198,-0.27820671745804426,6-mer
CGAGAG,-0.6629961956782158,-0.682359263515736,6-mer
CGAGTA,0.54293806408312,0.1948161769840228,6-mer
CGAGTT,0.9735031258902485,0.34792330342030675,6-mer
CGAGTC,-0.17850375339186314,-0.37002238308840735,6-mer
CGAGTG,-0.5276385873256807,-0.5028033958902154,6-mer
CGAGCA,0.5874141233664888,0.5319204163936551,6-mer
CGAGCT,0.392579945760267,0.5242161759552592,6-mer
CGAGCC,-0.5306214209657482,0.08691757067721334,6-mer
CGAGCG,-0.3674910286493515,-0.20367044771568096,Inverted repeat
CGAGGA,1.0098219994621584,0.41041594153846633,6-mer
CGAGGT,0.5901768820104801,0.115147872585521,6-mer
CGAGGC,-0.05022343106882081,-0.27429857062809926,6-mer
CGAGGG,-0.02935471989431258,-0.4876333456338423,6-mer
CGTAAA,0.13551497065648083,-0.5322210386491828,6-mer
CGTAAT,0.4201084888262658,-0.2658940599730344,6-mer
CGTAAC,-0.1676781624258206,-0.06212171190779719,6-mer
CGTAAG,-0.32801892928438753,-0.2840960213616235,6-mer
CGTATA,-0.3383225331380309,-0.632268215499513,6-mer
CGTATT,0.8010189652736045,-0.27392272197653006,6-mer
CGTATC,-0.4388392771515856,-0.19042003159816795,6-mer
CGTATG,-0.45163580796656344,-0.8497012127671989,6-mer
CGTACA,-0.01995707837846333,-0.34039328854003353,Inverted repeat
CGTACT,0.4631317874798888,0.03652587602511419,Inverted repeat
CGTACC,-0.6908268384686685,-0.46938986380709585,Inverted repeat
CGTACG,-0.7871810999840844,-0.9649935501720867,Palindromes
CGTAGA,0.6668271479450152,-0.03500644982791318,6-mer
CGTAGT,0.570235387578825,0.41503749927884365,6-mer
CGTAGC,-0.18255922539714037,0.10380022008172732,6-mer
CGTAGG,0.18213378954950799,0.16012182641195372,6-mer
CGTTAA,0.4288432988038741,-0.21836535650006547,6-mer
CGTTAT,0.12564543169215178,0.27049985608035937,6-mer
CGTTAC,0.211471446931984,0.015729114456482327,6-mer
CGTTAG,-0.39960745870923775,0.022850939128037172,6-mer
CGTTTA,0.16792264853116476,-0.3890422907458993,6-mer
CGTTTT,0.10011342176290808,-0.9032024085784046,6-mer
CGTTTC,-0.24711609358192385,-0.08198661735875386,6-mer
CGTTTG,-0.3437056843905182,-0.1716726637285797,6-mer
CGTTCA,-0.1990318253360912,-0.13502679345772234,6-mer
CGTTCT,0.33265287415653455,-0.6766399496195059,6-mer
CGTTCC,-0.18663760476541946,-0.708102324155766,6-mer
CGTTCG,-0.32184449835392576,-0.2520040774469868,Inverted repeat
CGTTGA,0.5567328461235254,0.4273307754702729,6-mer
CGTTGT,0.41531875379594246,0.2682561619408981,6-mer
CGTTGC,0.3019224030843149,0.1583446203188767,6-mer
CGTTGG,0.10507510795561888,-0.0699921647668279,6-mer
CGTCAA,0.3776418632830171,0.018300816742943603,6-mer
CGTCAT,0.47804355227295675,-0.28257459222943904,6-mer
CGTCAC,0.13828027579257124,0.18427278040227893,6-mer
CGTCAG,-0.34905114324912545,0.14129658760364708,6-mer
CGTCTA,0.5665168334003379,-0.19714647017733658,6-mer
CGTCTT,0.5301260521483036,-0.3083277928401936,6-mer
CGTCTC,-0.22947069438266715,-0.815226572606275,6-mer
CGTCTG,-0.7126861669175744,0.12339739372922329,6-mer
CGTCCA,0.21374133242245688,-0.2681053953812158,6-mer
CGTCCT,0.2590333035428887,-0.5405683813627028,6-mer
CGTCCC,-0.31194012308642804,-0.3569873858485436,6-mer
CGTCCG,-0.6080775910458343,-0.9053924099459377,Inverted repeat
CGTCGA,0.872378584493771,0.6823088979991084,6-mer
CGTCGT,0.6181380877369909,0.021042415561886723,6-mer
CGTCGC,0.07256515542843654,-0.07038932789139794,6-mer
CGTCGG,0.31102593206080514,0.21201040280932684,6-mer
CGTGAA,-0.4177046719151181,-0.17520675940263755,6-mer
CGTGAT,-0.13519107079835266,-0.20558413364989403,6-mer
CGTGAC,-0.3753783449639582,-0.27249473508286,6-mer
CGTGAG,-0.5953505936641948,-0.3013625244928931,6-mer
CGTGTA,-0.2247662516390121,-0.45805038823893657,6-mer
CGTGTT,0.26658910506643524,-0.09192248944103926,6-mer
CGTGTC,-0.6160582738010261,-0.007494536546924233,6-mer
CGTGTG,-1.0006506931062222,-0.7548875021634686,6-mer
CGTGCA,0.05487356960157437,-0.6599245584023783,6-mer
CGTGCT,0.3613287638318189,-0.40925514668483753,6-mer
CGTGCC,-0.5011821295966435,-0.6915102794374421,6-mer
CGTGCG,-0.5191729393797501,-0.6694212139169791,Inverted repeat
CGTGGA,0.0463688050356516,-0.5075832408224092,6-mer
CGTGGT,0.07598275950813031,0.21866834109990535,6-mer
CGTGGC,-0.45406777187836195,-0.24131756264213264,6-mer
CGTGGG,-0.38672735316797274,-0.8198458662408011,6-mer
CGCAAA,-0.11239979509073782,0.28750426428383713,6-mer
CGCAAT,0.02155753778059583,-0.16307633583984166,6-mer
CGCAAC,-0.004055316394320099,-0.02804030503509769,6-mer
CGCAAG,-0.2676977485126944,-0.07511947980379506,6-mer
CGCATA,0.17043104535731565,-0.3234459225296155,6-mer
CGCATT,0.20482602182763612,-0.7318038890504271,6-mer
CGCATC,-0.007791589025268106,-0.3730133081641089,6-mer
CGCATG,-0.624835457992996,-0.8300749985576876,6-mer
CGCACA,-0.15716577072697097,-0.6516115361562249,6-mer
CGCACT,0.024124674804207387,-0.20956319738576024,6-mer
CGCACC,0.024199614472707427,0.26223535012746885,6-mer
CGCACG,-0.4897592479662748,-0.8558407047398376,Inverted repeat
CGCAGA,-0.04612172206447693,-0.26617411336436103,6-mer
CGCAGT,-0.1300322743187997,-0.16884876488297323,6-mer
CGCAGC,0.12613820477895216,0.12493485024687905,6-mer
CGCAGG,-0.14188667127804086,-0.11208092687002798,6-mer
CGCTAA,0.24753683643846797,0.2449924283394885,6-mer
CGCTAT,-0.12508636042238835,-0.09818039393890335,6-mer
CGCTAC,-0.04069589586077552,0.3082177148564562,6-mer
CGCTAG,-0.3537925935426133,0.20122560902122355,6-mer
CGCTTA,-0.05497760225855085,-0.4309790431478652,6-mer
CGCTTT,-0.19871594069452542,-0.3881895371560837,6-mer
CGCTTC,-0.45057232351502396,-0.10392238987911391,6-mer
CGCTTG,-0.5745940112401052,-0.07610297908579142,6-mer
CGCTCA,-0.04737831599322172,-0.10581299431769557,6-mer
CGCTCT,-0.43446909483402696,-0.2989811022401852,6-mer
CGCTCC,-0.3925384550437818,-0.5199626539175212,6-mer
CGCTCG,-0.3975380122046998,-0.11585592723728028,Inverted repeat
CGCTGA,0.3190819802517645,0.5063853242865175,6-mer
CGCTGT,0.07105437538948343,-0.13309565279615956,6-mer
CGCTGC,0.2621052191350477,0.12058555974587272,6-mer
CGCTGG,0.25635703485177663,0.4514877286562783,6-mer
CGCCAA,0.3342905959050813,0.4082376671735025,6-mer
CGCCAT,0.05978815106295175,-0.23967041276828333,6-mer
CGCCAC,-0.03302921302409706,0.08375640540381885,6-mer
CGCCAG,0.0064225537890448044,0.26395361264468553,6-mer
CGCCTA,0.327491348648487,0.3341028088334643,6-mer
CGCCTT,0.09993952962411941,-0.40264559254571974,6-mer
CGCCTC,-0.026243721967987594,-0.4276061727818993,6-mer
CGCCTG,-0.5140193507804257,-0.4397333272314875,6-mer
CGCCCA,0.26274473711664975,0.023161179447686576,6-mer
CGCCCT,0.23615537708814296,-0.44429087963209146,6-mer
CGCCCC,-0.31539536555440295,-0.7436271266391813,6-mer
CGCCCG,-0.27875956659280743,-0.25807718707163635,Inverted repeat
CGCCGA,0.6314238149323452,0.8233298620316953,6-mer
CGCCGT,0.3456069015401793,0.10460771180064053,6-mer
CGCCGC,0.24167611390297397,0.38371975160987964,6-mer
CGCCGG,0.26548057359541954,0.5715859032845626,6-mer
CGCGAA,-0.28997333583102247,-0.17740218275155686,6-mer
CGCGAT,-0.11234081264543123,0.25358198937231713,6-mer
CGCGAC,-0.18619343804687058,-0.29961940749326316,6-mer
CGCGAG,-0.47932353081460366,-0.344023246868439,6-mer
CGCGTA,-0.12537268316480255,-0.5401082649368957,6-mer
CGCGTT,0.2624389566344756,-0.4555067369591374,6-mer
CGCGTC,-0.23772689806380073,-0.5070769908724055,6-mer
CGCGTG,-0.9006301693507978,-0.7991637220299997,6-mer
CGCGCA,0.18899067729935837,-0.5886313607378937,Inverted repeat
CGCGCT,0.2749041364063689,-0.1861486136722317,Inverted repeat
CGCGCC,-0.1878033108185128,-0.3961027841918456,Inverted repeat
CGCGCG,-0.5264364241147007,-1.002366118682336,Palindromes
CGCGGA,-0.04865937593876587,-0.7029037580925734,6-mer
CGCGGT,0.1711161357307691,0.25677541536211146,6-mer
CGCGGC,0.0709148283929319,-0.01449487035508067,6-mer
CGCGGG,0.008200653617744044,-0.5142405246749784,6-mer
CGGAAA,0.24144860960434864,0.01367493689707644,6-mer
CGGAAT,0.5779230422613354,-0.14543043952156381,6-mer
CGGAAC,-0.5363075608935536,-0.6044072638359135,6-mer
CGGAAG,-0.472978150475245,-0.34998282559860094,6-mer
CGGATA,0.2232952907825805,0.337524949938381,6-mer
CGGATT,0.3485474314529854,0.25718533013710637,6-mer
CGGATC,-0.14557682428561686,0.16529271095923123,6-mer
CGGATG,-0.24677296883585437,-0.2174270680468841,6-mer
CGGACA,0.16276781506967197,-0.06428912835497982,6-mer
CGGACT,0.0838624823079231,-0.13859606075094655,6-mer
CGGACC,-0.728841475194566,-0.22954334076444602,6-mer
CGGACG,-0.6454760098366724,-0.7395723670171153,Inverted repeat
CGGAGA,0.4283782354055164,-0.2526328103733238,6-mer
CGGAGT,0.5309774801943851,-0.2661947467271218,6-mer
CGGAGC,-0.4856471588387875,-0.3622360835408995,6-mer
CGGAGG,-0.37276382664341107,-0.5213464014251845,6-mer
CGGTAA,0.4111526224074085,0.5296800652199665,6-mer
CGGTAT,0.21857656929392538,0.583651555568809,6-mer
CGGTAC,-0.4586977027924535,0.23185640113426445,6-mer
CGGTAG,-0.14936794694424296,1.0529930876138842,6-mer
CGGTTA,-0.13662105147801826,0.5529336465285185,6-mer
CGGTTT,-0.22168155902056827,0.0714289318486025,6-mer
CGGTTC,-0.7327526193102335,0.32018676089093695,6-mer
CGGTTG,-0.8445981348116988,0.29696317037286885,6-mer
CGGTCA,0.21107027718235685,0.654453775767847,6-mer
CGGTCT,-0.18709253534825665,-0.14594036089857465,6-mer
CGGTCC,-0.6147156228584799,-0.35230174393088115,6-mer
CGGTCG,-0.7405822217476032,0.1305754071065428,Inverted repeat
CGGTGA,0.7510988091329119,0.6433279557879034,6-mer
CGGTGT,0.7430132142900182,0.6756040333577942,6-mer
CGGTGC,0.18330430470663506,0.2965368192625138,6-mer
CGGTGG,0.14759336282738753,0.6610002119031375,6-mer
CGGCAA,0.5357458857831731,0.6040713236688607,6-mer
CGGCAT,0.4115544096080188,0.13554062700640804,6-mer
CGGCAC,0.06940715590620031,0.16263250887595632,6-mer
CGGCAG,-0.20301446954966695,0.06835401830263478,6-mer
CGGCTA,0.2990442042140239,0.6994128482833537,6-mer
CGGCTT,0.02404547396665085,0.3229138790329179,6-mer
CGGCTC,-0.26897338195802906,0.23164962759575114,6-mer
CGGCTG,-0.3596281116613854,0.5774720601273553,6-mer
CGGCCA,0.2907583444835923,0.6548944612271729,Inverted repeat
CGGCCT,0.14915398819986217,0.38496183537340584,Inverted repeat
CGGCCC,-0.28544954283728613,0.07658308188690773,Inverted repeat
CGGCCG,-0.4793933183259386,0.26846683037315416,Palindromes
CGGCGA,0.5143953586875613,0.7242738222829197,6-mer
CGGCGT,0.4663305673675654,0.10893437155316395,6-mer
CGGCGC,0.21323917974980006,0.3099235736282966,6-mer
CGGCGG,0.321664134143143,0.5846751398914262,6-mer
CGGGAA,0.47149523158501916,-0.13343098740862805,6-mer
CGGGAT,0.48516037142156954,-0.06480829562809835,6-mer
CGGGAC,-0.26719754037390253,-0.2242648356692186,6-mer
CGGGAG,-0.06030221295361147,-0.48990030374954957,6-mer
CGGGTA,0.28671896815976466,0.3883554566263383,6-mer
CGGGTT,0.1608387151033928,0.33958195945123715,6-mer
CGGGTC,-0.09420082241314304,0.13695921322060003,6-mer
CGGGTG,0.1455439427220804,0.22351122328541329,6-mer
CGGGCA,0.29170150670638506,0.0986256280776747,6-mer
CGGGCT,0.002841968381664271,0.24173691742325468,6-mer
CGGGCC,-0.22438324852681454,-0.01529165195259023,6-mer
CGGGCG,-0.17014457301885502,-0.11868612491005673,Inverted repeat
CGGGGA,0.43294794826648425,-0.6054767743800018,6-mer
CGGGGT,0.4935205969427784,0.2516772812335907,6-mer
CGGGGC,-0.11576721151711401,-0.3425700689261002,6-mer
CGGGGG,-0.1476192224706209,-1.1202361374456626,6-mer
GAAAAA,0.2763796215453672,-0.1405503993087987,6-mer
GAAAAT,0.3796179459716674,0.31602749344767805,6-mer
GAAAAC,0.23167635843083662,0.2826264447800615,6-mer
GAAAAG,0.27694064011405223,0.13972476366661318,6-mer
GAAATA,0.80622825660332,0.13906403773755158,6-mer
GAAATT,0.39161165035803264,0.5624678629340696,6-mer
GAAATC,0.44760536173527443,0.7204774713776371,Inverted repeat
GAAATG,0.052709817430195836,0.3947786602950437,6-mer
GAAACA,-0.2096618626364502,-0.18863201543577235,6-mer
GAAACT,0.1224135440815929,-0.5320136207721973,6-mer
GAAACC,0.19588092205895838,0.07327760721622449,6-mer
GAAACG,-0.10070026638033608,-0.1329344144964821,6-mer
GAAAGA,-0.11112156826420803,0.3243671403387795,6-mer
GAAAGT,0.127037364910251,-0.1771042270466176,6-mer
GAAAGC,-0.09067542347134101,-0.050211445953767614,6-mer
GAAAGG,-0.6389013078319598,0.4358611968157176,6-mer
GAATAA,-0.11971055362308108,-0.5040425053375885,6-mer
GAATAT,0.5431240862664591,0.20922796213799988,6-mer
GAATAC,0.9311258911765882,0.30339214344993465,6-mer
GAATAG,-0.04171797407887964,0.17897014104531928,6-mer
GAATTA,0.6855373553592033,0.3266816248579969,Inverted repeat
GAATTT,0.3107472455319793,0.08034210831760351,Inverted repeat
GAATTC,1.2011925978975566,0.3237147143613766,Palindromes
GAATTG,0.4214637684382766,-0.07907157099119878,Inverted repeat
GAATCA,-0.558630055402607,-0.061654517913789314,6-mer
GAATCT,0.07497189706714256,0.013420515762321424,6-mer
GAATCC,0.40748185151230865,0.30372791607413663,6-mer
GAATCG,-0.3265112007549545,0.2111122548372892,6-mer
GAATGA,-0.6667565918848034,-0.8724499502794892,6-mer
GAATGT,0.16572595324538078,-0.698890376620192,6-mer
GAATGC,-0.040876473736527516,-0.5490854643925596,6-mer
GAATGG,-0.3537828213597706,-0.5015301353541591,6-mer
GAACAA,0.326180515078423,0.31160095672546745,6-mer
GAACAT,0.33124585628140596,-0.36148289392188804,6-mer
GAACAC,0.4541545782532316,-0.06273575534796248,6-mer
GAACAG,0.435306270685967,-0.07676589093906218,6-mer
GAACTA,-0.02722146873502431,-0.05950101174866179,6-mer
GAACTT,0.4872245103506895,-0.20291341339622299,6-mer
GAACTC,1.0590859074324939,0.2989495311092705,Inverted repeat
GAACTG,0.5091896717732015,0.24894864953025658,6-mer
GAACCA,-1.0573056582092024,-0.055438986425426266,6-mer
GAACCT,-0.5828125564324584,-0.08646409074946917,6-mer
GAACCC,-0.21205860481410974,-0.12880601411672002,6-mer
GAACCG,-0.7455018575234915,0.41207465085998707,6-mer
GAACGA,-0.7098048159705331,-0.6793065607642768,6-mer
GAACGT,-0.05828318892136386,-0.23174871690684637,6-mer
GAACGC,0.0681650101129818,-0.5890207172955093,6-mer
GAACGG,-0.4078957561908038,-0.20928504606422382,6-mer
GAAGAA,1.0815184606675576,0.7136330903355823,6-mer
GAAGAT,0.42704618756763113,-0.4706298252421612,6-mer
GAAGAC,0.355172356625203,0.04377240202890539,6-mer
GAAGAG,0.1625793790315108,-0.6012413198788883,6-mer
GAAGTA,0.9523688775196009,-0.06054154193505072,6-mer
GAAGTT,0.6975499273229758,-0.008461578748195989,6-mer
GAAGTC,0.8287091581955719,0.05595640597401532,Inverted repeat
GAAGTG,0.09747025438513014,-0.04675809851029391,6-mer
GAAGCA,-0.9046974940346024,-0.7791096038287839,6-mer
GAAGCT,-0.21331423320297313,0.09953567355091435,6-mer
GAAGCC,0.08530161987887343,0.12162944440153123,6-mer
GAAGCG,-0.4946552770723759,-0.12744401728118526,6-mer
GAAGGA,-0.30827749896001694,0.22795194667834856,6-mer
GAAGGT,0.038179394877627476,0.31832585820716686,6-mer
GAAGGC,-0.05794204913571592,-0.1772184393095469,6-mer
GAAGGG,-0.49186604976234966,-0.06054154193505072,6-mer
GATAAA,0.2650120552742364,-0.3996969531443577,6-mer
GATAAT,-0.0021842472618756686,0.04580368961312465,6-mer
GATAAC,0.2201745960866292,0.41015527789909756,6-mer
GATAAG,0.005325007514604888,-0.02260142893713257,6-mer
GATATA,0.020935762775985352,0.1336245641301952,Inverted repeat
GATATT,0.8491449615562743,0.1292830169449664,Inverted repeat
GATATC,0.6613522592117959,0.7104933828050152,Palindromes
GATATG,-0.16610329048990397,-0.27417496343899417,Inverted repeat
GATACA,-0.3564669584046729,-0.18844508941311028,6-mer
GATACT,-0.14886338591448262,0.06817150264157922,6-mer
GATACC,0.1573563279392568,0.8492200478243909,6-mer
GATACG,-0.43245043036453346,0.11602379633948338,6-mer
GATAGA,-0.12313343888185134,-0.544604763105015,6-mer
GATAGT,-0.2011549582471155,-0.296457407371244,6-mer
GATAGC,-0.27414442711774445,0.7519381011023666,6-mer
GATAGG,-0.3191179532418079,0.5885737542735351,6-mer
GATTAA,-0.17730453180790992,-0.4084648453553575,6-mer
GATTAT,-0.1189410727235073,-0.6515301176601458,6-mer
GATTAC,0.4881450475521131,0.13606154957602853,6-mer
GATTAG,-0.297555145968531,-0.14809863898913384,6-mer
GATTTA,-0.31924151116706156,-0.06817150264157922,6-mer
GATTTT,-0.004300137433625364,0.8795699896090066,6-mer
GATTTC,0.6165350162150666,0.5584153461095969,Inverted repeat
GATTTG,0.09741724587494502,0.2747461581572896,6-mer
GATTCA,-0.5621270718579768,0.07811082650568904,6-mer
GATTCT,0.0,0.5484591669821681,6-mer
GATTCC,0.45427845152175705,0.10958933821483739,6-mer
GATTCG,-0.3907394722598177,0.1659086954702681,6-mer
GATTGA,-0.7121092316739156,0.09953567355091435,6-mer
GATTGT,-0.4965796881089678,-0.2069398437628674,6-mer
GATTGC,-0.31209522428468,-0.18207348931619086,6-mer
GATTGG,-0.6749513137814666,0.05514155419246104,6-mer
GATCAA,0.1781716590684674,0.8187898171198876,6-mer
GATCAT,0.15551264523780292,0.21561919274102137,6-mer
GATCAC,0.36439265618548017,0.7382184774762883,6-mer
GATCAG,0.22919217740562317,0.9718946623196463,6-mer
GATCTA,-0.10781100962110117,0.28630418515664097,6-mer
GATCTT,0.6428485612090625,0.10828171601573199,6-mer
GATCTC,0.7359198923046103,0.44081413421226584,Inverted repeat
GATCTG,0.32021354222339166,0.7179824907986333,6-mer
GATCCA,-0.23436365181713598,0.021164609998042226,6-mer
GATCCT,0.18337850822207136,0.5368259796768862,6-mer
GATCCC,0.2508219646392605,-0.217230716220669,6-mer
GATCCG,-0.19380689472119808,0.28894179579562423,6-mer
GATCGA,-0.32687667024482814,0.3575520046180836,6-mer
GATCGT,-0.2023902249097677,0.10691520391651183,6-mer
GATCGC,-0.061395930099954005,0.4341420332844556,6-mer
GATCGG,-0.43907808672102594,0.5083412191182438,6-mer
GATGAA,0.34946868665032493,-0.09182070842290886,6-mer
GATGAT,0.18565755607756182,0.3460508890875364,6-mer
GATGAC,0.37019492634859236,0.35230174393088115,6-mer
GATGAG,0.2629146850718573,0.2154771532567197,6-mer
GATGTA,0.39568840735883115,-0.08207113293903318,6-mer
GATGTT,0.7303842353511968,0.1275500497205108,6-mer
GATGTC,0.7591202027810411,0.3908754486048536,Inverted repeat
GATGTG,0.09184531218135021,-0.05756528753381423,6-mer
GATGCA,-0.7471111418382759,0.01245174104625616,6-mer
GATGCT,0.12623288077948783,0.010033687026976412,6-mer
GATGCC,0.2932326618868969,0.26461630844940137,6-mer
GATGCG,-0.05388365716370728,-0.07101946332001753,6-mer
GATGGA,-0.3111262273307717,-0.593424079469352,6-mer
GATGGT,-0.05299249965258663,0.6628128377272048,6-mer
GATGGC,-0.11890333004431027,0.17186839927033434,6-mer
GATGGG,-0.2781301662748752,-0.13851204881085086,6-mer
GACAAA,0.19255488413530283,0.2636903253908478,6-mer
GACAAT,0.03378524046303689,0.2993051859266916,6-mer
GACAAC,0.3516865950233973,0.685786870240643,6-mer
GACAAG,0.2904730312364071,0.3481596364605418,6-mer
GACATA,0.4511322954188105,-0.1706703876851341,6-mer
GACATT,0.6296116810959748,0.08886874849905811,6-mer
GACATC,0.7399908025446552,0.05255430568059855,Inverted repeat
GACATG,0.16915382440461435,-0.1606065929095956,6-mer
GACACA,-0.7195485410887968,-0.22280456104526117,6-mer
GACACT,-0.23727665842242707,-0.30763970795495915,6-mer
GACACC,0.6451812868535544,0.48299052761987854,6-mer
GACACG,-0.5759534841153793,-0.046293652273934935,6-mer
GACAGA,-1.0113822684365381,-0.7975789995687264,6-mer
GACAGT,-0.5349736220744181,-0.2464705609593451,6-mer
GACAGC,-0.04976520811815004,0.3445295238244948,6-mer
GACAGG,-0.6505376489181193,-0.28712002435810685,6-mer
GACTAA,-0.5225444210147924,-0.4137488033102711,6-mer
GACTAT,0.17013471072982286,-0.028569152196770736,6-mer
GACTAC,0.6945974364063555,0.37831927673776067,6-mer
GACTAG,-0.47537316250631867,0.12090932434348142,6-mer
GACTTA,-0.29382053125344415,-0.8519988371124464,6-mer
GACTTT,0.4375255419036754,-0.22897256976016087,6-mer
GACTTC,0.6725238411472741,0.2327689629761245,Inverted repeat
GACTTG,0.14752167635761315,-0.08246216019197294,6-mer
GACTCA,-0.587483960799445,-0.18607242401890955,6-mer
GACTCT,-0.7179690631109212,-0.5104452872070816,6-mer
GACTCC,0.29020850916170515,-0.2536662232995985,6-mer
GACTCG,-0.15106905050972363,-0.2734922081000135,6-mer
GACTGA,-1.0546057766200103,-0.707283826329125,6-mer
GACTGT,-0.8148404848625272,-0.43383509473296966,6-mer
GACTGC,-0.5113412550025894,-0.0437951178796847,6-mer
GACTGG,-0.3817232540560091,-0.022663720124331106,6-mer
GACCAA,-0.2591228940633993,0.2850913267069908,6-mer
GACCAT,-0.16521520487190097,0.0376704179660551,6-mer
GACCAC,0.04057054803668957,0.522019357312621,6-mer
GACCAG,0.1903984721820602,0.7357816014523266,6-mer
GACCTA,-0.08634870493665552,0.5207385456354728,6-mer
GACCTT,0.04542949818555976,-0.2649414715984528,6-mer
GACCTC,0.29552476862375116,0.23019782382524834,Inverted repeat
GACCTG,0.2646994983050663,0.5907915795233537,6-mer
GACCCA,-0.5782545077087446,-0.3924508142116034,6-mer
GACCCT,-0.3763721357770608,-0.5499155536219554,6-mer
GACCCC,-0.012142154448907603,-0.522699816303724,6-mer
GACCCG,-0.2023061104935944,0.059483145666830654,6-mer
GACCGA,-0.718033222300268,0.30260991768758316,6-mer
GACCGT,-0.4888322798680498,-0.3136604789037618,6-mer
GACCGC,-0.21460797639773846,0.2927714147731635,6-mer
GACCGG,-0.5067211234500818,0.373447818623101,6-mer
GACGAA,0.4298422882147205,0.04097178105630603,6-mer
GACGAT,0.2597592738009328,0.8115549105868897,6-mer
GACGAC,0.511436285042531,0.3710864573382136,6-mer
GACGAG,0.6485431951545939,-0.0027195013535920723,6-mer
GACGTA,0.319552729118191,-0.5015015900283133,Inverted repeat
GACGTT,0.670967262104464,-0.18342543636870268,Inverted repeat
GACGTC,0.850962780692012,-0.06685186382019459,Palindromes
GACGTG,0.23472543777826968,-0.67224282631044,Inverted repeat
GACGCA,-0.5597828913989064,-0.41142624572646497,6-mer
GACGCT,0.01927138929425,-0.18631943969298106,6-mer
GACGCC,0.34184058663005146,-0.14250074052630507,6-mer
GACGCG,-0.18402436964194305,-0.4373263232826193,6-mer
GACGGA,-0.6817335696186099,-0.8369871463243531,6-mer
GACGGT,0.04335234778153286,0.49299099087472015,6-mer
GACGGC,0.2856412009517857,0.09527666638126606,6-mer
GACGGG,-0.10889896755947162,-0.541362098935772,6-mer
GAGAAA,0.30784095857499544,0.07524589446101204,6-mer
GAGAAT,0.21828100492924532,-0.0666371930302905,6-mer
GAGAAC,0.4424168246711076,-0.17152710603881371,6-mer
GAGAAG,0.629448765953699,-0.21973062161293333,6-mer
GAGATA,0.37146755568867756,-0.6987313756787308,6-mer
GAGATT,0.20266178785431194,0.18589346151467417,6-mer
GAGATC,0.695181985675573,0.3921683917326189,Inverted repeat
GAGATG,0.29396843361455394,-0.4276817085310666,6-mer
GAGACA,-0.6823908572228342,-0.6916184369505851,6-mer
GAGACT,-0.8875252707415874,-0.33257533908687087,6-mer
GAGACC,-0.18525803221580564,-0.1316885419117145,6-mer
GAGACG,-0.2270431403169039,-0.45762146151037536,6-mer
GAGAGA,-1.2456091029155498,-0.849950454640705,6-mer
GAGAGT,-0.6747076710792611,-0.3661278987978972,6-mer
GAGAGC,-0.2534646234621445,-0.9171688169026031,6-mer
GAGAGG,-1.0760767007269254,-0.17063726758410092,6-mer
GAGTAA,-0.08615664374971459,-0.1659119389356888,6-mer
GAGTAT,0.2454299574133187,-0.15666310203338984,6-mer
GAGTAC,0.6761533523446516,0.01751776125802966,6-mer
GAGTAG,0.28175217243279976,0.543485864744997,6-mer
GAGTTA,0.3614938428253691,-0.01885902725131577,6-mer
GAGTTT,0.4926174380910706,0.1864131242308813,6-mer
GAGTTC,1.1587130313152765,0.31513892922472314,Inverted repeat
GAGTTG,0.7359331064381127,0.3263332740073635,6-mer
GAGTCA,-0.571761461097483,-0.26832870550330695,6-mer
GAGTCT,-0.43295940727610627,-0.03782146543496729,6-mer
GAGTCC,0.22022431761619218,-0.8651574577131329,6-mer
GAGTCG,-0.16946029052159617,-0.13267360614574056,6-mer
GAGTGA,-0.5659452745507838,-0.8282336517335201,6-mer
GAGTGT,-0.6450682179775047,-0.32458907635043016,6-mer
GAGTGC,-0.24066125612169664,-0.970480913079945,6-mer
GAGTGG,-0.40776205813215477,-0.43238474284274053,6-mer
GAGCAA,0.032512813518490696,-0.14850601780740658,6-mer
GAGCAT,0.06665693271069019,-0.5670960799276424,6-mer
GAGCAC,0.5069786911361666,-0.19822611020569558,6-mer
GAGCAG,0.7226892210787044,0.6627837810105035,6-mer
GAGCTA,-0.20355930897795546,0.11971355548854468,Inverted repeat
GAGCTT,-0.0007434656391734868,0.009650170033719437,Inverted repeat
GAGCTC,0.09438712600864058,-0.5097561565319823,Palindromes
GAGCTG,0.5493549803168413,0.6780719051126377,Inverted repeat
GAGCCA,-0.7540288328679858,0.04852697349530896,6-mer
GAGCCT,-0.8459225783170915,-0.20454839759702778,6-mer
GAGCCC,-0.2507753646060642,-0.22316994495585432,6-mer
GAGCCG,-0.2966116933177004,0.2478332637974677,6-mer
GAGCGA,-0.9144625960428807,-0.8921298431835613,6-mer
GAGCGT,-0.28751946545591706,-0.19188288982522844,6-mer
GAGCGC,0.0031681863059585544,-0.528995842107641,6-mer
GAGCGG,-0.2673995983951956,-0.1737185746007584,6-mer
GAGGAA,0.7830109371928854,0.22377497538656677,6-mer
GAGGAT,0.3958734947426192,0.08285693240428382,6-mer
GAGGAC,0.5700803726981573,-0.2426553252289538,6-mer
GAGGAG,0.7435592758490085,1.0318000281712936,6-mer
GAGGTA,0.37946526108126283,0.4560379618600042,6-mer
GAGGTT,-0.1233225389757382,0.2104197796703721,6-mer
GAGGTC,0.3230635289338152,0.42481023802602114,Inverted repeat
GAGGTG,0.4725150954912087,0.3925471695808845,6-mer
GAGGCA,-0.8191965347021205,-0.4081683707081061,6-mer
GAGGCT,-0.8954008005868676,-0.1960474261510711,6-mer
GAGGCC,-0.002341223484993538,-0.404808366961957,6-mer
GAGGCG,-0.06595671352521011,-0.5668884933617951,6-mer
GAGGGA,-0.7610612697836692,-0.9776321869715456,6-mer
GAGGGT,-0.2587723789796342,-0.26166757006988783,6-mer
GAGGGC,0.01546284344452163,-0.3553662866058688,6-mer
GAGGGG,-0.5009082546134562,-0.8842330556906701,6-mer
GTAAAA,-0.14839183989267096,-0.48073513184551975,6-mer
GTAAAT,-0.25421055544678767,-0.1852792483193484,6-mer
GTAAAC,0.3302242364424535,-0.21101219348551156,Inverted repeat
GTAAAG,0.3117562898300712,-0.4041765066470771,6-mer
GTAATA,0.9391177578529777,-0.3710941516912467,6-mer
GTAATT,0.6179696066094741,0.2564542574100809,6-mer
GTAATC,0.41382054851846173,0.4069096183954433,6-mer
GTAATG,0.36609977636164565,-0.39993060688863546,6-mer
GTAACA,-0.9218891734943112,-0.47573343096639775,6-mer
GTAACT,-0.05349754849262475,-0.045936284166858896,6-mer
GTAACC,0.05697521132286855,0.6086953501943082,6-mer
GTAACG,0.10469737866669312,-0.010268335453826839,6-mer
GTAAGA,-0.34582075987465993,-0.4070001802134255,6-mer
GTAAGT,-0.18544558677869039,-0.10720960143633548,6-mer
GTAAGC,-0.23967576598670368,-0.11756959638117602,6-mer
GTAAGG,-0.12270652182185443,-0.16992500144231243,6-mer
GTATAA,-0.9824059399852619,-0.9335726382610241,Inverted repeat
GTATAT,-0.48824734623262045,-0.09953567355091435,Inverted repeat
GTATAC,0.0018158530287598106,-0.21909105824619687,Palindromes
GTATAG,-0.21150410519371177,-0.17730453180790964,Inverted repeat
GTATTA,0.062060968132251586,-0.6918777046376681,6-mer
GTATTT,1.017729194432305,-0.4854268271702417,6-mer
GTATTC,0.8557730242062359,0.46777896135081726,6-mer
GTATTG,0.5081181506924587,0.3219280948873623,6-mer
GTATCA,-0.5393890187811373,-0.4067698832952433,6-mer
GTATCT,0.1661334222799381,0.392137097168765,6-mer
GTATCC,0.24049659620437938,-0.06809751638340823,6-mer
GTATCG,-0.2448799227391225,0.3318892049375639,6-mer
GTATGA,-0.6462358179906327,-0.41715755115321307,6-mer
GTATGT,0.02044059332637,-0.33014860169233085,6-mer
GTATGC,0.017786483494968617,-0.3605002152694112,6-mer
GTATGG,-0.4299640435169466,-0.20493145127022563,6-mer
GTACAA,-0.31211380506040654,-0.5085104402832832,6-mer
GTACAT,0.21676325190356388,-0.21921817354130418,6-mer
GTACAC,0.08951440664945522,0.08017034868398323,Inverted repeat
GTACAG,-0.06557386756409112,0.1572684096576919,6-mer
GTACTA,0.08671163319333093,-0.2690331464552369,6-mer
GTACTT,0.7481601802346987,-0.6127456572346943,6-mer
GTACTC,0.670047358968223,0.20218885061326672,6-mer
GTACTG,0.37716194907287426,0.5979015564286544,6-mer
GTACCA,-0.7743740434117703,-0.10604163741032457,6-mer
GTACCT,-0.3602030648407921,-0.09028888532910277,6-mer
GTACCC,-0.14076906215170062,0.1615574001582987,6-mer
GTACCG,-0.3988303184969832,0.2857751440649447,6-mer
GTACGA,-0.9485586146501307,-0.5678889873622145,6-mer
GTACGT,-0.35741322961284117,-0.8777442499490019,6-mer
GTACGC,-0.28414236065238324,-0.43351015935032255,6-mer
GTACGG,-0.30500392111148367,-0.4133392118068182,6-mer
GTAGAA,0.3764395136512037,0.309684499132615,6-mer
GTAGAT,0.2761112994558509,-0.007992790753530692,6-mer
GTAGAC,0.38157338335406915,0.12815635149068233,Inverted repeat
GTAGAG,0.861570979559999,0.03491841620322829,6-mer
GTAGTA,0.6838328779536682,1.1292830169449666,6-mer
GTAGTT,0.6307661903342808,0.40736357139342255,6-mer
GTAGTC,0.7239696150614788,0.285187548072344,6-mer
GTAGTG,0.19418598316820962,0.11681366498274974,6-mer
GTAGCA,-0.7988013690914227,-0.26982357149643293,6-mer
GTAGCT,-0.03442041014819573,0.5086116145910414,6-mer
GTAGCC,0.0012671894015299078,0.6698513983076693,6-mer
GTAGCG,0.06342809312437503,0.5375140367178387,6-mer
GTAGGA,-0.1502664756718439,-0.3482017890964712,6-mer
GTAGGT,0.11545724669657527,0.4371906415173941,6-mer
GTAGGC,0.20044001890805638,0.6595215087408578,6-mer
GTAGGG,-0.07109017562968357,-0.3743955147814978,6-mer
GTTAAA,0.4517235235020341,-0.755515990537986,Inverted repeat
GTTAAT,-0.05339625697809262,0.05033167555014465,Inverted repeat
GTTAAC,0.13197266150814974,-0.18779864020421586,Palindromes
GTTAAG,0.010783675713240919,-0.4125479472531459,Inverted repeat
GTTATA,-0.02466205423426897,-0.22924609237751056,6-mer
GTTATT,0.20281688299968706,-0.576192291093424,6-mer
GTTATC,0.25310097076624766,0.5759737174939017,6-mer
GTTATG,-0.31146109583629356,-0.5567656088905041,6-mer
GTTACA,-0.6931472255747362,-0.46972814081225395,6-mer
GTTACT,-0.21129083073979554,-0.10060394093840574,6-mer
GTTACC,0.4592418028300515,0.5872184746615241,6-mer
GTTACG,-0.192434142195125,0.016961992078718277,6-mer
GTTAGA,-0.879958671014444,-0.4637968111986992,6-mer
GTTAGT,-0.8840807127004326,-0.02046410255971556,6-mer
GTTAGC,-0.16463070177279912,0.597660390455749,6-mer
GTTAGG,-0.7963462760394168,0.3651486234864846,6-mer
GTTTAA,-0.005333444303040753,-1.1514877531856362,6-mer
GTTTAT,0.04291797793470484,-0.5208321633014406,6-mer
GTTTAC,0.06477025539023776,0.33678605361447556,Inverted repeat
GTTTAG,-0.3484258970644384,0.33348512630976207,6-mer
GTTTTA,0.1411147773023137,-0.8146107380604032,6-mer
GTTTTT,0.24781888085885076,-1.1248371119137746,6-mer
GTTTTC,0.15022308699976403,0.07907157099119864,6-mer
GTTTTG,-0.23692156551466254,0.5478608739290586,6-mer
GTTTCA,-0.45706827201652633,-0.26732176423689213,6-mer
GTTTCT,0.15871526625466462,-0.5033487351675042,6-mer
GTTTCC,0.28777469016719276,0.4265675909469388,6-mer
GTTTCG,-0.4519666802534457,-0.039528364186637216,6-mer
GTTTGA,-0.2579574678992661,0.40796792595405373,6-mer
GTTTGT,-0.0006967858338241209,0.06558834162757687,6-mer
GTTTGC,-0.014859349946346715,0.2068559582059823,6-mer
GTTTGG,-0.04122761269328614,0.10839565047114275,6-mer
GTTCAA,-0.13101754680931507,0.16767254971093376,6-mer
GTTCAT,0.179309027248394,0.23551334306988916,6-mer
GTTCAC,-0.005924268149856044,0.07800251200127305,Inverted repeat
GTTCAG,-0.42285061163252946,0.4117808499481396,6-mer
GTTCTA,0.2700730295389142,0.011434895062283575,6-mer
GTTCTT,0.9431906211819141,0.23323585855547918,6-mer
GTTCTC,0.38332863955150565,-0.28720071696454597,6-mer
GTTCTG,-0.21788374103249258,-0.10823267903607055,6-mer
GTTCCA,0.007900388083759376,-0.3279898476745638,6-mer
GTTCCT,0.38275851702249414,-0.39014632373713315,6-mer
GTTCCC,0.1435259773714874,-0.298548692446732,6-mer
GTTCCG,-0.5180383170981633,-0.5434958834257718,6-mer
GTTCGA,-0.18771530080973522,0.41064381944778383,6-mer
GTTCGT,0.05626168808311293,-0.08332838359889608,6-mer
GTTCGC,-0.2694489255271657,-0.1581392177063965,6-mer
GTTCGG,-0.07522080722485658,0.07901574886111043,6-mer
GTTGAA,0.2858312121353555,0.2595199216575571,6-mer
GTTGAT,0.27000237282754036,0.557179344207618,6-mer
GTTGAC,0.3452471728662145,0.5051744748275085,Inverted repeat
GTTGAG,0.2654765478319086,0.4076579689132461,6-mer
GTTGTA,0.7034795187541558,0.0,6-mer
GTTGTT,0.3607860709004172,0.2710374285033304,6-mer
GTTGTC,0.29912250457110345,0.5002953725811503,6-mer
GTTGTG,-0.44928171257803906,-0.0416780312498706,6-mer
GTTGCA,-0.6449769344877969,-0.10264116656413254,6-mer
GTTGCT,0.11972851848842446,0.1489817414698132,6-mer
GTTGCC,0.31157724663412534,0.41372057080685276,6-mer
GTTGCG,-0.1262272292415486,0.04536053339987559,6-mer
GTTGGA,-0.21290864371862323,-0.34558561852669856,6-mer
GTTGGT,-0.1375035237499347,0.4676644299300535,6-mer
GTTGGC,0.11670116536939822,0.7668944474482585,6-mer
GTTGGG,-0.018999722101364525,-0.032376001954666264,6-mer
GTCAAA,-0.08500260305952957,0.38549322366482874,6-mer
GTCAAT,-0.07354778182477849,0.3240265607713599,6-mer
GTCAAC,0.4001078281558034,0.4559023110282951,Inverted repeat
GTCAAG,0.09953567355091435,0.2956965533141827,6-mer
GTCATA,0.25233782270228916,0.37773895785586825,6-mer
GTCATT,-0.09918588689848211,-0.6057210608879536,6-mer
GTCATC,0.3890522530430353,0.27784406581293764,6-mer
GTCATG,-0.21325684480873547,-0.2004718030795257,6-mer
GTCACA,-0.9178725330100592,0.24813402083342995,6-mer
GTCACT,-0.5341431417110327,0.0,6-mer
GTCACC,0.5508315906151768,0.5808733154845185,6-mer
GTCACG,-0.37152005000649196,-0.14144854956305,6-mer
GTCAGA,-0.8489984304000228,-0.25477625483148486,6-mer
GTCAGT,-0.7183646110606712,-0.09149835448549604,6-mer
GTCAGC,0.1588524481379701,0.7428904281233114,6-mer
GTCAGG,-0.3260483425704556,0.28701762539580195,6-mer
GTCTAA,-0.35243349088690074,-0.39891783391556684,6-mer
GTCTAT,0.05702537823495308,-0.5525410230287787,6-mer
GTCTAC,0.4690246994877634,0.23316023768110983,Inverted repeat
GTCTAG,-0.2020139678879313,-0.05469064153341016,6-mer
GTCTTA,-0.09690098355385554,-0.7245463349121384,6-mer
GTCTTT,0.3077094050510806,0.12471140177731004,6-mer
GTCTTC,0.42080894050923934,-0.2598671267551107,6-mer
GTCTTG,0.19060217220336828,-0.013324112529205017,6-mer
GTCTCA,-1.070389327891398,-0.3577530630869324,6-mer
GTCTCT,-1.1680652589470912,-1.1235257461934822,6-mer
GTCTCC,0.12206156939696731,-0.23519303542539388,6-mer
GTCTCG,-0.24169438907872287,-0.6858539170098982,6-mer
GTCTGA,-1.0427230248579058,0.35776269392709475,6-mer
GTCTGT,-0.9966184932497452,-0.20604442724896435,6-mer
GTCTGC,-0.20695746514719696,0.3046730647892673,6-mer
GTCTGG,-0.2738607948750371,0.024453043724538895,6-mer
GTCCAA,-0.0531113364595624,-0.5757733292664958,6-mer
GTCCAT,-0.08707260726340804,-0.3673710656485295,6-mer
GTCCAC,0.0358906013115427,-0.49391052059325297,Inverted repeat
GTCCAG,0.5291015032189197,0.09759994933606707,6-mer
GTCCTA,-0.12127049689358191,-0.5880617393800426,6-mer
GTCCTT,0.30243819033546204,-0.8365012677171205,6-mer
GTCCTC,0.4045258276059482,-0.09310940439148137,6-mer
GTCCTG,-0.029366196836177902,-0.09868427485940677,6-mer
GTCCCA,-0.4023688812828767,-0.9925551878388355,6-mer
GTCCCT,-0.4860893736989419,-0.8251071910352238,6-mer
GTCCCC,-0.09849190048417844,-0.376131592401787,6-mer
GTCCCG,-0.2503985574660584,-0.28763176957454756,6-mer
GTCCGA,-0.7134547831761224,-0.4458292075271484,6-mer
GTCCGT,-0.974944835251987,-1.0775093672209155,6-mer
GTCCGC,-0.2889024916044728,-0.49971105317648934,6-mer
GTCCGG,-0.11724946492411369,0.01598229854185526,6-mer
GTCGAA,0.22996853818081175,0.47150445093787213,Inverted repeat
GTCGAT,0.25959721268745023,0.6135019069350828,Inverted repeat
GTCGAC,0.49379664672897794,0.5969103540256041,Palindromes
GTCGAG,0.6600552469779762,0.5227677391138121,Inverted repeat
GTCGTA,0.3623279148787448,-0.04091644374689201,6-mer
GTCGTT,0.06089232080962939,-0.011681805047635233,6-mer
GTCGTC,0.526120634870505,0.14518182758903586,6-mer
GTCGTG,-0.24487975139692603,-0.3193195793152414,6-mer
GTCGCA,-0.7324926259001908,-0.31769938143217535,6-mer
GTCGCT,-0.3954072978259367,-0.0017371405360572863,6-mer
GTCGCC,0.17427142499427184,0.3789745943357011,6-mer
GTCGCG,-0.14586336728697574,-0.16101800133012104,6-mer
GTCGGA,-0.39810346945541364,-0.31675095401746395,6-mer
GTCGGT,-0.1814049166732404,0.434069599744042,6-mer
GTCGGC,0.19807001267516464,0.6748480042383513,6-mer
GTCGGG,-0.00839834286570377,-0.03473655242490625,6-mer
GTGAAA,0.025090980962830467,0.17508670655809105,6-mer
GTGAAT,-0.15525057943280296,0.03487045984705204,6-mer
GTGAAC,-0.03729854142297536,0.2848973639423953,Inverted repeat
GTGAAG,0.018170910725333663,-0.39474008504561603,6-mer
GTGATA,-0.11449478970686887,-0.12553088208385899,6-mer
GTGATT,-0.2836322767311731,0.1459285790353653,6-mer
GTGATC,0.37693347889794526,0.48506393066703574,6-mer
GTGATG,0.24410882646775714,-0.09702445439486461,6-mer
GTGACA,-0.31205480813046155,0.07974265883838087,6-mer
GTGACT,-0.38530552542338714,-0.26126531298073824,6-mer
GTGACC,0.12478799069726398,0.3066397669981769,6-mer
GTGACG,0.1438363917668353,-0.1881018508169808,6-mer
GTGAGA,-0.5119556425546234,-0.28893626927655075,6-mer
GTGAGT,-0.12793337229916352,-0.19823928303672642,6-mer
GTGAGC,0.017974530917257352,0.08711828963283832,6-mer
GTGAGG,-0.2910184048929995,0.3433017456799293,6-mer
GTGTAA,-0.8010686592101728,-0.7078192485066896,6-mer
GTGTAT,-0.08703488998179712,0.02914634565951641,6-mer
GTGTAC,0.09111025302627913,-0.22613482302226473,Inverted repeat
GTGTAG,0.2641034648237194,-0.12737930647622753,6-mer
GTGTTA,0.005559525341900504,-0.47602812916799214,6-mer
GTGTTT,0.10618767236257227,0.5849625007211562,6-mer
GTGTTC,0.5313516206641493,0.13176860970499613,6-mer
GTGTTG,0.782214759760072,0.3271270015616814,6-mer
GTGTCA,-0.369353904150171,-0.0655235727195817,6-mer
GTGTCT,-0.3400453066606315,0.0780886970749801,6-mer
GTGTCC,0.29645897415645706,-0.24547603444948898,6-mer
GTGTCG,0.17166097219293736,0.4835927630249346,6-mer
GTGTGA,-0.8623811877934303,-0.251936696950463,6-mer
GTGTGT,-0.519519080745222,-0.31421312975935695,6-mer
GTGTGC,-0.09356973538959586,-0.13828866392762,6-mer
GTGTGG,-0.2052034177310037,0.02825441670320028,6-mer
GTGCAA,-0.5160151470036646,-0.38473282755076876,Inverted repeat
GTGCAT,-0.3011245692375122,-0.19299863634163836,Inverted repeat
GTGCAC,0.11047718425585662,-0.15893597629189107,Palindromes
GTGCAG,0.2585363551470161,-0.24332899648623496,Inverted repeat
GTGCTA,-0.5322739611942957,-0.1305841098101443,6-mer
GTGCTT,-0.45360708833052127,-0.5478493277040566,6-mer
GTGCTC,0.5602582876919834,-0.27578867831454057,6-mer
GTGCTG,0.7152498252706582,0.3964954392694396,6-mer
GTGCCA,-0.6755851216412608,-0.40963147662803734,6-mer
GTGCCT,-0.7168712672418793,-0.6096849301323874,6-mer
GTGCCC,0.17482844307312978,-0.2117359246138215,6-mer
GTGCCG,0.02878102162686791,0.01870459893786951,6-mer
GTGCGA,-0.8642498570606211,-0.5116848935049316,6-mer
GTGCGT,-0.47966578878784066,-0.6953949981004152,6-mer
GTGCGC,0.11659946772298486,-0.6586499050658408,6-mer
GTGCGG,-0.043481071017960254,-0.08031161625235955,6-mer
GTGGAA,0.23297343501141088,-0.4870113358862337,6-mer
GTGGAT,-0.06275151277688251,-0.14032128839741462,6-mer
GTGGAC,0.07744602403260324,-0.1937717433966801,Inverted repeat
GTGGAG,0.23391069086221863,-0.6535892199132944,6-mer
GTGGTA,-0.011680020592938612,0.19326043092288675,6-mer
GTGGTT,-0.4894559437651607,0.11140196055793143,6-mer
GTGGTC,0.08154615876618514,0.4791678366985595,6-mer
GTGGTG,0.5053993051703695,0.6260814880467485,6-mer
GTGGCA,-0.49881620439742097,-0.1516894299932462,6-mer
GTGGCT,-0.5230752989294807,0.020593934726909693,6-mer
GTGGCC,-0.0197439352984148,0.2983759651628564,6-mer
GTGGCG,-0.012615060862204411,0.1231482307728649,6-mer
GTGGGA,-0.2012012040841198,-0.6447004471132949,6-mer
GTGGGT,-0.1494871140425208,0.2612321631998084,6-mer
GTGGGC,-0.06202086942342145,-0.13559224719631172,6-mer
GTGGGG,-0.05177865273252744,-0.3415569016362948,6-mer
GCAAAA,-0.19278857495435595,0.46647888462871323,6-mer
GCAAAT,-0.3737339556545143,-0.02566488339334724,6-mer
GCAAAC,-0.10133090792895029,-0.01060376792241306,6-mer
GCAAAG,0.1376068723685463,0.0990673420938269,6-mer
GCAATA,0.5215567848894688,-0.025237291499022756,6-mer
GCAATT,0.14894572532675246,-0.161887682376894,6-mer
GCAATC,-0.2710271965873245,0.10973144065680278,6-mer
GCAATG,0.20121552476969842,-0.14999446793313162,6-mer
GCAACA,0.3458429929792597,0.06879333481685505,6-mer
GCAACT,0.1354178843862142,-0.12495827043082121,6-mer
GCAACC,-0.4475561794264852,0.31517072871205354,6-mer
GCAACG,0.254425786264763,0.12029423371771174,6-mer
GCAAGA,0.199937570508752,-0.22239242133644793,6-mer
GCAAGT,-0.04105278815653104,-0.6663901000650025,6-mer
GCAAGC,-0.328522703954784,0.4485344112669307,Inverted repeat
GCAAGG,-0.031245562142339086,-0.47612241988015186,6-mer
GCATAA,-0.23399473288244,-0.4959574946624113,6-mer
GCATAT,-0.07691737088889561,-0.4394609732180614,6-mer
GCATAC,0.07400058144377666,-0.6225767925209339,6-mer
GCATAG,0.010740174409266138,-0.30854906508616253,6-mer
GCATTA,0.2582940918176377,-1.0159415438690216,6-mer
GCATTT,0.2070350827966845,-0.38788589301887694,6-mer
GCATTC,0.008770209627731966,-0.5471304271954175,6-mer
GCATTG,0.19945941055569935,-0.025449291456430347,6-mer
GCATCA,-0.06892208461753765,-0.31489977462338237,6-mer
GCATCT,0.07072025920168906,-0.21180908247862051,6-mer
GCATCC,0.10212102729885349,-0.36197625552742996,6-mer
GCATCG,0.023036125578569662,0.3520900653976149,6-mer
GCATGA,-0.2625354623597254,-0.41199704495879275,Inverted repeat
GCATGT,-0.1814081060596918,-0.23297717197761394,Inverted repeat
GCATGC,-0.25416716807957124,-0.680741091888622,Palindromes
GCATGG,-0.3163743022110427,-0.6132119775253299,Inverted repeat
GCACAA,-0.1433800900866041,-0.21853494566693393,6-mer
GCACAT,0.15104238551789986,-0.31382629639039783,6-mer
GCACAC,-0.012444501963638891,-0.3197068549706838,6-mer
GCACAG,-0.5483515826941378,-0.2212142301391666,6-mer
GCACTA,0.2808628464759084,0.08690806522316508,6-mer
GCACTT,0.01354653183794787,-0.25477625483148486,6-mer
GCACTC,-0.2642517966945575,-0.5869648536323039,6-mer
GCACTG,0.012873662207837524,-0.04602132115611965,6-mer
GCACCA,0.14034412846322475,0.24701238810945156,6-mer
GCACCT,0.23838562300836585,0.20758373582236875,6-mer
GCACCC,0.20112965482283848,-0.01906808668699989,6-mer
GCACCG,0.17850116813083655,0.4114442345548354,6-mer
GCACGA,-0.325305000758288,-0.42107641576018434,6-mer
GCACGT,0.11028256075885585,-0.7632597997035856,6-mer
GCACGC,-0.22892168806210592,-0.674040902096524,Inverted repeat
GCACGG,-0.3750095481698777,-0.5311189178631105,6-mer
GCAGAA,0.08488889758651282,0.09650798085334633,6-mer
GCAGAT,0.34975404357143164,0.12288616082829504,6-mer
GCAGAC,-0.20274002154251466,0.4651851458675947,6-mer
GCAGAG,-0.6052213397049563,-0.33709169587374904,6-mer
GCAGTA,0.1102124663385484,0.1567961046339491,6-mer
GCAGTT,0.3380087942945567,0.04570361018185528,6-mer
GCAGTC,-0.5939813872360092,-0.379451796008338,6-mer
GCAGTG,-0.10500694204235782,-0.1867134458586296,6-mer
GCAGCA,0.47156785495655557,0.2398047716271493,6-mer
GCAGCT,0.2742737501364103,0.3469811864685274,6-mer
GCAGCC,-0.22464078128214265,0.07488036297783379,6-mer
GCAGCG,0.2492243598299609,0.2335173593579239,6-mer
GCAGGA,0.39000384237403385,0.26450541798355615,6-mer
GCAGGT,0.28962999300562897,0.32083555788635054,6-mer
GCAGGC,-0.20188756148718892,0.0012550631856242036,Inverted repeat
GCAGGG,-0.0362477661368524,-0.5766732925165752,6-mer
GCTAAA,0.41436507090922986,0.14505033280328306,6-mer
GCTAAT,0.0310960802258099,-0.1716113780701989,6-mer
GCTAAC,-0.2314705124847558,0.7919320533841347,6-mer
GCTAAG,-0.1819186713493374,0.09458985094611198,6-mer
GCTATA,-0.15611920191728196,-0.19680070743370703,6-mer
GCTATT,0.05329549502708781,0.3294617675727698,6-mer
GCTATC,-0.1840069433907308,0.25817567365602606,6-mer
GCTATG,-0.39314489343000164,-0.28812538679662414,6-mer
GCTACA,-0.2824806134764571,-0.03782146543496729,6-mer
GCTACT,-0.018994464020857072,0.47107153419317166,6-mer
GCTACC,0.0026886699023746905,0.961338379630895,6-mer
GCTACG,-0.22993915388316644,0.310214674323572,6-mer
GCTAGA,-0.43895067436199126,-0.20163386116965054,Inverted repeat
GCTAGT,-0.46694958792131364,0.6011888151357394,Inverted repeat
GCTAGC,-0.22239242133644793,0.6490928381408717,Palindromes
GCTAGG,-0.5062537349728825,0.3298768480028532,Inverted repeat
GCTTAA,0.27556603764241383,-0.5964581395589855,6-mer
GCTTAT,-0.26848883592590184,-0.013358382855018953,6-mer
GCTTAC,-0.052171469950172536,0.06731626813856327,6-mer
GCTTAG,-0.40618270139270224,-0.1458508664634547,6-mer
GCTTTA,0.3219280948873623,-0.19973182392527575,6-mer
GCTTTT,0.014693885143033587,0.009491448977297734,6-mer
GCTTTC,-0.17776061508252716,0.07108309806148264,6-mer
GCTTTG,-0.12073941432626638,0.1182628816198197,6-mer
GCTTCA,-0.6763696098816373,-0.1343774227632153,6-mer
GCTTCT,-0.10693468386926573,-0.31309824388460833,6-mer
GCTTCC,-0.12767437492873887,-0.030979304697435373,6-mer
GCTTCG,-0.4620362553860959,0.01876304984538409,6-mer
GCTTGA,-0.3132743103982772,-0.05040495343724313,6-mer
GCTTGT,-0.5449903654569322,-0.0703893278913978,6-mer
GCTTGC,-0.24294154084075859,0.0500217185093369,Inverted repeat
GCTTGG,-0.36381017800642945,0.13250691781925286,6-mer
GCTCAA,0.49972344906290783,0.08895092290974833,6-mer
GCTCAT,0.24924791316315376,-0.07544255561768325,6-mer
GCTCAC,0.1426727777175323,-0.012965891303166537,6-mer
GCTCAG,-0.29397117327379635,-0.1591985948492538,6-mer
GCTCTA,0.6885873432983894,0.18970380263027323,6-mer
GCTCTT,-0.054398308035441365,-0.30507617665071946,6-mer
GCTCTC,-0.41553636881162465,-0.6998397201948733,6-mer
GCTCTG,-0.6393649055588004,-0.3219280948873623,6-mer
GCTCCA,-0.13398114531945984,-0.7590749070288875,6-mer
GCTCCT,0.0031136453575930714,0.5502648799730671,6-mer
GCTCCC,-0.13122260098869554,-0.45425275698298523,6-mer
GCTCCG,-0.4844119167936068,-0.6701298839838334,6-mer
GCTCGA,0.18701687168515216,0.24220090241662823,6-mer
GCTCGT,-0.032224172571598035,-0.29775578501216,6-mer
GCTCGC,-0.29166512174646947,0.07249280038939003,Inverted repeat
GCTCGG,0.05981272856102963,0.25375659224578306,6-mer
GCTGAA,0.057090370483661515,0.4040663814578407,6-mer
GCTGAT,0.3193478014871038,0.9971600482150385,6-mer
GCTGAC,0.1509553084902215,0.576788569275456,6-mer
GCTGAG,-0.3546820072072201,0.2682175081425947,6-mer
GCTGTA,0.350485705569972,-0.34709867062226835,6-mer
GCTGTT,0.4016933731724168,0.24305507357295322,6-mer
GCTGTC,-0.12434541392525533,0.24381585972058858,6-mer
GCTGTG,-0.45806833477408676,0.40870453772293514,6-mer
GCTGCA,0.15344795590020757,-0.11222200576367378,6-mer
GCTGCT,0.5327621191432813,0.24100809950379493,6-mer
GCTGCC,0.0453762267016549,0.4437864377604618,6-mer
GCTGCG,0.09704490683551503,0.15745564948009563,6-mer
GCTGGA,0.47366043764364013,0.23210983263889307,6-mer
GCTGGT,0.18813143044465852,0.7695439632774638,6-mer
GCTGGC,0.24527225316177592,0.8357343526423289,Inverted repeat
GCTGGG,0.2726635270709488,0.3599053744965502,6-mer
GCCAAA,0.022179385542927345,0.023826013726252825,6-mer
GCCAAT,-0.07490569249823768,0.04259187672446807,6-mer
GCCAAC,0.18117943125358185,0.838765958821732,6-mer
GCCAAG,0.14651559826279115,-0.01064724419950843,6-mer
GCCATA,-0.2755206496970833,-0.1555499791673884,6-mer
GCCATT,-0.21252023647530846,-0.31444063035761877,6-mer
GCCATC,-0.09733967003131631,0.1149657141205204,6-mer
GCCATG,-0.3041258344064771,-0.41953889151378465,6-mer
GCCACA,-0.5920938966373722,-0.09118379341131326,6-mer
GCCACT,-0.3717165359244935,-0.35388783628490744,6-mer
GCCACC,0.1978078108760658,0.6924943727560074,6-mer
GCCACG,-0.522206676445002,-0.1732377354831481,6-mer
GCCAGA,-0.2714067033739107,0.19213628053247087,6-mer
GCCAGT,-0.13961440462147284,-0.0247355935879852,6-mer
GCCAGC,0.2453347776391456,0.6990215211926051,Inverted repeat
GCCAGG,-0.03147982702970503,0.4561134422817595,6-mer
GCCTAA,-0.21211494214062077,0.3219280948873623,6-mer
GCCTAT,-0.03688650470862895,0.3859445877585171,6-mer
GCCTAC,0.23164224208343012,0.670090750451045,6-mer
GCCTAG,-0.408909272214752,0.2995602818589078,6-mer
GCCTTA,-0.1446526713868782,0.15200309344504997,6-mer
GCCTTT,-0.29557676794041,-0.11069308825382487,6-mer
GCCTTC,-0.0584275650067682,-0.13636260234536537,6-mer
GCCTTG,0.031743103006675724,0.13266830212960487,6-mer
GCCTCA,-0.6199394972741052,-0.49333202525558795,6-mer
GCCTCT,-1.1089890180576265,-0.710117632043446,6-mer
GCCTCC,-0.11933553524211153,-0.5687131490760813,6-mer
GCCTCG,-0.06588528410899723,-0.02769656692921255,6-mer
GCCTGA,-0.515250789864138,-0.14507106847950424,6-mer
GCCTGT,-0.7103407085849786,0.014612540607892506,6-mer
GCCTGC,-0.2030779322855473,-0.20102474355836916,Inverted repeat
GCCTGG,-0.19697801690937844,0.17198746789920466,6-mer
GCCCAA,-0.011860399578269402,0.06008060400401073,6-mer
GCCCAT,-0.1305079520229757,-0.21572869105543707,6-mer
GCCCAC,-0.10100331868347581,-0.039323129811031476,6-mer
GCCCAG,0.3971233724514895,0.33795011261170455,6-mer
GCCCTA,0.008964844901948786,-0.03796785019902047,6-mer
GCCCTT,0.1583852495606815,-0.692818490481824,6-mer
GCCCTC,0.09925414461239027,-0.556665958050134,6-mer
GCCCTG,0.15378948005127063,-0.013268048991045478,6-mer
GCCCCA,-0.11989588868694086,-0.4485900589898704,6-mer
GCCCCT,-0.5847689672792012,-0.8222258756373876,6-mer
GCCCCC,-0.2576835072168731,-0.844805606379839,6-mer
GCCCCG,-0.1810317862939689,-0.22036794103105767,6-mer
GCCCGA,-0.2150832490222077,-0.009167274949417853,6-mer
GCCCGT,-0.4066536447228169,-0.27049317589029465,6-mer
GCCCGC,0.041424840959221325,-0.1630055875025216,Inverted repeat
GCCCGG,-0.04018352422114106,0.19817031967113244,6-mer
GCCGAA,0.1982240359538662,0.7163439835501204,6-mer
GCCGAT,0.028756574168299572,0.8714223919964404,6-mer
GCCGAC,0.24083006318649258,0.599756167867272,6-mer
GCCGAG,0.4089093948086757,0.5453663263753612,6-mer
GCCGTA,0.11997066275921817,-0.13263776857811888,6-mer
GCCGTT,0.13318071211727628,0.10575361364370416,6-mer
GCCGTC,0.21089352676565656,0.06734630832639966,6-mer
GCCGTG,-0.33859787238364963,-0.3147890723536905,6-mer
GCCGCA,0.012875799384869397,0.021268616753651277,6-mer
GCCGCT,-0.09914084034812196,0.4691627131398117,6-mer
GCCGCC,0.3119346464006326,0.5389178979837164,6-mer
GCCGCG,0.06091003465207305,0.10413508886482183,6-mer
GCCGGA,0.04080563916529427,0.16723884473540626,Inverted repeat
GCCGGT,-0.021867029538974767,0.76836769330534,Inverted repeat
GCCGGC,0.021438405574385033,0.6036077486738246,Palindromes
GCCGGG,0.06740237258835644,0.25011447518732066,Inverted repeat
GCGAAA,-0.07201356893597337,0.16955701392829348,6-mer
GCGAAT,-0.04087541141167884,-0.20772703415469673,6-mer
GCGAAC,-0.335699214659963,-0.1319413191120767,6-mer
GCGAAG,-0.16371732626258098,0.19963766508393443,6-mer
GCGATA,-0.14940932709253632,0.36275410834610194,6-mer
GCGATT,-0.39101427007232775,0.387229926517522,6-mer
GCGATC,-0.10607055627013197,0.5248827837655249,6-mer
GCGATG,0.09103184680930744,0.23633847836358635,6-mer
GCGACA,-0.1121235697882378,-0.09788315740519768,6-mer
GCGACT,-0.32607973815782976,-0.15650448567999073,6-mer
GCGACC,-0.378319165547387,-0.04592100437485939,6-mer
GCGACG,0.0644862637288977,-0.06198688689570076,6-mer
GCGAGA,-0.2493668719095178,-0.8608925905474756,6-mer
GCGAGT,-0.0733083213237615,-0.45542474818077416,6-mer
GCGAGC,-0.33317534009483896,0.07327760721622449,Inverted repeat
GCGAGG,-0.24080794135920056,-0.34241325392394684,6-mer
GCGTAA,0.1759846137340082,-0.08883836499117428,6-mer
GCGTAT,-0.1864536033218307,-0.4803498892357139,6-mer
GCGTAC,-0.24368839643755735,-0.46597446450406926,6-mer
GCGTAG,0.07164663858938328,0.26992079141903375,6-mer
GCGTTA,0.26632092554256853,-0.29322112643266973,6-mer
GCGTTT,0.06825174375180255,-0.5165460375490811,6-mer
GCGTTC,0.15486223237737015,-0.3771061725425887,6-mer
GCGTTG,0.5052929527787183,-0.10531354397860751,6-mer
GCGTCA,-0.14061199335492452,-0.40947797393694313,6-mer
GCGTCT,-0.29101173995856155,-0.17461947251239865,6-mer
GCGTCC,-0.10036193670381666,-0.7496948329431463,6-mer
GCGTCG,0.08396936753448733,-0.13034560182609628,6-mer
GCGTGA,-0.2466956690190462,-0.23266075679027493,6-mer
GCGTGT,-0.5926069158834014,-0.14328877477406,6-mer
GCGTGC,-0.18582426791412693,-0.6481074732157824,Inverted repeat
GCGTGG,-0.32218329109412247,-0.3263603412026229,6-mer
GCGCAA,0.11330067345373969,-0.26621144970941274,6-mer
GCGCAT,0.11658236589069274,-0.6485111565221734,6-mer
GCGCAC,0.13815717474485034,-0.4798022779763635,6-mer
GCGCAG,0.3306759135441341,0.006365510034536333,6-mer
GCGCTA,0.08078075926505074,-0.043144491700516104,6-mer
GCGCTT,-0.2874468440040474,-0.17200531188335938,6-mer
GCGCTC,0.03147773484161602,-0.4597909001833923,6-mer
GCGCTG,0.5598238418975376,0.19833762337293862,6-mer
GCGCCA,-0.024435020223024535,-0.11889927708045368,6-mer
GCGCCT,-0.15937570422744074,-0.467854197722292,6-mer
GCGCCC,-0.04771588853822332,-0.7311832415722003,6-mer
GCGCCG,0.244251334176135,0.2587835416132024,6-mer
GCGCGA,-0.29985265605480804,-0.3017148739978535,Inverted repeat
GCGCGT,-0.33566153819863614,-0.7920881654042936,Inverted repeat
GCGCGC,-0.08477336544012738,-0.8157705854460136,Palindromes
GCGCGG,-0.006173383797263292,-0.35008551065136306,Inverted repeat
GCGGAA,-0.05353248341568733,-0.3243991689272094,6-mer
GCGGAT,0.10510847447178319,0.11190423098133265,6-mer
GCGGAC,-0.31373059433150147,-0.47837206963629153,6-mer
GCGGAG,-0.1872913192906867,-0.49388840591843786,6-mer
GCGGTA,0.15806484623225117,0.7067303318088577,6-mer
GCGGTT,-0.501420389104887,0.1520030934450497,6-mer
GCGGTC,-0.2155341186637461,0.18048319314088906,6-mer
GCGGTG,0.4056335122815657,0.42714266124229355,6-mer
GCGGCA,0.20449701189495462,0.15755726793124117,6-mer
GCGGCT,-0.13276174873037916,0.23475691340570812,6-mer
GCGGCC,0.0726183354459884,0.31603256979383954,6-mer
GCGGCG,0.22216941325301284,0.2563613571208642,6-mer
GCGGGA,0.13383817014789218,-0.17415312474754333,6-mer
GCGGGT,0.2109533865218092,0.33867135872193865,6-mer
GCGGGC,0.11870851811175114,-0.03150114321400122,Inverted repeat
GCGGGG,0.11511012667895242,-0.7012752827172338,6-mer
GGAAAA,0.6431455775599408,0.006997726124819633,6-mer
GGAAAT,0.4926097413571875,0.36773178450048705,6-mer
GGAAAC,0.3273953207496978,-0.41953889151378465,6-mer
GGAAAG,0.25175169519956686,0.03382166709673596,6-mer
GGAATA,0.8274778870716485,0.03476541816067659,6-mer
GGAATT,1.0887767274721936,0.11602379633948338,6-mer
GGAATC,0.4954296516514982,-0.12502458446824347,6-mer
GGAATG,0.4091996437848694,-0.9583878103276303,6-mer
GGAACA,0.07662884093652814,-0.08473622336647658,6-mer
GGAACT,0.5903510197165177,-0.2376031906781997,6-mer
GGAACC,-0.5324058512281723,-0.29034864542468447,Inverted repeat
GGAACG,-0.25654883812059076,-0.9483543944492997,6-mer
GGAAGA,0.22964616114712205,-0.1929224926227793,6-mer
GGAAGT,0.6209754792919533,-0.26507067299031256,6-mer
GGAAGC,-0.11909505710218396,-0.1704873460375785,6-mer
GGAAGG,-0.12313488654454659,-0.04914764932908781,6-mer
GGATAA,0.21373208319675618,-0.11607696593860824,6-mer
GGATAT,0.46045551553080155,0.05122532335517317,6-mer
GGATAC,0.06008452283219078,0.19723234743804768,6-mer
GGATAG,0.10308083113586089,0.33433311577814306,6-mer
GGATTA,0.38683714089371907,0.07223581664771152,6-mer
GGATTT,0.815241214552751,0.5615985076556458,6-mer
GGATTC,0.4853721288691267,0.12452235702294279,6-mer
GGATTG,0.01524921639469928,-0.3079818118877684,6-mer
GGATCA,-0.055427059333789074,0.38890378980585255,Inverted repeat
GGATCT,0.4503721401894138,0.3237508304941804,Inverted repeat
GGATCC,-0.05372831225266715,-0.09953567355091435,Palindromes
GGATCG,-0.2412416690270483,0.15037660506433198,Inverted repeat
GGATGA,0.03066209327812342,-0.2572980362846495,6-mer
GGATGT,0.4655592748580098,-0.15611920191728196,6-mer
GGATGC,0.03051642652306422,-0.2638410567023844,6-mer
GGATGG,-0.2006625455462848,-0.19408705211630228,6-mer
GGACAA,0.5006633048424896,0.03879248299705891,6-mer
GGACAT,0.5003275354862893,-0.23229088240268597,6-mer
GGACAC,0.28875761670143724,-0.5820152166708193,6-mer
GGACAG,0.13562029095784933,-0.2778430913478729,6-mer
GGACTA,0.2263592932131063,-0.1956475661039193,6-mer
GGACTT,0.6442383100367624,-0.20063786869592656,6-mer
GGACTC,0.19214552979305236,-0.5777309314900804,6-mer
GGACTG,-0.07536575206769434,-0.48056926352093937,6-mer
GGACCA,-0.5936797178222651,0.0429372450813615,6-mer
GGACCT,-0.20163386116965054,-0.22513779807526527,6-mer
GGACCC,-0.39397342362559296,-0.647177897166854,Inverted repeat
GGACCG,-0.6734053495255072,-0.1985557822531547,6-mer
GGACGA,-0.2626091456860164,-0.3820303933905258,6-mer
GGACGT,0.09578927020906347,-0.8153972193581908,6-mer
GGACGC,-0.11124204667712959,-0.6911828206035762,6-mer
GGACGG,-0.27931577658473566,-0.6693996030981868,6-mer
GGAGAA,1.0954195650786824,0.04375020279302641,6-mer
GGAGAT,0.7711670783038697,-0.35900346436451575,6-mer
GGAGAC,0.11989728914487076,-0.3893273801729488,6-mer
GGAGAG,-0.12891602791321127,-0.523561956057013,6-mer
GGAGTA,0.6986716743441705,0.22862437504796249,6-mer
GGAGTT,1.229623990567524,0.18516995738024924,6-mer
GGAGTC,0.30687546581821357,-0.39832577217474835,6-mer
GGAGTG,0.02559982323629651,-0.68717411221989,6-mer
GGAGCA,-0.36010781013425436,-0.1250125795667379,6-mer
GGAGCT,0.09380009040038001,-0.3148733373534118,6-mer
GGAGCC,-0.3114109429257955,0.09478735865275116,Inverted repeat
GGAGCG,-0.318213865978526,-0.7119353569789215,6-mer
GGAGGA,0.006090711363170423,0.28430302258744505,6-mer
GGAGGT,-0.0039364145591702804,0.6258186302450031,6-mer
GGAGGC,-0.146018611948312,-0.6538243588659604,6-mer
GGAGGG,-0.4561059817617983,-0.9037557611339861,6-mer
GGTAAA,0.555000262705289,0.257797757467647,6-mer
GGTAAT,0.8127555223576614,0.6232509854455301,6-mer
GGTAAC,0.2904850472364811,0.5763633717949573,6-mer
GGTAAG,0.2313255461064557,-0.02914634565951641,6-mer
GGTATA,0.12539355448955308,-0.5086591334079587,6-mer
GGTATT,0.8055358466488801,0.4934085628317159,6-mer
GGTATC,0.16387432000771213,0.5417093027672722,6-mer
GGTATG,-0.11512486791497568,-0.028140480364501185,6-mer
GGTACA,-0.4974996594708167,-0.05950101174866165,Inverted repeat
GGTACT,0.24790951586321988,0.26912173571270886,Inverted repeat
GGTACC,-0.3955962323748621,0.8633428799357616,Palindromes
GGTACG,-0.7568616995568528,-0.2847294769331129,Inverted repeat
GGTAGA,0.16642556108841963,0.4898052676808161,6-mer
GGTAGT,0.5022539275749266,0.454326630392901,6-mer
GGTAGC,0.02309796585974973,1.1750867065580914,6-mer
GGTAGG,-0.0994037338150422,0.4865587966601617,6-mer
GGTTAA,0.05716487513681755,-0.6305435350300517,6-mer
GGTTAT,0.18514274673056505,0.03316686393519926,6-mer
GGTTAC,0.053635710097052744,0.38574319248480554,6-mer
GGTTAG,-0.3779805372764868,0.8184296947951025,6-mer
GGTTTA,0.022122810898140187,-0.050626073069967865,6-mer
GGTTTT,0.048714139832917946,0.6193959977850301,6-mer
GGTTTC,-0.15591674294292052,0.2600003457441605,6-mer
GGTTTG,-0.040231322958923905,0.47365291751644906,6-mer
GGTTCA,-0.7848224004963088,0.6650504120438483,6-mer
GGTTCT,-0.2859784525275579,-0.09797515956329732,6-mer
GGTTCC,-0.43469160166375514,-0.2054469142808501,Inverted repeat
GGTTCG,-0.7444852082628919,0.12640550777956974,6-mer
GGTTGA,-0.32592870432519433,0.4839089995279886,6-mer
GGTTGT,-0.4335326104466205,0.12390687848932433,6-mer
GGTTGC,-0.5752276414636953,0.34453424592910986,6-mer
GGTTGG,-0.5131043047324191,0.6303729604111027,6-mer
GGTCAA,0.38133476166186164,0.7604245669901952,6-mer
GGTCAT,0.24418925738940708,0.4404140621796367,6-mer
GGTCAC,0.18176438407435427,0.26077943936238157,6-mer
GGTCAG,0.20928655310075528,0.8323668100656773,6-mer
GGTCTA,0.13279248947921518,-0.24930742272228157,6-mer
GGTCTT,0.24148568131479511,0.026311277115846916,6-mer
GGTCTC,-0.2128917804963316,-0.33873413196564633,6-mer
GGTCTG,-0.18513758854238488,0.39382101336914793,6-mer
GGTCCA,-0.20330558214568095,-0.3449346594788819,6-mer
GGTCCT,-0.336907804746445,-0.21470315574780016,6-mer
GGTCCC,-0.5193073227895258,-0.6812047945976003,Inverted repeat
GGTCCG,-0.7185971698036828,-0.30317188763171266,6-mer
GGTCGA,-0.03313983192198792,0.5442017221160493,6-mer
GGTCGT,-0.37731308332878627,-0.04358926854768261,6-mer
GGTCGC,-0.355007870475828,0.19489518763827152,6-mer
GGTCGG,-0.39292505933044936,0.4090565222281149,6-mer
GGTGAA,0.5686525426579467,0.38332863955150565,6-mer
GGTGAT,0.7478479006946891,0.520079649136302,6-mer
GGTGAC,0.5458820481193007,0.46474541853376505,6-mer
GGTGAG,0.3394516460869535,0.6238769452403723,6-mer
GGTGTA,0.5990073381195665,0.02774499048290411,6-mer
GGTGTT,1.122255750050998,0.8941390980562746,6-mer
GGTGTC,0.6777619195293519,0.4541271072218585,6-mer
GGTGTG,0.17535377564074817,0.41643208135059684,6-mer
GGTGCA,-0.12547027610427097,0.14564159319361175,6-mer
GGTGCT,0.6383621953106664,0.32983948587336664,6-mer
GGTGCC,0.22444803685107062,0.3702840983742953,Inverted repeat
GGTGCG,0.022436084662604154,0.04708056255374271,6-mer
GGTGGA,0.17882612357168928,-0.05727123555705967,6-mer
GGTGGT,0.3864132055665621,0.799188109249065,6-mer
GGTGGC,0.18374407242886448,0.7200765804610603,6-mer
GGTGGG,0.019018792583034554,0.19469820532814366,6-mer
GGCAAA,0.15796663900799268,0.1121357103305479,6-mer
GGCAAT,0.2864423181046257,0.369101215111985,6-mer
GGCAAC,0.21995612178608476,0.5367034421951045,6-mer
GGCAAG,0.25617579803781665,0.16019442867070077,6-mer
GGCATA,0.406126445371448,-0.3868629926866522,6-mer
GGCATT,0.38167512069899195,0.016425547913111314,6-mer
GGCATC,0.2804352279210156,0.18724249766038453,6-mer
GGCATG,-0.01840656555157309,-0.15391268345368125,6-mer
GGCACA,-0.48040429204890567,-0.3459553655338118,6-mer
GGCACT,-0.12920596842344484,-0.3320065479129131,6-mer
GGCACC,0.23963562268991567,0.24291621109588502,Inverted repeat
GGCACG,-0.5210587117260753,-0.3474079631608927,6-mer
GGCAGA,-0.49009217133909255,-0.25844713633814187,6-mer
GGCAGT,-0.4114743483885422,-0.16810914841355232,6-mer
GGCAGC,-0.028210922075877342,0.4206329621723632,6-mer
GGCAGG,-0.3547644286870855,0.2082586044176711,6-mer
GGCTAA,0.05979791662368263,0.4700935021301647,6-mer
GGCTAT,0.022843865168990205,0.14373547746144952,6-mer
GGCTAC,0.09532063105121362,0.7679924897868308,6-mer
GGCTAG,-0.03177474674312327,0.6515247505010784,6-mer
GGCTTA,-0.14237544071712538,0.2477866321348569,6-mer
GGCTTT,0.18876164345516777,0.39427893911204637,6-mer
GGCTTC,-0.05832595964076338,0.1485475348088308,6-mer
GGCTTG,-0.41847117271287193,0.2307339139304839,6-mer
GGCTCA,-0.3656360282820499,-0.11998778806762916,6-mer
GGCTCT,-0.5357653102779518,-0.42024835552655226,6-mer
GGCTCC,-0.2875055210836002,0.0016497372190923975,Inverted repeat
GGCTCG,-0.49794058094151317,-0.00682419911393165,6-mer
GGCTGA,-0.33827991384478046,0.41781993995017075,6-mer
GGCTGT,-0.5848726943131538,0.3208014294330782,6-mer
GGCTGC,-0.28126875455580486,0.23230668418737152,6-mer
GGCTGG,-0.20267924237936394,0.726617943995578,6-mer
GGCCAA,0.33175055159697187,0.5366454329109243,6-mer
GGCCAT,-0.030299086664673687,-0.07137041942250111,6-mer
GGCCAC,0.004967137304373473,0.38938468900095097,6-mer
GGCCAG,0.4376403047191108,0.7242873964243208,6-mer
GGCCTA,0.11401551057504634,0.3500882935709445,6-mer
GGCCTT,0.061858937355384724,0.1892703511617392,6-mer
GGCCTC,0.00860104798822421,-0.27580170190767184,6-mer
GGCCTG,0.07111296915850084,0.20471014377589436,6-mer
GGCCCA,-0.3278096523762382,-0.07520881985421549,6-mer
GGCCCT,-0.20060308856823159,-0.39187413039829005,6-mer
GGCCCC,-0.19627958101731668,-0.3972251955428931,Inverted repeat
GGCCCG,-0.282375579922465,-0.1087718052066188,6-mer
GGCCGA,-0.1909340860407548,0.4431588395375957,6-mer
GGCCGT,-0.39649064037933923,-0.15067891249766804,6-mer
GGCCGC,0.08309145229992645,0.19594951845052722,6-mer
GGCCGG,-0.2981741339170069,0.3501797076520899,6-mer
GGCGAA,0.23446525363702295,0.3930721677820523,6-mer
GGCGAT,0.38977687315861886,0.6009703769215483,6-mer
GGCGAC,0.12152770181968546,0.3474376292730204,6-mer
GGCGAG,0.12712898470836098,-0.050006669107298826,6-mer
GGCGTA,0.3003226530520865,-0.06975891711410083,6-mer
GGCGTT,0.6930817954252503,0.15200309344504997,6-mer
GGCGTC,0.3673577511680609,-0.20718754972511538,6-mer
GGCGTG,-0.04093151369635247,-0.018846060896001247,6-mer
GGCGCA,-0.0334169999231993,0.00824137777026905,Inverted repeat
GGCGCT,0.2931811919040436,0.034955634396813325,Inverted repeat
GGCGCC,0.279639985979834,0.06176497334320871,Palindromes
GGCGCG,-0.20924748841524948,-0.33536631096334996,Inverted repeat
GGCGGA,-0.22737822687304637,-0.257897207381753,6-mer
GGCGGT,0.0845623806372319,0.4727529971351311,6-mer
GGCGGC,0.3125035182508728,0.6073703393581251,6-mer
GGCGGG,0.1373510193724322,0.08807576665549961,6-mer
GGGAAA,0.6157747255518765,-0.3106873814252095,6-mer
GGGAAT,0.6952616664101527,-0.2711349046049106,6-mer
GGGAAC,-0.003654376944423331,-0.4843301376146649,6-mer
GGGAAG,0.21152721993533313,-0.06372559761038724,6-mer
GGGATA,0.40966146682091253,-0.21205047711498895,6-mer
GGGATT,0.5428835688531355,-0.1799908654038951,6-mer
GGGATC,0.13323519211313128,0.07231420481589004,6-mer
GGGATG,0.2539331349490686,-0.5945485495503541,6-mer
GGGACA,0.04651984502166962,-0.5625946876927018,6-mer
GGGACT,0.064904523132358,-0.7988013690914229,6-mer
GGGACC,-0.6004915560837655,-0.5503715563930613,Inverted repeat
GGGACG,-0.2732083601750506,-0.7421458332718861,6-mer
GGGAGA,0.3726746832314457,-0.5353520525019241,6-mer
GGGAGT,0.43408325496939054,-0.47863126566138864,6-mer
GGGAGC,-0.14157276291720006,-0.6334817540885671,6-mer
GGGAGG,-0.24182295128534934,-0.5178055006364476,6-mer
GGGTAA,0.5903299612234083,0.2701544451633112,6-mer
GGGTAT,0.3954086925299114,-0.0768559233926285,6-mer
GGGTAC,-0.16164042963144495,0.3338865591954172,6-mer
GGGTAG,0.15200309344504997,0.6129768768907528,6-mer
GGGTTA,0.3860861255827146,-0.019291338608760127,6-mer
GGGTTT,0.4240152527696607,0.8452774052013581,6-mer
GGGTTC,-0.26815943801166126,-0.18989155036111338,6-mer
GGGTTG,-0.06114506475540247,0.3963529360139169,6-mer
GGGTCA,0.05067167097894294,0.07617168048540401,6-mer
GGGTCT,-0.0038501611132370477,0.27071915397259766,6-mer
GGGTCC,-0.36991010842534955,-0.6591303414591775,Inverted repeat
GGGTCG,-0.3199564695565223,0.04230427447694099,6-mer
GGGTGA,0.39491725577330855,0.1810366360206598,6-mer
GGGTGT,0.5016406333276487,0.31557726273497366,6-mer
GGGTGC,0.22139386834397357,-0.04478792174683783,6-mer
GGGTGG,0.11013811213487472,0.16870702328564058,6-mer
GGGCAA,0.3127944554884022,-0.05048977045369295,6-mer
GGGCAT,0.5609769496656061,-0.027754875307148603,6-mer
GGGCAC,0.1369302787211252,-0.32790720820651886,6-mer
GGGCAG,0.18163371157834207,0.221591146647209,6-mer
GGGCTA,0.046573705665261415,0.22179142360191242,6-mer
GGGCTT,0.012374872507035445,0.24139675657535045,6-mer
GGGCTC,-0.36698536987270214,-0.5299732661235038,6-mer
GGGCTG,-0.047391695679846,0.18627299552979615,6-mer
GGGCCA,-0.14867636931319012,-0.1375035237499347,Inverted repeat
GGGCCT,-0.11424034392938101,-0.36190753285600796,Inverted repeat
GGGCCC,-0.3871501104627905,-0.5324583565454092,Palindromes
GGGCCG,-0.1831178907585741,-0.03264858710029907,Inverted repeat
GGGCGA,-0.10067540287631925,-0.07262173845813873,6-mer
GGGCGT,0.1809532055175198,-0.35357195224739624,6-mer
GGGCGC,0.026211647897962178,-0.42248048246440567,6-mer
GGGCGG,-0.08756545478862286,-0.025588376258530995,6-mer
GGGGAA,0.41485569661451266,-0.4792798428350924,6-mer
GGGGAT,0.39733549754538494,-0.39463128861700675,6-mer
GGGGAC,-0.07837879890315251,-1.047570114126827,6-mer
GGGGAG,0.38418085550533576,-1.0454429707611672,6-mer
GGGGTA,0.3091559547021339,0.162184469793285,6-mer
GGGGTT,0.09450864286849892,0.24458947091073022,6-mer
GGGGTC,-0.0003429136903729264,-0.33176555001516456,6-mer
GGGGTG,0.4304652158278645,-0.11013550668415421,6-mer
GGGGCA,-0.0987511204538072,-0.47041425631521705,6-mer
GGGGCT,-0.23096671774736352,-0.36673445547737615,6-mer
GGGGCC,-0.12328755305650616,-0.7410095913225565,Inverted repeat
GGGGCG,-0.2897327272245817,-0.6726516293283846,6-mer
GGGGGA,0.07865081123210838,-1.007195501404204,6-mer
GGGGGT,-0.061605907133560525,-0.6736881428794937,6-mer
GGGGGC,-0.2872222238859451,-1.0570617962444053,6-mer
GGGGGG,-0.8895546634533318,-2.5563612882783615,6-mer
