Item,cod,non,color
AAAAAA,-0.6803534013038924,-0.3518025518534562,6-mer
AAAAAT,-0.09479786745662772,-0.1312783592601509,6-mer
AAAAAC,0.2503609113478243,0.6156989620259923,6-mer
AAAAAG,-0.14526757924016556,0.3523913690188697,6-mer
AAAATA,0.11512709121001737,0.10172138836369758,6-mer
AAAATT,-0.30872947337812395,-0.6746092374856065,Inverted repeat
AAAATC,0.5968024936494122,0.7759348434712869,6-mer
AAAATG,-0.23886101221763478,-0.029450591076115005,6-mer
AAAACA,0.26222028559212185,0.546246832424343,6-mer
AAAACT,0.17101197295600143,0.013216164845599272,6-mer
AAAACC,0.6374115483025922,0.8802763936915425,6-mer
AAAACG,0.45793824619852563,0.886487646702387,6-mer
AAAAGA,0.026907073429223514,0.4622166825455262,6-mer
AAAAGT,-0.46673498317435824,-0.5240893532629919,6-mer
AAAAGC,0.04060402614853337,0.4317426761614077,6-mer
AAAAGG,-0.004787427482199383,0.15722021307648915,6-mer
AAATAA,-0.25821336528768096,-0.3566238361486078,6-mer
AAATAT,-0.2718792326620078,-0.5586082385110662,6-mer
AAATAC,1.1900345394800111,0.520272528573083,6-mer
AAATAG,-0.2880125050799737,-0.2964826083851038,6-mer
AAATTA,-0.25984358965078763,-0.7324977181002547,Inverted repeat
AAATTT,-0.44454468073479225,-0.8292164885226114,Palindromes
AAATTC,0.6804273261107674,-0.2572268892592546,Inverted repeat
AAATTG,-0.175182140780206,-0.7429881348660037,Inverted repeat
AAATCA,0.3404344437559056,0.7252892437174555,6-mer
AAATCT,-0.04869038365008777,0.13162840905112128,6-mer
AAATCC,1.2209368687923758,0.8743640647564872,6-mer
AAATCG,0.7776947268734846,0.46817075469921443,6-mer
AAATGA,-0.6095037125714263,-0.22786755140259884,6-mer
AAATGT,-0.983511877211431,-0.9908810897815349,6-mer
AAATGC,0.17354841573107213,-0.2779847472997653,6-mer
AAATGG,-0.03874063090640514,-0.006885741122020236,6-mer
AAACAA,-0.0005390229993167924,0.37519362935696515,6-mer
AAACAT,-0.40826228264306275,-0.014502544320998562,6-mer
AAACAC,0.4310547026887891,1.1147528820007344,6-mer
AAACAG,0.2252923118422427,-0.3512171291453488,6-mer
AAACTA,-0.6611208413849161,-0.374383265143071,6-mer
AAACTT,-0.27504737309021116,-0.2983682282141324,Inverted repeat
AAACTC,1.0661078011949536,1.0378426254814515,6-mer
AAACTG,-0.24330402383488864,-1.2287255030315591,6-mer
AAACCA,-0.0012378336588537817,0.4931819154196954,6-mer
AAACCT,0.15653204094362674,0.0837855712616294,6-mer
AAACCC,0.545369367626524,1.261721041576301,6-mer
AAACCG,0.42314614531833966,0.015689101928564667,6-mer
AAACGA,0.5156669522914664,0.7345388567716662,6-mer
AAACGT,-2.6394526913819125,-2.145990914195432,6-mer
AAACGC,0.6275177588065036,1.6246808875442547,6-mer
AAACGG,-0.0493858109752058,-0.5573735658419507,6-mer
AAAGAA,0.3638966425717215,0.4758339097220282,6-mer
AAAGAT,-0.4044131343910809,0.3010503779989528,6-mer
AAAGAC,0.7604539470885758,0.6467083667355473,6-mer
AAAGAG,0.28946512526817936,0.867923548634393,6-mer
AAAGTA,-0.8821762464296568,-0.9901533932165457,6-mer
AAAGTT,-0.727235268618963,-0.6804214246462121,Inverted repeat
AAAGTC,0.5878934548088923,0.08702306223736558,6-mer
AAAGTG,-0.033957258234592246,0.2876746727413992,6-mer
AAAGCA,-0.42897167529807617,-0.4230167917629051,6-mer
AAAGCT,-0.5373444804884164,0.014635769368653956,6-mer
AAAGCC,0.3882859334622785,0.5684419189394027,6-mer
AAAGCG,0.3402200026332532,1.2237518914246301,6-mer
AAAGGA,-0.26448967871260826,-0.2193326215873899,6-mer
AAAGGT,-0.513465224036318,-0.3205931930656468,6-mer
AAAGGC,0.24258466352113972,0.12343628861871044,6-mer
AAAGGG,0.26021424831292017,0.7566744474685397,6-mer
AATAAA,-0.20181942873578057,-0.17414774921722323,6-mer
AATAAT,-0.19708133280726042,-0.43751638032540446,6-mer
AATAAC,0.43356660968396804,0.10228962587520028,6-mer
AATAAG,0.09350433098355791,-0.07807658943400676,6-mer
AATATA,-0.7060200962349984,-0.8226234941626819,Inverted repeat
AATATT,0.3582363862591886,-0.25606396486740346,Palindromes
AATATC,0.9556891554859166,0.8148150107101393,Inverted repeat
AATATG,-1.245265317606908,-1.2053445547494885,Inverted repeat
AATACA,0.9435261364157831,0.3006567630371976,6-mer
AATACT,0.6889440793032628,-0.13288950124965776,6-mer
AATACC,1.1347410048239766,0.6940857520285738,6-mer
AATACG,1.1472021071812288,0.6500755009645536,6-mer
AATAGA,-0.3091972488737205,-0.25693687344786875,6-mer
AATAGT,-0.7412872001162998,-0.8294656236633525,6-mer
AATAGC,-0.2295273898122073,-0.03949653382908346,6-mer
AATAGG,-0.034890646670011474,-0.19708490205438292,6-mer
AATTAA,-1.016881241343412,-1.1747604693572278,6-mer
AATTAT,-0.6129768768907528,-1.0428274205357555,6-mer
AATTAC,0.1380907865897957,-0.8056753079531374,6-mer
AATTAG,0.04320100641800923,-0.29604946306175683,6-mer
AATTTA,-0.4233231258130383,-0.7206746102388912,6-mer
AATTTT,-0.3752080718521973,-0.6433404686113013,Inverted repeat
AATTTC,0.13069848787731977,-0.5989176890324953,6-mer
AATTTG,-0.3461868117841021,-0.8287897902450644,6-mer
AATTCA,0.38547838669475115,-0.20936703443076968,6-mer
AATTCT,0.5245878852144785,-0.2255253108214105,6-mer
AATTCC,1.0058578185386398,-0.2880041926566932,6-mer
AATTCG,0.3665720099422046,-0.967078610649102,6-mer
AATTGA,0.022198545536808976,-0.26848346164913006,6-mer
AATTGT,-0.2934927516772515,-0.8049459128718771,6-mer
AATTGC,-0.009517680327004605,-1.1023977590258622,6-mer
AATTGG,-0.19410563169557737,-0.647698256069119,6-mer
AATCAA,0.08484202411831238,0.6259115637804556,6-mer
AATCAT,-0.24844020526127839,0.3641012335107534,6-mer
AATCAC,-0.19781278284684323,0.6267995683168563,6-mer
AATCAG,0.11081880639127659,-0.21968837590820642,6-mer
AATCTA,-0.8639384504239718,-0.3273312625050905,6-mer
AATCTT,-0.06298647180063997,0.19153445814860273,Inverted repeat
AATCTC,-0.2087691374724729,0.19456190356226882,6-mer
AATCTG,-0.4002502822812327,-0.9696046577621723,6-mer
AATCCA,0.6235373687692729,0.4890902681393236,6-mer
AATCCT,0.6337876416967135,0.22823418242249383,6-mer
AATCCC,0.7393364986289531,0.9254326556179229,6-mer
AATCCG,0.6196702353072907,-0.31523423877716905,6-mer
AATCGA,-2.7766581248346878,-3.309712626268426,6-mer
AATCGT,0.918412465503738,0.9373050638986028,6-mer
AATCGC,0.7576452830796396,0.9786964867917776,6-mer
AATCGG,0.2143996305829171,-0.8187323120497554,6-mer
AATGAA,-0.127582727955127,-0.0072362494993670696,6-mer
AATGAT,-0.24824385924923612,0.45818263423571903,6-mer
AATGAC,0.1193144747388751,0.037368982140989035,6-mer
AATGAG,-0.03993874537014374,0.3817211797296201,6-mer
AATGTA,-0.6055691902587396,-0.9359777525650425,6-mer
AATGTT,-0.5675498826184113,-0.5329916753019474,Inverted repeat
AATGTC,0.43698005215952085,-0.03274288669272632,6-mer
AATGTG,-0.5607984075498971,-0.3023340612309717,6-mer
AATGCA,-0.08266765766983461,-0.9325612018134227,6-mer
AATGCT,-0.0680184234286509,-0.34683529805887,6-mer
AATGCC,0.4645746898194789,-0.14157209501669238,6-mer
AATGCG,0.42888470855547783,0.372099511547703,6-mer
AATGGA,0.16781172515396184,-0.08354895520772869,6-mer
AATGGT,0.30021323278242684,0.37385588693122335,6-mer
AATGGC,0.18317327603069322,0.10324319164910857,6-mer
AATGGG,-0.10248708646261959,0.3746064505287686,6-mer
AACAAA,-0.36368420557609055,-0.04144274271182064,6-mer
AACAAT,-0.0376224392819724,-0.19284814572243258,6-mer
AACAAC,0.27561859065084165,0.3457077273892784,6-mer
AACAAG,0.29729443000941125,0.4065322717513863,6-mer
AACATA,-1.6326180869795561,-1.2021839832128804,6-mer
AACATT,-0.4505094023672489,-0.5241733342513692,Inverted repeat
AACATC,-0.6423356815653052,-0.15228915191855286,6-mer
AACATG,0.191623459789787,0.6389596679771633,6-mer
AACACA,-0.015417356365429524,0.6690215478154822,6-mer
AACACT,0.2873244787217184,0.4419239805756564,6-mer
AACACC,0.879286134213917,1.4664698748517515,6-mer
AACACG,0.2947541027476823,0.923677716354861,6-mer
AACAGA,0.09177528317175287,-0.17842647000832526,6-mer
AACAGT,-2.143346768031403,-3.1593402508011468,6-mer
AACAGC,0.5773985150033358,-0.029614330972903467,6-mer
AACAGG,0.11994188421275133,-1.0144308682955028,6-mer
AACTAA,-1.1999633845482762,-0.8391730561679438,6-mer
AACTAT,-0.8115549105868897,-0.8509723731481996,6-mer
AACTAC,-0.2525834905572092,-0.5287740347382918,6-mer
AACTAG,-1.146458828984415,-0.9081099199038066,6-mer
AACTTA,-0.8811306503891161,-0.8620134849362506,6-mer
AACTTT,-0.6657046940644786,-0.6651849416615411,Inverted repeat
AACTTC,0.006023787627769774,-0.571797301109359,6-mer
AACTTG,-0.5424686406617826,-0.711468110928634,6-mer
AACTCA,0.5574209372882934,0.6849621149949602,6-mer
AACTCT,0.549713774994029,0.575054276355848,6-mer
AACTCC,0.877865954817376,0.4494389528307138,6-mer
AACTCG,0.8090205312950135,0.10893437155316424,6-mer
AACTGA,-0.3301486016923307,-0.9827866838364635,6-mer
AACTGT,-2.559491813205038,-3.7961477933778984,6-mer
AACTGC,0.22714987013526217,-1.3779180437181442,6-mer
AACTGG,0.20580953714084374,-0.9781576844931092,6-mer
AACCAA,-0.31791260419190476,0.04283082024796318,6-mer
AACCAT,-0.10070322732618936,0.4171329172810372,6-mer
AACCAC,0.3399275790330884,1.1215619798809133,6-mer
AACCAG,-0.1656844502950943,-0.6689119058271616,6-mer
AACCTA,-0.9302763777456802,-0.6288513454665926,6-mer
AACCTT,0.038020680063859884,-0.0843678089999015,Inverted repeat
AACCTC,0.1216785565882524,-0.06125568849243773,6-mer
AACCTG,0.18595042536838777,-0.8280162892707876,6-mer
AACCCA,0.09303215371325421,0.4317689946092588,6-mer
AACCCT,0.34202566424441194,1.0888368021961146,6-mer
AACCCC,0.4896424352832516,1.5400735451236245,6-mer
AACCCG,0.6875633540899353,0.00449983222817056,6-mer
AACCGA,0.06830601339090894,-0.5192276405294064,6-mer
AACCGT,-1.3113974273951932,-1.8243314442543936,6-mer
AACCGC,0.5295041732756416,0.48514941248985816,6-mer
AACCGG,0.5915351546446425,-0.7015807398067911,6-mer
AACGAA,-0.08079408195824231,-0.3496543755260248,6-mer
AACGAT,0.8906229821164819,1.348563221390829,6-mer
AACGAC,1.0023670145439163,0.6893422450754946,6-mer
AACGAG,0.0820482468220733,0.13057388340626197,6-mer
AACGTA,-3.6169163625788086,-3.6724253419714965,Inverted repeat
AACGTT,-2.362878314625896,-2.167432761494715,Palindromes
AACGTC,-2.552541023028779,-2.7556506310047952,Inverted repeat
AACGTG,-2.29775578501216,-1.4499574836280036,Inverted repeat
AACGCA,0.3348260206348874,0.69941092516049,6-mer
AACGCT,1.15239797371052,2.091203046205139,6-mer
AACGCC,1.1631166120208416,1.7264477222522068,6-mer
AACGCG,-0.893946492415445,0.23255944749344684,6-mer
AACGGA,-0.2889776730860756,-1.0942799480994192,6-mer
AACGGT,-1.4036026042165604,-2.058515227603106,6-mer
AACGGC,0.5455855687841475,-0.17002069943185935,6-mer
AACGGG,-0.038580589660721816,-0.291077443015597,6-mer
AAGAAA,0.23585274024923492,0.3096209761792084,6-mer
AAGAAT,0.45857892597210465,0.12268378166112268,6-mer
AAGAAC,-0.37576885619019124,-0.5316702594444888,6-mer
AAGAAG,0.4749600924822081,0.5507245984376931,6-mer
AAGATA,-0.46128073983853923,0.1004535308031801,6-mer
AAGATT,-0.09293894358418348,0.18181045914903482,Inverted repeat
AAGATC,-0.6562926144567098,0.15142451110688074,6-mer
AAGATG,-0.9202385632339156,-0.18379135082469542,6-mer
AAGACA,0.8664341548116264,0.6980440185808543,6-mer
AAGACT,0.6351928368349185,0.05022803332654379,6-mer
AAGACC,-0.3473506917672693,-0.3456489338815231,6-mer
AAGACG,0.5278145218942323,0.6072041507400228,6-mer
AAGAGA,-0.05653593901303251,0.6139505606774156,6-mer
AAGAGT,0.2034841351722314,0.32124386673088534,6-mer
AAGAGC,0.33030127591236735,0.7826394146023821,6-mer
AAGAGG,0.051610727562515106,0.11431861775471414,6-mer
AAGTAA,-0.8008317984762698,-1.0346036161656438,6-mer
AAGTAT,-0.14303462972316375,-0.6465916826373876,6-mer
AAGTAC,-3.6738390559904395,-3.6870606883398924,6-mer
AAGTAG,-0.5745973368474875,-0.8543629181678247,6-mer
AAGTTA,-0.7886627671725478,-0.8840682984159028,6-mer
AAGTTT,-0.19332543402238947,-0.32939963093143787,Inverted repeat
AAGTTC,-0.8705215179933069,-1.2671900353251049,6-mer
AAGTTG,-1.1794432878872945,-1.2200926180543534,6-mer
AAGTCA,0.39151836707243526,0.05579911803287326,6-mer
AAGTCT,0.7010409663435384,0.09646937050313086,6-mer
AAGTCC,0.6927657902556712,-0.3671963100258956,6-mer
AAGTCG,0.8145864912886799,-0.1480240868851001,6-mer
AAGTGA,-0.05640604963312857,0.34180441801410405,6-mer
AAGTGT,0.3728840478638985,0.38332863955150565,6-mer
AAGTGC,-0.17882140193070842,-0.46275500085631094,6-mer
AAGTGG,0.7206637818371057,1.0635926364526607,6-mer
AAGCAA,-0.6707776567924275,-0.6795432923293057,6-mer
AAGCAT,-0.12345837208152859,-0.1829358669624675,6-mer
AAGCAC,-0.2594140901550969,-0.021238796374338904,6-mer
AAGCAG,-0.4280936521042903,-1.1604523855199007,6-mer
AAGCTA,-1.1386145711986777,-0.39728222731762364,Inverted repeat
AAGCTT,-0.34262758880417,0.09556835432853907,Palindromes
AAGCTC,0.12670088333969165,0.5392004656083031,Inverted repeat
AAGCTG,-0.990713949477023,-1.4327538805230142,Inverted repeat
AAGCCA,0.141055761473848,0.3579740780508844,6-mer
AAGCCT,0.617683572442414,0.3808554795661357,6-mer
AAGCCC,0.4867566022463889,0.846532131710298,6-mer
AAGCCG,0.33569564473277236,-0.19584487932015315,6-mer
AAGCGA,0.6251854902069159,1.0957416015657055,6-mer
AAGCGT,0.7774777581792668,1.7146841467902,6-mer
AAGCGC,-0.5119234504411577,0.6815562377811828,6-mer
AAGCGG,0.44525638869470746,0.41799577144032585,6-mer
AAGGAA,-0.32749298140488653,-0.6583644448436524,6-mer
AAGGAT,0.28891303765939913,0.39802775285579595,6-mer
AAGGAC,0.09923261818988237,-0.7169908944049397,6-mer
AAGGAG,-0.4858867968986364,-0.17376706773670628,6-mer
AAGGTA,-0.5408081711149192,-0.844601965326372,6-mer
AAGGTT,-0.15962225424735618,-0.07047320794845152,Inverted repeat
AAGGTC,-1.0152808179399602,-1.4380393246404595,6-mer
AAGGTG,-0.40659332164627615,0.10270992134605794,6-mer
AAGGCA,0.3574975936544573,-0.35705602097669553,6-mer
AAGGCT,0.5819569613258404,0.4467950583948982,6-mer
AAGGCC,-1.102216088574213,-1.6045523750820927,6-mer
AAGGCG,0.25610808906343163,0.4984075858953002,6-mer
AAGGGA,0.18473987985704948,0.18285272238100525,6-mer
AAGGGT,0.13931440091408964,0.7004866816346716,6-mer
AAGGGC,0.40924625719207586,0.35123631663123056,6-mer
AAGGGG,0.04499287223730659,0.9365172219450364,6-mer
ATAAAA,-0.05010464977309818,0.17354753085074628,6-mer
ATAAAT,-0.32916369398722584,-0.6097695912602735,Inverted repeat
ATAAAC,-0.395518927873788,-0.07660366531091944,6-mer
ATAAAG,0.14770615790553737,0.44100056693491574,6-mer
ATAATA,0.0002676862501210931,0.16334325850074338,6-mer
ATAATT,-0.7815311465996506,-0.9821535161026466,6-mer
ATAATC,-0.28065181930884336,0.20998847296483025,6-mer
ATAATG,0.10322072035877032,0.24440746105646927,6-mer
ATAACA,-0.1528043681342889,-0.2982833600131361,6-mer
ATAACT,-0.6621820031830519,-0.6349558001830301,6-mer
ATAACC,0.43100424768390994,0.5212596601683033,6-mer
ATAACG,0.9105864312202759,0.9640431222235906,6-mer
ATAAGA,-0.14659093493342942,-0.033527242387176526,6-mer
ATAAGT,-0.24590125603060167,-0.5399385760351606,6-mer
ATAAGC,0.002678271265889179,0.10908811962608493,6-mer
ATAAGG,0.7548875021634686,0.6095307705929832,6-mer
ATATAA,-0.830294904821491,-0.6836964543065157,Inverted repeat
ATATAT,-1.8229059255921196,-1.5008020530571577,Palindromes
ATATAC,-0.6978565571270895,-0.927724099025684,Inverted repeat
ATATAG,-0.05066390383240626,-0.09193281465040247,Inverted repeat
ATATTA,0.13716805228210796,-0.18378409885239622,6-mer
ATATTT,-0.29241005365954076,-0.49484839174907275,6-mer
ATATTC,0.42201641929387185,-0.293880372786553,6-mer
ATATTG,0.5590874576936482,0.029489242370097413,6-mer
ATATCA,-0.06230335761030684,0.40638181222597586,6-mer
ATATCT,-0.9226619911925362,-0.6676552891672993,6-mer
ATATCC,0.8646892603626245,0.6665316277426216,6-mer
ATATCG,0.4228782524960272,0.20569096433903822,6-mer
ATATGA,-1.310787537282162,-0.8646997853477196,6-mer
ATATGT,-2.152330941427574,-2.0201465731117763,6-mer
ATATGC,-1.1035181094149678,-1.6386004643232297,6-mer
ATATGG,-0.709658248170471,-0.5169107834533496,6-mer
ATACAA,0.6954532710309638,0.34192696019231633,6-mer
ATACAT,-0.10365178202314633,-0.44965569614841977,Inverted repeat
ATACAC,0.7963110173419601,0.7134641597867012,6-mer
ATACAG,0.7158565675721078,-0.28852438058784374,6-mer
ATACTA,-0.6031670960987467,-0.3659115864740961,6-mer
ATACTT,0.0059006014396841165,-0.5689339002176783,6-mer
ATACTC,1.0120169647752175,0.4470052279374796,6-mer
ATACTG,0.8243052597459573,-0.59057246906374,6-mer
ATACCA,0.48207561767060386,0.44866115135019624,6-mer
ATACCT,-0.170867631362086,-0.48790185786972307,6-mer
ATACCC,0.7750809667377555,1.0055954628935195,6-mer
ATACCG,1.4014868629927855,0.5284886371369395,6-mer
ATACGA,1.0629235660897214,0.5707050474267991,6-mer
ATACGT,-2.885086225290171,-3.1384140286970945,6-mer
ATACGC,0.8000091125199181,1.0266511280899984,6-mer
ATACGG,0.683327630564133,-0.20955207556302327,6-mer
ATAGAA,0.40953073894229663,0.3234298966864797,6-mer
ATAGAT,-0.5920808217031998,-0.0030518886379109398,Inverted repeat
ATAGAC,0.5958861497573927,0.5193741590935793,6-mer
ATAGAG,0.6008289061801774,0.9367267679149925,6-mer
ATAGTA,-0.16835478200934184,-0.22968714864535678,6-mer
ATAGTT,-0.6956684604466529,-0.5648302801923026,6-mer
ATAGTC,0.1284483654661533,-0.201287267764767,6-mer
ATAGTG,-0.23578956964291198,0.2839269064628059,6-mer
ATAGCA,-0.8001923961631876,-0.5689354612794475,6-mer
ATAGCT,-0.7703213965432651,-0.12513825858411923,6-mer
ATAGCC,0.53191172953273,0.6799289402679791,6-mer
ATAGCG,0.6641448097413384,1.408022323484635,6-mer
ATAGGA,-0.09572061784801922,-0.42415428880944217,6-mer
ATAGGT,-1.0779381619916328,-0.7379602133306536,6-mer
ATAGGC,0.3200937716384822,0.15127629492041453,6-mer
ATAGGG,0.7780992109875766,1.1864669797474252,6-mer
ATTAAA,-0.04046082805830004,-0.0020354463290139352,Inverted repeat
ATTAAT,-1.1597651352220908,-1.5339672286779613,Palindromes
ATTAAC,-0.657447368360019,-0.8943564056235902,Inverted repeat
ATTAAG,-0.6485813135050372,-0.5872668010837359,Inverted repeat
ATTATA,-0.1551376431361276,-0.012169008764121239,6-mer
ATTATT,-0.1930718476662263,-0.617520397026551,6-mer
ATTATC,0.12622273282775798,0.10927834128499261,6-mer
ATTATG,-0.21161185688129186,-0.2602053777711366,6-mer
ATTACA,0.2866310427740696,-0.28980739798224947,6-mer
ATTACT,0.07503169170152602,-0.795084625303608,6-mer
ATTACC,0.33995450651721326,-0.1350662442306608,6-mer
ATTACG,0.11596034351951898,-0.42621191743933723,6-mer
ATTAGA,0.13435925434502766,0.2553269521288096,6-mer
ATTAGT,-0.5941163820832606,-0.5986764351730308,6-mer
ATTAGC,-0.1422028602857556,0.04962417579104019,6-mer
ATTAGG,0.08538353023814696,-0.06639947105558568,6-mer
ATTTAA,-0.7292907094671763,-0.6049661336047802,6-mer
ATTTAT,-0.49839271847340827,-0.6176168200417207,Inverted repeat
ATTTAC,-0.5571667602587942,-1.0857221886493469,6-mer
ATTTAG,0.03490812873958552,0.1515969864639338,6-mer
ATTTTA,0.4988490770983934,0.40223008798871895,6-mer
ATTTTT,-0.23588768874036853,-0.14491123375402154,6-mer
ATTTTC,0.035284135847274044,-0.37636977225113877,6-mer
ATTTTG,-0.0298085900260955,-0.15298824858146903,6-mer
ATTTCA,0.3803129015196945,0.16838405177699914,6-mer
ATTTCT,0.44745897697122144,0.0636052384173199,6-mer
ATTTCC,-0.19751210806353311,-1.1249375466690024,6-mer
ATTTCG,-0.5339384976966894,-1.2748575338027244,6-mer
ATTTGA,0.1047803374684116,0.22487220877514622,6-mer
ATTTGT,-0.30043970586717444,-0.45899192897852054,6-mer
ATTTGC,-0.1639319799539927,-0.8919552754317213,6-mer
ATTTGG,-0.4114609013202376,-0.4599668421792881,6-mer
ATTCAA,0.5058570762724034,0.21987139322974775,6-mer
ATTCAT,-0.0887449321401733,-0.19267076672794645,Inverted repeat
ATTCAC,0.006904695640649867,0.09810513794447362,6-mer
ATTCAG,0.33754697463997557,-0.7670815960903886,6-mer
ATTCTA,0.4660552365404093,0.19279870050000344,6-mer
ATTCTT,0.4602803166424443,0.11980252522948118,6-mer
ATTCTC,-0.31564655111711515,-0.4415609417986094,6-mer
ATTCTG,0.03018762686017951,-1.1433562499953727,6-mer
ATTCCA,0.7583521776064108,-0.03698875613979995,6-mer
ATTCCT,0.8323063078308109,-0.3037231786702085,6-mer
ATTCCC,0.5406903903306716,-0.13187165567060444,6-mer
ATTCCG,-0.3844025870979053,-2.093218827960186,6-mer
ATTCGA,-2.5939512839484107,-3.862947248020921,6-mer
ATTCGT,0.30047773501598796,-0.2981952454142101,6-mer
ATTCGC,0.47562890480742553,-0.008205895089416288,6-mer
ATTCGG,-0.6060422188399842,-2.381183281500363,6-mer
ATTGAA,0.3778452770469464,0.11447871827983096,6-mer
ATTGAT,0.36040224270199794,0.703950536938243,Inverted repeat
ATTGAC,0.8389239299839764,0.4434750047028235,6-mer
ATTGAG,0.020293058631591775,0.2757163431238539,6-mer
ATTGTA,0.09971775155215162,-0.09405228073436131,6-mer
ATTGTT,-0.10312928252367146,-0.3498017694861597,6-mer
ATTGTC,0.6184557339460562,0.06635106701721044,6-mer
ATTGTG,-0.19310348869906377,0.031034072511627066,6-mer
ATTGCA,0.20147629385984445,-0.8905327967666438,6-mer
ATTGCT,-0.2046702433198054,-0.7882984861935755,6-mer
ATTGCC,0.10721517169821186,-0.8191116363068549,6-mer
ATTGCG,-0.14642602389844914,-0.49096686001366713,6-mer
ATTGGA,0.25246327522426243,-0.21862085349100027,6-mer
ATTGGT,0.017138244488100234,-0.025157563887916477,6-mer
ATTGGC,-0.09358894404718088,-0.42756758824729896,6-mer
ATTGGG,-0.6236628693623616,-0.2513762006494192,6-mer
ATCAAA,0.13424135154963754,0.8819798631632947,6-mer
ATCAAT,0.2985884010031336,0.7950210195806036,Inverted repeat
ATCAAC,-0.2705289423807182,0.31421999975209924,6-mer
ATCAAG,0.1389266007745335,0.8576079953135601,6-mer
ATCATA,-0.3861540114210728,0.42227731622840264,6-mer
ATCATT,-0.1680283907633934,0.4630825701965411,6-mer
ATCATC,-0.19778838121835557,1.0123685574304184,6-mer
ATCATG,-0.012204754133938633,0.9749815399631602,6-mer
ATCACA,-0.17812026666876377,0.8632727447868938,6-mer
ATCACT,0.2842401379421275,0.9954192039948532,6-mer
ATCACC,-0.19604365440426083,0.9558733569222041,6-mer
ATCACG,-0.13712109961492175,1.1775381855521876,6-mer
ATCAGA,-0.6034419213288166,-0.6067331233923753,6-mer
ATCAGT,0.24980301979534328,-0.023397038063413516,6-mer
ATCAGC,0.3292742241221989,0.4001043523023323,6-mer
ATCAGG,0.2589182973615618,-0.08873980476371694,6-mer
ATCTAA,-1.0048940513548668,-0.21140490961118116,6-mer
ATCTAT,-0.7983661388303496,-0.17113582404035993,Inverted repeat
ATCTAC,-0.806024636079634,-0.627971033829751,6-mer
ATCTAG,-1.2607703396172607,-0.3775748082591955,6-mer
ATCTTA,-0.438556371962894,0.09877203060789755,6-mer
ATCTTT,-0.3225286115388953,0.33296235405556246,6-mer
ATCTTC,-0.4140139483023246,-0.15580434049287872,6-mer
ATCTTG,-0.42128669039756367,0.06650470214485675,6-mer
ATCTCA,-0.6088790071785908,0.32993723328804253,6-mer
ATCTCT,-0.07321799664515208,0.6572293139385632,6-mer
ATCTCC,-1.495156542106,-0.811471030529836,6-mer
ATCTCG,-0.594413976065728,-0.43167128661831045,6-mer
ATCTGA,-1.1466875336804219,-1.1908643391346754,6-mer
ATCTGT,-0.23441930720344864,-0.3627886529842306,6-mer
ATCTGC,-0.8936687649402326,-1.5076081129451053,6-mer
ATCTGG,-0.6048904937718134,-0.9151785669341048,6-mer
ATCCAA,0.4016371979644437,0.47263633608296424,6-mer
ATCCAT,0.2893616882641392,0.6514240410422611,Inverted repeat
ATCCAC,0.9372642446520372,1.5565284892711369,6-mer
ATCCAG,0.1057094411711149,-0.5522163476496906,6-mer
ATCCTA,0.17428454082105635,0.30910405452977885,6-mer
ATCCTT,0.3043081006802336,0.33148307477587796,6-mer
ATCCTC,-0.5799294204675731,-0.7095501365858057,6-mer
ATCCTG,0.5506706316161223,-0.5912006729323762,6-mer
ATCCCA,0.13638025395483327,0.48444808476204604,6-mer
ATCCCT,0.3884154053097687,1.0285394062139268,6-mer
ATCCCC,0.1922897780906089,0.9675223764828256,6-mer
ATCCCG,0.27493061535019275,-0.4213512732110461,6-mer
ATCCGA,-0.9753157366194023,-2.139142019145689,6-mer
ATCCGT,0.4660214279976488,0.05375434731549612,6-mer
ATCCGC,0.3495844377902277,0.2409342117651351,6-mer
ATCCGG,0.7369655941662061,-0.6060337293773171,6-mer
ATCGAA,-3.3888783388119896,-4.048468709634475,Inverted repeat
ATCGAT,-1.441198693182024,-1.2209538022633863,Palindromes
ATCGAC,-3.2258233267367205,-4.158301117345419,Inverted repeat
ATCGAG,-2.6849162861546922,-2.824537933730961,Inverted repeat
ATCGTA,0.748020782675202,0.6170561304310095,6-mer
ATCGTT,0.7994933911660342,1.1174258324468038,6-mer
ATCGTC,0.6602900034273769,0.7028882252838469,6-mer
ATCGTG,0.7264956162205329,1.4137324833229306,6-mer
ATCGCA,0.7064118253509953,0.8376218076110357,6-mer
ATCGCT,1.4435060243450293,2.1215977336819885,6-mer
ATCGCC,0.9354308311026501,1.2798305578459443,6-mer
ATCGCG,-0.5633101328057466,0.2546431355746531,6-mer
ATCGGA,-1.0336307778812803,-1.986478860346381,6-mer
ATCGGT,0.9830554003713977,0.4393714525594097,6-mer
ATCGGC,0.505319163930116,-0.274261661257048,6-mer
ATCGGG,-0.6848428630900735,-1.2131584991942244,6-mer
ATGAAA,0.24839508182583278,0.5777787466434505,6-mer
ATGAAT,-0.26351618745152516,-0.30971307838680123,Inverted repeat
ATGAAC,-0.5429632750677652,-0.4934492484404328,6-mer
ATGAAG,0.16458938955216357,0.45108217551128693,6-mer
ATGATA,-0.03387318405669799,0.8337398570144338,6-mer
ATGATT,-0.204489427390692,0.4794953497625969,6-mer
ATGATC,-0.43440935216286464,0.7421005762738364,6-mer
ATGATG,-0.11070202124864668,1.016775712750827,6-mer
ATGACA,0.23361967675970197,0.4450662947194563,6-mer
ATGACT,0.5323274584359062,0.4499559154820722,6-mer
ATGACC,-0.25813322893547347,-0.14232744287828225,6-mer
ATGACG,0.04423789537156986,0.4681170586645647,6-mer
ATGAGA,-0.45871821759707426,0.5120152022289784,6-mer
ATGAGT,0.48297326358415954,0.6466299886816276,6-mer
ATGAGC,0.10573548988584432,0.7751998126536817,6-mer
ATGAGG,-0.4033124300366935,0.03274615307146564,6-mer
ATGTAA,-0.8268808897359551,-0.9944829950324342,6-mer
ATGTAT,0.008037319065418316,-0.16062340489187013,Inverted repeat
ATGTAC,-4.114367024952,-4.2180922839028225,6-mer
ATGTAG,-0.6780719051126377,-0.5564294154495727,6-mer
ATGTTA,-0.5051900819916718,-0.2822427856408356,6-mer
ATGTTT,-0.302171121018153,-0.11372389124801899,6-mer
ATGTTC,-0.5984167126708319,-0.6734404563809917,6-mer
ATGTTG,-0.7858071413892381,-0.5924729982556017,6-mer
ATGTCA,-0.18364377126633355,-0.1032539617970243,6-mer
ATGTCT,0.6966508670801138,0.5231193365301007,6-mer
ATGTCC,0.00462402652544745,-0.49590396138568793,6-mer
ATGTCG,0.02914634565951641,-0.7025320971023321,6-mer
ATGTGA,-0.5452623769008986,0.3076601691386173,6-mer
ATGTGT,-0.4110446308476657,0.14387521256164967,6-mer
ATGTGC,-0.7307812926830949,-0.5849625007211562,6-mer
ATGTGG,0.20270090990687475,0.9538662119891672,6-mer
ATGCAA,0.4043902550793352,-0.27942457216019206,Inverted repeat
ATGCAT,-0.3518053577600865,-0.8606815422220175,Palindromes
ATGCAC,0.1469828359533745,-0.10784495521561673,Inverted repeat
ATGCAG,0.12958562733745282,-1.2586864170248213,Inverted repeat
ATGCTA,-0.5681105824845133,-0.2627580009970657,6-mer
ATGCTT,-0.2931591710850381,-0.28622815656400374,6-mer
ATGCTC,0.7654047796910376,0.6715943410414328,6-mer
ATGCTG,0.5394908050340875,-0.35989594508638273,6-mer
ATGCCA,0.07205493712880716,-0.10959541015088507,6-mer
ATGCCT,0.877729880548044,0.08706880223418197,6-mer
ATGCCC,0.7308859600495001,0.6213113915235874,6-mer
ATGCCG,0.22609639009986682,-0.6394102847435327,6-mer
ATGCGA,0.9512406880801448,0.8232728926708367,6-mer
ATGCGT,0.7373996832445191,1.1611508650506241,6-mer
ATGCGC,-0.4293768500815416,0.28206363400942275,6-mer
ATGCGG,0.690365181304067,0.16088905667663833,6-mer
ATGGAA,0.014029559904058058,-0.30227603742664444,6-mer
ATGGAT,0.3171179616930332,0.6442704993666847,Inverted repeat
ATGGAC,0.12398871727545324,-0.30529644216168045,6-mer
ATGGAG,-0.0956833480553079,0.041820175694627204,6-mer
ATGGTA,0.2826116579931938,0.42149696780408663,6-mer
ATGGTT,0.003583652464919717,0.3703532172619292,6-mer
ATGGTC,-0.33758135919884763,-0.43919136098762074,6-mer
ATGGTG,0.28296056187659147,1.1858798789685217,6-mer
ATGGCA,0.22826010411031467,0.004312992871082387,6-mer
ATGGCT,0.32344008982843564,0.5839746916850372,6-mer
ATGGCC,-1.4008794362821844,-1.4741667111540748,6-mer
ATGGCG,0.2183385906065962,0.8704087048588205,6-mer
ATGGGA,-0.29415692332957427,0.10362655635304814,6-mer
ATGGGT,-0.4431850778961607,0.3938752959405357,6-mer
ATGGGC,-0.38257310403233225,0.006902860254687866,6-mer
ATGGGG,0.2641445983017295,1.383107010387403,6-mer
ACAAAA,-0.3908645012838762,-0.10728146400890103,6-mer
ACAAAT,-0.13750352374993496,-0.4851373328297722,6-mer
ACAAAC,0.47621936492768246,0.822938817276059,6-mer
ACAAAG,-0.3195358486241449,0.10796253248583915,6-mer
ACAATA,0.4711003912682687,0.4047208554755486,6-mer
ACAATT,-0.36436744093345985,-0.8613660537725532,6-mer
ACAATC,0.1659924886741827,0.35801968582765303,6-mer
ACAATG,-0.09283193635699058,-0.005230320076304872,6-mer
ACAACA,0.4689569203431486,0.5254402254951749,6-mer
ACAACT,-0.6346441401127833,-0.8782718014380007,6-mer
ACAACC,0.5907689281254004,0.7606816631400136,6-mer
ACAACG,0.2281667932968973,0.3591267128416118,6-mer
ACAAGA,0.05927907573701124,0.37918280030276885,6-mer
ACAAGT,-0.2747162108814292,-0.44653310152779224,Inverted repeat
ACAAGC,0.6224621837632562,0.7641291942246663,6-mer
ACAAGG,0.12051280731723431,0.010783675713240919,6-mer
ACATAA,-1.1232635626781862,-0.7340126545841316,6-mer
ACATAT,-2.3438613811302282,-2.273603647543981,6-mer
ACATAC,-0.19508507534071254,-0.6335485247456946,6-mer
ACATAG,-0.6468570344470986,-0.3696568253675882,6-mer
ACATTA,0.037705819244891976,-0.1418506307403435,6-mer
ACATTT,-1.0699827631315173,-1.0589914955714115,6-mer
ACATTC,0.2338548474333373,-0.06232751090117138,6-mer
ACATTG,-0.14759402145676148,-0.4448777190395477,6-mer
ACATCA,-0.12294233465358513,0.48571831015757305,6-mer
ACATCT,-0.8372417125599713,-0.2847294769331128,6-mer
ACATCC,-0.519132764457211,-0.41727597147484335,6-mer
ACATCG,0.42422667073350445,0.5196501107642861,6-mer
ACATGA,-0.23157184811084355,0.4579057644063371,Inverted repeat
ACATGT,-0.3028049345263944,0.0,Palindromes
ACATGC,0.5435017800115586,0.5897160306917907,Inverted repeat
ACATGG,0.006116658015705851,0.41503749927884365,Inverted repeat
ACACAA,-0.2909095906632491,0.4726662210958346,6-mer
ACACAT,-0.5284441774367592,-0.04336750930951976,6-mer
ACACAC,-0.41232311458180787,0.6493392469327045,6-mer
ACACAG,0.15484304523001144,-0.011729292582106931,6-mer
ACACTA,0.05842897813285235,0.5927398513128753,6-mer
ACACTT,0.28405990929691916,0.2872025263279944,6-mer
ACACTC,0.08865761982039672,0.72390944134076,6-mer
ACACTG,-0.4456258191122668,-0.9182896070700763,6-mer
ACACCA,0.6440606678476188,1.5287379984435723,6-mer
ACACCT,-0.2876692904140938,0.027258207044423804,6-mer
ACACCC,0.6188554539090362,1.6618494353268702,6-mer
ACACCG,1.1081868611525605,1.097484350809626,6-mer
ACACGA,0.7971071326932976,1.0941221773645502,6-mer
ACACGT,-2.1299894700926285,-1.3219280948873622,Inverted repeat
ACACGC,0.49430077780349707,1.5924804700051727,6-mer
ACACGG,-0.37573453858315603,-0.35178249887594154,6-mer
ACAGAA,0.7642636300193502,-0.004395886567910936,6-mer
ACAGAT,-0.3485037480231433,-0.3702059293815901,6-mer
ACAGAC,0.9283621259113433,0.16684358475595099,6-mer
ACAGAG,0.9694586054716241,0.6348982001364593,6-mer
ACAGTA,-1.6639138421159783,-3.075843757983506,6-mer
ACAGTT,-3.7151612238478577,-4.681535760416209,6-mer
ACAGTC,-1.0669502439246268,-2.596935142387232,6-mer
ACAGTG,-1.418312631311705,-1.9024446905773262,6-mer
ACAGCA,0.5597060825652209,-0.44021800469546396,6-mer
ACAGCT,0.12081923191887954,-0.24886980132265132,6-mer
ACAGCC,0.795180208111502,0.08057074099282391,6-mer
ACAGCG,0.6443590754037829,0.5453839872352615,6-mer
ACAGGA,1.0638235768315114,-0.3315657875046095,6-mer
ACAGGT,-0.29451263730696187,-1.2467588661209634,Inverted repeat
ACAGGC,0.8064923241001342,-0.29034864542468447,6-mer
ACAGGG,0.4530679067166605,-0.2692395553605019,6-mer
ACTAAA,0.24281825663071668,0.317668004220846,6-mer
ACTAAT,-0.44492177922474174,-0.7302517694376863,6-mer
ACTAAC,0.5300032133993642,0.5266185144903514,6-mer
ACTAAG,-0.7105428570952719,-0.7562891390242759,6-mer
ACTATA,-0.3267290811511835,-0.312761969495288,6-mer
ACTATT,-0.7141844499169172,-0.9299081043415673,6-mer
ACTATC,0.258805175862238,0.5019670194496006,6-mer
ACTATG,-0.6881417637302236,-0.5064884426980713,6-mer
ACTACA,-0.03881924889052805,-0.2856439775625859,6-mer
ACTACT,-0.2812861103900164,-0.7386762516523502,6-mer
ACTACC,0.6229118549484726,0.5431813965113421,6-mer
ACTACG,-0.560300446486887,-0.6032909963943304,6-mer
ACTAGA,-0.4417789422674106,-0.17977890218444162,Inverted repeat
ACTAGT,-1.8864107901601788,-1.4932125721368374,Palindromes
ACTAGC,-0.7165738053350281,-0.31652473635802886,Inverted repeat
ACTAGG,-0.5364854276129262,-0.4350670702380974,Inverted repeat
ACTTAA,-1.4770078162200906,-1.1256678403018523,6-mer
ACTTAT,-0.041685902806923594,-0.35957834573652786,6-mer
ACTTAC,0.15625569797120728,-0.5195526110748682,6-mer
ACTTAG,-1.769570259598134,-1.6326559846298916,6-mer
ACTTTA,0.32091247003662654,0.10672510673392119,6-mer
ACTTTT,-0.4099888846264676,-0.4741820700026192,6-mer
ACTTTC,-0.20145097531773665,-0.6384146178698876,6-mer
ACTTTG,-0.4513609944402129,-0.6699463718135715,6-mer
ACTTCA,0.630685255996323,0.26558421907219715,6-mer
ACTTCT,0.9746758436401333,0.5319305357050099,6-mer
ACTTCC,0.5014218051784529,-0.3261037708585555,6-mer
ACTTCG,-0.004175675971193232,-0.8130830095137958,6-mer
ACTTGA,-0.07404580628479841,-0.07762089712247382,6-mer
ACTTGT,-0.17855024805660918,-0.3677178048296466,Inverted repeat
ACTTGC,0.4718538732998036,-0.2897682475245568,6-mer
ACTTGG,-0.29690582841292984,-0.4846369585269751,6-mer
ACTCAA,0.4637504803331297,0.6237483895808751,6-mer
ACTCAT,0.4292513584985448,0.6725987532393153,6-mer
ACTCAC,0.3849588036129615,1.107675517526146,6-mer
ACTCAG,-0.48135333258381685,-1.1591985948492538,6-mer
ACTCTA,0.5579552447893146,0.7119050219008989,6-mer
ACTCTT,0.28737336603569685,0.36155049445185555,6-mer
ACTCTC,0.446828566193924,0.7500846017608293,6-mer
ACTCTG,0.2312663719697033,-0.4393873606945926,6-mer
ACTCCA,0.37248844901683886,0.06354399518815808,6-mer
ACTCCT,0.3403401320012426,0.03637732069976104,6-mer
ACTCCC,1.0251273993207795,0.9146847530903165,6-mer
ACTCCG,0.06501979185041,-1.0274061573406519,6-mer
ACTCGA,-2.2161961553725424,-3.349665003022468,6-mer
ACTCGT,0.7935491225325736,0.34728754488147867,Inverted repeat
ACTCGC,0.9282816116360822,0.7592553703487183,6-mer
ACTCGG,0.2946780604791616,-1.0626276680625864,6-mer
ACTGAA,0.48983279766470916,-0.6327795375112057,6-mer
ACTGAT,0.2777559115405594,0.006886385585240066,6-mer
ACTGAC,0.09604668747103437,-0.5002238290983221,6-mer
ACTGAG,-0.19513034133199011,-0.8557575225836995,6-mer
ACTGTA,-2.8021932169418244,-3.7036069972197754,6-mer
ACTGTT,-2.03796785019902,-3.2292460923775104,6-mer
ACTGTC,-2.0617761975866897,-3.054197294388812,6-mer
ACTGTG,-2.4041765066470773,-2.957621397729449,6-mer
ACTGCA,0.03467745163274533,-1.6511821868635992,6-mer
ACTGCT,0.2441967916547964,-1.1163145331955517,6-mer
ACTGCC,0.8023193321603057,-0.6996174353939022,6-mer
ACTGCG,-0.5328397696450236,-1.607780583066248,6-mer
ACTGGA,0.5893220400999003,-0.8675923866301868,6-mer
ACTGGT,0.051147204715296345,-0.901526302971745,Inverted repeat
ACTGGC,0.10371942237240883,-1.2305422614890602,6-mer
ACTGGG,-0.33690430246015374,-0.9560566524124031,6-mer
ACCAAA,-0.41454107384265965,-0.04836302156139891,6-mer
ACCAAT,-0.09279844522638288,0.13084117136890727,6-mer
ACCAAC,0.12135777600022205,0.5615985076556458,6-mer
ACCAAG,-0.41026356329344377,-0.2477761473944261,6-mer
ACCATA,0.057715497856287434,0.57691397194761,6-mer
ACCATT,0.10682695489269617,0.35850926671137123,6-mer
ACCATC,-0.6719008811688867,0.1650779293109319,6-mer
ACCATG,0.016542139114497312,0.7188345381423318,6-mer
ACCACA,0.32506780241792965,1.0551878174014595,6-mer
ACCACT,0.7396030629828373,1.1944549362746923,6-mer
ACCACC,0.7433223620911894,1.7819130002201808,6-mer
ACCACG,0.25153876699596434,1.253839105045193,6-mer
ACCAGA,-0.36283501282423486,-0.7326617915769796,6-mer
ACCAGT,-0.06273575534796248,-0.6885001048295669,Inverted repeat
ACCAGC,-0.02814048036450133,-0.34565946277306214,6-mer
ACCAGG,-0.38702312310924736,-1.2235243908263678,6-mer
ACCTAA,-1.454252756982985,-0.9809237799616626,6-mer
ACCTAT,-0.8828916970011359,-0.6704533605243383,6-mer
ACCTAC,-0.43228287969471046,-0.5398746111926179,6-mer
ACCTAG,-1.6677889318507768,-1.1746003228795319,6-mer
ACCTTA,0.22956039790046961,0.06996072193128437,6-mer
ACCTTT,-0.3539054061290337,-0.3050284944984209,6-mer
ACCTTC,-1.2368551096342872,-1.531866318541675,6-mer
ACCTTG,-0.33265654676699635,-0.4383932933267344,6-mer
ACCTCA,-0.4557705601337145,-0.3074285251922473,6-mer
ACCTCT,0.21728081066817792,0.19008055426871576,6-mer
ACCTCC,-0.3511257354586506,-0.647177897166854,6-mer
ACCTCG,-1.5530532527664123,-2.038553240769393,6-mer
ACCTGA,-0.3974791278945391,-1.0277153782118231,6-mer
ACCTGT,0.053111336459562536,-0.8093940673312029,Inverted repeat
ACCTGC,-0.45634233471405694,-1.6868421147403698,6-mer
ACCTGG,-0.3252219206124043,-1.4258173380320864,6-mer
ACCCAA,-0.11966186515203626,0.24703583506432075,6-mer
ACCCAT,-0.14514808409627866,0.4428179503189863,6-mer
ACCCAC,0.35782712100433545,1.286000000939141,6-mer
ACCCAG,-0.4222330006830476,-0.845206393033322,6-mer
ACCCTA,0.5640701386188569,1.5493385909904347,6-mer
ACCCTT,-0.1537189566371784,0.637031990660793,6-mer
ACCCTC,-0.3587031421735496,0.6535495859785686,6-mer
ACCCTG,-0.07496205768122212,-0.13319696819121213,6-mer
ACCCCA,0.3314150856601514,1.374478616941072,6-mer
ACCCCT,0.8783795178567202,1.5128848226769884,6-mer
ACCCCC,0.11818142634831416,1.7435784172378592,6-mer
ACCCCG,-0.7366519307144024,-0.4395064948727433,6-mer
ACCCGA,-0.25499708676837535,-1.2129151430329241,6-mer
ACCCGT,0.0855076816581429,-0.33892617123925944,Inverted repeat
ACCCGC,0.33041955578100185,0.28047454554102547,6-mer
ACCCGG,0.670196581953505,-0.7242864600954599,6-mer
ACCGAA,0.04996845927408476,-1.0708186375332773,6-mer
ACCGAT,0.9849537059523771,0.5696708487685657,6-mer
ACCGAC,0.04996845927408476,-0.890941552330579,6-mer
ACCGAG,-0.16895316237498748,-0.9131225493200332,6-mer
ACCGTA,-1.0376922900719505,-2.009515795120198,6-mer
ACCGTT,-1.421036239900287,-1.8269601923421972,6-mer
ACCGTC,-1.6758159311722696,-2.3743439890385005,6-mer
ACCGTG,-0.035301050819026264,-0.00814317330861415,6-mer
ACCGCA,0.6261731470472637,0.13930177276995764,6-mer
ACCGCT,1.3407256903414881,1.446375465811851,6-mer
ACCGCC,0.7777454443085411,0.6973208413674378,6-mer
ACCGCG,-1.2942172667999057,-0.9339239153606141,6-mer
ACCGGA,0.3867232176844298,-1.1673917346967901,Inverted repeat
ACCGGT,1.7556717886959063,0.6230234310222049,Palindromes
ACCGGC,1.0924462487645952,-0.143073781792881,Inverted repeat
ACCGGG,0.353131594423068,-0.47215447007720474,Inverted repeat
ACGAAA,-0.784694324646432,-0.8823887812123788,6-mer
ACGAAT,0.3226467474755172,-0.31382251574796977,6-mer
ACGAAC,0.2786553864216635,-0.03179408257881977,6-mer
ACGAAG,-0.5705011790155685,-0.7583530215836068,6-mer
ACGATA,1.0480192442449532,1.3262540202901523,6-mer
ACGATT,0.9620622244310323,1.002300949516274,6-mer
ACGATC,0.7684896824997354,1.5155691653034824,6-mer
ACGATG,0.2467351164729132,0.8880930001543925,6-mer
ACGACA,1.1074844266664055,0.8042851851049433,6-mer
ACGACT,1.591741033352218,0.8090884571888732,6-mer
ACGACC,0.6559767531315609,0.5426162100115614,6-mer
ACGACG,-0.40925514668483787,-0.4964258261194987,6-mer
ACGAGA,-0.6882611259251745,-0.6244218512963143,6-mer
ACGAGT,0.4780472968046441,0.21428737169939246,Inverted repeat
ACGAGC,0.28555570522240026,0.48149273352757027,6-mer
ACGAGG,-2.0392594304472267,-2.352446835273913,6-mer
ACGTAA,-2.7992353583129237,-3.057739071112077,6-mer
ACGTAT,-2.440227407740146,-2.6358436697233403,6-mer
ACGTAC,-5.643856189774724,-6.2307410026269086,6-mer
ACGTAG,-3.6642299799590066,-3.674309986316438,6-mer
ACGTTA,-2.2356669988467757,-2.0286850825307874,6-mer
ACGTTT,-2.6589777436254027,-2.294620748891627,6-mer
ACGTTC,-1.781569544815974,-1.9437558893603806,6-mer
ACGTTG,-3.5388140399172667,-3.3052409659544835,6-mer
ACGTCA,-2.8489984304000227,-2.5087593310008653,6-mer
ACGTCT,-1.5872506773164266,-1.6301512744874116,6-mer
ACGTCC,-2.4814579249672963,-3.2643999478580237,6-mer
ACGTCG,-3.116269689310716,-3.548436624696042,6-mer
ACGTGA,-2.177348344767535,-1.0554270593337893,6-mer
ACGTGT,-2.0287655842266052,-1.1246158396678057,Inverted repeat
ACGTGC,-2.2565210988751194,-1.897948728530303,6-mer
ACGTGG,-3.6560672737255993,-2.8517490414160576,6-mer
ACGCAA,-0.07617515895026634,0.18627720684975585,6-mer
ACGCAT,0.6446263345403668,1.122906147536977,6-mer
ACGCAC,0.19754924915066482,0.9769471253637924,6-mer
ACGCAG,-0.36391776284645455,-0.8335388538612593,6-mer
ACGCTA,0.8288649621975362,1.981746680562867,6-mer
ACGCTT,0.7118044624645344,1.6552759990658292,6-mer
ACGCTC,1.3347876102378595,2.260747183878915,6-mer
ACGCTG,0.8077780618291925,0.8113576272582641,6-mer
ACGCCA,0.6780719051126377,1.4641594117035974,6-mer
ACGCCT,1.0371986179542496,1.2918127639792916,6-mer
ACGCCC,1.0823711556476363,1.9881431212259335,6-mer
ACGCCG,0.6343306819564052,0.5056786006308922,6-mer
ACGCGA,-2.0729128461854813,-1.3838962550903808,Inverted repeat
ACGCGT,-1.7683607904417409,-0.5140337467472396,Palindromes
ACGCGC,-0.6292272484765281,0.9907008284981805,Inverted repeat
ACGCGG,-3.385431037193521,-3.2120504771149894,Inverted repeat
ACGGAA,-0.7814357428804724,-2.000868831728089,6-mer
ACGGAT,0.28863778546689567,0.020656070553506014,6-mer
ACGGAC,0.4474589769712211,-0.829173032263295,6-mer
ACGGAG,-0.4834811828552721,-1.162004485602549,6-mer
ACGGTA,-1.4195388915137848,-2.2377676472233636,6-mer
ACGGTT,-1.1498060158342565,-1.8079044155096433,6-mer
ACGGTC,-1.065095028221885,-1.9405281923088062,6-mer
ACGGTG,-0.24064617408293387,-0.16349873228287945,6-mer
ACGGCA,0.512030978267305,-0.5368772189223193,6-mer
ACGGCT,0.945124814095994,0.385640508832858,6-mer
ACGGCC,-0.0683060133909088,-1.075930170192863,6-mer
ACGGCG,0.021494967227291027,-0.15447134903579957,6-mer
ACGGGA,-0.3889188463168954,-0.9804156036815981,6-mer
ACGGGT,-0.1182993128527831,-0.14974711950468197,Inverted repeat
ACGGGC,-0.12452866249448213,-0.5520978668155294,6-mer
ACGGGG,-1.6096849301323877,-1.4464805469297248,6-mer
AGAAAA,0.20323686898543059,0.23822772776692505,6-mer
AGAAAT,0.7288041601978806,0.12238661267895168,6-mer
AGAAAC,0.030315624427471825,0.19117578864044374,6-mer
AGAAAG,-0.18092877475296154,0.12002790640647205,6-mer
AGAATA,0.5434402336649911,0.19216021991703247,6-mer
AGAATT,0.3617866446432791,-0.29597220617832354,6-mer
AGAATC,-0.1401854698910963,-0.40252374550757236,6-mer
AGAATG,0.2511694606990831,0.23088388223008766,6-mer
AGAACA,-0.7148748084046611,-0.7454076280412283,6-mer
AGAACT,-0.3994646953583828,-0.9621404561739811,Inverted repeat
AGAACC,-0.7052307396994394,-0.8395797587530285,6-mer
AGAACG,-0.3344190390705592,-0.21125186373124727,6-mer
AGAAGA,0.7361589432976157,0.8884963697020158,6-mer
AGAAGT,1.013175388747733,0.5506123917273399,6-mer
AGAAGC,0.22568533970640356,0.29792576436008666,6-mer
AGAAGG,-0.5763877649831464,-0.8413527058017191,6-mer
AGATAA,-0.7733120969546964,-0.1432687598842151,6-mer
AGATAT,-0.9228968473800826,-0.6627943704558764,6-mer
AGATAC,-0.22151513639552692,-0.21222061627915673,6-mer
AGATAG,-0.5383407469605352,0.20361240473938044,6-mer
AGATTA,-0.6536810756280406,-0.1447230302630153,6-mer
AGATTT,-0.1367422740404833,0.13502519341974697,6-mer
AGATTC,-0.4449747834329478,-0.8497509432948926,6-mer
AGATTG,-0.20904675920163646,0.0935130119031048,6-mer
AGATCA,-0.8047840362435277,0.27527800158854093,Inverted repeat
AGATCT,-1.4739311883324124,-0.462021271174113,Palindromes
AGATCC,-0.3343313745483903,-0.07878262289237971,Inverted repeat
AGATCG,-0.217230716220669,0.24030744626310258,Inverted repeat
AGATGA,-0.23970623868576602,0.7664624914107032,6-mer
AGATGT,-1.162056758108973,-0.514105195843153,6-mer
AGATGC,-1.7016282627978159,-1.3157835745894613,6-mer
AGATGG,-1.3443493895951575,-0.5146432048698142,6-mer
AGACAA,0.5828424488467867,0.3374968974958454,6-mer
AGACAT,0.3130133700796146,0.18959988010270176,6-mer
AGACAC,0.8052252406930055,0.8883426537368682,6-mer
AGACAG,1.0318562690501283,0.2599184326119375,6-mer
AGACTA,0.1322262924456995,-0.23936894353323718,6-mer
AGACTT,0.5819510592561032,-0.03396315780231925,6-mer
AGACTC,0.36881448251819804,-0.10936055940423023,6-mer
AGACTG,0.06608919045777244,-1.185479815637154,6-mer
AGACCA,-0.5774873801590096,-0.6234046096492631,6-mer
AGACCT,-0.99787682810703,-1.15666310203339,Inverted repeat
AGACCC,-0.42306094620986817,-0.17343696933899838,6-mer
AGACCG,-0.3729520979118291,-0.8982083525087176,6-mer
AGACGA,0.5772149828415399,0.40989419600288407,6-mer
AGACGT,-1.009586048829198,-0.8721863721220209,6-mer
AGACGC,0.6534069825576633,1.0869872108658547,6-mer
AGACGG,0.38448003230287414,-0.31694468737310666,6-mer
AGAGAA,-0.4458679294321182,-0.04318593317203244,6-mer
AGAGAT,-0.13582966923928783,0.6256664712994537,6-mer
AGAGAC,0.7830236152107324,0.6248552278446688,6-mer
AGAGAG,0.707469920208621,1.436072216669415,6-mer
AGAGTA,0.35012498671801445,-0.12062239242127748,6-mer
AGAGTT,0.6051403826587863,0.5611899009175816,6-mer
AGAGTC,0.2857321411202447,-0.13578807165615317,6-mer
AGAGTG,0.3145175507161431,0.942623999742853,6-mer
AGAGCA,0.5713341752981929,0.48792369579247513,6-mer
AGAGCT,-0.09610545613094466,0.37964359274364956,Inverted repeat
AGAGCC,0.5503577479697317,0.6755093910448159,6-mer
AGAGCG,0.7996644995367493,1.699867981768437,6-mer
AGAGGA,-0.4438972537609942,-0.6626612554750942,6-mer
AGAGGT,-0.03743656864601234,0.05673025057686603,6-mer
AGAGGC,-0.2602743226485534,-0.3987012711041115,6-mer
AGAGGG,0.30011373364072147,0.7047892434884171,6-mer
AGTAAA,-0.7460361752624112,-1.0341955402773833,6-mer
AGTAAT,0.03408352731097022,-0.6706979626788974,6-mer
AGTAAC,0.8876660283436202,0.019733218542490612,6-mer
AGTAAG,0.13614042631757445,-0.3068886954232212,6-mer
AGTATA,-0.24264261700261583,-0.6584019249725042,6-mer
AGTATT,0.6825756393868835,-0.14674463134315865,6-mer
AGTATC,0.37659539035073675,0.04984854945056148,6-mer
AGTATG,-0.7619444623676579,-0.9654197682898553,6-mer
AGTACA,-3.3464504140214317,-4.333105644198848,Inverted repeat
AGTACT,-2.7865963618908065,-3.6972654703459487,Palindromes
AGTACC,-2.7248927618656316,-3.269033146455237,Inverted repeat
AGTACG,-3.1990179129626393,-4.180572245641821,Inverted repeat
AGTAGA,-0.5392936991489774,-0.7202627153734366,6-mer
AGTAGT,-0.04675809851029391,-0.625721658419857,6-mer
AGTAGC,-0.5435948642526012,-0.7280600409443141,6-mer
AGTAGG,0.23381757908478087,-0.16558606571797488,6-mer
AGTTAA,-1.2597094561231057,-1.2065954025182033,6-mer
AGTTAT,-0.6669469670911614,-0.7330463393467079,6-mer
AGTTAC,0.1690362906044923,-0.4586030390945318,6-mer
AGTTAG,-0.8090478951142575,-0.8638614882175096,6-mer
AGTTTA,-0.6056388537002115,-0.5158441406571257,6-mer
AGTTTT,0.18558123036115268,0.056374583443598685,6-mer
AGTTTC,0.0861314220289091,-0.45460083322808165,6-mer
AGTTTG,0.5758108023516257,0.3184931050720414,6-mer
AGTTCA,-0.7298708056928424,-0.9466217726201164,6-mer
AGTTCT,-0.48178518861684244,-0.9486008474933555,Inverted repeat
AGTTCC,-0.7330897472997636,-1.5381773227134539,6-mer
AGTTCG,-0.24792751344358546,-1.2739227219765301,6-mer
AGTTGA,-1.0536647929595746,-1.05569049519586,6-mer
AGTTGT,-0.4444665074904726,-0.6216225746944519,6-mer
AGTTGC,-0.6119049811468916,-1.4207368945229522,6-mer
AGTTGG,-0.3494917344943958,-0.4171797729567621,6-mer
AGTCAA,0.593428593540998,0.23446525363702295,6-mer
AGTCAT,0.4080528491787167,0.35060240361618816,6-mer
AGTCAC,-2.7619943886577287,-2.498250867527825,6-mer
AGTCAG,0.03989272712351243,-1.060319469273812,6-mer
AGTCTA,-0.01767790037877142,-0.35187277082496804,6-mer
AGTCTT,0.6866206112171251,0.18049530395806676,6-mer
AGTCTC,0.4042408536355226,0.03196103820265887,6-mer
AGTCTG,0.3818179639779866,-1.0261337094729914,6-mer
AGTCCA,0.34792330342030675,-0.5941810307505349,6-mer
AGTCCT,0.5179558122244103,-0.69150377991818,Inverted repeat
AGTCCC,0.8087252198090844,-0.04675809851029391,6-mer
AGTCCG,0.11958161575267237,-1.62109628677487,6-mer
AGTCGA,-2.3061031277256796,-3.883976203660517,6-mer
AGTCGT,1.209227962138,0.4409161311044494,6-mer
AGTCGC,0.8815320987694745,0.2886008612175091,6-mer
AGTCGG,0.24280937776975983,-1.3355568943328966,6-mer
AGTGAA,-0.22215618504299578,0.07812945153849185,6-mer
AGTGAT,0.37104586145205315,1.1888534987800217,6-mer
AGTGAC,-2.354028938054387,-2.338322533138031,6-mer
AGTGAG,0.12164248966306472,0.6172705277752579,6-mer
AGTGTA,0.08781787879141728,0.12442684909262486,6-mer
AGTGTT,0.13627016718045346,0.38464516743683347,6-mer
AGTGTC,0.562191193062498,0.4505850779579407,6-mer
AGTGTG,-0.431883170716767,0.37097071782388136,6-mer
AGTGCA,-0.2829339632714988,-0.7704139656024069,6-mer
AGTGCT,-0.3108101304032074,-0.5291147682465622,Inverted repeat
AGTGCC,0.41411299105054566,-0.2570106182060237,6-mer
AGTGCG,-0.15765121336090562,0.0021128073693978578,6-mer
AGTGGA,0.876895855310681,0.8847941443867305,6-mer
AGTGGT,0.9056726174518468,1.3548732728988708,6-mer
AGTGGC,0.24174171349729168,0.4032356857707462,6-mer
AGTGGG,0.7284214773294395,1.4556065301193317,6-mer
AGCAAA,-0.6886963211758191,-0.7907165648818191,6-mer
AGCAAT,-0.24547603444948898,-0.6489787255688627,6-mer
AGCAAC,-0.23243990795082534,-0.5744955016700873,6-mer
AGCAAG,-0.06867081066509843,-0.1423219390240416,6-mer
AGCATA,-0.7103483081363938,-0.8126858397338778,6-mer
AGCATT,0.012474328154024602,-0.3151054264835372,6-mer
AGCATC,-0.6258663886486285,-0.31128218235452043,6-mer
AGCATG,0.8841259471929138,1.0823308841981192,6-mer
AGCACA,-1.0112975913343858,-0.6670336336601894,6-mer
AGCACT,-0.32845164594966303,-0.5053030515435056,Inverted repeat
AGCACC,-0.07844909768534944,0.31810782963777956,6-mer
AGCACG,-0.4904859616622513,-0.11047169444499723,6-mer
AGCAGA,-0.7828210188419058,-1.2952747428340017,6-mer
AGCAGT,0.3232167908559348,-0.8279243039285563,6-mer
AGCAGC,-0.641077697630436,-1.4657900450377777,6-mer
AGCAGG,0.18237674248856886,-0.980090271241606,6-mer
AGCTAA,-1.1714508556732726,-0.5234984883493374,6-mer
AGCTAT,-0.7885862864006219,-0.18183027939157406,6-mer
AGCTAC,-1.1877561265125522,-0.9833852861491036,6-mer
AGCTAG,-1.6222610421441312,-0.6788294241853786,6-mer
AGCTTA,-0.8093328072623669,-0.347969306992986,6-mer
AGCTTT,-0.4901912661600839,0.032411444519291795,6-mer
AGCTTC,-0.770325663249683,-0.6826301870749419,6-mer
AGCTTG,0.05375257424732205,0.47809590594701606,6-mer
AGCTCA,-0.5854362144147538,0.042784866496796276,6-mer
AGCTCT,0.020362617841703474,0.5691664118142873,Inverted repeat
AGCTCC,-0.4387176771227812,-0.49725226256703137,6-mer
AGCTCG,-0.5000736031346429,-0.43398660207983397,6-mer
AGCTGA,-1.0004293096418793,-1.1063483195051467,6-mer
AGCTGT,-0.07555843066558132,-0.5343936763185193,6-mer
AGCTGC,-1.5849625007211563,-2.569421649825378,6-mer
AGCTGG,-0.7924162641776313,-1.234354613271856,6-mer
AGCCAA,0.03157666005338043,0.15985665143944164,6-mer
AGCCAT,0.17327800832061235,0.4602191159499122,6-mer
AGCCAC,0.3306682733222118,1.0642984934943727,6-mer
AGCCAG,0.24575641440195828,-0.375075269804799,6-mer
AGCCTA,0.21655084715437214,0.12309166115199387,6-mer
AGCCTT,0.7249929525001303,0.55081734500554,6-mer
AGCCTC,-0.42303029003237447,-0.6288092454066101,6-mer
AGCCTG,0.8774565070286142,-0.1915705710905503,6-mer
AGCCCA,-0.022912857981167364,0.13810358111424684,6-mer
AGCCCT,0.30450102312917826,0.8589644093476708,Inverted repeat
AGCCCC,0.1578899365219639,0.8285776501711853,6-mer
AGCCCG,-0.2786710368746933,-0.9655277827428604,6-mer
AGCCGA,0.22372148180896778,-0.6704634445761526,6-mer
AGCCGT,0.7394129145849493,0.28026894325014756,6-mer
AGCCGC,-0.14109231923459967,-0.21117720437298745,6-mer
AGCCGG,0.9235018625259566,-0.4270101409449196,6-mer
AGCGAA,0.2548392773663235,0.3062283731462783,6-mer
AGCGAT,1.48404526609661,2.1807139336986214,6-mer
AGCGAC,0.7667129375602583,0.8617251877842801,6-mer
AGCGAG,0.8944295484327289,1.3305412251920705,6-mer
AGCGTA,0.30969557255302116,0.7095501365858056,6-mer
AGCGTT,1.1600753901457725,2.039961450122296,6-mer
AGCGTC,0.9533890577084102,1.425047729550962,6-mer
AGCGTG,0.7327533428792918,2.13824993837772,6-mer
AGCGCA,-0.6030929539479537,0.1659709988091567,Inverted repeat
AGCGCT,0.23856181165676307,1.4185076032750923,Palindromes
AGCGCC,-0.8352484138129618,0.03633221268622466,Inverted repeat
AGCGCG,-0.23780552088919574,1.279766829655118,Inverted repeat
AGCGGA,0.30372791607413663,-0.2045777086526101,6-mer
AGCGGT,1.4027760917161365,1.3774232074790662,6-mer
AGCGGC,0.3563615919512361,0.03061923505839179,6-mer
AGCGGG,0.29280073218221925,0.5552013668750112,6-mer
AGGAAA,-0.7590997534503832,-1.2345415040025642,6-mer
AGGAAT,0.5752424058366813,-0.2947998762476698,6-mer
AGGAAC,-0.825056923791063,-1.4419083640035892,6-mer
AGGAAG,-0.6202856296646129,-1.1362942235610323,6-mer
AGGATA,0.16740778644337295,0.22623804984521736,6-mer
AGGATT,0.6691387803426299,0.4511572130011951,6-mer
AGGATC,-0.1269304090693166,0.10216688901834849,6-mer
AGGATG,-1.5937796101567965,-1.6064422281316078,6-mer
AGGACA,-0.024292913301943747,-0.7896678875153197,6-mer
AGGACT,0.41929952613300325,-0.6964655518669484,Inverted repeat
AGGACC,-1.2455276874825907,-1.9873999632203665,6-mer
AGGACG,-0.6155508205545792,-1.2698053638112299,6-mer
AGGAGA,-1.0966273165000835,-0.8135724140382471,6-mer
AGGAGT,0.14414097567207956,-0.00995824516979832,6-mer
AGGAGC,-0.0817940911636472,-0.21020095903400612,6-mer
AGGAGG,-0.38804698540053184,-0.763922496196056,6-mer
AGGTAA,-0.8012254243473672,-1.079335824258513,6-mer
AGGTAT,-0.23313292011993186,-0.5083668099341289,6-mer
AGGTAC,-1.8853574340588775,-3.0277831565135385,6-mer
AGGTAG,-0.8860438107029142,-0.9018948620555264,6-mer
AGGTTA,-0.5914527849874645,-0.5467863483029715,6-mer
AGGTTT,-0.06984312145588441,0.04377624327966854,6-mer
AGGTTC,-1.0448889555975318,-1.365617333508252,6-mer
AGGTTG,-0.4509933301063679,-0.32311338459463873,6-mer
AGGTCA,-1.4862192990610215,-1.5970860598036458,6-mer
AGGTCT,-1.4527473053320836,-1.6459919341187157,Inverted repeat
AGGTCC,-2.4516959698576923,-3.27485015608099,6-mer
AGGTCG,-0.5849625007211562,-1.5859239769586015,6-mer
AGGTGA,-1.2960494630617567,-0.5771429962618569,6-mer
AGGTGT,-0.27493298908036296,0.17910423920416357,6-mer
AGGTGC,-0.9121873249758568,-0.8802657100272909,6-mer
AGGTGG,-0.605070074169731,0.056637715113200454,6-mer
AGGCAA,0.2571935272447332,-0.642904421101358,6-mer
AGGCAT,0.6241503997190704,-0.07975143109508916,6-mer
AGGCAC,0.8768068028097493,0.4838763756068418,6-mer
AGGCAG,-0.05522952072039216,-1.3792929365903936,6-mer
AGGCTA,-0.029908865681127883,0.09370445288038297,6-mer
AGGCTT,0.4633606925295539,0.3182928517659821,6-mer
AGGCTC,0.6297416603018245,0.492033805923559,6-mer
AGGCTG,0.10546050750801984,-0.9119242333445003,6-mer
AGGCCA,-1.3757345385831563,-1.7850351724289806,Inverted repeat
AGGCCT,-1.0604525169101304,-1.8367198413166432,Palindromes
AGGCCC,-1.0511234683656687,-1.3445084670402974,Inverted repeat
AGGCCG,-0.9663168737437114,-1.8772276178787044,Inverted repeat
AGGCGA,0.3886542086881756,0.30625593670503315,6-mer
AGGCGT,0.8819943195492099,1.2335027694186969,6-mer
AGGCGC,-1.0379678501990206,-0.5018212654209103,6-mer
AGGCGG,-0.25436481107472775,-0.6914601318354849,6-mer
AGGGAA,0.16796227212470968,-0.3123373255758703,6-mer
AGGGAT,0.8512439891161624,1.1360615495760285,6-mer
AGGGAC,0.3052789660118131,-0.20959514687233352,6-mer
AGGGAG,0.4802936905559519,0.5754008875766311,6-mer
AGGGTA,0.22795194667834856,0.3579901936711958,6-mer
AGGGTT,0.5569053560759648,1.0717558399906182,6-mer
AGGGTC,-0.2648144122790796,-0.130664292944298,6-mer
AGGGTG,0.29086302111621637,1.140321288397415,6-mer
AGGGCA,0.4904714589238782,0.008401353646814666,6-mer
AGGGCT,0.6855319937651729,0.7539860994219364,Inverted repeat
AGGGCC,-0.7560744171139107,-1.1959202099752568,6-mer
AGGGCG,0.613218503996939,1.0019641868805138,6-mer
AGGGGA,-0.21535915918799733,0.2635947845710352,6-mer
AGGGGT,0.6127142643089197,1.3873457654097958,6-mer
AGGGGC,0.125371916181997,0.5543924909431435,6-mer
AGGGGG,0.024857813416976297,1.3209767628114206,6-mer
TAAAAA,0.08227195938818492,0.4674080647510779,6-mer
TAAAAT,0.4022181100080838,0.3802183458415229,6-mer
TAAAAC,0.6727340428927623,0.8036175651983395,6-mer
TAAAAG,0.5146784367779198,0.564365237759597,6-mer
TAAATA,-0.4201439320940561,-0.6603467385329463,Inverted repeat
TAAATT,-0.20624052886046496,-0.7084160677724062,6-mer
TAAATC,0.0038900980671577687,0.11026386858044733,6-mer
TAAATG,-0.7295840228512734,-0.8200815641380389,6-mer
TAAACA,-0.4369155677778924,-0.013845055998846488,6-mer
TAAACT,-0.6680976774468291,-0.42506525323881067,6-mer
TAAACC,-0.4100360419768108,0.07323158349781589,6-mer
TAAACG,-0.2537764379726975,0.1983442391157775,6-mer
TAAAGA,0.8406803035867757,1.051588618445975,6-mer
TAAAGT,0.22267491498154232,0.14504296972881298,6-mer
TAAAGC,0.05867669348410025,0.47326619867284453,6-mer
TAAAGG,0.4337189203449189,0.5843022632452655,6-mer
TAATAA,-0.30425706856030676,-0.22357064083386644,6-mer
TAATAT,0.030631618653663237,-0.18828721076982619,6-mer
TAATAC,0.15342237053038413,-0.24545321042713633,6-mer
TAATAG,-0.23337813879726643,-0.1263084655703419,6-mer
TAATTA,-1.4572910375740311,-1.5137595089862927,Palindromes
TAATTT,-0.5529546990290006,-0.7411704682291439,Inverted repeat
TAATTC,0.4612524314723916,-0.29260154974960245,Inverted repeat
TAATTG,-0.7100631365193941,-1.1121418175018498,Inverted repeat
TAATCA,-0.6363884246399593,0.15817346730581505,6-mer
TAATCT,-0.7076089277772715,-0.21877090537185043,6-mer
TAATCC,0.018147346710259107,0.07945398064511121,6-mer
TAATCG,0.07709412384099493,0.001694298539875594,6-mer
TAATGA,0.22612250813636228,0.4940453737186344,6-mer
TAATGT,-0.20931654595594762,-0.12088057594926936,6-mer
TAATGC,-0.11248325579965142,-0.45595570867907825,6-mer
TAATGG,0.4047743080673318,0.5564922614887303,6-mer
TAACAA,-0.19704895574213846,-0.3017221855761599,6-mer
TAACAT,-0.4072372121766448,-0.23401833197362434,6-mer
TAACAC,0.36865494055248266,0.8105408527764518,6-mer
TAACAG,0.386602420316767,-0.5019780034340894,6-mer
TAACTA,-1.2687480570281877,-1.0623019474056756,Inverted repeat
TAACTT,-0.6325502397484588,-0.7222997866370777,6-mer
TAACTC,-0.06911654876968469,-0.08851016981966664,6-mer
TAACTG,-0.5892787194705507,-1.5964423681771305,6-mer
TAACCA,0.08754389381031387,0.30423004150804095,6-mer
TAACCT,-0.28268995565300775,-0.3606829698404427,6-mer
TAACCC,0.6323561873914202,1.106225359287068,6-mer
TAACCG,0.3191983021317901,-0.19955878703860486,6-mer
TAACGA,0.9259321616139071,0.6576393062278381,6-mer
TAACGT,-2.1215871049676145,-2.0182045953775907,6-mer
TAACGC,1.0750747574532187,1.6913144818934898,6-mer
TAACGG,0.5317710657111533,-0.3015496414388455,6-mer
TAAGAA,-0.5890177154300458,-0.5149352305097159,6-mer
TAAGAT,-0.49869104908452444,-0.04939339539942772,6-mer
TAAGAC,0.07645206043787285,-0.10874453076851098,6-mer
TAAGAG,-0.2716733241076666,0.06179572238102602,6-mer
TAAGTA,-1.326845979019488,-1.4611379405877003,Inverted repeat
TAAGTT,-0.9798562683278642,-1.0990928347360938,6-mer
TAAGTC,-0.17970602223489773,-0.7415748474187958,6-mer
TAAGTG,-0.707505993692542,-0.4951310904920907,6-mer
TAAGCA,-0.5175931638166119,-0.7489095051859362,6-mer
TAAGCT,-0.7285227981640686,-0.390845274275377,6-mer
TAAGCC,0.1575317265411889,0.08714448499402415,6-mer
TAAGCG,-0.09628397705936846,0.5837668843245742,6-mer
TAAGGA,0.8466930700081048,0.5162815152921197,6-mer
TAAGGT,0.21096459265777606,0.2605544825056838,6-mer
TAAGGC,0.35898064611806596,0.02944813313909992,6-mer
TAAGGG,0.5952900695280675,0.9116148251396363,6-mer
TATAAA,-0.0903064211105205,-0.14568399152360287,6-mer
TATAAT,-0.35548065459838873,0.057765742342018395,6-mer
TATAAC,0.3819905983444666,0.17533747484727832,6-mer
TATAAG,0.31100313282108405,-0.006120904560792743,6-mer
TATATA,-1.3873625408359958,-1.1890952561872068,Palindromes
TATATT,-0.7986247661526569,-0.9426252039179864,Inverted repeat
TATATC,-0.16382480190589446,-0.020153371110305626,Inverted repeat
TATATG,-1.2557124945364746,-1.357309310523662,Inverted repeat
TATACA,0.0905623135365021,-0.2591193558304105,6-mer
TATACT,-0.3892115119109385,-0.6362235162384986,6-mer
TATACC,0.37376702640698056,0.13342166770332423,6-mer
TATACG,-0.07814577152583242,-0.43295940727610627,6-mer
TATAGA,0.21358652396110697,0.32425690094733517,6-mer
TATAGT,-0.17946968919466266,-0.10262135340694087,6-mer
TATAGC,0.13042968149669804,0.4687012098901336,6-mer
TATAGG,0.36676923912448,0.2319376356535622,6-mer
TATTAA,-0.5835384203282605,-0.6260392012379564,6-mer
TATTAT,0.04483601238304928,0.02934619721122538,6-mer
TATTAC,0.5066954439238929,-0.11715682403232802,6-mer
TATTAG,0.11685186739615308,0.047203566785015534,6-mer
TATTTA,-0.5001710759433342,-0.516449121428534,Inverted repeat
TATTTT,0.15021682324996372,0.03842634262003108,6-mer
TATTTC,-0.22008457034897985,-0.7342080654581824,6-mer
TATTTG,-0.2139192200242646,-0.4342946179599256,6-mer
TATTCA,0.37476154168714987,-0.05504136355796189,6-mer
TATTCT,0.4068403463122243,-0.005258672731510112,6-mer
TATTCC,0.6040713236688607,-0.4092982772261313,6-mer
TATTCG,0.2683711383344072,-0.8518417653902338,6-mer
TATTGA,0.5949363382569761,0.5074763505367621,6-mer
TATTGT,0.4997285912791294,0.3052617846050957,6-mer
TATTGC,0.3265061011663938,-0.40915408577338236,6-mer
TATTGG,0.35136046703907814,0.08558855571898856,6-mer
TATCAA,0.3213382366000766,0.8308158462639671,6-mer
TATCAT,0.06311538504302021,0.8162417398805357,6-mer
TATCAC,-0.10820274977697215,0.7864116620851048,6-mer
TATCAG,0.27120447981127965,0.06756328381263436,6-mer
TATCTA,-1.0502114459537677,-0.44073471320446755,Inverted repeat
TATCTT,-0.3680312058108819,0.10484045552310445,6-mer
TATCTC,-0.8124678454512568,-0.2563683070601621,6-mer
TATCTG,-0.8666859800389198,-1.07377196728605,6-mer
TATCCA,1.1065390612886772,1.0818906478193306,6-mer
TATCCT,0.30556712298058203,0.30211598676266427,6-mer
TATCCC,0.5768722720498853,0.8582233107085343,6-mer
TATCCG,0.6811123594326887,-0.05147060497271471,6-mer
TATCGA,-2.8659188145522125,-3.451211111832329,6-mer
TATCGT,0.9442093790682047,0.995299569830284,6-mer
TATCGC,1.0282806420386474,1.4523067471269753,6-mer
TATCGG,0.5172349725532728,-0.3096936070271034,6-mer
TATGAA,-0.1385544762938702,-0.04802483304710324,6-mer
TATGAT,-0.3201864374783134,0.5485776604308915,6-mer
TATGAC,0.10006695510392219,0.09790458797198626,6-mer
TATGAG,-0.27753397552890896,0.18113978893823868,6-mer
TATGTA,-1.6755650495020629,-1.4437086483677983,Inverted repeat
TATGTT,-1.3871333324245212,-1.2213072802240705,6-mer
TATGTC,-0.7088703924809779,-0.9288619096557958,6-mer
TATGTG,-0.38781603054381963,0.14682052822789948,6-mer
TATGCA,-0.511985677776036,-1.3276331387323963,6-mer
TATGCT,-0.876370617962871,-0.9752961790283429,6-mer
TATGCC,0.0525128956318464,-0.5984357889994281,6-mer
TATGCG,0.1574725624980817,0.261121894919792,6-mer
TATGGA,0.1573742651029059,0.05559370732652258,6-mer
TATGGT,0.1054516726888968,0.44565673433723574,6-mer
TATGGC,0.16941709964481538,0.3212279274186868,6-mer
TATGGG,0.08203400879603182,0.7278172119520209,6-mer
TACAAA,0.03188250207501276,-0.20346776046897397,6-mer
TACAAT,0.12943181742376253,-0.1806648894075223,6-mer
TACAAC,0.5512538361562266,0.2739065800244189,6-mer
TACAAG,0.6635979125092362,0.24864657538920715,6-mer
TACATA,-1.601978477736758,-1.6363537263101944,Inverted repeat
TACATT,-0.7063213819168112,-1.0048367545277384,6-mer
TACATC,-0.834984912681494,-0.9922505003950653,6-mer
TACATG,-0.12424981492178876,-0.24522692025328552,6-mer
TACACA,-0.5310236936103524,-0.5387923192882302,6-mer
TACACT,0.11166822870211317,-0.027039252752352104,6-mer
TACACC,0.37425188443234353,0.6456850871769169,6-mer
TACACG,0.31473259348315846,0.5106403352078317,6-mer
TACAGA,0.6687940915246269,-0.12519376441883878,6-mer
TACAGT,-1.5109619192773793,-3.1464923069771893,6-mer
TACAGC,0.43868876734348916,-0.3751447721553314,6-mer
TACAGG,0.9766360069344895,-0.32581723961478753,6-mer
TACTAA,-0.468820906112003,-0.7321485778684302,6-mer
TACTAT,-0.004646364856364834,-0.18152546341081538,6-mer
TACTAC,0.18126768795024473,-0.18024580712003244,6-mer
TACTAG,-0.3858217114859891,-0.4436066514756145,6-mer
TACTTA,-1.0272214687350243,-1.4200907270051295,Inverted repeat
TACTTT,-0.5568401747560893,-0.9707873403030612,6-mer
TACTTC,-0.03995560785330866,-0.8933300272655996,6-mer
TACTTG,0.1639262608208692,-0.425591081988457,6-mer
TACTCA,0.6830788971867364,0.3825272535895643,6-mer
TACTCT,0.16128090703306058,0.001197754357621888,6-mer
TACTCC,0.08961619435338485,-0.5742360941280976,6-mer
TACTCG,0.44825891879426044,-0.6936687601636561,6-mer
TACTGA,0.7260772780234701,-0.36619661001363146,6-mer
TACTGT,-2.5921580021253603,-3.3528526680822632,6-mer
TACTGC,0.6639861488091003,-1.0399482143272614,6-mer
TACTGG,0.6738035734758341,-0.835142797710072,6-mer
TACCAA,-0.030295011632910995,-0.055307371679097064,6-mer
TACCAT,0.03190924795474385,0.20011374884624597,6-mer
TACCAC,0.46631800422253716,0.9681745541446022,6-mer
TACCAG,0.10148131786588385,-0.7727087792507129,6-mer
TACCTA,-0.84799690655495,-0.8939627605071305,Inverted repeat
TACCTT,-0.4461139031454157,-0.733956844293868,6-mer
TACCTC,-0.5454679545873065,-0.8471951865893952,6-mer
TACCTG,-0.6665148736902378,-2.017558371384305,6-mer
TACCCA,0.4352760381586468,0.42157776591302226,6-mer
TACCCT,0.2715404509666859,0.6334981037817609,6-mer
TACCCC,0.2864364757478014,0.971063516154933,6-mer
TACCCG,0.6454672396807101,-0.4083781631646332,6-mer
TACCGA,0.6764240522311554,-0.5651176893242847,6-mer
TACCGT,-1.2288186904958809,-2.1127001327493624,6-mer
TACCGC,1.090075344301848,0.7743852779399324,6-mer
TACCGG,1.8001193229577408,0.19150685694379804,6-mer
TACGAA,-0.5028033958902154,-1.0543443613160781,6-mer
TACGAT,0.7624540159930038,0.6271907361104536,6-mer
TACGAC,0.8109661756099832,0.04282128255659285,6-mer
TACGAG,-0.4008332914520731,-0.7188612161396893,6-mer
TACGTA,-4.797012977836145,-4.777156666004501,Palindromes
TACGTT,-3.8444143493603855,-3.8289474525519616,Inverted repeat
TACGTC,-3.786596361890807,-4.431622959713293,Inverted repeat
TACGTG,-2.3399819305552287,-1.9950165924857444,Inverted repeat
TACGCA,0.07968888862915965,-0.06038215453601686,6-mer
TACGCT,0.3102586147201544,0.7123989859397181,6-mer
TACGCC,0.6810728319167366,0.7728732476368309,6-mer
TACGCG,-1.448775121914671,-0.7539966746940474,6-mer
TACGGA,0.2528437829518774,-0.9001931176803787,6-mer
TACGGT,-0.8030094517816397,-1.7685624390605452,6-mer
TACGGC,0.9164133697270253,-0.16115479181458017,6-mer
TACGGG,-0.44299156084984515,-1.1020368107052008,6-mer
TAGAAA,0.6929902319773017,0.7452293284364847,6-mer
TAGAAT,0.43408061419672167,0.23244861135339698,6-mer
TAGAAC,-0.38253107472384645,-0.3976839325285757,6-mer
TAGAAG,1.0631938264871938,0.974726763786292,6-mer
TAGATA,-1.163923324930538,-0.4658512888334809,Inverted repeat
TAGATT,-0.8318344699596725,-0.2827565471048045,6-mer
TAGATC,-1.1788602541737006,-0.10711884496997838,6-mer
TAGATG,-0.4994110566059431,0.30924832403398794,6-mer
TAGACA,0.7795071115790336,0.5721241953919165,6-mer
TAGACT,-0.12600788491210538,-0.49465321786288297,6-mer
TAGACC,-0.8587088325469727,-0.7702417490405047,6-mer
TAGACG,0.5021983003227228,0.6829707045254768,6-mer
TAGAGA,0.425489629247333,0.9787123630020405,6-mer
TAGAGT,0.6218805733073068,0.7357105309805818,6-mer
TAGAGC,0.5898259126401959,1.113121146284038,6-mer
TAGAGG,0.2707236714224415,0.4358154733402204,6-mer
TAGTAA,-0.17206074578630343,-0.43789551343984023,6-mer
TAGTAT,-0.3842403999707973,-0.363571603229781,6-mer
TAGTAC,-3.04001567884788,-3.777156666004501,6-mer
TAGTAG,0.07347701219800519,-0.10837119170914315,6-mer
TAGTTA,-1.4800699786697629,-1.1231357990515658,Inverted repeat
TAGTTT,-0.5845000243456975,-0.367453905362651,6-mer
TAGTTC,-1.179678659338314,-1.5373065093336185,6-mer
TAGTTG,-1.1723076527533063,-0.7802897106198776,6-mer
TAGTCA,0.18175043683910175,0.23871472663838075,6-mer
TAGTCT,-0.08868259809251348,-0.23866397767904104,6-mer
TAGTCC,0.3597301275997467,-0.5459683691052926,6-mer
TAGTCG,0.5238034988832972,-0.27310210224399206,6-mer
TAGTGA,0.16874820812136124,0.9024834940857378,6-mer
TAGTGT,-0.3193195793152414,0.4502521918629018,6-mer
TAGTGC,-0.07760281812397227,-0.20722354286528794,6-mer
TAGTGG,0.8135053526057542,1.3552281040435403,6-mer
TAGCAA,-1.1836954462697067,-1.0490813396682084,6-mer
TAGCAT,-0.4625455413895408,-0.024457864188747524,6-mer
TAGCAC,-0.7057375526539134,-0.18313054024157976,6-mer
TAGCAG,-0.7509347784721938,-1.4129216540395615,6-mer
TAGCTA,-1.53536497443481,-0.5251694158788985,Palindromes
TAGCTT,-1.1261390330455432,-0.2680629750268738,Inverted repeat
TAGCTC,-0.9300726182499707,-0.19607036557914848,Inverted repeat
TAGCTG,-1.11780227036618,-1.2453134962801622,Inverted repeat
TAGCCA,0.2227972747250704,0.6114052455727946,6-mer
TAGCCT,0.12794118298599158,0.07477088155331973,6-mer
TAGCCC,0.31764800474397614,0.9446592815088145,6-mer
TAGCCG,0.36280430213721365,0.023475569928843344,6-mer
TAGCGA,1.066310050017259,1.5504142741364846,6-mer
TAGCGT,0.8777504471059586,1.9502180272726197,6-mer
TAGCGC,-0.14346919058632396,1.2334810834365746,6-mer
TAGCGG,0.8366104346076337,0.8471194882272274,6-mer
TAGGAA,-0.5255800110391988,-0.9645652837704207,6-mer
TAGGAT,-0.02202630632999888,0.3195777902010243,6-mer
TAGGAC,-0.6506186923718319,-1.0938865091993302,6-mer
TAGGAG,-0.07358113238110728,-0.17964951133413296,6-mer
TAGGTA,-1.0177123510151396,-0.8070819170343863,Inverted repeat
TAGGTT,-1.1255948299148522,-0.6500575289430409,6-mer
TAGGTC,-2.4289959568687634,-2.3956557082039827,6-mer
TAGGTG,-1.7241252483927818,-0.8795605601988392,6-mer
TAGGCA,0.8871494672763554,0.15959864137243823,6-mer
TAGGCT,0.2255954997436825,0.30723689071321425,6-mer
TAGGCC,-1.1644808627521845,-1.4254842867139597,6-mer
TAGGCG,-0.005587683294085685,0.4277485510283979,6-mer
TAGGGA,1.1904905718367815,1.2445097882153475,6-mer
TAGGGT,0.8584370576847666,1.5351635769218985,6-mer
TAGGGC,0.7010595656440275,0.8386300090440768,6-mer
TAGGGG,0.7104933828050152,1.7072182507721543,6-mer
TTAAAA,0.377790644700752,0.5950968778548694,Inverted repeat
TTAAAT,-0.5869539432093931,-0.6829345364488786,6-mer
TTAAAC,-0.30669796741006305,0.10978305047536036,6-mer
TTAAAG,0.35206157895206913,0.5627124211209644,6-mer
TTAATA,-0.5485065515089823,-0.6096732965738797,6-mer
TTAATT,-1.096111892553005,-1.2331760765968376,6-mer
TTAATC,-0.3676480342924918,-0.07161173759869924,6-mer
TTAATG,0.19018974163479008,0.14984760507562614,6-mer
TTAACA,-0.5645443150106843,-0.5891381766923495,6-mer
TTAACT,-1.0465973455791064,-1.156428229452123,6-mer
TTAACC,0.06991775466945387,0.12486415094318311,6-mer
TTAACG,0.2885657163075106,0.30781987527090093,6-mer
TTAAGA,-0.5815993673931207,-0.22080617044449627,6-mer
TTAAGT,-1.3933377440971126,-1.323975439186804,6-mer
TTAAGC,-0.29088323470486355,-0.09382296225330626,6-mer
TTAAGG,0.5480945470572925,0.5403969482877118,6-mer
TTATAA,0.08722995263876165,-0.035414444025687226,Palindromes
TTATAT,-0.8157456014745875,-0.7575990171933293,Inverted repeat
TTATAC,0.42516171655255125,0.15584981623058963,Inverted repeat
TTATAG,0.4421960617288909,0.5617195002090809,Inverted repeat
TTATTA,-0.2449970667518531,-0.3032199791325046,6-mer
TTATTT,-0.33987934533728026,-0.40730154624613557,6-mer
TTATTC,0.24460754699280296,-0.41837858579857,6-mer
TTATTG,0.4553234757728729,0.20948963657566227,6-mer
TTATCA,-0.09110705148033356,0.5017229166677549,6-mer
TTATCT,-0.5422440092808868,-0.09010521107690694,6-mer
TTATCC,0.7315723353959876,0.6190059642481202,6-mer
TTATCG,0.6645441144282326,0.583151775612558,6-mer
TTATGA,-0.0909912201306516,0.2948273084968268,6-mer
TTATGT,-0.9074942878363681,-0.7234190623282584,6-mer
TTATGC,-0.12055892412133278,-0.4050668525696682,6-mer
TTATGG,0.2519405759502088,0.5802923874725073,6-mer
TTACAA,0.283325255663615,0.0247025474460299,Inverted repeat
TTACAT,-0.8751817358811803,-0.9522406976898133,6-mer
TTACAC,0.10803945493065313,0.10854016565115845,6-mer
TTACAG,0.6062966424000324,-0.43552034677994034,6-mer
TTACTA,0.006311262978106091,-0.3824160777096459,6-mer
TTACTT,-0.5746205564996971,-1.0883028383866689,6-mer
TTACTC,0.5860236960914668,0.06974107129056085,6-mer
TTACTG,0.5940076403241632,-0.8620498586620732,6-mer
TTACCA,-0.06730993495942596,-0.11706172613592793,6-mer
TTACCT,-0.6088092426755237,-0.9908786100314515,6-mer
TTACCC,0.48142872090982847,0.5153784729014013,6-mer
TTACCG,0.8568499131089231,-0.09561191159465161,6-mer
TTACGA,-0.17150085636785148,-0.5648944505403364,6-mer
TTACGT,-3.1817248342154594,-3.2834828295672147,6-mer
TTACGC,-0.002294241205814688,0.20971859130133727,6-mer
TTACGG,0.2141248053528473,-0.8816518249904074,6-mer
TTAGAA,1.0156454387298173,0.9282985346458114,Inverted repeat
TTAGAT,-0.8742918717655541,-0.05394909924696896,6-mer
TTAGAC,0.5890735823901564,0.3490041538303058,6-mer
TTAGAG,0.6577343314416192,1.0557559899091118,6-mer
TTAGTA,-0.801968375510545,-0.9765917789407742,6-mer
TTAGTT,-1.1945914027737337,-0.8935180450688092,6-mer
TTAGTC,0.5902269436002606,0.10251953198973553,6-mer
TTAGTG,0.6316789996281865,1.0552164015370347,6-mer
TTAGCA,-1.1260349616323884,-0.9266802562474284,6-mer
TTAGCT,-1.3458221375430637,-0.5952910933366219,6-mer
TTAGCC,0.46098962753068246,0.6189305047375867,6-mer
TTAGCG,0.7471514322623776,1.58812651098052,6-mer
TTAGGA,-0.2480242379946517,-0.2829752214409698,6-mer
TTAGGT,-1.5274376268199281,-1.0089516008445285,6-mer
TTAGGC,0.3279170911137539,0.1882643395082093,6-mer
TTAGGG,1.1064814280808712,1.5777941531182704,6-mer
TTTAAA,0.24120902140586858,0.47424559127072075,Palindromes
TTTAAT,-0.10223012735460833,-0.038448091212658575,Inverted repeat
TTTAAC,0.2179422966710613,0.2420075418997677,Inverted repeat
TTTAAG,0.04663037519149114,0.26602712292368524,Inverted repeat
TTTATA,-0.07903421917975856,-0.11214758268636797,6-mer
TTTATT,-0.19651378951084233,-0.2391736777033559,6-mer
TTTATC,0.2024210004312732,0.5511790105885431,6-mer
TTTATG,-0.1961658378026806,0.13456972499435,6-mer
TTTACA,-0.4474337988275912,-0.4896509182621718,6-mer
TTTACT,-0.5247323641047738,-0.88570671260819,6-mer
TTTACC,-0.07376405467205445,-0.27755357723054025,6-mer
TTTACG,-0.9400574595437178,-0.9791212703240839,6-mer
TTTAGA,0.8993044103807519,1.1801512529869953,6-mer
TTTAGT,0.19184602223607072,0.23822672660209374,6-mer
TTTAGC,0.2313816526279744,0.7504058511049143,6-mer
TTTAGG,0.7275313131615527,0.9150336749231403,6-mer
TTTTAA,0.3946883760873053,0.5517043630696734,Inverted repeat
TTTTAT,0.0023618477977170654,0.2057681064935427,6-mer
TTTTAC,-0.0783556377014546,-0.1290851480566104,6-mer
TTTTAG,0.6599458923130307,0.9821861665642743,6-mer
TTTTTA,0.06999853278630731,0.4046535647033405,6-mer
TTTTTT,-0.7055574485660255,-0.35519399778347466,6-mer
TTTTTC,0.00981428982695585,0.02601960950108683,6-mer
TTTTTG,-0.12513145531657033,0.12015963512257868,6-mer
TTTTCA,0.08921876986530332,0.2260389757939482,6-mer
TTTTCT,0.18549415851439766,0.2768774904494594,6-mer
TTTTCC,-0.31757794501107817,-0.782912462609128,6-mer
TTTTCG,-0.9496156280735959,-1.3879207867538192,6-mer
TTTTGA,0.18416321596983612,0.5532669665718749,6-mer
TTTTGT,-0.3136909334980568,0.02686763047500431,6-mer
TTTTGC,-0.18771335073630047,-0.4881953602861994,6-mer
TTTTGG,-0.1505506569409263,0.03185064619601061,6-mer
TTTCAA,0.18785484252663173,0.26133951856250165,Inverted repeat
TTTCAT,0.24072474238794556,0.5085838298629055,6-mer
TTTCAC,-0.0782300811085812,0.46885701388359663,6-mer
TTTCAG,0.37287508777644673,-0.4112331052414306,6-mer
TTTCTA,0.6603844325605399,0.6727085433793292,6-mer
TTTCTT,0.15869125018712604,0.316617597309641,6-mer
TTTCTC,-0.5141103473595326,-0.23325915488413373,6-mer
TTTCTG,-0.09747662987835862,-0.8595171103656883,6-mer
TTTCCA,0.007492374235833406,-0.5040425053375885,6-mer
TTTCCT,-0.5360529002402099,-1.0276276030172786,6-mer
TTTCCC,-0.4726027868126583,-0.7302191065379704,6-mer
TTTCCG,-1.5266252996362577,-2.7040632430857867,6-mer
TTTCGA,-5.28493974248679,-5.997179480937621,6-mer
TTTCGT,-0.7566409574867476,-0.8586134913195159,6-mer
TTTCGC,-0.39792119058178355,-0.3824002914864922,6-mer
TTTCGG,-0.9186915344243977,-2.2079347666906797,6-mer
TTTGAA,0.2628171254717917,0.28905811232802053,Inverted repeat
TTTGAT,0.16142703766378258,0.9392770067020819,6-mer
TTTGAC,0.3461756411340395,0.2950796708361922,6-mer
TTTGAG,0.38053562129944485,0.7679332103835967,6-mer
TTTGTA,0.12932270430424972,-0.02451239862466107,6-mer
TTTGTT,-0.3976364604636795,-0.07558790876284198,6-mer
TTTGTC,0.04625880498849248,-0.10769375211482313,6-mer
TTTGTG,-0.2974137698854843,0.2589182973615618,6-mer
TTTGCA,0.16395589620681522,-0.7273980018719246,6-mer
TTTGCT,-0.6358934046227301,-0.7434780767745846,6-mer
TTTGCC,-0.017242734523980768,-0.6812717064903951,6-mer
TTTGCG,-0.4108676946721159,-0.3866162589644141,6-mer
TTTGGA,0.231569377517737,-0.061974021255106225,6-mer
TTTGGT,-0.25386545024333623,0.04969061169728438,6-mer
TTTGGC,-0.1122299924843316,-0.16772426995082312,6-mer
TTTGGG,-0.19947778030416374,0.34623542833451576,6-mer
TTCAAA,0.32705052749995,0.37291202360616726,Inverted repeat
TTCAAT,0.3278241340776293,0.19994427013906071,6-mer
TTCAAC,-0.42597297695999925,-0.5277959474768241,6-mer
TTCAAG,0.22260905847791504,0.13671546235363205,6-mer
TTCATA,-0.1404588577452597,-0.054108742331251014,6-mer
TTCATT,-0.08189330000984832,0.014760021777944037,6-mer
TTCATC,0.2967585427938072,0.9153543326598085,6-mer
TTCATG,-0.18122490117925283,0.22747506210549498,6-mer
TTCACA,-0.7815956808324401,-0.1605817851537548,6-mer
TTCACT,0.01697503655390621,0.17072749698135284,6-mer
TTCACC,-0.3858487282751625,0.12261928666395586,6-mer
TTCACG,-0.2578301408312665,0.34002341415244447,6-mer
TTCAGA,-0.7729200885518339,-1.6508164742302023,6-mer
TTCAGT,0.5920172582551069,-0.4727329818042686,6-mer
TTCAGC,0.48651932062739806,-0.14563522235240983,6-mer
TTCAGG,0.8998011708221993,-0.08496137024233047,6-mer
TTCTAA,0.9141928463297294,0.8682758074900365,Inverted repeat
TTCTAT,0.3009327522724428,0.18232532692374956,6-mer
TTCTAC,0.4655323048867413,0.09351873764458614,6-mer
TTCTAG,-0.04439411935845331,0.19396589135727021,6-mer
TTCTTA,-0.7095044129492947,-0.5806901472287721,6-mer
TTCTTT,0.3810034602928316,0.48920171652395167,6-mer
TTCTTC,0.5783469209568437,0.5581912719255157,6-mer
TTCTTG,0.12829128458832698,0.1601121628005565,6-mer
TTCTCA,-0.6767905345328975,-0.28658609801396084,6-mer
TTCTCT,-0.4723046999516941,-0.09087736387857907,6-mer
TTCTCC,-1.1390045071080321,-0.9671847199192379,6-mer
TTCTCG,-0.43613302028465756,-0.7551870961923488,6-mer
TTCTGA,-0.9364519727693585,-1.6037600961752823,6-mer
TTCTGT,0.6098011640223059,-0.043923075383704484,6-mer
TTCTGC,-0.15253486456824297,-1.246838275912879,6-mer
TTCTGG,-0.1113989248358568,-1.0344406453290296,6-mer
TTCCAA,0.024601973233078205,-0.5349411477002033,Inverted repeat
TTCCAT,0.018035770805725642,-0.22884522257449952,6-mer
TTCCAC,0.619438931942935,0.5988858649319779,6-mer
TTCCAG,-0.047305714778356725,-1.4872127094377658,6-mer
TTCCTA,-0.328269621761189,-0.7887828160211822,6-mer
TTCCTT,-0.18401865697268321,-0.6838694119867251,6-mer
TTCCTC,-0.6889602212553739,-1.2430659896011977,6-mer
TTCCTG,0.6289773555844681,-1.1118063619158896,6-mer
TTCCCA,-0.39883160763332576,-0.8349874033138236,6-mer
TTCCCT,-0.2919778768847933,-0.35459964465128546,6-mer
TTCCCC,-0.23351792218943648,-0.1415003372879149,6-mer
TTCCCG,-0.2037232098923775,-1.7220824819882024,6-mer
TTCCGA,-3.292781749227846,-5.0325756035448705,6-mer
TTCCGT,-1.0149503414659715,-2.1594782140071964,6-mer
TTCCGC,-0.9356724248958036,-1.7465189225154718,6-mer
TTCCGG,-0.789809492485993,-2.7258539595878593,6-mer
TTCGAA,-3.0841951274164283,-4.2815128017997255,Palindromes
TTCGAT,-3.34255474547732,-3.8217102150346745,Inverted repeat
TTCGAC,-3.6553518286125537,-5.354028938054387,Inverted repeat
TTCGAG,-3.693360233001823,-4.684559826588949,Inverted repeat
TTCGTA,-0.1265324059289317,-0.6546846863852258,6-mer
TTCGTT,-0.041719390124647156,-0.1827748339183345,6-mer
TTCGTC,-0.7031006996041601,-1.0473057147783567,6-mer
TTCGTG,-0.37383134326614703,-0.4237172549712575,6-mer
TTCGCA,-0.07290290294679502,-0.6026816670763712,6-mer
TTCGCT,0.21276465139962877,0.32351484424775945,6-mer
TTCGCC,0.33543235923710985,0.08523249866962289,6-mer
TTCGCG,-1.6342756764554476,-1.3672248663130893,6-mer
TTCGGA,-1.993047239358233,-4.051439034150039,6-mer
TTCGGT,0.07006876461024603,-1.1052078524987508,6-mer
TTCGGC,-0.5307128754850113,-1.9757524537533229,6-mer
TTCGGG,-1.6708403358815618,-2.7757278454453296,6-mer
TTGAAA,0.2178316332703418,0.26038834952270823,Inverted repeat
TTGAAT,0.41628712693678127,0.17599227950170246,6-mer
TTGAAC,0.14109231923459967,-0.05010933355390267,6-mer
TTGAAG,0.17820649810230263,0.08855680921023214,6-mer
TTGATA,0.32076007832844305,0.813728389114716,6-mer
TTGATT,0.12152687548361994,0.5872937744239567,6-mer
TTGATC,-0.10036090669006743,0.9172410195125886,6-mer
TTGATG,0.12653659494500422,0.9608583224607522,6-mer
TTGACA,0.49093330347678527,0.36210959580566665,6-mer
TTGACT,0.5869932957906022,0.19673880036065478,6-mer
TTGACC,-0.38062391505257476,-0.39314489343000164,6-mer
TTGACG,-0.46284897919503193,-0.2597814280387062,6-mer
TTGAGA,-0.21312950000748002,0.23007348451986537,6-mer
TTGAGT,0.5379731020227543,0.7141004040845793,6-mer
TTGAGC,0.5253813481525154,0.9772873754563569,6-mer
TTGAGG,-0.9470927340534061,-0.7280911663793844,6-mer
TTGTAA,0.2613782071378679,0.08930270217010905,Inverted repeat
TTGTAT,0.7566991784548535,0.4840817306461648,6-mer
TTGTAC,-3.292781749227846,-3.9960497275197566,6-mer
TTGTAG,0.2174891489198744,0.408508113334364,6-mer
TTGTTA,-0.5266425619399695,-0.340419001133329,6-mer
TTGTTT,0.0500431766799785,0.2464080872463846,6-mer
TTGTTC,-0.4071328945239016,-0.4937768539317711,6-mer
TTGTTG,0.2061166494939892,0.3468659966372644,6-mer
TTGTCA,0.05216385439256551,0.05171979078256965,6-mer
TTGTCT,0.6575781391374965,0.6065328111433747,6-mer
TTGTCC,-0.002312629468046388,-0.5406478227349806,6-mer
TTGTCG,-0.027593369243854134,-0.5876922934767284,6-mer
TTGTGA,-0.7331020550416376,0.044779159580668595,6-mer
TTGTGT,-0.46833572543889285,0.23424369254607233,6-mer
TTGTGC,-0.1300605405643728,-0.19074776556723824,6-mer
TTGTGG,0.14414591628162157,0.7830620087556602,6-mer
TTGCAA,0.615451757398372,-0.4071194023408466,Palindromes
TTGCAT,0.4239679045252348,-0.3144458732263404,Inverted repeat
TTGCAC,0.005559525341900504,-0.44696845901753385,Inverted repeat
TTGCAG,0.0032095564758900467,-1.6454150176312865,Inverted repeat
TTGCTA,-1.0973860602694152,-0.9957505269986422,6-mer
TTGCTT,-0.5924510008324325,-0.674741811209929,6-mer
TTGCTC,0.49205991950268885,0.19003571255206547,6-mer
TTGCTG,-0.09786517290159236,-1.1009047651454376,6-mer
TTGCCA,-0.3255303315675579,-0.8383263091254469,6-mer
TTGCCT,0.20546256090821474,-0.689063920502911,6-mer
TTGCCC,0.21601485156573125,-0.10521931205449692,6-mer
TTGCCG,-0.19527681031205374,-1.4351167086738057,6-mer
TTGCGA,-0.1717663482664799,-0.5681275084904571,6-mer
TTGCGT,-0.01696400673314286,0.18370544092021682,6-mer
TTGCGC,-0.5484588420508162,-0.1858665453113339,6-mer
TTGCGG,-0.020387997000080472,-0.8227470842648272,6-mer
TTGGAA,-0.02293178244137004,-0.6705382324272299,Inverted repeat
TTGGAT,0.5031546734639265,0.6005392712733714,6-mer
TTGGAC,0.025995208532944337,-0.6601879280518556,6-mer
TTGGAG,0.11226623225091206,-0.07381279980380988,6-mer
TTGGTA,0.14263186828389732,-0.07893198376598316,6-mer
TTGGTT,-0.31218570745830415,0.060199613700171455,6-mer
TTGGTC,-1.3230374336893407,-1.3690906070212132,6-mer
TTGGTG,0.1581925122401637,0.8626896469058922,6-mer
TTGGCA,-0.2564617519103077,-0.7187477362249808,6-mer
TTGGCT,0.08083468383649935,0.1486880758079678,6-mer
TTGGCC,-1.2582808758631594,-1.6491522927179914,6-mer
TTGGCG,-0.18353145706340454,0.19984323869474854,6-mer
TTGGGA,-0.5786700064276812,-0.4274378120610731,6-mer
TTGGGT,-0.326473567759193,0.37688597156466164,6-mer
TTGGGC,-0.4402878208404195,-0.2868386098618153,6-mer
TTGGGG,-0.12285674778553343,0.8067676250656186,6-mer
TCAAAA,0.16950908759229114,0.5533424757691772,6-mer
TCAAAT,0.36369562612428885,0.294952500743364,6-mer
TCAAAC,0.5457332414239492,1.079348055285048,6-mer
TCAAAG,0.07926148674753045,0.5350555771409512,6-mer
TCAATA,0.6109705048322709,0.6469381960676237,6-mer
TCAATT,-0.12152775439874905,-0.2534250705799327,6-mer
TCAATC,0.3680835040684935,0.9639522045483244,6-mer
TCAATG,0.4856540411310057,0.7116941765623864,6-mer
TCAACA,-0.3760666728353169,-0.211028338327872,6-mer
TCAACT,-1.1251818007317773,-1.1867793021041981,6-mer
TCAACC,-0.41158575648353923,-0.1293635746794884,6-mer
TCAACG,-0.44608432699500383,-0.029859288693110216,6-mer
TCAAGA,-0.6499535246867233,-0.42781243413629894,Inverted repeat
TCAAGT,0.030767958839863743,-0.07171624915384193,6-mer
TCAAGC,0.4712991873619566,0.995759547774058,6-mer
TCAAGG,0.290709364276642,0.43981181001439373,6-mer
TCATAA,-0.21400463584372875,0.20735623993258842,6-mer
TCATAT,-1.3056638740064588,-0.8406001784203984,6-mer
TCATAC,-0.028249476804173595,0.054266291749252946,6-mer
TCATAG,0.1539172439724857,0.6891945689368267,6-mer
TCATTA,0.2940301677812225,0.44717573459456006,6-mer
TCATTT,-0.6434581500313005,-0.14505249389972955,6-mer
TCATTC,0.24355703133449,0.40375802094813873,6-mer
TCATTG,0.2595440509412225,0.4966579082830354,6-mer
TCATCA,0.42115710565874204,1.5517127468321341,6-mer
TCATCT,-0.373960153181133,0.6865659238650952,6-mer
TCATCC,-0.7668532796223618,-0.34172703745640115,6-mer
TCATCG,0.5982729543045345,1.1375035237499351,6-mer
TCATGA,-0.9625182898302048,-0.05982918787002167,Palindromes
TCATGT,-0.3819890459458111,0.28466847631828024,Inverted repeat
TCATGC,0.7146091459077173,0.9426817147851106,Inverted repeat
TCATGG,-0.07863668827417412,0.7083580336035077,Inverted repeat
TCACAA,-0.6293956883902447,0.13238763095970046,6-mer
TCACAT,-0.4360192070251644,0.40513993174381335,6-mer
TCACAC,-1.0107798387532427,0.2375733949632068,6-mer
TCACAG,-0.01594154386902145,-0.17297509780226228,6-mer
TCACTA,0.2003343435310438,0.6991841868520263,6-mer
TCACTT,0.03466416219201565,0.4699801680382035,6-mer
TCACTC,0.0293937849948096,0.7480816263603801,6-mer
TCACTG,-0.27597346154129204,-0.6104843064472644,6-mer
TCACCA,-0.3266726917341116,0.6939527052061133,6-mer
TCACCT,-1.3988111848642608,-0.6099912952126786,6-mer
TCACCC,-0.4082973530418371,0.8944796712763476,6-mer
TCACCG,0.3089190343254997,0.4505265839974687,6-mer
TCACGA,-0.9403287873270251,-0.3254749806097008,Inverted repeat
TCACGT,-2.240031586551642,-1.4792305612063363,6-mer
TCACGC,0.24722228647736363,1.759836718135202,6-mer
TCACGG,-0.6771224512837734,-0.5168634862112784,6-mer
TCAGAA,-0.765534746362977,-1.4975449695331904,6-mer
TCAGAT,-1.6686947680301103,-1.801686171970912,6-mer
TCAGAC,-0.5558161550616396,-0.9788767084342458,6-mer
TCAGAG,-0.29208608335843644,-0.7822895846756963,6-mer
TCAGTA,0.6369087157538105,-0.5003385365741699,6-mer
TCAGTT,-0.18057224564182084,-0.9510903995190535,6-mer
TCAGTC,0.6155554209925292,-0.2663244757679784,6-mer
TCAGTG,0.4964685268808851,0.24848867063601449,6-mer
TCAGCA,0.1717794571810713,-0.5577910514248904,6-mer
TCAGCT,-0.7270826525414612,-0.8196522808609883,6-mer
TCAGCC,0.347732546439877,-0.1239569919119871,6-mer
TCAGCG,0.8438038933122695,0.9403892170815614,6-mer
TCAGGA,-0.22474592110942007,-1.3519596851626192,Inverted repeat
TCAGGT,-0.6629650127224294,-0.9916295950141196,6-mer
TCAGGC,0.8218544917527192,-0.0008288969150102625,6-mer
TCAGGG,0.5519337003336853,0.22161447845381296,6-mer
TCTAAA,0.8516134437658763,1.1100789598228373,6-mer
TCTAAT,0.12756714924037746,0.288568314822636,6-mer
TCTAAC,0.38261602158646646,0.6495544689032143,6-mer
TCTAAG,-0.5101205415555874,-0.3052188524660685,6-mer
TCTATA,0.11096240919640621,0.23163292164776092,6-mer
TCTATT,-0.23920225416811697,-0.267958284473079,6-mer
TCTATC,0.3686019262885593,0.9169442602724416,6-mer
TCTATG,0.47393118833241227,0.7480912103892083,6-mer
TCTACA,-0.017921907997262447,-0.22650852980867991,6-mer
TCTACT,-0.2521460896910577,-0.43237849523246563,6-mer
TCTACC,0.02216164992415866,0.04479128891465854,6-mer
TCTACG,-0.20316294985639508,-0.17300895156535204,6-mer
TCTAGA,-1.661322319643287,-1.0394749498309088,Palindromes
TCTAGT,-0.29608437190068876,-0.09070290668438619,Inverted repeat
TCTAGC,0.15662341778119973,0.8947793199115968,Inverted repeat
TCTAGG,-0.15821950079003358,0.214272308871713,Inverted repeat
TCTTAA,-0.6133345095668566,-0.15236015198935218,6-mer
TCTTAT,-0.11763869949969076,-0.02084467977870316,6-mer
TCTTAC,0.01983776932567977,-0.3569784617040884,6-mer
TCTTAG,-0.8805402798192717,-0.5810376190429962,6-mer
TCTTTA,0.950763262148601,1.1215156921806755,6-mer
TCTTTT,-0.029783064447592378,0.42840173706264534,6-mer
TCTTTC,-0.2702711571498188,-0.016630674544120677,6-mer
TCTTTG,0.1957509888102174,0.44628270699909794,6-mer
TCTTCA,0.3720742028713769,0.643414255312427,6-mer
TCTTCT,0.6108443388528094,0.9200379927586945,6-mer
TCTTCC,-0.6798475300024892,-0.9215817137542605,6-mer
TCTTCG,-0.15061405736058492,-0.3938662098742468,6-mer
TCTTGA,-0.7545272337033895,-0.4142753111616766,Inverted repeat
TCTTGT,0.09254611881742249,0.49957891859086484,6-mer
TCTTGC,0.4320936115867362,0.2387259555411395,6-mer
TCTTGG,-0.20456200311432973,0.13585718736293959,6-mer
TCTCAA,-0.2282689876731172,0.2399507927207526,6-mer
TCTCAT,-0.6092554140231001,0.3118095582422429,6-mer
TCTCAC,-0.9778560978399772,0.16812275880832706,6-mer
TCTCAG,-0.583243983494857,-0.9541963103868752,6-mer
TCTCTA,0.3433926040759595,0.8444074732883078,6-mer
TCTCTT,-0.15186888301275733,0.5052892357353694,6-mer
TCTCTC,-0.3909487264919523,0.33618878801253216,6-mer
TCTCTG,0.3501416970520127,-0.03321953530085714,6-mer
TCTCCA,-0.8236448588384587,-0.6956265282197063,6-mer
TCTCCT,-1.1382084810280169,-0.5953595333241221,6-mer
TCTCCC,-0.8899227703226538,-0.41189779174827656,6-mer
TCTCCG,-2.0987339535853593,-2.3430337278990137,6-mer
TCTCGA,-3.7053635967803777,-4.814422246566793,Inverted repeat
TCTCGT,-0.5922796510179562,-0.2988944551903618,6-mer
TCTCGC,0.15480172679772342,0.5810835411014167,6-mer
TCTCGG,-0.7289282751007878,-1.7751799535569224,6-mer
TCTGAA,-0.6813871766769931,-1.4127815253384757,6-mer
TCTGAT,-0.5897634869849774,-0.5378942470643774,6-mer
TCTGAC,-0.6561412650431353,-1.3542921507388643,6-mer
TCTGAG,-1.4828905914612862,-1.7863018441719338,6-mer
TCTGTA,0.7917234018366841,0.021622811699795283,6-mer
TCTGTT,0.10811544944404976,-0.2828247715938012,6-mer
TCTGTC,0.7089512179966095,0.09551590209857684,6-mer
TCTGTG,0.5683073370680651,0.34474088659848556,6-mer
TCTGCA,0.16694237676845486,-1.1680965957076603,6-mer
TCTGCT,-0.47814214543167227,-1.1307964217539512,6-mer
TCTGCC,-0.20759541940836723,-1.2380431810364416,6-mer
TCTGCG,-0.7351610973194583,-1.4869414677722401,6-mer
TCTGGA,-0.915914518951981,-1.9255247697475693,Inverted repeat
TCTGGT,-0.2192424309127984,-0.7350277899247137,6-mer
TCTGGC,0.35101258734354707,-0.4903062964470055,6-mer
TCTGGG,-0.5461169550306401,-0.8626436825193515,6-mer
TCCAAA,0.20128124547759557,-0.01816721840592131,6-mer
TCCAAT,0.05604976639802228,-0.34368163909063076,6-mer
TCCAAC,0.19310485221968895,0.07991620036287589,6-mer
TCCAAG,0.06507008988875149,-0.30506649325631197,6-mer
TCCATA,0.13499857719465566,0.14730758062349747,6-mer
TCCATT,0.022441321781625927,-0.19237364238917062,6-mer
TCCATC,-0.5889644312786523,-0.11617611293603305,6-mer
TCCATG,0.3459352577792536,0.5830834352196169,6-mer
TCCACA,0.4365706608284853,0.655079647677705,6-mer
TCCACT,0.8449353647276593,0.8645426452256703,6-mer
TCCACC,0.21519691993224396,0.7023669326422393,6-mer
TCCACG,0.4233921661911432,0.956508528025083,6-mer
TCCAGA,-1.5256027496248044,-2.5602354148187794,Inverted repeat
TCCAGT,0.4622326669485382,-0.9111069504095883,6-mer
TCCAGC,0.2844966052801334,-0.5685608937816666,6-mer
TCCAGG,0.07533332522528874,-1.0187437223406974,6-mer
TCCTAA,0.014164604511142202,-0.2440137606347663,6-mer
TCCTAT,-0.12694459610280226,-0.40522537664826214,6-mer
TCCTAC,0.0,-0.49405400452294584,6-mer
TCCTAG,-0.26674027748590284,-0.3106789537544031,6-mer
TCCTTA,0.9039958391702129,0.3898482538011259,6-mer
TCCTTT,-0.18278056543759116,-0.24315220573374183,6-mer
TCCTTC,-1.5085493852019884,-1.9445408464576839,6-mer
TCCTTG,-0.17354013320195405,-0.46771057082463463,6-mer
TCCTCA,-1.1260828281624737,-1.294403666251836,6-mer
TCCTCT,-0.24075295845778744,-0.4163727099626633,6-mer
TCCTCC,-0.7193840001396121,-1.4626699927038418,6-mer
TCCTCG,-1.3219280948873622,-2.288358562193661,6-mer
TCCTGA,-0.22931378798979277,-1.450661409009565,Inverted repeat
TCCTGT,1.2216372812821024,-0.18891213445355334,6-mer
TCCTGC,0.4854268271702417,-1.2236537022335299,6-mer
TCCTGG,0.36659714422109063,-1.0703893278913978,6-mer
TCCCAA,-0.2776466816764518,-0.433807303298684,6-mer
TCCCAT,0.08231584965578037,0.22048802103700166,6-mer
TCCCAC,0.12264491384625119,0.5981861958773212,6-mer
TCCCAG,-0.11973924427409555,-1.2170883894765208,6-mer
TCCCTA,0.6731964180763917,1.065440547226906,6-mer
TCCCTT,-0.3519790926106713,0.07023252173495986,6-mer
TCCCTC,-0.535245948578887,-0.20716645565353395,6-mer
TCCCTG,0.47920488635356184,-0.03759307554023322,6-mer
TCCCCA,0.23319917629303075,0.6756230741181097,6-mer
TCCCCT,0.008357416801586647,0.2196682517089424,6-mer
TCCCCC,-0.3002673120327692,0.5258486897083732,6-mer
TCCCCG,-0.8222258756373876,-1.0783221873938704,6-mer
TCCCGA,-1.5891381766923496,-3.224657734120739,Inverted repeat
TCCCGT,-0.10738353537359945,-1.0525253117920141,6-mer
TCCCGC,0.41376696195243906,-0.15224452847881384,6-mer
TCCCGG,0.6469333933037332,-1.138928407856763,6-mer
TCCGAA,-2.097610796626422,-3.9848931076097918,6-mer
TCCGAT,-1.185866545311334,-2.327793800786881,6-mer
TCCGAC,-2.096861539252589,-3.572889668420582,6-mer
TCCGAG,-2.5256513047797395,-3.9510903995190536,6-mer
TCCGTA,0.03652587602511375,-0.9658333968488083,6-mer
TCCGTT,-0.19006653384061942,-0.9606591083678319,6-mer
TCCGTC,-0.3454965660257666,-1.2763312284472519,6-mer
TCCGTG,-0.10606505949539444,-0.5335880183132802,6-mer
TCCGCA,0.19033121210414927,-0.8363822776522347,6-mer
TCCGCT,0.18672523097089985,-0.1139212934052312,6-mer
TCCGCC,-0.16155642179431537,-0.6769513652187222,6-mer
TCCGCG,-1.922764674956922,-2.18687813472351,6-mer
TCCGGA,-0.08058509499728637,-2.2401585391450283,Palindromes
TCCGGT,-0.01367493689707644,-1.3898685045787331,Inverted repeat
TCCGGC,0.2871133242922026,-1.5339116085062783,Inverted repeat
TCCGGG,-0.5869240170544423,-1.975033084483425,Inverted repeat
TCGAAA,-6.655351828612554,-5.906520626369181,6-mer
TCGAAT,-2.4996687497460206,-3.813524689297811,6-mer
TCGAAC,-1.3394541474723758,-2.6099912952126787,6-mer
TCGAAG,-3.4897141855733405,-4.85091607658871,6-mer
TCGATA,-2.9068905956085187,-3.239768990056422,6-mer
TCGATT,-3.396890152568585,-3.565181045258752,6-mer
TCGATC,-0.772931091454079,-0.7285951891803257,6-mer
TCGATG,-3.2594940481285457,-3.0874628412503395,6-mer
TCGACA,-4.538124250259905,-5.872828759534886,6-mer
TCGACT,-2.6374299206152916,-4.273847391321427,6-mer
TCGACC,-3.123382415505282,-4.285402218862249,6-mer
TCGACG,-3.3015876466031866,-4.393690764187454,6-mer
TCGAGA,-4.840463233869543,-5.771489469500599,Inverted repeat
TCGAGT,-3.068240861312821,-3.7892075753473446,6-mer
TCGAGC,-2.8575071258374227,-2.9947548900545473,6-mer
TCGAGG,-3.387730153283109,-4.400689720318877,6-mer
TCGTAA,-0.11559221443413646,-0.40913395327211394,6-mer
TCGTAT,1.1159660180483248,0.6140618139908696,6-mer
TCGTAC,-1.9434164716336324,-2.618515060432183,6-mer
TCGTAG,0.019628806748932515,-0.17392693199980866,6-mer
TCGTTA,0.8156043553689223,0.5424625700032278,6-mer
TCGTTT,0.6921470903243604,0.7337355063667989,6-mer
TCGTTC,-0.12066253437262167,-0.16135965461316212,6-mer
TCGTTG,-0.0032024320383437373,0.05231366362830837,6-mer
TCGTCA,-0.7243655573865727,-0.6200579700808218,6-mer
TCGTCT,0.47555128400057417,0.3897764493495439,6-mer
TCGTCC,-0.07580282407776205,-0.7509724521600855,6-mer
TCGTCG,-0.9634741239748859,-1.3868109464722165,6-mer
TCGTGA,-0.8931796447105161,-0.33087705161484526,Inverted repeat
TCGTGT,0.7784422301423652,1.1256276780207526,6-mer
TCGTGC,0.2604527856264675,0.19570163637573434,6-mer
TCGTGG,0.6244008118481915,0.9393900757902172,6-mer
TCGCAA,-0.10094367838042978,-0.3968901525685844,6-mer
TCGCAT,0.949652915239321,0.9156714811507283,6-mer
TCGCAC,0.17735625908936872,0.4547637775944544,6-mer
TCGCAG,-0.1182758507726092,-1.2752091197798963,6-mer
TCGCTA,0.9819704113183351,1.4385605113814115,6-mer
TCGCTT,0.5984733135816749,1.032576148830654,6-mer
TCGCTC,1.3402100569382998,1.841223677959524,6-mer
TCGCTG,0.9180196945681512,0.4568576749734707,6-mer
TCGCCA,0.19485857240684723,0.4346605019437788,6-mer
TCGCCT,0.6019689260268459,0.2748172316926242,6-mer
TCGCCC,0.816245231168518,1.1971413687187435,6-mer
TCGCCG,0.3395537655691968,-0.23042974040186626,6-mer
TCGCGA,-4.054972478460383,-4.094718657253138,Palindromes
TCGCGT,-2.2211037253678754,-1.5390647907723152,Inverted repeat
TCGCGC,-0.170198991575296,0.8214741306458067,Inverted repeat
TCGCGG,-3.8252768300548667,-4.2081530545531916,Inverted repeat
TCGGAA,-2.6639138421159783,-4.288425681458643,6-mer
TCGGAT,-0.77437404341177,-1.677528619457229,6-mer
TCGGAC,-1.3301486016923307,-2.705977901682522,6-mer
TCGGAG,-1.7201632386016705,-3.3211685818185503,6-mer
TCGGTA,0.6852344310070543,-0.5954314473191417,6-mer
TCGGTT,0.45205668870964977,-0.5519706751103447,6-mer
TCGGTC,-0.217230716220669,-1.3378696387563838,6-mer
TCGGTG,0.7612131404128833,0.4009328264780123,6-mer
TCGGCA,-0.09975424715043676,-1.80314267077069,6-mer
TCGGCT,0.42065110574237047,-0.5190933698671406,6-mer
TCGGCC,-1.3608817292319382,-2.748997850098148,6-mer
TCGGCG,-0.06670428108354182,-0.8292812979975313,6-mer
TCGGGA,-1.957295549045762,-3.202236868510045,Inverted repeat
TCGGGT,-1.122073483180329,-1.785455440486237,6-mer
TCGGGC,-0.9885043611621706,-2.024360796846993,6-mer
TCGGGG,-1.4319113178432403,-1.9023367407818563,6-mer
TGAAAA,0.0258067723143844,0.19039319327948132,6-mer
TGAAAT,0.5128786531741985,0.16651199565653688,6-mer
TGAAAC,0.008387785492719018,0.24220090241662823,6-mer
TGAAAG,0.20542767035546455,0.5246128448063241,6-mer
TGAATA,0.42425158580989597,0.050648573168080656,6-mer
TGAATT,0.11279006095051074,-0.3493629499177417,6-mer
TGAATC,-0.705199737953364,-0.6425732238912516,6-mer
TGAATG,0.5116687416132506,0.5834188799869845,6-mer
TGAACA,-0.4405725913859815,-0.5584000278376853,Inverted repeat
TGAACT,-0.7939398320924129,-1.311727676919558,6-mer
TGAACC,-0.8094404953024651,-0.7467953538328317,6-mer
TGAACG,0.31859238232410597,0.5700359564830534,6-mer
TGAAGA,0.46594945267093807,0.5835453149088774,6-mer
TGAAGT,0.6973492151522902,0.3219280948873623,6-mer
TGAAGC,-0.2914348316353207,0.018117749019471236,6-mer
TGAAGG,-0.675251386050259,-0.8300409723299974,6-mer
TGATAA,-0.12657810204856507,0.5777227848778405,6-mer
TGATAT,-0.22018815040971787,0.19902646555005457,6-mer
TGATAC,0.2147859272260437,0.46708150180574204,6-mer
TGATAG,0.6482392755166223,1.444977133866666,6-mer
TGATTA,-0.45073108590899635,0.1274686863253513,6-mer
TGATTT,0.30126862432126933,0.8171484622236624,6-mer
TGATTC,-0.8324514989718831,-0.6624312114263823,6-mer
TGATTG,0.06722204881271483,0.5984090082958742,6-mer
TGATCA,-0.3404373354862461,0.9471972504100086,Palindromes
TGATCT,-0.8120050309694875,0.33987026559771827,Inverted repeat
TGATCC,0.14406963907921747,0.8727925401087573,Inverted repeat
TGATCG,0.6673063289336357,1.4026071878199096,Inverted repeat
TGATGA,0.3538871435143459,1.6222305311103289,6-mer
TGATGT,-0.049630767724600545,0.7234596441818595,6-mer
TGATGC,-0.05055649362309593,0.4165410898692315,6-mer
TGATGG,-0.1570579914976052,0.7891641930709044,6-mer
TGACAA,-0.025007047669582266,-0.02288684619499342,6-mer
TGACAT,-0.08148703677472859,-0.045662241989021066,6-mer
TGACAC,0.15587091088476304,0.6687212023698147,6-mer
TGACAG,0.47541620651900096,-0.3445997579898712,6-mer
TGACTA,0.2995602818589078,0.2314158019819199,6-mer
TGACTT,0.48138283001389154,0.18184723927084145,6-mer
TGACTC,-0.21107098421234347,-0.39917109381982285,6-mer
TGACTG,0.05012347942583622,-0.8684610091146656,6-mer
TGACCA,-0.7415989830458762,-0.5519103366620619,Inverted repeat
TGACCT,-1.1472186785831469,-1.3359794386289483,6-mer
TGACCC,-0.6583664957650788,-0.28197957441788474,6-mer
TGACCG,0.18001746961464657,-0.23999886893385955,6-mer
TGACGA,-0.33342373372519163,-0.49730092745853366,6-mer
TGACGT,-2.5290712998291114,-2.162165577984204,6-mer
TGACGC,-0.19226133142041288,0.5925756848310313,6-mer
TGACGG,-0.45981172535557796,-0.8656989082884089,6-mer
TGAGAA,-0.794719666240511,-0.23338984257749512,6-mer
TGAGAT,-0.5500091242309022,0.40118619738806044,6-mer
TGAGAC,-0.49560298058251245,-0.21516809456853525,6-mer
TGAGAG,0.04148237920033295,0.6512114472601743,6-mer
TGAGTA,0.7200335284313685,0.4786535985748155,6-mer
TGAGTT,0.6021561795855344,0.7090115325952048,6-mer
TGAGTC,-0.3785116232537299,-0.8184756622871233,6-mer
TGAGTG,0.24378702874039898,0.953567927299141,6-mer
TGAGCA,0.17315735868815343,0.23278241775172276,Inverted repeat
TGAGCT,-0.5337400105935127,0.10657895055503425,6-mer
TGAGCC,-0.22767702446471574,0.1677704093033665,6-mer
TGAGCG,1.0852301518480938,2.0347908246543667,6-mer
TGAGGA,-0.990015911427378,-0.9009503278149377,6-mer
TGAGGT,-0.7379335211001246,-0.2854430936208148,6-mer
TGAGGC,-1.526895807987676,-1.5999387082939478,6-mer
TGAGGG,-0.3276242002767842,0.20555037494715353,6-mer
TGTAAA,-0.39124951250500695,-0.5147731860064113,6-mer
TGTAAT,0.09565223906368597,-0.2541425746606659,6-mer
TGTAAC,0.5493385909904347,0.10045277677987068,6-mer
TGTAAG,0.6160617046337409,0.25523530842013437,6-mer
TGTATA,0.20333692192891262,-0.19652516234381934,6-mer
TGTATT,0.9674903445589454,0.44465771422850947,6-mer
TGTATC,0.6484639708902684,0.6122698467168916,6-mer
TGTATG,0.7104933828050152,0.48887047165581726,6-mer
TGTACA,-3.571373435973201,-3.667567778322194,Palindromes
TGTACT,-2.3962377921501035,-3.3831282513241,Inverted repeat
TGTACC,-2.5199731605723477,-3.057195401581543,Inverted repeat
TGTACG,-4.96116025813664,-5.816343705284859,Inverted repeat
TGTAGA,-0.014107570392672495,-0.0006086036963862642,6-mer
TGTAGT,0.10522333384601058,-0.09227426975693699,6-mer
TGTAGC,-0.33554690561816175,0.0886990122906874,6-mer
TGTAGG,0.3229032183046065,0.29380449397297437,6-mer
TGTTAA,-0.6683247729136707,-0.6463630453852997,6-mer
TGTTAT,-0.33264725628939257,-0.12225940799524732,6-mer
TGTTAC,-0.10203681070520054,-0.2447721994410654,6-mer
TGTTAG,0.3219280948873623,0.4526317865319561,6-mer
TGTTTA,-0.15340470245068047,-0.0978296073804752,6-mer
TGTTTT,0.31563113594197084,0.5157649903621301,6-mer
TGTTTC,-0.6225653118997442,-0.5688041473531332,6-mer
TGTTTG,0.28136138958841195,0.46173073472688536,6-mer
TGTTCA,-0.5474560245267537,-0.6358436697233403,Inverted repeat
TGTTCT,-0.6013802601551187,-0.40964424050862536,6-mer
TGTTCC,-0.4854268271702417,-0.9522468685516321,6-mer
TGTTCG,0.06676417583112972,-0.487606125229489,6-mer
TGTTGA,-0.3767819802688428,-0.026691321955805432,6-mer
TGTTGT,0.28308303649841726,0.5493385909904347,6-mer
TGTTGC,0.2154900515642158,-0.29240711081890347,6-mer
TGTTGG,0.23079893643925323,0.3819493299466562,6-mer
TGTCAA,0.3042694283908557,0.25339114693059633,6-mer
TGTCAT,0.3494623510818806,0.5172246991061629,6-mer
TGTCAC,-3.588656984278898,-3.1570437101455804,6-mer
TGTCAG,-0.08498152350808122,-0.5940935124732846,6-mer
TGTCTA,0.973541274984068,0.9300759825596245,6-mer
TGTCTT,0.9442093790682047,0.8974127179934386,6-mer
TGTCTC,-0.11276012630549488,-0.08885993139012366,6-mer
TGTCTG,0.44403737100139623,-0.4363184193660207,6-mer
TGTCCA,-0.21125186373124755,-0.6382708970546627,Inverted repeat
TGTCCT,0.04596145603472527,-0.544371720108073,6-mer
TGTCCC,-0.1732377354831481,-0.49873808344576137,6-mer
TGTCCG,0.8226954681920904,-0.32496215497699577,6-mer
TGTCGA,-3.3715588626119626,-4.360188670062712,6-mer
TGTCGT,0.9641654009602678,0.5784196548543843,6-mer
TGTCGC,0.12553088208385882,-0.06520908878571774,6-mer
TGTCGG,-0.07324898203063854,-1.3631227302403035,6-mer
TGTGAA,-0.8323021613675183,-0.25590494177568857,6-mer
TGTGAT,-0.26303440583379395,0.8842553940071757,6-mer
TGTGAC,-3.736309674609153,-3.63121013328055,6-mer
TGTGAG,-0.4735445770984991,0.5439853564962279,6-mer
TGTGTA,-0.02765634290286525,0.04113224988922697,6-mer
TGTGTT,-0.17020056156938226,0.48172269722086014,6-mer
TGTGTC,-0.29777281911757314,-0.14804188354386255,6-mer
TGTGTG,-0.6592352630997821,0.4826007830914783,6-mer
TGTGCA,-0.22125330162397974,-0.59747211899703,Inverted repeat
TGTGCT,-1.065505604055673,-0.900184273057759,6-mer
TGTGCC,0.30234862065933216,0.0468767242783511,6-mer
TGTGCG,-0.04840032411833987,0.4422787378655412,6-mer
TGTGGA,0.3894757928648127,0.5998411782993852,6-mer
TGTGGT,0.3514723705013778,1.1967629057006701,6-mer
TGTGGC,-0.11474208617300356,0.3720191429035854,6-mer
TGTGGG,0.22273760498228387,1.173981462540545,6-mer
TGCAAA,0.23690946437140686,-0.6151337575144286,6-mer
TGCAAT,-0.025759762585316214,-1.0383738122459494,6-mer
TGCAAC,0.4749089552562425,-0.47869687156478535,6-mer
TGCAAG,1.0362391434313274,0.13071687001070523,6-mer
TGCATA,-0.2962151396361864,-1.0854246562526777,6-mer
TGCATT,-0.2285680021563921,-1.0117021955052148,6-mer
TGCATC,-0.5778204314771365,-0.8113268042934978,6-mer
TGCATG,1.0579174659143304,0.628861050375514,6-mer
TGCACA,-0.09202524183885247,-0.5354122244658338,Inverted repeat
TGCACT,-0.37931557704488217,-1.0939440558702949,6-mer
TGCACC,-0.005876566336669283,-0.31223159627699804,6-mer
TGCACG,-0.1681909927709569,-0.31920987450549093,6-mer
TGCAGA,-0.06564361624074756,-1.481741780362386,6-mer
TGCAGT,0.285157216731934,-1.5045126683011405,6-mer
TGCAGC,-0.599273294229032,-1.9947548900545466,6-mer
TGCAGG,0.35845397091247616,-1.3249621549769959,6-mer
TGCTAA,-1.0206849513991654,-0.8554697759715224,6-mer
TGCTAT,-0.8200396770071701,-0.6504942649632521,6-mer
TGCTAC,-1.0493660773209796,-1.2911142148011379,6-mer
TGCTAG,-0.29365602157510745,-0.11442616916954032,6-mer
TGCTTA,-0.4529711587456546,-0.681148379532332,6-mer
TGCTTT,-0.38044245755734657,-0.45060099970376577,6-mer
TGCTTC,-1.3707086680909888,-1.4913163111010348,6-mer
TGCTTG,-0.06856179677914485,-0.16150256884500416,6-mer
TGCTCA,0.14186108302443595,0.13247336825421127,Inverted repeat
TGCTCT,0.6242654614168439,0.5048811770620932,6-mer
TGCTCC,0.18526554757679822,-0.2984895398225245,6-mer
TGCTCG,0.4007657415231798,-0.26874805702818744,6-mer
TGCTGA,0.12308770615553008,-0.6681655143403173,6-mer
TGCTGT,0.6486306950950719,-0.26436469181176386,6-mer
TGCTGC,-0.2726553238466909,-1.6763028122595818,6-mer
TGCTGG,0.2957758070313939,-0.7483105677602155,6-mer
TGCCAA,-0.29925459374654706,-0.8261426466196323,6-mer
TGCCAT,0.19923676532604118,-0.01609486059313602,6-mer
TGCCAC,-0.4708804744463629,-0.32139366441602046,6-mer
TGCCAG,0.04364788490283099,-1.2653153470850322,6-mer
TGCCTA,1.0083015973297385,0.21740295835397214,6-mer
TGCCTT,0.5221373681608418,-0.23580342186464148,6-mer
TGCCTC,-0.6260772674743763,-1.4479097487420778,6-mer
TGCCTG,1.0106276358374733,-0.7372231952812355,6-mer
TGCCCA,0.180734811988366,-0.23425860282899744,Inverted repeat
TGCCCT,0.10364419725818264,-0.010983049548830297,6-mer
TGCCCC,-0.06054154193505072,0.11805576152171222,6-mer
TGCCCG,0.6930222465786092,-0.5326347685731492,6-mer
TGCCGA,0.005403358529333576,-1.3640208801077378,6-mer
TGCCGT,0.35845397091247644,-0.7141275009749128,6-mer
TGCCGC,-0.6048620581588611,-1.1484567925091596,6-mer
TGCCGG,1.0342442132991956,-0.7759800930977017,6-mer
TGCGAA,-0.16194177363689277,-0.7745295882920217,6-mer
TGCGAT,0.6229357240960706,0.7551701895437968,6-mer
TGCGAC,-0.06969522393723984,-0.7271425116805643,6-mer
TGCGAG,0.4618465970239361,0.19209558449035627,6-mer
TGCGTA,-0.0739262138033114,-0.23237911793317978,6-mer
TGCGTT,0.4397407533600726,0.7549545434535148,6-mer
TGCGTC,-0.7211406270045234,-0.7844317777774839,6-mer
TGCGTG,0.42213705265956203,1.0325678624564307,6-mer
TGCGCA,-0.5483077263228594,-0.5566970418295568,Palindromes
TGCGCT,-0.5592887701424074,0.040914141269611196,Inverted repeat
TGCGCC,-0.6230696475352205,-0.37698536546431527,Inverted repeat
TGCGCG,-0.583037623796664,0.25375659224578306,Inverted repeat
TGCGGA,0.16875445773437459,-0.6971396136730179,6-mer
TGCGGT,0.7222440884594405,0.15309397821603524,6-mer
TGCGGC,-0.09822353608812344,-1.0545898864643422,6-mer
TGCGGG,-0.06792107230064821,-0.4883681024823643,6-mer
TGGAAA,-0.0021235191286653513,-0.5496305120195196,6-mer
TGGAAT,0.5150272074647847,-0.2466145230017633,6-mer
TGGAAC,-0.676502905457297,-1.1701491790576946,6-mer
TGGAAG,0.16332226661806512,-0.37269120856924903,6-mer
TGGATA,1.1272382841783168,1.0775748386212076,6-mer
TGGATT,0.7110386250932235,0.6086314066147885,6-mer
TGGATC,0.007613184109875241,0.4352600404757415,6-mer
TGGATG,-0.018790478186585368,0.2992545937465469,6-mer
TGGACA,-0.07355660697008105,-0.563981963565493,Inverted repeat
TGGACT,0.42419302697008776,-0.568536952808045,6-mer
TGGACC,-2.0792674792378505,-2.483763777947597,6-mer
TGGACG,0.01331045358337846,-0.4266878590177693,6-mer
TGGAGA,-0.7861576527370873,-0.7099207711519775,6-mer
TGGAGT,0.6310610348030307,0.2669981428043204,6-mer
TGGAGC,0.19216021991703247,0.20907475519746582,6-mer
TGGAGG,0.1280375084541729,-0.1654540454905531,6-mer
TGGTAA,0.09221498710251819,-0.086758725004807,6-mer
TGGTAT,0.5776253433650599,0.5318914939852917,6-mer
TGGTAC,-1.8162880468276121,-2.6036585944310615,6-mer
TGGTAG,0.4354072533166942,0.5125272802048519,6-mer
TGGTTA,-0.1452411481867643,0.060064382738294245,6-mer
TGGTTT,0.29109934758515904,0.5734801861814449,6-mer
TGGTTC,-1.3473506917672693,-1.1722898995875064,6-mer
TGGTTG,-0.1186444964986189,0.26342702933353346,6-mer
TGGTCA,-0.8729508338872316,-0.7420860788348077,Inverted repeat
TGGTCT,-0.6416850907330975,-0.5199840492066101,6-mer
TGGTCC,-1.9081724215843487,-2.6119592330991734,6-mer
TGGTCG,0.2007709683950715,-0.2983674789460745,6-mer
TGGTGA,-0.3146261382710657,0.6657146985926549,6-mer
TGGTGT,0.9495950465627567,1.6780719051126378,6-mer
TGGTGC,0.28033757456426267,0.6477914112987558,6-mer
TGGTGG,0.7478602352695001,1.6848100072011762,6-mer
TGGCAA,-0.3400302480330644,-0.8167459725705103,6-mer
TGGCAT,0.20505482321731647,-0.08846878786231392,6-mer
TGGCAC,0.07166612293944684,0.14705387747331639,6-mer
TGGCAG,-0.091031661971618,-1.1428313405600372,6-mer
TGGCTA,0.22334954342588031,0.5524572695794567,6-mer
TGGCTT,0.2643530613566967,0.3767380712707588,6-mer
TGGCTC,0.10493483978827112,0.3227406519580616,6-mer
TGGCTG,0.47949280461093435,-0.2543672814408333,6-mer
TGGCCA,-1.2528546259513904,-1.3851929883453786,Palindromes
TGGCCT,-1.1536667819333455,-1.7770328614012423,Inverted repeat
TGGCCC,-1.729241241106872,-1.6888996880036737,Inverted repeat
TGGCCG,-0.9584417277354993,-1.6207125256703583,Inverted repeat
TGGCGA,0.36618867712039405,0.5145731728297582,6-mer
TGGCGT,0.8075261381158254,1.4269071589410045,6-mer
TGGCGC,-1.1624170577928021,-0.26899596407251064,6-mer
TGGCGG,-0.03482758855308847,-0.2988055368556158,6-mer
TGGGAA,-0.5889232308434009,-0.8018960052968259,6-mer
TGGGAT,-0.24482160257576394,0.3696721950699221,6-mer
TGGGAC,-0.891159919158996,-0.9603224131837167,6-mer
TGGGAG,-0.20945336562894964,0.06098702675918006,6-mer
TGGGTA,0.3023557756484629,0.6275861207255972,6-mer
TGGGTT,-0.1345806221101461,0.5386688484472213,6-mer
TGGGTC,-1.7209832956243507,-1.4794405321045105,6-mer
TGGGTG,-0.40768707722067216,0.8453042762849206,6-mer
TGGGCA,-0.20607852102171778,-0.521812174107053,Inverted repeat
TGGGCT,-0.31832519183516944,0.05770383740600923,6-mer
TGGGCC,-1.7224660244710912,-1.8719240909549542,6-mer
TGGGCG,0.16860432600308106,0.8854362955138153,6-mer
TGGGGA,0.22244347301963546,0.7047030342214503,6-mer
TGGGGT,0.4964516317707703,1.4404858761976187,6-mer
TGGGGC,-0.09477497989331717,0.6725488656704357,6-mer
TGGGGG,0.12979181435489137,1.5007312476761274,6-mer
CAAAAA,-0.1431519122605236,0.11058316606506916,6-mer
CAAAAT,-0.10084113875552835,-0.1586692007928823,6-mer
CAAAAC,0.4470405879351983,0.5010680213563585,6-mer
CAAAAG,-0.22780273595764775,-0.13615931755832988,6-mer
CAAATA,-0.033331070901995774,-0.37703832363631773,6-mer
CAAATT,-0.028569152196770736,-0.7128107747897144,6-mer
CAAATC,0.5406473127663838,0.554858319570922,6-mer
CAAATG,-0.5097896635527795,-0.6926293175531186,Inverted repeat
CAAACA,0.2699156591998461,0.6114721307396326,6-mer
CAAACT,0.38773553648360287,0.29207744727638263,6-mer
CAAACC,0.29252414811281646,0.6163671745864839,6-mer
CAAACG,0.2621733523669392,0.8105524402928691,6-mer
CAAAGA,0.011255594354172635,0.3480191269456324,6-mer
CAAAGT,-0.5674716543882696,-0.5894142852922408,6-mer
CAAAGC,-0.22364476086030252,0.25136441264915854,6-mer
CAAAGG,-0.519302619905263,-0.3083021488863307,6-mer
CAATAA,0.3817710739039799,0.2729163767499856,6-mer
CAATAT,0.5320605995585992,0.18130934551049516,6-mer
CAATAC,0.926560575748652,0.36654451435905705,6-mer
CAATAG,-0.1612931831469379,-0.1636818657641021,6-mer
CAATTA,-0.8791005666477868,-1.1657197661991316,Inverted repeat
CAATTT,-0.3645876404111047,-0.7300745757902489,Inverted repeat
CAATTC,0.9130147357699195,0.15362866549409196,Inverted repeat
CAATTG,-0.4983606101682593,-1.0008269963200882,Palindromes
CAATCA,0.1088153520389366,0.7218399100953463,6-mer
CAATCT,-0.27786182351143285,0.10132229302492893,6-mer
CAATCC,0.3278252507107685,0.28016603106560134,6-mer
CAATCG,0.32607973815782976,0.15281702578872028,6-mer
CAATGA,0.06561692031562967,0.44781983116041857,6-mer
CAATGT,-0.04399919276637691,-0.2490275478399146,6-mer
CAATGC,0.08457516592475935,-0.31660776295409854,6-mer
CAATGG,-0.1690319180152851,-0.045686073810169,6-mer
CAACAA,0.16379952090889677,0.20884755203105132,6-mer
CAACAT,-0.5805290161733797,-0.5995822899939325,6-mer
CAACAC,0.6535921326863557,1.049872788482155,6-mer
CAACAG,0.015807967178875493,-0.6728695898705837,6-mer
CAACTA,-1.2536763511355598,-1.1617446028176877,6-mer
CAACTT,-1.11322376046591,-1.2915193646868457,6-mer
CAACTC,0.42609268778783954,0.14995599123440906,6-mer
CAACTG,-0.1387402962567865,-1.4211937651546762,Inverted repeat
CAACCA,-0.014428920527719371,0.38130664196629405,6-mer
CAACCT,-0.3136604789037618,-0.5459683691052926,6-mer
CAACCC,-0.011972641666075994,0.46443490873853394,6-mer
CAACCG,-0.02434986141574883,-0.54734361470965,6-mer
CAACGA,0.03515644541361622,-0.016488122788568878,6-mer
CAACGT,-2.83322744722461,-2.7080492517022163,6-mer
CAACGC,0.28746169120996046,0.945499916942223,6-mer
CAACGG,-0.7626054153243054,-1.3394374774928752,6-mer
CAAGAA,0.2646992869931471,0.1278528533017894,6-mer
CAAGAT,-0.4928929213260337,0.03565652074669005,6-mer
CAAGAC,0.05456219736482785,-0.13909560966566173,6-mer
CAAGAG,-0.24865048767113793,-0.11715487835813236,6-mer
CAAGTA,-0.051757622005224005,-0.6788626396026379,6-mer
CAAGTT,-0.3770649497397888,-0.6723724659781275,6-mer
CAAGTC,0.6841592349915526,-0.11530380615211619,6-mer
CAAGTG,0.1748622615594447,0.18579140690133353,Inverted repeat
CAAGCA,0.1779380025050011,0.0899421253127984,6-mer
CAAGCT,0.0822165209586552,0.3679894960534649,6-mer
CAAGCC,0.7997746387380718,0.7393508717129632,6-mer
CAAGCG,0.34823937200320976,1.059565491180208,6-mer
CAAGGA,-0.2657154975567053,-0.540039518895934,6-mer
CAAGGT,-0.44859005898987026,-0.5121296207097139,6-mer
CAAGGC,0.40075900463246666,0.08546934218934937,6-mer
CAAGGG,-0.022509594271837994,0.2069085852888065,6-mer
CATAAA,-0.23990863762144946,0.05374201160164846,6-mer
CATAAT,-0.45538038663800035,-0.3982396274129164,6-mer
CATAAC,-0.27415155047652423,0.002548181482400834,6-mer
CATAAG,0.2750070474998698,0.38893095020631946,6-mer
CATATA,-1.3133533591493523,-1.1803070199694334,Inverted repeat
CATATT,-1.1092250081075972,-1.2978050285126475,Inverted repeat
CATATC,-0.5080282561073742,-0.1844245711374273,Inverted repeat
CATATG,-2.351062898940385,-2.1956475661039194,Palindromes
CATACA,0.3608366222234704,-0.027105230162597867,6-mer
CATACT,-0.568474377932587,-0.9889542162520114,6-mer
CATACC,0.05430641955791665,0.09039274800384978,6-mer
CATACG,-0.30174165728290486,-0.3962008572659884,6-mer
CATAGA,0.5742220019376721,0.852140391494711,6-mer
CATAGT,-0.5088981117273337,-0.29056392397802716,6-mer
CATAGC,-0.0690350024777987,0.45300534947786425,6-mer
CATAGG,0.08825574868491164,0.24367664922299392,6-mer
CATTAA,0.3395396370138763,0.2173453603571501,6-mer
CATTAT,0.1906519460929545,0.08284686604829422,6-mer
CATTAC,0.27356507332596325,-0.3153602670719861,6-mer
CATTAG,0.11428342749589132,0.2321484151097357,6-mer
CATTTA,-0.7379132549546211,-0.740792672277682,6-mer
CATTTT,-0.25442776604225464,-0.06345613037710539,6-mer
CATTTC,-0.09387768081376763,-0.36838740598002245,6-mer
CATTTG,-0.643493853146294,-0.535800349685361,Inverted repeat
CATTCA,0.5492351015143396,0.60105362753459,6-mer
CATTCT,0.23036187042921497,0.20216911780733474,6-mer
CATTCC,0.6185451012455372,-0.07829452597674415,6-mer
CATTCG,-0.29484314406446993,-0.8054705512261772,6-mer
CATTGA,0.582674324125886,0.7097822138752705,6-mer
CATTGT,-0.0690590419134277,-0.0965208390406172,6-mer
CATTGC,-0.24961389007147222,-0.7990409849348018,6-mer
CATTGG,-0.5560408914186467,-0.5498910702481883,6-mer
CATCAA,0.2649612912702192,1.0271345690868587,6-mer
CATCAT,-0.12167855658825225,0.8701372483335367,6-mer
CATCAC,0.03059632889548123,1.2893564615910935,6-mer
CATCAG,0.3860002977981387,0.3689410846893899,6-mer
CATCTA,-0.761612600655341,0.034406862120211525,6-mer
CATCTT,-0.8474465746616129,-0.0108426424465631,6-mer
CATCTC,-0.9022833495824155,0.024355270349089905,6-mer
CATCTG,-1.5041727536147407,-1.516478924244945,Inverted repeat
CATCCA,-0.14080961523602897,0.18812512935662715,6-mer
CATCCT,-1.5168360928686995,-1.4375583752792618,6-mer
CATCCC,-1.156717871975346,-0.6221954069201315,6-mer
CATCCG,-0.7320859132993733,-1.1843558697378151,6-mer
CATCGA,-3.069530325162306,-3.04909454952817,6-mer
CATCGT,0.27770409463067885,0.809625847987493,6-mer
CATCGC,0.891631715669443,1.652752590263121,6-mer
CATCGG,-0.25587461426092756,-0.695540918728253,6-mer
CATGAA,-0.16692623128840017,0.29222529492820243,6-mer
CATGAT,-0.15604992650775176,0.9713879225874121,6-mer
CATGAC,0.40826894382640905,0.8445036965168535,6-mer
CATGAG,-0.07666192490692787,0.6294371298617608,6-mer
CATGTA,-0.14377271358634375,-0.2514513282831954,6-mer
CATGTT,0.2063362368347712,0.6046583020620758,6-mer
CATGTC,0.5644072815390025,0.48935058912650475,6-mer
CATGTG,-0.47352717715675896,0.36570978691527567,Inverted repeat
CATGCA,1.0407325804370215,0.6018000418241579,6-mer
CATGCT,0.8588679656831836,1.0083344832655246,6-mer
CATGCC,1.3075303534729195,1.1441270552174134,6-mer
CATGCG,0.8286030339413916,1.3080405122472685,6-mer
CATGGA,0.36411516628376445,0.5194307364790605,6-mer
CATGGT,0.28959744127137166,0.8840636423732857,6-mer
CATGGC,0.0018995329154816232,0.37101287538684596,6-mer
CATGGG,0.07162396866130091,0.8201501855404704,6-mer
CACAAA,-0.14264486317932534,0.4461943793379742,6-mer
CACAAT,-0.23099155026264662,0.07263309789031219,6-mer
CACAAC,0.04139760604195044,0.4379986477221549,6-mer
CACAAG,-0.18323935472319297,0.4064536530581486,6-mer
CACATA,-0.4337335929887488,-0.04362693240025806,6-mer
CACATT,-0.4811946148309526,-0.2590763922651104,6-mer
CACATC,0.307797766052474,1.2305050671237676,6-mer
CACATG,-0.2930333747697566,0.5177474206249019,Inverted repeat
CACACA,-0.7526359292665207,0.3152290014001706,6-mer
CACACT,-0.6458507193467826,0.03295042180128652,6-mer
CACACC,0.10174270345769791,1.3278724586366193,6-mer
CACACG,-0.2882449686310737,0.8952864113677346,6-mer
CACAGA,0.7401751506420965,0.5552813223408006,6-mer
CACAGT,-2.216317906926763,-2.99334066388579,6-mer
CACAGC,0.17949879441909422,0.09456495693555328,6-mer
CACAGG,0.8010959315859218,0.23178781078833244,6-mer
CACTAA,0.8147997342187688,1.1976152791034385,6-mer
CACTAT,-0.41693453445144146,0.010170399032090317,6-mer
CACTAC,0.04671003450999344,0.27783551070419177,6-mer
CACTAG,-0.43737703775211534,0.24284406544355835,6-mer
CACTTA,-0.7113879809475459,-0.52384922152258,6-mer
CACTTT,0.0346699323547718,0.21903521306741686,6-mer
CACTTC,1.2896997619895554,1.3526838979327331,6-mer
CACTTG,0.054847911676356914,0.21890408418979213,Inverted repeat
CACTCA,0.1279527309669963,0.8798295416757015,6-mer
CACTCT,0.3151038957734306,0.8388769950612737,6-mer
CACTCC,0.39998689290549233,0.6522590968632521,6-mer
CACTCG,-0.0846031871110986,-0.06500278134433873,6-mer
CACTGA,0.21419785505239425,-0.01158797427521175,6-mer
CACTGT,-1.5699603373819095,-2.079195225266739,6-mer
CACTGC,-0.2953397198286257,-0.9788612329418496,6-mer
CACTGG,-0.5380958956831821,-0.9543058087012908,6-mer
CACCAA,-0.023100607388669495,0.8192981961846029,6-mer
CACCAT,0.07525175729946508,1.155391510813443,6-mer
CACCAC,0.9633565177597843,2.2948951361903465,6-mer
CACCAG,0.004785062565376702,-0.04166263897280517,6-mer
CACCTA,-1.6170633438881798,-0.8747012303840036,6-mer
CACCTT,-0.5447848905871628,-0.12106237668840678,6-mer
CACCTC,-0.5649247474846112,-0.08926733809708737,6-mer
CACCTG,-0.6350031832207517,-1.0338634518662841,Inverted repeat
CACCCA,-0.30659556036489966,0.7355560239115347,6-mer
CACCCT,-0.2273349339790005,1.0684985084321577,6-mer
CACCCC,0.3850214088717154,1.8354092820152663,6-mer
CACCCG,-0.3105799901015864,-0.24909521487591998,6-mer
CACCGA,0.6292848317064509,0.19240119407047873,6-mer
CACCGT,-0.4090137116510739,-0.33676479436716605,6-mer
CACCGC,0.831632143922982,1.331665106252649,6-mer
CACCGG,1.0165301049224862,0.41843607574070874,6-mer
CACGAA,-0.36652903741882986,-0.2748996281899741,6-mer
CACGAT,0.731197113706594,1.4936768020897635,6-mer
CACGAC,1.140990100722632,1.3062464726550926,6-mer
CACGAG,-0.3173245613347473,0.08420058887074239,6-mer
CACGTA,-2.0736060405749406,-1.9510903995190536,Inverted repeat
CACGTT,-2.312277924853643,-1.632268215499513,Inverted repeat
CACGTC,-1.577907743187206,-0.9787313832463488,Inverted repeat
CACGTG,-5.115477217419936,-3.469234793667656,Palindromes
CACGCA,0.25316318304816443,1.02683247982127,6-mer
CACGCT,0.7086418370223606,2.0096717348208424,6-mer
CACGCC,0.90104365470611,1.9995751155790555,6-mer
CACGCG,-1.9897126815917994,-0.45810622117072985,6-mer
CACGGA,0.10304161705244987,-0.24928499572583496,6-mer
CACGGT,-0.20756410718488266,-0.24947630053907197,6-mer
CACGGC,-0.07945341031963447,-0.25539434363166164,6-mer
CACGGG,-2.2167302149005095,-1.8662015019325409,6-mer
CAGAAA,0.015632227216604715,-0.8220722092529714,6-mer
CAGAAT,0.08214642018066971,-0.9569466716990668,6-mer
CAGAAC,-0.6627677750379484,-1.4698859762744638,6-mer
CAGAAG,0.10724651521453238,-0.7003427921414663,6-mer
CAGATA,-0.6805744123158075,-0.9458442299530946,6-mer
CAGATT,-0.6602323114609399,-1.249673548710616,6-mer
CAGATC,-0.46115378282720737,-0.46650810425155864,6-mer
CAGATG,-1.6376875217303213,-1.5342750872723065,Inverted repeat
CAGACA,0.20645087746742616,-0.5225543274913509,6-mer
CAGACT,-0.3548427173600974,-1.3317655500151644,6-mer
CAGACC,-0.6259080507200724,-1.5390347029707545,6-mer
CAGACG,0.08837788366639278,-0.4247640452636174,6-mer
CAGAGA,0.5645458747567846,0.08656489108458494,6-mer
CAGAGT,0.3202436871760095,-0.4073058624376006,6-mer
CAGAGC,0.32856118721980937,-0.051002903434103075,6-mer
CAGAGG,-0.9377340113741575,-1.8840396564804809,6-mer
CAGTAA,0.43360184603272955,-1.0256451332986702,6-mer
CAGTAT,0.9007903960721007,-0.5775450291586733,6-mer
CAGTAC,-2.5655971758542253,-4.565597175854225,6-mer
CAGTAG,0.0,-0.8852826229390031,6-mer
CAGTTA,-0.664651389350316,-1.8555161132006426,6-mer
CAGTTT,0.07892539387562826,-0.9455602113835381,6-mer
CAGTTC,-0.2679667013760245,-1.5683023989249294,6-mer
CAGTTG,-0.642066951657144,-1.9093778065450293,Inverted repeat
CAGTCA,0.07491570677791072,-0.6702097873396672,6-mer
CAGTCT,0.6074327815248509,-0.5438865577182405,6-mer
CAGTCC,0.22039006842529996,-1.434937056716549,6-mer
CAGTCG,0.7413440346767806,-0.9499054343264497,6-mer
CAGTGA,-0.19621629926124004,-0.6001489045358321,6-mer
CAGTGT,-0.3985493764902749,-0.7353252357849505,6-mer
CAGTGC,-0.32716474325350925,-1.3434914301353902,6-mer
CAGTGG,0.2847294769331129,-0.0008902777455542604,6-mer
CAGCAA,0.10503782619760114,-0.931066697434848,6-mer
CAGCAT,0.24245419566942092,-0.6525368130055,6-mer
CAGCAC,0.42083040556534484,-0.04230266895434735,6-mer
CAGCAG,-0.03729854142297536,-1.6966568381214862,6-mer
CAGCTA,-0.9039891145227107,-1.0075732197048008,Inverted repeat
CAGCTT,-0.5973488183874539,-0.8866909812628575,Inverted repeat
CAGCTC,0.0007108623158796607,-0.28626671207151055,Inverted repeat
CAGCTG,-0.9745875808269858,-2.2039381182333524,Palindromes
CAGCCA,0.36305428648470206,-0.12818826916948992,6-mer
CAGCCT,0.14117606296069404,-0.8529737021315587,6-mer
CAGCCC,0.03161410454416453,-0.4293607647494827,6-mer
CAGCCG,0.2568091748548153,-0.8965431158558992,6-mer
CAGCGA,0.982425424476298,0.5161433108852186,6-mer
CAGCGT,0.611902327917072,0.6687719406883686,6-mer
CAGCGC,-0.31477337580541487,-0.003152448666921939,6-mer
CAGCGG,0.2068309841857071,-0.5879097847714931,6-mer
CAGGAA,0.46366920415248003,-1.2798978434674442,6-mer
CAGGAT,0.25294558821020996,-0.6566700698015665,6-mer
CAGGAC,0.10833262178807314,-1.317029295474523,6-mer
CAGGAG,0.4969145063332517,-0.6415460290875238,6-mer
CAGGTA,-0.9869942901752365,-1.943089786715252,6-mer
CAGGTT,-0.013594400148743416,-0.9100452823738817,6-mer
CAGGTC,-1.3393852919639087,-2.4777732546268068,6-mer
CAGGTG,-0.956317561182603,-1.2832245655568784,Inverted repeat
CAGGCA,0.8953664588094068,-0.637766370020009,6-mer
CAGGCT,0.7338156037425565,-0.28324369406143196,6-mer
CAGGCC,-0.5218572837012312,-1.7084661969663602,6-mer
CAGGCG,0.21409309811796084,-0.29337048420475254,6-mer
CAGGGA,0.517831047848117,-0.41325087980482944,6-mer
CAGGGT,0.15512919443176937,-0.1780053795461954,6-mer
CAGGGC,0.17749151527184753,-0.6039744692469594,6-mer
CAGGGG,-0.3004677323810512,-0.647901524127347,6-mer
CTAAAA,0.6752352071940929,0.9880509686251614,6-mer
CTAAAT,0.22706199844157296,0.10689637850216872,6-mer
CTAAAC,-0.17385264783545254,0.3924959851950892,6-mer
CTAAAG,0.9503733247892843,1.3460237705048255,Inverted repeat
CTAATA,-0.043199564174150155,-0.008262045721723786,6-mer
CTAATT,0.11317296035623435,-0.23182394536551715,6-mer
CTAATC,-0.6870327726842593,-0.06332171059423211,6-mer
CTAATG,-0.002165512422500848,0.1961782411037753,6-mer
CTAACA,0.5881022082517234,0.7847941192568212,6-mer
CTAACT,-0.5728896684205811,-0.561183316339739,6-mer
CTAACC,0.02557624670601603,0.4894121751214209,6-mer
CTAACG,0.6335724449457777,1.0092977445820897,6-mer
CTAAGA,-0.7061826118695828,-0.49152960717101035,6-mer
CTAAGT,-1.691796879122037,-1.651371977700009,6-mer
CTAAGC,-0.8968140882509061,-0.48220292629595524,6-mer
CTAAGG,-0.17488623131281697,-0.13997600942945565,6-mer
CTATAA,0.24143817702699466,0.4921250412591127,Inverted repeat
CTATAT,-0.28510885897221705,-0.30950883563329434,Inverted repeat
CTATAC,0.3971947536751314,0.04789469010431146,Inverted repeat
CTATAG,-0.17021380037048897,0.13119598302531973,Palindromes
CTATTA,-0.2028632562511941,-0.15416551459567066,6-mer
CTATTT,-0.32786697140203563,-0.36270039825394357,6-mer
CTATTC,-0.47486165920690326,-0.7208578479129866,6-mer
CTATTG,-0.1306741853598184,-0.1611271282758339,6-mer
CTATCA,0.6671470937379707,1.403282789729114,6-mer
CTATCT,-0.879475138028118,-0.11981821456272455,6-mer
CTATCC,0.5105376595946014,0.839865501750497,6-mer
CTATCG,0.7302786990389631,0.8054810771446609,6-mer
CTATGA,0.264228854673285,0.8499544306556667,6-mer
CTATGT,-0.6617627212440984,-0.3714787507180648,6-mer
CTATGC,-0.19800513998957053,-0.41351076428141165,6-mer
CTATGG,0.5241464995365592,1.0098835025655053,6-mer
CTACAA,0.25631446965657645,0.10538530447209321,6-mer
CTACAT,-0.7172697928252865,-0.8104277561072272,6-mer
CTACAC,-0.45675251844141584,0.008732292363162458,6-mer
CTACAG,0.505716821869251,-0.3327079336406048,Inverted repeat
CTACTA,0.13248609535220102,0.043943347587596805,6-mer
CTACTT,-0.08730711832494781,-0.42595647892930716,6-mer
CTACTC,-0.3729520979118291,-0.43706380560884267,6-mer
CTACTG,0.04813249567309765,-1.1341366726515363,6-mer
CTACCA,0.45969980249175274,0.6957129617679971,6-mer
CTACCT,-0.5662259381395702,-0.8255201903340762,6-mer
CTACCC,0.14875194831506036,0.5837506610523479,6-mer
CTACCG,0.84524144615197,0.18717868277412492,6-mer
CTACGA,0.20599236958468928,-0.04458557248605039,6-mer
CTACGT,-4.537296067090842,-4.0,6-mer
CTACGC,-0.21425710807575074,0.3368149132872287,6-mer
CTACGG,0.007613184109875241,-0.694472555864747,6-mer
CTAGAA,-0.09537804807725844,0.13923579737117212,6-mer
CTAGAT,-1.4076312273300817,-0.4532535625035728,6-mer
CTAGAC,-0.4905701304462013,-0.3458961175816517,6-mer
CTAGAG,0.1261534426018712,0.6921957240461836,Inverted repeat
CTAGTA,-0.2102773462998802,-0.429812851959242,6-mer
CTAGTT,-1.0173686637365849,-0.7220890956535612,6-mer
CTAGTC,-0.9574952714854648,-0.8203892305956242,6-mer
CTAGTG,-0.3290811247358311,0.31823361132962064,6-mer
CTAGCA,-0.21966778399991221,-0.03458023171014439,6-mer
CTAGCT,-1.3725541679573305,-0.4033434762336651,6-mer
CTAGCC,-0.2854754688453003,0.2710102735775951,6-mer
CTAGCG,0.23190558112543638,1.3570199112857675,6-mer
CTAGGA,-0.5434432312828892,-0.47987585825630563,6-mer
CTAGGT,-1.9615594653781503,-1.3020871823975686,6-mer
CTAGGC,-0.4314605032026889,-0.2924121275406395,6-mer
CTAGGG,0.28030900568562306,0.9553737681736839,6-mer
CTTAAA,0.05152657467629622,0.32184578921138995,Inverted repeat
CTTAAT,-0.7379335211001246,-0.5996228074272881,Inverted repeat
CTTAAC,-0.3778023336421521,-0.33064531198847125,Inverted repeat
CTTAAG,-0.5428208330940811,-0.2519258344853829,Palindromes
CTTATA,0.29313083057992745,0.09492642029832465,6-mer
CTTATT,0.04979036671153119,-0.0921970074431308,6-mer
CTTATC,0.01721331616353656,0.3206051282280438,6-mer
CTTATG,0.22607340230194728,0.286667614927869,6-mer
CTTACA,0.4111476212546441,0.07687237930178346,6-mer
CTTACT,0.06114966299393634,-0.5390647907723152,6-mer
CTTACC,0.2324460860003708,0.0014629323959878737,6-mer
CTTACG,-0.22699518693621187,-0.4756952891524684,6-mer
CTTAGA,-0.5097267350915783,-0.27137638562457495,6-mer
CTTAGT,-0.90587782263545,-0.9407964204843036,6-mer
CTTAGC,-1.068319958603934,-0.6651328494051393,6-mer
CTTAGG,-0.8675089032002936,-0.6546577246583959,6-mer
CTTTAA,0.4014035168163408,0.5991523935135576,6-mer
CTTTAT,0.30766845759911365,0.42873097874146465,6-mer
CTTTAC,-0.37298898652050416,-0.5152962424125987,6-mer
CTTTAG,1.0222775958549857,1.399565078764812,Inverted repeat
CTTTTA,0.3987968582716327,0.5557924049176383,6-mer
CTTTTT,-0.09207735982290531,0.2949668023460796,6-mer
CTTTTC,-0.5701474706261905,-0.5031005427068527,6-mer
CTTTTG,-0.34413952825994676,-0.13410761388642348,6-mer
CTTTCA,0.22843942600073927,0.4833574578827776,6-mer
CTTTCT,-0.12317674225083303,0.08377228592135151,6-mer
CTTTCC,-0.5852819991259364,-0.9489258154057307,6-mer
CTTTCG,-0.8941941348854665,-1.2211037253678754,6-mer
CTTTGA,0.21865936356068852,0.6151111730934411,6-mer
CTTTGT,-0.33005216163474693,-0.02192972423517521,6-mer
CTTTGC,-0.5795977818587756,-0.9405391023521823,6-mer
CTTTGG,-0.01780787628281769,0.22769202504159655,6-mer
CTTCAA,0.1151759700763436,0.1219776401627363,6-mer
CTTCAT,0.12686261272956353,0.4820297995654364,6-mer
CTTCAC,-0.7659069106990765,-0.2062162738339492,6-mer
CTTCAG,0.7670019679210143,-0.020620800850004294,Inverted repeat
CTTCTA,0.8733272273983961,0.9582475381873604,6-mer
CTTCTT,0.48303215616478007,0.5963427285720925,6-mer
CTTCTC,-0.9922505003950653,-0.7167523732766974,6-mer
CTTCTG,0.00774949960493456,-0.7093806719227749,6-mer
CTTCCA,0.12176896328765985,-0.17635225781895322,6-mer
CTTCCT,-0.6066311510119166,-1.2277013327215134,6-mer
CTTCCC,-0.8250454991731252,-0.9038700343567001,6-mer
CTTCCG,-1.3752439094198192,-2.7045953476324027,6-mer
CTTCGA,-4.026800059343715,-5.007766332900572,6-mer
CTTCGT,-0.22262013738788566,-0.2748391067464189,6-mer
CTTCGC,-0.27082976658775,-0.17744353717871783,6-mer
CTTCGG,-0.5849625007211562,-1.7594602319532924,6-mer
CTTGAA,0.2914422334117168,0.20182049050943593,6-mer
CTTGAT,-0.05452261842553081,0.6890905545333866,6-mer
CTTGAC,-0.49103679551282553,-0.2935772800122105,6-mer
CTTGAG,-0.004678653758189581,0.34214711030300266,Inverted repeat
CTTGTA,0.5382386351303148,0.4289591453563827,6-mer
CTTGTT,0.23719774392894324,0.41628712693678127,6-mer
CTTGTC,0.15200309344504997,0.14414097567207956,6-mer
CTTGTG,-0.24435848107337063,0.3671337266048899,6-mer
CTTGCA,0.8998439458586235,0.07327165831403148,6-mer
CTTGCT,-0.027595235615530712,-0.12979181435489123,6-mer
CTTGCC,0.2873989542329938,-0.22541619456704312,6-mer
CTTGCG,0.02679569283990895,0.06654306362182491,6-mer
CTTGGA,0.08855778685155927,-0.17566387166319444,6-mer
CTTGGT,-0.4375742632387627,-0.06076234007458302,6-mer
CTTGGC,-0.5267131465389234,-0.4923692931053708,6-mer
CTTGGG,-0.2978643899968929,0.1714095494445662,6-mer
CTCAAA,0.29805156641633934,0.7002080666439103,6-mer
CTCAAT,-0.0035013618477279657,0.24925059040069414,6-mer
CTCAAC,-0.6535332287992093,-0.3471194813751899,6-mer
CTCAAG,0.09536402233325635,0.34724552896368155,Inverted repeat
CTCATA,-0.56652525246448,-0.0993977749615445,6-mer
CTCATT,-0.14933106671540244,0.3400241448619982,6-mer
CTCATC,0.11418757892442338,1.134861960623656,6-mer
CTCATG,-0.36834877495242935,0.3395603057936919,6-mer
CTCACA,-0.39400379940664726,0.47508488294878265,6-mer
CTCACT,0.2499259160276635,0.8484860386297792,6-mer
CTCACC,-0.24591022804258475,0.9182876363560398,6-mer
CTCACG,-0.3967892542197033,0.8347514857671609,6-mer
CTCAGA,-1.506069161250462,-1.9071776705355208,6-mer
CTCAGT,-0.15085503844372566,-0.9267223927837754,6-mer
CTCAGC,-0.4690966262296646,-0.6409361389744928,6-mer
CTCAGG,-0.7498165126160464,-1.371312857829904,6-mer
CTCTAA,0.7207553669849471,1.0506960405784513,6-mer
CTCTAT,0.6584795242449079,0.936497057693842,6-mer
CTCTAC,0.22686924866063746,0.28120215711576924,6-mer
CTCTAG,0.23319917629303075,0.8642186861249751,Inverted repeat
CTCTTA,-0.2231657770456065,0.11700261070247381,6-mer
CTCTTT,0.33344611861632234,0.8161477358008494,6-mer
CTCTTC,0.2904939367031599,0.532079462015825,6-mer
CTCTTG,-0.1517722437700414,0.21545146675805196,6-mer
CTCTCA,-0.06452602997318037,0.6492226995245399,6-mer
CTCTCT,0.4770032525852365,1.1036707609279404,6-mer
CTCTCC,-0.37436475336525793,-0.21343369394279788,6-mer
CTCTCG,-0.16992500144231243,-0.1004097693309942,6-mer
CTCTGA,-0.5314469913941544,-0.7304969519972719,6-mer
CTCTGT,0.9645271182768375,0.5306276080514638,6-mer
CTCTGC,0.03023723043050151,-0.7608983362422584,6-mer
CTCTGG,0.14235292341133055,-0.44347960334547315,6-mer
CTCCAA,-0.005277698745039513,-0.062086652916024374,6-mer
CTCCAT,-0.2754715090720166,-0.16800970737954277,6-mer
CTCCAC,-0.006853671041062475,0.5594274086140185,6-mer
CTCCAG,0.03582807913562677,-0.8514475062407746,Inverted repeat
CTCCTA,-0.10120739452694476,-0.2859305818203199,6-mer
CTCCTT,-0.3289133587525773,-0.1695679428980101,6-mer
CTCCTC,-1.0147753526803984,-1.2067304424408598,6-mer
CTCCTG,0.3289485225651346,-0.9327631207755244,6-mer
CTCCCA,0.18546585233809038,0.2064508774674265,6-mer
CTCCCT,0.16043847971059036,0.5783548619484783,6-mer
CTCCCC,-0.07825144566436838,0.47072318334253826,6-mer
CTCCCG,0.3446481713874457,-0.6010522032594622,6-mer
CTCCGA,-2.0294009164405593,-3.2016338611696504,6-mer
CTCCGT,-0.7119353569789217,-1.2600256559614553,6-mer
CTCCGC,-0.6236948952098708,-0.9750914250861389,6-mer
CTCCGG,-0.9844591491042219,-2.3429897104151918,6-mer
CTCGAA,-2.788685710613534,-4.013462259806563,Inverted repeat
CTCGAT,-2.404046715360867,-2.717821796369328,Inverted repeat
CTCGAC,-3.0931094043914826,-4.218522874874797,Inverted repeat
CTCGAG,-4.134220939760634,-4.502803395890216,Palindromes
CTCGTA,-0.3348542693316326,-0.5409219397619454,6-mer
CTCGTT,0.34237513634832745,0.31679941888228635,6-mer
CTCGTC,-1.3700797170724743,-1.4224955714437852,6-mer
CTCGTG,-0.20732497324750618,0.05889368905356862,6-mer
CTCGCA,0.4683066391385342,0.3034449162876156,6-mer
CTCGCT,0.8859520737763935,1.3168356256362097,6-mer
CTCGCC,0.32585379810116244,0.42649401471384535,6-mer
CTCGCG,-1.4702256070778268,-0.9356603589494478,6-mer
CTCGGA,-1.558490289359965,-2.75106579121106,6-mer
CTCGGT,0.07789975960345968,-0.7741880581224047,6-mer
CTCGGC,-0.429812851959242,-1.6394604558426624,6-mer
CTCGGG,-2.0268000593437154,-2.6172313041934974,6-mer
CTGAAA,0.2942605620998641,-0.5924927540456647,6-mer
CTGAAT,0.2935938264250079,-0.7043512299114867,6-mer
CTGAAC,-0.06865636066694233,-0.9661522295163272,6-mer
CTGAAG,0.6658131374334817,-0.16934197656434793,Inverted repeat
CTGATA,0.10737009751665111,-0.00334012561507213,6-mer
CTGATT,0.09653204883584485,-0.3158747300342845,6-mer
CTGATC,-0.45289704310486273,-0.07874311522127879,6-mer
CTGATG,0.3484835008286745,0.45643803069904154,6-mer
CTGACA,0.07875411141441116,-0.6189098326444937,6-mer
CTGACT,0.1316440058104708,-0.8117645893956142,6-mer
CTGACC,-0.7521608842796057,-1.3059202186869703,6-mer
CTGACG,-0.5969351423872321,-0.9824416286156955,6-mer
CTGAGA,-0.7536045362799954,-1.0601080788903308,6-mer
CTGAGT,-0.29166323641237585,-0.8573046487811782,6-mer
CTGAGC,-0.549436067092015,-0.8092395664025472,6-mer
CTGAGG,-1.4363660087193557,-2.1835034079428532,6-mer
CTGTAA,0.7173900558294454,-0.40736253348294793,6-mer
CTGTAT,1.0911136120329412,0.07806848036091299,6-mer
CTGTAC,-2.481741780362386,-3.718818247455947,6-mer
CTGTAG,0.5286141113074548,-0.22149605905791483,Inverted repeat
CTGTTA,0.14201900487242786,-0.7726552737695606,6-mer
CTGTTT,0.3674302703315214,-0.25774243657798956,6-mer
CTGTTC,-0.6941658812329384,-1.3892608643454216,6-mer
CTGTTG,0.1457479797216411,-0.5372425556559257,6-mer
CTGTCA,0.46002495405215393,-0.045015116190436494,6-mer
CTGTCT,0.976870125161445,0.1605778291830595,6-mer
CTGTCC,0.13270253748611346,-1.142389051753933,6-mer
CTGTCG,0.7983661388303495,-0.4353861446706461,6-mer
CTGTGA,-0.009277813588010749,-0.03791693544399458,6-mer
CTGTGT,0.4249724773365636,0.058697257023734045,6-mer
CTGTGC,0.11980427105690161,-0.6543558361388301,6-mer
CTGTGG,0.713695814843359,0.40448757993793394,6-mer
CTGCAA,0.09464910041904143,-1.4910446373335176,Inverted repeat
CTGCAT,0.04122266272651281,-1.248495871235005,Inverted repeat
CTGCAC,-0.08218575535524471,-1.1676563577565355,Inverted repeat
CTGCAG,-0.29340805487731253,-2.477441843186936,Palindromes
CTGCTA,-0.5055708997728136,-1.2485190647568234,6-mer
CTGCTT,-0.46709954842671236,-1.3059344385955112,6-mer
CTGCTC,0.4257639058719024,-0.4503180736816982,6-mer
CTGCTG,0.036110293409280715,-1.71185792490511,6-mer
CTGCCA,-0.16626251673135883,-1.3079961801438513,6-mer
CTGCCT,0.16175106999661207,-1.3550162642195498,6-mer
CTGCCC,0.02933754505558023,-0.8141281506530302,6-mer
CTGCCG,-0.3702676291588212,-1.9745293124838819,6-mer
CTGCGA,-0.3113974273951927,-1.4541758931858022,6-mer
CTGCGT,-0.7330897472997636,-1.2710271965873245,6-mer
CTGCGC,-1.3827736501078896,-1.8351689342000295,6-mer
CTGCGG,-0.16465181216913685,-1.7355815242613493,6-mer
CTGGAA,-0.34617564113403965,-1.764928444592806,6-mer
CTGGAT,0.3436987175585816,-0.40400493456553255,6-mer
CTGGAC,0.06970897181140445,-1.2893991098331936,6-mer
CTGGAG,0.1380639024871762,-0.8603308090319506,Inverted repeat
CTGGTA,-0.040414268445908154,-0.8861564897652022,6-mer
CTGGTT,-0.18244648434762736,-1.039991975456889,6-mer
CTGGTC,-1.137503523749935,-1.9605507287681199,6-mer
CTGGTG,0.04720690343344009,0.0356239097307212,6-mer
CTGGCA,0.2664531160612581,-1.1604215287538704,6-mer
CTGGCT,0.3759284622397272,-0.46122713229891127,6-mer
CTGGCC,-1.018461535847537,-2.038553240769393,6-mer
CTGGCG,-0.2045777086526101,-0.5837521860185534,6-mer
CTGGGA,-0.3712331463482153,-1.2344960801247946,6-mer
CTGGGT,-0.5831802953791468,-0.6582114827517948,6-mer
CTGGGC,-0.8303325996727169,-1.4990415401086825,6-mer
CTGGGG,-0.17283659686221556,-0.38414349133305997,6-mer
CCAAAA,-0.06083409962300364,0.07761306806831318,6-mer
CCAAAT,-0.2813237045592382,-0.5727379060719582,6-mer
CCAAAC,0.28482817803610466,0.6221611186754057,6-mer
CCAAAG,-0.31338281182302724,0.06982602944063271,6-mer
CCAATA,0.24867911285672373,0.0933592433462817,6-mer
CCAATT,-0.2001847565060697,-0.6280189411694259,6-mer
CCAATC,-0.13872874254195133,0.24917175245204828,6-mer
CCAATG,-0.5090666965232145,-0.41839846769673017,6-mer
CCAACA,0.14344909560431301,0.2526842176642266,6-mer
CCAACT,-0.21969327173549244,-0.4433760232214445,6-mer
CCAACC,-0.3175998792179752,0.029246494563856213,6-mer
CCAACG,-0.4617613648696852,-0.010140962033809639,6-mer
CCAAGA,-0.21022442508303552,-0.1502501849854591,6-mer
CCAAGT,-0.21543966069468085,-0.737096742299644,6-mer
CCAAGC,0.010503286419262695,0.3104004136050649,6-mer
CCAAGG,-1.3404658926778443,-1.3931150059784105,Inverted repeat
CCATAA,0.2518867817222664,0.6294458985251896,6-mer
CCATAT,-0.5948295301804936,-0.4287820040321913,6-mer
CCATAC,-0.027173992139680136,-0.052237122975953204,6-mer
CCATAG,0.5854371495298097,1.054065157036739,6-mer
CCATTA,0.4959574946624113,0.47207427622546955,6-mer
CCATTT,-0.14617723113872721,-0.05507870550809922,6-mer
CCATTC,0.3980104877181912,0.33709021111117776,6-mer
CCATTG,-0.25733204646961044,-0.21065559540692727,6-mer
CCATCA,-0.18817071037032224,0.6878601217087333,6-mer
CCATCT,-1.5750558173666047,-0.6617592499770323,6-mer
CCATCC,-0.9476073098482288,-0.6100215915207231,6-mer
CCATCG,-0.20351441113075866,0.17009355042794594,6-mer
CCATGA,0.05786941138122931,0.9116711279288529,Inverted repeat
CCATGT,-0.027114878779978376,0.43952558155979415,Inverted repeat
CCATGC,0.9703767319013705,1.0935369329294713,Inverted repeat
CCATGG,-0.5809679572161298,-0.0800044167681193,Palindromes
CCACAA,0.42349356736131955,0.9314686183291844,6-mer
CCACAT,0.292527178446803,0.9513474727629428,6-mer
CCACAC,-0.09230410431983863,1.0932562510546333,6-mer
CCACAG,0.9152496632127569,0.6197554095218148,6-mer
CCACTA,0.7604059737622295,1.3869814814807242,6-mer
CCACTT,0.715114043458841,0.9996233663884395,6-mer
CCACTC,0.5575766129260772,1.2496317012313054,6-mer
CCACTG,-0.1169019005132437,-0.37938518975991703,6-mer
CCACCA,0.5873039051423925,1.6410411741676707,6-mer
CCACCT,-0.6602712628637469,-0.07947389921794122,6-mer
CCACCC,0.04919228786127458,1.3346712254175526,6-mer
CCACCG,0.7687646392433825,0.9626465855176304,6-mer
CCACGA,0.703950536938243,1.1923890766923426,6-mer
CCACGT,-3.0815471177759197,-2.151858816727005,6-mer
CCACGC,0.44900139543563256,1.8135721311458006,6-mer
CCACGG,-0.5384199147841259,-0.49435995194024934,Inverted repeat
CCAGAA,-0.33107979325689246,-1.1816884507581507,6-mer
CCAGAT,-0.4128276009030771,-0.7723860925408076,6-mer
CCAGAC,-0.4480032875005562,-1.4214637684382767,6-mer
CCAGAG,0.1291122534907941,-0.5698771489695533,6-mer
CCAGTA,0.4098757941630649,-0.9245660403549655,6-mer
CCAGTT,0.055987957878157434,-1.0851781307552624,6-mer
CCAGTC,0.35940280030602517,-0.7190234234558499,6-mer
CCAGTG,-0.30759995826723824,-0.903388906896966,6-mer
CCAGCA,0.32113387794416154,-0.5803384741957087,6-mer
CCAGCT,-0.49730981868616364,-0.8380866770805492,6-mer
CCAGCC,0.09106447840645687,-0.5203753354286157,6-mer
CCAGCG,-0.1266459369178465,-0.1910911007269829,6-mer
CCAGGA,0.22783893151704457,-0.9885651049377164,6-mer
CCAGGT,-0.7754017758223143,-1.6504860734407383,6-mer
CCAGGC,-0.11664491885227049,-1.1336691160684758,6-mer
CCAGGG,-1.4691141720346366,-1.9739173527542866,Inverted repeat
CCTAAA,0.8059059563715258,0.9289687610675832,6-mer
CCTAAT,-0.005500918562133495,-0.044333817365053395,6-mer
CCTAAC,0.3753141894746016,0.4854977230173721,6-mer
CCTAAG,-0.7805803698264662,-0.7126982482222701,6-mer
CCTATA,0.15771674463944346,0.11561541321877628,6-mer
CCTATT,-0.12486669807200944,-0.2360141919000847,6-mer
CCTATC,0.42322136667501825,0.8077980782708533,6-mer
CCTATG,0.14585086646345483,0.35658216391504716,6-mer
CCTACA,0.40993060884575494,0.17321454799349445,6-mer
CCTACT,0.512030978267305,0.054342596822381815,6-mer
CCTACC,0.4912406689991344,0.4918530963296747,6-mer
CCTACG,-0.30926987201641487,-0.38422075235385134,6-mer
CCTAGA,-0.2698730824608492,0.17281831766169212,Inverted repeat
CCTAGT,-0.7083908392593685,-0.6093426193681071,Inverted repeat
CCTAGC,0.10350457575385995,0.6962353417474593,Inverted repeat
CCTAGG,-1.699474381844862,-1.6582517191183488,Palindromes
CCTTAA,0.6236349925757113,0.568907962049457,6-mer
CCTTAT,0.7070778311071015,0.48539272130764094,6-mer
CCTTAC,0.6505206708589557,0.20371132727866972,6-mer
CCTTAG,-0.10945889256999027,-0.04064198449734588,6-mer
CCTTTA,0.33267552972137004,0.49609542884940167,6-mer
CCTTTT,-0.09744237149003505,0.11880230489717496,6-mer
CCTTTC,0.0700667577299894,-0.018810916122986052,6-mer
CCTTTG,-0.2893805019765044,-0.2820311211020962,6-mer
CCTTCA,-0.5796092662269493,-0.5600499307556686,6-mer
CCTTCT,-0.6066404141393221,-0.8318201623983326,6-mer
CCTTCC,-1.2630344058337941,-1.8908956176003069,6-mer
CCTTCG,-1.3889282391990683,-2.0497275636614942,6-mer
CCTTGA,0.23429983541281033,0.4004917640810643,6-mer
CCTTGT,-0.01355596057022998,0.10769419693807834,6-mer
CCTTGC,0.3257792777669014,-0.23719125200597424,6-mer
CCTTGG,-1.480773650449185,-1.5920172582551066,Inverted repeat
CCTCAA,-0.8625537249173961,-0.7672894942471212,6-mer
CCTCAT,-0.6943339863636782,-0.3143399377967847,6-mer
CCTCAC,-0.9833597343121718,-0.09953567355091435,6-mer
CCTCAG,-1.518255357144614,-2.0557829947061954,6-mer
CCTCTA,0.4713516419585189,0.6764395892218656,6-mer
CCTCTT,0.02560968453629167,0.10256416071054501,6-mer
CCTCTC,-0.4405725913859815,-0.06002945765008405,6-mer
CCTCTG,-0.5508367168165296,-1.1328592956481724,6-mer
CCTCCA,-0.034919984349159466,-0.14834682951778597,6-mer
CCTCCT,-0.5219777150284869,-0.9484417939635229,6-mer
CCTCCC,-0.4376664099536339,-0.43633729465602544,6-mer
CCTCCG,-0.4972684398147584,-1.650253960972876,6-mer
CCTCGA,-3.1424134378737416,-3.785102115210477,6-mer
CCTCGT,-1.5901520568237197,-2.054519989174459,6-mer
CCTCGC,-1.3062819040377973,-1.153314038597397,6-mer
CCTCGG,-2.4431985917809445,-3.4258173380320867,Inverted repeat
CCTGAA,0.8811491831519567,-0.24240490547303953,6-mer
CCTGAT,0.16433389535576934,-0.15801499068007743,6-mer
CCTGAC,-0.13551497065648097,-1.004865755171816,6-mer
CCTGAG,-0.8148825472159131,-1.2379434248709633,6-mer
CCTGTA,1.1756311197875284,-0.16579968179915316,6-mer
CCTGTT,0.36238013862465634,-0.5422331827887148,6-mer
CCTGTC,0.8603122289881894,-0.19916222266740888,6-mer
CCTGTG,0.9207951168147321,0.35171156391001457,6-mer
CCTGCA,0.39933259857296904,-1.35513987390922,6-mer
CCTGCT,0.16431366077803064,-0.9688587558115371,6-mer
CCTGCC,0.08822718301173527,-1.2830959455364066,6-mer
CCTGCG,-0.42047926854276996,-1.3566337728860853,6-mer
CCTGGA,0.22704014696976166,-1.072696717493026,6-mer
CCTGGT,-0.49843067622013626,-1.3698380798487473,6-mer
CCTGGC,-0.08103657209090637,-1.0948922103757857,6-mer
CCTGGG,-1.0996836346854364,-1.7783914390690834,Inverted repeat
CCCAAA,-0.028450538775599946,0.3084773765949608,6-mer
CCCAAT,-0.3755527995355713,-0.20413073794535422,6-mer
CCCAAC,-0.36387509534062124,-0.12530822677962974,6-mer
CCCAAG,-0.17196615368759946,0.0821903089647065,6-mer
CCCATA,0.28503671743541775,0.7445835077182167,6-mer
CCCATT,0.08664479069599959,0.37694557296356623,6-mer
CCCATC,-0.6559013220645936,0.17256154333468496,6-mer
CCCATG,0.2915632034889223,0.9500588812303912,6-mer
CCCACA,0.6736221323893382,1.4484272287128601,6-mer
CCCACT,0.7830721694743215,1.4180079860904116,6-mer
CCCACC,0.2347056827752994,1.3182145920882982,6-mer
CCCACG,0.1039189514565922,1.1594382082289993,6-mer
CCCAGA,-0.35520424976166076,-0.9220568569434437,6-mer
CCCAGT,-0.10505033533801472,-0.9992856176923163,6-mer
CCCAGC,-0.11739127831607236,-0.40192199948858565,6-mer
CCCAGG,-1.2572427680240306,-2.065929679700698,Inverted repeat
CCCTAA,0.804174264740467,1.5383459465443214,6-mer
CCCTAT,0.48474124839062843,1.190196246947868,6-mer
CCCTAC,0.7506100995951562,1.1966470084998921,6-mer
CCCTAG,0.03992712327645536,0.9783739142262506,6-mer
CCCTTA,0.3442686646008595,0.911866867970461,6-mer
CCCTTT,-0.05922790336339018,0.6980914335776967,6-mer
CCCTTC,-0.99082705820522,-0.6829275823258925,6-mer
CCCTTG,-0.21233875667252505,0.22837902434533203,6-mer
CCCTCA,-0.7365056977514449,0.04979823311815106,6-mer
CCCTCT,0.1426727777175323,0.7829332767138044,6-mer
CCCTCC,-0.20225477576537176,0.1367222755050897,6-mer
CCCTCG,-1.7830414647141801,-1.4545328192244578,6-mer
CCCTGA,0.37239316187035,0.30389417205710045,6-mer
CCCTGT,0.5641289973039904,0.21196238420222666,6-mer
CCCTGC,-0.08076101196383638,-0.8167254448986678,6-mer
CCCTGG,-1.3493014782291965,-1.5875951566358133,Inverted repeat
CCCCAA,-0.1631521111205452,0.6842480754518396,6-mer
CCCCAT,0.22871433264991758,1.2687942723572894,6-mer
CCCCAC,0.6931113045767786,2.102759574425201,6-mer
CCCCAG,-0.29151678199126824,-0.31535544096387613,6-mer
CCCCTA,0.8291896379647655,1.7807416024323486,6-mer
CCCCTT,0.1426806646198333,0.9622376472788414,6-mer
CCCCTC,-0.5491617792933094,0.04534463794815985,6-mer
CCCCTG,-0.29340805487731253,-0.5957502420762404,6-mer
CCCCCA,0.21152844235986412,1.439253081881805,6-mer
CCCCCT,-0.23672312871794646,1.2215947713224227,6-mer
CCCCCC,-0.545270684700196,1.3628677263923432,6-mer
CCCCCG,-1.4040741370280112,-1.2024699637957117,6-mer
CCCCGA,-1.6569486135468838,-1.7836063192849954,6-mer
CCCCGT,-1.0540258816825108,-1.0226014289371326,6-mer
CCCCGC,-0.8461532065712617,-0.2488569852082956,6-mer
CCCCGG,-0.6077498655326666,-1.3963281365735964,Inverted repeat
CCCGAA,-1.186453603321831,-2.386131156122039,6-mer
CCCGAT,-0.4054367289965681,-0.9960600019911708,6-mer
CCCGAC,-2.3723330483246055,-3.189520481517549,6-mer
CCCGAG,-1.3846638502353252,-2.332130416703671,6-mer
CCCGTA,0.10073442313453995,-0.6770914803104547,6-mer
CCCGTT,-0.09092625889409256,-0.5173697196729959,6-mer
CCCGTC,0.28950661719498494,-0.4465640048327874,6-mer
CCCGTG,-1.7339251398461553,-1.7865963618908067,6-mer
CCCGCA,0.3219280948873623,-0.26353111612993435,6-mer
CCCGCT,0.4880458557585515,0.5711197331869785,6-mer
CCCGCC,-0.5367737071704619,-0.5467186655810172,6-mer
CCCGCG,-2.102361717629678,-1.865181349523795,6-mer
CCCGGA,-0.248820546614093,-2.0022065184636006,Inverted repeat
CCCGGT,0.8838069824954773,-0.3251561177415913,Inverted repeat
CCCGGC,0.5658536777734515,-0.765534746362977,Inverted repeat
CCCGGG,-0.5709044597336613,-1.5469729148398945,Palindromes
CCGAAA,-1.018557876727371,-2.421494793804476,6-mer
CCGAAT,-0.5056546353979428,-2.166246787501864,6-mer
CCGAAC,-0.5186892813019901,-1.8772276178787044,6-mer
CCGAAG,-0.6214883767462701,-1.8726417648651346,6-mer
CCGATA,0.5571558051831373,-0.16401132601393853,6-mer
CCGATT,0.08488889758651282,-0.8061471404542982,6-mer
CCGATC,0.29218075149331035,-0.09650798085334633,6-mer
CCGATG,-0.002422662266855708,-0.40519152976857425,6-mer
CCGACA,-0.143073781792881,-1.3901463237371332,6-mer
CCGACT,-0.2168113890731482,-1.7513208871432764,6-mer
CCGACC,-1.3692338096657193,-2.532316959332765,6-mer
CCGACG,-1.7900769306257687,-2.495055528368019,6-mer
CCGAGA,-1.0901402840990297,-2.08311439421259,6-mer
CCGAGT,0.23851208669972482,-0.8797057662822882,6-mer
CCGAGC,-0.8844273630859395,-1.6990939204307318,6-mer
CCGAGG,-3.6690267655096305,-5.006298023900369,Inverted repeat
CCGTAA,0.007500102510750679,-1.0282638522187215,6-mer
CCGTAT,0.8507988848065386,-0.21380172953895898,6-mer
CCGTAC,-2.584962500721156,-3.8362607985039814,6-mer
CCGTAG,-0.08099388312222716,-0.656221183890978,6-mer
CCGTTA,0.3390763767177718,-0.33393253113511673,6-mer
CCGTTT,-0.11599329506481985,-0.6072870473926103,6-mer
CCGTTC,-0.26532258242906404,-0.8958565453335416,6-mer
CCGTTG,-0.6652741169735158,-1.2500953501262957,6-mer
CCGTCA,-0.47192256282049416,-0.9560566524124031,6-mer
CCGTCT,0.7764939583528435,0.0059006014396841165,6-mer
CCGTCC,-0.6647505266148036,-1.7357628470845485,6-mer
CCGTCG,-0.8009994270177806,-1.9291597594495515,6-mer
CCGTGA,-0.3842403999707973,-0.30993887042436336,6-mer
CCGTGT,-0.36383504662128596,-0.4528589647138111,6-mer
CCGTGC,-0.13364088411753608,-0.598760047998699,6-mer
CCGTGG,-1.0998562368320663,-1.0344505098767809,Inverted repeat
CCGCAA,0.0851873450515594,-0.7061127140959165,6-mer
CCGCAT,0.6128711307175111,0.09327289184600403,6-mer
CCGCAC,0.07033958064424584,-0.09107190475165797,6-mer
CCGCAG,-0.298658315564515,-1.5716768099709313,6-mer
CCGCTA,0.7384914483971664,0.8912505700070266,6-mer
CCGCTT,0.372348412570857,0.43419006080197026,6-mer
CCGCTC,0.8534681083678993,0.9715618173499476,6-mer
CCGCTG,0.2865227587561635,-0.4348221512932958,6-mer
CCGCCA,-0.028114652692062363,-0.07869263162260724,6-mer
CCGCCT,0.1081026073093757,-0.44085379108298084,6-mer
CCGCCC,-0.28943572134785445,-0.08620504252996267,6-mer
CCGCCG,-0.07738253131236401,-0.8887063555729139,6-mer
CCGCGA,-3.705552641534745,-4.088876555269283,Inverted repeat
CCGCGT,-3.731907304343178,-3.375734538583156,Inverted repeat
CCGCGC,-0.7727222814996063,-0.1531567880614202,Inverted repeat
CCGCGG,-3.7923926534999954,-4.3984111806914346,Palindromes
CCGGAA,-0.7987016102981762,-2.944459746056242,6-mer
CCGGAT,0.7815242638574172,-0.6424639826054014,6-mer
CCGGAC,-0.02680005934371519,-1.67275810521617,6-mer
CCGGAG,-0.3460237705048253,-2.1788031527887655,6-mer
CCGGTA,1.8675776715836925,0.25974910362747533,6-mer
CCGGTT,0.7162666014983701,-0.6307821775577663,6-mer
CCGGTC,0.5611157587667883,-0.9597701552114674,6-mer
CCGGTG,1.2181801700495336,0.5673326066993647,6-mer
CCGGCA,1.102098187618736,-0.7581147315108459,6-mer
CCGGCT,1.0247959118471406,-0.401013047335722,6-mer
CCGGCC,-0.44167662437721533,-1.9464453946430444,6-mer
CCGGCG,0.45758319424492855,-0.5865005552814248,6-mer
CCGGGA,0.5504052786847876,-0.8763930322414524,6-mer
CCGGGT,-0.17703188793657232,-1.007573219704801,6-mer
CCGGGC,0.04841220518524581,-1.1907364066134523,6-mer
CCGGGG,-0.5653145992122699,-1.3352479359855698,Inverted repeat
CGAAAA,-0.9966728852248402,-1.4007046009039217,6-mer
CGAAAT,-0.33047776618322666,-1.4473391752559421,6-mer
CGAAAC,-0.8281051884664953,-1.1917157705311785,6-mer
CGAAAG,-1.2000842422871643,-1.4248815863917639,6-mer
CGAATA,0.24639546372000462,-0.8497232380292032,6-mer
CGAATT,0.18531637757181407,-1.0263829414145362,6-mer
CGAATC,-0.7887048649499396,-1.246793764826583,6-mer
CGAATG,-0.10720960143633534,-0.7850194735046231,6-mer
CGAACA,0.32605598051003887,-0.5006935838235522,6-mer
CGAACT,-0.26678654069490126,-1.208873206314235,6-mer
CGAACC,-0.5318511642615938,-1.192838975535711,6-mer
CGAACG,0.29518824693494106,0.06912436065482015,Inverted repeat
CGAAGA,-0.05026422329608985,-0.4611506477842498,6-mer
CGAAGT,0.23509401592236806,-0.8215741694840158,6-mer
CGAAGC,-1.419814031219184,-1.6624670165004019,6-mer
CGAAGG,-1.6456307226440736,-2.41761144294267,6-mer
CGATAA,0.5571958613154361,0.5515540859319419,6-mer
CGATAT,0.5700121592551847,0.4219835648917069,6-mer
CGATAC,1.2018581317156194,0.8078337719953594,6-mer
CGATAG,0.9460223789411749,1.1886095647072392,6-mer
CGATTA,0.1149657141205201,0.1298403452789894,6-mer
CGATTT,0.7396209359096639,0.5499538914820787,6-mer
CGATTC,-0.33948646627166695,-0.7531551089950833,6-mer
CGATTG,0.36671092367586194,0.19596790316162419,6-mer
CGATCA,0.6327910258117714,1.288321895271797,Inverted repeat
CGATCT,-0.10549312884731381,0.3895261730381729,Inverted repeat
CGATCC,0.6456252826277804,0.8034610059531132,Inverted repeat
CGATCG,1.0379956279882834,1.2424519412453063,Palindromes
CGATGA,0.5417305872629077,1.290779396316698,6-mer
CGATGT,0.21427509391393854,0.1827440874985095,6-mer
CGATGC,0.19834180811191982,0.14190804682377423,6-mer
CGATGG,-0.22325994694339973,0.33696867324014823,6-mer
CGACAA,0.2538827074642636,-0.3652392661606927,6-mer
CGACAT,0.018147346710259398,-0.5454571678807072,6-mer
CGACAC,-0.057844074572284465,0.02677933111560021,6-mer
CGACAG,0.839535327806754,-0.35444609375026204,6-mer
CGACTA,0.7214107799713646,0.0676461630625322,6-mer
CGACTT,0.7679412440700724,-0.2089468902714964,6-mer
CGACTC,0.22239242133644793,-0.6938968722743202,6-mer
CGACTG,0.7285533543500061,-0.9916984026702618,6-mer
CGACCA,-0.05854390240113639,-0.43345869609953175,6-mer
CGACCT,-0.7284152908022775,-1.4564018064473088,6-mer
CGACCC,-0.7057872833244606,-0.8119276518474281,6-mer
CGACCG,0.8624964762500651,-0.21762842677891178,Inverted repeat
CGACGA,-0.6376695510520007,-0.9957505269986422,6-mer
CGACGT,-3.0255350921071376,-3.557217510238252,6-mer
CGACGC,-0.9094531096763403,-0.8366815933271158,6-mer
CGACGG,-0.9521714749093848,-2.004696786701399,6-mer
CGAGAA,-0.8354602597379579,-1.3082610093705045,6-mer
CGAGAT,-0.542173227763725,-0.2984525249585192,6-mer
CGAGAC,-0.7376867614098602,-1.0159415438690216,6-mer
CGAGAG,-0.19582398860990372,-0.3022557156315124,6-mer
CGAGTA,0.41750575486959335,-0.6494817833588072,6-mer
CGAGTT,0.7993947984396256,0.06670714357654207,6-mer
CGAGTC,0.06793882865657518,-0.811471030529836,6-mer
CGAGTG,-0.02968903972895116,0.22993762594149775,6-mer
CGAGCA,0.3871685145507485,-0.02015502537126125,6-mer
CGAGCT,-0.6065550312155142,-0.5714549943928645,6-mer
CGAGCC,-0.32009493702840797,-0.5326414655910738,6-mer
CGAGCG,0.5048841166613245,0.963962176899379,Inverted repeat
CGAGGA,-1.757937598523418,-2.7556506310047952,6-mer
CGAGGT,-1.6546129322886485,-2.024522319134069,6-mer
CGAGGC,-2.3986450427507715,-2.8284961872868224,6-mer
CGAGGG,-1.6313371441274815,-1.6061789866308522,6-mer
CGTAAA,-0.9186998978981519,-1.0242147998786522,6-mer
CGTAAT,-0.02457587559583789,-0.25198260488314117,6-mer
CGTAAC,0.32065867549979654,0.036994207482201495,6-mer
CGTAAG,-0.31682722319449685,-0.554468471599893,6-mer
CGTATA,-0.0025971114860390255,-0.47728977773190334,6-mer
CGTATT,1.2141523511058558,0.5967432303600957,6-mer
CGTATC,0.22975825095949542,0.44890892185798,6-mer
CGTATG,-0.4323451023739616,-0.5562166811721769,6-mer
CGTACA,-2.6657235126849925,-3.171157547472761,Inverted repeat
CGTACT,-2.4195388915137848,-3.4168397419128294,Inverted repeat
CGTACC,-2.791235256694327,-2.6569866107035,Inverted repeat
CGTACG,-2.62935662007961,-3.1517776547320526,Palindromes
CGTAGA,-0.4875946638529518,-0.36624199544399977,6-mer
CGTAGT,-0.544604763105015,-0.716022534345613,6-mer
CGTAGC,-0.7172425023933152,-0.35827220260671877,6-mer
CGTAGG,-0.12838487913901198,-0.18903382439001684,6-mer
CGTTAA,0.006542845866771996,0.05778092768649386,6-mer
CGTTAT,0.7311642171476457,0.7485036658351357,6-mer
CGTTAC,1.0650406733887179,0.8122232697688416,6-mer
CGTTAG,0.5555187228286743,0.9647715116890184,6-mer
CGTTTA,-0.24005584205570188,0.14150659320272246,6-mer
CGTTTT,0.6145865274098032,0.9755837715247102,6-mer
CGTTTC,0.09053369327243932,0.21640689553596162,6-mer
CGTTTG,0.4893153735277748,0.8015648338540909,6-mer
CGTTCA,0.24053976804670732,0.4583712032710044,6-mer
CGTTCT,-0.44535643342557446,-0.02729721467476237,6-mer
CGTTCC,-0.39156777607917626,-0.6402242744912783,6-mer
CGTTCG,0.13025638595134162,-0.2085866218114176,Inverted repeat
CGTTGA,-0.410620760519239,-0.011097708883330507,6-mer
CGTTGT,0.2655065063607498,0.49576877139170067,6-mer
CGTTGC,-0.3607192836967667,-0.4751318464423621,6-mer
CGTTGG,-0.3866231830051011,0.03262901492079955,6-mer
CGTCAA,-0.4707110969680023,-0.36726352623206665,6-mer
CGTCAT,-0.04684025420297233,0.4781372993026232,6-mer
CGTCAC,-5.006746832440585,-4.451211111832329,6-mer
CGTCAG,-0.647045009492013,-1.089005006058745,6-mer
CGTCTA,0.6088751206654845,0.6775870470872744,6-mer
CGTCTT,0.42449782852790996,0.5321106184554211,6-mer
CGTCTC,-0.18142064028014188,-0.03562390973072135,6-mer
CGTCTG,-0.23214039788801,-0.923586884480832,6-mer
CGTCCA,-0.07943446749440494,-0.42906811687682567,6-mer
CGTCCT,-0.5055280332267512,-1.324717709113064,6-mer
CGTCCC,-0.8678964639926551,-0.9939762123722302,6-mer
CGTCCG,-0.38502493021240414,-1.2294260131909742,Inverted repeat
CGTCGA,-3.4087118610294294,-3.915111102413487,6-mer
CGTCGT,-0.49978212014731177,-0.6340570502493258,6-mer
CGTCGC,-0.9932214673689382,-0.9086382578947858,6-mer
CGTCGG,-1.8073549220576042,-2.791413378188583,6-mer
CGTGAA,-0.13670843139534428,0.4625885018244798,6-mer
CGTGAT,-0.11489809315676817,1.1837398558702372,6-mer
CGTGAC,-3.752510738790836,-3.5000736031346436,6-mer
CGTGAG,-0.24254388004600955,0.8210298589546806,6-mer
CGTGTA,0.38679353474058664,0.48125901846360575,6-mer
CGTGTT,0.4710346248221204,1.1056939608631504,6-mer
CGTGTC,0.38611915307313377,0.8333501305905485,6-mer
CGTGTG,-0.31398559328054926,0.9245162662903532,6-mer
CGTGCA,-0.1569996993757321,-0.43090282098216875,6-mer
CGTGCT,-0.6058673961584008,-0.20629739110727416,6-mer
CGTGCC,0.39351132247155657,0.40892992119057014,6-mer
CGTGCG,-0.7806344517083385,0.007729727856677964,Inverted repeat
CGTGGA,0.26197593547018155,0.7390134228150649,6-mer
CGTGGT,0.17972646873807466,1.0036881870301142,6-mer
CGTGGC,-0.4138544774488074,0.3542123065828002,6-mer
CGTGGG,-0.05774788849045054,1.0315653151233803,6-mer
CGCAAA,-0.47727690694921654,-0.3672979678327465,6-mer
CGCAAT,-0.2442308828641387,-0.4227061705924677,6-mer
CGCAAC,-0.3027441156357651,-0.3019154587180905,6-mer
CGCAAG,0.16539158312288418,0.1749921191106952,6-mer
CGCATA,0.03993553134968418,0.08184767414721428,6-mer
CGCATT,0.37771790568066027,0.340986430703047,6-mer
CGCATC,0.14528701478903056,0.8744160396048131,6-mer
CGCATG,0.8972404255747993,1.353566236002844,6-mer
CGCACA,0.10533069520051987,0.5979739887568623,6-mer
CGCACT,-0.2890181948129239,0.03249599898896107,6-mer
CGCACC,0.12391758022058899,0.8677522017015603,6-mer
CGCACG,-0.6463333599967473,0.15955366416493894,Inverted repeat
CGCAGA,-0.4228148498705633,-1.0519166678199194,6-mer
CGCAGT,-0.039528364186637216,-1.0094959113738635,6-mer
CGCAGC,-1.0257960008773375,-1.6503050289200278,6-mer
CGCAGG,-0.47942309382476334,-1.264236151043547,6-mer
CGCTAA,0.580019451048331,1.4813436889326204,6-mer
CGCTAT,0.5982648130522157,1.3565493084359055,6-mer
CGCTAC,0.5377378658338423,1.0165079824481567,6-mer
CGCTAG,0.09306907804968363,1.263138763679757,6-mer
CGCTTA,-0.18176603556586546,0.545392930509656,6-mer
CGCTTT,0.3353163547154848,1.1476926778068863,6-mer
CGCTTC,0.36488246173724903,0.8840555885860559,6-mer
CGCTTG,0.4059064875267156,1.096429762683093,6-mer
CGCTCA,1.030651919859482,2.104878675448754,6-mer
CGCTCT,0.8608940157488817,1.6662558508612648,6-mer
CGCTCC,0.9282536077240051,1.3125381358571178,6-mer
CGCTCG,0.695488958190047,1.1969299517268794,Inverted repeat
CGCTGA,0.7364313615954324,0.852970208792121,6-mer
CGCTGT,0.7706615130506889,0.6003786076605314,6-mer
CGCTGC,-0.2972777460420441,-0.7398942992455743,6-mer
CGCTGG,-0.14495932866898226,-0.3195945803618124,6-mer
CGCCAA,-0.2545017099019085,0.21333371129625325,6-mer
CGCCAT,0.26839869847056724,0.9898881237900974,6-mer
CGCCAC,-0.016381859770772715,1.1376656334237825,6-mer
CGCCAG,-0.3391373849195854,-0.5794029753792554,6-mer
CGCCTA,0.3662628941232403,0.6169555556433576,6-mer
CGCCTT,0.424815637768294,0.47561510453279526,6-mer
CGCCTC,-0.7338548998188335,-0.4186173895546447,6-mer
CGCCTG,0.2389387302163305,-0.5604053964771772,6-mer
CGCCCA,0.39827142734368937,0.9509716640726356,6-mer
CGCCCT,0.12911878505442648,1.0052731892731754,6-mer
CGCCCC,0.2688479649914525,1.3556589521999123,6-mer
CGCCCG,-0.06791599445364267,-0.2929820261825491,Inverted repeat
CGCCGA,-0.08050936761184783,-0.7431353614064129,6-mer
CGCCGT,0.07197716590747975,0.0052557254514951374,6-mer
CGCCGC,-0.513026599473621,-0.29748491571057467,6-mer
CGCCGG,0.566266407011251,-0.36698536987270214,6-mer
CGCGAA,-1.411285364417736,-1.2938993955387883,6-mer
CGCGAT,-0.6377733785483244,0.26527130041819746,6-mer
CGCGAC,-0.6268465817574645,-0.5078719736950502,6-mer
CGCGAG,-1.8792304920098666,-1.242009623348868,6-mer
CGCGTA,-1.5281443687213112,-0.7048719644563528,6-mer
CGCGTT,-0.8695319588729797,0.22703175488987812,6-mer
CGCGTC,-1.2315769743121963,-0.35540855409406896,6-mer
CGCGTG,-2.1973683976539715,-0.7071096100069467,6-mer
CGCGCA,-0.484297073752377,0.3517523102697577,Inverted repeat
CGCGCT,-0.3771172096708362,1.1230439709685998,Inverted repeat
CGCGCC,-1.096026887773776,0.15667390299926126,Inverted repeat
CGCGCG,-2.265555999460525,-0.37119199800963265,Palindromes
CGCGGA,-1.9173449532456848,-2.1315894843281353,6-mer
CGCGGT,-1.2306129281414164,-1.0764638423010822,6-mer
CGCGGC,-1.7562044306354594,-1.7311832415722,6-mer
CGCGGG,-2.6500575289430417,-2.2244017462307344,6-mer
CGGAAA,-1.4193764350031814,-2.736679883690793,6-mer
CGGAAT,-0.3025627700204313,-1.6101997922201794,6-mer
CGGAAC,-1.7744402995848685,-3.326044203359594,6-mer
CGGAAG,-0.8389192448874724,-2.0651318612647884,6-mer
CGGATA,0.703194857510962,0.04580368961312465,6-mer
CGGATT,0.4577668172112851,-0.5108755329391668,6-mer
CGGATC,0.31731146681699224,0.06529913744882156,6-mer
CGGATG,-0.765534746362977,-1.2364926183813019,6-mer
CGGACA,0.6283550962345368,-0.5956097449206647,6-mer
CGGACT,-0.523561956057013,-1.8589756142920195,6-mer
CGGACC,-1.4732521132241396,-2.4085824771415445,6-mer
CGGACG,-0.43295940727610627,-1.867896463992655,Inverted repeat
CGGAGA,-1.3571379724611627,-2.445520723862474,6-mer
CGGAGT,0.5821907514711026,-0.6189098326444937,6-mer
CGGAGC,-0.839203788096944,-1.7939965392025852,6-mer
CGGAGG,-0.634482636564955,-1.7699480108656354,6-mer
CGGTAA,1.0608032790622,0.018654712652147243,6-mer
CGGTAT,1.4538397703929433,0.4205665864111143,6-mer
CGGTAC,-1.165911938935689,-2.5030306456411604,6-mer
CGGTAG,0.8017738897943043,0.10833262178807314,6-mer
CGGTTA,0.33218979055970466,-0.35488012146533254,6-mer
CGGTTT,0.6108196589175625,-0.05598850218857747,6-mer
CGGTTC,-0.5067373334156539,-1.3426369917194714,6-mer
CGGTTG,0.36773178450048705,-0.2000569727834669,6-mer
CGGTCA,0.2835470031595063,-0.4143989973693781,6-mer
CGGTCT,-0.6799109047764188,-1.2868811477881617,6-mer
CGGTCC,-0.9320611713434248,-2.2178510968111316,6-mer
CGGTCG,0.5611157587667883,-0.49962514337321773,Inverted repeat
CGGTGA,0.2493436430577356,0.35346366832046877,6-mer
CGGTGT,1.2977617837566102,1.180095400474403,6-mer
CGGTGC,0.3284296608293173,-0.034111990244158896,6-mer
CGGTGG,1.0071127261945665,1.1101135257184291,6-mer
CGGCAA,-0.0992220100991104,-1.4582448121750489,6-mer
CGGCAT,0.3895116277619418,-0.8206044734169126,6-mer
CGGCAC,0.8641368346313206,0.009758966462328409,6-mer
CGGCAG,-0.37367846951778627,-2.3128829552843553,6-mer
CGGCTA,0.6264206722885007,0.08530269223753224,6-mer
CGGCTT,0.5047497703141961,-0.1592854178890832,6-mer
CGGCTC,0.5073051723657188,-0.042513427282648265,6-mer
CGGCTG,0.28417317289194405,-1.1064509416306427,6-mer
CGGCCA,-0.7427248634548911,-1.606393881252667,Inverted repeat
CGGCCT,-0.4674533934299825,-2.0081521957634587,Inverted repeat
CGGCCC,-1.1819627951864762,-1.831362544418148,Inverted repeat
CGGCCG,0.0321804057491496,-1.3785116232537298,Palindromes
CGGCGA,0.2316202615084179,-0.32863913790497057,6-mer
CGGCGT,0.5396459841731115,0.3607241445373035,6-mer
CGGCGC,-1.3548909269151934,-1.4819877432034707,6-mer
CGGCGG,0.03498535794933164,-0.8425921021141455,6-mer
CGGGAA,-0.2830848175656591,-1.3623489597519836,6-mer
CGGGAT,-0.2823525830335729,-0.7205639872267163,6-mer
CGGGAC,-0.15650448567999073,-1.2211037253678756,6-mer
CGGGAG,0.07160474080312244,-0.6851963395460193,6-mer
CGGGTA,0.18102599467556263,-0.35558938952766017,6-mer
CGGGTT,-0.062203802154534305,-0.23216558086611086,6-mer
CGGGTC,-1.3804919873819705,-1.9297909977185974,6-mer
CGGGTG,-0.6832447146733723,-0.6003572585154541,6-mer
CGGGCA,0.2264054838430714,-0.7608123361205739,6-mer
CGGGCT,-0.40053792958372875,-0.9187496794768355,6-mer
CGGGCC,-1.576305067723608,-2.510344459374571,6-mer
CGGGCG,-0.35834549352298284,-0.40160755472261783,Inverted repeat
CGGGGA,-0.9199120886773082,-1.3175385528370884,6-mer
CGGGGT,-0.6608853942959614,-0.5329122162798463,6-mer
CGGGGC,-0.8405564824260104,-1.0623208897690035,6-mer
CGGGGG,-1.886246285692495,-1.4630590141417874,6-mer
GAAAAA,-0.028111765690246114,-0.0613438749642187,6-mer
GAAAAT,-0.04520785917983893,-0.3929216929617887,6-mer
GAAAAC,0.31953833942808557,0.10122510792161425,6-mer
GAAAAG,-0.5243716754738595,-0.44245314134708946,6-mer
GAAATA,0.01453276524143739,-0.6925621790623353,6-mer
GAAATT,0.292115614123234,-0.6237635470264349,6-mer
GAAATC,0.8980453569852218,0.5400869297642648,Inverted repeat
GAAATG,0.24368958121966605,-0.161290973810494,6-mer
GAAACA,-0.6063499281385568,-0.5870619845370602,6-mer
GAAACT,-0.08028778895763586,-0.41341818294011734,6-mer
GAAACC,-0.08897272630797681,-0.03254451679874922,6-mer
GAAACG,-0.10194500275546944,0.250032284169572,6-mer
GAAAGA,-0.40317367748799887,-0.030680874447144384,6-mer
GAAAGT,-0.35509495882256153,-0.5984027576598644,6-mer
GAAAGC,-0.11683201976472841,0.07056812122171155,6-mer
GAAAGG,-0.06470045994872717,-0.15930362888816946,6-mer
GAATAA,0.32471471564170284,-0.274261661257048,6-mer
GAATAT,0.5191266591165923,-0.08599010527587149,6-mer
GAATAC,1.4041491831361075,0.5962569704234664,6-mer
GAATAG,-0.3768460140163204,-0.5832253601850987,6-mer
GAATTA,0.24137111775881723,-0.453672938805097,Inverted repeat
GAATTT,0.40112126464401415,-0.26108744866801104,Inverted repeat
GAATTC,-0.7929710038949481,-2.020348645391802,Palindromes
GAATTG,0.8844283375510043,0.06141601351929066,Inverted repeat
GAATCA,-1.060764080466225,-0.8327999386150674,6-mer
GAATCT,-0.5048464591287412,-0.8206543526951716,6-mer
GAATCC,-0.08419205565980022,-0.7496503491157722,6-mer
GAATCG,0.04784586215375793,-0.5065286252719425,6-mer
GAATGA,0.20338457441964297,0.4074566267299255,6-mer
GAATGT,0.10915367611251152,-0.1742770259820193,6-mer
GAATGC,0.7296975937021668,0.008666438429982314,6-mer
GAATGG,0.38778415588122667,0.2918992994467499,6-mer
GAACAA,-0.3656352592025729,-0.6808436543626913,6-mer
GAACAT,-0.47969045762109713,-0.7732641784114261,6-mer
GAACAC,-0.16992500144231243,-0.09840370406099438,6-mer
GAACAG,-0.6453351187006379,-1.5957289315902263,6-mer
GAACTA,-1.292781749227846,-1.6711855195273977,6-mer
GAACTT,-0.8988925918553587,-1.506583478766805,6-mer
GAACTC,0.1946363757614873,-0.291351780787959,Inverted repeat
GAACTG,0.10844672745831017,-1.5376230382956706,6-mer
GAACCA,-1.0809199953835675,-1.1742509268451025,6-mer
GAACCT,-0.9323131924884255,-1.4592250619699123,6-mer
GAACCC,-0.6431193062782129,-0.5440902193056281,6-mer
GAACCG,-0.90587782263545,-1.5928363210346004,6-mer
GAACGA,0.03548127744143549,-0.0073482079447950805,6-mer
GAACGT,-2.5006132309849183,-2.795089640608356,6-mer
GAACGC,0.5572310694658885,0.9597411912614309,6-mer
GAACGG,-0.36698536987270214,-0.9188855232697736,6-mer
GAAGAA,0.716131184519047,0.4185224931261543,6-mer
GAAGAT,-0.4703020051956713,-0.2175982724736798,6-mer
GAAGAC,0.6069711216549157,0.267933205246633,6-mer
GAAGAG,0.48123598895564573,0.6005033516169344,6-mer
GAAGTA,-0.3058084295240854,-1.108744530768511,6-mer
GAAGTT,0.07879700727528992,-0.4421178763142025,6-mer
GAAGTC,1.3599674559065362,0.34749475892260984,Inverted repeat
GAAGTG,1.4244361972810935,1.3230165106620264,6-mer
GAAGCA,-1.3002673120327692,-1.4977212545931156,6-mer
GAAGCT,-0.8236960859949827,-0.7915550724004863,6-mer
GAAGCC,0.0918554320909885,-0.0926994896164863,6-mer
GAAGCG,0.43105190837381535,0.9198296513160167,6-mer
GAAGGA,-1.6584430983637053,-1.9177938735097204,6-mer
GAAGGT,-1.4173184405300823,-1.9947759929369875,6-mer
GAAGGC,-0.47677114011737387,-1.0578440745722844,6-mer
GAAGGG,-0.6234605261111335,-0.6667090605433648,6-mer
GATAAA,0.17802297840627018,0.6093917996603503,6-mer
GATAAT,-0.10609402968254439,0.20718117110027626,6-mer
GATAAC,0.11082813021237958,0.37241786534105553,6-mer
GATAAG,-0.12757098853867505,0.34268665505415985,6-mer
GATATA,-0.07499814806486559,0.10540268058291077,Inverted repeat
GATATT,0.889827572326549,0.7483703574384557,Inverted repeat
GATATC,-3.233189894900329,-2.92184093707449,Palindromes
GATATG,-0.49612142796647823,-0.2459861124320397,Inverted repeat
GATACA,0.3148733373534118,0.3130077166311211,6-mer
GATACT,0.5673326066993647,0.1777178509331701,6-mer
GATACC,0.33851097908296646,0.3104254055983853,6-mer
GATACG,0.47584077834104366,0.525577765018569,6-mer
GATAGA,0.5131998314210646,1.1522838553493886,6-mer
GATAGT,0.17000551122446395,0.5708376150017649,6-mer
GATAGC,0.3761847410327244,1.074490544104587,6-mer
GATAGG,0.5400570075676318,0.9714308478032291,6-mer
GATTAA,-0.37512766148124516,-0.06536107260032577,6-mer
GATTAT,0.022215214938477272,0.2863516726911126,6-mer
GATTAC,0.010578929461226516,-0.08475447874321905,6-mer
GATTAG,-0.5840099123465745,0.14990003907717533,6-mer
GATTTA,-0.16857196486642667,0.18666188620078603,6-mer
GATTTT,0.6034533266960245,0.8552081685793017,6-mer
GATTTC,0.8305475374705624,0.6739594180037893,Inverted repeat
GATTTG,0.445729241818565,0.6167519827090361,6-mer
GATTCA,-0.7718689462035747,-0.7073317032886777,6-mer
GATTCT,-0.17839787440748378,-0.3893623129867553,6-mer
GATTCC,-0.3914690281404393,-1.0114808836584555,6-mer
GATTCG,-0.4878783061643379,-1.067091737790823,6-mer
GATTGA,0.4306430062001282,0.9046134111848394,6-mer
GATTGT,0.12612045914187567,0.3112696133886403,6-mer
GATTGC,-0.2032110081328278,-0.5207642062114874,6-mer
GATTGG,-0.15097222877747452,0.32771317533516553,6-mer
GATCAA,-0.11659835311417772,0.8367891446094035,6-mer
GATCAT,-0.25212962949492085,0.8832355745961177,6-mer
GATCAC,0.15958050015994862,1.5627911197225366,6-mer
GATCAG,-0.48165178347886023,-0.15510155812570256,6-mer
GATCTA,-1.3960909703943696,-0.34886431534116746,6-mer
GATCTT,-0.5205509087843416,0.32333327181824945,6-mer
GATCTC,-0.44834457048227794,0.5270960064713153,Inverted repeat
GATCTG,-0.5151113914671845,-0.4671646207775135,6-mer
GATCCA,-0.08029295906444954,0.4650408792214985,6-mer
GATCCT,0.24699058306352858,0.2534483570045956,6-mer
GATCCC,-0.0716025943331739,0.7108133063102375,6-mer
GATCCG,-0.030979304697435373,-0.19239283647993177,6-mer
GATCGA,-1.2075552211598273,-0.9829702996006832,6-mer
GATCGT,0.7305393250067732,1.4030951966073726,6-mer
GATCGC,0.858118035739491,1.6962295402891845,6-mer
GATCGG,0.19057074970453736,-0.07166888011797025,6-mer
GATGAA,0.24594808280882716,0.946981617700509,6-mer
GATGAT,-0.12400639725340584,1.1656033954922187,6-mer
GATGAC,-0.09383638603492632,0.625387554905953,6-mer
GATGAG,-0.05421224678124335,1.1065737780384803,6-mer
GATGTA,-0.6484654430273141,-0.5174959553576588,6-mer
GATGTT,-0.6971231763566277,-0.2908931574659475,6-mer
GATGTC,-0.04697794128134536,0.06831694294019411,Inverted repeat
GATGTG,0.14166788451027895,1.1204606249341917,6-mer
GATGCA,-0.6759855778641713,-0.7872467058040782,6-mer
GATGCT,-0.5925158951527912,-0.368937355325646,6-mer
GATGCC,-0.47162102764521124,-0.6103850976010631,6-mer
GATGCG,-0.009853900742129044,0.6841670758746178,6-mer
GATGGA,-0.6219438927341272,-0.16992500144231243,6-mer
GATGGT,-0.6150454219907082,0.24821840870435305,6-mer
GATGGC,-0.4046441724541958,0.1374184115089208,6-mer
GATGGG,-0.7197005259983943,0.33553269244404377,6-mer
GACAAA,0.12350537770893542,-0.16865130294072175,6-mer
GACAAT,0.4824609876760054,0.0055738448245920185,6-mer
GACAAC,0.19236846111844627,-0.15216518490535072,6-mer
GACAAG,0.21495325699167953,0.002654453445977882,6-mer
GACATA,-0.6483878808627898,-0.7726486416494266,6-mer
GACATT,0.33110474126233835,-0.21700053688152546,6-mer
GACATC,-0.25085969188769147,-0.12613620263616368,Inverted repeat
GACATG,0.3298332929727085,0.3827760945271763,6-mer
GACACA,-0.28131975886154326,0.030198256053102935,6-mer
GACACT,0.7162070339994087,0.5711148542311509,6-mer
GACACC,0.49806933175497636,0.7563309190331374,6-mer
GACACG,0.33333285815961167,0.8194277543581792,6-mer
GACAGA,1.0620609681322515,0.33717692195631044,6-mer
GACAGT,-1.5960176892301519,-2.775549638386847,6-mer
GACAGC,0.8892607015867273,0.14824509433945018,6-mer
GACAGG,0.7652546385976299,-0.36865711061534084,6-mer
GACTAA,0.6816017769111725,0.2033321486416761,6-mer
GACTAT,0.18993974214225504,-0.24007325739048266,6-mer
GACTAC,0.42285700373814306,-0.14438990933517476,6-mer
GACTAG,-0.6402242744912783,-0.5966917933032633,6-mer
GACTTA,-0.39088119066324123,-0.6956445345605874,6-mer
GACTTT,0.6719366612388414,0.05624411063961939,6-mer
GACTTC,1.0657293193030577,0.14088963659295017,Inverted repeat
GACTTG,0.7854724322098943,0.0750857225561541,6-mer
GACTCA,-0.5289284658068284,-0.6534243800414397,6-mer
GACTCT,0.28239973070072494,-0.1827327777429324,6-mer
GACTCC,0.435884284184448,-0.5019859190436511,6-mer
GACTCG,0.816400061660611,-0.2975668117932227,6-mer
GACTGA,0.929610672108602,-0.07790990986119256,6-mer
GACTGT,-2.881011963782913,-4.083213368248981,6-mer
GACTGC,0.38429397584773584,-1.4033797951832707,6-mer
GACTGG,-0.12530822677962974,-1.3874019323646438,6-mer
GACCAA,-1.12279591436262,-1.2990007341363212,6-mer
GACCAT,-0.45704502580041917,-0.35049724708413316,6-mer
GACCAC,-0.07038932789139794,0.27130202181739427,6-mer
GACCAG,-1.3957483281790337,-1.9960955455440839,6-mer
GACCTA,-1.9420168158935918,-1.6205864104518775,6-mer
GACCTT,-0.8567938547921091,-1.2824947198396117,6-mer
GACCTC,-1.2206739041101486,-1.537133975630541,Inverted repeat
GACCTG,-0.9483239652276775,-1.991432336833881,6-mer
GACCCA,-0.9156507302637616,-0.8584834137434417,6-mer
GACCCT,-0.8927848283017881,-0.5247754946460672,6-mer
GACCCC,-0.45720695352278345,0.007444812161164548,6-mer
GACCCG,-1.4481458110907823,-2.3531888430903996,6-mer
GACCGA,0.4338209749582595,-0.7804961623543888,6-mer
GACCGT,-0.5542657034982398,-1.3319917782320603,6-mer
GACCGC,-0.09356017616233787,-0.2543521627339928,6-mer
GACCGG,0.4331848459891032,-0.6257900050594172,6-mer
GACGAA,-0.48742640481659033,-0.98703981039361,6-mer
GACGAT,0.6617912037094313,0.7653602373563466,6-mer
GACGAC,0.1867685116057264,-0.1742251388759378,6-mer
GACGAG,-0.8692133924646459,-1.2286514118081302,6-mer
GACGTA,-2.8278190246173196,-3.0905455241345274,Inverted repeat
GACGTT,-2.2511452510483805,-2.232660756790275,Inverted repeat
GACGTC,-2.5796092662269494,-2.8054800744371673,Palindromes
GACGTG,-1.2820927416494785,-0.7198920808072649,Inverted repeat
GACGCA,-0.41473939099368595,-0.3482017890964712,6-mer
GACGCT,0.9269283488450634,1.3718040015269324,6-mer
GACGCC,-0.10660524687570437,0.021460362506310955,6-mer
GACGCG,-1.4382178693779977,-0.6550619270661373,6-mer
GACGGA,-0.6374299206152917,-1.689299160535892,6-mer
GACGGT,-1.35184367279165,-1.9515877948147544,6-mer
GACGGC,0.481824590490046,-0.36785723078906557,6-mer
GACGGG,-0.26656609680404697,-0.6360366853154256,6-mer
GAGAAA,-0.6500250134754124,-0.3684529517441413,6-mer
GAGAAT,-0.39984656978092614,-0.43894903632162774,6-mer
GAGAAC,-1.2395507966136452,-1.0130561528254463,6-mer
GAGAAG,-0.9537530180064052,-0.6287476775154908,6-mer
GAGATA,-0.6392055455051433,-0.0703893278913978,6-mer
GAGATT,-0.02689361751323153,0.3686156985734078,6-mer
GAGATC,-0.6642432895063675,0.20693557259743103,Inverted repeat
GAGATG,-1.1685885538794984,-0.1342044254888413,6-mer
GAGACA,-0.22350604164715632,-0.17101506197085317,6-mer
GAGACT,0.6401040549136172,0.019365324866931113,6-mer
GAGACC,-0.8300749985576876,-0.8424967281778613,6-mer
GAGACG,-0.21439224349262329,-0.10009583470758839,6-mer
GAGAGA,-0.3668939576551311,0.39352440665739413,6-mer
GAGAGT,0.6960933127506782,0.8291103077555183,6-mer
GAGAGC,0.6187477411841931,1.1279353334832198,6-mer
GAGAGG,-0.4227079099014325,-0.03821435939071605,6-mer
GAGTAA,0.8343780958241507,0.16349873228287945,6-mer
GAGTAT,0.8947568399726634,0.4359747767008574,6-mer
GAGTAC,-2.286224033205684,-3.5193741590935796,6-mer
GAGTAG,-0.126661964102508,-0.28893626927655075,6-mer
GAGTTA,-0.11783649029385825,-0.11094342624203282,6-mer
GAGTTT,1.1271446825981284,1.0361445637350948,6-mer
GAGTTC,0.33064531198847136,-0.19179014752277648,Inverted repeat
GAGTTG,0.4870487441942318,0.16202368053240152,6-mer
GAGTCA,-0.3356622059211911,-0.46138135320359064,6-mer
GAGTCT,0.3809365066192856,-0.16784168694182316,6-mer
GAGTCC,0.4474589769712211,-0.6218277944730186,6-mer
GAGTCG,0.17082696773670497,-0.7614225486879408,6-mer
GAGTGA,-0.09377225532934862,0.6850644922541762,6-mer
GAGTGT,0.07828475694805802,0.8257415282903816,6-mer
GAGTGC,0.21340363810919324,0.10084400323238923,6-mer
GAGTGG,0.6470234688534078,1.2651491985146177,6-mer
GAGCAA,0.45008444637804446,0.23044067633046741,6-mer
GAGCAT,0.7801632835673085,0.7638500321099659,6-mer
GAGCAC,-1.9330130203172775,-1.682728267543859,6-mer
GAGCAG,0.2739381519525288,-0.47593190780263905,6-mer
GAGCTA,-0.9201215220741051,-0.2728763499616593,Inverted repeat
GAGCTT,0.051946215032654196,0.46480805045723267,Inverted repeat
GAGCTC,-1.5649077629123946,-1.1409812957214518,Palindromes
GAGCTG,-0.10489885831800727,-0.43243026916605243,Inverted repeat
GAGCCA,-0.05484847699561968,0.22074561345036137,6-mer
GAGCCT,0.6750974211314076,0.5482324841809896,6-mer
GAGCCC,-2.750844671578336,-2.3830341819444243,6-mer
GAGCCG,0.4310704824513963,-0.14023331650550713,6-mer
GAGCGA,1.37783108887868,1.8594016698271996,6-mer
GAGCGT,1.2939395996732301,2.280596073289267,6-mer
GAGCGC,0.2449982940980137,1.335623002784251,6-mer
GAGCGG,0.9083456588089056,0.9110854422056582,6-mer
GAGGAA,-0.7143472915041873,-1.3192724198790537,6-mer
GAGGAT,-0.560053925807295,-0.4198614184071913,6-mer
GAGGAC,-1.0302825669360427,-1.7025520099399374,6-mer
GAGGAG,-1.412510571249805,-1.540435774621409,6-mer
GAGGTA,-0.6857800002479008,-0.9738279436468383,6-mer
GAGGTT,-0.21056698593965814,-0.07437284180989552,6-mer
GAGGTC,-1.4837637779475976,-1.842849933415143,Inverted repeat
GAGGTG,-0.6570541238435545,0.030640592339846846,6-mer
GAGGCA,-0.6229303509201767,-1.22395508659186,6-mer
GAGGCT,-0.6509710418767926,-0.802630494693247,6-mer
GAGGCC,-1.8666344475475005,-2.516337093307873,6-mer
GAGGCG,-0.7637150761101058,-0.4959574946624113,6-mer
GAGGGA,-0.20163386116965054,-0.23627673274095073,6-mer
GAGGGT,-0.15611920191728182,0.46109084255898763,6-mer
GAGGGC,0.19830271280432177,0.19620517352989034,6-mer
GAGGGG,-0.49502563198015515,0.2607642322089668,6-mer
GTAAAA,-0.0017052015075978242,-0.08316530090733153,6-mer
GTAAAT,-0.7071872913189206,-1.330881271693388,6-mer
GTAAAC,-3.890230493812291,-3.8282097341771597,Inverted repeat
GTAAAG,-0.5544028055053648,-0.6476057963619132,6-mer
GTAATA,0.32517521541385824,-0.16464646109511313,6-mer
GTAATT,0.17218097538268032,-0.6303828322713181,6-mer
GTAATC,-0.18509673843063423,-0.08838165778127238,6-mer
GTAATG,0.2001432378991367,-0.009292041279599183,6-mer
GTAACA,0.07785033700604851,-0.12272983377261769,6-mer
GTAACT,0.35410850063651217,-0.3833286395515056,6-mer
GTAACC,0.6857678170899897,0.19082234233557804,6-mer
GTAACG,0.9857093424496064,0.6518342471982487,6-mer
GTAAGA,0.05816079849125453,-0.19945423386143998,6-mer
GTAAGT,0.2582024972769752,-0.34084418588088417,6-mer
GTAAGC,-0.05933413938240206,-0.3169840975534713,6-mer
GTAAGG,0.914494862331123,0.4577889775125298,6-mer
GTATAA,0.6255791971834993,0.21309683558388587,Inverted repeat
GTATAT,-0.5197387983071696,-1.0580489373708664,Inverted repeat
GTATAC,-2.070389327891398,-3.0612001564367377,Palindromes
GTATAG,0.10636501194103064,0.03753694554640973,Inverted repeat
GTATTA,0.24023681103800976,-0.20232299184474978,6-mer
GTATTT,1.0570188414331312,0.4732584464032768,6-mer
GTATTC,1.634637659745346,0.7050999282824301,6-mer
GTATTG,1.0655883416275769,0.49235300798819503,6-mer
GTATCA,0.3608817292319384,0.6624186408011521,6-mer
GTATCT,-0.14010688392865092,-0.161408374456335,6-mer
GTATCC,0.8624964762500651,0.48645310858708485,6-mer
GTATCG,0.8388452081854199,0.5232772417106185,6-mer
GTATGA,0.07930786532321307,0.17253750449382096,6-mer
GTATGT,-0.30431414509547094,-0.5459683691052925,6-mer
GTATGC,0.21161258258320526,-0.43706380560884267,6-mer
GTATGG,0.036263543986771465,-0.0008241617138664757,6-mer
GTACAA,-2.501728639499342,-3.3450469382183736,6-mer
GTACAT,-3.3378696387563833,-4.185866545311334,6-mer
GTACAC,-2.34577483684173,-2.4519175649799907,Inverted repeat
GTACAG,-2.859969548221026,-3.6768190218025554,6-mer
GTACTA,-2.3373817472938754,-3.0653290103887807,6-mer
GTACTT,-2.264464941440235,-3.487665299366242,6-mer
GTACTC,-2.125530882083859,-3.2901026490319643,6-mer
GTACTG,-4.022367813028454,-4.218522874874797,6-mer
GTACCA,-3.0404142684459083,-3.385961927738937,6-mer
GTACCT,-2.6216523100503375,-3.2937628407589497,6-mer
GTACCC,-2.139323959374304,-2.315355440963876,6-mer
GTACCG,-1.8155754288625732,-2.6796811579742954,6-mer
GTACGA,-2.363015286930562,-3.4811266897366164,6-mer
GTACGT,-3.2387868595871163,-4.056583528366368,6-mer
GTACGC,-2.8587461476466425,-3.1248371119137746,6-mer
GTACGG,-3.0916998341368105,-4.474111513942408,6-mer
GTAGAA,0.379233151171189,0.10027193028589801,6-mer
GTAGAT,-0.7841889374785614,-0.5459683691052925,6-mer
GTAGAC,-2.7004397181410926,-2.915111102413487,Inverted repeat
GTAGAG,0.07000972124774234,0.14509314846237673,6-mer
GTAGTA,0.47170652321789835,-0.03368312625628859,6-mer
GTAGTT,-0.5165755257409059,-0.7099985465659368,6-mer
GTAGTC,0.3978769481206609,-0.11783649029385825,6-mer
GTAGTG,0.42946456991412363,0.6087655253063629,6-mer
GTAGCA,-1.2470835853464648,-1.0817940911636472,6-mer
GTAGCT,-1.246951919020452,-0.8331999046268695,6-mer
GTAGCC,-0.5205306281261578,-0.562320426710394,6-mer
GTAGCG,0.3830946067760894,0.963155582951742,6-mer
GTAGGA,-0.06580205839574597,-0.490682552621737,6-mer
GTAGGT,-0.821455119102458,-0.5946450541184953,6-mer
GTAGGC,0.09779601936581793,-0.2895066171949848,6-mer
GTAGGG,0.9674494278562018,1.227094862755888,6-mer
GTTAAA,0.004913181448151873,0.04127930871574828,Inverted repeat
GTTAAT,-0.8773923015737933,-0.99961727150833,Inverted repeat
GTTAAC,-3.626439136697315,-3.9011082430145128,Palindromes
GTTAAG,-0.5868925278195557,-0.6254449744614278,Inverted repeat
GTTATA,0.2370391973008493,0.046348740449215615,6-mer
GTTATT,0.24654752268748376,0.07503339170882135,6-mer
GTTATC,-0.051339265809176804,0.470388245821543,6-mer
GTTATG,-0.3535202505990334,-0.23334272089698865,6-mer
GTTACA,0.30048538291073384,-0.005624549193878074,6-mer
GTTACT,0.8797057662822882,0.11234255986242547,6-mer
GTTACC,0.3931740253464091,0.12528575506927062,6-mer
GTTACG,0.18222403594797748,-0.034073934094529336,6-mer
GTTAGA,0.22726076904768522,0.4384573216751148,6-mer
GTTAGT,0.22789259971353676,0.0,6-mer
GTTAGC,-0.22373327272355664,0.11830187821632776,6-mer
GTTAGG,0.3412172659871723,0.5257966307327385,6-mer
GTTTAA,-0.1159054401734812,0.13177468936854606,6-mer
GTTTAT,-0.42091406561551303,-0.30636183749789436,6-mer
GTTTAC,-4.011376363484045,-3.631492364423601,Inverted repeat
GTTTAG,-0.0531113364595624,0.31303626371423443,6-mer
GTTTTA,0.7716861879481717,0.8111870920855528,6-mer
GTTTTT,0.4195408674488133,0.6632816883623748,6-mer
GTTTTC,0.28599937356272603,0.1412276609615804,6-mer
GTTTTG,0.34246086727360453,0.5025090651264449,6-mer
GTTTCA,0.06998155653738583,0.22514398043640657,6-mer
GTTTCT,0.2049595269886981,0.21574121831028487,6-mer
GTTTCC,-0.6989770104762972,-1.1922998942965601,6-mer
GTTTCG,-0.8938588433385165,-1.3544786670311604,6-mer
GTTTGA,0.7666188681805823,1.1502004004191857,6-mer
GTTTGT,0.3679861159318887,0.5726295905950012,6-mer
GTTTGC,-0.10298764204943048,-0.41685019323321865,6-mer
GTTTGG,0.3729433807475856,0.5095679261810644,6-mer
GTTCAA,0.052534074011400575,-0.009522774118506501,6-mer
GTTCAT,-0.6580259629108796,-0.5168191007948171,6-mer
GTTCAC,-1.8409826848045574,-1.4041267250683935,Inverted repeat
GTTCAG,-0.26848883592590184,-0.9839995213062849,6-mer
GTTCTA,-0.5643844873203206,-0.5791468491452354,6-mer
GTTCTT,-0.5086966064930889,-0.3247820919425153,6-mer
GTTCTC,-1.045692090692869,-0.6997326879672308,6-mer
GTTCTG,-0.5190171888973033,-1.0824929866797444,6-mer
GTTCCA,-0.6852674065168417,-1.0501934159844375,6-mer
GTTCCT,-0.7743886816653698,-1.315122916982248,6-mer
GTTCCC,-0.8140132250922891,-0.9748328954068812,6-mer
GTTCCG,-1.2936736781841618,-2.4513379365909613,6-mer
GTTCGA,-1.683072586171004,-2.6792898832693095,6-mer
GTTCGT,0.2690287480014515,0.045256281129649925,6-mer
GTTCGC,0.057533763896119056,-0.04955303840474156,6-mer
GTTCGG,-0.9240998856407419,-2.41006969175638,6-mer
GTTGAA,-0.22188091803703236,-0.2332034066918979,6-mer
GTTGAT,-0.2841990158318359,0.38862849609487987,6-mer
GTTGAC,-3.598920958311076,-3.8867127136708883,Inverted repeat
GTTGAG,-0.6573417531223692,-0.3603441122922761,6-mer
GTTGTA,0.43874175987011216,0.3191563456373085,6-mer
GTTGTT,0.30969264330328294,0.4620947832470975,6-mer
GTTGTC,0.49240842758134035,0.3242518994824911,6-mer
GTTGTG,-0.36435911579566843,0.2945009434390162,6-mer
GTTGCA,0.4527795932703951,-0.5018569099635474,6-mer
GTTGCT,-0.31627642711077325,-0.667199113755526,6-mer
GTTGCC,-0.7415748474187958,-1.2696981361148045,6-mer
GTTGCG,-0.40075871082846104,-0.35193491042272435,6-mer
GTTGGA,0.24515313198265334,-0.01692591552353847,6-mer
GTTGGT,0.0912852505199419,0.4821395466891752,6-mer
GTTGGC,-0.6512239429898777,-0.5633884052657712,6-mer
GTTGGG,-0.4129143273858739,0.1784048374871209,6-mer
GTCAAA,0.30124504721304307,0.19764656533624408,6-mer
GTCAAT,0.6076162021647128,0.42373871509766814,6-mer
GTCAAC,-3.548436624696042,-4.446256229889564,Inverted repeat
GTCAAG,-0.2767875609011241,-0.1331067354603067,6-mer
GTCATA,-0.015065377778148665,0.0750224408000776,6-mer
GTCATT,0.20091269392599634,0.18134453681509993,6-mer
GTCATC,-0.04372137742931786,0.5382692652731145,6-mer
GTCATG,0.2103638037632942,0.6919620999134175,6-mer
GTCACA,-3.628384781012285,-3.5130695822393707,6-mer
GTCACT,-2.601264313050257,-2.5025003405291835,6-mer
GTCACC,-3.8983158598705088,-3.017921907997262,6-mer
GTCACG,-5.309855262586788,-3.6602506280253935,6-mer
GTCAGA,-1.0834160081876376,-1.6422064525556324,6-mer
GTCAGT,0.13372435972674124,-0.7771134203984402,6-mer
GTCAGC,-0.08017034868398323,-0.6765807473148844,6-mer
GTCAGG,-0.42588488151583614,-1.0028825085331214,6-mer
GTCTAA,0.727587261850345,0.5953245207128836,6-mer
GTCTAT,0.5496419649881648,0.4209098444380416,6-mer
GTCTAC,-2.7907720378620007,-2.7045953476324027,Inverted repeat
GTCTAG,-0.26303440583379395,0.010690278250456028,6-mer
GTCTTA,-0.18119611377733252,-0.3875513651549268,6-mer
GTCTTT,0.8503408470232492,0.8143356119146521,6-mer
GTCTTC,0.5371819809225886,0.27919510989882973,6-mer
GTCTTG,0.18785234128353862,0.04667353022328776,6-mer
GTCTCA,-0.5537115667367166,-0.3404905459137898,6-mer
GTCTCT,0.5199131975849569,0.5322374797119914,6-mer
GTCTCC,-1.092585074005594,-1.192033636932655,6-mer
GTCTCG,-0.2572053270315962,-0.701073730474253,6-mer
GTCTGA,-0.00469678670139891,-0.7289442349111868,6-mer
GTCTGT,0.5336259154275739,-0.2500953501262955,6-mer
GTCTGC,-0.14787520782237326,-1.474089283235961,6-mer
GTCTGG,-0.2835514231743069,-1.3182001986506098,6-mer
GTCCAA,-0.09049690133997283,-0.7714630583656511,6-mer
GTCCAT,0.047274077076117804,-0.27139787876842053,6-mer
GTCCAC,-1.9557467619502749,-1.9018948620555263,Inverted repeat
GTCCAG,-0.4772683037830779,-1.7303929402427198,6-mer
GTCCTA,-0.2154163856010542,-0.8367320804591359,6-mer
GTCCTT,-0.037232906198975096,-0.8277148175284748,6-mer
GTCCTC,-0.7117396178780325,-1.521768674233962,6-mer
GTCCTG,0.16128090703306058,-1.431049817267475,6-mer
GTCCCA,-0.2508391088634886,-0.7088610936798879,6-mer
GTCCCT,-0.2711622867171941,-0.4984535074664813,6-mer
GTCCCC,-0.6745997132058326,-0.7595318457152338,6-mer
GTCCCG,0.21299372333419833,-1.1668973087447443,6-mer
GTCCGA,-1.871843648509318,-3.7246502717329673,6-mer
GTCCGT,0.37308218283746536,-0.545673369607099,6-mer
GTCCGC,0.26483890268054155,-0.4902794891315384,6-mer
GTCCGG,-0.06326489345801656,-1.9950165924857444,6-mer
GTCGAA,-3.145677455195635,-4.862947248020922,Inverted repeat
GTCGAT,-2.481741780362386,-3.0588936890535687,Inverted repeat
GTCGAC,-3.0356239097307216,-4.614709844115208,Palindromes
GTCGAG,-4.058893689053568,-4.444932048942182,Inverted repeat
GTCGTA,0.283599976228263,-0.40280721049343154,6-mer
GTCGTT,1.0915384521811557,0.565022195517116,6-mer
GTCGTC,-0.2974231313787141,-0.6534422386039227,6-mer
GTCGTG,0.7479367119872096,0.8985420143180572,6-mer
GTCGCA,0.0714289318486025,-0.5353211249057839,6-mer
GTCGCT,0.7771912765279584,0.6609560992885075,6-mer
GTCGCC,-0.09515723304034009,-0.45130104326561554,6-mer
GTCGCG,-1.3293894083680233,-1.1086004861339818,6-mer
GTCGGA,-1.3180757693917557,-2.5098610454804375,6-mer
GTCGGT,0.7067509811191983,-0.6540041451508076,6-mer
GTCGGC,-0.2797131469804242,-1.6034900995795294,6-mer
GTCGGG,-1.4911404783646354,-2.748938235832282,6-mer
GTGAAA,-0.15040401245774107,0.4455455880423619,6-mer
GTGAAT,-0.038569589051677365,0.16654497029228862,6-mer
GTGAAC,-2.7928553523624893,-2.2303567450561492,Inverted repeat
GTGAAG,-0.8211708917560919,-0.21736560426161503,6-mer
GTGATA,-0.2552570552420746,0.7711138165780519,6-mer
GTGATT,-0.14053280578866917,0.797441274999144,6-mer
GTGATC,0.28677763974959736,1.6756453620826437,6-mer
GTGATG,0.05033167555014437,1.4225920570292754,6-mer
GTGACA,-3.786596361890807,-3.886441759582217,6-mer
GTGACT,-2.155051724960782,-2.2651796776653508,6-mer
GTGACC,-2.972152015046883,-2.4690633809613547,6-mer
GTGACG,-4.635754391277761,-4.078951341394823,6-mer
GTGAGA,-1.061465412587128,0.2430629849286191,6-mer
GTGAGT,0.44291218770231167,0.9481742770099786,6-mer
GTGAGC,0.19088107472373278,1.1486440813551353,6-mer
GTGAGG,-0.9413722700292917,-0.23314790690156875,6-mer
GTGTAA,0.2766770137924618,0.28090082662730737,6-mer
GTGTAT,1.107230065340915,0.9991097222544457,6-mer
GTGTAC,-2.1748488800815977,-2.2126608833186743,Inverted repeat
GTGTAG,-0.1186444964986189,0.3597757255087216,6-mer
GTGTTA,0.35212012436232876,0.7891797986071444,6-mer
GTGTTT,0.5054868899130857,1.139064037737552,6-mer
GTGTTC,-0.19421237308935616,-0.02333250383062364,6-mer
GTGTTG,0.5753388371390354,1.061916191911268,6-mer
GTGTCA,-0.299336706420143,0.23500589259440405,6-mer
GTGTCT,0.8571432417558583,1.0794905936606822,6-mer
GTGTCC,0.12553088208385882,0.08079614295262974,6-mer
GTGTCG,0.08707645682427684,-0.08236196955747392,6-mer
GTGTGA,-1.131479736122165,0.4544758104058789,6-mer
GTGTGT,-0.21733079565193852,0.9041608028529464,6-mer
GTGTGC,-0.18491118136615814,0.3931629996560813,6-mer
GTGTGG,-0.004254844156813161,1.230005605446323,6-mer
GTGCAA,0.056244110639618955,-0.39808716159049073,Inverted repeat
GTGCAT,0.23446525363702295,0.08474878249478057,Inverted repeat
GTGCAC,-1.7513208871432764,-1.766477376282751,Palindromes
GTGCAG,-0.33938529196390843,-1.1912572038181535,Inverted repeat
GTGCTA,-0.657676684361567,-0.1803844802949184,6-mer
GTGCTT,-0.351969835801238,-0.12292320845770392,6-mer
GTGCTC,-1.6863712283311245,-1.4020984435713457,6-mer
GTGCTG,0.3786023616443311,-0.2664653112340672,6-mer
GTGCCA,0.013746007368820987,-0.042145987584198,6-mer
GTGCCT,1.0469918093573367,0.43894640856391903,6-mer
GTGCCC,-2.9723522753213394,-2.6622745628212927,6-mer
GTGCCG,0.6924736749201859,0.0053865465470589215,6-mer
GTGCGA,0.07400058144377696,0.35574588027077636,6-mer
GTGCGT,0.2440733167493989,0.8703409912416816,6-mer
GTGCGC,-0.4933931369802985,0.36773178450048705,6-mer
GTGCGG,-0.17916884568593203,-0.20521375144545165,6-mer
GTGGAA,0.5515608836902375,0.486963107419297,6-mer
GTGGAT,0.9660049093690014,1.6023236613825937,6-mer
GTGGAC,-2.386197816398862,-2.495410915742864,Inverted repeat
GTGGAG,0.07741726756619433,0.4845784325319207,6-mer
GTGGTA,0.3672617747094301,0.7655933936948778,6-mer
GTGGTT,0.4367753419724605,1.1829828186607825,6-mer
GTGGTC,-0.08804799438790452,0.3373881994328149,6-mer
GTGGTG,1.1288783679531997,2.5084580034337556,6-mer
GTGGCA,-0.4051325036609788,-0.19209849902284828,6-mer
GTGGCT,0.3868553497566825,0.967333811079678,6-mer
GTGGCC,-1.4760281291679922,-1.2445289369817207,6-mer
GTGGCG,0.1726766617097998,1.1108373496241482,6-mer
GTGGGA,-0.306910621379602,0.38854351976741763,6-mer
GTGGGT,0.2454403458190557,1.3353843753667896,6-mer
GTGGGC,0.20351020168187314,0.9787313832463488,6-mer
GTGGGG,0.6549411353660929,2.102470367485745,6-mer
GCAAAA,-0.14723740673441751,-0.44305564502713013,6-mer
GCAAAT,-0.013937053503639895,-0.8580977395417717,6-mer
GCAAAC,-0.3485913010648361,-0.5450789645235297,6-mer
GCAAAG,-0.759543238485975,-0.8635841322442845,6-mer
GCAATA,0.11388475873135366,-0.557463701597824,6-mer
GCAATT,-0.07357838859507866,-1.013734111033829,6-mer
GCAATC,-0.2729899851821189,-0.4079398679193883,6-mer
GCAATG,-0.31648030885769707,-0.7168868290601141,6-mer
GCAACA,0.20154874892863653,-0.2674912985995406,6-mer
GCAACT,-0.35187277082496804,-1.156119201917282,6-mer
GCAACC,-0.21665605178730335,-0.5822883664228308,6-mer
GCAACG,-0.20195223147677696,-0.4629719763425459,6-mer
GCAAGA,0.41267712355395686,0.21453193027267622,6-mer
GCAAGT,0.4541575150220844,-0.3935260322283555,6-mer
GCAAGC,0.21791511492461219,-0.006478574079287969,Inverted repeat
GCAAGG,0.33854280873825865,-0.23813896688917757,6-mer
GCATAA,-0.1070063954111783,-0.42690645809310984,6-mer
GCATAT,-1.0835197488201729,-1.5686439252457638,6-mer
GCATAC,0.06387218316638477,-0.65866456265339,6-mer
GCATAG,-0.13275520885177147,-0.2000924025346868,6-mer
GCATTA,0.029496897244496976,-0.4349011236403966,6-mer
GCATTT,0.04845326802707402,-0.33494403727172717,6-mer
GCATTC,0.5880573071440218,-0.15500324746772837,6-mer
GCATTG,0.18498041589132264,-0.37874474841233485,6-mer
GCATCA,0.16523892060174397,0.6280743660524176,6-mer
GCATCT,-1.3677438069090682,-1.0909945322205927,6-mer
GCATCC,-0.6768190218025557,-0.9478623766648249,6-mer
GCATCG,0.23718347401889425,0.2220561679749702,6-mer
GCATGA,0.6798443152658539,0.9910956416808006,Inverted repeat
GCATGT,0.7328156569360089,0.6283963658690834,Inverted repeat
GCATGC,1.584797063528051,1.2040498412146454,Palindromes
GCATGG,0.9353564488717352,1.06159410171076,Inverted repeat
GCACAA,-0.2444999521106917,-0.2080765291564946,6-mer
GCACAT,-0.40575144875586655,-0.29008128162835023,6-mer
GCACAC,0.027535949688379423,0.6312561529950912,6-mer
GCACAG,0.10397039702324831,-0.5876692464323804,6-mer
GCACTA,-0.190213621408926,-0.188814669742643,6-mer
GCACTT,-0.2539694980044672,-0.4897867429722481,6-mer
GCACTC,0.10110740814464106,-0.06691546384625369,6-mer
GCACTG,-0.5765747152284371,-1.3288641420977387,6-mer
GCACCA,0.13592042480220132,0.5368651168770481,6-mer
GCACCT,-0.6923138276884165,-0.9090263399525096,6-mer
GCACCC,-0.5337068421989581,0.17560160539680866,6-mer
GCACCG,0.2937949559032656,-0.005236648366147091,6-mer
GCACGA,0.4724037185858186,0.4641348406723968,6-mer
GCACGT,-2.545144677937677,-2.2499509289798825,6-mer
GCACGC,0.1017654963145762,0.7892040984193988,Inverted repeat
GCACGG,-0.12632459965692833,-0.5692808784888865,6-mer
GCAGAA,0.025225976288173507,-1.1492922397846055,6-mer
GCAGAT,-0.8095614405212048,-1.4009147599478637,6-mer
GCAGAC,-0.7632997419796685,-1.833077486719211,6-mer
GCAGAG,-0.08096264649119303,-0.8667334691365359,6-mer
GCAGTA,0.6416037380433461,-0.9292499532566446,6-mer
GCAGTT,0.35548065459838873,-1.178212972767899,6-mer
GCAGTC,0.8027490132115489,-0.8111665360076231,6-mer
GCAGTG,-0.15690605497245058,-0.9820201845029451,6-mer
GCAGCA,-0.3751701161643417,-1.7896635962386227,6-mer
GCAGCT,-1.4259729769599994,-2.2470511167126426,6-mer
GCAGCC,-0.7852017798190536,-1.9848931076097918,6-mer
GCAGCG,-0.5067373334156539,-1.012568673503056,6-mer
GCAGGA,0.32045068048186326,-1.2368028642606144,6-mer
GCAGGT,-0.3608817292319383,-1.6542609438415687,6-mer
GCAGGC,0.007390331042679448,-1.383249542260393,Inverted repeat
GCAGGG,0.18084865047854892,-0.6698952485543523,6-mer
GCTAAA,0.2349336188812121,0.7260125836620915,6-mer
GCTAAT,-0.30178272402095263,-0.07114407289468971,6-mer
GCTAAC,-0.12436381039484887,0.23484586174921288,6-mer
GCTAAG,-0.9640804257450575,-0.6054848245945015,6-mer
GCTATA,0.09828863825770401,0.4689477808181567,6-mer
GCTATT,-0.2679151256817256,-0.11869804368396,6-mer
GCTATC,0.18435344811042734,0.8963876453000793,6-mer
GCTATG,0.05152404031501904,0.5441947637686521,6-mer
GCTACA,-0.6035781788885032,-0.40947797393694313,6-mer
GCTACT,-0.4136910735713273,-0.5713816361092786,6-mer
GCTACC,-0.07415911065012146,0.003505943501535509,6-mer
GCTACG,-0.6045579807963929,-0.3219280948873623,6-mer
GCTAGA,0.050040682499595625,0.7195604995341974,Inverted repeat
GCTAGT,-0.5365820383502635,-0.1472661590246422,Inverted repeat
GCTAGC,-1.4027033612520852,-0.4447427809798395,Palindromes
GCTAGG,0.006978920015027958,0.5550898744438776,Inverted repeat
GCTTAA,-0.31360323023643083,-0.05468524514395421,6-mer
GCTTAT,-0.03681438618323739,0.1259702210595299,6-mer
GCTTAC,-0.09896348771588404,-0.21427739883132146,6-mer
GCTTAG,-1.0134183258774767,-0.6126448575811414,6-mer
GCTTTA,0.20493094370802892,0.569294323985286,6-mer
GCTTTT,0.015457912026892924,0.34691681507322275,6-mer
GCTTTC,-0.1411932828989961,-0.007187708128792036,6-mer
GCTTTG,-0.1400888774978741,0.223584705424963,6-mer
GCTTCA,-0.23141065834746954,0.00022473635700683359,6-mer
GCTTCT,0.1093166943434998,0.2642846705206683,6-mer
GCTTCC,-0.4436066514756145,-0.8417081526107281,6-mer
GCTTCG,-0.9367334258617865,-1.1939550708053885,6-mer
GCTTGA,0.43873283696754045,0.8909761062451449,6-mer
GCTTGT,0.4654819984965945,0.7605801083848691,6-mer
GCTTGC,0.062225549751316306,-0.05826277160202951,Inverted repeat
GCTTGG,0.030119988376335245,0.38003104945093047,6-mer
GCTCAA,0.4749089552562425,0.9397189487404288,6-mer
GCTCAT,0.07170146535418871,0.7540138875679603,6-mer
GCTCAC,0.2730999129024948,1.3048896498943696,6-mer
GCTCAG,-0.4820552550797968,-0.775543076760053,6-mer
GCTCTA,0.778470176621022,1.2280825782467908,6-mer
GCTCTT,0.3975853303194947,0.9025222667257902,6-mer
GCTCTC,0.4730309105865743,0.8950607526202676,6-mer
GCTCTG,0.35845397091247644,-0.06619723611262873,6-mer
GCTCCA,0.1528988991496393,0.2331928486970784,6-mer
GCTCCT,0.04513620240769759,-0.40427106840977356,6-mer
GCTCCC,0.3974280996854654,0.6488261618792718,6-mer
GCTCCG,-1.0750394368032814,-1.8268193513765665,6-mer
GCTCGA,-2.5897634869849773,-3.115859844405573,6-mer
GCTCGT,0.31361718138298644,0.47288483639448464,6-mer
GCTCGC,0.7022690348004209,1.1126009216959205,Inverted repeat
GCTCGG,-0.8612937291684081,-1.6591634425625734,6-mer
GCTGAA,0.42368936953175274,-0.29254989787485386,6-mer
GCTGAT,0.26681707209247424,0.35516139807012176,6-mer
GCTGAC,-0.15347448066171804,-0.7297340249351304,6-mer
GCTGAG,-0.46196785434625276,-0.7871323808607064,6-mer
GCTGTA,0.6978392628763851,-0.1363821128571803,6-mer
GCTGTT,0.5135166403468827,-0.12057508505961467,6-mer
GCTGTC,1.0029776997998954,0.19916820152373005,6-mer
GCTGTG,0.19432850291857146,0.043468028576109166,6-mer
GCTGCA,-0.5311144652174519,-1.9020367462678391,6-mer
GCTGCT,-0.4938390669864419,-1.402348636364774,6-mer
GCTGCC,-0.7130056952220247,-1.937861315109527,6-mer
GCTGCG,-1.1978953386295985,-1.882930696664337,6-mer
GCTGGA,0.2547293949994623,-0.6662809868414674,6-mer
GCTGGT,-0.14404636961670697,-0.6037513528604175,6-mer
GCTGGC,-0.345272666740629,-1.0832802107463129,Inverted repeat
GCTGGG,-0.19124372276578358,-0.5696957440678458,6-mer
GCCAAA,-0.16267629328242736,-0.1391886341177595,6-mer
GCCAAT,-0.13170955997496067,-0.44267717971090453,6-mer
GCCAAC,-0.705196306155926,-0.7170394381234086,6-mer
GCCAAG,-0.6714590820409849,-0.6454260802113952,6-mer
GCCATA,0.1267323112596836,0.30057553381508795,6-mer
GCCATT,0.12410378307874365,-0.0062589904716822305,6-mer
GCCATC,-0.6479316641008348,-0.0766634403978159,6-mer
GCCATG,0.17278835708219872,0.6072182797796315,6-mer
GCCACA,-0.07105187442009797,0.43396105883852165,6-mer
GCCACT,0.07835337837342828,0.43230564266045995,6-mer
GCCACC,-0.29091115571989623,0.49216192540949893,6-mer
GCCACG,-0.4657683013997733,0.2682115467036923,6-mer
GCCAGA,0.324345344893058,-0.4223184456201978,6-mer
GCCAGT,0.06922004912344253,-1.1469202650708172,6-mer
GCCAGC,-0.37093840354892893,-0.83789631658598,Inverted repeat
GCCAGG,-0.44864928170866075,-1.336165332544135,6-mer
GCCTAA,0.6535946146163754,0.3001806972478,6-mer
GCCTAT,0.2711535276542361,-0.13099948953398793,6-mer
GCCTAC,0.3433017456799293,-0.2511717921081672,6-mer
GCCTAG,-0.4815223727143257,-0.4119863278048177,6-mer
GCCTTA,0.6135171535431411,0.14099010072263218,6-mer
GCCTTT,0.4141910955931472,0.1641368490809052,6-mer
GCCTTC,-0.047144672746500194,-0.6519090777761017,6-mer
GCCTTG,0.3407191785890102,-0.04612127342656102,6-mer
GCCTCA,-1.5146483112397588,-1.436741047818533,6-mer
GCCTCT,-0.11033114492006804,-0.3785116232537299,6-mer
GCCTCC,-0.19574129324644948,-0.9103121124054325,6-mer
GCCTCG,-2.149166441275515,-2.892714826844151,6-mer
GCCTGA,0.8251603249770926,-0.20886969746049375,6-mer
GCCTGT,1.0188238742916553,-0.21792932406972224,6-mer
GCCTGC,0.2830863686846963,-1.2966506038952543,Inverted repeat
GCCTGG,0.06337179417272037,-1.1933438888259496,6-mer
GCCCAA,-0.17299947259176235,-0.23338742859438094,6-mer
GCCCAT,-0.07252945900006932,0.13595748029907595,6-mer
GCCCAC,0.5150759416241442,1.1341400586674584,6-mer
GCCCAG,-0.6029431898637765,-1.4194174167491873,6-mer
GCCCTA,0.22881869049588074,0.8554623568015156,6-mer
GCCCTT,-0.0887474221910954,0.36169282327884494,6-mer
GCCCTC,-0.2117808648845482,0.220740279627624,6-mer
GCCCTG,-0.07674949267083851,-0.4800188653258817,6-mer
GCCCCA,-0.10527204310005896,0.6044693634122851,6-mer
GCCCCT,0.32304863478127754,0.592260582713171,6-mer
GCCCCC,-0.25320897597772024,0.7434653575538894,6-mer
GCCCCG,-0.9464335360795991,-1.0353010508190263,6-mer
GCCCGA,-0.6019265074542992,-1.900832313963104,6-mer
GCCCGT,0.0446406947570058,-0.5020221519133075,6-mer
GCCCGC,-0.20509696058481391,-0.5229015325889046,Inverted repeat
GCCCGG,0.47742017441229223,-0.9502249555573544,6-mer
GCCGAA,-0.7609151617534096,-2.23112515787905,6-mer
GCCGAT,0.41752705130454165,-0.15952235944686252,6-mer
GCCGAC,-0.1022810502897317,-1.4102839693082092,6-mer
GCCGAG,-0.6553518286125541,-1.5953791166664948,6-mer
GCCGTA,0.6694023103535717,-0.3735865439589452,6-mer
GCCGTT,0.4442162355725236,-0.1624184663837434,6-mer
GCCGTC,0.5499351157212363,-0.3124366459100647,6-mer
GCCGTG,-0.4202741476449909,-0.4320973247641151,6-mer
GCCGCA,-0.28417567106301217,-0.9599653381977477,6-mer
GCCGCT,0.04764537223510827,0.038994131615863487,6-mer
GCCGCC,-0.688641146822825,-1.0408551329118416,6-mer
GCCGCG,-1.8785852263883727,-1.614633367397499,6-mer
GCCGGA,0.17897014104531928,-1.6020360140800978,Inverted repeat
GCCGGT,1.296132094010025,0.037765380892549764,Inverted repeat
GCCGGC,0.6708764037084338,-0.8352107515991067,Palindromes
GCCGGG,0.24195271816676625,-0.8064106468798623,Inverted repeat
GCGAAA,-0.36489467546157406,-0.3943523294504797,6-mer
GCGAAT,0.30760447434069244,-0.11599936546794089,6-mer
GCGAAC,0.3393732293467716,0.06208811529118773,6-mer
GCGAAG,-0.1980868472063222,-0.2545533626391172,6-mer
GCGATA,1.1440103026915194,1.5613647353902194,6-mer
GCGATT,0.7180868238474183,1.0331248882576964,6-mer
GCGATC,0.852289393778019,1.7213687391151877,6-mer
GCGATG,0.7529605721744175,1.5735608454696202,6-mer
GCGACA,0.2676957832036567,0.22196118682691846,6-mer
GCGACT,0.799266791262611,0.2881253867966243,6-mer
GCGACC,0.020925838854547855,-0.07972719247073404,6-mer
GCGACG,-0.9086382578947858,-0.7754844067705823,6-mer
GCGAGA,0.022211279090158454,0.42142497014756497,6-mer
GCGAGT,0.9759043243825372,0.7901052857597801,6-mer
GCGAGC,0.5725787762653238,1.0544477840223765,Inverted repeat
GCGAGG,-1.1720143501650395,-1.0151791409337239,6-mer
GCGTAA,-0.07943446749440494,0.2234208365214165,6-mer
GCGTAT,0.6659402975446996,0.7863594423787743,6-mer
GCGTAC,-2.4608881508568134,-2.4927688025114096,6-mer
GCGTAG,-0.2644156362321543,0.32459563655499707,6-mer
GCGTTA,0.9047380074896295,1.5090455988613252,6-mer
GCGTTT,0.8537318978883152,1.6870120516048233,6-mer
GCGTTC,0.42494704576264697,0.9569155916103687,6-mer
GCGTTG,0.31540393625571855,0.9939235174929991,6-mer
GCGTCA,-0.09755750263329115,0.5884979008051885,6-mer
GCGTCT,0.5482235622716751,0.9627529567312318,6-mer
GCGTCC,-0.027691733869048194,-0.07379592933464739,6-mer
GCGTCG,-0.8980086747227735,-0.868191403182252,6-mer
GCGTGA,0.3292700702285305,1.7502216908684731,6-mer
GCGTGT,0.6445409282549637,1.7277647017501838,6-mer
GCGTGC,-0.12838487913901184,0.613703727725634,Inverted repeat
GCGTGG,0.4755021405427381,1.8308464048538975,6-mer
GCGCAA,-0.6589914256004776,-0.19201585860805367,6-mer
GCGCAT,-0.33973558046787056,0.2607539796423275,6-mer
GCGCAC,-0.6550667391855045,0.33810802194279693,6-mer
GCGCAG,-1.1082027497769722,-1.3322970682709074,6-mer
GCGCTA,-0.3246567218114661,1.0113598621645479,6-mer
GCGCTT,-0.43698852387102527,0.6642781055962651,6-mer
GCGCTC,0.25808943084378005,1.4071084754612069,6-mer
GCGCTG,-0.5192349364116001,-0.2671741361947178,6-mer
GCGCCA,-1.0314043330685,-0.10970655924004585,6-mer
GCGCCT,-1.0279956300103712,-0.6460685877782175,6-mer
GCGCCC,-1.262791015695572,-0.1919695007626947,6-mer
GCGCCG,-1.2306881292173484,-0.9880226250747132,6-mer
GCGCGA,-0.11302950528558704,0.8343301686754934,Inverted repeat
GCGCGT,-0.5537919509150846,1.01976325482143,Inverted repeat
GCGCGC,-1.67835632010437,0.14325248217142678,Palindromes
GCGCGG,-0.8691311196442939,-0.2676957832036567,Inverted repeat
GCGGAA,-0.7610273268133029,-1.4218095415405976,6-mer
GCGGAT,0.4434900747682758,0.17984337107444304,6-mer
GCGGAC,-0.3903532358982464,-1.1127001327493622,6-mer
GCGGAG,-0.31657486039315547,-0.8599695482210259,6-mer
GCGGTA,1.2083459191702028,0.7536926805716546,6-mer
GCGGTT,0.6719566220281912,0.4965464417018224,6-mer
GCGGTC,0.030012569066439402,-0.3082576262606901,6-mer
GCGGTG,0.8932012410604179,1.208752744794028,6-mer
GCGGCA,-0.3147860256433425,-1.2798538117432208,6-mer
GCGGCT,-0.030860963704760293,-0.3237531362956888,6-mer
GCGGCC,-0.845637633681028,-1.4787321745962334,6-mer
GCGGCG,-0.5896752694391622,-0.4443422825143573,6-mer
GCGGGA,0.02315307530717985,-0.3208179024194266,6-mer
GCGGGT,-0.14087983009055424,0.12415097280516275,6-mer
GCGGGC,-0.4304911516853567,-0.5531624725498631,Inverted repeat
GCGGGG,-0.8934210494449657,-0.315924098536707,6-mer
GGAAAA,-0.2903971287826406,-0.8601762923577418,6-mer
GGAAAT,-0.15907554524869408,-1.095813889828714,6-mer
GGAAAC,-0.9259994185562233,-1.3249305830488858,6-mer
GGAAAG,-0.8437377833227143,-1.0734713522228772,6-mer
GGAATA,0.398406824734723,-0.3975389089015045,6-mer
GGAATT,0.8970428096521714,-0.2695263969275428,6-mer
GGAATC,-0.5366988349010513,-1.0903668743251533,6-mer
GGAATG,0.5897075028905379,0.008431906181255465,6-mer
GGAACA,-0.576192291093424,-1.2291979407482188,6-mer
GGAACT,-0.8067901559353443,-1.656849176999056,6-mer
GGAACC,-2.0674420438410612,-2.6786216079354017,Inverted repeat
GGAACG,-0.562839689823016,-0.8916969219592453,6-mer
GGAAGA,-0.7240081892794968,-1.1205901408135885,6-mer
GGAAGT,0.7439375547739157,-0.22309566046364993,6-mer
GGAAGC,-0.5375011470148867,-0.9432774099880586,6-mer
GGAAGG,-1.5603499462395425,-2.2176090288073103,6-mer
GGATAA,0.7564516416005389,0.7347663634950737,6-mer
GGATAT,0.819218743848449,0.6422034684956165,6-mer
GGATAC,0.7129789138014383,0.2370391973008493,6-mer
GGATAG,0.5635491942053039,0.859057392283294,6-mer
GGATTA,0.2390039805178272,0.1979535453633059,6-mer
GGATTT,1.11226734119784,1.00760531474258,6-mer
GGATTC,0.01547140876243983,-0.63816580180487,6-mer
GGATTG,0.3795605798426886,0.26621866230107466,6-mer
GGATCA,0.18196944177931598,0.8582202373552381,Inverted repeat
GGATCT,-0.17338056007853148,0.16087803212374377,Inverted repeat
GGATCC,-0.5903818069519643,-0.5842551238788948,Palindromes
GGATCG,0.4415937274726527,0.5095140383377486,Inverted repeat
GGATGA,-1.1846465071490782,-0.5500440845179277,6-mer
GGATGT,-0.35832365708807,-0.3060399831785249,6-mer
GGATGC,-0.5150384832807806,-0.7645967131433968,6-mer
GGATGG,-0.9578891634721366,-0.6208194226531252,6-mer
GGACAA,-0.007529304052821512,-0.7395092828196848,6-mer
GGACAT,-0.033770736655244035,-0.6215914227118787,6-mer
GGACAC,0.053111336459562536,0.07897662248737132,6-mer
GGACAG,0.5614269862603671,-0.5960563306047411,6-mer
GGACTA,0.18606492951868292,-0.5066722430666211,6-mer
GGACTT,0.6338721012021027,-0.35776524754817257,6-mer
GGACTC,0.3463247491948296,-0.6129165622921573,6-mer
GGACTG,0.14519791553993572,-1.4883403826018573,6-mer
GGACCA,-1.8838651545097949,-2.2115041051937117,6-mer
GGACCT,-2.1292830169449664,-2.824564212089827,6-mer
GGACCC,-2.9219259239697988,-3.1116573462631325,Inverted repeat
GGACCG,-0.6693194311036739,-1.6221705711918,6-mer
GGACGA,-0.11516457356978217,-0.5849625007211562,6-mer
GGACGT,-3.4811266897366164,-3.7032114673911463,6-mer
GGACGC,-0.043547715672756775,-0.3346953909612403,6-mer
GGACGG,-0.4359248657526675,-1.6261316896975608,6-mer
GGAGAA,-1.0730090762794788,-1.2449532241372308,6-mer
GGAGAT,-1.2192781296988566,-0.835315003398491,6-mer
GGAGAC,-1.5986374376182326,-1.717252086591928,6-mer
GGAGAG,-0.3857116134484915,-0.19038910400202771,6-mer
GGAGTA,0.39827898101747733,-0.2614922410253882,6-mer
GGAGTT,0.9526942852216435,0.49092190476511294,6-mer
GGAGTC,0.6637166121355674,-0.22966958703537363,6-mer
GGAGTG,0.2733631283311081,0.4851397522432396,6-mer
GGAGCA,0.05236847301018382,-0.33165464087213603,6-mer
GGAGCT,-0.5048054917354721,-0.47438730437822507,6-mer
GGAGCC,-1.6537716586398072,-2.1341076138864237,Inverted repeat
GGAGCG,1.08123650312718,1.4794219467808618,6-mer
GGAGGA,-0.6456773914147081,-1.2145940507760407,6-mer
GGAGGT,-0.48182758611617377,-0.5841866496452441,6-mer
GGAGGC,-0.28831381428215147,-0.9313368091829526,6-mer
GGAGGG,0.0660298703351969,0.13359750962454742,6-mer
GGTAAA,-0.12550205095962824,-0.25154912742584357,6-mer
GGTAAT,0.35674764896207317,-0.007954469615580537,6-mer
GGTAAC,0.346246725612923,0.0761113280395842,6-mer
GGTAAG,0.43109457890838915,0.04565111227271612,6-mer
GGTATA,0.34792330342030675,0.11279177025318111,6-mer
GGTATT,1.1917293717606607,0.6991484092110059,6-mer
GGTATC,0.36245298226676004,0.4262446279585498,6-mer
GGTATG,-0.07454695336505399,-0.14377271358634375,6-mer
GGTACA,-1.7998408684002971,-2.7064803202983923,Inverted repeat
GGTACT,-2.106571664198044,-3.253989266230787,Inverted repeat
GGTACC,-1.9716712769415055,-2.5822883664228304,Palindromes
GGTACG,-1.8692133924646457,-2.6353674541584,Inverted repeat
GGTAGA,0.08966092561579864,0.017165854706359132,6-mer
GGTAGT,0.6402298073687753,0.4965015999077401,6-mer
GGTAGC,-0.5085581974100009,-0.28856949794093123,6-mer
GGTAGG,0.5123224780817222,0.47150445093787213,6-mer
GGTTAA,-0.28558624782364206,-0.26411128506636383,6-mer
GGTTAT,0.22929711697709795,0.4640345331734037,6-mer
GGTTAC,0.5813958857009638,0.15400822933542702,6-mer
GGTTAG,0.001918477730699788,0.387570903529231,6-mer
GGTTTA,-0.37583207069790997,0.02803152059756008,6-mer
GGTTTT,0.7038937725605575,0.898901999961526,6-mer
GGTTTC,0.04842314846895675,0.03507022557280575,6-mer
GGTTTG,0.37555583256395764,0.6152253394385029,6-mer
GGTTCA,-0.9355221926747299,-0.6225044630821351,6-mer
GGTTCT,-0.9300979867698439,-0.8722585140882773,6-mer
GGTTCC,-2.44152142077953,-2.6729909938277476,Inverted repeat
GGTTCG,-0.7789265137310867,-1.1514877531856362,6-mer
GGTTGA,-0.23255944749344667,0.1356663568244588,6-mer
GGTTGT,0.501602390363429,0.8693868085800319,6-mer
GGTTGC,-0.3636383467721996,-0.6047656503242242,6-mer
GGTTGG,-0.4898156273667349,-0.047975178846466376,6-mer
GGTCAA,-0.34086275292378065,-0.41894312818481966,6-mer
GGTCAT,-0.43842934763307234,-0.14367036067143643,6-mer
GGTCAC,-3.545069773597644,-3.0769799973747385,6-mer
GGTCAG,-0.8107858274578776,-1.4768136968655339,6-mer
GGTCTA,-1.2105669859396584,-0.9464189597951559,6-mer
GGTCTT,-0.4684082432803962,-0.4771592111866414,6-mer
GGTCTC,-0.8278190246173197,-0.8758311147516759,6-mer
GGTCTG,-0.8922725439980994,-1.6651328494051394,6-mer
GGTCCA,-2.130460246745815,-2.6151023607931543,6-mer
GGTCCT,-1.5459683691052923,-2.6538243588659602,6-mer
GGTCCC,-2.7128708676899054,-3.182890892745479,Inverted repeat
GGTCCG,-1.8336129883922943,-3.1091217223801126,6-mer
GGTCGA,-3.1725941882182966,-4.05528243550119,6-mer
GGTCGT,0.6418973367366678,0.2993855262362739,6-mer
GGTCGC,-0.10060394093840547,-0.29468003245025914,6-mer
GGTCGG,-0.6780719051126377,-2.045298346928568,6-mer
GGTGAA,-0.5220144610790102,0.10056949304401683,6-mer
GGTGAT,-0.08099868569426347,1.190514590170202,6-mer
GGTGAC,-3.161350265704303,-2.7427248634548915,6-mer
GGTGAG,-0.34215312295139655,0.688690651913781,6-mer
GGTGTA,0.8190666743811001,0.9009843102503137,6-mer
GGTGTT,0.9725277041176688,1.5868771593178919,6-mer
GGTGTC,0.518593691105441,0.8025539357937829,6-mer
GGTGTG,-0.06054154193505072,1.2548750729445337,6-mer
GGTGCA,0.11284612713429282,-0.10365732889815317,6-mer
GGTGCT,-0.10146512704721164,0.29845094305692943,6-mer
GGTGCC,-1.1204300103909934,-1.0634332148930374,Inverted repeat
GGTGCG,0.25729559145526704,0.8940665552509349,6-mer
GGTGGA,0.3630181909090096,0.750169355613769,6-mer
GGTGGT,0.8686382268662614,1.7924045805916322,6-mer
GGTGGC,-0.07987824602234773,0.5214138449201389,6-mer
GGTGGG,0.1992251033676557,1.4240543726362778,6-mer
GGCAAA,-0.06587063244052865,-0.6821070958546072,6-mer
GGCAAT,0.03689958281152922,-0.7691055429200595,6-mer
GGCAAC,-0.4292108176036937,-1.1285333702453824,6-mer
GGCAAG,0.1753504051588779,-0.4907017692109162,6-mer
GGCATA,-0.10250544098513516,-0.6938353924825161,6-mer
GGCATT,0.42466943493240505,-0.3221154457143109,6-mer
GGCATC,-0.2043584985061863,-0.3539429020320041,6-mer
GGCATG,1.2757308665568459,1.040283595465348,6-mer
GGCACA,0.18989970120357852,0.03211564701671713,6-mer
GGCACT,0.19854567938208012,-0.1610582517288315,6-mer
GGCACC,-1.3497112514009004,-1.4295301329234353,Inverted repeat
GGCACG,0.6906719418922711,0.7218587017759976,6-mer
GGCAGA,0.1563128652561712,-0.9939400659258547,6-mer
GGCAGT,0.8291038137072196,-0.786596361890807,6-mer
GGCAGC,-0.8397102953699893,-1.9623749277000828,6-mer
GGCAGG,0.10748442666640526,-1.2810045814514923,6-mer
GGCTAA,0.47310890558522234,0.5532456646843134,6-mer
GGCTAT,0.4337625906416161,0.668748841860511,6-mer
GGCTAC,-0.6289401977817582,-0.5916727223107088,6-mer
GGCTAG,-0.12432813500220176,0.3343858511605753,6-mer
GGCTTA,0.08788439136651129,0.0958295089731474,6-mer
GGCTTT,0.4692241856548849,0.5298292457592849,6-mer
GGCTTC,0.25872860634282974,-0.030730408279973892,6-mer
GGCTTG,0.6519694967697991,0.6552379361313386,6-mer
GGCTCA,-0.09056207990922589,0.19871959235208028,6-mer
GGCTCT,0.5026500054539388,0.6308000369492784,6-mer
GGCTCC,-1.315580367527273,-1.632268215499513,Inverted repeat
GGCTCG,-0.24501657077503197,-0.5602354148187794,6-mer
GGCTGA,0.5230972451362969,-0.11303993790066205,6-mer
GGCTGT,0.9230826291111044,0.1151850344720072,6-mer
GGCTGC,-0.8814051651265176,-2.260062839302503,6-mer
GGCTGG,0.21620854971307543,-0.6214528419480347,6-mer
GGCCAA,-1.2901588068770822,-1.6839405032017756,6-mer
GGCCAT,-1.2713020218173943,-1.462305682480542,6-mer
GGCCAC,-1.6139138744172854,-1.3346953909612402,6-mer
GGCCAG,-0.6439830145333565,-1.5619249646442852,6-mer
GGCCTA,-1.0296362343762537,-1.7022064039007465,6-mer
GGCCTT,-0.9271731366203285,-1.5986984691998096,6-mer
GGCCTC,-1.598637437618233,-2.2719707855434574,6-mer
GGCCTG,-0.079132960963374,-1.6215635151562706,6-mer
GGCCCA,-1.489670050937581,-1.8329411454592797,6-mer
GGCCCT,-1.531344617440019,-1.4454774471225347,6-mer
GGCCCC,-2.5337898487316406,-2.2943305363233324,Inverted repeat
GGCCCG,-1.3785116232537298,-2.479129588709032,6-mer
GGCCGA,-1.5764510008656387,-2.8485383571302263,6-mer
GGCCGT,-0.36900677448689045,-1.1649292678893204,6-mer
GGCCGC,-1.0380133259367315,-1.3855565380453145,6-mer
GGCCGG,-0.45321824625990614,-1.818435083001813,6-mer
GGCGAA,0.3893650292821743,0.10765669156590026,6-mer
GGCGAT,0.9108459898314487,1.3257548744278755,6-mer
GGCGAC,-0.07103123893241677,-0.3268103162671085,6-mer
GGCGAG,0.1359952172446578,0.36756378507777754,6-mer
GGCGTA,0.5571512655583067,0.6504724541805543,6-mer
GGCGTT,1.2481539631718592,1.7384882275960802,6-mer
GGCGTC,-0.12803698689121376,0.10987761777237331,6-mer
GGCGTG,0.9041469592046579,1.9356495885899425,6-mer
GGCGCA,-0.7940076304153108,-0.5259940431961195,Inverted repeat
GGCGCT,-0.833077486719211,0.011917011824450654,Inverted repeat
GGCGCC,-3.6712933724815753,-3.2020950071032206,Palindromes
GGCGCG,-1.1681038587494936,-0.051894808241098,Inverted repeat
GGCGGA,-0.025717170108374807,-0.6912875246168014,6-mer
GGCGGT,0.9526942852216432,0.6619756983960313,6-mer
GGCGGC,-1.0111621062873002,-1.5991763599408573,6-mer
GGCGGG,-0.6618798716100517,-0.6116445433736615,6-mer
GGGAAA,-0.48284240412754686,-0.6890102542029835,6-mer
GGGAAT,0.6187166274962164,0.044208963908127855,6-mer
GGGAAC,-0.9411063109464315,-1.2480618988976335,6-mer
GGGAAG,-1.0025739436638266,-1.1762463202390308,6-mer
GGGATA,0.6270611963048477,0.9337434267579623,6-mer
GGGATT,0.7641953499894286,0.9863509384881488,6-mer
GGGATC,-0.006438560438625687,0.7045750925453044,6-mer
GGGATG,-1.4478436443620855,-0.6971302409283223,6-mer
GGGACA,0.03332538152917164,-0.25677541536211146,6-mer
GGGACT,0.6833922370459014,0.016119665363276914,6-mer
GGGACC,-2.8731569804533503,-2.937553645184306,Inverted repeat
GGGACG,-0.845181890947896,-0.9604387871916582,6-mer
GGGAGA,-1.0093783323158612,-0.6204300122685286,6-mer
GGGAGT,0.9989115842253361,0.8415441053168986,6-mer
GGGAGC,0.4263973614433916,0.6528384654791232,6-mer
GGGAGG,-0.5230679669952136,-0.446084326995004,6-mer
GGGTAA,0.39451009702226214,0.5862722557279448,6-mer
GGGTAT,0.7552416815024312,0.95100296610544,6-mer
GGGTAC,-2.68326457433296,-3.0822309405359145,6-mer
GGGTAG,0.12940166450791757,0.6121926291162688,6-mer
GGGTTA,0.4364056918404675,0.9570025945045244,6-mer
GGGTTT,0.5919054681297543,1.2729898868169425,6-mer
GGGTTC,-1.121419800414859,-0.5640884186708934,6-mer
GGGTTG,-0.0988360154184386,0.5712717379450981,6-mer
GGGTCA,-0.5520886966288078,-0.058574826185458916,6-mer
GGGTCT,-0.44635144785751524,-0.21741760592115564,6-mer
GGGTCC,-2.8034853755959523,-3.2761244052742375,Inverted repeat
GGGTCG,-0.9495349330170123,-1.1699250014423124,6-mer
GGGTGA,-0.3720324430183924,1.0249231867034077,6-mer
GGGTGT,0.5532116001376414,1.6567060222507473,6-mer
GGGTGC,-0.267710893043267,0.31581640988562976,6-mer
GGGTGG,0.09316239691810455,1.279904879991656,6-mer
GGGCAA,0.0059739010446327465,-0.28748194887282874,6-mer
GGGCAT,0.6943877197261966,0.5283789723547887,6-mer
GGGCAC,-3.233327899017604,-2.676705069348732,6-mer
GGGCAG,0.29726604065309314,-0.7255348361545281,6-mer
GGGCTA,0.3327394775523631,0.8392849014176672,6-mer
GGGCTT,0.4473957410887289,0.7690739264257627,6-mer
GGGCTC,-2.911463325398343,-2.693360233001823,6-mer
GGGCTG,0.3369094864257767,-0.251152481968179,6-mer
GGGCCA,-1.3751447721553312,-1.460191731953558,Inverted repeat
GGGCCT,-0.761893107809578,-1.3578411894734046,Inverted repeat
GGGCCC,-4.204082012174375,-4.153298682854903,Palindromes
GGGCCG,-1.2539892662307868,-1.916633263342597,Inverted repeat
GGGCGA,0.7840141669706374,1.1935914177866849,6-mer
GGGCGT,1.162389101277398,2.011503972118451,6-mer
GGGCGC,-1.3022280379908813,-0.32874269444361176,6-mer
GGGCGG,-0.1170300530101869,-0.09538250454657742,6-mer
GGGGAA,-0.4215106845873156,-0.24553966660015195,6-mer
GGGGAT,0.1785836925483667,1.1692200971555904,6-mer
GGGGAC,-0.41831263131170493,-0.3117682286671407,6-mer
GGGGAG,-0.005559525341900504,0.5087519341010376,6-mer
GGGGTA,0.4191160135818538,1.0118111980170914,6-mer
GGGGTT,0.491299127551168,1.5012871549378377,6-mer
GGGGTC,-0.46597446450406926,-0.13750352374993496,6-mer
GGGGTG,0.27083764330198495,1.8514553888845582,6-mer
GGGGCA,-0.172461237151268,0.1126726705416878,6-mer
GGGGCT,0.1548271259242875,0.8461946639209647,6-mer
GGGGCC,-2.4431645815959837,-2.384340702055928,Inverted repeat
GGGGCG,0.23707646709356078,1.4298377309922448,6-mer
GGGGGA,-0.18468835411405282,0.820876061711223,6-mer
GGGGGT,0.11304465873822625,1.6850414599274792,6-mer
GGGGGC,-0.23836337824823098,0.7580272096940358,6-mer
GGGGGG,-0.2865102697282205,1.532176329368366,6-mer
