Item,Count obs
AAAAAA,-0.4656112356538192
AAAAAT,-0.07386321904719514
AAAAAC,0.17022114985986725
AAAAAG,-0.09021851910974014
AAAATA,0.08427901444177728
AAAATT,-0.23192266132999226
AAAATC,0.41962288841955264
AAAATG,-0.17190611905893144
AAAACA,0.17608064848996224
AAAACT,0.1187389780352508
AAAACC,0.4468244962821943
AAAACG,0.313172313341623
AAAAGA,0.01865056208458576
AAAAGT,-0.3325932558071167
AAAAGC,0.036054529467581385
AAAAGG,0.0015570814951463214
AAATAA,-0.1729646000402562
AAATAT,-0.1613963116462817
AAATAC,0.8382402551613691
AAATAG,-0.21705243078676217
AAATTA,-0.19740691566050225
AAATTT,-0.3204672631467953
AAATTC,0.4412528950526298
AAATTG,-0.1078601453185499
AAATCA,0.23449458628274744
AAATCT,-0.02707208229840865
AAATCC,0.8324247180708187
AAATCG,0.577103970889654
AAATGA,-0.42932731175975375
AAATGT,-0.6738716870316179
AAATGC,0.13007804136370876
AAATGG,-0.04290848623246613
AAACAA,0.0081045018119391
AAACAT,-0.2987479978368828
AAACAC,0.28238638487707063
AAACAG,0.15785230149977247
AAACTA,-0.4700036292457356
AAACTT,-0.16545711162852786
AAACTC,0.7288652631620246
AAACTG,-0.19978924983434548
AAACCA,0.007214805430606645
AAACCT,0.11607434115854769
AAACCC,0.36921167311671693
AAACCG,0.3097527565710912
AAACGA,0.372910617157683
AAACGT,-1.8505149316217864
AAACGC,0.4472288109567943
AAACGG,-0.044368414188438794
AAAGAA,0.2513344085004894
AAAGAT,-0.2940400513201428
AAAGAC,0.50813772800938
AAAGAG,0.21102998731318817
AAAGTA,-0.581543148262434
AAAGTT,-0.5195621830856244
AAAGTC,0.4304991073776218
AAAGTG,-0.02886918667487753
AAAGCA,-0.29717524533238654
AAAGCT,-0.38225408140986084
AAAGCC,0.2878135735368545
AAAGCG,0.23943651356172355
AAAGGA,-0.18706805977209562
AAAGGT,-0.3485205751373874
AAAGGC,0.18097970130111155
AAAGGG,0.17452524290093646
AATAAA,-0.14393382994456513
AATAAT,-0.11909969154113031
AATAAC,0.30119429487130966
AATAAG,0.05608946665104358
AATATA,-0.48609484250827356
AATATT,0.26457847873750334
AATATC,0.6698492683351235
AATATG,-0.831188163690443
AATACA,0.7285491076108613
AATACT,0.5346980599724726
AATACC,0.780158557549575
AATACG,0.7748996824322043
AATAGA,-0.21348465085929463
AATAGT,-0.5263708351014529
AATAGC,-0.1727349045840406
AATAGG,-0.03152894760866247
AATTAA,-0.7152030369921208
AATTAT,-0.43268741945684747
AATTAC,0.13087711103964975
AATTAG,0.016781476962003387
AATTTA,-0.29453539665179745
AATTTT,-0.2649691109520843
AATTTC,0.09656619839105111
AATTTG,-0.24196644533843248
AATTCA,0.24945705446378466
AATTCT,0.33330159275342364
AATTCC,0.694015864558397
AATTCG,0.21796308730229666
AATTGA,0.02201784503770155
AATTGT,-0.20599247800340495
AATTGC,0.0
AATTGG,-0.1053052655127806
AATCAA,0.07162576369182362
AATCAT,-0.18836387124991727
AATCAC,-0.12443597189693197
AATCAG,0.03048841266570974
AATCTA,-0.6086356279978461
AATCTT,-0.05275396397749233
AATCTC,-0.11758808488083661
AATCTG,-0.30561246317020996
AATCCA,0.40990298521420976
AATCCT,0.4662754432633303
AATCCC,0.5093898733398865
AATCCG,0.39098035653020546
AATCGA,-1.8898568298134082
AATCGT,0.6728585265227279
AATCGC,0.5151215320824347
AATCGG,0.1558187369279553
AATGAA,-0.06099869443244707
AATGAT,-0.1773177391087927
AATGAC,0.11969893231484686
AATGAG,-0.03542735261123303
AATGTA,-0.3820348562997784
AATGTT,-0.40105143379450336
AATGTC,0.2868438494353925
AATGTG,-0.38338001448516845
AATGCA,-0.06140862812864349
AATGCT,-0.04236563008781081
AATGCC,0.2996452385100561
AATGCG,0.3305791870360403
AATGGA,0.11751654664747782
AATGGT,0.18681694002298702
AATGGC,0.11882983887034511
AATGGG,-0.062292678917131895
AACAAA,-0.2311279509092601
AACAAT,-0.036351185839255624
AACAAC,0.23310953991000144
AACAAG,0.16088122555608525
AACATA,-1.1725054149729013
AACATT,-0.3387836638002512
AACATC,-0.43561109928597985
AACATG,0.1292901044570439
AACACA,-0.024491020008295755
AACACT,0.1467865573121232
AACACC,0.594087465054141
AACACG,0.2136814165860917
AACAGA,0.10899523115416247
AACAGT,-1.488077055429833
AACAGC,0.4082808044043768
AACAGG,0.08313737887311602
AACTAA,-0.8167434513411176
AACTAT,-0.58551651636758
AACTAC,-0.1869042162050467
AACTAG,-0.7806435997149542
AACTTA,-0.5920201154340556
AACTTT,-0.45836560797260717
AACTTC,0.04633484759436746
AACTTG,-0.38461431262797374
AACTCA,0.40966385465451405
AACTCT,0.37636183014151686
AACTCC,0.5806953037264766
AACTCG,0.5805055444039806
AACTGA,-0.24269149886878622
AACTGT,-1.831781143577541
AACTGC,0.16688574866411549
AACTGG,0.1500166548078156
AACCAA,-0.22988812704385544
AACCAT,-0.0637673509970248
AACCAC,0.26104933988618206
AACCAG,-0.08496525996193215
AACCTA,-0.6576528491474776
AACCTT,0.043079521971274154
AACCTC,0.07835907675620346
AACCTG,0.05435796120545357
AACCCA,0.08111423201929618
AACCCT,0.2037349668704435
AACCCC,0.34462206733209544
AACCCG,0.4641193363600461
AACCGA,0.12154733719128816
AACCGT,-0.9431981847940795
AACCGC,0.3844046606468124
AACCGG,0.3610133455373305
AACGAA,-0.05297188476610566
AACGAT,0.6537101108502165
AACGAC,0.6521940470977936
AACGAG,0.09502566743627892
AACGTA,-2.5029716571856393
AACGTT,-1.652034156218663
AACGTC,-1.8215579646634603
AACGTG,-1.5702171992808192
AACGCA,0.22750431144564198
AACGCT,0.7872142909307821
AACGCC,0.8040945973783048
AACGCG,-0.6031304092812868
AACGGA,-0.17557844290906457
AACGGT,-0.9629064367105946
AACGGC,0.36503153852967385
AACGGG,-0.03173409540421998
AAGAAA,0.15046743441096186
AAGAAT,0.33444726124144164
AAGAAC,-0.2835067010413003
AAGAAG,0.35518230508368026
AAGATA,-0.330228719981528
AAGATT,-0.06131380938053561
AAGATC,-0.45490737533298364
AAGATG,-0.6521075818608314
AAGACA,0.6034644776213488
AAGACT,0.4141620348564139
AAGACC,-0.2735677813059845
AAGACG,0.37131649393168037
AAGAGA,-0.05991808633410369
AAGAGT,0.15311834901435423
AAGAGC,0.22851093926332924
AAGAGG,0.022660480656608063
AAGTAA,-0.5391061438444683
AAGTAT,-0.11976333751778234
AAGTAC,-2.5455312716044354
AAGTAG,-0.37871220903632835
AAGTTA,-0.5611844157080492
AAGTTT,-0.13709226217778234
AAGTTC,-0.5865013176814552
AAGTTG,-0.8377539818754974
AAGTCA,0.26702886643936613
AAGTCT,0.5052854433903753
AAGTCC,0.5071287618846645
AAGTCG,0.5857886622394459
AAGTGA,-0.05496458532376337
AAGTGT,0.23910585321373984
AAGTGC,-0.13901461403905394
AAGTGG,0.5397760252622218
AAGCAA,-0.46747883079000224
AAGCAT,-0.10337314067590554
AAGCAC,-0.17076802002233887
AAGCAG,-0.2586945355785286
AAGCTA,-0.7957496590393128
AAGCTT,-0.2382123710467723
AAGCTC,0.06717468916789293
AAGCTG,-0.6680562585664189
AAGCCA,0.09202938686471589
AAGCCT,0.43736385518887505
AAGCCC,0.34278772280034236
AAGCCG,0.27630908227951084
AAGCGA,0.4435182960602865
AAGCGT,0.5643316143958359
AAGCGC,-0.3655927168607871
AAGCGG,0.2855554837047403
AAGGAA,-0.22680832540333368
AAGGAT,0.18638778371521408
AAGGAC,0.08466119964467625
AAGGAG,-0.30997634092949217
AAGGTA,-0.3649385782081708
AAGGTT,-0.10340870155277448
AAGGTC,-0.6505875661411494
AAGGTG,-0.2936578725905123
AAGGCA,0.2511174033566158
AAGGCT,0.38706972987276195
AAGGCC,-0.7479343642017515
AAGGCG,0.1797623343990315
AAGGGA,0.13573161353412508
AAGGGT,0.10144201534609665
AAGGGC,0.293604582360162
AAGGGG,0.03161485638170301
ATAAAA,-0.0412767406059067
ATAAAT,-0.21799063300068944
ATAAAC,-0.2816803251242797
ATAAAG,0.10132053567860666
ATAATA,0.021566705558775486
ATAATT,-0.5236837787093593
ATAATC,-0.19558786969143147
ATAATG,0.10678603264904728
ATAACA,-0.13868782841582095
ATAACT,-0.38708415017339914
ATAACC,0.2984314646077803
ATAACG,0.6377880886661496
ATAAGA,-0.08362373209124244
ATAAGT,-0.1767505117444991
ATAAGC,0.00046378604835332644
ATAAGG,0.501099414509914
ATATAA,-0.5638873883311434
ATATAT,-1.2254643359249358
ATATAC,-0.4531472389232346
ATATAG,-0.05041838705289338
ATATTA,0.08628129568762807
ATATTT,-0.18768349993534003
ATATTC,0.2950370253310618
ATATTG,0.37795520824518036
ATATCA,-0.040483909206841556
ATATCT,-0.6268510181144985
ATATCC,0.6072103663863879
ATATCG,0.26199847771708556
ATATGA,-0.9064993627448771
ATATGT,-1.497998350699892
ATATGC,-0.7645220367158074
ATATGG,-0.5136341760880295
ATACAA,0.48304140976132903
ATACAT,-0.032131278182793294
ATACAC,0.5662978996658087
ATACAG,0.5419162108360218
ATACTA,-0.35800738917251096
ATACTT,0.025213156212963054
ATACTC,0.6959159871280783
ATACTG,0.5329259707666566
ATACCA,0.3030824437787248
ATACCT,-0.11647499099636818
ATACCC,0.5419807915457862
ATACCG,0.9702311220199029
ATACGA,0.7023948294816054
ATACGT,-2.0073747541214733
ATACGC,0.5156364793162329
ATACGG,0.5260930958967791
ATAGAA,0.2861328854649516
ATAGAT,-0.4353370464098845
ATAGAC,0.4631307499579735
ATAGAG,0.45722843775701255
ATAGTA,-0.04645644082321193
ATAGTT,-0.506982632486823
ATAGTC,-0.0014803851704342195
ATAGTG,-0.17335288681119418
ATAGCA,-0.5756141136587691
ATAGCT,-0.5749933134422095
ATAGCC,0.38366611455809796
ATAGCG,0.4226417585087544
ATAGGA,-0.11746092259191374
ATAGGT,-0.7865294631023996
ATAGGC,0.20081206819158717
ATAGGG,0.5300321766203719
ATTAAA,-0.013949539091337967
ATTAAT,-0.8113200037870405
ATTAAC,-0.4628812556563608
ATTAAG,-0.42806940571661617
ATTATA,-0.1308421033329386
ATTATT,-0.13227320498861
ATTATC,0.0651607566061304
ATTATG,-0.1323863711403697
ATTACA,0.17038074894729924
ATTACT,0.10385335636725498
ATTACC,0.2723477084516742
ATTACG,0.0813456394539524
ATTAGA,0.10279264924312956
ATTAGT,-0.40747314091140996
ATTAGC,-0.09634775493631842
ATTAGG,0.0928697212332909
ATTTAA,-0.5006182650653423
ATTTAT,-0.31206976050861135
ATTTAC,-0.4229443032678209
ATTTAG,-0.00021342439521842709
ATTTTA,0.33332606560972433
ATTTTT,-0.1596196181741014
ATTTTC,0.01769291400859297
ATTTTG,-0.022915221259695626
ATTTCA,0.24978771042710615
ATTTCT,0.3231194579324649
ATTTCC,-0.12446813539678162
ATTTCG,-0.37488648100267025
ATTTGA,0.07243653282006844
ATTTGT,-0.1939794178973759
ATTTGC,-0.1023744103035384
ATTTGG,-0.3163021296720805
ATTCAA,0.3343625502179552
ATTCAT,-0.03776636422529797
ATTCAC,0.05394933844566679
ATTCAG,0.23160622523294339
ATTCTA,0.3271025884090472
ATTCTT,0.2965776092423446
ATTCTC,-0.2094168104026652
ATTCTG,-0.01801850550267825
ATTCCA,0.5183614544546935
ATTCCT,0.5829065059415186
ATTCCC,0.37207531526567633
ATTCCG,-0.26154559884665507
ATTCGA,-1.8232043019357131
ATTCGT,0.19663843193421263
ATTCGC,0.3080493752762146
ATTCGG,-0.3967694011406105
ATTGAA,0.26077745866245805
ATTGAT,0.24168580142210053
ATTGAC,0.5951966011308241
ATTGAG,0.03985249163065012
ATTGTA,0.07481493577454174
ATTGTT,-0.092362740303572
ATTGTC,0.4047055182501459
ATTGTG,-0.14000755210253849
ATTGCA,0.13909468930985125
ATTGCT,-0.17013304025145756
ATTGCC,0.1059612966912165
ATTGCG,-0.10716990135384408
ATTGGA,0.1696665443088396
ATTGGT,0.014170277593229846
ATTGGC,-0.06785747539563489
ATTGGG,-0.4143639432502943
ATCAAA,0.09715681871084506
ATCAAT,0.19014330659454118
ATCAAC,-0.19185926127444336
ATCAAG,0.1275133202989595
ATCATA,-0.29284728119256687
ATCATT,-0.13014516266913623
ATCATC,-0.1377432893419721
ATCATG,-0.003357190183817028
ATCACA,-0.1277409884898182
ATCACT,0.1651120037420249
ATCACC,-0.13635758386035773
ATCACG,-0.09584012152313945
ATCAGA,-0.39547057738316876
ATCAGT,0.11099433337608221
ATCAGC,0.22568628470850816
ATCAGG,0.19864453082588507
ATCTAA,-0.7083227096585717
ATCTAT,-0.552134456283134
ATCTAC,-0.5268259651124318
ATCTAG,-0.8660155947101446
ATCTTA,-0.31776942863014335
ATCTTT,-0.2306413929327002
ATCTTC,-0.2890995071327543
ATCTTG,-0.2841717343174732
ATCTCA,-0.40408756189012784
ATCTCT,-0.054044387352773796
ATCTCC,-1.0197968977086398
ATCTCG,-0.413880305033449
ATCTGA,-0.8158766401516544
ATCTGT,-0.17859913824415508
ATCTGC,-0.5955536942397787
ATCTGG,-0.4112040047771824
ATCCAA,0.2572951668662056
ATCCAT,0.21795810400568402
ATCCAC,0.6571197303028805
ATCCAG,0.09156719352549043
ATCCTA,0.10675472989552051
ATCCTT,0.2212385872499351
ATCCTC,-0.4192993208377132
ATCCTG,0.4287060721476152
ATCCCA,0.07619751360199888
ATCCCT,0.2840906457542733
ATCCCC,0.14169268436884688
ATCCCG,0.15669253896232754
ATCCGA,-0.7520897161933953
ATCCGT,0.3302416868705768
ATCCGC,0.24473575362852457
ATCCGG,0.46215132773874273
ATCGAA,-2.312535423847214
ATCGAT,-0.987123833497137
ATCGAC,-2.1709566505156093
ATCGAG,-1.907930900990097
ATCGTA,0.5101896936968646
ATCGTT,0.5588675649300705
ATCGTC,0.5329015754651903
ATCGTG,0.508258228260745
ATCGCA,0.5185609438144113
ATCGCT,1.0279307030168245
ATCGCC,0.6786751479514109
ATCGCG,-0.43600734022926046
ATCGGA,-0.6644370746775139
ATCGGT,0.6956820361631334
ATCGGC,0.361189624293259
ATCGGG,-0.5331551001640793
ATGAAA,0.16922586275449308
ATGAAT,-0.17309407751307876
ATGAAC,-0.36029706810270057
ATGAAG,0.1287962275632382
ATGATA,-0.005875889105669306
ATGATT,-0.1491835721038314
ATGATC,-0.28269226849474355
ATGATG,-0.06624261412065809
ATGACA,0.20177872881651296
ATGACT,0.42657681104817996
ATGACC,-0.19244456442540311
ATGACG,0.04092513515259869
ATGAGA,-0.2968543794462043
ATGAGT,0.3150022475381644
ATGAGC,0.0388228506301122
ATGAGG,-0.30585608401264835
ATGTAA,-0.541429436179518
ATGTAT,0.05863008445140488
ATGTAC,-2.8094026953624978
ATGTAG,-0.4387924208661591
ATGTTA,-0.3689441954872998
ATGTTT,-0.21767669839513687
ATGTTC,-0.3784364357202451
ATGTTG,-0.5631137062066588
ATGTCA,-0.16280874257037287
ATGTCT,0.46850619188707887
ATGTCC,0.07472354619593657
ATGTCG,-0.023716526617316044
ATGTGA,-0.36885051986886586
ATGTGT,-0.2746579267891738
ATGTGC,-0.5248311333778445
ATGTGG,0.15239783099984378
ATGCAA,0.26386774154077836
ATGCAT,-0.26209047938706764
ATGCAC,0.13185213110480254
ATGCAG,0.047415270842404295
ATGCTA,-0.41210965082683304
ATGCTT,-0.1991398039657889
ATGCTC,0.5105253685468005
ATGCTG,0.3348981337057616
ATGCCA,0.004111002706522288
ATGCCT,0.6253768356025919
ATGCCC,0.5267169911026253
ATGCCG,0.18937937171100216
ATGCGA,0.6111832427085149
ATGCGT,0.5114274895680894
ATGCGC,-0.27125321188473717
ATGCGG,0.4687922420594385
ATGGAA,0.02827621497011182
ATGGAT,0.1919093579491082
ATGGAC,0.08096906253366709
ATGGAG,-0.04196419909903219
ATGGTA,0.17582099219086117
ATGGTT,0.0003817522474307139
ATGGTC,-0.30758753279859363
ATGGTG,0.20777552108589578
ATGGCA,0.16658397574594433
ATGGCT,0.21757250626475438
ATGGCC,-0.9748544078705673
ATGGCG,0.17802652649464693
ATGGGA,-0.18543197920834703
ATGGGT,-0.3288748591472725
ATGGGC,-0.2459188628762623
ATGGGG,0.16819109445024147
ACAAAA,-0.2535702379449179
ACAAAT,-0.08103665636237631
ACAAAC,0.3353951623573641
ACAAAG,-0.23685581317819174
ACAATA,0.39102442395337006
ACAATT,-0.2631144520495604
ACAATC,0.06695666167359327
ACAATG,-0.062035390919452635
ACAACA,0.33832580527053585
ACAACT,-0.3823284619894493
ACAACC,0.47322209936761095
ACAACG,0.1856328180976107
ACAAGA,0.048328732184008495
ACAAGT,-0.2362283030578681
ACAAGC,0.41871033485818504
ACAAGG,0.08429097547640695
ACATAA,-0.7854835505551645
ACATAT,-1.6620707347852552
ACATAC,-0.17797183266748884
ACATAG,-0.4562103071133997
ACATTA,0.0017406444777841182
ACATTT,-0.7503549028489066
ACATTC,0.16761015814461327
ACATTG,-0.143590919612256
ACATCA,-0.09133824289969134
ACATCT,-0.5384615983396174
ACATCC,-0.35631516699655325
ACATCG,0.2267213726620936
ACATGA,-0.14835886360622474
ACATGT,-0.19517850941756745
ACATGC,0.3887124871895459
ACATGG,0.0030816665374081144
ACACAA,-0.2079110669942891
ACACAT,-0.3678551497233117
ACACAC,-0.3196833234587112
ACACAG,0.07724426708151799
ACACTA,-0.012295236857037466
ACACTT,0.1959242942518238
ACACTC,0.06427365555530491
ACACTG,-0.3421251629240011
ACACCA,0.46034520691500086
ACACCT,-0.1917216813058697
ACACCC,0.4424192625597819
ACACCG,0.711822689988219
ACACGA,0.5701124527407655
ACACGT,-1.430311246536665
ACACGC,0.3196336722583833
ACACGG,-0.22912562299175715
ACAGAA,0.5292310513087061
ACAGAT,-0.22651813269435517
ACAGAC,0.5847005228502505
ACAGAG,0.732033066053334
ACAGTA,-1.2669476034873244
ACAGTT,-2.5776883832389665
ACAGTC,-0.8064758658669484
ACAGTG,-0.9785539391745907
ACAGCA,0.3995195154734109
ACAGCT,0.11893432575162789
ACAGCC,0.5734826768038562
ACAGCG,0.43221373619633735
ACAGGA,0.7349443092384068
ACAGGT,-0.2231435513142097
ACAGGC,0.6256226912438123
ACAGGG,0.28281588280060804
ACTAAA,0.17113764617254026
ACTAAT,-0.30096554816430315
ACTAAC,0.34709584371936447
ACTAAG,-0.5052545787165352
ACTATA,-0.21140829509578882
ACTATT,-0.5048075514404275
ACTATC,0.11766836333242318
ACTATG,-0.4791214183436782
ACTACA,0.01649899938003507
ACTACT,-0.25593337413720063
ACTACC,0.4991420070575044
ACTACG,-0.34370990392144357
ACTAGA,-0.32121931936594417
ACTAGT,-1.3021360531126671
ACTAGC,-0.5080146591603405
ACTAGG,-0.37664805968473264
ACTTAA,-1.0225721716657552
ACTTAT,0.009491152903878173
ACTTAC,0.04123598748828751
ACTTAG,-1.1942831537784189
ACTTTA,0.21700048680049572
ACTTTT,-0.2928328185764327
ACTTTC,-0.13760471801215854
ACTTTG,-0.3101549283038396
ACTTCA,0.4469666813158036
ACTTCT,0.6886434487138018
ACTTCC,0.37952249535503246
ACTTCG,0.03016043246007789
ACTTGA,-0.06316610645298709
ACTTGT,-0.13861106182460375
ACTTGC,0.32626514072091567
ACTTGG,-0.22657656579799526
ACTCAA,0.33130773006030934
ACTCAT,0.29713840769381644
ACTCAC,0.29144093187246595
ACTCAG,-0.2883397508707518
ACTCTA,0.3784096802253337
ACTCTT,0.22694750615719675
ACTCTC,0.28896494626466995
ACTCTG,0.2207878376217507
ACTCCA,0.24963944700593055
ACTCCT,0.22223816419939718
ACTCCC,0.7216058687244838
ACTCCG,0.07750356115486004
ACTCGA,-1.5085119938441398
ACTCGT,0.48664482556877586
ACTCGC,0.6489759622468079
ACTCGG,0.10160111273392071
ACTGAA,0.36052603984083
ACTGAT,0.21367079339424727
ACTGAC,0.02054866822738776
ACTGAG,-0.17752077945059808
ACTGTA,-1.992998185154215
ACTGTT,-1.4350845252893227
ACTGTC,-1.4350845252893225
ACTGTG,-1.7298840655099674
ACTGCA,0.03822121282019767
ACTGCT,0.1642010156807597
ACTGCC,0.6229429218866968
ACTGCG,-0.41082705124954977
ACTGGA,0.4097847692526808
ACTGGT,0.07462668920520758
ACTGGC,0.027398974188114347
ACTGGG,-0.17504879746487476
ACCAAA,-0.27405756889243726
ACCAAT,-0.06238102299755
ACCAAC,0.04613268145749301
ACCAAG,-0.2822207580137849
ACCATA,0.047859225078705006
ACCATT,0.07020064400419868
ACCATC,-0.46358060670510753
ACCATG,-0.014551590640310684
ACCACA,0.2173631883987103
ACCACT,0.509912798508631
ACCACC,0.5068367872047579
ACCACG,0.20494284666736334
ACCAGA,-0.26109199966483443
ACCAGT,0.04779066383634848
ACCAGC,0.0050633019565466345
ACCAGG,-0.29316153821640645
ACCTAA,-1.0032047805265627
ACCTAT,-0.6170163032170574
ACCTAC,-0.295876256340817
ACCTAG,-1.1469213366387014
ACCTTA,0.16561970717602315
ACCTTT,-0.22733708079588877
ACCTTC,-0.8167611365271219
ACCTTG,-0.2619961437197301
ACCTCA,-0.2971822569998011
ACCTCT,0.11726233790965403
ACCTCC,-0.31481073984003355
ACCTCG,-1.0516953688803579
ACCTGA,-0.36896470588863783
ACCTGT,0.02562678373215182
ACCTGC,-0.29464308242481607
ACCTGG,-0.3586729466014054
ACCCAA,-0.06737540247277077
ACCCAT,-0.06169356900534002
ACCCAC,0.2969908012659594
ACCCAG,-0.2879451957265525
ACCCTA,0.3749080976491556
ACCCTT,-0.12725060848605066
ACCCTC,-0.2318329615283696
ACCCTG,-0.00543972329581821
ACCCCA,0.2082733888347584
ACCCCT,0.5839982296556501
ACCCCC,0.09814565664612879
ACCCCG,-0.5350939682125352
ACCCGA,-0.25979686896224513
ACCCGT,0.21961205853273877
ACCCGC,0.21031538706009764
ACCCGG,0.505576267879847
ACCGAA,0.04052652989999367
ACCGAT,0.6215769880586935
ACCGAC,0.08662460460035641
ACCGAG,-0.14370672066617501
ACCGTA,-0.8043728156701697
ACCGTT,-1.0026140415118971
ACCGTC,-1.1662709371419246
ACCGTG,-0.06997098624887906
ACCGCA,0.43107768396489066
ACCGCT,0.9098390965926664
ACCGCC,0.5951043438251332
ACCGCG,-0.8590749275782235
ACCGGA,0.27337055805852517
ACCGGT,1.1445803517569073
ACCGGC,0.7093700160668327
ACCGGG,0.26335574681470075
ACGAAA,-0.5532199352668138
ACGAAT,0.2206566064860381
ACGAAC,0.1939271029142625
ACGAAG,-0.42470146939863324
ACGATA,0.7641515732518035
ACGATT,0.6854720549395454
ACGATC,0.5385848934002654
ACGATG,0.20817827081206475
ACGACA,0.7922594509538325
ACGACT,1.064814909084819
ACGACC,0.50951414816818
ACGACG,-0.30306317449008335
ACGAGA,-0.4916743306973647
ACGAGT,0.3361304147071002
ACGAGC,0.23115427506028868
ACGAGG,-1.3404309443267095
ACGTAA,-1.9616027008949466
ACGTAT,-1.7276249068921798
ACGTAC,-3.891820298110627
ACGTAG,-2.4690407080116827
ACGTTA,-1.5775627039036515
ACGTTT,-1.8296503429394513
ACGTTC,-1.2172838183856083
ACGTTG,-2.4886035116693264
ACGTCA,-1.9572739077056285
ACGTCT,-1.1458895932449114
ACGTCC,-1.7445065843775096
ACGTCG,-2.186051276738094
ACGTGA,-1.4993041180236164
ACGTGT,-1.414368782817643
ACGTGC,-1.560134102857936
ACGTGG,-2.519710571982692
ACGCAA,-0.04375439967530988
ACGCAT,0.4359047535862016
ACGCAC,0.16726309291975305
ACGCAG,-0.23540452601626846
ACGCTA,0.5603468711896253
ACGCTT,0.4600293639728763
ACGCTC,0.8950970836322681
ACGCTG,0.578562476666216
ACGCCA,0.488352767913932
ACGCCT,0.7298111649315366
ACGCCC,0.7522314343927388
ACGCCG,0.4121695604554805
ACGCGA,-1.4479565068059828
ACGCGT,-1.1905497839937953
ACGCGC,-0.43648464595881886
ACGCGG,-2.3938466842723702
ACGGAA,-0.6233776100048215
ACGGAT,0.2868791820031905
ACGGAC,0.30511713427388243
ACGGAG,-0.3105322156125971
ACGGTA,-0.9932517730102833
ACGGTT,-0.8060875917405407
ACGGTC,-0.6737290947028438
ACGGTG,-0.154771605025724
ACGGCA,0.30847284212085474
ACGGCT,0.667029692405091
ACGGCC,-0.06074345016901957
ACGGCG,0.02929827280200452
ACGGGA,-0.32208349916911333
ACGGGT,-0.049655590445860834
ACGGGC,-0.08004270767353637
ACGGGG,-1.1004624279562711
AGAAAA,0.14156608527405143
AGAAAT,0.4795801569269371
AGAAAC,0.02488166637673669
AGAAAG,-0.14365157897959746
AGAATA,0.39971992457586136
AGAATT,0.2721713863106666
AGAATC,-0.0697333380146752
AGAATG,0.19740244583617236
AGAACA,-0.49278680317631235
AGAACT,-0.2633076607638744
AGAACC,-0.5576834201843688
AGAACG,-0.20913281424461144
AGAAGA,0.523394966623033
AGAAGT,0.7078796787579532
AGAAGC,0.16251892949777494
AGAAGG,-0.3701832939635246
AGATAA,-0.5368094261429894
AGATAT,-0.6678293725756553
AGATAC,-0.13015691113449293
AGATAG,-0.3777484017500948
AGATTA,-0.4225065739630161
AGATTT,-0.09010941000521762
AGATTC,-0.29950704238774145
AGATTG,-0.19838458581163204
AGATCA,-0.5439791212381678
AGATCT,-1.0252238057081202
AGATCC,-0.24940364648398622
AGATCG,-0.13613217432458005
AGATGA,-0.22349747097814124
AGATGT,-0.7807993778214244
AGATGC,-1.183314453860241
AGATGG,-0.9450303894908776
AGACAA,0.42626823573792755
AGACAT,0.20067069546215124
AGACAC,0.5781964348810741
AGACAG,0.691998415356072
AGACTA,0.0902917373770712
AGACTT,0.3725789971911219
AGACTC,0.2576467273938794
AGACTG,0.0824086884796238
AGACCA,-0.4334924203628202
AGACCT,-0.7171221756096534
AGACCC,-0.2528517075997926
AGACCG,-0.34240697214102755
AGACGA,0.43989730452964854
AGACGT,-0.6746437089953856
AGACGC,0.4184523036349755
AGACGG,0.35014324207551734
AGAGAA,-0.3141292424666292
AGAGAT,-0.08809497336043795
AGAGAC,0.5845133395571499
AGAGAG,0.4775534248870625
AGAGTA,0.2967553686574558
AGAGTT,0.36932070313902016
AGAGTC,0.2667641737901001
AGAGTG,0.2750283866832214
AGAGCA,0.4071298981905546
AGAGCT,-0.057337224747890415
AGAGCC,0.34812111386497374
AGAGCG,0.5385630971286529
AGAGGA,-0.3379388709589073
AGAGGT,0.026111144003685804
AGAGGC,-0.18384944097200778
AGAGGG,0.2097297646350408
AGTAAA,-0.5096631225971253
AGTAAT,0.05106146408629194
AGTAAC,0.5506318741664104
AGTAAG,0.1232081728984702
AGTATA,-0.2768339703014817
AGTATT,0.4836021651553343
AGTATC,0.28768207245178085
AGTATG,-0.5364110015840825
AGTACA,-2.3500137865651567
AGTACT,-1.9058319254879028
AGTACC,-1.9070703157390494
AGTACG,-2.114245463874528
AGTAGA,-0.436851421928835
AGTAGT,-0.03012974145202927
AGTAGC,-0.32382111906765426
AGTAGG,0.16117273230097814
AGTTAA,-0.9180571266809778
AGTTAT,-0.42355011844909407
AGTTAC,0.10692668669057136
AGTTAG,-0.5912054716509045
AGTTTA,-0.3966897751835016
AGTTTT,0.1369990357752641
AGTTTC,0.06726951964880283
AGTTTG,0.3908004347039174
AGTTCA,-0.5179698541902469
AGTTCT,-0.3564396221350814
AGTTCC,-0.4978145159494572
AGTTCG,-0.16038122957789439
AGTTGA,-0.7388996753218656
AGTTGT,-0.3199268470245094
AGTTGC,-0.44468582126144557
AGTTGG,-0.25097596153203255
AGTCAA,0.3777930257315752
AGTCAT,0.3159186330205895
AGTCAC,-1.8786165133213217
AGTCAG,-0.0025940351770466466
AGTCTA,0.023563113728140902
AGTCTT,0.4732048736733342
AGTCTC,0.2886214806937166
AGTCTG,0.24907940628974296
AGTCCA,0.2613647641344075
AGTCCT,0.4524536175440836
AGTCCC,0.4574248470388755
AGTCCG,-0.029117398570727097
AGTCGA,-1.5799154731677787
AGTCGT,0.8600876353155976
AGTCGC,0.624836712399826
AGTCGG,0.2657031657330057
AGTGAA,-0.1141470159582351
AGTGAT,0.19249869160787447
AGTGAC,-1.6446441681687198
AGTGAG,0.06038051098890748
AGTGTA,0.047570435899544856
AGTGTT,0.0843832545833604
AGTGTC,0.46224162391024626
AGTGTG,-0.2700783680335329
AGTGCA,-0.271795679732163
AGTGCT,-0.1915382118988787
AGTGCC,0.27115277050057046
AGTGCG,-0.12158182706372371
AGTGGA,0.6509144169366724
AGTGGT,0.6389661677556369
AGTGGC,0.20037834054119733
AGTGGG,0.5203043677205345
AGCAAA,-0.4920272824249714
AGCAAT,-0.13818285616230933
AGCAAC,-0.17056203638704828
AGCAAG,-0.025505290408361775
AGCATA,-0.48069290120757474
AGCATT,0.01652654257311917
AGCATC,-0.4494507205588516
AGCATG,0.6263759405901795
AGCACA,-0.6966003310639663
AGCACT,-0.2237345096688454
AGCACC,-0.06027854117619212
AGCACG,-0.31676328175262264
AGCAGA,-0.5017683366534811
AGCAGT,0.24937752977027927
AGCAGC,-0.4358019452367281
AGCAGG,0.11296511504304563
AGCTAA,-0.8275710319674876
AGCTAT,-0.5469508916273254
AGCTAC,-0.8471667901989303
AGCTAG,-1.1181994219434146
AGCTTA,-0.5712979559567392
AGCTTT,-0.3236066940801433
AGCTTC,-0.5582543173371017
AGCTTG,0.06266474493137913
AGCTCA,-0.4001967389914041
AGCTCT,0.002085506491021361
AGCTCC,-0.3431567534899364
AGCTCG,-0.3360796949086159
AGCTGA,-0.6687447044473436
AGCTGT,-0.04086219471724159
AGCTGC,-1.106275161413679
AGCTGG,-0.549653795206675
AGCCAA,-0.004628447450187061
AGCCAT,0.09048059122364109
AGCCAC,0.24142947224835196
AGCCAG,0.1571001389972182
AGCCTA,0.16125621449309765
AGCCTT,0.5108256237659907
AGCCTC,-0.3112125698619751
AGCCTG,0.5997731097824868
AGCCCA,-0.0148021858051355
AGCCCT,0.216223108469636
AGCCCC,0.11765215416938293
AGCCCG,-0.22805454952083715
AGCCGA,0.1505659524258731
AGCCGT,0.5932251555330574
AGCCGC,-0.08812377174773017
AGCCGG,0.5782285293672442
AGCGAA,0.17093156140958674
AGCGAT,1.0186617086836152
AGCGAC,0.5806691971332549
AGCGAG,0.612230144649056
AGCGTA,0.24032020171479973
AGCGTT,0.8071555760488308
AGCGTC,0.6620783508302978
AGCGTG,0.5312926321153963
AGCGCA,-0.4188027748107985
AGCGCT,0.1682579003457369
AGCGCC,-0.6074678938165817
AGCGCG,-0.16256350502730244
AGCGGA,0.20236483804497463
AGCGGT,0.9759966581735172
AGCGGC,0.22618050320127123
AGCGGG,0.16655181847545084
AGGAAA,-0.5454177264301301
AGGAAT,0.399868553180007
AGGAAC,-0.6287732549292884
AGGAAG,-0.43161590239634606
AGGATA,0.05711516218015957
AGGATT,0.46702669824545856
AGGATC,-0.08170952906139077
AGGATG,-1.077705603848796
AGGACA,-0.013121087962697212
AGGACT,0.23987567619248157
AGGACC,-0.8721738414570475
AGGACG,-0.3862337461802769
AGGAGA,-0.7498425242364904
AGGAGT,0.10901015474537563
AGGAGC,-0.05379017458613769
AGGAGG,-0.2975470462992209
AGGTAA,-0.5758882011105043
AGGTAT,-0.1918910078101054
AGGTAC,-1.3624000409204544
AGGTAG,-0.6398532186160977
AGGTTA,-0.39184622057336044
AGGTTT,-0.03974032864951411
AGGTTC,-0.7378860225101985
AGGTTG,-0.28354617290773254
AGGTCA,-0.9858167945227653
AGGTCT,-1.0362559422931625
AGGTCC,-1.6188056624377005
AGGTCG,-0.43556313926544393
AGGTGA,-0.9089623575123176
AGGTGT,-0.24501443167444836
AGGTGC,-0.6345678794414615
AGGTGG,-0.44633388515983075
AGGCAA,0.16550632492022468
AGGCAT,0.42793796396022304
AGGCAC,0.5334608304585714
AGGCAG,-0.00405680069561443
AGGCTA,-0.02292717214157127
AGGCTT,0.33696539142821
AGGCTC,0.43026446796885676
AGGCTG,0.050430853626891904
AGGCCA,-0.9947937933620987
AGGCCT,-0.686820905507068
AGGCCC,-0.7023900476411229
AGGCCG,-0.6410438415756504
AGGCGA,0.2809252899889011
AGGCGT,0.5885346080933069
AGGCGC,-0.6745438338392478
AGGCGG,-0.16085087239707785
AGGGAA,0.09741635663444397
AGGGAT,0.6178095164037077
AGGGAC,0.20983958568784697
AGGGAG,0.36900906614717677
AGGGTA,0.15990268350554102
AGGGTT,0.3925462362852509
AGGGTC,-0.16864825489374485
AGGGTG,0.2309475553348231
AGGGCA,0.3340224097104829
AGGGCT,0.4921379125684182
AGGGCC,-0.5709426196456845
AGGGCG,0.43105670117287764
AGGGGA,-0.12359746234608426
AGGGGT,0.4123553289722894
AGGGGC,0.08822423341483901
AGGGGG,0.004231589311078109
TAAAAA,0.060195475407181835
TAAAAT,0.2651687397828137
TAAAAC,0.445034429736162
TAAAAG,0.3443479079948611
TAAATA,-0.27880073913737624
TAAATT,-0.14570844156288495
TAAATC,0.009716576046208908
TAAATG,-0.48469404532619237
TAAACA,-0.30137630374250673
TAAACT,-0.44626610503264347
TAAACC,-0.28063248903751764
TAAACG,-0.1669228639825988
TAAAGA,0.5673225744253193
TAAAGT,0.1480265436210387
TAAAGC,0.03999502007174216
TAAAGG,0.323719185204915
TAATAA,-0.21678396098013117
TAATAT,0.029636536355199156
TAATAC,0.1368237851136113
TAATAG,-0.17165885104991446
TAATTA,-0.9951574429533638
TAATTT,-0.3668022484389044
TAATTC,0.3038767583717616
TAATTG,-0.4794923667544369
TAATCA,-0.4464025598805002
TAATCT,-0.506817602368452
TAATCC,-0.0015294420518981596
TAATCG,0.08237099743312756
TAATGA,0.1864992854468859
TAATGT,-0.1351747783682526
TAATGC,-0.07993359097311711
TAATGG,0.30768984899475676
TAACAA,-0.1581999514306313
TAACAT,-0.321420212083631
TAACAC,0.227401896996787
TAACAG,0.2748110738605591
TAACTA,-0.8527252821225688
TAACTT,-0.462971385117961
TAACTC,0.0
TAACTG,-0.402464355668926
TAACCA,0.042227476128989985
TAACCT,-0.1956073935056044
TAACCC,0.44183275227903923
TAACCG,0.22884157242884745
TAACGA,0.6160134874896864
TAACGT,-1.4206124926807882
TAACGC,0.7260043457177203
TAACGG,0.3507674768080393
TAAGAA,-0.41871033485818493
TAAGAT,-0.35356666998051306
TAAGAC,0.044284202248726055
TAAGAG,-0.20017917419396114
TAAGTA,-0.9079634733700478
TAAGTT,-0.6609104260549877
TAAGTC,-0.12815984882261167
TAAGTG,-0.4650044520287041
TAAGCA,-0.3722036149739705
TAAGCT,-0.5015676085390373
TAAGCC,0.09395137877997699
TAAGCG,-0.07711282075241727
TAAGGA,0.5973439446194094
TAAGGT,0.17634957690118977
TAAGGC,0.24359140451745692
TAAGGG,0.428654349941824
TATAAA,-0.05121254578585495
TATAAT,-0.23081458829146353
TATAAC,0.2889023288570103
TATAAG,0.22765823166873636
TATATA,-0.9150900112976361
TATATT,-0.5327352400191062
TATATC,-0.08838174562236063
TATATG,-0.8913083576807764
TATACA,0.0815498669641077
TATACT,-0.25822003972146473
TATACC,0.21874148991357215
TATACG,-0.09015109699429745
TATAGA,0.14467193587271454
TATAGT,-0.17526206508099584
TATAGC,0.05499582016212375
TATAGG,0.23267155756586436
TATTAA,-0.37976776261288
TATTAT,0.036871474775904786
TATTAC,0.3389142402767646
TATTAG,0.10146092504711765
TATTTA,-0.33048204259820924
TATTTT,0.09459447354184994
TATTTC,-0.16032538324217518
TATTTG,-0.1504128883401259
TATTCA,0.27562201575778306
TATTCT,0.28568975643771
TATTCC,0.4162134546595978
TATTCG,0.20032887354803838
TATTGA,0.42003180789204014
TATTGT,0.3111838408341634
TATTGC,0.22256768029340032
TATTGG,0.23574821980263636
TATCAA,0.20973870635625516
TATCAT,0.029764652206794185
TATCAC,-0.09268435772665737
TATCAG,0.2260890615439666
TATCTA,-0.7317166400269067
TATCTT,-0.2585249422967295
TATCTC,-0.543424552248419
TATCTG,-0.6063213151189413
TATCCA,0.7780037160200641
TATCCT,0.17461410934674998
TATCCC,0.4119654069517525
TATCCG,0.4620354595965586
TATCGA,-2.018895041811802
TATCGT,0.6495404954634098
TATCGC,0.7484733639251717
TATCGG,0.32581950160136697
TATGAA,-0.10437806928753948
TATGAT,-0.23687711893585692
TATGAC,0.0804723532225732
TATGAG,-0.19922336759655782
TATGTA,-1.149751250159297
TATGTT,-0.9654518847326872
TATGTC,-0.4692593046858783
TATGTG,-0.2784102496776932
TATGCA,-0.3669686027879485
TATGCT,-0.6209107123271517
TATGCC,0.052413742684040136
TATGCG,0.08729286889859618
TATGGA,0.09207128353914358
TATGGT,0.028885417904565124
TATGGC,0.13904623611268377
TATGGG,0.06662019702552167
TACAAA,0.007961980113206436
TACAAT,0.12873386684313512
TACAAC,0.4050467855753959
TACAAG,0.46348750922136817
TACATA,-1.108170978259663
TACATT,-0.47070959468275075
TACATC,-0.6033771811312357
TACATG,-0.03830996627794283
TACACA,-0.3629852671328314
TACACT,0.1325466559619831
TACACC,0.3043069584214164
TACACG,0.2561834053924099
TACAGA,0.4645989062707571
TACAGT,-1.095273387402595
TACAGC,0.35754640368887336
TACAGG,0.6999731456303452
TACTAA,-0.32695590786595813
TACTAT,-0.02422043189378881
TACTAC,0.17320659802827118
TACTAG,-0.22841266399422155
TACTTA,-0.734654654371294
TACTTT,-0.39281528955197437
TACTTC,-0.015630627435550038
TACTTG,0.12195840706686424
TACTCA,0.4900456552742454
TACTCT,0.16402836374662919
TACTCC,0.20763936477824455
TACTCG,0.17551550232495525
TACTGA,0.4157450387279138
TACTGT,-1.864080130807681
TACTGC,0.4498311110631489
TACTGG,0.4744579795951157
TACCAA,-0.0026128625693968223
TACCAT,0.010997754209541502
TACCAC,0.24968310654882198
TACCAG,0.034552381506659735
TACCTA,-0.5427033898379262
TACCTT,-0.33262459816914225
TACCTC,-0.40546510810816444
TACCTG,-0.47530868147542865
TACCCA,0.3465979559883756
TACCCT,0.19053410134816987
TACCCC,0.20313823189745298
TACCCG,0.46715056026332913
TACCGA,0.42275660521822545
TACCGT,-0.8986357966354342
TACCGC,0.8357420793378147
TACCGG,1.1947048973951544
TACGAA,-0.4411309754790488
TACGAT,0.5168825774741805
TACGAC,0.5758580940368452
TACGAG,-0.242416096435242
TACGTA,-3.288401887516811
TACGTT,-2.6380364004811514
TACGTC,-2.6504210882655737
TACGTG,-1.6486586255873819
TACGCA,0.04491916150432534
TACGCT,0.1698571879117103
TACGCC,0.4643056081310979
TACGCG,-1.0236492501946544
TACGGA,0.18282801413574995
TACGGT,-0.5877866649021192
TACGGC,0.6231411772402407
TACGGG,-0.34471970605123003
TAGAAA,0.46740015367695614
TAGAAT,0.3414432493432334
TAGAAC,-0.2667388986065377
TAGAAG,0.7280344395603858
TAGATA,-0.7844533510108879
TAGATT,-0.5759905977175341
TAGATC,-0.818784594331473
TAGATG,-0.4035985653357298
TAGACA,0.5493886585003012
TAGACT,-0.07857643175100905
TAGACC,-0.5789400607618256
TAGACG,0.355240223463072
TAGAGA,0.34341774465370684
TAGAGT,0.4021138394279605
TAGAGC,0.43176959599489945
TAGAGG,0.19046090388385123
TAGTAA,-0.09328793442355701
TAGTAT,-0.2557108799767545
TAGTAC,-2.0810028222467882
TAGTAG,0.03437728907761305
TAGTTA,-1.0724878338707011
TAGTTT,-0.3923993524317343
TAGTTC,-0.8074152741088843
TAGTTG,-0.8092759561203023
TAGTCA,0.14290463055263095
TAGTCT,-0.08395660699467275
TAGTCC,0.2134920018619881
TAGTCG,0.39304258810960735
TAGTGA,0.12803571191458163
TAGTGT,-0.20307250089899365
TAGTGC,-0.09626666003028166
TAGTGG,0.5557189615310069
TAGCAA,-0.7952920051049293
TAGCAT,-0.31681866653843616
TAGCAC,-0.5030782992939399
TAGCAG,-0.5183647009391567
TAGCTA,-1.089042837651959
TAGCTT,-0.7747454542698116
TAGCTC,-0.6427234514445791
TAGCTG,-0.7869900086703203
TAGCCA,0.14116022591540062
TAGCCT,0.07414614810669373
TAGCCC,0.2366038549550477
TAGCCG,0.2500165695653062
TAGCGA,0.7413640324017919
TAGCGT,0.6196284836147897
TAGCGC,-0.0998203352822109
TAGCGG,0.5798941639753118
TAGGAA,-0.3744190215456176
TAGGAT,-0.023127911911253997
TAGGAC,-0.40546510810816444
TAGGAG,-0.08681755975867124
TAGGTA,-0.7749982069902654
TAGGTT,-0.7966442589688523
TAGGTC,-1.6704981691953467
TAGGTG,-1.2476868154635075
TAGGCA,0.5911188638221477
TAGGCT,0.17109449420017114
TAGGCC,-0.7884573603642702
TAGGCG,0.01625073378974971
TAGGGA,0.8315254652464451
TAGGGT,0.6247417572802209
TAGGGC,0.4662991590698466
TAGGGG,0.490906450010226
TTAAAA,0.2639069350597432
TTAAAT,-0.40175047475344544
TTAAAC,-0.19565706335256486
TTAAAG,0.23924801742113974
TTAATA,-0.39048260336798535
TTAATT,-0.7527858967221305
TTAATC,-0.26521801194522565
TTAATG,0.13749230398106388
TTAACA,-0.40340643522462794
TTAACT,-0.7323678937132265
TTAACC,0.04162359776959158
TTAACG,0.182248164991786
TTAAGA,-0.41449286247986167
TTAAGT,-0.9605536567404954
TTAAGC,-0.22104110405657842
TTAAGG,0.39141634575846057
TTATAA,0.06662351405365136
TTATAT,-0.5457785256934493
TTATAC,0.2998773455455992
TTATAG,0.27337948372114407
TTATTA,-0.15483891110012266
TTATTT,-0.24297848096038827
TTATTC,0.16664172769364494
TTATTG,0.30383246256435253
TTATCA,-0.061195561026919795
TTATCT,-0.3772553576939715
TTATCC,0.4917471436607521
TTATCG,0.48509766824347117
TTATGA,-0.06615107004669991
TTATGT,-0.6155491652984174
TTATGC,-0.08145314514289864
TTATGG,0.18654097233666278
TTACAA,0.19185841381717542
TTACAT,-0.6151856390902334
TTACAC,0.082189877579233
TTACAG,0.4565170023738427
TTACTA,-0.011834457647002796
TTACTT,-0.39901578442825736
TTACTC,0.4290875215072094
TTACTG,0.38952145771102836
TTACCA,-0.044944827237169874
TTACCT,-0.4247893809345673
TTACCC,0.3383879460193519
TTACCG,0.6501628197573603
TTACGA,-0.14331939899068535
TTACGT,-2.184095285894427
TTACGC,-0.05093514007227364
TTACGG,0.09317453089229488
TTAGAA,0.716011288030908
TTAGAT,-0.6018267787435061
TTAGAC,0.3925408571272292
TTAGAG,0.45100712855508046
TTAGTA,-0.5768575943699288
TTAGTT,-0.838112950810131
TTAGTC,0.42215998668033444
TTAGTG,0.443177155947912
TTAGCA,-0.7492835669313559
TTAGCT,-0.9268349457498263
TTAGCC,0.3040739535332124
TTAGCG,0.5229070447401948
TTAGGA,-0.1578744023989729
TTAGGT,-1.1060188450446446
TTAGGC,0.28787421386845435
TTAGGG,0.7688080508655207
TTTAAA,0.16884650879082083
TTTAAT,-0.07395705533375589
TTTAAC,0.14753446576507354
TTTAAG,0.029694182584088707
TTTATA,-0.035175012325023576
TTTATT,-0.14027710756138642
TTTATC,0.14387037041970183
TTTATG,-0.13659582237635604
TTTACA,-0.3033956611453535
TTTACT,-0.378892952505165
TTTACC,-0.04711596320914561
TTTACG,-0.6901193454762685
TTTAGA,0.6043228329877399
TTTAGT,0.11852777273800898
TTTAGC,0.1727078099703948
TTTAGG,0.5085262435852694
TTTTAA,0.2720794063595332
TTTTAT,-0.013324142306828726
TTTTAC,-0.04284457153467849
TTTTAG,0.45668057694165504
TTTTTA,0.044666169710391924
TTTTTT,-0.4904402978900736
TTTTTC,0.012521222678518464
TTTTTG,-0.08732951398210086
TTTTCA,0.06088836967501239
TTTTCT,0.12202249366234773
TTTTCC,-0.20786615357585
TTTTCG,-0.6578397880239291
TTTTGA,0.1319383309547494
TTTTGT,-0.2172862101494994
TTTTGC,-0.11382155243452922
TTTTGG,-0.10772413232758851
TTTCAA,0.13119828227314767
TTTCAT,0.1682948024730718
TTTCAC,-0.05744598980360718
TTTCAG,0.2280488008376618
TTTCTA,0.4653178504808444
TTTCTT,0.1127557613663383
TTTCTC,-0.3724740071684573
TTTCTG,-0.0492638733208769
TTTCCA,0.02491206112787218
TTTCCT,-0.3878959398406357
TTTCCC,-0.3259876290600741
TTTCCG,-1.0666246131747126
TTTCGA,-3.632309102625542
TTTCGT,-0.5160359072313975
TTTCGC,-0.28884418763195835
TTTCGG,-0.6741682139621425
TTTGAA,0.1805587220438648
TTTGAT,0.1209987701436226
TTTGAC,0.21381222388532553
TTTGAG,0.2628181762218721
TTTGTA,0.07891365046289724
TTTGTT,-0.25466540435997165
TTTGTC,0.022245608947319737
TTTGTG,-0.18118454700687944
TTTGCA,0.1260628875367873
TTTGCT,-0.4285938924009108
TTTGCC,-0.010501846810312547
TTTGCG,-0.2894745367901757
TTTGGA,0.13228700482037775
TTTGGT,-0.1753528874778613
TTTGGC,-0.09036344216757178
TTTGGG,-0.12432575497789727
TTCAAA,0.23274647416609592
TTCAAT,0.20036699868635016
TTCAAC,-0.2567044652693048
TTCAAG,0.12689780834960912
TTCATA,-0.06530185754174246
TTCATT,-0.036340351222006524
TTCATC,0.20614090458166243
TTCATG,-0.10660973505825826
TTCACA,-0.5381310744562582
TTCACT,-0.010041161499490503
TTCACC,-0.22325881844591489
TTCACG,-0.18873101342403742
TTCAGA,-0.5517227832465242
TTCAGT,0.33314444652853814
TTCAGC,0.3269559078659581
TTCAGG,0.6320011067776983
TTCTAA,0.6442243816002134
TTCTAT,0.20333315548911746
TTCTAC,0.3566749439387324
TTCTAG,-0.009744038949393713
TTCTTA,-0.5082231212494748
TTCTTT,0.24735040237268144
TTCTTC,0.4054651081081644
TTCTTG,0.10332509871249052
TTCTCA,-0.4938644103726421
TTCTCT,-0.3144337111642505
TTCTCC,-0.8315806604348479
TTCTCG,-0.27804115318537004
TTCTGA,-0.6240368209685292
TTCTGT,0.4057672685576609
TTCTGC,-0.07114110002524107
TTCTGG,-0.0548877440375505
TTCCAA,-0.006580555004287884
TTCCAT,0.03840638086072314
TTCCAC,0.4539524433915658
TTCCAG,-0.03946258036935945
TTCCTA,-0.2236720459975227
TTCCTT,-0.1508800309591356
TTCCTC,-0.5230236516769511
TTCCTG,0.5052323211294795
TTCCCA,-0.2847522528037526
TTCCCT,-0.18747780210472692
TTCCCC,-0.16589311878125612
TTCCCG,-0.1562912443263694
TTCCGA,-2.2805253749293133
TTCCGT,-0.723918839226699
TTCCGC,-0.6703325027937741
TTCCGG,-0.48550781578170077
TTCGAA,-2.123182349240902
TTCGAT,-2.3471759763219207
TTCGAC,-2.52038103798166
TTCGAG,-2.573305952052478
TTCGTA,-0.1313655874222525
TTCGTT,-0.019371065755999693
TTCGTC,-0.4561582224236826
TTCGTG,-0.2526001510925859
TTCGCA,-0.03569337263531286
TTCGCT,0.13640513733978654
TTCGCC,0.2422166311302835
TTCGCG,-1.171434748368159
TTCGGA,-1.403453981402717
TTCGGT,0.038509854761875593
TTCGGC,-0.3770901286813249
TTCGGG,-1.117106871304274
TTGAAA,0.15111747261376396
TTGAAT,0.28065671540006404
TTGAAC,0.13524833452227986
TTGAAG,0.0978772474149705
TTGATA,0.18474349379653363
TTGATT,0.09863713656401345
TTGATC,-0.0687154164415591
TTGATG,0.09037464443002156
TTGACA,0.2824050153509371
TTGACT,0.40380408428028247
TTGACC,-0.28087323052245056
TTGACG,-0.30532443967674183
TTGAGA,-0.17193446390746764
TTGAGT,0.39081565568538845
TTGAGC,0.36826469568749165
TTGAGG,-0.6296506403771063
TTGTAA,0.16710015452043467
TTGTAT,0.5058677554052038
TTGTAC,-2.244792994255329
TTGTAG,0.17660621321294384
TTGTTA,-0.3447907634963038
TTGTTT,0.018539648554875058
TTGTTC,-0.2598276552438807
TTGTTG,0.13992008740954598
TTGTCA,0.0008526361181603274
TTGTCT,0.4802751795675652
TTGTCC,0.018893949359961613
TTGTCG,-0.08014880284100101
TTGTGA,-0.48711653898144924
TTGTGT,-0.30632442326106063
TTGTGC,-0.11062962833783814
TTGTGG,0.12444506435023708
TTGCAA,0.4406661606848635
TTGCAT,0.28475262947597907
TTGCAC,0.01680711831638119
TTGCAG,0.014549781014731146
TTGCTA,-0.7466879474879751
TTGCTT,-0.4132409885537876
TTGCTC,0.30682436735667495
TTGCTG,-0.09770867333037687
TTGCCA,-0.22102592611243055
TTGCCT,0.15638033515452737
TTGCCC,0.17310556529228346
TTGCCG,-0.1299435031658691
TTGCGA,-0.11317473257018922
TTGCGT,-0.01748072651687533
TTGCGC,-0.3820089680077571
TTGCGG,-0.013393057336438249
TTGGAA,-0.03883106365578132
TTGGAT,0.3405676731532811
TTGGAC,-0.0550066295122116
TTGGAG,0.09237332013101507
TTGGTA,0.06387403032804452
TTGGTT,-0.1962453335608764
TTGGTC,-0.9105047948071112
TTGGTG,0.10672357691452886
TTGGCA,-0.1472437650297083
TTGGCT,0.05148752571767453
TTGGCC,-0.9001613499442713
TTGGCG,-0.12255152254371174
TTGGGA,-0.3836664247349542
TTGGGT,-0.24482576064359995
TTGGGC,-0.30149251772518604
TTGGGG,-0.06038835483364646
TCAAAA,0.12121496957075226
TCAAAT,0.24066590200641216
TCAAAC,0.38727112834304417
TCAAAG,0.043453959776997335
TCAATA,0.39105720707662106
TCAATT,-0.11003437219826138
TCAATC,0.22993608987037203
TCAATG,0.3318634508368518
TCAACA,-0.24528651348409522
TCAACT,-0.7517203637509271
TCAACC,-0.2600992578366389
TCAACG,-0.295121860932541
TCAAGA,-0.44279867218279373
TCAAGT,0.04631616281592174
TCAAGC,0.30672005192658963
TCAAGG,0.22002342397796606
TCATAA,-0.13337034906189102
TCATAT,-0.9065620325098694
TCATAC,0.04388695035587504
TCATAG,0.09796285972855799
TCATTA,0.20595633492795146
TCATTT,-0.43367146053471495
TCATTC,0.1734291726612463
TCATTG,0.19192563008891567
TCATCA,0.2755115368315257
TCATCT,-0.2500204880529266
TCATCC,-0.5484508040718149
TCATCG,0.4174412991548801
TCATGA,-0.6507479896595812
TCATGT,-0.2566162528768906
TCATGC,0.48230634075341383
TCATGG,-0.023313343384276677
TCACAA,-0.41045709565434046
TCACAT,-0.3122970060892257
TCACAC,-0.7045109392102604
TCACAG,-0.05839222028887706
TCACTA,0.12756913581010462
TCACTT,0.011395619383967515
TCACTC,-0.017905954151005432
TCACTG,-0.2321122212969702
TCACCA,-0.22994390581256405
TCACCT,-0.9350608345561455
TCACCC,-0.23995066963059103
TCACCG,0.20756504572652149
TCACGA,-0.6432141221563259
TCACGT,-1.5432189678298742
TCACGC,0.1673324165293227
TCACGG,-0.5410995509294657
TCAGAA,-0.4887314840707026
TCAGAT,-1.1703655743459904
TCAGAC,-0.33528105125105984
TCAGAG,-0.200527521290527
TCAGTA,0.31571358630766705
TCAGTT,-0.13262188824168203
TCAGTC,0.39834764033930037
TCAGTG,0.29396326805211553
TCAGCA,0.10097838769878473
TCAGCT,-0.48106006938346446
TCAGCC,0.21139465882512692
TCAGCG,0.5897428389177927
TCAGGA,-0.21280457351903057
TCAGGT,-0.45878016687588613
TCAGGC,0.5551811908675568
TCAGGG,0.43483971678806865
TCTAAA,0.5969960136528286
TCTAAT,0.0921276612407948
TCTAAC,0.25108718137616715
TCTAAG,-0.3401340608529885
TCTATA,0.09480284583340304
TCTATT,-0.1821192709633873
TCTATC,0.24230969896354984
TCTATG,0.3170753711484133
TCTACA,0.003811602763326252
TCTACT,-0.15178483293387304
TCTACC,0.001220256405229369
TCTACG,-0.09383088959373559
TCTAGA,-1.1374864414297747
TCTAGT,-0.19075293578490515
TCTAGC,0.10576027580706374
TCTAGG,-0.12616531440918785
TCTTAA,-0.43228005266372477
TCTTAT,-0.08349177236236377
TCTTAC,-0.02092491342424876
TCTTAG,-0.612613224233406
TCTTTA,0.6335294510351742
TCTTTT,-0.021877459060607476
TCTTTC,-0.1930397730139788
TCTTTG,0.1359081850751275
TCTTCA,0.25935017785330605
TCTTCT,0.4398918298408942
TCTTCC,-0.47184921574315
TCTTCG,-0.13775884601204685
TCTTGA,-0.5296363514933272
TCTTGT,0.06996465253894578
TCTTGC,0.3175043339144019
TCTTGG,-0.1350780930627323
TCTCAA,-0.15568673775792707
TCTCAT,-0.4198268910190959
TCTCAC,-0.6931471805599453
TCTCAG,-0.4307382722387895
TCTCTA,0.23294885049088704
TCTCTT,-0.10498835339078419
TCTCTC,-0.2999442461018827
TCTCTG,0.22549372865916334
TCTCCA,-0.561445614612499
TCTCCT,-0.7627133643744821
TCTCCC,-0.6382035069414277
TCTCCG,-1.4975748192887073
TCTCGA,-2.543350245658075
TCTCGT,-0.33161785815641476
TCTCGC,0.10374683126699512
TCTCGG,-0.5041366356151941
TCTGAA,-0.4514272436728001
TCTGAT,-0.3927175352856617
TCTGAC,-0.5742859776832164
TCTGAG,-0.979804137596481
TCTGTA,0.5052545787165353
TCTGTT,0.052716782172404414
TCTGTC,0.5528738600094901
TCTGTG,0.35194680274278634
TCTGCA,0.07492338347196308
TCTGCT,-0.3015280802351919
TCTGCC,-0.11954515064978269
TCTGCG,-0.4641270207567504
TCTGGA,-0.6262529457299151
TCTGGT,-0.11795265655408474
TCTGGC,0.25896668145039486
TCTGGG,-0.33162700506956044
TCCAAA,0.14425535598749825
TCCAAT,0.01800248640791715
TCCAAC,0.11824782767032843
TCCAAG,0.06919353367283596
TCCATA,0.12003404288298793
TCCATT,0.03135606853137218
TCCATC,-0.4149875268601733
TCCATG,0.22913053873417638
TCCACA,0.29002399389686206
TCCACT,0.5917322623787912
TCCACC,0.2334644865469839
TCCACG,0.2903101948580504
TCCAGA,-1.1200855063748445
TCCAGT,0.3505361892404074
TCCAGC,0.20462450354697226
TCCAGG,0.06899287148695142
TCCTAA,0.006631132846895494
TCCTAT,-0.08061843660336772
TCCTAC,-0.04445176257083381
TCCTAG,-0.12570765698869585
TCCTTA,0.6266021671587548
TCCTTT,-0.13127189744232717
TCCTTC,-1.0605971976666362
TCCTTG,-0.10805848576438873
TCCTCA,-0.7753852787969174
TCCTCT,-0.16687723436648103
TCCTCC,-0.5096982279306824
TCCTCG,-0.9017409508594237
TCCTGA,-0.1149186511927011
TCCTGT,0.8765164063863436
TCCTGC,0.4198538455602639
TCCTGG,0.31015492830383945
TCCCAA,-0.19362111204788798
TCCCAT,0.0392666912217506
TCCCAC,0.04782147050907628
TCCCAG,-0.13557257721988178
TCCCTA,0.47519844612283957
TCCCTT,-0.2549184547361669
TCCCTC,-0.37174993235325365
TCCCTG,0.3930425881096072
TCCCCA,0.15913822133829747
TCCCCT,-0.028822489731287856
TCCCCC,-0.23483959107740107
TCCCCG,-0.47206194901189
TCCCGA,-1.1356008580374501
TCCCGT,-0.08074176397603439
TCCCGC,0.2325488765249152
TCCCGG,0.5794127334295621
TCCGAA,-1.4987297904496788
TCCGAT,-0.9028677115420145
TCCGAC,-1.389068288002616
TCCGAG,-1.7017131885432712
TCCGTA,0.08202383547859064
TCCGTT,-0.1611233983738966
TCCGTC,-0.2668789448220176
TCCGTG,-0.08872811560868431
TCCGCA,0.14353308916285615
TCCGCT,0.08025798299612745
TCCGCC,-0.10522351997297605
TCCGCG,-1.3604308505299711
TCCGGA,0.08662460460035641
TCCGGT,0.10536051565782635
TCCGGC,0.07516954337868052
TCCGGG,-0.45198512374305727
TCGAAA,-4.602834126190544
TCGAAT,-1.7849461879940085
TCGAAC,-0.8869763442053799
TCGAAG,-2.4270126713690976
TCGATA,-2.046401687601636
TCGATT,-2.3639937211226894
TCGATC,-0.5300569856938784
TCGATG,-2.2721258855093374
TCGACA,-3.0381529894379433
TCGACT,-1.791759469228055
TCGACC,-2.168237040462967
TCGACG,-2.3184584421503356
TCGAGA,-3.386083743852107
TCGAGT,-2.2068998428596376
TCGAGC,-2.007254799704008
TCGAGG,-2.3169262102647035
TCGTAA,-0.08727041079498957
TCGTAT,0.7363432647148764
TCGTAC,-1.351065669236147
TCGTAG,0.01634913800152941
TCGTTA,0.5539302270260047
TCGTTT,0.45325152862402956
TCGTTC,-0.007947061692531834
TCGTTG,0.0004445432391501712
TCGTCA,-0.45425527227759643
TCGTCT,0.3726752852851735
TCGTCC,-0.09051400754083186
TCGTCG,-0.697549241960583
TCGTGA,-0.6236963287581422
TCGTGT,0.5115006153542242
TCGTGC,0.25088807994786494
TCGTGG,0.409969620229269
TCGCAA,-0.026661601658698235
TCGCAT,0.689105514868569
TCGCAC,0.15013333643927101
TCGCAG,-0.14018397234555005
TCGCTA,0.7220991536584548
TCGCTT,0.40841061833792114
TCGCTC,0.916905171217603
TCGCTG,0.6603573577369545
TCGCCA,0.1505393224563473
TCGCCT,0.41370206387709413
TCGCCC,0.5751366394993274
TCGCCG,0.22100298681509867
TCGCGA,-2.8327930876936533
TCGCGT,-1.5818739940878905
TCGCGC,-0.16072244499049287
TCGCGG,-2.618003920417426
TCGGAA,-1.7990246802194674
TCGGAT,-0.5182606022535089
TCGGAC,-1.0011569525173967
TCGGAG,-1.1003651374955241
TCGGTA,0.5203950747821414
TCGGTT,0.2810375297331124
TCGGTC,-0.12883287184296843
TCGGTG,0.5150009951764714
TCGGCA,-0.13976194237515874
TCGGCT,0.2987462920571609
TCGGCC,-0.9194436509337707
TCGGCG,-0.0597839324016416
TCGGGA,-1.2867042019234007
TCGGGT,-0.879891566323902
TCGGGC,-0.6600663100956933
TCGGGG,-0.9917982843823002
TGAAAA,0.027370005893910334
TGAAAT,0.36033795169746946
TGAAAC,-0.024162249279079822
TGAAAG,0.16160558316187654
TGAATA,0.2906895935157362
TGAATT,0.0827079814295768
TGAATC,-0.49695205150011873
TGAATG,0.35689888302823614
TGAACA,-0.2327301061685399
TGAACT,-0.5940269347622036
TGAACC,-0.5505330733611035
TGAACG,0.22121639712362662
TGAAGA,0.3231631386355816
TGAAGT,0.46991333986821954
TGAAGC,-0.18414229717942807
TGAAGG,-0.5224541778633712
TGATAA,-0.08799061153693208
TGATAT,-0.14626800270669715
TGATAC,0.109284012598753
TGATAG,0.40816520618060737
TGATTA,-0.29606269828333626
TGATTT,0.21937845882979426
TGATTC,-0.5526172268040994
TGATTG,0.04281901602171416
TGATCA,-0.2281834611842983
TGATCT,-0.5751522580503484
TGATCC,0.10123339465317549
TGATCG,0.4692071337834759
TGATGA,0.2582670273619168
TGATGT,-0.01773651085870783
TGATGC,-0.04756841691910957
TGATGG,-0.12223716798050349
TGACAA,-0.030511353364352362
TGACAT,-0.06749024160241641
TGACAC,0.04749582146957668
TGACAG,0.2676374023128366
TGACTA,0.20586579056222834
TGACTT,0.3506067475561177
TGACTC,-0.16166951224128562
TGACTG,0.0825865910092741
TGACCA,-0.47653817656673225
TGACCT,-0.8109302162163288
TGACCC,-0.516853928597341
TGACCG,0.05028166051270614
TGACGA,-0.23901690047049984
TGACGT,-1.7155981082624912
TGACGC,-0.1174993074660846
TGACGG,-0.3406044739061234
TGAGAA,-0.5189097421659498
TGAGAT,-0.38164254223881633
TGAGAC,-0.38850528306475496
TGAGAG,0.02026770358025718
TGAGTA,0.5143038881423155
TGAGTT,0.4440740681220531
TGAGTC,-0.3013522532484933
TGAGTG,0.14929630136246017
TGAGCA,0.1316616507273685
TGAGCT,-0.38571137937193184
TGAGCC,-0.1565070102799927
TGAGCG,0.7013760671196516
TGAGGA,-0.6927160531551212
TGAGGT,-0.492401911101712
TGAGGC,-1.0643943313577684
TGAGGG,-0.22738363369560344
TGTAAA,-0.2664046740044959
TGTAAT,0.0750760264403571
TGTAAC,0.3038616413280504
TGTAAG,0.4394660386659151
TGTATA,0.09480468960849575
TGTATT,0.7046074917242372
TGTATC,0.42358751511231285
TGTATG,0.46683405448445653
TGTACA,-2.3537533795684453
TGTACT,-1.6486586255873816
TGTACC,-1.7240412951731041
TGTACG,-3.487375077903208
TGTAGA,0.018081565819892516
TGTAGT,0.039763233172013114
TGTAGC,-0.1947016508787572
TGTAGG,0.22992323829958858
TGTTAA,-0.46689105540306364
TGTTAT,-0.23111172096338656
TGTTAC,-0.06110798604078183
TGTTAG,0.23692860628495147
TGTTTA,-0.12395105097753205
TGTTTT,0.21069174187742185
TGTTTC,-0.41365657447666626
TGTTTG,0.19685285608249212
TGTTCA,-0.36997522312621367
TGTTCT,-0.3875662468979458
TGTTCC,-0.3038300588597631
TGTTCG,0.008957193604016972
TGTTGA,-0.2510374775071356
TGTTGT,0.1861022796338607
TGTTGC,0.1088487069226177
TGTTGG,0.17471695740873533
TGTCAA,0.1919241648584678
TGTCAT,0.2336148511815051
TGTCAC,-2.542207503625341
TGTCAG,-0.05146181951223667
TGTCTA,0.6880189641930259
TGTCTT,0.6564020566231145
TGTCTC,-0.09269066291677457
TGTCTG,0.38588199568499876
TGTCCA,-0.0994972061585414
TGTCCT,0.08577947045871986
TGTCCC,-0.10311662069715435
TGTCCG,0.5517143940199689
TGTCGA,-2.461012329588564
TGTCGT,0.582173704563457
TGTCGC,0.10090048915029688
TGTCGG,-0.1214798975377096
TGTGAA,-0.5515577266056603
TGTGAT,-0.16479920610175217
TGTGAC,-2.624009613556116
TGTGAG,-0.32478423831979863
TGTGTA,-0.05522105449972246
TGTGTT,-0.09946927080095701
TGTGTC,-0.25800062117971756
TGTGTG,-0.46092163197364255
TGTGCA,-0.19011797326299157
TGTGCT,-0.7568789247275763
TGTGCC,0.20508889840239303
TGTGCG,-0.013632148790057644
TGTGGA,0.2749350604426146
TGTGGT,0.2633557468147006
TGTGGC,-0.07216663770562128
TGTGGG,0.14549605436662824
TGCAAA,0.16931301083365927
TGCAAT,-0.0007829832058634122
TGCAAC,0.32579770537429326
TGCAAG,0.6974977157003042
TGCATA,-0.28475902277567766
TGCATT,-0.1511514476515365
TGCATC,-0.3948267099031086
TGCATG,0.7025777908955537
TGCACA,-0.05881302711808407
TGCACT,-0.2794964878653415
TGCACC,-0.0355838093558217
TGCACG,-0.09837672621230446
TGCAGA,-0.10544671883877706
TGCAGT,0.21233263520999412
TGCAGC,-0.38723134296187256
TGCAGG,0.2396247774980016
TGCTAA,-0.706412838614812
TGCTAT,-0.5717496659923019
TGCTAC,-0.7913301000589538
TGCTAG,-0.18589053793303276
TGCTTA,-0.29168863399423967
TGCTTT,-0.26303366454269234
TGCTTC,-0.9420535627722767
TGCTTG,-0.035951256003431645
TGCTCA,0.06802152609731968
TGCTCT,0.4614687267958982
TGCTCC,0.14211513631591402
TGCTCG,0.1918404018031616
TGCTGA,0.08855339734144503
TGCTGT,0.4056853966870924
TGCTGC,-0.2367728763981249
TGCTGG,0.131721185348895
TGCCAA,-0.18795537451221053
TGCCAT,0.11162227688180242
TGCCAC,-0.3586953734059231
TGCCAG,0.08785459814421166
TGCCTA,0.6943774452219866
TGCCTT,0.3902732703608026
TGCCTC,-0.41602858661773373
TGCCTG,0.6903986676065962
TGCCCA,0.11542665916381253
TGCCCT,0.08961215868968714
TGCCCC,-0.03702049224367887
TGCCCG,0.5628426381055206
TGCCGA,0.08888228492544147
TGCCGT,0.2025242641114741
TGCCGC,-0.40592796393683955
TGCCGG,0.8505954726087601
TGCGAA,-0.13185213110480262
TGCGAT,0.4567584024957148
TGCGAC,-0.046382265100891724
TGCGAG,0.30951492828199406
TGCGTA,-0.014329825554824968
TGCGTT,0.3179492000306583
TGCGTC,-0.5126421546923887
TGCGTG,0.28942547569865745
TGCGCA,-0.4220515284372286
TGCGCT,-0.3697062582666331
TGCGCC,-0.42144578009651434
TGCGCG,-0.38875483740214395
TGCGGA,0.1361321743245799
TGCGGT,0.5289373737090368
TGCGGC,-0.1127197336998367
TGCGGG,-0.06597978970317951
TGGAAA,-0.02009140816164139
TGGAAT,0.3639385160600801
TGGAAC,-0.42952125096240057
TGGAAG,0.1009529818232067
TGGATA,0.8017066214139061
TGGATT,0.46697643099628683
TGGATC,0.02317673425093736
TGGATG,-0.0081980116036033
TGGACA,-0.0288116972385457
TGGACT,0.18027984688242735
TGGACC,-1.4271163556401458
TGGACG,-0.08879549878313107
TGGAGA,-0.5073229932147887
TGGAGT,0.45723481984631725
TGGAGC,0.13051074928060136
TGGAGG,0.09591337676641629
TGGTAA,0.06298933415074189
TGGTAT,0.395482208738978
TGGTAC,-1.2687830276795515
TGGTAG,0.25530767579276503
TGGTTA,-0.08138525134544748
TGGTTT,0.20153170819872243
TGGTTC,-0.9379072540990206
TGGTTG,-0.05969810801544794
TGGTCA,-0.6229729740271627
TGGTCT,-0.4258081564546139
TGGTCC,-1.3463400456128578
TGGTCG,0.15600424847658137
TGGTGA,-0.25185365719664105
TGGTGT,0.6210614537869912
TGGTGC,0.2716552027398835
TGGTGG,0.5536872161426907
TGGCAA,-0.2215036531991474
TGGCAT,0.1764805253108215
TGGCAC,0.08087638842211377
TGGCAG,-0.018899226576546628
TGGCTA,0.13007715775643497
TGGCTT,0.18192441620096686
TGGCTC,0.10507710910923822
TGGCTG,0.30311587858162226
TGGCCA,-0.8783292255870363
TGGCCT,-0.8629260178239764
TGGCCC,-1.1832746305165882
TGGCCG,-0.7048073310773453
TGGCGA,0.2661153668930054
TGGCGT,0.5533852381847867
TGGCGC,-0.8024597306466094
TGGCGG,-0.016158340786589943
TGGGAA,-0.4013328708232538
TGGGAT,-0.16469398171064134
TGGGAC,-0.6248683398066508
TGGGAG,-0.15708005847432088
TGGGTA,0.21531007485222511
TGGGTT,-0.1255450409918727
TGGGTC,-1.1990454304963112
TGGGTG,-0.2721522708336539
TGGGCA,-0.15920699949438213
TGGGCT,-0.2204609725814144
TGGGCC,-1.172869059274602
TGGGCG,0.12873386684313512
TGGGGA,0.17066995587921185
TGGGGT,0.33730730973863443
TGGGGC,-0.07602386772651261
TGGGGG,0.10004634247643636
CAAAAA,-0.10683211640760626
CAAAAT,-0.054222579176363646
CAAAAC,0.3199817895276863
CAAAAG,-0.15848726072982255
CAAATA,-0.019180482185328133
CAAATT,-0.017069970365692567
CAAATC,0.37708529275663744
CAAATG,-0.36676277908912636
CAAACA,0.20853577253211805
CAAACT,0.28291732252014185
CAAACC,0.20759451267803747
CAAACG,0.1753805274397199
CAAAGA,0.001944746937927327
CAAAGT,-0.37547667034062365
CAAAGC,-0.15553920734358892
CAAAGG,-0.36129113857038814
CAATAA,0.27342939867769245
CAATAT,0.3442129622582221
CAATAC,0.6517919948780314
CAATAG,-0.08506750265550274
CAATTA,-0.630963868732889
CAATTT,-0.25683661220182263
CAATTC,0.6175605797927969
CAATTG,-0.3647227029070647
CAATCA,0.06086132584545351
CAATCT,-0.20023859611015243
CAATCC,0.22343496906361288
CAATCG,0.1830114498878923
CAATGA,0.08660879426118485
CAATGT,-0.05399930724940005
CAATGC,0.05760883893624135
CAATGG,-0.12925008901055307
CAACAA,0.13288013893820258
CAACAT,-0.41600904596952093
CAACAC,0.43341103849872376
CAACAG,0.004497277094895518
CAACTA,-0.8591728851626678
CAACTT,-0.7551916521108651
CAACTC,0.30565431485621125
CAACTG,-0.0788809300232579
CAACCA,0.00490893635308274
CAACCT,-0.23073372058088534
CAACCC,0.013181736702064281
CAACCG,-0.019663554908778136
CAACGA,0.060595687049863935
CAACGT,-1.9750065235429524
CAACGC,0.17984879454177383
CAACGG,-0.49202938644122296
CAAGAA,0.19918643273713546
CAAGAT,-0.33750940179629596
CAAGAC,0.023469134540847095
CAAGAG,-0.2022464477463034
CAAGTA,-0.06883317809791838
CAAGTT,-0.2560804684984986
CAAGTC,0.45953232937844013
CAAGTG,0.11975443095599375
CAAGCA,0.12138866606724268
CAAGCT,0.05198605506645119
CAAGCC,0.560021106973818
CAAGCG,0.23628168875164157
CAAGGA,-0.18045970557653868
CAAGGT,-0.3287393334123636
CAAGGC,0.26719445948717085
CAAGGG,0.008884559922483682
CATAAA,-0.1596222260230251
CATAAT,-0.291592327876353
CATAAC,-0.15848125317762263
CATAAG,0.19012048456699862
CATATA,-0.8991068947738874
CATATT,-0.8001819695153644
CATATC,-0.38669352804742785
CATATG,-1.6335449877773336
CATACA,0.19808877296868754
CATACT,-0.36685027198038483
CATACC,0.06445359905353218
CATACG,-0.22692586303070864
CATAGA,0.4228684182669245
CATAGT,-0.4172472768064247
CATAGC,-0.03817810844294161
CATAGG,0.03693760713871254
CATTAA,0.24237354350010884
CATTAT,0.10022141374298991
CATTAC,0.15984870094189604
CATTAG,0.10978530163818212
CATTTA,-0.5211621609597757
CATTTT,-0.17924897246726873
CATTTC,-0.07390502948432927
CATTTG,-0.45745322831291285
CATTCA,0.4050975286149611
CATTCT,0.13479534897564807
CATTCC,0.41167906507610746
CATTCG,-0.1923559689537958
CATTGA,0.43078291609245434
CATTGT,-0.05613638637141061
CATTGC,-0.17274425004056257
CATTGG,-0.3757663469634149
CATCAA,0.1774118356890216
CATCAT,-0.10386849405605275
CATCAC,0.0012961764614466762
CATCAG,0.29909446450352567
CATCTA,-0.5042656928522578
CATCTT,-0.5891841116136884
CATCTC,-0.622503101859889
CATCTG,-1.0179825542680006
CATCCA,-0.07268740526657674
CATCCT,-1.0582746729415344
CATCCC,-0.831343932444962
CATCCG,-0.5480463362526049
CATCGA,-2.0875337115771724
CATCGT,0.19485108640888713
CATCGC,0.6270538521643507
CATCGG,-0.15216851862326708
CATGAA,-0.10125667899205129
CATGAT,-0.08847721847342614
CATGAC,0.29350813970114165
CATGAG,-0.10447777321415747
CATGTA,-0.06939199342399993
CATGTT,0.13023105959586595
CATGTC,0.37673385006768323
CATGTG,-0.33825635841471435
CATGCA,0.6865754153967107
CATGCT,0.5873158616199551
CATGCC,0.9155480656684644
CATGCG,0.5603227515562427
CATGGA,0.2809802761857624
CATGGT,0.24136810431156433
CATGGC,0.020471271841760244
CATGGG,0.03257297886546186
CACAAA,-0.08750214013615734
CACAAT,-0.18186855565370505
CACAAC,0.038997630468352834
CACAAG,-0.09410536038147446
CACATA,-0.30207080990388047
CACATT,-0.3541164687832778
CACATC,0.2126995921531266
CACATG,-0.19646606418011936
CACACA,-0.5279155968120429
CACACT,-0.4709430374876713
CACACC,0.0747067745668238
CACACG,-0.2333477214884514
CACAGA,0.5227482687228967
CACAGT,-1.5387629547641641
CACAGC,0.11457217656850115
CACAGG,0.5543308647327937
CACTAA,0.5428454350007622
CACTAT,-0.2824050153509372
CACTAC,0.09071896566487817
CACTAG,-0.3634038463672536
CACTTA,-0.47725880012690736
CACTTT,0.013386349326067514
CACTTC,0.8902766302140015
CACTTG,0.03314516285578413
CACTCA,0.06952015860699859
CACTCT,0.2188424694148192
CACTCC,0.2698642291349871
CACTCG,-0.08626852688737482
CACTGA,0.2239350036705214
CACTGT,-1.1179640593290598
CACTGC,-0.21878624594525406
CACTGG,-0.38143437688260845
CACCAA,-0.0014831296749070585
CACCAT,0.040086970598886766
CACCAC,0.6734155986973502
CACCAG,-0.0026455041884241655
CACCTA,-1.1089750757036563
CACCTT,-0.3573789214405266
CACCTC,-0.42481687876911445
CACCTG,-0.48821906913707663
CACCCA,-0.16732877220781336
CACCCT,-0.1421879503578358
CACCCC,0.24543370978628884
CACCCG,-0.1606098919497537
CACCGA,0.3630647420375034
CACCGT,-0.2725684346417328
CACCGC,0.5644210038357763
CACCGG,0.6818191802547378
CACGAA,-0.2486226366151946
CACGAT,0.5471339154722371
CACGAC,0.8062000418409273
CACGAG,-0.22702979538568657
CACGTA,-1.429862581308171
CACGTT,-1.6201737275786952
CACGTC,-1.0562647408390173
CACGTG,-3.5548717575985322
CACGCA,0.2123192613091614
CACGCT,0.4689632784050788
CACGCC,0.6591822394512613
CACGCG,-1.4040308719785985
CACGGA,0.04772277286921546
CACGGT,-0.09626666003028166
CACGGC,-0.08388148398070212
CACGGG,-1.519018976774473
CAGAAA,0.043540808283288185
CAGAAT,0.05349890733903837
CAGAAC,-0.4708149883166148
CAGAAG,0.09381875521765491
CAGATA,-0.4911896492491317
CAGATT,-0.48048224416118224
CAGATC,-0.31005759996661736
CAGATG,-1.1662709371419244
CAGACA,0.20763936477824455
CAGACT,-0.2231435513142097
CAGACC,-0.4938644103726421
CAGACG,0.06125888088721501
CAGAGA,0.35734272359626884
CAGAGT,0.2771458733405389
CAGAGC,0.18655067038783962
CAGAGG,-0.6445725104113881
CAGTAA,0.25268523041468477
CAGTAT,0.5221893824163057
CAGTAC,-1.8779371654691075
CAGTAG,0.03883983331626396
CAGTTA,-0.41447786882967214
CAGTTT,0.09107455841034981
CAGTTC,-0.2538986054429428
CAGTTG,-0.4994940577564408
CAGTCA,0.05319745237324027
CAGTCT,0.48097266061630956
CAGTCC,0.04473589384139152
CAGTCG,0.5322659550038601
CAGTGA,-0.14797400793552914
CAGTGT,-0.19611487892629037
CAGTGC,-0.22780798060556484
CAGTGG,0.2129346459439664
CAGCAA,0.08161133544616295
CAGCAT,0.21248625684022185
CAGCAC,0.30717873563079356
CAGCAG,-0.0931433317192345
CAGCTA,-0.6375186192668552
CAGCTT,-0.3679674102369043
CAGCTC,0.03152625364677395
CAGCTG,-0.6543073472436813
CAGCCA,0.24820326147799346
CAGCCT,0.07141711509845773
CAGCCC,0.0004927322100183467
CAGCCG,0.17371009345903607
CAGCGA,0.6749297294682292
CAGCGT,0.4175376893424336
CAGCGC,-0.2047420621067908
CAGCGG,0.11761181743834667
CAGGAA,0.22454117558084766
CAGGAT,0.20216629023974386
CAGGAC,0.012848142477849059
CAGGAG,0.3074157366087313
CAGGTA,-0.686716290229655
CAGGTT,0.001184132761216772
CAGGTC,-0.8916415965995009
CAGGTG,-0.754390805800664
CAGGCA,0.6042938432042539
CAGGCT,0.5441620440335825
CAGGCC,-0.3643001192439532
CAGGCG,0.192038947746761
CAGGGA,0.38334319102089365
CAGGGT,0.11843259722517889
CAGGGC,0.11385056059065787
CAGGGG,-0.20935768627562082
CTAAAA,0.4504113930964922
CTAAAT,0.16730318168774477
CTAAAC,-0.11753517346649137
CTAAAG,0.6631836919305747
CTAATA,-0.048790164169431945
CTAATT,0.08999186631937789
CTAATC,-0.47330813220416257
CTAATG,0.01972108555642016
CTAACA,0.3686035148040062
CTAACT,-0.40510272361425465
CTAACC,0.037433174372913026
CTAACG,0.435055236141561
CTAAGA,-0.526042589570851
CTAAGT,-1.141220921493327
CTAAGC,-0.6119507677922649
CTAAGG,-0.08279785195995569
CTATAA,0.22519483408476715
CTATAT,-0.18268859662189604
CTATAC,0.2587707289573608
CTATAG,-0.10224756734986748
CTATTA,-0.11072425630804424
CTATTT,-0.23346510038608106
CTATTC,-0.3068519885595012
CTATTG,-0.12095261041766256
CTATCA,0.40874149765271095
CTATCT,-0.5972731163124702
CTATCC,0.3707795501202744
CTATCG,0.5050352196312863
CTATGA,0.15806638217007876
CTATGT,-0.47045316847560315
CTATGC,-0.17002402898354843
CTATGG,0.34876976443161906
CTACAA,0.17053015073240724
CTACAT,-0.49304129731275276
CTACAC,-0.23208306635301845
CTACAG,0.33595512896511526
CTACTA,0.060503661390506655
CTACTT,-0.0835650783460422
CTACTC,-0.220139042293911
CTACTG,-0.0795618228361857
CTACCA,0.28743427168233043
CTACCT,-0.41403047096708745
CTACCC,0.12185221726310913
CTACCG,0.5394167570952497
CTACGA,0.10811913809690617
CTACGT,-3.095577608523707
CTACGC,-0.13744659056516148
CTACGG,-0.04250478835447117
CTAGAA,-0.07727185524959113
CTAGAT,-0.9670296557593003
CTAGAC,-0.3314596947976687
CTAGAG,0.1076229600617958
CTAGTA,-0.12874352629901809
CTAGTT,-0.6737047368370789
CTAGTC,-0.6316148888713004
CTAGTG,-0.23654448067256356
CTAGCA,-0.16140195371126134
CTAGCT,-0.9310033964480358
CTAGCC,-0.19516501794165045
CTAGCG,0.17795375106995553
CTAGGA,-0.38008668120469125
CTAGGT,-1.3680250404666625
CTAGGC,-0.3441198216909416
CTAGGG,0.21072103131565253
CTTAAA,0.03873787519283781
CTTAAT,-0.5034156875372856
CTTAAC,-0.27336278667870356
CTTAAG,-0.39275845683904964
CTTATA,0.1854231359151206
CTTATT,0.020413433269200178
CTTATC,0.020914873519725888
CTTATG,0.16203290275673712
CTTACA,0.2949775711985051
CTTACT,0.025317807984289786
CTTACC,0.15507703468738895
CTTACG,-0.22734523816790989
CTTAGA,-0.32662425244682103
CTTAGT,-0.6001369853410621
CTTAGC,-0.7400243838399434
CTTAGG,-0.622051258876215
CTTTAA,0.27274899256620844
CTTTAT,0.2244837346731658
CTTTAC,-0.2737611207623362
CTTTAG,0.7272261892767005
CTTTTA,0.29814895877921876
CTTTTT,-0.07246509719770061
CTTTTC,-0.4070223365567706
CTTTTG,-0.21607338065313636
CTTTCA,0.14925881836221866
CTTTCT,-0.0732190333413384
CTTTCC,-0.427371789194031
CTTTCG,-0.6320313666998765
CTTTGA,0.1502944881370843
CTTTGT,-0.20733294528756743
CTTTGC,-0.4266523413276083
CTTTGG,0.002692481913783148
CTTCAA,0.080609694155654
CTTCAT,0.11854825373420534
CTTCAC,-0.5482735113314883
CTTCAG,0.5044358256672196
CTTCTA,0.6140854334145306
CTTCTT,0.32068545408841365
CTTCTC,-0.6738291297151814
CTTCTG,0.05694835187089564
CTTCCA,0.08468794485310657
CTTCCT,-0.45959690591780594
CTTCCC,-0.5874709585064423
CTTCCG,-0.9570186043180079
CTTCGA,-2.826655943510057
CTTCGT,-0.15525504217031152
CTTCGC,-0.19539363836130738
CTTCGG,-0.3813073318911863
CTTGAA,0.19618059195750698
CTTGAT,-0.05278377970090193
CTTGAC,-0.3621146672345505
CTTGAG,-0.0013911432802318324
CTTGTA,0.36464311358790924
CTTGTT,0.15147361368791815
CTTGTC,0.08891935437918616
CTTGTG,-0.15185129964653696
CTTGCA,0.649858185506499
CTTGCT,-0.0343921897380092
CTTGCC,0.21985947611301987
CTTGCG,0.048112427782934425
CTTGGA,0.02754349330101847
CTTGGT,-0.27374456460799923
CTTGGC,-0.33855861334298915
CTTGGG,-0.2314299262880555
CTCAAA,0.19673219789191707
CTCAAT,-0.011522149400626555
CTCAAC,-0.44658335503763696
CTCAAG,0.06465864847269065
CTCATA,-0.3575836218749504
CTCATT,-0.08379097395665507
CTCATC,0.05695757317764689
CTCATG,-0.25473063961242
CTCACA,-0.24294617861038947
CTCACT,0.1476283722335606
CTCACC,-0.19076662258975008
CTCACG,-0.2644869568374449
CTCAGA,-1.0080859695710354
CTCAGT,-0.1147481319612295
CTCAGC,-0.3012262975595381
CTCAGG,-0.5611184178199576
CTCTAA,0.5001483658251463
CTCTAT,0.4421158779887448
CTCTAC,0.12695962746128805
CTCTAG,0.14390484069770795
CTCTTA,-0.1567516604857484
CTCTTT,0.24065439248491563
CTCTTC,0.2034345964456195
CTCTTG,-0.11356675220492567
CTCTCA,-0.05074109147839781
CTCTCT,0.2931021399211201
CTCTCC,-0.24732638710295057
CTCTCG,-0.08523283553770103
CTCTGA,-0.35136676279300527
CTCTGT,0.6719149604541711
CTCTGC,-0.0029585820397452656
CTCTGG,0.11660922819369701
CTCCAA,0.01503391100718362
CTCCAT,-0.21601866236753053
CTCCAC,0.04879016416943205
CTCCAG,0.033576295533604306
CTCCTA,-0.026962417605127933
CTCCTT,-0.23031443170448887
CTCCTC,-0.6238916695442353
CTCCTG,0.29482727985642526
CTCCCA,0.0943978976475646
CTCCCT,0.09512501176379942
CTCCCC,-0.07840201821607638
CTCCCG,0.28768207245178085
CTCCGA,-1.425232228846311
CTCCGT,-0.5294510878891556
CTCCGC,-0.4623211330737193
CTCCGG,-0.6931471805599453
CTCGAA,-1.967112356705916
CTCGAT,-1.6857373591034899
CTCGAC,-2.085672091430472
CTCGAG,-2.8713021951758138
CTCGTA,-0.21005831176555434
CTCGTT,0.24278890621012988
CTCGTC,-1.0143519450503697
CTCGTG,-0.17471695740873525
CTCGCA,0.35222059358935215
CTCGCT,0.6234219765613187
CTCGCC,0.19457017887015376
CTCGCG,-1.0116009116784799
CTCGGA,-0.9898790885316442
CTCGGT,0.06078489106912177
CTCGGC,-0.34796061362797315
CTCGGG,-1.3716036457098868
CTGAAA,0.2018042352792142
CTGAAT,0.20440871045362943
CTGAAC,-0.07680541122374505
CTGAAG,0.4893903430459256
CTGATA,0.12467146057091373
CTGATT,0.11513402748480654
CTGATC,-0.3319201906893463
CTGATG,0.24745812149261584
CTGACA,-0.057679111586678045
CTGACT,0.08870414083015013
CTGACC,-0.6135945488579916
CTGACG,-0.45425527227759627
CTGAGA,-0.4818086746954982
CTGAGT,-0.21245370658171553
CTGAGC,-0.4072652886123123
CTGAGG,-0.9757632509759323
CTGTAA,0.5385282263153264
CTGTAT,0.6747384311498754
CTGTAC,-1.7454661852572102
CTGTAG,0.378707658938615
CTGTTA,0.11296511504304563
CTGTTT,0.2907104113441252
CTGTTC,-0.5306282510621704
CTGTTG,0.10784653309728824
CTGTCA,0.4197108351917685
CTGTCT,0.6324037303909258
CTGTCC,0.1361321743245799
CTGTCG,0.47803580094299974
CTGTGA,-0.01726937704974595
CTGTGT,0.17208006274175774
CTGTGC,0.06370553483367926
CTGTGG,0.4304077519537451
CTGCAA,0.07149600170507002
CTGCAT,-0.0028129413766147236
CTGCAC,-0.0953101798043249
CTGCAG,-0.14068658414237725
CTGCTA,-0.3614665952260262
CTGCTT,-0.29978525666605016
CTGCTC,0.34540086736551423
CTGCTG,-0.04181027006001504
CTGCCA,-0.05738210246631484
CTGCCT,0.11977365198269929
CTGCCC,-0.01738054694834587
CTGCCG,-0.12352781961327534
CTGCGA,-0.2249600822406077
CTGCGT,-0.4592755570057365
CTGCGC,-0.9639290031469657
CTGCGG,-0.18975653528147268
CTGGAA,-0.23661176836507633
CTGGAT,0.2715305709508686
CTGGAC,-0.07626198483363039
CTGGAG,0.07455616817228022
CTGGTA,-0.046623316084341754
CTGGTT,-0.1623255406336081
CTGGTC,-0.7178397931503168
CTGGTG,0.10688374519834776
CTGGCA,0.1904014486601574
CTGGCT,0.25269787327905224
CTGGCC,-0.7303261838016993
CTGGCG,-0.18399800312120695
CTGGGA,-0.26308291343841295
CTGGGT,-0.35676753224489555
CTGGGC,-0.5824816126724259
CTGGGG,-0.15301367004018313
CCAAAA,-0.05466915100430373
CCAAAT,-0.16989394720589843
CCAAAC,0.19725155943514855
CCAAAG,-0.19705270137146785
CCAATA,0.16571600917917925
CCAATT,-0.1424612075007458
CCAATC,-0.08720606208710048
CCAATG,-0.36756778193047424
CCAACA,0.06307480416172179
CCAACT,-0.19162394945626815
CCAACC,-0.2535146491905085
CCAACG,-0.32449604557449724
CCAAGA,-0.18025899160760617
CCAAGT,-0.13389190455536354
CCAAGC,0.01461403879359553
CCAAGG,-0.9159899347595393
CCATAA,0.2016681375886376
CCATAT,-0.4064450199945131
CCATAC,-0.05946404803118892
CCATAG,0.3894752095898502
CCATTA,0.3543164522794394
CCATTT,-0.13763746928958043
CCATTC,0.2816122510847052
CCATTG,-0.12158906426816522
CCATCA,-0.13361661626561216
CCATCT,-1.1030175821360262
CCATCC,-0.6535627649112927
CCATCG,-0.10840587384378655
CCATGA,0.047472850390164766
CCATGT,-0.04066387925389673
CCATGC,0.6518714802277138
CCATGG,-0.38904844702215474
CCACAA,0.2707270574247498
CCACAT,0.19902499155246126
CCACAC,-0.06815919073837402
CCACAG,0.646359820985484
CCACTA,0.5290728575404805
CCACTT,0.4892575698886694
CCACTC,0.40459440713892036
CCACTG,-0.019082814416440597
CCACCA,0.42263876175349124
CCACCT,-0.4556607538863312
CCACCC,0.050396567380816125
CCACCG,0.5480792153070063
CCACGA,0.5027564157175436
CCACGT,-2.1421101090213455
CCACGC,0.3263965846324714
CCACGG,-0.34240697214102755
CCAGAA,-0.2208682374770743
CCAGAT,-0.3388988332984699
CCAGAC,-0.21784652795633985
CCAGAG,0.02066663680855891
CCAGTA,0.3399190302102934
CCAGTT,0.06393655181982769
CCAGTC,0.345745873406542
CCAGTG,-0.1524685936442735
CCAGCA,0.26016404355788864
CCAGCT,-0.31826232524178977
CCAGCC,0.03684056922107022
CCAGCG,-0.09951874341620327
CCAGGA,0.12388859321886854
CCAGGT,-0.5452270504833231
CCAGGC,-0.049863701577956256
CCAGGG,-1.0698062894190286
CCTAAA,0.5382245979541052
CCTAAT,-0.00805733991986781
CCTAAC,0.2621767820434192
CCTAAG,-0.5567829248511185
CCTATA,0.15211060146513622
CCTATT,-0.09080745732459695
CCTATC,0.2990596840118999
CCTATG,0.03443219642148422
CCTACA,0.24125877329261516
CCTACT,0.31860806401489783
CCTACC,0.3691751067029638
CCTACG,-0.25348321142353053
CCTAGA,-0.17424811844632793
CCTAGT,-0.43794169678607264
CCTAGC,0.10867452034786364
CCTAGG,-1.1503885581918296
CCTTAA,0.414560260478421
CCTTAT,0.446933177744698
CCTTAC,0.4731741175623024
CCTTAG,-0.06628332161694926
CCTTTA,0.23190578614971513
CCTTTT,-0.06023555880493467
CCTTTC,0.0395928754203234
CCTTTG,-0.17540667839258878
CCTTCA,-0.41406995530168283
CCTTCT,-0.41471831358864747
CCTTCC,-0.9083471773066399
CCTTCG,-0.9191850899005195
CCTTGA,0.15600424847658137
CCTTGT,-0.027587956518829053
CCTTGC,0.2605649363623562
CCTTGG,-1.0290337656270836
CCTCAA,-0.6026665893363042
CCTCAT,-0.4972038555448921
CCTCAC,-0.6848560229759642
CCTCAG,-1.0160355087463457
CCTCTA,0.346720651112581
CCTCTT,0.0004455335337677721
CCTCTC,-0.3038767583717615
CCTCTG,-0.4123676376709349
CCTCCA,-0.027128667388252585
CCTCCT,-0.32250552913950464
CCTCCC,-0.3285628887714118
CCTCCG,-0.41566927828240613
CCTCGA,-2.203869120054888
CCTCGT,-1.1057936480767743
CCTCGC,-0.8632217637439266
CCTCGG,-1.6442108791891454
CCTGAA,0.6183019026431806
CCTGAT,0.10347104886990549
CCTGAC,-0.06026805201411881
CCTGAG,-0.6117537958745388
CCTGTA,0.8295230492929446
CCTGTT,0.33582728335796647
CCTGTC,0.647536669307893
CCTGTG,0.6041575635582098
CCTGCA,0.3037305613222449
CCTGCT,0.1556223504387146
CCTGCC,0.1301472946402822
CCTGCG,-0.3163373282121571
CCTGGA,0.15532095497544876
CCTGGT,-0.3893738948456263
CCTGGC,-0.0666196873413958
CCTGGG,-0.7715317094809273
CCCAAA,-0.03339828040184803
CCCAAT,-0.24033154946760843
CCCAAC,-0.274816863983403
CCCAAG,-0.1319026431091541
CCCATA,0.20390414566062925
CCCATT,0.06451525206565692
CCCATC,-0.4304828710834523
CCCATG,0.19924720767729745
CCCACA,0.46093595426314177
CCCACT,0.5654352914829823
CCCACC,0.1524052728695392
CCCACG,0.08666043822484194
CCCAGA,-0.2488112980627876
CCCAGT,-0.02313457540165697
CCCAGC,-0.10220834466098194
CCCAGG,-0.913209065336747
CCCTAA,0.5406952553880902
CCCTAT,0.3032814798526141
CCCTAC,0.4900029536263822
CCCTAG,0.07741012154948088
CCCTTA,0.2262561251568817
CCCTTT,-0.04399243185205471
CCCTTC,-0.7174962095702319
CCCTTG,-0.15929614932346461
CCCTCA,-0.5081127839948335
CCCTCT,0.10671314673109498
CCCTCC,-0.0921548920839856
CCCTCG,-1.22433021665715
CCCTGA,0.24800358863360483
CCCTGT,0.4175836970257248
CCCTGC,-0.02039662790764581
CCCTGG,-0.9140346677474723
CCCCAA,-0.13800567301944372
CCCCAT,0.17936297475420943
CCCCAC,0.5100543163617667
CCCCAG,-0.1874210069063038
CCCCTA,0.5718100018154848
CCCCTT,0.08123065859813812
CCCCTC,-0.3715635564324831
CCCCTG,-0.24030049023291905
CCCCCA,0.16120004094107407
CCCCCT,-0.16901385598180557
CCCCCC,-0.36611262156726915
CCCCCG,-1.002597635428521
CCCCGA,-1.1314021114911006
CCCCGT,-0.7280569956969718
CCCCGC,-0.5947863753144089
CCCCGG,-0.3321987258438309
CCCGAA,-0.8076326039947721
CCCGAT,-0.3834559666163745
CCCGAC,-1.4790760945708568
CCCGAG,-1.0544410703549723
CCCGTA,0.0343025943921052
CCCGTT,-0.014411778661303203
CCCGTC,0.14660347419187544
CCCGTG,-1.1056053241590802
CCCGCA,0.14381666328469614
CCCGCT,0.3563248651674343
CCCGCC,-0.37106368139083207
CCCGCG,-1.4567893718044915
CCCGGA,-0.0478560211776351
CCCGGT,0.635182640114472
CCCGGC,0.4804281465816197
CCCGGG,-0.3519364623187945
CCGAAA,-0.7090908309570814
CCGAAT,-0.3691548840515714
CCGAAC,-0.33792890111767715
CCGAAG,-0.4993757075580659
CCGATA,0.33217012673540613
CCGATT,0.05236798551731594
CCGATC,0.08474122845509051
CCGATG,-0.056364447938772176
CCGACA,-0.07380397458336131
CCGACT,-0.0879118723228799
CCGACC,-0.8638271623384143
CCGACG,-1.1888591665158876
CCGAGA,-0.8179232517072993
CCGAGT,0.22711969969384918
CCGAGC,-0.5824816126724257
CCGAGG,-2.563409711275944
CCGTAA,-0.005908436686166394
CCGTAT,0.5449845425773095
CCGTAC,-1.8272338574217146
CCGTAG,-0.04273565526072573
CCGTTA,0.22065907798654788
CCGTTT,-0.08773094085429207
CCGTTC,-0.14100340746322365
CCGTTG,-0.4403565078867815
CCGTCA,-0.35797844184217664
CCGTCT,0.4721681322553086
CCGTCC,-0.4229582655556816
CCGTCG,-0.5373926511507126
CCGTGA,-0.282062865965179
CCGTGT,-0.25729068686678974
CCGTGC,-0.09975660776145959
CCGTGG,-0.6914791234592483
CCGCAA,0.01860198317017567
CCGCAT,0.3823693933135151
CCGCAC,0.03723647615765832
CCGCAG,-0.18113037142380162
CCGCTA,0.5448729905483753
CCGCTT,0.27962093418789624
CCGCTC,0.6060079345080608
CCGCTG,0.1672799712690511
CCGCCA,0.021514935833547126
CCGCCT,0.0714787700804434
CCGCCC,-0.2323978947741308
CCGCCG,-0.02220070998019253
CCGCGA,-2.5560339938035845
CCGCGT,-2.551526337129396
CCGCGC,-0.5405675929647281
CCGCGG,-2.6165844737632002
CCGGAA,-0.5522799764452093
CCGGAT,0.591882633179799
CCGGAC,0.22705745063534608
CCGGAG,-0.17792594532091646
CCGGTA,1.3419867357679385
CCGGTT,0.49552895839051697
CCGGTC,0.377294231141468
CCGGTG,0.8443781502838689
CCGGCA,0.7454216688119881
CCGGCT,0.7324755228234172
CCGGCC,-0.3234001550538601
CCGGCG,0.22635382694445808
CCGGGA,0.32822352271433974
CCGGGT,-0.05800681927435592
CCGGGC,0.06187540371808745
CCGGGG,-0.36805917237053337
CGAAAA,-0.6663690614785525
CGAAAT,-0.2651407586157833
CGAAAC,-0.5975200491233076
CGAAAG,-0.8672042275040066
CGAATA,0.14966077455440627
CGAATT,0.1181985298171135
CGAATC,-0.5343987914840574
CGAATG,-0.10564618913498693
CGAACA,0.20614597494563855
CGAACT,-0.13522266994173945
CGAACC,-0.3678174542368707
CGAACG,0.18805223150293962
CGAAGA,-0.04705706148259704
CGAAGT,0.10043439732177059
CGAAGC,-0.9555114450274365
CGAAGG,-1.133261424081284
CGATAA,0.36239354492556974
CGATAT,0.39510232107261783
CGATAC,0.7876286882638145
CGATAG,0.675128675057267
CGATTA,0.12273448359387937
CGATTT,0.5350210346723465
CGATTC,-0.25131442828090605
CGATTG,0.23259244051214217
CGATCA,0.3940399413703849
CGATCT,-0.0941339397157598
CGATCC,0.501069448820626
CGATCG,0.713570939346515
CGATGA,0.41884087950930343
CGATGT,0.16190637205136196
CGATGC,0.15142451413857194
CGATGG,-0.2082970431972153
CGACAA,0.22101513617938345
CGACAT,0.019418085857101516
CGACAC,0.004555816535860661
CGACAG,0.7537718023763802
CGACTA,0.44781265593725667
CGACTT,0.5933905727984857
CGACTC,0.22314355131420976
CGACTG,0.6286086594223741
CGACCA,-0.034742948443872976
CGACCT,-0.5252663079207851
CGACCC,-0.46676563397196014
CGACCG,0.6126887588916462
CGACGA,-0.42085002694764384
CGACGT,-2.161679639916808
CGACGC,-0.6015799870344549
CGACGG,-0.5829440404263311
CGAGAA,-0.6323176197121548
CGAGAT,-0.340378491588278
CGAGAC,-0.5695661187885908
CGAGAG,-0.13646825229783233
CGAGTA,0.20409535634351522
CGAGTT,0.5378262255844967
CGAGTC,-0.062035390919452635
CGAGTG,-0.0416929022986704
CGAGCA,0.28043040905646077
CGAGCT,-0.4113998436279788
CGAGCC,-0.27450033574971666
CGAGCG,0.42067452677169315
CGAGGA,-1.2321436812926323
CGAGGT,-1.171182981502945
CGAGGC,-1.6508751022982735
CGAGGG,-1.0577902941478545
CGTAAA,-0.6514210483588355
CGTAAT,0.003972638197478465
CGTAAC,0.19365312280350452
CGTAAG,-0.22608041098751952
CGTATA,-0.037139546949456766
CGTATT,0.8366152662172323
CGTATC,0.11934675763256623
CGTATG,-0.2962658161431724
CGTACA,-1.7718659287084844
CGTACT,-1.7029282555214391
CGTACC,-1.9021075263969203
CGTACG,-1.791759469228055
CGTAGA,-0.3012734996553201
CGTAGT,-0.2962658161431724
CGTAGC,-0.5143057994554737
CGTAGG,-0.11049582222269902
CGTTAA,-0.031402201639956676
CGTTAT,0.5013468798114469
CGTTAC,0.7485304601990209
CGTTAG,0.40959734539307485
CGTTTA,-0.18757485217730027
CGTTTT,0.4414087539686804
CGTTTC,0.06275317423747029
CGTTTG,0.3400466925011538
CGTTCA,0.2235156443417588
CGTTCT,-0.2612433975464801
CGTTCC,-0.30010459245033816
CGTTCG,0.11097175282561274
CGTTGA,-0.32927233073380757
CGTTGT,0.1714855374526752
CGTTGC,-0.24143674436153517
CGTTGG,-0.26034854114841227
CGTCAA,-0.346955733916071
CGTCAT,-0.014395880283732402
CGTCAC,-3.423447990596975
CGTCAG,-0.3810561432292394
CGTCTA,0.37378062418405117
CGTCTT,0.32904887766380125
CGTCTC,-0.1406311297397456
CGTCTG,-0.18514243313559597
CGTCCA,-0.08236222161576975
CGTCCT,-0.3825863257232332
CGTCCC,-0.6064604261993634
CGTCCG,-0.2979235665039778
CGTCGA,-2.4458192610799534
CGTCGT,-0.35907206853845375
CGTCGC,-0.6947084611268978
CGTCGG,-1.3132347902503854
CGTGAA,-0.11089065077957293
CGTGAT,-0.10475163467524364
CGTGAC,-2.538096293116917
CGTGAG,-0.12832555805851895
CGTGTA,0.20435563744857652
CGTGTT,0.3333247404080494
CGTGTC,0.31521823026038615
CGTGTG,-0.20866008549562995
CGTGCA,-0.15648032561006733
CGTGCT,-0.3951557384493032
CGTGCC,0.2517346846434688
CGTGCG,-0.4970729512139535
CGTGGA,0.19042771761485144
CGTGGT,0.13141722693218716
CGTGGC,-0.2728180498196316
CGTGGG,-0.05278073721409486
CGCAAA,-0.3313894900375306
CGCAAT,-0.1854494917809153
CGCAAC,-0.19426544757742048
CGCAAG,0.1242767583950377
CGCATA,0.028334155602049795
CGCATT,0.2326222952687535
CGCATC,0.12301322471419378
CGCATG,0.575811672322085
CGCACA,0.12136085700426753
CGCACT,-0.15354259224391126
CGCACC,0.044434280206168804
CGCACG,-0.4592983838866725
CGCAGA,-0.32351868762082175
CGCAGT,0.012297527810406026
CGCAGC,-0.7340516459061924
CGCAGG,-0.33064131631041976
CGCTAA,0.43330619769559764
CGCTAT,0.44971763772520873
CGCTAC,0.3272466310081237
CGCTAG,0.07575422246499537
CGCTTA,-0.11321041908961027
CGCTTT,0.22840724737984025
CGCTTC,0.2486913500998813
CGCTTG,0.23670628878288452
CGCTCA,0.7236958650516083
CGCTCT,0.5699995868054082
CGCTCC,0.6770715550156217
CGCTCG,0.4691151351846204
CGCTGA,0.5344354894051245
CGCTGT,0.5399622178526459
CGCTGC,-0.21273664565839243
CGCTGG,-0.11073465012995654
CGCCAA,-0.16982920195476706
CGCCAT,0.20906782308002525
CGCCAC,0.0037105793965355534
CGCCAG,-0.2678437302321167
CGCCTA,0.2515024158742785
CGCCTT,0.3169863794245849
CGCCTC,-0.5183358131003158
CGCCTG,0.16484361090113456
CGCCCA,0.24456598690161654
CGCCCT,0.08790596479343835
CGCCCC,0.18743334300688896
CGCCCG,-0.06745692033541757
CGCCGA,-0.07373523188724569
CGCCGT,0.029085580895096722
CGCCGC,-0.316968398502343
CGCCGG,0.3474013071534032
CGCGAA,-0.9833423263622298
CGCGAT,-0.41992791689098924
CGCGAC,-0.4101054876646665
CGCGAG,-1.3245801307440812
CGCGTA,-1.0592289606677345
CGCGTT,-0.6100078574154789
CGCGTC,-0.8842535669096329
CGCGTG,-1.526324651812774
CGCGCA,-0.3552767065863619
CGCGCT,-0.2569153195814711
CGCGCC,-0.7528664152615675
CGCGCG,-1.5806299732624802
CGCGGA,-1.3156767939059373
CGCGGT,-0.8898098546245576
CGCGGC,-1.1984782850082953
CGCGGG,-1.823307826962981
CGGAAA,-0.980678639260406
CGGAAT,-0.23474268715756175
CGGAAC,-1.2512580773159478
CGGAAG,-0.5614574090820722
CGGATA,0.5152212352390287
CGGATT,0.31179921478009026
CGGATC,0.2565478791460513
CGGATG,-0.449836352139561
CGGACA,0.49449873047856197
CGGACT,-0.23061556615291068
CGGACC,-0.9667601575633071
CGGACG,-0.3847389775910475
CGGAGA,-0.8888590774134844
CGGAGT,0.4151270190199013
CGGAGC,-0.5443208428997849
CGGAGG,-0.49207958094493537
CGGTAA,0.7836277717835864
CGGTAT,0.9945147060969804
CGGTAC,-0.6352532021410426
CGGTAG,0.6027822598624758
CGGTTA,0.31273557489733106
CGGTTT,0.4054651081081644
CGGTTC,-0.37252095238881033
CGGTTG,0.2311698621884386
CGGTCA,0.18940541168235958
CGGTCT,-0.4864492876855428
CGGTCC,-0.6270073780554003
CGGTCG,0.4320046633427767
CGGTGA,0.14556362334734363
CGGTGT,0.8593825996022756
CGGTGC,0.294902320425268
CGGTGG,0.5904130616843382
CGGCAA,-0.06572667370033027
CGGCAT,0.23206299295127886
CGGCAC,0.5720363548108872
CGGCAG,-0.3488180724435124
CGGCTA,0.4479950449735756
CGGCTT,0.38183350357488727
CGGCTC,0.3829922522561057
CGGCTG,0.13729025204520773
CGGCCA,-0.5306282510621704
CGGCCT,-0.3701832939635246
CGGCCC,-0.7980977761464443
CGGCCG,0.004421525257877256
CGGCGA,0.19013725484603963
CGGCGT,0.365326764309246
CGGCGC,-1.0047085268016693
CGGCGG,-0.0010411245084105038
CGGGAA,-0.19935129663875703
CGGGAT,-0.17679158878449353
CGGGAC,-0.1196331749445449
CGGGAG,-0.0808520966290949
CGGGTA,0.16808377413118247
CGGGTT,-0.01912291663253899
CGGGTC,-0.9290659233628781
CGGGTG,-0.5612564773928825
CGGGCA,0.1611193491433516
CGGGCT,-0.2961461508639103
CGGGCC,-1.120591195386885
CGGGCG,-0.25714534859169924
CGGGGA,-0.6262948735721049
CGGGGT,-0.4594215199151986
CGGGGC,-0.5944516472778109
CGGGGG,-1.2886453828836926
GAAAAA,-0.015491395549915101
GAAAAT,-0.04099014854974199
GAAAAC,0.24340716017763228
GAAAAG,-0.3612698232306111
GAAATA,0.017463679120115306
GAAATT,0.1823658055605275
GAAATC,0.6235442739770586
GAAATG,0.15845239972934327
GAAACA,-0.46226270650129764
GAAACT,-0.08844107737236816
GAAACC,-0.06167119438710589
GAAACG,-0.04566494931515944
GAAAGA,-0.27789293550272903
GAAAGT,-0.23042594033355063
GAAAGC,-0.08939403239369736
GAAAGG,-0.0751994659859963
GAATAA,0.21078456169907986
GAATAT,0.4006970814701393
GAATAC,1.0703230474946113
GAATAG,-0.29117596170603677
GAATTA,0.18379866193696778
GAATTT,0.2789730613041046
GAATTC,-0.5679145907501177
GAATTG,0.65038664070154
GAATCA,-0.7143178876829119
GAATCT,-0.3610133455373305
GAATCC,-0.03822708134757891
GAATCG,0.02271595783453687
GAATGA,0.11988630981735314
GAATGT,0.0870113769896297
GAATGC,0.5133540701193494
GAATGG,0.25986148885936444
GAACAA,-0.2452085498930528
GAACAT,-0.31521617264510066
GAACAC,-0.1213801618372329
GAACAG,-0.35011501302499953
GAACTA,-0.8918929476125121
GAACTT,-0.6155151826753545
GAACTC,0.11150965109817629
GAACTG,0.05553701097155954
GAACCA,-0.724571306975996
GAACCT,-0.6952283467637699
GAACCC,-0.503565288649216
GAACCG,-0.6307117096191529
GAACGA,0.06899287148695142
GAACGT,-1.7718086828087063
GAACGC,0.39239302654081165
GAACGG,-0.2363887780642304
GAAGAA,0.49327979016738605
GAAGAT,-0.3036692955172414
GAAGAC,0.4268067677128148
GAAGAG,0.3057226167648051
GAAGTA,-0.24076515266402934
GAAGTT,0.028943376039488506
GAAGTC,0.9835591219362004
GAAGTG,0.9606871535914344
GAAGCA,-0.8803587226480918
GAAGCT,-0.5644593145429931
GAAGCC,0.07064407870005635
GAAGCG,0.31133626334967074
GAAGGA,-1.1422411510573163
GAAGGT,-0.9671282261981056
GAAGGC,-0.35667494393873245
GAAGGG,-0.42939043761017537
GATAAA,0.10285503360804242
GATAAT,-0.05803154757218484
GATAAC,0.06060261501633277
GATAAG,-0.08694398927438475
GATATA,-0.050858417233490966
GATATT,0.6209127618114373
GATATC,-2.2307556900374848
GATATG,-0.39814672730048445
GATACA,0.22314355131420976
GATACT,0.34967374847974886
GATACC,0.21319322046104167
GATACG,0.3290002217825119
GATAGA,0.3595361762197644
GATAGT,0.19020972964296085
GATAGC,0.19907529337755211
GATAGG,0.30434756442542565
GATTAA,-0.24794345871367873
GATTAT,0.02785039779233686
GATTAC,0.05105299641691204
GATTAG,-0.3863619061240617
GATTTA,-0.11119951487879765
GATTTT,0.4255760413067552
GATTTC,0.5830191004515023
GATTTG,0.312557171551692
GATTCA,-0.5029204442588775
GATTCT,-0.10809772992191968
GATTCC,-0.24946085963158326
GATTCG,-0.3742965452885519
GATTGA,0.27789108056984785
GATTGT,0.07523219936600278
GATTGC,-0.1651412743076649
GATTGG,-0.12982081322798694
GATCAA,-0.07405097964822084
GATCAT,-0.15861573962397774
GATCAC,0.08786895191073005
GATCAG,-0.3299177014661439
GATCTA,-0.9733796988582821
GATCTT,-0.36380347160523707
GATCTC,-0.3374116448631488
GATCTG,-0.34549325826436594
GATCCA,-0.04849062844755786
GATCCT,0.18275175684360936
GATCCC,-0.025467973387346615
GATCCG,0.003883500026397612
GATCGA,-0.8416836746992601
GATCGT,0.5133088631845979
GATCGC,0.6168054913762749
GATCGG,0.1255469096285808
GATGAA,0.14913184871531554
GATGAT,-0.0581706328548681
GATGAC,-0.026526754333428597
GATGAG,-0.027979551655687378
GATGTA,-0.38299225225610584
GATGTT,-0.47859534586107727
GATGTC,-0.05414134750729135
GATGTG,0.12716514562467918
GATGCA,-0.45983651189029134
GATGCT,-0.4395241277000833
GATGCC,-0.32409435848333595
GATGCG,-0.023400082473151892
GATGGA,-0.44468582126144557
GATGGT,-0.4444200758439902
GATGGC,-0.2824704959457862
GATGGG,-0.5105281817649875
GACAAA,0.07403804452878503
GACAAT,0.36081764261374294
GACAAC,0.24433976665294888
GACAAG,0.1447046932226479
GACATA,-0.4601235206460284
GACATT,0.20652515853484096
GACATC,-0.1603737731513867
GACATG,0.23137405045072534
GACACA,-0.2449449799954263
GACACT,0.4974578154479983
GACACC,0.3471328868055293
GACACG,0.2808811045691987
GACAGA,0.67116827384117
GACAGT,-1.2350241441579863
GACAGC,0.6482678543825123
GACAGG,0.5420524831082321
GACTAA,0.4601488108968187
GACTAT,0.10373976976009305
GACTAC,0.3356617543399161
GACTAG,-0.4700036292457356
GACTTA,-0.2571843967706491
GACTTT,0.4571519870722805
GACTTC,0.7457682025158584
GACTTG,0.48091312440339057
GACTCA,-0.3174542307854511
GACTCT,0.23813633590035116
GACTCC,0.2215625233168911
GACTCG,0.5870726341684619
GACTGA,0.6399026660411331
GACTGT,-1.9363406980391626
GACTGC,0.32636959444340347
GACTGG,-0.003696861881326203
GACCAA,-0.7858242950852524
GACCAT,-0.3326771656526612
GACCAC,-0.03824239903644622
GACCAG,-0.8986357966354342
GACCTA,-1.363304842895192
GACCTT,-0.5847238753715733
GACCTC,-0.8195350634098472
GACCTG,-0.7576857016975165
GACCCA,-0.6346807220599814
GACCCT,-0.5882870401940202
GACCCC,-0.37331538169801465
GACCCG,-0.968250470804866
GACCGA,0.15639199567027232
GACCGT,-0.49758039701597007
GACCGC,-0.08434114843375082
GACCGG,0.3746934494414107
GACGAA,-0.32039359593636124
GACGAT,0.45284928439775896
GACGAC,0.24800358863360467
GACGAG,-0.5865513342941263
GACGTA,-2.02960916793196
GACGTT,-1.5443335746868412
GACGTC,-1.8082887711792655
GACGTG,-0.8593825996022756
GACGCA,-0.2743707278135415
GACGCT,0.61789044320235
GACGCC,-0.08913943687766529
GACGCG,-0.9827639998996531
GACGGA,-0.42563077770275887
GACGGT,-0.9700571560298151
GACGGC,0.4023449807719207
GACGGG,-0.143590919612256
GAGAAA,-0.46366172272045136
GAGAAT,-0.24704533744976329
GAGAAC,-0.8399494986174326
GAGAAG,-0.6518290312292142
GAGATA,-0.47036276015280964
GAGATT,-0.01406552001608527
GAGATC,-0.44704471030807597
GAGATG,-0.7802164262455201
GAGACA,-0.18457127652797004
GAGACT,0.43078291609245417
GAGACC,-0.5726819796836224
GAGACG,-0.10115814968674802
GAGAGA,-0.2450812455620856
GAGAGT,0.5355541565417141
GAGAGC,0.39429180751003917
GAGAGG,-0.24926985590642986
GAGTAA,0.5667719162454101
GAGTAT,0.6405034470745233
GAGTAC,-1.4586150226995167
GAGTAG,-0.12896214596893224
GAGTTA,-0.0972425475553787
GAGTTT,0.792651689043713
GAGTTC,0.1753579075707831
GAGTTG,0.3476202882008924
GAGTCA,-0.24974314615427623
GAGTCT,0.2571109119465138
GAGTCC,0.297507966603072
GAGTCG,0.1723712259407865
GAGTGA,-0.11297848393763883
GAGTGT,0.0852204081087081
GAGTGC,0.15693232278913521
GAGTGG,0.4877032063451365
GAGCAA,0.30522166234981657
GAGCAT,0.5728893336704927
GAGCAC,-1.3192836508369303
GAGCAG,0.2253518702094384
GAGCTA,-0.6213145972756199
GAGCTT,0.03306086226088821
GAGCTC,-1.0976016771621862
GAGCTG,-0.0659341947765459
GAGCCA,-0.10520425344952337
GAGCCT,0.4978067254842075
GAGCCC,-1.924410845121785
GAGCCG,0.27176661714588146
GAGCGA,0.9202303298782353
GAGCGT,0.8923264514354265
GAGCGC,0.16314777558596405
GAGCGG,0.6047031385688197
GAGGAA,-0.5086009287438795
GAGGAT,-0.3849865767646237
GAGGAC,-0.7898338230729935
GAGGAG,-0.9753140723236161
GAGGTA,-0.5431545108813506
GAGGTT,-0.08185102643032022
GAGGTC,-1.108243181729071
GAGGTG,-0.4131490098000789
GAGGCA,-0.48499486373146916
GAGGCT,-0.44295571702366304
GAGGCC,-1.3060299976768555
GAGGCG,-0.4968715744320159
GAGGGA,-0.12499212970006214
GAGGGT,-0.10039924931179604
GAGGGC,0.1300150772217668
GAGGGG,-0.3477567904875177
GTAAAA,-0.018358695425779975
GTAAAT,-0.47775249901422256
GTAAAC,-2.679498299173769
GTAAAG,-0.3759946857993825
GTAATA,0.25187985017779685
GTAATT,0.12174699880891526
GTAATC,-0.14397424851933088
GTAATG,0.1509210203465067
GTAACA,0.03281092009195024
GTAACT,0.17062551703076345
GTAACC,0.41910450120148307
GTAACG,0.7004133342365683
GTAAGA,0.023693112257288044
GTAAGT,0.249288831418532
GTAAGC,-0.05567300242624164
GTAAGG,0.6685305529245893
GTATAA,0.3960008335255777
GTATAT,-0.37977562199285353
GTATAC,-1.5829359716885936
GTATAG,-0.03651521297509745
GTATTA,0.19856130790887397
GTATTT,0.7243171630204314
GTATTC,1.1678799231736876
GTATTG,0.8000917294968731
GTATCA,0.2751920920018877
GTATCT,-0.14235000995921898
GTATCC,0.5679840376059394
GTATCG,0.5884362264709145
GTATGA,0.03309994842634471
GTATGT,-0.21818746998245134
GTATGC,0.12136085700426753
GTATGG,0.02295653179860998
GTACAA,-1.6556272949034752
GTACAT,-2.269832306522238
GTACAC,-1.552867560945706
GTACAG,-2.0592388343623163
GTACTA,-1.5573345734498054
GTACTT,-1.6103898401594825
GTACTC,-1.3748656652962679
GTACTG,-2.76316950032329
GTACCA,-2.0963433524824393
GTACCT,-1.8157127102505477
GTACCC,-1.404188850996441
GTACCG,-1.3270750014599195
GTACGA,-1.6571693152552904
GTACGT,-2.3683728335320486
GTACGC,-1.9370800696070414
GTACGG,-2.128231705849268
GTAGAA,0.2396247774980016
GTAGAT,-0.5941576739549032
GTAGAC,-1.8357763546448294
GTAGAG,0.11374982660613135
GTAGTA,0.31623397438022177
GTAGTT,-0.3476528858107969
GTAGTC,0.338525625433055
GTAGTG,0.2767962648065299
GTAGCA,-0.8335128054164619
GTAGCT,-0.8804258495066918
GTAGCC,-0.3757166327073898
GTAGCG,0.3241602810541907
GTAGGA,-0.055119299221079436
GTAGGT,-0.5693892997624028
GTAGGC,0.05843108343584306
GTAGGG,0.6705848432528585
GTTAAA,-0.006310643824809548
GTTAAT,-0.610761091862396
GTTAAC,-2.551006451492524
GTTAAG,-0.4532986090457328
GTTATA,0.1706724995767562
GTTATT,0.1830779864820652
GTTATC,-0.014237782662772275
GTTATG,-0.23553161766153782
GTTACA,0.2329571727625344
GTTACT,0.5813724971196763
GTTACC,0.2695970621108512
GTTACG,0.14252695553310052
GTTAGA,0.18947473948630303
GTTAGT,0.12482834360221563
GTTAGC,-0.1520351723744391
GTTAGG,0.27649488306121656
GTTTAA,-0.0792915306486873
GTTTAT,-0.3003565133485088
GTTTAC,-2.8025519734251607
GTTTAG,-0.038850822266874266
GTTTTA,0.5142284343654854
GTTTTT,0.299536820865471
GTTTTC,0.20429386287444803
GTTTTG,0.2400597234331715
GTTTCA,0.06703869933924118
GTTTCT,0.13839313172488718
GTTTCC,-0.492942111873094
GTTTCG,-0.6233233991789063
GTTTGA,0.5172625719671213
GTTTGT,0.2824740427548439
GTTTGC,-0.06031863702983631
GTTTGG,0.2632105439110958
GTTCAA,0.028895820399380646
GTTCAT,-0.4097847692526807
GTTCAC,-1.2857722098601059
GTTCAG,-0.1898687624293376
GTTCTA,-0.34421421077482833
GTTCTT,-0.3548847245656653
GTTCTC,-0.7573762478810288
GTTCTG,-0.3102967622165657
GTTCCA,-0.5068176023684517
GTTCCT,-0.503590208842299
GTTCCC,-0.5367718057105758
GTTCCG,-0.9223330463301177
GTTCGA,-1.2495833155779883
GTTCGT,0.19089478750444286
GTTCGC,0.057594238645278066
GTTCGG,-0.587786664902119
GTTGAA,-0.15507191434657921
GTTGAT,-0.2032423969969148
GTTGAC,-2.529720665577793
GTTGAG,-0.4727173351173317
GTTGTA,0.33656112946095335
GTTGTT,0.195473801894959
GTTGTC,0.3566749439387324
GTTGTG,-0.2600186809057707
GTTGCA,0.2895617722533585
GTTGCT,-0.2442721456554933
GTTGCC,-0.5082623413628259
GTTGCG,-0.30159991983177153
GTTGGA,0.19179595529351837
GTTGGT,0.03226684524437626
GTTGGC,-0.4366407255766141
GTTGGG,-0.26266587810271386
GTCAAA,0.18218363527108236
GTCAAT,0.35357416626048416
GTCAAC,-2.3831010614430976
GTCAAG,-0.1780018956494383
GTCATA,0.0
GTCATT,0.16667982315693963
GTCATC,-0.04069891002259221
GTCATG,0.17838565067271617
GTCACA,-2.55658110779102
GTCACT,-1.7803307734044322
GTCACC,-2.6334862845658034
GTCACG,-3.747934216895251
GTCAGA,-0.7073318155519017
GTCAGT,0.15006069457573326
GTCAGC,-0.07431203296455136
GTCAGG,-0.2895670871475522
GTCTAA,0.5477301807014416
GTCTAT,0.36844342909623934
GTCTAC,-1.9358598132018117
GTCTAG,-0.22641687665917884
GTCTTA,-0.09575571333809264
GTCTTT,0.5806691971332549
GTCTTC,0.3610577120938275
GTCTTG,0.11883780860130698
GTCTCA,-0.3952945149037876
GTCTCT,0.3233688075828147
GTCTCC,-0.712721783684575
GTCTCG,-0.10697211955216783
GTCTGA,0.019759149980462392
GTCTGT,0.3279373341713756
GTCTGC,-0.0967521411212262
GTCTGG,-0.07522342123758752
GTCCAA,0.04631953447944981
GTCCAT,0.01725324814755945
GTCCAC,-1.3976875449493336
GTCCAG,-0.41419878807691907
GTCCTA,-0.10937840713652586
GTCCTT,0.007874056430905866
GTCCTC,-0.43466426280042675
GTCCTG,0.11826392049373406
GTCCCA,-0.20314696581541453
GTCCCT,-0.20328668525899957
GTCCCC,-0.47559693188224683
GTCCCG,0.06271012830745615
GTCCGA,-1.2612978709452054
GTCCGT,0.2671296994984595
GTCCGC,0.13234162448893402
GTCCGG,-0.04385188252884951
GTCGAA,-2.3174737054877963
GTCGAT,-1.749199854809259
GTCGAC,-2.178532444324067
GTCGAG,-2.8154087194227095
GTCGTA,0.21930477500704396
GTCGTT,0.6954845404086503
GTCGTC,-0.23984540093214124
GTCGTG,0.554703629938045
GTCGCA,0.10066346615795702
GTCGCT,0.550899675095058
GTCGCC,-0.07274340519192479
GTCGCG,-0.9302666857301289
GTCGGA,-0.8892620594862358
GTCGGT,0.4393666597838457
GTCGGC,-0.19579625537731477
GTCGGG,-1.083686638451434
GTGAAA,-0.07134539156153642
GTGAAT,-0.03134708136443924
GTGAAC,-1.9482882714602807
GTGAAG,-0.594099454876495
GTGATA,-0.22070330033653068
GTGATT,-0.08704348951191065
GTGATC,0.18169395108903977
GTGATG,0.015707129205357877
GTGACA,-2.64359248478065
GTGACT,-1.5268920745424455
GTGACC,-2.0450327619942943
GTGACG,-3.1830413718589847
GTGAGA,-0.718716755409449
GTGAGT,0.31648807170086213
GTGAGC,0.11125526956917536
GTGAGG,-0.6752895631599388
GTGTAA,0.1322996585233258
GTGTAT,0.7292521852020617
GTGTAC,-1.446013595821513
GTGTAG,-0.11300975690372582
GTGTTA,0.23392632914695757
GTGTTT,0.354396040331723
GTGTTC,-0.13353139262452263
GTGTTG,0.4023204514286926
GTGTCA,-0.24892406215237728
GTGTCT,0.6480814154814958
GTGTCC,0.07736112115746811
GTGTCG,0.058840500022933395
GTGTGA,-0.774727167552368
GTGTGT,-0.16715333532078328
GTGTGC,-0.09201889872025214
GTGTGG,-0.011328000305207472
GTGCAA,0.031875208530449034
GTGCAT,0.1361321743245799
GTGCAC,-1.3055569677636758
GTGCAG,-0.2657031657330056
GTGCTA,-0.46497765116714407
GTGCTT,-0.21288275560514883
GTGCTC,-1.1641118862852313
GTGCTG,0.2326222952687535
GTGCCA,0.03330719801776876
GTGCCT,0.7361971745165133
GTGCCC,-2.046497385960482
GTGCCG,0.49089140886517346
GTGCGA,0.12112599576703491
GTGCGT,0.19864076408507644
GTGCGC,-0.36081365447049296
GTGCGG,-0.10725953781957714
GTGGAA,0.37769884373043944
GTGGAT,0.7096527580001764
GTGGAC,-1.6325031853650964
GTGGAG,0.07523219936600278
GTGGTA,0.3019244291673241
GTGGTT,0.324261970945546
GTGGTC,-0.014548823159866461
GTGGTG,0.7754365753164598
GTGGCA,-0.2185012133714571
GTGGCT,0.2698435687496066
GTGGCC,-1.0425228220170661
GTGGCG,0.1118176324007384
GTGGGA,-0.2736243329615492
GTGGGT,0.16071615273405807
GTGGGC,0.1262070120874621
GTGGGG,0.45544552793280474
GCAAAA,-0.1021944146204313
GCAAAT,-0.04120404787680419
GCAAAC,-0.21844424756042244
GCAAAG,-0.513231817467735
GCAATA,0.09656397752849033
GCAATT,-0.055081291581539425
GCAATC,-0.1861347168003689
GCAATG,-0.17622397692583608
GCAACA,0.1454862596636034
GCAACT,-0.2323978947741308
GCAACC,-0.16950833548157812
GCAACG,-0.16997834837096346
GCAAGA,0.3027660256607137
GCAAGT,0.2783836115421051
GCAAGC,0.17202109145373742
GCAAGG,0.20143434574744837
GCATAA,-0.06446938157934545
GCATAT,-0.7978674913303484
GCATAC,0.01747463052326392
GCATAG,-0.08096906253366709
GCATTA,0.021661496781179467
GCATTT,0.03157114675018045
GCATTC,0.38776553100876343
GCATTG,0.12492104151231993
GCATCA,0.10819121977990023
GCATCT,-0.9462378082421071
GCATCC,-0.4842249419688116
GCATCG,0.24436718776583635
GCATGA,0.44291033859020956
GCATGT,0.4880418880299285
GCATGC,1.0787422054711995
GCATGG,0.6549341510792868
GCACAA,-0.1430237693795846
GCACAT,-0.281245472713242
GCACAC,0.0004976362381870486
GCACAG,0.14430348960643372
GCACTA,-0.1395366410336627
GCACTT,-0.161963219564052
GCACTC,0.04681041784399058
GCACTG,-0.3364722366212129
GCACCA,0.07996852644877031
GCACCT,-0.5362148577708103
GCACCC,-0.38785901953311525
GCACCG,0.15449320423547097
GCACGA,0.3603135167826406
GCACGT,-1.8191584434161694
GCACGC,0.08809304286037081
GCACGG,-0.03885780260674695
GCAGAA,0.025203854363290156
GCAGAT,-0.5748059534293979
GCAGAC,-0.6008587464694718
GCAGAG,-0.0953101798043249
GCAGTA,0.44628710262841953
GCAGTT,0.25230013560566533
GCAGTC,0.5443262934960347
GCAGTG,-0.0426925843013135
GCAGCA,-0.23954958670131968
GCAGCT,-0.9679752540699514
GCAGCC,-0.5551614375860425
GCAGCG,-0.3379592257427912
GCAGGA,0.18199374167874227
GCAGGT,-0.296198337483273
GCAGGC,0.013965680861971854
GCAGGG,0.1564521768155374
GCTAAA,0.1565856878341036
GCTAAT,-0.20226034039778562
GCTAAC,-0.09408423874113463
GCTAAG,-0.6446110824736482
GCTATA,0.10536051565782635
GCTATT,-0.1622508713922649
GCTATC,0.1272912191517966
GCTATG,0.024889529351906196
GCTACA,-0.3866749550998541
GCTACT,-0.3268310264288268
GCTACC,-0.14119426537009172
GCTACG,-0.4478585168827089
GCTAGA,0.03554153920856942
GCTAGT,-0.36567685804975164
GCTAGC,-0.9591520249213082
GCTAGG,-0.022532431080696115
GCTTAA,-0.2086313926938888
GCTTAT,-0.030305349495328922
GCTTAC,-0.07551431152551925
GCTTAG,-0.6987054750727395
GCTTTA,0.17374878258546173
GCTTTT,0.01958623584728866
GCTTTC,-0.10146047479304489
GCTTTG,-0.10629465864962319
GCTTCA,-0.1481148013924188
GCTTCT,0.06305813596713701
GCTTCC,-0.34489150539839597
GCTTCG,-0.6805683983530851
GCTTGA,0.2916598569985679
GCTTGT,0.32345889393020233
GCTTGC,0.04222869279907353
GCTTGG,0.02680227437925479
GCTCAA,0.30930248600518234
GCTCAT,0.08224771829286473
GCTCAC,0.1884804386838994
GCTCAG,-0.33366718569360426
GCTCTA,0.5061873965268349
GCTCTT,0.28027213622307584
GCTCTC,0.3432818866022942
GCTCTG,0.2624476012732396
GCTCCA,0.13528872193690478
GCTCCT,0.08954623259281787
GCTCCC,0.253534936899201
GCTCCG,-0.7571559003606207
GCTCGA,-1.8392789851960314
GCTCGT,0.14439450488189357
GCTCGC,0.47399784983040627
GCTCGG,-0.5368477291291909
GCTGAA,0.261423003556689
GCTGAT,0.23792494607968845
GCTGAC,-0.2016905833628967
GCTGAG,-0.30129862244294575
GCTGTA,0.5299068618414183
GCTGTT,0.3736683340261655
GCTGTC,0.6527376422220686
GCTGTG,0.07851326562163825
GCTGCA,-0.3780661339200499
GCTGCT,-0.3608183947617839
GCTGCC,-0.5108256237659907
GCTGCG,-0.8406431135348402
GCTGGA,0.1570759163621335
GCTGGT,-0.08675092640865487
GCTGGC,-0.27686963825071226
GCTGGG,-0.19598187367238687
GCCAAA,-0.1001341158351778
GCCAAT,-0.11318553163128806
GCCAAC,-0.5263072566847575
GCCAAG,-0.47953989570597555
GCCATA,0.07218211696050766
GCCATT,0.06655195160198923
GCCATC,-0.46356660618475487
GCCATG,0.138601696180935
GCCACA,-0.06141870780851287
GCCACT,0.06072984620754584
GCCACC,-0.20261685241763722
GCCACG,-0.31481073984003355
GCCAGA,0.21702392164576828
GCCAGT,0.08357747614171432
GCCAGC,-0.23707743589738287
GCCAGG,-0.3179341156223019
GCCTAA,0.42588042305909873
GCCTAT,0.2186759340544937
GCCTAC,0.21906690482044636
GCCTAG,-0.3329912816462435
GCCTTA,0.3850714642463178
GCCTTT,0.30783687443024116
GCCTTC,-0.014087159604414626
GCCTTG,0.27455278100998826
GCCTCA,-1.0856818271891178
GCCTCT,-0.08613763294103287
GCCTCC,-0.1757898549307394
GCCTCG,-1.4569525119259032
GCCTGA,0.6009060568730383
GCCTGT,0.7944009142651182
GCCTGC,0.17502430297001134
GCCTGG,0.009966859915392074
GCCCAA,-0.1262801659103297
GCCCAT,-0.05867604662454443
GCCCAC,0.32242502089565384
GCCCAG,-0.43665672058617155
GCCCTA,0.14351673052543656
GCCCTT,-0.05942593101193535
GCCCTC,-0.11922499697328469
GCCCTG,-0.05270981641952826
GCCCCA,-0.05540832201191016
GCCCCT,0.2314596075558673
GCCCCC,-0.170563408811608
GCCCCG,-0.639391437255122
GCCCGA,-0.4760337982723266
GCCCGT,0.026921657566264523
GCCCGC,-0.1134184156673308
GCCCGG,0.3504829736908114
GCCGAA,-0.5664248516925902
GCCGAT,0.2957605930169824
GCCGAC,-0.10270392882926312
GCCGAG,-0.3928863259013043
GCCGTA,0.4607316784470753
GCCGTT,0.31783511062246844
GCCGTC,0.3811859749530822
GCCGTG,-0.2892717173874155
GCCGCA,-0.23020427988478342
GCCGCT,0.1253326488447416
GCCGCC,-0.5025562322834841
GCCGCG,-1.278550054106788
GCCGGA,0.12115409591596768
GCCGGT,0.872175197941961
GCCGGC,0.43947442421091276
GCCGGG,0.21517538166503292
GCGAAA,-0.26860749864440014
GCGAAT,0.21321517411687507
GCGAAC,0.21548067856864064
GCGAAG,-0.10163264554381189
GCGATA,0.780158557549575
GCGATT,0.5246189458983264
GCGATC,0.5924222009930189
GCGATG,0.5383813053887689
GCGACA,0.23327535024461654
GCGACT,0.6274132020176005
GCGACC,-0.03536714383729136
GCGACG,-0.5903087343348288
GCGAGA,0.024605810802200194
GCGAGT,0.5892614360532242
GCGAGC,0.41238555095273804
GCGAGG,-0.8181504641898159
GCGTAA,-0.05071361157913415
GCGTAT,0.4708929134306196
GCGTAC,-1.6314168191528755
GCGTAG,-0.19988668914994245
GCGTTA,0.6307440435350984
GCGTTT,0.6056454605928262
GCGTTC,0.3063068222894867
GCGTTG,0.19840439354009282
GCGTCA,-0.05797055651439344
GCGTCT,0.39871560305656384
GCGTCC,-0.0535775052957482
GCGTCG,-0.6714856837787658
GCGTGA,0.23398895267425773
GCGTGT,0.4704375628607026
GCGTGC,-0.11079128684296055
GCGTGG,0.3167061917910613
GCGCAA,-0.46902082818382757
GCGCAT,-0.26745751461367206
GCGCAC,-0.4527392715917714
GCGCAG,-0.7814397877056236
GCGCTA,-0.2013505475858192
GCGCTT,-0.3080847597719666
GCGCTC,0.194411514071873
GCGCTG,-0.3604851034392456
GCGCCA,-0.7281268994559721
GCGCCT,-0.6969686980802307
GCGCCC,-0.8961706452862237
GCGCCG,-0.8376843011294208
GCGCGA,-0.055597945382853405
GCGCGT,-0.41172199839451584
GCGCGC,-1.147853004771273
GCGCGG,-0.5872077936847966
GCGGAA,-0.5071826324874896
GCGGAT,0.30466040898619884
GCGGAC,-0.21453517677760967
GCGGAG,-0.24946085963158313
GCGGTA,0.9120335947508361
GCGGTT,0.49328131411508114
GCGGTC,-0.01072657773864311
GCGGTG,0.5467748578889203
GCGGCA,-0.21321791151423983
GCGGCT,0.0006759040473608236
GCGGCC,-0.6130636223788357
GCGGCG,-0.44003446674431607
GCGGGA,-0.020192757019259173
GCGGGT,-0.09671500326177376
GCGGGC,-0.3521003940579856
GCGGGG,-0.6244789317020416
GGAAAA,-0.22487615353799126
GGAAAT,-0.09088481790305009
GGAAAC,-0.6478010787930685
GGAAAG,-0.5979390363661369
GGAATA,0.3062101500128232
GGAATT,0.6349069911505218
GGAATC,-0.37558590822443033
GGAATG,0.36180535279768217
GGAACA,-0.4181120698089318
GGAACT,-0.5505730685616846
GGAACC,-1.4465827919766956
GGAACG,-0.37530467564808656
GGAAGA,-0.5096484605929757
GGAAGT,0.48566278646672306
GGAAGC,-0.3795662666981071
GGAAGG,-1.044434502966299
GGATAA,0.5067061534707519
GGATAT,0.5622053448421563
GGATAC,0.4951697266934377
GGATAG,0.33640993326615715
GGATTA,0.13937366824875094
GGATTT,0.75740205398607
GGATTC,0.0408219945202552
GGATTG,0.2617879894430867
GGATCA,0.1481577444296471
GGATCT,-0.1076600280249351
GGATCC,-0.3439328164195196
GGATCG,0.32484201736552154
GGATGA,-0.7483271428281483
GGATGT,-0.23213526250617386
GGATGC,-0.39812641771469787
GGATGG,-0.631344639241249
GGACAA,0.030698986888806686
GGACAT,-0.031090587070031005
GGACAC,0.0750351859429141
GGACAG,0.2720159557073816
GGACTA,0.10647224451051672
GGACTT,0.3435341503776742
GGACTC,0.31738722686569665
GGACTG,0.0982933484347338
GGACCA,-1.3142275735615279
GGACCT,-1.4315067039414386
GGACCC,-2.0005142830901654
GGACCG,-0.4598718303153286
GGACGA,-0.033244058579154516
GGACGT,-2.4765384001174837
GGACGC,-0.05185765123729374
GGACGG,-0.3062584580247164
GGAGAA,-0.7180259608879858
GGAGAT,-0.8536121152614793
GGAGAC,-1.0422938580778862
GGAGAG,-0.17620532977651843
GGAGTA,0.2466126858550568
GGAGTT,0.6824898860859572
GGAGTC,0.5073594157895045
GGAGTG,0.16364357816364503
GGAGCA,0.06453852113757116
GGAGCT,-0.33230266838448796
GGAGCC,-1.1786549963416462
GGAGCG,0.7323070590617905
GGAGGA,-0.43058552819169166
GGAGGT,-0.3562097194595344
GGAGGC,-0.20664455193417472
GGAGGG,-0.007863736460214576
GGTAAA,-0.08633168961964141
GGTAAT,0.22237461625133256
GGTAAC,0.2753552599711225
GGTAAG,0.3035080610822368
GGTATA,0.18160752606029756
GGTATT,0.8617451561341024
GGTATC,0.2541593804131374
GGTATG,-0.07443259478276955
GGTACA,-1.2357357070850872
GGTACT,-1.3912819026309298
GGTACC,-1.336461987372015
GGTACG,-1.3995395878699113
GGTAGA,0.03722271049060814
GGTAGT,0.43544010432895913
GGTAGC,-0.3773359403863283
GGTAGG,0.35200203823934
GGTTAA,-0.1971366425790953
GGTTAT,0.1787206208969955
GGTTAC,0.40596028019057734
GGTTAG,0.03722934176835598
GGTTTA,-0.2606759304517231
GGTTTT,0.48137235685249524
GGTTTC,0.01900587876993071
GGTTTG,0.28469253360341495
GGTTCA,-0.6673198184245029
GGTTCT,-0.665400923854015
GGTTCC,-1.7014960568520479
GGTTCG,-0.5190841113153052
GGTTGA,-0.16428304909103372
GGTTGT,0.371563556432483
GGTTGC,-0.2666941275595593
GGTTGG,-0.32386774339760915
GGTCAA,-0.22863304359898118
GGTCAT,-0.2789905643333225
GGTCAC,-2.485663938729909
GGTCAG,-0.5403844260075351
GGTCTA,-0.8235486801755403
GGTCTT,-0.366231127868534
GGTCTC,-0.54095536521802
GGTCTG,-0.5672520624604113
GGTCCA,-1.4452368967533407
GGTCCT,-1.041453874828161
GGTCCC,-1.9076889362351155
GGTCCG,-1.1742497028737295
GGTCGA,-2.26002547857525
GGTCGT,0.4738370543966502
GGTCGC,-0.04954573655142988
GGTCGG,-0.5142679679569635
GGTGAA,-0.384469989254553
GGTGAT,-0.04807562323156314
GGTGAC,-2.206074192613202
GGTGAG,-0.2773346039263562
GGTGTA,0.5403347818497557
GGTGTT,0.6566134372274893
GGTGTC,0.3148886649540384
GGTGTG,-0.052513747488275836
GGTGCA,0.10588975621000477
GGTGCT,-0.057075799935981664
GGTGCC,-0.6783320947748046
GGTGCG,0.19032502955738229
GGTGGA,0.2713903848535952
GGTGGT,0.6465846849437373
GGTGGC,-0.07083885699382207
GGTGGG,0.08156693224734918
GGCAAA,-0.026947077019306678
GGCAAT,0.04045379632026658
GGCAAC,-0.33145512233441404
GGCAAG,0.09129558619042277
GGCATA,-0.04009445720187809
GGCATT,0.29183380515624324
GGCATC,-0.11255198623883077
GGCATG,0.8773753156244816
GGCACA,0.13257946489914063
GGCACT,0.12470347850095724
GGCACC,-0.9834300347117836
GGCACG,0.48225225132193456
GGCAGA,0.050940124685839694
GGCAGT,0.5679840376059394
GGCAGC,-0.5372768098531603
GGCAGG,0.07450252729792108
GGCTAA,0.31942341433628946
GGCTAT,0.3263773762114991
GGCTAC,-0.41964974310012093
GGCTAG,-0.12773336650955164
GGCTTA,0.05050281522821259
GGCTTT,0.347342247216123
GGCTTC,0.15620406863910047
GGCTTG,0.446002682741489
GGCTCA,-0.045456400343263564
GGCTCT,0.36381358222553384
GGCTCC,-0.8387246296767153
GGCTCG,-0.18880169729047436
GGCTGA,0.2989712143474582
GGCTGT,0.6338306034035259
GGCTGC,-0.6089795110537587
GGCTGG,0.0917084264894989
GGCCAA,-0.9206789951067293
GGCCAT,-0.888316879831749
GGCCAC,-1.13009349625528
GGCCAG,-0.398849868989445
GGCCTA,-0.752661308092353
GGCCTT,-0.6627942486478965
GGCCTC,-1.177083904109605
GGCCTG,0.04348511193973889
GGCCCA,-1.0507495293773483
GGCCCT,-1.0741689888287524
GGCCCC,-1.718210781205243
GGCCCG,-0.948923185903053
GGCCGA,-1.1520601231115226
GGCCGT,-0.2837107826746617
GGCCGC,-0.6863278652878904
GGCCGG,-0.29808234706957026
GGCGAA,0.2931248323815511
GGCGAT,0.647960104528632
GGCGAC,-0.026742026947669563
GGCGAG,0.11189038960640879
GGCGTA,0.3475331839806378
GGCGTT,0.8799631269417392
GGCGTC,-0.05799739033789291
GGCGTG,0.5897174617013293
GGCGCA,-0.5572517206405422
GGCGCT,-0.5727967493983159
GGCGCC,-2.5457926753439972
GGCGCG,-0.7840809857644713
GGCGGA,-0.007168489478612516
GGCGGT,0.665748206371831
GGCGGC,-0.6774912834873925
GGCGGG,-0.5076778174752598
GGGAAA,-0.33370237741651465
GGGAAT,0.42534898870530413
GGGAAC,-0.6495801939235358
GGGAAG,-0.6977792928865069
GGGATA,0.3818791091022851
GGGATT,0.5305196924192881
GGGATC,0.044422718554625346
GGGATG,-0.974710572003549
GGGACA,-0.013297028143489627
GGGACT,0.47074009669033995
GGGACC,-1.970370446625474
GGGACG,-0.5275274733839221
GGGAGA,-0.6586457488422796
GGGAGT,0.6678105048291241
GGGAGC,0.28270339929446514
GGGAGG,-0.3911904803155713
GGGTAA,0.27253260973828103
GGGTAT,0.5409837999567423
GGGTAC,-1.853891250335061
GGGTAG,0.08223809823697201
GGGTTA,0.2831297125413205
GGGTTT,0.40921921857065213
GGGTTC,-0.7914093920283511
GGGTTG,-0.09061598369306863
GGGTCA,-0.3732268572793007
GGGTCT,-0.3062143205807086
GGGTCC,-1.9178413076991336
GGGTCG,-0.6805683983530851
GGGTGA,-0.25536948201361537
GGGTGT,0.4134053961085045
GGGTGC,-0.18376351811085603
GGGTGG,0.06310703930969008
GGGCAA,0.0014473278655932266
GGGCAT,0.4984470395333509
GGGCAC,-2.2457846713332343
GGGCAG,0.16251892949777494
GGGCTA,0.23862107438312277
GGGCTT,0.294584657675168
GGGCTC,-1.9891781293038289
GGGCTG,0.1896208592755663
GGGCCA,-0.9292368708396821
GGGCCT,-0.5538851132264377
GGGCCC,-2.955235746896658
GGGCCG,-0.8494384248863147
GGGCGA,0.5730297752110931
GGGCGT,0.8125124950274583
GGGCGC,-0.897051036230972
GGGCGG,-0.10795714150509228
GGGGAA,-0.27910884174129275
GGGGAT,0.11350720022564441
GGGGAC,-0.2522118930034731
GGGGAG,0.018706702944184216
GGGGTA,0.27580929402149656
GGGGTT,0.3243084823117695
GGGGTC,-0.32355433724612237
GGGGTG,0.20719260854015992
GGGGCA,-0.10749898995423976
GGGGCT,0.08686593302166196
GGGGCC,-1.6891728804529538
GGGGCG,0.171172367396689
GGGGGA,-0.13652690160432102
GGGGGT,0.08401719256239046
GGGGGC,-0.15637455027677646
GGGGGG,-0.20230066187858567
