Item,Count obs
AAAAAA,-0.3101346261056182
AAAAAT,0.10380952659157752
AAAAAC,0.04896755886788281
AAAAAG,0.01454634832379332
AAAATA,0.14948532056676433
AAAATT,-0.14271399402675422
AAAATC,0.13111258743728535
AAAATG,0.07638105668787351
AAAACA,-0.04516572958018971
AAAACT,-0.004956152221062164
AAAACC,0.02830262710275426
AAAACG,0.09249313205193464
AAAAGA,0.08959136715599886
AAAAGT,0.015089580553777031
AAAAGC,0.011927999436865684
AAAAGG,-0.1980734077184229
AAATAA,-0.07196381416055012
AAATAT,0.06970598568675009
AAATAC,0.08360991342798213
AAATAG,0.35531676067705625
AAATTA,-0.0026619740076226383
AAATTT,-0.17976970234841744
AAATTC,0.07907177155996134
AAATTG,0.024631995698515353
AAATCA,0.022346671294357353
AAATCT,-0.19401862521080804
AAATCC,0.13558371821474233
AAATCG,0.12427925422278442
AAATGA,-0.12859375921535407
AAATGT,-0.13763058254649757
AAATGC,0.021734153070945297
AAATGG,-0.001792733018232872
AAACAA,-0.13887040488326483
AAACAT,-0.04573645243768517
AAACAC,0.007854728651087441
AAACAG,0.23065362157257152
AAACTA,-0.19601030376279652
AAACTT,-0.32779585164498415
AAACTC,0.2925897035488308
AAACTG,0.14338699591651452
AAACCA,-0.10837585644586269
AAACCT,-0.15615049869208927
AAACCC,-0.039012893464451776
AAACCG,0.024695981868284863
AAACGA,-0.2592913911100926
AAACGT,0.005865544171112059
AAACGC,0.09369458827025895
AAACGG,0.05166380726711152
AAAGAA,0.05308916437036243
AAAGAT,-0.07233755019079156
AAAGAC,-0.007662872745569137
AAAGAG,0.6328010050151239
AAAGTA,-0.14984586087315263
AAAGTT,-0.20336177070627387
AAAGTC,0.10662524707101975
AAAGTG,0.3136038088998202
AAAGCA,-0.18459938798286266
AAAGCT,-0.3233879378067723
AAAGCC,0.0373593759771949
AAAGCG,0.1457058128789133
AAAGGA,-0.46494426838556246
AAAGGT,-0.10590322550704843
AAAGGC,0.011059236493975104
AAAGGG,-0.07953816679502317
AATAAA,0.08306056828898072
AATAAT,0.05691850453999073
AATAAC,0.11210464013319946
AATAAG,-0.14066108824721496
AATATA,-0.34260779551754333
AATATT,0.436532277619709
AATATC,0.4616515087375512
AATATG,0.21315979682198416
AATACA,-0.17704821006861948
AATACT,0.13914357690147133
AATACC,0.4885098704599208
AATACG,0.15875579963964637
AATAGA,0.0968213882188682
AATAGT,0.23160622523294339
AATAGC,0.45900307234953874
AATAGG,-0.3833254412106425
AATTAA,-0.11990677199363697
AATTAT,-0.30626532806755113
AATTAC,-0.07972253590806741
AATTAG,-0.40611214792368583
AATTTA,-0.21858773477834909
AATTTT,-0.10720376774752344
AATTTC,0.06532100091036055
AATTTG,-0.041593563330908814
AATTCA,-0.2580638676194913
AATTCT,-0.273502008877947
AATTCC,-0.06088836967501237
AATTCG,-0.24624446178294096
AATTGA,-0.26494158548179153
AATTGT,-0.14934428849181622
AATTGC,-0.003120127336243634
AATTGG,-0.7527017113165358
AATCAA,-0.15382708342382226
AATCAT,-0.16153241821076816
AATCAC,0.1365009738862006
AATCAG,-0.10366526846302268
AATCTA,-0.5264955643755148
AATCTT,-0.21125611680925188
AATCTC,0.03792570197540663
AATCTG,-0.12428291655325577
AATCCA,-0.18309286419817847
AATCCT,-0.09777414556982258
AATCCC,0.25492366011675466
AATCCG,-0.10800385909393931
AATCGA,-0.22558762096475782
AATCGT,-0.18613523616420027
AATCGC,0.051787609770824104
AATCGG,-0.3354076894854423
AATGAA,-0.023150592238556228
AATGAT,-0.08206952019237565
AATGAC,0.2538425382030164
AATGAG,0.074029979679956
AATGTA,-0.2502628244883586
AATGTT,0.08505357779999899
AATGTC,0.36786909068188506
AATGTG,0.12248576518328967
AATGCA,-0.19809751938812212
AATGCT,0.07288911347118295
AATGCC,0.4610042454489349
AATGCG,0.02287083090629932
AATGGA,-0.13438040923134512
AATGGT,0.07200030473609437
AATGGC,0.23311372363405966
AATGGG,0.0008592647677771618
AACAAA,0.07927527469904488
AACAAT,0.17616794035541766
AACAAC,0.2726792507786029
AACAAG,-0.0280246674481963
AACATA,-0.09179788316803213
AACATT,0.043981482993338636
AACATC,0.26311081172127565
AACATG,0.11281817734050022
AACACA,-0.10164103209681294
AACACT,0.028303776162851724
AACACC,0.33004256962304673
AACACG,-0.052656569961552734
AACAGA,0.04707368943746859
AACAGT,0.03784055851315058
AACAGC,0.18120903718731882
AACAGG,0.3341496500190448
AACTAA,-0.5199146281231867
AACTAT,0.04357124829364031
AACTAC,0.01935064100528618
AACTAG,-1.5708656376478607
AACTTA,-0.39445004787748694
AACTTT,-0.15110724236612577
AACTTC,0.09750939263975723
AACTTG,-0.5486016973119235
AACTCA,0.1736938949298622
AACTCT,0.22935750828215293
AACTCC,0.2551864393833021
AACTCG,-0.12716894418486202
AACTGA,-0.11689083687359003
AACTGT,-0.09280704958620628
AACTGC,0.03631538031440801
AACTGG,0.4186651773888714
AACCAA,-0.4679806262705572
AACCAT,-0.2599321594988786
AACCAC,-0.011950169370658084
AACCAG,-0.1043931535366287
AACCTA,-0.4348890576760501
AACCTT,-0.1748148191302011
AACCTC,-0.12274695331583584
AACCTG,0.058471896083688295
AACCCA,-0.08653255975674214
AACCCT,-0.06294391160752583
AACCCC,-0.13435109204013715
AACCCG,-0.0027960873020013203
AACCGA,-0.30014093824422505
AACCGT,-0.046717624567459565
AACCGC,-0.2886324922920548
AACCGG,-0.001833690397947114
AACGAA,-0.20766898519263632
AACGAT,0.006989544181712103
AACGAC,0.06169778557688783
AACGAG,-0.2321122212969702
AACGTA,-0.04705435397834295
AACGTT,0.09374409262665251
AACGTC,0.2560449875085985
AACGTG,0.07828187659226886
AACGCA,-0.15829280466452572
AACGCT,0.11305073166170454
AACGCC,0.3267495406426905
AACGCG,-0.1631763334022212
AACGGA,-0.19108172063182752
AACGGT,0.10870726282694124
AACGGC,0.11656588023733881
AACGGG,-0.03871451218069039
AAGAAA,0.13099240647553048
AAGAAT,-0.1914520065947361
AAGAAC,-0.040300510256362526
AAGAAG,0.5173830243121498
AAGATA,0.17095779814363948
AAGATT,-0.2308840507530502
AAGATC,-0.05908107258679284
AAGATG,0.18935860451617392
AAGACA,-0.02944141855606493
AAGACT,-0.17524850879189424
AAGACC,-0.18169004430059563
AAGACG,0.09390872327905375
AAGAGA,0.7726463888606558
AAGAGT,0.439657941717687
AAGAGC,0.23583337677253036
AAGAGG,0.5903066914359962
AAGTAA,-0.1985377405120096
AAGTAT,-0.278558359702747
AAGTAC,-0.06758703062661667
AAGTAG,0.17388268814809
AAGTTA,-0.08754978077712952
AAGTTT,-0.2747153584455186
AAGTTC,-0.15617020256008765
AAGTTG,-0.04227881951210224
AAGTCA,-0.019203735228571304
AAGTCT,-0.12017974393645801
AAGTCC,-0.10490586686618028
AAGTCG,0.18457623866274667
AAGTGA,0.23124590718114435
AAGTGT,-0.07173747672590317
AAGTGC,0.062162535433757986
AAGTGG,0.2944705505254784
AAGCAA,-0.12572588917032018
AAGCAT,-0.2438888961874633
AAGCAC,-0.25252101943064786
AAGCAG,-0.10085626910566797
AAGCTA,-0.15636151380986738
AAGCTT,-0.5510284485380232
AAGCTC,-0.19365907063507393
AAGCTG,0.04282033176542529
AAGCCA,-0.12246116887027574
AAGCCT,-0.02892667280636418
AAGCCC,0.05222940491694463
AAGCCG,-0.027216537116395538
AAGCGA,0.05944335886117518
AAGCGT,0.06882270216806888
AAGCGC,0.035227063742958455
AAGCGG,0.10867148844816402
AAGGAA,-0.15292825809732216
AAGGAT,-0.22022696938303707
AAGGAC,-0.4271579327194242
AAGGAG,0.04887384967933473
AAGGTA,0.15170569083419178
AAGGTT,-0.19368409730693578
AAGGTC,-0.0811941962689505
AAGGTG,0.17760542253115513
AAGGCA,0.03726885043306194
AAGGCT,-0.3137643907551486
AAGGCC,-0.3586876590827392
AAGGCG,0.2500089994566372
AAGGGA,0.10280723920442592
AAGGGT,-0.04224836266549202
AAGGGC,0.013974744484067146
AAGGGG,0.1775138552258514
ATAAAA,-0.016703420476617804
ATAAAT,0.016290079526954552
ATAAAC,0.1275749772849935
ATAAAG,0.24222796560496418
ATAATA,-0.15836694953832356
ATAATT,-0.37330200017335025
ATAATC,0.010396367182966756
ATAATG,0.2604754039020194
ATAACA,-0.15778044787783702
ATAACT,-0.256155818805007
ATAACC,0.0672472223297922
ATAACG,0.22085629838298493
ATAAGA,-0.3182524361200356
ATAAGT,-0.30344996047918765
ATAAGC,-0.019731581862595125
ATAAGG,-0.15273525142392758
ATATAA,-0.5908465707849657
ATATAT,-0.8194662975506938
ATATAC,-0.6675682282396977
ATATAG,0.0019488003333046169
ATATTA,0.02061928720273561
ATATTT,-0.034154079514804966
ATATTC,0.397909454421958
ATATTG,0.4714789184240584
ATATCA,-0.06334109207771604
ATATCT,-0.15340653150445965
ATATCC,0.33342326171256487
ATATCG,0.3848597514893294
ATATGA,-0.32960525684703595
ATATGT,-0.29407520532339554
ATATGC,-0.03694887057491552
ATATGG,-0.16973454958390724
ATACAA,-0.46793194837220103
ATACAT,-0.41226015124099313
ATACAC,-0.33109226399440667
ATACAG,-0.212133441216249
ATACTA,-0.37201917190091593
ATACTT,-0.3262947316353588
ATACTC,0.22314355131420976
ATACTG,-0.0746927172043504
ATACCA,-0.08830932121530395
ATACCT,-0.05844019756684744
ATACCC,0.23249839623901583
ATACCG,0.36675175723345543
ATACGA,-0.5297890608314462
ATACGT,-0.40162752625800147
ATACGC,-0.04062823682546009
ATACGG,-0.12392923933070904
ATAGAA,-0.05285341505613336
ATAGAT,-0.2940030095121002
ATAGAC,0.12291410161750703
ATAGAG,0.6317134743758529
ATAGTA,-0.05697574875587135
ATAGTT,0.06520913701159187
ATAGTC,0.489342520435918
ATAGTG,0.5601714978691456
ATAGCA,-0.08853149189629805
ATAGCT,0.07104052155629581
ATAGCC,0.47130036597380187
ATAGCG,0.597026917558667
ATAGGA,-0.8804167929712694
ATAGGT,-0.039673583742959984
ATAGGC,-0.15485764344807823
ATAGGG,-0.06916489970000253
ATTAAA,-0.055937160617159
ATTAAT,0.22094681039303066
ATTAAC,0.20658223143295565
ATTAAG,-0.0030991064351608114
ATTATA,-0.7405674815014633
ATTATT,0.19640220748847584
ATTATC,0.305231413131561
ATTATG,-0.09753436295079311
ATTACA,-0.15900754009039225
ATTACT,0.1945722722889684
ATTACC,0.5015874581962247
ATTACG,0.06443705495109066
ATTAGA,-0.7322285306024164
ATTAGT,-0.1911296830683457
ATTAGC,0.18355308404320117
ATTAGG,-0.503548211504924
ATTTAA,-0.36483890956912307
ATTTAT,-0.16922276949625747
ATTTAC,-0.0765028809684124
ATTTAG,-0.39650374467536065
ATTTTA,-0.1007654472624037
ATTTTT,0.020484516534545784
ATTTTC,0.1753720762584559
ATTTTG,0.11212691198004585
ATTTCA,-0.015731576978966717
ATTTCT,0.021532996761727687
ATTTCC,0.2204159122383942
ATTTCG,-0.15736301795744204
ATTTGA,-0.3355655808822043
ATTTGT,0.002913330538357307
ATTTGC,0.08882395678623502
ATTTGG,-0.636153755996068
ATTCAA,-0.338381241337137
ATTCAT,-0.05230263704657274
ATTCAC,0.07754836954299783
ATTCAG,-0.033420141154606724
ATTCTA,-0.8375733104952088
ATTCTT,-0.14558363466890115
ATTCTC,0.1752213171862433
ATTCTG,0.1328966734664316
ATTCCA,-0.2811059728664657
ATTCCT,-0.08792300530824573
ATTCCC,0.39485829446409204
ATTCCG,0.04743079441365381
ATTCGA,-0.5953937794759334
ATTCGT,-0.059687170573363015
ATTCGC,0.024287987229189567
ATTCGG,-0.532263173358823
ATTGAA,0.08923713524632672
ATTGAT,0.1584322246789607
ATTGAC,0.2076108222998992
ATTGAG,0.47550290281982255
ATTGTA,-0.4009018668129588
ATTGTT,0.162339787587046
ATTGTC,0.5340986168271094
ATTGTG,0.2503518098847378
ATTGCA,-0.1651217169121123
ATTGCT,0.2253742013580418
ATTGCC,0.6588166311551577
ATTGCG,0.08800767732783325
ATTGGA,-1.283596962881548
ATTGGT,-0.20596989766888293
ATTGGC,0.0026202522945926125
ATTGGG,-0.4151866770524606
ATCAAA,-0.05882613339373959
ATCAAT,0.17030164402971795
ATCAAC,0.2464309017481176
ATCAAG,-0.07556499038136902
ATCATA,-0.5716789340861861
ATCATT,-0.07290619210421653
ATCATC,0.16896241536590467
ATCATG,-0.05748997272231694
ATCACA,-0.27036385644852173
ATCACT,0.07463126347418213
ATCACC,0.49136623162045967
ATCACG,-0.1091829879272967
ATCAGA,-0.4536345012600825
ATCAGT,-0.27518405963105974
ATCAGC,-0.0799878394943232
ATCAGG,0.014013590906082101
ATCTAA,-0.823019624012277
ATCTAT,-0.2669722014363106
ATCTAC,0.004225783529564797
ATCTAG,-2.0700223197633445
ATCTTA,-0.4584939847030821
ATCTTT,0.10135975546205273
ATCTTC,0.3204133769284835
ATCTTG,-0.3597248956125049
ATCTCA,-0.19486877284604337
ATCTCT,0.4209340243857713
ATCTCC,0.3766071819904296
ATCTCG,-0.08910668596473056
ATCTGA,-0.4137495876611661
ATCTGT,-0.23153397368791243
ATCTGC,-0.05354863519230393
ATCTGG,0.05899564702502892
ATCCAA,-0.9640221346953449
ATCCAT,-0.19416620910812715
ATCCAC,0.17328058263363508
ATCCAG,0.248596759745528
ATCCTA,-0.6875191278429432
ATCCTT,-0.27516056565373975
ATCCTC,0.15405985743039283
ATCCTG,0.23985437226424955
ATCCCA,0.02663135079761312
ATCCCT,0.14051002270399715
ATCCCC,0.44322551016434264
ATCCCG,0.1595888216922006
ATCCGA,-0.7836567447523587
ATCCGT,-0.22213599455390998
ATCCGC,-0.05823377170683267
ATCCGG,0.18332677142907902
ATCGAA,-0.1297811137156797
ATCGAT,0.032125667706912775
ATCGAC,0.40311493076321087
ATCGAG,0.04676391650965209
ATCGTA,-0.20487551235815366
ATCGTT,-0.00394902685163941
ATCGTC,0.44356879830512197
ATCGTG,0.009601935951265036
ATCGCA,-0.38612214526503347
ATCGCT,0.15201302661681484
ATCGCC,0.6439069012573143
ATCGCG,-0.07341262019370481
ATCGGA,-0.595058802010774
ATCGGT,0.012725881113834433
ATCGGC,0.18178237633516992
ATCGGG,-0.07731824778397005
ATGAAA,0.040068331460619125
ATGAAT,-0.06428043663927448
ATGAAC,-0.06856022857284264
ATGAAG,0.2682929490159398
ATGATA,-0.19017575780809878
ATGATT,-0.13551762272027662
ATGATC,-0.3223058696392312
ATGATG,0.21646830188049188
ATGACA,0.09741249693911923
ATGACT,-0.07242652462822785
ATGACC,0.1848246870120731
ATGACG,0.3398271915272923
ATGAGA,-0.07551045694772633
ATGAGT,0.18603213619049036
ATGAGC,0.15014482509873336
ATGAGG,-0.22069451169786228
ATGTAA,-0.3928090443568715
ATGTAT,-0.4021200018482497
ATGTAC,-0.17306914039292745
ATGTAG,0.07934142301886704
ATGTTA,-0.20972053098206903
ATGTTT,-0.08063797462680418
ATGTTC,0.18390078476966734
ATGTTG,0.3916061794947896
ATGTCA,-0.03420720010282007
ATGTCT,0.03685509238915429
ATGTCC,0.15462248922501726
ATGTCG,0.4803739577878488
ATGTGA,-0.16599295452402843
ATGTGT,-0.10206181168060798
ATGTGC,0.029891764197314347
ATGTGG,0.1372953735988822
ATGCAA,-0.23123819117981922
ATGCAT,-0.54778695235616
ATGCAC,-0.24040546815484612
ATGCAG,0.08045700756716545
ATGCTA,-0.23870030701342518
ATGCTT,-0.22174606655892362
ATGCTC,0.10807753947302735
ATGCTG,0.21581751122213688
ATGCCA,-0.017169810846364576
ATGCCT,0.1251759389411847
ATGCCC,0.21576344401658712
ATGCCG,0.389475705347036
ATGCGA,-0.3852472160300703
ATGCGT,-0.13413001580911554
ATGCGC,0.03723760033514684
ATGCGG,-0.10201734574043723
ATGGAA,-0.1052899041622454
ATGGAT,-0.22259243529034056
ATGGAC,-0.2681550481992342
ATGGAG,0.1022123232667838
ATGGTA,-0.23201404450757712
ATGGTT,-0.19626489479363465
ATGGTC,-0.003792454123132687
ATGGTG,0.2577900246643117
ATGGCA,-0.09193258130869794
ATGGCT,-0.19193326866649066
ATGGCC,-0.30965262435839325
ATGGCG,0.2889156447484558
ATGGGA,-0.2873107163789362
ATGGGT,-0.18410114287438523
ATGGGC,0.003653342809085975
ATGGGG,0.08358398834330073
ACAAAA,0.13537856730711004
ACAAAT,0.039584875533263016
ACAAAC,0.26869436529682195
ACAAAG,0.15626734624661437
ACAATA,0.3820874892638161
ACAATT,-0.14556259976345923
ACAATC,0.07766602834185338
ACAATG,0.352253868058568
ACAACA,0.39101159266555774
ACAACT,0.11799139069412022
ACAACC,0.04551986847106968
ACAACG,0.2189389200321779
ACAAGA,-0.055340782318624174
ACAAGT,-0.5738733969851341
ACAAGC,-0.25135774551467427
ACAAGG,-0.04327598348182184
ACATAA,-0.20923123433622148
ACATAT,-0.26263132282132823
ACATAC,-0.30529465142158674
ACATAG,0.07776331886507862
ACATTA,0.28152062350773227
ACATTT,-0.21390312884425347
ACATTC,0.0365239308008719
ACATTG,0.17825477036708165
ACATCA,0.3044891907681621
ACATCT,-0.016398979925300563
ACATCC,0.216223108469636
ACATCG,0.23525984743996373
ACATGA,-0.09971224120496251
ACATGT,-0.27627157316899625
ACATGC,0.027487006231835198
ACATGG,-0.10659415108792984
ACACAA,-0.1792303642242818
ACACAT,-0.18607225065589472
ACACAC,-0.20172277341295494
ACACAG,-0.23154565457835358
ACACTA,0.3849326679244594
ACACTT,0.060125351799331275
ACACTC,-0.11332868530700324
ACACTG,-0.2238450595857002
ACACCA,0.15361438266879965
ACACCT,0.14948210741081852
ACACCC,0.15303141184327412
ACACCG,0.04252180795010467
ACACGA,-0.26311628555952193
ACACGT,-0.35558343937338915
ACACGC,-0.1431622856854839
ACACGG,-0.23579363532686176
ACAGAA,-0.21749251029031574
ACAGAT,-0.24460058274933044
ACAGAC,-0.10879461239210853
ACAGAG,-0.2470299004673844
ACAGTA,0.09434112040821577
ACAGTT,-0.057437172752690224
ACAGTC,-0.37240424584727627
ACAGTG,-0.3042943337280821
ACAGCA,0.24265865037731021
ACAGCT,-0.3290314004347746
ACAGCC,-0.2702064336032796
ACAGCG,0.03583993137417451
ACAGGA,0.11688657660934637
ACAGGT,0.08829891880267753
ACAGGC,0.14168711103193835
ACAGGG,0.07397420183715567
ACTAAA,-0.08779291742647125
ACTAAT,-0.19625609194636554
ACTAAC,0.1498495979278677
ACTAAG,-0.578110370571587
ACTATA,-0.0367747274250209
ACTATT,0.2654681757189998
ACTATC,0.6658017266694165
ACTATG,0.08365566914265737
ACTACA,0.2478804283403276
ACTACT,0.30818059400012193
ACTACC,0.43561903513653205
ACTACG,0.2532210065514876
ACTAGA,-1.78828120485173
ACTAGT,-1.592778167192925
ACTAGC,-1.1842558876422111
ACTAGG,-1.6415106323220945
ACTTAA,-0.5390685442470007
ACTTAT,-0.30160390225970657
ACTTAC,-0.23989140861543237
ACTTAG,-0.46076995329879006
ACTTTA,0.26501716021805877
ACTTTT,-0.023804057800355844
ACTTTC,0.17224735212040715
ACTTTG,0.25345958462729423
ACTTCA,0.21311131283232415
ACTTCT,0.11181404348259989
ACTTCC,0.4351025772369706
ACTTCG,0.13599863623264097
ACTTGA,-0.6482561844061105
ACTTGT,-0.571860307205325
ACTTGC,-0.41473923917820293
ACTTGG,-1.369141281893641
ACTCAA,0.11692133805890229
ACTCAT,0.30552743277179134
ACTCAC,0.19180739926526333
ACTCAG,-0.14796827991894076
ACTCTA,0.10157365692632929
ACTCTT,0.4339985597405887
ACTCTC,0.2971489646247054
ACTCTG,-0.08327634024060124
ACTCCA,0.2659017163144184
ACTCCT,0.2641515750415869
ACTCCC,0.22080045400791307
ACTCCG,0.07477375113969954
ACTCGA,-0.2651996833022977
ACTCGT,-0.43565608038731013
ACTCGC,-0.0016313217320840852
ACTCGG,-0.40238640642683476
ACTGAA,-0.2482321066610903
ACTGAT,-0.2878474652008674
ACTGAC,0.05001521330121958
ACTGAG,-0.4139191810500617
ACTGTA,-0.36414695877743336
ACTGTT,0.03577617316528365
ACTGTC,-0.14634091347320116
ACTGTG,-0.33523461270086297
ACTGCA,-0.3002995052274877
ACTGCT,0.11769547381577754
ACTGCC,-0.038284123382540974
ACTGCG,-0.20095619823114355
ACTGGA,0.33956033322044604
ACTGGT,0.12801802666690487
ACTGGC,0.3455052783890169
ACTGGG,0.05843108343584306
ACCAAA,-0.2395138557295471
ACCAAT,-0.25737183188179624
ACCAAC,-0.06530792950052598
ACCAAG,-1.1195301873297905
ACCATA,-0.286981461673317
ACCATT,0.08920814548642723
ACCATC,0.06611536726403991
ACCATG,-0.11346447185076547
ACCACA,0.08562685150087603
ACCACT,0.16727405020278546
ACCACC,0.3726752852851735
ACCACG,0.12608161316468725
ACCAGA,0.05528013985448277
ACCAGT,0.050936936362754176
ACCAGC,0.13536724524995578
ACCAGG,-0.12469448947206696
ACCTAA,-0.604881098261419
ACCTAT,-0.16374646361058934
ACCTAC,-0.12270207326864778
ACCTAG,-2.1938856760707046
ACCTTA,-0.2076137496960827
ACCTTT,0.022833151298218876
ACCTTC,0.2559411117096921
ACCTTG,-0.2410219909857186
ACCTCA,-0.12612949859719638
ACCTCT,0.2259098048071
ACCTCC,0.030040543018221857
ACCTCG,-0.03953592198173833
ACCTGA,-0.057039207075675
ACCTGT,-0.01696510198274006
ACCTGC,0.1432543507297127
ACCTGG,-0.04022181444822268
ACCCAA,-0.26862406581599774
ACCCAT,-0.08515780834030683
ACCCAC,0.22502373304918852
ACCCAG,0.09829910663080624
ACCCTA,-0.2991641240277792
ACCCTT,-0.07550388681227686
ACCCTC,-0.10400366334653645
ACCCTG,0.12432145864982391
ACCCCA,-0.2568224244771884
ACCCCT,-0.02710798935555983
ACCCCC,-0.18639073840068043
ACCCCG,-0.19679605386190363
ACCCGA,-0.14604428686286797
ACCCGT,-0.11240251107130747
ACCCGC,-0.00162579632071721
ACCCGG,0.08086644264789558
ACCGAA,-0.19503744111925714
ACCGAT,0.055220368158159644
ACCGAC,0.14403700705340763
ACCGAG,0.01782128130617009
ACCGTA,0.03813680682732219
ACCGTT,0.08291037221956275
ACCGTC,0.2774415266763045
ACCGTG,0.10723756923569738
ACCGCA,-0.16002278049669197
ACCGCT,-0.0789934377366458
ACCGCC,0.21311192001519944
ACCGCG,-0.360867531636197
ACCGGA,0.15816055922525424
ACCGGT,0.10435275582246234
ACCGGC,0.12668715935266725
ACCGGG,0.25258725363510304
ACGAAA,-0.27108947735836114
ACGAAT,-0.18052353413394792
ACGAAC,-0.25085751886196705
ACGAAG,0.12110074515470613
ACGATA,0.32836036373949257
ACGATT,-0.1230218145126628
ACGATC,0.07004163928103584
ACGATG,0.18098437293110864
ACGACA,0.19377479580745702
ACGACT,-0.04499810530199663
ACGACC,0.050835733180757105
ACGACG,0.20731588277050456
ACGAGA,-0.1935865923889389
ACGAGT,-0.328720259816895
ACGAGC,-0.41065428284904276
ACGAGG,-0.3525925482151765
ACGTAA,-0.22919795924060543
ACGTAT,-0.4100698744949127
ACGTAC,-0.2986174332218365
ACGTAG,0.04185077818624018
ACGTTA,0.2745469596698284
ACGTTT,-0.015198599235689166
ACGTTC,-0.03329903101527174
ACGTTG,0.3001461340986789
ACGTCA,0.07298971651580413
ACGTCT,-0.06337872420396483
ACGTCC,-0.06134947928054999
ACGTCG,0.04745859727239985
ACGTGA,-0.21583908238249186
ACGTGT,-0.4292098637759982
ACGTGC,-0.24038980930575923
ACGTGG,-0.2587849365067064
ACGCAA,-0.1604167214059047
ACGCAT,-0.11306366373564097
ACGCAC,-0.1626526414881609
ACGCAG,-0.0751228053243772
ACGCTA,0.4269400594766539
ACGCTT,0.10831800395030575
ACGCTC,0.17154439653372264
ACGCTG,0.28433949809842984
ACGCCA,0.23095771661043282
ACGCCT,0.208149316343898
ACGCCC,0.2820277762887938
ACGCCG,0.3408732607474103
ACGCGA,-0.2690632102485709
ACGCGT,-0.25019639715876835
ACGCGC,-0.1668115050005486
ACGCGG,-0.3358848650918442
ACGGAA,0.009795425532208765
ACGGAT,-0.21791935104753363
ACGGAC,-0.3691369062233695
ACGGAG,-0.1588750980635258
ACGGTA,0.4502716209249038
ACGGTT,-0.06277640614417197
ACGGTC,-0.11183662126590539
ACGGTG,0.24364995302002893
ACGGCA,0.26572550835714775
ACGGCT,-0.12742830505786962
ACGGCC,-0.5689693340324747
ACGGCG,0.25696385321099
ACGGGA,0.046842908760074686
ACGGGT,0.0069415123761357314
ACGGGC,0.014577135877645997
ACGGGG,-0.23549820692666568
AGAAAA,0.14566679978856328
AGAAAT,0.0939116895915328
AGAAAC,-0.017656584624730954
AGAAAG,-0.0036090000001466425
AGAATA,0.27158942214231685
AGAATT,-0.23918191113763526
AGAATC,-0.29743824739714564
AGAATG,0.07464592647318262
AGAACA,0.18788021479778214
AGAACT,-0.12705365584591088
AGAACC,-0.3753347139676623
AGAACG,-0.14703280184397313
AGAAGA,0.48337447521113086
AGAAGT,0.21460983317159113
AGAAGC,0.09882109777499697
AGAAGG,0.13296175432942675
AGATAA,0.20179240057135128
AGATAT,-0.13555205053445699
AGATAC,-0.3234001550538601
AGATAG,0.5137132954231872
AGATTA,0.05180071543103962
AGATTT,-0.2981577368346915
AGATTC,-0.3425236923045683
AGATTG,0.03559094510270253
AGATCA,-0.47135487935750003
AGATCT,-0.33682174440131873
AGATCC,-0.11194076003215511
AGATCG,0.09515751970174603
AGATGA,0.08093623420938606
AGATGT,0.032627114167271064
AGATGC,-0.04142685357293767
AGATGG,-0.09316994728401833
AGACAA,0.11156296012607272
AGACAT,0.04281147933164138
AGACAC,-0.19535776199127466
AGACAG,-0.28172172184980454
AGACTA,0.1367110455419023
AGACTT,-0.19330270930318846
AGACTC,-0.0346855579878901
AGACTG,-0.3167659670048149
AGACCA,-0.08574740148250812
AGACCT,-0.1643030512912763
AGACCC,-0.21287070149703907
AGACCG,-0.05207639782025074
AGACGA,0.1336368278083411
AGACGT,-0.12101076291290558
AGACGC,0.11954200748326259
AGACGG,0.1511026009883303
AGAGAA,0.3575411198265814
AGAGAT,0.40383663269884473
AGAGAC,0.14819361565196285
AGAGAG,0.45841746550587537
AGAGTA,0.3377872692755852
AGAGTT,0.1416747167589184
AGAGTC,-0.0019980026626729977
AGAGTG,0.26979673870090737
AGAGCA,0.22569457310581506
AGAGCT,-0.04736768882288905
AGAGCC,-0.5662603306540913
AGAGCG,0.09310170446355152
AGAGGA,0.1586872704003784
AGAGGT,0.163612901819984
AGAGGC,-0.061492284811507925
AGAGGG,0.2833301849493237
AGTAAA,0.0689185469114964
AGTAAT,0.14706797834205595
AGTAAC,-0.08975335841693555
AGTAAG,-0.2025791149278156
AGTATA,-0.6385912405375783
AGTATT,0.1275027383443666
AGTATC,-0.05591777809366419
AGTATG,-0.06423799521494862
AGTACA,0.0947652155423715
AGTACT,-0.05431781643510059
AGTACC,0.20285389125545036
AGTACG,0.16970869695545318
AGTAGA,0.129945016993295
AGTAGT,0.3963773140010606
AGTAGC,0.28387046968845464
AGTAGG,-0.2800393043992161
AGTTAA,-0.141311129361988
AGTTAT,-0.23880261858185664
AGTTAC,-0.19811559985297128
AGTTAG,-0.09859425500551476
AGTTTA,0.03527680975328645
AGTTTT,-0.028248465514665623
AGTTTC,-0.20005581866084976
AGTTTG,0.1897078186329914
AGTTCA,0.13836329793728372
AGTTCT,-0.05635053748868539
AGTTCC,0.08299199493028214
AGTTCG,0.16381693470273184
AGTTGA,0.10306923583540756
AGTTGT,0.21290455401311548
AGTTGC,0.2456624148495596
AGTTGG,-0.03470973564531796
AGTCAA,-0.2212526476390281
AGTCAT,-0.05240296163851339
AGTCAC,-0.16905653276803856
AGTCAG,-0.18395022164907804
AGTCTA,-0.3301230089425542
AGTCTT,-0.07345696664481807
AGTCTC,-0.16119884032229617
AGTCTG,-0.1116015043121688
AGTCCA,-0.26709384838487127
AGTCCT,-0.03974032864951411
AGTCCC,-0.07382624233075685
AGTCCG,-0.08863280456655165
AGTCGA,0.10478695670892228
AGTCGT,0.0136643621940579
AGTCGC,-0.09152757525435835
AGTCGG,-0.008664211575605098
AGTGAA,0.21189613642214242
AGTGAT,0.05715841383994862
AGTGAC,0.14894917736327667
AGTGAG,0.12058072434215551
AGTGTA,-0.2235735663713628
AGTGTT,-0.01356306654762057
AGTGTC,-0.15514162626211653
AGTGTG,0.056337957073016455
AGTGCA,-0.26254696292419716
AGTGCT,0.05900431360344551
AGTGCC,-0.2167837479276635
AGTGCG,-0.17581272447844248
AGTGGA,0.22410407391231155
AGTGGT,0.24879014444037306
AGTGGC,-0.10344250979532386
AGTGGG,0.26855580635825393
AGCAAA,0.20409535634351522
AGCAAT,0.14281492512550176
AGCAAC,0.3245747888321465
AGCAAG,0.12560039700557252
AGCATA,0.02915783001007633
AGCATT,0.04524852450223463
AGCATC,0.16459232854038033
AGCATG,-0.05584441961440026
AGCACA,0.1485657647285433
AGCACT,0.1269522635554725
AGCACC,0.3246284345334514
AGCACG,0.016643529839188764
AGCAGA,0.06738816400164978
AGCAGT,0.061590489902588905
AGCAGC,0.08362927819571703
AGCAGG,0.41974754739380726
AGCTAA,-0.1669380301837474
AGCTAT,0.19392268127564746
AGCTAC,0.08964147431638407
AGCTAG,-1.259562824700501
AGCTTA,-0.1289454907968574
AGCTTT,-0.2661242328015007
AGCTTC,-0.14706718855214404
AGCTTG,-0.13119442859671443
AGCTCA,0.13979736810385687
AGCTCT,0.06106148927571772
AGCTCC,-0.0663311717520911
AGCTCG,-0.06068373919400515
AGCTGA,-0.4991381949123915
AGCTGT,-0.39579741078845193
AGCTGC,-0.5101187182563917
AGCTGG,-0.058784292354319
AGCCAA,-0.41865243265498997
AGCCAT,-0.23584082129695283
AGCCAC,-0.2570648350009923
AGCCAG,-0.005494638177764915
AGCCTA,-0.4105802087749349
AGCCTT,-0.21468117956729063
AGCCTC,-0.4357145557671034
AGCCTG,0.04718058158168314
AGCCCA,-0.21560601285649078
AGCCCT,-0.07508628627055686
AGCCCC,0.1546871273198515
AGCCCG,-0.06937057792467115
AGCCGA,-0.17058777593808558
AGCCGT,-0.1723649021433882
AGCCGC,-0.2880551371828379
AGCCGG,-0.24932414488668497
AGCGAA,0.09015109699429748
AGCGAT,0.11770303885621278
AGCGAC,0.131818574620848
AGCGAG,0.1632652624543113
AGCGTA,0.28641108562604406
AGCGTT,0.10804737609202668
AGCGTC,0.3428682393009339
AGCGTG,0.28764227224879474
AGCGCA,0.05168687896411618
AGCGCT,0.08320462976487362
AGCGCC,0.31194578019895436
AGCGCG,-0.016795517321015682
AGCGGA,-0.0018254586266924719
AGCGGT,-0.1541313091796001
AGCGGC,0.0708084219255468
AGCGGG,0.16205849542589146
AGGAAA,0.12395539605623832
AGGAAT,-0.022550825521896484
AGGAAC,0.04214142999337273
AGGAAG,0.55558526926865
AGGATA,0.25681213851591955
AGGATT,-0.03446894679690906
AGGATC,-0.16287871325268558
AGGATG,0.06411509856282217
AGGACA,-0.05325717667353135
AGGACT,-0.0791522922995632
AGGACC,-1.0664405918277169
AGGACG,-0.16812058891600418
AGGAGA,0.5766721895635771
AGGAGT,0.3265901907897518
AGGAGC,-0.1816766035307081
AGGAGG,0.10927537262743764
AGGTAA,0.16927099240268842
AGGTAT,0.030207793278481557
AGGTAC,-0.29928120829513283
AGGTAG,0.25830342296783754
AGGTTA,0.02990707716793081
AGGTTT,-0.17467142801571017
AGGTTC,-0.2659259694688455
AGGTTG,0.20106759961500992
AGGTCA,0.08918220526135107
AGGTCT,-0.19806136613256511
AGGTCC,-1.0928979874046711
AGGTCG,0.09445067667152601
AGGTGA,0.3329659149502913
AGGTGT,0.25379492750692456
AGGTGC,-0.039366390187554404
AGGTGG,0.1290040255907975
AGGCAA,0.17358412944049142
AGGCAT,0.027922460619623283
AGGCAC,-0.15734107382551307
AGGCAG,-0.38518043693665865
AGGCTA,0.3448212316393235
AGGCTT,-0.08516972892536928
AGGCTC,-0.523538588146491
AGGCTG,-0.28209971844732945
AGGCCA,-0.0940697413570758
AGGCCT,-0.278252899147817
AGGCCC,-0.7088070546979317
AGGCCG,-0.1667167867375629
AGGCGA,0.42122838499364745
AGGCGT,0.2454446213101973
AGGCGC,-0.014590080064242466
AGGCGG,0.14288108756902737
AGGGAA,0.20729754286413177
AGGGAT,0.053163619122293955
AGGGAC,-0.2568710027710347
AGGGAG,0.024363153973839098
AGGGTA,0.1978733332947917
AGGGTT,-0.1350734129763379
AGGGTC,-0.46208776592086664
AGGGTG,0.2882104740492802
AGGGCA,0.2764091340276706
AGGGCT,0.00017095478287634507
AGGGCC,-0.7291576180829784
AGGGCG,0.21738490966214957
AGGGGA,0.5128426248820175
AGGGGT,-0.18880698735810775
AGGGGC,-0.02228027039166556
AGGGGG,0.3912962985302408
TAAAAA,0.002965232456284073
TAAAAT,-0.16866714799313295
TAAAAC,0.03177016099634331
TAAAAG,0.0030035689935362752
TAAATA,0.07155643461919256
TAAATT,-0.03977797145691908
TAAATC,-0.009378633232000996
TAAATG,-0.27161862889281674
TAAACA,0.2578390457584614
TAAACT,0.018634079544892792
TAAACC,-0.14737695933028386
TAAACG,-0.0014398850579876432
TAAAGA,0.33025979040468884
TAAAGT,0.08103895008462615
TAAAGC,-0.01606383139439735
TAAAGG,0.08113594893448174
TAATAA,0.013696610659693362
TAATAT,-0.06020903122654844
TAATAC,0.06703371179165117
TAATAG,0.054307958891506414
TAATTA,-0.34216039341952176
TAATTT,-0.07298489275648884
TAATTC,-0.21190179089825031
TAATTG,-0.3617931719461218
TAATCA,-0.01205518977869104
TAATCT,0.0037555317021469204
TAATCC,0.02521957133211589
TAATCG,-0.10957081796506532
TAATGA,0.34003919672689653
TAATGT,0.3461256683218556
TAATGC,0.3259476105307346
TAATGG,0.23951457330869355
TAACAA,0.013918702190801654
TAACAT,-0.16857254483639417
TAACAC,0.01179085141130413
TAACAG,-0.270036812182463
TAACTA,0.041325646004082076
TAACTT,-0.09998062143902073
TAACTC,-0.14092491760799702
TAACTG,-0.4003237086077458
TAACCA,-0.11619306977068533
TAACCT,0.0819636812833186
TAACCC,0.19579023193013
TAACCG,-0.11083554016120149
TAACGA,0.3068730829998476
TAACGT,0.23716518212377605
TAACGC,0.22843755886042683
TAACGG,0.21002634563297412
TAAGAA,-0.3033356130317846
TAAGAT,-0.43059617666603156
TAAGAC,-0.4423520979152256
TAAGAG,-0.4507216996962853
TAAGTA,-0.0589177171188368
TAAGTT,-0.22919662302728702
TAAGTC,-0.2749892456533618
TAAGTG,-0.4946480386113019
TAAGCA,-0.07245204172827471
TAAGCT,0.002920928427663698
TAAGCC,-0.07913088122210435
TAAGCG,-0.04604307865580919
TAAGGA,-0.24657814386195384
TAAGGT,-0.09756732113937895
TAAGGC,-0.25518290505882646
TAAGGG,-0.23492572001246997
TATAAA,-0.2642235770576744
TATAAT,-0.8391010931830252
TATAAC,-0.27362602144577725
TATAAG,-0.5118121499759625
TATATA,-1.0535361491950492
TATATT,-0.3378573423415276
TATATC,-0.5354948961376631
TATATG,-0.7139396129453488
TATACA,-0.6371679128180441
TATACT,-0.6248543441033317
TATACC,-0.24540450570091044
TATACG,-0.7335912802783289
TATAGA,-0.009526269083464602
TATAGT,0.09082170077913654
TATAGC,0.09714519575005454
TATAGG,-0.1140072353239043
TATTAA,0.13503628380394292
TATTAT,-0.05452980945939676
TATTAC,0.27337367967839604
TATTAG,-0.07358835665748907
TATTTA,-0.06123461610996465
TATTTT,0.17056450464757722
TATTTC,0.048447866072212624
TATTTG,-0.19588267179648822
TATTCA,0.3694187799754833
TATTCT,0.25048702698689523
TATTCC,0.4214065861058526
TATTCG,0.044200894985791155
TATTGA,0.5420308690195507
TATTGT,0.4459950891937266
TATTGC,0.5396737781036489
TATTGG,-0.041355185681913834
TATCAA,0.2912397533563248
TATCAT,-0.14252123644853637
TATCAC,0.10869136350849158
TATCAG,-0.14817278632838618
TATCTA,-0.05752094847892459
TATCTT,0.14063494118131192
TATCTC,0.10600205537509834
TATCTG,-0.04350704633396659
TATCCA,0.37352670274142524
TATCCT,0.29959852217839483
TATCCC,0.36899094652401265
TATCCG,0.19603322396869008
TATCGA,0.5305195613169408
TATCGT,0.2946916877934755
TATCGC,0.45983478189648025
TATCGG,0.27581679072294807
TATGAA,-0.22567096695172073
TATGAT,-0.6150354776664209
TATGAC,-0.007635866763742482
TATGAG,-0.4538282785013361
TATGTA,-0.434417464063543
TATGTT,-0.107986492553416
TATGTC,-0.07647783262225666
TATGTG,-0.32515600270123873
TATGCA,-0.0060213243527955694
TATGCT,-0.011807840311130424
TATGCC,0.043283851315700395
TATGCG,-0.21735362612379713
TATGGA,-0.2555810935463659
TATGGT,-0.3214985007063322
TATGGC,-0.1258053779538036
TATGGG,-0.11793585906922774
TACAAA,-0.05832124496388927
TACAAT,-0.350690485623492
TACAAC,0.0003413551833796576
TACAAG,-0.44895022004790314
TACATA,-0.47361281078665335
TACATT,-0.2594427585838807
TACATC,-0.07194494643559401
TACATG,-0.34735373680874704
TACACA,-0.2557149880098077
TACACT,-0.19908419013512885
TACACC,0.16096008272848375
TACACG,-0.3541718137206139
TACAGA,-0.2678260456716217
TACAGT,-0.3449033435115754
TACAGC,-0.0659685971753111
TACAGG,0.18771105407839275
TACTAA,-0.1955667835439752
TACTAT,-0.06334571193079544
TACTAC,0.29001813224932865
TACTAG,-1.8718021769015913
TACTTA,-0.2381129164223702
TACTTT,0.08683905232954453
TACTTC,-0.035333274808821216
TACTTG,-0.6841426174668636
TACTCA,0.28124450479335644
TACTCT,0.23972009549998688
TACTCC,0.34089606985812004
TACTCG,-0.2206545806888616
TACTGA,0.04203651717305605
TACTGT,0.007039645637169946
TACTGC,0.09548548732337933
TACTGG,0.37259646599805324
TACCAA,-0.2539907593977086
TACCAT,-0.18502413520606603
TACCAC,0.07649508636150099
TACCAG,-0.1250730569217844
TACCTA,-0.23687240722682232
TACCTT,0.19048640853349214
TACCTC,-0.04268189904515042
TACCTG,0.015063046311095542
TACCCA,0.3007737125823622
TACCCT,0.2805182515181463
TACCCC,-0.033603342078004125
TACCCG,0.18911380272789838
TACCGA,0.4062487938562315
TACCGT,0.4846692919876159
TACCGC,0.2701192356507952
TACCGG,0.5089471245097573
TACGAA,-0.5403664799354811
TACGAT,-0.1496919159380205
TACGAC,-0.06628056512921068
TACGAG,-0.6798812817616341
TACGTA,-0.34990652767034036
TACGTT,-0.005976113403341666
TACGTC,-0.2416872933250769
TACGTG,-0.5546082662048003
TACGCA,-0.02936970648864707
TACGCT,0.2773326915897775
TACGCC,0.24798590463603046
TACGCG,-0.27172706315665873
TACGGA,-0.3191670487891259
TACGGT,0.051482975723475904
TACGGC,-0.10988055626430736
TACGGG,-0.036988569369340536
TAGAAA,-0.0784313923128252
TAGAAT,-0.6544856330782954
TAGAAC,-0.17486579066261135
TAGAAG,0.26581494128780836
TAGATA,-0.11999739750204112
TAGATT,-0.6458459074419323
TAGATC,-0.8022908536256211
TAGATG,-0.28365612203522794
TAGACA,-0.01789448987655042
TAGACT,-0.5055258906710871
TAGACC,-0.33949643247447875
TAGACG,-0.1500184425423479
TAGAGA,0.6319475606878888
TAGAGT,0.1833347281065614
TAGAGC,0.06917793672297509
TAGAGG,0.46978019052287545
TAGTAA,0.00386420574682934
TAGTAT,-0.42695205830597316
TAGTAC,-0.020014964063088638
TAGTAG,0.1218353528613314
TAGTTA,0.0944384668332452
TAGTTT,-0.3007777664912426
TAGTTC,-0.27864132779963185
TAGTTG,-0.11210244358375891
TAGTCA,0.3037890577142878
TAGTCT,0.08186191973583926
TAGTCC,0.0511111947785614
TAGTCG,0.39961803805697804
TAGTGA,0.6375261431639849
TAGTGT,0.28019140072262333
TAGTGC,0.23231647661682922
TAGTGG,0.4134832790073829
TAGCAA,0.04019088058324528
TAGCAT,-0.23099442578994858
TAGCAC,-0.1918389637808449
TAGCAG,-0.3639584165395918
TAGCTA,0.24911903771747027
TAGCTT,-0.15737025762444634
TAGCTC,-0.05348565684562624
TAGCTG,-0.1069107943137468
TAGCCA,0.16336828949544827
TAGCCT,0.31879764138157646
TAGCCC,0.2831173432996662
TAGCCG,0.10373468786966379
TAGCGA,0.616219267912664
TAGCGT,0.46285598236383346
TAGCGC,0.3897358061996205
TAGCGG,0.40010450186606844
TAGGAA,-0.6912008432292627
TAGGAT,-0.7505358499846092
TAGGAC,-0.9957903056518378
TAGGAG,-0.8034952377288106
TAGGTA,-0.08395469310259136
TAGGTT,-0.36601391572168784
TAGGTC,-0.4481315544270673
TAGGTG,-0.22091057680989734
TAGGCA,-0.20504198335966245
TAGGCT,-0.5489858111021243
TAGGCC,-0.5429915311092871
TAGGCG,-0.23866866908061818
TAGGGA,0.06600981842741155
TAGGGT,-0.290118127249662
TAGGGC,-0.13946612814433718
TAGGGG,0.06949601615165393
TTAAAA,-0.24653786107679654
TTAAAT,-0.22990564658880214
TTAAAC,-0.10670951653690289
TTAAAG,-0.03229661736696667
TTAATA,0.05781852752724032
TTAATT,-0.1181248575704963
TTAATC,0.01879292511962298
TTAATG,0.4035153372848219
TTAACA,-0.0728638741520581
TTAACT,-0.15163428885632665
TTAACC,0.12057978456380963
TTAACG,0.33000867237008125
TTAAGA,-0.4253714752249672
TTAAGT,-0.2639880807918185
TTAAGC,0.05043242102623938
TTAAGG,-0.27713340015224464
TTATAA,-0.45470021110584896
TTATAT,-0.6621280365200817
TTATAC,-0.569782905290867
TTATAG,0.03041985986818538
TTATTA,0.11961054723550973
TTATTT,-0.05843746503641224
TTATTC,0.17797372385785118
TTATTG,0.3328879814704965
TTATCA,0.14285288087890088
TTATCT,0.1334184684529837
TTATCC,0.3924284183162285
TTATCG,0.513957221396403
TTATGA,-0.32677078111671787
TTATGT,-0.23079949490918875
TTATGC,-0.05882237365495873
TTATGG,-0.20912835677444847
TTACAA,-0.28192411670720613
TTACAT,-0.4618017689266843
TTACAC,-0.12275929564261148
TTACAG,-0.20547073866092025
TTACTA,0.06890106519815613
TTACTT,-0.15190726890318043
TTACTC,0.1833321682998781
TTACTG,0.16900125215058448
TTACCA,-0.09466636841881644
TTACCT,0.2130561241604685
TTACCC,0.4865351664606905
TTACCG,0.5584990932353476
TTACGA,-0.22093881793722409
TTACGT,-0.18962414514092346
TTACGC,0.18831044178437098
TTACGG,-0.11161915035029049
TTAGAA,-0.6613254424508177
TTAGAT,-0.78055911834003
TTAGAC,-0.8644299900390778
TTAGAG,-0.2013697517646492
TTAGTA,-0.4101737689563021
TTAGTT,-0.6210803930015826
TTAGTC,0.028742468865653945
TTAGTG,0.3294304218321668
TTAGCA,-0.1558064511381995
TTAGCT,-0.14333401261379744
TTAGCC,0.12924102551469652
TTAGCG,0.5000429674255253
TTAGGA,-0.6757931658667937
TTAGGT,-0.596591327267269
TTAGGC,-0.4785116370821142
TTAGGG,-0.2035783958193698
TTTAAA,-0.25709713415657176
TTTAAT,-0.052794239229270866
TTTAAC,-0.06909488107594128
TTTAAG,-0.3349204854175803
TTTATA,-0.3974269023364819
TTTATT,0.12926142480123393
TTTATC,0.3567917595454303
TTTATG,-0.11029619559775933
TTTACA,-0.27442146096803127
TTTACT,0.04898804470906147
TTTACC,0.5134668986733181
TTTACG,0.008916445207315077
TTTAGA,-0.7527094417112884
TTTAGT,-0.12483112661575235
TTTAGC,0.24448452341840898
TTTAGG,-0.6566839523706455
TTTTAA,-0.2395634117453873
TTTTAT,-0.024014533623672826
TTTTAC,0.2151789356347281
TTTTAG,-0.17051176340474383
TTTTTA,-0.05097635979559997
TTTTTT,-0.29652105083666674
TTTTTC,0.16797594355194648
TTTTTG,-0.0327123136574932
TTTTCA,0.02983063615597284
TTTTCT,0.12271202096902618
TTTTCC,0.3289586351124199
TTTTCG,-0.20304248435929523
TTTTGA,-0.13419223191443974
TTTTGT,0.15472308968833706
TTTTGC,0.2808303577450933
TTTTGG,-0.3369897010570806
TTTCAA,-0.17758359563475973
TTTCAT,-0.0015680340610415592
TTTCAC,0.25684747002406927
TTTCAG,-0.13022829145359333
TTTCTA,-0.02621873030511919
TTTCTT,0.13809773722937344
TTTCTC,0.31793135953974244
TTTCTG,-0.10448981970921711
TTTCCA,0.16473501325666276
TTTCCT,0.070505382872526
TTTCCC,0.3931988747396042
TTTCCG,0.15949026303987943
TTTCGA,-0.29508273488488457
TTTCGT,-0.3110474469767976
TTTCGC,0.01922365966650361
TTTCGG,-0.39192852239063114
TTTGAA,-0.2463305068038591
TTTGAT,0.005668470825369275
TTTGAC,-0.02427541069154097
TTTGAG,-0.14025589150844206
TTTGTA,-0.015374167249587964
TTTGTT,0.11610857084750922
TTTGTC,0.40573922554962394
TTTGTG,0.05104210121868392
TTTGCA,0.017914283950724984
TTTGCT,0.23208845110716406
TTTGCC,0.48715350536166374
TTTGCG,0.05771160855344518
TTTGGA,-1.0929675391587639
TTTGGT,-0.17571704028039964
TTTGGC,-0.04455812574800228
TTTGGG,-0.48316450695939384
TTCAAA,-0.16394762729836299
TTCAAT,0.1275607455590171
TTCAAC,0.13938838578248508
TTCAAG,-0.46321712588332936
TTCATA,-0.22955651069658006
TTCATT,-0.0002938583623850424
TTCATC,0.2717077326747568
TTCATG,-0.08107643305309346
TTCACA,-0.30095705551115576
TTCACT,0.2647867301208137
TTCACC,0.435181080935019
TTCACG,0.10813652374282043
TTCAGA,-0.3520667397167809
TTCAGT,-0.32751263911392287
TTCAGC,-0.05430605914300134
TTCAGG,0.06647480252549721
TTCTAA,-0.6829765873555684
TTCTAT,-0.07129348599861302
TTCTAC,0.3439800244574836
TTCTAG,-2.1604453258329226
TTCTTA,-0.2412943232015793
TTCTTT,0.13318413549540836
TTCTTC,0.43459918171910505
TTCTTG,-0.21005209597184407
TTCTCA,-0.13540463700620292
TTCTCT,0.3401577763636028
TTCTCC,0.45898027295429183
TTCTCG,0.120232652737014
TTCTGA,-0.29849017861611526
TTCTGT,-0.19718010867799865
TTCTGC,-0.058314317260301805
TTCTGG,0.13885396562180116
TTCCAA,-1.2990993125345567
TTCCAT,-0.11442886266875275
TTCCAC,0.18701448521914152
TTCCAG,0.4959247323555305
TTCCTA,-0.7251865343045619
TTCCTT,-0.2790227001216381
TTCCTC,0.04182847177279662
TTCCTG,0.42142343081448425
TTCCCA,0.0164101146441067
TTCCCT,0.2245917774905745
TTCCCC,0.4090179235171367
TTCCCG,0.4791700504203691
TTCCGA,-0.5789760352199643
TTCCGT,-0.03339992438024285
TTCCGC,0.1560422864765477
TTCCGG,0.5240216915440793
TTCGAA,-0.5039693284240392
TTCGAT,-0.15814481297569227
TTCGAC,-0.005576527490567195
TTCGAG,-0.41095164760942055
TTCGTA,-0.5130293420762296
TTCGTT,-0.22000952190206785
TTCGTC,0.16373930045420912
TTCGTG,-0.2236913464525316
TTCGCA,-0.5345158453235269
TTCGCT,0.09230323868076767
TTCGCC,0.48419675609152735
TTCGCG,-0.25138636017803023
TTCGGA,-0.852706202396465
TTCGGT,-0.23866817476878804
TTCGGC,-0.11797794843353306
TTCGGG,-0.27949413616641533
TTGAAA,-0.20113896987951177
TTGAAT,-0.37765582940973635
TTGAAC,-0.08192565876957687
TTGAAG,0.4440977589098913
TTGATA,0.33935607530777107
TTGATT,-0.10193272056481834
TTGATC,-0.31232930681461807
TTGATG,0.3044326323480123
TTGACA,-0.4014954909592375
TTGACT,-0.140464216993386
TTGACC,-0.020167447146425533
TTGACG,0.26242820513057746
TTGAGA,0.0865846648005221
TTGAGT,0.17066204515437852
TTGAGC,0.3637202335414602
TTGAGG,0.14802292084610172
TTGTAA,-0.2760454802331889
TTGTAT,-0.583934119452977
TTGTAC,-0.10976979456896933
TTGTAG,0.4192819267571426
TTGTTA,0.010742425299079294
TTGTTT,-0.09610114526279646
TTGTTC,0.1586354294713772
TTGTTG,0.475970450423303
TTGTCA,0.06525422434649432
TTGTCT,0.14504460071878889
TTGTCC,0.27968620158790397
TTGTCG,0.6960518564865484
TTGTGA,-0.10388574450672108
TTGTGT,-0.1282063589362443
TTGTGC,0.07200053171411154
TTGTGG,0.1935904871138703
TTGCAA,-0.1295592766899361
TTGCAT,-0.2731026226886238
TTGCAC,-0.19360150285902147
TTGCAG,0.10773554071600831
TTGCTA,0.18023072085977038
TTGCTT,-0.12737263083760958
TTGCTC,0.3251418191343561
TTGCTG,0.32645628050141856
TTGCCA,0.217957591480005
TTGCCT,0.25613144372121655
TTGCCC,0.4824065119748695
TTGCCG,0.707312427355259
TTGCGA,-0.2662635805298351
TTGCGT,-0.1399229600069372
TTGCGC,0.1508942838838634
TTGCGG,0.0006371456093211435
TTGGAA,-1.2451210614062471
TTGGAT,-0.8848618059725566
TTGGAC,-1.0471909287108125
TTGGAG,-0.9792023698165111
TTGGTA,-0.20773752749939395
TTGGTT,-0.470922324762808
TTGGTC,-0.20053562140499648
TTGGTG,-0.22455203645441507
TTGGCA,-0.23723731439006937
TTGGCT,-0.3139896013440867
TTGGCC,-0.4604773601622709
TTGGCG,0.1461507888185012
TTGGGA,-0.47321859621188384
TTGGGT,-0.32981545968503784
TTGGGC,-0.38908518808948683
TTGGGG,-0.39642436345601534
TCAAAA,-0.18091435536256098
TCAAAT,-0.3188713640252851
TCAAAC,0.08269714621554602
TCAAAG,-0.020053978309190854
TCAATA,0.5365445601245514
TCAATT,-0.18547240619079075
TCAATC,-0.012008149628396607
TCAATG,0.40235776579809823
TCAACA,0.4336225397870977
TCAACT,-0.025154039116385554
TCAACC,0.03372958262968573
TCAACG,0.3129340640543496
TCAAGA,-0.20106200832177168
TCAAGT,-0.6131963804274873
TCAAGC,-0.11646303749548644
TCAAGG,-0.1796039466168856
TCATAA,-0.3116532772351203
TCATAT,-0.34069038086893544
TCATAC,-0.3551352977531396
TCATAG,0.0032733253449691085
TCATTA,0.3869336354715095
TCATTT,-0.16115114454555213
TCATTC,-0.1390646530590129
TCATTG,0.25815674029892255
TCATCA,0.35556527117829473
TCATCT,0.08710966191771527
TCATCC,0.18519775174313008
TCATCG,0.28212597041075904
TCATGA,0.03553520529610526
TCATGT,-0.15089864444088094
TCATGC,0.008260438770730244
TCATGG,0.019080400126742825
TCACAA,-0.10224090061653346
TCACAT,-0.26508224053454
TCACAC,-0.2534489008095387
TCACAG,-0.579349576253887
TCACTA,0.6678105048291241
TCACTT,0.20022404497313553
TCACTC,-0.028107017967345143
TCACTG,-0.07945276201570309
TCACCA,0.39041499690605236
TCACCT,0.36303206871990046
TCACCC,0.2754384913460694
TCACCG,0.44890681013741374
TCACGA,-0.020777784647296155
TCACGT,-0.20207972087232404
TCACGC,0.1706752049964089
TCACGG,-0.014171911779090536
TCAGAA,-0.354125112027669
TCAGAT,-0.4590793826751272
TCAGAC,-0.21542150522029946
TCAGAG,-0.6312938936406732
TCAGTA,0.01103024773985026
TCAGTT,-0.10677689661149041
TCAGTC,-0.46850813743413516
TCAGTG,-0.3548359468668195
TCAGCA,0.23628313553407485
TCAGCT,-0.4565280938811548
TCAGCC,-0.3466013871027502
TCAGCG,0.012970027702746459
TCAGGA,0.2726908379660473
TCAGGT,-0.016821373382275486
TCAGGC,-0.0006485384949601213
TCAGGG,0.06461471451640349
TCTAAA,-0.7524440748080177
TCTAAT,-0.7936253305227128
TCTAAC,-0.37229696313935773
TCTAAG,-1.1605157621676758
TCTATA,-0.036124329247170274
TCTATT,0.11955840033344665
TCTATC,0.29819465284086805
TCTATG,-0.17919411092975968
TCTACA,0.1972714614886145
TCTACT,0.13597339628007432
TCTACC,0.5288201113032296
TCTACG,0.17147766876532972
TCTAGA,-2.2599231715517836
TCTAGT,-1.6516128374848131
TCTAGC,-1.7770687538180514
TCTAGG,-3.0161474582965835
TCTTAA,-0.5547872572061116
TCTTAT,-0.2901026099735023
TCTTAC,-0.23189720525481342
TCTTAG,-0.836295304406769
TCTTTA,0.5459562080746999
TCTTTT,0.08221946081862673
TCTTTC,0.1609933761889377
TCTTTG,0.3537476732152493
TCTTCA,0.4393333758217197
TCTTCT,0.3870245157840443
TCTTCC,0.7613930783539707
TCTTCG,0.2646013131320297
TCTTGA,-0.2554127520425896
TCTTGT,-0.1762918057044719
TCTTGC,0.004620131421563191
TCTTGG,-0.9694251874266486
TCTCAA,-0.037371795563708586
TCTCAT,-0.1370045209922878
TCTCAC,-0.11517427180441778
TCTCAG,-0.6793244061089736
TCTCTA,0.6656225071698553
TCTCTT,0.8392318864443403
TCTCTC,0.16195886227506995
TCTCTG,-0.1850185339632796
TCTCCA,0.3241440476079573
TCTCCT,0.6379078775671747
TCTCCC,0.5305306948453231
TCTCCG,0.3278247191198218
TCTCGA,0.04061157894872653
TCTCGT,-0.20411754544644772
TCTCGC,0.06544587004836881
TCTCGG,-0.26437431539551526
TCTGAA,-0.3782754081160498
TCTGAT,-0.4129086008208242
TCTGAC,-0.17353721258075594
TCTGAG,-0.7526700655800049
TCTGTA,-0.2595019639631297
TCTGTT,0.058840500022933395
TCTGTC,-0.22562243881423358
TCTGTG,-0.5921156759917046
TCTGCA,-0.09457347122109276
TCTGCT,0.13023024410938625
TCTGCC,-0.14750305543974268
TCTGCG,-0.2357455464465164
TCTGGA,0.30211073564201296
TCTGGT,0.07000799694210653
TCTGGC,0.08160748433771771
TCTGGG,-0.0854806701905269
TCCAAA,-1.1482238791391062
TCCAAT,-1.3658437506485999
TCCAAC,-0.5932838493193479
TCCAAG,-1.658550865502397
TCCATA,-0.18749158222906312
TCCATT,-0.12146378370962763
TCCATC,-0.07395758490627695
TCCATG,-0.24526482003790145
TCCACA,0.11499582764149831
TCCACT,0.1629708252079369
TCCACC,0.24213441936031008
TCCACG,-0.07236745286709688
TCCAGA,0.2639048090978311
TCCAGT,0.30341585375399416
TCCAGC,0.47619566640645306
TCCAGG,0.006819315272054967
TCCTAA,-0.6415738917704537
TCCTAT,-0.7025416891608613
TCCTAC,-0.4366244071719009
TCCTAG,-1.8949437054632858
TCCTTA,-0.40546510810816444
TCCTTT,-0.35815476449452605
TCCTTC,-0.21508463127868443
TCCTTG,-0.40665791731494016
TCCTCA,-0.12415423081192564
TCCTCT,0.0973664685899802
TCCTCC,0.07006273357680239
TCCTCG,-0.012843558640611964
TCCTGA,0.30498106662861457
TCCTGT,0.11500910877365818
TCCTGC,0.38398492964270686
TCCTGG,0.012925778953529594
TCCCAA,-0.4069055116701331
TCCCAT,-0.10779657045570741
TCCCAC,0.18944043202334457
TCCCAG,0.03757743597392917
TCCCTA,0.05877346016771451
TCCCTT,0.16934906971560962
TCCCTC,-0.21121056664609159
TCCCTG,0.17555838804371093
TCCCCA,0.33815432280419766
TCCCCT,0.4773484763269041
TCCCCC,0.29776712028265356
TCCCCG,0.2309467599509133
TCCCGA,0.06095741099756196
TCCCGT,-0.018773114507925
TCCCGC,0.14801040043641084
TCCCGG,0.35701192793518166
TCCGAA,-0.8724812152552162
TCCGAT,-0.6330864241317824
TCCGAC,-0.380752345631423
TCCGAG,-1.0673984590874726
TCCGTA,-0.25486235381569655
TCCGTT,-0.27400196854770076
TCCGTC,-0.005313725971241797
TCCGTG,-0.3566102169248904
TCCGCA,-0.04467601732517349
TCCGCT,-0.013937507843781624
TCCGCC,0.2677910168086311
TCCGCG,-0.542201019196171
TCCGGA,0.21765424165730912
TCCGGT,0.03382117551520726
TCCGGC,0.4539627618714474
TCCGGG,0.3471344410908883
TCGAAA,-0.2859098899557765
TCGAAT,-0.6153455495407222
TCGAAC,-0.2907895531662532
TCGAAG,0.09431067947124142
TCGATA,0.5893572406765054
TCGATT,-0.2819057703867724
TCGATC,-0.07002739461404037
TCGATG,0.08305061097718326
TCGACA,0.6181831767428109
TCGACT,0.1365836651201009
TCGACC,-0.04225825074590564
TCGACG,0.14313183649682254
TCGAGA,0.014449000197688494
TCGAGT,-0.21587913397327607
TCGAGC,-0.23517860411054003
TCGAGG,-0.14401159051601184
TCGTAA,-0.28202091701704257
TCGTAT,-0.5302072427410377
TCGTAC,-0.38124559787293705
TCGTAG,0.07758095155075063
TCGTTA,0.3548198709429766
TCGTTT,-0.33896565805433715
TCGTTC,-0.38336903655155674
TCGTTG,0.07409326421658342
TCGTCA,0.45203826482378207
TCGTCT,0.20145072670295003
TCGTCC,0.0298671733469189
TCGTCG,0.3639606103898604
TCGTGA,0.041507697637684436
TCGTGT,-0.26876926394654777
TCGTGC,-0.14276333813242542
TCGTGG,-0.14891931586274226
TCGCAA,-0.25304784022173366
TCGCAT,-0.46368052129313064
TCGCAC,-0.5079401087366359
TCGCAG,-0.5559657982910401
TCGCTA,0.7049816382069481
TCGCTT,0.07057374327157823
TCGCTC,-0.061211408918853356
TCGCTG,0.06360872097760457
TCGCCA,0.6058022589889904
TCGCCT,0.46173757457797215
TCGCCC,0.469246749715631
TCGCCG,0.49954394384104617
TCGCGA,0.0044303491013143
TCGCGT,-0.2627572248677536
TCGCGC,-0.11140272773281172
TCGCGG,-0.21511137961694543
TCGGAA,-0.5588928092318018
TCGGAT,-0.6745015191884824
TCGGAC,-0.6410384629808441
TCGGAG,-0.5702305083838174
TCGGTA,0.3811089692760145
TCGGTT,-0.28534884411573447
TCGGTC,-0.23868196258117028
TCGGTG,-0.027275751210623575
TCGGCA,0.4793603807266219
TCGGCT,-0.2372535806548821
TCGGCC,-0.5517324748594026
TCGGCG,0.239468625755265
TCGGGA,-0.010383143654429152
TCGGGT,-0.13864649329129303
TCGGGC,-0.2278780883963218
TCGGGG,-0.28087323052245056
TGAAAA,0.015580295954873558
TGAAAT,0.0672087496934501
TGAAAC,-0.1852355947958041
TGAAAG,-0.05255192409132367
TGAATA,0.36614488751662005
TGAATT,-0.2988888821886451
TGAATC,-0.341288792185891
TGAATG,-0.15587603512939616
TGAACA,0.1739243106786352
TGAACT,0.1299961763647577
TGAACC,-0.4381888261550611
TGAACG,-0.231974012988878
TGAAGA,0.5073160785976337
TGAAGT,0.3276424651732963
TGAAGC,0.029753341711065254
TGAAGG,0.14959964799183945
TGATAA,0.13708983994716162
TGATAT,-0.04374680137744544
TGATAC,-0.18949124152907218
TGATAG,0.2079627031546695
TGATTA,0.043331406125680975
TGATTT,-0.08288177189394505
TGATTC,-0.2627223152429157
TGATTG,0.10639601870893417
TGATCA,-0.5047407146330212
TGATCT,-0.4702336641353747
TGATCC,-0.3503820141937244
TGATCG,-0.17788976733076695
TGATGA,0.3334554014736726
TGATGT,0.26530344553182056
TGATGC,0.17034536574723894
TGATGG,0.08846217264036606
TGACAA,0.05382814999073852
TGACAT,-0.011307888436806515
TGACAC,-0.38705454626498464
TGACAG,-0.450660327788643
TGACTA,0.38987301334832813
TGACTT,-0.013008545960295388
TGACTC,-0.16475238852642599
TGACTG,-0.43010880204535445
TGACCA,0.14638419998860672
TGACCT,0.09673531124601926
TGACCC,-0.10787473760858986
TGACCG,0.11664071794806946
TGACGA,0.4332980437678247
TGACGT,0.19116992693552554
TGACGC,0.2554628926551951
TGACGG,0.3271608834255683
TGAGAA,-0.10215024002757807
TGAGAT,-0.09312013147795097
TGAGAC,-0.4613335558611927
TGAGAG,-0.20754981922188284
TGAGTA,0.24479897550977328
TGAGTT,0.1894703362076219
TGAGTC,-0.0013962304053424428
TGAGTG,-0.06637506894487256
TGAGCA,0.374216236356716
TGAGCT,0.044472145982813724
TGAGCC,-0.357578645066876
TGAGCG,0.11666552335342141
TGAGGA,-0.07434648068153243
TGAGGT,-0.17694037788943798
TGAGGC,-0.4635240172813631
TGAGGG,-0.26696485811101534
TGTAAA,-0.37949717283549683
TGTAAT,-0.1423879782669963
TGTAAC,-0.2055133199379392
TGTAAG,-0.6128560976729781
TGTATA,-0.6048152839741261
TGTATT,-0.24614959832792718
TGTATC,-0.3507242593284144
TGTATG,-0.3289761309117463
TGTACA,-0.15107437940657933
TGTACT,0.05660047151670946
TGTACC,-0.1414893347627177
TGTACG,-0.20074582412001293
TGTAGA,0.16311934981001863
TGTAGT,0.36058189261293716
TGTAGC,0.2889443923747055
TGTAGG,-0.05002625826996036
TGTTAA,0.00023150827745497453
TGTTAT,-0.15338269474852478
TGTTAC,-0.2524399208026406
TGTTAG,0.057100886370566185
TGTTTA,0.1331538679236315
TGTTTT,-0.03838147757130023
TGTTTC,-0.19290366612449156
TGTTTG,0.18579731200641383
TGTTCA,0.14334088204797085
TGTTCT,0.1971179860367117
TGTTCC,0.2982579985419907
TGTTCG,0.1167805821997073
TGTTGA,0.4552289004621453
TGTTGT,0.47387648280603745
TGTTGC,0.4790086665316495
TGTTGG,0.07782463581118722
TGTCAA,-0.4019722648784661
TGTCAT,0.040914797638506424
TGTCAC,-0.0784815111571453
TGTCAG,-0.34356320765579784
TGTCTA,0.05669259340529966
TGTCTT,0.06711493666275146
TGTCTC,-0.06794325145458031
TGTCTG,-0.168223399874456
TGTCCA,-0.012999254543639597
TGTCCT,0.04546237407675741
TGTCCC,0.016201974576280406
TGTCCG,0.08050817275912991
TGTCGA,0.5479849709312705
TGTCGT,0.30230636451830684
TGTCGC,0.39851584891833436
TGTCGG,0.31925641805037597
TGTGAA,-0.2515220910373372
TGTGAT,-0.2907468977003566
TGTGAC,-0.31436046323394395
TGTGAG,-0.4671284752138024
TGTGTA,-0.28622470032111125
TGTGTT,-0.11774038172901663
TGTGTC,-0.19003309421558306
TGTGTG,-0.3260915205666521
TGTGCA,-0.07378324411060197
TGTGCT,0.08814838677670496
TGTGCC,-0.10508670295841202
TGTGCG,-0.18999590423924526
TGTGGA,0.1440243468616105
TGTGGT,0.15995350992761573
TGTGGC,-0.2044412510786047
TGTGGG,0.12016776663211881
TGCAAA,0.028161570355745114
TGCAAT,-0.16852823466161876
TGCAAC,0.07927545822503612
TGCAAG,-0.37830988147576317
TGCATA,-0.09825601140383666
TGCATT,-0.21393050957222465
TGCATC,-0.132294887021597
TGCATG,-0.3732958251747727
TGCACA,-0.1320871886296845
TGCACT,-0.2152946472798795
TGCACC,-0.1771628596970365
TGCACG,-0.37288114644725145
TGCAGA,-0.16138789612435642
TGCAGT,-0.356028242437724
TGCAGC,-0.28509900185973397
TGCAGG,0.2445550442563088
TGCTAA,-0.1054390980318403
TGCTAT,-0.10195472252299342
TGCTAC,-0.10204291659602553
TGCTAG,-1.6223970570766055
TGCTTA,-0.023983163000936402
TGCTTT,-0.08231201626191614
TGCTTC,-0.23931539679748035
TGCTTG,-0.32898496398075966
TGCTCA,0.33239454023167786
TGCTCT,0.23420981339128374
TGCTCC,0.15311344293310317
TGCTCG,0.12383892571240532
TGCTGA,0.2439631790965999
TGCTGT,0.2702101404932469
TGCTGC,0.17006058209189592
TGCTGG,0.5194451683044341
TGCCAA,-0.19275159687873172
TGCCAT,-0.11799496396020161
TGCCAC,-0.2330054765624049
TGCCAG,0.07602877116275904
TGCCTA,-0.1451392220789398
TGCCTT,0.09743277475551543
TGCCTC,-0.4458247735485767
TGCCTG,-0.01455612046293958
TGCCCA,0.10062525067540459
TGCCCT,0.10819443507253357
TGCCCC,-0.049385225180742974
TGCCCG,0.2385584147382434
TGCCGA,0.4882219983347734
TGCCGT,0.3070685061006501
TGCCGC,0.2506918575485429
TGCCGG,0.4102349108850287
TGCGAA,-0.4811761823253418
TGCGAT,-0.4235853127901109
TGCGAC,-0.264820747850907
TGCGAG,-0.5268845114079317
TGCGTA,0.01342854960827541
TGCGTT,-0.19713753125904562
TGCGTC,-0.06745159994977482
TGCGTG,-0.23730029580427472
TGCGCA,0.013976397634848441
TGCGCT,0.05640775697997838
TGCGCC,0.23751894377835303
TGCGCG,-0.21916401223627302
TGCGGA,-0.01569935362922011
TGCGGT,-0.2349149384459298
TGCGGC,-0.11978113030522611
TGCGGG,0.008201662410058524
TGGAAA,0.14130922669091672
TGGAAT,-0.1950884637418377
TGGAAC,-0.18018462822536727
TGGAAG,0.5183016865403457
TGGATA,0.38125463235756507
TGGATT,-0.16628254439577914
TGGATC,-0.5154738947054972
TGGATG,0.13712017497862714
TGGACA,-0.013698844358161915
TGGACT,-0.27791519670316805
TGGACC,-0.9463479025626802
TGGACG,-0.07460283715650749
TGGAGA,0.3596799545472684
TGGAGT,0.1785979281638118
TGGAGC,0.02759437214215503
TGGAGG,0.10883383774770121
TGGTAA,-0.060778196261949045
TGGTAT,-0.07660284286955991
TGGTAC,-0.3121085742497895
TGGTAG,0.20782473877080435
TGGTTA,-0.02354638511589066
TGGTTT,-0.06756218493427837
TGGTTC,-0.42774525803676267
TGGTTG,-0.12226309174673658
TGGTCA,0.20202844140751156
TGGTCT,-0.12922571201909605
TGGTCC,-0.9655666866773815
TGGTCG,0.20524035177083957
TGGTGA,0.37728256640920266
TGGTGT,0.3203704097807676
TGGTGC,0.2153566109220743
TGGTGG,0.3519599759240136
TGGCAA,0.23826310539133005
TGGCAT,-0.04304049500004507
TGGCAC,-0.4956965568334737
TGGCAG,-0.23469734356649255
TGGCTA,0.2356587263588819
TGGCTT,0.003589938491582566
TGGCTC,-0.5280473665988789
TGGCTG,-0.25157358874913877
TGGCCA,-0.6065131527786684
TGGCCT,-0.022462792908345477
TGGCCC,-0.4580934216139185
TGGCCG,-0.3462114702979045
TGGCGA,0.6220147555791812
TGGCGT,0.30815769181431546
TGGCGC,0.16636549341437862
TGGCGG,0.38895612545439445
TGGGAA,-0.12693641764287075
TGGGAT,-0.13061328774354422
TGGGAC,-0.35346981298978397
TGGGAG,-0.2472124594468888
TGGGTA,0.28012672080733153
TGGGTT,-0.27128826267610456
TGGGTC,-0.38398932614384684
TGGGTG,0.06752805998593725
TGGGCA,-0.02550191966539949
TGGGCT,-0.2998144430213475
TGGGCC,-0.6010318916521395
TGGGCG,0.23725023512044488
TGGGGA,0.3217171146832038
TGGGGT,-0.2527401300323466
TGGGGC,-0.038830164427364214
TGGGGG,0.032230277904913424
CAAAAA,-0.04402161803563997
CAAAAT,0.0898543665500677
CAAAAC,0.026985047128887343
CAAAAG,0.01917916577473233
CAAATA,-0.1645242168345863
CAAATT,-0.012539644818611554
CAAATC,-0.16239581585899585
CAAATG,-0.17651901360639985
CAAACA,0.2229361039532334
CAAACT,0.23259807427641827
CAAACC,-0.1314351248247108
CAAACG,0.003740319615723177
CAAAGA,0.07965805460045981
CAAAGT,0.10997553477914213
CAAAGC,-0.06277142401755112
CAAAGG,-0.01479800232961277
CAATAA,0.28080342776391454
CAATAT,0.48094562810971875
CAATAC,0.3905211476138462
CAATAG,0.1923264618499107
CAATTA,-0.29939826436369565
CAATTT,-0.057752287457345786
CAATTC,-0.4466417195473625
CAATTG,-0.3975055870702367
CAATCA,0.03515755041891113
CAATCT,-0.03842009145134448
CAATCC,-0.1582105447247974
CAATCG,-0.23745919639413032
CAATGA,0.23774970370357185
CAATGT,0.2434373706540236
CAATGC,0.22671625965178344
CAATGG,0.2665828881884511
CAACAA,0.4962665530770597
CAACAT,0.3621178074498751
CAACAC,0.275189986677417
CAACAG,0.2702903297399117
CAACTA,-0.2797768929446677
CAACTT,-0.1078816068796935
CAACTC,0.14027084377333665
CAACTG,0.21060777461922925
CAACCA,-0.0814205678574414
CAACCT,0.10249321954641882
CAACCC,-0.0620505905283163
CAACCG,-0.2524114421755295
CAACGA,0.10111202473303427
CAACGT,0.2887788371063153
CAACGC,0.09183921300641636
CAACGG,0.12463158691344026
CAAGAA,-0.19847699701623972
CAAGAT,-0.28816356772273233
CAAGAC,-0.24599789580775505
CAAGAG,-0.12808334026509235
CAAGTA,-0.6988647490231488
CAAGTT,-0.44118319071024364
CAAGTC,-0.6283387174582569
CAAGTG,-0.81377516834856
CAAGCA,-0.2374949048899709
CAAGCT,-0.09687186674327149
CAAGCC,-0.45176480280800524
CAAGCG,-0.2670751614100841
CAAGGA,-0.2508665250205206
CAAGGT,-0.2378679467125917
CAAGGC,-0.3323386508377543
CAAGGG,-0.05826890812397576
CATAAA,-0.0964396271227333
CATAAT,-0.14853748632141586
CATAAC,-0.23171115152232152
CATAAG,-0.45816022509435556
CATATA,-0.5635733759310714
CATATT,0.1291069093878269
CATATC,-0.09624775312091548
CATATG,-0.47586416565219536
CATACA,-0.2096385032566519
CATACT,-0.06984041894737003
CATACC,-0.10783608139348393
CATACG,-0.4659006623905673
CATAGA,-0.06699761629525151
CATAGT,0.052484763609878624
CATAGC,0.0523303400528841
CATAGG,-0.22853439994908623
CATTAA,0.3874436980646722
CATTAT,0.27499309408997347
CATTAC,0.4448981824024509
CATTAG,0.06472785616646944
CATTTA,-0.4355130904678557
CATTTT,0.037139546949456786
CATTTC,-0.05618624731157795
CATTTG,-0.30725735348988775
CATTCA,-0.14225480684010142
CATTCT,0.13526726625030394
CATTCC,0.040212424248408284
CATTCG,-0.29061568095426277
CATTGA,0.42146657735959525
CATTGT,0.3361692522225915
CATTGC,0.33056036580425086
CATTGG,-0.12243489736330886
CATCAA,0.33933346890224503
CATCAT,0.23379327923086782
CATCAC,0.38282638923488616
CATCAG,0.04214414255133085
CATCTA,-0.2807927236511456
CATCTT,0.11720761479615756
CATCTC,0.2075715934387182
CATCTG,-0.07725749114941632
CATCCA,0.08052702473223794
CATCCT,0.10180485440183375
CATCCC,0.23044027663896652
CATCCG,-0.057100504092274226
CATCGA,0.08392074094959392
CATCGT,0.15340065366413913
CATCGC,0.26700593961335367
CATCGG,0.11296956612454717
CATGAA,-0.07057785987593758
CATGAT,0.01038877335560661
CATGAC,0.1296271646796909
CATGAG,-0.12822417461523
CATGTA,-0.4148328581117645
CATGTT,0.0667056384095515
CATGTC,-0.0008193363834025
CATGTG,-0.29451434930533316
CATGCA,-0.40243020441301036
CATGCT,-0.07311171001517591
CATGCC,-0.03589266787520743
CATGCG,-0.43126840973213404
CATGGA,-0.22319489787785218
CATGGT,-0.08419560366288291
CATGGC,-0.18069284620392975
CATGGG,-0.16478778227507673
CACAAA,0.08043961182639527
CACAAT,0.24868630587463672
CACAAC,0.09409326453397882
CACAAG,-0.3952137369220262
CACATA,-0.3155919054785537
CACATT,-0.0035160167690200935
CACATC,0.2290835371838289
CACATG,-0.4046932053295825
CACACA,-0.2755552676537451
CACACT,0.06813609576696958
CACACC,-0.07044211322631148
CACACG,-0.4476446712809943
CACAGA,-0.4529316453470881
CACAGT,-0.3784666750646584
CACAGC,-0.26542509185625435
CACAGG,-0.08645850309458461
CACTAA,0.34539039007242767
CACTAT,0.6304576584083214
CACTAC,0.6000992483053017
CACTAG,-0.9525484798967795
CACTTA,-0.5453393911001913
CACTTT,0.40379555143704077
CACTTC,0.5617389789392443
CACTTG,-0.8879115291979053
CACTCA,-0.0727147502546772
CACTCT,0.1823215567939546
CACTCC,0.04827594233715784
CACTCG,-0.3031774425503803
CACTGA,-0.32057397254735576
CACTGT,-0.21433564456912366
CACTGC,-0.18144119755054763
CACTGG,0.04323238884708489
CACCAA,-0.2523666558297512
CACCAT,0.2733936558406771
CACCAC,0.6147477999209905
CACCAG,0.38976469904040995
CACCTA,-0.33338866957722485
CACCTT,0.11210909033233561
CACCTC,0.3813816358472896
CACCTG,0.10595350987233146
CACCCA,0.13420230844975628
CACCCT,0.11258076363131345
CACCCC,-0.17263763036127464
CACCCG,-0.11480145534087796
CACCGA,0.0761216145477046
CACCGT,0.2229548898666168
CACCGC,0.010375899743202945
CACCGG,0.18158922428227936
CACGAA,-0.2725757174590178
CACGAT,0.05732092298144538
CACGAC,0.15405662856925345
CACGAG,-0.8012767845156861
CACGTA,-0.5630546504322727
CACGTT,0.07294020246087587
CACGTC,-0.11246123006135772
CACGTG,-0.9584451716281889
CACGCA,-0.22694952895598003
CACGCT,0.26859489328201397
CACGCC,0.2713091944993101
CACGCG,-0.41028841770949964
CACGGA,-0.3281319047049939
CACGGT,0.04926396060376438
CACGGC,-0.14143166081507977
CACGGG,-0.2108718396156404
CAGAAA,-0.12456778671494823
CAGAAT,0.07492422469314691
CAGAAC,-0.19229767114310842
CAGAAG,-0.11161464403605088
CAGATA,-0.005949479809215618
CAGATT,-0.11445730460464869
CAGATC,-0.22824003122069397
CAGATG,-0.17456567883435542
CAGACA,-0.16225782844450845
CAGACT,-0.08701137698962981
CAGACC,0.029742704790607574
CAGACG,0.15657418904131404
CAGAGA,-0.1809379957909082
CAGAGT,-0.09191459080318662
CAGAGC,-0.4205970265757021
CAGAGG,-0.5634727684685178
CAGTAA,0.09201523387745546
CAGTAT,-0.039682713623499365
CAGTAC,0.2938579098944489
CAGTAG,0.20689451842312986
CAGTTA,-0.3852527240424194
CAGTTT,0.07816049836777754
CAGTTC,0.2893299524944063
CAGTTG,0.2703404711615229
CAGTCA,-0.41540770982131525
CAGTCT,-0.28677556614717226
CAGTCC,-0.19263405340227344
CAGTCG,-0.2830048321145633
CAGTGA,-0.08852048582405656
CAGTGT,-0.21943432127143492
CAGTGC,-0.38546444140149483
CAGTGG,-0.0982113095355269
CAGCAA,0.34065803687095836
CAGCAT,0.23740682495664533
CAGCAC,0.4446659568989239
CAGCAG,0.3136658408057722
CAGCTA,-0.07588469752487269
CAGCTT,-0.015321583220869456
CAGCTC,0.2802523681299696
CAGCTG,-1.3558742525358563
CAGCCA,-0.20585668867207704
CAGCCT,-0.2743118378886092
CAGCCC,-0.03656385725891729
CAGCCG,-0.4098500988025931
CAGCGA,0.04629828953452884
CAGCGT,0.3174070617797079
CAGCGC,0.1573454693296128
CAGCGG,-0.07347158302304649
CAGGAA,0.412950936223636
CAGGAT,0.2332216375805003
CAGGAC,-0.08440598035701265
CAGGAG,0.3485448178554822
CAGGTA,0.049510762721267386
CAGGTT,0.09619421479500598
CAGGTC,-0.10438940807011533
CAGGTG,0.15338495635522664
CAGGCA,-0.04296462498353608
CAGGCT,0.04358315596158313
CAGGCC,-0.08908130528123348
CAGGCG,0.256060108264467
CAGGGA,0.04100699128333952
CAGGGT,0.13830903299926753
CAGGGC,0.11273506935907873
CAGGGG,0.13288713189140372
CTAAAA,-0.1775138552258515
CTAAAT,-0.1259711735788202
CTAAAC,-0.12833117289741525
CTAAAG,-0.003893121179740371
CTAATA,-0.11244281488143353
CTAATT,-0.2969609243473705
CTAATC,-0.43212312548223025
CTAATG,0.09148383819556355
CTAACA,0.06130052586379567
CTAACT,-0.10469139552580213
CTAACC,-0.08773725455559218
CTAACG,0.22448313624326632
CTAAGA,-0.7618225413282426
CTAAGT,-0.4374379374216592
CTAAGC,-0.3600734178978441
CTAAGG,-0.3761193729683437
CTATAA,-0.05667833701843821
CTATAT,-0.05230795970619908
CTATAC,-0.10923597507792501
CTATAG,0.23995066963059095
CTATTA,0.04842659390547446
CTATTT,0.30191595275928673
CTATTC,0.17136728179048974
CTATTG,0.2127167335438886
CTATCA,0.2657031657330057
CTATCT,0.49464172039801624
CTATCC,0.44946944534111927
CTATCG,0.594670771197571
CTATGA,-0.12293671433754837
CTATGT,0.06959985177872814
CTATGC,0.047593697123086184
CTATGG,-0.15376645235987343
CTACAA,0.3011050927839216
CTACAT,0.10891291726219408
CTACAC,0.20641312305500026
CTACAG,0.08351127418678538
CTACTA,0.0682452079007208
CTACTT,0.2574025011352251
CTACTC,0.20798130357453218
CTACTG,0.16207136201950742
CTACCA,0.08788328215753745
CTACCT,0.24248044857014642
CTACCC,0.18438250261397723
CTACCG,0.5172083289367655
CTACGA,0.0052409827154572325
CTACGT,0.012356732688905428
CTACGC,0.25210214001915543
CTACGG,0.18326456387745108
CTAGAA,-1.8643150104329536
CTAGAT,-2.7326344067327484
CTAGAC,-2.0840362330581463
CTAGAG,-1.4856547692232382
CTAGTA,-1.296576622532518
CTAGTT,-1.378486178672079
CTAGTC,-1.5734652519752828
CTAGTG,-1.1052568313867783
CTAGCA,-1.4712596210818227
CTAGCT,-1.270462545594769
CTAGCC,-1.4028236630711013
CTAGCG,-1.11487280953989
CTAGGA,-2.0668627594729756
CTAGGT,-2.608371518911815
CTAGGC,-1.9710735049580546
CTAGGG,-1.5452802711335467
CTTAAA,-0.4508707622960775
CTTAAT,-0.07580896727598294
CTTAAC,-0.016381221183458423
CTTAAG,-1.1657828850232888
CTTATA,-0.5612950494551425
CTTATT,-0.15514686121463808
CTTATC,0.1525337180024612
CTTATG,-0.537690427306457
CTTACA,-0.5136043681729422
CTTACT,-0.1254341823919033
CTTACC,0.04156631908011249
CTTACG,-0.22790186028131443
CTTAGA,-1.1232289163034657
CTTAGT,-0.8630329757422492
CTTAGC,-0.28259396197407827
CTTAGG,-0.6894594074807607
CTTTAA,0.2142677534002413
CTTTAT,0.44556778902806765
CTTTAC,0.39014193342896997
CTTTAG,0.15518070372022655
CTTTTA,-0.03828009997520418
CTTTTT,0.13462995849637313
CTTTTC,-0.212128091455107
CTTTTG,-0.05499949809081222
CTTTCA,0.12326195095436454
CTTTCT,0.1653847171620173
CTTTCC,0.17227244887674045
CTTTCG,-0.07213636715032519
CTTTGA,0.1454376493776575
CTTTGT,0.3547739416845889
CTTTGC,0.27000869206038
CTTTGG,0.08826276089456862
CTTCAA,0.3855979834079828
CTTCAT,0.28860458174229625
CTTCAC,0.451973901720961
CTTCAG,-0.23658812023572673
CTTCTA,0.1724754523205775
CTTCTT,0.4554129188360652
CTTCTC,0.2528781502570888
CTTCTG,-0.19975833866738235
CTTCCA,0.42766861896309544
CTTCCT,0.4399061420679764
CTTCCC,0.3425578628210163
CTTCCG,0.4182967893575874
CTTCGA,0.022668799812713112
CTTCGT,0.05087895835510552
CTTCGC,0.1888929368002517
CTTCGG,0.017177660238175324
CTTGAA,-0.4444996621879803
CTTGAT,-0.20024374692604185
CTTGAC,-0.6068746288717477
CTTGAG,0.08495580854161966
CTTGTA,-0.5517734530653472
CTTGTT,-0.12605853176177503
CTTGTC,-0.10663487110712401
CTTGTG,-0.5103859666914213
CTTGCA,-0.4524593195948261
CTTGCT,0.0005773672215816406
CTTGCC,0.23925590610238096
CTTGCG,-0.30887205449095034
CTTGGA,-1.6991856551521967
CTTGGT,-1.2249060139924017
CTTGGC,-0.871202939252687
CTTGGG,-1.2556339555741565
CTCAAA,-0.11177877071168828
CTCAAT,0.3700394659234348
CTCAAC,0.3152918823562465
CTCAAG,0.19059767555591586
CTCATA,-0.3531115556251776
CTCATT,0.1675616632542476
CTCATC,0.33341004574089056
CTCATG,-0.08470592248833077
CTCACA,-0.5670837592196506
CTCACT,-0.03953940439728103
CTCACC,0.20963090631730139
CTCACG,-0.027570312417986655
CTCAGA,-0.7942074184868687
CTCAGT,-0.32876506937627514
CTCAGC,-0.45193777413723385
CTCAGG,-0.12691752936889952
CTCTAA,-0.3230776056203634
CTCTAT,0.6498339460376558
CTCTAC,0.7570028229578267
CTCTAG,-1.2678274979567639
CTCTTA,-0.5466515521487082
CTCTTT,0.7321048072598217
CTCTTC,1.0051219455807707
CTCTTG,-0.17386146289119125
CTCTCA,-0.43076512233984027
CTCTCT,0.49364079901188984
CTCTCC,0.718030489297773
CTCTCG,-0.1013046828285651
CTCTGA,-0.6278770275693819
CTCTGT,-0.1979126582836923
CTCTGC,-0.2989385889216148
CTCTGG,-0.2216495143036044
CTCCAA,-1.0480670307198783
CTCCAT,0.03596514869351509
CTCCAC,0.24920999504338773
CTCCAG,0.5091706792426365
CTCCTA,-0.4725410576561522
CTCCTT,0.024660561821951622
CTCCTC,0.3250669367931995
CTCCTG,0.39111296784906413
CTCCCA,-0.1036454908559547
CTCCCT,0.1112256351102244
CTCCCC,0.47392347747110725
CTCCCG,0.04532627071576629
CTCCGA,-0.5682888691888516
CTCCGT,-0.18184067195660394
CTCCGC,-0.10437737357244882
CTCCGG,0.37531206993747684
CTCGAA,-0.5311116152865174
CTCGAT,0.11063757275867014
CTCGAC,0.351578612451718
CTCGAG,-1.8870696490323797
CTCGTA,-0.8605475413909252
CTCGTT,-0.2052216717851768
CTCGTC,0.040242511607306616
CTCGTG,-0.9128064077915443
CTCGCA,-0.6330037487565959
CTCGCT,0.14973900933702877
CTCGCC,0.3798920400529457
CTCGCG,-0.3320456143701028
CTCGGA,-0.7855036617525991
CTCGGT,-0.02935221201252745
CTCGGC,-0.045072104921745286
CTCGGG,-0.9430647654792121
CTGAAA,-0.1419472718397769
CTGAAT,-0.033573356600231356
CTGAAC,-0.16128202655769863
CTGAAG,-0.1348039272607203
CTGATA,-0.15219354671730403
CTGATT,-0.08379373774276574
CTGATC,-0.5005524466859403
CTGATG,0.04537604531519772
CTGACA,-0.3455880700292223
CTGACT,-0.22473816084425505
CTGACC,0.12132521336932567
CTGACG,0.25580209475029414
CTGAGA,-0.6603685936288878
CTGAGT,-0.1433077939025504
CTGAGC,-0.29944237539321866
CTGAGG,-0.8181250937358828
CTGTAA,-0.22143593302619732
CTGTAT,-0.239630866849928
CTGTAC,-0.0538753793474314
CTGTAG,0.0921744462536864
CTGTTA,-0.20801712717019513
CTGTTT,0.17104843943080786
CTGTTC,0.30162558521304406
CTGTTG,0.3190570194714671
CTGTCA,-0.4632336051697622
CTGTCT,-0.23902945863047845
CTGTCC,-0.15061524662765452
CTGTCG,0.17449102392154156
CTGTGA,-0.6224316557615477
CTGTGT,-0.4108219824276199
CTGTGC,-0.20623957600709963
CTGTGG,-0.16895832898178756
CTGCAA,0.1423032046097896
CTGCAT,0.04836566189197017
CTGCAC,0.011778251663299032
CTGCAG,-0.6816130273146588
CTGCTA,-0.4263539884592892
CTGCTT,-0.06216107719524815
CTGCTC,0.37444178817614376
CTGCTG,0.3215551185332375
CTGCCA,-0.19285333411296218
CTGCCT,-0.4297419464096361
CTGCCC,-0.05855122277382944
CTGCCG,0.10699466576540223
CTGCGA,-0.5656218119956347
CTGCGT,-0.11815245804230373
CTGCGC,0.01884194025513477
CTGCGG,-0.12487834119444723
CTGGAA,0.49107278185923187
CTGGAT,0.27797325832481995
CTGGAC,-0.07027012108669066
CTGGAG,0.5258901532273865
CTGGTA,-0.031079479517450537
CTGGTT,-0.05853078842603051
CTGGTC,0.017123498117659904
CTGGTG,0.4405158113600577
CTGGCA,0.062146974172891174
CTGGCT,0.019892156818599578
CTGGCC,-0.2373953864674718
CTGGCG,0.5489429784603678
CTGGGA,-0.10882132730018806
CTGGGT,-0.007776376902780795
CTGGGC,0.04534668020261891
CTGGGG,0.1275801749013668
CCAAAA,-0.3943880011286287
CCAAAT,-0.5392587457902747
CCAAAC,-0.37183688182806607
CCAAAG,-0.16587432801101976
CCAATA,0.0032187853218753125
CCAATT,-0.8413013140926275
CCAATC,-0.4985663186025075
CCAATG,-0.16752880577343443
CCAACA,0.09711442480418082
CCAACT,-0.035807981209353426
CCAACC,-0.3543637412493684
CCAACG,-0.09826947448659798
CCAAGA,-0.8204939472104001
CCAAGT,-1.1165619781503913
CCAAGC,-0.7701455567219326
CCAAGG,-1.456093701378666
CCATAA,-0.20486811547623524
CCATAT,-0.1411686667485321
CCATAC,-0.1774428720627193
CCATAG,-0.19026711505377375
CCATTA,0.2879975796321864
CCATTT,-0.10654515851889253
CCATTC,-0.08937785571449561
CCATTG,0.30458889663593514
CCATCA,0.09942965516828546
CCATCT,-0.02284315765225382
CCATCC,-0.17387684681846313
CCATCG,0.06304239058879867
CCATGA,0.0054067470124472515
CCATGT,-0.08695611463157084
CCATGC,0.04908548336240377
CCATGG,-0.7343736609645912
CCACAA,0.2411833721884691
CCACAT,0.043893413720983133
CCACAC,-0.02742698107781117
CCACAG,-0.14509674744942552
CCACTA,0.38463701498976804
CCACTT,0.2417921103922827
CCACTC,0.13313187204389876
CCACTG,-0.043874755841739305
CCACCA,0.3850562364769573
CCACCT,0.08061351203108429
CCACCC,-0.18106763813436091
CCACCG,0.021498093638028654
CCACGA,-0.11939441947335236
CCACGT,-0.290541109997763
CCACGC,0.024181527775675272
CCACGG,0.04239847743589844
CCAGAA,0.11005929926525
CCAGAT,0.08582120997433447
CCAGAC,0.33068350844496835
CCAGAG,-0.20396316475364537
CCAGTA,0.3331590088223911
CCAGTT,0.4133809714330332
CCAGTC,0.010648393757035045
CCAGTG,-0.01633430146309144
CCAGCA,0.5310354320701923
CCAGCT,-0.0466130678551502
CCAGCC,-0.03824635991989305
CCAGCG,0.40764485856583993
CCAGGA,0.08161627212096695
CCAGGT,-0.007342734598374896
CCAGGC,-0.024601637795381125
CCAGGG,0.006164211168965429
CCTAAA,-0.4247535399252805
CCTAAT,-0.5174173960360983
CCTAAC,-0.2182064589810399
CCTAAG,-0.6989128400796952
CCTATA,-0.2059278031721053
CCTATT,-0.4565779191182748
CCTATC,-0.09787049631865037
CCTATG,-0.288627571272809
CCTACA,-0.21313313960483987
CCTACT,-0.22878968233206085
CCTACC,-0.06685342341464943
CCTACG,-0.21011790829705376
CCTAGA,-3.152125335321776
CCTAGT,-1.7448425494403035
CCTAGC,-1.3361282507705277
CCTAGG,-3.176862644977793
CCTTAA,-0.4051912855434742
CCTTAT,-0.23227120248888095
CCTTAC,-0.19552838428123637
CCTTAG,-0.7081232349413306
CCTTTA,0.32256086630956277
CCTTTT,-0.18239284025265828
CCTTTC,-0.11229553535493607
CCTTTG,0.10433645002813616
CCTTCA,0.1631699548857185
CCTTCT,0.1613839844207783
CCTTCC,0.3416389352842307
CCTTCG,0.08507250194987029
CCTTGA,-0.24009880680588594
CCTTGT,-0.13570682894206207
CCTTGC,0.05066542973453909
CCTTGG,-1.9055886967996174
CCTCAA,0.19730574432465228
CCTCAT,-0.13652521746612414
CCTCAC,-0.32511959952391156
CCTCAG,-0.9479602259502342
CCTCTA,0.44805052598204437
CCTCTT,0.6033841393713577
CCTCTC,0.15550868377046823
CCTCTG,-0.581928417333751
CCTCCA,-0.02492196162237724
CCTCCT,0.14335558826057088
CCTCCC,-0.07127490985033665
CCTCCG,-0.06545721665464367
CCTCGA,-0.08760379406856718
CCTCGT,-0.3552910080176289
CCTCGC,-0.07559365212545542
CCTCGG,-0.15450088119662272
CCTGAA,0.06496065008077812
CCTGAT,0.018650505804603736
CCTGAC,0.21095696384004534
CCTGAG,-0.11523438806612192
CCTGTA,0.06373264439309248
CCTGTT,0.38051451128375124
CCTGTC,-0.029503322200474996
CCTGTG,-0.10149764267479582
CCTGCA,0.22107387137568352
CCTGCT,0.4513267543740737
CCTGCC,0.09344620537127346
CCTGCG,0.2006456236942141
CCTGGA,0.001928021162799726
CCTGGT,-0.03269758679091956
CCTGGC,0.031223149462274565
CCTGGG,0.04292426220798908
CCCAAA,-0.45365449124420615
CCCAAT,-0.44476611352532913
CCCAAC,0.1358197231425348
CCCAAG,-0.9679610980183573
CCCATA,-0.07936249337981466
CCCATT,0.11537034899265358
CCCATC,-0.027746050077261872
CCCATG,-0.08283012075111845
CCCACA,0.17055560484412097
CCCACT,0.3630009990987613
CCCACC,0.03403267342241092
CCCACG,-0.05099685870225662
CCCAGA,0.03383728019291621
CCCAGT,0.15941494356018387
CCCAGC,0.1332110427440035
CCCAGG,0.1333151478345787
CCCTAA,-0.3345222847521338
CCCTAT,-0.127525631855202
CCCTAC,-0.02487062772212767
CCCTAG,-1.4874525108066385
CCCTTA,-0.27666999990259405
CCCTTT,0.054192229083427024
CCCTTC,0.31284524205761
CCCTTG,-0.33795043349052384
CCCTCA,-0.3335945367935978
CCCTCT,0.1444604631567129
CCCTCC,-0.05694931193187866
CCCTCG,-0.25270235355575416
CCCTGA,0.10934031579825355
CCCTGT,0.04913923874592958
CCCTGC,0.21793791748694474
CCCTGG,0.053666901008724725
CCCCAA,-0.316676253821231
CCCCAT,0.08630140180893725
CCCCAC,0.07560811060567077
CCCCAG,0.19918396142800465
CCCCTA,-0.11951141473452405
CCCCTT,0.23548352754978571
CCCCTC,0.11539458592686425
CCCCTG,0.24707631752583786
CCCCCA,0.13210384063333727
CCCCCT,0.22902015980319496
CCCCCC,-0.33985442699303064
CCCCCG,-0.3546081329386708
CCCCGA,-0.31061801378446224
CCCCGT,-0.25628624474321227
CCCCGC,-0.21868920096482944
CCCCGG,0.16064402996681115
CCCGAA,-0.3870463858974416
CCCGAT,-0.07061756721395342
CCCGAC,0.09964811221316762
CCCGAG,-0.8937749934559972
CCCGTA,-0.08076642762551588
CCCGTT,-0.08608804096552641
CCCGTC,0.02679933363380515
CCCGTG,-0.3644882069188675
CCCGCA,-0.016186615018727205
CCCGCT,0.0477574434523179
CCCGCC,0.2116404269987696
CCCGCG,-0.318942495369342
CCCGGA,0.2824702969594992
CCCGGT,0.12770211699782252
CCCGGC,0.3276012276571345
CCCGGG,-0.38787958210377765
CCGAAA,-0.3902911957253676
CCGAAT,-0.5567949115937814
CCGAAC,-0.26664136561849394
CCGAAG,0.1393248794311383
CCGATA,0.25940497635491944
CCGATT,-0.2667646322532262
CCGATC,-0.24029295338716417
CCGATG,0.136032378905107
CCGACA,0.34920952696694096
CCGACT,0.013226785241873646
CCGACC,-0.1290998958618818
CCGACG,0.11202026972083916
CCGAGA,-0.16247322461420013
CCGAGT,-0.5433772714425148
CCGAGC,-0.28839345302397673
CCGAGG,-0.11804356378559028
CCGTAA,-0.1329440476328258
CCGTAT,-0.14293431728749315
CCGTAC,-0.11957099344804231
CCGTAG,0.25414438869606076
CCGTTA,0.17067453121192794
CCGTTT,-0.03930807228673423
CCGTTC,-0.2380779676550751
CCGTTG,0.12306425236123301
CCGTCA,0.29138030151887145
CCGTCT,0.11316869810563797
CCGTCC,-0.2086571051317573
CCGTCG,0.21305943224758375
CCGTGA,-0.04232226910554342
CCGTGT,-0.24462544013010953
CCGTGC,-0.4419459862859455
CCGTGG,0.10284213421389013
CCGCAA,0.009475001796703363
CCGCAT,-0.06586493649999085
CCGCAC,-0.17351490622147397
CCGCAG,-0.13362873099280753
CCGCTA,0.40032370860774574
CCGCTT,0.08880776127401115
CCGCTC,-0.22963591673942182
CCGCTG,-0.043756460271254835
CCGCCA,0.36581782411322955
CCGCCT,0.20784325916166063
CCGCCC,0.05824667314589681
CCGCCG,0.2560854680613416
CCGCGA,-0.19896592488619494
CCGCGT,-0.3608263637286347
CCGCGC,-0.22731227849524355
CCGCGG,-0.9578760100614614
CCGGAA,0.5353234235042498
CCGGAT,0.15317863278925825
CCGGAC,0.14580768300084446
CCGGAG,0.3954643918063033
CCGGTA,0.4879078747665039
CCGGTT,-0.07895895558134931
CCGGTC,-0.16194258401493278
CCGGTG,0.11872912832477256
CCGGCA,0.3867234092773994
CCGGCT,-0.22800034103668773
CCGGCC,-0.6944834024905872
CCGGCG,0.17114284028428736
CCGGGA,0.3218765707733208
CCGGGT,0.1704998178287878
CCGGGC,0.2426495453951823
CCGGGG,0.2451514238099215
CGAAAA,-0.15680926925024258
CGAAAT,-0.12086175776545964
CGAAAC,-0.213540062959095
CGAAAG,-0.246281653158819
CGAATA,0.0029509427537345928
CGAATT,-0.3191640326086947
CGAATC,-0.5045081325197894
CGAATG,-0.23863272835667013
CGAACA,0.08187046395938115
CGAACT,0.08783306972279724
CGAACC,-0.413162973767672
CGAACG,-0.4014233377019995
CGAAGA,0.4482045601597542
CGAAGT,0.15524059819128397
CGAAGC,-0.015688874964859163
CGAAGG,0.2040004170398669
CGATAA,0.5025234600529946
CGATAT,0.3860744155616644
CGATAC,0.19325178711689547
CGATAG,0.5254495402956632
CGATTA,-0.06308198144640292
CGATTT,0.05531138115969764
CGATTC,-0.4090366706350225
CGATTG,-0.19192112693123167
CGATCA,-0.1516540593688971
CGATCT,0.06257707606590317
CGATCC,-0.12520639461379526
CGATCG,-0.14345751190270514
CGATGA,0.26293226494520466
CGATGT,0.2740028224023637
CGATGC,0.1480365445121436
CGATGG,0.09943100640123866
CGACAA,0.7111941697343609
CGACAT,0.493688422831349
CGACAC,0.19528298676158728
CGACAG,0.10063636312291473
CGACTA,0.3221633342886249
CGACTT,0.14535736811162817
CGACTC,0.035250949470799875
CGACTG,-0.2329560855353032
CGACCA,0.19330708396222465
CGACCT,0.0773817304718485
CGACCC,-0.21645456316341308
CGACCG,-0.2879262199556464
CGACGA,0.352883733146861
CGACGT,0.027274821801855677
CGACGC,0.05870295600863197
CGACGG,0.2636150463691436
CGAGAA,0.1379215317071385
CGAGAT,-0.11420242935559995
CGAGAC,-0.31032585386617345
CGAGAG,-0.11913784987121467
CGAGTA,-0.24082563299886683
CGAGTT,-0.09257111420720682
CGAGTC,-0.3542217949776528
CGAGTG,-0.2584170275983933
CGAGCA,0.10150424444605116
CGAGCT,-0.1013689309502673
CGAGCC,-0.6851587575411134
CGAGCG,-0.2646825301191025
CGAGGA,0.07159365318700882
CGAGGT,-0.025554918135121826
CGAGGC,-0.21889580916573512
CGAGGG,-0.24332010025145473
CGTAAA,0.00607714178057643
CGTAAT,-0.044458809265757696
CGTAAC,-0.08845021006859304
CGTAAG,-0.21442963887925817
CGTATA,-0.6666880182101331
CGTATT,0.19005306292472754
CGTATC,-0.1921299278924746
CGTATG,-0.45728436361959013
CGTACA,-0.052562330090855564
CGTACT,0.18527281973203855
CGTACC,0.03566216109403897
CGTACG,-1.0244847055950275
CGTAGA,0.14733856565197276
CGTAGT,0.36071727496927586
CGTAGC,0.261214167830683
CGTAGG,-0.07746455606823728
CGTTAA,0.35786861761075645
CGTTAT,0.18831063714159593
CGTTAC,0.1629385862247361
CGTTAG,0.19600166069803468
CGTTTA,-0.08817419967454326
CGTTTT,0.08099741162437205
CGTTTC,-0.15174814131560063
CGTTTG,-0.014067257211435478
CGTTCA,-0.13151969740646585
CGTTCT,-0.1690015521575895
CGTTCC,-0.19970172286362878
CGTTCG,-0.3921334683074651
CGTTGA,0.29002331975508666
CGTTGT,0.1865267287861931
CGTTGC,0.16492550863908575
CGTTGG,-0.09594719012419864
CGTCAA,0.2370524619919685
CGTCAT,0.33501015375308946
CGTCAC,0.34932678062177075
CGTCAG,0.24188291428905942
CGTCTA,-0.11541617064611731
CGTCTT,0.14150111116163663
CGTCTC,0.03882544244583203
CGTCTG,0.14408280026799958
CGTCCA,-0.039487771507118505
CGTCCT,-0.1720783554010176
CGTCCC,-0.0028883865758693376
CGTCCG,-0.2668827332963423
CGTCGA,0.1235689727234274
CGTCGT,0.22694130372596782
CGTCGC,0.2227057335853278
CGTCGG,0.12516728632285495
CGTGAA,0.08886577532133777
CGTGAT,-0.07117156636556685
CGTGAC,0.07308844035168864
CGTGAG,-0.010786684400665112
CGTGTA,-0.44158083138086857
CGTGTT,-0.030550860158739396
CGTGTC,-0.17409572683456684
CGTGTG,-0.4287041909142661
CGTGCA,-0.37570100620171054
CGTGCT,-0.018935717975030405
CGTGCC,-0.2671993358849324
CGTGCG,-0.2738508004048085
CGTGGA,0.014973753913454063
CGTGGT,0.1285142593474681
CGTGGC,-0.1453055352600092
CGTGGG,-0.07290188798366679
CGCAAA,0.09312521717189402
CGCAAT,0.05125975028543928
CGCAAC,-0.05819173572078896
CGCAAG,-0.21676813125729347
CGCATA,-0.24979498603816655
CGCATT,0.015644121699567852
CGCATC,0.10963371158043902
CGCATG,-0.4163064589400902
CGCACA,-0.1739725807022532
CGCACT,-0.14581860835740637
CGCACC,-0.2604783916926633
CGCACG,-0.31036226813456363
CGCAGA,-0.17070876474314234
CGCAGT,-0.19545861773038053
CGCAGC,-0.25390151594676924
CGCAGG,0.1629646616201536
CGCTAA,0.5292423505522218
CGCTAT,0.5811384714092125
CGCTAC,0.5310042082500409
CGCTAG,-1.1010483434659908
CGCTTA,-0.14725959807203653
CGCTTT,0.3173297675330656
CGCTTC,0.20214962104598425
CGCTTG,-0.38491876998419833
CGCTCA,0.15497541394695044
CGCTCT,0.1054642662415165
CGCTCC,-0.2684645012496305
CGCTCG,-0.30879519324263666
CGCTGA,0.008059469755009093
CGCTGT,0.03547398425126284
CGCTGC,-0.12529197217265095
CGCTGG,0.3987150328457996
CGCCAA,0.129207749645137
CGCCAT,0.2897903411879427
CGCCAC,0.19153731148509356
CGCCAG,0.5188415447848145
CGCCTA,-0.12730248627868493
CGCCTT,0.26014816319141787
CGCCTC,0.07777545071891886
CGCCTG,0.2958946746567248
CGCCCA,0.2952350450397308
CGCCCT,0.13910930159946325
CGCCCC,-0.03109505078781688
CGCCCG,0.03276444243441567
CGCCGA,0.27357578823629075
CGCCGT,0.27083138209992524
CGCCGC,0.25169910878776147
CGCCGG,0.18229050137555802
CGCGAA,-0.2115398913048636
CGCGAT,-0.09673342052014013
CGCGAC,0.002568616738337094
CGCGAG,-0.3537370348857547
CGCGTA,-0.319389484344983
CGCGTT,-0.18706408913004552
CGCGTC,-0.16516933660596883
CGCGTG,-0.41247047303677725
CGCGCA,-0.19607166464828624
CGCGCT,-0.02261065858766087
CGCGCC,-0.009848432398142298
CGCGCG,-0.5675240964816504
CGCGGA,-0.4517993407834648
CGCGGT,-0.42539614805519427
CGCGGC,-0.344548324715744
CGCGGG,-0.29593796993172733
CGGAAA,0.20216434771893443
CGGAAT,0.017614546700982305
CGGAAC,-0.044678415723227255
CGGAAG,0.49068505507977767
CGGATA,0.18693102701605294
CGGATT,-0.14821288001397015
CGGATC,-0.4218181209447712
CGGATG,-0.026625509721318413
CGGACA,0.08941086576909875
CGGACT,-0.040788238676271515
CGGACC,-1.1036867116445537
CGGACG,-0.18784445832794314
CGGAGA,0.34502873930433364
CGGAGT,0.019705071079332556
CGGAGC,-0.3842192287693417
CGGAGG,0.0061440022310007055
CGGTAA,0.5296031356469251
CGGTAT,0.33285011245724494
CGGTAC,0.21822988645193214
CGGTAG,0.49432315268638266
CGGTTA,-0.12492819710794252
CGGTTT,-0.05950201725623271
CGGTTC,-0.42454125516897834
CGGTTG,-0.22006188477680164
CGGTCA,0.05659958398909056
CGGTCT,-0.1232741291837192
CGGTCC,-1.1105672683327972
CGGTCG,-0.32651913935943805
CGGTGA,0.37740580828449893
CGGTGT,0.009756174945364656
CGGTGC,-0.19252765559176666
CGGTGG,-0.036400625157339134
CGGCAA,0.7068619611329883
CGGCAT,0.35606910028293637
CGGCAC,0.1575121653242582
CGGCAG,0.11137647604874107
CGGCTA,0.09554550160797583
CGGCTT,-0.016656515697736022
CGGCTC,-0.3873934379812146
CGGCTG,-0.3784484996106085
CGGCCA,-0.3686204570901091
CGGCCT,-0.16912357674257975
CGGCCC,-0.4053451968423573
CGGCCG,-1.891604804197771
CGGCGA,0.43719183365714176
CGGCGT,0.3345708827322232
CGGCGC,0.008619050287935979
CGGCGG,0.22767080961268285
CGGGAA,0.3560159653316895
CGGGAT,0.10801744183058312
CGGGAC,-0.378159657417897
CGGGAG,0.11394425934921769
CGGGTA,0.2738147064113738
CGGGTT,0.1029687422143559
CGGGTC,-0.133763352619286
CGGGTG,-0.0358659131884967
CGGGCA,0.24631839200052105
CGGGCT,0.00671171968568772
CGGGCC,-0.40832108720160615
CGGGCG,0.1724496837736647
CGGGGA,0.26450770832823184
CGGGGT,-0.14211309483089707
CGGGGC,-0.23653761195100442
CGGGGG,-0.20316909717610684
GAAAAA,0.16769356112082734
GAAAAT,0.15413493439933665
GAAAAC,0.006481181796906921
GAAAAG,-0.09608208258290662
GAAATA,0.1538576239180865
GAAATT,0.1111927962750149
GAAATC,0.10704543602274579
GAAATG,0.016221078780161137
GAAACA,-0.21991687467762996
GAAACT,-0.0808061913775262
GAAACC,-0.03230350833709302
GAAACG,-0.1083090181470094
GAAAGA,0.02661364851809012
GAAAGT,-0.08515780834030683
GAAAGC,-0.0421504169123386
GAAAGG,-0.3129047672172999
GAATAA,0.11830514995631403
GAATAT,0.4612394108508139
GAATAC,0.2657722909533699
GAATAG,0.15489915387853784
GAATTA,-0.28742878422651996
GAATTT,0.045623438390085834
GAATTC,-0.4443418437312525
GAATTG,-0.5135587275381642
GAATCA,-0.4395390185607114
GAATCT,-0.3789444475001099
GAATCC,-0.3040237210081366
GAATCG,-0.42751324532992685
GAATGA,-0.19108224152905223
GAATGT,-0.0021686102291262736
GAATGC,-0.04313249641042368
GAATGG,-0.1265852811410736
GAACAA,0.14378994439149806
GAACAT,0.21708088538836154
GAACAC,0.0181193732306652
GAACAG,0.270364092371796
GAACTA,-0.4473760037238012
GAACTT,-0.1993366617999375
GAACTC,0.11357411419521514
GAACTG,0.27457795908659893
GAACCA,-0.5162058611391349
GAACCT,-0.3301832319247098
GAACCC,-0.35291590029727493
GAACCG,-0.3722120060123139
GAACGA,-0.44714313299669417
GAACGT,-0.07943616403669687
GAACGC,-0.2584875751006359
GAACGG,-0.2519078340766079
GAAGAA,0.544828899667384
GAAGAT,0.5235593309461473
GAAGAC,0.23483257995425416
GAAGAG,0.9977957036036482
GAAGTA,0.15764452914541252
GAAGTT,0.15591181849222857
GAAGTC,0.35702643779120885
GAAGTG,0.6175035713159315
GAAGCA,-0.1535870473670011
GAAGCT,-0.041291468078311425
GAAGCC,0.12872470461633062
GAAGCG,0.2257669241423682
GAAGGA,-0.13997822873914673
GAAGGT,0.3262579142142413
GAAGGC,0.24228041667250114
GAAGGG,0.3805230100802112
GATAAA,0.42107763549694
GATAAT,0.3002241648162199
GATAAC,0.3168768775308326
GATAAG,0.18643159067110857
GATATA,-0.48242614924429256
GATATT,0.40389154366073393
GATATC,0.4103744156991455
GATATG,-0.08908517081848052
GATACA,-0.43061939153543516
GATACT,-0.06816877722526217
GATACC,0.22275153280591603
GATACG,-0.09616677204743647
GATAGA,0.23118159239997169
GATAGT,0.5742793293585388
GATAGC,0.626299320721674
GATAGG,-0.14924246581737025
GATTAA,0.011592912918991479
GATTAT,0.09774888367462206
GATTAC,0.07809874391213055
GATTAG,-0.3533360426732178
GATTTA,-0.21229353529014397
GATTTT,0.10960512989799227
GATTTC,0.0008278409744599385
GATTTG,-0.2520163710394595
GATTCA,-0.3184718946081048
GATTCT,-0.2035061496622318
GATTCC,-0.40076442200190354
GATTCG,-0.3559574308705296
GATTGA,0.027279010915187973
GATTGT,0.07992194201914171
GATTGC,0.09528865923245074
GATTGG,-0.379903627092887
GATCAA,-0.22396795366922764
GATCAT,-0.3283485181040168
GATCAC,-0.2564737131959992
GATCAG,-0.48133064630324424
GATCTA,-0.919051893315483
GATCTT,-0.06588459752873199
GATCTC,0.14742897093118845
GATCTG,-0.24757278983035497
GATCCA,-0.5308896548017324
GATCCT,-0.20100164908438625
GATCCC,-0.09889963963134872
GATCCG,-0.5025848032131999
GATCGA,-0.0797638701706208
GATCGT,0.08524369501289525
GATCGC,-0.1209466925750712
GATCGG,-0.19794035417999564
GATGAA,0.26991032820883715
GATGAT,0.125586244293087
GATGAC,0.27654095791179406
GATGAG,0.331967873691224
GATGTA,-0.05227168884299813
GATGTT,0.22762124183276486
GATGTC,0.3419290389978078
GATGTG,0.25389249948303483
GATGCA,-0.1313272607641407
GATGCT,0.165935429014368
GATGCC,0.24726402631757244
GATGCG,0.08021325427580875
GATGGA,-0.053001700451251625
GATGGT,0.109934328205203
GATGGC,0.011634419457226857
GATGGG,-0.06748767420502573
GACAAA,0.4361308401819478
GACAAT,0.453667209926042
GACAAC,0.32675218786462973
GACAAG,-0.08201505820036112
GACATA,-0.03123465425643629
GACATT,0.3413247554010975
GACATC,0.3268627746373445
GACATG,0.06446797688866182
GACACA,-0.21817253859218927
GACACT,-0.06453852113757118
GACACC,-0.0598053509216654
GACACG,-0.17152906351193162
GACAGA,-0.314257611887439
GACAGT,-0.02330705414861797
GACAGC,-0.16126814759612226
GACAGG,-0.11396623712968253
GACTAA,0.06861700228500693
GACTAT,0.5223420658275498
GACTAC,0.3692300366672731
GACTAG,-1.5219718866528245
GACTTA,-0.32573189961855475
GACTTT,0.25223922552198214
GACTTC,0.1977525038244979
GACTTG,-0.7556428000677162
GACTCA,-0.02512209411733774
GACTCT,0.012685159527315642
GACTCC,0.12250862333377227
GACTCG,-0.26604822403865847
GACTGA,-0.4854208932730626
GACTGT,-0.42481687876911445
GACTGC,-0.4689614196672918
GACTGG,0.04157606372177767
GACCAA,-0.2124289146128955
GACCAT,-0.027788978928829606
GACCAC,0.03784091237826883
GACCAG,-0.0351778836593758
GACCTA,-0.5137186312431204
GACCTT,-0.06223608902407171
GACCTC,-0.07816329277009279
GACCTG,-0.10756913014863623
GACCCA,-0.33660573905783076
GACCCT,-0.46460446456796495
GACCCC,-0.4127150663849748
GACCCG,-0.2004306081944957
GACCGA,-0.19539825841928915
GACCGT,-0.15952333167295768
GACCGC,-0.3767474294260713
GACCGG,-0.11989642203755982
GACGAA,0.17196398965980414
GACGAT,0.43663907541295915
GACGAC,0.2968118663933621
GACGAG,0.04559430392796212
GACGTA,-0.21578419778919325
GACGTT,0.27397713248398176
GACGTC,-0.03050345429341474
GACGTG,-0.12153309455772178
GACGCA,-0.05844159732701264
GACGCT,0.32398009048819026
GACGCC,0.2412798216406714
GACGCG,-0.17879599282991576
GACGGA,0.04725288485054551
GACGGT,0.2999424097199483
GACGGC,0.1669673115685559
GACGGG,0.14293976116609822
GAGAAA,0.37857120743554173
GAGAAT,0.1799892533486395
GAGAAC,-0.04637616179015074
GAGAAG,0.33680608928400674
GAGATA,0.1926995466477662
GAGATT,0.12013351159797774
GAGATC,0.0702167120509161
GAGATG,0.16922898548563364
GAGACA,-0.034798904545109616
GAGACT,-0.130068813169499
GAGACC,-0.2568791632967357
GAGACG,0.04055682458897145
GAGAGA,0.2993683490212362
GAGAGT,0.35879883854243644
GAGAGC,0.23594975269348617
GAGAGG,0.0736209789214195
GAGTAA,0.2818405813723342
GAGTAT,0.12015191065512862
GAGTAC,0.008269391482506766
GAGTAG,0.18835369965511287
GAGTTA,-0.10836803672178152
GAGTTT,0.23863509634431856
GAGTTC,0.07573003252558999
GAGTTG,0.14578001470072163
GAGTCA,-0.1723886676491442
GAGTCT,0.0045558165358608824
GAGTCC,-0.13411945497607697
GAGTCG,-0.02760727440429385
GAGTGA,0.09713916060741902
GAGTGT,-0.05116828657439937
GAGTGC,-0.2537805207760996
GAGTGG,0.1458957600788263
GAGCAA,0.31969395135059847
GAGCAT,0.08553099181919543
GAGCAC,-0.03672199795594648
GAGCAG,0.2958295112807502
GAGCTA,-0.04049824269632337
GAGCTT,-0.24830476340810997
GAGCTC,-0.561737088509123
GAGCTG,0.18570137657241007
GAGCCA,-0.5865354358533656
GAGCCT,-0.4330772658167462
GAGCCC,-0.8031809699700958
GAGCCG,-0.3924828139174574
GAGCGA,-0.046447169158808865
GAGCGT,0.1638049760716228
GAGCGC,-0.15930725585173042
GAGCGG,-0.17102981335852152
GAGGAA,0.2578743591946389
GAGGAT,0.14778173682208404
GAGGAC,-0.4679998436481919
GAGGAG,0.3790108978807955
GAGGTA,-0.07974489658283579
GAGGTT,-0.11076188889132088
GAGGTC,-0.14743741865349808
GAGGTG,0.34734190885811683
GAGGCA,-0.3737120827467287
GAGGCT,-0.3839125497224301
GAGGCC,-0.3302816860705982
GAGGCG,0.05676394359044116
GAGGGA,-0.08705845686063958
GAGGGT,-0.1685913639820527
GAGGGC,-0.13092278273751243
GAGGGG,0.2650866429021333
GTAAAA,0.20029511301152064
GTAAAT,0.06585907414020446
GTAAAC,0.09579534193885154
GTAAAG,0.14875513980366034
GTAATA,0.2092779435088628
GTAATT,-0.12399024736718041
GTAATC,0.018824491626712448
GTAATG,0.35218301636387933
GTAACA,-0.24130279286665948
GTAACT,-0.24923029436137675
GTAACC,-0.2768148543200427
GTAACG,0.16715531076440288
GTAAGA,-0.3202743040902883
GTAAGT,-0.09510212820677846
GTAAGC,-0.07201053597627216
GTAAGG,-0.12248078196427972
GTATAA,-0.401309257970992
GTATAT,-0.7306515760183996
GTATAC,-0.6160531030519355
GTATAG,-0.04047410792777457
GTATTA,0.14063165661027419
GTATTT,0.0030274539344776062
GTATTC,0.2884326219964769
GTATTG,0.4463792218307325
GTATCA,-0.22034328163264166
GTATCT,-0.28866942680229996
GTATCC,0.03219086287748887
GTATCG,0.12597818637107594
GTATGA,-0.36761345254379413
GTATGT,-0.29229718603883553
GTATGC,-0.15696745512113314
GTATGG,-0.23277306429293204
GTACAA,-0.09431250762313514
GTACAT,-0.12816888568850623
GTACAC,-0.150098729682141
GTACAG,0.06693870567463432
GTACTA,-0.1488913379889996
GTACTT,-0.15151932036029292
GTACTC,0.07761060270492397
GTACTG,0.3473843778712467
GTACCA,-0.33229759149070087
GTACCT,-0.2863360835270291
GTACCC,-0.3154967606346581
GTACCG,0.17797841830214256
GTACGA,-0.3586455567513973
GTACGT,-0.3007360324414687
GTACGC,-0.1616827479114167
GTACGG,-0.20152629155500118
GTAGAA,0.3849992775158733
GTAGAT,-0.017835900458619627
GTAGAC,0.07366621394891121
GTAGAG,0.6999628070950054
GTAGTA,0.3691751067029638
GTAGTT,0.17904037262490136
GTAGTC,0.46599560784819666
GTAGTG,0.6365823539486916
GTAGCA,-0.09231896426313482
GTAGCT,0.15159432240444123
GTAGCC,0.20602493281280865
GTAGCG,0.5513841781326796
GTAGGA,-0.5746466744684389
GTAGGT,0.016972489575233247
GTAGGC,-0.17908503237771126
GTAGGG,0.29587154318198045
GTTAAA,-0.03046153306339984
GTTAAT,0.1994368890132227
GTTAAC,0.26150230625689935
GTTAAG,0.18938872401704704
GTTATA,-0.27711761500837834
GTTATT,0.08146727883564553
GTTATC,0.3601074415880567
GTTATG,-0.29376320120848926
GTTACA,-0.3674224826623139
GTTACT,-0.0599147527387839
GTTACC,-0.014322844351714277
GTTACG,-0.07490130817311771
GTTAGA,-0.3022390649789707
GTTAGT,0.06428698044953889
GTTAGC,0.27100375030805846
GTTAGG,-0.20860044125779506
GTTTAA,-0.1705488256368945
GTTTAT,0.024408487386144016
GTTTAC,0.03961475424034035
GTTTAG,-0.22041984539261308
GTTTTA,0.08339544680082486
GTTTTT,0.009226525622712454
GTTTTC,0.03687126106641976
GTTTTG,0.06309746529484281
GTTTCA,-0.23516809607465772
GTTTCT,-0.03544674899574757
GTTTCC,-0.018127384592556715
GTTTCG,-0.3049910809292543
GTTTGA,-0.0038228252323020593
GTTTGT,0.13125419466292568
GTTTGC,0.19903048090175132
GTTTGG,-0.3169466272290866
GTTCAA,-0.033027204504174436
GTTCAT,-0.04791288748496189
GTTCAC,-0.0922853741102715
GTTCAG,-0.11581343300322297
GTTCTA,-0.24263879840940178
GTTCTT,-0.07076907088820715
GTTCTC,0.02376501264122906
GTTCTG,-0.15158041523967414
GTTCCA,-0.10979217071420942
GTTCCT,-0.04780986804152137
GTTCCC,0.0694704492218036
GTTCCG,-0.07066842170086456
GTTCGA,-0.13798360621948325
GTTCGT,-0.24912534545296186
GTTCGC,-0.10245459065820019
GTTCGG,-0.23314045206181222
GTTGAA,0.18722401358557847
GTTGAT,0.2349956581865746
GTTGAC,0.1641695488546585
GTTGAG,0.40443894075285236
GTTGTA,0.045184233168781104
GTTGTT,0.3177003543407177
GTTGTC,0.34415794616600137
GTTGTG,0.09187716532053936
GTTGCA,0.09205461534455876
GTTGCT,0.31563479983662174
GTTGCC,0.39614646175829515
GTTGCG,0.01073957401256111
GTTGGA,-0.5247511997882007
GTTGGT,-0.0644136382151484
GTTGGC,-0.033344778903211775
GTTGGG,0.04790559975969785
GTCAAA,-0.09638863771419016
GTCAAT,0.2227983070504664
GTCAAC,0.1655487247796277
GTCAAG,-0.6649943295686801
GTCATA,0.00598115424677559
GTCATT,0.22572010610399348
GTCATC,0.26260835334274657
GTCATG,0.13750754100416213
GTCACA,-0.287293970542438
GTCACT,0.05507330266842337
GTCACC,0.2730808228639557
GTCACG,0.10027753267023526
GTCAGA,-0.21326543450349475
GTCAGT,0.029364323999963495
GTCAGC,0.03832815643131008
GTCAGG,0.2036273232882838
GTCTAA,-0.7929660538527834
GTCTAT,0.10238057075924156
GTCTAC,0.13929058945954884
GTCTAG,-2.642945863354951
GTCTTA,-0.4796163693681894
GTCTTT,0.2570821023424067
GTCTTC,0.1376996312605465
GTCTTG,-0.4287219702724316
GTCTCA,-0.3915938350919323
GTCTCT,0.15491805926426686
GTCTCC,0.18861871460227417
GTCTCG,-0.2817146459759165
GTCTGA,-0.2572069554603462
GTCTGT,-0.16465346217298293
GTCTGC,-0.0796255319471131
GTCTGG,0.2942422042719838
GTCCAA,-0.9803630426576504
GTCCAT,-0.20058931572682293
GTCCAC,-0.21868920096482958
GTCCAG,-0.048078060247130155
GTCCTA,-0.7703322109455261
GTCCTT,-0.3500179906418596
GTCCTC,-0.38023362981702596
GTCCTG,-0.1250981424664794
GTCCCA,-0.18734364718302227
GTCCCT,-0.17909214149195113
GTCCCC,-0.18941881866471622
GTCCCG,-0.320093799612066
GTCCGA,-0.748039389536008
GTCCGT,-0.4325910447519204
GTCCGC,-0.45027524456838264
GTCCGG,0.08188525923645984
GTCGAA,-0.10110794384277719
GTCGAT,0.4370203608623479
GTCGAC,0.04161488123563414
GTCGAG,0.28929954146596154
GTCGTA,0.009996030822126816
GTCGTT,0.06058373480185288
GTCGTC,0.38873541740210016
GTCGTG,0.17335525199847568
GTCGCA,-0.32299415389156283
GTCGCT,0.1819868847694118
GTCGCC,0.4923186443587718
GTCGCG,0.009992396747485682
GTCGGA,-0.3330538328680551
GTCGGT,0.12100583549442805
GTCGGC,0.17525717133807645
GTCGGG,0.1810553903952594
GTGAAA,0.21565631334243543
GTGAAT,0.04739236230260065
GTGAAC,-0.12512994628030968
GTGAAG,0.4714537112776984
GTGATA,0.09677971819916076
GTGATT,0.17991704254934252
GTGATC,-0.24237411959098873
GTGATG,0.34366834525308637
GTGACA,-0.1511133503401135
GTGACT,-0.0713492712587761
GTGACC,0.005552485114785719
GTGACG,0.3636082269245614
GTGAGA,-0.08045287995164142
GTGAGT,0.2822979738008734
GTGAGC,0.10622991892938072
GTGAGG,-0.18900415922832178
GTGTAA,-0.2546422183735808
GTGTAT,-0.31147510103906
GTGTAC,-0.20771412274934797
GTGTAG,0.31176633243312474
GTGTTA,0.05382860903788062
GTGTTT,-0.01546422569758159
GTGTTC,-0.03786032296501906
GTGTTG,0.3065513208005409
GTGTCA,-0.3554705152018503
GTGTCT,-0.17315041667484754
GTGTCC,-0.16836975067382995
GTGTCG,0.18007508601607664
GTGTGA,-0.2737163915898091
GTGTGT,-0.1814988500424911
GTGTGC,-0.24699476713638965
GTGTGG,-0.016583049498991677
GTGCAA,-0.26882899419118933
GTGCAT,-0.2113558543227997
GTGCAC,-1.0388165106620757
GTGCAG,0.018264505510567408
GTGCTA,-0.31752430132315435
GTGCTT,-0.32184457908674385
GTGCTC,-0.1758365634244129
GTGCTG,0.4142817462373375
GTGCCA,-0.46132431293695514
GTGCCT,-0.2690815794454066
GTGCCC,-0.2823649311741605
GTGCCG,0.1827085724245411
GTGCGA,-0.4141406391681198
GTGCGT,-0.10878747274780551
GTGCGC,-0.2284378228851989
GTGCGG,-0.1820254798117769
GTGGAA,0.23809647986036225
GTGGAT,0.220236135360704
GTGGAC,-0.14137638464260147
GTGGAG,0.22275482438997563
GTGGTA,0.1051114186332477
GTGGTT,0.048175170071002235
GTGGTC,0.03209413339349276
GTGGTG,0.5901808329844719
GTGGCA,-0.2894597435687675
GTGGCT,-0.28528193414888814
GTGGCC,-0.5628831048529715
GTGGCG,0.2366181562570401
GTGGGA,0.01927236250600147
GTGGGT,0.2079867537449863
GTGGGC,-0.11649357876004385
GTGGGG,0.08698008347207926
GCAAAA,0.3406006253067251
GCAAAT,0.19109004661390072
GCAAAC,0.232776601947212
GCAAAG,0.1028434873819612
GCAATA,0.4572531825760676
GCAATT,-0.026814295343817175
GCAATC,0.05048861956685395
GCAATG,0.338827184072716
GCAACA,0.459571744569623
GCAACT,0.2071056562189612
GCAACC,-0.08506526910570857
GCAACG,0.14374392334927868
GCAAGA,0.031468232739890856
GCAAGT,-0.32958722398798407
GCAAGC,-0.06151253862716111
GCAAGG,0.14874863053826357
GCATAA,-0.03971667978781162
GCATAT,-0.0952295118738168
GCATAC,-0.1233576740363094
GCATAG,0.0391478781730359
GCATTA,0.34959666035513626
GCATTT,-0.10494435008846222
GCATTC,-0.07223730393359774
GCATTG,0.23867449334508636
GCATCA,0.18055643287294876
GCATCT,0.013293801093062269
GCATCC,0.09510476684071953
GCATCG,0.1476577202784842
GCATGA,0.04654121128130784
GCATGT,-0.02725358596826931
GCATGC,-1.6362386628686971
GCATGG,0.01353124722286429
GCACAA,0.13974293114902908
GCACAT,0.04169705921155047
GCACAC,-0.3239572753753055
GCACAG,-0.22145594543834063
GCACTA,0.23267391616490382
GCACTT,0.05313096718648491
GCACTC,-0.24985217249120378
GCACTG,-0.2919239547300317
GCACCA,0.2301122206303031
GCACCT,-0.10537425182722096
GCACCC,-0.2584847820381686
GCACCG,-0.1423838463551724
GCACGA,-0.08820114512521852
GCACGT,-0.26226086788982567
GCACGC,-0.17928862552623745
GCACGG,-0.42559216244586595
GCAGAA,-0.03262494689175537
GCAGAT,-0.0774313070494945
GCAGAC,-0.09875822128680523
GCAGAG,-0.2685580609976219
GCAGTA,0.027732944003251703
GCAGTT,0.026739731698532228
GCAGTC,-0.5079833921632831
GCAGTG,-0.19402063732317568
GCAGCA,0.2193357294884815
GCAGCT,-0.5196430831512071
GCAGCC,-0.42065453406902886
GCAGCG,-0.10865505326634177
GCAGGA,0.3474451481793551
GCAGGT,0.13688720670868568
GCAGGC,0.1846098873119668
GCAGGG,0.21517049466469804
GCTAAA,0.242717129954168
GCTAAT,0.20781053089537865
GCTAAC,0.3108088025317992
GCTAAG,-0.06681242392614949
GCTATA,0.0682550106821264
GCTATT,0.4260622149575167
GCTATC,0.6641946154470002
GCTATG,0.05945081435374833
GCTACA,0.2715259837465081
GCTACT,0.29828732136025304
GCTACC,0.255167997596896
GCTACG,0.24157891889368716
GCTAGA,-1.9153315219498193
GCTAGT,-1.0181250377554232
GCTAGC,-1.1554287637117706
GCTAGG,-1.5900050280953226
GCTTAA,0.02820575115805462
GCTTAT,-0.08739522381688122
GCTTAC,-0.08887928947403448
GCTTAG,-0.5211566894419571
GCTTTA,0.20347626338169042
GCTTTT,0.008747979910022777
GCTTTC,0.12571114447472417
GCTTTG,0.14977806972784438
GCTTCA,0.02288341367625101
GCTTCT,-0.009621240784230429
GCTTCC,0.1631736475831969
GCTTCG,-0.06022337877650793
GCTTGA,-0.1798950507036902
GCTTGT,-0.3160852644386881
GCTTGC,-0.13352014143611574
GCTTGG,-0.885110038947009
GCTCAA,0.3363647155200932
GCTCAT,0.19909095115804668
GCTCAC,0.033185173987599396
GCTCAG,-0.17686004676843264
GCTCTA,0.17998851403258817
GCTCTT,0.23391951765870145
GCTCTC,0.25418405102030894
GCTCTG,-0.4357028919035022
GCTCCA,0.042186042900977425
GCTCCT,-0.1277611667371181
GCTCCC,-0.17012314078058413
GCTCCG,-0.3786076539382818
GCTCGA,-0.2112564329862921
GCTCGT,-0.433216546612916
GCTCGC,-0.09613802077878476
GCTCGG,-0.2901942517087115
GCTGAA,-0.06271404516817065
GCTGAT,-0.09177083497152531
GCTGAC,0.03847732756100099
GCTGAG,-0.5220012608099847
GCTGTA,-0.09282493466060676
GCTGTT,0.18135994713334722
GCTGTC,-0.13394350094775526
GCTGTG,-0.31394385125438623
GCTGCA,-0.35587901684754486
GCTGCT,0.05362852856747367
GCTGCC,-0.20930522506554156
GCTGCG,-0.2899820570372226
GCTGGA,0.46529629107566883
GCTGGT,0.19125314552741496
GCTGGC,0.28121802338373547
GCTGGG,0.038255300049420626
GCCAAA,-0.1309896400653062
GCCAAT,-0.032355940556052024
GCCAAC,-0.04740282492347923
GCCAAG,-0.6481534030450855
GCCATA,-0.15590199375999336
GCCATT,0.16694116049162722
GCCATC,0.02796792460608157
GCCATG,-0.1500343889623768
GCCACA,-0.178614728623601
GCCACT,-0.046550521575927296
GCCACC,-0.09232886811325658
GCCACG,-0.1638885649892955
GCCAGA,0.09846609787538874
GCCAGT,0.2916880086675596
GCCAGC,0.2518903998579072
GCCAGG,0.026281458162581168
GCCTAA,-0.25902145674161176
GCCTAT,-0.1834966450607812
GCCTAC,-0.15343613888938953
GCCTAG,-1.977453710500649
GCCTTA,-0.3947231451321798
GCCTTT,0.16780402845253303
GCCTTC,0.2627335820515084
GCCTTG,-0.38596731239489684
GCCTCA,-0.4806666414524139
GCCTCT,0.04785310334809176
GCCTCC,-0.07348750445630434
GCCTCG,-0.2619645842063751
GCCTGA,-0.010918811078711203
GCCTGT,0.22763390461583596
GCCTGC,0.21089434797800763
GCCTGG,0.02686677682176965
GCCCAA,-0.3277281427519838
GCCCAT,0.02691116653347464
GCCCAC,-0.027131467257778676
GCCCAG,0.12667065579204612
GCCCTA,-0.48628977854798955
GCCCTT,-0.11328087387528078
GCCCTC,-0.20761441436718522
GCCCTG,0.055662632132126175
GCCCCA,0.0015352142719736491
GCCCCT,0.05209240652774459
GCCCCC,-0.14326343204847805
GCCCCG,-0.2271044813019622
GCCCGA,-0.37238816272972447
GCCCGT,-0.09139846763563633
GCCCGC,-0.051967979930509285
GCCCGG,0.1459215482514331
GCCGAA,-0.0768692601255549
GCCGAT,0.17378005095988275
GCCGAC,0.2230816107152243
GCCGAG,0.02233005553765519
GCCGTA,-0.048532033037384355
GCCGTT,0.10322068137618638
GCCGTC,0.15583069009544517
GCCGTG,-0.09383189188497344
GCCGCA,-0.11188441480529877
GCCGCT,0.08772502210685662
GCCGCC,0.2845484138621612
GCCGCG,-0.3692123539492511
GCCGGA,0.45544796277240407
GCCGGT,0.122030492835854
GCCGGC,-0.9428415922863845
GCCGGG,0.38352595747412155
GCGAAA,0.020745883778094963
GCGAAT,-0.021923163805078773
GCGAAC,-0.07996407792786309
GCGAAG,0.2901596660823524
GCGATA,0.4200505991270571
GCGATT,0.026639879421807993
GCGATC,-0.12765879731262225
GCGATG,0.2660647966925565
GCGACA,0.35847042307936733
GCGACT,-0.06825418005214762
GCGACC,-0.047294784050185806
GCGACG,0.19802701802919653
GCGAGA,-0.0021413284413432264
GCGAGT,-0.0060626659258481985
GCGAGC,-0.11192963897387517
GCGAGG,0.026317308317373358
GCGTAA,0.16946012403793592
GCGTAT,-0.044855660188279925
GCGTAC,-0.11220009573381647
GCGTAG,0.2883520076149352
GCGTTA,0.19008575933042948
GCGTTT,0.10273028942880559
GCGTTC,-0.2596920329717971
GCGTTG,0.08497328096053323
GCGTCA,0.290480081677551
GCGTCT,0.10988870943455965
GCGTCC,-0.22073100490882583
GCGTCG,0.12076958760123149
GCGTGA,0.1641695488546585
GCGTGT,-0.11146562002660995
GCGTGC,-0.15454642734551002
GCGTGG,0.04141024905534006
GCGCAA,0.14924576770038142
GCGCAT,0.04206752878596779
GCGCAC,-0.2081979835561547
GCGCAG,0.036919156647836855
GCGCTA,0.3377771629023979
GCGCTT,0.07177238159098003
GCGCTC,-0.11518868001011871
GCGCTG,0.1223095193673443
GCGCCA,0.1853834556803322
GCGCCT,0.03849123808848841
GCGCCC,-0.19761618180905988
GCGCCG,-0.0008981844448060059
GCGCGA,-0.12283078038065047
GCGCGT,-0.19295014294883145
GCGCGC,-0.2898233627738208
GCGCGG,-0.2020645733482611
GCGGAA,0.17586563078782497
GCGGAT,-0.023828577712732765
GCGGAC,-0.44217218407347975
GCGGAG,-0.09420195753498409
GCGGTA,0.28478305286626465
GCGGTT,-0.3208324214772674
GCGGTC,-0.5028518443449815
GCGGTG,-0.06562358163181363
GCGGCA,0.2581214428567653
GCGGCT,-0.24575670358188265
GCGGCC,-0.727216266701826
GCGGCG,0.2262804933597607
GCGGGA,-0.0033130897229601266
GCGGGT,0.10393441783031146
GCGGGC,0.019750300505604813
GCGGGG,-0.17931243867241825
GGAAAA,0.31294744617551296
GGAAAT,0.34320702327940256
GGAAAC,0.0439300001301224
GGAAAG,-0.027492606748480145
GGAATA,0.4232904766887608
GGAATT,-0.09002023867902705
GGAATC,-0.417546033978819
GGAATG,-0.020307756309096238
GGAACA,0.32224122391203264
GGAACT,0.1264827835232707
GGAACC,-0.3547083054900797
GGAACG,-0.19219500038516824
GGAAGA,0.842359578746621
GGAAGT,0.6038297352347529
GGAAGC,0.2384569729303045
GGAAGG,0.38084159208026636
GGATAA,0.4166843511666477
GGATAT,0.2641169828131991
GGATAC,0.008812394301363354
GGATAG,0.3262138033416453
GGATTA,0.07403621812649631
GGATTT,0.02017535090449051
GGATTC,-0.2832906917369899
GGATTG,-0.1463574666874058
GGATCA,-0.3006118204601986
GGATCT,-0.045105290075819635
GGATCC,-1.416260440043687
GGATCG,-0.07263025658295442
GGATGA,0.20245839099624477
GGATGT,0.19005821397719488
GGATGC,0.07710920025929742
GGATGG,-0.13489592307664394
GGACAA,0.24532933522255743
GGACAT,0.14569295766379817
GGACAC,-0.29576894350770894
GGACAG,-0.11750999811202514
GGACTA,-0.05737711258330248
GGACTT,-0.11852972226938456
GGACTC,-0.006899222460271821
GGACTG,-0.18850913042287565
GGACCA,-1.0547832724286341
GGACCT,-1.0285815343687383
GGACCC,-1.0466977797862842
GGACCG,-1.108929255639042
GGACGA,0.028144112520584942
GGACGT,-0.1216969349775197
GGACGC,-0.2222500102795221
GGACGG,-0.18799954960706095
GGAGAA,0.4801737470961461
GGAGAT,0.36137726583819524
GGAGAC,0.2680973338153586
GGAGAG,0.699516628845425
GGAGTA,0.2518184082509586
GGAGTT,0.20536003582553725
GGAGTC,0.021838679226406206
GGAGTG,0.08058837947490399
GGAGCA,0.05000693674572431
GGAGCT,-0.10108966357228086
GGAGCC,-0.4828963502638879
GGAGCG,-0.24459128479162662
GGAGGA,0.16137028425061395
GGAGGT,0.03927997416843967
GGAGGC,-0.040985246500047944
GGAGGG,0.03557687456710743
GGTAAA,0.5206862474010316
GGTAAT,0.40929332189935697
GGTAAC,-0.050518615816489525
GGTAAG,0.19154428356272715
GGTATA,-0.16723435687469304
GGTATT,0.5206936862410866
GGTATC,0.21047398885098445
GGTATG,-0.12396848671261904
GGTACA,-0.08679083270866784
GGTACT,0.22533894187764542
GGTACC,-0.5661609663694215
GGTACG,0.02905333716937754
GGTAGA,0.5292714695567422
GGTAGT,0.4862386022215966
GGTAGC,0.2795329391172638
GGTAGG,-0.018333119316819732
GGTTAA,0.19378380138190773
GGTTAT,0.08814838677670496
GGTTAC,-0.3181264983362397
GGTTAG,-0.14276889822099767
GGTTTA,-0.24084247440185355
GGTTTT,0.0936064422818883
GGTTTC,-0.1286635693321022
GGTTTG,-0.24919822010282466
GGTTCA,-0.3898834904278055
GGTTCT,-0.3456338223111254
GGTTCC,-0.3197273462344437
GGTTCG,-0.4291215568593236
GGTTGA,0.06855953959127697
GGTTGT,0.03403022696376981
GGTTGC,-0.05203692026830194
GGTTGG,-0.33568440076544687
GGTCAA,0.008851318130710094
GGTCAT,0.19374736502158288
GGTCAC,-0.01966754692315245
GGTCAG,0.08131564140382334
GGTCTA,-0.5104000012866988
GGTCTT,-0.2684942642721951
GGTCTC,-0.21524922509238595
GGTCTG,-0.02407581512024656
GGTCCA,-0.903815043041346
GGTCCT,-1.146667320848249
GGTCCC,-1.1243109764894168
GGTCCG,-1.1165067785446603
GGTCGA,-0.008629326698054414
GGTCGT,0.07275574665518267
GGTCGC,-0.05199016690010284
GGTCGG,-0.13271436203120834
GGTGAA,0.38208046737415524
GGTGAT,0.47459608206736953
GGTGAC,0.3102655294210236
GGTGAG,0.2787174563121651
GGTGTA,0.17594194982991548
GGTGTT,0.32682198078905117
GGTGTC,0.05766700286714239
GGTGTG,0.010224233775859445
GGTGCA,-0.2017007132106621
GGTGCT,0.22203404271265187
GGTGCC,0.03384315751508084
GGTGCG,-0.21820430685402928
GGTGGA,0.23556075217797734
GGTGGT,0.3249176273490996
GGTGGC,-0.029606045592051624
GGTGGG,-0.07733382772012863
GGCAAA,0.5247161339698168
GGCAAT,0.6346811910317537
GGCAAC,0.36570356677676547
GGCAAG,0.2449898126866524
GGCATA,0.0992225851956714
GGCATT,0.3921984517917701
GGCATC,0.2696328850437539
GGCATG,-0.13585092265582502
GGCACA,-0.1344172630500922
GGCACT,-0.22402140939700094
GGCACC,0.025712363128489034
GGCACG,-0.2647307560665055
GGCAGA,-0.11392459132363562
GGCAGT,-0.06975924441485286
GGCAGC,-0.18372735037384968
GGCAGG,0.06406030963942688
GGCTAA,0.26537525848097515
GGCTAT,0.44001375086798467
GGCTAC,0.2315018089284109
GGCTAG,-1.4511724984943821
GGCTTA,-0.08579536016298633
GGCTTT,0.19281381425166133
GGCTTC,0.081312637476188
GGCTTG,-0.4858076209106142
GGCTCA,-0.3686144033650284
GGCTCT,-0.5954579353987703
GGCTCC,-0.421286528953836
GGCTCG,-0.669110602731704
GGCTGA,-0.37202433767427284
GGCTGT,-0.2908670990319712
GGCTGC,-0.51019127626869
GGCTGG,0.0227055180807897
GGCCAA,-0.4309563114632324
GGCCAT,-0.3210206384556337
GGCCAC,-0.5536144560263723
GGCCAG,-0.2636659363696743
GGCCTA,-0.6859529049259181
GGCCTT,-0.33967445494456033
GGCCTC,-0.2797768929446677
GGCCTG,-0.02508805186264357
GGCCCA,-0.6090892456059872
GGCCCT,-0.8425651290243134
GGCCCC,-0.5247908128875418
GGCCCG,-0.5232778919461923
GGCCGA,-0.5144244532965626
GGCCGT,-0.5392119947535619
GGCCGC,-0.7412298809573866
GGCCGG,-0.7279284949436378
GGCGAA,0.46779778286075974
GGCGAT,0.6421860799328359
GGCGAC,0.4605923533282349
GGCGAG,0.3516412994843772
GGCGTA,0.27846360960229855
GGCGTT,0.3497786906381966
GGCGTC,0.31379410197975693
GGCGTG,0.28874930841220353
GGCGCA,0.24621033436413517
GGCGCT,0.2774674790420626
GGCGCC,-0.42026888856928857
GGCGCG,-0.006602827474114085
GGCGGA,0.25078436504803364
GGCGGT,0.21312409671089116
GGCGGC,0.2768941848222753
GGCGGG,0.17528397390454475
GGGAAA,0.3005930499186859
GGGAAT,0.1764408774983995
GGGAAC,0.04938959472836692
GGGAAG,0.42151009829151087
GGGATA,0.21859087738183894
GGGATT,0.14642787884573363
GGGATC,-0.07307223928018987
GGGATG,0.1558203133683686
GGGACA,-0.024537248650029462
GGGACT,-0.08388148398070212
GGGACC,-1.207445030036685
GGGACG,-0.1357338019549716
GGGAGA,0.5599121281361392
GGGAGT,0.11424156870178673
GGGAGC,-0.2837241462350961
GGGAGG,-0.09484025498364705
GGGTAA,0.4851865822421572
GGGTAT,0.2840142664012357
GGGTAC,-0.3758740709148451
GGGTAG,0.19007568038710593
GGGTTA,0.22357270517245217
GGGTTT,-0.14439704621778057
GGGTTC,-0.3280202290110927
GGGTTG,-0.05540208312168377
GGGTCA,-0.1308080223438467
GGGTCT,-0.2985410142978035
GGGTCC,-1.0548538883596996
GGGTCG,-0.1072634658039125
GGGTGA,0.43983537317419386
GGGTGT,0.0460439385014068
GGGTGC,-0.3210103551470547
GGGTGG,-0.11151544818282236
GGGCAA,0.5202374579483373
GGGCAT,0.27580265515605523
GGGCAC,-0.37859570943245563
GGGCAG,-0.050595787284872164
GGGCTA,0.30303105580059586
GGGCTT,0.06755381525933088
GGGCTC,-0.7567597504888982
GGGCTG,-0.042808339703003295
GGGCCA,-0.3482645259745495
GGGCCT,-0.6489759622468079
GGGCCC,-1.5841201044498106
GGGCCG,-0.39604486628357666
GGGCGA,0.5245739069930013
GGGCGT,0.3323486183016522
GGGCGC,-0.15469638243288772
GGGCGG,0.06851205701980677
GGGGAA,0.46731665942491024
GGGGAT,0.4453260261488689
GGGGAC,-0.14167125083107884
GGGGAG,0.39132315435140935
GGGGTA,-0.0408749732493078
GGGGTT,-0.17190884323896063
GGGGTC,-0.43614056205119206
GGGGTG,-0.14228330524613575
GGGGCA,0.051907262173529464
GGGGCT,0.11536712515088435
GGGGCC,-0.6289789612225694
GGGGCG,-0.03803397062186788
GGGGGA,0.30559449476030753
GGGGGT,-0.17838299321502626
GGGGGC,-0.031215019347924526
GGGGGG,-0.27901788599120236
