Item,Count obs
AAAAAA,-0.3031030954465947
AAAAAT,0.10738904523838777
AAAAAC,0.04533620274562787
AAAAAG,0.01786192793992299
AAAATA,0.1418762005105509
AAAATT,-0.12723431500593513
AAAATC,0.1381975101719555
AAAATG,0.07161353251946137
AAAACA,-0.041232587833352624
AAAACT,-0.014095769800393414
AAAACC,0.02465298801520482
AAAACG,0.08446442746651439
AAAAGA,0.07535753701713375
AAAAGT,-0.0038787239394566142
AAAAGC,0.030901131333692128
AAAAGG,-0.18700645102917957
AAATAA,-0.06636739166692832
AAATAT,0.05694709414768898
AAATAC,0.08774596895684403
AAATAG,0.36699683278716405
AAATTA,0.006123612218442826
AAATTT,-0.18687494865339857
AAATTC,0.07542849174991115
AAATTG,0.034536051163411796
AAATCA,0.038776614111897784
AAATCT,-0.19401862521080804
AAATCC,0.125979802860562
AAATCG,0.12712649556197733
AAATGA,-0.1305050612519108
AAATGT,-0.1459061833435442
AAATGC,0.025470951250114244
AAATGG,-0.009000095102709842
AAACAA,-0.120583856188175
AAACAT,-0.05620587829644823
AAACAC,0.0020804021454367623
AAACAG,0.2429461786103894
AAACTA,-0.23538385385143168
AAACTT,-0.3269453306496346
AAACTC,0.28998854601284385
AAACTG,0.1330760537686627
AAACCA,-0.10044792612986055
AAACCT,-0.16374959442425865
AAACCC,-0.04569810267565653
AAACCG,0.023637464154335458
AAACGA,-0.2630945113233685
AAACGT,0.010962395164094984
AAACGC,0.09505529604814313
AAACGG,0.037848617549253144
AAAGAA,0.060841659256245066
AAAGAT,-0.08615770843361426
AAAGAC,-0.003934557160646205
AAAGAG,0.6259499251854284
AAAGTA,-0.1747064282667023
AAAGTT,-0.19294176281389389
AAAGTC,0.09495863870658462
AAAGTG,0.31581890744472035
AAAGCA,-0.18485938148448983
AAAGCT,-0.31373255068632366
AAAGCC,0.06365371214327555
AAAGCG,0.15824925560651926
AAAGGA,-0.4656268289893136
AAAGGT,-0.11723261965501984
AAAGGC,0.008154989129306164
AAAGGG,-0.1140115122369139
AATAAA,0.10353868968481221
AATAAT,0.05991763494845148
AATAAC,0.0998162091802839
AATAAG,-0.14018164439289144
AATATA,-0.34842955571137785
AATATT,0.434125537589144
AATATC,0.468392025351394
AATATG,0.192485563887618
AATACA,-0.16296763666779152
AATACT,0.12546387545471518
AATACC,0.4994710816630649
AATACG,0.1428093100393612
AATAGA,0.09774602998608675
AATAGT,0.2361016782076807
AATAGC,0.46243889114325754
AATAGG,-0.39089218380506846
AATTAA,-0.11291499019439678
AATTAT,-0.2908126653484817
AATTAC,-0.09341676719879322
AATTAG,-0.4121310826895841
AATTTA,-0.21242515698074704
AATTTT,-0.11783645303306874
AATTTC,0.05215530148065137
AATTTG,-0.03229521260939001
AATTCA,-0.2583032643408995
AATTCT,-0.2960073211977709
AATTCC,-0.06530896418040909
AATTCG,-0.2332455269722091
AATTGA,-0.26672200138236724
AATTGT,-0.11215399661895523
AATTGC,0.00598377622445471
AATTGG,-0.7408545075905453
AATCAA,-0.14602918832035644
AATCAT,-0.1497710945558876
AATCAC,0.13557922988140667
AATCAG,-0.10356737800236988
AATCTA,-0.5223457276895249
AATCTT,-0.20764709033554696
AATCTC,0.035842223202421815
AATCTG,-0.12321302753084441
AATCCA,-0.1723817477709538
AATCCT,-0.10732601834080896
AATCCC,0.2452955769877788
AATCCG,-0.12297400022335338
AATCGA,-0.20356489893377597
AATCGT,-0.1913779490674928
AATCGC,0.05973006899649935
AATCGG,-0.3405778557527459
AATGAA,-0.02750724301137974
AATGAT,-0.09139762376125715
AATGAC,0.25875064641812395
AATGAG,0.057650594883017034
AATGTA,-0.2589429149047105
AATGTT,0.08299116187220487
AATGTC,0.36960244370868156
AATGTG,0.11885599713271092
AATGCA,-0.17186265533718323
AATGCT,0.0789687859666
AATGCC,0.4572848568379609
AATGCG,0.015430005311199091
AATGGA,-0.13418236982085524
AATGGT,0.06579100584945677
AATGGC,0.21918315009811276
AATGGG,-0.013648761721801564
AACAAA,0.08427414900322087
AACAAT,0.17968544049501908
AACAAC,0.2957239575550024
AACAAG,-0.029899401699877922
AACATA,-0.09993258793481413
AACATT,0.0492314379869918
AACATC,0.26797700137244856
AACATG,0.12319277874397233
AACACA,-0.1297317680152214
AACACT,0.04873731144354028
AACACC,0.3068207980420725
AACACG,-0.05963760760137973
AACAGA,0.05408621480297837
AACAGT,0.03626309339730483
AACAGC,0.180935656284006
AACAGG,0.33619273311924724
AACTAA,-0.534881766620227
AACTAT,0.03330028900599918
AACTAC,0.03729627614430897
AACTAG,-1.6115977404875304
AACTTA,-0.4001300883931905
AACTTT,-0.17468165695776833
AACTTC,0.10383612511872996
AACTTG,-0.5462755739090295
AACTCA,0.1765448234119694
AACTCT,0.21389442129615335
AACTCC,0.2668270956387648
AACTCG,-0.10814261987420923
AACTGA,-0.14235800706332655
AACTGT,-0.1251999069840832
AACTGC,0.030479045933606872
AACTGG,0.4333581252880671
AACCAA,-0.4605277367271037
AACCAT,-0.24877709892118272
AACCAC,-0.020820003090071846
AACCAG,-0.0991246125034757
AACCTA,-0.4702206195905166
AACCTT,-0.18743665746072505
AACCTC,-0.13267632630478923
AACCTG,0.04453808946927001
AACCCA,-0.09146607469685862
AACCCT,-0.049573065642130536
AACCCC,-0.1348160281198025
AACCCG,0.012720564409380367
AACCGA,-0.2874121636057203
AACCGT,-0.03629000140520049
AACCGC,-0.2776077244000816
AACCGG,-0.002444174086469193
AACGAA,-0.21495848610697718
AACGAT,-0.004467617259716045
AACGAC,0.041866138707003675
AACGAG,-0.2417796266991068
AACGTA,-0.0393807899905049
AACGTT,0.09131949278341517
AACGTC,0.2644199473650653
AACGTG,0.07907083126830092
AACGCA,-0.16489269662388478
AACGCT,0.12173457236208929
AACGCC,0.33522217311062297
AACGCG,-0.1625377184653112
AACGGA,-0.19300874565108922
AACGGT,0.10856461964860935
AACGGC,0.11789514956423117
AACGGG,-0.031600661041814485
AAGAAA,0.11895403973921921
AAGAAT,-0.20913991623991698
AAGAAC,-0.030104088257563905
AAGAAG,0.5148861441135626
AAGATA,0.16571150222833436
AAGATT,-0.23015930050131292
AAGATC,-0.05691383316166632
AAGATG,0.1701490299371314
AAGACA,0.0078023802841848
AAGACT,-0.19140127249435113
AAGACC,-0.20590490693004035
AAGACG,0.11306855654179837
AAGAGA,0.7670114373433395
AAGAGT,0.43703945370675956
AAGAGC,0.22685107358374168
AAGAGG,0.6188947565605999
AAGTAA,-0.1765177099741545
AAGTAT,-0.29605988230604435
AAGTAC,-0.11223339494558832
AAGTAG,0.14473189929504482
AAGTTA,-0.07957163912435274
AAGTTT,-0.2717479972177166
AAGTTC,-0.16100048164163341
AAGTTG,-0.026148244087480912
AAGTCA,-0.04434555049176542
AAGTCT,-0.11055825159948696
AAGTCC,-0.11305808592773049
AAGTCG,0.20209970458559823
AAGTGA,0.25057329250164323
AAGTGT,-0.09859674577617165
AAGTGC,0.06024987944742498
AAGTGG,0.2844186839828072
AAGCAA,-0.14804871032657393
AAGCAT,-0.24369050317024676
AAGCAC,-0.20733159246364916
AAGCAG,-0.09872679640999542
AAGCTA,-0.16595199690854864
AAGCTT,-0.5519745721302823
AAGCTC,-0.19449379522444268
AAGCTG,0.06012287405122984
AAGCCA,-0.1086349653050956
AAGCCT,-0.03305701369428668
AAGCCC,0.06732759216789025
AAGCCG,-0.02940358834786478
AAGCGA,0.06493869424104214
AAGCGT,0.08655353268581506
AAGCGC,0.020978635236872982
AAGCGG,0.12799945096742404
AAGGAA,-0.14018164439289144
AAGGAT,-0.24634917478300297
AAGGAC,-0.4152417222927813
AAGGAG,0.07446207410659224
AAGGTA,0.14404281808862268
AAGGTT,-0.18673182586895734
AAGGTC,-0.09837582699035619
AAGGTG,0.1673433827041564
AAGGCA,0.05166363537001263
AAGGCT,-0.30129513320462903
AAGGCC,-0.34198526742986235
AAGGCG,0.23414745254198632
AAGGGA,0.09440793208498198
AAGGGT,-0.019924660367293404
AAGGGC,-0.0330531192963393
AAGGGG,0.14217448878054254
ATAAAA,-0.010966456299433039
ATAAAT,0.033280003043398364
ATAAAC,0.13622430322613963
ATAAAG,0.2748187325210246
ATAATA,-0.15782805272401934
ATAATT,-0.3561817030493871
ATAATC,-0.006159633829773619
ATAATG,0.2601335527748547
ATAACA,-0.16623323503776138
ATAACT,-0.25729903899938167
ATAACC,0.046006273008643586
ATAACG,0.22253759270283857
ATAAGA,-0.3078644843603979
ATAAGT,-0.31515826373579886
ATAAGC,-0.02008675856673746
ATAAGG,-0.1663810986752374
ATATAA,-0.5921774513196086
ATATAT,-0.8183103235139514
ATATAC,-0.6940632577780631
ATATAG,-0.008986052891095313
ATATTA,0.020222540520284816
ATATTT,-0.016383820547394144
ATATTC,0.3950328227347583
ATATTG,0.494175492928474
ATATCA,-0.05865055630351205
ATATCT,-0.15310194751306988
ATATCC,0.34547160022873935
ATATCG,0.37907340109447507
ATATGA,-0.34913762756673516
ATATGT,-0.27158461441533804
ATATGC,-0.058138888133219054
ATATGG,-0.17735472656940993
ATACAA,-0.48493030145518484
ATACAT,-0.44154862100848163
ATACAC,-0.31340472805167924
ATACAG,-0.19269586250992138
ATACTA,-0.3989830583052601
ATACTT,-0.3411138831800952
ATACTC,0.23715251049382563
ATACTG,-0.07558637231297556
ATACCA,-0.07261499565091954
ATACCT,-0.04091537537413528
ATACCC,0.24637040192402626
ATACCG,0.3614701710469103
ATACGA,-0.534291450511522
ATACGT,-0.4318227479506798
ATACGC,-0.05398017175148028
ATACGG,-0.11958535539244013
ATAGAA,-0.07447965028474295
ATAGAT,-0.27428714634768286
ATAGAC,0.13428639454789174
ATAGAG,0.6496280266464497
ATAGTA,-0.036054483595231605
ATAGTT,0.05571351670166548
ATAGTC,0.47614623498082376
ATAGTG,0.5397293699483398
ATAGCA,-0.116238134420376
ATAGCT,0.08678624049968241
ATAGCC,0.4671567136361465
ATAGCG,0.5989340412414997
ATAGGA,-0.861733972810386
ATAGGT,-0.05742009741841852
ATAGGC,-0.15922969751761226
ATAGGG,-0.04200838725219549
ATTAAA,-0.0677479136498124
ATTAAT,0.2388360582731193
ATTAAC,0.21710711978217795
ATTAAG,-0.014336682887336406
ATTATA,-0.7161856988908208
ATTATT,0.19435766497268947
ATTATC,0.30700726967671227
ATTATG,-0.09285015396346252
ATTACA,-0.1502995839251607
ATTACT,0.18165590443008342
ATTACC,0.4568201061331639
ATTACG,0.07496303847345533
ATTAGA,-0.6827063912874564
ATTAGT,-0.1702628404738271
ATTAGC,0.18632957819149354
ATTAGG,-0.5071535513073733
ATTTAA,-0.36385954607706206
ATTTAT,-0.17441069209307575
ATTTAC,-0.07805650162516464
ATTTAG,-0.37549908589975134
ATTTTA,-0.12191330364072055
ATTTTT,0.0284887634974098
ATTTTC,0.19168859914632358
ATTTTG,0.11054187439982383
ATTTCA,-0.022548658411694573
ATTTCT,0.012311390610276156
ATTTCC,0.22410802655373815
ATTTCG,-0.15485828012695746
ATTTGA,-0.34189497606197283
ATTTGT,0.013177350265802424
ATTTGC,0.09676542142189237
ATTTGG,-0.6208177531634985
ATTCAA,-0.3521807838797587
ATTCAT,-0.05074306093507892
ATTCAC,0.07787889342635723
ATTCAG,-0.048369731117201456
ATTCTA,-0.8612553001038445
ATTCTT,-0.15746052498057547
ATTCTC,0.155793954590101
ATTCTG,0.12333898192204562
ATTCCA,-0.2753969415067949
ATTCCT,-0.06556872492805374
ATTCCC,0.4062817680147203
ATTCCG,0.02020270731751947
ATTCGA,-0.5824604206194449
ATTCGT,-0.064158194397746
ATTCGC,0.008763893731125759
ATTCGG,-0.5210926259926479
ATTGAA,0.08620695398338447
ATTGAT,0.1367151896147387
ATTGAC,0.20544397421480887
ATTGAG,0.4469164952853027
ATTGTA,-0.3782693652996744
ATTGTT,0.17665237781190624
ATTGTC,0.5483901832004091
ATTGTG,0.2671698000707001
ATTGCA,-0.16381153002308613
ATTGCT,0.21239492990705847
ATTGCC,0.6670818999915461
ATTGCG,0.10666050557782845
ATTGGA,-1.2911041741161418
ATTGGT,-0.17563634758274985
ATTGGC,-0.010536199111241937
ATTGGG,-0.3997723675076376
ATCAAA,-0.04672284061619829
ATCAAT,0.1930724578618057
ATCAAC,0.24767992611034115
ATCAAG,-0.07860228390255569
ATCATA,-0.5786460372205288
ATCATT,-0.07586304486880333
ATCATC,0.16702784861746145
ATCATG,-0.043829993586048006
ATCACA,-0.25030084288130816
ATCACT,0.0744955690577991
ATCACC,0.47220174739557097
ATCACG,-0.11172320944565498
ATCAGA,-0.4441510261420746
ATCAGT,-0.2852406259947465
ATCAGC,-0.07523582579998576
ATCAGG,0.004811990577963764
ATCTAA,-0.8418154874725879
ATCTAT,-0.2558131505211301
ATCTAC,-0.011380775726951928
ATCTAG,-2.0958244628944898
ATCTTA,-0.4862195265477447
ATCTTT,0.09647491502687892
ATCTTC,0.3244313676014824
ATCTTG,-0.3453309803143376
ATCTCA,-0.17653282861770989
ATCTCT,0.40185987662320394
ATCTCC,0.41942811817620246
ATCTCG,-0.09432020323541407
ATCTGA,-0.4137495876611661
ATCTGT,-0.21914443467581948
ATCTGC,-0.05485914831462771
ATCTGG,0.055175696065699026
ATCCAA,-0.9487853392931928
ATCCAT,-0.19209455783322618
ATCCAC,0.1713329727084259
ATCCAG,0.24615196152398439
ATCCTA,-0.6862355953858928
ATCCTT,-0.27790593457093243
ATCCTC,0.14111162663127955
ATCCTG,0.2479342477189703
ATCCCA,0.02429735510625755
ATCCCT,0.15205122344982916
ATCCCC,0.4469723582392516
ATCCCG,0.1438685979970039
ATCCGA,-0.7761146556982806
ATCCGT,-0.2254369918752727
ATCCGC,-0.056871283857337696
ATCCGG,0.16557095498825897
ATCGAA,-0.1323053715836037
ATCGAT,0.05111244620910311
ATCGAC,0.42566781542568377
ATCGAG,0.06371226779004194
ATCGTA,-0.2107064326689468
ATCGTT,-0.015490904765416548
ATCGTC,0.43558034341041774
ATCGTG,0.007265713726416498
ATCGCA,-0.3797315767024549
ATCGCT,0.14379777920234618
ATCGCC,0.6320235745224433
ATCGCG,-0.07438225007886445
ATCGGA,-0.6045608672265488
ATCGGT,-0.0008198961924180137
ATCGGC,0.18012173099493767
ATCGGG,-0.06584393880550557
ATGAAA,0.022061696497832888
ATGAAT,-0.07414336140600963
ATGAAC,-0.07128275918136678
ATGAAG,0.27620203621554107
ATGATA,-0.19305393092279918
ATGATT,-0.1284480988124832
ATGATC,-0.3278491210839933
ATGATG,0.21909457248650455
ATGACA,0.0864377953522505
ATGACT,-0.08225806449399839
ATGACC,0.18600811910285336
ATGACG,0.3456879040723037
ATGAGA,-0.08509260441500743
ATGAGT,0.18398961389465152
ATGAGC,0.13229406319430653
ATGAGG,-0.20762812370786954
ATGTAA,-0.3988498689894452
ATGTAT,-0.41849060561255924
ATGTAC,-0.1849917853498335
ATGTAG,0.09017035016385118
ATGTTA,-0.21890694729122054
ATGTTT,-0.06877682654876409
ATGTTC,0.1896511047173283
ATGTTG,0.4035264435291853
ATGTCA,-0.02933923381460205
ATGTCT,0.060861080691683826
ATGTCC,0.16792434806468293
ATGTCG,0.48489525833528807
ATGTGA,-0.17607283827361622
ATGTGT,-0.14017991521300976
ATGTGC,0.023972641358119374
ATGTGG,0.15869135986979005
ATGCAA,-0.21968472120633115
ATGCAT,-0.5205631834373943
ATGCAC,-0.2285741569973835
ATGCAG,0.08365178505286035
ATGCTA,-0.24383257252276155
ATGCTT,-0.21663864971808372
ATGCTC,0.10549619166373277
ATGCTG,0.20954093328043694
ATGCCA,-0.025612575856726345
ATGCCT,0.13347655453397123
ATGCCC,0.20912194473846732
ATGCCG,0.38721760345041495
ATGCGA,-0.3690974639372896
ATGCGT,-0.12405550010589071
ATGCGC,0.03890980742587186
ATGCGG,-0.10345698204908481
ATGGAA,-0.11721407908773493
ATGGAT,-0.2129911798501917
ATGGAC,-0.2706576336955571
ATGGAG,0.09208565444885464
ATGGTA,-0.22569952373805013
ATGGTT,-0.18910835912549853
ATGGTC,8.635951471305164e-05
ATGGTG,0.26738014525051534
ATGGCA,-0.08253470496255129
ATGGCT,-0.18421222463231407
ATGGCC,-0.3366918237982042
ATGGCG,0.2866773616007458
ATGGGA,-0.2938511234784961
ATGGGT,-0.1984753659064081
ATGGGC,0.018649321782148814
ATGGGG,0.07065648857335151
ACAAAA,0.10579294809699748
ACAAAT,0.0435384916478769
ACAAAC,0.26600188338303876
ACAAAG,0.13970330869968983
ACAATA,0.4068669523017193
ACAATT,-0.14799495122111261
ACAATC,0.10468570626586503
ACAATG,0.3631127344135809
ACAACA,0.3855571936411293
ACAACT,0.12447202380718006
ACAACC,0.06855150678013527
ACAACG,0.21035119172935568
ACAAGA,-0.06808850787116476
ACAAGT,-0.5802743498846525
ACAAGC,-0.24816891888115
ACAAGG,-0.04233436382656077
ACATAA,-0.22368639037576207
ACATAT,-0.24349069264507925
ACATAC,-0.2916514567392798
ACATAG,0.07538770734794843
ACATTA,0.28842400398080675
ACATTT,-0.2135792422017461
ACATTC,0.017021687569430524
ACATTG,0.14780357316757942
ACATCA,0.3134021735119982
ACATCT,-0.011381722614603306
ACATCC,0.18686014249696262
ACATCG,0.24285482065740843
ACATGA,-0.10766667794962449
ACATGT,-0.2742679660070312
ACATGC,0.04525767835623021
ACATGG,-0.1019705877123051
ACACAA,-0.19786957318243945
ACACAT,-0.1606471522900845
ACACAC,-0.22244155058337992
ACACAG,-0.20993165734197933
ACACTA,0.3917300797180119
ACACTT,0.0994592109779648
ACACTC,-0.11297848393763871
ACACTG,-0.2509028209484843
ACACCA,0.14369864885938183
ACACCT,0.14435903127658606
ACACCC,0.13296689924233
ACACCG,0.04263523164443596
ACACGA,-0.2761859264148214
ACACGT,-0.34091504289241653
ACACGC,-0.17750969109525586
ACACGG,-0.21861155819915523
ACAGAA,-0.18817429597622623
ACAGAT,-0.2311117209633867
ACAGAC,-0.11225668234566767
ACAGAG,-0.22540186895947983
ACAGTA,0.08374298941639235
ACAGTT,-0.09230131811492764
ACAGTC,-0.36184448563227406
ACAGTG,-0.3066806137567833
ACAGCA,0.26007252022617744
ACAGCT,-0.32197731951303554
ACAGCC,-0.25413483198797127
ACAGCG,0.029355425094913814
ACAGGA,0.1272729904361001
ACAGGT,0.07771209233525414
ACAGGC,0.13581401006472846
ACAGGG,0.07459861646874553
ACTAAA,-0.09925495809534127
ACTAAT,-0.22437990012201509
ACTAAC,0.12945806723688677
ACTAAG,-0.5561813254867879
ACTATA,-0.028894465999715003
ACTATT,0.2640593940819178
ACTATC,0.6123431481446492
ACTATG,0.0825142468066565
ACTACA,0.26804609793492196
ACTACT,0.30480506336884067
ACTACC,0.4241046489854585
ACTACG,0.3013553743519907
ACTAGA,-1.7484749544513105
ACTAGT,-1.589235205116581
ACTAGC,-1.227038077256932
ACTAGG,-1.6704981691953467
ACTTAA,-0.5514308801028163
ACTTAT,-0.2766944233862632
ACTTAC,-0.25836768478300565
ACTTAG,-0.4747716558837606
ACTTTA,0.23505182926250007
ACTTTT,-0.02644462386914
ACTTTC,0.18005271773497714
ACTTTG,0.2517430915724596
ACTTCA,0.18871215037470604
ACTTCT,0.11732261535029215
ACTTCC,0.4453110166553641
ACTTCG,0.15814075859673996
ACTTGA,-0.6263915141056356
ACTTGT,-0.5588291089909581
ACTTGC,-0.40466157250848117
ACTTGG,-1.3713878913238422
ACTCAA,0.12985653535364158
ACTCAT,0.2881356900599222
ACTCAC,0.19734061257766997
ACTCAG,-0.13929288349967084
ACTCTA,0.05824939611921409
ACTCTT,0.44566125510616605
ACTCTC,0.31379791958234055
ACTCTG,-0.09578853427410171
ACTCCA,0.2708783365189315
ACTCCT,0.29501044681361843
ACTCCC,0.20553804759211253
ACTCCG,0.06709308464151645
ACTCGA,-0.2931202787009249
ACTCGT,-0.4184078087630022
ACTCGC,0.03165214822475763
ACTCGG,-0.3852820049820217
ACTGAA,-0.25402750143876923
ACTGAT,-0.294910140225785
ACTGAC,0.039459994115136045
ACTGAG,-0.40086162644838913
ACTGTA,-0.3928863259013043
ACTGTT,0.04031183003660044
ACTGTC,-0.13111510942543472
ACTGTG,-0.36482347250263747
ACTGCA,-0.30137084694184124
ACTGCT,0.1019609688939322
ACTGCC,-0.023967887350292656
ACTGCG,-0.21542943266380654
ACTGGA,0.34631215690318584
ACTGGT,0.12600544737122762
ACTGGC,0.35205097269165087
ACTGGG,0.08232458846363047
ACCAAA,-0.22734332010929195
ACCAAT,-0.24767260901040034
ACCAAC,-0.08694569338751744
ACCAAG,-1.1256156671498718
ACCATA,-0.3139479692256696
ACCATT,0.08852292062021543
ACCATC,0.07162839807268925
ACCATG,-0.10554110771511796
ACCACA,0.09525156487508558
ACCACT,0.17797617295468557
ACCACC,0.37380931951496393
ACCACG,0.11964128600844172
ACCAGA,0.032673050292673984
ACCAGT,0.06802590928429104
ACCAGC,0.1386308814054888
ACCAGG,-0.12065925581401674
ACCTAA,-0.5911335482558279
ACCTAT,-0.18727206195381085
ACCTAC,-0.12626441800283264
ACCTAG,-2.1394777551238953
ACCTTA,-0.218542820228273
ACCTTT,0.014708993659800785
ACCTTC,0.2728742690861514
ACCTTG,-0.24256163717131135
ACCTCA,-0.11029641094548398
ACCTCT,0.21877923980437153
ACCTCC,0.014613021845649625
ACCTCG,-0.044722574080552656
ACCTGA,-0.04172273815416653
ACCTGT,-0.016396629453077013
ACCTGC,0.11920222923649941
ACCTGG,-0.047267842003644096
ACCCAA,-0.3106310054373256
ACCCAT,-0.10106559137494557
ACCCAC,0.25383516707792475
ACCCAG,0.10745228123341098
ACCCTA,-0.2995404175411565
ACCCTT,-0.0953101798043249
ACCCTC,-0.1348370370748704
ACCCTG,0.12496689757068194
ACCCCA,-0.2517027024073137
ACCCCT,-0.059924493430970394
ACCCCC,-0.18512089696020456
ACCCCG,-0.22526822227557164
ACCCGA,-0.14970660073716707
ACCCGT,-0.06892010849417736
ACCCGC,-0.012263478266508615
ACCCGG,0.09847531986572138
ACCGAA,-0.18847261844789143
ACCGAT,0.05367574944201479
ACCGAC,0.1476283722335606
ACCGAG,0.03755311965955322
ACCGTA,0.05506328098202158
ACCGTT,0.09295421875934161
ACCGTC,0.27838772260944106
ACCGTG,0.10021671193848435
ACCGCA,-0.17082348749285178
ACCGCT,-0.07562426550920356
ACCGCC,0.22318917279280975
ACCGCG,-0.3614206098762972
ACCGGA,0.1572667952006964
ACCGGT,0.11630953014749662
ACCGGC,0.12721197895797803
ACCGGG,0.24060872992491725
ACGAAA,-0.28641544783658796
ACGAAT,-0.19875268959964873
ACGAAC,-0.24377567065335315
ACGAAG,0.12136085700426753
ACGATA,0.319267069918963
ACGATT,-0.11432025702929825
ACGATC,0.052581408950215416
ACGATG,0.1709698616701703
ACGACA,0.21619856588210973
ACGACT,-0.03576672428314546
ACGACC,0.03250322943425217
ACGACG,0.17734483867225995
ACGAGA,-0.17403075445928834
ACGAGT,-0.3467952187010373
ACGAGC,-0.43314853685658117
ACGAGG,-0.31778010360906034
ACGTAA,-0.19819243605517836
ACGTAT,-0.3902733727542443
ACGTAC,-0.28640811316198705
ACGTAG,0.0064585800394117284
ACGTTA,0.29726761629133736
ACGTTT,-0.022609598639089745
ACGTTC,-0.03499452141804781
ACGTTG,0.2729869512105967
ACGTCA,0.0882872791545439
ACGTCT,-0.05625130950198887
ACGTCC,-0.0614677734783576
ACGTCG,0.041665211258575016
ACGTGA,-0.20532710258606968
ACGTGT,-0.4339621388467097
ACGTGC,-0.22303937922181902
ACGTGG,-0.27499952889593016
ACGCAA,-0.14948675941465003
ACGCAT,-0.09620912360596541
ACGCAC,-0.18696193635045674
ACGCAG,-0.05811296270455637
ACGCTA,0.40418796872639723
ACGCTT,0.1068381664623396
ACGCTC,0.16535242628580157
ACGCTG,0.2859459241467036
ACGCCA,0.22038391383476952
ACGCCT,0.21159579913664414
ACGCCC,0.29377593652610373
ACGCCG,0.335727349158594
ACGCGA,-0.27916946784360414
ACGCGT,-0.2492032936288714
ACGCGC,-0.16543221467608568
ACGCGG,-0.3317635757730753
ACGGAA,0.026367208024774224
ACGGAT,-0.21318225076326455
ACGGAC,-0.382847019520392
ACGGAG,-0.1708999169631631
ACGGTA,0.4673660542842039
ACGGTT,-0.07426680736252707
ACGGTC,-0.10882858324511989
ACGGTG,0.22848475565047546
ACGGCA,0.2719786805233311
ACGGCT,-0.11195090081666645
ACGGCC,-0.5711669604093945
ACGGCG,0.2616135581756913
ACGGGA,0.02495014248889702
ACGGGT,0.015039716142341583
ACGGGC,0.01783575869157433
ACGGGG,-0.20324282195459437
AGAAAA,0.1538614346152823
AGAAAT,0.09138520879957272
AGAAAC,-0.020800078337538566
AGAAAG,-0.006942336419905022
AGAATA,0.2748477367368234
AGAATT,-0.2434157172972646
AGAATC,-0.2916936232548559
AGAATG,0.06986340767864038
AGAACA,0.18454131353226763
AGAACT,-0.12527126859610738
AGAACC,-0.3620971105924333
AGAACG,-0.1609045617805186
AGAAGA,0.4675356347800055
AGAAGT,0.21564663990003147
AGAAGC,0.12416047119420857
AGAAGG,0.13377562269045745
AGATAA,0.21190278081152877
AGATAT,-0.13829302986587913
AGATAC,-0.3477999517670141
AGATAG,0.5041199754950998
AGATTA,0.050152537561897
AGATTT,-0.28907774609075565
AGATTC,-0.35131920111424847
AGATTG,0.041404914968122306
AGATCA,-0.466391343559822
AGATCT,-0.34158614827753137
AGATCC,-0.10923648950251932
AGATCG,0.099594152084358
AGATGA,0.06220397915326543
AGATGT,0.03891306817315896
AGATGC,-0.027444396731330395
AGATGG,-0.0897173240623323
AGACAA,0.11989318626001552
AGACAT,0.00821078851657341
AGACAC,-0.17562329869771154
AGACAG,-0.2727764516166678
AGACTA,0.1190338175580362
AGACTT,-0.20843592244193535
AGACTC,-0.0036348425312690822
AGACTG,-0.3305525576009131
AGACCA,-0.10713647315298794
AGACCT,-0.18964759688602756
AGACCC,-0.23714203012058938
AGACCG,-0.04698911380228488
AGACGA,0.1405494602580604
AGACGT,-0.09878457701769706
AGACGC,0.12147797234704351
AGACGG,0.15476758299302892
AGAGAA,0.3655453386523852
AGAGAT,0.3972336547554208
AGAGAC,0.11519205552359672
AGAGAG,0.43533596690830817
AGAGTA,0.3741335912575234
AGAGTT,0.140606454719501
AGAGTC,0.014098924379501675
AGAGTG,0.2950168856665152
AGAGCA,0.22425882267971084
AGAGCT,-0.06570388661149378
AGAGCC,-0.5803516864146008
AGAGCG,0.09157986578907377
AGAGGA,0.18139566977019062
AGAGGT,0.17284982696234738
AGAGGC,-0.056460455340143635
AGAGGG,0.2883053195894374
AGTAAA,0.07115069069543715
AGTAAT,0.12086682978320074
AGTAAC,-0.09725526906873015
AGTAAG,-0.18548111708432305
AGTATA,-0.6485177297131087
AGTATT,0.14066181804131453
AGTATC,-0.06453852113757118
AGTATG,-0.0489427776760235
AGTACA,0.10598727844863538
AGTACT,-0.04954573655142976
AGTACC,0.16845540484546823
AGTACG,0.1780847347576358
AGTAGA,0.11774561120698629
AGTAGT,0.37326444031796363
AGTAGC,0.26620140411478505
AGTAGG,-0.24969695926672536
AGTTAA,-0.12146273442809691
AGTTAT,-0.28346400522761833
AGTTAC,-0.18362025827519118
AGTTAG,-0.09021348161820927
AGTTTA,0.02346148667899818
AGTTTT,-0.013633692472806198
AGTTTC,-0.17507910239743787
AGTTTG,0.1963061270185143
AGTTCA,0.14444300399450663
AGTTCT,-0.04553242416259733
AGTTCC,0.07385192299088403
AGTTCG,0.16506008341908304
AGTTGA,0.10823201798984936
AGTTGT,0.2246455363621609
AGTTGC,0.24890264838894768
AGTTGG,-0.028663269511973833
AGTCAA,-0.24564013492491804
AGTCAT,-0.04388139324124016
AGTCAC,-0.14507365509092912
AGTCAG,-0.2091586867964226
AGTCTA,-0.3815527817326094
AGTCTT,-0.08719654503015513
AGTCTC,-0.13593079189273963
AGTCTG,-0.11933800409285351
AGTCCA,-0.25314619335617233
AGTCCT,-0.07420449259199956
AGTCCC,-0.061452779213663565
AGTCCG,-0.1076127359233693
AGTCGA,0.12720768714722355
AGTCGT,0.008248208856495893
AGTCGC,-0.06433358210621548
AGTCGG,0.0030002165515068176
AGTGAA,0.2206813877124739
AGTGAT,0.0816538533568393
AGTGAC,0.15986590539096707
AGTGAG,0.10101768088489789
AGTGTA,-0.21233263520999412
AGTGTT,-0.0031463056893649482
AGTGTC,-0.16455156261415751
AGTGTG,0.05825340436819065
AGTGCA,-0.26710360983138765
AGTGCT,0.04816873567450031
AGTGCC,-0.2257063023964788
AGTGCG,-0.17536227402037527
AGTGGA,0.19661679698078116
AGTGGT,0.24321544562873013
AGTGGC,-0.10052248392772667
AGTGGG,0.24031601982281023
AGCAAA,0.19877728285661947
AGCAAT,0.1297149987207192
AGCAAC,0.3093320743855255
AGCAAG,0.10460184784205764
AGCATA,0.03983563902355141
AGCATT,0.044134995005183475
AGCATC,0.16293326553021997
AGCATG,-0.08258985173175241
AGCACA,0.13611811684353975
AGCACT,0.12637804591121324
AGCACC,0.3322397447875941
AGCACG,0.02759740657293062
AGCAGA,0.06099496161858694
AGCAGT,0.07622559735550104
AGCAGC,0.08327548374659956
AGCAGG,0.43383439805116125
AGCTAA,-0.13129289768383087
AGCTAT,0.1843121731202703
AGCTAC,0.06872488274087489
AGCTAG,-1.1912050754959345
AGCTTA,-0.12675519165412316
AGCTTT,-0.2540422312666964
AGCTTC,-0.14335143880549803
AGCTTG,-0.14673878303451465
AGCTCA,0.12248791216142545
AGCTCT,0.062300317856416446
AGCTCC,-0.09095097499371012
AGCTCG,-0.03893076002700492
AGCTGA,-0.48622541312783635
AGCTGT,-0.3833405023031567
AGCTGC,-0.5156291873048064
AGCTGG,-0.0664833500427081
AGCCAA,-0.4048782105782963
AGCCAT,-0.237546928942797
AGCCAC,-0.23650004371107686
AGCCAG,-0.034369988579724994
AGCCTA,-0.4081477093998736
AGCCTT,-0.22442273281259006
AGCCTC,-0.4273951616551377
AGCCTG,0.06417994825379145
AGCCCA,-0.21916016804417449
AGCCCT,-0.06397759712806528
AGCCCC,0.14448222381127424
AGCCCG,-0.0628182923921512
AGCCGA,-0.18326890610874857
AGCCGT,-0.15914900810724658
AGCCGC,-0.286823495024419
AGCCGG,-0.2503080741231655
AGCGAA,0.09720257567736053
AGCGAT,0.11351216880573763
AGCGAC,0.14659595542314907
AGCGAG,0.18158036812751596
AGCGTA,0.2888725243482872
AGCGTT,0.10176897321856647
AGCGTC,0.3222550025651431
AGCGTG,0.3117301167015624
AGCGCA,0.05198216908880721
AGCGCT,0.09677677196643468
AGCGCC,0.3102691422266408
AGCGCG,-0.01915982031238933
AGCGGA,-0.0021761266528688744
AGCGGT,-0.16901305120571228
AGCGGC,0.06310281009980608
AGCGGG,0.15938380309245145
AGGAAA,0.12220646440173548
AGGAAT,-0.019114396023315328
AGGAAC,0.05262662791841482
AGGAAG,0.5681006420836833
AGGATA,0.24086725997890585
AGGATT,-0.03802265435400521
AGGATC,-0.16609208362697522
AGGATG,0.06540052088413305
AGGACA,-0.061529189946861795
AGGACT,-0.0760934064069348
AGGACC,-1.0552883290920811
AGGACG,-0.18966243269075891
AGGAGA,0.5731878654809663
AGGAGT,0.3070250352949119
AGGAGC,-0.17374198170589347
AGGAGG,0.0951563454835847
AGGTAA,0.16810358624629126
AGGTAT,0.009804000096620835
AGGTAC,-0.2830882034415535
AGGTAG,0.2405689680280689
AGGTTA,0.023749180211663282
AGGTTT,-0.17542239805392343
AGGTTC,-0.2881594482578937
AGGTTG,0.20215989901361894
AGGTCA,0.08985110160736111
AGGTCT,-0.2279460054253617
AGGTCC,-1.055234799933304
AGGTCG,0.06581321856957183
AGGTGA,0.33403758283584356
AGGTGT,0.25045811523460915
AGGTGC,-0.02469261259037141
AGGTGG,0.13500329367788458
AGGCAA,0.15648772134790365
AGGCAT,0.029520500697625254
AGGCAC,-0.16476147889265946
AGGCAG,-0.4088183697427602
AGGCTA,0.35574014602069487
AGGCTT,-0.054448358662623056
AGGCTC,-0.5180056677996978
AGGCTG,-0.27585122960449104
AGGCCA,-0.08436900009580066
AGGCCT,-0.26744717508420307
AGGCCC,-0.7089256575563997
AGGCCG,-0.14792795885599802
AGGCGA,0.44800201873202006
AGGCGT,0.23356235223147206
AGGCGC,-0.012640017976948527
AGGCGG,0.13625122903035783
AGGGAA,0.2169130015635736
AGGGAT,0.07876147751748792
AGGGAC,-0.28202813684268396
AGGGAG,0.02260310658490313
AGGGTA,0.2324933856825359
AGGGTT,-0.13229606201652996
AGGGTC,-0.46788600404395647
AGGGTG,0.30397896612398495
AGGGCA,0.2530926581410762
AGGGCT,-0.010542522402135563
AGGGCC,-0.7166195367450875
AGGGCG,0.20231652835061387
AGGGGA,0.5382565820899764
AGGGGT,-0.1843215574606216
AGGGGC,-0.04920272244913981
AGGGGG,0.3774346904436162
TAAAAA,0.0031089347054716106
TAAAAT,-0.16161277532326712
TAAAAC,0.033075958233534555
TAAAAG,0.0038499507622173435
TAAATA,0.0992289188225929
TAAATT,-0.07364547736580133
TAAATC,-0.004150965340159254
TAAATG,-0.262364264467491
TAAACA,0.2584950702735702
TAAACT,0.03922071315328133
TAAACC,-0.141014948743498
TAAACG,-0.0039547058552530726
TAAAGA,0.34710454875632535
TAAAGT,0.051415416876558734
TAAAGC,0.008227299994738577
TAAAGG,0.08998734448320497
TAATAA,0.013942905969012667
TAATAT,-0.04556551933452138
TAATAC,0.06353937244164866
TAATAG,0.04248426498576486
TAATTA,-0.33944400701037036
TAATTT,-0.06159301090781428
TAATTC,-0.208466836898277
TAATTG,-0.3528497738976162
TAATCA,-0.020460492547243206
TAATCT,-0.006628526830907584
TAATCC,0.010398707220898517
TAATCG,-0.1120232020928728
TAATGA,0.31429572096987096
TAATGT,0.35138639529279275
TAATGC,0.31888044330764226
TAATGG,0.2277497317291071
TAACAA,0.013775691822306348
TAACAT,-0.15226748133784304
TAACAC,0.01179085141130413
TAACAG,-0.25512352833174545
TAACTA,0.06039806138046972
TAACTT,-0.11697059792935882
TAACTC,-0.12645042054004801
TAACTG,-0.4099306472061391
TAACCA,-0.1231622847761195
TAACCT,0.061587215502990726
TAACCC,0.22342512248318244
TAACCG,-0.10640379595282833
TAACGA,0.28254152552115674
TAACGT,0.2481607559423615
TAACGC,0.21640314856996273
TAACGG,0.19987570616807274
TAAGAA,-0.33355536532608965
TAAGAT,-0.4370495467364573
TAAGAC,-0.41010081126016695
TAAGAG,-0.40995237972633336
TAAGTA,-0.07157757085978854
TAAGTT,-0.24818453527197853
TAAGTC,-0.23993865754643415
TAAGTG,-0.4866625152323743
TAAGCA,-0.07468286740246384
TAAGCT,-0.003466207976486284
TAAGCC,-0.0792403443057887
TAAGCG,-0.0545468093766344
TAAGGA,-0.22273109513183129
TAAGGT,-0.10068420677963202
TAAGGC,-0.27810144069334053
TAAGGG,-0.20520585062754246
TATAAA,-0.2646104990977114
TATAAT,-0.8288876697943262
TATAAC,-0.27251663593150904
TATAAG,-0.529558160002326
TATATA,-1.0739473611873038
TATATT,-0.31376204140530695
TATATC,-0.5295957264479813
TATATG,-0.7048960730490283
TATACA,-0.6415522270449187
TATACT,-0.6320015897293834
TATACC,-0.22579166396968064
TATACG,-0.7201909110138206
TATAGA,-0.004272973700118897
TATAGT,0.05053954444608305
TATAGC,0.07029241682903689
TATAGG,-0.1158318155251217
TATTAA,0.13612318673195165
TATTAT,-0.048910915241244454
TATTAC,0.2450199442484523
TATTAG,-0.06947760247075191
TATTTA,-0.0680582522762187
TATTTT,0.16799480771256825
TATTTC,0.04661101158563598
TATTTG,-0.17920937434140455
TATTCA,0.36297936378473544
TATTCT,0.24869192456870592
TATTCC,0.4131588628578095
TATTCG,0.04612582339537559
TATTGA,0.5418188698667533
TATTGT,0.4419481391135294
TATTGC,0.567914343909706
TATTGG,-0.02808669833960012
TATCAA,0.31036950413422837
TATCAT,-0.15388362147342116
TATCAC,0.09657000297614694
TATCAG,-0.14829640336297104
TATCTA,-0.057960992490425904
TATCTT,0.13648746979830034
TATCTC,0.1323364770535148
TATCTG,-0.03789813658170695
TATCCA,0.37889808072344244
TATCCT,0.2900264160752966
TATCCC,0.3605560324089529
TATCCG,0.21081409352780842
TATCGA,0.5267228436249161
TATCGT,0.29262493083169605
TATCGC,0.4551647766604369
TATCGG,0.2642125091616663
TATGAA,-0.23167845376404714
TATGAT,-0.6124039961283566
TATGAC,-0.03305606856938606
TATGAG,-0.4488461726021743
TATGTA,-0.4357835844945863
TATGTT,-0.07466250891085596
TATGTC,-0.071470957913216
TATGTG,-0.33793887095890746
TATGCA,-0.02341704798015575
TATGCT,-0.02557512781587865
TATGCC,0.033113144375188724
TATGCG,-0.20755882029751152
TATGGA,-0.25454931466820446
TATGGT,-0.31911841902620497
TATGGC,-0.14056292733276718
TATGGG,-0.11118943667037319
TACAAA,-0.07762861504337633
TACAAT,-0.36470940680282304
TACAAC,-0.016585250702169204
TACAAG,-0.39721863886768316
TACATA,-0.4672450068066559
TACATT,-0.2806212754466455
TACATC,-0.08051701062649431
TACATG,-0.3667985812631646
TACACA,-0.20363134338070563
TACACT,-0.1706883159799483
TACACC,0.15202086421216304
TACACG,-0.36093472609470184
TACAGA,-0.23868557631776138
TACAGT,-0.34856021182566443
TACAGC,-0.05507464563440408
TACAGG,0.16829538506086264
TACTAA,-0.19077061128048234
TACTAT,-0.060528447933981266
TACTAC,0.27443684570176036
TACTAG,-1.8045560307495816
TACTTA,-0.2322819961115769
TACTTT,0.0890384192811869
TACTTC,-0.0215211360538803
TACTTG,-0.6441577933596722
TACTCA,0.3011050927839216
TACTCT,0.2821043086880186
TACTCC,0.32185305697295574
TACTCG,-0.24372132952678396
TACTGA,0.04732991280402784
TACTGT,0.00959815406872239
TACTGC,0.08926007126404695
TACTGG,0.3822187783019341
TACCAA,-0.2611126998485493
TACCAT,-0.20264370453324068
TACCAC,0.09324218383614422
TACCAG,-0.1332154928099995
TACCTA,-0.22871623034925817
TACCTT,0.20943071790947096
TACCTC,-0.05704193838701866
TACCTG,0.008759180089881554
TACCCA,0.303790306121788
TACCCT,0.26506398386400853
TACCCC,-0.07253399491376858
TACCCG,0.19316749220108903
TACCGA,0.4065556207571299
TACCGT,0.46686466735410925
TACCGC,0.26500863241318173
TACCGG,0.5227800674088019
TACGAA,-0.5463783069524284
TACGAT,-0.16584671959044958
TACGAC,-0.05089979780768197
TACGAG,-0.6604477929240554
TACGTA,-0.33830206329828905
TACGTT,-0.013494945817369004
TACGTC,-0.2398421608746627
TACGTG,-0.5552773863368244
TACGCA,-0.00295920740147787
TACGCT,0.25745436120109016
TACGCC,0.22779111971075672
TACGCG,-0.2739791472854559
TACGGA,-0.32372027236409745
TACGGT,0.0620671031339912
TACGGC,-0.0993508444344879
TACGGG,-0.04242071588395214
TAGAAA,-0.08894748601649617
TAGAAT,-0.6398447326893
TAGAAC,-0.17392989915770624
TAGAAG,0.22475152721944458
TAGATA,-0.1052145195994606
TAGATT,-0.6267936800099242
TAGATC,-0.7882740591081433
TAGATG,-0.29080219978802446
TAGACA,-0.030434901633768153
TAGACT,-0.5238828629226387
TAGACC,-0.35025864372199883
TAGACG,-0.1291726804207412
TAGAGA,0.6327840308328547
TAGAGT,0.25312438352614564
TAGAGC,0.05238469968006209
TAGAGG,0.4928320587179782
TAGTAA,0.007188308530668013
TAGTAT,-0.3794896217049037
TAGTAC,-0.029874198855397514
TAGTAG,0.14763599880606468
TAGTTA,0.10762405744886246
TAGTTT,-0.28664257131867593
TAGTTC,-0.2758624956464388
TAGTTG,-0.09768406815948703
TAGTCA,0.3125055475987735
TAGTCT,0.06547174108837261
TAGTCC,0.06136018639538878
TAGTCG,0.39961803805697804
TAGTGA,0.6357362733466061
TAGTGT,0.2972515234679317
TAGTGC,0.22377347259488178
TAGTGG,0.4044239835997538
TAGCAA,0.0028178191398676457
TAGCAT,-0.26160611431745356
TAGCAC,-0.18722753556280916
TAGCAG,-0.3544959803450962
TAGCTA,0.28256697178501045
TAGCTT,-0.15524649970679308
TAGCTC,-0.04407251978770309
TAGCTG,-0.10653049387181784
TAGCCA,0.1557498960364386
TAGCCT,0.34016837933703
TAGCCC,0.30970939477007176
TAGCCG,0.09875753771440225
TAGCGA,0.6165506131774583
TAGCGT,0.40866170113379185
TAGCGC,0.3891357461756144
TAGCGG,0.3598944065657056
TAGGAA,-0.6712423451718953
TAGGAT,-0.728524326947887
TAGGAC,-1.0015685810284827
TAGGAG,-0.8197324617010189
TAGGTA,-0.1260993849473079
TAGGTT,-0.3861438464184506
TAGGTC,-0.4153872306144808
TAGGTG,-0.20256143814170072
TAGGCA,-0.2587150170990774
TAGGCT,-0.5145195801022292
TAGGCC,-0.5452708342789473
TAGGCG,-0.23396909681913217
TAGGGA,0.1066287466458214
TAGGGT,-0.24074385091408976
TAGGGC,-0.15648032561006733
TAGGGG,0.10954243497772316
TTAAAA,-0.24637671370717867
TTAAAT,-0.2526066020499886
TTAAAC,-0.10086552600259942
TTAAAG,-0.035407523593372014
TTAATA,0.07363616275596285
TTAATT,-0.10790535173701252
TTAATC,0.008044841873569976
TTAATG,0.3914375617406964
TTAACA,-0.022981553027301146
TTAACT,-0.15520832138539378
TTAACC,0.14485442431633017
TTAACG,0.31412784117141207
TTAAGA,-0.4571664824850549
TTAAGT,-0.25711395820930033
TTAAGC,0.050910592507640386
TTAAGG,-0.2864724436602804
TTATAA,-0.4421664749585924
TTATAT,-0.6511775946763119
TTATAC,-0.5443803999935487
TTATAG,0.021020926373122986
TTATTA,0.11893538474889526
TTATTT,-0.0762162413996181
TTATTC,0.1607689984082204
TTATTG,0.3431118773911117
TTATCA,0.139006073368178
TTATCT,0.15404528353711
TTATCC,0.40469526233538433
TTATCG,0.5093992353427934
TTATGA,-0.31350727544868695
TTATGT,-0.2313998431291773
TTATGC,-0.06575209849107655
TTATGG,-0.23016183093203282
TTACAA,-0.2738435413409343
TTACAT,-0.45830176535376105
TTACAC,-0.14011680398285714
TTACAG,-0.21145963435947646
TTACTA,0.09739461293722196
TTACTT,-0.13062685172922464
TTACTC,0.1617270070647821
TTACTG,0.1521673886963621
TTACCA,-0.12112062587547982
TTACCT,0.19726951822982777
TTACCC,0.4755512605199293
TTACCG,0.5514924472098232
TTACGA,-0.21568946205108025
TTACGT,-0.1832247632380147
TTACGC,0.18060099756192574
TTACGG,-0.0983884410455732
TTAGAA,-0.6721740571796665
TTAGAT,-0.7768518142439621
TTAGAC,-0.846356442199655
TTAGAG,-0.19339363769464024
TTAGTA,-0.37643419011003276
TTAGTT,-0.6096806495368553
TTAGTC,0.050416485914016
TTAGTG,0.3421773688722458
TTAGCA,-0.16839165126045674
TTAGCT,-0.12914937762184103
TTAGCC,0.13951318690959819
TTAGCG,0.48712706298023006
TTAGGA,-0.6639619644403932
TTAGGT,-0.5664726920167047
TTAGGC,-0.48429968609208984
TTAGGG,-0.16987462243486928
TTTAAA,-0.2644526745547616
TTTAAT,-0.057956131183512144
TTTAAC,-0.05839882418394867
TTTAAG,-0.33097857159954913
TTTATA,-0.3792355874325421
TTTATT,0.11865835430249361
TTTATC,0.3562661967431783
TTTATG,-0.11650045920204344
TTTACA,-0.26934183687785485
TTTACT,0.04126772664263364
TTTACC,0.509022446912894
TTTACG,0.004963991063715373
TTTAGA,-0.7699076400085092
TTTAGT,-0.11602578655351183
TTTAGC,0.23290386643772637
TTTAGG,-0.6233475321030538
TTTTAA,-0.23977352888646614
TTTTAT,-0.016984801704420398
TTTTAC,0.2144810767642177
TTTTAG,-0.1885177900434978
TTTTTA,-0.042712803781303633
TTTTTT,-0.29394953789620554
TTTTTC,0.16346664714887024
TTTTTG,-0.04266172357357093
TTTTCA,0.029113956460028484
TTTTCT,0.13622177122817083
TTTTCC,0.32491911989421
TTTTCG,-0.20064554044435273
TTTTGA,-0.13497266119013107
TTTTGT,0.14582823076049306
TTTTGC,0.2875533309002674
TTTTGG,-0.34625856247186093
TTTCAA,-0.17184207793766393
TTTCAT,0.01235961613289095
TTTCAC,0.2547215866025205
TTTCAG,-0.1398420096316969
TTTCTA,-0.013382538804362288
TTTCTT,0.16043247362809798
TTTCTC,0.32859338857452497
TTTCTG,-0.11224740929608608
TTTCCA,0.16544519852649536
TTTCCT,0.04989012493028014
TTTCCC,0.4022004008748463
TTTCCG,0.16844044618939966
TTTCGA,-0.2905533457595355
TTTCGT,-0.3206667890582771
TTTCGC,0.010326839645168302
TTTCGG,-0.3767658803042293
TTTGAA,-0.24170181431137236
TTTGAT,0.0019260870285800716
TTTGAC,-0.019608471388376313
TTTGAG,-0.1497171650098892
TTTGTA,-0.028899733494229165
TTTGTT,0.11186603310696788
TTTGTC,0.4229227970244412
TTTGTG,0.03930663569893276
TTTGCA,0.026216464145417572
TTTGCT,0.2261163032970139
TTTGCC,0.48655891610621155
TTTGCG,0.05685680020472587
TTTGGA,-1.081849890070896
TTTGGT,-0.1623756900728316
TTTGGC,-0.05000296175666023
TTTGGG,-0.49646661459738217
TTCAAA,-0.17398705499310685
TTCAAT,0.1353679404318242
TTCAAC,0.15218679754127762
TTCAAG,-0.4586670674772281
TTCATA,-0.2239823602547662
TTCATT,0.013760666938524289
TTCATC,0.27286425957117416
TTCATG,-0.0821606958606806
TTCACA,-0.3117326304454572
TTCACT,0.2433236083185877
TTCACC,0.44051798486320676
TTCACG,0.12061069796799616
TTCAGA,-0.34850812442299095
TTCAGT,-0.33546467986091316
TTCAGC,-0.06981304787084104
TTCAGG,0.0697475435383389
TTCTAA,-0.6771468392135042
TTCTAT,-0.05978877524726543
TTCTAC,0.34719619998418855
TTCTAG,-2.181828891858246
TTCTTA,-0.24538592793307318
TTCTTT,0.16285770201527164
TTCTTC,0.4325496188626398
TTCTTG,-0.2091815032920198
TTCTCA,-0.13015068446504502
TTCTCT,0.3082725748068583
TTCTCC,0.49143650033014963
TTCTCG,0.1025964467706749
TTCTGA,-0.300878586297027
TTCTGT,-0.18736222560560803
TTCTGC,-0.0614878436685106
TTCTGG,0.13148951132838177
TTCCAA,-1.3050514385270011
TTCCAT,-0.11595488158232078
TTCCAC,0.20247233629113276
TTCCAG,0.5001194866816997
TTCCTA,-0.6966294823958198
TTCCTT,-0.2705558303190341
TTCCTC,0.05605951263046282
TTCCTG,0.41921146240563045
TTCCCA,0.0283893260495504
TTCCCT,0.2534461177787905
TTCCCC,0.44974510953226843
TTCCCG,0.4623878204176815
TTCCGA,-0.585992942448092
TTCCGT,-0.02780794825317444
TTCCGC,0.1460662919200624
TTCCGG,0.4965890603544641
TTCGAA,-0.48618432950690493
TTCGAT,-0.14955492479667415
TTCGAC,-0.000657678418970823
TTCGAG,-0.4038456745558614
TTCGTA,-0.5226183828518857
TTCGTT,-0.219404240806188
TTCGTC,0.1849086324475894
TTCGTG,-0.24889140380240654
TTCGCA,-0.54926903412071
TTCGCT,0.07967564569879525
TTCGCC,0.4706230160725983
TTCGCG,-0.26293872401261514
TTCGGA,-0.8351700753820009
TTCGGT,-0.22925032819249247
TTCGGC,-0.11382785581345554
TTCGGG,-0.27123860372666475
TTGAAA,-0.175205483024342
TTGAAT,-0.3718254165134103
TTGAAC,-0.09202411666057458
TTGAAG,0.42684590313311477
TTGATA,0.3107827028637151
TTGATT,-0.10268251440664876
TTGATC,-0.3273946145479313
TTGATG,0.3125341341643148
TTGACA,-0.40928294748782335
TTGACT,-0.1365564355453099
TTGACC,-0.01226531486367171
TTGACG,0.2646751165739573
TTGAGA,0.04628157621972801
TTGAGT,0.17730796785053968
TTGAGC,0.3612594180911217
TTGAGG,0.14195583656374933
TTGTAA,-0.274429753478029
TTGTAT,-0.6064395109722639
TTGTAC,-0.07689583295899982
TTGTAG,0.42300525914106585
TTGTTA,0.033146050648150654
TTGTTT,-0.11170398958000129
TTGTTC,0.17843805676755706
TTGTTG,0.4782213616682794
TTGTCA,0.0882982356793421
TTGTCT,0.1655893598508847
TTGTCC,0.25844525226675535
TTGTCG,0.6863149374541938
TTGTGA,-0.09515067745132699
TTGTGT,-0.15762354695240313
TTGTGC,0.07255678259759617
TTGTGG,0.2093502291818738
TTGCAA,-0.14099336130110873
TTGCAT,-0.2583074637718767
TTGCAC,-0.18768816623647974
TTGCAG,0.11876492250822164
TTGCTA,0.17606211825072374
TTGCTT,-0.1482579108601074
TTGCTC,0.2919831543511715
TTGCTG,0.3268238374768873
TTGCCA,0.22921608292358936
TTGCCT,0.24954008275746445
TTGCCC,0.484120938062199
TTGCCG,0.6901904209831494
TTGCGA,-0.26635005953711016
TTGCGT,-0.13451470531039936
TTGCGC,0.16301564441620825
TTGCGG,-0.017113865319909875
TTGGAA,-1.2389461498463896
TTGGAT,-0.9197037044703951
TTGGAC,-1.0406377411087557
TTGGAG,-0.9577510876209411
TTGGTA,-0.20208568627488058
TTGGTT,-0.48135137677307993
TTGGTC,-0.16590177265497347
TTGGTG,-0.19609823403668727
TTGGCA,-0.24583621574255485
TTGGCT,-0.31038917128180415
TTGGCC,-0.46330710580150836
TTGGCG,0.14787047969802788
TTGGGA,-0.46927151119561006
TTGGGT,-0.32967334357593764
TTGGGC,-0.38547198647861497
TTGGGG,-0.3900130035492426
TCAAAA,-0.18531292070462374
TCAAAT,-0.31763994509933524
TCAAAC,0.08655335734403065
TCAAAG,-0.0015372793188863669
TCAATA,0.53758720436456
TCAATT,-0.17737839299643507
TCAATC,-0.009518315160956354
TCAATG,0.4149145384411547
TCAACA,0.42434815834496037
TCAACT,-0.013733500997511047
TCAACC,0.03536448382420391
TCAACG,0.32679424730780426
TCAAGA,-0.20823850032918337
TCAAGT,-0.6135945488579916
TCAAGC,-0.11004132438183793
TCAAGG,-0.16574170013788628
TCATAA,-0.32798862264339745
TCATAT,-0.34890327672081856
TCATAC,-0.3481774034282917
TCATAG,-0.0009799118863488012
TCATTA,0.37663863837829537
TCATTT,-0.1678815867715912
TCATTC,-0.13679509901220507
TCATTG,0.26798864356141305
TCATCA,0.35371854858512997
TCATCT,0.07684212928750345
TCATCC,0.182765519560606
TCATCG,0.2930116513174019
TCATGA,0.0299451828786205
TCATGT,-0.13870736806176334
TCATGC,0.012836756726141346
TCATGG,0.03060719850685669
TCACAA,-0.08666219642177585
TCACAT,-0.2645106486355823
TCACAC,-0.23328426769865246
TCACAG,-0.5593457001552529
TCACTA,0.6681784901138654
TCACTT,0.18997724608732422
TCACTC,-0.04231054125705724
TCACTG,-0.07661616807642484
TCACCA,0.39689537600435604
TCACCT,0.35929581584381104
TCACCC,0.2697282688351852
TCACCG,0.43508554015576295
TCACGA,-0.025757638429163322
TCACGT,-0.17343868321637756
TCACGC,0.1635309977300837
TCACGG,-0.018260442938837836
TCAGAA,-0.3561157814253282
TCAGAT,-0.439811395524522
TCAGAC,-0.21278236684148158
TCAGAG,-0.6402112203044716
TCAGTA,0.0010779559081932316
TCAGTT,-0.11169125640371032
TCAGTC,-0.4748267192284918
TCAGTG,-0.35316247106159177
TCAGCA,0.2366949335529688
TCAGCT,-0.4626363153160313
TCAGCC,-0.35908009521914047
TCAGCG,0.0020106727058549173
TCAGGA,0.2714089508529385
TCAGGT,-0.03129421158712638
TCAGGC,-0.0002316691774522793
TCAGGG,0.083381608939051
TCTAAA,-0.7467592131664544
TCTAAT,-0.7844455555735573
TCTAAC,-0.392856400565016
TCTAAG,-1.1472353544997813
TCTATA,-0.026087266643425096
TCTATT,0.11374279441063063
TCTATC,0.3074846997479607
TCTATG,-0.19145226617355135
TCTACA,0.13753324497157085
TCTACT,0.1503975689654301
TCTACC,0.5419069406757406
TCTACG,0.15344110766947938
TCTAGA,-2.2865752639365624
TCTAGT,-1.6360049398188221
TCTAGC,-1.8496352183141376
TCTAGG,-3.0118516554338743
TCTTAA,-0.5383419370530006
TCTTAT,-0.3024952824848623
TCTTAC,-0.2629733706230674
TCTTAG,-0.8533584849988947
TCTTTA,0.5668981769547635
TCTTTT,0.07720373203132233
TCTTTC,0.16314777558596405
TCTTTG,0.3582547230982508
TCTTCA,0.45128670984931457
TCTTCT,0.37949736047498106
TCTTCC,0.7509066799930244
TCTTCG,0.25791301326008514
TCTTGA,-0.2440124531851705
TCTTGT,-0.16602025538264212
TCTTGC,-0.0010238035191683927
TCTTGG,-0.9346918172450464
TCTCAA,-0.010748205493375174
TCTCAT,-0.13394797250973886
TCTCAC,-0.10218305909208696
TCTCAG,-0.692365625225125
TCTCTA,0.625271211646288
TCTCTT,0.8486485373990738
TCTCTC,0.12513139742615448
TCTCTG,-0.20533153403121446
TCTCCA,0.3835167343420807
TCTCCT,0.6384222808706989
TCTCCC,0.552890486080833
TCTCCG,0.3329311131943957
TCTCGA,0.0010106115059234598
TCTCGT,-0.20156627333352373
TCTCGC,0.06783328301087807
TCTCGG,-0.27375250696764786
TCTGAA,-0.37324574741512995
TCTGAT,-0.41399187011915073
TCTGAC,-0.1833111659791209
TCTGAG,-0.743109540385811
TCTGTA,-0.24088507408037438
TCTGTT,0.07848714163720667
TCTGTC,-0.22135262677648132
TCTGTG,-0.5813790990030051
TCTGCA,-0.08923662206659512
TCTGCT,0.13023024410938625
TCTGCC,-0.16175978163365462
TCTGCG,-0.23424843173422033
TCTGGA,0.30123273742142453
TCTGGT,0.06696570679518234
TCTGGC,0.08187076925740086
TCTGGG,-0.12329990410678246
TCCAAA,-1.1572581414884822
TCCAAT,-1.3785723150259803
TCCAAC,-0.5686906620774165
TCCAAG,-1.6603243444033442
TCCATA,-0.17341035890132622
TCCATT,-0.11457556826156651
TCCATC,-0.06382976800710741
TCCATG,-0.23316869793358852
TCCACA,0.101865868023183
TCCACT,0.16550522193018402
TCCACC,0.24391704448502202
TCCACG,-0.07395705533375589
TCCAGA,0.26307005283611606
TCCAGT,0.29413073597831463
TCCAGC,0.488674013311263
TCCAGG,0.012474799184357975
TCCTAA,-0.6576853513890754
TCCTAT,-0.6787584431078456
TCCTAC,-0.44085825163346093
TCCTAG,-1.8508483855980615
TCCTTA,-0.4174122354640352
TCCTTT,-0.3630515168807657
TCCTTC,-0.22704967697329048
TCCTTG,-0.39862162545448987
TCCTCA,-0.1246588141209243
TCCTCT,0.11798057209544378
TCCTCC,0.06153571537886937
TCCTCG,-0.014437466708513605
TCCTGA,0.31907449112605324
TCCTGT,0.12921173148000625
TCCTGC,0.36773044329686333
TCCTGG,0.029079668806245434
TCCCAA,-0.41371923715305603
TCCCAT,-0.09205284793401838
TCCCAC,0.21130909366720696
TCCCAG,0.04781956097697843
TCCCTA,0.037417031031784245
TCCCTT,0.16140200802307786
TCCCTC,-0.20026308889090663
TCCCTG,0.1929148761956195
TCCCCA,0.3462679575783674
TCCCCT,0.5019838331845298
TCCCCC,0.30082650244920434
TCCCCG,0.25751563201544014
TCCCGA,0.06233471628836117
TCCCGT,-0.03480978827787903
TCCCGC,0.10628366365784196
TCCCGG,0.3609518215891142
TCCGAA,-0.8933033619902391
TCCGAT,-0.6468052365645175
TCCGAC,-0.39423358843163075
TCCGAG,-1.0346589621244355
TCCGTA,-0.2584472087678661
TCCGTT,-0.2667026660660893
TCCGTC,-0.008468142222073094
TCCGTG,-0.3530924828009381
TCCGCA,-0.04664729366051358
TCCGCT,-0.003721138145210203
TCCGCC,0.26255288414108224
TCCGCG,-0.547569774535478
TCCGGA,0.20303092011106783
TCCGGT,0.017953522094614788
TCCGGC,0.450879162595281
TCCGGG,0.33219335174683184
TCGAAA,-0.2857510337203354
TCGAAT,-0.6127839086906841
TCGAAC,-0.26714101290636755
TCGAAG,0.09741495739800725
TCGATA,0.5806226071330136
TCGATT,-0.2764423054025725
TCGATC,-0.06675330375663148
TCGATG,0.08765764022589735
TCGACA,0.6185056533660503
TCGACT,0.13105826285641323
TCGACC,-0.02939423382185264
TCGACG,0.14220246840018944
TCGAGA,-0.014243196716030294
TCGAGT,-0.18917631603641613
TCGAGC,-0.24104885140554846
TCGAGG,-0.12870770443139223
TCGTAA,-0.30399292459096694
TCGTAT,-0.5145040022863019
TCGTAC,-0.38635509804014295
TCGTAG,0.07519198309998015
TCGTTA,0.35713925038932565
TCGTTT,-0.3204640656168103
TCGTTC,-0.4031665500791703
TCGTTG,0.06885630610606326
TCGTCA,0.45858733275502883
TCGTCT,0.22226674284067516
TCGTCC,0.04876671778544962
TCGTCG,0.354350982864909
TCGTGA,0.0372297469712421
TCGTGT,-0.28792070746066895
TCGTGC,-0.15033388130055744
TCGTGG,-0.15335871463233114
TCGCAA,-0.2608617673886876
TCGCAT,-0.45245999164483736
TCGCAC,-0.48305369868440456
TCGCAG,-0.5585468700443865
TCGCTA,0.695745709523209
TCGCTT,0.0687954381200713
TCGCTC,-0.048170201347343074
TCGCTG,0.04972082966238519
TCGCCA,0.5952927475749251
TCGCCT,0.47296944106483063
TCGCCC,0.45661608818007776
TCGCCG,0.504939939002571
TCGCGA,-0.003399233973536704
TCGCGT,-0.2649997553809084
TCGCGC,-0.11674011720422323
TCGCGG,-0.22602464288282242
TCGGAA,-0.5856295714513945
TCGGAT,-0.6579708231194732
TCGGAC,-0.6258911059096705
TCGGAG,-0.5630522174340038
TCGGTA,0.3652833184753325
TCGGTT,-0.2916290750385574
TCGGTC,-0.23247825493721172
TCGGTG,-0.013584223063422598
TCGGCA,0.4826072539567665
TCGGCT,-0.24185327253630914
TCGGCC,-0.5451571697696729
TCGGCG,0.23596242516398214
TCGGGA,0.006935135007040012
TCGGGT,-0.12163757898996702
TCGGGC,-0.21292199724267166
TCGGGG,-0.2796138978022707
TGAAAA,0.027829675425801514
TGAAAT,0.06260705428782397
TGAAAC,-0.179529075192327
TGAAAG,-0.06693044463853239
TGAATA,0.3568597697409405
TGAATT,-0.31035949291699116
TGAATC,-0.3241127294058402
TGAATG,-0.16577826410588362
TGAACA,0.17085153951002566
TGAACT,0.13095184407752397
TGAACC,-0.44838326480037394
TGAACG,-0.22186737502870515
TGAAGA,0.5131354746527496
TGAAGT,0.3276424651732963
TGAAGC,0.027427513408139412
TGAAGG,0.151156760974678
TGATAA,0.13008816389697403
TGATAT,-0.060437322417799325
TGATAC,-0.2062139014968685
TGATAG,0.24060035371836963
TGATTA,0.06267559580687587
TGATTT,-0.0651859798846955
TGATTC,-0.2808149723806076
TGATTG,0.114868126458412
TGATCA,-0.5022575539329549
TGATCT,-0.483864181658615
TGATCC,-0.34769818778836364
TGATCG,-0.1902913976373418
TGATGA,0.33482475311301835
TGATGT,0.2698095363687684
TGATGC,0.17517845490094308
TGATGG,0.10091243535299467
TGACAA,0.023825899686939805
TGACAT,-0.00579283064411994
TGACAC,-0.41717078953878584
TGACAG,-0.44933377442143724
TGACTA,0.3823067729650124
TGACTT,-0.007882520212269584
TGACTC,-0.17480272437992728
TGACTG,-0.4329226228795549
TGACCA,0.14645728604747357
TGACCT,0.1031684178662625
TGACCC,-0.0901127287938573
TGACCG,0.11925743071086141
TGACGA,0.4319685089091092
TGACGT,0.19154685871533703
TGACGC,0.27405614308934945
TGACGG,0.33193519804994587
TGAGAA,-0.12277215207101885
TGAGAT,-0.1216969349775197
TGAGAC,-0.4648106108246571
TGAGAG,-0.23306551216581564
TGAGTA,0.2680208317230253
TGAGTT,0.2150814921432816
TGAGTC,-0.02035040100108877
TGAGTG,-0.07813037253285002
TGAGCA,0.36340283293471204
TGAGCT,0.05495825090455517
TGAGCC,-0.3604486365135539
TGAGCG,0.13344326748677005
TGAGGA,-0.08921982093487046
TGAGGT,-0.17137938061716307
TGAGGC,-0.46202274091472256
TGAGGG,-0.2682159008096295
TGTAAA,-0.3951780395513501
TGTAAT,-0.15330644170197766
TGTAAC,-0.1996993500725193
TGTAAG,-0.5989456574917452
TGTATA,-0.609794790455357
TGTATT,-0.25745713930339037
TGTATC,-0.3640005183675342
TGTATG,-0.34163834410416427
TGTACA,-0.10594857800938066
TGTACT,0.07627057747374771
TGTACC,-0.15381399365767068
TGTACG,-0.1879302248475221
TGTAGA,0.1745963709875478
TGTAGT,0.36486149971530213
TGTAGC,0.27179726191175785
TGTAGG,-0.04445176257083381
TGTTAA,-0.02807442169775245
TGTTAT,-0.14229834103621933
TGTTAC,-0.2406913862233004
TGTTAG,0.053741276026190485
TGTTTA,0.12393628938562337
TGTTTT,-0.04465864366666223
TGTTTC,-0.20304422347182147
TGTTTG,0.18009817110166956
TGTTCA,0.19744311373384899
TGTTCT,0.2153614108721548
TGTTCC,0.309125102887044
TGTTCG,0.1124236895338351
TGTTGA,0.47529725786511073
TGTTGT,0.4703945851378594
TGTTGC,0.472575741631991
TGTTGG,0.07476285102453968
TGTCAA,-0.4282168650915805
TGTCAT,0.06142533205434483
TGTCAC,-0.04978866649902159
TGTCAG,-0.35724763172750057
TGTCTA,0.026757449169549332
TGTCTT,0.040190880583245485
TGTCTC,-0.0516866180408883
TGTCTG,-0.12869565570863056
TGTCCA,-0.033349552445147736
TGTCCT,0.07150228309237722
TGTCCC,0.0006698671680652329
TGTCCG,0.0698057294663105
TGTCGA,0.542928869150408
TGTCGT,0.3017201980302454
TGTCGC,0.38863963874616114
TGTCGG,0.3452777838001394
TGTGAA,-0.2672647703004047
TGTGAT,-0.2860905699969387
TGTGAC,-0.30563665992684935
TGTGAG,-0.484909648331363
TGTGTA,-0.3142672808282764
TGTGTT,-0.12080682365484229
TGTGTC,-0.22139338678958695
TGTGTG,-0.29854156879842153
TGTGCA,-0.10511573045561783
TGTGCT,0.07919079792444156
TGTGCC,-0.12854781364165582
TGTGCG,-0.18419878655491953
TGTGGA,0.14387037041970183
TGTGGT,0.1794871495763918
TGTGGC,-0.19953014891308765
TGTGGG,0.1314188898724818
TGCAAA,0.02774286248210706
TGCAAT,-0.14284344231322016
TGCAAC,0.0833376035703889
TGCAAG,-0.4216536106922353
TGCATA,-0.056543908831097965
TGCATT,-0.22985270186336998
TGCATC,-0.13719624678189996
TGCATG,-0.3642162689334782
TGCACA,-0.11719079400448576
TGCACT,-0.184780651951635
TGCACC,-0.17265530191848116
TGCACG,-0.3677021554349919
TGCAGA,-0.17423705767707912
TGCAGT,-0.3637065602267033
TGCAGC,-0.27730951363615797
TGCAGG,0.23996085547125398
TGCTAA,-0.10349236703919398
TGCTAT,-0.07526206783379331
TGCTAC,-0.09008520420184689
TGCTAG,-1.6322198992442218
TGCTTA,-0.029030880705431684
TGCTTT,-0.10076731853370066
TGCTTC,-0.2528403829562355
TGCTTG,-0.35328312226021447
TGCTCA,0.33725004110053086
TGCTCT,0.21480130942823517
TGCTCC,0.16288527012538373
TGCTCG,0.12290685061288587
TGCTGA,0.23494153053788144
TGCTGT,0.26628872375990437
TGCTGC,0.1638483816384822
TGCTGG,0.5254671737589389
TGCCAA,-0.20033174113300134
TGCCAT,-0.10875898961693778
TGCCAC,-0.25417491651404245
TGCCAG,0.0843418342462449
TGCCTA,-0.13550832901797846
TGCCTT,0.0839423740866159
TGCCTC,-0.4223586424436603
TGCCTG,-0.00928194255546102
TGCCCA,0.08803573200052014
TGCCCT,0.11930899827296039
TGCCCC,-0.04237079451010568
TGCCCG,0.2298097259108507
TGCCGA,0.4849081766785788
TGCCGT,0.2969642425795457
TGCCGC,0.24503082420171043
TGCCGG,0.41484422545484945
TGCGAA,-0.48767487893695083
TGCGAT,-0.3969154744775386
TGCGAC,-0.2938372908299464
TGCGAG,-0.5433245528821345
TGCGTA,0.012102399393199025
TGCGTT,-0.1888268200674026
TGCGTC,-0.08380873289849768
TGCGTG,-0.22678049396955735
TGCGCA,0.00827176041116472
TGCGCT,0.055257843096798875
TGCGCC,0.24274822398738738
TGCGCG,-0.20753297614045066
TGCGGA,-0.00462223045170625
TGCGGT,-0.2415301775646491
TGCGGC,-0.12466285924610898
TGCGGG,0.019539378840451288
TGGAAA,0.13687490274072062
TGGAAT,-0.21740021765629702
TGGAAC,-0.18034916956675026
TGGAAG,0.519825413435067
TGGATA,0.3623374732253599
TGGATT,-0.17026132948554265
TGGATC,-0.5162879507846431
TGGATG,0.13347896935906545
TGGACA,-0.05234159530280597
TGGACT,-0.2758661771510591
TGGACC,-0.9280550015266128
TGGACG,-0.06601768978593252
TGGAGA,0.36202344406974346
TGGAGT,0.18294351182592455
TGGAGC,0.02885262962178296
TGGAGG,0.10899200303075117
TGGTAA,-0.06527258584978834
TGGTAT,-0.08440928376238944
TGGTAC,-0.2985320884758466
TGGTAG,0.21676334577161513
TGGTTA,-0.041320589244797326
TGGTTT,-0.06986405153242153
TGGTTC,-0.4295508140828324
TGGTTG,-0.12544009895753871
TGGTCA,0.23536864244346908
TGGTCT,-0.1052220977740148
TGGTCC,-0.9762909090657406
TGGTCG,0.21289445401948331
TGGTGA,0.3911779595626436
TGGTGT,0.3087719217734329
TGGTGC,0.2369379484385235
TGGTGG,0.35131874473820746
TGGCAA,0.2373021709935517
TGGCAT,-0.053299071838634464
TGGCAC,-0.5114029646714362
TGGCAG,-0.22834103016428836
TGGCTA,0.24936371192176404
TGGCTT,0.013889112160667093
TGGCTC,-0.5366855383050931
TGGCTG,-0.23789339056321923
TGGCCA,-0.6100500233910723
TGGCCT,-0.029302312124168138
TGGCCC,-0.47530527231672387
TGGCCG,-0.3515316282137359
TGGCGA,0.6176154503943722
TGGCGT,0.3044295544305312
TGGCGC,0.16853239875991463
TGGCGG,0.3892121839834569
TGGGAA,-0.12910350051502154
TGGGAT,-0.14775964422648416
TGGGAC,-0.3628871868856443
TGGGAG,-0.23954958670131968
TGGGTA,0.27984002355766124
TGGGTT,-0.26100833205635515
TGGGTC,-0.4076256223882365
TGGGTG,0.05483451390562054
TGGGCA,-0.014316120707683802
TGGGCT,-0.30905772084770117
TGGGCC,-0.5809255745221736
TGGGCG,0.2355400534244124
TGGGGA,0.3169226457636303
TGGGGT,-0.23643997478765125
TGGGGC,-0.03462210419809121
TGGGGG,0.027808469296741942
CAAAAA,-0.05395789153950846
CAAAAT,0.09098544622324926
CAAAAC,0.009535767115061796
CAAAAG,0.019635974516858935
CAAATA,-0.17835994868723634
CAAATT,-0.011414679855121757
CAAATC,-0.1562588456935887
CAAATG,-0.18576839051998156
CAAACA,0.2300135689663468
CAAACT,0.22174574944737835
CAAACC,-0.1322634069397576
CAAACG,0.006353473972175354
CAAAGA,0.07636191751064716
CAAAGT,0.11448966432592293
CAAAGC,-0.05347233725511188
CAAAGG,-0.030413707901699664
CAATAA,0.29333776641989695
CAATAT,0.4816396938755218
CAATAC,0.3820339101145371
CAATAG,0.19925573829903048
CAATTA,-0.3088600406162598
CAATTT,-0.0549222875900092
CAATTC,-0.45355129477580225
CAATTG,-0.382377812912658
CAATCA,0.03929214427585175
CAATCT,-0.023109128296009335
CAATCC,-0.15140329521816404
CAATCG,-0.2353937911848535
CAATGA,0.2394762059351075
CAATGT,0.25504587125901773
CAATGC,0.23742117004617927
CAATGG,0.25096136060058416
CAACAA,0.4943772137835999
CAACAT,0.38381008803189676
CAACAC,0.24118570055307229
CAACAG,0.24599618526629513
CAACTA,-0.26569004228731363
CAACTT,-0.12444901023780319
CAACTC,0.13423339335535245
CAACTG,0.20158854775238005
CAACCA,-0.06069861094006736
CAACCT,0.0789945680252848
CAACCC,-0.058243479330952114
CAACCG,-0.2328453244024765
CAACGA,0.07922528484528031
CAACGT,0.29057614163406903
CAACGC,0.10047604229835123
CAACGG,0.144123861632708
CAAGAA,-0.20300731788909365
CAAGAT,-0.27879859787419986
CAAGAC,-0.25588695857869714
CAAGAG,-0.12307205440817452
CAAGTA,-0.6926883597214305
CAAGTT,-0.41597248236084644
CAAGTC,-0.6209682093466236
CAAGTG,-0.8264221300493275
CAAGCA,-0.24141792083212282
CAAGCT,-0.07916067895042184
CAAGCC,-0.4716178346002766
CAAGCG,-0.27995426995171013
CAAGGA,-0.28079442713821207
CAAGGT,-0.24000066838063278
CAAGGC,-0.2933272029027417
CAAGGG,-0.08852732138217426
CATAAA,-0.07507928401870588
CATAAT,-0.15293309779445405
CATAAC,-0.24115456166063284
CATAAG,-0.47773916376416914
CATATA,-0.5802454503579835
CATATT,0.15100895355501073
CATATC,-0.08848635631376833
CATATG,-0.48110944236983694
CATACA,-0.22138175747434247
CATACT,-0.0650848742442653
CATACC,-0.09712154011327359
CATACG,-0.4645810425600239
CATAGA,-0.05826890812397588
CATAGT,0.04299252337693336
CATAGC,0.03654595652596194
CATAGG,-0.23942309395958092
CATTAA,0.3865814225621439
CATTAT,0.26543646350446126
CATTAC,0.4549100777206293
CATTAG,0.10558591856647807
CATTTA,-0.43431116724623914
CATTTT,0.04239658423067835
CATTTC,-0.061420547434939986
CATTTG,-0.32408050432604957
CATTCA,-0.14514196900283405
CATTCT,0.11320089794499938
CATTCC,0.046018399305124
CATTCG,-0.29028400599268156
CATTGA,0.380329134836622
CATTGT,0.3372300994843149
CATTGC,0.3173883428169364
CATTGG,-0.13177203335924884
CATCAA,0.3575960370342506
CATCAT,0.23637880802420055
CATCAC,0.37538304519324484
CATCAG,0.04312291264181968
CATCTA,-0.2785358957918829
CATCTT,0.10323901052268294
CATCTC,0.22066864285996016
CATCTG,-0.07527949569674965
CATCCA,0.08291635353868086
CATCCT,0.10524561935161622
CATCCC,0.22173741093722002
CATCCG,-0.07454528926676872
CATCGA,0.0924959616154509
CATCGT,0.14125752514638407
CATCGC,0.27023990357880867
CATCGG,0.13108540689626227
CATGAA,-0.08328842656110254
CATGAT,0.00693776698291495
CATGAC,0.14945346789982475
CATGAG,-0.13720947360422212
CATGTA,-0.4440823209413787
CATGTT,0.058120005043061466
CATGTC,0.0385761122099469
CATGTG,-0.29834665260831
CATGCA,-0.3731297274652279
CATGCT,-0.0765747405691554
CATGCC,-0.04087294863608496
CATGCG,-0.421286528953836
CATGGA,-0.22923535647984844
CATGGT,-0.06176606692105649
CATGGC,-0.1836674520173098
CATGGG,-0.152107778197458
CACAAA,0.05858153329871018
CACAAT,0.28185115214098766
CACAAC,0.10519141106623361
CACAAG,-0.41954462931435105
CACATA,-0.29205745233303787
CACATT,0.016988825586469945
CACATC,0.2303519290332304
CACATG,-0.3931988259038475
CACACA,-0.275781179774891
CACACT,0.06870719800979082
CACACC,-0.07076907088820715
CACACG,-0.44779539854030453
CACAGA,-0.45112387142903354
CACAGT,-0.39391968678978484
CACAGC,-0.26157975492399227
CACAGG,-0.08458496624678771
CACTAA,0.31644057196803926
CACTAT,0.605479204728604
CACTAC,0.6501096688799632
CACTAG,-0.9709245941924982
CACTTA,-0.5593942794618179
CACTTT,0.4079102544264628
CACTTC,0.5652271702040357
CACTTG,-0.8711490762093836
CACTCA,-0.0829069200209048
CACTCT,0.15449526976864186
CACTCC,0.038531955186204676
CACTCG,-0.28416586919498793
CACTGA,-0.31627773025992506
CACTGT,-0.20638858287659198
CACTGC,-0.1935222339190563
CACTGG,0.0379258284935055
CACCAA,-0.2628566085274587
CACCAT,0.2847388570307459
CACCAC,0.6243399411507499
CACCAG,0.39439543635839747
CACCTA,-0.28530856826275064
CACCTT,0.12739323065770886
CACCTC,0.37428736776564037
CACCTG,0.12141003209217774
CACCCA,0.13219090985007068
CACCCT,0.08302977843953631
CACCCC,-0.17701650456426135
CACCCG,-0.11863328546847282
CACCGA,0.07850920024220617
CACCGT,0.23109964556459653
CACCGC,0.01042677867679128
CACCGG,0.16402836374662919
CACGAA,-0.2737766565192359
CACGAT,0.05042132804833204
CACGAC,0.14749492523596397
CACGAG,-0.8296762590373841
CACGTA,-0.5464939353149042
CACGTT,0.06683168489668248
CACGTC,-0.11257849772493377
CACGTG,-0.935820990926788
CACGCA,-0.2231435513142097
CACGCT,0.26900868068395384
CACGCC,0.2528278725642393
CACGCG,-0.4181229201999842
CACGGA,-0.31010324738184036
CACGGT,0.033357235232957964
CACGGC,-0.1337336648161573
CACGGG,-0.20274008781439867
CAGAAA,-0.1104738955673603
CAGAAT,0.0788059948160496
CAGAAC,-0.20089794236689001
CAGAAG,-0.09521935740745939
CAGATA,-0.008488461024077309
CAGATT,-0.1208822355836742
CAGATC,-0.2217800918119835
CAGATG,-0.16200570511012152
CAGACA,-0.17138417066836364
CAGACT,-0.08748745412311579
CAGACC,0.024135587770501375
CAGACG,0.16005985115319193
CAGAGA,-0.19605289225340528
CAGAGT,-0.06114293213643302
CAGAGC,-0.41606605080963377
CAGAGG,-0.5566338360382593
CAGTAA,0.06074345016901952
CAGTAT,-0.041280299833530536
CAGTAC,0.304856122853151
CAGTAG,0.1812964413787093
CAGTTA,-0.3917152495484225
CAGTTT,0.08157735818410117
CAGTTC,0.2840802291718718
CAGTTG,0.2745064205991654
CAGTCA,-0.4164892085748556
CAGTCT,-0.30406282311538646
CAGTCC,-0.20044894138651134
CAGTCG,-0.2623642644674911
CAGTGA,-0.08505873467895861
CAGTGT,-0.20371834824733903
CAGTGC,-0.38983199411949815
CAGTGG,-0.12029991148449806
CAGCAA,0.33830459765298204
CAGCAT,0.23227015141129695
CAGCAC,0.44009861593030525
CAGCAG,0.3191358414894478
CAGCTA,-0.06674045195406057
CAGCTT,-0.008098982652175903
CAGCTC,0.27114355556684866
CAGCTG,-1.3553202088174126
CAGCCA,-0.21515637789737602
CAGCCT,-0.26930511110308986
CAGCCC,-0.04745198215155646
CAGCCG,-0.40390933948416763
CAGCGA,0.05597367185473232
CAGCGT,0.3144836766939524
CAGCGC,0.16481144464343778
CAGCGG,-0.0891277798960074
CAGGAA,0.40995983252047785
CAGGAT,0.22334961650022583
CAGGAC,-0.0994509724703562
CAGGAG,0.34074803148400157
CAGGTA,0.05023959621508409
CAGGTT,0.087590329102506
CAGGTC,-0.10673803300291784
CAGGTG,0.1530602810276992
CAGGCA,-0.07024008051587673
CAGGCT,0.05644586499501797
CAGGCC,-0.07249206566517648
CAGGCG,0.2624140821740253
CAGGGA,0.040082349516120774
CAGGGT,0.13768115520551336
CAGGGC,0.11955586124416723
CAGGGG,0.15898691699590306
CTAAAA,-0.16380587081761036
CTAAAT,-0.11378161805423452
CTAAAC,-0.11990158294164702
CTAAAG,-0.009353284458977169
CTAATA,-0.13700331993607903
CTAATT,-0.3046975024031203
CTAATC,-0.42604869526270134
CTAATG,0.05610897066399484
CTAACA,0.049871830040173155
CTAACT,-0.12555653398976382
CTAACC,-0.1106576642799177
CTAACG,0.2258245180674676
CTAAGA,-0.7236301972850212
CTAAGT,-0.42510225468247054
CTAAGC,-0.37793666477152277
CTAAGG,-0.3407033251139538
CTATAA,-0.06864723940885407
CTATAT,-0.06483496675679361
CTATAC,-0.08265794290061595
CTATAG,0.22953649170047194
CTATTA,0.038929846368217155
CTATTT,0.308229547916139
CTATTC,0.18599981086844633
CTATTG,0.22956943264081603
CTATCA,0.2558143336037585
CTATCT,0.471342815518344
CTATCC,0.44003257177489147
CTATCG,0.5910644562447519
CTATGA,-0.10981184142796332
CTATGT,0.08454311057430379
CTATGC,0.03779450063109025
CTATGG,-0.14870973422358832
CTACAA,0.28768207245178085
CTACAT,0.055220368158159644
CTACAC,0.2304554946092157
CTACAG,0.08697523088707933
CTACTA,0.1024560698170371
CTACTT,0.25572830017493875
CTACTC,0.24183568432636235
CTACTG,0.17413597220751525
CTACCA,0.07390455991268904
CTACCT,0.22729293486102115
CTACCC,0.19803256618688084
CTACCG,0.5215328108104174
CTACGA,-0.032203140494634706
CTACGT,0.036172731393725156
CTACGC,0.2526088539899669
CTACGG,0.18822999348012084
CTAGAA,-1.8097779747307332
CTAGAT,-2.69237238838298
CTAGAC,-2.1118068261818674
CTAGAG,-1.4469189829363254
CTAGTA,-1.2921321707720936
CTAGTT,-1.341413213447174
CTAGTC,-1.5397305000092802
CTAGTG,-1.1015708707078549
CTAGCA,-1.457737059517572
CTAGCT,-1.2549926238226372
CTAGCC,-1.3883755273237153
CTAGCG,-1.1562107999436269
CTAGGA,-2.071283353978372
CTAGGT,-2.6352037602992686
CTAGGC,-1.9725783961374748
CTAGGG,-1.5353299402803784
CTTAAA,-0.4396864997304982
CTTAAT,-0.09283420141272905
CTTAAC,-0.020308508172024554
CTTAAG,-1.1715865145303714
CTTATA,-0.5795115427770067
CTTATT,-0.1477069290563262
CTTATC,0.17866219871324127
CTTATG,-0.5561675086565068
CTTACA,-0.5167212538131952
CTTACT,-0.14714794261568756
CTTACC,0.02984574816849417
CTTACG,-0.2282254674250695
CTTAGA,-1.1511042413247565
CTTAGT,-0.8497162412514853
CTTAGC,-0.2788082296465606
CTTAGG,-0.6885353353373822
CTTTAA,0.212336629530071
CTTTAT,0.4533017796278041
CTTTAC,0.38828166005247905
CTTTAG,0.1575230823044032
CTTTTA,-0.040672650035589376
CTTTTT,0.12374655498681247
CTTTTC,-0.229280953536252
CTTTTG,-0.03629530882417616
CTTTCA,0.12458788715476736
CTTTCT,0.1937378264754595
CTTTCC,0.15312792340980058
CTTTCG,-0.08793540847244541
CTTTGA,0.16807003192129738
CTTTGT,0.3438766307954229
CTTTGC,0.2701812992930515
CTTTGG,0.0945432781813671
CTTCAA,0.3854904969780411
CTTCAT,0.2869446772667407
CTTCAC,0.4230181074644669
CTTCAG,-0.24261602574661603
CTTCTA,0.19205296424417853
CTTCTT,0.46647497854192377
CTTCTC,0.26446875007199866
CTTCTG,-0.1977882322440499
CTTCCA,0.43159902712884585
CTTCCT,0.4770922665234701
CTTCCC,0.3737782372444299
CTTCCG,0.41020605840369495
CTTCGA,0.049350666048852736
CTTCGT,0.06170788550008968
CTTCGC,0.1802645282549762
CTTCGG,0.015511301770750219
CTTGAA,-0.4526118865338664
CTTGAT,-0.20273363305521128
CTTGAC,-0.5999080254344638
CTTGAG,0.08576405267533437
CTTGTA,-0.5676094356161683
CTTGTT,-0.1023610980409476
CTTGTC,-0.10361402498752131
CTTGTG,-0.5046527646589097
CTTGCA,-0.4477469061617895
CTTGCT,-0.03223108555464863
CTTGCC,0.22006188477680166
CTTGCG,-0.29941368647242683
CTTGGA,-1.7118109190801283
CTTGGT,-1.2160787183379953
CTTGGC,-0.8642733619442374
CTTGGG,-1.2404684726463833
CTCAAA,-0.0735728186598705
CTCAAT,0.3734086919920483
CTCAAC,0.3157509138079608
CTCAAG,0.17854796741031514
CTCATA,-0.36978769988733173
CTCATT,0.1312943310536844
CTCATC,0.32728132379951724
CTCATG,-0.09266963904416643
CTCACA,-0.5177974616448714
CTCACT,-0.06936112779750236
CTCACC,0.20616305921017727
CTCACG,-0.02377843932604507
CTCAGA,-0.794094989457575
CTCAGT,-0.34778719613688974
CTCAGC,-0.44788582399211657
CTCAGG,-0.11412793937912304
CTCTAA,-0.3098607673957029
CTCTAT,0.6430500778996587
CTCTAC,0.7061343760867564
CTCTAG,-1.3015531326648
CTCTTA,-0.5015201669040997
CTCTTT,0.7237001787399641
CTCTTC,1.0093201811893477
CTCTTG,-0.15180601286800421
CTCTCA,-0.4565685861424663
CTCTCT,0.4690440897510356
CTCTCC,0.7131193137468604
CTCTCG,-0.13028538931067501
CTCTGA,-0.6292273147105178
CTCTGT,-0.20224880244657936
CTCTGC,-0.30329148337885714
CTCTGG,-0.24619624760631242
CTCCAA,-1.032323948917577
CTCCAT,0.06164416311120659
CTCCAC,0.23240287672700652
CTCCAG,0.5318526027593838
CTCCTA,-0.4750720638161942
CTCCTT,0.033459562718209664
CTCCTC,0.34800911950035995
CTCCTG,0.3865239464335588
CTCCCA,-0.07984595410674336
CTCCCT,0.09437494475836865
CTCCCC,0.46816898588823236
CTCCCG,0.019588603378189975
CTCCGA,-0.586261111593282
CTCCGT,-0.18775548418110466
CTCCGC,-0.09250365279114747
CTCCGG,0.37816266367542184
CTCGAA,-0.5147084866465976
CTCGAT,0.06453852113757116
CTCGAC,0.33065229551032566
CTCGAG,-1.9456353860366866
CTCGTA,-0.8675384816779225
CTCGTT,-0.20236982328167402
CTCGTC,0.06683247593673003
CTCGTG,-0.90775196468255
CTCGCA,-0.6138575374763648
CTCGCT,0.1470944591721433
CTCGCC,0.4112414101731729
CTCGCG,-0.3361271115099357
CTCGGA,-0.7927852473238621
CTCGGT,-0.017017498076260573
CTCGGC,-0.03949153238310182
CTCGGG,-0.9112529378441979
CTGAAA,-0.14482545887704254
CTGAAT,-0.04477678085597333
CTGAAC,-0.1618925102462206
CTGAAG,-0.12338887437414928
CTGATA,-0.14801394466044399
CTGATT,-0.06980678952964567
CTGATC,-0.49939287113900727
CTGATG,0.03898686578773115
CTGACA,-0.3518298922755328
CTGACT,-0.22740729290830478
CTGACC,0.11889553270484708
CTGACG,0.2693872093406006
CTGAGA,-0.673402978523269
CTGAGT,-0.13477653214914587
CTGAGC,-0.28398285873325835
CTGAGG,-0.8307163800326224
CTGTAA,-0.2253212731425237
CTGTAT,-0.23098236322437954
CTGTAC,-0.03645712926556505
CTGTAG,0.088378574973013
CTGTTA,-0.2290705363680275
CTGTTT,0.16031939993858382
CTGTTC,0.32921740314572984
CTGTTG,0.32397954536395857
CTGTCA,-0.47106840308191505
CTGTCT,-0.2285515492249584
CTGTCC,-0.15490128973302025
CTGTCG,0.19834520626211188
CTGTGA,-0.6303741682671329
CTGTGT,-0.39370587519508954
CTGTGC,-0.23648275861032644
CTGTGG,-0.1750124619426589
CTGCAA,0.1434999018685638
CTGCAT,0.04452278782033991
CTGCAC,0.03302277409630459
CTGCAG,-0.6876273873363474
CTGCTA,-0.41829063284045226
CTGCTT,-0.08048684564411397
CTGCTC,0.38669057901801857
CTGCTG,0.3158702703573671
CTGCCA,-0.18587689963560236
CTGCCT,-0.42407796726875546
CTGCCC,-0.0730573701628581
CTGCCG,0.10384831830650515
CTGCGA,-0.5915168699344873
CTGCGT,-0.13052807482563686
CTGCGC,0.02070844282863199
CTGCGG,-0.11214244554749707
CTGGAA,0.5003020593152117
CTGGAT,0.2775846393053559
CTGGAC,-0.059506451433094215
CTGGAG,0.5155641857209223
CTGGTA,-0.04844453806430827
CTGGTT,-0.0697471695985439
CTGGTC,0.033548689858932945
CTGGTG,0.43159559391044455
CTGGCA,0.06798413443771288
CTGGCT,0.025662196182066343
CTGGCC,-0.22960375252654963
CTGGCG,0.5398884954757214
CTGGGA,-0.11532127953359766
CTGGGT,-0.02151411470483035
CTGGGC,0.04650422171397272
CTGGGG,0.13829134364149576
CCAAAA,-0.39726951534003635
CCAAAT,-0.5488901719544109
CCAAAC,-0.3805440813622956
CCAAAG,-0.15707477405917084
CCAATA,-0.019839692475301502
CCAATT,-0.8415861738011482
CCAATC,-0.4859558110105777
CCAATG,-0.16847757244802003
CCAACA,0.08432342452234093
CCAACT,-0.0781262424006444
CCAACC,-0.34712179896704864
CCAACG,-0.08247748540696313
CCAAGA,-0.8050571476067401
CCAAGT,-1.1169404076724099
CCAAGC,-0.7917510504415965
CCAAGG,-1.4450438651920812
CCATAA,-0.20736465872495005
CCATAT,-0.14277393236333225
CCATAC,-0.18001356756582018
CCATAG,-0.21511137961694543
CCATTA,0.2963419639351952
CCATTT,-0.11349544069647481
CCATTC,-0.07443259478276966
CCATTG,0.2702852587588543
CCATCA,0.10820235820872219
CCATCT,-0.002931305583416683
CCATCC,-0.1925393724184623
CCATCG,0.0807703095477109
CCATGA,0.012909771039008904
CCATGT,-0.08671292396889363
CCATGC,0.06338433182734177
CCATGG,-0.724936661077178
CCACAA,0.24611943785341853
CCACAT,0.06483053457226418
CCACAC,-0.05363080208272602
CCACAG,-0.14800293421924254
CCACTA,0.41340351075852233
CCACTT,0.24400042928751123
CCACTC,0.13373121278704195
CCACTG,-0.03444925644351641
CCACCA,0.3934939378264962
CCACCT,0.08523127293040744
CCACCC,-0.19093100544383393
CCACCG,0.0239792476926399
CCACGA,-0.12613944069386254
CCACGT,-0.3079364544117966
CCACGC,0.02589312425685665
CCACGG,0.04324957424150034
CCAGAA,0.11596399798998844
CCAGAT,0.07562061150018638
CCAGAC,0.3115412959132487
CCAGAG,-0.20581042598576105
CCAGTA,0.3245461407553512
CCAGTT,0.4144152982431983
CCAGTC,0.011199553174160624
CCAGTG,-0.014081540879827647
CCAGCA,0.5137003154098418
CCAGCT,-0.054150102211850695
CCAGCC,-0.024734911806573275
CCAGCG,0.4130615996263202
CCAGGA,0.05849970398606104
CCAGGT,0.007845178483548385
CCAGGC,-0.009075969891658387
CCAGGG,-0.0039029879487584187
CCTAAA,-0.4227309227054469
CCTAAT,-0.5615490346852618
CCTAAC,-0.23591450724670882
CCTAAG,-0.6985746022953104
CCTATA,-0.22587597120435435
CCTATT,-0.4476619532663492
CCTATC,-0.08679443371944384
CCTATG,-0.29166063395592184
CCTACA,-0.23649278763320447
CCTACT,-0.19967393485134197
CCTACC,-0.07354390332237022
CCTACG,-0.22177005948639725
CCTAGA,-3.1013784626889778
CCTAGT,-1.6986690461620428
CCTAGC,-1.2801398795608878
CCTAGG,-3.144767852714479
CCTTAA,-0.4175749234199416
CCTTAT,-0.2176801490911134
CCTTAC,-0.22702705134060736
CCTTAG,-0.7095794751870269
CCTTTA,0.33676412470995887
CCTTTT,-0.1823215567939546
CCTTTC,-0.13013580362338456
CCTTTG,0.09810095564502226
CCTTCA,0.14894439790729044
CCTTCT,0.2000845666828888
CCTTCC,0.3614440292830087
CCTTCG,0.09346730964474549
CCTTGA,-0.2558240187868811
CCTTGT,-0.1334120537616803
CCTTGC,0.017454550864387925
CCTTGG,-1.9072553638520866
CCTCAA,0.22046258456095194
CCTCAT,-0.16011739948294418
CCTCAC,-0.35173086197377695
CCTCAG,-0.9395982561286242
CCTCTA,0.4791851162692066
CCTCTT,0.6239553238967329
CCTCTC,0.12448483192240213
CCTCTG,-0.587786664902119
CCTCCA,-0.015861007362657185
CCTCCT,0.10904647633674977
CCTCCC,-0.06524052186840097
CCTCCG,-0.06394091613667967
CCTCGA,-0.09853729030970085
CCTCGT,-0.33931772843967595
CCTCGC,-0.07651225387415392
CCTCGG,-0.14696959089168218
CCTGAA,0.0623993492896349
CCTGAT,0.029214680542599205
CCTGAC,0.25173307823195923
CCTGAG,-0.1240269083129587
CCTGTA,0.06212283660318014
CCTGTT,0.36515600178205926
CCTGTC,-0.03105560103528639
CCTGTG,-0.10052958838816076
CCTGCA,0.22914680185322833
CCTGCT,0.44986448451718103
CCTGCC,0.08952616899119988
CCTGCG,0.18908374464239336
CCTGGA,0.006764400088542063
CCTGGT,-0.056419518097884924
CCTGGC,0.054764766739070894
CCTGGG,0.0536906443499905
CCCAAA,-0.46853859263952685
CCCAAT,-0.4491722892900052
CCCAAC,0.12005123106782992
CCCAAG,-0.9774664623065373
CCCATA,-0.07219216816473689
CCCATT,0.09072234981116813
CCCATC,-0.017080611324903728
CCCATG,-0.07268039145907154
CCCACA,0.19448382585059965
CCCACT,0.37552725891794153
CCCACC,0.045639240012839324
CCCACG,-0.043992221767292825
CCCAGA,0.037120404038050996
CCCAGT,0.16221419080884036
CCCAGC,0.12654879291858706
CCCAGG,0.14335965955929697
CCCTAA,-0.34358970439007686
CCCTAT,-0.14158454312270927
CCCTAC,-0.006185211641680838
CCCTAG,-1.4675769945567476
CCCTTA,-0.2934809364629266
CCCTTT,0.06373884096700683
CCCTTC,0.31797133844154857
CCCTTG,-0.35759168336801966
CCCTCA,-0.3515468753128415
CCCTCT,0.11172128221963654
CCCTCC,-0.04519949603870345
CCCTCG,-0.2562839438165141
CCCTGA,0.13313864535234063
CCCTGT,0.01976924393838746
CCCTGC,0.21759183684670205
CCCTGG,0.057285607938313846
CCCCAA,-0.32242048316556265
CCCCAT,0.09757837521577123
CCCCAC,0.10308390682023429
CCCCAG,0.19218983092803052
CCCCTA,-0.12322396209070878
CCCCTT,0.22267196441558543
CCCCTC,0.09033705904763581
CCCCTG,0.24017973846677773
CCCCCA,0.15728057283618593
CCCCCT,0.2153614108721548
CCCCCC,-0.3344939966091073
CCCCCG,-0.3612168526438226
CCCCGA,-0.3442406372702164
CCCCGT,-0.25780921652417216
CCCCGC,-0.21466325054827642
CCCCGG,0.17207718036160347
CCCGAA,-0.3991110939459881
CCCGAT,-0.062083229416695036
CCCGAC,0.10097366914109067
CCCGAG,-0.8844689937650275
CCCGTA,-0.05910097029928619
CCCGTT,-0.07818681468228703
CCCGTC,0.014070817648874783
CCCGTG,-0.35527991929956776
CCCGCA,-0.005771096491921953
CCCGCT,0.028754691737499234
CCCGCC,0.20681095790780968
CCCGCG,-0.32709975231832467
CCCGGA,0.2852159799565874
CCCGGT,0.13042448432104264
CCCGGC,0.3357799087678908
CCCGGG,-0.4042667856160556
CCGAAA,-0.38870216558198484
CCGAAT,-0.5552602398334248
CCGAAC,-0.2757454418525349
CCGAAG,0.13306311820716202
CCGATA,0.2737158953574227
CCGATT,-0.2705722448853206
CCGATC,-0.23709976280800923
CCGATG,0.12626954321225983
CCGACA,0.33811487096260706
CCGACT,0.024219004151980035
CCGACC,-0.12028016525643831
CCGACG,0.12153149604789834
CCGAGA,-0.1634051911308639
CCGAGT,-0.5177145919194537
CCGAGC,-0.2800103934983587
CCGAGG,-0.11744797115333246
CCGTAA,-0.12937869900794724
CCGTAT,-0.12627804605933574
CCGTAC,-0.1073768301526903
CCGTAG,0.22947322773762296
CCGTTA,0.20451366453302597
CCGTTT,-0.03777818454434008
CCGTTC,-0.2351422836678713
CCGTTG,0.12148484746843244
CCGTCA,0.2725152799082912
CCGTCT,0.091896014704537
CCGTCC,-0.2117530828368855
CCGTCG,0.23148341165343514
CCGTGA,-0.03206669163356558
CCGTGT,-0.24630188645736178
CCGTGC,-0.434550201198264
CCGTGG,0.10024915002059052
CCGCAA,0.005647877362968974
CCGCAT,-0.07041596833540965
CCGCAC,-0.17374168930442796
CCGCAG,-0.12840489849162295
CCGCTA,0.3976350186838173
CCGCTT,0.09551406324808594
CCGCTC,-0.24781179772970396
CCGCTG,-0.03771513240215057
CCGCCA,0.37713931007344226
CCGCCT,0.20084060456119215
CCGCCC,0.05169373179375465
CCGCCG,0.2555415463726528
CCGCGA,-0.19808045973780217
CCGCGT,-0.3777583873017024
CCGCGC,-0.23039401385068217
CCGCGG,-0.9558032690920226
CCGGAA,0.5310590247177923
CCGGAT,0.16289688225817947
CCGGAC,0.14025480636422896
CCGGAG,0.37860269211853054
CCGGTA,0.4929639169300197
CCGGTT,-0.08850687710563973
CCGGTC,-0.16967424354985036
CCGGTG,0.13518565272054922
CCGGCA,0.3667137190317668
CCGGCT,-0.2368254592938772
CCGGCC,-0.686316775080939
CCGGCG,0.17168525403873441
CCGGGA,0.3201733555436079
CCGGGT,0.16497895533863732
CCGGGC,0.24076896186021998
CCGGGG,0.2244478426168895
CGAAAA,-0.1571333808400691
CGAAAT,-0.11020522043101359
CGAAAC,-0.23131601888153536
CGAAAG,-0.2413272596036841
CGAATA,0.011670040751152279
CGAATT,-0.31606844343935214
CGAATC,-0.5069426622931621
CGAATG,-0.24111124251773325
CGAACA,0.10044507999820836
CGAACT,0.07912765760263234
CGAACC,-0.4053341237606065
CGAACG,-0.40007244252864405
CGAAGA,0.4242143760542336
CGAAGT,0.1272393708984188
CGAAGC,-0.020147068873683106
CGAAGG,0.20579716092581693
CGATAA,0.52461141501228
CGATAT,0.38500941492850155
CGATAC,0.17792490379944795
CGATAG,0.5488287465732922
CGATTA,-0.07577650761916646
CGATTT,0.06678442754171059
CGATTC,-0.42941834913065724
CGATTG,-0.18603067204342555
CGATCA,-0.15979704671527756
CGATCT,0.06047353432962502
CGATCC,-0.12111082574905804
CGATCG,-0.15209365849058298
CGATGA,0.26437130234686085
CGATGT,0.2756572535521437
CGATGC,0.15621941792335006
CGATGG,0.09972372074340423
CGACAA,0.7161245548302079
CGACAT,0.4945569631179728
CGACAC,0.19928459274159466
CGACAG,0.11855388062624792
CGACTA,0.3239044838869419
CGACTT,0.1367428137609786
CGACTC,0.05256824184608525
CGACTG,-0.20880667525390864
CGACCA,0.18869064670729677
CGACCT,0.0838948960878114
CGACCC,-0.22409547903959182
CGACCG,-0.29857296403022704
CGACGA,0.34479471027377745
CGACGT,0.025205452220882888
CGACGC,0.05976253324016377
CGACGG,0.253721168311471
CGAGAA,0.1364778671739688
CGAGAT,-0.10907389225324697
CGAGAC,-0.30587226651183863
CGAGAG,-0.133862902655737
CGAGTA,-0.23031995528465263
CGAGTT,-0.081049688585168
CGAGTC,-0.35841132729013325
CGAGTG,-0.23801888579966138
CGAGCA,0.09929069429075064
CGAGCT,-0.110572014495751
CGAGCC,-0.6910654492565036
CGAGCG,-0.2626294812837918
CGAGGA,0.0680488072204691
CGAGGT,-0.031492435578552976
CGAGGC,-0.2064891907923855
CGAGGG,-0.24332010025145473
CGTAAA,-0.00205909036031544
CGTAAT,-0.03964139513170485
CGTAAC,-0.10519040271137328
CGTAAG,-0.2075865464819744
CGTATA,-0.6582112783474409
CGTATT,0.18465648400593987
CGTATC,-0.16704135950744187
CGTATG,-0.44091635576770677
CGTACA,-0.0441862922886727
CGTACT,0.2056911013629836
CGTACC,0.044878096362538596
CGTACG,-1.022560967454517
CGTAGA,0.11942050122612484
CGTAGT,0.36238652538668337
CGTAGC,0.23967099480743861
CGTAGG,-0.09302533494131733
CGTTAA,0.3717749566464975
CGTTAT,0.20190103896004238
CGTTAC,0.16849462375167062
CGTTAG,0.23167166030886202
CGTTTA,-0.09338115402903935
CGTTTT,0.08329636108085192
CGTTTC,-0.14612546927635575
CGTTTG,-0.0277523420997496
CGTTCA,-0.12424053406488803
CGTTCT,-0.17298968169580006
CGTTCC,-0.21042197138235072
CGTTCG,-0.40951437971153754
CGTTGA,0.29348765979944447
CGTTGT,0.1663193821846081
CGTTGC,0.1542736537143814
CGTTGG,-0.10355982997547546
CGTCAA,0.2200597729581139
CGTCAT,0.33953232003662165
CGTCAC,0.33054921831809086
CGTCAG,0.23499911691785758
CGTCTA,-0.12438060906948466
CGTCTT,0.1378277057953278
CGTCTC,0.04230686577597443
CGTCTG,0.14089496039326146
CGTCCA,-0.0348433738171453
CGTCCT,-0.17831457153216831
CGTCCC,-0.017206487593666775
CGTCCG,-0.2559388002056614
CGTCGA,0.1198043078205584
CGTCGT,0.237974425700507
CGTCGC,0.22562814567935424
CGTCGG,0.10750354644585064
CGTGAA,0.10582911922778852
CGTGAT,-0.07389851459291623
CGTGAC,0.09982535333465466
CGTGAG,0.012757083000770941
CGTGTA,-0.4514124844329008
CGTGTT,-0.01469757006727816
CGTGTC,-0.20466885548595126
CGTGTG,-0.4486046007687821
CGTGCA,-0.37781357677765437
CGTGCT,-0.01964139873419066
CGTGCC,-0.25907556054027314
CGTGCG,-0.2522474913964136
CGTGGA,-0.018817890633640137
CGTGGT,0.1181848694852392
CGTGGC,-0.1468533166380377
CGTGGG,-0.06648974126883297
CGCAAA,0.0911959728891756
CGCAAT,0.041047747640258876
CGCAAC,-0.05296878159016028
CGCAAG,-0.20332223225455512
CGCATA,-0.24570868329911216
CGCATT,0.018376778630055077
CGCATC,0.10820728306578432
CGCATG,-0.4094319362453483
CGCACA,-0.1759942420406357
CGCACT,-0.15148568373673393
CGCACC,-0.25250553544785287
CGCACG,-0.31343621602100946
CGCAGA,-0.1526971099397493
CGCAGT,-0.18891165990329684
CGCAGC,-0.25660680085573934
CGCAGG,0.16555383319292905
CGCTAA,0.5181516638580637
CGCTAT,0.581927348286728
CGCTAC,0.5328150375008259
CGCTAG,-1.1189992608506345
CGCTTA,-0.14795600387261174
CGCTTT,0.32299070667393237
CGCTTC,0.20533398741311418
CGCTTG,-0.3825100423476815
CGCTCA,0.15053188792416164
CGCTCT,0.10204616772483126
CGCTCC,-0.27288564320902375
CGCTCG,-0.3008794076283148
CGCTGA,0.008547060578458348
CGCTGT,0.03507227699002369
CGCTGC,-0.1184225196424206
CGCTGG,0.39905428423433004
CGCCAA,0.12706384473085627
CGCCAT,0.29244598786472253
CGCCAC,0.18659322818301174
CGCCAG,0.5144286787582232
CGCCTA,-0.1438341238081089
CGCCTT,0.25673248435974094
CGCCTC,0.08383079666547864
CGCCTG,0.29885838941822884
CGCCCA,0.2952350450397308
CGCCCT,0.14334144514559338
CGCCCC,-0.030586058581375163
CGCCCG,0.04167719653669707
CGCCGA,0.2757721060646056
CGCCGT,0.2814109275766137
CGCCGC,0.2520516705674953
CGCCGG,0.1674023478218562
CGCGAA,-0.2197446648180136
CGCGAT,-0.09801607197084239
CGCGAC,0.0015213466849855535
CGCGAG,-0.3694766943487732
CGCGTA,-0.33244750091799663
CGCGTT,-0.1971815083911975
CGCGTC,-0.16234513088027788
CGCGTG,-0.42443941321833906
CGCGCA,-0.20267613948050184
CGCGCT,-0.010410736017838575
CGCGCC,-0.013354701817183333
CGCGCG,-0.5679102341445236
CGCGGA,-0.4414221589659417
CGCGGT,-0.4194992251481432
CGCGGC,-0.3393804622485048
CGCGGG,-0.3044453870832919
CGGAAA,0.19197450988726805
CGGAAT,0.024762961385136353
CGGAAC,-0.0347266999234593
CGGAAG,0.4868617084292779
CGGATA,0.18967639593324556
CGGATT,-0.12277555725950445
CGGATC,-0.42349838367782516
CGGATG,-0.02211468220064733
CGGACA,0.10844863987221436
CGGACT,-0.04872318717600424
CGGACC,-1.1076073982622907
CGGACG,-0.201040234111571
CGGAGA,0.3657156885908813
CGGAGT,0.013328853940056415
CGGAGC,-0.3917194770031199
CGGAGG,0.0017325252551182223
CGGTAA,0.5305641505525495
CGGTAT,0.33566618557141287
CGGTAC,0.22057688799157457
CGGTAG,0.4820563322013305
CGGTTA,-0.12935936314169935
CGGTTT,-0.06193807205411378
CGGTTC,-0.4282718294437496
CGGTTG,-0.22125794421874875
CGGTCA,0.04699895166924706
CGGTCT,-0.10744127139718788
CGGTCC,-1.1140091083531445
CGGTCG,-0.33070149593691656
CGGTGA,0.3801789461942263
CGGTGT,-0.0011859200354920134
CGGTGC,-0.19752954172358878
CGGTGG,-0.031363152365407605
CGGCAA,0.7084661075776729
CGGCAT,0.348335618712748
CGGCAC,0.15106561338062782
CGGCAG,0.10889050542874512
CGGCTA,0.10952842880660388
CGGCTT,-0.019052378537226758
CGGCTC,-0.3924420788926653
CGGCTG,-0.3927023717220992
CGGCCA,-0.37422056911860624
CGGCCT,-0.16738658130719572
CGGCCC,-0.40270350462405946
CGGCCG,-1.8794356892631245
CGGCGA,0.4406864936402358
CGGCGT,0.3295775041740294
CGGCGC,0.016036523612786166
CGGCGG,0.22494039283518652
CGGGAA,0.36262537471936335
CGGGAT,0.09817248123873192
CGGGAC,-0.3588275076650932
CGGGAG,0.11328134914927014
CGGGTA,0.2582763476130307
CGGGTT,0.10201363230411745
CGGGTC,-0.11399128545207249
CGGGTG,-0.05370050708438244
CGGGCA,0.2528808223356052
CGGGCT,0.002543451985830369
CGGGCC,-0.41885816544460247
CGGGCG,0.19261204057973577
CGGGGA,0.3083080050779795
CGGGGT,-0.13601635985922383
CGGGGC,-0.2482554557488774
CGGGGG,-0.22840930492481826
GAAAAA,0.1775562422342853
GAAAAT,0.1528682400264703
GAAAAC,0.007879332164483506
GAAAAG,-0.0920757514466739
GAAATA,0.15535044001916243
GAAATT,0.11925830337073293
GAAATC,0.10276847945930169
GAAATG,0.011874737727836964
GAAACA,-0.21207581787574745
GAAACT,-0.11594262498836319
GAAACC,-0.03382509615364398
GAAACG,-0.10747366599752228
GAAAGA,0.02262044643604718
GAAAGT,-0.06316178771134501
GAAAGC,-0.040314312801606265
GAAAGG,-0.35224485571738456
GAATAA,0.11962539109205546
GAATAT,0.44349382957136996
GAATAC,0.269095933398072
GAATAG,0.15237207672141287
GAATTA,-0.28045631889464895
GAATTT,0.027949294869623085
GAATTC,-0.44663279547780815
GAATTG,-0.4993920882452362
GAATCA,-0.4369014760314418
GAATCT,-0.3779917136112858
GAATCC,-0.3069530205152322
GAATCG,-0.41230647908075824
GAATGA,-0.1950081661755238
GAATGT,-0.018817759574798098
GAATGC,-0.039475603870266926
GAATGG,-0.12934477356901744
GAACAA,0.15685749084916528
GAACAT,0.20883203692095398
GAACAC,0.012634221237800128
GAACAG,0.27098719387961095
GAACTA,-0.4572770747065129
GAACTT,-0.20125200427400644
GAACTC,0.1321300961962361
GAACTG,0.26460806677341875
GAACCA,-0.5203198839854595
GAACCT,-0.3457812905989365
GAACCC,-0.34258569390464044
GAACCG,-0.3588471503331097
GAACGA,-0.44822777704779665
GAACGT,-0.08500814974868892
GAACGC,-0.24718749438478874
GAACGG,-0.24075057221640916
GAAGAA,0.5298851643876137
GAAGAT,0.521251072655506
GAAGAC,0.22747353195018177
GAAGAG,0.9801064484988696
GAAGTA,0.14389988483380606
GAAGTT,0.15480332454471937
GAAGTC,0.3347762586310947
GAAGTG,0.6054344592984345
GAAGCA,-0.13369089266473577
GAAGCT,-0.03985674760265118
GAAGCC,0.12553303384041314
GAAGCG,0.24206859454052806
GAAGGA,-0.12076366379452122
GAAGGT,0.32375346421343826
GAAGGC,0.2483037424646955
GAAGGG,0.35393846498946757
GATAAA,0.43677425271600545
GATAAT,0.2914573056273526
GATAAC,0.3099681096908248
GATAAG,0.205543003725684
GATATA,-0.4741304405799518
GATATT,0.40373432331609743
GATATC,0.39998564234353884
GATATG,-0.10820221887278768
GATACA,-0.43553066382499284
GATACT,-0.07165216767145026
GATACC,0.21938650243649754
GATACG,-0.12956635449447182
GATAGA,0.23983965514308633
GATAGT,0.587838080105606
GATAGC,0.642424091158333
GATAGG,-0.12081531001790273
GATTAA,0.01315432179109248
GATTAT,0.10986937997929459
GATTAC,0.07062582113766232
GATTAG,-0.3342689307724377
GATTTA,-0.20959899919528072
GATTTT,0.12375161008459354
GATTTC,0.010301124391850552
GATTTG,-0.23496926192973636
GATTCA,-0.33768457408472957
GATTCT,-0.2108771904068217
GATTCC,-0.40270267541225435
GATTCG,-0.37392652341217825
GATTGA,0.017004220908918413
GATTGT,0.10885561264227989
GATTGC,0.09757961097900654
GATTGG,-0.3773268092066596
GATCAA,-0.22814818932645017
GATCAT,-0.33169086875892345
GATCAC,-0.24906139133234512
GATCAG,-0.4826244191247305
GATCTA,-0.9548022251395525
GATCTT,-0.06337045415539959
GATCTC,0.15432724908700904
GATCTG,-0.25257755479359584
GATCCA,-0.5369481079115624
GATCCT,-0.1871861683005363
GATCCC,-0.08616635586534553
GATCCG,-0.4974990377741933
GATCGA,-0.0558258404714373
GATCGT,0.07648910282709197
GATCGC,-0.13978226861124868
GATCGG,-0.21541368059474975
GATGAA,0.2640047992347957
GATGAT,0.1344309994699694
GATGAC,0.2664813542606456
GATGAG,0.3282735725605051
GATGTA,-0.04865601700979694
GATGTT,0.23307867315756026
GATGTC,0.33912740490995713
GATGTG,0.2537676009629199
GATGCA,-0.12139602954587946
GATGCT,0.165935429014368
GATGCC,0.2523660782014678
GATGCG,0.0896690043253787
GATGGA,-0.056247556920916784
GATGGT,0.11599558618106168
GATGGC,0.022735776806140726
GATGGG,-0.07816477284933626
GACAAA,0.4119964060836368
GACAAT,0.4938920112365509
GACAAC,0.3168216196620289
GACAAG,-0.11794444312989992
GACATA,-0.03364681269868674
GACATT,0.2983545323425527
GACATC,0.3230760480700473
GACATG,0.07982227341716058
GACACA,-0.20569187736858016
GACACT,-0.1195832161605314
GACACC,-0.052743854719260325
GACACG,-0.18725288063014195
GACAGA,-0.2854067586146454
GACAGT,-0.04788866970804605
GACAGC,-0.1456238635980967
GACAGG,-0.11152007797320859
GACTAA,0.05880062840952339
GACTAT,0.498937283421607
GACTAC,0.37843206891755243
GACTAG,-1.5640482101352902
GACTTA,-0.3191466394958035
GACTTT,0.2557781574257677
GACTTC,0.18388527877013738
GACTTG,-0.768406093625543
GACTCA,-0.027790287047735007
GACTCT,-0.0036348425312690822
GACTCC,0.141941039020564
GACTCG,-0.23018937814741255
GACTGA,-0.48027904569890156
GACTGT,-0.4290357009454805
GACTGC,-0.46308875084436973
GACTGG,0.04955257944542646
GACCAA,-0.20803576832223772
GACCAT,-0.047644032238809385
GACCAC,0.031020120493180182
GACCAG,-0.038346727955395905
GACCTA,-0.5131593471122109
GACCTT,-0.0791765317856874
GACCTC,-0.0549578316043013
GACCTG,-0.11752243963458231
GACCCA,-0.34815275168849386
GACCCT,-0.48090552549566506
GACCCC,-0.43013373787023984
GACCCG,-0.18432872592659721
GACCGA,-0.19408067730724876
GACCGT,-0.14220541160075384
GACCGC,-0.3815051933058679
GACCGG,-0.1116799890519884
GACGAA,0.15583986941810316
GACGAT,0.4421017042238382
GACGAC,0.2750387951098837
GACGAG,0.06962979574345055
GACGTA,-0.19613529396400792
GACGTT,0.27027179079422103
GACGTC,-0.025555611565183944
GACGTG,-0.1319245978337402
GACGCA,-0.04526064172066145
GACGCT,0.31502280136904337
GACGCC,0.2570674366321741
GACGCG,-0.17115672973086124
GACGGA,0.0408219945202552
GACGGT,0.294484110070214
GACGGC,0.17121977390467485
GACGGG,0.14766217715918592
GAGAAA,0.374108906412143
GAGAAT,0.188227286207982
GAGAAC,-0.046980208924192496
GAGAAG,0.3554835220344943
GAGATA,0.16729981509811695
GAGATT,0.1283238009339402
GAGATC,0.05502531581421837
GAGATG,0.1758460485049284
GAGACA,-0.054592086785539895
GAGACT,-0.12525771007308914
GAGACC,-0.276452590500232
GAGACG,0.03190384106904037
GAGAGA,0.2813398479665784
GAGAGT,0.3401920177237449
GAGAGC,0.2057066413382754
GAGAGG,0.05756203400780759
GAGTAA,0.29701845039846964
GAGTAT,0.12844232311705142
GAGTAC,0.026948095457051003
GAGTAG,0.2381152092141767
GAGTTA,-0.13018241756849233
GAGTTT,0.2719134891509786
GAGTTC,0.1060811065735323
GAGTTG,0.13756435883167148
GAGTCA,-0.18270907859690552
GAGTCT,0.0005683432946392053
GAGTCC,-0.14638954756789133
GAGTCG,-0.015697645743198714
GAGTGA,0.11590227527501873
GAGTGT,-0.042306606224445736
GAGTGC,-0.26175357742561123
GAGTGG,0.1563950845258358
GAGCAA,0.31318021333108276
GAGCAT,0.09390376186644028
GAGCAC,-0.06965423034910102
GAGCAG,0.2962944329498249
GAGCTA,-0.014632308116662331
GAGCTT,-0.254945628987005
GAGCTC,-0.5690307868700245
GAGCTG,0.1693983393849873
GAGCCA,-0.5973867386311384
GAGCCT,-0.4163874534420454
GAGCCC,-0.8049082217145854
GAGCCG,-0.3986930731982197
GAGCGA,-0.039795827164943016
GAGCGT,0.17595530979411106
GAGCGC,-0.15279792017450175
GAGCGG,-0.17087530161532158
GAGGAA,0.26336476480107457
GAGGAT,0.16758752717877787
GAGGAC,-0.47067066651338085
GAGGAG,0.34981385355878714
GAGGTA,-0.06936556188588698
GAGGTT,-0.1254030143840702
GAGGTC,-0.16672946203411843
GAGGTG,0.3784209918240585
GAGGCA,-0.3635526466761773
GAGGCT,-0.3827499278795112
GAGGCC,-0.33039667485931806
GAGGCG,0.06828536921248017
GAGGGA,-0.07743174013281603
GAGGGT,-0.17140358621125965
GAGGGC,-0.12457355505885385
GAGGGG,0.20498785495244862
GTAAAA,0.19213180237235977
GTAAAT,0.07070081383210754
GTAAAC,0.0923315967466166
GTAAAG,0.14944970486023393
GTAATA,0.20938637397793086
GTAATT,-0.12739849435582534
GTAATC,0.01734371961274931
GTAATG,0.34012224105850386
GTAACA,-0.24773202936265917
GTAACT,-0.24584254858976679
GTAACC,-0.26539972648640087
GTAACG,0.14655952394354946
GTAAGA,-0.3057801166301823
GTAAGT,-0.08988672053646762
GTAAGC,-0.08014526651676264
GTAAGG,-0.10890441449726292
GTATAA,-0.4134168203737357
GTATAT,-0.7166480522905981
GTATAC,-0.5975502624024014
GTATAG,-0.07265764557607539
GTATTA,0.1301350892231109
GTATTT,0.00548889265672077
GTATTC,0.2923015145171621
GTATTG,0.43960809364802395
GTATCA,-0.21993679408588773
GTATCT,-0.27744750667881957
GTATCC,0.022596994639382046
GTATCG,0.11761719745299133
GTATGA,-0.3942105020698475
GTATGT,-0.29245238119705813
GTATGC,-0.1405923922498748
GTATGG,-0.21368208582810286
GTACAA,-0.09514397021364891
GTACAT,-0.11239944257291075
GTACAC,-0.11886520318875321
GTACAG,0.06845189230145603
GTACTA,-0.1468697739582177
GTACTT,-0.10434238501421345
GTACTC,0.08441734181258301
GTACTG,0.37421838411099423
GTACCA,-0.33629864057876674
GTACCT,-0.27878360007531094
GTACCC,-0.3582122232576189
GTACCG,0.18249178404774893
GTACGA,-0.3408732217197447
GTACGT,-0.2838374821742259
GTACGC,-0.1560550551152707
GTACGG,-0.20585205420414873
GTAGAA,0.37444740999184456
GTAGAT,-0.025440499843838962
GTAGAC,0.040767600873419636
GTAGAG,0.700722974368403
GTAGTA,0.36851329331017774
GTAGTT,0.20182923761116392
GTAGTC,0.4472916230544251
GTAGTG,0.6355386940870438
GTAGCA,-0.09512349073442769
GTAGCT,0.13268408278241753
GTAGCC,0.21108752272835035
GTAGCG,0.5029524529652483
GTAGGA,-0.575261680637885
GTAGGT,-0.0009751341582062071
GTAGGC,-0.17925563717211979
GTAGGG,0.3142736500560238
GTTAAA,-0.0335397291198512
GTTAAT,0.2024766937668181
GTTAAC,0.28496262675105927
GTTAAG,0.167641111389739
GTTATA,-0.26395138644218574
GTTATT,0.06510030137144009
GTTATC,0.3552889423308552
GTTATG,-0.29581045945147594
GTTACA,-0.39214827870741786
GTTACT,-0.028325186048091946
GTTACC,-0.01635232076706626
GTTACG,-0.06711852340095825
GTTAGA,-0.29915447361401776
GTTAGT,0.10058010619569872
GTTAGC,0.27548404454082054
GTTAGG,-0.1933551369149949
GTTTAA,-0.17167246334453928
GTTTAT,0.009174679054991863
GTTTAC,0.03302548733843391
GTTTAG,-0.20880118959833333
GTTTTA,0.09319910606111165
GTTTTT,0.002421954756285879
GTTTTC,0.05292072232621292
GTTTTG,0.05438281319239905
GTTTCA,-0.22429079584722403
GTTTCT,-0.040499543288209525
GTTTCC,0.004277427847778979
GTTTCG,-0.3002837878634149
GTTTGA,-0.012658920544407168
GTTTGT,0.1300732781345675
GTTTGC,0.1833881740954381
GTTTGG,-0.3201052591570076
GTTCAA,-0.01179765844186155
GTTCAT,-0.04905700873405739
GTTCAC,-0.06713067355588681
GTTCAG,-0.10689494153924799
GTTCTA,-0.23770782194880052
GTTCTT,-0.06173286482426974
GTTCTC,0.005621833540794136
GTTCTG,-0.14335601941389955
GTTCCA,-0.10756552963520308
GTTCCT,-0.04111824692947269
GTTCCC,0.06432464026839946
GTTCCG,-0.09650194972350272
GTTCGA,-0.1378788996595217
GTTCGT,-0.25094535649225463
GTTCGC,-0.1210867086075379
GTTCGG,-0.2247603057505626
GTTGAA,0.20441542889602565
GTTGAT,0.22916978751256334
GTTGAC,0.163619039619726
GTTGAG,0.40336259714159667
GTTGTA,0.06490009633319839
GTTGTT,0.3093330908639811
GTTGTC,0.3220455534604895
GTTGTG,0.09320079225104766
GTTGCA,0.09999504973372426
GTTGCT,0.31541205788225396
GTTGCC,0.3905102014440971
GTTGCG,-0.0056468322533227144
GTTGGA,-0.5393795691150769
GTTGGT,-0.06843327438225325
GTTGGC,-0.02598202329091767
GTTGGG,0.04684515427325877
GTCAAA,-0.11118919319472922
GTCAAT,0.2013973764555997
GTCAAC,0.16926431763730654
GTCAAG,-0.6380278813388658
GTCATA,-0.007426483718172199
GTCATT,0.22909949506706115
GTCATC,0.2712475347745101
GTCATG,0.14912858943819068
GTCACA,-0.2757486235258289
GTCACT,0.085643788615886
GTCACC,0.27641860967437476
GTCACG,0.09068062498000422
GTCAGA,-0.20928670325909673
GTCAGT,0.04521969578975751
GTCAGC,0.012845184789065921
GTCAGG,0.19993813303077193
GTCTAA,-0.7726499314169072
GTCTAT,0.07417154696540287
GTCTAC,0.14329173798123596
GTCTAG,-2.669750276014665
GTCTTA,-0.5099161193831502
GTCTTT,0.24439787558956802
GTCTTC,0.1176338821025235
GTCTTG,-0.40801938791326114
GTCTCA,-0.3848458209054287
GTCTCT,0.16301129779920384
GTCTCC,0.19369991409097545
GTCTCG,-0.26815629470108254
GTCTGA,-0.25002186946396887
GTCTGT,-0.1330552567228167
GTCTGC,-0.07697538535433278
GTCTGG,0.2929197749858196
GTCCAA,-1.0054805253511565
GTCCAT,-0.1691274796309123
GTCCAC,-0.23624953138851984
GTCCAG,-0.04620167586351933
GTCCTA,-0.7718241918265416
GTCCTT,-0.3895879403288315
GTCCTC,-0.3982562460715815
GTCCTG,-0.10450932476834252
GTCCCA,-0.17325278170074462
GTCCCT,-0.19342044986200346
GTCCCC,-0.16893703575920657
GTCCCG,-0.3310009471706232
GTCCGA,-0.7735062313101837
GTCCGT,-0.4243650592386484
GTCCGC,-0.4557842182978715
GTCCGG,0.09181668505220833
GTCGAA,-0.10032943076336343
GTCGAT,0.437121284311997
GTCGAC,0.030347156389291745
GTCGAG,0.29579570722595067
GTCGTA,0.019818756458512096
GTCGTT,0.0727716978606378
GTCGTC,0.38921641789237443
GTCGTG,0.17073333125156356
GTCGCA,-0.3045357554581662
GTCGCT,0.18937566733502287
GTCGCC,0.4973675255609686
GTCGCG,-0.0004778972611861961
GTCGGA,-0.3296237035364589
GTCGGT,0.11405375759188033
GTCGGC,0.16834484362414237
GTCGGG,0.19127555157560328
GTGAAA,0.21962215136516972
GTGAAT,0.05757738736096591
GTGAAC,-0.10825699401232293
GTGAAG,0.4649951312382866
GTGATA,0.08996770275665471
GTGATT,0.1866829055157395
GTGATC,-0.2442525145244449
GTGATG,0.37452459232227475
GTGACA,-0.17281029775314688
GTGACT,-0.072459354629015
GTGACC,0.027506645789833514
GTGACG,0.36871679486728387
GTGAGA,-0.10155327731487229
GTGAGT,0.2920859801670362
GTGAGC,0.13164968449940312
GTGAGG,-0.18633647471943648
GTGTAA,-0.2611397388181099
GTGTAT,-0.3381167033624658
GTGTAC,-0.19105523676270922
GTGTAG,0.2896822549533421
GTGTTA,0.06495097731994977
GTGTTT,-0.03377954502026381
GTGTTC,-0.008651714645163386
GTGTTG,0.2898504867456046
GTGTCA,-0.3750695361193569
GTGTCT,-0.197191719273406
GTGTCC,-0.1940697170312645
GTGTCG,0.15334778937866794
GTGTGA,-0.2788843617482518
GTGTGT,-0.16879851367876325
GTGTGC,-0.2516974966632957
GTGTGG,-0.006861650839365161
GTGCAA,-0.27092480334156155
GTGCAT,-0.23103378167805041
GTGCAC,-1.0375833562734458
GTGCAG,-0.0004569339809910867
GTGCTA,-0.25842614404735426
GTGCTT,-0.3528213746227423
GTGCTC,-0.1566632439631414
GTGCTG,0.4158976114438647
GTGCCA,-0.4786082627537898
GTGCCT,-0.25707557871597764
GTGCCC,-0.2662417412139116
GTGCCG,0.19343507900683937
GTGCGA,-0.4028273871915835
GTGCGT,-0.10110841792741448
GTGCGC,-0.22705011984440077
GTGCGG,-0.17735066700928373
GTGGAA,0.19560196446184905
GTGGAT,0.2187356098953441
GTGGAC,-0.16126814759612226
GTGGAG,0.23862040054888137
GTGGTA,0.1275276701777034
GTGGTT,0.04087653352929492
GTGGTC,0.03209413339349276
GTGGTG,0.599265336987028
GTGGCA,-0.32119150865951573
GTGGCT,-0.26218862558059003
GTGGCC,-0.5762083830288425
GTGGCG,0.2502768089719849
GTGGGA,-0.003877607488609203
GTGGGT,0.22148490107493293
GTGGGC,-0.11817743518821643
GTGGGG,0.09660189150168971
GCAAAA,0.34359160120522947
GCAAAT,0.18359220499541007
GCAAAC,0.23887303448201436
GCAAAG,0.08845580617546826
GCAATA,0.4755326707248813
GCAATT,-0.02765240127358525
GCAATC,0.041034447288251466
GCAATG,0.32776432187970905
GCAACA,0.4504130011023532
GCAACT,0.205425526583023
GCAACC,-0.07318303622943181
GCAACG,0.1370451750367118
GCAAGA,0.03301176774079711
GCAAGT,-0.2997396289426373
GCAAGC,-0.07330522962645585
GCAAGG,0.13271539910719332
GCATAA,-0.01274094659923428
GCATAT,-0.0860718645052723
GCATAC,-0.12885571775869079
GCATAG,0.04373467941362395
GCATTA,0.3631083802915627
GCATTT,-0.103546459404607
GCATTC,-0.09220990808718385
GCATTG,0.2248573477919443
GCATCA,0.18072897061600815
GCATCT,-0.0014561342216146305
GCATCC,0.11364152416307961
GCATCG,0.1339338881018823
GCATGA,0.04227582034818721
GCATGT,-0.041779970722316734
GCATGC,-1.6387901244466279
GCATGG,0.010359885461297352
GCACAA,0.13016931581731475
GCACAT,0.05075774744745098
GCACAC,-0.30297628219303074
GCACAG,-0.251769698036095
GCACTA,0.1836232165937505
GCACTT,0.049306285709335755
GCACTC,-0.25665781339108323
GCACTG,-0.29670780510064404
GCACCA,0.2351629267799938
GCACCT,-0.053488684950986236
GCACCC,-0.2599090070474755
GCACCG,-0.14161717113233874
GCACGA,-0.09863190801264841
GCACGT,-0.2566615168853443
GCACGC,-0.1785832346833474
GCACGG,-0.4185392364839799
GCAGAA,-0.03169013612284699
GCAGAT,-0.0818166080449132
GCAGAC,-0.0890040711063401
GCAGAG,-0.251556564205802
GCAGTA,0.013064058492990964
GCAGTT,0.04890981868291144
GCAGTC,-0.5059063823097176
GCAGTG,-0.20720124580558946
GCAGCA,0.22494049699091143
GCAGCT,-0.5065341902804953
GCAGCC,-0.43935807500331253
GCAGCG,-0.10144647780614303
GCAGGA,0.33335309564898014
GCAGGT,0.13100613875732847
GCAGGC,0.18413050091735939
GCAGGG,0.231092016724019
GCTAAA,0.26463114909065666
GCTAAT,0.20431694490112232
GCTAAC,0.31095975732112663
GCTAAG,-0.05057559761122276
GCTATA,0.06740430880181351
GCTATT,0.44348149942958165
GCTATC,0.6495579046660486
GCTATG,0.08433041023637189
GCTACA,0.28495438474751983
GCTACT,0.3167015965301539
GCTACC,0.2503533518013555
GCTACG,0.23069347033349452
GCTAGA,-1.8672178804796484
GCTAGT,-0.9976863700781492
GCTAGC,-1.1363526166509568
GCTAGG,-1.6147070251141122
GCTTAA,0.025519021976048346
GCTTAT,-0.09899885975217826
GCTTAC,-0.06112726068100074
GCTTAG,-0.5089006953564063
GCTTTA,0.2024241063629366
GCTTTT,0.00027949876736670397
GCTTTC,0.12239689891987623
GCTTTG,0.1670932703838946
GCTTCA,0.01500427190701109
GCTTCT,-0.009621240784230429
GCTTCC,0.18126509140613806
GCTTCG,-0.061271185028234317
GCTTGA,-0.19482693026619097
GCTTGT,-0.3154075280521904
GCTTGC,-0.13462215666099314
GCTTGG,-0.8906985378269556
GCTCAA,0.3276936768741569
GCTCAT,0.17399384848576865
GCTCAC,0.05580739246366256
GCTCAG,-0.17829658291176909
GCTCTA,0.1661034196788413
GCTCTT,0.24030497512739526
GCTCTC,0.23012245934595857
GCTCTG,-0.44008519444291855
GCTCCA,0.037308480136783055
GCTCCT,-0.11190942179542981
GCTCCC,-0.1969005571753602
GCTCCG,-0.37689415112012836
GCTCGA,-0.23401629771059992
GCTCGT,-0.43309907231028477
GCTCGC,-0.08564393931928276
GCTCGG,-0.27325332352972115
GCTGAA,-0.06151257322068163
GCTGAT,-0.08691794960599564
GCTGAC,0.030943328330724693
GCTGAG,-0.5263585661789402
GCTGTA,-0.07406530912762686
GCTGTT,0.17837007723539355
GCTGTC,-0.12694340505504773
GCTGTG,-0.33020081581403876
GCTGCA,-0.36072024859185936
GCTGCT,0.05122401432286143
GCTGCC,-0.20699902945351537
GCTGCG,-0.28606343860912997
GCTGGA,0.4694110366358014
GCTGGT,0.19397227708121742
GCTGGC,0.26824069448837307
GCTGGG,0.03651152542631192
GCCAAA,-0.1355656457382707
GCCAAT,-0.03436599148407634
GCCAAC,-0.045953111591957786
GCCAAG,-0.6450086050896418
GCCATA,-0.1653064517879718
GCCATT,0.16187272592116864
GCCATC,0.03205879046836312
GCCATG,-0.14293822879357956
GCCACA,-0.18827420484687044
GCCACT,-0.04001630090879132
GCCACC,-0.09163960903944404
GCCACG,-0.17168315858889882
GCCAGA,0.09480841891492393
GCCAGT,0.28152247327764796
GCCAGC,0.24706874460332728
GCCAGG,0.02559159306471335
GCCTAA,-0.292604859705205
GCCTAT,-0.17168315858889896
GCCTAC,-0.17202568013559957
GCCTAG,-1.9165250768955695
GCCTTA,-0.39269611741109184
GCCTTT,0.16287471505986878
GCCTTC,0.28453931632945756
GCCTTG,-0.41818869690321525
GCCTCA,-0.4895325659414789
GCCTCT,0.05710589421072511
GCCTCC,-0.06969818578795378
GCCTCG,-0.24929218290013833
GCCTGA,-0.012244647900393438
GCCTGT,0.218673271183306
GCCTGC,0.2256115006144546
GCCTGG,0.03754714600726093
GCCCAA,-0.3273288614530078
GCCCAT,0.025401605696661472
GCCCAC,-0.03815791967798851
GCCCAG,0.12076057685551446
GCCCTA,-0.4710623905939777
GCCCTT,-0.09761979002081705
GCCCTC,-0.20826292282052303
GCCCTG,0.054682239896736366
GCCCCA,-0.0063079631890520915
GCCCCT,0.034483217583193414
GCCCCC,-0.1393539955657644
GCCCCG,-0.2256821324089552
GCCCGA,-0.35114532969549306
GCCCGT,-0.093475975374463
GCCCGC,-0.039738073957217616
GCCCGG,0.13121584585787857
GCCGAA,-0.07114180903030257
GCCGAT,0.17994675648808886
GCCGAC,0.2422167618451796
GCCGAG,0.007930827437967863
GCCGTA,-0.05181822433839065
GCCGTT,0.10890595695335518
GCCGTC,0.15060090183201275
GCCGTG,-0.0861590617168689
GCCGCA,-0.10963528539446117
GCCGCT,0.09097177820572679
GCCGCC,0.28541478340896714
GCCGCG,-0.3721265985745943
GCCGGA,0.45781878127606945
GCCGGT,0.121322966495204
GCCGGC,-0.9544871242424431
GCCGGG,0.3912592617341795
GCGAAA,0.025867846195254486
GCGAAT,-0.010034951119772387
GCGAAC,-0.076077314276443
GCGAAG,0.26125134687217877
GCGATA,0.4353763480141777
GCGATT,0.013787358409660699
GCGATC,-0.1338099053682809
GCGATG,0.28426909985554094
GCGACA,0.3759395555216579
GCGACT,-0.04425184253818074
GCGACC,-0.06492698919095942
GCGACG,0.19735296889438378
GCGAGA,0.0023607694192072305
GCGAGT,-0.002699056969165058
GCGAGC,-0.11065607792552674
GCGAGG,0.006213067385971091
GCGTAA,0.14894318993300606
GCGTAT,-0.043188530043889437
GCGTAC,-0.10077942098959054
GCGTAG,0.27600019157966554
GCGTTA,0.19289081025803823
GCGTTT,0.09058416133316119
GCGTTC,-0.2672681810741464
GCGTTG,0.08019513319645548
GCGTCA,0.2685683506043277
GCGTCT,0.10199685527364821
GCGTCC,-0.22311142228402184
GCGTCG,0.11117742026486414
GCGTGA,0.1920258120072134
GCGTGT,-0.12305323519899787
GCGTGC,-0.13987145340850482
GCGTGG,0.02938735849662578
GCGCAA,0.1527132408342437
GCGCAT,0.03895659709160289
GCGCAC,-0.20755244047063495
GCGCAG,0.03725500887601469
GCGCTA,0.34403682627774546
GCGCTT,0.07734089887784669
GCGCTC,-0.10751734903130525
GCGCTG,0.13099283379514942
GCGCCA,0.1824069575369929
GCGCCT,0.03461867560054307
GCGCCC,-0.18106628898813426
GCGCCG,-0.0035879074881061805
GCGCGA,-0.12918172802960715
GCGCGT,-0.202457736524726
GCGCGC,-0.28588310293385416
GCGCGG,-0.188849736832224
GCGGAA,0.18458612061148977
GCGGAT,-0.02124295495619308
GCGGAC,-0.4469256819631907
GCGGAG,-0.08149792401552067
GCGGTA,0.2804502209252857
GCGGTT,-0.3131313815211442
GCGGTC,-0.5073133654405855
GCGGTG,-0.07880031306583338
GCGGCA,0.257025632395356
GCGGCT,-0.26372059452017527
GCGGCC,-0.7255671335444497
GCGGCG,0.2296697800128771
GCGGGA,0.009856677421678357
GCGGGT,0.08671117184719594
GCGGGC,0.02482898552510113
GCGGGG,-0.17886915660478458
GGAAAA,0.3063695753091243
GGAAAT,0.3361497079940016
GGAAAC,0.04206727434349752
GGAAAG,-0.035807869978725
GGAATA,0.40500332098381875
GGAATT,-0.08048903662537792
GGAATC,-0.42085625842846175
GGAATG,-0.01612303899599129
GGAACA,0.30504746424851176
GGAACT,0.12044129871871752
GGAACC,-0.35363503397322454
GGAACG,-0.17067796113762262
GGAAGA,0.8369146591474531
GGAAGT,0.5862307475569991
GGAAGC,0.2674156520082117
GGAAGG,0.3775303307766103
GGATAA,0.4065462998620134
GGATAT,0.2656149784231024
GGATAC,0.011632702375462043
GGATAG,0.3415187785195606
GGATTA,0.0853506129955817
GGATTT,0.024630617193091037
GGATTC,-0.2827479508824188
GGATTG,-0.15411846800229453
GGATCA,-0.3018956477928566
GGATCT,-0.04234503595735851
GGATCC,-1.4065425219498382
GGATCG,-0.08557961202197215
GGATGA,0.20419889776474412
GGATGT,0.185509880172773
GGATGC,0.07681290396083339
GGATGG,-0.13923797065764298
GGACAA,0.23838545094055355
GGACAT,0.1316493343525428
GGACAC,-0.32768321734663114
GGACAG,-0.11324093136898897
GGACTA,-0.09423587352374
GGACTT,-0.11778303565638351
GGACTC,0.007463681540089641
GGACTG,-0.18587648410687835
GGACCA,-1.0550603702921353
GGACCT,-1.0434533390528493
GGACCC,-1.052429342219858
GGACCG,-1.084513364288608
GGACGA,0.015696315647318673
GGACGT,-0.13053559955377458
GGACGC,-0.21552288108872616
GGACGG,-0.18466876379377317
GGAGAA,0.517932504352051
GGAGAT,0.37192379080061805
GGAGAC,0.24803410015933597
GGAGAG,0.6768308031277975
GGAGTA,0.26120311313855493
GGAGTT,0.2120411375099045
GGAGTC,0.019113544380005773
GGAGTG,0.082547723721623
GGAGCA,0.046300060530724246
GGAGCT,-0.11823036288370393
GGAGCC,-0.472381751650703
GGAGCG,-0.24185507102805492
GGAGGA,0.17270541820998425
GGAGGT,0.030268313144146075
GGAGGC,-0.033365693843800406
GGAGGG,0.0
GGTAAA,0.5322906918654957
GGTAAT,0.4145209137951576
GGTAAC,-0.04514152379952906
GGTAAG,0.1772198386188706
GGTATA,-0.16270771376023802
GGTATT,0.5201577805476605
GGTATC,0.18918820293625332
GGTATG,-0.12928973623833614
GGTACA,-0.10199832385921367
GGTACT,0.27274544835841863
GGTACC,-0.5663337674757786
GGTACG,0.03830837777993926
GGTAGA,0.5164987788463866
GGTAGT,0.5048908882461761
GGTAGC,0.26159996909047617
GGTAGG,-0.03058475026467694
GGTTAA,0.19243506982787958
GGTTAT,0.08011373292304255
GGTTAC,-0.33371412142235335
GGTTAG,-0.1418301954392177
GGTTTA,-0.23930305394609877
GGTTTT,0.0941812925971195
GGTTTC,-0.11275441270316565
GGTTTG,-0.26144472417281245
GGTTCA,-0.3995008757164909
GGTTCT,-0.34939359719622437
GGTTCC,-0.3356374423495097
GGTTCG,-0.423555254546504
GGTTGA,0.056330658294533445
GGTTGT,0.040744261223158204
GGTTGC,-0.056119030146042116
GGTTGG,-0.3325268357801256
GGTCAA,0.04426021003696598
GGTCAT,0.18087110885340996
GGTCAC,-0.013230119982944023
GGTCAG,0.08787659430368322
GGTCTA,-0.4676071429436828
GGTCTT,-0.2747108701438452
GGTCTC,-0.21611032908084002
GGTCTG,-0.019816396754145253
GGTCCA,-0.9039982939123005
GGTCCT,-1.1534102370443386
GGTCCC,-1.1025726898842065
GGTCCG,-1.1196094334230458
GGTCGA,-0.019257816604414533
GGTCGT,0.08215615677044716
GGTCGC,-0.05421270663818339
GGTCGG,-0.14283462550964643
GGTGAA,0.39240931597141493
GGTGAT,0.4864749338454755
GGTGAC,0.28148342708203894
GGTGAG,0.3005530471341292
GGTGTA,0.1701295160285926
GGTGTT,0.305158665100144
GGTGTC,0.036113771227399685
GGTGTG,0.018001433518657337
GGTGCA,-0.21463240026921498
GGTGCT,0.24855245057201855
GGTGCC,0.05795566337143876
GGTGCG,-0.228767899463109
GGTGGA,0.2376093808528448
GGTGGT,0.3413489734605056
GGTGGC,-0.03349595442818224
GGTGGG,-0.07857544695090608
GGCAAA,0.5212758796408191
GGCAAT,0.6293211639056695
GGCAAC,0.36457052094151254
GGCAAG,0.2684476784337674
GGCATA,0.08961215868968714
GGCATT,0.38523145664401287
GGCATC,0.26767732287093127
GGCATG,-0.15338848466840785
GGCACA,-0.15903428318455487
GGCACT,-0.28212775358633063
GGCACC,0.04796998778554231
GGCACG,-0.26905483214634046
GGCAGA,-0.10648204559884956
GGCAGT,-0.07996578163788183
GGCAGC,-0.1807654822329977
GGCAGG,0.046231780432974226
GGCTAA,0.28667683075012734
GGCTAT,0.45077168392999206
GGCTAC,0.239477172848071
GGCTAG,-1.4099259656531677
GGCTTA,-0.06381868975269188
GGCTTT,0.19007400310674882
GGCTTC,0.0913957371940453
GGCTTG,-0.4796087760622792
GGCTCA,-0.3696618728699335
GGCTCT,-0.600901606979947
GGCTCC,-0.4142988769058381
GGCTCG,-0.6798448093200665
GGCTGA,-0.37691228006128513
GGCTGT,-0.2918400826004446
GGCTGC,-0.5079189644974763
GGCTGG,0.008852391130939384
GGCCAA,-0.4381927747326083
GGCCAT,-0.33106175067590815
GGCCAC,-0.5592262626202051
GGCCAG,-0.25657926316971263
GGCCTA,-0.6863138506075124
GGCCTT,-0.32382322599639457
GGCCTC,-0.3003961801474033
GGCCTG,-0.023697331101388042
GGCCCA,-0.6146251130434349
GGCCCT,-0.8443880620198599
GGCCCC,-0.5390140444384445
GGCCCG,-0.517131004212213
GGCCGA,-0.4820864096689796
GGCCGT,-0.5513165289994778
GGCCGC,-0.7369153259620526
GGCCGG,-0.7216061174450963
GGCGAA,0.47730752772744817
GGCGAT,0.6382427320467207
GGCGAC,0.4798573418027556
GGCGAG,0.35943128526485696
GGCGTA,0.2778130338198051
GGCGTT,0.3380328432501045
GGCGTC,0.29473618299284904
GGCGTG,0.29864565721409414
GGCGCA,0.2602553451326626
GGCGCT,0.2803364764738747
GGCGCC,-0.41653521901723967
GGCGCG,-0.006322283216417698
GGCGGA,0.24752084664981527
GGCGGT,0.21139755401491375
GGCGGC,0.2716591417834868
GGCGGG,0.18177376165563267
GGGAAA,0.2947037513891329
GGGAAT,0.1840081223706088
GGGAAC,0.03791320377202323
GGGAAG,0.44337180606494236
GGGATA,0.25775102801944494
GGGATT,0.12318276956533056
GGGATC,-0.07359023980977297
GGGATG,0.14331877978624544
GGGACA,-0.04463636659572582
GGGACT,-0.078840061707776
GGGACC,-1.211624613839603
GGGACG,-0.10764808210320359
GGGAGA,0.5555131043518232
GGGAGT,0.1570727167051367
GGGAGC,-0.2813732322144871
GGGAGG,-0.0894201875143078
GGGTAA,0.513372371339126
GGGTAT,0.2759402545750977
GGGTAC,-0.37406138159674196
GGGTAG,0.1694393723423487
GGGTTA,0.2296002779567001
GGGTTT,-0.12385773720285465
GGGTTC,-0.32544823989406785
GGGTTG,-0.06630420278318218
GGGTCA,-0.12010483841754115
GGGTCT,-0.31079988156708593
GGGTCC,-1.0634839311339146
GGGTCG,-0.100946024207947
GGGTGA,0.43215361933343177
GGGTGT,0.026814654195556068
GGGTGC,-0.3320788970828522
GGGTGG,-0.11099677597202438
GGGCAA,0.5451041072214835
GGGCAT,0.25480419691450834
GGGCAC,-0.38763263181260804
GGGCAG,-0.04832773641552676
GGGCTA,0.3346857538620293
GGGCTT,0.06521463290615845
GGGCTC,-0.7588827201765903
GGGCTG,-0.07348202306699131
GGGCCA,-0.35549144818490586
GGGCCT,-0.6479431710370086
GGGCCC,-1.5715676383786905
GGGCCG,-0.39303773843732387
GGGCGA,0.5345735555530099
GGGCGT,0.32692040337787187
GGGCGC,-0.1518398397145304
GGGCGG,0.06951575825205195
GGGGAA,0.4644584938493215
GGGGAT,0.45886588483527946
GGGGAC,-0.11264163615596473
GGGGAG,0.43373988657633084
GGGGTA,-0.024423368357302664
GGGGTT,-0.15505141372130932
GGGGTC,-0.42996412859648897
GGGGTG,-0.1495317339709637
GGGGCA,0.04197669397092862
GGGGCT,0.08861833451475266
GGGGCC,-0.6427063492332126
GGGGCG,-0.04681632735699032
GGGGGA,0.3043313898809936
GGGGGT,-0.1762760659146764
GGGGGC,-0.06638785536058472
GGGGGG,-0.2707257427174652
