,ID,PC1,PC2,family,Replicons_type,Type,Explained Variance 1,Explained Variance 2
0,chromosome_GCF_002951835.1_ASM295183v1,-35.42956851690748,-14.952417327432636,Neisseriaceae,chromosome,chromosome,?,?
1,chromosome_GCF_014054985.1_ASM1405498v1,19.297694271321433,-63.087645366457295,Neisseriaceae,chromosome,chromosome,?,?
2,plasmid_pDSM18271_GCF_014054985.1_ASM1405498v1,-22.39526639767002,-27.017114456394822,Neisseriaceae,plasmid_pDSM18271,plasmid,?,?
3,chromosome_GCF_014054525.1_ASM1405452v1,-87.76125153403014,64.0251580001554,Neisseriaceae,chromosome,chromosome,?,?
4,chromosome_GCF_022354465.1_ASM2235446v1,-1.8343467017592934,-0.04407335552738338,Neisseriaceae,chromosome,chromosome,?,?
5,chromosome_GCF_016894345.1_ASM1689434v1,5.186749012039223,1.7791677564495945,Neisseriaceae,chromosome,chromosome,?,?
6,chromosome_GCF_022870845.1_ASM2287084v1,106.67268570734673,55.89192238612794,Neisseriaceae,chromosome,chromosome,?,?
7,chromosome_GCF_022749515.1_ASM2274951v1,16.263304159659622,-16.594997636920922,Neisseriaceae,chromosome,chromosome,?,?
