Item,Count obs
AAAAAA,0.08567722538275253
AAAAAT,0.1663269992903753
AAAAAC,0.1130020258786799
AAAAAG,0.32404067956620575
AAAATA,0.27319132024716936
AAAATT,-0.14485311380262872
AAAATC,0.11034660852439836
AAAATG,0.1283515571570168
AAAACA,0.06693535186232627
AAAACT,0.08857942081002286
AAAACC,-0.06827931106476526
AAAACG,0.3776192969701602
AAAAGA,0.41436284352802927
AAAAGT,0.13597953845546495
AAAAGC,0.17786381957445369
AAAAGG,0.25395599384687173
AAATAA,0.09481408551997293
AAATAT,0.19796834558069984
AAATAC,0.30165037254028987
AAATAG,0.11497227324062552
AAATTA,-0.17578461075222052
AAATTT,-0.10165172797856759
AAATTC,-0.11668399509261394
AAATTG,-0.244271137504085
AAATCA,0.038516827172315596
AAATCT,0.01758048534674809
AAATCC,0.2721144117756601
AAATCG,0.3190265649827532
AAATGA,0.09079923053900578
AAATGT,-0.08101861343102496
AAATGC,0.1651396772486618
AAATGG,0.34308982934842586
AAACAA,-0.03051729177526554
AAACAT,-0.14047843456833237
AAACAC,-0.10308121248816594
AAACAG,-0.09477632446643895
AAACTA,-0.16017830842115324
AAACTT,0.03391662292501302
AAACTC,0.06320450752113235
AAACTG,-0.055214169130787104
AAACCA,-0.09420159369223169
AAACCT,-0.17281815910583873
AAACCC,-0.40007821946940725
AAACCG,-0.4434925036974037
AAACGA,0.2000976674342172
AAACGT,0.16547790946440066
AAACGC,0.336320732946959
AAACGG,0.08223809823697201
AAAGAA,0.34599882771611434
AAAGAT,0.10620033611482264
AAAGAC,0.036006372490644915
AAAGAG,0.3245329068640511
AAAGTA,0.17169408313307233
AAAGTT,0.01832453509329577
AAAGTC,-0.16463868721109867
AAAGTG,0.01526747213078838
AAAGCA,0.12290056196509998
AAAGCT,0.08250470171032084
AAAGCC,-0.2781883302595297
AAAGCG,0.2015848558695383
AAAGGA,0.18751338544455612
AAAGGT,0.11855973472455568
AAAGGC,-0.1607850496576912
AAAGGG,-0.09158126712144168
AATAAA,0.11898848570480809
AATAAT,-0.11465498635580959
AATAAC,-0.22044051489756447
AATAAG,-0.19668811121385457
AATATA,0.24281232360410285
AATATT,-0.04672598178851652
AATATC,0.11758949794245861
AATATG,-0.005320548777837454
AATACA,0.19684095531867715
AATACT,0.1198970087595687
AATACC,0.10326387903730572
AATACG,0.34950455071535874
AATAGA,0.07035412220185253
AATAGT,-0.010163512221923951
AATAGC,0.09628907603312778
AATAGG,-0.13267380183956565
AATTAA,-0.3636487455409257
AATTAT,-0.16957995454358743
AATTAC,-0.24401722993507868
AATTAG,-0.3995502994383358
AATTTA,-0.07871284530986893
AATTTT,-0.1425152654397299
AATTTC,-0.19717539391162156
AATTTG,-0.2605585171876646
AATTCA,-0.3788712183357897
AATTCT,-0.2462151386265252
AATTCC,-0.13375430750655132
AATTCG,-0.3307591909790338
AATTGA,-0.32829972389501866
AATTGT,-0.28979177787563054
AATTGC,-0.15916339922336953
AATTGG,-0.14247878848180148
AATCAA,-0.1481536000114071
AATCAT,-0.20380078656931586
AATCAC,-0.264587146236386
AATCAG,-0.4309238753202312
AATCTA,-0.116415304461702
AATCTT,-0.14796036059751227
AATCTC,-0.11247231720671053
AATCTG,-0.2752163037501549
AATCCA,0.2395822776573697
AATCCT,-0.056695343676545294
AATCCC,-0.1121901961216584
AATCCG,-0.26982884254653694
AATCGA,0.052443116291855565
AATCGT,0.3536666689200015
AATCGC,0.153141088625906
AATCGG,0.053244514518812285
AATGAA,0.022596524278746026
AATGAT,-0.06292877030128503
AATGAC,-0.23120089123407742
AATGAG,-0.3465236705305516
AATGTA,-0.005055536343458039
AATGTT,-0.26382008070947205
AATGTC,-0.3460744541340512
AATGTG,-0.35393239516453223
AATGCA,-0.009526669352365324
AATGCT,0.05126918493061485
AATGCC,-0.24990993366800754
AATGCG,-0.08043310393069071
AATGGA,0.32845145892825395
AATGGT,0.03384250759926113
AATGGC,0.02499254222451392
AATGGG,-0.0009735519185301513
AACAAA,-0.06778879032862004
AACAAT,-0.17871621699150525
AACAAC,0.06146632210060095
AACAAG,-0.040802192343995236
AACATA,-0.0566687500858409
AACATT,-0.25368456414842155
AACATC,0.2166846478989089
AACATG,-0.2777167742274817
AACACA,-0.2205247406054768
AACACT,-0.10200860076053225
AACACC,0.4627334180963637
AACACG,-0.004018759594917744
AACAGA,-0.020567091049580325
AACAGT,-0.13837852927494984
AACAGC,0.3570923352491398
AACAGG,0.21470242127118605
AACTAA,-0.2616798352058672
AACTAT,0.014947027226479837
AACTAC,0.14020466331243184
AACTAG,-0.47841882617102016
AACTTA,-0.15099629493139377
AACTTT,0.017018721742123398
AACTTC,0.2891001771564632
AACTTG,-0.00510459640992031
AACTCA,-0.1908532229157944
AACTCT,0.03766286354055756
AACTCC,0.4075754910541009
AACTCG,0.08059841760725932
AACTGA,-0.20878598058851558
AACTGT,0.012180586202602872
AACTGC,0.3296780804578711
AACTGG,0.33254832132459566
AACCAA,-0.18711881181065076
AACCAT,-0.08268142867886746
AACCAC,-0.0956462013128628
AACCAG,-0.08334177884285615
AACCTA,-0.3375580130579583
AACCTT,-0.22830132973869727
AACCTC,0.01874800191325116
AACCTG,-0.3439149816918423
AACCCA,-0.43788265320767733
AACCCT,-0.4946519754409338
AACCCC,-0.2927766001617023
AACCCG,-0.6543611555247889
AACCGA,-0.4679005790489568
AACCGT,-0.09235422140012528
AACCGC,-0.28312625591592017
AACCGG,-0.43267767163304927
AACGAA,0.11619485782353633
AACGAT,0.031272091744274796
AACGAC,0.11676314775563781
AACGAG,0.1583060318189019
AACGTA,0.04279465966608787
AACGTT,0.018977902201281042
AACGTC,0.14864503043457075
AACGTG,-0.19633580016876642
AACGCA,0.08631232068713174
AACGCT,0.3074281642436489
AACGCC,0.5617704253812392
AACGCG,0.7103149841823105
AACGGA,0.14239212638918045
AACGGT,-0.10795714150509228
AACGGC,-0.14392242385941867
AACGGG,-0.19885085874516517
AAGAAA,0.2708719215395431
AAGAAT,-0.05515026123608985
AAGAAC,0.09992743640151991
AAGAAG,0.5610956994108511
AAGATA,0.1893479037110371
AAGATT,-0.16632018994900585
AAGATC,-2.8911040904078398
AAGATG,0.4153141151911045
AAGACA,-0.15153848462159966
AAGACT,-0.19378233011681825
AAGACC,0.45419996407261004
AAGACG,0.27275852362948555
AAGAGA,0.2300849684412693
AAGAGT,0.18267926782374058
AAGAGC,0.2773576624848939
AAGAGG,0.2887604057612319
AAGTAA,-0.007974848582818429
AAGTAT,0.2581652321402817
AAGTAC,0.17596759249931873
AAGTAG,0.12713071309006233
AAGTTA,-0.15790746676659242
AAGTTT,0.028366127864719762
AAGTTC,0.17291643171653423
AAGTTG,0.17518730289714635
AAGTCA,-0.28534796002162177
AAGTCT,-0.09411178892845831
AAGTCC,-0.11460338273900374
AAGTCG,-0.028636317980451374
AAGTGA,0.027318007144135716
AAGTGT,0.005956933871957819
AAGTGC,0.30960577947070916
AAGTGG,0.4175376893424336
AAGCAA,-0.015326493248214166
AAGCAT,-0.07944622689235596
AAGCAC,0.03642566732212847
AAGCAG,0.12917116435154477
AAGCTA,-0.06684904813709287
AAGCTT,-0.11397053385278673
AAGCTC,0.055836993676934316
AAGCTG,0.15731635253781445
AAGCCA,-0.26396138998167346
AAGCCT,-0.5415806778947239
AAGCCC,-0.16021758212944978
AAGCCG,-0.2824962354194155
AAGCGA,0.1377419251608661
AAGCGT,0.18576497857171503
AAGCGC,0.11000089521432849
AAGCGG,-0.4917720116625304
AAGGAA,0.001144013852935414
AAGGAT,-0.23556607131276697
AAGGAC,-0.4484855576167929
AAGGAG,0.5543107357057295
AAGGTA,0.10051789118203833
AAGGTT,-0.23419763855983983
AAGGTC,-0.07662326035264311
AAGGTG,0.45450044009214036
AAGGCA,-0.16119260653322354
AAGGCT,-0.35311817914463284
AAGGCC,-1.1171334027196824
AAGGCG,0.6177977433181586
AAGGGA,-0.22557960611209085
AAGGGT,-0.43932028189681394
AAGGGC,-0.48343255972589594
AAGGGG,0.07810870489496095
ATAAAA,0.2788669437470387
ATAAAT,0.09803942864908671
ATAAAC,-0.06347847270399222
ATAAAG,0.1118427014203546
ATAATA,0.09047758496611602
ATAATT,-0.16956371236587292
ATAATC,-0.04817409022107483
ATAATG,-0.06578362140017989
ATAACA,-0.09028547894405396
ATAACT,-0.023828636413786523
ATAACC,-0.32820638201490787
ATAACG,0.011926509011729345
ATAAGA,-0.0966671590963577
ATAAGT,0.034870929791716646
ATAAGC,-0.21972727966891167
ATAAGG,-0.2482617160189405
ATATAA,0.23721670317374582
ATATAT,0.2596709046268936
ATATAC,0.3252002645976508
ATATAG,0.24670021860739028
ATATTA,-0.014161158092490788
ATATTT,0.20173871622374434
ATATTC,0.05641045215511186
ATATTG,0.04816225806667531
ATATCA,0.15501367447205022
ATATCT,0.2513172305041901
ATATCC,0.305050986373997
ATATCG,0.22044581822499265
ATATGA,0.06468687194264625
ATATGT,0.051720788363342596
ATATGC,0.040344728876157046
ATATGG,0.29152617447295853
ATACAA,0.21641971174580876
ATACAT,0.16555950105955167
ATACAC,0.2202035518692557
ATACAG,0.18805223150293962
ATACTA,0.04498394827488946
ATACTT,0.24576429787530407
ATACTC,0.17000545742999618
ATACTG,-0.005816953955742306
ATACCA,0.43943820333601363
ATACCT,0.2901202235341027
ATACCC,-0.05277967077322925
ATACCG,-0.28127058528032534
ATACGA,0.395666237903916
ATACGT,0.2487630639319543
ATACGC,0.2388129411721093
ATACGG,0.15587630579472814
ATAGAA,0.20048476147236013
ATAGAT,0.12708997414987025
ATAGAC,-0.08212220934268592
ATAGAG,0.13568541998735534
ATAGTA,0.1839570454160699
ATAGTT,0.06960430531829002
ATAGTC,-0.23012101430154974
ATAGTG,-0.027402756829949367
ATAGCA,0.2407788896407844
ATAGCT,0.26303091051589156
ATAGCC,-0.24294617861038947
ATAGCG,-0.15648986218043048
ATAGGA,-0.04881611426739511
ATAGGT,0.09190844709108997
ATAGGC,-0.6512829764612464
ATAGGG,-0.31904702689387326
ATTAAA,-0.12352582974964063
ATTAAT,-0.41458771165093455
ATTAAC,-0.5088420240928759
ATTAAG,-0.5479359256354079
ATTATA,0.041843555740242566
ATTATT,-0.10181913566703636
ATTATC,-0.010085422957240076
ATTATG,-0.238287947639226
ATTACA,-0.09681454854259007
ATTACT,-0.12561795080553184
ATTACC,-0.24312080811845746
ATTACG,-0.2615654360399763
ATTAGA,-0.18748404483388015
ATTAGT,-0.3060119912543237
ATTAGC,-0.26611974561822194
ATTAGG,-0.37523796347610056
ATTTAA,-0.06832043075352397
ATTTAT,0.10454670406841327
ATTTAC,0.09441435476032907
ATTTAG,-0.11756779852217987
ATTTTA,0.002306681385359382
ATTTTT,0.16934915627480593
ATTTTC,0.23367604108834789
ATTTTG,0.012246249884922922
ATTTCA,-0.1212034070418116
ATTTCT,0.0823142461526302
ATTTCC,0.12135342772175031
ATTTCG,-0.24647045910367876
ATTTGA,-0.06522022224597335
ATTTGT,-0.01994137758324188
ATTTGC,0.07326533464862832
ATTTGG,0.028478812234921606
ATTCAA,-0.3644099046316284
ATTCAT,-0.22491601647450105
ATTCAC,-0.37355522160602656
ATTCAG,-0.524654347710216
ATTCTA,-0.29093595143467765
ATTCTT,-0.06509821789830876
ATTCTC,-0.09132646611955297
ATTCTG,-0.4672556814660125
ATTCCA,0.17349187513801462
ATTCCT,-0.05506973296577594
ATTCCC,-0.15114464647596945
ATTCCG,-0.35854818832041263
ATTCGA,-0.4697703930930747
ATTCGT,0.18864822347468993
ATTCGC,-0.25571972174882246
ATTCGG,-0.5659709935078303
ATTGAA,-0.20880434591234584
ATTGAT,-0.1708442142187091
ATTGAC,-0.21220806382070723
ATTGAG,-0.44071179743027333
ATTGTA,0.044287067937662926
ATTGTT,-0.205674541980833
ATTGTC,-0.26798599685581637
ATTGTG,-0.2763899326846315
ATTGCA,0.04627706651724675
ATTGCT,-0.015571041634991385
ATTGCC,-0.2718452551359348
ATTGCG,-0.3055157337562634
ATTGGA,0.06724026842345804
ATTGGT,0.12125796576022152
ATTGGC,-0.19668962006087493
ATTGGG,-0.41629731643752477
ATCAAA,-0.019290404549471615
ATCAAT,-0.14396485179822274
ATCAAC,0.16060383156167535
ATCAAG,-0.09756158788478224
ATCATA,-0.037836043204033186
ATCATT,-0.0870724768338441
ATCATC,0.37785936254955754
ATCATG,-0.4778025123942494
ATCACA,-0.2753867352122812
ATCACT,-0.12598226167239038
ATCACC,0.34724920117672786
ATCACG,-0.19207773173931922
ATCAGA,-0.2021532754223739
ATCAGT,-0.2837532404822218
ATCAGC,0.11828373306679366
ATCAGG,-0.3145366682558038
ATCTAA,-0.10608576334074253
ATCTAT,0.11316192046387331
ATCTAC,0.28458186024862087
ATCTAG,-0.585774591788699
ATCTTA,-0.5133832301121982
ATCTTT,0.08360451130016706
ATCTTC,0.5366350355275448
ATCTTG,-0.2671816389685277
ATCTCA,-0.2567573798877204
ATCTCT,0.08378703309294674
ATCTCC,0.5900860253793389
ATCTCG,-0.3521609544063914
ATCTGA,-0.31684250838432454
ATCTGT,-0.025666426965893236
ATCTGC,0.3304439317898626
ATCTGG,0.2571304599956192
ATCCAA,0.0005852776245180211
ATCCAT,0.20867706808824352
ATCCAC,0.26580999763311264
ATCCAG,0.1545808798769132
ATCCTA,-0.37546209619235293
ATCCTT,-0.2311306623303858
ATCCTC,0.10445547971784283
ATCCTG,-0.08627581241067582
ATCCCA,-0.10948811105794155
ATCCCT,-0.44585250341152716
ATCCCC,0.11188828174503428
ATCCCG,-0.6709015716126255
ATCCGA,-0.4623524825102157
ATCCGT,-0.03922071315328127
ATCCGC,-0.13321884378622273
ATCCGG,-0.12663265093336593
ATCGAA,-0.15301624975664654
ATCGAT,-0.4561244880529337
ATCGAC,0.06230388333615484
ATCGAG,-0.1807177072119801
ATCGTA,0.23222723653661606
ATCGTT,-0.07232066157962613
ATCGTC,0.15405028326073641
ATCGTG,0.040821994520254985
ATCGCA,-0.12356339857188285
ATCGCT,0.10444643881173125
ATCGCC,0.210133314578195
ATCGCG,-0.30661927347153184
ATCGGA,-0.2613712157264992
ATCGGT,-0.23224486556055526
ATCGGC,-0.062303883336154865
ATCGGG,-1.0285027224810832
ATGAAA,0.13989163378184372
ATGAAT,-0.15949671309969685
ATGAAC,-0.04949510808138191
ATGAAG,0.4409618286854826
ATGATA,0.16554714929294015
ATGATT,-0.16634689829009183
ATGATC,-3.2571701831613513
ATGATG,0.46000793878364193
ATGACA,-0.16228080591050847
ATGACT,-0.29154687707254767
ATGACC,-0.03482106065459614
ATGACG,0.12637245087021015
ATGAGA,-0.19273527051327574
ATGAGT,-0.13222163474245918
ATGAGC,-0.3386656443775688
ATGAGG,-0.08239725365257108
ATGTAA,-0.06345154909805467
ATGTAT,0.15636307011019895
ATGTAC,0.09617403966594036
ATGTAG,0.12397380075067817
ATGTTA,-0.21716587554105451
ATGTTT,-0.15470814523238546
ATGTTC,-0.1285927469768848
ATGTTG,0.16992063296855645
ATGTCA,-0.2213740308347873
ATGTCT,-0.21513828339558286
ATGTCC,-0.2501611586339958
ATGTCG,-0.05162436540530718
ATGTGA,-0.3506280390438971
ATGTGT,-0.07178731729325478
ATGTGC,-0.1518882354232888
ATGTGG,0.1814545857831777
ATGCAA,0.019151293068625848
ATGCAT,-0.2820983305213143
ATGCAC,0.0508015314073918
ATGCAG,0.2776056418781718
ATGCTA,-0.006485948278795099
ATGCTT,-0.0883371538826371
ATGCTC,0.02148706403144743
ATGCTG,0.15545090104801154
ATGCCA,0.007201796721275678
ATGCCT,-0.42463165945003023
ATGCCC,-0.37662173615983563
ATGCCG,-0.3068631313036249
ATGCGA,-0.22114154864353666
ATGCGT,0.1277230510287757
ATGCGC,-0.22899307610310127
ATGCGG,-0.2782628505352892
ATGGAA,0.43025401144163083
ATGGAT,0.16543186867483953
ATGGAC,-0.05899560433089131
ATGGAG,0.7079248868605447
ATGGTA,0.19497809688520687
ATGGTT,-0.150403336347117
ATGGTC,0.09091308156462515
ATGGTG,0.38203835051859336
ATGGCA,0.1489211168470796
ATGGCT,-0.06741682703148577
ATGGCC,-1.0806745879814423
ATGGCG,0.16059214662807478
ATGGGA,0.1447396572018066
ATGGGT,0.03271773042595097
ATGGGC,-0.4429226706430648
ATGGGG,-0.0685927914656117
ACAAAA,0.09628643314985205
ACAAAT,-0.034385305615615994
ACAAAC,-0.07966740273387114
ACAAAG,-0.056549982089341796
ACAATA,0.05172479385487127
ACAATT,-0.2566539276783978
ACAATC,-0.21138808988859542
ACAATG,-0.09607208460308672
ACAACA,0.21890870379180977
ACAACT,0.11070925105018746
ACAACC,-0.008269599339479503
ACAACG,0.21557557573708577
ACAAGA,0.0997362038688938
ACAAGT,0.07188518770733855
ACAAGC,0.16752333569500474
ACAAGG,0.033901551675681416
ACATAA,-0.13666696743549062
ACATAT,0.11476844337653816
ACATAC,0.09495516438219397
ACATAG,-0.17474233892464777
ACATTA,-0.2642682027319479
ACATTT,-0.07457648335960629
ACATTC,-0.1318526338698849
ACATTG,-0.22150600587223798
ACATCA,0.2338579395266161
ACATCT,0.3755190996878465
ACATCC,0.3104831738344413
ACATCG,-0.9735660979392531
ACATGA,-0.3935654524874914
ACATGT,-0.200260775390824
ACATGC,-0.05305147715044033
ACATGG,-0.025263204309448936
ACACAA,-0.1337749413520773
ACACAT,-0.14531206407729624
ACACAC,-0.1570747740591707
ACACAG,-0.17792594532091646
ACACTA,-0.1706609415941593
ACACTT,0.05982077831853932
ACACTC,0.08394887755594588
ACACTG,-0.3542608648805641
ACACCA,0.5025854358805347
ACACCT,0.4898381658829217
ACACCC,0.14362072927754552
ACACCG,-0.010878118147183017
ACACGA,0.07869226857566487
ACACGT,0.2409289837474261
ACACGC,-0.166897086468323
ACACGG,-0.07574597415796028
ACAGAA,0.013899837689033518
ACAGAT,-0.013942270678430407
ACAGAC,-0.11700978991903521
ACAGAG,-0.20421327068573794
ACAGTA,0.066310997581753
ACAGTT,-0.015729301908543804
ACAGTC,-0.4322559947129317
ACAGTG,-0.2401671968442678
ACAGCA,0.3732958251747727
ACAGCT,0.2781309014674379
ACAGCC,-0.09317244803893382
ACAGCG,0.007528266420791588
ACAGGA,0.3752623316033349
ACAGGT,0.30003466482540136
ACAGGC,-0.1974429682056291
ACAGGG,-0.17995469178368848
ACTAAA,-0.12462868238204354
ACTAAT,-0.3344766472602813
ACTAAC,-0.5504062063419667
ACTAAG,-0.516456797726621
ACTATA,0.16892996890847073
ACTATT,-0.020483041851897518
ACTATC,0.0618012719859655
ACTATG,-0.148198760060815
ACTACA,0.17382442654000835
ACTACT,0.1747248351772787
ACTACC,0.016694878572170054
ACTACG,0.020067563050809173
ACTAGA,-0.1618298984516231
ACTAGT,-0.7794638718668966
ACTAGC,-0.31797334130728533
ACTAGG,-0.45104993585801306
ACTTAA,-0.26018158037204614
ACTTAT,0.05976561586770966
ACTTAC,0.12563881162196702
ACTTAG,-0.16233068453918914
ACTTTA,-0.0433243667355256
ACTTTT,0.1455882207416434
ACTTTC,0.15575937250503663
ACTTTG,-0.012153449635034206
ACTTCA,0.15659093080493727
ACTTCT,0.2988740376012576
ACTTCC,0.40633385830568997
ACTTCG,0.055782639750144844
ACTTGA,-0.009856626241270953
ACTTGT,0.10094549744870958
ACTTGC,0.33064521907062405
ACTTGG,0.15488128373195756
ACTCAA,-0.3133825591432178
ACTCAT,-0.03936894215388282
ACTCAC,-0.2988596796728462
ACTCAG,-0.7979501637762597
ACTCTA,-0.10173477436238362
ACTCTT,0.10536051565782635
ACTCTC,0.01792081692293834
ACTCTG,-0.2804304090564607
ACTCCA,0.5412073624871726
ACTCCT,0.3182206321780793
ACTCCC,-0.06983109450334
ACTCCG,0.0038046970436638452
ACTCGA,-0.3928863259013043
ACTCGT,0.12210269680089991
ACTCGC,0.08435912612343843
ACTCGG,-0.3501625562298959
ACTGAA,-0.27941048783692196
ACTGAT,-0.2069739206471249
ACTGAC,-0.40450679466635286
ACTGAG,-0.8114926459274426
ACTGTA,0.09358037484090663
ACTGTT,0.0162492771471839
ACTGTC,-0.10987261380898475
ACTGTG,-0.31885374001295486
ACTGCA,0.19579069939624155
ACTGCT,0.36813462205597675
ACTGCC,-0.06444176723105668
ACTGCG,-0.24686007793152578
ACTGGA,0.25864382435358824
ACTGGT,0.37812879074012273
ACTGGC,-0.31297673202000026
ACTGGG,-0.3231977054125168
ACCAAA,-0.05568106730351024
ACCAAT,0.01313192776264879
ACCAAC,0.4492103271328914
ACCAAG,-0.025088051862643682
ACCATA,0.10006813206437351
ACCATT,0.10565419279129876
ACCATC,0.5512868507969771
ACCATG,-0.12840864460507448
ACCACA,0.00016921905446932135
ACCACT,0.22801566813821011
ACCACC,0.7892154730297473
ACCACG,0.4376610479086521
ACCAGA,0.19768130618536736
ACCAGT,0.3554030836718932
ACCAGC,0.632614331331103
ACCAGG,0.2565138317634406
ACCTAA,-0.138886525128247
ACCTAT,0.1286333761902603
ACCTAC,0.33702328662497455
ACCTAG,-0.46086879570226164
ACCTTA,-0.4918771770082663
ACCTTT,0.12861221107835624
ACCTTC,0.5668876965340865
ACCTTG,-0.033181544444504406
ACCTCA,-0.376324671880614
ACCTCT,0.28608433352650603
ACCTCC,0.9803917119852753
ACCTCG,0.21950938619999003
ACCTGA,-0.23865091539047284
ACCTGT,0.3366896515584754
ACCTGC,0.6821302461451237
ACCTGG,0.16251892949777494
ACCCAA,-0.25474096430039156
ACCCAT,0.06708222684092349
ACCCAC,0.11412080782694585
ACCCAG,-0.17221316747319357
ACCCTA,-0.527570863920453
ACCCTT,-0.34303393995450226
ACCCTC,0.004716989878138867
ACCCTG,-0.31435796944348215
ACCCCA,-0.23473177685660088
ACCCCT,-0.305822978297333
ACCCCC,-0.09129986219817086
ACCCCG,0.0045558165358608824
ACCCGA,-0.33762364722625476
ACCCGT,-0.19858207766573502
ACCCGC,0.38518043693665865
ACCCGG,-0.699942223692774
ACCGAA,-0.40443098185261306
ACCGAT,-0.3098944777228647
ACCGAC,0.1991286751103359
ACCGAG,-0.7287556080273131
ACCGTA,-0.2182083161274787
ACCGTT,-0.08250122151174372
ACCGTC,0.02052163572079677
ACCGTG,-0.09384282811037503
ACCGCA,-0.18574036354274023
ACCGCT,-0.4176976765437988
ACCGCC,0.48868449788877716
ACCGCG,1.2138251007689478
ACCGGA,-0.7085048362142651
ACCGGT,-0.6664789334777841
ACCGGC,-0.4257703742689099
ACCGGG,-0.4201712554978599
ACGAAA,0.18951499772120806
ACGAAT,0.09599276565422603
ACGAAC,0.14514061997259375
ACGAAG,0.4421436008982658
ACGATA,0.2727404924535819
ACGATT,0.40847133755709064
ACGATC,-2.1112821475354946
ACGATG,-0.7641750171372662
ACGACA,0.014598799421152631
ACGACT,0.08723313106526959
ACGACC,0.4937894366134227
ACGACG,0.9162907318741551
ACGAGA,0.14601884979638743
ACGAGT,0.22448854142954255
ACGAGC,0.39459997823906046
ACGAGG,0.22314355131420976
ACGTAA,-0.2626379746101605
ACGTAT,0.2011646445954345
ACGTAC,-0.03754707259525174
ACGTAG,0.17095779814363948
ACGTTA,-0.24014112768278095
ACGTTT,0.30559299901831116
ACGTTC,0.3121224646001501
ACGTTG,0.11399557429470693
ACGTCA,-0.17260185410597143
ACGTCT,0.22970956308510027
ACGTCC,0.1008046991219655
ACGTCG,0.9409833444645266
ACGTGA,-0.07105792126572105
ACGTGT,0.017713208599070662
ACGTGC,0.4375270405678273
ACGTGG,-0.01704146585485159
ACGCAA,-0.23533559207957172
ACGCAT,0.0883243285052585
ACGCAC,0.3566749439387324
ACGCAG,-0.06713930283762856
ACGCTA,-0.05617027146705459
ACGCTT,0.043870777369613645
ACGCTC,0.5502596930113978
ACGCTG,0.39093700754525457
ACGCCA,0.31206660925307234
ACGCCT,0.44505431019778685
ACGCCC,0.3566749439387324
ACGCCG,1.2822250012256842
ACGCGA,0.03991660740544242
ACGCGT,0.08338160893905121
ACGCGC,-0.39589565709201374
ACGCGG,1.2664931613072699
ACGGAA,-0.05452980945939676
ACGGAT,-0.02383140972388159
ACGGAC,-0.6523251860396901
ACGGAG,0.32704314633236115
ACGGTA,-0.2723207872902937
ACGGTT,-0.19260909079112432
ACGGTC,0.5794718147155817
ACGGTG,0.10223551311469112
ACGGCA,-0.16968497278944247
ACGGCT,-0.0755662018146339
ACGGCC,-0.8754687373538999
ACGGCG,0.8534898306351247
ACGGGA,-0.09418721505970107
ACGGGT,-0.006557400546159052
ACGGGC,-0.15088003095913574
ACGGGG,0.0427618593380817
AGAAAA,0.3500708460978642
AGAAAT,0.08593099659067938
AGAAAC,0.050879459565403004
AGAAAG,0.16298478248300044
AGAATA,-0.08846052095984223
AGAATT,-0.21367056066925738
AGAATC,-0.12912657197724461
AGAATG,-0.2728953947332219
AGAACA,-0.17195813428561785
AGAACT,-0.0026944150218991022
AGAACC,0.25979396093303103
AGAACG,0.1761865682264387
AGAAGA,0.6396237196530515
AGAAGT,0.34761903767645363
AGAAGC,0.506081168025628
AGAAGG,0.45875606690922316
AGATAA,0.13054870097352236
AGATAT,0.26008369136801635
AGATAC,0.35975186944321164
AGATAG,0.08568275945393579
AGATTA,-0.37370556668790167
AGATTT,0.033652398063863366
AGATTC,-0.18238216101808757
AGATTG,-0.3361381422921405
AGATCA,-2.8300872143009976
AGATCT,-3.005198199542874
AGATCC,-2.7294521889952117
AGATCG,-2.162277547258985
AGATGA,0.49107278185923187
AGATGT,0.2896302000593734
AGATGC,0.5463594481603811
AGATGG,0.59044697720079
AGACAA,-0.15096180917310947
AGACAT,-0.19537595436373315
AGACAC,-0.043831717376248955
AGACAG,-0.2581303724577428
AGACTA,-0.5213887347385595
AGACTT,-0.12113472660829526
AGACTC,-0.3776030637566466
AGACTG,-0.47782182456331496
AGACCA,0.2484057403991833
AGACCT,0.14754212969412106
AGACCC,0.3040393144765527
AGACCG,-0.4523486940070148
AGACGA,0.47838397015675305
AGACGT,0.18915335108565792
AGACGC,0.13835843337283857
AGACGG,-0.2707425301134887
AGAGAA,0.20068840256889897
AGAGAT,0.025665452694900535
AGAGAC,-0.2182949636803035
AGAGAG,0.09527909220464786
AGAGTA,0.055194024392005714
AGAGTT,0.07008197120966303
AGAGTC,-0.35417181372061374
AGAGTG,0.0697540513524379
AGAGCA,0.15170921817727345
AGAGCT,0.02807684183620864
AGAGCC,-0.1667073289924037
AGAGCG,0.2824946050302661
AGAGGA,0.2149308403595824
AGAGGT,0.19718723834424048
AGAGGC,0.05129329438755048
AGAGGG,-0.032264553610448485
AGTAAA,0.02851758061855844
AGTAAT,-0.164327137787739
AGTAAC,-0.13001859279323297
AGTAAG,-0.08920467155089785
AGTATA,0.17844289837829638
AGTATT,0.08546352961480576
AGTATC,0.2711160968047745
AGTATG,0.024714468915298562
AGTACA,0.06578575753713647
AGTACT,0.02589008383686165
AGTACC,0.1714313502668992
AGTACG,0.09864908106983943
AGTAGA,0.14834935826317183
AGTAGT,0.1306578274287908
AGTAGC,0.4112230638527392
AGTAGG,0.18298983849955433
AGTTAA,-0.2840349659191203
AGTTAT,-0.02449663534923445
AGTTAC,0.023882634512543164
AGTTAG,-0.3149599276275685
AGTTTA,-0.17353280623223422
AGTTTT,0.10181924254813851
AGTTTC,0.041037447574501944
AGTTTG,-0.17333624953704477
AGTTCA,-0.12361725699990478
AGTTCT,-0.0704930643606022
AGTTCC,0.4383721605254497
AGTTCG,-0.07065815080601272
AGTTGA,0.13524592369176314
AGTTGT,0.07032739628889596
AGTTGC,0.47527702475792577
AGTTGG,0.48690544004833874
AGTCAA,-0.3163475737613809
AGTCAT,-0.30126133057816185
AGTCAC,-0.5800354208754203
AGTCAG,-0.5905826346435101
AGTCTA,-0.3834065196301898
AGTCTT,-0.2410486717042319
AGTCTC,-0.33115024428327205
AGTCTG,-0.5568703198428683
AGTCCA,-0.20172326196388615
AGTCCT,-0.5658463376860587
AGTCCC,-0.3477994662583553
AGTCCG,-0.5619939103403901
AGTCGA,-0.31337378593453286
AGTCGT,0.14310084364067344
AGTCGC,-0.04250478835447117
AGTCGG,0.04640927979512526
AGTGAA,-0.04668306797505514
AGTGAT,-0.06264080110333099
AGTGAC,-0.24724580599802493
AGTGAG,-0.3446695732494277
AGTGTA,0.07170403574344632
AGTGTT,-0.1499278377553329
AGTGTC,-0.20167063033232985
AGTGTG,-0.23248035833026187
AGTGCA,0.02039371104267287
AGTGCT,0.06882792303296915
AGTGCC,-0.1423162221802554
AGTGCG,-0.05179949536014146
AGTGGA,0.36195986714136147
AGTGGT,0.2859150839384087
AGTGGC,0.03905698386759396
AGTGGG,-0.30681602703832495
AGCAAA,0.03156950290150332
AGCAAT,-0.01336431019386149
AGCAAC,0.3627139411555005
AGCAAG,0.13543797089510431
AGCATA,-0.1655351458411126
AGCATT,-0.01640096931283629
AGCATC,0.40240075433128436
AGCATG,-0.2697217470747881
AGCACA,-0.0319762634560839
AGCACT,0.09156719352549043
AGCACC,0.531171305670021
AGCACG,-0.09875647844791251
AGCAGA,0.2945684744814143
AGCAGT,0.36703646773633486
AGCAGC,0.6938703335383081
AGCAGG,0.5947147859088479
AGCTAA,-0.11364703836322827
AGCTAT,0.24185506695441814
AGCTAC,0.3886325507074039
AGCTAG,-0.2920781333063688
AGCTTA,-0.5177982994843148
AGCTTT,0.09701509076473083
AGCTTC,0.4856535740033655
AGCTTG,-0.12898619512540918
AGCTCA,-0.33691237747338876
AGCTCT,-0.0007964954622596413
AGCTCC,0.7060961549007484
AGCTCG,-0.18331312851624976
AGCTGA,0.12860626862423305
AGCTGT,0.2641255912295002
AGCTGC,0.4588658848352796
AGCTGG,0.4712368823870743
AGCCAA,-0.2933478099874583
AGCCAT,-0.06086360534098602
AGCCAC,-0.04052565431953851
AGCCAG,-0.24323364232007588
AGCCTA,-0.9332883082427261
AGCCTT,-0.4044091418009605
AGCCTC,-0.05574353161793213
AGCCTG,-0.6973605142128138
AGCCCA,-0.39182756455306234
AGCCCT,-0.35146137688584483
AGCCCC,-0.12854516001315047
AGCCCG,-0.6826758806926498
AGCCGA,-0.14932703465891592
AGCCGT,0.010333581854545398
AGCCGC,-0.03922071315328127
AGCCGG,-0.44828510529109256
AGCGAA,0.1159989138628821
AGCGAT,0.008556683596718219
AGCGAC,0.21502442687570542
AGCGAG,0.28190170953628163
AGCGTA,-0.02618477899506691
AGCGTT,0.31832216082691656
AGCGTC,0.06609011182899006
AGCGTG,-0.03849016399136098
AGCGCA,-0.20664455193417472
AGCGCT,-0.2312736773974599
AGCGCC,0.49201629180849454
AGCGCG,0.3044891907681621
AGCGGA,-0.20015403308951102
AGCGGT,-0.39619147132283505
AGCGGC,0.09745533615071306
AGCGGG,-0.4224626844767354
AGGAAA,0.0269168290626418
AGGAAT,-0.07233256924756902
AGGAAC,0.1517524279900408
AGGAAG,0.2610165925437398
AGGATA,-0.14650016307034122
AGGATT,-0.08200579274053586
AGGATC,-2.944169037202323
AGGATG,0.028306617431137146
AGGACA,-0.2855889743585898
AGGACT,-0.5022353738725621
AGGACC,-0.06926219548534757
AGGACG,0.44781265593725667
AGGAGA,0.5389069391366395
AGGAGT,0.377596209099372
AGGAGC,0.7171257624166597
AGGAGG,0.9965550953171904
AGGTAA,-0.04160671207355827
AGGTAT,0.2813611954816984
AGGTAC,0.1823789472499377
AGGTAG,0.01663764115302344
AGGTTA,-0.5334124755985753
AGGTTT,-0.20068749921947168
AGGTTC,0.10038714839076882
AGGTTG,-0.19694343358198083
AGGTCA,-0.12670257366877194
AGGTCT,0.0859349846990431
AGGTCC,-0.013406660280115272
AGGTCG,0.5715919789821384
AGGTGA,0.3484098741942559
AGGTGT,0.5335316590202402
AGGTGC,0.643312629872607
AGGTGG,0.8311819239258612
AGGCAA,-0.30161311589224027
AGGCAT,-0.28641544783658796
AGGCAC,-0.31736533794571065
AGGCAG,-0.3299982771865379
AGGCTA,-0.6566249106182693
AGGCTT,-0.547486887886587
AGGCTC,-0.32611194638664004
AGGCTG,-0.4408548306605019
AGGCCA,-1.160487692386197
AGGCCT,-1.5735174079738865
AGGCCC,-1.042923382807521
AGGCCG,-0.5487191967112096
AGGCGA,0.43747488842262383
AGGCGT,0.5401948232247957
AGGCGC,0.32636959444340347
AGGCGG,0.4954407049265112
AGGGAA,-0.23512091813918787
AGGGAT,-0.31861091027690186
AGGGAC,-0.3574268735581668
AGGGAG,-0.08977858034707613
AGGGTA,-0.49229236591801223
AGGGTT,-0.49614964921364924
AGGGTC,0.041137700915931795
AGGGTG,-0.23185105048209217
AGGGCA,-0.5662712050063878
AGGGCT,-0.4196917855209295
AGGGCC,-1.1136940632254317
AGGGCG,-0.258861633916289
AGGGGA,-0.11721040230827018
AGGGGT,-0.19804739909941882
AGGGGC,-0.18669793139375346
AGGGGG,0.4805966218046734
TAAAAA,0.21039065816158262
TAAAAT,-0.02063355066923134
TAAAAC,0.051480043224247755
TAAAAG,0.18871344271378682
TAAATA,0.03483032800790448
TAAATT,-0.08330863648455085
TAAATC,0.2066872508178463
TAAATG,0.0042540913039467824
TAAACA,-0.2758842458040042
TAAACT,-0.18518181810646017
TAAACC,-0.22235892985379185
TAAACG,0.05517630797193829
TAAAGA,0.09944806289933851
TAAAGT,-0.044674533511396386
TAAAGC,0.09778434914969429
TAAAGG,-0.023488574286165007
TAATAA,-0.12288995368366491
TAATAT,-0.009135685245624761
TAATAC,0.03182455675498658
TAATAG,-0.11225506630058345
TAATTA,-0.5045390669947778
TAATTT,-0.18135000168973478
TAATTC,-0.13758954645524965
TAATTG,-0.2975742175371715
TAATCA,-0.5188093347590278
TAATCT,-0.28883164618041585
TAATCC,0.008849106759440985
TAATCG,0.03466983690093387
TAATGA,-0.14844042703507518
TAATGT,-0.26298830714956833
TAATGC,-0.0315498490135557
TAATGG,-0.03676682983742672
TAACAA,-0.3447083287884542
TAACAT,-0.2113039549078575
TAACAC,-0.11449622776304086
TAACAG,-0.06134597344988483
TAACTA,-0.2686994722285199
TAACTT,-0.1855989349141628
TAACTC,0.004988886501856223
TAACTG,-0.001538264628414062
TAACCA,-0.5924006288055379
TAACCT,-0.5537321361836226
TAACCC,-0.5778023465432776
TAACCG,-0.3889269877759204
TAACGA,-0.1765578520772046
TAACGT,-0.353690101568712
TAACGC,0.15543975509438854
TAACGG,-0.262364264467491
TAAGAA,-0.30986203950415264
TAAGAT,-0.4496423450157495
TAAGAC,-0.20631029000436718
TAAGAG,-0.024949319047948615
TAAGTA,-0.07406413776005409
TAAGTT,-0.14656530843800172
TAAGTC,-0.12772736433247617
TAAGTG,0.13120888072359915
TAAGCA,-0.4513186977055638
TAAGCT,-0.5071773161805153
TAAGCC,-0.4221029700117152
TAAGCG,-0.21493793412175738
TAAGGA,-0.38844281520068125
TAAGGT,-0.440534869838534
TAAGGC,-0.39554343926461927
TAAGGG,-0.43710398127073646
TATAAA,0.25077599476684376
TATAAT,0.06600717260072816
TATAAC,0.05708592268124928
TATAAG,-0.03625003388788662
TATATA,0.21414284764738714
TATATT,0.23055274095485326
TATATC,0.4523536615394141
TATATG,0.122241956673586
TATACA,0.17987872251124648
TATACT,0.14417727000941166
TATACC,0.49808127494644244
TATACG,0.22931467889301796
TATAGA,0.29583495513690944
TATAGT,0.18548006660953478
TATAGC,0.35684462239845904
TATAGG,0.08932228371530983
TATTAA,-0.19083544682542453
TATTAT,0.07099774112599182
TATTAC,-0.013972283195016257
TATTAG,-0.16829141202000514
TATTTA,0.005592920016943949
TATTTT,0.3004415791240159
TATTTC,0.2152558390808394
TATTTG,0.11885279343797477
TATTCA,-0.311482172125955
TATTCT,-0.136762951414322
TATTCC,0.1904183074836951
TATTCG,-0.11115450882547588
TATTGA,-0.008622086343628765
TATTGT,0.033581358803829287
TATTGC,0.16440351359115063
TATTGG,0.16145592600424363
TATCAA,0.1612426716246694
TATCAT,0.17132919129151178
TATCAC,0.135981115292581
TATCAG,0.04324307774031545
TATCTA,0.15024229422924865
TATCTT,0.15758746669764853
TATCTC,0.3540459789415126
TATCTG,0.25211180311997683
TATCCA,0.25301002459987065
TATCCT,-0.14128811655346765
TATCCC,-0.10043807547592563
TATCCG,-0.02157410694456177
TATCGA,0.022312817442498696
TATCGT,0.3210532608161707
TATCGC,0.3779863525210408
TATCGG,-0.1466311899940418
TATGAA,0.023485237708829015
TATGAT,-0.08061711002370064
TATGAC,-0.1397619423751586
TATGAG,-0.16654261551250732
TATGTA,0.024896547336442004
TATGTT,-0.10935190713523603
TATGTC,-0.07364524483067207
TATGTG,-0.04670773720104204
TATGCA,-0.16947511091913078
TATGCT,-0.16387084888083814
TATGCC,-0.20972053098206903
TATGCG,-0.22209036532955112
TATGGA,0.32867519728818906
TATGGT,0.017661344652868335
TATGGC,-0.055268323114852885
TATGGG,0.06895340896647505
TACAAA,0.16439024335323463
TACAAT,0.05565901969698351
TACAAC,0.37311921549152444
TACAAG,0.16316626250846886
TACATA,0.06854847985693696
TACATT,0.014831112027691494
TACATC,0.5204752061977056
TACATG,-0.16142011173287862
TACACA,0.021876908277805907
TACACT,0.06919395735129279
TACACC,0.6670399601713216
TACACG,0.03642171429984523
TACAGA,0.12275807724554688
TACAGT,0.1224300869850467
TACAGC,0.42829488374629093
TACAGG,0.384269803745943
TACTAA,-0.1756105603439322
TACTAT,0.16660525162152012
TACTAC,0.2767071796318915
TACTAG,-0.32013088693068154
TACTTA,-0.0814411185622501
TACTTT,0.18328092094620413
TACTTC,0.4263678978833375
TACTTG,0.20517467647667534
TACTCA,-0.289417311939201
TACTCT,0.018227313730481073
TACTCC,0.5000179989705804
TACTCG,-0.28535378269218975
TACTGA,-0.22050894306368973
TACTGT,0.1599248943207282
TACTGC,0.40366492760401645
TACTGG,0.22956725724613966
TACCAA,0.06763628986407222
TACCAT,0.2338146713440244
TACCAC,0.3699773151786111
TACCAG,0.46005329839256753
TACCTA,-0.018013219182353806
TACCTT,0.03227193892998887
TACCTC,0.39707881240221093
TACCTG,0.26621371319019804
TACCCA,-0.1461800674270064
TACCCT,-0.4724630788663435
TACCCC,-0.2632061334662804
TACCCG,-0.37729423114146804
TACCGA,-0.25390636234173475
TACCGT,-0.2692760104877101
TACCGC,-0.13505050845383895
TACCGG,-0.8754687373538999
TACGAA,0.11756034330494541
TACGAT,0.20742270352726158
TACGAC,0.2254468152883028
TACGAG,0.026863642269548252
TACGTA,-0.1203298807659867
TACGTT,0.17589991206853484
TACGTC,0.13996604483530184
TACGTG,0.00967629433053199
TACGCA,-0.15764311643875742
TACGCT,0.09649012094417347
TACGCC,0.38811646977355135
TACGCG,-0.08085209662909502
TACGGA,-0.16968497278944247
TACGGT,0.09489606437852337
TACGGC,0.053744276006690614
TACGGG,-0.04646458172595662
TAGAAA,0.17640909179519598
TAGAAT,-0.24970161856703843
TAGAAC,-0.13610335961755152
TAGAAG,0.42471356303048874
TAGATA,0.14001435724470962
TAGATT,-0.12863861764602558
TAGATC,-2.862785125809601
TAGATG,0.465633185930802
TAGACA,-0.23399972150633974
TAGACT,-0.43923942522676834
TAGACC,0.18520449635235242
TAGACG,0.08759805931798578
TAGAGA,0.05960178998935821
TAGAGT,-0.07662580814606292
TAGAGC,0.02317341831338084
TAGAGG,0.05861770844353358
TAGTAA,-0.10829191464458095
TAGTAT,0.05371431834845607
TAGTAC,-0.028671357088878184
TAGTAG,0.17233039794910968
TAGTTA,-0.279340082940665
TAGTTT,-0.10325217664302674
TAGTTC,-0.06627186098677718
TAGTTG,0.22257724643829188
TAGTCA,-0.48017274257529996
TAGTCT,-0.5934433450126759
TAGTCC,-0.5368569077356946
TAGTCG,0.031591354281528185
TAGTGA,-0.18021961172158235
TAGTGT,-0.13887120597422256
TAGTGC,-0.17623438782360193
TAGTGG,0.044045341106186305
TAGCAA,0.03377235062251313
TAGCAT,-0.024086219642073452
TAGCAC,0.204559619682015
TAGCAG,0.37370425978963523
TAGCTA,0.010619905987049186
TAGCTT,-0.04816923897096625
TAGCTC,0.1333524644040829
TAGCTG,0.35457954752826426
TAGCCA,-0.25221948207066297
TAGCCT,-0.6709989473369345
TAGCCC,-0.34676063937263674
TAGCCG,-0.3135637458243428
TAGCGA,-0.058088337520379375
TAGCGT,-0.0983027007407788
TAGCGC,-0.19627990904466158
TAGCGG,-0.09337407077745852
TAGGAA,-0.16256747200888852
TAGGAT,-0.4374261300549117
TAGGAC,-0.3977430620142541
TAGGAG,0.5399234689510861
TAGGTA,-0.007717042214766687
TAGGTT,-0.3823071354890205
TAGGTC,0.04859984553153887
TAGGTG,0.4730107344963943
TAGGCA,-0.6992184565983709
TAGGCT,-0.9071362473208371
TAGGCC,-1.495856563631417
TAGGCG,0.10536051565782635
TAGGGA,-0.5216916410957634
TAGGGT,-0.475972370852643
TAGGGC,-0.6529848477514031
TAGGGG,-0.10701382444832877
TTAAAA,-0.04522879804816067
TTAAAT,-0.04449361506050924
TTAAAC,-0.33722439912376706
TTAAAG,-0.11530395164732303
TTAATA,-0.17632232130752865
TTAATT,-0.3919737718182883
TTAATC,-0.52442251154147
TTAATG,-0.30468990055161327
TTAACA,-0.3621935930541869
TTAACT,-0.2890462465511128
TTAACC,-0.8326104639118884
TTAACG,-0.5624082379986457
TTAAGA,-0.5181063257491084
TTAAGT,-0.2378187520109268
TTAAGC,-0.6907657063231931
TTAAGG,-0.6693555608705076
TTATAA,0.0043145970234035195
TTATAT,0.20220906994150675
TTATAC,0.11285485353473791
TTATAG,0.14339466816601723
TTATTA,-0.10920151665662198
TTATTT,0.11874183838420539
TTATTC,-0.3060747594368419
TTATTG,-0.05394566289171484
TTATCA,0.13388035833249004
TTATCT,0.12477370568592927
TTATCC,-0.19523373075202968
TTATCG,0.09063890383246645
TTATGA,-0.15010830621129334
TTATGT,-0.13892988815755955
TTATGC,-0.3759701997823859
TTATGG,-0.0915671935254905
TTACAA,0.052285823674872625
TTACAT,-0.031720028178825306
TTACAC,0.07794021018418117
TTACAG,0.16438861006473407
TTACTA,-0.12956870704909143
TTACTT,0.014596342007689106
TTACTC,-0.15627824389085448
TTACTG,-0.025189594637104816
TTACCA,0.0604523925542575
TTACCT,-0.055927609762911244
TTACCC,-0.5607839365529096
TTACCG,-0.7943224798166681
TTACGA,0.019486887673496694
TTACGT,-0.15142139480521322
TTACGC,-0.22425404559823692
TTACGG,-0.41260211342330855
TTAGAA,0.0035920132939547536
TTAGAT,-0.12789937944576624
TTAGAC,-0.2909209233403726
TTAGAG,-0.16266527482222834
TTAGTA,-0.14454654693065255
TTAGTT,-0.22932811941455641
TTAGTC,-0.7554706590600143
TTAGTG,-0.2981298808489958
TTAGCA,-0.06183006523539393
TTAGCT,-0.11441705096368611
TTAGCC,-0.6632942174102642
TTAGCG,-0.48165424646571087
TTAGGA,-0.12243823447770215
TTAGGT,-0.19435991522040796
TTAGGC,-1.0291954188707995
TTAGGG,-0.6039062966321236
TTTAAA,0.042349603352056266
TTTAAT,-0.1087040287342753
TTTAAC,-0.2028341289524357
TTTAAG,-0.30447797365533463
TTTATA,0.24446668664532292
TTTATT,0.1251504496589215
TTTATC,0.2675997754718962
TTTATG,-0.11439098745478489
TTTACA,0.16331653402286708
TTTACT,0.02879013871880353
TTTACC,0.1171970640625302
TTTACG,-0.0065666277238884425
TTTAGA,0.060418148161290694
TTTAGT,-0.09967971721511434
TTTAGC,0.018389416585833755
TTTAGG,-0.12110447120782857
TTTTAA,-0.029757639172006314
TTTTAT,0.2896541289255616
TTTTAC,0.1667925544214692
TTTTAG,0.055879554047668596
TTTTTA,0.202547954305059
TTTTTT,0.08444889338693592
TTTTTC,0.38146147569038946
TTTTTG,-0.0623308604999873
TTTTCA,0.19886359072872647
TTTTCT,0.342802556359932
TTTTCC,0.2693557704617083
TTTTCG,0.039205561752912815
TTTTGA,-0.018323622889360958
TTTTGT,0.0733692460867503
TTTTGC,0.15994119721007188
TTTTGG,-0.028331043540274967
TTTCAA,4.499538798033604e-05
TTTCAT,0.14665078459544187
TTTCAC,0.037883832359976756
TTTCAG,-0.16193365187325687
TTTCTA,0.13461106318576682
TTTCTT,0.25460123435336685
TTTCTC,0.25237252506096625
TTTCTG,0.05309157064303401
TTTCCA,0.3123071197571702
TTTCCT,0.05867853148185354
TTTCCC,-0.025377201468842023
TTTCCG,-0.1571379860069936
TTTCGA,-0.4258033253694796
TTTCGT,0.16368212609281058
TTTCGC,0.16297859395082367
TTTCGG,-0.32018383535631734
TTTGAA,-0.06908393344211448
TTTGAT,-0.021022883701409038
TTTGAC,-0.13018916019648216
TTTGAG,-0.17145357216553236
TTTGTA,0.1517497182897201
TTTGTT,-0.06454678611267296
TTTGTC,-0.07052223856837571
TTTGTG,-0.16175085850993465
TTTGCA,0.16935956987370487
TTTGCT,0.05311285183840896
TTTGCC,-0.15974149107848598
TTTGCG,-0.08186387007817311
TTTGGA,0.16690667538102819
TTTGGT,0.03263692931302253
TTTGGC,-0.28323672263793254
TTTGGG,-0.3436103210338943
TTCAAA,-0.06052309954630968
TTCAAT,-0.22236270014680487
TTCAAC,0.23224789321233805
TTCAAG,-0.05338958472268315
TTCATA,0.01745972021134312
TTCATT,0.007692800822959961
TTCATC,0.6035965559139873
TTCATG,-0.45842036728037716
TTCACA,-0.32075772346389014
TTCACT,-0.05870327256256342
TTCACC,0.39965380562426955
TTCACG,-0.14657100613232607
TTCAGA,-0.3095657728106994
TTCAGT,-0.3359081677898614
TTCAGC,0.15062582598382265
TTCAGG,-0.32562981038112926
TTCTAA,-0.062079577388090126
TTCTAT,0.18309331064279408
TTCTAC,0.2596839219731209
TTCTAG,-0.44125907367977035
TTCTTA,-0.2762749956788666
TTCTTT,0.3523957932379046
TTCTTC,0.7595550053690654
TTCTTG,0.005158813973587803
TTCTCA,-0.3105959710549685
TTCTCT,0.18990324322548402
TTCTCC,0.7231983587318442
TTCTCG,-0.12402502397902836
TTCTGA,-0.27684963026906606
TTCTGT,0.04261679009627836
TTCTGC,0.3043988796462861
TTCTGG,0.22957444164450017
TTCCAA,0.15296444006775198
TTCCAT,0.41686758164546445
TTCCAC,0.5075008511702721
TTCCAG,0.26558372709446426
TTCCTA,-0.172886175858351
TTCCTT,-0.02880566722717894
TTCCTC,0.5345950318570502
TTCCTG,0.32129193436662146
TTCCCA,0.050268178972305066
TTCCCT,-0.2813887854759917
TTCCCC,0.0817491035882793
TTCCCG,-0.3053816495511819
TTCCGA,-0.3304243000659022
TTCCGT,-0.028397300606291566
TTCCGC,-0.19662210693615095
TTCCGG,-0.4446858212614458
TTCGAA,-0.7325358339269054
TTCGAT,-0.19116799822847722
TTCGAC,0.015348983348815117
TTCGAG,-0.23191004452639233
TTCGTA,0.10206060150707513
TTCGTT,0.25131442828090617
TTCGTC,0.6989331176269893
TTCGTG,-0.18540322333136267
TTCGCA,-0.25611981955584456
TTCGCT,0.0553500950831649
TTCGCC,0.4906014113033643
TTCGCG,-0.13580154115906176
TTCGGA,-0.2336148511815052
TTCGGT,-0.27988145633229505
TTCGGC,-0.3575700655858487
TTCGGG,-0.005982071677547429
TTGAAA,-0.04081650377079534
TTGAAT,-0.3269566962687632
TTGAAC,-0.060162146537772285
TTGAAG,0.2653374299469074
TTGATA,0.15744258025996835
TTGATT,-0.16495771579910962
TTGATC,-2.8374344293369815
TTGATG,0.3731222853129345
TTGACA,-0.13711724548221005
TTGACT,-0.2681153586461187
TTGACC,0.1294252410678619
TTGACG,0.16577577915673739
TTGAGA,-0.29069415008505617
TTGAGT,-0.3277187757764483
TTGAGC,-0.2312083556601496
TTGAGG,-0.2435193430669588
TTGTAA,0.05210293042739765
TTGTAT,0.19832682304786903
TTGTAC,0.0416590247859158
TTGTAG,0.2576556036193534
TTGTTA,-0.31360145000385564
TTGTTT,-0.060741707372216625
TTGTTC,-0.035667522650606055
TTGTTG,0.25093967531296674
TTGTCA,-0.17878654291559154
TTGTCT,-0.15546560440856733
TTGTCC,-0.1470679783420559
TTGTCG,0.10414692327586778
TTGTGA,-0.27422648177138637
TTGTGT,-0.15212945629932423
TTGTGC,-0.0020658115654182494
TTGTGG,0.15973530113455425
TTGCAA,0.15257958759521717
TTGCAT,0.07015929969830567
TTGCAC,0.20242447367131536
TTGCAG,0.31809636034255506
TTGCTA,0.033470610061599945
TTGCTT,-0.06155648494437275
TTGCTC,0.24773305281374638
TTGCTG,0.3383803564090945
TTGCCA,0.1005507118946636
TTGCCT,-0.47804210013575826
TTGCCC,-0.15781514660613205
TTGCCG,-0.34547319748018895
TTGCGA,-0.05726576180849131
TTGCGT,-0.09024687784777817
TTGCGC,-0.10722690473778766
TTGCGG,-0.19627990904466158
TTGGAA,0.1560096484965613
TTGGAT,0.004836704531198702
TTGGAC,-0.10747072371769667
TTGGAG,0.6638021508989437
TTGGTA,0.18623899437875877
TTGGTT,-0.15057984525689788
TTGGTC,0.24497378025125405
TTGGTG,0.5044521158938986
TTGGCA,-0.02977695232966957
TTGGCT,-0.3029571001633102
TTGGCC,-1.0123478306724978
TTGGCG,0.48903414090682135
TTGGGA,-0.1826424295706529
TTGGGT,-0.3758420889769722
TTGGGC,-0.33150944727908405
TTGGGG,-0.2832474753839152
TCAAAA,-0.0006977974644716563
TCAAAT,-0.05450070552713598
TCAAAC,-0.232658109497099
TCAAAG,-0.11530485315762333
TCAATA,-0.03557790878631846
TCAATT,-0.30193547708609364
TCAATC,-0.427095081251628
TCAATG,-0.36157709123180704
TCAACA,0.25655822982945514
TCAACT,0.12289986202462992
TCAACC,-0.20539891621587994
TCAACG,0.18831888631986135
TCAAGA,-0.05175843942992511
TCAAGT,-0.010888940205489481
TCAAGC,-0.288726542879759
TCAAGG,-0.29963116363335257
TCATAA,-0.13805802951779425
TCATAT,0.06938235542566268
TCATAC,-0.020963781263619998
TCATAG,-0.1536503984085319
TCATTA,-0.16928529887848548
TCATTT,0.10536051565782614
TCATTC,-0.3548407046102986
TCATTG,-0.29315336190237057
TCATCA,0.5630850422880961
TCATCT,0.46523402710039524
TCATCC,0.05813273582041068
TCATCG,-0.8493079113152279
TCATGA,-0.45947721625874804
TCATGT,-0.24300172336559026
TCATGC,-0.58583053740957
TCATGG,-0.32027369281793716
TCACAA,-0.271711411559062
TCACAT,-0.3826291308606346
TCACAC,-0.3661150936665388
TCACAG,-0.46538100206139454
TCACTA,-0.1919428790656607
TCACTT,-0.005326488853776514
TCACTC,-0.20483939588976247
TCACTG,-0.6446031399457799
TCACCA,0.24803862845097002
TCACCT,0.45101832933465497
TCACCC,-0.1615036541325171
TCACCG,-0.32047189527477193
TCACGA,-0.09987788758287995
TCACGT,-0.11157070067610518
TCACGC,-0.3290039420136872
TCACGG,-0.44245367747750486
TCAGAA,-0.2601385791507624
TCAGAT,-0.31984217441915125
TCAGAC,-0.4567675099223661
TCAGAG,-0.6582897304842988
TCAGTA,-0.25613160422634534
TCAGTT,-0.2763966862201145
TCAGTC,-0.7558358735403302
TCAGTG,-0.8770761963079701
TCAGCA,0.15959695598257137
TCAGCT,0.10182889296059443
TCAGCC,-0.3247199646063113
TCAGCG,-0.4184946083984982
TCAGGA,-0.20827160534823846
TCAGGT,-0.2198046500486951
TCAGGC,-0.7843415636364001
TCAGGG,-0.8045240444039173
TCTAAA,0.029674234322624393
TCTAAT,-0.20732789634611234
TCTAAC,-0.17145659405612845
TCTAAG,-0.2501772483642476
TCTATA,0.29370391977965615
TCTATT,0.04325906512734437
TCTATC,0.20749618832893493
TCTATG,-0.24813107220158148
TCTACA,0.3752014504683375
TCTACT,0.21047159331034987
TCTACC,0.11988222299244358
TCTACG,-0.19652370967605673
TCTAGA,-1.1221191358183469
TCTAGT,-0.19579768334185838
TCTAGC,-0.04310227112423238
TCTAGG,-0.4627572207249684
TCTTAA,-0.48572139211825477
TCTTAT,-0.1337596619634831
TCTTAC,-0.14511071801555972
TCTTAG,-0.5009595639057975
TCTTTA,0.09046950157177633
TCTTTT,0.41250645863986646
TCTTTC,0.1766647277786781
TCTTTG,-0.016918927525966996
TCTTCA,0.4823007695745107
TCTTCT,0.6933450240663777
TCTTCC,0.4447533599964708
TCTTCG,0.18149202543157922
TCTTGA,-0.05957304350416041
TCTTGT,0.06785215935156062
TCTTGC,0.06467321034243491
TCTTGG,-0.0850418461438529
TCTCAA,-0.2798377530008719
TCTCAT,-0.1118976722960384
TCTCAC,-0.39624996967027354
TCTCAG,-0.7093760339821665
TCTCTA,0.07261336314270815
TCTCTT,0.23151180098472635
TCTCTC,0.10603008381139843
TCTCTG,-0.21086724704070678
TCTCCA,0.7791033959533474
TCTCCT,0.5561367168163419
TCTCCC,0.19839948383689907
TCTCCG,-0.19463284827340496
TCTCGA,-0.2700783680335329
TCTCGT,-0.01968450078254647
TCTCGC,-0.026526754333428597
TCTCGG,-0.909783116717417
TCTGAA,-0.30216938293809487
TCTGAT,-0.26879362344056257
TCTGAC,-0.38366047814131155
TCTGAG,-0.8841755785298617
TCTGTA,0.19344277153970169
TCTGTT,-0.016240207022813053
TCTGTC,-0.3593963560188355
TCTGTG,-0.417396884620506
TCTGCA,0.2675796759756232
TCTGCT,0.33907020300991797
TCTGCC,-0.14067548240606556
TCTGCG,-0.05395279824823887
TCTGGA,0.3359374357355333
TCTGGT,0.33510770616909163
TCTGGC,-0.25595569780810595
TCTGGG,-0.38911597010663485
TCCAAA,0.17174874187956926
TCCAAT,0.04953432516229273
TCCAAC,0.5298196891475867
TCCAAG,0.14108471392548866
TCCATA,0.3691726325485989
TCCATT,0.2947492396748733
TCCATC,0.8099103283155833
TCCATG,-0.09930880629727303
TCCACA,0.3240658548953768
TCCACT,0.2869332891895398
TCCACC,1.130830549292173
TCCACG,0.3376267489680379
TCCAGA,0.3276478501745746
TCCAGT,0.27796120263095864
TCCAGC,0.6052062308621687
TCCAGG,0.025639175728161833
TCCTAA,-0.16837525873795817
TCCTAT,0.011322817830264637
TCCTAC,0.1918210801851687
TCCTAG,-0.5050623561264094
TCCTTA,-0.41206704616729695
TCCTTT,0.1293075215083376
TCCTTC,0.38706176242629947
TCCTTG,-0.27335708408330983
TCCTCA,-0.1020482632930461
TCCTCT,0.2949227606447023
TCCTCC,1.146272091123456
TCCTCG,-0.055569851154810765
TCCTGA,-0.0997909623541685
TCCTGT,0.46068981134163517
TCCTGC,0.7969140703824935
TCCTGG,0.10229302858996453
TCCCAA,-0.07775343420453083
TCCCAT,0.24294391206717378
TCCCAC,0.01778543243321634
TCCCAG,-0.40346560731702835
TCCCTA,-0.5841169360131565
TCCCTT,-0.23060077826300915
TCCCTC,0.17552853818007488
TCCCTG,-0.5119678283447677
TCCCCA,0.11371129487524623
TCCCCT,-0.16819789555281742
TCCCCC,0.555213726534785
TCCCCG,-0.020619287202735703
TCCCGA,-0.4237583011554897
TCCCGT,-0.2363887780642304
TCCCGC,0.10745915231474755
TCCCGG,-0.39241739271568876
TCCGAA,-0.29122417887618035
TCCGAT,-0.522819524219058
TCCGAC,0.26620885474504613
TCCGAG,-0.9152090660034141
TCCGTA,-0.09291496907837012
TCCGTT,-0.062035390919452635
TCCGTC,0.3726752852851734
TCCGTG,-0.5108256237659907
TCCGCA,-0.4274440148269396
TCCGCT,-0.30450407160982285
TCCGCC,0.828660734388459
TCCGCG,0.18805223150293962
TCCGGA,-0.6130211360806604
TCCGGT,-0.008298802814695179
TCCGGC,-1.0083871970753842
TCCGGG,-0.029980832211935784
TCGAAA,-0.3661480047673296
TCGAAT,-0.47204699469732064
TCGAAC,-0.4860262639052982
TCGAAG,-0.03230094478832118
TCGATA,0.08964750999327001
TCGATT,-0.13080331583026714
TCGATC,-2.9780773383152703
TCGATG,-1.057914294396014
TCGACA,0.08051451707129559
TCGACT,-0.13916617232476938
TCGACC,0.18280948068750885
TCGACG,0.4441342492673184
TCGAGA,-0.25309062768216184
TCGAGT,-0.13148682025004638
TCGAGC,-0.25002535301377576
TCGAGG,-0.20017917419396114
TCGTAA,0.05454126726161321
TCGTAT,0.3345989922395327
TCGTAC,0.2791910912949935
TCGTAG,-0.10848064299406995
TCGTTA,-0.1298788970429484
TCGTTT,0.2599742656484879
TCGTTC,0.17628575489583173
TCGTTG,0.22619698880110017
TCGTCA,0.3841088813280811
TCGTCT,0.4592315322638245
TCGTCC,0.2587150170990774
TCGTCG,0.9107505514985396
TCGTGA,-0.032576170434612715
TCGTGT,0.08247622182423861
TCGTGC,-0.02150620522096362
TCGTGG,0.3225884810199206
TCGCAA,-0.22852231820399868
TCGCAT,-0.19675182162298346
TCGCAC,-0.16228080591050847
TCGCAG,-0.08279196144692155
TCGCTA,-0.01897765818573186
TCGCTT,0.18032355413128148
TCGCTC,0.21757870668080243
TCGCTG,-0.09116938713829348
TCGCCA,0.3952236140559675
TCGCCT,0.4284546263328632
TCGCCC,0.2810375297331124
TCGCCG,0.08004270767353636
TCGCGA,-0.21605969642580475
TCGCGT,-0.2082970431972153
TCGCGC,0.08841095734405294
TCGCGG,0.17733401528291545
TCGGAA,-0.309321247555262
TCGGAT,-0.3310387828982174
TCGGAC,-0.3629054936893685
TCGGAG,0.015915455305899582
TCGGTA,-0.2287615436184331
TCGGTT,-0.3893357261782807
TCGGTC,-0.23915503155712062
TCGGTG,0.04182651494626072
TCGGCA,-0.0872860645342768
TCGGCT,-0.10697211955216783
TCGGCC,-0.7621400520468967
TCGGCG,0.453667209926042
TCGGGA,-0.3483066942682157
TCGGGT,-0.21217451994363576
TCGGGC,-0.7021970160798633
TCGGGG,0.2706240895472044
TGAAAA,0.1851164956178397
TGAAAT,-0.16532213574557844
TGAAAC,-0.07033725887294483
TGAAAG,0.0014959637568428674
TGAATA,-0.23461348825995035
TGAATT,-0.31028462157942505
TGAATC,-0.18588944957785639
TGAATG,-0.45327041438683807
TGAACA,-0.1762784217844383
TGAACT,-0.1434586894129657
TGAACC,0.2689215130749234
TGAACG,0.05394308248295233
TGAAGA,0.5303652965421667
TGAAGT,0.08876981692992715
TGAAGC,0.26674080002014383
TGAAGG,0.24647293826788483
TGATAA,0.13578602569238696
TGATAT,0.14757422722392702
TGATAC,0.21835360913391952
TGATAG,0.0406418954652883
TGATTA,-0.5273977275234439
TGATTT,0.05120958485956347
TGATTC,-0.20918783686905973
TGATTG,-0.31146418693682254
TGATCA,-3.722301160952766
TGATCT,-3.007096032204306
TGATCC,-1.9813643794131177
TGATCG,-2.350779841843714
TGATGA,0.5557099817064276
TGATGT,0.2456356026821963
TGATGC,0.4043097064776086
TGATGG,0.49938780789056597
TGACAA,-0.15625230427457396
TGACAT,-0.2035258531541424
TGACAC,-0.19330003322027822
TGACAG,-0.2663378848910966
TGACTA,-0.48381203786133703
TGACTT,-0.23172540616214957
TGACTC,-0.28628600912298563
TGACTG,-0.3223985094095509
TGACCA,0.025508892004514665
TGACCT,-0.09503340150197666
TGACCC,0.23852091959324884
TGACCG,0.0329306778130118
TGACGA,0.3360157198362929
TGACGT,-0.0790955136647609
TGACGC,0.3115763926512171
TGACGG,0.017654935238720745
TGAGAA,-0.270797202706678
TGAGAT,-0.4047170573209151
TGAGAC,-0.2706870301313137
TGAGAG,-0.2671913052158069
TGAGTA,-0.2515140091617203
TGAGTT,-0.2705917539716781
TGAGTC,-0.5229551525312609
TGAGTG,-0.3214091903101173
TGAGCA,-0.4324905481676274
TGAGCT,-0.41774334432087706
TGAGCC,-0.2652092165997223
TGAGCG,0.10857079128807462
TGAGGA,-0.15224928036808777
TGAGGT,-0.2527364187224213
TGAGGC,-0.24805709641059964
TGAGGG,-0.3138668514468478
TGTAAA,0.14764018046572355
TGTAAT,-0.0975201880705142
TGTAAC,0.11464902164926066
TGTAAG,0.005455756172084076
TGTATA,0.16215513879467833
TGTATT,0.17718738325929176
TGTATC,0.38753647528995866
TGTATG,-0.025636663750309326
TGTACA,0.06369499514913193
TGTACT,0.012796561521526695
TGTACC,0.3030739562193649
TGTACG,0.1214662810726799
TGTAGA,0.3511184442868617
TGTAGT,0.13464808732459763
TGTAGC,0.4061031919151235
TGTAGG,0.2108597564320574
TGTTAA,-0.3481510055119656
TGTTAT,-0.111655289924862
TGTTAC,0.016358234906307598
TGTTAG,-0.3328122337976194
TGTTTA,-0.23876286769890642
TGTTTT,0.07152255981791106
TGTTTC,-0.08773412746034939
TGTTTG,-0.15807561249328478
TGTTCA,-0.2653843779580515
TGTTCT,-0.11199129005602318
TGTTCC,0.2679327080804332
TGTTCG,-0.3364722366212129
TGTTGA,0.2273167100881016
TGTTGT,0.22435347281692303
TGTTGC,0.4788524114500671
TGTTGG,0.5545590933662654
TGTCAA,-0.08561838314579563
TGTCAT,-0.22230607607091285
TGTCAC,-0.2837487271467259
TGTCAG,-0.31016961248383845
TGTCTA,-0.24484409824740552
TGTCTT,-0.16133072386096545
TGTCTC,-0.041609249320698614
TGTCTG,-0.2672108006100208
TGTCCA,-0.07316264358166857
TGTCCT,-0.34625758243760857
TGTCCC,-0.35924174035441453
TGTCCG,-0.4516062641060195
TGTCGA,0.005640879890085706
TGTCGT,0.16142343915633808
TGTCGC,0.08513226588235458
TGTCGG,0.32586205750919744
TGTGAA,-0.30113935730058344
TGTGAT,-0.3129218286096184
TGTGAC,-0.3196865455753196
TGTGAG,-0.5988060601517295
TGTGTA,-0.005386448998286308
TGTGTT,-0.15422707110341172
TGTGTC,-0.23446305532331208
TGTGTG,-0.2390922470648694
TGTGCA,-0.07130270177384196
TGTGCT,-0.08194695199215772
TGTGCC,-0.3005896761367843
TGTGCG,0.049190244190771566
TGTGGA,0.24739601828864952
TGTGGT,0.1011026534812869
TGTGGC,-0.03333091909721783
TGTGGG,-0.07091496045006782
TGCAAA,0.16205890890979446
TGCAAT,0.008487359523027321
TGCAAC,0.44494231348290686
TGCAAG,0.13643582176083052
TGCATA,-0.12832643617622094
TGCATT,-0.010625049900794404
TGCATC,0.49215783616655495
TGCATG,-0.2656380363178744
TGCACA,-0.04476421375287886
TGCACT,0.08171286735715139
TGCACC,0.7427283551700822
TGCACG,0.17515627759336816
TGCAGA,0.19982798967864016
TGCAGT,0.1297940774547588
TGCAGC,0.4194080140771771
TGCAGG,0.4294212769639582
TGCTAA,-0.03488584035849238
TGCTAT,0.2747559382464516
TGCTAC,0.4160839743260272
TGCTAG,-0.1987846649960373
TGCTTA,-0.4742812947225188
TGCTTT,0.11741984524857825
TGCTTC,0.4142778650900632
TGCTTG,-0.06276523689089221
TGCTCA,-0.4265185173059967
TGCTCT,0.13404902623322562
TGCTCC,0.9232023170482075
TGCTCG,-0.1980204663370583
TGCTGA,0.24754083889726666
TGCTGT,0.4072652886123122
TGCTGC,0.7554999772191715
TGCTGG,0.5883003103088514
TGCCAA,-0.04038946856195506
TGCCAT,0.18475225421157215
TGCCAC,0.3450944330489244
TGCCAG,-0.22228691539325704
TGCCTA,-0.7728043224108675
TGCCTT,-0.269746522374435
TGCCTC,-0.07939608624783759
TGCCTG,-0.4499393398120277
TGCCCA,-0.162393573451619
TGCCCT,-0.5139785428256064
TGCCCC,0.0886808264591708
TGCCCG,-0.49288792307932344
TGCCGA,-0.29465768618820626
TGCCGT,-0.4187103348581851
TGCCGC,0.18776004742489316
TGCCGG,-0.723918839226699
TGCGAA,-0.1511386293572666
TGCGAT,-0.0054040907740117335
TGCGAC,0.3386021628790379
TGCGAG,-0.3419517023858385
TGCGTA,-0.08340527729800641
TGCGTT,0.16126814759612232
TGCGTC,0.3596247985851534
TGCGTG,-0.10056643369315191
TGCGCA,-0.5007752879124893
TGCGCT,-0.13120911058485152
TGCGCC,0.35454501768090746
TGCGCG,-0.29598087526647593
TGCGGA,-0.3291994772921331
TGCGGT,-0.2931359231342447
TGCGGC,0.3129998804360708
TGCGGG,0.06899287148695142
TGGAAA,0.32400488817715384
TGGAAT,0.13972780549765557
TGGAAC,0.43456821851520605
TGGAAG,0.5125394202437253
TGGATA,0.2745512687237972
TGGATT,0.21653542024855926
TGGATC,-2.2355902241697674
TGGATG,0.3981180631429603
TGGACA,-0.020770447357206887
TGGACT,-0.2715745845765675
TGGACC,0.3384742392918861
TGGACG,0.42808749667078194
TGGAGA,0.7584440716845688
TGGAGT,0.47798261511169277
TGGAGC,0.9382129508573066
TGGAGG,0.9417300686913102
TGGTAA,0.09730129118639487
TGGTAT,0.4537724343171529
TGGTAC,0.37667931540564836
TGGTAG,0.1361192665185842
TGGTTA,-0.5807957009475136
TGGTTT,-0.09090876424811416
TGGTTC,0.33581671381832257
TGGTTG,0.16806225973267022
TGGTCA,0.0922379807673547
TGGTCT,0.2991260138230019
TGGTCC,0.2526990813097991
TGGTCG,0.5166907432183888
TGGTGA,0.2637683677994591
TGGTGT,0.4891060867802218
TGGTGC,0.7142144508282683
TGGTGG,1.0380003855335107
TGGCAA,0.09793034094799902
TGGCAT,-0.03837915903376569
TGGCAC,-0.07516086063198038
TGGCAG,0.13697589266393498
TGGCTA,-0.28082098207183565
TGGCTT,-0.28438205975108866
TGGCTC,0.02626792682061032
TGGCTG,-0.018259789132754636
TGGCCA,-0.7246649408803504
TGGCCT,-1.4866181754045054
TGGCCC,-1.0015635091729698
TGGCCG,-0.7848143690857691
TGGCGA,0.5047465776896085
TGGCGT,0.19000315881190546
TGGCGC,0.1788792126029818
TGGCGG,0.7255824563130993
TGGGAA,-0.03467938878516687
TGGGAT,-0.21178242748957138
TGGGAC,-0.14628752396895964
TGGGAG,0.17773251325738207
TGGGTA,-0.22473169352201752
TGGGTT,-0.503282091218444
TGGGTC,0.4242964068628474
TGGGTG,0.048415594559935354
TGGGCA,-0.28071340313568766
TGGGCT,-0.3994801557680316
TGGGCC,-1.1021956045063934
TGGGCG,0.3430692918829538
TGGGGA,0.02020270731751947
TGGGGT,-0.2615654360399763
TGGGGC,-0.29523964878786046
TGGGGG,-0.016607736399660525
CAAAAA,-0.028666134807134216
CAAAAT,-0.028622499378770826
CAAAAC,0.10871920695114645
CAAAAG,0.3066203696989199
CAAATA,0.13539555391003186
CAAATT,-0.31130775191936383
CAAATC,-0.00304684760271137
CAAATG,0.24507063516354105
CAAACA,-0.1766732747685458
CAAACT,-0.11956875041661816
CAAACC,-0.2093856267854599
CAAACG,0.11683753683535536
CAAAGA,-0.02742873919339994
CAAAGT,-0.05610816243327561
CAAAGC,-0.19802046633705844
CAAAGG,-0.08278021601736169
CAATAA,-0.06789336615353456
CAATAT,0.049560271947075164
CAATAC,0.14450865723736123
CAATAG,0.21610952465682987
CAATTA,-0.25805141660581016
CAATTT,-0.24225255931133574
CAATTC,-0.24718476542267076
CAATTG,-0.21009859905872366
CAATCA,-0.3688300695368225
CAATCT,-0.3047585019968439
CAATCC,-0.2957982185236511
CAATCG,0.22427031199680034
CAATGA,-0.2209548607257914
CAATGT,-0.2770434271305402
CAATGC,-0.14779135791896583
CAATGG,0.0416990291677483
CAACAA,0.21634125766266676
CAACAT,0.17342781174948996
CAACAC,0.4205787459182125
CAACAG,0.5949929233552292
CAACTA,0.18738035152021684
CAACTT,0.16732258950943998
CAACTC,0.21813667660516914
CAACTG,0.4736672595781431
CAACCA,0.13306074475094692
CAACCT,-0.23160039781625905
CAACCC,-0.4252036554325174
CAACCG,0.09056535674107934
CAACGA,0.2861749131612095
CAACGT,0.22314355131420976
CAACGC,0.4989911661189878
CAACGG,0.3351397913874343
CAAGAA,0.012644507252726965
CAAGAT,-0.29180531950304917
CAAGAC,0.16417264245940408
CAAGAG,0.3506116945276744
CAAGTA,0.201662932920012
CAAGTT,-0.006879046119048904
CAAGTC,-0.12885288805610168
CAAGTG,0.43869781505950584
CAAGCA,-0.049129434740964505
CAAGCT,-0.06834726525496902
CAAGCC,-0.40395453380279744
CAAGCG,0.08841095734405294
CAAGGA,-0.16574981567061017
CAAGGT,0.009865255938109972
CAAGGC,-0.5600035601887144
CAAGGG,-0.3890237319476432
CATAAA,-0.10199318543604213
CATAAT,-0.22647024747835187
CATAAC,-0.07197464746648735
CATAAG,-0.12281213681646654
CATATA,0.18437957073145111
CATATT,0.00654765020367826
CATATC,0.31713706652225787
CATATG,0.13433018406088734
CATACA,0.005797554167415815
CATACT,0.03593604735406798
CATACC,0.34221290059174186
CATACG,0.1635395113179473
CATAGA,-0.23176416117438434
CATAGT,-0.07714649446305047
CATAGC,0.106420539607621
CATAGG,-0.41494385206270806
CATTAA,-0.33910695983747957
CATTAT,-0.04150061822764705
CATTAC,-0.03692798737462127
CATTAG,-0.054422995325162836
CATTTA,0.013060911939803924
CATTTT,0.1279011489739039
CATTTC,0.13045380474456397
CATTTG,0.20074566480508
CATTCA,-0.4109896371945044
CATTCT,-0.28876843866400176
CATTCC,0.13475082235357294
CATTCG,0.04333387264980976
CATTGA,-0.4370456847022233
CATTGT,-0.14877037826925954
CATTGC,-0.049675391151756745
CATTGG,-0.04185160127955762
CATCAA,0.4046851248998367
CATCAT,0.5267417946607429
CATCAC,0.4596831248247034
CATCAG,0.4081908826959161
CATCTA,0.4873566515657708
CATCTT,0.41771601070947706
CATCTC,0.5324091954331652
CATCTG,0.6196314240777656
CATCCA,0.3673630884376995
CATCCT,0.054372728031989115
CATCCC,0.0787002576147034
CATCCG,0.04057102200042862
CATCGA,-1.2197303524283072
CATCGT,-0.9439741606225718
CATCGC,-0.5653138090500606
CATCGG,-1.4315067039414386
CATGAA,-0.4470424161388871
CATGAT,-0.4693986075473362
CATGAC,-0.2765015507767764
CATGAG,-0.3063796951282679
CATGTA,-0.09370730956075818
CATGTT,-0.18649014304028513
CATGTC,-0.2891403994388278
CATGTG,0.03815369163540049
CATGCA,-0.3132503216628408
CATGCT,-0.41431472338514685
CATGCC,-0.3473339315455936
CATGCG,-0.54095536521802
CATGGA,-0.05854035220816149
CATGGT,-0.14981697857013998
CATGGC,-0.38153431352286177
CATGGG,-0.32421581578423697
CACAAA,-0.1456897990527099
CACAAT,-0.26766487668288735
CACAAC,-0.07099228077864515
CACAAG,0.25740013558054
CACATA,-0.08724531604269313
CACATT,-0.34746600485342255
CACATC,0.1185632725083817
CACATG,-0.12834729565314637
CACACA,-0.38312554116000186
CACACT,-0.2393419216900238
CACACC,0.05150300394058921
CACACG,0.06644509940815276
CACAGA,-0.3212096702868684
CACAGT,-0.27144933668996185
CACAGC,-0.22949501938466832
CACAGG,-0.10543513973905203
CACTAA,-0.36345082868291423
CACTAT,0.012621926381756169
CACTAC,0.1253243534146111
CACTAG,-0.13063428122148574
CACTTA,0.1255696833201344
CACTTT,0.07993312463688078
CACTTC,0.13923074833383395
CACTTG,0.3624544277066884
CACTCA,-0.20454649623632296
CACTCT,-0.08372353520842554
CACTCC,0.2996942288997846
CACTCG,-0.062094129795794734
CACTGA,-0.7441351478118569
CACTGT,-0.3037649186454286
CACTGC,-0.2455158490687428
CACTGG,-0.5120141064297887
CACCAA,0.3993124257493994
CACCAT,0.4488568266636293
CACCAC,0.7651385550431533
CACCAG,0.8308149998617531
CACCTA,0.5033046163727072
CACCTT,0.46787342800771264
CACCTC,0.7184217499754251
CACCTG,0.7925065428575232
CACCCA,0.13247974022002998
CACCCT,-0.05333468758675437
CACCCC,0.149898370088728
CACCCG,0.0402738991379399
CACCGA,-0.05852733944729037
CACCGT,-0.0923251029608716
CACCGC,0.639241915723743
CACCGG,-0.6307117096191529
CACGAA,-0.018188020971370754
CACGAT,-0.1644866891579203
CACGAC,0.42096929464412963
CACGAG,0.4548970711067659
CACGTA,-0.06599095421788612
CACGTT,0.15898160709692397
CACGTC,0.28964478161962975
CACGTG,0.45794183458649523
CACGCA,-0.2908021997880246
CACGCT,-0.023716526617316044
CACGCC,0.08866563708565631
CACGCG,0.07257069283483537
CACGGA,-0.3119143858395489
CACGGT,-0.1251631429540059
CACGGC,0.03288786684483521
CACGGG,-0.2857571440421966
CAGAAA,0.047042070050566015
CAGAAT,-0.4240397076622341
CAGAAC,0.04710446918747347
CAGAAG,0.5531122089234548
CAGATA,0.23913995491638756
CAGATT,-0.3379640034937605
CAGATC,-2.3652569536496335
CAGATG,0.602731914070786
CAGACA,-0.1921437112762612
CAGACT,-0.48979455728306315
CAGACC,-0.03173737578671252
CAGACG,0.2735973325700418
CAGAGA,-0.36578900672855696
CAGAGT,-0.2816293086204296
CAGAGC,-0.36085319474886157
CAGAGG,-0.0896959423602987
CAGTAA,-0.11688346610397725
CAGTAT,-0.04039965142299651
CAGTAC,0.04760490860813153
CAGTAG,0.4423960471354528
CAGTTA,-0.029728429779024568
CAGTTT,-0.0935071863475689
CAGTTC,-0.012180418556871072
CAGTTG,0.49425107874638746
CAGTCA,-0.4444608746853086
CAGTCT,-0.536375816807083
CAGTCC,-0.624741542632649
CAGTCG,-0.05023212548633336
CAGTGA,-0.5288966488978927
CAGTGT,-0.3997869171948195
CAGTGC,-0.4689316262843999
CAGTGG,-0.17714288131550313
CAGCAA,0.2385891990322699
CAGCAT,0.09541018480465828
CAGCAC,0.371967795169833
CAGCAG,1.0371381061128802
CAGCTA,0.4154227075416888
CAGCTT,0.10956617846495992
CAGCTC,0.27031955284369963
CAGCTG,0.40058194528309243
CAGCCA,0.0010055305020185744
CAGCCT,-0.3453329102920444
CAGCCC,-0.3882376745491679
CAGCCG,0.17528753013657472
CAGCGA,-0.08563788516181717
CAGCGT,-0.10387292325421267
CAGCGC,-0.022250608934819692
CAGCGG,-0.16507975035944858
CAGGAA,0.16574734230989416
CAGGAT,-0.1875552136000641
CAGGAC,0.0007328692156526977
CAGGAG,0.8774663929450497
CAGGTA,0.27259182672819093
CAGGTT,-0.29166349775096584
CAGGTC,0.25003830751433137
CAGGTG,0.8367053238541807
CAGGCA,-0.3979462756941371
CAGGCT,-0.7102100801150046
CAGGCC,-1.1522966615416725
CAGGCG,0.289834925812882
CAGGGA,-0.40393722393011117
CAGGGT,-0.28876843866400176
CAGGGC,-0.39192852239063114
CAGGGG,-0.2377728613301689
CTAAAA,0.016865672274731635
CTAAAT,-0.12710437712930966
CTAAAC,-0.3126760195257069
CTAAAG,0.14326699799845358
CTAATA,-0.20171415985831068
CTAATT,-0.41655206864275734
CTAATC,-0.40797421257314287
CTAATG,-0.03464383017838531
CTAACA,-0.40875745154885207
CTAACT,-0.30631171995479595
CTAACC,-0.7480129550821359
CTAACG,-0.2746412043811467
CTAAGA,-0.47895247035170213
CTAAGT,-0.17681637092597094
CTAAGC,-0.5768873744440833
CTAAGG,-0.47173823505794393
CTATAA,0.12547945382024192
CTATAT,0.25166521691724025
CTATAC,0.2630452743341167
CTATAG,0.38192364103457427
CTATTA,-0.1089164860138983
CTATTT,0.0952561812622724
CTATTC,-0.23712461327035336
CTATTG,0.2390086284458897
CTATCA,0.07000973110559551
CTATCT,0.11454321565393495
CTATCC,-0.2926696139628201
CTATCG,0.14670185581426762
CTATGA,-0.20192219658103652
CTATGT,-0.2001037698842932
CTATGC,-0.3645082609142507
CTATGG,0.10061904461046561
CTACAA,0.2651818232643709
CTACAT,0.23583157985801237
CTACAC,0.4056589253391229
CTACAG,0.4265353368907215
CTACTA,0.20233705078133818
CTACTT,0.14031285552126208
CTACTC,0.07488527495228385
CTACTG,0.49749613225604467
CTACCA,0.03436389390963265
CTACCT,0.0413089929535432
CTACCC,-0.2636092070496969
CTACCG,-0.05723451444498511
CTACGA,-0.1014754274462557
CTACGT,0.023347363996991107
CTACGC,-0.07669262078825445
CTACGG,0.08391197225034265
CTAGAA,-0.42060019127999854
CTAGAT,-0.5844190077596201
CTAGAC,-0.4273904687371301
CTAGAG,-0.1478435254712552
CTAGTA,-0.36975687120753403
CTAGTT,-0.4653007436945648
CTAGTC,-0.7629873447685048
CTAGTG,-0.18785180031825996
CTAGCA,-0.285396357170925
CTAGCT,-0.28008572555984623
CTAGCC,-0.6719087403688937
CTAGCG,-0.27802016154004405
CTAGGA,-0.5924625016701057
CTAGGT,-0.4095514373800606
CTAGGC,-1.121524862644797
CTAGGG,-0.6757802637563952
CTTAAA,-0.287709903959833
CTTAAT,-0.567863098863838
CTTAAC,-0.5015620700144449
CTTAAG,-0.7650467217052914
CTTATA,-0.03059303939325918
CTTATT,-0.18992632284049357
CTTATC,-0.0004269985119930198
CTTATG,-0.17312249860605122
CTTACA,0.02681398336414456
CTTACT,-0.18341896644000072
CTTACC,-0.20346044149352865
CTTACG,-0.2670868234216645
CTTAGA,-0.29082852562288414
CTTAGT,-0.4688390780485598
CTTAGC,-0.33786048302649146
CTTAGG,-0.5995353589214238
CTTTAA,-0.14157405294377753
CTTTAT,0.10982727672758709
CTTTAC,0.13320603065646605
CTTTAG,0.11832738636498326
CTTTTA,0.2324666207265525
CTTTTT,0.28543614225447567
CTTTTC,0.27647526271491674
CTTTTG,0.2814631935323533
CTTTCA,0.03608638977442098
CTTTCT,0.11627341411918254
CTTTCC,0.04813464136654175
CTTTCG,0.14148611698593655
CTTTGA,-0.14848258529915037
CTTTGT,0.007029905928258146
CTTTGC,-0.020676773334222277
CTTTGG,-0.05072852492365484
CTTCAA,0.27792434535128757
CTTCAT,0.3994026982218733
CTTCAC,0.3561978067527419
CTTCAG,0.048017081779679886
CTTCTA,0.40526125528919316
CTTCTT,0.5986401567291557
CTTCTC,0.4900636323175615
CTTCTG,0.5983786310760864
CTTCCA,0.4804281465816197
CTTCCT,0.2697383249202062
CTTCCC,0.0012143292324019804
CTTCCG,0.028843371948328776
CTTCGA,-0.32744056459086524
CTTCGT,0.4527320427370749
CTTCGC,0.289834925812882
CTTCGG,0.3720598627782119
CTTGAA,-0.06342802685354396
CTTGAT,-0.13367542834563054
CTTGAC,0.018739230344686154
CTTGAG,-0.4048544210662846
CTTGTA,0.16895555752592892
CTTGTT,-0.021723812185245116
CTTGTC,-0.0707905626300063
CTTGTG,0.22149819906208412
CTTGCA,0.08274576551677486
CTTGCT,0.041853879866176245
CTTGCC,-0.18532907785791
CTTGCG,-0.1387952917440637
CTTGGA,0.0743529801177062
CTTGGT,-0.015500078486036104
CTTGGC,-0.40420168406139245
CTTGGG,-0.21971585455944762
CTCAAA,-0.14899740320751598
CTCAAT,-0.4668959685871017
CTCAAC,-0.0956342238771538
CTCAAG,-0.31967324346479575
CTCATA,-0.1516666617726945
CTCATT,-0.28104684414576886
CTCATC,0.2773123275472904
CTCATG,-0.07941159373652654
CTCACA,-0.627582492067062
CTCACT,-0.37413572132588796
CTCACC,-0.05266272665737728
CTCACG,-0.05023212548633336
CTCAGA,-0.9592101929468001
CTCAGT,-0.8478748944482235
CTCAGC,-0.4327938797619385
CTCAGG,-0.5452957341606741
CTCTAA,-0.121197005079226
CTCTAT,0.1406930499853494
CTCTAC,0.2376656665591045
CTCTAG,-0.19448085907404683
CTCTTA,-0.051415040222978776
CTCTTT,0.2993808488332509
CTCTTC,0.3712178715075509
CTCTTG,0.3416722031212901
CTCTCA,-0.25994957180281475
CTCTCT,0.1343117056563276
CTCTCC,0.4118038367868528
CTCTCG,0.06467321034243512
CTCTGA,-0.6123229175515887
CTCTGT,-0.11749625618782772
CTCTGC,0.050191669379418796
CTCTGG,0.001096491337928771
CTCCAA,0.6559707611339445
CTCCAT,0.724002515602906
CTCCAC,1.0809127115687087
CTCCAG,0.8110797489268877
CTCCTA,0.5599057784322108
CTCCTT,0.45315722064848346
CTCCTC,0.7569338476584763
CTCCTG,0.957647057157858
CTCCCA,0.25420878630727056
CTCCCT,-0.007764875397726544
CTCCCC,0.4609778180384233
CTCCCG,0.3011050927839216
CTCCGA,-0.16664374407472474
CTCCGT,0.028102032520694865
CTCCGC,0.4589537930591505
CTCCGG,-0.20746573859497994
CTCGAA,-0.45198512374305727
CTCGAT,-0.29245788412929563
CTCGAC,0.11915383779016223
CTCGAG,-0.7616748275676987
CTCGTA,-0.006230549750636086
CTCGTT,0.15543975509438854
CTCGTC,0.2749969129244652
CTCGTG,0.23778510130715794
CTCGCA,-0.475845904869964
CTCGCT,0.00836824967051658
CTCGCC,0.3427212291648672
CTCGCG,0.25489224962879004
CTCGGA,-0.8274595181675394
CTCGGT,-0.5902527573973126
CTCGGC,-0.19450197535082564
CTCGGG,-0.4236888470646159
CTGAAA,-0.11260745228089751
CTGAAT,-0.5082659596416468
CTGAAC,0.00564290090663679
CTGAAG,0.025959803695797812
CTGATA,0.02540927837081608
CTGATT,-0.3569663994371604
CTGATC,-2.7943807908532308
CTGATG,0.4936465726672777
CTGACA,-0.3903121195848794
CTGACT,-0.5465437063680699
CTGACC,-0.006885332510344842
CTGACG,0.16848513877634574
CTGAGA,-0.7385570598205536
CTGAGT,-0.6891845373899408
CTGAGC,-0.700383504928462
CTGAGG,-0.6756372597899678
CTGTAA,0.20182078184538846
CTGTAT,0.1712131482201588
CTGTAC,0.23168066175941915
CTGTAG,0.46881031168169357
CTGTTA,-0.07055443390795685
CTGTTT,-0.01291329598382514
CTGTTC,-0.006850459019838919
CTGTTG,0.7237269716695438
CTGTCA,-0.13632565018573423
CTGTCT,-0.23192094617444908
CTGTCC,-0.34300708360830656
CTGTCG,0.24925469531789565
CTGTGA,-0.5270235139874255
CTGTGT,-0.2511635873423895
CTGTGC,-0.12124924363286965
CTGTGG,0.02094143338449102
CTGCAA,0.38764208691849256
CTGCAT,0.35924674132710377
CTGCAC,0.5410153439486575
CTGCAG,-0.3714293732722683
CTGCTA,0.41993290006838846
CTGCTT,0.16586201660634975
CTGCTC,0.4440965212486009
CTGCTG,1.0614372632381217
CTGCCA,0.205196908123373
CTGCCT,-0.2845152988070269
CTGCCC,-0.05890470341931524
CTGCCG,-0.2876820724517809
CTGCGA,0.09309042306601183
CTGCGT,-0.04042191449891541
CTGCGC,0.1838321310993214
CTGCGG,0.033901551675681416
CTGGAA,0.23962744103589922
CTGGAT,0.195494358183216
CTGGAC,0.06215266163904281
CTGGAG,0.7671605408587313
CTGGTA,0.45971317755688773
CTGGTT,-0.006557400546159052
CTGGTC,0.398040813438402
CTGGTG,0.9156515500051577
CTGGCA,-0.23141594974577576
CTGGCT,-0.3981070615743713
CTGGCC,-0.9986836168926451
CTGGCG,0.3194307707663613
CTGGGA,-0.39420978987620187
CTGGGT,-0.1699312527713027
CTGGGC,-0.4147879066432887
CTGGGG,-0.0570615099201092
CCAAAA,0.00929186224520353
CCAAAT,0.011437909696029246
CCAAAC,-0.06558758899402352
CCAAAG,-0.11994392442572237
CCAATA,0.11068390994861745
CCAATT,-0.1546056963926559
CCAATC,-0.189207687847278
CCAATG,-0.14872829820467362
CCAACA,0.4501652870260712
CCAACT,0.4228158045038206
CCAACC,0.07764732308535117
CCAACG,0.3952609379339227
CCAAGA,-0.15356741938494306
CCAAGT,0.22499124881757307
CCAAGC,-0.09905971550580425
CCAAGG,-0.37243458243168254
CCATAA,0.05162093049598017
CCATAT,0.33143048315392204
CCATAC,0.40707037816587033
CCATAG,0.04783330503201396
CCATTA,0.03625500509548371
CCATTT,0.3343091535629497
CCATTC,0.004856998215227634
CCATTG,0.0213121748869459
CCATCA,0.6027190283529288
CCATCT,0.6496211529269866
CCATCC,0.3870448102568453
CCATCG,-0.9944458030028911
CCATGA,-0.2767271684678525
CCATGT,0.012792036959856633
CCATGC,-0.1256666422849189
CCATGG,-0.318594665513807
CCACAA,0.1287748434137268
CCACAT,0.21061341599420164
CCACAC,-0.018138077435302474
CCACAG,-0.05697854154879008
CCACTA,0.08067142716612259
CCACTT,0.3582561802676701
CCACTC,0.0793138067197255
CCACTG,-0.22445416749133018
CCACCA,0.9986405681971701
CCACCT,0.7961345534832994
CCACCC,0.37671569482217865
CCACCG,0.42583241093259805
CCACGA,0.3471054929225817
CCACGT,0.2707716003034644
CCACGC,0.43806626948356225
CCACGG,0.22897447162500295
CCAGAA,0.3027564287640641
CCAGAT,0.15613034393100725
CCAGAC,-0.3078188685062918
CCAGAG,-0.08135022155489147
CCAGTA,0.2348864902074307
CCAGTT,0.34008720806166676
CCAGTC,-0.23873564607404585
CCAGTG,-0.3385606467084835
CCAGCA,0.5025766081111973
CCAGCT,0.46201288088151243
CCAGCC,0.04104247737860604
CCAGCG,0.09651090038084387
CCAGGA,0.16644820763766457
CCAGGT,0.12860711198832817
CCAGGC,-0.8384677809389316
CCAGGG,-0.2765862581967265
CCTAAA,-0.1346700840378803
CCTAAT,-0.3771162904118139
CCTAAC,-0.6878108387293486
CCTAAG,-0.5541869804933814
CCTATA,0.07784201876357554
CCTATT,-0.10106170112814433
CCTATC,-0.328310018295063
CCTATG,-0.3842280566449479
CCTACA,0.21637151640426514
CCTACT,0.09115789295147822
CCTACC,-0.31563500377325815
CCTACG,-0.033638359148829684
CCTAGA,-0.4788761884592103
CCTAGT,-0.48811570691144834
CCTAGC,-0.7136427742749853
CCTAGG,-1.230799803486615
CCTTAA,-0.688488330511313
CCTTAT,-0.2762577777363571
CCTTAC,-0.4088278687381649
CCTTAG,-0.49014563328199917
CCTTTA,-0.03779283658114209
CCTTTT,0.20814441269122733
CCTTTC,-0.09921016180645734
CCTTTG,-0.10777518042453066
CCTTCA,0.2352334110169159
CCTTCT,0.4714049926192202
CCTTCC,-0.03554174685836714
CCTTCG,0.4726738578016144
CCTTGA,-0.3603795805839524
CCTTGT,-0.019854361691804226
CCTTGC,-0.39358672048553556
CCTTGG,-0.41494385206270823
CCTCAA,-0.2630518647696223
CCTCAT,-0.06218185026504117
CCTCAC,-0.35417181372061374
CCTCAG,-0.841044583105572
CCTCTA,0.10715423811185314
CCTCTT,0.33107978191022935
CCTCTC,0.2058777367169273
CCTCTG,-0.08644749254647949
CCTCCA,0.9779508482317147
CCTCCT,1.01585976822615
CCTCCC,0.5981052051289595
CCTCCG,0.1547798085048195
CCTCGA,-0.09201889872025214
CCTCGT,0.20055122828561578
CCTCGC,-0.37156355643248296
CCTCGG,-0.5808179955860256
CCTGAA,-0.24161546874938944
CCTGAT,-0.27755758287758264
CCTGAC,-0.5371051784259742
CCTGAG,-0.5909562396633979
CCTGTA,0.4077085190322422
CCTGTT,0.2869751542641848
CCTGTC,-0.13750754100416204
CCTGTG,-0.09403791500166818
CCTGCA,0.48683646739596803
CCTGCT,0.6485508451499654
CCTGCC,0.19628526381134098
CCTGCG,0.38478490287062567
CCTGGA,0.026857454169882795
CCTGGT,0.1685629830100735
CCTGGC,-0.6319364495150487
CCTGGG,-0.2179352062070715
CCCAAA,-0.26549481069526887
CCCAAT,-0.28682477512212506
CCCAAC,0.17295380679035444
CCCAAG,-0.14147994500658037
CCCATA,0.14568149023416493
CCCATT,0.05933348297729813
CCCATC,0.24424564955945044
CCCATG,-0.21408859414225181
CCCACA,-0.08937729745245462
CCCACT,-0.21280457351903043
CCCACC,0.3671189030998156
CCCACG,0.3892704221881837
CCCAGA,-0.21877264207631353
CCCAGT,-0.3183801178092151
CCCAGC,-0.04064015980750759
CCCAGG,-0.5176444280517118
CCCTAA,-0.6499030291368999
CCCTAT,-0.45528820709590856
CCCTAC,-0.30070178566008426
CCCTAG,-0.7195721952697972
CCCTTA,-0.4536379349572362
CCCTTT,-0.06843716155322836
CCCTTC,0.02171376022378426
CCCTTG,-0.36305592618307064
CCCTCA,-0.38199275192302223
CCCTCT,-0.011099898764818112
CCCTCC,0.7049816382069481
CCCTCG,-0.521171915820135
CCCTGA,-0.779276334289884
CCCTGT,-0.13795450357931982
CCCTGC,0.05021975697902635
CCCTGG,-0.4529533582803978
CCCCAA,-0.1485105069509971
CCCCAT,0.052583541472883875
CCCCAC,-0.06498485008941264
CCCCAG,-0.06453852113757118
CCCCTA,-0.32723379944590225
CCCCTT,0.12438256190579103
CCCCTC,0.1320706659854
CCCCTG,-0.14225757631330613
CCCCCA,-0.08217061957707261
CCCCCT,0.4305710292392406
CCCCCC,-0.060988412519531326
CCCCCG,-0.608929101475928
CCCCGA,-0.13491931789937076
CCCCGT,0.01793770068666725
CCCCGC,-0.7244696516889865
CCCCGG,0.3069134343796684
CCCGAA,-0.0636189808428927
CCCGAT,-0.6942335467721661
CCCGAC,-0.2076393647782445
CCCGAG,-0.9661385376017225
CCCGTA,-0.25545179454686767
CCCGTT,-0.23712979328894968
CCCGTC,0.2657031657330057
CCCGTG,-0.7286215687536051
CCCGCA,0.056270905461302693
CCCGCT,-0.2605737536937028
CCCGCC,-0.23309388216737778
CCCGCG,1.2552660987134865
CCCGGA,-0.4824261492442928
CCCGGT,-0.2944771155846097
CCCGGC,0.16251892949777474
CCCGGG,0.23151180098472635
CCGAAA,-0.37445148468642936
CCGAAT,-0.5868446017142178
CCGAAC,-0.2052800263498627
CCGAAG,0.32209842465363225
CCGATA,-0.2059973924792392
CCGATT,-0.17570840090223735
CCGATC,-2.6973262377392344
CCGATG,-1.5952196634318212
CCGACA,0.40739003651774874
CCGACT,-0.07400444712645407
CCGACC,0.2988553730499061
CCGACG,-0.2231435513142097
CCGAGA,-1.1599128145319055
CCGAGT,-0.5120014028550025
CCGAGC,-0.6654956492294352
CCGAGG,-0.826366024346168
CCGTAA,-0.1908322464618634
CCGTAT,-0.025422592913319154
CCGTAC,-0.2231435513142097
CCGTAG,0.11806716692694112
CCGTTA,-0.4349123094344654
CCGTTT,-0.010204170174241736
CCGTTC,-0.014956091153649992
CCGTTG,0.05789397841890267
CCGTCA,0.23249565688449003
CCGTCT,-0.06834225337681779
CCGTCC,0.1841413935109406
CCGTCG,0.8362480242006187
CCGTGA,-0.697193039079489
CCGTGT,-0.20687152620599422
CCGTGC,-0.5851376567305421
CCGTGG,-0.14788106681366298
CCGCAA,-0.19004360288786498
CCGCAT,-0.5917470661182159
CCGCAC,0.43363598507486073
CCGCAG,0.09211528890780553
CCGCTA,-0.24409891649019771
CCGCTT,-0.2060917761278666
CCGCTC,-0.43936665978384565
CCGCTG,-0.47201772861743685
CCGCCA,0.22951976845348573
CCGCCT,0.4612614657498696
CCGCCC,0.8444649973028996
CCGCCG,0.9016919324530023
CCGCGA,0.7156200364120039
CCGCGT,1.2378743560016174
CCGCGC,-0.6418538861723948
CCGCGG,1.6094379124341003
CCGGAA,-0.7409447888166256
CCGGAT,-0.3822817726525072
CCGGAC,-0.9932517730102833
CCGGAG,-0.2899522209863202
CCGGTA,-0.8979415932059586
CCGGTT,-0.22203182246151937
CCGGTC,-0.38662202030668447
CCGGTG,0.20903894513266763
CCGGCA,-0.647908395081101
CCGGCT,-0.34954431818856574
CCGGCC,-1.425515074273172
CCGGCG,-0.37156355643248296
CCGGGA,0.06400532997591238
CCGGGT,-0.5423242908253616
CCGGGC,-0.22757814838207563
CCGGGG,0.1388364448542159
CGAAAA,-0.032855923229532485
CGAAAT,-0.20667358442637415
CGAAAC,-0.3238934544143528
CGAAAG,0.2599742656484879
CGAATA,-0.14976318866474095
CGAATT,-0.3716709735871058
CGAATC,-0.2115615870405973
CGAATG,-0.13192754304254806
CGAACA,-0.16728367942941416
CGAACT,-0.2955357666844284
CGAACC,0.32231756911453724
CGAACG,0.20252426411147392
CGAAGA,0.26905325261828766
CGAAGT,0.26034983389050564
CGAAGC,0.3444729067985262
CGAAGG,0.3639477032678122
CGATAA,0.12574786501886354
CGATAT,0.19487941652903312
CGATAC,0.23601006190745993
CGATAG,0.07782295093522341
CGATTA,-0.04855784914922113
CGATTT,0.25246368857117085
CGATTC,0.10120990193151325
CGATTG,0.1545552924162296
CGATCA,-2.0998567264224284
CGATCT,-3.456316680883235
CGATCC,-2.3648889763302003
CGATCG,-2.9338568698359033
CGATGA,-0.8499101395779338
CGATGT,-0.8967680653852912
CGATGC,-1.3585315641425342
CGATGG,-0.711274565152502
CGACAA,0.21496997547356864
CGACAT,0.04250125603997498
CGACAC,0.24886208060219883
CGACAG,0.33213383502261484
CGACTA,-0.07469089260158923
CGACTT,0.04070496017053994
CGACTC,0.09117588066586992
CGACTG,-0.15459700877909976
CGACCA,0.2531594472544753
CGACCT,0.27663223626519595
CGACCC,0.4468768991657173
CGACCG,0.4436863209283622
CGACGA,0.8162072733171725
CGACGT,0.728034439560386
CGACGC,0.39641527258824644
CGACGG,0.750305594399894
CGAGAA,-0.06849892235366817
CGAGAT,-0.03171397548952783
CGAGAC,-0.5753641449035618
CGAGAG,0.04284015867649244
CGAGTA,-0.164908928316778
CGAGTT,-0.02293929094625323
CGAGTC,0.10697211955216773
CGAGTG,0.13993842853616023
CGAGCA,-0.1283094486433709
CGAGCT,-0.33461522587400017
CGAGCC,0.23500608662402983
CGAGCG,1.4183826756713913
CGAGGA,0.08545414854102336
CGAGGT,-0.09909090264423089
CGAGGC,-1.0372433422918175
CGAGGG,-0.11506932978478723
CGTAAA,0.007034026657379982
CGTAAT,-0.30909429536014665
CGTAAC,0.07563741420561998
CGTAAG,-0.1665044831104474
CGTATA,0.22921923970846705
CGTATT,0.19902072455158681
CGTATC,0.36805486760149486
CGTATG,0.13238918804574545
CGTACA,-0.09157743937464091
CGTACT,0.04652001563489291
CGTACC,0.07103577311675174
CGTACG,0.6072858899535529
CGTAGA,0.041187558406614644
CGTAGT,0.08542173205399516
CGTAGC,0.15860503017663857
CGTAGG,0.2811673914305872
CGTTAA,-0.4260537058726679
CGTTAT,0.0388908706500848
CGTTAC,0.04037245529038763
CGTTAG,-0.1583086899759219
CGTTTA,-0.018191023401838223
CGTTTT,0.4337931196030154
CGTTTC,0.13055962223536516
CGTTTG,0.2741874380436523
CGTTCA,0.16126814759612232
CGTTCT,0.17534136680689738
CGTTCC,0.28256697178501045
CGTTCG,0.7850485428437668
CGTTGA,0.06248349130143449
CGTTGT,0.09518748794477587
CGTTGC,0.4147183135886476
CGTTGG,0.4243931179936833
CGTCAA,0.21184399606027648
CGTCAT,0.14949486829106434
CGTCAC,0.1841413935109406
CGTCAG,0.20106759961500992
CGTCTA,0.24846135929849972
CGTCTT,0.28740081805532697
CGTCTC,0.29064943367958307
CGTCTG,0.3097049845392184
CGTCCA,-0.09024687784777805
CGTCCT,0.22782740062663615
CGTCCC,0.1996130539040156
CGTCCG,0.8096809968158967
CGTCGA,0.6691939395374525
CGTCGT,0.7150059743724443
CGTCGC,1.3375041969504586
CGTCGG,0.3566749439387324
CGTGAA,-0.11209639926073811
CGTGAT,-0.25704510298989114
CGTGAC,-0.39310837541925886
CGTGAG,0.12019558206176743
CGTGTA,0.005237572766248343
CGTGTT,-0.05719781416697649
CGTGTC,0.09548876717867227
CGTGTG,-0.1906203596086497
CGTGCA,0.033901551675681416
CGTGCT,-0.07696104113612844
CGTGCC,0.24464975653517335
CGTGCG,0.39304258810960735
CGTGGA,0.4493337744214373
CGTGGT,0.09357834695956604
CGTGGC,-0.31918073951115183
CGTGGG,0.3092462503676214
CGCAAA,-0.18871135489272559
CGCAAT,-0.4909442532121617
CGCAAC,0.17638178540617055
CGCAAG,-0.17941034658649618
CGCATA,-0.4524900467530273
CGCATT,-0.08217061957707261
CGCATC,0.23810642399092222
CGCATG,-0.4020108732400769
CGCACA,-0.13372368182807637
CGCACT,0.04154900291287248
CGCACC,0.7049816382069481
CGCACG,0.6711682738411702
CGCAGA,-0.2584116901516677
CGCAGT,-0.25131442828090605
CGCAGC,0.25131442828090617
CGCAGG,0.18742546871213042
CGCTAA,-0.4686634458867795
CGCTAT,-0.0850077370561654
CGCTAC,0.5009975348297281
CGCTAG,-0.23603309604020675
CGCTTA,-0.16516847756770517
CGCTTT,0.1360232952347017
CGCTTC,0.15991949990826074
CGCTTG,0.09668367163213742
CGCTCA,-0.12764058184281388
CGCTCT,0.11226730187108121
CGCTCC,0.6863521374271166
CGCTCG,0.6772738314036552
CGCTGA,0.1454862596636034
CGCTGT,0.14014663174324185
CGCTGC,-0.07696104113612832
CGCTGG,0.20575180860234055
CGCCAA,0.26243945526417295
CGCCAT,0.34705434595174994
CGCCAC,0.49578774640145024
CGCCAG,0.3865966238037817
CGCCTA,-0.004987541511039051
CGCCTT,0.5144162918967192
CGCCTC,0.8086600676817896
CGCCTG,0.37971261200574963
CGCCCA,0.32218876786756323
CGCCCT,0.07257069283483558
CGCCCC,0.552210839928845
CGCCCG,1.5379789484519553
CGCCGA,0.7648910854187866
CGCCGT,0.9162907318741551
CGCCGC,1.3625778345025745
CGCCGG,0.1823215567939546
CGCGAA,0.4204415622977216
CGCGAT,-0.2416381339503742
CGCGAC,-1.0296194171811581
CGCGAG,0.6673946844575306
CGCGTA,-0.09051400754083186
CGCGTT,0.36114922433365343
CGCGTC,0.24419696051204198
CGCGTG,0.6742786962555626
CGCGCA,-0.44895022004790314
CGCGCT,-0.4201712554978597
CGCGCC,0.41985384556026406
CGCGCG,-0.6931471805599453
CGCGGA,0.9574488043676626
CGCGGT,0.9364934391916745
CGCGGC,0.6161861394238168
CGCGGG,0.8602012652231116
CGGAAA,-0.2780645433568209
CGGAAT,-0.3555932780679913
CGGAAC,-0.17800189564943816
CGGAAG,-0.06322186525282432
CGGATA,0.05988597842448643
CGGATT,-0.13502484209088944
CGGATC,-1.717256941930134
CGGATG,-0.1589012825858562
CGGACA,-0.25951119548508456
CGGACT,-0.682837810901084
CGGACC,-0.3239720738569815
CGGACG,0.8403048248962331
CGGAGA,0.0697450339895056
CGGAGT,-0.12436791428386759
CGGAGC,0.42963546903597744
CGGAGG,0.6125348345913132
CGGTAA,-0.3769370244936263
CGGTAT,-0.281552212076244
CGGTAC,-0.08685704409326665
CGGTAG,-0.0835530228182811
CGGTTA,-0.7537718023763802
CGGTTT,-0.3291994772921331
CGGTTC,-0.015666116744399463
CGGTTG,0.05129329438755048
CGGTCA,-0.048790164169432056
CGGTCT,-0.0965379270426473
CGGTCC,0.2285931560817743
CGGTCG,1.3564413979702095
CGGTGA,0.11176668747023785
CGGTGT,-0.3630987117365351
CGGTGC,0.5108256237659906
CGGTGG,0.6082809599167036
CGGCAA,-0.1624627481443514
CGGCAT,-0.37515975861283546
CGGCAC,-0.282862786015832
CGGCAG,-0.15339851732470416
CGGCTA,-0.17185025692665928
CGGCTT,-0.4233227255081708
CGGCTC,0.4670230011075978
CGGCTG,0.3704682660710682
CGGCCA,-0.5077439572285826
CGGCCT,-1.1631508098056809
CGGCCC,-1.604425370610556
CGGCCG,1.2580400255962116
CGGCGA,0.8675005677047231
CGGCGT,0.8266785731844679
CGGCGC,0.32542240043462795
CGGCGG,1.7386496439141066
CGGGAA,-0.39204208777602373
CGGGAT,-0.6321398324519215
CGGGAC,0.4367176516122687
CGGGAG,0.4076413875307599
CGGGTA,-0.3483066942682157
CGGGTT,-0.7841189587656721
CGGGTC,0.6867162902296549
CGGGTG,0.16971838464062916
CGGGCA,-0.8614824953791601
CGGGCT,-0.5717863235556779
CGGGCC,-0.5924056107584135
CGGGCG,1.26649316130727
CGGGGA,0.3764384330575719
CGGGGT,-0.4291816347254803
CGGGGC,0.11428914640212759
CGGGGG,0.3172825422280717
GAAAAA,0.36387271842391167
GAAAAT,0.24516599131885305
GAAAAC,-0.05804476511980129
GAAAAG,0.26975343609495683
GAAATA,0.16875752131377417
GAAATT,-0.17422511558121556
GAAATC,-0.2729138715564302
GAAATG,0.1013539765663705
GAAACA,-0.016249032891080005
GAAACT,0.020756814652210225
GAAACC,-0.45173756835127443
GAAACG,0.03636764417087479
GAAAGA,0.2258987460556896
GAAAGT,0.14967695766757713
GAAAGC,-0.23146969483511698
GAAAGG,-0.10553839056141698
GAATAA,-0.24766925681183458
GAATAT,0.06400867547757876
GAATAC,0.018618862203209987
GAATAG,-0.19989155489533814
GAATTA,-0.10886725384080291
GAATTT,-0.058888518077731176
GAATTC,-2.760282122941515
GAATTG,-0.22860553058714986
GAATCA,-0.22987149756423217
GAATCT,-0.16074689150610164
GAATCC,-0.2727528281574264
GAATCG,0.012578782206860185
GAATGA,-0.39665277822138983
GAATGT,-0.2169762907000145
GAATGC,-0.5737281920775519
GAATGG,0.046495149600650994
GAACAA,-0.018790273761561768
GAACAT,-0.1417447709864161
GAACAC,-0.16840717196723545
GAACAG,-0.02513018842725586
GAACTA,-0.09565086048761855
GAACTT,0.1531224021016924
GAACTC,-0.16699024604716575
GAACTG,0.0030349036951538896
GAACCA,0.342117279006798
GAACCT,0.14745495368885675
GAACCC,-0.26968009573812135
GAACCG,-0.22787808839632165
GAACGA,0.16315852018155452
GAACGT,0.13193550612569474
GAACGC,0.3147107448397002
GAACGG,-0.29213642280116114
GAAGAA,0.7960562757836729
GAAGAT,0.4757175973313793
GAAGAC,0.07228104271311676
GAAGAG,0.39634650389172993
GAAGTA,0.4006693598313802
GAAGTT,0.3285534728661692
GAAGTC,-0.2842515373549917
GAAGTG,0.17561704483092333
GAAGCA,0.4409086801356609
GAAGCT,0.4721937367874584
GAAGCC,-0.33300140147221136
GAAGCG,0.2452106453428884
GAAGGA,0.3637294360391612
GAAGGT,0.5813190753039749
GAAGGC,-0.21516568464832003
GAAGGG,-0.2113671639903845
GATAAA,0.22790715430175626
GATAAT,0.03964678900122702
GATAAC,-0.20387087475473947
GATAAG,0.041535636604621916
GATATA,0.46240633732481695
GATATT,0.13339297474071116
GATATC,-0.41970523607195026
GATATG,0.26230402531804964
GATACA,0.389776390322986
GATACT,0.2505745096381955
GATACC,0.015810606026642245
GATACG,0.37792895029955903
GATAGA,0.17574680066791432
GATAGT,0.06476091633475153
GATAGC,-0.13057759625788698
GATAGG,-0.4091693060200377
GATTAA,-0.5887304341823375
GATTAT,-0.11361719912992611
GATTAC,-0.3467769319025259
GATTAG,-0.45475639982504196
GATTTA,0.22992748381791334
GATTTT,0.10711732977913244
GATTTC,-0.2546488953004585
GATTTG,-0.01245393344665694
GATTCA,-0.2218523955505898
GATTCT,-0.11741966355936191
GATTCC,-0.3314314550061656
GATTCG,-0.3843746954505043
GATTGA,-0.4119989438323171
GATTGT,-0.14183712287776262
GATTGC,-0.33291579215850386
GATTGG,-0.21008022704277923
GATCAA,-2.9700856804278275
GATCAT,-3.2913395889094335
GATCAC,-2.3505643915200216
GATCAG,-2.5924522763511635
GATCTA,-3.07506960430258
GATCTT,-2.9509659794937155
GATCTC,-3.219675505038765
GATCTG,-2.635708262700489
GATCCA,-2.260588700217849
GATCCT,-2.6326878813297787
GATCCC,-2.689392372818968
GATCCG,-1.1899620672563376
GATCGA,-2.583997552432231
GATCGT,-1.930140195914015
GATCGC,-3.5821290841670557
GATCGG,-1.9562461583859754
GATGAA,0.6359697605524948
GATGAT,0.3879427574159619
GATGAC,-0.021027367192075617
GATGAG,0.2600065808727315
GATGTA,0.43709108404217456
GATGTT,0.23463876701732309
GATGTC,-0.1908013168730696
GATGTG,0.04776595386958208
GATGCA,0.43423107404256023
GATGCT,0.4524988725073215
GATGCC,-0.11762762342512799
GATGCG,0.35541151989196035
GATGGA,0.7412904150689251
GATGGT,0.5614811630298842
GATGGC,-0.10315809210262629
GATGGG,0.07701495094503111
GACAAA,-0.07546027326001145
GACAAT,-0.24986038021220702
GACAAC,-0.13684527364082935
GACAAG,0.05366690100872452
GACATA,-0.08037797438134044
GACATT,-0.28026267165133395
GACATC,-0.16919585563613534
GACATG,-0.2026586636815977
GACACA,-0.19889354909075002
GACACT,-0.1601476992996326
GACACC,-0.12108726334993346
GACACG,0.3889358061569539
GACAGA,-0.3497762022475759
GACAGT,-0.16179632084922374
GACAGC,-0.20160483845394814
GACAGG,-0.12644109839949816
GACTAA,-0.7504832272010651
GACTAT,-0.214758448817129
GACTAC,-0.29771925032397967
GACTAG,-0.7836100411299453
GACTTA,-0.07456424673281925
GACTTT,-0.1813580727614289
GACTTC,-0.2884845027120669
GACTTG,-0.13757349165370297
GACTCA,-0.49084654254656856
GACTCT,-0.28414886707195924
GACTCC,-0.4152531144743272
GACTCG,-0.3787549577805905
GACTGA,-0.7360515125521159
GACTGT,-0.3582554636960837
GACTGC,-0.33356736892858285
GACTGG,-0.12343154078972812
GACCAA,0.1129509788692834
GACCAT,0.12245219260536808
GACCAC,0.3052792482403556
GACCAG,0.27645210476871673
GACCTA,0.08980667968235763
GACCTT,-0.03916464519890588
GACCTC,-0.12491698910660926
GACCTG,0.38125320698000026
GACCCA,0.5043176371037954
GACCCT,-0.04268940869505056
GACCCC,-0.4808458026758895
GACCCG,0.594908740976532
GACCGA,-0.4946962418361069
GACCGT,0.14142999947585577
GACCGC,0.08274242707005376
GACCGG,-0.4234836136108427
GACGAA,0.6802852669175375
GACGAT,0.20524117559314428
GACGAC,0.04725288485054551
GACGAG,0.5389965007326869
GACGTA,0.3075309435917571
GACGTT,0.19398696702275436
GACGTC,-0.17635138980745088
GACGTG,0.3124590767886898
GACGCA,0.3136575588550416
GACGCT,-0.006472514505617479
GACGCC,0.43078291609245434
GACGCG,-0.028170876966696335
GACGGA,0.09844007281325251
GACGGT,-0.09059689535222658
GACGGC,-0.8597203803857607
GACGGG,0.3845318984416986
GAGAAA,0.21379216377185142
GAGAAT,-0.04510209860069165
GAGAAC,-0.05123134556610708
GAGAAG,0.4725182737674979
GAGATA,0.32670063997288534
GAGATT,-0.16184784483203915
GAGATC,-3.432857534390024
GAGATG,0.4023074481654645
GAGACA,-0.039690464529231584
GAGACT,-0.308854648277802
GAGACC,-0.5919636218009419
GAGACG,0.4219463342919562
GAGAGA,0.08001262389019745
GAGAGT,0.025243055601522853
GAGAGC,-0.16697450590004345
GAGAGG,0.16099040839144832
GAGTAA,-0.12659248034225026
GAGTAT,0.15962663846686714
GAGTAC,0.031284290039766384
GAGTAG,0.14151447583364124
GAGTTA,0.012901706078294311
GAGTTT,0.0195022432314411
GAGTTC,-0.22305969035562992
GAGTTG,0.17558078662851953
GAGTCA,-0.3488776334787006
GAGTCT,-0.3687555251410017
GAGTCC,-0.6176058208542445
GAGTCG,-0.32711179386164924
GAGTGA,-0.04553442305492535
GAGTGT,0.06161368723032446
GAGTGC,-0.10072828950086563
GAGTGG,0.18266644384686453
GAGCAA,0.24073654300254468
GAGCAT,-0.012406124540098802
GAGCAC,-0.1218757458854615
GAGCAG,0.5094445988261539
GAGCTA,0.13129891213656059
GAGCTT,0.047353696383470284
GAGCTC,-0.4744579795951158
GAGCTG,0.34977741348861946
GAGCCA,0.05608946665104358
GAGCCT,-0.4064273405615274
GAGCCC,-0.8413432465887147
GAGCCG,0.3233385236711406
GAGCGA,0.5621189181535412
GAGCGT,0.5723835167654241
GAGCGC,-0.11191791620398532
GAGCGG,-0.06531946612064264
GAGGAA,0.4392109935319747
GAGGAT,0.17570537643276718
GAGGAC,0.02064970129054354
GAGGAG,0.6789431722934206
GAGGTA,0.2815858525459642
GAGGTT,0.012094704883344699
GAGGTC,-0.05076485290014667
GAGGTG,0.656333207437229
GAGGCA,0.1124779834266903
GAGGCT,-0.16373911500112986
GAGGCC,-1.1957389993988325
GAGGCG,0.8556661100577201
GAGGGA,0.24985250257873148
GAGGGT,-0.04788559603900503
GAGGGC,-0.7132917466524128
GAGGGG,0.16088627607388956
GTAAAA,0.15667235832456067
GTAAAT,0.09555864163075134
GTAAAC,-0.18452326824310258
GTAAAG,0.08991840154266112
GTAATA,-0.03003415665787407
GTAATT,-0.24212975471823936
GTAATC,-0.29544899632400556
GTAATG,-0.06928912389616902
GTAACA,-0.006204073781547784
GTAACT,-0.008946039706947826
GTAACC,-0.3893132671379546
GTAACG,0.21559634567882682
GTAAGA,-0.08228515683905802
GTAAGT,0.15477412794539816
GTAAGC,-0.43106891638040407
GTAAGG,-0.19289471513563108
GTATAA,0.1244202732069297
GTATAT,0.30346572045975884
GTATAC,0.23435139810491604
GTATAG,0.30689260039527244
GTATTA,-0.03736872021407177
GTATTT,0.3074846997479607
GTATTC,-0.08800435950136035
GTATTG,0.1934850688045939
GTATCA,0.23949357154244397
GTATCT,0.3576176219390002
GTATCC,0.1417281598287012
GTATCG,0.2536854569644445
GTATGA,-0.0005620909932390602
GTATGT,0.09720299569162838
GTATGC,-0.10087831668925366
GTATGG,0.3074270091044055
GTACAA,0.13006137094619774
GTACAT,0.06865743915727837
GTACAC,0.02781929042883891
GTACAG,0.21351265825324842
GTACTA,-0.06188065764474096
GTACTT,0.19002896749216022
GTACTC,-0.08214650776842274
GTACTG,0.12378599977832483
GTACCA,0.30978989818480174
GTACCT,0.11345906417632887
GTACCC,-0.4576651642587607
GTACCG,0.21985947611301987
GTACGA,0.02953641443245178
GTACGT,0.013652089168327263
GTACGC,0.4436863209283622
GTACGG,0.2166710368085923
GTAGAA,0.26771496898665237
GTAGAT,0.24678328810749484
GTAGAC,-0.08657468332329202
GTAGAG,0.28443154718433306
GTAGTA,0.2625460991802385
GTAGTT,0.1295831532336726
GTAGTC,-0.44527029921404243
GTAGTG,0.10330501647573027
GTAGCA,0.4561621884372129
GTAGCT,0.3123647742884891
GTAGCC,-0.10740303795366497
GTAGCG,0.7678181629565582
GTAGGA,0.1826618333934998
GTAGGT,0.3919107260759238
GTAGGC,-0.5121362399431111
GTAGGG,-0.13309727062942595
GTTAAA,-0.18787422064011763
GTTAAT,-0.476318306342015
GTTAAC,-0.7297512328220549
GTTAAG,-0.44089133409149056
GTTATA,0.03159510028033306
GTTATT,-0.1771823714831702
GTTATC,-0.27107306487995353
GTTATG,-0.1409606239690891
GTTACA,0.06500774770440361
GTTACT,-0.030848372256603713
GTTACC,-0.3857183451733298
GTTACG,-0.08128263343685696
GTTAGA,-0.1800022157721364
GTTAGT,-0.4742941660146038
GTTAGC,-0.463268589194439
GTTAGG,-0.6117146185973547
GTTTAA,-0.2767197487524679
GTTTAT,-0.08918498272184255
GTTTAC,-0.2439512038206135
GTTTAG,-0.2447271229813842
GTTTTA,0.0976781565821735
GTTTTT,0.12069411623059573
GTTTTC,-0.09003824750521532
GTTTTG,0.06365756706397203
GTTTCA,-0.11365152177909899
GTTTCT,0.02399242674322115
GTTTCC,-0.16220914700685907
GTTTCG,-0.4541069153305102
GTTTGA,-0.1979199129465907
GTTTGT,-0.18239800647099189
GTTTGC,-0.2270983376499279
GTTTGG,-0.03962671031687798
GTTCAA,-0.12414683575699886
GTTCAT,0.01416231381250442
GTTCAC,-0.2346421747627692
GTTCAG,-0.13463372600823925
GTTCTA,-0.15894282172422713
GTTCTT,0.09653333842379853
GTTCTC,-0.14520320728808703
GTTCTG,0.05153736549481113
GTTCCA,0.4576876266604553
GTTCCT,0.2297954605425156
GTTCCC,-0.21280457351903057
GTTCCG,-0.46600628881311523
GTTCGA,0.11060299162267632
GTTCGT,0.21947382242524735
GTTCGC,-0.08978530387235507
GTTCGG,-0.10217362472930723
GTTGAA,0.21398939347505072
GTTGAT,0.1740594855996791
GTTGAC,-0.056988207281722186
GTTGAG,-0.10988153045174974
GTTGTA,0.30063104679258407
GTTGTT,0.09706171284313124
GTTGTC,-0.1886148437697438
GTTGTG,-0.012814369533351659
GTTGCA,0.48867547813325757
GTTGCT,0.43612576050294977
GTTGCC,0.07195448659165424
GTTGCG,0.34564034921502323
GTTGGA,0.6083067344411651
GTTGGT,0.5972282256792029
GTTGGC,0.07571873619348195
GTTGGG,0.0951987653983269
GTCAAA,-0.09266357009677166
GTCAAT,-0.1762602518969656
GTCAAC,-0.02911739857072721
GTCAAG,-0.08258985173175229
GTCATA,-0.16983599446245012
GTCATT,-0.24206390566803282
GTCATC,-0.025603037012166468
GTCATG,-0.3548696017609291
GTCACA,-0.3425820207174543
GTCACT,-0.4259305828316722
GTCACC,-0.14634165981677066
GTCACG,-0.5596157879354228
GTCAGA,-0.3818637113395797
GTCAGT,-0.42444321449054334
GTCAGC,0.008181525741302589
GTCAGG,-0.46283513976712304
GTCTAA,-0.3204336740887638
GTCTAT,-0.052931859463147976
GTCTAC,0.10382458556981079
GTCTAG,-0.515451028667097
GTCTTA,-0.25574902534877186
GTCTTT,0.03577920916464595
GTCTTC,0.059206545636303703
GTCTTG,0.09600153297928246
GTCTCA,-0.3269256247376328
GTCTCT,-0.17811608348855743
GTCTCC,0.18669474160617736
GTCTCG,-0.7141374564517812
GTCTGA,-0.6026396908404666
GTCTGT,-0.11552466792816223
GTCTGC,-0.17716880339829824
GTCTGG,-0.17807526591250353
GTCCAA,-0.12917036129962622
GTCCAT,-0.058301551059231536
GTCCAC,-0.0028261912358350815
GTCCAG,0.03946731890044502
GTCCTA,-0.43281356321268416
GTCCTT,-0.5016641464715751
GTCCTC,-0.07536596275304532
GTCCTG,-0.01623756113168361
GTCCCA,-0.11710940814690926
GTCCCT,-0.4954133447711039
GTCCCC,-0.6475276602583027
GTCCCG,-0.15984870094189613
GTCCGA,-0.39849643879207103
GTCCGT,-0.23967285326542034
GTCCGC,-0.0981470611395244
GTCCGG,-0.7712649598238973
GTCGAA,0.043802622658393055
GTCGAT,0.013889112160667093
GTCGAC,-0.11000089521432846
GTCGAG,0.2582348711254797
GTCGTA,0.35511488121983015
GTCGTT,0.21246457873835545
GTCGTC,0.318632318492882
GTCGTG,0.5016089686610667
GTCGCA,0.1404518354690965
GTCGCT,0.20906782308002525
GTCGCC,0.4707586311691046
GTCGCG,0.09431067947124142
GTCGGA,0.10536051565782635
GTCGGT,0.17142226633591895
GTCGGC,0.1451820098444979
GTCGGG,0.5322659550038601
GTGAAA,-0.04733407813547809
GTGAAT,-0.2781337075830865
GTGAAC,-0.21791250189665726
GTGAAG,0.4231674580596793
GTGATA,0.11906413272753279
GTGATT,-0.28358010361776376
GTGATC,-2.3423943299504835
GTGATG,0.45045270955817507
GTGACA,-0.22419562926501352
GTGACT,-0.41243782665480266
GTGACC,-0.1644723276353115
GTGACG,0.24419696051204198
GTGAGA,-0.29923181895898593
GTGAGT,-0.3236350898605322
GTGAGC,-0.525896668076356
GTGAGG,-0.11604670879078728
GTGTAA,0.07207126389278189
GTGTAT,0.16854120386300805
GTGTAC,0.03689688472305333
GTGTAG,0.4269974226129724
GTGTTA,-0.07754478797336946
GTGTTT,-0.034962456358727856
GTGTTC,-0.34115513228069555
GTGTTG,0.36411866097329226
GTGTCA,-0.2008820896073206
GTGTCT,-0.1449428040067349
GTGTCC,-0.3970968584376477
GTGTCG,0.4497228761933759
GTGTGA,-0.38860799104174143
GTGTGT,-0.028266438149816546
GTGTGC,-0.3223586401806165
GTGTGG,-0.16819585453030592
GTGCAA,0.1328999739544089
GTGCAT,-0.03262770885651753
GTGCAC,-0.041344471070934585
GTGCAG,0.5707784282914536
GTGCTA,0.2529357714026823
GTGCTT,0.009523224273972123
GTGCTC,-0.22130700350690827
GTGCTG,0.4605745389568839
GTGCCA,-0.04638226510089184
GTGCCT,-0.3459118347379331
GTGCCC,-0.5098613035369715
GTGCCG,-0.06648974126883297
GTGCGA,0.14961552466186712
GTGCGT,0.456252457632911
GTGCGC,-0.6993777303105815
GTGCGG,0.2629894598614094
GTGGAA,0.4842063374907133
GTGGAT,0.33008066923879825
GTGGAC,0.22817443318048683
GTGGAG,1.030783731095254
GTGGTA,0.4783699448878935
GTGGTT,-0.022904335721133463
GTGGTC,0.29245535120443866
GTGGTG,0.7437855245911505
GTGGCA,0.20130495453293143
GTGGCT,-0.027875325021290896
GTGGCC,-0.9731610383715473
GTGGCG,0.8351651870617867
GTGGGA,-0.013201511858535842
GTGGGT,-0.038997938118015565
GTGGGC,-0.36917080191539436
GTGGGG,0.1214574427000009
GCAAAA,0.09988429387642275
GCAAAT,0.09780493590015615
GCAAAC,-0.17447837933292876
GCAAAG,0.031012879033214733
GCAATA,0.15008157409709935
GCAATT,-0.19125671493209617
GCAATC,-0.3223162873910805
GCAATG,-0.014416134337075542
GCAACA,0.3695975151522147
GCAACT,0.4374493783608961
GCAACC,-0.2313740504507252
GCAACG,0.6143227021748976
GCAAGA,0.0831877447403148
GCAAGT,0.3786840854305223
GCAAGC,-0.37064534294893636
GCAAGG,-0.29645701907089794
GCATAA,-0.43888837081873744
GCATAT,0.07825755848506179
GCATAC,-0.08332168204983795
GCATAG,-0.3140832417277343
GCATTA,-0.07214752638946624
GCATTT,0.13162486555033817
GCATTC,-0.45111894785520806
GCATTG,-0.23976978370650115
GCATCA,0.4159146227990832
GCATCT,0.5661898441832451
GCATCC,-0.06341818695714109
GCATCG,-1.7590886869385063
GCATGA,-0.4865805854179277
GCATGT,0.05097144050643297
GCATGC,-1.218553487640964
GCATGG,-0.07955263170195365
GCACAA,0.04668446903328194
GCACAT,-0.14467193587271449
GCACAC,-0.25555379546496426
GCACAG,-0.19177961202075094
GCACTA,-0.0938236327786793
GCACTT,0.37063219393555047
GCACTC,-0.11953346219388612
GCACTG,-0.6595903970311028
GCACCA,0.5707994157514472
GCACCT,0.6928446544647625
GCACCC,-0.07449852087963903
GCACCG,0.09084647277357216
GCACGA,0.17171137768193917
GCACGT,0.35343345001456133
GCACGC,-0.2970133998806652
GCACGG,-0.44895022004790314
GCAGAA,0.22458412779383286
GCAGAT,0.28794252303275575
GCAGAC,-0.05435500880283954
GCAGAG,-0.05142448111747224
GCAGTA,0.2797139028026041
GCAGTT,0.36789203567127404
GCAGTC,-0.3882894620559004
GCAGTG,-0.10678258096656167
GCAGCA,0.7014936035560824
GCAGCT,0.46451192840967437
GCAGCC,-0.35098952116993204
GCAGCG,0.06368781925725821
GCAGGA,0.5954751048931578
GCAGGT,0.7372306383807461
GCAGGC,-0.7533660405530002
GCAGGG,0.021306460188957082
GCTAAA,0.021300418263511166
GCTAAT,-0.22232147725473317
GCTAAC,-0.4828777184549465
GCTAAG,-0.3153668281702673
GCTATA,0.34594775086760937
GCTATT,0.1119363965639833
GCTATC,-0.09278952309930258
GCTATG,0.126107058087336
GCTACA,0.4417038115271361
GCTACT,0.3969992069557089
GCTACC,-0.09332473904622175
GCTACG,0.20296801827895128
GCTAGA,0.01354844363595496
GCTAGT,-0.32131344111117155
GCTAGC,-0.9555114450274363
GCTAGG,-0.8199800517362468
GCTTAA,-0.7411619630573819
GCTTAT,-0.22907999407866259
GCTTAC,-0.27926258146025185
GCTTAG,-0.6764934364769936
GCTTTA,0.0797616775824788
GCTTTT,0.19136005405055417
GCTTTC,-0.18220024909683247
GCTTTG,-0.2122570179843542
GCTTCA,0.18587526435105087
GCTTCT,0.5409688879598913
GCTTCC,0.05618586613056112
GCTTCG,0.14710012183059148
GCTTGA,-0.2999835490561335
GCTTGT,0.15622896252889643
GCTTGC,-0.5898517146808886
GCTTGG,-0.19553705894240656
GCTCAA,-0.18890774964681134
GCTCAT,-0.3337852668003876
GCTCAC,-0.5380466827097209
GCTCAG,-0.6560306350710824
GCTCTA,-0.004097872433277302
GCTCTT,0.2185041969197985
GCTCTC,-0.13357362146260246
GCTCTG,-0.19239793397504454
GCTCCA,0.8539049145990548
GCTCCT,0.7253102884947594
GCTCCC,0.13324854719766163
GCTCCG,0.285462315713468
GCTCGA,-0.8809362195360334
GCTCGT,0.3756508453977381
GCTCGC,-0.21842656143607084
GCTCGG,-0.35065687161316944
GCTGAA,0.18119994155058894
GCTGAT,0.24532656049312823
GCTGAC,-0.007272759329079809
GCTGAG,-0.3604568460232262
GCTGTA,0.4126126843037044
GCTGTT,0.3516867300229487
GCTGTC,-0.0469136389424746
GCTGTG,-0.0712044462917916
GCTGCA,0.40486801677810363
GCTGCT,0.6936060013984601
GCTGCC,-0.0615930109078144
GCTGCG,0.3566749439387324
GCTGGA,0.579561590948382
GCTGGT,0.7133786727251231
GCTGGC,-0.46884555152510776
GCTGGG,0.004876736839292768
GCCAAA,-0.19820295157429693
GCCAAT,-0.27140772266008295
GCCAAC,0.023373351185308804
GCCAAG,-0.4910515674902269
GCCATA,0.03783553434270382
GCCATT,-0.013010236736014888
GCCATC,0.10600671923443265
GCCATG,-0.31067391928777727
GCCACA,0.00599801864855363
GCCACT,0.005687786625432477
GCCACC,0.25435175776805075
GCCACG,-0.083881483980702
GCCAGA,-0.20055262473765
GCCAGT,-0.20770906495136157
GCCAGC,-0.48778442461929283
GCCAGG,-0.42543249362203295
GCCTAA,-1.112117176994004
GCCTAT,-0.6687091122294736
GCCTAC,-0.609365384861735
GCCTAG,-1.2111966494152555
GCCTTA,-0.5444245466283615
GCCTTT,-0.23911410581687048
GCCTTC,-0.2936085321894306
GCCTTG,-0.6423479573286902
GCCTCA,-0.34904442945475533
GCCTCT,-0.12524371988487434
GCCTCC,0.1990183146255837
GCCTCG,-0.76080582903376
GCCTGA,-0.8311066247001999
GCCTGT,-0.3273932461573432
GCCTGC,-0.6333286853490351
GCCTGG,-0.5801321715415867
GCCCAA,-0.3762711515830284
GCCCAT,-0.2967785052084911
GCCCAC,-0.3334916084830752
GCCCAG,-0.3895194399527376
GCCCTA,-0.7595175687224719
GCCCTT,-0.3740312364573138
GCCCTC,-0.46238119421598023
GCCCTG,-0.2682639865946794
GCCCCA,-0.0780186826942638
GCCCCT,-0.03278982282299084
GCCCCC,-0.5425395992555184
GCCCCG,0.07346715188187254
GCCCGA,-0.7514160886839211
GCCCGT,-0.48349911072062
GCCCGC,-1.0498221244986778
GCCCGG,0.4712164856709448
GCCGAA,-0.2014464477036367
GCCGAT,-0.39394062225621035
GCCGAC,0.3666917221822037
GCCGAG,-0.4769240720903093
GCCGTA,0.25659148538174975
GCCGTT,-0.2452503270952397
GCCGTC,-0.48770320634513664
GCCGTG,-0.5673777932709118
GCCGCA,0.1473835054326741
GCCGCT,-0.07881118042428986
GCCGCC,0.033901551675681416
GCCGCG,1.584745299843729
GCCGGA,-0.21842656143607084
GCCGGT,-0.7519124897861968
GCCGGC,-1.6863989535702288
GCCGGG,-0.3322617040848694
GCGAAA,0.18695915954070563
GCGAAT,-0.2045671657412744
GCGAAC,0.12499649017468524
GCGAAG,0.5251554493208156
GCGATA,0.37165649755434926
GCGATT,0.24079848655293054
GCGATC,-2.9298595294032834
GCGATG,-0.5142240977251021
GCGACA,0.42476786036269304
GCGACT,0.05921935965997111
GCGACC,0.17924935775698445
GCGACG,1.2840155119994725
GCGAGA,0.3730687537144087
GCGAGT,0.08594242980072463
GCGAGC,-0.038282186571016924
GCGAGG,-0.15272108701766385
GCGTAA,-0.12890286309409063
GCGTAT,0.23648094821038518
GCGTAC,-0.20856978286889094
GCGTAG,0.38921849167120387
GCGTTA,0.20634616824770816
GCGTTT,0.2246753361426965
GCGTTC,0.3566749439387322
GCGTTG,0.4301367125158479
GCGTCA,0.22036962443148442
GCGTCT,0.2604469118441787
GCGTCC,-0.06252035698133393
GCGTCG,-0.0676586484738147
GCGTGA,-0.11880815107162877
GCGTGT,-0.2449449799954263
GCGTGC,-0.2537805207760994
GCGTGG,0.6208265189803192
GCGCAA,-0.1964261629754965
GCGCAT,-0.41916395246632626
GCGCAC,0.11521281210083796
GCGCAG,-0.28084054063506436
GCGCTA,-0.34416458224436863
GCGCTT,-0.045548670245261005
GCGCTC,-0.04989697114462316
GCGCTG,0.40001125742570065
GCGCCA,0.39834764033930037
GCGCCT,0.1700337260002613
GCGCCC,-0.06124362524071855
GCGCCG,1.2729656758128876
GCGCGA,0.5447271754416722
GCGCGT,-0.6729444732424258
GCGCGC,-0.7419373447293772
GCGCGG,-0.40546510810816444
GCGGAA,-0.16866280786291463
GCGGAT,0.047339603837722156
GCGGAC,0.4043787418959435
GCGGAG,0.6311117896404926
GCGGTA,0.119033817558036
GCGGTT,-0.5924056107584135
GCGGTC,0.1704998178287878
GCGGTG,0.5476048752692871
GCGGCA,-0.4165149442947494
GCGGCT,0.3958956570920137
GCGGCC,0.2495303064874047
GCGGCG,2.151762203259462
GCGGGA,-0.065265001372937
GCGGGT,-0.09051400754083186
GCGGGC,-0.8858315243894465
GCGGGG,0.035401927050916
GGAAAA,0.28721836940865797
GGAAAT,0.09420021681671135
GGAAAC,-0.27781954766090305
GGAAAG,0.02595183204080371
GGAATA,0.17840578845542607
GGAATT,-0.11236012144293658
GGAATC,-0.4030036575060919
GGAATG,-0.0012024852808441423
GGAACA,0.30349725261488336
GGAACT,0.35502318857351617
GGAACC,-0.6887456159795339
GGAACG,0.07391568295016819
GGAAGA,0.48127392377195255
GGAAGT,0.43031520486219954
GGAAGC,0.0922639767379806
GGAAGG,-0.14871722610426286
GGATAA,-0.1436500714663299
GGATAT,0.3176211222578087
GGATAC,0.1998845253245588
GGATAG,-0.2973427047211291
GGATTA,-0.07548624108146208
GGATTT,0.2733959222980648
GGATTC,-0.3178670487901786
GGATTG,-0.17498954838766181
GGATCA,-2.285968932810674
GGATCT,-2.7328783058681156
GGATCC,-2.8154087194227095
GGATCG,-2.378222507199666
GGATGA,0.13078859075541716
GGATGT,0.2593007799135561
GGATGC,-0.08338160893905101
GGATGG,0.3172550894354347
GGACAA,-0.04490932377762714
GGACAT,-0.15739967081820194
GGACAC,-0.40170216857862195
GGACAG,-0.227260625061289
GGACTA,-0.4933605607438389
GGACTT,-0.09700270489101614
GGACTC,-0.8938591974824026
GGACTG,-0.6214837704756949
GGACCA,0.23791883689636395
GGACCT,0.13005312824819776
GGACCC,-0.7140215372705042
GGACCG,-0.10097591734000222
GGACGA,0.506410605556874
GGACGT,0.5847005228502505
GGACGC,0.03947881097378742
GGACGG,0.14135411830573155
GGAGAA,0.6828004152449223
GGAGAT,0.5983536631282607
GGAGAC,0.06924178250254903
GGAGAG,0.4226094273535106
GGAGTA,0.4963801985782676
GGAGTT,0.36443061244871056
GGAGTC,-0.396110502940944
GGAGTG,0.4328547400379747
GGAGCA,0.9347017277331506
GGAGCT,0.7757753873820864
GGAGCC,-0.4037394821406946
GGAGCG,0.7227958744820752
GGAGGA,1.1683928718933103
GGAGGT,0.8886944995731613
GGAGGC,0.07030952737169836
GGAGGG,0.6339648586228992
GGTAAA,0.11695004935249152
GGTAAT,-0.16849869482513302
GGTAAC,-0.3502447399500047
GGTAAG,-0.13074061678382545
GGTATA,0.4847518170021427
GGTATT,0.11878863736708381
GGTATC,-0.046998370104669736
GGTATG,0.3512522044979725
GGTACA,0.34772546786417524
GGTACT,0.2558440126251444
GGTACC,-0.6541139498307359
GGTACG,0.0856554445784938
GGTAGA,0.15713205892784848
GGTAGT,0.04185256258739775
GGTAGC,-0.035380643759666985
GGTAGG,-0.344932258879322
GGTTAA,-0.732934763221782
GGTTAT,-0.35869320108984687
GGTTAC,-0.47093882056050396
GGTTAG,-0.7646899896801694
GGTTTA,-0.22272241001508147
GGTTTT,-0.08550427867725054
GGTTTC,-0.4736179963453907
GGTTTG,-0.3194730812832509
GGTTCA,0.22803353660840153
GGTTCT,0.1938621800634863
GGTTCC,-0.6989921344531013
GGTTCG,0.7459035329992563
GGTTGA,-0.18922952840032142
GGTTGT,0.03522869188374403
GGTTGC,-0.051626572177671026
GGTTGG,0.11447864202850397
GGTCAA,0.15688332304354707
GGTCAT,-0.03478317896476303
GGTCAC,-0.1725517651981496
GGTCAG,-0.052952501084119204
GGTCTA,0.161522417208036
GGTCTT,0.43106216769996564
GGTCTC,-0.2719337154836418
GGTCTG,0.0010836193944583606
GGTCCA,0.2490752956730478
GGTCCT,-0.02194493875056612
GGTCCC,-0.5029374509169845
GGTCCG,-0.23346051828514208
GGTCGA,0.5544637930259947
GGTCGT,0.7896259260829911
GGTCGC,0.5839478885949534
GGTCGG,0.27315397188887114
GGTGAA,0.3840621313033368
GGTGAT,0.25352563500233266
GGTGAC,-0.14256306465487048
GGTGAG,0.12354283474101677
GGTGTA,0.6441738829773104
GGTGTT,0.46290911383924443
GGTGTC,-0.03588675933352406
GGTGTG,-0.12529993250349766
GGTGCA,0.7378620587131249
GGTGCT,0.6854960338244256
GGTGCC,-0.4980166654734095
GGTGCG,0.7136082524312853
GGTGGA,1.1645090171810146
GGTGGT,0.8403243685518743
GGTGGC,0.10394608826501564
GGTGGG,0.34418710502052696
GGCAAA,-0.0696179203392413
GGCAAT,-0.20003808433872886
GGCAAC,-0.03535378387309578
GGCAAG,-0.18257481752723173
GGCATA,-0.21779594498761437
GGCATT,-0.2617750934140962
GGCATC,-0.0006428801250023815
GGCATG,-0.3367613793151457
GGCACA,-0.3552032733272762
GGCACT,-0.16283466912045794
GGCACC,-0.43565608038731013
GGCACG,0.15145162285809327
GGCAGA,-0.11698906975520687
GGCAGT,-0.052812515961379425
GGCAGC,-0.2819672444732196
GGCAGG,-0.08255702664024946
GGCTAA,-0.6287449827815927
GGCTAT,-0.2370841077944126
GGCTAC,-0.11477551459242818
GGCTAG,-0.8009774699013062
GGCTTA,-0.42482055106112043
GGCTTT,-0.2667388986065377
GGCTTC,-0.4769240720903093
GGCTTG,-0.5490596570168269
GGCTCA,-0.23983112225520328
GGCTCT,-0.07201053597627216
GGCTCC,-0.4307382722387895
GGCTCG,-0.4744579795951158
GGCTGA,-0.33286862911791437
GGCTGT,-0.009450749609399588
GGCTGC,-0.369037239299372
GGCTGG,-0.022329476398088657
GGCCAA,-0.9410450900111486
GGCCAT,-0.7454286870699864
GGCCAC,-1.0069555576039464
GGCCAG,-0.8980430593924389
GGCCTA,-1.559474646656859
GGCCTT,-1.3958638121360414
GGCCTC,-1.9066894359020319
GGCCTG,-1.1582043858703552
GGCCCA,-1.1523164676399706
GGCCCT,-1.0850954200885161
GGCCCC,-1.5928301760344399
GGCCCG,-1.5173226235262949
GGCCGA,-0.8175747589349973
GGCCGT,-0.19692035621510734
GGCCGC,-0.3629054936893685
GGCCGG,-0.6635467107836547
GGCGAA,0.5486758478970883
GGCGAT,0.3423811326815876
GGCGAC,0.5853757803178086
GGCGAG,0.3476455372193381
GGCGTA,0.646214027137726
GGCGTT,0.3706311554325319
GGCGTC,0.011494379425734991
GGCGTG,0.0
GGCGCA,0.18677590714333503
GGCGCT,0.4212134650763035
GGCGCC,-0.5622098231124693
GGCGCG,-0.23111172096338656
GGCGGA,0.8876859212924917
GGCGGT,0.6906810880647517
GGCGGC,0.8781389659097789
GGCGGG,-0.5530005488167035
GGGAAA,-0.05437677087807177
GGGAAT,-0.21312215776422816
GGGAAC,-0.25573953007029887
GGGAAG,0.08276340029772948
GGGATA,-0.01711164047272123
GGGATT,-0.13060935574664423
GGGATC,-2.861883370210814
GGGATG,0.016201974576280406
GGGACA,-0.12242341521288569
GGGACT,-0.3225114635934607
GGGACC,-0.3089542077273206
GGGACG,0.14585187701256333
GGGAGA,0.11223339494558825
GGGAGT,0.0469787745651251
GGGAGC,0.09340477973767755
GGGAGG,0.3744299795413225
GGGTAA,-0.5409396916053304
GGGTAT,-0.1330668259255991
GGGTAC,-0.46518434280978666
GGGTAG,-0.2503195539639276
GGGTTA,-0.5359136756286345
GGGTTT,-0.5449212494351003
GGGTTC,-0.3314293615873509
GGGTTG,-0.24104684280673713
GGGTCA,0.19462838100618854
GGGTCT,0.3291743695473301
GGGTCC,-0.8777808771122796
GGGTCG,0.5648928450362665
GGGTGA,-0.04366359094215803
GGGTGT,-0.06417508300891153
GGGTGC,-0.055262678675049415
GGGTGG,0.1489317639514666
GGGCAA,-0.3111068560292216
GGGCAT,-0.47955332112575505
GGGCAC,-0.6039516017554744
GGGCAG,-0.2727497090009712
GGGCTA,-0.37307176485109794
GGGCTT,-0.2692165396729951
GGGCTC,-0.9682504708048661
GGGCTG,-0.1686010249310477
GGGCCA,-0.730637789475444
GGGCCT,-1.2846307073433905
GGGCCC,-2.836736542063533
GGGCCG,-0.9251403471511376
GGGCGA,0.2636349126689467
GGGCGT,0.25671984684781407
GGGCGC,-0.15415067982725836
GGGCGG,0.4389130421757044
GGGGAA,0.06414143686539961
GGGGAT,0.13116364274894848
GGGGAC,-0.2894132463724508
GGGGAG,0.43157083471496344
GGGGTA,-0.18351132492954333
GGGGTT,-0.24989657050074812
GGGGTC,-0.5813557745718286
GGGGTG,0.207719080988578
GGGGCA,-0.19698150520463933
GGGGCT,-0.10720092632584656
GGGGCC,-1.5534552776831638
GGGGCG,0.5007752879124892
GGGGGA,0.5872673192659328
GGGGGT,0.05353544779324035
GGGGGC,-0.3904098150573148
GGGGGG,-0.02127739844728485
