Item,Count obs
AAAAAA,0.08887605265718479
AAAAAT,0.16572673415525813
AAAAAC,0.118489042463932
AAAAAG,0.32383452298017834
AAAATA,0.27493907885611724
AAAATT,-0.1453154288323188
AAAATC,0.10743906625511143
AAAATG,0.13410983797054785
AAAACA,0.06798440780827023
AAAACT,0.09290142787726688
AAAACC,-0.044441538353753154
AAAACG,0.3433915960897052
AAAAGA,0.41012160205928944
AAAAGT,0.13620341237061157
AAAAGC,0.16800539788681507
AAAAGG,0.2712650972967805
AAATAA,0.09425078833899954
AAATAT,0.20772273733096083
AAATAC,0.3161660102458402
AAATAG,0.10678434644063034
AAATTA,-0.1850574381217665
AAATTT,-0.09475390313505702
AAATTC,-0.11079385432233596
AAATTG,-0.2406442949227882
AAATCA,0.03926530309305505
AAATCT,0.015415106489080635
AAATCC,0.27908719265490806
AAATCG,0.3103703758970461
AAATGA,0.09543961009550808
AAATGT,-0.08682792200765735
AAATGC,0.16228101992872304
AAATGG,0.34885353406517594
AAACAA,-0.027235747500465382
AAACAT,-0.13847637773381513
AAACAC,-0.10875230519198224
AAACAG,-0.07657440893934911
AAACTA,-0.14980189087689313
AAACTT,0.03794879511136204
AAACTC,0.06729063610444601
AAACTG,-0.07243722528182134
AAACCA,-0.09186955487854964
AAACCT,-0.1647446466884861
AAACCC,-0.4077823236093154
AAACCG,-0.4419988514406203
AAACGA,0.15972172487671368
AAACGT,0.11530323618987674
AAACGC,0.31689245055158205
AAACGG,0.026668247082161273
AAAGAA,0.35096417983114775
AAAGAT,0.09755601635234147
AAAGAC,0.03259878416146881
AAAGAG,0.31004667223172805
AAAGTA,0.15821464141487665
AAAGTT,0.0102829813922304
AAAGTC,-0.15417206539841422
AAAGTG,0.03236490834730723
AAAGCA,0.11827586499956035
AAAGCT,0.08294708172195918
AAAGCC,-0.3049533218877928
AAAGCG,0.17851302897814775
AAAGGA,0.18489935236613914
AAAGGT,0.11965924005797271
AAAGGC,-0.1662634036249797
AAAGGG,-0.08914999605286698
AATAAA,0.11832808390664584
AATAAT,-0.11502095159319684
AATAAC,-0.2222048214189396
AATAAG,-0.19996585870582034
AATATA,0.2444535852818466
AATATT,-0.04206351958148032
AATATC,0.10914165895278671
AATATG,0.004429250731622845
AATACA,0.19893385765811794
AATACT,0.12690412295304626
AATACC,0.11887120620561448
AATACG,0.3319303279161226
AATAGA,0.06763347125687065
AATAGT,-0.01885989438293758
AATAGC,0.09291496907836996
AATAGG,-0.13567215744918262
AATTAA,-0.3758780642443324
AATTAT,-0.16783378838877588
AATTAC,-0.23902853114990608
AATTAG,-0.39635601515640995
AATTTA,-0.07499790582285128
AATTTT,-0.13988400575145687
AATTTC,-0.19053164516480112
AATTTG,-0.266168219310478
AATTCA,-0.38325676753340543
AATTCT,-0.24098401351232962
AATTCC,-0.13472225767892126
AATTCG,-0.34476379623455783
AATTGA,-0.32964290744148617
AATTGT,-0.28973908944863136
AATTGC,-0.15974628878230487
AATTGG,-0.145138164343509
AATCAA,-0.15219049346398622
AATCAT,-0.196952510777498
AATCAC,-0.25551645207380663
AATCAG,-0.4270225508079803
AATCTA,-0.11085441032935896
AATCTT,-0.14639772463408265
AATCTC,-0.11692455215906783
AATCTG,-0.2603590502403533
AATCCA,0.2411390324071752
AATCCT,-0.04773140282119004
AATCCC,-0.09885042423827807
AATCCG,-0.3429447511268303
AATCGA,0.040321755759510906
AATCGT,0.39245693655553265
AATCGC,0.17044431931335868
AATCGG,0.03774032798284711
AATGAA,0.01872009235577393
AATGAT,-0.05934224154323458
AATGAC,-0.2171330148120673
AATGAG,-0.32997262684935075
AATGTA,-0.00295689968653677
AATGTT,-0.2643489434026036
AATGTC,-0.35286665448057136
AATGTG,-0.34347909868547494
AATGCA,-0.021112453800476577
AATGCT,0.04176724185872842
AATGCC,-0.25026124229624747
AATGCG,-0.10449719894473354
AATGGA,0.33192954000612884
AATGGT,0.05526657033891092
AATGGC,-0.003224323382996158
AATGGG,0.005752444364263441
AACAAA,-0.07566579094946149
AACAAT,-0.16795677274244697
AACAAC,0.0553500950831649
AACAAG,-0.029751035998383985
AACATA,-0.053326840926691564
AACATT,-0.2612398867723369
AACATC,0.1989509240288042
AACATG,-0.27366947932154134
AACACA,-0.2056843299424412
AACACT,-0.1072653151608448
AACACC,0.44869384265898443
AACACG,0.04180122100963736
AACAGA,-0.016676035556613716
AACAGT,-0.11901880243029454
AACAGC,0.3230284440283484
AACAGG,0.2133690877403219
AACTAA,-0.2714132194270557
AACTAT,0.012614771612891493
AACTAC,0.14095938032938768
AACTAG,-0.46653517980872994
AACTTA,-0.15077698332527573
AACTTT,0.01204279941318087
AACTTC,0.2737658131563564
AACTTG,-0.001763150618380852
AACTCA,-0.18536338423443954
AACTCT,0.028211316387671583
AACTCC,0.4000262135561653
AACTCG,0.05480823649499495
AACTGA,-0.20703914628069828
AACTGT,0.008241804895103788
AACTGC,0.31436093924731634
AACTGG,0.3139175016690866
AACCAA,-0.19714662615611114
AACCAT,-0.07627671400106437
AACCAC,-0.06805589538526258
AACCAG,-0.08947396584541771
AACCTA,-0.33135323617107537
AACCTT,-0.2231435513142097
AACCTC,-0.005235262645261763
AACCTG,-0.3329272975711469
AACCCA,-0.46759688921517056
AACCCT,-0.4963106256802107
AACCCC,-0.31053717304068357
AACCCG,-0.7241823091267873
AACCGA,-0.4820110823087913
AACCGT,-0.06656568582934022
AACCGC,-0.23159260580073743
AACCGG,-0.38924227260127703
AACGAA,0.0929852982301726
AACGAT,0.0
AACGAC,0.08219922630056169
AACGAG,0.1583060318189019
AACGTA,0.01910017137341943
AACGTT,-0.008579280491589708
AACGTC,0.12641392485565872
AACGTG,-0.18097656667862191
AACGCA,0.09790970950196079
AACGCT,0.2978632897922829
AACGCC,0.5342772848010405
AACGCG,0.6433443580761271
AACGGA,0.15954152846213474
AACGGT,-0.12280742926154695
AACGGC,-0.1754486775061926
AACGGG,-0.20755602797249603
AAGAAA,0.27238396846232554
AAGAAT,-0.057178703268649725
AAGAAC,0.09008440530029295
AAGAAG,0.5568551469112298
AAGATA,0.18874766359697714
AAGATT,-0.16444484585585017
AAGATC,-2.8985191854664785
AAGATG,0.3981277513823372
AAGACA,-0.1397937010095401
AAGACT,-0.2180778133796433
AAGACC,0.4620354595965588
AAGACG,0.23599169379205887
AAGAGA,0.23214733106767185
AAGAGT,0.16910109815251856
AAGAGC,0.2785865069672958
AAGAGG,0.2708373190553951
AAGTAA,-0.0024255244177343815
AAGTAT,0.2493396487175231
AAGTAC,0.16654981300251506
AAGTAG,0.10467346650678795
AAGTTA,-0.15879833542239416
AAGTTT,0.033471176223090135
AAGTTC,0.18140268459142891
AAGTTG,0.16472579490357503
AAGTCA,-0.2725599814134448
AAGTCT,-0.09359775287750176
AAGTCC,-0.1378277057953278
AAGTCG,0.005040615545139014
AAGTGA,0.01305329593335272
AAGTGT,0.0009673185304813469
AAGTGC,0.3027667431029175
AAGTGG,0.45229469546496226
AAGCAA,-0.04239728838182062
AAGCAT,-0.07422978090306269
AAGCAC,0.0676416773384521
AAGCAG,0.1548296433024757
AAGCTA,-0.05197741786361114
AAGCTT,-0.08908039614124022
AAGCTC,0.04743079441365381
AAGCTG,0.16422466479879647
AAGCCA,-0.28508129075172356
AAGCCT,-0.5379431810924157
AAGCCC,-0.21049243376065088
AAGCCG,-0.2400119704336507
AAGCGA,0.13353139262452257
AAGCGT,0.16666353593724922
AAGCGC,0.03649110858241501
AAGCGG,-0.47351857135318
AAGGAA,0.0007038536275094565
AAGGAT,-0.2534159766503363
AAGGAC,-0.44331325280270617
AAGGAG,0.5744714517994086
AAGGTA,0.10444399943333349
AAGGTT,-0.2443484641862959
AAGGTC,-0.06970183996755148
AAGGTG,0.4585940878710657
AAGGCA,-0.15502941450594715
AAGGCT,-0.34184003370669314
AAGGCC,-1.1578581119418805
AAGGCG,0.5921439702710747
AAGGGA,-0.23516852165900107
AAGGGT,-0.44133573437616364
AAGGGC,-0.4875787740672431
AAGGGG,0.0759524754993162
ATAAAA,0.281608861501511
ATAAAT,0.10005269375549455
ATAAAC,-0.07404798368482071
ATAAAG,0.1082997588355077
ATAATA,0.09149161243174485
ATAATT,-0.1678535257126697
ATAATC,-0.04584638812541858
ATAATG,-0.054287158589026836
ATAACA,-0.09358037484090659
ATAACT,-0.034873003840589896
ATAACC,-0.34531300016880306
ATAACG,-0.002316901538428065
ATAAGA,-0.10437625600180415
ATAAGT,0.0372637732139239
ATAAGC,-0.22438534441141822
ATAAGG,-0.2446802084495994
ATATAA,0.23468797092022542
ATATAT,0.2628767393517935
ATATAC,0.32121023436644974
ATATAG,0.24366136235087765
ATATTA,-0.013082093382647788
ATATTT,0.20497160764957786
ATATTC,0.05199898630622317
ATATTG,0.05634969835422449
ATATCA,0.14644891096570642
ATATCT,0.2386615301186892
ATATCC,0.2929919536980691
ATATCG,0.2611861767600603
ATATGA,0.06659323950945512
ATATGT,0.047454050206807076
ATATGC,0.03881656451507144
ATATGG,0.29651950773018
ATACAA,0.21236655197448884
ATACAT,0.17241532354175443
ATACAC,0.24807709228309396
ATACAG,0.19325894950334752
ATACTA,0.03996497722171926
ATACTT,0.24808083088068536
ATACTC,0.15932749596416268
ATACTG,0.010903427321266658
ATACCA,0.4520088347532659
ATACCT,0.29115464693534676
ATACCC,-0.027884467112239582
ATACCG,-0.2252466015109885
ATACGA,0.34932697238248406
ATACGT,0.27227200799221823
ATACGC,0.22438810654641456
ATACGG,0.14101888963796264
ATAGAA,0.20876824542493982
ATAGAT,0.12268114937314917
ATAGAC,-0.08440590402556608
ATAGAG,0.13208888186175113
ATAGTA,0.17980006548665575
ATAGTT,0.06067963555460171
ATAGTC,-0.25798569091423695
ATAGTG,-0.03540496961177853
ATAGCA,0.2582583962154418
ATAGCT,0.2593898141655207
ATAGCC,-0.2394594247292149
ATAGCG,-0.19903000600469128
ATAGGA,-0.059707387693880176
ATAGGT,0.10506614692943408
ATAGGC,-0.6509353317506359
ATAGGG,-0.31049117245982055
ATTAAA,-0.12115009518055965
ATTAAT,-0.4207778253320005
ATTAAC,-0.5204840026790746
ATTAAG,-0.5448394686017999
ATTATA,0.042060384771401726
ATTATT,-0.10051880173148213
ATTATC,-0.0029197101033347503
ATTATG,-0.236975542600203
ATTACA,-0.09273013170036534
ATTACT,-0.1273216403598779
ATTACC,-0.2374536274886708
ATTACG,-0.28915158043114086
ATTAGA,-0.19023120255073572
ATTAGT,-0.29806665476429184
ATTAGC,-0.2618415526266207
ATTAGG,-0.3932386473201167
ATTTAA,-0.06766950089535186
ATTTAT,0.10358841845502764
ATTTAC,0.0921991958447173
ATTTAG,-0.10176827540387233
ATTTTA,0.005016612224291212
ATTTTT,0.17092074758336517
ATTTTC,0.24130866763532413
ATTTTG,0.004636828259531983
ATTTCA,-0.12434847895782979
ATTTCT,0.07716631279957337
ATTTCC,0.12369638560504206
ATTTCG,-0.2540192925353104
ATTTGA,-0.06590937758271495
ATTTGT,-0.025687908242141885
ATTTGC,0.07500405317723237
ATTTGG,0.020828363267532162
ATTCAA,-0.37244363123536106
ATTCAT,-0.22796196617072662
ATTCAC,-0.37488079805758623
ATTCAG,-0.5217398101154653
ATTCTA,-0.28620307011935897
ATTCTT,-0.07914743643609932
ATTCTC,-0.08337116502028377
ATTCTG,-0.47386042953251917
ATTCCA,0.16166754861305901
ATTCCT,-0.06433259522265117
ATTCCC,-0.1239107946375402
ATTCCG,-0.35709152382394865
ATTCGA,-0.4932846161833315
ATTCGT,0.17646401571137335
ATTCGC,-0.26032448813557085
ATTCGG,-0.5417475341045768
ATTGAA,-0.2204764739575985
ATTGAT,-0.16752602239474476
ATTGAC,-0.20917787045223804
ATTGAG,-0.4514177657249383
ATTGTA,0.04907549421777114
ATTGTT,-0.20844693078180762
ATTGTC,-0.2587973438394402
ATTGTG,-0.26836987393065287
ATTGCA,0.04821754175574758
ATTGCT,-0.0018813773368213517
ATTGCC,-0.2840376687748225
ATTGCG,-0.33191226519951805
ATTGGA,0.07483363964845123
ATTGGT,0.1112256351102244
ATTGGC,-0.20285223733636504
ATTGGG,-0.3995067985245338
ATCAAA,-0.012323074632403315
ATCAAT,-0.14298359881446374
ATCAAC,0.15335227659123382
ATCAAG,-0.09848377815186657
ATCATA,-0.048636316939427576
ATCATT,-0.08456196111862627
ATCATC,0.38844372703340185
ATCATG,-0.48261278356155296
ATCACA,-0.2645340307596155
ATCACT,-0.11858592610497394
ATCACC,0.38698523232760107
ATCACG,-0.22213463917212942
ATCAGA,-0.20982077457408146
ATCAGT,-0.3024188260132547
ATCAGC,0.12422536769972733
ATCAGG,-0.30300771850321717
ATCTAA,-0.10240434325373213
ATCTAT,0.11774100560489054
ATCTAC,0.28574787116632777
ATCTAG,-0.5731632322088045
ATCTTA,-0.5146048051560433
ATCTTT,0.08654546890844846
ATCTTC,0.5345384103248497
ATCTTG,-0.26887636313417135
ATCTCA,-0.2631290828604132
ATCTCT,0.07713966356510281
ATCTCC,0.5848238685920114
ATCTCG,-0.360180243573011
ATCTGA,-0.3116214938545594
ATCTGT,-0.007621525443733097
ATCTGC,0.36093650319149817
ATCTGG,0.23196951450566852
ATCCAA,-0.003292446285789561
ATCCAT,0.19794864414034197
ATCCAC,0.2717571340234685
ATCCAG,0.14062252762620617
ATCCTA,-0.3645284950331237
ATCCTT,-0.22757286820254946
ATCCTC,0.1089888726253354
ATCCTG,-0.07480482631507801
ATCCCA,-0.09851778576210955
ATCCCT,-0.4200546469409917
ATCCCC,0.0929256376985797
ATCCCG,-0.6312717768418579
ATCCGA,-0.4582478076860834
ATCCGT,-0.1165701792311742
ATCCGC,-0.15164754960913968
ATCCGG,-0.17079707094200067
ATCGAA,-0.1309818490022046
ATCGAT,-0.4723772358669096
ATCGAC,0.05023415924882455
ATCGAG,-0.16616611657166938
ATCGTA,0.29594305092272377
ATCGTT,-0.02935221201252745
ATCGTC,0.17823353859624516
ATCGTG,0.0058233745931766
ATCGCA,-0.05395279824823887
ATCGCT,0.13129990423597696
ATCGCC,0.10747916051811163
ATCGCG,-0.4132776478449581
ATCGGA,-0.2254634389379779
ATCGGT,-0.22997729089277472
ATCGGC,-0.07342746855481731
ATCGGG,-1.072225533494915
ATGAAA,0.1376213778760479
ATGAAT,-0.15299587120466424
ATGAAC,-0.05600160053627086
ATGAAG,0.4368332800852668
ATGATA,0.15936283768415557
ATGATT,-0.16498479787518291
ATGATC,-3.2668190696560764
ATGATG,0.47610299226645
ATGACA,-0.14295653308410566
ATGACT,-0.29580119689028517
ATGACC,-0.02573084022157881
ATGACG,0.13906043410366833
ATGAGA,-0.20085031620626403
ATGAGT,-0.12696538085363207
ATGAGC,-0.3132123352619676
ATGAGG,-0.0927408996242184
ATGTAA,-0.062003569627823725
ATGTAT,0.1603083347516683
ATGTAC,0.08027573920924057
ATGTAG,0.11061475939740983
ATGTTA,-0.21472498084861394
ATGTTT,-0.14855886656148043
ATGTTC,-0.13360491933313262
ATGTTG,0.17602074893164663
ATGTCA,-0.21960137360126747
ATGTCT,-0.22590869891253443
ATGTCC,-0.24449083157390783
ATGTCG,-0.028078893339717092
ATGTGA,-0.34737905600468677
ATGTGT,-0.08337455424044529
ATGTGC,-0.18654989290347573
ATGTGG,0.17398902204692268
ATGCAA,0.019151293068625848
ATGCAT,-0.29881307417552344
ATGCAC,0.04589715669230211
ATGCAG,0.2736768461555013
ATGCTA,-0.009326492474095192
ATGCTT,-0.09425532738583738
ATGCTC,0.03964344400081088
ATGCTG,0.14350073167735347
ATGCCA,-0.004158010148663677
ATGCCT,-0.41330247082607524
ATGCCC,-0.3735898995777154
ATGCCG,-0.3494659226832013
ATGCGA,-0.249298508791061
ATGCGT,0.14609261849749589
ATGCGC,-0.22686993305502345
ATGCGG,-0.3648359962194263
ATGGAA,0.42634878720571195
ATGGAT,0.1699168175761521
ATGGAC,-0.055191117068950434
ATGGAG,0.7198573308875191
ATGGTA,0.20899374327355136
ATGGTT,-0.13877805714202027
ATGGTC,0.08368312152948595
ATGGTG,0.37839701741001996
ATGGCA,0.15950687902778324
ATGGCT,-0.07558526704632466
ATGGCC,-1.079416884382124
ATGGCG,0.16444943202783271
ATGGGA,0.14485409331796972
ATGGGT,0.0323234345675207
ATGGGC,-0.3905968516413251
ATGGGG,-0.081349545696323
ACAAAA,0.0883917542346849
ACAAAT,-0.037148961300766316
ACAAAC,-0.08028852076626203
ACAAAG,-0.06755751127516951
ACAATA,0.056396890950231635
ACAATT,-0.24743281253873003
ACAATC,-0.1990019389690514
ACAATG,-0.06990708761035466
ACAACA,0.22631214626017407
ACAACT,0.12320675092550398
ACAACC,-0.026328780877877003
ACAACG,0.19053196572544892
ACAAGA,0.11328807699447614
ACAAGT,0.05105110080449663
ACAAGC,0.1873802017502149
ACAAGG,0.0059975934265080275
ACATAA,-0.12489086476180702
ACATAT,0.11904036666366091
ACATAC,0.10087476638656834
ACATAG,-0.18963748424127755
ACATTA,-0.26449873699612364
ACATTT,-0.07848524824201353
ACATTC,-0.14169244490521654
ACATTG,-0.2201800696718352
ACATCA,0.2102021942298163
ACATCT,0.3741850546660931
ACATCC,0.30426485891923677
ACATCG,-0.9391845517400076
ACATGA,-0.36819648619380213
ACATGT,-0.20611412432131693
ACATGC,-0.05689517182500318
ACATGG,0.0037511766399884673
ACACAA,-0.12404231498800666
ACACAT,-0.15070738739553288
ACACAC,-0.11550281404164739
ACACAG,-0.17277319192526008
ACACTA,-0.17567500664578944
ACACTT,0.05826490813197587
ACACTC,0.09173397336457703
ACACTG,-0.3362909293956233
ACACCA,0.5203268828901308
ACACCT,0.48720678908403575
ACACCC,0.12814054398964622
ACACCG,0.04310324041750627
ACACGA,0.07650168719584634
ACACGT,0.24911903771747046
ACACGC,-0.2592196077880194
ACACGG,-0.1027341188756071
ACAGAA,0.0350233992432528
ACAGAT,-0.009248224847222871
ACAGAC,-0.09669262299872333
ACAGAG,-0.1986755124357557
ACAGTA,0.08350383217995253
ACAGTT,-0.01006396560279674
ACAGTC,-0.44985519748523234
ACAGTG,-0.24580819078544192
ACAGCA,0.368402516511815
ACAGCT,0.26578662077165216
ACAGCC,-0.14963426413589423
ACAGCG,-0.0271286673882527
ACAGGA,0.3686625551385925
ACAGGT,0.3154134855573066
ACAGGC,-0.2023314594561993
ACAGGG,-0.18556687606063718
ACTAAA,-0.12707999117580684
ACTAAT,-0.34366002485609615
ACTAAC,-0.5765082094633942
ACTAAG,-0.5152862486054901
ACTATA,0.17204554226578928
ACTATT,-0.02158119601758271
ACTATC,0.03510376389068836
ACTATG,-0.15371525453592003
ACTACA,0.18828214298803106
ACTACT,0.1638451219900321
ACTACC,0.013165759708933966
ACTACG,0.039856676924782286
ACTAGA,-0.14103351666220607
ACTAGT,-0.7856987379251904
ACTAGC,-0.32508691439608756
ACTAGG,-0.4448667395514859
ACTTAA,-0.2609914460522395
ACTTAT,0.055403898539153215
ACTTAC,0.1331505127875052
ACTTAG,-0.13985121613319673
ACTTTA,-0.048485258230551255
ACTTTT,0.14795396587151285
ACTTTC,0.14274861788104154
ACTTTG,-0.027699956308122973
ACTTCA,0.13710150598191814
ACTTCT,0.29563163762285927
ACTTCC,0.40126917018157093
ACTTCG,0.06482224932787015
ACTTGA,-0.010231392017050077
ACTTGT,0.10620368602818436
ACTTGC,0.3239351630827652
ACTTGG,0.15330833806749838
ACTCAA,-0.30484657737169096
ACTCAT,-0.0542811179147579
ACTCAC,-0.3169021404271156
ACTCAG,-0.7952894083262334
ACTCTA,-0.0989864292727419
ACTCTT,0.10126410410473409
ACTCTC,0.025547455476400242
ACTCTG,-0.2836276214878859
ACTCCA,0.5387204863781884
ACTCCT,0.32692646853795776
ACTCCC,-0.07567906438576309
ACTCCG,-0.027467394700610798
ACTCGA,-0.41258257587702823
ACTCGT,0.10344663947554204
ACTCGC,0.13321041685543727
ACTCGG,-0.38538173965348715
ACTGAA,-0.27261431490676197
ACTGAT,-0.19299051314352222
ACTGAC,-0.43286408229627876
ACTGAG,-0.8159807320023974
ACTGTA,0.0929721948008741
ACTGTT,0.01165892272428753
ACTGTC,-0.10031596615243579
ACTGTG,-0.34343362916150016
ACTGCA,0.18834649628451153
ACTGCT,0.36838251496750896
ACTGCC,-0.04332041884494804
ACTGCG,-0.2670868234216645
ACTGGA,0.24821562886354884
ACTGGT,0.38136379317625757
ACTGGC,-0.3008663811669985
ACTGGG,-0.2717871846019963
ACCAAA,-0.05806922761213017
ACCAAT,-0.00376310810531558
ACCAAC,0.4399541760285121
ACCAAG,-0.020729595514578873
ACCATA,0.10840663097861021
ACCATT,0.11142774482539347
ACCATC,0.5924648650207496
ACCATG,-0.11113329474356753
ACCACA,-0.0023660649875455017
ACCACT,0.253051746299535
ACCACC,0.8337166977002572
ACCACG,0.4254657748148339
ACCAGA,0.1953485435494578
ACCAGT,0.35858577254562185
ACCAGC,0.6594016472947528
ACCAGG,0.22915473300449055
ACCTAA,-0.1474978711265381
ACCTAT,0.13520832787222642
ACCTAC,0.33367376080034405
ACCTAG,-0.4489066195159699
ACCTTA,-0.4953047258604447
ACCTTT,0.13261581966904715
ACCTTC,0.5689443230216632
ACCTTG,-0.027026873016079905
ACCTCA,-0.36041064755939656
ACCTCT,0.2863299734196595
ACCTCC,0.9754462473603207
ACCTCG,0.2027224212507335
ACCTGA,-0.23130294383422467
ACCTGT,0.346632372090526
ACCTGC,0.6904561937364869
ACCTGG,0.13481152934723967
ACCCAA,-0.2701729913106033
ACCCAT,0.045737542981511004
ACCCAC,0.06631484188885343
ACCCAG,-0.1622947664440804
ACCCTA,-0.5105860741181809
ACCCTT,-0.32065769635666863
ACCCTC,0.03258396166091266
ACCCTG,-0.3281319047049939
ACCCCA,-0.2111514022689459
ACCCCT,-0.29459361648034205
ACCCCC,-0.09244730925464772
ACCCCG,0.0183491386681964
ACCCGA,-0.3330100288927421
ACCCGT,-0.25222476061505145
ACCCGC,0.4320447459128764
ACCCGG,-0.7222645791306724
ACCGAA,-0.39716199865198215
ACCGAT,-0.2954642128938359
ACCGAC,0.15438218810471308
ACCGAG,-0.65881450147944
ACCGTA,-0.18488237765562832
ACCGTT,-0.08004270767353637
ACCGTC,0.04310324041750627
ACCGTG,-0.04571323866495281
ACCGCA,-0.1627243878418186
ACCGCT,-0.36464311358790913
ACCGCC,0.6493445579015524
ACCGCG,1.0927471692157116
ACCGGA,-0.7588011507813822
ACCGGT,-0.6362983163277928
ACCGGC,-0.4182041338855942
ACCGGG,-0.4583620542302499
ACGAAA,0.2301526434530343
ACGAAT,0.06513477729432102
ACGAAC,0.07921523555350402
ACGAAG,0.4248831939652659
ACGATA,0.22691409173609675
ACGATT,0.3910751454669109
ACGATC,-2.151762203259462
ACGATG,-0.7871939363174981
ACGACA,0.018282044837449073
ACGACT,0.07204630897384182
ACGACC,0.4654778037875315
ACGACG,1.140959836497202
ACGAGA,0.12921173148000625
ACGAGT,0.24557058710165397
ACGAGC,0.4198538455602639
ACGAGG,0.11332868530700327
ACGTAA,-0.2675519894125897
ACGTAT,0.21239901203123257
ACGTAC,0.022868190903659345
ACGTAG,0.17707818447096302
ACGTTA,-0.27106119121574057
ACGTTT,0.25980344360581736
ACGTTC,0.27301538135438264
ACGTTG,0.1723712259407865
ACGTCA,-0.2302610190830737
ACGTCT,0.21857286101937812
ACGTCC,0.0842753971707552
ACGTCG,1.1563447553366812
ACGTGA,-0.08752803936226997
ACGTGT,0.10281921822915369
ACGTGC,0.4900082186824683
ACGTGG,-0.01704146585485159
ACGCAA,-0.2305824804112081
ACGCAT,0.07935565852249812
ACGCAC,0.39909012273945377
ACGCAG,-0.1457824301567417
ACGCTA,-0.08055539673885516
ACGCTT,0.02449856749139901
ACGCTC,0.5148336451635295
ACGCTG,0.4490857305840548
ACGCCA,0.27377364240564894
ACGCCT,0.4784603392639589
ACGCCC,0.338656438436054
ACGCCG,1.0731332033671248
ACGCGA,-0.029980832211935784
ACGCGT,0.010050335853501506
ACGCGC,-0.4877032063451364
ACGCGG,1.0717048357481853
ACGGAA,-0.045120435280469655
ACGGAT,-0.03865494227538886
ACGGAC,-0.7080357930536959
ACGGAG,0.32340015505386016
ACGGTA,-0.23446137624687136
ACGGTT,-0.2063611759801015
ACGGTC,0.4852651267864556
ACGGTG,0.09291867553446058
ACGGCA,-0.17314718051791325
ACGGCT,-0.0096308930609613
ACGGCC,-0.903711949667295
ACGGCG,0.8277373345327098
ACGGGA,-0.08175065001869261
ACGGGT,-0.03490981513702651
ACGGGC,-0.10049153854632246
ACGGGG,-0.016147986407982103
AGAAAA,0.35412361706147133
AGAAAT,0.08190068843145015
AGAAAC,0.04232291869004879
AGAAAG,0.16559757732543556
AGAATA,-0.10076091258756892
AGAATT,-0.2152592616421549
AGAATC,-0.10634015902270533
AGAATG,-0.2684835818083862
AGAACA,-0.15974054921323472
AGAACT,-0.017582745491886726
AGAACC,0.23686871873532483
AGAACG,0.1329820929677558
AGAAGA,0.6282663862361366
AGAAGT,0.3674583935269182
AGAAGC,0.5228955794635017
AGAAGG,0.47940501054221657
AGATAA,0.13521415969820771
AGATAT,0.26053476266998865
AGATAC,0.3561630422126833
AGATAG,0.09705082428210887
AGATTA,-0.35961180361204204
AGATTT,0.017776625763640863
AGATTC,-0.19221187984609064
AGATTG,-0.33552534597202555
AGATCA,-2.8211966540624673
AGATCT,-2.989079759789061
AGATCC,-2.7477940636265648
AGATCG,-2.1069019390429338
AGATGA,0.4572739697743422
AGATGT,0.2868577380550888
AGATGC,0.5422191912434111
AGATGG,0.581240370680774
AGACAA,-0.13427279644325973
AGACAT,-0.19281909655844787
AGACAC,-0.04519530967870168
AGACAG,-0.2518193512908761
AGACTA,-0.5379466318698501
AGACTT,-0.12760312917881536
AGACTC,-0.3789916314409929
AGACTG,-0.4643188970793443
AGACCA,0.22694687021562338
AGACCT,0.16482337297052976
AGACCC,0.31489260159769555
AGACCG,-0.4687528473440829
AGACGA,0.43189033591770143
AGACGT,0.23855424155619614
AGACGC,0.10411285485967108
AGACGG,-0.28141245943818544
AGAGAA,0.2033702190334854
AGAGAT,0.01423007025620934
AGAGAC,-0.23299885855393843
AGAGAG,0.10478497607359398
AGAGTA,0.0677433499716703
AGAGTT,0.07494101235362297
AGAGTC,-0.34427380529053986
AGAGTG,0.04340522165568641
AGAGCA,0.11878353598996702
AGAGCT,0.04019698819944281
AGAGCC,-0.14379543803487607
AGAGCG,0.26662866325394863
AGAGGA,0.20774620809262576
AGAGGT,0.21990851054337215
AGAGGC,0.022102945419008597
AGAGGG,-0.0516653182013651
AGTAAA,0.02477952723994856
AGTAAT,-0.16595996047093473
AGTAAC,-0.147122245479667
AGTAAG,-0.07043015180574463
AGTATA,0.17369819277913526
AGTATT,0.08764331042392232
AGTATC,0.2784777319353343
AGTATG,0.007695980737634523
AGTACA,0.07124652196031424
AGTACT,0.02804338581846601
AGTACC,0.20001913868385343
AGTACG,0.1445004239950965
AGTAGA,0.13339782084062124
AGTAGT,0.1252750596880729
AGTAGC,0.40578161388703693
AGTAGG,0.17986112059786022
AGTTAA,-0.28645709566986566
AGTTAT,-0.03139797398992759
AGTTAC,0.012701685175121645
AGTTAG,-0.30920584074613233
AGTTTA,-0.16577569145820598
AGTTTT,0.10034740531668312
AGTTTC,0.04421124736952831
AGTTTG,-0.16315238533195256
AGTTCA,-0.10927760318360358
AGTTCT,-0.06537505489486033
AGTTCC,0.4264225949646507
AGTTCG,-0.018284201494888807
AGTTGA,0.13868382995711115
AGTTGT,0.09070056724714161
AGTTGC,0.4470172566692684
AGTTGG,0.49015747543471616
AGTCAA,-0.31022401054627663
AGTCAT,-0.3051978091241543
AGTCAC,-0.56646876586757
AGTCAG,-0.6083518175805487
AGTCTA,-0.4001028382366079
AGTCTT,-0.21659982121459598
AGTCTC,-0.32855502108786583
AGTCTG,-0.5736581450584615
AGTCCA,-0.2249817245519455
AGTCCT,-0.5913764440866709
AGTCCC,-0.362305613647384
AGTCCG,-0.5007752879124893
AGTCGA,-0.32232105707496983
AGTCGT,0.15055092889526803
AGTCGC,-0.04502368137395513
AGTCGG,0.03671223411225842
AGTGAA,-0.061912558697275404
AGTGAT,-0.059951657712546506
AGTGAC,-0.23736296226207373
AGTGAG,-0.3127557100038969
AGTGTA,0.07000253727487328
AGTGTT,-0.14292794917070448
AGTGTC,-0.22543756876068582
AGTGTG,-0.24120946403701643
AGTGCA,0.009132483563272472
AGTGCT,0.06648035909575559
AGTGCC,-0.14919526829930432
AGTGCG,0.0025348556031881157
AGTGGA,0.34165118717827153
AGTGGT,0.2856081000526518
AGTGGC,0.020083368454677317
AGTGGG,-0.2956051472891083
AGCAAA,0.021319402017594517
AGCAAT,-0.013267757137882303
AGCAAC,0.366437826570502
AGCAAG,0.11197799972009084
AGCATA,-0.15674788014721902
AGCATT,-0.010899290458035742
AGCATC,0.43439623014429957
AGCATG,-0.27228413027168424
AGCACA,-0.005725872776687449
AGCACT,0.0903226382932857
AGCACC,0.5568176049274183
AGCACG,-0.08257115402689508
AGCAGA,0.28681099225732826
AGCAGT,0.39474182386256707
AGCAGC,0.6965263775964242
AGCAGG,0.6449421881551194
AGCTAA,-0.11704532483858641
AGCTAT,0.24323572369971946
AGCTAC,0.38142702704331005
AGCTAG,-0.2624693451169862
AGCTTA,-0.5179745652936109
AGCTTT,0.10344101168890833
AGCTTC,0.47931986762522294
AGCTTG,-0.1068710022054009
AGCTCA,-0.33017908860934353
AGCTCT,0.009004563093081753
AGCTCC,0.7122763504689407
AGCTCG,-0.20972053098206903
AGCTGA,0.16591300703616854
AGCTGT,0.2669183803679094
AGCTGC,0.4472134574885501
AGCTGG,0.4672064246246744
AGCCAA,-0.3149473478630401
AGCCAT,-0.0778176259224927
AGCCAC,-0.01895501569369826
AGCCAG,-0.27736510548084864
AGCCTA,-0.9478671095779807
AGCCTT,-0.3840411143370078
AGCCTC,-0.07118412788468328
AGCCTG,-0.6812994953122306
AGCCCA,-0.4048299858257795
AGCCCT,-0.3999259859330474
AGCCCC,-0.10431284662538262
AGCCCG,-0.7731898882334817
AGCCGA,-0.12547269256180207
AGCCGT,0.08074388802247022
AGCCGC,-0.04773140282119004
AGCCGG,-0.4835828873721163
AGCGAA,0.11888254098980025
AGCGAT,-0.0013443873859934725
AGCGAC,0.19369028440071434
AGCGAG,0.283824787052023
AGCGTA,0.0
AGCGTT,0.28557902225500226
AGCGTC,0.06733312006858695
AGCGTG,-0.09760903139143558
AGCGCA,-0.28312625591592017
AGCGCT,-0.2615790268927889
AGCGCC,0.5066150912296471
AGCGCG,0.23098672877523563
AGCGGA,-0.22948702523638467
AGCGGT,-0.37738213936533893
AGCGGC,0.07026919584655615
AGCGGG,-0.3939707286824292
AGGAAA,0.023171423816198685
AGGAAT,-0.06913623038620068
AGGAAC,0.13928989884155962
AGGAAG,0.26851881158589563
AGGATA,-0.15005824340008803
AGGATT,-0.08262743053700396
AGGATC,-2.9688353100895415
AGGATG,0.03369680566239468
AGGACA,-0.25238456255362696
AGGACT,-0.5109514020190966
AGGACC,-0.0965337957416387
AGGACG,0.3849453778769878
AGGAGA,0.5389069391366395
AGGAGT,0.3622929362429557
AGGAGC,0.7527270521507573
AGGAGG,0.985970652512145
AGGTAA,-0.04811468015947329
AGGTAT,0.2904199648211948
AGGTAC,0.19642339136071219
AGGTAG,0.016383479250524125
AGGTTA,-0.5365694562305988
AGGTTT,-0.18688087413587595
AGGTTC,0.0733981649548679
AGGTTG,-0.20967749338872457
AGGTCA,-0.11332868530700324
AGGTCT,0.06787353799529298
AGGTCC,-0.009160369398664278
AGGTCG,0.5643890666880804
AGGTGA,0.35219519708644925
AGGTGT,0.5471602291989422
AGGTGC,0.6583369509480459
AGGTGG,0.8389296107166871
AGGCAA,-0.31508839091374874
AGGCAT,-0.28398325713832345
AGGCAC,-0.3334150651786633
AGGCAG,-0.3078053373614994
AGGCTA,-0.6534709557073212
AGGCTT,-0.5254324871288251
AGGCTC,-0.3134381233198033
AGGCTG,-0.4329209796818592
AGGCCA,-1.2080072083541735
AGGCCT,-1.5907742589024843
AGGCCC,-1.079448346258198
AGGCCG,-0.616117171528345
AGGCGA,0.4619437122686353
AGGCGT,0.5401948232247957
AGGCGC,0.3011050927839216
AGGCGG,0.49926480136491463
AGGGAA,-0.24289776301087385
AGGGAT,-0.30892458480594837
AGGGAC,-0.3694251716249675
AGGGAG,-0.0891127274759542
AGGGTA,-0.49336411356451215
AGGGTT,-0.4973778076887987
AGGGTC,0.04208541856702724
AGGGTG,-0.2250056158785905
AGGGCA,-0.5471686370916569
AGGGCT,-0.41497201274757795
AGGGCC,-1.1107927072249808
AGGGCG,-0.1861022796338606
AGGGGA,-0.13106934788474756
AGGGGT,-0.18711313280385386
AGGGGC,-0.19731579176426647
AGGGGG,0.5036053757925035
TAAAAA,0.21178112577415428
TAAAAT,-0.019055829562474702
TAAAAC,0.06396426469940755
TAAAAG,0.1833195100544435
TAAATA,0.039968517900039816
TAAATT,-0.08509375556079467
TAAATC,0.2122038210128956
TAAATG,0.008039952254429864
TAAACA,-0.2666362538764936
TAAACT,-0.1818359548808528
TAAACC,-0.23065673466499298
TAAACG,0.02015423304523002
TAAAGA,0.0981150447062048
TAAAGT,-0.04046881191508952
TAAAGC,0.07986124265782685
TAAAGG,-0.03765950385785594
TAATAA,-0.12673139769256564
TAATAT,-0.00821148025280116
TAATAC,0.030829129416748712
TAATAG,-0.11735161524232482
TAATTA,-0.5081536801369338
TAATTT,-0.1813230005691867
TAATTC,-0.1392709799497616
TAATTG,-0.2970892044323101
TAATCA,-0.509310115650158
TAATCT,-0.2813238737092885
TAATCC,0.005679714646046544
TAATCG,0.049302544857207066
TAATGA,-0.1528214834565976
TAATGT,-0.2631017276277573
TAATGC,-0.04523959349403169
TAATGG,-0.030714066006075406
TAACAA,-0.344275111875389
TAACAT,-0.22308599570108276
TAACAC,-0.11682723114951638
TAACAG,-0.07422611029672767
TAACTA,-0.275671599021065
TAACTT,-0.19197715469615717
TAACTC,0.0020869104480741975
TAACTG,-0.010147188122758567
TAACCA,-0.5931177745961491
TAACCT,-0.5672993926436668
TAACCC,-0.5854309512096599
TAACCG,-0.3483066942682157
TAACGA,-0.20453895217713122
TAACGT,-0.33954873184596096
TAACGC,0.1939834965417976
TAACGG,-0.22231562246879322
TAAGAA,-0.3159205080640135
TAAGAT,-0.44842886591603487
TAAGAC,-0.21471049212963386
TAAGAG,-0.02279093391483839
TAAGTA,-0.07533256572680866
TAAGTT,-0.1400417800711223
TAAGTC,-0.12738432292401455
TAAGTG,0.11939386411678253
TAAGCA,-0.4582458453222593
TAAGCT,-0.4875562513482423
TAAGCC,-0.4181873678803461
TAAGCG,-0.21883319981308758
TAAGGA,-0.3853775318963185
TAAGGT,-0.4417962152578984
TAAGGC,-0.39800636282048835
TAAGGG,-0.43910478225833227
TATAAA,0.25055449695924803
TATAAT,0.07338167065364869
TATAAC,0.04664018829240428
TATAAG,-0.04265245487254292
TATATA,0.2119680428230877
TATATT,0.22963644786229243
TATATC,0.43331396694627805
TATATG,0.12126078114668382
TATACA,0.17941556655836044
TATACT,0.14298028182245504
TATACC,0.5058617935297336
TATACG,0.209258296292818
TATAGA,0.2976473706760802
TATAGT,0.19062704473934008
TATAGC,0.36285848370963597
TATAGG,0.0823525021022734
TATTAA,-0.1903840944411998
TATTAT,0.07312976325380002
TATTAC,-0.016663159043519515
TATTAG,-0.17613926671756622
TATTTA,0.010435311392047904
TATTTT,0.30476859293910563
TATTTC,0.21843426946024252
TATTTG,0.12100117931350156
TATTCA,-0.3192024177249092
TATTCT,-0.13880974935641
TATTCC,0.18604019103769615
TATTCG,-0.15353272831678588
TATTGA,-0.018246700643112092
TATTGT,0.04640295845232559
TATTGC,0.18013190926605147
TATTGG,0.16129248725255185
TATCAA,0.15561017000384236
TATCAT,0.1622556786251021
TATCAC,0.15555590241765455
TATCAG,0.03433267908050536
TATCTA,0.1504694436314343
TATCTT,0.16023002734530026
TATCTC,0.34461314927949194
TATCTG,0.24130946439477147
TATCCA,0.2440357153194079
TATCCT,-0.1313774351785837
TATCCC,-0.08408756658885207
TATCCG,-0.003186407369407869
TATCGA,0.04538049076043725
TATCGT,0.37833644071991174
TATCGC,0.37852500052760074
TATCGG,-0.1434666303910788
TATGAA,0.01967707239713521
TATGAT,-0.07203574248429734
TATGAC,-0.12551645663227953
TATGAG,-0.17549435449102124
TATGTA,0.025631954141456307
TATGTT,-0.10457930638844103
TATGTC,-0.07676912097432635
TATGTG,-0.08039701650014358
TATGCA,-0.16844935290805998
TATGCT,-0.16557640786471595
TATGCC,-0.21413109827312837
TATGCG,-0.265900514679474
TATGGA,0.33227571553705776
TATGGT,0.017212784842713474
TATGGC,-0.03621296404204137
TATGGG,0.08062298649997135
TACAAA,0.14911577912577764
TACAAT,0.05916537495922231
TACAAC,0.36887688773071375
TACAAG,0.15132190131816853
TACATA,0.07648416498988052
TACATT,0.01597892127305148
TACATC,0.5128117217376201
TACATG,-0.159214368301974
TACACA,0.024477471800384693
TACACT,0.08293805160199391
TACACC,0.6674108112788537
TACACG,0.017673508617497422
TACAGA,0.13854179153964738
TACAGT,0.1061957155848928
TACAGC,0.4273916773022309
TACAGG,0.37503452887134475
TACTAA,-0.18349201457651987
TACTAT,0.15486714408714325
TACTAC,0.28475187906738153
TACTAG,-0.3122063171579285
TACTTA,-0.07362308171235704
TACTTT,0.1842492798956735
TACTTC,0.40836754619795357
TACTTG,0.20368092721370187
TACTCA,-0.2979355412372907
TACTCT,0.023356782720471595
TACTCC,0.4741628637600096
TACTCG,-0.25337947805967564
TACTGA,-0.2098330434992053
TACTGT,0.15506018421009882
TACTGC,0.40892453849667415
TACTGG,0.25755402595666155
TACCAA,0.07381562980155129
TACCAT,0.25164272534987814
TACCAC,0.41267856262646624
TACCAG,0.4471778944862922
TACCTA,-0.01387604578429158
TACCTT,0.03313118392136448
TACCTC,0.413097626683494
TACCTG,0.2558222099141797
TACCCA,-0.15065493669996458
TACCCT,-0.45642689039092327
TACCCC,-0.215523350314
TACCCG,-0.358839266768109
TACCGA,-0.19200686252841825
TACCGT,-0.23617305160454366
TACCGC,-0.01874218180974075
TACCGG,-0.9441347580453284
TACGAA,0.13729283278027843
TACGAT,0.16667003550015339
TACGAC,0.271857031307384
TACGAG,-0.024398711045272862
TACGTA,-0.0723969072431909
TACGTT,0.1585674707858475
TACGTC,0.12059310264793677
TACGTG,0.024748169689194174
TACGCA,-0.19639440373593714
TACGCT,0.11166968485109112
TACGCC,0.3930425881096072
TACGCG,-0.2501441531327156
TACGGA,-0.18574036354274023
TACGGT,0.07237983492796743
TACGGC,0.10665334066013141
TACGGG,-0.04995093040539431
TAGAAA,0.17530031166573146
TAGAAT,-0.24540585868670342
TAGAAC,-0.14744953600485314
TAGAAG,0.42251097538115295
TAGATA,0.14403448825667697
TAGATT,-0.12753123695914367
TAGATC,-2.8467575691639735
TAGATG,0.4552334307933972
TAGACA,-0.23128822309884192
TAGACT,-0.4355425633454423
TAGACC,0.18642085654489535
TAGACG,0.13015767373678172
TAGAGA,0.06077531122074339
TAGAGT,-0.06995771507624346
TAGAGC,0.03033933933952459
TAGAGG,0.07580624598391347
TAGTAA,-0.11749204191069555
TAGTAT,0.050478382843223285
TAGTAC,-0.015305572448930757
TAGTAG,0.18174440379116683
TAGTTA,-0.29088007837534635
TAGTTT,-0.09798907101894706
TAGTTC,-0.06859347350103735
TAGTTG,0.22415110807450953
TAGTCA,-0.493212862156106
TAGTCT,-0.5997995575872734
TAGTCC,-0.5518880038990811
TAGTCG,0.002442003655551809
TAGTGA,-0.1606313223160996
TAGTGT,-0.12217232679596068
TAGTGC,-0.1943858490655105
TAGTGG,0.012270092591814401
TAGCAA,0.0373638901073111
TAGCAT,-0.00900219287783847
TAGCAC,0.19794106363218691
TAGCAG,0.3987613455719528
TAGCTA,0.0018491743255588363
TAGCTT,-0.054934237246821484
TAGCTC,0.14873738324356223
TAGCTG,0.3746091478101241
TAGCCA,-0.27324829435048775
TAGCCT,-0.6760494631230031
TAGCCC,-0.3756189469623535
TAGCCG,-0.23478286797122863
TAGCGA,-0.05492306243812932
TAGCGT,-0.08980052399335521
TAGCGC,-0.21976435427773092
TAGCGG,-0.10780433560648725
TAGGAA,-0.17150753686846934
TAGGAT,-0.4361297519532632
TAGGAC,-0.39164455248953217
TAGGAG,0.5067527467614965
TAGGTA,-0.0058962434972815005
TAGGTT,-0.37208298725734457
TAGGTC,0.03243849362392081
TAGGTG,0.505376018998426
TAGGCA,-0.7043026747317308
TAGGCT,-0.8852132710590067
TAGGCC,-1.5045451236323222
TAGGCG,0.10630257884572746
TAGGGA,-0.5086167803726348
TAGGGT,-0.46194924898397893
TAGGGC,-0.6368401476047125
TAGGGG,-0.0889678950127825
TTAAAA,-0.039839671686799465
TTAAAT,-0.041474103481785124
TTAAAC,-0.3307588593591252
TTAAAG,-0.12112007990996021
TTAATA,-0.1795920684454067
TTAATT,-0.39518675574420475
TTAATC,-0.5161401357675865
TTAATG,-0.31151653131521456
TTAACA,-0.3725843484407492
TTAACT,-0.2864292686345857
TTAACC,-0.828479834554108
TTAACG,-0.5356220192426574
TTAAGA,-0.5185197332115611
TTAAGT,-0.2362917566224158
TTAAGC,-0.682017513786768
TTAAGG,-0.6794253059353442
TTATAA,0.004439796258888757
TTATAT,0.18967187734107413
TTATAC,0.11393007290625526
TTATAG,0.14975285002182612
TTATTA,-0.11360706437469516
TTATTT,0.12324236836268544
TTATTC,-0.31297588402276294
TTATTG,-0.052193581847797876
TTATCA,0.13922047886182595
TTATCT,0.12718356874856607
TTATCC,-0.1731597886324961
TTATCG,0.09133504030332192
TTATGA,-0.14496783173606353
TTATGT,-0.14496805270642815
TTATGC,-0.38645605897529367
TTATGG,-0.08611758875792586
TTACAA,0.04810776842473002
TTACAT,-0.027410172064997122
TTACAC,0.059342886368591606
TTACAG,0.15921454737083215
TTACTA,-0.134390772056044
TTACTT,0.011742099830020029
TTACTC,-0.15444518726569964
TTACTG,-0.017531160320539047
TTACCA,0.06855106005291454
TTACCT,-0.055714492387710764
TTACCC,-0.5534931869035685
TTACCG,-0.7695634110043085
TTACGA,0.02589634430357945
TTACGT,-0.17351092711179977
TTACGC,-0.2264713414068844
TTACGG,-0.4229423416084531
TTAGAA,-0.002131470752143773
TTAGAT,-0.1232982163444936
TTAGAC,-0.27498841769588744
TTAGAG,-0.14783276066862883
TTAGTA,-0.1429325096656702
TTAGTT,-0.22535584695283123
TTAGTC,-0.7586888480130008
TTAGTG,-0.29109120320990994
TTAGCA,-0.051460719835321744
TTAGCT,-0.11419593432375803
TTAGCC,-0.6887256553020679
TTAGCG,-0.44939338424748937
TTAGGA,-0.1349085602372256
TTAGGT,-0.1917216813058697
TTAGGC,-1.0148865789041226
TTAGGG,-0.5739806471783272
TTTAAA,0.04651309149005355
TTTAAT,-0.11047279070138308
TTTAAC,-0.1838182575291661
TTTAAG,-0.30379524561317467
TTTATA,0.2387218632679106
TTTATT,0.11818871095012276
TTTATC,0.2733628870285532
TTTATG,-0.11836460008103292
TTTACA,0.15295681431673486
TTTACT,0.029832980192288396
TTTACC,0.1254652609439171
TTTACG,0.000941619655261051
TTTAGA,0.06904417590170765
TTTAGT,-0.10033715542134301
TTTAGC,0.01996600458545659
TTTAGG,-0.10709609786519338
TTTTAA,-0.024821184817050656
TTTTAT,0.28558014848512703
TTTTAC,0.1670334892497641
TTTTAG,0.05436230807711884
TTTTTA,0.19918399719308508
TTTTTT,0.08310919500362442
TTTTTC,0.3934577015660744
TTTTTG,-0.06310689166407298
TTTTCA,0.20784645452440417
TTTTCT,0.3422492732031694
TTTTCC,0.2718736877323326
TTTTCG,0.07163434411904027
TTTTGA,-0.024261908935432577
TTTTGT,0.07062765745999273
TTTTGC,0.15773698873026473
TTTTGG,-0.02571177169667992
TTTCAA,-0.00833412835348294
TTTCAT,0.14830806041393746
TTTCAC,0.02982066197351164
TTTCAG,-0.14090402271683686
TTTCTA,0.1284417450786382
TTTCTT,0.2612515636691716
TTTCTC,0.25934081794353014
TTTCTG,0.044604658523154254
TTTCCA,0.3085236460937363
TTTCCT,0.07087433958665709
TTTCCC,-0.013941244562083519
TTTCCG,-0.18362960145397
TTTCGA,-0.41784714965137393
TTTCGT,0.16182166043989088
TTTCGC,0.18388527877013738
TTTCGG,-0.26693256843787094
TTTGAA,-0.05912173360407654
TTTGAT,-0.027410854129427766
TTTGAC,-0.148900724833605
TTTGAG,-0.17503752613811563
TTTGTA,0.15546029768625583
TTTGTT,-0.0725482117569594
TTTGTC,-0.06308879529600654
TTTGTG,-0.1666932608169431
TTTGCA,0.17043879489873962
TTTGCT,0.04982690614479096
TTTGCC,-0.15199201735922035
TTTGCG,-0.08969340115787806
TTTGGA,0.17291891505649346
TTTGGT,0.02469531092104918
TTTGGC,-0.31026244940495923
TTTGGG,-0.3370949662728887
TTCAAA,-0.06511511661940879
TTCAAT,-0.22744530321027062
TTCAAC,0.21356878865041243
TTCAAG,-0.05746614488544544
TTCATA,0.015438470494954601
TTCATT,0.007859144703670976
TTCATC,0.5937989595776545
TTCATG,-0.4714965382067677
TTCACA,-0.31198782463704083
TTCACT,-0.055223062723398365
TTCACC,0.39478613553231007
TTCACG,-0.1757524080584851
TTCAGA,-0.30978928644596154
TTCAGT,-0.3289881603062637
TTCAGC,0.15284503537691038
TTCAGG,-0.3032262182293251
TTCTAA,-0.057411896345252005
TTCTAT,0.1780337519743564
TTCTAC,0.2643974180070164
TTCTAG,-0.44521596955945647
TTCTTA,-0.27454399299633664
TTCTTT,0.34644748011461823
TTCTTC,0.739327030587195
TTCTTG,0.007041364338697076
TTCTCA,-0.2935569746776932
TTCTCT,0.1914330878251878
TTCTCC,0.7140175032855257
TTCTCG,-0.11372324045120247
TTCTGA,-0.2815221506575135
TTCTGT,0.033489409975533
TTCTGC,0.30813855467232454
TTCTGG,0.21017851129692092
TTCCAA,0.14103235477252185
TTCCAT,0.41471969072880943
TTCCAC,0.48911330867485514
TTCCAG,0.24747565197374038
TTCCTA,-0.16490651519227642
TTCCTT,-0.02352215822205574
TTCCTC,0.5323010374915628
TTCCTG,0.2949276605862774
TTCCCA,0.04800585643455361
TTCCCT,-0.262460775590473
TTCCCC,0.09842567510536741
TTCCCG,-0.20099531809119892
TTCCGA,-0.32855601367473075
TTCCGT,-0.032614491885397834
TTCCGC,-0.2006706954621511
TTCCGG,-0.47288409211108967
TTCGAA,-0.709390093162882
TTCGAT,-0.20229368998086986
TTCGAC,-0.028078893339717092
TTCGAG,-0.24183568432636227
TTCGTA,0.1282495179994529
TTCGTT,0.26112429280945415
TTCGTC,0.6886700384475073
TTCGTG,-0.1761295865460335
TTCGCA,-0.23074464745279533
TTCGCT,0.07392113193270695
TTCGCC,0.45947856738278187
TTCGCG,-0.02247285585205863
TTCGGA,-0.21492271816935263
TTCGGT,-0.23709976280800923
TTCGGC,-0.3627756994131138
TTCGGG,-0.037295784743696894
TTGAAA,-0.03462576127071201
TTGAAT,-0.32576681487852405
TTGAAC,-0.05769199295571006
TTGAAG,0.263719348846422
TTGATA,0.15608124954180067
TTGATT,-0.16707351494569378
TTGATC,-2.8326183223864834
TTGATG,0.37275654315707457
TTGACA,-0.128182220312386
TTGACT,-0.2697346913367962
TTGACC,0.11422275916535146
TTGACG,0.2038583502039468
TTGAGA,-0.2916122006423122
TTGAGT,-0.3258110241901174
TTGAGC,-0.2328979529725475
TTGAGG,-0.2603379213222586
TTGTAA,0.05524148129218055
TTGTAT,0.2078778316155781
TTGTAC,0.05710171806943787
TTGTAG,0.25638414763115674
TTGTTA,-0.3149331854517091
TTGTTT,-0.06769291743128307
TTGTTC,-0.04638573887063013
TTGTTG,0.25796307284674247
TTGTCA,-0.16527977284051817
TTGTCT,-0.15833988781703398
TTGTCC,-0.12159932941924936
TTGTCG,0.15069581685811814
TTGTGA,-0.2613524941204809
TTGTGT,-0.16141850092673174
TTGTGC,0.018937418241079525
TTGTGG,0.1288556546055313
TTGCAA,0.154926662165411
TTGCAT,0.05646045534014373
TTGCAC,0.20572282748617043
TTGCAG,0.3302985228136425
TTGCTA,0.03836552337676553
TTGCTT,-0.06823157548536575
TTGCTC,0.2683768040702259
TTGCTG,0.33352021686213473
TTGCCA,0.08421807908401702
TTGCCT,-0.48320352757515256
TTGCCC,-0.16849267123181316
TTGCCG,-0.29021051880513954
TTGCGA,-0.09311189358162711
TTGCGT,-0.07025133854425832
TTGCGC,-0.14500379378675943
TTGCGG,-0.19330519192791873
TTGGAA,0.16176099251695453
TTGGAT,0.0016450426910200094
TTGGAC,-0.09793952166404751
TTGGAG,0.7029283484334488
TTGGTA,0.18093905424453918
TTGGTT,-0.15615368500369448
TTGGTC,0.22223155854694032
TTGGTG,0.47345373429229337
TTGGCA,-0.04846908534182212
TTGGCT,-0.3064868616475382
TTGGCC,-1.059026211974045
TTGGCG,0.46954396479268684
TTGGGA,-0.17048455212575672
TTGGGT,-0.3592285982745316
TTGGGC,-0.30388669907546406
TTGGGG,-0.2646308112220304
TCAAAA,-0.0002926840271702152
TCAAAT,-0.05755384938910779
TCAAAC,-0.21666879573395229
TCAAAG,-0.1266753162347495
TCAATA,-0.016088262575839483
TCAATT,-0.3052034538507095
TCAATC,-0.4304920011629558
TCAATG,-0.36997365663533316
TCAACA,0.2350281253200918
TCAACT,0.10386602630811602
TCAACC,-0.18355765089448292
TCAACG,0.17043373489468142
TCAAGA,-0.05744629282807941
TCAAGT,-0.012650390082165763
TCAAGC,-0.28062345687851553
TCAAGG,-0.30081431568807804
TCATAA,-0.14378735492581832
TCATAT,0.06341765421656019
TCATAC,-0.003888533739692369
TCATAG,-0.16540316870389254
TCATTA,-0.16217077729677656
TCATTT,0.09642792917228235
TCATTC,-0.3548407046102986
TCATTG,-0.2966195698788569
TCATCA,0.5743713283822841
TCATCT,0.46334433715575857
TCATCC,0.07166666987135366
TCATCG,-0.8642558727511009
TCATGA,-0.46711989412371874
TCATGT,-0.2479513142334627
TCATGC,-0.5650568093770342
TCATGG,-0.33863031676819794
TCACAA,-0.26443365887364295
TCACAT,-0.35933381282767657
TCACAC,-0.3769824942448821
TCACAG,-0.4623407565001665
TCACTA,-0.1865338057016488
TCACTT,0.016526232588210735
TCACTC,-0.20120422995677315
TCACTG,-0.6465392489726463
TCACCA,0.2448738303908534
TCACCT,0.4526549909111225
TCACCC,-0.10930108090571156
TCACCG,-0.3967855743884416
TCACGA,-0.09334618571966483
TCACGT,-0.14544781412551178
TCACGC,-0.41238555095273816
TCACGG,-0.5020919437972361
TCAGAA,-0.2661365977993159
TCAGAT,-0.31247488644706
TCAGAC,-0.46400892087632367
TCAGAG,-0.66310337407298
TCAGTA,-0.266206404612392
TCAGTT,-0.27526111105550044
TCAGTC,-0.7299179692635932
TCAGTG,-0.8845968334031598
TCAGCA,0.1874922622866135
TCAGCT,0.09819992323321786
TCAGCC,-0.360348485612343
TCAGCG,-0.4408955450876648
TCAGGA,-0.18194946376640572
TCAGGT,-0.22230987056563228
TCAGGC,-0.808249249463071
TCAGGG,-0.788979689966117
TCTAAA,0.03221286220151638
TCTAAT,-0.20674250534675814
TCTAAC,-0.15979445776974197
TCTAAG,-0.25888996814687487
TCTATA,0.2977892636369063
TCTATT,0.033426779672184874
TCTATC,0.2211419364409231
TCTATG,-0.2349189100876856
TCTACA,0.37323860845603185
TCTACT,0.20955954509098482
TCTACC,0.11929138102547676
TCTACG,-0.17920725966459597
TCTAGA,-1.1270734562020088
TCTAGT,-0.19874066523300285
TCTAGC,-0.040246146369395455
TCTAGG,-0.4466047417064717
TCTTAA,-0.4915524397716341
TCTTAT,-0.12716189148554452
TCTTAC,-0.14336457922401055
TCTTAG,-0.508773127872281
TCTTTA,0.08591686069638355
TCTTTT,0.40597301866086544
TCTTTC,0.18132522502365844
TCTTTG,0.0029626516220901417
TCTTCA,0.46608434757601147
TCTTCT,0.6833535542113729
TCTTCC,0.4288366443566206
TCTTCG,0.19602497978614983
TCTTGA,-0.04077127277283399
TCTTGT,0.07028032727871512
TCTTGC,0.06072984620754584
TCTTGG,-0.09794673775968542
TCTCAA,-0.2830120113579348
TCTCAT,-0.10136844144321797
TCTCAC,-0.40053898977210856
TCTCAG,-0.7053757705666215
TCTCTA,0.08102285055508789
TCTCTT,0.22108684425749597
TCTCTC,0.09576811596638678
TCTCTG,-0.20075645507800066
TCTCCA,0.7796894593821831
TCTCCT,0.5419749094869479
TCTCCC,0.20020198207180315
TCTCCG,-0.2381652930100475
TCTCGA,-0.2695659416836064
TCTCGT,-0.01968450078254647
TCTCGC,0.02724964244737554
TCTCGG,-0.9238298090473211
TCTGAA,-0.3105520339617815
TCTGAT,-0.27252508155646427
TCTGAC,-0.3771261497896982
TCTGAG,-0.8841755785298617
TCTGTA,0.1923718926474561
TCTGTT,-0.012515807931830646
TCTGTC,-0.3735227407326305
TCTGTG,-0.42982138340842024
TCTGCA,0.2790345549503897
TCTGCT,0.3471233535081047
TCTGCC,-0.1217125754958469
TCTGCG,0.015334364000106742
TCTGGA,0.3418707340039474
TCTGGT,0.30510199846786246
TCTGGC,-0.2943208863334892
TCTGGG,-0.43163197638814554
TCCAAA,0.16578269602975743
TCCAAT,0.04299818330176482
TCCAAC,0.5387679554225847
TCCAAG,0.1378364512086108
TCCATA,0.3721361042563575
TCCATT,0.2945916476802206
TCCATC,0.8158049611554669
TCCATG,-0.11690456818765267
TCCACA,0.3143228414526172
TCCACT,0.2722082679807612
TCCACC,1.1473920578811745
TCCACG,0.2992876185720889
TCCAGA,0.31236000086215343
TCCAGT,0.24299163418893324
TCCAGC,0.592113191451517
TCCAGG,0.04432645713867937
TCCTAA,-0.1563199483072699
TCCTAT,0.014692879347764462
TCCTAC,0.17999698797151878
TCCTAG,-0.4977346384282805
TCCTTA,-0.4065605288830506
TCCTTT,0.11708883222690769
TCCTTC,0.3729222550326349
TCCTTG,-0.22478443307009832
TCCTCA,-0.09868489675908709
TCCTCT,0.2742655614980271
TCCTCC,1.1591555468296442
TCCTCG,-0.08114100542259899
TCCTGA,-0.09385263065766523
TCCTGT,0.45028501508926033
TCCTGC,0.7808547546014529
TCCTGG,0.09491855143160353
TCCCAA,-0.09151962996867873
TCCCAT,0.24132691009784177
TCCCAC,0.04122271582395452
TCCCAG,-0.3860519180800614
TCCCTA,-0.5586734288268913
TCCCTT,-0.21495757487176598
TCCCTC,0.15594601244593262
TCCCTG,-0.5001566674164231
TCCCCA,0.12684161247324768
TCCCCT,-0.16757927505675127
TCCCCC,0.545983639145365
TCCCCG,-0.0368139731227162
TCCCGA,-0.34522502773080754
TCCCGT,-0.12985798725821376
TCCCGC,0.0970097364404063
TCCCGG,-0.27510329024492075
TCCGAA,-0.32441831227740037
TCCGAT,-0.4874131831412475
TCCGAC,0.2144604287407489
TCCGAG,-0.9281124708393218
TCCGTA,-0.1601476992996326
TCCGTT,-0.09323009585099683
TCCGTC,0.40407718283331645
TCCGTG,-0.506817602368452
TCCGCA,-0.3663251997708941
TCCGCT,-0.2832077920568599
TCCGCC,0.7713763521664078
TCCGCG,0.21425460389696366
TCCGGA,-0.7314058926770357
TCCGGT,-0.03853366400224288
TCCGGC,-0.9464204733261843
TCCGGG,0.004357305368955847
TCGAAA,-0.36698307788475104
TCGAAT,-0.4560429951377338
TCGAAC,-0.5146385699578235
TCGAAG,-0.005540180375615356
TCGATA,0.06279042701870503
TCGATT,-0.13775323731407815
TCGATC,-2.9825203795817607
TCGATG,-1.081199660190933
TCGACA,0.04963958142592124
TCGACT,-0.11320636862897163
TCGACC,0.1314429825372521
TCGACG,0.38667719424253116
TCGAGA,-0.2220763153537871
TCGAGT,-0.06759756298465365
TCGAGC,-0.2623642644674911
TCGAGG,-0.25086387634717483
TCGTAA,0.08528946524261019
TCGTAT,0.3695928433138229
TCGTAC,0.3048834348103275
TCGTAG,-0.08897703640730227
TCGTTA,-0.1405380386500472
TCGTTT,0.2822208217892969
TCGTTC,0.21105475399520565
TCGTTG,0.22987346353040866
TCGTCA,0.3485269828471439
TCGTCT,0.5186782766217853
TCGTCC,0.33089641261065594
TCGTCG,0.9107505514985396
TCGTGA,-0.05162436540530718
TCGTGT,0.04400994099644225
TCGTGC,-0.0713090277047818
TCGTGG,0.3720491111883204
TCGCAA,-0.18044714199960432
TCGCAT,-0.159286968146713
TCGCAC,-0.1486936403642001
TCGCAG,0.06749024160241651
TCGCTA,-0.011152531950475003
TCGCTT,0.19845093872383823
TCGCTC,0.22986250156295468
TCGCTG,-0.048790164169432056
TCGCCA,0.3514365872771434
TCGCCT,0.38923391317958184
TCGCCC,0.2700604711019615
TCGCCG,0.15800424914324832
TCGCGA,-0.24409891649019771
TCGCGT,-0.0562808358985897
TCGCGC,0.14903557916048796
TCGCGG,0.2793832696370859
TCGGAA,-0.24343625458197218
TCGGAT,-0.3155655518018993
TCGGAC,-0.3541718137206139
TCGGAG,0.044116890417107604
TCGGTA,-0.19688633508798414
TCGGTT,-0.4421184257561998
TCGGTC,-0.16462197969455372
TCGGTG,0.06213178110700618
TCGGCA,-0.09431067947124129
TCGGCT,-0.14116348430044712
TCGGCC,-0.7599153570247855
TCGGCG,0.4262682357379277
TCGGGA,-0.3973514733339946
TCGGGT,-0.2681748560629567
TCGGGC,-0.7569752220939179
TCGGGG,0.2748613840227194
TGAAAA,0.19299592452094322
TGAAAT,-0.15618039971994038
TGAAAC,-0.07165996434616853
TGAAAG,-0.0067810801301314005
TGAATA,-0.23689177259731026
TGAATT,-0.3039880924767358
TGAATC,-0.19095508325146796
TGAATG,-0.44579085548716435
TGAACA,-0.17723145112818534
TGAACT,-0.15062673592359524
TGAACC,0.2852216683196188
TGAACG,0.05394308248295233
TGAAGA,0.516239009624126
TGAAGT,0.09641191008181212
TGAAGC,0.28182768324633967
TGAAGG,0.21213134943506376
TGATAA,0.12802223036907523
TGATAT,0.161421196414562
TGATAC,0.20972487126926587
TGATAG,0.03824366900257269
TGATTA,-0.5267041126060362
TGATTT,0.04570019186189222
TGATTC,-0.22189482452449383
TGATTG,-0.298321786826441
TGATCA,-3.7088807898061997
TGATCT,-3.001252722085369
TGATCC,-2.013498525929366
TGATCG,-2.3835888771471327
TGATGA,0.5523128691871203
TGATGT,0.26643786564115496
TGATGC,0.3962590592004415
TGATGG,0.5184792361519183
TGACAA,-0.1348962564983896
TGACAT,-0.19441952599746395
TGACAC,-0.219709088865575
TGACAG,-0.23589830147465435
TGACTA,-0.47870738154965375
TGACTT,-0.24484789304515997
TGACTC,-0.27769937500339165
TGACTG,-0.350809952363564
TGACCA,0.020780750808568636
TGACCT,-0.10987087661514319
TGACCC,0.24979424853282098
TGACCG,-0.06936838782632467
TGACGA,0.3488776334787007
TGACGT,-0.06693948267510938
TGACGC,0.3884236422533127
TGACGG,0.13782631690740335
TGAGAA,-0.25937407548874125
TGAGAT,-0.40039041871012593
TGAGAC,-0.2757486235258289
TGAGAG,-0.2918266974218527
TGAGTA,-0.25443662831280445
TGAGTT,-0.25215381778480817
TGAGTC,-0.5287987287223412
TGAGTG,-0.32125587486328583
TGAGCA,-0.413914162594692
TGAGCT,-0.437015539690731
TGAGCC,-0.24274809997252297
TGAGCG,0.09156719352549043
TGAGGA,-0.13224155163920823
TGAGGT,-0.2756361262772423
TGAGGC,-0.25860486154358525
TGAGGG,-0.34566214410333035
TGTAAA,0.14617505680029044
TGTAAT,-0.08825085812540079
TGTAAC,0.09943457239027925
TGTAAG,0.00025018764203553137
TGTATA,0.17285107974773076
TGTATT,0.184711181781252
TGTATC,0.3724997943488299
TGTATG,-0.028666409278689138
TGTACA,0.045977667253163636
TGTACT,0.006904860816884211
TGTACC,0.3347755635777547
TGTACG,0.13259812144152416
TGTAGA,0.3406916521639213
TGTAGT,0.12878078986592478
TGTAGC,0.39715819496049953
TGTAGG,0.21238700421242693
TGTTAA,-0.35214674870787643
TGTTAT,-0.10466670630141281
TGTTAC,0.01148959438186808
TGTTAG,-0.32002376620610273
TGTTTA,-0.24696618435636938
TGTTTT,0.07169471283777715
TGTTTC,-0.08698021220583291
TGTTTG,-0.15514963751978234
TGTTCA,-0.2645616147988511
TGTTCT,-0.12191708283837316
TGTTCC,0.2653489236807702
TGTTCG,-0.2675222385077594
TGTTGA,0.2486512104015623
TGTTGT,0.22867575442754168
TGTTGC,0.4541966985478974
TGTTGG,0.5591253113458465
TGTCAA,-0.08257466192492754
TGTCAT,-0.21653394884044683
TGTCAC,-0.2591805623195663
TGTCAG,-0.33820138898163166
TGTCTA,-0.24849423073054647
TGTCTT,-0.16532748181981388
TGTCTC,-0.046731957375256934
TGTCTG,-0.2939256982856071
TGTCCA,-0.03223086551785611
TGTCCT,-0.34422684999939807
TGTCCC,-0.3875485515291636
TGTCCG,-0.439598114477623
TGTCGA,0.010681848346860354
TGTCGT,0.15342630456921655
TGTCGC,0.2961469171477288
TGTCGG,0.3553153244226929
TGTGAA,-0.3001379886799068
TGTGAT,-0.28843788431499695
TGTGAC,-0.3626746090152369
TGTGAG,-0.5833137647170588
TGTGTA,-0.027204325263377627
TGTGTT,-0.14517237449432505
TGTGTC,-0.21801291862616876
TGTGTG,-0.23890386993329604
TGTGCA,-0.044614792758951395
TGTGCT,-0.11561746733295031
TGTGCC,-0.32832937922593725
TGTGCG,0.01748531434101955
TGTGGA,0.24429524061040134
TGTGGT,0.07725601551236826
TGTGGC,-0.051343628691227994
TGTGGG,-0.11673849329475436
TGCAAA,0.17090895451650195
TGCAAT,0.0033652361131033207
TGCAAC,0.45575160653853414
TGCAAG,0.13689670435914877
TGCATA,-0.1432825273298711
TGCATT,-0.026432323557019525
TGCATC,0.5099495834121107
TGCATG,-0.28998846928718486
TGCACA,-0.039370942252940466
TGCACT,0.07070358184878217
TGCACC,0.7486107250731485
TGCACG,0.181872219558805
TGCAGA,0.19532401145908243
TGCAGT,0.12269472408212093
TGCAGC,0.4465542323214731
TGCAGG,0.4519391160597661
TGCTAA,-0.040289578730689106
TGCTAT,0.28276652399052504
TGCTAC,0.3902312899583646
TGCTAG,-0.166152964416579
TGCTTA,-0.4852799584194233
TGCTTT,0.10642265064880962
TGCTTC,0.4181656114520502
TGCTTG,-0.06672250363009422
TGCTCA,-0.3886579897917832
TGCTCT,0.12991544044976702
TGCTCC,0.9489615141637038
TGCTCG,-0.1663722553862766
TGCTGA,0.21198206553068066
TGCTGT,0.3858740986309947
TGCTGC,0.7745288401131171
TGCTGG,0.5929350301554136
TGCCAA,-0.030170877633363468
TGCCAT,0.168886205131294
TGCCAC,0.32001370023550774
TGCCAG,-0.22546501365557195
TGCCTA,-0.78232969929432
TGCCTT,-0.24297102981381033
TGCCTC,-0.07680541122374505
TGCCTG,-0.4560992705873158
TGCCCA,-0.1715863311762378
TGCCCT,-0.5112465877797846
TGCCCC,0.07474331861538916
TGCCCG,-0.5585570265871808
TGCCGA,-0.2856800697811079
TGCCGT,-0.3761507204393891
TGCCGC,0.1735466101748376
TGCCGG,-0.672093771362113
TGCGAA,-0.14478363747488943
TGCGAT,-0.03485347940106336
TGCGAC,0.2258066687336935
TGCGAG,-0.40546510810816444
TGCGTA,-0.08394949499851323
TGCGTT,0.2036538640925602
TGCGTC,0.3078146510831326
TGCGTG,-0.028573372444056
TGCGCA,-0.5017523275603158
TGCGCT,-0.1303045424544247
TGCGCC,0.3376669798935559
TGCGCG,-0.1915382118988787
TGCGGA,-0.4150805668076063
TGCGGT,-0.2754987816481379
TGCGGC,0.32158362412746233
TGCGGG,0.10101268272172284
TGGAAA,0.3161601725208155
TGGAAT,0.14324090456740532
TGGAAC,0.4512416449295182
TGGAAG,0.48813970081220837
TGGATA,0.26822050927896185
TGGATT,0.20461214065453984
TGGATC,-2.2180433911174644
TGGATG,0.4084822450196866
TGGACA,-0.005386700212625073
TGGACT,-0.24859779523306405
TGGACC,0.331816425085019
TGGACG,0.42674250655544926
TGGAGA,0.755236084616886
TGGAGT,0.5061648888041098
TGGAGC,0.9542469387301679
TGGAGG,0.9821571484928218
TGGTAA,0.09730129118639487
TGGTAT,0.45620319096721973
TGGTAC,0.387968240560456
TGGTAG,0.11601879359053037
TGGTTA,-0.5658812260503684
TGGTTT,-0.08582307058903588
TGGTTC,0.3590196108979865
TGGTTG,0.14398167631624653
TGGTCA,0.09561791945900787
TGGTCT,0.2638837428976939
TGGTCC,0.23698232241418013
TGGTCG,0.4067817639929112
TGGTGA,0.2602951371009557
TGGTGT,0.45681300105978623
TGGTGC,0.6882730848016999
TGGTGG,1.0515224108654848
TGGCAA,0.10860832624250526
TGGCAT,-0.03791132276792271
TGGCAC,-0.09661736953294632
TGGCAG,0.06509301473862229
TGGCTA,-0.2978862426260226
TGGCTT,-0.294345866486759
TGGCTC,0.0
TGGCTG,0.008141157583699866
TGGCCA,-0.7573007754061475
TGGCCT,-1.49829145970923
TGGCCC,-1.0326329804864225
TGGCCG,-0.656483196188354
TGGCGA,0.470979715218791
TGGCGT,0.2698706277221792
TGGCGC,0.16251892949777494
TGGCGG,0.563613128368043
TGGGAA,-0.02392432940050065
TGGGAT,-0.2295781363099575
TGGGAC,-0.13724072076902424
TGGGAG,0.20231475666271787
TGGGTA,-0.228954449862887
TGGGTT,-0.5055998720669758
TGGGTC,0.45527531512102515
TGGGTG,0.0819417238810635
TGGGCA,-0.2458468332910268
TGGGCT,-0.37177639031644066
TGGGCC,-1.06894578831964
TGGGCG,0.40068204466756485
TGGGGA,0.006688988150796489
TGGGGT,-0.2803019651541584
TGGGGC,-0.30240080471068825
TGGGGG,-0.006200830743843107
CAAAAA,-0.03974658058370631
CAAAAT,-0.02667382901579898
CAAAAC,0.10852132429491554
CAAAAG,0.31429726751508225
CAAATA,0.13968714286452633
CAAATT,-0.3057504105998354
CAAATC,-0.008356594590941418
CAAATG,0.22023268007331342
CAAACA,-0.1657357162927722
CAAACT,-0.12555732483462734
CAAACC,-0.20981619729803216
CAAACG,0.07518963802446288
CAAAGA,-0.042424234477077875
CAAAGT,-0.07602039130401556
CAAAGC,-0.1918865428167693
CAAAGG,-0.08823285290631071
CAATAA,-0.06458757801903509
CAATAT,0.04792261606983149
CAATAC,0.16525059347061563
CAATAG,0.2244974085419293
CAATTA,-0.25733491606248904
CAATTT,-0.24197952797929448
CAATTC,-0.24349460893822963
CAATTG,-0.23188286615214967
CAATCA,-0.3777880647295882
CAATCT,-0.2957676569865906
CAATCC,-0.3054785722554012
CAATCG,0.2657031657330057
CAATGA,-0.20458910545440778
CAATGT,-0.26406905249225343
CAATGC,-0.16715160520350725
CAATGG,0.045966185057537925
CAACAA,0.20464599072357958
CAACAT,0.1735679953902887
CAACAC,0.4620354595965588
CAACAG,0.6014614504530803
CAACTA,0.17472729363383274
CAACTT,0.14848110678127585
CAACTC,0.21219336138349915
CAACTG,0.5026904099382267
CAACCA,0.14397867837151412
CAACCT,-0.21552954908621405
CAACCC,-0.4601513328027239
CAACCG,0.11215863837164737
CAACGA,0.3074846997479607
CAACGT,0.19355763006088045
CAACGC,0.4847144797623051
CAACGG,0.3245436657559391
CAAGAA,0.02438632512941018
CAAGAT,-0.29453212912311155
CAAGAC,0.1618582092887368
CAAGAG,0.34140183020223014
CAAGTA,0.183583710537789
CAAGTT,-0.008844326804002638
CAAGTC,-0.13952432802213388
CAAGTG,0.41010271085491556
CAAGCA,-0.02532968439832559
CAAGCT,-0.050831141406690816
CAAGCC,-0.43080178383898543
CAAGCG,0.03224509941685599
CAAGGA,-0.1752363305688186
CAAGGT,-0.0007850320957919764
CAAGGC,-0.5550806327700315
CAAGGG,-0.40690292287779195
CATAAA,-0.1044168295060659
CATAAT,-0.22207613955435443
CATAAC,-0.07657835390173075
CATAAG,-0.12016063127103435
CATATA,0.18218892702974643
CATATT,0.009246990111740794
CATATC,0.30931264060077657
CATATG,0.11533312298430556
CATACA,0.0347562193785355
CATACT,0.028072490132289008
CATACC,0.38948683840628234
CATACG,0.1779381145461629
CATAGA,-0.2309023574891586
CATAGT,-0.1217811956801835
CATAGC,0.11307126909694126
CATAGG,-0.39338988591607243
CATTAA,-0.33758114372219206
CATTAT,-0.04040062335480214
CATTAC,-0.03761180003660497
CATTAG,-0.04641664101215302
CATTTA,0.013798375100070155
CATTTT,0.12638854554064505
CATTTC,0.08708252134664195
CATTTG,0.21212019502276586
CATTCA,-0.41192828123576203
CATTCT,-0.3017136032560387
CATTCC,0.14046123895873142
CATTCG,0.079519284473939
CATTGA,-0.435741782123894
CATTGT,-0.16227093126908143
CATTGC,-0.07441448556608338
CATTGG,-0.02809477056991683
CATCAA,0.43011973374037804
CATCAT,0.508353104213082
CATCAC,0.45701238687704093
CATCAG,0.39889647103881015
CATCTA,0.4754910689276777
CATCTT,0.41782841446388086
CATCTC,0.5324091954331652
CATCTG,0.6495967550333244
CATCCA,0.37898170062920994
CATCCT,0.08009998308235544
CATCCC,0.07221820781179912
CATCCG,-0.029675768146116666
CATCGA,-1.1819677534745563
CATCGT,-0.9595518545644414
CATCGC,-0.5589806656530378
CATCGG,-1.3648153294427663
CATGAA,-0.42983309806948816
CATGAT,-0.4721518577840252
CATGAC,-0.28774633773890834
CATGAG,-0.3059431727495648
CATGTA,-0.11554339306287863
CATGTT,-0.1804790220794985
CATGTC,-0.2936918960123585
CATGTG,0.037793655627910774
CATGCA,-0.33714713709901384
CATGCT,-0.39265061940801976
CATGCC,-0.3373573229749066
CATGCG,-0.4918226766403753
CATGGA,-0.04995426879639002
CATGGT,-0.15708074592231097
CATGGC,-0.37038396325530415
CATGGG,-0.3261757772124449
CACAAA,-0.13919713016020002
CACAAT,-0.2518900201718637
CACAAC,-0.03244877033170718
CACAAG,0.23602021853965627
CACATA,-0.09064500956758086
CACATT,-0.3532663635455722
CACATC,0.12676082103550412
CACATG,-0.09183573176305891
CACACA,-0.37570100620171054
CACACT,-0.24132587039740022
CACACC,0.11604152507816043
CACACG,0.007168489478612497
CACAGA,-0.29977384993037265
CACAGT,-0.2638531908545997
CACAGC,-0.2434666053720707
CACAGG,-0.10744788781874906
CACTAA,-0.3651810992289831
CACTAT,0.01954908070972602
CACTAC,0.1247372117987613
CACTAG,-0.13396307836401297
CACTTA,0.11816772502446656
CACTTT,0.0785689084046627
CACTTC,0.16605136733922377
CACTTG,0.3702639766238031
CACTCA,-0.22801356329581932
CACTCT,-0.06458622992315313
CACTCC,0.3234725231178652
CACTCG,-0.10097591734000222
CACTGA,-0.7206531867507306
CACTGT,-0.3216888166143405
CACTGC,-0.23519730884190243
CACTGG,-0.47303955669138925
CACCAA,0.39229284245246565
CACCAT,0.46119232154024914
CACCAC,0.7355505978576574
CACCAG,0.9039731381649762
CACCTA,0.4956967421696906
CACCTT,0.46929305785186365
CACCTC,0.7383350717411455
CACCTG,0.8243804420152862
CACCCA,0.10756628305601612
CACCCT,-0.0011587486812184293
CACCCC,0.17937136743075996
CACCCG,0.0765400771223342
CACCGA,-0.02836111762169787
CACCGT,-0.051129346522604244
CACCGC,0.6363307055162845
CACCGG,-0.6501297954762545
CACGAA,-0.02931298119802526
CACGAT,-0.1371234184169776
CACGAC,0.43473549040827764
CACGAG,0.4382991796977281
CACGTA,-0.06744128079553253
CACGTT,0.09537042258274007
CACGTC,0.1923718926474561
CACGTG,0.4922722158702429
CACGCA,-0.24713905687042553
CACGCT,-0.10496043563648651
CACGCC,-0.0616935690053399
CACGCG,0.0408219945202552
CACGGA,-0.35384074270285715
CACGGT,-0.14508717367391147
CACGGC,-0.10594857800938055
CACGGG,-0.3768545740668986
CAGAAA,0.03707921694431049
CAGAAT,-0.4285446050820603
CAGAAC,0.047265253816809336
CAGAAG,0.5845400219048286
CAGATA,0.24224574038078028
CAGATT,-0.3437949238045538
CAGATC,-2.3304198919874897
CAGATG,0.5945392703313899
CAGACA,-0.17436115410490613
CAGACT,-0.46671661000051845
CAGACC,-0.034191364748279426
CAGACG,0.26662866325394863
CAGAGA,-0.37240424584727627
CAGAGT,-0.2657478646062823
CAGAGC,-0.4005751228139725
CAGAGG,-0.08189076210859353
CAGTAA,-0.11829671230823319
CAGTAT,-0.030140326405030265
CAGTAC,0.06973860895414102
CAGTAG,0.42525019169858663
CAGTTA,-0.03759097393880867
CAGTTT,-0.10159517939343371
CAGTTC,-0.0008166599065559779
CAGTTG,0.5267443588034769
CAGTCA,-0.4378506128081526
CAGTCT,-0.5391639908930317
CAGTCC,-0.6282577206575862
CAGTCG,-0.048790164169431945
CAGTGA,-0.5270042023466618
CAGTGT,-0.43480222509752053
CAGTGC,-0.45089361917771414
CAGTGG,-0.2231435513142097
CAGCAA,0.24634431631818066
CAGCAT,0.1197850383270566
CAGCAC,0.41754703946234906
CAGCAG,1.0174879783634412
CAGCTA,0.4143800149835697
CAGCTT,0.09129558619042277
CAGCTC,0.28514292593310475
CAGCTG,0.40660211789523965
CAGCCA,-0.03019284035384248
CAGCCT,-0.34917081995834043
CAGCCC,-0.3887980556229526
CAGCCG,0.02985296314968113
CAGCGA,-0.08671721608149299
CAGCGT,-0.10873320013646555
CAGCGC,-0.09758032833886408
CAGCGG,-0.16507975035944858
CAGGAA,0.17374784877939434
CAGGAT,-0.16008718960629736
CAGGAC,-0.037740327982847086
CAGGAG,0.8808628691037396
CAGGTA,0.28388810905073975
CAGGTT,-0.2863514002660759
CAGGTC,0.2312066975405579
CAGGTG,0.7832702423981552
CAGGCA,-0.40820790997726997
CAGGCT,-0.6940769807199119
CAGGCC,-1.2178757094949273
CAGGCG,0.3050360871449325
CAGGGA,-0.401385551200879
CAGGGT,-0.2747530012529236
CAGGGC,-0.36254006339113043
CAGGGG,-0.23725405457404422
CTAAAA,0.010725880447167229
CTAAAT,-0.12390373868453851
CTAAAC,-0.30723805700871626
CTAAAG,0.14326699799845358
CTAATA,-0.20749764390003733
CTAATT,-0.419576780154162
CTAATC,-0.39820844998050303
CTAATG,-0.06273916765349219
CTAACA,-0.40811274776789874
CTAACT,-0.31660082806688417
CTAACC,-0.7511071910248748
CTAACG,-0.25842614404735426
CTAAGA,-0.4831361392507294
CTAAGT,-0.1812807934736434
CTAAGC,-0.5628625440342925
CTAAGG,-0.46456351137913254
CTATAA,0.1372807661133918
CTATAT,0.25138286518210995
CTATAC,0.26237570618054457
CTATAG,0.38042741010572967
CTATTA,-0.1158879740919699
CTATTT,0.09982033528221099
CTATTC,-0.25432293453054655
CTATTG,0.23912536223461725
CTATCA,0.05618797857380229
CTATCT,0.12671442767600744
CTATCC,-0.29414761221642277
CTATCG,0.18138741380215767
CTATGA,-0.19250777321423124
CTATGT,-0.19642228222475755
CTATGC,-0.3701564738860131
CTATGG,0.10716046471668271
CTACAA,0.24582513141460716
CTACAT,0.23952565985582383
CTACAC,0.4146153715037735
CTACAG,0.43260884477991846
CTACTA,0.19748176579972665
CTACTT,0.13385051532991
CTACTC,0.0713146742481092
CTACTG,0.4991526344042763
CTACCA,0.036030098127382684
CTACCT,0.025664794723414753
CTACCC,-0.2651632089164312
CTACCG,-0.04944226722481941
CTACGA,-0.10699183738991037
CTACGT,0.061466322100601156
CTACGC,-0.10056643369315191
CTACGG,0.09592012187873925
CTAGAA,-0.4150037960151305
CTAGAT,-0.5634067789808572
CTAGAC,-0.4273904687371301
CTAGAG,-0.12647311530442648
CTAGTA,-0.3549948329814038
CTAGTT,-0.46057563646372024
CTAGTC,-0.7887697139510671
CTAGTG,-0.18546409585601403
CTAGCA,-0.2810390518019692
CTAGCT,-0.268995038865688
CTAGCC,-0.6863609208755863
CTAGCG,-0.3067302674224755
CTAGGA,-0.5840072410595819
CTAGGT,-0.37967144172378864
CTAGGC,-1.1260957187491842
CTAGGG,-0.6841445137388876
CTTAAA,-0.29027403465519874
CTTAAT,-0.5556270307064313
CTTAAC,-0.5276955106751532
CTTAAG,-0.7644023119375333
CTTATA,-0.03896565569312108
CTTATT,-0.17879546005166636
CTTATC,0.0037287246355656124
CTTATG,-0.1682866456769015
CTTACA,0.01065214446485792
CTTACT,-0.17408150552812623
CTTACC,-0.18979216733649246
CTTACG,-0.2846004059143729
CTTAGA,-0.2915127541819085
CTTAGT,-0.4577076724667666
CTTAGC,-0.3539158737797892
CTTAGG,-0.5843568889007157
CTTTAA,-0.13697005053515512
CTTTAT,0.0998598307062325
CTTTAC,0.11202657214879017
CTTTAG,0.12701588739772915
CTTTTA,0.22889588864852675
CTTTTT,0.2883943365444224
CTTTTC,0.265444400043892
CTTTTG,0.2814631935323533
CTTTCA,0.02673393517868062
CTTTCT,0.13022560449002307
CTTTCC,0.04401469962681343
CTTTCG,0.1119179162039854
CTTTGA,-0.145505693167334
CTTTGT,0.015294415778151554
CTTTGC,-0.0391304237757652
CTTTGG,-0.058005293526987654
CTTCAA,0.265807435583473
CTTCAT,0.3788124118421829
CTTCAC,0.36530257374566094
CTTCAG,0.030310883544952767
CTTCTA,0.41380765975614237
CTTCTT,0.5864265513150552
CTTCTC,0.48828945874357765
CTTCTG,0.594533396826043
CTTCCA,0.4701175958536428
CTTCCT,0.2734458471897379
CTTCCC,-0.013979499772939096
CTTCCG,0.010842885924707706
CTTCGA,-0.34591799414966795
CTTCGT,0.5195745859592262
CTTCGC,0.33954145799512253
CTTCGG,0.30980800722490476
CTTGAA,-0.05185085257459085
CTTGAT,-0.1247299693858868
CTTGAC,0.032665025618286374
CTTGAG,-0.4072949347852405
CTTGTA,0.18539322418129042
CTTGTT,-0.016114941392406587
CTTGTC,-0.0735269828485967
CTTGTG,0.221199334744259
CTTGCA,0.08957950509533977
CTTGCT,0.0408219945202552
CTTGCC,-0.19206311003925408
CTTGCG,-0.12024912815157693
CTTGGA,0.09643607878355476
CTTGGT,-0.03863000775683359
CTTGGC,-0.4279379639602229
CTTGGG,-0.19015705231790328
CTCAAA,-0.16422033488442983
CTCAAT,-0.44242148471715864
CTCAAC,-0.08308209884974029
CTCAAG,-0.31122817766900046
CTCATA,-0.14596269954462576
CTCATT,-0.2814968132179878
CTCATC,0.2903101948580504
CTCATG,-0.08825928362426762
CTCACA,-0.6183789996196787
CTCACT,-0.363807125704286
CTCACC,-0.11299794278703763
CTCACG,-0.06026805201411881
CTCAGA,-0.9340719049917156
CTCAGT,-0.8258575291493342
CTCAGC,-0.41580111743882653
CTCAGG,-0.5731994814343169
CTCTAA,-0.13386779010325123
CTCTAT,0.14809906896946792
CTCTAC,0.25287568145960304
CTCTAG,-0.19340333726970202
CTCTTA,-0.05418683134158644
CTCTTT,0.30202024330513083
CTCTTC,0.3484766259634716
CTCTTG,0.34289350273572305
CTCTCA,-0.2655326341416151
CTCTCT,0.1245297069469232
CTCTCC,0.4115274027837103
CTCTCG,0.1234810567710212
CTCTGA,-0.6104969094793279
CTCTGT,-0.14018261124485512
CTCTGC,0.06880590317753514
CTCTGG,-0.011982714182648022
CTCCAA,0.6503024543803242
CTCCAT,0.7472014669766112
CTCCAC,1.062831551387272
CTCCAG,0.7811159535059023
CTCCTA,0.5578776087228917
CTCCTT,0.46033876165379856
CTCCTC,0.7621400520468967
CTCCTG,0.9414770560636332
CTCCCA,0.2430906977232937
CTCCCT,0.0
CTCCCC,0.47803580094299974
CTCCCG,0.3879274874428368
CTCCGA,-0.24998020526776946
CTCCGT,-0.006006024060211922
CTCCGC,0.5413802920879633
CTCCGG,-0.21645456316341322
CTCGAA,-0.506052345013333
CTCGAT,-0.3035135376684617
CTCGAC,0.14099557970521084
CTCGAG,-0.6814511407967541
CTCGTA,-0.049979932305020645
CTCGTT,0.12596862024282288
CTCGTC,0.36890751237436675
CTCGTG,0.1489317639514666
CTCGCA,-0.41891590583228755
CTCGCT,0.03294415571935406
CTCGCC,0.39243560781783055
CTCGCG,0.47000362924573563
CTCGGA,-0.8296429251484829
CTCGGT,-0.6300890445928083
CTCGGC,-0.21842656143607084
CTCGGG,-0.42819335918572043
CTGAAA,-0.1050503446809053
CTGAAT,-0.49849426502565347
CTGAAC,0.002898086072830895
CTGAAG,0.022662493509247254
CTGATA,0.03583050920060118
CTGATT,-0.35860829647975995
CTGATC,-2.794839331174601
CTGATG,0.4927808966645801
CTGACA,-0.37428638985971346
CTGACT,-0.5605279726809878
CTGACC,-0.017661298854836423
CTGACG,0.29898162770571424
CTGAGA,-0.7311305041943659
CTGAGT,-0.6907431632811022
CTGAGC,-0.7382059971165191
CTGAGG,-0.6934062143653051
CTGTAA,0.19494002075316613
CTGTAT,0.1698389553420948
CTGTAC,0.24957163341231534
CTGTAG,0.4697051663275372
CTGTTA,-0.056567302703259006
CTGTTT,-0.015020161631197314
CTGTTC,-0.023134575401656855
CTGTTG,0.718315052266872
CTGTCA,-0.15974444196249699
CTGTCT,-0.25024119521546423
CTGTCC,-0.3197703870032814
CTGTCG,0.31203110146206736
CTGTGA,-0.533128252364255
CTGTGT,-0.24338969660231402
CTGTGC,-0.14281434427031453
CTGTGG,-0.015342230101891912
CTGCAA,0.3837326878955009
CTGCAT,0.349120381386192
CTGCAC,0.58931724741085
CTGCAG,-0.39109516782521164
CTGCTA,0.4484485277347217
CTGCTT,0.16095569641407725
CTGCTC,0.4620354595965586
CTGCTG,1.0314375995002167
CTGCCA,0.23681811233438294
CTGCCT,-0.2789677421410217
CTGCCC,-0.042887276087653005
CTGCCG,-0.17067998177846894
CTGCGA,0.12720225757287512
CTGCGT,-0.061800400905446716
CTGCGC,0.18156712446846937
CTGCGG,0.01342302033214077
CTGGAA,0.22666928712460807
CTGGAT,0.1745738700031288
CTGGAC,0.10102681440070797
CTGGAG,0.7759406957078214
CTGGTA,0.4416921151928078
CTGGTT,-0.007080139711225113
CTGGTC,0.38135897140112096
CTGGTG,0.9431836533953594
CTGGCA,-0.2500001109150021
CTGGCT,-0.4336996205707617
CTGGCC,-0.9948844264341687
CTGGCG,0.3151389186848202
CTGGGA,-0.3748303013906242
CTGGGT,-0.1644071799944474
CTGGGC,-0.40656642980538443
CTGGGG,-0.11104201972273901
CCAAAA,0.00465872233855244
CCAAAT,0.013873346487617058
CCAAAC,-0.0862477267043325
CCAAAG,-0.14726409951210578
CCAATA,0.08912736242928312
CCAATT,-0.16701323971738216
CCAATC,-0.21106425598941453
CCAATG,-0.12979865219483872
CCAACA,0.4724108959733909
CCAACT,0.4070695140634086
CCAACC,0.07451055765266194
CCAACG,0.37391675037323846
CCAAGA,-0.1578755124425922
CCAAGT,0.21748973308482894
CCAAGC,-0.09003709790616675
CCAAGG,-0.39238352621067507
CCATAA,0.047641964681665004
CCATAT,0.33078850350013633
CCATAC,0.4204552191155466
CCATAG,0.045916249041998126
CCATTA,0.02732323272283061
CCATTT,0.33664264517613474
CCATTC,0.007701179722154251
CCATTG,0.014070060147662121
CCATCA,0.6087185009431545
CCATCT,0.656642183185091
CCATCC,0.40038994593611743
CCATCG,-0.9920563156055096
CCATGA,-0.27878182298151677
CCATGT,0.00614441257234099
CCATGC,-0.14065493246277835
CCATGG,-0.32589601780371014
CCACAA,0.11812813911241168
CCACAT,0.20601218088248507
CCACAC,-0.041536025253912125
CCACAG,-0.03325385995428737
CCACTA,0.0823644298278406
CCACTT,0.33983271542020066
CCACTC,0.08746602578127581
CCACTG,-0.2102742101944864
CCACCA,1.028190271299038
CCACCT,0.8155635751743952
CCACCC,0.37066118591347236
CCACCG,0.5081410583953219
CCACGA,0.3162926064930467
CCACGT,0.20442450221296332
CCACGC,0.5234840206379142
CCACGG,0.1288910130680205
CCAGAA,0.28728089182915517
CCAGAT,0.14584296177419181
CCAGAC,-0.2609646841130679
CCAGAG,-0.09930113893953525
CCAGTA,0.22599499322341984
CCAGTT,0.3166319750175941
CCAGTC,-0.2520086317103818
CCAGTG,-0.38077249551779285
CCAGCA,0.5257456122539708
CCAGCT,0.4674464464344306
CCAGCC,0.04657040743111904
CCAGCG,0.07904320734045288
CCAGGA,0.17922956772917883
CCAGGT,0.079519284473939
CCAGGC,-0.8722584617236517
CCAGGG,-0.252233545992669
CCTAAA,-0.1337081711313355
CCTAAT,-0.3914156317347064
CCTAAC,-0.6841431805059911
CCTAAG,-0.5305178818771348
CCTATA,0.08002223286267175
CCTATT,-0.09358319148868458
CCTATC,-0.33620567657698497
CCTATG,-0.3757599536942487
CCTACA,0.19963939152599314
CCTACT,0.10268211344441955
CCTACC,-0.33347911855308104
CCTACG,-0.020834086902841914
CCTAGA,-0.46326803299910435
CCTAGT,-0.4771356003830071
CCTAGC,-0.7210374345417777
CCTAGG,-1.2237754316221157
CCTTAA,-0.6713407419199622
CCTTAT,-0.2706261481324827
CCTTAC,-0.3917575522783009
CCTTAG,-0.5006662782650275
CCTTTA,-0.03204254691378917
CCTTTT,0.21314680028549862
CCTTTC,-0.10206812316873755
CCTTTG,-0.11889488510177981
CCTTCA,0.22775885753119257
CCTTCT,0.4825840229405711
CCTTCC,-0.0223611801581573
CCTTCG,0.4536054834360994
CCTTGA,-0.3503829052636554
CCTTGT,0.005423652424715558
CCTTGC,-0.40448061381255135
CCTTGG,-0.3762324431542631
CCTCAA,-0.25210894614969526
CCTCAT,-0.04618938246937458
CCTCAC,-0.3483066942682157
CCTCAG,-0.8156329457432349
CCTCTA,0.08507044656506
CCTCTT,0.3324326100472455
CCTCTC,0.20947337051749737
CCTCTG,-0.12896214596893224
CCTCCA,0.9823637016786144
CCTCCT,1.016080202482526
CCTCCC,0.6067259481728664
CCTCCG,0.11166968485109112
CCTCGA,-0.12018977568694836
CCTCGT,0.08408311721054144
CCTCGC,-0.3541718137206139
CCTCGG,-0.5900988046604985
CCTGAA,-0.22007969945074915
CCTGAT,-0.271358703617892
CCTGAC,-0.5137283834239521
CCTGAG,-0.6113171623123131
CCTGTA,0.40588536447072704
CCTGTT,0.2865897730531719
CCTGTC,-0.1336807838555352
CCTGTG,-0.06333587517181076
CCTGCA,0.4853560822255338
CCTGCT,0.6236477074093711
CCTGCC,0.2104467205198027
CCTGCG,0.3376669798935559
CCTGGA,-0.009702775461385194
CCTGGT,0.1610852374959264
CCTGGC,-0.6522166732079413
CCTGGG,-0.2298740970430368
CCCAAA,-0.26882329306924924
CCCAAT,-0.31593056687312937
CCCAAC,0.16000557599124118
CCCAAG,-0.1340962048394814
CCCATA,0.14341810252658327
CCCATT,0.04211261364962717
CCCATC,0.26044391272741846
CCCATG,-0.21890924717542143
CCCACA,-0.12203577596625392
CCCACT,-0.23873564607404602
CCCACC,0.41551544396166595
CCCACG,0.26747936513426146
CCCAGA,-0.20719144516258783
CCCAGT,-0.33473562258129563
CCCAGC,-0.023583350136085694
CCCAGG,-0.5641169208162143
CCCTAA,-0.6486997802200437
CCCTAT,-0.43496447835744995
CCCTAC,-0.2654612009780242
CCCTAG,-0.6872053924311943
CCCTTA,-0.42761304510066406
CCCTTT,-0.06952244699935706
CCCTTC,0.03695121404340048
CCCTTG,-0.3833067671195256
CCCTCA,-0.359235764800406
CCCTCT,-0.029846263408626162
CCCTCC,0.6931471805599453
CCCTCG,-0.6270073780554003
CCCTGA,-0.749967500803547
CCCTGT,-0.13600437063087933
CCCTGC,0.04486928942619547
CCCTGG,-0.48626415011751595
CCCCAA,-0.15257463537179264
CCCCAT,0.07537655100144047
CCCCAC,-0.085522173438162
CCCCAG,-0.09082921636928887
CCCCTA,-0.3014343798803397
CCCCTT,0.1092530857733377
CCCCTC,0.1251941511866943
CCCCTG,-0.11343130729898608
CCCCCA,-0.1142440171786914
CCCCCT,0.4611176073063298
CCCCCC,0.033546122491203804
CCCCCG,-0.535142931416697
CCCCGA,-0.05406722127027582
CCCCGT,0.01342302033214077
CCCCGC,-0.7375989431307791
CCCCGG,0.21425460389696366
CCCGAA,-0.006839303650241493
CCCGAT,-0.6315030174487387
CCCGAC,-0.30010459245033816
CCCGAG,-0.9273405680607401
CCCGTA,-0.2612154992636177
CCCGTT,-0.22483226547854357
CCCGTC,0.42758291336178333
CCCGTG,-0.8034952377288108
CCCGCA,0.1503841970317814
CCCGCT,-0.25337947805967564
CCCGCC,-0.39709685843764786
CCCGCG,1.2552660987134865
CCCGGA,-0.4076848648464773
CCCGGT,-0.31458952537170537
CCCGGC,0.10109611687136881
CCCGGG,0.21072103131565253
CCGAAA,-0.3889859841094888
CCGAAT,-0.5891980977405267
CCGAAC,-0.16301061188086718
CCGAAG,0.35774161070653476
CCGATA,-0.16339354690843585
CCGATT,-0.13112737534567948
CCGATC,-2.756205242989257
CCGATG,-1.5260563034950494
CCGACA,0.3136575588550416
CCGACT,-0.1529076715876614
CCGACC,0.30731804696863985
CCGACG,-0.24946085963158313
CCGAGA,-1.1213405397456657
CCGAGT,-0.45643155170019195
CCGAGC,-0.5827233629455723
CCGAGG,-0.9062403960206536
CCGTAA,-0.16453612436073842
CCGTAT,-0.0553270639565963
CCGTAC,-0.22160390512861697
CCGTAG,0.14004607364571625
CCGTTA,-0.42763140356542484
CCGTTT,-0.03179677408199907
CCGTTC,0.004118056608917326
CCGTTG,0.008788506033079338
CCGTCA,0.2735973325700418
CCGTCT,0.019705071079332337
CCGTCC,0.1651963072684914
CCGTCG,1.0033021088637848
CCGTGA,-0.7079026461258645
CCGTGT,-0.1511386293572666
CCGTGC,-0.519360526215828
CCGTGG,-0.1823215567939546
CCGCAA,-0.1387503085003144
CCGCAT,-0.5179430915348547
CCGCAC,0.5232481437645479
CCGCAG,0.026343975339601852
CCGCTA,-0.2505298068204882
CCGCTT,-0.17022114985986722
CCGCTC,-0.36320529881828173
CCGCTG,-0.3524725779676542
CCGCCA,0.15161153330858193
CCGCCT,0.4768563237077761
CCGCCC,0.7774542870199391
CCGCCG,1.5248805244060373
CCGCGA,0.49247648509779424
CCGCGT,1.4588650539547259
CCGCGC,-0.8614824953791599
CCGCGG,1.4240346891027378
CCGGAA,-0.8127803555044902
CCGGAT,-0.4342145213941503
CCGGAC,-1.1046546031240725
CCGGAG,-0.3212047644904245
CCGGTA,-0.9636368524713534
CCGGTT,-0.19953368567507604
CCGGTC,-0.3336110043401807
CCGGTG,0.24613306953890854
CCGGCA,-0.587786664902119
CCGGCT,-0.32512996001727845
CCGGCC,-1.3912819026309298
CCGGCG,-0.4219944100593748
CCGGGA,0.07257069283483537
CCGGGT,-0.5399960010657705
CCGGGC,-0.16833531481921477
CCGGGG,0.15168458733206475
CGAAAA,-0.02369251249701208
CGAAAT,-0.19360150285902147
CGAAAC,-0.28643129055012834
CGAAAG,0.2475460274268115
CGAATA,-0.1296596598189625
CGAATT,-0.38277982527708065
CGAATC,-0.20972053098206914
CGAATG,-0.1715803149625419
CGAACA,-0.1430013362024102
CGAACT,-0.35874971319262267
CGAACC,0.2652407379791006
CGAACG,0.16251892949777494
CGAAGA,0.3016992698661678
CGAAGT,0.2737872841329646
CGAAGC,0.3645181213997582
CGAAGG,0.3504829736908112
CGATAA,0.09819533996672383
CGATAT,0.2011758735481664
CGATAC,0.18550844772247363
CGATAG,0.030723582899335054
CGATTA,-0.04062685353027111
CGATTT,0.2368467276866066
CGATTC,0.1257693872890334
CGATTG,0.10806103039650182
CGATCA,-2.1730457216390606
CGATCT,-3.4061849231731944
CGATCC,-2.4222710787965154
CGATCG,-2.8507065015037334
CGATGA,-0.8583034742238057
CGATGT,-0.9380522236556678
CGATGC,-1.3400010771490458
CGATGG,-0.7196228545439733
CGACAA,0.2099730881244646
CGACAT,-0.03300629646816997
CGACAC,0.2134253018452883
CGACAG,0.32910811410607776
CGACTA,-0.11490664278681698
CGACTT,0.01073153478992481
CGACTC,0.1006099128992285
CGACTG,-0.12055696253910872
CGACCA,0.2151113796169455
CGACCT,0.35271454272263547
CGACCC,0.3406318190981567
CGACCG,0.32158362412746233
CGACGA,0.7361645656436362
CGACGT,0.7953381214564925
CGACGC,0.1786917887433761
CGACGG,0.7741162430936124
CGAGAA,-0.027656341323752096
CGAGAT,-0.08464747406028478
CGAGAC,-0.6563679290566489
CGAGAG,0.0970320915513444
CGAGTA,-0.12537320492305906
CGAGTT,0.05566456755818398
CGAGTC,0.021978906718775167
CGAGTG,0.20132450391956996
CGAGCA,-0.12516314295400605
CGAGCT,-0.28897993116738085
CGAGCC,0.2965260972482338
CGAGCG,1.3054422644907957
CGAGGA,0.046792161506758884
CGAGGT,-0.18809191325529118
CGAGGC,-1.100990411073077
CGAGGG,-0.1534535727931024
CGTAAA,0.023163408587263595
CGTAAT,-0.3044140996096691
CGTAAC,0.08496650949413848
CGTAAG,-0.1134446340577853
CGTATA,0.244853282320797
CGTATT,0.21547662677866106
CGTATC,0.36805486760149486
CGTATG,0.15215267716458517
CGTACA,-0.10716217039133928
CGTACT,0.10536051565782635
CGTACC,0.07873404054250405
CGTACG,0.6394430015880842
CGTAGA,0.013541566950737398
CGTAGT,0.09844007281325251
CGTAGC,0.24561640716626829
CGTAGG,0.28637573653772547
CGTTAA,-0.4607978519708152
CGTTAT,0.034879633823631837
CGTTAC,0.05470691423947492
CGTTAG,-0.18694050265024909
CGTTTA,-0.0019305025300579615
CGTTTT,0.418721912349227
CGTTTC,0.187334098617499
CGTTTG,0.18993339183358465
CGTTCA,0.1433054472219497
CGTTCT,0.19586913339455056
CGTTCC,0.30710015830888254
CGTTCG,0.801221402089368
CGTTGA,0.055210731972354765
CGTTGT,0.13440820109805712
CGTTGC,0.4067817639929112
CGTTGG,0.47535123557233094
CGTCAA,0.19206584826863277
CGTCAT,0.11364873651792848
CGTCAC,0.20438127485868696
CGTCAG,0.19816062082370065
CGTCTA,0.2925423493340337
CGTCTT,0.26625367496793834
CGTCTC,0.3056197731384483
CGTCTG,0.3810140122440001
CGTCCA,-0.030098031157279527
CGTCCT,0.21731942302822105
CGTCCC,0.22017178092505224
CGTCCG,0.7444404749474958
CGTCGA,0.7176882894760628
CGTCGT,0.8700778887190236
CGTCGC,1.3616017485295193
CGTCGG,0.579818495252942
CGTGAA,-0.14603905161253142
CGTGAT,-0.265013272639068
CGTGAC,-0.3232270098711923
CGTGAG,0.11477551459242825
CGTGTA,0.008995562908577783
CGTGTT,-0.04710011813593321
CGTGTC,0.09156719352549043
CGTGTG,-0.1257512053055604
CGTGCA,0.10673319946979852
CGTGCT,-0.05354076692802992
CGTGCC,0.2806149052286885
CGTGCG,0.20252426411147392
CGTGGA,0.4328272098197348
CGTGGT,0.19358474907266546
CGTGGC,-0.32786386208461277
CGTGGG,0.2665731092415458
CGCAAA,-0.16333910588166448
CGCAAT,-0.47979802683802314
CGCAAC,0.19819150170072017
CGCAAG,-0.07717634956628519
CGCATA,-0.43209158322348656
CGCATT,-0.08876198054082457
CGCATC,0.22314355131420976
CGCATG,-0.3352399505749479
CGCACA,-0.0953101798043249
CGCACT,0.02830377616285194
CGCACC,0.7600414153899755
CGCACG,0.7386095546367027
CGCAGA,-0.16290347093685306
CGCAGT,-0.30655055675616366
CGCAGC,0.2754119798599666
CGCAGG,0.13197416417591626
CGCTAA,-0.4868256284037774
CGCTAT,-0.059470553598328105
CGCTAC,0.5046717581916124
CGCTAG,-0.28192227336714765
CGCTTA,-0.20210751061513174
CGCTTT,0.16806821924967136
CGCTTC,0.20777552108589578
CGCTTG,0.03491626510622788
CGCTCA,-0.07763016126815253
CGCTCT,0.08781620600691677
CGCTCC,0.744440474947496
CGCTCG,0.8580218237501793
CGCTGA,0.17561840945136445
CGCTGT,0.12633599164438128
CGCTGC,0.024748169689194174
CGCTGG,0.26799411747956153
CGCCAA,0.19168859914632358
CGCCAT,0.3146077529244746
CGCCAC,0.4605934982796573
CGCCAG,0.424696470036052
CGCCTA,-0.02858745685191262
CGCCTT,0.5225427474537444
CGCCTC,0.8177717480330454
CGCCTG,0.3402474697967844
CGCCCA,0.1823215567939546
CGCCCT,0.17435338714477774
CGCCCC,0.404114669010293
CGCCCG,1.7272209480904839
CGCCGA,0.8244831826210323
CGCCGT,0.958850346292951
CGCCGC,1.570217199280819
CGCCGG,0.14310084364067324
CGCGAA,0.3761687386197336
CGCGAT,-0.4187103348581851
CGCGAC,-0.916290731874155
CGCGAG,0.8131064956389242
CGCGTA,-0.07109592168373022
CGCGTT,0.3172825422280717
CGCGTC,0.4567584024957149
CGCGTG,0.9282669229208708
CGCGCA,-0.4201712554978597
CGCGCT,-0.3829922522561057
CGCGCC,0.1376213778760479
CGCGCG,-0.8754687373538999
CGCGGA,0.9082585601768908
CGCGGT,0.7852624694677508
CGCGGC,0.5108256237659907
CGCGGG,0.7899970065498629
CGGAAA,-0.2588415835899692
CGGAAT,-0.31943604946864496
CGGAAC,-0.26368964570855963
CGGAAG,-0.048288785367251896
CGGATA,0.06987292082651005
CGGATT,-0.12596205647416933
CGGATC,-1.8120647353888004
CGGATG,-0.20407398859385897
CGGACA,-0.33249608824157345
CGGACT,-0.7134524467206909
CGGACC,-0.37006318105724834
CGGACG,0.6723130936571033
CGGAGA,0.0042194155427082896
CGGAGT,-0.06030660623099102
CGGAGC,0.47179627986025546
CGGAGG,0.6034644776213489
CGGTAA,-0.3319979562262919
CGGTAT,-0.27313229143704965
CGGTAC,-0.10702579497688754
CGGTAG,-0.11587645738580178
CGGTTA,-0.7781227565535064
CGGTTT,-0.3690616787201589
CGGTTC,0.0013166558847466812
CGGTTG,0.06136894637629202
CGGTCA,-0.11385375751649397
CGGTCT,-0.11718225462299321
CGGTCC,0.42411622473426497
CGGTCG,1.3447453582070181
CGGTGA,0.1156301822952824
CGGTGT,-0.36155192101823636
CGGTGC,0.525818408352132
CGGTGG,0.6268245376288728
CGGCAA,-0.17950861541734
CGGCAT,-0.3823135959694542
CGGCAC,-0.2682639865946794
CGGCAG,-0.09531017980432477
CGGCTA,-0.15252598410025642
CGGCTT,-0.4834266495778762
CGGCTC,0.4862543630354853
CGGCTG,0.5039996586955908
CGGCCA,-0.5727164119811209
CGGCCT,-1.0847917330494774
CGGCCC,-1.766441661243765
CGGCCG,1.3758230612525952
CGGCGA,0.6694306539426292
CGGCGT,0.7621400520468967
CGGCGC,0.4744579795951159
CGGCGG,1.791759469228055
CGGGAA,-0.34763419928658323
CGGGAT,-0.681859220786094
CGGGAC,0.3242396681855784
CGGGAG,0.37548427589622857
CGGGTA,-0.3364722366212129
CGGGTT,-0.7442023513602295
CGGGTC,0.49482528241954954
CGGGTG,0.1272792013654726
CGGGCA,-0.8574502318512216
CGGGCT,-0.5996211225491218
CGGGCC,-0.5108256237659907
CGGGCG,1.404643499788087
CGGGGA,0.45100712855508046
CGGGGT,-0.5399960010657705
CGGGGC,0.17912666589743545
CGGGGG,0.24286805666198832
GAAAAA,0.3750635685005986
GAAAAT,0.24819828636599137
GAAAAC,-0.06926009635826948
GAAAAG,0.27517944199884836
GAAATA,0.17254747612306712
GAAATT,-0.1706906147315855
GAAATC,-0.27118549247828955
GAAATG,0.10387930820316048
GAAACA,-0.0228146777661714
GAAACT,0.030821783303601653
GAAACC,-0.47432595767928615
GAAACG,-0.050489399922391695
GAAAGA,0.22633162307126883
GAAAGT,0.12964979171197472
GAAAGC,-0.21608107666262724
GAAAGG,-0.11815004439813416
GAATAA,-0.2471858638930324
GAATAT,0.05454676440565075
GAATAC,0.0004046125889712775
GAATAG,-0.20736236925456764
GAATTA,-0.09528413101494085
GAATTT,-0.06092715697347702
GAATTC,-2.7767467323884447
GAATTG,-0.22302046681654678
GAATCA,-0.2271991282560287
GAATCT,-0.15489018439292287
GAATCC,-0.24859136996720524
GAATCG,0.022878782384931205
GAATGA,-0.38495521827279666
GAATGT,-0.20526312603636135
GAATGC,-0.5793465890509287
GAATGG,0.04444582857467312
GAACAA,-0.0023681838747766056
GAACAT,-0.1432386463762757
GAACAC,-0.17099059643958886
GAACAG,-0.03321072039325994
GAACTA,-0.11193555428813709
GAACTT,0.15431172338989002
GAACTC,-0.19639904249275045
GAACTG,-0.00477327875265766
GAACCA,0.3320669431532966
GAACCT,0.1600738551020946
GAACCC,-0.32241282569934143
GAACCG,-0.21838649171475047
GAACGA,0.14289183538408637
GAACGT,0.1178606784220579
GAACGC,0.23431685191233487
GAACGG,-0.26373694827946326
GAAGAA,0.7709544471047279
GAAGAT,0.47653655028735853
GAAGAC,0.05958514641037668
GAAGAG,0.39559036018840593
GAAGTA,0.41821776677903977
GAAGTT,0.3479473398427148
GAAGTC,-0.28149861063358667
GAAGTG,0.17469226054799913
GAAGCA,0.4423464949052886
GAAGCT,0.5084651438299749
GAAGCC,-0.3396654272003678
GAAGCG,0.2533573299107064
GAAGGA,0.3534631407851875
GAAGGT,0.5837794373980251
GAAGGC,-0.20753414038713364
GAAGGG,-0.22970732837439242
GATAAA,0.23259148058632517
GATAAT,0.03704629510205286
GATAAC,-0.23582871084152554
GATAAG,0.049187805609489536
GATATA,0.4613897428285352
GATATT,0.1369425195229458
GATATC,-0.4037299550582614
GATATG,0.2574748134613698
GATACA,0.3911460879951264
GATACT,0.2414447156966142
GATACC,-0.011872204653984347
GATACG,0.3617640134462037
GATAGA,0.1831859977548151
GATAGT,0.051187966554573215
GATAGC,-0.11667666319569885
GATAGG,-0.39077859580047053
GATTAA,-0.5733150786955513
GATTAT,-0.11270143544394398
GATTAC,-0.34817020344701166
GATTAG,-0.4573037083349115
GATTTA,0.22246768240704484
GATTTT,0.10070666664034882
GATTTC,-0.2594447480947815
GATTTG,-0.037641369170837484
GATTCA,-0.21647121664607316
GATTCT,-0.13762721670680242
GATTCC,-0.3470636860286188
GATTCG,-0.34759032520518995
GATTGA,-0.4177783683415214
GATTGT,-0.13906925746439827
GATTGC,-0.3231777802205425
GATTGG,-0.20656765925939424
GATCAA,-2.9572446249765387
GATCAT,-3.2819228496624975
GATCAC,-2.3300760698503025
GATCAG,-2.6117534236593394
GATCTA,-3.04121007961044
GATCTT,-2.9606471829591996
GATCTC,-3.229697063499784
GATCTG,-2.6214255965018536
GATCCA,-2.302162468489622
GATCCT,-2.659611826899283
GATCCC,-2.66374994220563
GATCCG,-1.2004884802433253
GATCGA,-2.624668592163159
GATCGT,-1.9013965416531415
GATCGC,-3.5263605246161616
GATCGG,-1.961374374752895
GATGAA,0.6371336039529729
GATGAT,0.35331359623602754
GATGAC,-0.02955880224154439
GATGAG,0.2429607135997429
GATGTA,0.43701148838805515
GATGTT,0.24131989755591035
GATGTC,-0.17233675657137998
GATGTG,0.03652470401099652
GATGCA,0.438327992960851
GATGCT,0.44229737153192655
GATGCC,-0.12073128823806355
GATGCG,0.3366492434364374
GATGGA,0.7337421345524913
GATGGT,0.5681979642299233
GATGGC,-0.08127272012873625
GATGGG,0.07585114516921462
GACAAA,-0.06319103121409875
GACAAT,-0.22859022965608777
GACAAC,-0.12234465179845086
GACAAG,0.052558516760979564
GACATA,-0.07602418212948564
GACATT,-0.27617207801831967
GACATC,-0.17680514685030005
GACATG,-0.17519174530177103
GACACA,-0.19654286951703065
GACACT,-0.17004204716389293
GACACC,-0.11967250244430425
GACACG,0.240657133806918
GACAGA,-0.32992613228077144
GACAGT,-0.1461211087445193
GACAGC,-0.22389093550445535
GACAGG,-0.09279173990512926
GACTAA,-0.7547972681985969
GACTAT,-0.21225494997625338
GACTAC,-0.31323011708747345
GACTAG,-0.7940830281786271
GACTTA,-0.07083367245804785
GACTTT,-0.2030980593978348
GACTTC,-0.298404200950688
GACTTG,-0.15063292755883367
GACTCA,-0.4884959706113684
GACTCT,-0.2906858553307372
GACTCC,-0.351964413236984
GACTCG,-0.42996863116407813
GACTGA,-0.7698799744707319
GACTGT,-0.3450527068455282
GACTGC,-0.3163287245444134
GACTGG,-0.12412454151046325
GACCAA,0.08247622182423842
GACCAT,0.14382052701106698
GACCAC,0.27415392025072893
GACCAG,0.24944264486122542
GACCTA,0.0731508816356152
GACCTT,-0.04559194132233895
GACCTC,-0.08421807908401711
GACCTG,0.3605529674838787
GACCCA,0.49311398910378484
GACCCT,-0.02096254317971352
GACCCC,-0.4822825845322523
GACCCG,0.6007738604289301
GACCGA,-0.5481214085096877
GACCGT,0.10858632490670905
GACCGC,0.03593200922606337
GACCGG,-0.44118319071024364
GACGAA,0.6594182435655711
GACGAT,0.1313867081432924
GACGAC,0.0038535693159899723
GACGAG,0.5773153650348236
GACGTA,0.3249778571954777
GACGTT,0.1961444651627753
GACGTC,-0.11460338273900374
GACGTG,0.4105412611400251
GACGCA,0.2637938572770853
GACGCT,-0.023107575010149605
GACGCC,0.5533852381847867
GACGCG,-0.082238098236972
GACGGA,0.06988612746416649
GACGGT,-0.022166295457260378
GACGGC,-0.6219196712715775
GACGGG,0.46081520319132935
GAGAAA,0.2207705591533137
GAGAAT,-0.05453305316587647
GAGAAC,-0.04836866785128446
GAGAAG,0.5165849024995639
GAGATA,0.3377727208735711
GAGATT,-0.1796975720818723
GAGATC,-3.425402070358973
GAGATG,0.37520471556655993
GAGACA,-0.04069633217481142
GAGACT,-0.321684254657261
GAGACC,-0.6155558038177621
GAGACG,0.3539314579929815
GAGAGA,0.05630933715977244
GAGAGT,0.05636983786436419
GAGAGC,-0.17713571976158918
GAGAGG,0.13793146741688678
GAGTAA,-0.12350792079874642
GAGTAT,0.16341330394251044
GAGTAC,0.06806473091412929
GAGTAG,0.13615991549942058
GAGTTA,0.02523396249470885
GAGTTT,0.029555736642319464
GAGTTC,-0.19757844080778672
GAGTTG,0.19177161650241276
GAGTCA,-0.35960753289711717
GAGTCT,-0.3417955621716092
GAGTCC,-0.653043318925131
GAGTCG,-0.37006318105724834
GAGTGA,-0.04439240482166225
GAGTGT,0.05138579704706791
GAGTGC,-0.08475118856485103
GAGTGG,0.15712444574841963
GAGCAA,0.24324116593509726
GAGCAT,-0.021805671551603137
GAGCAC,-0.13471095417890774
GAGCAG,0.5075143624623347
GAGCTA,0.13710163634912806
GAGCTT,0.05239038720192357
GAGCTC,-0.4619354545962253
GAGCTG,0.35778297729309416
GAGCCA,0.07842648784320329
GAGCCT,-0.3773973717738115
GAGCCC,-0.8065918146177307
GAGCCG,0.3518440166690668
GAGCGA,0.534008959221648
GAGCGT,0.5220827782906252
GAGCGC,-0.08327634024060124
GAGCGG,-0.11332868530700312
GAGGAA,0.4490656016727549
GAGGAT,0.16176345225207187
GAGGAC,0.0405939183418231
GAGGAG,0.6942481991132292
GAGGTA,0.2703829051889686
GAGGTT,-0.0032733253449691376
GAGGTC,-0.022388994893478724
GAGGTG,0.6869166308093092
GAGGCA,0.10273721929509391
GAGGCT,-0.17868121786298008
GAGGCC,-1.2401118509418092
GAGGCG,0.9480394301887355
GAGGGA,0.2365360445968382
GAGGGT,-0.08838174562236076
GAGGGC,-0.6785056305669971
GAGGGG,0.13194534946888783
GTAAAA,0.15355049748970717
GTAAAT,0.09541478778600918
GTAAAC,-0.16479000074753264
GTAAAG,0.082379730333018
GTAATA,-0.03138231998980813
GTAATT,-0.24622682037603824
GTAATC,-0.2857445368813289
GTAATG,-0.06936317328714653
GTAACA,-0.01598410283518758
GTAACT,-0.025853378826333782
GTAACC,-0.3936087261657528
GTAACG,0.2178545325624189
GTAAGA,-0.07408242512803297
GTAAGT,0.15139282705690751
GTAAGC,-0.4165400904568176
GTAAGG,-0.1800514082594155
GTATAA,0.11919433951890268
GTATAT,0.30464485000582814
GTATAC,0.24391898060656397
GTATAG,0.31406423742642686
GTATTA,-0.022427989791263137
GTATTT,0.3116522165603445
GTATTC,-0.08203907112765206
GTATTG,0.19069503570113347
GTATCA,0.22853700371230504
GTATCT,0.3545752436415556
GTATCC,0.14567223091489154
GTATCG,0.3133198731246828
GTATGA,-0.019487592245925126
GTATGT,0.09782134295747713
GTATGC,-0.0833739313663923
GTATGG,0.3151389186848202
GTACAA,0.12374476258539721
GTACAT,0.05124834955732201
GTACAC,0.04189094170916013
GTACAG,0.19511269311025636
GTACTA,-0.06615171136533292
GTACTT,0.20397662252085916
GTACTC,-0.0836414359699476
GTACTG,0.11522447411241846
GTACCA,0.343376875634101
GTACCT,0.14892976465322016
GTACCC,-0.43498294437194757
GTACCG,0.3018165833866856
GTACGA,0.06712893804888871
GTACGT,0.041528458696582275
GTACGC,0.39657616069091844
GTACGG,0.2345722471378325
GTAGAA,0.24869843848405776
GTAGAT,0.2380049902641209
GTAGAC,-0.09136785703058983
GTAGAG,0.2742838586288694
GTAGTA,0.2383049282775335
GTAGTT,0.11867808492293037
GTAGTC,-0.4126056772342342
GTAGTG,0.13228157272429486
GTAGCA,0.44740907268913144
GTAGCT,0.3048084031563133
GTAGCC,-0.11472176656317633
GTAGCG,0.8162798659635694
GTAGGA,0.17989437113634335
GTAGGT,0.36691976888715705
GTAGGC,-0.5068834373202517
GTAGGG,-0.11747434604133765
GTTAAA,-0.18089488862911793
GTTAAT,-0.4863912683428152
GTTAAC,-0.7289111084342388
GTTAAG,-0.4521302774247723
GTTATA,0.031810144134747746
GTTATT,-0.18057317932970743
GTTATC,-0.25744743083017096
GTTATG,-0.14685814395513563
GTTACA,0.08081835373104583
GTTACT,-0.049392755329576474
GTTACC,-0.4009858173041184
GTTACG,-0.06403436181254898
GTTAGA,-0.1649623279875889
GTTAGT,-0.4863013016822821
GTTAGC,-0.45239727572450966
GTTAGG,-0.5919092096561378
GTTTAA,-0.27160478651746356
GTTTAT,-0.09671397026848462
GTTTAC,-0.2256191170498674
GTTTAG,-0.2521405332432115
GTTTTA,0.10681259722952775
GTTTTT,0.11583961629349736
GTTTTC,-0.09503340150197666
GTTTTG,0.06462746788682837
GTTTCA,-0.12238459156928182
GTTTCT,0.02279478406484796
GTTTCC,-0.13521139655651077
GTTTCG,-0.3783084029436793
GTTTGA,-0.19215066617534562
GTTTGT,-0.17964212935359372
GTTTGC,-0.20221580532800135
GTTTGG,-0.049005611762638464
GTTCAA,-0.11179970809107723
GTTCAT,0.013558767962421656
GTTCAC,-0.1939687602115856
GTTCAG,-0.13060892785193112
GTTCTA,-0.16463620839241458
GTTCTT,0.0980303446913918
GTTCTC,-0.13788464853941396
GTTCTG,0.041015212567421765
GTTCCA,0.4300290525060546
GTTCCT,0.21571266532534628
GTTCCC,-0.18605607140416683
GTTCCG,-0.40971139898961545
GTTCGA,0.16667982315693963
GTTCGT,0.27986953271498727
GTTCGC,-0.06311705679019365
GTTCGG,-0.14107859825990549
GTTGAA,0.22655535946854635
GTTGAT,0.1692956523389243
GTTGAC,-0.014554400503210413
GTTGAG,-0.08929464797103291
GTTGTA,0.30694280183407036
GTTGTT,0.0945396434104214
GTTGTC,-0.15002964590694237
GTTGTG,-0.020619287202735703
GTTGCA,0.459200286889395
GTTGCT,0.4215349241649435
GTTGCC,0.026788757011464534
GTTGCG,0.3172408746933253
GTTGGA,0.6092092615782406
GTTGGT,0.5846146675164353
GTTGGC,0.06384132833552837
GTTGGG,0.13138487194503065
GTCAAA,-0.08306327212377138
GTCAAT,-0.16235329357857584
GTCAAC,-0.07401056481237825
GTCAAG,-0.09206395069162635
GTCATA,-0.17355768160608395
GTCATT,-0.26074351856975775
GTCATC,-0.0002074473609763145
GTCATG,-0.32273680511245423
GTCACA,-0.33372120324932303
GTCACT,-0.38713386156832647
GTCACC,-0.1155700011500171
GTCACG,-0.6348116035469819
GTCAGA,-0.4049687070058886
GTCAGT,-0.4275077639105681
GTCAGC,-0.021616522224865556
GTCAGG,-0.46499108742219136
GTCTAA,-0.31967659363001394
GTCTAT,-0.04995447808352766
GTCTAC,0.05881055676540416
GTCTAG,-0.5356891506826855
GTCTTA,-0.2610584672302997
GTCTTT,0.03863408818534391
GTCTTC,0.05749947796330945
GTCTTG,0.13139786525683553
GTCTCA,-0.3352838823518343
GTCTCT,-0.15804852043774825
GTCTCC,0.17291142582787639
GTCTCG,-0.7519876805828788
GTCTGA,-0.6349866256986696
GTCTGT,-0.13269410915517052
GTCTGC,-0.18452177770355702
GTCTGG,-0.19947583706487276
GTCCAA,-0.10810418861557511
GTCCAT,-0.06286107695213072
GTCCAC,-0.008922341416347556
GTCCAG,0.04769487380801724
GTCCTA,-0.4400621603386971
GTCCTT,-0.5199486675145463
GTCCTC,-0.13654937491471214
GTCCTG,0.014698239156829659
GTCCCA,-0.1294986508289461
GTCCCT,-0.52918545756416
GTCCCC,-0.6390048813963198
GTCCCG,-0.048790164169432056
GTCCGA,-0.368685856604868
GTCCGT,-0.18924199963852842
GTCCGC,0.03822121282019767
GTCCGG,-0.8356228288067002
GTCGAA,0.03218958892073215
GTCGAT,-0.020478531343540676
GTCGAC,-0.06961283430904044
GTCGAG,0.30390490795866826
GTCGTA,0.3940550413701334
GTCGTT,0.180360291149342
GTCGTC,0.3485448178554822
GTCGTG,0.5351942147829484
GTCGCA,0.2508219387363544
GTCGCT,0.1827340129763331
GTCGCC,0.5395357296484221
GTCGCG,0.37106368139083196
GTCGGA,0.23541364390602415
GTCGGT,0.12534580803808307
GTCGGC,0.08162052835475327
GTCGGG,0.40455643017194626
GTGAAA,-0.03205030213313134
GTGAAT,-0.2959808752664761
GTGAAC,-0.20778321632369795
GTGAAG,0.3963453293122149
GTGATA,0.13248399274812991
GTGATT,-0.29140321059699126
GTGATC,-2.3257833092913636
GTGATG,0.4665091585959619
GTGACA,-0.22209036532955112
GTGACT,-0.4243335924125471
GTGACC,-0.2125852144337815
GTGACG,0.25587024481676673
GTGAGA,-0.27431692416456505
GTGAGT,-0.30236959908119015
GTGAGC,-0.5189407549849816
GTGAGG,-0.06824910053410681
GTGTAA,0.06790544206269986
GTGTAT,0.16278001474359022
GTGTAC,-0.011414201284440123
GTGTAG,0.41161546195953325
GTGTTA,-0.08170452774854621
GTGTTT,-0.04681537117126428
GTGTTC,-0.28044163793914334
GTGTTG,0.37837632823711853
GTGTCA,-0.2025716359437608
GTGTCT,-0.13956954218216508
GTGTCC,-0.4229047423935203
GTGTCG,0.4768563237077761
GTGTGA,-0.3751174008592423
GTGTGT,0.005750447128437718
GTGTGC,-0.3436794750261622
GTGTGG,-0.16652081226261095
GTGCAA,0.1543674350031368
GTGCAT,-0.028077814754540388
GTGCAC,-0.1134184156673308
GTGCAG,0.601812461872473
GTGCTA,0.23379573207193238
GTGCTT,-0.012422519998557209
GTGCTC,-0.20835585115983032
GTGCTG,0.42539932300898164
GTGCCA,-0.05023212548633336
GTGCCT,-0.32094026368853945
GTGCCC,-0.5640808477321421
GTGCCG,-0.081003784153087
GTGCGA,0.02765153133050995
GTGCGT,0.5221069682300306
GTGCGC,-0.5596157879354228
GTGCGG,0.39304258810960735
GTGGAA,0.4659560179342133
GTGGAT,0.3310471641593937
GTGGAC,0.25183594067864506
GTGGAG,1.0099356323594186
GTGGTA,0.4660070233333763
GTGGTT,0.015797031795961747
GTGGTC,0.23436701368405932
GTGGTG,0.7018990597188365
GTGGCA,0.16700467876903313
GTGGCT,-0.023134575401656855
GTGGCC,-0.9759562882698519
GTGGCG,0.7392648626549109
GTGGGA,-0.04704841723239215
GTGGGT,-0.04233436382656065
GTGGGC,-0.3449229911389361
GTGGGG,0.08755589102431954
GCAAAA,0.10491537877088558
GCAAAT,0.10276510648354005
GCAAAC,-0.1856859887793093
GCAAAG,0.036102537215235334
GCAATA,0.14799956536398493
GCAATT,-0.20389951471348694
GCAATC,-0.3139896013440867
GCAATG,-0.021010600062356246
GCAACA,0.3889188709257451
GCAACT,0.42157820104967525
GCAACC,-0.2058040038473657
GCAACG,0.688839923362365
GCAAGA,0.08367247572411504
GCAAGT,0.35233065255567086
GCAAGC,-0.3813490086430988
GCAAGG,-0.27274049245358195
GCATAA,-0.4423364519316795
GCATAT,0.0619980429137281
GCATAC,-0.04789802386581341
GCATAG,-0.3117895080094064
GCATTA,-0.06502305013641989
GCATTT,0.12686104013543054
GCATTC,-0.45529853165812606
GCATTG,-0.2610255761818947
GCATCA,0.43884776890143945
GCATCT,0.5678964412498917
GCATCC,-0.02857796022084232
GCATCG,-1.6690536221084549
GCATGA,-0.49086019252029267
GCATGT,0.042479840975333055
GCATGC,-1.2142324932635513
GCATGG,-0.07276494148326863
GCACAA,0.0796351168890356
GCACAT,-0.16118785533223878
GCACAC,-0.2136872160721743
GCACAG,-0.1885157831941209
GCACTA,-0.09099309085158588
GCACTT,0.35420783742421463
GCACTC,-0.13994233382509316
GCACTG,-0.6365768290715511
GCACCA,0.5701490092244537
GCACCT,0.7068564584849787
GCACCC,-0.036813973122716434
GCACCG,0.19716806491094918
GCACGA,0.22036962443148442
GCACGT,0.280134866816398
GCACGC,-0.2970133998806652
GCACGG,-0.5334254556832316
GCAGAA,0.21157445573271638
GCAGAT,0.28846362778660106
GCAGAC,-0.03190737713068103
GCAGAG,-0.047817874350492874
GCAGTA,0.2960129745470845
GCAGTT,0.3819893060177054
GCAGTC,-0.39123388818021515
GCAGTG,-0.13001560409201798
GCAGCA,0.7122902851293182
GCAGCT,0.46378999359309453
GCAGCC,-0.2927871296806825
GCAGCG,0.11486177478196652
GCAGGA,0.5920732960388704
GCAGGT,0.7372306383807461
GCAGGC,-0.706278970749241
GCAGGG,0.03408796233891091
GCTAAA,0.016355672877180573
GCTAAT,-0.2286683542224279
GCTAAC,-0.4861830099256609
GCTAAG,-0.3210235917554
GCTATA,0.3533929487658763
GCTATT,0.10864305084443233
GCTATC,-0.05812375970946728
GCTATG,0.1266379141051113
GCTACA,0.4123553289722894
GCTACT,0.3818042327406371
GCTACC,-0.09959849249510122
GCTACG,0.16124097405228288
GCTAGA,0.048001612049344576
GCTAGT,-0.2937078370554505
GCTAGC,-0.9261746109214709
GCTAGG,-0.8119398074176811
GCTTAA,-0.7412589186517958
GCTTAT,-0.22421838331135627
GCTTAC,-0.3181580480885861
GCTTAG,-0.6728059467028282
GCTTTA,0.07498487289214202
GCTTTT,0.18571260055747918
GCTTTC,-0.1609893760475995
GCTTTG,-0.2161062245936336
GCTTCA,0.18354554715484322
GCTTCT,0.5426155209682068
GCTTCC,0.053802705992976194
GCTTCG,0.19294381145057726
GCTTGA,-0.2981661377604736
GCTTGT,0.15892947726757206
GCTTGC,-0.5455640344797723
GCTTGG,-0.19578473696224863
GCTCAA,-0.17322499744854838
GCTCAT,-0.33044850805762926
GCTCAC,-0.5186430888711402
GCTCAG,-0.6114408558000087
GCTCTA,-0.004939471521124514
GCTCTT,0.22980876150360877
GCTCTC,-0.15318496270729942
GCTCTG,-0.19953368567507604
GCTCCA,0.8461146908341074
GCTCCT,0.7427518965701575
GCTCCC,0.16718910727965955
GCTCCG,0.312430242140975
GCTCGA,-0.865551300696554
GCTCGT,0.3743745210381333
GCTCGC,-0.137201121513485
GCTCGG,-0.3530015385724235
GCTGAA,0.19608314930275983
GCTGAT,0.23598069807489058
GCTGAC,0.033775710110046334
GCTGAG,-0.3731786308077812
GCTGTA,0.4156916398919957
GCTGTT,0.3588397398051178
GCTGTC,-0.09745533615071303
GCTGTG,-0.08655001596645198
GCTGCA,0.38235536751071286
GCTGCT,0.7353079913842232
GCTGCC,-0.026699206355240084
GCTGCG,0.30722666852475117
GCTGGA,0.5872975758925565
GCTGGT,0.7539128560475358
GCTGGC,-0.5174701664846592
GCTGGG,0.01910017137341943
GCCAAA,-0.22434174327717746
GCCAAT,-0.2712907977841826
GCCAAC,0.03697900324108743
GCCAAG,-0.5360509905029301
GCCATA,0.015088508709291695
GCCATT,-0.02434411981806955
GCCATC,0.04245850729571303
GCCATG,-0.3396872035873612
GCCACA,0.038264359973571124
GCCACT,-0.001789442767984732
GCCACC,0.2161845809899064
GCCACG,-0.07522342123758752
GCCAGA,-0.21296202490624014
GCCAGT,-0.242144049278724
GCCAGC,-0.460701236583422
GCCAGG,-0.43581226449745625
GCCTAA,-1.1249082365386216
GCCTAT,-0.6870646461702848
GCCTAC,-0.642176727176006
GCCTAG,-1.2293968566660944
GCCTTA,-0.5221268374620995
GCCTTT,-0.20440110257083322
GCCTTC,-0.26692619375301946
GCCTTG,-0.6413595707891212
GCCTCA,-0.3218695611033671
GCCTCT,-0.13916617232476938
GCCTCC,0.19958601262550238
GCCTCG,-0.832909122935104
GCCTGA,-0.8280090486560658
GCCTGT,-0.30146421196637757
GCCTGC,-0.6708575923708208
GCCTGG,-0.6029220889672198
GCCCAA,-0.38299225225610584
GCCCAT,-0.3102698642271889
GCCCAC,-0.3921828436352187
GCCCAG,-0.457210277785826
GCCCTA,-0.7713829191280741
GCCCTT,-0.3884995739498676
GCCCTC,-0.505014378618256
GCCCTG,-0.2682639865946794
GCCCCA,-0.11993943910505571
GCCCCT,-0.048336546561290765
GCCCCC,-0.4940185054496094
GCCCCG,0.07346715188187254
GCCCGA,-0.7884573603642702
GCCCGT,-0.5357303029460658
GCCCGC,-1.0347084866886296
GCCCGG,0.3829922522561057
GCCGAA,-0.17824823140631876
GCCGAT,-0.3596392959027473
GCCGAC,0.2586502397711195
GCCGAG,-0.43705947352638147
GCCGTA,0.35792886259832607
GCCGTT,-0.25098757748538314
GCCGTC,-0.4274440148269398
GCCGTG,-0.47284051058093524
GCCGCA,0.14310084364067344
GCCGCT,0.004008021397538868
GCCGCC,-0.01886848430438269
GCCGCG,1.2909841813155658
GCCGGA,-0.32378707709389715
GCCGGT,-0.7318616927406357
GCCGGC,-1.547562508716013
GCCGGG,-0.21605969642580475
GCGAAA,0.18830959863857732
GCGAAT,-0.19148192619261895
GCGAAC,0.09156719352549043
GCGAAG,0.5672669346709425
GCGATA,0.335134841370233
GCGATT,0.20138205953269697
GCGATC,-2.865053949911875
GCGATG,-0.5770913757853712
GCGACA,0.38220824594389724
GCGACT,0.0
GCGACC,0.2859741301066248
GCGACG,0.8602012652231116
GCGAGA,0.27315397188887114
GCGAGT,0.09884583463663264
GCGAGC,0.014742281737203431
GCGAGG,-0.10660973505825826
GCGTAA,-0.10510570612657118
GCGTAT,0.2559333741372007
GCGTAC,-0.24752475060471676
GCGTAG,0.371563556432483
GCGTTA,0.18026759285646912
GCGTTT,0.25739702979274914
GCGTTC,0.38648744992243245
GCGTTG,0.4589722621557352
GCGTCA,0.25417566056193835
GCGTCT,0.18596454807245566
GCGTCC,-0.04108002574346452
GCGTCG,0.05129329438755048
GCGTGA,-0.08264287460355924
GCGTGT,-0.300860164832336
GCGTGC,-0.10536051565782628
GCGTGG,0.6443570163905132
GCGCAA,-0.16416530075727517
GCGCAT,-0.4881568239532778
GCGCAC,0.03593200922606337
GCGCAG,-0.3255907364336788
GCGCTA,-0.3326037598432927
GCGCTT,-0.10584583476465859
GCGCTC,0.06982378138103897
GCGCTG,0.2960503221222974
GCGCCA,0.4220301249828596
GCGCCT,0.11347415043199605
GCGCCC,-0.09051400754083186
GCGCCG,1.2552660987134865
GCGCGA,0.7444404749474958
GCGCGT,-0.7227059828014898
GCGCGC,-0.6418538861723948
GCGCGG,-0.6763400622435641
GCGGAA,-0.1823215567939547
GCGGAT,0.016260520871780326
GCGGAC,0.26192957634936626
GCGGAG,0.6186583285692061
GCGGTA,0.12405264866997882
GCGGTT,-0.5924056107584135
GCGGTC,0.12660562427156238
GCGGTG,0.5248118657407306
GCGGCA,-0.44682029379007826
GCGGCT,0.3640279182439911
GCGGCC,0.17733401528291545
GCGGCG,1.952911344514297
GCGGGA,-0.11208206141815315
GCGGGT,-0.013072081567352775
GCGGGC,-0.8649974374866046
GCGGGG,0.0721032939013439
GGAAAA,0.2833706185152766
GGAAAT,0.1009026194040542
GGAAAC,-0.29734597001125834
GGAAAG,0.005633817718256064
GGAATA,0.17207755548429213
GGAATT,-0.10336677933843888
GGAATC,-0.40068145036673153
GGAATG,0.021349277288341347
GGAACA,0.2940551888130799
GGAACT,0.36178509938616993
GGAACC,-0.6958462375291103
GGAACG,0.06988612746416649
GGAAGA,0.47044264293537963
GGAAGT,0.4432238149272808
GGAAGC,0.09972669793957033
GGAAGG,-0.15069644495917087
GGATAA,-0.1404725835455023
GGATAT,0.29831562244231297
GGATAC,0.18691038262193424
GGATAG,-0.2876820724517809
GGATTA,-0.08221374650048915
GGATTT,0.2723239384895613
GGATTC,-0.3163988353418779
GGATTG,-0.1891972158323451
GGATCA,-2.2756046540560333
GGATCT,-2.746602956178422
GGATCC,-2.8210655541177574
GGATCG,-2.4435885004572695
GGATGA,0.13435213240688731
GGATGT,0.2509898056518582
GGATGC,-0.08430426008861938
GGATGG,0.3175479580859393
GGACAA,-0.048866108729939364
GGACAT,-0.13200996557084077
GGACAC,-0.3879415718506933
GGACAG,-0.22583052113503507
GGACTA,-0.48005862926746434
GGACTT,-0.10584176629778572
GGACTC,-0.8671004876833833
GGACTG,-0.628781804605042
GGACCA,0.2385956558731314
GGACCT,0.0736494573169024
GGACCC,-0.7078818403168821
GGACCG,-0.042819997182928185
GGACGA,0.41658869332682674
GGACGT,0.599491260851647
GGACGC,-0.022329476398088657
GGACGG,0.2696635669491026
GGAGAA,0.6814997943107637
GGAGAT,0.597320605185147
GGAGAC,0.0618012719859655
GGAGAG,0.4160087433221585
GGAGTA,0.4989911661189878
GGAGTT,0.37210924609097007
GGAGTC,-0.3889420134623317
GGAGTG,0.45416559020049946
GGAGCA,0.9473434552157403
GGAGCT,0.8175883018219346
GGAGCC,-0.3589998255128845
GGAGCG,0.6556565716444467
GGAGGA,1.1709290132476118
GGAGGT,0.9000007788948866
GGAGGC,0.10127530425705644
GGAGGG,0.6589797572986729
GGTAAA,0.12741258463222638
GGTAAT,-0.19079292050869537
GGTAAC,-0.3447961590681578
GGTAAG,-0.14132878266436977
GGTATA,0.472580444466907
GGTATT,0.1366749792231515
GGTATC,-0.04196419909903208
GGTATG,0.3806881037712556
GGTACA,0.32115916589485327
GGTACT,0.2629676636343355
GGTACC,-0.5856141678495186
GGTACG,0.05207914904488948
GGTAGA,0.1511154584903276
GGTAGT,0.04168627007849194
GGTAGC,-0.057080710743441176
GGTAGG,-0.3753540241654203
GGTTAA,-0.7253094539428243
GGTTAT,-0.35927304197198834
GGTTAC,-0.4558697842385397
GGTTAG,-0.7597257925486006
GGTTTA,-0.226566258591712
GGTTTT,-0.0730114689352951
GGTTTC,-0.47377484678881493
GGTTTG,-0.2991728597185358
GGTTCA,0.2536341900195524
GGTTCT,0.1869493915786445
GGTTCC,-0.7267153433343889
GGTTCG,0.6698105003807097
GGTTGA,-0.1761239706350345
GGTTGT,-0.0020046782523780106
GGTTGC,-0.07955675966040997
GGTTGG,0.0879849621655561
GGTCAA,0.14664620710405862
GGTCAT,-0.03145870781779214
GGTCAC,-0.14072765949511756
GGTCAG,-0.031258158311474375
GGTCTA,0.15647846306756638
GGTCTT,0.41279681972267246
GGTCTC,-0.2642854946453849
GGTCTG,-0.04689736484324569
GGTCCA,0.24024371653146306
GGTCCT,-0.04072198951992178
GGTCCC,-0.4847749465660481
GGTCCG,-0.16362942378180204
GGTCGA,0.5260930958967791
GGTCGT,0.8107477511122736
GGTCGC,0.4248831939652659
GGTCGG,0.15537093623248768
GGTGAA,0.4074472693121556
GGTGAT,0.23143845762776818
GGTGAC,-0.15828956823737297
GGTGAG,0.15987272525450152
GGTGTA,0.6281880748035629
GGTGTT,0.45013754815975693
GGTGTC,-0.025161545775986914
GGTGTG,-0.04679481931053606
GGTGCA,0.7228442560263864
GGTGCT,0.6528045635955637
GGTGCC,-0.4382549309311553
GGTGCG,0.822708165514208
GGTGGA,1.1825798541980335
GGTGGT,0.8477787452245543
GGTGGC,0.10253365865167346
GGTGGG,0.34418710502052696
GGCAAA,-0.051633213161958624
GGCAAT,-0.22244765706204853
GGCAAC,-0.024945766467087457
GGCAAG,-0.18485128240309345
GGCATA,-0.2231435513142097
GGCATT,-0.256575365319526
GGCATC,0.0
GGCATG,-0.3080203981030829
GGCACA,-0.36953309888210106
GGCACT,-0.16074542794863042
GGCACC,-0.4289421424479615
GGCACG,-0.034531983542375806
GGCAGA,-0.11936907881201826
GGCAGT,-0.04684769064120841
GGCAGC,-0.26179849358959867
GGCAGG,-0.1813109452880312
GGCTAA,-0.6359165880054682
GGCTAT,-0.22765611501239724
GGCTAC,-0.16019963970668394
GGCTAG,-0.7745267868283232
GGCTTA,-0.4058993243546742
GGCTTT,-0.2733637312602611
GGCTTC,-0.47479980150922857
GGCTTG,-0.5283632444313181
GGCTCA,-0.2567784007613465
GGCTCT,-0.07918079787444116
GGCTCC,-0.45312084220698445
GGCTCG,-0.4289956055183584
GGCTGA,-0.320413875490009
GGCTGT,0.002376709377846542
GGCTGC,-0.3364722366212129
GGCTGG,0.02009299202858383
GGCCAA,-0.984540711451476
GGCCAT,-0.8103022727106086
GGCCAC,-0.9866943724641243
GGCCAG,-0.8918857491472248
GGCCTA,-1.6059836775660128
GGCCTT,-1.3631656958662535
GGCCTC,-1.8712102857922723
GGCCTG,-1.1794643852972047
GGCCCA,-1.2186915365848434
GGCCCT,-1.090244038997593
GGCCCC,-1.6632574250085344
GGCCCG,-1.4586150226995167
GGCCGA,-0.8241754429663495
GGCCGT,-0.14994014729091476
GGCCGC,-0.29080219978802446
GGCCGG,-0.6241543090729939
GGCGAA,0.5798184952529422
GGCGAT,0.3143922227793547
GGCGAC,0.6104554647148319
GGCGAG,0.3612204063104071
GGCGTA,0.6229429218866969
GGCGTT,0.4284893371053549
GGCGTC,0.017291497110061043
GGCGTG,0.05715841383994862
GGCGCA,0.20935022918187396
GGCGCT,0.38566248081198473
GGCGCC,-0.5978370007556204
GGCGCG,-0.0953101798043249
GGCGGA,0.9596270453611232
GGCGGT,0.6148153372900383
GGCGGC,0.6931471805599453
GGCGGG,-0.5792029212107275
GGGAAA,-0.06046490717292448
GGGAAT,-0.21010766272783551
GGGAAC,-0.25374352142358414
GGGAAG,0.11931593861723122
GGGATA,-0.029879090010521647
GGGATT,-0.13293439748225191
GGGATC,-2.8500640344080717
GGGATG,-0.015357655654319758
GGGACA,-0.16538304106591326
GGGACT,-0.32190002976212223
GGGACC,-0.3336110043401807
GGGACG,0.2595111954850846
GGGAGA,0.1178686557600361
GGGAGT,0.04995231228985628
GGGAGC,0.11862101552944412
GGGAGG,0.39896454350507105
GGGTAA,-0.5611184178199576
GGGTAT,-0.12054353716739344
GGGTAC,-0.5009871747657028
GGGTAG,-0.26026688542147375
GGGTTA,-0.527576434190806
GGGTTT,-0.5427167170052237
GGGTTC,-0.3300802888700945
GGGTTG,-0.25489224962879004
GGGTCA,0.19865253130591395
GGGTCT,0.3686511349854482
GGGTCC,-0.9266076988450874
GGGTCG,0.5315058290035294
GGGTGA,-0.01663931900396467
GGGTGT,-0.010410736017838575
GGGTGC,-0.05741090721333916
GGGTGG,0.14690951857069878
GGGCAA,-0.29962347625149793
GGGCAT,-0.458789533372863
GGGCAC,-0.5900064216404319
GGGCAG,-0.2546422183735807
GGGCTA,-0.34937564145712074
GGGCTT,-0.24217909731695456
GGGCTC,-1.0130428729953813
GGGCTG,-0.16006308619301188
GGGCCA,-0.7311787686609393
GGGCCT,-1.2494240672298533
GGGCCC,-2.851861903134289
GGGCCG,-0.9028677115420143
GGGCGA,0.37498209138308863
GGGCGT,0.23500608662402983
GGGCGC,-0.13976194237515874
GGGCGG,0.5788790870110063
GGGGAA,0.07761657510051152
GGGGAT,0.10949325522170204
GGGGAC,-0.3364722366212129
GGGGAG,0.4506695584693904
GGGGTA,-0.22997729089277472
GGGGTT,-0.24017883151915065
GGGGTC,-0.5588829187197701
GGGGTG,0.2736190727244703
GGGGCA,-0.22617692067753842
GGGGCT,-0.09722222627595042
GGGGCC,-1.5778325730187692
GGGGCG,0.5057878297360335
GGGGGA,0.5985456343036398
GGGGGT,0.09653433302955432
GGGGGC,-0.42931632393034425
GGGGGG,-0.05644131090495185
