Item,x,y,color
AAAAAA,-0.39938006833306444,0.12360610817682306,6-mer
AAAAAT,-0.03311675760590172,0.2399591370421666,6-mer
AAAAAC,0.09282684062045098,0.1630274623455778,6-mer
AAAAAG,-0.03128436085832113,0.46749188145645465,6-mer
AAAATA,0.044281632902438424,0.3941317629344998,6-mer
AAAATT,-0.15486365977675973,-0.20897886894037707,Inverted repeat
AAAATC,0.4093874808827938,0.15919650489706524,6-mer
AAAATG,-0.06914335569377936,0.18517215500080447,6-mer
AAAACA,-0.03289113473668055,0.09656730019193585,6-mer
AAAACT,0.17571997467739972,0.12779309112743656,6-mer
AAAACC,-0.048231742154521154,-0.09850622346845168,6-mer
AAAACG,0.23685778327472037,0.5447894870828269,6-mer
AAAAGA,0.1749453448639355,0.5977992194865372,6-mer
AAAAGT,-0.014295845399609371,0.19617700579206931,6-mer
AAAAGC,0.08026118864587031,0.2566032504536336,6-mer
AAAAGG,0.15838286080619396,0.36638105292690987,6-mer
AAATAA,0.02759966877527828,0.136787810986087,6-mer
AAATAT,-0.04972929136090508,0.28560795042226816,6-mer
AAATAC,0.1727804801562427,0.4351894965461845,6-mer
AAATAG,-0.061276859000813526,0.1658699284439813,6-mer
AAATTA,-0.10007291336744996,-0.25360358619682527,Inverted repeat
AAATTT,-0.21246709619168738,-0.14665244385247322,Palindromes
AAATTC,0.07212905037764113,-0.16833942107122624,Inverted repeat
AAATTG,-0.3324474705493216,-0.35240875870944954,Inverted repeat
AAATCA,0.2957871404868123,0.055568035552276844,6-mer
AAATCT,0.23512554276690914,0.02536327902617443,6-mer
AAATCC,0.5799313010593492,0.39257811242316215,6-mer
AAATCG,0.6737404697206227,0.4602580432124587,6-mer
AAATGA,0.020330460744994526,0.13099559961515725,6-mer
AAATGT,-0.07422999943597355,-0.1168851518166396,6-mer
AAATGC,0.25340598835048883,0.23824619342064837,6-mer
AAATGG,0.1578855796356442,0.49497399538041464,6-mer
AAACAA,-0.09072522507993792,-0.04402714550553709,6-mer
AAACAT,-0.015349372042678859,-0.20266754090357775,6-mer
AAACAC,-0.011212712199773206,-0.14871475406549844,6-mer
AAACAG,-0.13309868949907425,-0.13673333330141474,6-mer
AAACTA,-0.12491464111222371,-0.2310884512171806,6-mer
AAACTT,0.25564236443635224,0.04893134369761718,Inverted repeat
AAACTC,0.45891762158000576,0.09118482956256675,6-mer
AAACTG,-0.07642319298495551,-0.07965720799179103,6-mer
AAACCA,-0.24139469688241805,-0.1359041720636196,6-mer
AAACCT,-0.053270794325531515,-0.24932390111755334,6-mer
AAACCC,-0.0654371828638037,-0.5771908631962,6-mer
AAACCG,-0.031087677784097024,-0.6398244357556746,6-mer
AAACGA,0.18067707742800918,0.28867991250079417,6-mer
AAACGT,-0.0613590873144403,0.23873415936096362,6-mer
AAACGC,0.38538669274058684,0.48520825357071923,6-mer
AAACGG,0.2528437829518774,0.1186444964986189,6-mer
AAAGAA,0.17855884002764683,0.49917079289943295,6-mer
AAAGAT,0.060966726037835525,0.15321469825359565,6-mer
AAAGAC,0.1451301819106947,0.051946215032654196,6-mer
AAAGAG,0.049282468182219416,0.4682020153380464,6-mer
AAAGTA,-0.032884490682700725,0.24770220228606082,6-mer
AAAGTT,0.06782934799966016,0.026436715905693485,Inverted repeat
AAAGTC,0.027730654066962013,-0.23752341757792114,6-mer
AAAGTG,-0.2091708366035597,0.022026306329998736,6-mer
AAAGCA,-0.08541646496271174,0.1773080312695164,6-mer
AAAGCT,0.042007070492111415,0.119029124007503,6-mer
AAAGCC,0.00256479185930347,-0.4013409244986047,6-mer
AAAGCG,0.1165019162827332,0.29082547188129937,6-mer
AAAGGA,-0.12698665409575124,0.27052463128116183,6-mer
AAAGGT,0.15490079974864318,0.1710455413362274,6-mer
AAAGGC,0.2736620416712672,-0.23196379379023682,6-mer
AAAGGG,0.14623807062528765,-0.13212383991443127,6-mer
AATAAA,0.064994065939368,0.1716640982492138,6-mer
AATAAT,0.16008736326763232,-0.16541218022871812,6-mer
AATAAC,-0.08513434327845744,-0.3180284376537258,6-mer
AATAAG,-0.307818184669152,-0.2837609626500448,6-mer
AATATA,-0.04231236505874696,0.3503041351303653,Inverted repeat
AATATT,-0.0669082687493824,-0.06741134220696078,Palindromes
AATATC,0.2158874666994476,0.169645785542208,Inverted repeat
AATATG,-0.24830620402088488,-0.007675929336593852,Inverted repeat
AATACA,0.0880763170620264,0.2839814700821015,6-mer
AATACT,0.11714301801929314,0.17297481995485037,6-mer
AATACC,0.0962900140472603,0.14897828619007872,6-mer
AATACG,0.3477167763222677,0.5042284820851732,6-mer
AATAGA,-0.00022400357794988109,0.10149954320670872,6-mer
AATAGT,0.0529367081132758,-0.014662848680583982,6-mer
AATAGC,0.29889590466969057,0.1389157724847737,6-mer
AATAGG,-0.03899259519860137,-0.19140783596982633,6-mer
AATTAA,-0.11423641238154883,-0.524634241817386,6-mer
AATTAT,-0.024589674923654204,-0.2446521594542094,6-mer
AATTAC,0.003150827124542307,-0.3520424475187998,6-mer
AATTAG,-0.035659416542947166,-0.5764292355853875,6-mer
AATTTA,-0.0021159060857893247,-0.11355863158280796,6-mer
AATTTT,-0.17120120991346655,-0.2056060667008726,Inverted repeat
AATTTC,0.07470694937181004,-0.28446396298162424,6-mer
AATTTG,-0.08701216335604431,-0.37590648060802545,6-mer
AATTCA,-0.12082404940715079,-0.5465956278286035,6-mer
AATTCT,-0.0757153885445637,-0.3552133594882766,6-mer
AATTCC,0.05491583330631012,-0.192966676137239,6-mer
AATTCG,-0.10404488207263696,-0.4771846445538976,6-mer
AATTGA,-0.11226988342790215,-0.47363638358855925,6-mer
AATTGT,-0.1698383036242586,-0.41808116083156815,6-mer
AATTGC,0.011645881366336286,-0.2296242467505855,6-mer
AATTGG,-0.09899179906508429,-0.20555344157456246,6-mer
AATCAA,0.10340575527174609,-0.2137404640263041,6-mer
AATCAT,0.06143924779230825,-0.294022384112822,6-mer
AATCAC,-0.09441182845835099,-0.38171856375819707,6-mer
AATCAG,-0.16005044190637233,-0.6216917379251515,6-mer
AATCTA,0.0651771032399706,-0.1679517824304763,6-mer
AATCTT,-0.012781600244984193,-0.21346167848217362,Inverted repeat
AATCTC,0.04950755568437987,-0.16226325427141167,6-mer
AATCTG,-0.10475824512681002,-0.39705319659213906,6-mer
AATCCA,0.31797008131867915,0.34564416386117,6-mer
AATCCT,0.27326913992759305,-0.0817940911636472,6-mer
AATCCC,0.33617858049330734,-0.16185623958107678,6-mer
AATCCG,0.3619261628192814,-0.3892807330306977,6-mer
AATCGA,0.5021557889116824,0.07565942380302314,6-mer
AATCGT,0.6847977683009508,0.5102331493786051,6-mer
AATCGC,0.44558656263845076,0.22093588911693185,6-mer
AATCGG,0.8174205261514158,0.07681559705083078,6-mer
AATGAA,-0.01002155940383841,0.032599893518273915,6-mer
AATGAT,0.11737554578333481,-0.09078702484290456,6-mer
AATGAC,0.09108338988933243,-0.3335523792325121,6-mer
AATGAG,-0.38053012617097276,-0.49992798102506786,6-mer
AATGTA,0.024424673349479138,-0.00729359721174078,6-mer
AATGTT,-0.03597574366512918,-0.3806119221264813,Inverted repeat
AATGTC,0.062554381234402,-0.4992798987575507,6-mer
AATGTG,-0.4408379183661604,-0.5106165113138236,6-mer
AATGCA,0.0042010520209520875,-0.013744078630846292,6-mer
AATGCT,0.14908984443919462,0.07396579884981715,6-mer
AATGCC,0.39463419886350387,-0.36054382197172424,6-mer
AATGCG,-0.008630305143440101,-0.11604044016411406,6-mer
AATGGA,-0.008676887377410982,0.47385529096853696,6-mer
AATGGT,-0.15280544193042553,0.04882441788470105,6-mer
AATGGC,0.46759504447743344,0.03605661672651422,6-mer
AATGGG,0.23830731993141707,-0.0014045385249113113,6-mer
AACAAA,-0.21378918016337764,-0.09779855163496179,6-mer
AACAAT,-0.025794220090032464,-0.25783299998008047,6-mer
AACAAC,0.1350987186947162,0.08867715807622062,6-mer
AACAAG,-0.09849799395148273,-0.05886512055207951,6-mer
AACATA,-0.15740755263773673,-0.08175572472221869,6-mer
AACATT,-0.026392566127854414,-0.3659894626470058,Inverted repeat
AACATC,0.3969900405018658,0.312609866960527,6-mer
AACATG,-0.3491102744931154,-0.40066061294966776,6-mer
AACACA,-0.14763755020420807,-0.31814994966484644,6-mer
AACACT,0.0628821386629468,-0.14716730244524195,6-mer
AACACC,0.7571703897965477,0.6675832075412232,6-mer
AACACG,0.06544247488250618,-0.005797844538112706,6-mer
AACAGA,-0.0700085188510744,-0.029672040262741287,6-mer
AACAGT,-0.08397839263935301,-0.19963801795047834,6-mer
AACAGC,0.49550087334481907,0.5151753412033931,6-mer
AACAGG,0.542827589532959,0.3097501184347931,6-mer
AACTAA,-0.10740833076478838,-0.37752420055214575,6-mer
AACTAT,0.09338949498380444,0.021564002055674724,6-mer
AACTAC,0.21415515157996176,0.20227257247035216,6-mer
AACTAG,-0.42963634968670206,-0.6902124679848497,6-mer
AACTTA,0.05773507428959607,-0.217841605890129,6-mer
AACTTT,0.06423688577631703,0.024552825459630466,Inverted repeat
AACTTC,0.4515771835747921,0.41708339190375027,6-mer
AACTTG,0.14131051640320277,-0.007364375926331624,6-mer
AACTCA,0.08512281652352936,-0.27534299823829245,6-mer
AACTCT,0.30910405452977857,0.05433602645564005,6-mer
AACTCC,0.5109449664387837,0.5880071397316354,6-mer
AACTCG,0.4517235235020341,0.11627893738549071,6-mer
AACTGA,-0.0864602220268039,-0.3012144988021907,6-mer
AACTGT,0.15035288446799902,0.01757287130961559,6-mer
AACTGC,0.28915897762961623,0.47562493176636333,6-mer
AACTGG,0.3434383235724771,0.4797658140309436,6-mer
AACCAA,-0.42832253293097555,-0.269955381856261,6-mer
AACCAT,-0.388201500211842,-0.11928408712861652,6-mer
AACCAC,-0.45277112672535874,-0.13798830031393464,6-mer
AACCAG,-0.3887700584513112,-0.12023677103545323,6-mer
AACCTA,-0.30045691675552555,-0.4869932714510484,6-mer
AACCTT,-0.21059649856221258,-0.3293691962423745,Inverted repeat
AACCTC,-0.13126932589974463,0.02704764938682416,6-mer
AACCTG,-0.372861521879599,-0.4961644385742396,6-mer
AACCCA,-0.36798542286979186,-0.6317311322740178,6-mer
AACCCT,-0.02419450501279238,-0.7136319519345645,6-mer
AACCCC,-0.10980400900474148,-0.42238734914161885,6-mer
AACCCG,-0.5360529002402096,-0.9440435940259847,6-mer
AACCGA,-0.2159218099956745,-0.6750378450230045,6-mer
AACCGT,0.09909156240660727,-0.133238977219122,6-mer
AACCGC,-0.14603179513131984,-0.4084648453553575,6-mer
AACCGG,0.08352335556228345,-0.6242219311683834,6-mer
AACGAA,0.025090980962830467,0.167633745158814,6-mer
AACGAT,0.00854114133032169,0.045116091677689804,6-mer
AACGAC,0.08292095970001796,0.16845361422564395,6-mer
AACGAG,0.15102598874065695,0.22838732704794024,6-mer
AACGTA,-0.12414300795961618,0.06173964327679582,Inverted repeat
AACGTT,-0.22932846854682434,0.027379325392263842,Palindromes
AACGTC,0.12553088208385882,0.2144494482607442,Inverted repeat
AACGTG,-0.6443579094949226,-0.2832526852524458,Inverted repeat
AACGCA,-0.02765634290286525,0.12452235702294279,6-mer
AACGCT,0.3167103856163431,0.44352508798391,6-mer
AACGCC,1.0238467419543678,0.8104634068155974,6-mer
AACGCG,0.46252642506016284,1.024767905148942,6-mer
AACGGA,0.2746223801090057,0.20542841460330505,6-mer
AACGGT,-0.15412314531941942,-0.1557492326779446,6-mer
AACGGC,0.3340009271879373,-0.20763616717470268,6-mer
AACGGG,0.09082897820001525,-0.28688114778816143,6-mer
AAGAAA,-0.020850565845275636,0.3907855779211632,6-mer
AAGAAT,-0.04722223514398043,-0.07956500838903759,6-mer
AAGAAC,0.12661405209968446,0.14416481694522004,6-mer
AAGAAG,0.3482546781344707,0.8094899830041594,6-mer
AAGATA,0.05278281552726625,0.2731712816866342,6-mer
AAGATT,-0.013011549347278084,-0.2399493132391411,Inverted repeat
AAGATC,-3.72272622738295,-4.170981533925189,6-mer
AAGATG,0.22520385401559415,0.5991716143973942,6-mer
AAGACA,-0.15347200669056502,-0.2186238202674102,6-mer
AAGACT,-0.06315898721831838,-0.2795688066714416,6-mer
AAGACC,0.9636916673517082,0.6552720357394998,6-mer
AAGACG,0.18339493266796666,0.3935073694004539,6-mer
AAGAGA,-0.05843552921271439,0.3319424429533129,6-mer
AAGAGT,0.21477708008847096,0.2635504737625372,6-mer
AAGAGC,0.3685685762747487,0.40014252421951135,6-mer
AAGAGG,0.18248136672921358,0.41659320539681416,6-mer
AAGTAA,0.026561425880892796,-0.011505274502272485,6-mer
AAGTAT,0.1125795183194835,0.37245370013873247,6-mer
AAGTAC,-0.013034508612095324,0.25386757305593705,6-mer
AAGTAG,-0.0890479995842437,0.1834108493197105,6-mer
AAGTTA,0.006026408724777241,-0.22781231922350165,6-mer
AAGTTT,0.08106403442530932,0.040923671999653355,Inverted repeat
AAGTTC,0.3594334378642062,0.24946567852565896,6-mer
AAGTTG,0.2306949850375211,0.2527418531164257,6-mer
AAGTCA,-0.013748984673438939,-0.41167008685097584,6-mer
AAGTCT,0.16236949470055895,-0.13577461117627565,6-mer
AAGTCC,0.08117643347252879,-0.16533773194666046,6-mer
AAGTCG,0.4517235235020341,-0.04131347393971655,6-mer
AAGTGA,0.06861327298562193,0.039411553433813855,6-mer
AAGTGT,0.0334557206867676,0.008594038955977011,6-mer
AAGTGC,0.4567908014925268,0.4466667226729541,6-mer
AAGTGG,0.2632761341535297,0.6023795537985656,6-mer
AAGCAA,-0.35148858801599137,-0.022111455803416665,6-mer
AAGCAT,-0.16984194234209135,-0.11461667755494127,6-mer
AAGCAC,-0.12504340276146825,0.05255112960670581,6-mer
AAGCAG,-0.26041030083952327,0.18635459823582678,6-mer
AAGCTA,-0.15783016627388274,-0.09644279023553139,Inverted repeat
AAGCTT,-0.23005349711111991,-0.1644247239968831,Palindromes
AAGCTC,0.15448605368348012,0.08055575387586153,Inverted repeat
AAGCTG,-0.0907107578608284,0.22695952165704472,Inverted repeat
AAGCCA,-0.1726592286817971,-0.38081578831271795,6-mer
AAGCCT,-0.27767093374690216,-0.7813357582400012,6-mer
AAGCCC,0.7526838279131368,-0.2311451112013773,6-mer
AAGCCG,0.26218601119547275,-0.4075559179093919,6-mer
AAGCGA,-0.035268434789686956,0.19871959235208028,6-mer
AAGCGT,0.02853940621392659,0.2680022133562578,6-mer
AAGCGC,0.28379296600059134,0.1586977460190581,6-mer
AAGCGG,-0.5536520704775212,-0.7094770424735221,6-mer
AAGGAA,-0.1908176037016421,0.0016504631123381774,6-mer
AAGGAT,-0.3595916111456089,-0.33985000288462475,6-mer
AAGGAC,-0.512701799402125,-0.6470278898840686,6-mer
AAGGAG,-0.14722726615586113,0.7997013495141688,6-mer
AAGGTA,0.06126995170015779,0.14501666312894312,6-mer
AAGGTT,-0.28137377946604786,-0.3378757717381868,Inverted repeat
AAGGTC,0.368300430319174,-0.11054399772750212,6-mer
AAGGTG,0.47376944215354583,0.6557055310027823,6-mer
AAGGCA,0.21422560852790842,-0.2325517740734475,6-mer
AAGGCT,0.07991024681269068,-0.5094418458997023,6-mer
AAGGCC,-0.41561911389703715,-1.611682820115099,6-mer
AAGGCG,1.1033573845033229,0.8912937405575002,6-mer
AAGGGA,-0.034759796237787216,-0.3254425790635991,6-mer
AAGGGT,-0.008113815689771554,-0.6338051920544748,6-mer
AAGGGC,0.09086279863114584,-0.6974457565208076,6-mer
AAGGGG,-0.06960546748586663,0.11268704120221959,6-mer
ATAAAA,0.06804967912106026,0.40231995681171423,6-mer
ATAAAT,-0.016722503082795652,0.14144099752362474,Inverted repeat
ATAAAC,0.00733179930933643,-0.09158007777325498,6-mer
ATAAAG,0.15866914353408243,0.16135491069877061,6-mer
ATAATA,0.10996899255776023,0.1305315631422254,6-mer
ATAATT,-0.0402909676864708,-0.24462872694496743,6-mer
ATAATC,0.2198591913526391,-0.06950052106128213,6-mer
ATAATG,0.20876474330567263,-0.0949057043657565,6-mer
ATAACA,-0.0789555280768522,-0.1302544127368715,6-mer
ATAACT,0.11222990382981762,-0.03437745558531596,6-mer
ATAACC,-0.5094797252146221,-0.4735017197210162,6-mer
ATAACG,0.07428079802053225,0.017206315406339392,6-mer
ATAAGA,-0.27006536090492655,-0.13946123104513972,6-mer
ATAAGT,0.09248091601696373,0.05030811748169675,6-mer
ATAAGC,-0.4183035524191428,-0.3169994567263611,6-mer
ATAAGG,-0.26360246310808916,-0.3581659465431096,6-mer
ATATAA,-0.04311077431932469,0.3422313612847923,Inverted repeat
ATATAT,-0.2806763297828391,0.37462592636837033,Palindromes
ATATAC,-0.0657952033698459,0.46916480903080954,Inverted repeat
ATATAG,0.08289616320215208,0.355913181971105,Inverted repeat
ATATTA,-0.0866092837486863,-0.020430232553280945,6-mer
ATATTT,0.022690108208808957,0.2910474454513018,6-mer
ATATTC,-0.07626300667520841,0.08138307957848394,6-mer
ATATTG,-0.12851657638509867,0.06948345087080693,6-mer
ATATCA,0.14870399518395616,0.22363745943080293,6-mer
ATATCT,0.19142251857138895,0.36257412213834356,6-mer
ATATCC,0.23173332189339113,0.4400955452600523,6-mer
ATATCG,0.3049019925946894,0.3180360887379067,6-mer
ATATGA,-0.1418804374189391,0.09332342936227511,6-mer
ATATGT,-0.1570613701407355,0.07461732488266183,6-mer
ATATGC,-0.15368345080536946,0.058205140275641463,6-mer
ATATGG,-0.04855553729820983,0.4205833662014679,6-mer
ATACAA,-0.08088352323871988,0.3122276448862972,6-mer
ATACAT,-0.04044111414761838,0.2388518711506662,Inverted repeat
ATACAC,0.058828422024631344,0.3176865722679108,6-mer
ATACAG,-0.011850794627928232,0.27130202181739427,6-mer
ATACTA,-0.23989259305602972,0.06489811909578858,6-mer
ATACTT,0.11699420012937332,0.35456293377225906,6-mer
ATACTC,0.11092349517978188,0.24526603035831515,6-mer
ATACTG,-0.33332057723872327,-0.008392090625028855,6-mer
ATACCA,0.08300403975100638,0.6339753167300227,6-mer
ATACCT,0.2744544273241762,0.41855500775424753,6-mer
ATACCC,-0.079005945843624,-0.07614496928428993,6-mer
ATACCG,-0.00822050680496827,-0.40578767853186154,6-mer
ATACGA,0.26944407559681216,0.5708257192711724,6-mer
ATACGT,-0.12290768591038258,0.3588892386909746,6-mer
ATACGC,-0.01709599382330745,0.34453424592910986,6-mer
ATACGG,0.48711517732301146,0.22488197336214585,6-mer
ATAGAA,0.044313221975185876,0.28923837114998063,6-mer
ATAGAT,0.0695577679920238,0.18335207545272428,Inverted repeat
ATAGAC,0.04807636504450002,-0.11847730416553824,6-mer
ATAGAG,-0.0009420144251691589,0.19575268253669376,6-mer
ATAGTA,0.052524164177841046,0.26539391715834987,6-mer
ATAGTT,0.13254148162503065,0.10041778610721828,6-mer
ATAGTC,-0.17610465659239402,-0.331994446137184,6-mer
ATAGTG,-0.08113348625220619,-0.03953382138525403,6-mer
ATAGCA,0.23409471426401152,0.34737051003551067,6-mer
ATAGCT,0.3147485083985852,0.3794733902017854,6-mer
ATAGCC,0.0066251461022463955,-0.35049724708413316,6-mer
ATAGCG,-0.18553849853517024,-0.2257671481171043,6-mer
ATAGGA,-0.21858248503536418,-0.07042676596903989,6-mer
ATAGGT,0.18496700567479477,0.1325958608341211,6-mer
ATAGGC,-0.34125957313929606,-0.9396027203560438,6-mer
ATAGGG,-0.05603099509856552,-0.46028756351015865,6-mer
ATTAAA,0.18574933110102437,-0.1782101020015009,Inverted repeat
ATTAAT,-0.09067816154842626,-0.5981236356123067,Palindromes
ATTAAC,-0.3215012690474613,-0.7341038647546946,Inverted repeat
ATTAAG,-0.5123411939805687,-0.7905044426391069,Inverted repeat
ATTATA,0.018254985082402135,0.06036749035960877,6-mer
ATTATT,0.18124812211633864,-0.14689396209443387,6-mer
ATTATC,0.35371581324814333,-0.014550189685677851,6-mer
ATTATG,-0.16889686208070168,-0.3437768403627203,6-mer
ATTACA,0.1460532059572042,-0.13967386906829843,6-mer
ATTACT,0.08510113665138841,-0.18122839467377447,6-mer
ATTACC,-0.13059897797329467,-0.35074918420941575,6-mer
ATTACG,-0.2938718097563866,-0.37735915744283316,6-mer
ATTAGA,0.10935621305623201,-0.27048230172764287,6-mer
ATTAGT,0.02161411405314926,-0.44148198223516966,6-mer
ATTAGC,0.13694636716947275,-0.3839296372860412,6-mer
ATTAGG,0.1293049026546716,-0.5413539490602441,6-mer
ATTTAA,0.17264202774691462,-0.09856554663950676,6-mer
ATTTAT,0.011314940347414025,0.15082901150078573,Inverted repeat
ATTTAC,0.1579336276126763,0.13621112140145794,6-mer
ATTTAG,0.10925985616597295,-0.1696144798961816,6-mer
ATTTTA,-0.05572228333824826,0.0033278377955687465,6-mer
ATTTTT,0.025233942555748075,0.24431918793639257,6-mer
ATTTTC,0.21285128022553554,0.33712326565272505,6-mer
ATTTTG,-0.10879153698698377,0.017667603978465306,6-mer
ATTTCA,-0.025802332828390222,-0.17485955427806807,6-mer
ATTTCT,0.19553598799976357,0.11875435471891302,6-mer
ATTTCC,0.18377818169491056,0.17507598836904642,6-mer
ATTTCG,-0.14216155662797966,-0.35558170907450337,6-mer
ATTTGA,0.3305352673475032,-0.09409289119994174,6-mer
ATTTGT,0.0853981979204246,-0.028769326547837284,6-mer
ATTTGC,0.28108996535415826,0.1056995349666464,6-mer
ATTTGG,0.16862614656211222,0.04108624118172933,6-mer
ATTCAA,-0.2888660741658197,-0.5257323622628705,6-mer
ATTCAT,-0.1342209397606334,-0.32448522158426296,Inverted repeat
ATTCAC,-0.38744675988835603,-0.5389262657091922,6-mer
ATTCAG,-0.5089855619147019,-0.7569162256223626,6-mer
ATTCTA,-0.4266041910872551,-0.4197318543511217,6-mer
ATTCTT,-0.14293470232727498,-0.09391687613259914,6-mer
ATTCTC,-0.22142708504021777,-0.1317562397725929,6-mer
ATTCTG,-0.6268065199545773,-0.6741074544782094,6-mer
ATTCCA,-0.028686586495704394,0.2502958678961409,6-mer
ATTCCT,-0.03280525645090607,-0.07944883065280436,6-mer
ATTCCC,0.1267420435157504,-0.2180556319277966,6-mer
ATTCCG,0.2488988851232603,-0.5172756932095814,6-mer
ATTCGA,-0.3158254378153518,-0.6777354164718379,6-mer
ATTCGT,0.1147420861730037,0.27216185647944807,6-mer
ATTCGC,-0.2762190568466128,-0.3689255744245317,6-mer
ATTCGG,-0.14032128839741462,-0.8165235456207465,6-mer
ATTGAA,-0.2171444205081283,-0.301240994363805,6-mer
ATTGAT,-0.009410959926077716,-0.24647610061790337,Inverted repeat
ATTGAC,0.03151952515156015,-0.30615152131078294,6-mer
ATTGAG,-0.44224839462880583,-0.6358127246139167,6-mer
ATTGTA,-0.020641297914083128,0.06389273328917888,6-mer
ATTGTT,-0.1023783173019712,-0.29672564175285665,6-mer
ATTGTC,-0.11897437426754252,-0.38662206869157156,6-mer
ATTGTG,-0.21569397231643023,-0.39874638523575234,6-mer
ATTGCA,0.015888111708837256,0.06676369437132051,6-mer
ATTGCT,-0.06196726637342479,-0.022464264548277525,6-mer
ATTGCC,0.08300361076724906,-0.3921898014738082,6-mer
ATTGCG,-0.41194269285597807,-0.4407660340037141,6-mer
ATTGGA,-0.12863102071691376,0.09700720180256561,6-mer
ATTGGT,-0.011623260142781379,0.1749382658705553,6-mer
ATTGGC,0.06679975937683551,-0.2837631394561586,6-mer
ATTGGG,-0.1656918338567955,-0.6005900739598005,6-mer
ATCAAA,0.18072116833263613,-0.02783017098026458,6-mer
ATCAAT,0.1479385885989225,-0.20769737775161046,Inverted repeat
ATCAAC,0.3889728145023021,0.23170235134179534,6-mer
ATCAAG,0.01718495280290885,-0.14075161902262806,6-mer
ATCATA,-0.06722320729172783,-0.05458587189731912,6-mer
ATCATT,0.09949629707423079,-0.12561903052610604,6-mer
ATCATC,0.5313150873501555,0.5451358285037115,6-mer
ATCATG,-0.36418968349651626,-0.6893233151554712,6-mer
ATCACA,-0.15802786116422682,-0.3972990772173602,6-mer
ATCACT,0.0068437760472804055,-0.1817539841547332,6-mer
ATCACC,0.2780415709846851,0.5009747004903192,6-mer
ATCACG,-0.21250167181480056,-0.27710959104551647,6-mer
ATCAGA,0.015491505366899142,-0.2916455279513196,6-mer
ATCAGT,-0.15391461322103833,-0.40936939287987484,6-mer
ATCAGC,0.3769294840742021,0.17064735511329704,6-mer
ATCAGG,0.11443317320052819,-0.4537804914703852,6-mer
ATCTAA,0.17424652597620952,-0.1530494046806094,6-mer
ATCTAT,0.07967178652216987,0.16325814147070133,Inverted repeat
ATCTAC,0.26001936807836207,0.4105648385076413,6-mer
ATCTAG,-0.5676978970587533,-0.8450940986523129,6-mer
ATCTTA,-0.7445770583118251,-0.740655440158426,6-mer
ATCTTT,0.007068050893153281,0.12061581384869623,6-mer
ATCTTC,0.4261512377508603,0.7742007045228616,6-mer
ATCTTG,-0.38805561745454464,-0.38546162555648034,6-mer
ATCTCA,-0.4577460863941277,-0.3704225986756579,6-mer
ATCTCT,-0.062019973954869884,0.12087913713399367,6-mer
ATCTCC,0.5997227636623622,0.8513141825126512,6-mer
ATCTCG,-0.30854906508616253,-0.5080608625168253,6-mer
ATCTGA,-0.13800933321813258,-0.4571071155888848,6-mer
ATCTGT,0.01984034260250095,-0.03702882690103289,6-mer
ATCTGC,0.24755413691083492,0.47672982168508565,6-mer
ATCTGG,0.330218914464676,0.3709608394971778,6-mer
ATCCAA,-0.18396283484259487,0.0008443771264353913,6-mer
ATCCAT,-0.1400128016784861,0.30105737127815746,Inverted repeat
ATCCAC,-0.042416735663326,0.3834827654039986,6-mer
ATCCAG,-0.012793714117824326,0.22301306881467525,6-mer
ATCCTA,-0.4213195865814598,-0.5416773042184825,6-mer
ATCCTT,-0.3556118967997582,-0.33345106034142913,6-mer
ATCCTC,-0.20292659874798338,0.15069740258260952,6-mer
ATCCTG,-0.12245881783103463,-0.12446968671354847,6-mer
ATCCCA,0.010280530729723325,-0.15795795485959227,6-mer
ATCCCT,-0.1286031212566315,-0.6432291956397398,6-mer
ATCCCC,0.026712488336729248,0.16142066920714798,6-mer
ATCCCG,-0.3074285251922473,-0.9679063702901466,6-mer
ATCCGA,0.04589770994884087,-0.6670336336601894,6-mer
ATCCGT,0.03622018791275307,-0.056583528366367326,6-mer
ATCCGC,0.3400754415976218,-0.192194165283345,6-mer
ATCCGG,0.5808463922489242,-0.18269229751619015,6-mer
ATCGAA,-0.08427691053149151,-0.22075578469934096,Inverted repeat
ATCGAT,-0.24318959443692223,-0.6580485369419847,Palindromes
ATCGAC,0.4446106146621909,0.08988550351719506,Inverted repeat
ATCGAG,-0.04372137742931786,-0.26072053999554734,Inverted repeat
ATCGTA,0.20280910568889307,0.3350330825107242,6-mer
ATCGTT,-0.18719716591039992,-0.10433665981473557,6-mer
ATCGTC,0.25768575133111365,0.22224757970780448,6-mer
ATCGTG,-0.002382651310994074,0.05889368905356819,6-mer
ATCGCA,-0.08908946061992155,-0.17826430235504173,6-mer
ATCGCT,0.12963528041659556,0.15068435931219717,6-mer
ATCGCC,0.6298657252842083,0.30315829086752244,6-mer
ATCGCG,-1.1763227726404633,-0.44235810527835584,6-mer
ATCGGA,0.1455015275030948,-0.37707895675973985,6-mer
ATCGGT,0.20441604632489366,-0.335058515816137,6-mer
ATCGGC,0.6214883767462702,-0.08988550351719506,6-mer
ATCGGG,-0.7817632081548632,-1.4838157772642566,6-mer
ATGAAA,-0.03711813563764189,0.20182096631892088,6-mer
ATGAAT,-0.040383790004402655,-0.23010511702702233,Inverted repeat
ATGAAC,0.08429421701713286,-0.07140634697727292,6-mer
ATGAAG,0.5156645019401065,0.6361734434658745,6-mer
ATGATA,0.23286900770699145,0.23883405131822955,6-mer
ATGATT,0.09863280410478209,-0.23998784523037625,6-mer
ATGATC,-4.193070810531738,-4.699103270578279,6-mer
ATGATG,0.5721650841808459,0.6636511720527141,6-mer
ATGACA,0.10279232288161848,-0.23412171391855485,6-mer
ATGACT,-0.0860779391294779,-0.4206132337392287,6-mer
ATGACC,0.41485075472601196,-0.0502361715248796,6-mer
ATGACG,0.39618696924041186,0.18231690817543628,6-mer
ATGAGA,-0.3863602056539981,-0.27805821897389577,6-mer
ATGAGT,0.16740115570507783,-0.19075549674117762,6-mer
ATGAGC,-0.28259318258232957,-0.4885912456629838,6-mer
ATGAGG,-0.04210650095737829,-0.11887410922743422,6-mer
ATGTAA,0.0009162877671549195,-0.09154123522048596,6-mer
ATGTAT,-0.011744430325245154,0.22558422582615725,Inverted repeat
ATGTAC,-0.05806640961614067,0.13874981008831055,6-mer
ATGTAG,0.07841328496335923,0.17885638754315974,6-mer
ATGTTA,-0.05675287774362365,-0.31330413169338917,6-mer
ATGTTT,-0.09133626633630967,-0.22319667391189196,6-mer
ATGTTC,0.019995673447688725,-0.18552011835784096,6-mer
ATGTTG,0.3366687214206311,0.24514365452845002,6-mer
ATGTCA,0.1091255202836044,-0.3193752164669481,6-mer
ATGTCT,0.11878276680011228,-0.31037893456017174,6-mer
ATGTCC,-0.07507763509293125,-0.36090626298430306,6-mer
ATGTCG,0.28324762672330256,-0.07447821595927631,6-mer
ATGTGA,-0.49289652927139566,-0.5058493331252523,6-mer
ATGTGT,-0.052149084711712264,-0.10356720665770108,6-mer
ATGTGC,-0.15090017576055603,-0.21912840401455413,6-mer
ATGTGG,-0.05718747331351365,0.2617836310559515,6-mer
ATGCAA,-0.18578647343447757,0.02762947553671762,Inverted repeat
ATGCAT,-0.43844941949301147,-0.4069818624861558,Palindromes
ATGCAC,-0.005662393187730447,0.07329111743100906,Inverted repeat
ATGCAG,0.044498758578010854,0.40050028286043604,Inverted repeat
ATGCTA,-0.057116970798360776,-0.009357245417279855,6-mer
ATGCTT,-0.16950857914446116,-0.12744357383272578,6-mer
ATGCTC,0.11315895741488925,0.030999280721432782,6-mer
ATGCTG,-0.04830903488163709,0.22426824404368717,6-mer
ATGCCA,0.24433006737486435,0.010389996415274704,6-mer
ATGCCT,0.13798262313011528,-0.6126139892930097,6-mer
ATGCCC,0.4193764350031812,-0.5433503110487864,6-mer
ATGCCG,0.4983081184669739,-0.4427099177633985,6-mer
ATGCGA,-0.5168556335062532,-0.31903981556253574,6-mer
ATGCGT,0.18499657737272296,0.18426541232642274,6-mer
ATGCGC,-0.4771592111866411,-0.3303671752918531,6-mer
ATGCGG,-0.24663996758312517,-0.4014484345308886,6-mer
ATGGAA,-0.021172659830739366,0.6207253286294241,6-mer
ATGGAT,-0.13344590790416183,0.2386677365421852,Inverted repeat
ATGGAC,-0.29445170196328097,-0.08511266580242434,6-mer
ATGGAG,0.37401280659534264,1.0213197235955884,6-mer
ATGGTA,-0.26158977182144555,0.2812939334582557,6-mer
ATGGTT,-0.474159715980742,-0.21698614748114048,6-mer
ATGGTC,0.17671105843644994,0.13115985192521848,6-mer
ATGGTG,0.028428408326517243,0.5511648337225741,6-mer
ATGGCA,0.3876563898142443,0.2148477567589276,6-mer
ATGGCT,0.16218986156429716,-0.09726192203079344,6-mer
ATGGCC,-0.5794784510624323,-1.5590838688955506,6-mer
ATGGCG,0.529370174757839,0.23168549354603662,6-mer
ATGGGA,0.2537503294748613,0.20881518566501492,6-mer
ATGGGT,0.3174982502265485,0.047201707434661316,6-mer
ATGGGC,-0.0183785293148545,-0.6390023404340452,6-mer
ATGGGG,0.037596786657651635,-0.09895848008816882,6-mer
ACAAAA,-0.18561745072053684,0.13891195961017816,6-mer
ACAAAT,-0.13126331335701924,-0.04960750989110049,6-mer
ACAAAC,-0.028368513153141855,-0.11493576684465968,6-mer
ACAAAG,-0.17352303703292984,-0.08158437872265298,6-mer
ACAATA,0.10781400191383303,0.0746231035854266,6-mer
ACAATT,-0.07639784466884693,-0.3702733486862992,6-mer
ACAATC,-0.06269724085750039,-0.30496854898526704,6-mer
ACAATG,-0.0330697342932144,-0.1386027200247381,6-mer
ACAACA,0.3413384772520453,0.3158185013678749,6-mer
ACAACT,0.178242012815422,0.15971968747063664,6-mer
ACAACC,-0.14506645071016624,-0.011930509957205723,6-mer
ACAACG,0.16004041251046816,0.3110098140526767,6-mer
ACAAGA,-0.032163162876444634,0.14388892671874373,6-mer
ACAAGT,0.10699012673391514,0.10370840381874953,Inverted repeat
ACAAGC,0.19353659352206423,0.24168508564036034,6-mer
ACAAGG,0.14684138832927107,0.04890960048094649,6-mer
ACATAA,-0.24615894927552884,-0.19716875617251572,6-mer
ACATAT,-0.1229283670417191,0.16557586410987732,6-mer
ACATAC,-0.09737577737633296,0.13699134476098748,6-mer
ACATAG,-0.1988308778886895,-0.2520999057999277,6-mer
ACATTA,0.06741100295070265,-0.38125842554602046,6-mer
ACATTT,-0.02950940251347477,-0.10759112270984218,6-mer
ACATTC,-0.24641145803312833,-0.19022314101223115,6-mer
ACATTG,-0.13049162639456158,-0.31956561619899926,6-mer
ACATCA,0.5518921460777714,0.33738568962756016,6-mer
ACATCT,0.40550732446606963,0.5417595428787445,6-mer
ACATCC,0.12837893628259156,0.4479325351704144,6-mer
ACATCG,-1.0349337901093871,-1.4045589814745796,6-mer
ACATGA,-0.3101043778735231,-0.5677949265689248,Inverted repeat
ACATGT,-0.1680918435833577,-0.28891522754092036,Palindromes
ACATGC,-0.0005701225290114613,-0.07653710299677438,Inverted repeat
ACATGG,-0.09984423842020952,-0.03644709957420662,Inverted repeat
ACACAA,-0.21999522285000542,-0.19299644448385384,6-mer
ACACAT,-0.1401776580482602,-0.2096409942256545,6-mer
ACACAC,-0.433678059864261,-0.22661099758391998,6-mer
ACACAG,-0.2130399702300971,-0.25669287895996695,6-mer
ACACTA,-0.12699430913162937,-0.24621169411133464,6-mer
ACACTT,0.18743583301315195,0.08630314022227467,6-mer
ACACTC,0.04743534279775185,0.1211126293381578,6-mer
ACACTG,-0.4684896164275751,-0.511090392944225,6-mer
ACACCA,0.46129394807556934,0.7250775159678655,6-mer
ACACCT,0.772817977258857,0.7066870927574366,6-mer
ACACCC,0.34413016662769275,0.20720091389757125,6-mer
ACACCG,0.24468509595490187,-0.015693807105145154,6-mer
ACACGA,-0.006919413939790546,0.11352894563041403,6-mer
ACACGT,0.14937762403822663,0.34758705005882934,Inverted repeat
ACACGC,-0.22239242133644793,-0.2407815989866661,6-mer
ACACGG,0.06970897181140445,-0.10927834128499275,6-mer
ACAGAA,-0.14895087234857085,0.02005322690313014,6-mer
ACAGAT,0.00036466993686723904,-0.02011444476650314,6-mer
ACAGAC,-0.0070475023231456905,-0.16880944365165151,6-mer
ACAGAG,-0.4409695632646336,-0.2946174729020296,6-mer
ACAGTA,-0.07603121488542085,0.09566654736759511,6-mer
ACAGTT,0.09388048194851745,-0.02269258586010145,6-mer
ACAGTC,-0.610032038375982,-0.6236135799668726,6-mer
ACAGTG,-0.48863353007056387,-0.3464880238714287,6-mer
ACAGCA,0.291590151845377,0.5385520357641981,6-mer
ACAGCT,0.2116218329705846,0.4012580722650496,6-mer
ACAGCC,0.19854567938208012,-0.13441942873325444,6-mer
ACAGCG,-0.5286639210108383,0.010860992631766804,6-mer
ACAGGA,0.4658866407745966,0.541389104836561,6-mer
ACAGGT,0.4675188522649435,0.4328585230383888,Inverted repeat
ACAGGC,0.33035820941832955,-0.2848499910886584,6-mer
ACAGGG,-0.0013414180798014344,-0.2596197414210291,6-mer
ACTAAA,-0.041401116724678645,-0.1798011820250999,6-mer
ACTAAT,-0.035583694674316754,-0.482547800295575,6-mer
ACTAAC,-0.6903546518746163,-0.7940683043640628,6-mer
ACTAAG,-0.5932022494891518,-0.7450896609135906,6-mer
ACTATA,0.10326517594897154,0.24371442840177746,6-mer
ACTATT,0.060936361169599614,-0.029550782902053613,6-mer
ACTATC,-0.022246078596535317,0.08916038861478245,6-mer
ACTATG,-0.2386539596707691,-0.21380561620563118,6-mer
ACTACA,0.22195494575178662,0.2507756381546379,6-mer
ACTACT,0.22044175476801547,0.25207465323040146,6-mer
ACTACC,-0.2542778842961795,0.024085618524313075,6-mer
ACTACG,-0.12387165816216845,0.028951373696128886,6-mer
ACTAGA,-0.03182076595147803,-0.23347119196372118,Inverted repeat
ACTAGT,-0.9035545324340013,-1.1245286624944821,Palindromes
ACTAGC,-0.4371586766898263,-0.45873856263891427,Inverted repeat
ACTAGG,-0.39419324548599943,-0.6507275056556404,Inverted repeat
ACTTAA,-0.009071496290881048,-0.37536267573340415,6-mer
ACTTAT,0.1615369729202787,0.08622355762801938,6-mer
ACTTAC,0.33142620242209075,0.18125849047019446,6-mer
ACTTAG,0.155138458790489,-0.23419367356879886,6-mer
ACTTTA,-0.12075129946682721,-0.06250384903899756,6-mer
ACTTTT,-0.011465629892713082,0.21003940407581667,6-mer
ACTTTC,0.08800670306274876,0.22471327428499308,6-mer
ACTTTG,0.017990783430295344,-0.017533721518157623,6-mer
ACTTCA,0.25230631409639503,0.2259129593204697,6-mer
ACTTCT,0.2838477494611111,0.4311840918977959,6-mer
ACTTCC,0.3302000203112918,0.5862158423228976,6-mer
ACTTCG,0.15100156959997715,0.08047733773522947,6-mer
ACTTGA,0.1952097572231257,-0.01422010579817755,6-mer
ACTTGT,0.17663633546755456,0.1456335685693227,Inverted repeat
ACTTGC,0.3168769902216691,0.4770202178468342,6-mer
ACTTGG,0.08619729507027357,0.22344645996661158,6-mer
ACTCAA,-0.14276350744497143,-0.4521154639770126,6-mer
ACTCAT,0.2187589002715889,-0.056797377610451186,6-mer
ACTCAC,-0.30283541389176877,-0.43116337778567937,6-mer
ACTCAG,-0.8510069119048828,-1.151198744156546,6-mer
ACTCTA,-0.03859167274110554,-0.14677225445856848,6-mer
ACTCTT,0.1571092461265267,0.15200309344504997,6-mer
ACTCTC,-0.17627001459833355,0.0258542737034021,6-mer
ACTCTG,-0.3556938975284777,-0.40457556046021936,6-mer
ACTCCA,0.4742218784484249,0.7807971779528395,6-mer
ACTCCT,0.17794331179137465,0.45909532795186586,6-mer
ACTCCC,-0.019763254821429786,-0.10074497373981718,6-mer
ACTCCG,0.2701544451633112,0.005489017556978664,6-mer
ACTCGA,-0.32048467801769376,-0.5668151540108968,6-mer
ACTCGT,0.02801437616959645,0.17615695515382698,Inverted repeat
ACTCGC,0.24886463269763892,0.1217044929120112,6-mer
ACTCGG,-0.05488390707312467,-0.5051777833778737,6-mer
ACTGAA,-0.4089027684927608,-0.4031041251746933,6-mer
ACTGAT,-0.04975799511926738,-0.29860024891095294,6-mer
ACTGAC,-0.3904263018761951,-0.5835799466710374,6-mer
ACTGAG,-0.9617390726041386,-1.170736415997385,6-mer
ACTGTA,0.011650359738925484,0.13500794270750627,6-mer
ACTGTT,0.026129731824653574,0.023442751558272575,6-mer
ACTGTC,-0.14980340552153915,-0.15851267507173047,6-mer
ACTGTG,-0.4508753000464118,-0.46000870948558875,6-mer
ACTGCA,-0.11071322286239967,0.28246627107113936,6-mer
ACTGCT,0.15168819765838246,0.5311059936196904,6-mer
ACTGCC,0.1107338801557783,-0.09296981801036627,6-mer
ACTGCG,-0.45130104326561554,-0.3561438102252752,6-mer
ACTGGA,-0.004673241146036749,0.37314416275147777,6-mer
ACTGGT,0.16028581215034146,0.5455245312181156,Inverted repeat
ACTGGC,-0.33703498727757075,-0.4515299791988884,6-mer
ACTGGG,-0.1336570673536435,-0.4662757268253301,6-mer
ACCAAA,-0.32103751737656117,-0.08033079967017877,6-mer
ACCAAT,-0.0703893278913978,0.01894536706048538,6-mer
ACCAAC,0.24352174942204188,0.6480735112707314,6-mer
ACCAAG,-0.40527916147892246,-0.03619440800780104,6-mer
ACCATA,-0.3425885821694175,0.14436779788029352,6-mer
ACCATT,-0.05609146485945459,0.15242677998913312,6-mer
ACCATC,0.15117362464689513,0.7953388057520928,6-mer
ACCATG,-0.45030665084000315,-0.1852545147790142,6-mer
ACCACA,-0.313559155376601,0.00024413149070677849,6-mer
ACCACT,-0.046821577316720785,0.3289570736679793,6-mer
ACCACC,0.3388019134517585,1.1385972491328538,6-mer
ACCACG,0.027823682224319895,0.6314114234080794,6-mer
ACCAGA,0.00981428982695585,0.2851938401100822,6-mer
ACCAGT,0.11908547281867661,0.5127382663300857,Inverted repeat
ACCAGC,0.22910772085663686,0.91266955860667,6-mer
ACCAGG,0.16629688194937292,0.37007123300454164,6-mer
ACCTAA,0.2844174332871666,-0.20037090104882235,6-mer
ACCTAT,0.19493378575573306,0.185578733922493,6-mer
ACCTAC,0.2834185317807658,0.4862218242779504,6-mer
ACCTAG,-0.4164652035427015,-0.6648931260601216,6-mer
ACCTTA,-0.5460756266962484,-0.7096287639962886,6-mer
ACCTTT,0.15627221449148276,0.18554819912050907,6-mer
ACCTTC,0.5474274832253586,0.8178460685306943,6-mer
ACCTTG,0.013457456320796634,-0.04787084961912323,6-mer
ACCTCA,-0.47547335314081784,-0.5429217378863282,6-mer
ACCTCT,0.12670484360162587,0.4127324492547144,6-mer
ACCTCC,0.27074937096179913,1.4144062610097974,6-mer
ACCTCG,-0.04802151486294336,0.31668510289930585,6-mer
ACCTGA,0.005900601439684406,-0.34430049213744673,6-mer
ACCTGT,0.555990726588921,0.48574049062204555,Inverted repeat
ACCTGC,0.5186133949546547,0.984105923353938,6-mer
ACCTGG,0.06826263845030121,0.23446525363702295,6-mer
ACCCAA,-0.1871415741533956,-0.3675135259074473,6-mer
ACCCAT,0.08151259124589356,0.0967791959951887,6-mer
ACCCAC,0.05402101429854564,0.1646415235141771,6-mer
ACCCAG,-0.042843001005735265,-0.24845108268935684,6-mer
ACCCTA,-0.051599077368380895,-0.7611238690955437,6-mer
ACCCTT,0.04685958942071551,-0.4948933640289628,6-mer
ACCCTC,0.26226517358902296,0.006805177905114283,6-mer
ACCCTG,0.08899329591924968,-0.45352268358003595,6-mer
ACCCCA,-0.08966374944361054,-0.33864637041007273,6-mer
ACCCCT,-0.2678594773577744,-0.4412092941794554,6-mer
ACCCCC,-0.4086002016477015,-0.13171785842714676,6-mer
ACCCCG,0.14666964914200908,0.006572653923486313,6-mer
ACCCGA,0.20218885061326672,-0.4870879615401625,6-mer
ACCCGT,-0.12029423371771174,-0.28649337865778285,Inverted repeat
ACCCGC,0.6770230537099242,0.5556979062159615,6-mer
ACCCGG,-0.8923910259134036,-1.0098031750303587,6-mer
ACCGAA,-0.09801123009549295,-0.5834705719006191,6-mer
ACCGAT,0.19139653174513688,-0.4470832262096523,6-mer
ACCGAC,0.4365706608284853,0.2872819520804712,6-mer
ACCGAG,-0.6496154590634097,-1.0513721017210258,6-mer
ACCGTA,-0.10433665981473557,-0.31480805555784475,6-mer
ACCGTT,0.035293329994665876,-0.11902410314227452,6-mer
ACCGTC,-0.2085866218114173,0.029606462085323207,6-mer
ACCGTG,0.04339259551338061,-0.13538658273783344,6-mer
ACCGCA,0.10199132527722647,-0.2679667013760245,6-mer
ACCGCT,-0.400109257751459,-0.6026103665405809,6-mer
ACCGCC,0.8601138249390711,0.7050227016634518,6-mer
ACCGCG,-0.060541541935050576,1.7511794533859073,6-mer
ACCGGA,-0.41413553298445105,-1.0221564136521675,Inverted repeat
ACCGGT,-0.6455040426562069,-0.9615258521853645,Palindromes
ACCGGC,-0.40053792958372875,-0.6142568075151943,Inverted repeat
ACCGGG,-0.20414071678022516,-0.6061789866308521,Inverted repeat
ACGAAA,-0.015813685044912686,0.27341234738646997,6-mer
ACGAAT,0.08067664629959843,0.13848828697056825,6-mer
ACGAAC,-0.13407804915081142,0.20939365266601057,6-mer
ACGAAG,0.35709015006956435,0.6378783803767172,6-mer
ACGATA,0.10331472997293649,0.39348135591239636,6-mer
ACGATT,0.7313190310250641,0.5892995730388964,6-mer
ACGATC,-2.6714265914706257,-3.045936284166859,6-mer
ACGATG,-1.1475571884138578,-1.1024715075951725,6-mer
ACGACA,-0.046012397756836104,0.021061615527829525,6-mer
ACGACT,0.1388156612127256,0.1258508055890813,6-mer
ACGACC,0.5193188844804085,0.7123875714455401,6-mer
ACGACG,-0.014847764407313413,1.3219280948873626,6-mer
ACGAGA,0.06397232909132906,0.21066067047755854,6-mer
ACGAGT,0.330257079081824,0.3238685054567976,Inverted repeat
ACGAGC,0.45821832304272264,0.5692874317403853,6-mer
ACGAGG,-0.05077456723312619,0.3219280948873623,6-mer
ACGTAA,-0.35049724708413316,-0.3789065035192,6-mer
ACGTAT,-0.037353414482369576,0.2902192351600242,6-mer
ACGTAC,-0.39557167669037924,-0.054168975433067534,6-mer
ACGTAG,-0.17968797038220954,0.246639967583125,6-mer
ACGTTA,-0.4603358462074114,-0.3464504140214314,6-mer
ACGTTT,0.08835134121495752,0.4408775042141033,6-mer
ACGTTC,0.1432858763439409,0.4502975318286776,6-mer
ACGTTG,-0.120093845490306,0.16446084971826305,6-mer
ACGTCA,-0.3730208648052805,-0.2490118389669253,6-mer
ACGTCT,0.1937595585238045,0.3314008475076446,6-mer
ACGTCC,-0.06936359372740027,0.14543043952156368,6-mer
ACGTCG,0.565422314325511,1.3575520046180838,6-mer
ACGTGA,-0.2825538565532179,-0.1025149106259341,6-mer
ACGTGT,-0.23957543300980472,0.0255547582041109,Inverted repeat
ACGTGC,0.11994188421275133,0.6312180916820288,6-mer
ACGTGG,-0.8898170822495771,-0.02458563827827286,6-mer
ACGCAA,-0.6842467022406009,-0.3395174916378661,6-mer
ACGCAT,-0.05970624612426768,0.12742507072438414,6-mer
ACGCAC,-0.06580205839574597,0.5145731728297582,6-mer
ACGCAG,-0.58661981858393,-0.09686153925258896,6-mer
ACGCTA,-0.16791986555193553,-0.08103657209090637,6-mer
ACGCTT,-0.07119733409615861,0.06329215295108531,6-mer
ACGCTC,0.4328893752360505,0.793856930308627,6-mer
ACGCTG,0.38816179328744904,0.56400288208551,6-mer
ACGCCA,0.3719687773869579,0.4502169495964413,6-mer
ACGCCT,1.0402015341685122,0.6420776462486054,6-mer
ACGCCC,0.43630611603249503,0.5145731728297582,6-mer
ACGCCG,0.29373120305671024,1.8498596505721396,6-mer
ACGCGA,-0.3081222953623318,0.057587491552943425,Inverted repeat
ACGCGT,-0.5668151540108968,0.12029423371771203,Palindromes
ACGCGC,-1.0801703486839835,-0.5711567011961257,Inverted repeat
ACGCGG,0.4704506195974504,1.8271634031377846,Inverted repeat
ACGGAA,0.005706118345216215,-0.0786698856876917,6-mer
ACGGAT,0.20971859130133727,-0.034381456626036866,6-mer
ACGGAC,-0.8650704199138914,-0.9411063109464315,6-mer
ACGGAG,0.12521488273074172,0.47182352537042094,6-mer
ACGGTA,-0.6096849301323874,-0.39287584935468495,6-mer
ACGGTT,-0.22715736950519716,-0.2778761801144871,6-mer
ACGGTC,0.9221804666331139,0.8360011134250981,6-mer
ACGGTG,-0.009277813588010749,0.14749466777330345,6-mer
ACGGCA,0.18657624199247613,-0.24480366875670723,6-mer
ACGGCT,0.6561535485781089,-0.10901898461678693,6-mer
ACGGCC,-0.8537105577493437,-1.2630344058337937,6-mer
ACGGCG,0.34007544159762154,1.2313255461064558,6-mer
ACGGGA,0.44660757827971354,-0.13588342808177292,6-mer
ACGGGT,0.40008715781287224,-0.009460329249066169,Inverted repeat
ACGGGC,-0.11794125737141706,-0.21767387243391836,6-mer
ACGGGG,-0.15981368547502348,0.06169232240624188,6-mer
AGAAAA,0.04586312704400711,0.5050454736251923,6-mer
AGAAAT,-0.053639633802650605,0.12397222264001946,6-mer
AGAAAC,0.08624163565176202,0.07340354399811744,6-mer
AGAAAG,-0.3596821332977901,0.23513733742859108,6-mer
AGAATA,-0.34568152286835296,-0.12762155490321855,6-mer
AGAATT,0.06452676244468475,-0.3082614582615019,6-mer
AGAATC,0.29737763356833236,-0.18629026503856255,6-mer
AGAATG,-0.7572824165359873,-0.3937048326630554,6-mer
AGAACA,-0.213537440044695,-0.24808314757437924,6-mer
AGAACT,0.0857617474561159,-0.0038872191901905594,Inverted repeat
AGAACC,0.37493954761061277,0.3748034590909849,6-mer
AGAACG,-0.058124046442149864,0.2541834882515281,6-mer
AGAAGA,0.36907116808265356,0.9227819683784101,6-mer
AGAAGT,0.339491921169601,0.5015082617744133,6-mer
AGAAGC,0.49202723830704836,0.7301207913978677,6-mer
AGAAGG,0.36221610610599064,0.6618451027076617,6-mer
AGATAA,0.1971249658205406,0.18834196348899682,6-mer
AGATAT,0.2219167909519634,0.3752214517527328,6-mer
AGATAC,0.33112312308749614,0.5190122379962552,6-mer
AGATAG,-0.19589094460330836,0.12361409215387499,6-mer
AGATTA,-0.3361979447674444,-0.5391431678132355,6-mer
AGATTT,0.3434851189154412,0.048550147800756935,6-mer
AGATTC,0.10619079671364684,-0.26312183924740723,6-mer
AGATTG,-0.6259819526520815,-0.4849448309384999,6-mer
AGATCA,-3.6580121558293937,-4.082952789355311,Inverted repeat
AGATCT,-3.8120091761624777,-4.335584539368946,Palindromes
AGATCC,-3.4942555865449796,-3.9377671374069183,Inverted repeat
AGATCG,-2.8755616549171528,-3.1195070944560888,Inverted repeat
AGATGA,0.4174973379666482,0.7084682671038615,6-mer
AGATGT,0.41858739805964207,0.4178480533173364,6-mer
AGATGC,0.6424073836225382,0.7882300664038124,6-mer
AGATGG,0.19304532625704224,0.8518349259154586,6-mer
AGACAA,-0.19431326171679025,-0.21779185345767096,6-mer
AGACAT,0.1176749433432511,-0.28186792046950615,6-mer
AGACAC,-0.0684618793202836,-0.0632358012923609,6-mer
AGACAG,-0.6296615149246534,-0.3724034082476066,6-mer
AGACTA,-0.6217302717929807,-0.752204941982691,6-mer
AGACTT,0.1366488465680139,-0.17476046935722786,6-mer
AGACTC,-0.05688102193188976,-0.5447660675061932,6-mer
AGACTG,-0.6775580333206013,-0.6893511767260108,6-mer
AGACCA,0.3022849191954434,0.358373729802253,6-mer
AGACCT,0.7311762804549007,0.21285829883190466,Inverted repeat
AGACCC,1.260029074674134,0.4386360112306026,6-mer
AGACCG,-0.10433665981473557,-0.6526012175965193,6-mer
AGACGA,0.48032086362151183,0.6901621813859214,6-mer
AGACGT,0.11969506639094818,0.2728906015788077,6-mer
AGACGC,0.3715694707027345,0.19960902569216019,6-mer
AGACGG,-0.3046135095851933,-0.390598905552461,6-mer
AGAGAA,-0.07668041984024065,0.28953216315007835,6-mer
AGAGAT,-0.1428237484711563,0.037027421325103234,6-mer
AGAGAC,-0.258522455194871,-0.31493306155261025,6-mer
AGAGAG,-0.4324287677889362,0.13745867382404767,6-mer
AGAGTA,-0.1319004069595861,0.07962814527705112,6-mer
AGAGTT,0.32779588110484376,0.10110691231990393,6-mer
AGAGTC,0.014162452030094967,-0.5109619192773791,6-mer
AGAGTG,-0.3049264414164087,0.10063382396807624,6-mer
AGAGCA,0.00796769008624767,0.21887013672149414,6-mer
AGAGCT,0.027613003884481402,0.040506320480921926,Inverted repeat
AGAGCC,0.3583350298974547,-0.24050783681718574,6-mer
AGAGCG,0.23878685958711643,0.4075535657550513,6-mer
AGAGGA,-0.004529658480513964,0.310079657520867,6-mer
AGAGGT,0.07563005505016786,0.2844810508858257,6-mer
AGAGGC,0.4282654117379104,0.07400058144377666,6-mer
AGAGGG,0.06426019880338386,-0.04654791149029001,6-mer
AGTAAA,0.02140822387848013,0.041142172136545425,6-mer
AGTAAT,0.04355057665201013,-0.23707394676984844,6-mer
AGTAAC,-0.10519269703001134,-0.18757717904615864,6-mer
AGTAAG,-0.3369857140645368,-0.12869513727060905,6-mer
AGTATA,-0.17574015690142045,0.25743868457222135,6-mer
AGTATT,0.08949569779967309,0.12329781035214725,6-mer
AGTATC,0.29131442659193185,0.3911378483654203,6-mer
AGTATG,-0.3409348560019877,0.03565544174230559,6-mer
AGTACA,-0.20667475069453323,0.09490878615995044,Inverted repeat
AGTACT,-0.16837606317925036,0.037351495559639736,Palindromes
AGTACC,-0.015756878903535623,0.24732315888295436,Inverted repeat
AGTACG,-0.14121941773180893,0.1423205400477106,Inverted repeat
AGTAGA,0.04941732353418549,0.21402288348533813,6-mer
AGTAGT,0.12364951466980856,0.1884993996848425,6-mer
AGTAGC,0.43885984804502215,0.5932694749195124,6-mer
AGTAGG,0.15086987915311237,0.26399853253637934,6-mer
AGTTAA,0.03399854859469496,-0.4097758367705806,6-mer
AGTTAT,0.21456843155772634,-0.03534117433680575,6-mer
AGTTAC,0.24846844815987157,0.034455358374609536,6-mer
AGTTAG,-0.24356312121205842,-0.45439112566703993,6-mer
AGTTTA,-0.2805176360649905,-0.25035491898278966,6-mer
AGTTTT,0.1665247766285796,0.14689411629126994,6-mer
AGTTTC,0.23646051029995788,0.059204522106474713,6-mer
AGTTTG,-0.170335215929558,-0.2500713476133863,6-mer
AGTTCA,-0.04722016343721689,-0.17834200364205902,6-mer
AGTTCT,0.01860758475625504,-0.10169999437010732,Inverted repeat
AGTTCC,0.6258623923480806,0.6324373420538469,6-mer
AGTTCG,-0.0062589904716822305,-0.10193816376621904,6-mer
AGTTGA,0.3356775049953211,0.1951186234105538,6-mer
AGTTGT,0.2705519553911901,0.101460985864623,6-mer
AGTTGC,0.5676793773439773,0.6856798066667206,6-mer
AGTTGG,0.4139084599694038,0.7024560637395967,6-mer
AGTCAA,-0.06705361532814148,-0.4563930758627998,6-mer
AGTCAT,0.04804916326280733,-0.43462822763672465,6-mer
AGTCAC,-0.5426707790047175,-0.8368142252369115,6-mer
AGTCAG,-0.5472428347719974,-0.8520306382353307,6-mer
AGTCTA,-0.3567957074242589,-0.5531386845149718,6-mer
AGTCTT,-0.09917775131602294,-0.34775972328056715,6-mer
AGTCTC,-0.23567018516906652,-0.47774881521664536,6-mer
AGTCTG,-0.605858871461151,-0.803394048855557,6-mer
AGTCCA,-0.4710608664885374,-0.29102514966724374,6-mer
AGTCCT,-0.5194660768433408,-0.8163437052848588,Inverted repeat
AGTCCC,0.03595687777640964,-0.5017685651947575,6-mer
AGTCCG,-0.2943305363233325,-0.8107858274578776,6-mer
AGTCGA,-0.018450852106171495,-0.45210280691235005,6-mer
AGTCGT,0.30231707645879724,0.2064508774674265,6-mer
AGTCGC,0.15702116821167436,-0.06132144737303042,6-mer
AGTCGG,0.4796675578815567,0.0669544378116555,6-mer
AGTGAA,-0.060743878726138435,-0.06734943066109438,6-mer
AGTGAT,0.09391660104975431,-0.09037157310908739,6-mer
AGTGAC,-0.05277047525516763,-0.3567002981939453,6-mer
AGTGAG,-0.622016095477103,-0.4972530840722647,6-mer
AGTGTA,-0.02669958134739248,0.10344705677879497,6-mer
AGTGTT,-0.09284038038397222,-0.21630014802082387,6-mer
AGTGTC,-0.12524065561509676,-0.2909492182734036,6-mer
AGTGTG,-0.5590367343215499,-0.3353982600671579,6-mer
AGTGCA,-0.054758218462918506,0.029421905786586544,6-mer
AGTGCT,-0.044050443244336164,0.09929770323435179,Inverted repeat
AGTGCC,0.04213068867230567,-0.20531890797750635,6-mer
AGTGCG,-0.1724671960047654,-0.07473087507662686,6-mer
AGTGGA,0.012859211313859411,0.5221977053256702,6-mer
AGTGGT,-0.08438259997089775,0.41248827371329394,6-mer
AGTGGC,0.26223034002455115,0.05634731693785797,6-mer
AGTGGG,-0.4139763039085334,-0.44264196067344547,6-mer
AGCAAA,-0.2518040658273277,0.04554516527932856,6-mer
AGCAAT,0.05164953656236902,-0.019280624041585665,6-mer
AGCAAC,0.27296315618731504,0.5232856041663319,6-mer
AGCAAG,-0.23664791107884392,0.19539568895843074,6-mer
AGCATA,-0.46588474745289826,-0.23881673399780445,6-mer
AGCATT,0.13026629279070917,-0.023661597093400856,6-mer
AGCATC,0.5064832728976613,0.580541572723722,6-mer
AGCATG,-0.6110098589420055,-0.38912622692470406,6-mer
AGCACA,-0.20913246753481124,-0.04613199671425123,6-mer
AGCACT,-0.061354726639815824,0.132103536007345,Inverted repeat
AGCACC,0.5590170274305122,0.7663182085526551,6-mer
AGCACG,-0.40053792958372875,-0.14247548171246116,6-mer
AGCAGA,-0.010213126413356262,0.4249724773365636,6-mer
AGCAGT,0.2971383269132169,0.5295216918286123,6-mer
AGCAGC,0.4881977574054606,1.001043289215688,6-mer
AGCAGG,0.5443606987976815,0.8579920723740364,6-mer
AGCTAA,0.07418312019784949,-0.1639580186583471,6-mer
AGCTAT,0.25608086586259127,0.34892310570900725,6-mer
AGCTAC,0.3333527579610721,0.5606782536336002,6-mer
AGCTAG,-0.4445360091929524,-0.42137967447320385,6-mer
AGCTTA,-0.8153006385298371,-0.7470250388467592,6-mer
AGCTTT,0.014659571363384385,0.1399631903376698,6-mer
AGCTTC,0.4489080932174639,0.7006500028046566,6-mer
AGCTTG,-0.4334723915746165,-0.18608774405056389,6-mer
AGCTCA,-0.34927565933892896,-0.4860618161949684,6-mer
AGCTCT,-0.012420197134498288,-0.0011491000534924875,Inverted repeat
AGCTCC,0.8949924752390263,1.018681421066075,6-mer
AGCTCG,-0.2564316710095469,-0.2644649414402347,6-mer
AGCTGA,0.11001329867540653,0.18553962597141485,6-mer
AGCTGT,0.21376417666933242,0.38105268063866543,6-mer
AGCTGC,0.20754093799596723,0.6620035364849841,6-mer
AGCTGG,0.11614921718146122,0.6798511133038078,6-mer
AGCCAA,-0.160405534440747,-0.42321143072454404,6-mer
AGCCAT,0.15200309344504997,-0.08780762159606353,6-mer
AGCCAC,0.1675439443408278,-0.0584661605155786,6-mer
AGCCAG,-0.50672160553347,-0.3509119695525333,6-mer
AGCCTA,-0.7783270534484038,-1.346450414021431,6-mer
AGCCTT,0.06973262119284847,-0.5834390633664073,6-mer
AGCCTC,0.26222184876309457,-0.08042091662682778,6-mer
AGCCTG,-0.6974512912662184,-1.0060785555666039,6-mer
AGCCCA,0.15431140600291218,-0.5652876842643032,6-mer
AGCCCT,0.5796682010516432,-0.5070515854972152,Inverted repeat
AGCCCC,0.7641017241037202,-0.18545146488125036,6-mer
AGCCCG,-0.8435372583642502,-0.9848931076097917,6-mer
AGCCGA,0.45351164709347946,-0.21543337237307233,6-mer
AGCCGT,0.8096346618644387,0.014908207296172683,6-mer
AGCCGC,0.2887612309521629,-0.056583528366367326,6-mer
AGCCGG,-0.3570105540428075,-0.646738698307846,6-mer
AGCGAA,0.04456033803953924,0.16735105777848602,6-mer
AGCGAT,-0.0008636306997731911,0.012344684991441287,6-mer
AGCGAC,0.25860215951853305,0.3102146743235717,6-mer
AGCGAG,0.05826765517918042,0.4066981983661144,6-mer
AGCGTA,-0.3113974273951927,-0.03777665080295651,6-mer
AGCGTT,0.3493613250104748,0.4592418028300515,6-mer
AGCGTC,0.06798683767609326,0.09534787658748088,6-mer
AGCGTG,-0.38177195241731643,-0.05552956871333932,6-mer
AGCGCA,-0.39741182859700924,-0.2981250703021557,Inverted repeat
AGCGCT,-0.1375035237499347,-0.3336573874694694,Palindromes
AGCGCC,0.881978025643031,0.7098294642286921,Inverted repeat
AGCGCG,-0.7151612238478576,0.43928504552552106,Inverted repeat
AGCGGA,-0.23455430613795472,-0.288761230952163,6-mer
AGCGGT,-0.6620714264189225,-0.571583470919956,6-mer
AGCGGC,0.6931113045767787,0.14059833017280057,6-mer
AGCGGG,-0.932885804141463,-0.6094848198552251,6-mer
AGGAAA,-0.2358865508018364,0.038832775805129255,6-mer
AGGAAT,0.025978186687271726,-0.10435383894822535,6-mer
AGGAAC,0.22588810673553159,0.21893247530409138,6-mer
AGGAAG,-0.09859387616727333,0.37656734365258865,6-mer
AGGATA,-0.3362388883952384,-0.21135505875100571,6-mer
AGGATT,0.223640202061701,-0.11830935051093915,6-mer
AGGATC,-4.1147116588766925,-4.247538069510625,6-mer
AGGATG,-0.470723659065992,0.04083781659224259,6-mer
AGGACA,-0.3013464788143148,-0.41201779703970287,6-mer
AGGACT,-0.45916117247643606,-0.7245724832449598,Inverted repeat
AGGACC,0.16523892060174428,-0.09992422594779278,6-mer
AGGACG,0.15545451863397897,0.6460570979679957,6-mer
AGGAGA,0.26246774408328755,0.7774783685930802,6-mer
AGGAGT,0.3279370146584329,0.5447561783261361,6-mer
AGGAGC,0.9499157743014004,1.0345937811322319,6-mer
AGGAGG,0.18409672315490327,1.437725093986739,6-mer
AGGTAA,0.029912717545207666,-0.06002579717621737,6-mer
AGGTAT,0.33999681311581836,0.40591840142003655,6-mer
AGGTAC,-0.006996110202049673,0.263117202760035,6-mer
AGGTAG,-0.3779657337192271,0.024003042383556997,6-mer
AGGTTA,-0.7443201175430465,-0.7695515332943698,6-mer
AGGTTT,-0.19116869800169237,-0.2895308598923394,6-mer
AGGTTC,0.28496726126073574,0.14482804115234663,6-mer
AGGTTG,-0.5643732312188208,-0.28412931496436866,6-mer
AGGTCA,0.3673970136344092,-0.1827931746998058,6-mer
AGGTCT,0.6040713236688607,0.12397797626417842,Inverted repeat
AGGTCC,0.39700357644858214,-0.01934172230100524,6-mer
AGGTCG,0.79455308571915,0.8246329134894398,6-mer
AGGTGA,0.3843677860923488,0.5026491976968006,6-mer
AGGTGT,0.787218785372104,0.769723478625762,6-mer
AGGTGC,0.8006080896170191,0.9281039408584473,6-mer
AGGTGG,0.6050404052188783,1.1991420397243877,6-mer
AGGCAA,-0.05441061265679439,-0.4351357465648032,6-mer
AGGCAT,0.3367616107261669,-0.41321014622783697,6-mer
AGGCAC,-0.0541334371334784,-0.45786139920432667,6-mer
AGGCAG,-0.27760051896845805,-0.4760868779989198,6-mer
AGGCTA,-0.4037874367102224,-0.947309502273136,6-mer
AGGCTT,-0.20254264547742618,-0.789856618105711,6-mer
AGGCTC,0.29886684515202777,-0.470480087826653,6-mer
AGGCTG,-0.38558862783464726,-0.6360190779458499,6-mer
AGGCCA,-0.7588369857682553,-1.6742298388182435,Inverted repeat
AGGCCT,-0.8434357423355773,-2.270105761236382,Palindromes
AGGCCC,-0.033552559711026456,-1.5046203924035526,Inverted repeat
AGGCCG,-0.2387868595871166,-0.7916344639358377,Inverted repeat
AGGCGA,0.8349976771267329,0.6311428520407719,6-mer
AGGCGT,1.0304652807270513,0.7793363925803031,6-mer
AGGCGC,0.6368014322407742,0.4708517954004403,6-mer
AGGCGG,0.6403923344711531,0.7147698480520099,6-mer
AGGGAA,-0.03881924889052805,-0.3392077826086662,6-mer
AGGGAT,-0.04052054040948535,-0.4596583802296047,6-mer
AGGGAC,-0.11574786652323195,-0.5156579779628139,6-mer
AGGGAG,-0.5997938521222421,-0.12952311264477803,6-mer
AGGGTA,-0.46799768114233414,-0.7102277549774111,6-mer
AGGGTT,-0.09413368206382082,-0.7157926384593305,6-mer
AGGGTC,0.9445229743397121,0.05934915710498803,6-mer
AGGGTG,-0.08246216019197294,-0.334490360755411,6-mer
AGGGCA,-0.12378902248090819,-0.8169566592609333,6-mer
AGGGCT,0.3487518829630723,-0.6054872576728795,Inverted repeat
AGGGCC,-0.2534610791269929,-1.6067209020828097,6-mer
AGGGCG,-0.21150410519371177,-0.3734583955274445,6-mer
AGGGGA,-0.06174691290825104,-0.16909886615074157,6-mer
AGGGGT,-0.3119655517787215,-0.28572200054168884,6-mer
AGGGGC,0.5145731728297582,-0.26934817976599595,6-mer
AGGGGG,-0.05610510188515015,0.6933543629455909,6-mer
TAAAAA,0.09819704521939586,0.3035295591790803,6-mer
TAAAAT,-0.05423590524722233,-0.029767921226431147,6-mer
TAAAAC,0.25207663447945755,0.07427000306437165,6-mer
TAAAAG,0.3576329327433826,0.2722559479522637,6-mer
TAAATA,-0.12299022560779531,0.05024954148953965,Inverted repeat
TAAATT,-0.01699347257882227,-0.1201889567194828,6-mer
TAAATC,0.6389384537752725,0.29818667176988023,6-mer
TAAATG,0.23705126405456522,0.006137356427692768,6-mer
TAAACA,-0.1474168961940858,-0.3980168332808287,6-mer
TAAACT,-0.03715299841746605,-0.26716089064499204,6-mer
TAAACC,0.046140371386327816,-0.3207961253974423,6-mer
TAAACG,0.26466089421451194,0.07960258588567742,6-mer
TAAAGA,0.3364808505160474,0.14347322717088937,6-mer
TAAAGT,0.06298827777220505,-0.06445172795091926,6-mer
TAAAGC,0.34454548481201636,0.14107299559481876,6-mer
TAAAGG,0.36807826692001,-0.03388684964020227,6-mer
TAATAA,0.20762766829513662,-0.17729272675449775,6-mer
TAATAT,-0.06973217426738344,-0.013180007798985227,6-mer
TAATAC,0.13227245996291417,0.04591313020890839,6-mer
TAATAG,0.23866543322278222,-0.16194982746651349,6-mer
TAATTA,-0.5791087419728863,-0.7278960098881104,Palindromes
TAATTT,-0.014964294881842864,-0.26163274810298537,Inverted repeat
TAATTC,0.34268870814122343,-0.19849975634915026,Inverted repeat
TAATTG,0.08649525598394281,-0.42930884793729096,Inverted repeat
TAATCA,-0.3714787507180648,-0.7484836544237515,6-mer
TAATCT,-0.2562574170515169,-0.41669598359628157,6-mer
TAATCC,0.4010049355065627,0.012766562438142393,6-mer
TAATCG,0.6455425664026114,0.050018001765406384,6-mer
TAATGA,0.3777280189421744,-0.21415426795094286,6-mer
TAATGT,0.0885014562722268,-0.3794119265364657,6-mer
TAATGC,0.4741320069152398,-0.045516810712652366,6-mer
TAATGG,0.18543207886939217,-0.053043323075663874,6-mer
TAACAA,-0.36663356724189655,-0.4973089964962252,6-mer
TAACAT,-0.18540733346486404,-0.3048471678657912,6-mer
TAACAC,0.12419424402854531,-0.16518313999423223,6-mer
TAACAG,0.19257461836674797,-0.08850353167465481,6-mer
TAACTA,-0.22290611847228603,-0.38765139607356747,Inverted repeat
TAACTT,-0.15679117788326688,-0.2677626629949362,6-mer
TAACTC,0.3398931373506049,0.007197441815785829,6-mer
TAACTG,0.22701748140323968,-0.0022192467509877817,6-mer
TAACCA,-1.1095695093706885,-0.8546534493972532,6-mer
TAACCT,-0.8244773477944008,-0.7988666068529645,6-mer
TAACCC,-0.32297694629007606,-0.8335925799719929,6-mer
TAACCG,-0.054950596623401786,-0.5611030365322028,6-mer
TAACGA,-0.11847869806817869,-0.2547191376217902,6-mer
TAACGT,-0.5634293391715147,-0.5102669555446946,6-mer
TAACGC,0.39031506986761255,0.2242521638316693,6-mer
TAACGG,0.1808579561172352,-0.3785116232537298,6-mer
TAAGAA,-0.5342960154593931,-0.447036427752381,6-mer
TAAGAT,-0.6985391127497672,-0.6486967813279062,6-mer
TAAGAC,0.10010956076198611,-0.2976428322736643,6-mer
TAAGAG,0.11993231719813743,-0.035994258864032,6-mer
TAAGTA,-0.13319599941513263,-0.10685196425414692,Inverted repeat
TAAGTT,-0.0033838369756918527,-0.21144904364986639,6-mer
TAAGTC,0.3620674857405766,-0.18427163510828115,6-mer
TAAGTG,0.4587179897392355,0.18929440154052793,6-mer
TAAGCA,-0.937770762473764,-0.6511152470402821,6-mer
TAAGCT,-0.80337695909428,-0.7317021989050033,6-mer
TAAGCC,0.034476431221778736,-0.6089658615804043,6-mer
TAAGCG,-0.20356259814259978,-0.31008989165637796,6-mer
TAAGGA,-0.6928142155701897,-0.5604045231589708,6-mer
TAAGGT,-0.546044967636776,-0.635557472054718,6-mer
TAAGGC,0.32266285173588427,-0.570648558283231,6-mer
TAAGGG,-0.05332381308565345,-0.6306077461321138,6-mer
TATAAA,0.08776956023412956,0.3617932840241221,6-mer
TATAAT,0.03014222749681633,0.09522822057417228,6-mer
TATAAC,0.0763033673131976,0.08235757755680902,6-mer
TATAAG,-0.16986298871729727,-0.05229774412211087,6-mer
TATATA,-0.41426322760207585,0.30894282434272624,Palindromes
TATATT,-0.05772444977093691,0.33261729603892454,Inverted repeat
TATATC,0.4009398338287508,0.6526083842308773,Inverted repeat
TATATG,-0.2247499864572129,0.17635786468154607,Inverted repeat
TATACA,-0.22740284496356006,0.2595101409284171,6-mer
TATACT,-0.28115458956245876,0.2080038324514872,6-mer
TATACC,0.34251176890953294,0.7185793853248847,6-mer
TATACG,0.021481995800663803,0.330831150042002,6-mer
TATAGA,0.2790691598318861,0.42679962269762817,6-mer
TATAGT,0.13995865310804628,0.26759117228133034,6-mer
TATAGC,0.46055808108267987,0.5148179671021516,6-mer
TATAGG,0.2954807706658037,0.12886481575695446,6-mer
TATTAA,0.08282422265418993,-0.2753173527608694,6-mer
TATTAT,0.1198487581899585,0.10242808903678678,6-mer
TATTAC,0.11438519460141806,-0.020157743675346073,6-mer
TATTAG,0.1522706183711123,-0.24279318554546267,6-mer
TATTTA,-0.17573837094389136,0.008068877972533582,Inverted repeat
TATTTT,0.07461228980858034,0.4334455762790669,6-mer
TATTTC,0.2715557910166981,0.3105485315643197,6-mer
TATTTG,0.29272100545229995,0.17146833568876643,6-mer
TATTCA,-0.4644939271419434,-0.4493737850514378,6-mer
TATTCT,-0.46436580407230116,-0.1973072317827806,6-mer
TATTCC,0.1534586153954991,0.27471554790119673,6-mer
TATTCG,-0.19278991957103928,-0.16036205865496245,6-mer
TATTGA,0.06970560027105221,-0.01243904121006958,6-mer
TATTGT,0.03475378591536473,0.04844765981259733,6-mer
TATTGC,0.1590188444047347,0.23718413376267428,6-mer
TATTGG,0.16184718055796987,0.2329316637684577,6-mer
TATCAA,0.3688051597930845,0.23262400273259815,6-mer
TATCAT,0.20493316253725977,0.2471757746357805,6-mer
TATCAC,0.13558813605575162,0.196179280687157,6-mer
TATCAG,0.3032330851807026,0.062386573808728946,6-mer
TATCTA,0.14713415453042428,0.21675381281631748,Inverted repeat
TATCTT,-0.0022966760608681795,0.22735065671095217,6-mer
TATCTC,0.2702369930220183,0.5107803780655986,6-mer
TATCTG,0.30500914420430386,0.3637204481107652,6-mer
TATCCA,-0.09947428096634417,0.365016307785428,6-mer
TATCCT,-0.43206073180444693,-0.20383566508822956,6-mer
TATCCC,0.02863880122476923,-0.1449015134055493,6-mer
TATCCG,0.47970692683657107,-0.03112485710052731,6-mer
TATCGA,0.3370857783508527,0.032190591072553495,6-mer
TATCGT,0.32582201099185326,0.4631819472407204,6-mer
TATCGC,0.5807634525242247,0.5453190363058131,6-mer
TATCGG,0.33231257703516737,-0.2115440906440515,6-mer
TATGAA,-0.2233281991387636,0.03388203597662608,6-mer
TATGAT,-0.0652639799797739,-0.11630590484199281,6-mer
TATGAC,0.10217874034063702,-0.2016338611696504,6-mer
TATGAG,-0.30131610319439844,-0.24027020549657163,6-mer
TATGTA,-0.27124716931212417,0.03591812537754221,Inverted repeat
TATGTT,-0.15474333775288662,-0.15776145413575543,6-mer
TATGTC,0.16615640472435364,-0.10624762950226407,6-mer
TATGTG,-0.1931206587488989,-0.06738502083108824,6-mer
TATGCA,-0.5781071807199228,-0.24450090207713687,6-mer
TATGCT,-0.47219138672616695,-0.23641566102664988,6-mer
TATGCC,0.16107569326443674,-0.30256277002043114,6-mer
TATGCG,-0.5378942470643774,-0.32040866869016155,6-mer
TATGGA,-0.1149108994378302,0.47417807719087196,6-mer
TATGGT,-0.41532057492792024,0.025479934346123907,6-mer
TATGGC,0.10457328120492575,-0.079735335676047,6-mer
TATGGG,0.29453655080665325,0.09947874116832207,6-mer
TACAAA,-0.05226874311967807,0.23716498885624143,6-mer
TACAAT,0.06331330471800378,0.08029899169757923,6-mer
TACAAC,0.4159828850793168,0.5382972418500027,6-mer
TACAAG,0.0686661608715015,0.23539915776135475,6-mer
TACATA,-0.2565637341571209,0.09889455195007987,Inverted repeat
TACATT,0.040228306536506796,0.021396771773219043,6-mer
TACATC,0.5514099410101296,0.7508869988870905,6-mer
TACATG,-0.19472674208212443,-0.23287999469676635,6-mer
TACACA,-0.15376491143129223,0.03156170708237328,6-mer
TACACT,0.0654398933030244,0.09982577913019242,6-mer
TACACC,0.8235304852507913,0.9623352426139374,6-mer
TACACG,-0.04863477525087642,0.05254542660106131,6-mer
TACAGA,0.05751739985700209,0.17710246927121467,6-mer
TACAGT,0.014810811785031507,0.1766292793489313,6-mer
TACAGC,0.4021155426183244,0.617898904818889,6-mer
TACAGG,0.639344675104407,0.5543841402276471,6-mer
TACTAA,-0.1172957052833299,-0.253352484535923,6-mer
TACTAT,0.004597236059782569,0.24036057030042499,6-mer
TACTAC,0.18893199068710156,0.3992040758333015,6-mer
TACTAG,-0.3570011357130643,-0.46185124301027963,6-mer
TACTTA,-0.11815722074103284,-0.11749469787420833,Inverted repeat
TACTTT,-0.030784468769958325,0.2644184757386508,6-mer
TACTTC,0.3664356271517096,0.615118851870543,6-mer
TACTTG,0.09974015162380835,0.2960044882688969,6-mer
TACTCA,-0.34022603535514034,-0.41754092068209947,6-mer
TACTCT,-0.20355223548019813,0.026296455127692252,6-mer
TACTCC,0.45682645220089674,0.7213734874700792,6-mer
TACTCG,-0.3832769291251165,-0.411678487188929,6-mer
TACTGA,-0.26378875619915765,-0.3181271586296519,6-mer
TACTGT,-0.04843728966472758,0.23072285195120615,6-mer
TACTGC,0.2042404147660111,0.5823653892351169,6-mer
TACTGG,0.052033710445800664,0.33119554357948655,6-mer
TACCAA,-0.2621548356001045,0.09757853997102543,6-mer
TACCAT,-0.21212064757266738,0.3373232668351068,6-mer
TACCAC,-0.06901679051746078,0.5337644378495953,6-mer
TACCAG,0.17399237104050397,0.6637166121355677,6-mer
TACCTA,-0.07336361719775256,-0.025987581984827774,Inverted repeat
TACCTT,-0.0455241165709887,0.04655856625416632,6-mer
TACCTC,0.06404105222105819,0.5728636334947487,6-mer
TACCTG,0.2477803929544645,0.38406520383613546,6-mer
TACCCA,-0.4134271033077068,-0.21089325835375644,6-mer
TACCCT,-0.35252756249706324,-0.681620140883605,6-mer
TACCCC,-0.23145650376468474,-0.3797261834833614,6-mer
TACCCG,-0.09953567355091435,-0.5443205162238102,6-mer
TACCGA,0.21729455369676903,-0.3663094498005769,6-mer
TACCGT,-0.38675225380766204,-0.3884831649609839,6-mer
TACCGC,-0.1299170292781273,-0.19483669881588642,6-mer
TACCGG,-1.0208873664738238,-1.2630344058337937,6-mer
TACGAA,-0.16798719720081984,0.1696037242912488,6-mer
TACGAT,0.11834817500959247,0.2992477057465619,6-mer
TACGAC,0.2370391973008493,0.3252510024006446,6-mer
TACGAG,0.009045139603006848,0.03875604348249233,6-mer
TACGTA,-0.45403793085929656,-0.1735993222518493,Palindromes
TACGTT,-0.05788635568656675,0.2537699308340799,Inverted repeat
TACGTC,0.06501979185041,0.20192831877673223,Inverted repeat
TACGTG,-0.4916587808817562,0.013959941844840366,Inverted repeat
TACGCA,-0.8320553626859283,-0.22743094231647673,6-mer
TACGCT,0.0008199460526984689,0.1392058189809353,6-mer
TACGCC,0.623851514114751,0.5599337062296338,6-mer
TACGCG,-0.4854268271702417,-0.11664491885227063,6-mer
TACGGA,-0.15754127698647985,-0.24480366875670723,6-mer
TACGGT,0.02990148571386196,0.13690608147877537,6-mer
TACGGC,0.8055298806492777,0.07753660047102023,6-mer
TACGGG,0.4825443186371205,-0.06703422163301753,6-mer
TAGAAA,0.00805593292413859,0.25450452190065503,6-mer
TAGAAT,-0.29094206984380283,-0.36024328680861384,6-mer
TAGAAC,-0.01540769598225233,-0.19635564196856875,6-mer
TAGAAG,0.4176636514241554,0.6127321511823682,6-mer
TAGATA,0.16162273201172012,0.20199801885019825,Inverted repeat
TAGATT,0.041085493680028784,-0.18558629574473248,6-mer
TAGATC,-3.5227776695245754,-4.130125904136198,6-mer
TAGATG,0.6218785052075142,0.6717666882156967,6-mer
TAGACA,-0.14226768746870366,-0.3375902377865948,6-mer
TAGACT,-0.371114332207839,-0.6336885405375773,6-mer
TAGACC,0.6989586018117603,0.26719360843787693,6-mer
TAGACG,0.3845126322653853,0.12637728576955523,6-mer
TAGAGA,-0.011182663845756424,0.08598720684575255,6-mer
TAGAGT,-0.022798684921193337,-0.11054767341643408,6-mer
TAGAGC,0.17408890585028614,0.03343217568115997,6-mer
TAGAGG,0.2816260940607387,0.0845674772797609,6-mer
TAGTAA,-0.019009432982394384,-0.15623220822610778,6-mer
TAGTAT,-0.22181781412347945,0.07749338070604853,6-mer
TAGTAC,-0.22173650177939408,-0.041364024687681064,6-mer
TAGTAG,0.35387270835995743,0.248620210515602,6-mer
TAGTTA,-0.16111385151999227,-0.4030025523800091,Inverted repeat
TAGTTT,-0.16596467614945856,-0.14896140320388587,6-mer
TAGTTC,0.028741227004477586,-0.0956100851961061,6-mer
TAGTTG,0.4508123450014014,0.3211110896512443,6-mer
TAGTCA,-0.35703806119352693,-0.692742834483438,6-mer
TAGTCT,-0.702611299345771,-0.8561577708983458,6-mer
TAGTCC,-0.6342767872329528,-0.7745207984572704,6-mer
TAGTCG,0.3699496097503058,0.04557669015692691,6-mer
TAGTGA,0.05832371668523229,-0.2600019401016613,6-mer
TAGTGT,-0.14591780786443437,-0.2003488001812806,6-mer
TAGTGC,-0.18429773522887602,-0.2542524773472128,6-mer
TAGTGG,-0.04295956739074505,0.06354399518815779,6-mer
TAGCAA,-0.003683763712169029,0.048723202762262954,6-mer
TAGCAT,-0.02496234405845055,-0.03474906963138164,6-mer
TAGCAC,0.09868003326672134,0.29511714888137547,6-mer
TAGCAG,0.3823440239211651,0.5391412823575875,6-mer
TAGCTA,0.10306825911174437,0.015321285702222747,Palindromes
TAGCTT,-0.17645422795765828,-0.06949352218680833,Inverted repeat
TAGCTC,0.2871779028185249,0.19238693908609245,Inverted repeat
TAGCTG,0.3986269845508057,0.5115501548196792,Inverted repeat
TAGCCA,-0.16192859422741898,-0.3638757959989282,6-mer
TAGCCT,-0.3845366088143099,-0.9680468537647102,6-mer
TAGCCC,0.41302677415769723,-0.5002698547983891,6-mer
TAGCCG,0.4890380807226207,-0.4523768611033468,6-mer
TAGCGA,0.07446084466059792,-0.08380375647413553,6-mer
TAGCGT,-0.18459305123114775,-0.14182081886471343,6-mer
TAGCGC,-0.1511415257628966,-0.28317205140486995,6-mer
TAGCGG,0.22239242133644793,-0.13471030885825447,6-mer
TAGGAA,-0.23536015476794683,-0.2345352856770788,6-mer
TAGGAT,-0.487722285157904,-0.6310725085854719,6-mer
TAGGAC,-0.19613279305099526,-0.5738219431159558,6-mer
TAGGAG,0.4869283509081873,0.7789449111152982,6-mer
TAGGTA,0.007203792778839366,-0.011133338533574557,Inverted repeat
TAGGTT,-0.41168715449666493,-0.5515526084664749,6-mer
TAGGTC,0.6337092688045383,0.07011475613632068,6-mer
TAGGTG,0.8176066621884645,0.6824102409451942,6-mer
TAGGCA,-0.4402341391300344,-1.0087589998325046,6-mer
TAGGCT,-0.693325748218708,-1.3087209654203962,6-mer
TAGGCC,-0.7269815055935842,-2.1580648462322514,6-mer
TAGGCG,0.6684858562834396,0.15200309344504997,6-mer
TAGGGA,-0.3046770518363382,-0.7526419434820828,6-mer
TAGGGT,-0.09694389426122461,-0.6866829790292707,6-mer
TAGGGC,0.2503309853926585,-0.942058001626584,6-mer
TAGGGG,0.0909379422593179,-0.15438831383816592,6-mer
TTAAAA,0.1341263100583745,-0.06525136264944972,Inverted repeat
TTAAAT,0.18971055731069694,-0.06419071779901912,6-mer
TTAAAC,-0.11230296962479236,-0.48651196828261917,6-mer
TTAAAG,0.26616426548219957,-0.16634843923649373,6-mer
TTAATA,0.08719349526891564,-0.2543793385484019,6-mer
TTAATT,-0.11637968956804101,-0.5654986167607867,6-mer
TTAATC,-0.4054333480789084,-0.756581756731414,6-mer
TTAATG,0.25692601403837334,-0.4395746085347638,6-mer
TTAACA,-0.20361749277720115,-0.5225349005410308,6-mer
TTAACT,-0.0709344611081196,-0.41700558648685904,6-mer
TTAACC,-1.1478729611919942,-1.2012029872779406,6-mer
TTAACG,-0.588252570655341,-0.8113835759157461,6-mer
TTAAGA,-0.5417906665795826,-0.7474694268114406,6-mer
TTAAGT,-0.05984972384217408,-0.3430999341565663,6-mer
TTAAGC,-0.9413649869827853,-0.9965642589286329,6-mer
TTAAGG,-0.6930940957302906,-0.9656759482593321,6-mer
TTATAA,0.03474563882244554,0.006224647729098513,Palindromes
TTATAT,-0.08034362044896017,0.29172602242738127,Inverted repeat
TTATAC,-0.1801567656115402,0.16281513753481666,Inverted repeat
TTATAG,0.36517968189006395,0.20687477665303153,Inverted repeat
TTATTA,0.22724580313558512,-0.15754448653806194,6-mer
TTATTT,0.0902097114630568,0.17130826138293176,6-mer
TTATTC,-0.4766904744367606,-0.44157253758081433,6-mer
TTATTG,0.09678901753736695,-0.07782714033134472,6-mer
TTATCA,0.4794288233227071,0.19314852903872076,6-mer
TTATCT,0.17626661730360663,0.18001040642642913,6-mer
TTATCC,-0.430095901611786,-0.28166273517020424,6-mer
TTATCG,0.4832090019204229,0.13076429707071094,6-mer
TTATGA,-0.08824207899660325,-0.21656050896727486,6-mer
TTATGT,-0.1991832395077491,-0.2004334606761694,6-mer
TTATGC,-0.5804031106296309,-0.542410342748081,6-mer
TTATGG,-0.2744658350649346,-0.13210353600734515,6-mer
TTACAA,0.1808695522967886,0.07543249852453346,Inverted repeat
TTACAT,-0.0059610227518574815,-0.04576232735044944,6-mer
TTACAC,0.24547224467028889,0.11244395471856156,6-mer
TTACAG,0.3478683132336869,0.23716263251902125,6-mer
TTACTA,0.006706868871880169,-0.18692813111411904,6-mer
TTACTT,0.006357753734687208,0.02105807022961232,6-mer
TTACTC,-0.17543493926578152,-0.2254618474601716,6-mer
TTACTG,0.00577271210044683,-0.03634090326495432,6-mer
TTACCA,-0.185594864631828,0.08721436694790019,6-mer
TTACCT,-0.015786223306790453,-0.08068648525372517,6-mer
TTACCC,-0.5459683691052926,-0.8090402042750738,6-mer
TTACCG,-0.6723355355634931,-1.145965102498131,6-mer
TTACGA,-0.012910108887386725,0.028113636208913814,6-mer
TTACGT,-0.31350971919403786,-0.21845489536997093,6-mer
TTACGC,-0.3516283291027823,-0.32353019948386386,6-mer
TTACGG,-0.196458931057278,-0.5952590228961128,6-mer
TTAGAA,0.17658261170643572,0.005182179765995676,Inverted repeat
TTAGAT,0.1576439590872598,-0.18451980045918273,6-mer
TTAGAC,0.039858066534159256,-0.41971017339399386,6-mer
TTAGAG,0.11162203659321973,-0.23467638531086915,6-mer
TTAGTA,-0.047305714778356725,-0.20853658643447617,6-mer
TTAGTT,-0.049501822055826275,-0.3308505406157725,6-mer
TTAGTC,-0.790180343067437,-1.0899137733629995,6-mer
TTAGTG,-0.15884555556182237,-0.4301105006416638,6-mer
TTAGCA,0.05941768088192388,-0.08920192849294388,6-mer
TTAGCT,0.05243481919496026,-0.16506891201844973,6-mer
TTAGCC,-0.22183528866264274,-0.9569312781081141,6-mer
TTAGCG,-0.42545930476535543,-0.6948801927991916,6-mer
TTAGGA,0.1039266146448741,-0.17664103369618092,6-mer
TTAGGT,0.21142855362181187,-0.28040208583608184,6-mer
TTAGGC,-0.4954455829952328,-1.4848151269105423,6-mer
TTAGGG,-0.0758077317462661,-0.8712526193127841,6-mer
TTTAAA,0.24405195747390757,0.061097562739626105,Palindromes
TTTAAT,0.1665112044649773,-0.15682676317959038,Inverted repeat
TTTAAC,-0.14692891899623403,-0.2926277919627115,Inverted repeat
TTTAAG,-0.31712253951087144,-0.43926886265247167,Inverted repeat
TTTATA,-0.003713063376294466,0.3526908764857635,6-mer
TTTATT,-0.007271797880240083,0.18055393308794992,6-mer
TTTATC,0.2831062376065027,0.3860648690163047,6-mer
TTTATG,-0.3972631515620924,-0.16503131032340967,6-mer
TTTACA,0.13186110874225615,0.23561595372996388,6-mer
TTTACT,-0.04863067228133249,0.04153539035612314,6-mer
TTTACC,-0.0006982310978218635,0.1690796231297585,6-mer
TTTACG,-0.03980100805797495,-0.009473641252617777,6-mer
TTTAGA,0.3147883307853766,0.0871649627319886,6-mer
TTTAGT,-0.08897257063886234,-0.14380743370345964,6-mer
TTTAGC,0.20372234392922775,0.02653032011322353,6-mer
TTTAGG,0.3088788213581095,-0.17471682004101444,6-mer
TTTTAA,0.15886628936083383,-0.04293119846201665,Inverted repeat
TTTTAT,0.05451261867230999,0.41788257537392015,6-mer
TTTTAC,0.09902613875791384,0.24063079112105618,6-mer
TTTTAG,0.3046078602764659,0.08061715551165814,6-mer
TTTTTA,0.015450646403568694,0.292214929218113,6-mer
TTTTTT,-0.4426039675194268,0.1218339996978932,6-mer
TTTTTC,0.14215197653434392,0.5503325792687107,6-mer
TTTTTG,-0.37467582766393936,-0.08992442333767346,6-mer
TTTTCA,0.07936418745949814,0.28689951615770604,6-mer
TTTTCT,0.07763636328286466,0.4945595480645333,6-mer
TTTTCC,-0.09425915856928384,0.38859823427993245,6-mer
TTTTCG,-0.005876566336669283,0.05656166951619332,6-mer
TTTTGA,0.07001752292381269,-0.026435399873600468,6-mer
TTTTGT,-0.22841791571111417,0.10584944748311664,6-mer
TTTTGC,-0.058294936174715054,0.2307463720488143,6-mer
TTTTGG,-0.20326071210604077,-0.040873056018763905,6-mer
TTTCAA,0.04203633811945228,6.491462310210567e-05,Inverted repeat
TTTCAT,0.037748851745547325,0.2115723596783195,6-mer
TTTCAC,-0.10812872910963532,0.05465481707560722,6-mer
TTTCAG,-0.11542547917678862,-0.2336208765105874,6-mer
TTTCTA,0.088836723757402,0.19420271330689667,6-mer
TTTCTT,0.051165260557987924,0.3673119382058111,6-mer
TTTCTC,0.021785830373980932,0.3640965903620816,6-mer
TTTCTG,-0.11843356075134805,0.07659494567971123,6-mer
TTTCCA,-0.09860524923437135,0.450563932907985,6-mer
TTTCCT,-0.14979492965003238,0.08465522637551696,6-mer
TTTCCC,-0.08297658167750484,-0.03661156271073847,6-mer
TTTCCG,0.10151875983001613,-0.226702193147569,6-mer
TTTCGA,-0.41023154960611463,-0.614304345904578,6-mer
TTTCGT,-0.08793686623928898,0.23614339159625972,6-mer
TTTCGC,0.1760939016785479,0.2351284092639092,6-mer
TTTCGG,0.12225575005099808,-0.4619276314413673,6-mer
TTTGAA,0.10295162689333717,-0.09966704818204167,Inverted repeat
TTTGAT,0.2034167376159086,-0.03032961006120818,6-mer
TTTGAC,0.21697782690818188,-0.18782325579296358,6-mer
TTTGAG,-0.043140066316691816,-0.24735521830591148,6-mer
TTTGTA,-0.008458572040463993,0.21892856603287641,6-mer
TTTGTT,-0.1646611868373944,-0.0931213282300738,6-mer
TTTGTC,-0.08689639524641386,-0.10174208385498401,6-mer
TTTGTG,-0.2307030036910906,-0.23335716143181504,6-mer
TTTGCA,0.07317953242920741,0.2443342115838818,6-mer
TTTGCT,-0.12337527384541909,0.07662564795474279,6-mer
TTTGCC,-0.02718966854676286,-0.2304582570031402,6-mer
TTTGCG,-0.0947782247520998,-0.11810459938975873,6-mer
TTTGGA,0.038654268406557356,0.2407954328634733,6-mer
TTTGGT,-0.18885160422282443,0.047085136069741206,6-mer
TTTGGC,-0.11721925229558004,-0.408624215147388,6-mer
TTTGGG,-0.06734630832639966,-0.49572490615386394,6-mer
TTCAAA,0.011093169898356122,-0.08731637557468994,Inverted repeat
TTCAAT,-0.08860920209006663,-0.32080156478047483,6-mer
TTCAAC,0.32529698429746706,0.33506288379434956,6-mer
TTCAAG,0.08301310944692583,-0.07702488911453607,6-mer
TTCATA,-0.22577681997020693,0.025189051764213495,6-mer
TTCATT,-0.014224923638051043,0.011098365597830786,6-mer
TTCATC,0.5926135364371387,0.8708057579147674,6-mer
TTCATG,-0.5104399601396712,-0.6613607905178973,6-mer
TTCACA,-0.44271774507602774,-0.46275557696818775,6-mer
TTCACT,-0.08143905362256944,-0.08469092020996337,6-mer
TTCACC,0.2617390395601091,0.5765785634465354,6-mer
TTCACG,-0.21150410519371177,-0.21145726368521256,6-mer
TTCAGA,-0.24838762986939225,-0.44660900526295555,6-mer
TTCAGT,-0.4427082072123068,-0.48461304786453085,6-mer
TTCAGC,0.1572745936523806,0.21730713217666484,6-mer
TTCAGG,0.003323300048700528,-0.4697845126024686,6-mer
TTCTAA,0.19049443874478783,-0.08956189843828022,Inverted repeat
TTCTAT,-0.00945327357649855,0.26414781128430137,6-mer
TTCTAC,0.019782612190537688,0.37464470642921804,6-mer
TTCTAG,-0.4769773355974717,-0.6366022773450624,6-mer
TTCTTA,-0.4405528602892687,-0.39858056618752064,6-mer
TTCTTT,0.1692919479680413,0.5083996633344575,6-mer
TTCTTC,0.5284140327665694,1.0958062395283406,6-mer
TTCTTG,-0.1367117911864969,0.007442595336563807,6-mer
TTCTCA,-0.5241093645404877,-0.4480952671610951,6-mer
TTCTCT,-0.10459275195011784,0.2739724672501364,6-mer
TTCTCC,0.5536800067981099,1.0433546857214693,6-mer
TTCTCG,-0.05042573122121098,-0.1789302870406789,6-mer
TTCTGA,-0.2260415420327817,-0.3994095886611246,6-mer
TTCTGT,-0.14083410246859174,0.06148303173050659,6-mer
TTCTGC,-0.03538405163556327,0.4391547541178534,6-mer
TTCTGG,0.1741964006380741,0.33120590847537307,6-mer
TTCCAA,-0.06479933862248796,0.22068103911810272,Inverted repeat
TTCCAT,-0.04299321776831055,0.6014127927472865,6-mer
TTCCAC,0.13030802234573116,0.7321689612302795,6-mer
TTCCAG,-0.017641391752767983,0.38315632601999133,6-mer
TTCCTA,-0.21522100551263862,-0.24942202854910023,6-mer
TTCCTT,-0.2004140522409532,-0.04155779325814874,6-mer
TTCCTC,0.21772198980244656,0.7712576013440436,6-mer
TTCCTG,0.27001877064015806,0.46352628038834703,6-mer
TTCCCA,0.008759968778187192,0.07252165251786329,6-mer
TTCCCT,-0.12022553231809942,-0.40595820536798166,6-mer
TTCCCC,-0.09268401885371333,0.11793902634392872,6-mer
TTCCCG,0.24468509595490187,-0.4405725913859815,6-mer
TTCCGA,0.18222403594797748,-0.4767014990942839,6-mer
TTCCGT,0.026472211361190864,-0.0409686447593299,6-mer
TTCCGC,-0.07883439614765446,-0.28366573860592437,6-mer
TTCCGG,0.027151606259966873,-0.6415460290875238,6-mer
TTCGAA,-0.7406073659447394,-1.0568258148798078,Palindromes
TTCGAT,-0.03535527644796229,-0.2757971230208942,Inverted repeat
TTCGAC,0.1520030934450497,0.02214390216002282,Inverted repeat
TTCGAG,-0.08079408195824202,-0.33457547117056485,Inverted repeat
TTCGTA,-0.1632594330744868,0.14724232366440193,6-mer
TTCGTT,0.08903184090567985,0.3625700793847083,6-mer
TTCGTC,0.78922183129763,1.0083473427135201,6-mer
TTCGTG,-0.4121778451396032,-0.2674803108649858,6-mer
TTCGCA,-0.31514643835308415,-0.36950279354659304,6-mer
TTCGCT,-0.13137452922724024,0.0798533076892146,6-mer
TTCGCC,0.8467696031709476,0.7077882231404904,6-mer
TTCGCG,-0.8724499502794892,-0.19592020997525678,6-mer
TTCGGA,0.026883294150947604,-0.33703498727757075,6-mer
TTCGGT,0.12532105079254446,-0.403783589087383,6-mer
TTCGGC,0.11321061044799106,-0.5158645603910453,6-mer
TTCGGG,0.7114305020590687,-0.008630305143439957,6-mer
TTGAAA,-0.044461549193753,-0.058885767576552055,Inverted repeat
TTGAAT,-0.20249286389874296,-0.47169880429238376,6-mer
TTGAAC,0.11993568710237985,-0.08679563045927907,6-mer
TTGAAG,0.48228402134739917,0.38280099434662607,6-mer
TTGATA,0.33144792923292743,0.22714162976581886,6-mer
TTGATT,0.07512964718557796,-0.23798367853974642,6-mer
TTGATC,-3.5664484013229294,-4.0935525800520685,6-mer
TTGATG,0.8045144525431025,0.5383016706661276,6-mer
TTGACA,-0.004267069188456447,-0.197818370077539,6-mer
TTGACT,-0.02366298422703505,-0.3868086983049213,6-mer
TTGACC,0.5959791676066617,0.186721153454463,6-mer
TTGACG,0.3879982465264918,0.23916389448892889,6-mer
TTGAGA,-0.3428455058030583,-0.4193830087431425,6-mer
TTGAGT,-0.1952309273391069,-0.47279825261888414,6-mer
TTGAGC,-0.045087889528538004,-0.33356314812298954,6-mer
TTGAGG,-0.01878347567941571,-0.3513241486032396,6-mer
TTGTAA,0.17257353313905144,0.0751686393433892,Inverted repeat
TTGTAT,-0.03849022919015595,0.2861251240864236,6-mer
TTGTAC,-0.28005380696804927,0.06010126846691114,6-mer
TTGTAG,0.37832542386339707,0.37171846159889366,6-mer
TTGTTA,-0.2373671733844751,-0.45243125673615064,6-mer
TTGTTT,-0.20812874334622714,-0.08763176000102547,6-mer
TTGTTC,-0.03795253016736598,-0.05145735804882405,6-mer
TTGTTG,0.3699982134339511,0.3620294251363037,6-mer
TTGTCA,-0.07213353269249449,-0.2579344588420057,6-mer
TTGTCT,-0.172902826674585,-0.22428945650904542,6-mer
TTGTCC,-0.2185690991084887,-0.21217424302764953,6-mer
TTGTCG,0.4087329224246349,0.1502522497339377,6-mer
TTGTGA,-0.11577028295957732,-0.39562518533200675,6-mer
TTGTGT,-0.2345307441433212,-0.2194764121761693,6-mer
TTGTGC,0.02628307986630965,-0.002980336100839904,6-mer
TTGTGG,0.15177411240482794,0.23044932680172656,6-mer
TTGCAA,0.06387636417006924,0.2201258143645029,Palindromes
TTGCAT,-0.10751911997074429,0.10121847374698804,Inverted repeat
TTGCAC,0.122241907730975,0.2920367843201651,Inverted repeat
TTGCAG,0.289941440626202,0.45891604159103283,Inverted repeat
TTGCTA,-0.01746615843552232,0.04828788315139841,6-mer
TTGCTT,-0.3852699204556144,-0.08880723556380264,6-mer
TTGCTC,0.23724899584550418,0.35740324675867546,6-mer
TTGCTG,0.08686130170114423,0.48817966212564057,6-mer
TTGCCA,0.14395558502780642,0.1450640134082861,6-mer
TTGCCT,-0.3827736501078895,-0.6896689672020037,6-mer
TTGCCC,0.4026291955104419,-0.22767912938583137,6-mer
TTGCCG,0.026472211361191152,-0.49841246876472206,6-mer
TTGCGA,0.06670040120751732,-0.082617030573839,6-mer
TTGCGT,-0.33222697294243075,-0.13019872312670153,6-mer
TTGCGC,-0.04171025188483713,-0.15469572371507948,6-mer
TTGCGG,-0.12588444048310143,-0.28317205140486995,6-mer
TTGGAA,-0.08780432351067818,0.22507434621681932,Inverted repeat
TTGGAT,-0.1961156838649792,0.006977889641405543,6-mer
TTGGAC,-0.22856603884878146,-0.1550474801482688,6-mer
TTGGAG,0.5947717352449982,0.9576640712333334,6-mer
TTGGTA,-0.16218579874082648,0.2686860736103827,6-mer
TTGGTT,-0.4203832952643619,-0.21724079600995397,6-mer
TTGGTC,0.322875055893392,0.35342245791630683,6-mer
TTGGTG,0.39659166265177576,0.7277705659660721,6-mer
TTGGCA,0.045664397277340195,-0.042959061458801254,6-mer
TTGGCT,-0.18643352130203045,-0.4370747060077086,6-mer
TTGGCC,-0.7259873712056146,-1.4605091949659126,6-mer
TTGGCG,0.7862608904229799,0.7055271299116657,6-mer
TTGGGA,0.12482844189751288,-0.2634973273974927,6-mer
TTGGGT,-0.22808722165746936,-0.5422255179244263,6-mer
TTGGGC,0.1480295063230982,-0.47826703559737577,6-mer
TTGGGG,-0.09398626276703692,-0.4086397280806932,6-mer
TCAAAA,0.06411949827905956,-0.00100670894153807,6-mer
TCAAAT,0.12385258335590332,-0.07862789758894868,6-mer
TCAAAC,-0.025246789506132274,-0.3356547007940662,6-mer
TCAAAG,0.045045887349640476,-0.16634973984093326,6-mer
TCAATA,0.14222338127696268,-0.051328072571221434,6-mer
TCAATT,0.027544723393199206,-0.43560081546055046,6-mer
TCAATC,-0.42634495417999224,-0.6161679557097927,6-mer
TCAATG,-0.07449769577359554,-0.5216454764191842,6-mer
TCAACA,0.5268236190198797,0.3701352858742058,6-mer
TCAACT,0.315933423806993,0.1773070214688714,6-mer
TCAACC,-0.42657252964532155,-0.29632799782861763,6-mer
TCAACG,0.1853550420119185,0.27168672339939637,6-mer
TCAAGA,0.15189208701704238,-0.07467164388970472,Inverted repeat
TCAAGT,0.14980001053814487,-0.015709420034996008,6-mer
TCAAGC,-0.44343958586939586,-0.416544351585643,6-mer
TCAAGG,-0.09212703749291111,-0.4322763938696272,6-mer
TCATAA,-0.08009853887132615,-0.19917563454022383,6-mer
TCATAT,-0.1306154824076677,0.1000975800977989,6-mer
TCATAC,-0.36847781315154465,-0.0302443432673054,6-mer
TCATAG,-0.04225483546564685,-0.22167066781460246,6-mer
TCATTA,0.3504838888585609,-0.2442270611873969,6-mer
TCATTT,0.10481472723565605,0.1520030934450497,6-mer
TCATTC,-0.7569828834981716,-0.5119269248468233,6-mer
TCATTG,-0.2242117091448604,-0.42293090143647755,6-mer
TCATCA,0.9628418231804935,0.8123599981077885,6-mer
TCATCT,0.42630301080543437,0.6711908237505417,6-mer
TCATCC,-0.3442787243489759,0.08386780968141458,6-mer
TCATCG,-1.0242475462466774,-1.2252923118422427,6-mer
TCATGA,-0.22710368350107688,-0.6628855012979615,Palindromes
TCATGT,-0.2170674138218429,-0.35057738122700877,Inverted repeat
TCATGC,-0.740743319843199,-0.845174811122103,Inverted repeat
TCATGG,-0.35908109330482835,-0.4620572683556331,Inverted repeat
TCACAA,-0.1033397496926846,-0.3919967060091989,6-mer
TCACAT,-0.4581855885835443,-0.5520171495922918,6-mer
TCACAC,-0.5066068630197015,-0.5281924300273139,6-mer
TCACAG,-0.5300423987895394,-0.6714028637979103,6-mer
TCACTA,0.016312446484073154,-0.27691503976197873,6-mer
TCACTT,0.06260400839194293,-0.007684499054693696,6-mer
TCACTC,-0.4835289601468573,-0.29552078062885134,6-mer
TCACTG,-0.8835905078846895,-0.9299657533412311,6-mer
TCACCA,0.014173960024740284,0.35784409921511456,6-mer
TCACCT,0.42705001698082357,0.6506819070811319,6-mer
TCACCC,-0.3819327655751688,-0.2330005209024288,6-mer
TCACCG,-0.0828264311296206,-0.46234321405720064,6-mer
TCACGA,-0.08200841115823132,-0.14409333311028621,Inverted repeat
TCACGT,-0.11128333353374462,-0.16096249657392375,6-mer
TCACGC,-0.8788343104775429,-0.4746523555760666,6-mer
TCACGG,-0.5029851985545466,-0.638325726319881,6-mer
TCAGAA,-0.24015418113563397,-0.375300638084706,6-mer
TCAGAT,-0.06578448823065267,-0.46143471890165233,6-mer
TCAGAC,-0.26612368975703415,-0.658976221404198,6-mer
TCAGAG,-0.6541045890500863,-0.9497113296378302,6-mer
TCAGTA,-0.2946390659987096,-0.369519795232283,6-mer
TCAGTT,-0.16154899771658582,-0.39875612852790204,6-mer
TCAGTC,-0.9747978957557902,-1.090440666482612,6-mer
TCAGTG,-1.163431988740461,-1.2653534788952634,6-mer
TCAGCA,0.19673158020966067,0.23024973693702977,6-mer
TCAGCT,0.11277568931929231,0.14690803889346263,6-mer
TCAGCC,-0.11362642173199437,-0.46847188261516504,6-mer
TCAGCG,-0.3665720099422046,-0.6037600961752821,6-mer
TCAGGA,0.05192531958209173,-0.3004724121938869,Inverted repeat
TCAGGT,0.05900841173192311,-0.3171110785895865,6-mer
TCAGGC,-0.37928208791337076,-1.1315656842213297,6-mer
TCAGGG,-0.3295013145921632,-1.1606828491374637,6-mer
TCTAAA,0.38713689967981024,0.04281087069942715,6-mer
TCTAAT,0.08765000249768468,-0.29911092789647725,6-mer
TCTAAC,-0.16562867640955287,-0.24735957797248856,6-mer
TCTAAG,0.04895109240775179,-0.36092947555834654,6-mer
TCTATA,0.2955769801651287,0.4237251885557598,6-mer
TCTATT,-0.026714788135698653,0.06240963873271232,6-mer
TCTATC,-0.09834157159967094,0.2993537219055168,6-mer
TCTATG,-0.2754936225604312,-0.3579774673556828,6-mer
TCTACA,0.4501528027326043,0.5413012719250166,6-mer
TCTACT,0.05277240558846051,0.30364632391684043,6-mer
TCTACC,-0.30343175126997285,0.1729534886019431,6-mer
TCTACG,-0.4031912564307353,-0.2835237813667494,6-mer
TCTAGA,-1.2260051470258726,-1.6188757125317383,Palindromes
TCTAGT,-0.1351237684005235,-0.28247634677484657,Inverted repeat
TCTAGC,-0.03411075183839101,-0.06218343280198151,Inverted repeat
TCTAGG,-0.15657025555262363,-0.6676175474754713,Inverted repeat
TCTTAA,-0.43867963556270506,-0.7007478436626897,6-mer
TCTTAT,-0.30210341136629676,-0.19297440098570118,6-mer
TCTTAC,-0.30797582142536784,-0.20935051326088475,6-mer
TCTTAG,-0.311206405211413,-0.7227318785327919,6-mer
TCTTTA,0.15949826828948796,0.13051990126929797,6-mer
TCTTTT,0.20420145280152227,0.5951210222144035,6-mer
TCTTTC,-0.259446885233386,0.2548733266662976,6-mer
TCTTTG,-0.007877414277872384,-0.024408852838872223,6-mer
TCTTCA,0.510850904307459,0.6958129284820772,6-mer
TCTTCT,0.4181416965866175,1.0002854278456021,6-mer
TCTTCC,0.017887141037788365,0.6416434668856124,6-mer
TCTTCG,0.1012961314153518,0.2618376450510329,6-mer
TCTTGA,0.19615386371953467,-0.08594573443411468,Inverted repeat
TCTTGT,-0.025056118519987264,0.09788997381010418,6-mer
TCTTGC,-0.2518565221471153,0.09330371983939964,6-mer
TCTTGG,-0.17288401987664107,-0.12268944969977881,6-mer
TCTCAA,-0.4122424805662794,-0.4037205385078685,6-mer
TCTCAT,-0.3519801283339065,-0.16143421690851295,6-mer
TCTCAC,-0.6783694600360166,-0.5716678661957058,6-mer
TCTCAG,-0.8548807645528451,-1.0234132863515524,6-mer
TCTCTA,0.03946186164561676,0.10475893890825441,6-mer
TCTCTT,-0.06674788610224633,0.3340009271879373,6-mer
TCTCTC,-0.4109255127865546,0.15296907609974564,6-mer
TCTCTG,-0.5320568815071854,-0.3042171315915355,6-mer
TCTCCA,0.6303041794290254,1.124008605681645,6-mer
TCTCCT,0.31174199769735017,0.8023356834072063,6-mer
TCTCCC,0.031220052729215284,0.28622995144642427,6-mer
TCTCCG,-0.1287333141222027,-0.2807958449981353,6-mer
TCTCGA,-0.06368619209460712,-0.38964072221336227,Inverted repeat
TCTCGT,-0.11234772586549731,-0.02839873166135461,6-mer
TCTCGC,-0.3334237337251919,-0.038270016927717115,6-mer
TCTCGG,-0.9068905956085187,-1.3125395907727224,6-mer
TCTGAA,-0.27023643823983745,-0.43593827027326754,6-mer
TCTGAT,-0.09351405338324834,-0.387787227560275,6-mer
TCTGAC,-0.23195493728456806,-0.5535050691995587,6-mer
TCTGAG,-1.0674798676607105,-1.2755957224201617,6-mer
TCTGTA,0.09215437887935257,0.27907892719614424,6-mer
TCTGTT,-0.07084827335125325,-0.023429666134822433,6-mer
TCTGTC,-0.5781880488543764,-0.5184993405419384,6-mer
TCTGTG,-0.5226297277008165,-0.6021764155245068,6-mer
TCTGCA,0.024440859263298823,0.3860358715727073,6-mer
TCTGCT,0.023077751846647235,0.48917490039562267,6-mer
TCTGCC,-0.24104472496021112,-0.20295182084189334,6-mer
TCTGCG,-0.0671141958585369,-0.07783743447481688,6-mer
TCTGGA,0.28961090499236125,0.4846552725846088,Inverted repeat
TCTGGT,0.09607835010669435,0.4834582258538243,6-mer
TCTGGC,-0.27915407119707075,-0.3692660159150285,6-mer
TCTGGG,-0.09856952917133553,-0.5613756804035401,6-mer
TCCAAA,-0.007949147684666787,0.24778105818857313,6-mer
TCCAAT,-0.036966966827439336,0.07146292526542107,6-mer
TCCAAC,0.277073859103102,0.7643682380985555,6-mer
TCCAAG,-0.05781607439681564,0.2035422171255405,6-mer
TCCATA,-0.138827036563173,0.5326035262097871,6-mer
TCCATT,-0.07016085452946827,0.42523326638473224,6-mer
TCCATC,0.25888380623023965,1.1684536142256443,6-mer
TCCATG,-0.44827694015176883,-0.14327232236167842,6-mer
TCCACA,-0.004104954447345295,0.46752820177900256,6-mer
TCCACT,0.011343680779867645,0.4139572333797079,6-mer
TCCACC,0.8405331850347093,1.6314436255495606,6-mer
TCCACG,-0.06746296777873889,0.48709243640765126,6-mer
TCCAGA,0.3107862136121871,0.4726959286047889,Inverted repeat
TCCAGT,0.01185712800447916,0.40101324859521625,6-mer
TCCAGC,0.17088186376383774,0.873128027979952,6-mer
TCCAGG,0.02091981820540386,0.03698951167549971,6-mer
TCCTAA,0.030083153235554504,-0.2429141507896483,6-mer
TCCTAT,-0.14117439156818004,0.016335373132611873,6-mer
TCCTAC,0.005259557560200613,0.2767393211211071,6-mer
TCCTAG,-0.5348565364259936,-0.7286509565232664,6-mer
TCCTTA,-0.5778245087930592,-0.5944870840193228,6-mer
TCCTTT,-0.2219138361468248,0.18655132002972163,6-mer
TCCTTC,0.05298396659069171,0.5584120851701643,6-mer
TCCTTG,-0.42618334605094177,-0.3943709095988584,6-mer
TCCTCA,-0.1573876726024971,-0.14722452338420886,6-mer
TCCTCT,0.026250743802573674,0.4254836042273948,6-mer
TCCTCC,0.5151449901344652,1.653721061373232,6-mer
TCCTCG,-0.4277791681704262,-0.08017034868398323,6-mer
TCCTGA,0.16496963669016054,-0.14396792651389614,Inverted repeat
TCCTGT,0.4573654278086824,0.6646349062106491,6-mer
TCCTGC,0.5674485370333812,1.1497039773554618,6-mer
TCCTGG,-0.05794734920927956,0.14757764506425475,6-mer
TCCCAA,0.018987221594051345,-0.1121744939389629,6-mer
TCCCAT,0.270273472213433,0.3504939771534759,6-mer
TCCCAC,-0.20732497324750618,0.025658955171466886,6-mer
TCCCAG,-0.5160584458239049,-0.5820778308455307,6-mer
TCCCTA,-0.3381743288088762,-0.8427026068854369,6-mer
TCCCTT,-0.08863192743217951,-0.3326865992251787,6-mer
TCCCTC,0.09915546665956149,0.253234151566883,6-mer
TCCCTG,-0.18479009461283297,-0.7386134470476885,6-mer
TCCCCA,0.1339186675765777,0.1640507212095803,6-mer
TCCCCT,-0.29125427948125193,-0.2426582698020095,6-mer
TCCCCC,-0.14305022431893094,0.8010040899052153,6-mer
TCCCCG,0.12691211248221967,-0.02974734339405206,6-mer
TCCCGA,-0.1316626451608744,-0.6113539996125569,Inverted repeat
TCCCGT,0.06911008509670505,-0.34103691783506696,6-mer
TCCCGC,0.15541775785781436,0.15503078614261798,6-mer
TCCCGG,0.12116568952245704,-0.566138626429501,6-mer
TCCGAA,0.12248400652499496,-0.4201476786516257,6-mer
TCCGAT,0.06454025219471063,-0.7542691348707623,6-mer
TCCGAC,0.6796324191002545,0.3840581945814084,6-mer
TCCGAG,-1.1154772174199359,-1.3203675808997455,6-mer
TCCGTA,-0.13750352374993496,-0.13404796511371592,6-mer
TCCGTT,0.039683701472482076,-0.0894981508391025,6-mer
TCCGTC,0.5549475207358741,0.5376567859427994,6-mer
TCCGTG,-1.22650852980868,-0.7369655941662062,6-mer
TCCGCA,-0.2544212755290856,-0.6166713604484944,6-mer
TCCGCT,-0.21513286062215137,-0.43930651404198917,6-mer
TCCGCC,1.474757710864838,1.1955047320816363,6-mer
TCCGCG,-0.8678964639926551,0.27130202181739427,6-mer
TCCGGA,-0.4829711754439295,-0.8844025529836872,Palindromes
TCCGGT,0.561707148420853,-0.011972641666075994,Inverted repeat
TCCGGC,-0.7705181538772328,-1.4547952085165785,Inverted repeat
TCCGGG,0.4198545155766197,-0.04325319795388373,Inverted repeat
TCGAAA,-0.447373481398534,-0.5282399107092149,6-mer
TCGAAT,-0.2735854598287566,-0.6810198583163632,6-mer
TCGAAC,-0.6179775579491192,-0.7011876806779643,6-mer
TCGAAG,-0.1048091324048069,-0.04660041286213906,6-mer
TCGATA,0.45893536396031015,0.1293340180953344,6-mer
TCGATT,0.4463365190908317,-0.1887092950801592,6-mer
TCGATC,-3.607330313749611,-4.2964574073712445,6-mer
TCGATG,-1.3923174227787605,-1.5262477062106763,6-mer
TCGACA,0.15996061522396932,0.11615789449832782,6-mer
TCGACT,0.2112422968197259,-0.20077434667244357,6-mer
TCGACC,0.3767900299218805,0.26373833121535567,6-mer
TCGACG,0.34701907585019276,0.6407502789069031,6-mer
TCGAGA,-0.12144792833408209,-0.3651325934525298,Inverted repeat
TCGAGT,-0.02911833189159758,-0.18969538351700033,6-mer
TCGAGC,-0.10805974585745304,-0.36071033688948667,6-mer
TCGAGG,-0.17557156458345444,-0.28879750189887565,6-mer
TCGTAA,0.18914698137983083,0.07868641580212894,6-mer
TCGTAT,0.11929892837234442,0.4827243067904186,6-mer
TCGTAC,-0.14807276546012213,0.40278760287166493,6-mer
TCGTAG,-0.23029761942179414,-0.15650448567999073,6-mer
TCGTTA,-0.010647244199508575,-0.1873756406799899,6-mer
TCGTTT,0.12101082389045104,0.3750635838098235,6-mer
TCGTTC,-0.15305368072458883,0.2543265843675837,6-mer
TCGTTG,-0.007427017900069327,0.3263332740073635,6-mer
TCGTCA,0.5994620704162712,0.55415197825343,6-mer
TCGTCT,0.5109776693092126,0.6625310542168596,6-mer
TCGTCC,-0.0059167343664321805,0.37324687217234237,6-mer
TCGTCG,0.9668331360648007,1.3139353041338315,6-mer
TCGTGA,0.035899026116973036,-0.046997479537169415,Inverted repeat
TCGTGT,0.005454430092108169,0.11898803621708712,6-mer
TCGTGC,-0.21412480535284747,-0.03102689562062452,6-mer
TCGTGG,0.1520030934450497,0.465396801815343,6-mer
TCGCAA,-0.1464588289844151,-0.32968801520535845,6-mer
TCGCAT,-0.24197279030596397,-0.2838528773413481,6-mer
TCGCAC,-0.4833222388453185,-0.23412171391855485,6-mer
TCGCAG,-0.0080823462978586,-0.11944355220494389,6-mer
TCGCTA,0.02025177346065047,-0.02737897335224111,6-mer
TCGCTT,0.0,0.26015189730067223,6-mer
TCGCTC,0.22769202504159655,0.313899721131428,6-mer
TCGCTG,-0.2722529358631726,-0.13152962270530194,6-mer
TCGCCA,0.5553991862884978,0.570187148040758,6-mer
TCGCCT,0.944171611687978,0.6181293646563556,6-mer
TCGCCC,0.7563309190331372,0.40545145044964587,6-mer
TCGCCG,-0.6979714625503425,0.1154772174199358,6-mer
TCGCGA,-0.713695814843359,-0.3117082525694833,Palindromes
TCGCGT,-0.7914133781885827,-0.3005091112524567,Inverted repeat
TCGCGC,-1.1468413883292712,0.1275500497205108,Inverted repeat
TCGCGG,-1.432959407276106,0.2558389044295897,Inverted repeat
TCGGAA,0.006572653923486024,-0.4462562298895639,6-mer
TCGGAT,0.06817150264157922,-0.4775880104291765,6-mer
TCGGAC,-0.1407786557827959,-0.523561956057013,6-mer
TCGGAG,0.23566102249195953,0.02296114844331115,6-mer
TCGGTA,0.10599069568821373,-0.33003314452441773,6-mer
TCGGTT,-0.05797006863733001,-0.561692721398309,6-mer
TCGGTC,0.04485423578426039,-0.34502777803110146,6-mer
TCGGTG,0.3601112887752503,0.06034290569063842,6-mer
TCGGCA,0.3465901491216314,-0.12592717244231516,6-mer
TCGGCT,0.511966677015277,-0.1543281463912938,6-mer
TCGGCC,-0.40987579416306497,-1.0995356735509143,6-mer
TCGGCG,-1.1186444964986189,0.654503433974233,6-mer
TCGGGA,-0.07038932789139794,-0.5025003405291831,Inverted repeat
TCGGGT,0.2313255461064557,-0.3061031277256797,6-mer
TCGGGC,-0.7889176738009278,-1.0130561528254465,6-mer
TCGGGG,0.7049551992635852,0.39042803193484255,6-mer
TGAAAA,0.0612638796163774,0.26706665021460085,6-mer
TGAAAT,-0.2535431137488617,-0.23850942538931802,6-mer
TGAAAC,0.2127646513996286,-0.1014752145657207,6-mer
TGAAAG,-0.23457276755389667,0.0021582194933467305,6-mer
TGAATA,-0.3450208314461708,-0.33847571603829135,6-mer
TGAATT,0.02369592657440571,-0.4476460848167451,6-mer
TGAATC,0.24550835324877993,-0.2681817870595523,6-mer
TGAATG,-0.6759815472860934,-0.6539309790175767,6-mer
TGAACA,-0.1375035237499347,-0.2543160049241422,Inverted repeat
TGAACT,-0.0755015147951126,-0.20696713978851564,6-mer
TGAACC,0.5538432903423168,0.38797173330154855,6-mer
TGAACG,-0.18599337006996566,0.0778234175884196,6-mer
TGAAGA,0.6227092808571224,0.7651553831809884,6-mer
TGAAGT,0.17699078609924826,0.12806777466542696,6-mer
TGAAGC,0.3721414518384972,0.38482562939181614,6-mer
TGAAGG,0.4225790482914631,0.35558528575240905,6-mer
TGATAA,0.40788040536842723,0.19589782588842797,6-mer
TGATAT,0.16720035264541067,0.21290460577898054,6-mer
TGATAC,0.26437041139113304,0.3150176690577127,6-mer
TGATAG,0.08917888075373878,0.05863386104009908,6-mer
TGATTA,-0.4415116422159824,-0.7608740860741814,6-mer
TGATTT,0.39591651959114094,0.07387981412287467,6-mer
TGATTC,0.15017400281539944,-0.3017942548652819,6-mer
TGATTG,-0.29437149599023815,-0.4493478379082669,6-mer
TGATCA,-4.969202900691952,-5.370145425601787,Palindromes
TGATCT,-3.9482849634558446,-4.338322533138031,Inverted repeat
TGATCC,-2.430083793326467,-2.858504564373343,Inverted repeat
TGATCG,-2.8252768300548667,-3.391458420049668,Inverted repeat
TGATGA,0.9520915298166402,0.8017200347803597,6-mer
TGATGT,0.6109365555229562,0.3543772658553764,6-mer
TGATGC,0.7187586383756263,0.5832956085185184,6-mer
TGATGG,0.4708973482538249,0.7204643139241298,6-mer
TGACAA,-0.02235783757449671,-0.22542442450440114,6-mer
TGACAT,0.02899419473753502,-0.2936257390381766,6-mer
TGACAC,0.1097017115305059,-0.27887299933056725,6-mer
TGACAG,-0.14871084377255328,-0.3842443457332407,6-mer
TGACTA,-0.4231952369526527,-0.6979932277449343,6-mer
TGACTT,0.01870669157292204,-0.33430909431811395,6-mer
TGACTC,0.1085184294886167,-0.41302340563762385,6-mer
TGACTG,-0.2597726024075163,-0.4651227307151529,6-mer
TGACCA,0.06622728615138786,0.036801551993485344,Inverted repeat
TGACCT,0.3334441253186435,-0.1371042170657114,6-mer
TGACCC,1.1551147462569917,0.34411294784545526,6-mer
TGACCG,0.5719063478957098,0.047508925573944344,6-mer
TGACGA,0.48962681569952726,0.4847682126685551,6-mer
TGACGT,-0.17682336079291383,-0.11411070532071581,6-mer
TGACGC,0.43493705671654864,0.44950971653598343,6-mer
TGACGG,0.6199261729759866,0.02547068751611816,6-mer
TGAGAA,-0.46942011945194023,-0.39067778143152776,6-mer
TGAGAT,-0.5180032785030712,-0.5838832915600586,6-mer
TGAGAC,-0.3178142220667302,-0.39051883600340764,6-mer
TGAGAG,-0.3528433656836912,-0.38547557100349406,6-mer
TGAGTA,-0.26399698179155595,-0.36285801373171517,6-mer
TGAGTT,0.06924854266240354,-0.3903813815603865,6-mer
TGAGTC,-0.19415760127599704,-0.7544648051641816,6-mer
TGAGTG,-0.2549755364768562,-0.4636954449565433,6-mer
TGAGCA,-0.5962336130561764,-0.6239519690727854,Inverted repeat
TGAGCT,-0.5498174144401966,-0.6026762512161,6-mer
TGAGCC,0.3226525212349407,-0.38261602158646635,6-mer
TGAGCG,0.12681100199117434,0.15663454217669592,6-mer
TGAGGA,-0.14294851857335647,-0.21964928176595355,6-mer
TGAGGT,-0.4770243861745447,-0.3646215779428738,6-mer
TGAGGC,0.3865908117518031,-0.35787074284888754,6-mer
TGAGGG,-0.017658666496506575,-0.45281415008180026,6-mer
TGTAAA,0.19330405867893583,0.2129997561938509,6-mer
TGTAAT,0.12550636750809605,-0.1406918917158899,6-mer
TGTAAC,0.24842237309425866,0.16540357497615968,6-mer
TGTAAG,0.033570750054626806,0.007870992373764941,6-mer
TGTATA,-0.23314090464030762,0.23394041459374396,6-mer
TGTATT,0.12595539144131015,0.25562735913627227,6-mer
TGTATC,0.3572214248820281,0.5590969510644116,6-mer
TGTATG,-0.31960864898440394,-0.036985887657509084,6-mer
TGTACA,-0.23774595402905493,0.09189245363109919,Palindromes
TGTACT,-0.2567983860793896,0.018461535847536955,Inverted repeat
TGTACC,0.0416515360796071,0.43724329366027653,Inverted repeat
TGTACG,-0.15867330992049847,0.17523880133878025,Inverted repeat
TGTAGA,0.39759968733709716,0.5065568383373031,6-mer
TGTAGT,0.14424115888534214,0.19425612784838106,6-mer
TGTAGC,0.5083945979006338,0.5858830610651277,6-mer
TGTAGG,0.3552341815045405,0.3042063249275839,6-mer
TGTTAA,-0.05625320322676994,-0.502275729132619,6-mer
TGTTAT,0.04667572537573239,-0.16108453306361784,6-mer
TGTTAC,0.1665204565065221,0.023599944377026567,6-mer
TGTTAG,-0.17467545228079065,-0.4801465592470037,6-mer
TGTTTA,-0.39993926987665246,-0.3444620051776399,6-mer
TGTTTT,-0.01130710897035899,0.10318524236098445,6-mer
TGTTTC,-0.12929860092821147,-0.12657359060376616,6-mer
TGTTTG,-0.17366255545212544,-0.2280549022295473,6-mer
TGTTCA,-0.2107990330736805,-0.3828687260094832,Inverted repeat
TGTTCT,-0.20255600568227894,-0.161569278786582,6-mer
TGTTCC,0.2663294853953747,0.38654518923959125,6-mer
TGTTCG,-0.4763389543422826,-0.4854268271702417,6-mer
TGTTGA,0.5256054001379009,0.3279486903552984,6-mer
TGTTGT,0.3967572558739045,0.3236736426391917,6-mer
TGTTGC,0.5305147166987797,0.6908379993167333,6-mer
TGTTGG,0.5558577843739757,0.8000596538793908,6-mer
TGTCAA,0.093469990658384,-0.12352121677337052,6-mer
TGTCAT,0.07126074434088152,-0.32071987350699055,6-mer
TGTCAC,-0.06257752172664803,-0.40936288151313704,6-mer
TGTCAG,-0.24580593454341157,-0.4474801617648852,6-mer
TGTCTA,-0.09198985826953594,-0.35323536633246205,6-mer
TGTCTT,-0.11714553745954316,-0.23275103525724153,6-mer
TGTCTC,-0.16438681790088228,-0.06002945765008434,6-mer
TGTCTG,-0.314419792100705,-0.3855036969120466,6-mer
TGTCCA,-0.2906810112161526,-0.1055513830735999,Inverted repeat
TGTCCT,-0.37088316967260676,-0.49954409705293923,6-mer
TGTCCC,-0.1517543314751451,-0.5182762772896344,6-mer
TGTCCG,-0.604071323668861,-0.6515301176601458,6-mer
TGTCGA,0.14738646537467995,0.008138069443676921,6-mer
TGTCGT,0.2860314381965907,0.23288479515409016,6-mer
TGTCGC,0.4065403226023037,0.12281989780811352,6-mer
TGTCGG,0.9969007613411135,0.47011957438239327,6-mer
TGTGAA,-0.4690199592065302,-0.4344522573940413,6-mer
TGTGAT,-0.19898337005163505,-0.45145077032100267,6-mer
TGTGAC,-0.1296755336229118,-0.4612101939404372,6-mer
TGTGAG,-0.6886025726048071,-0.8638945334351585,6-mer
TGTGTA,-0.21058916640413078,-0.00777100325782897,6-mer
TGTGTT,-0.1066282016739359,-0.2225026306517216,6-mer
TGTGTC,-0.07687336146159655,-0.3382586871866169,6-mer
TGTGTG,-0.4802279204959226,-0.34493719915548593,6-mer
TGTGCA,-0.2100183529245548,-0.10286805425110641,Inverted repeat
TGTGCT,-0.297980655902165,-0.11822446125505187,6-mer
TGTGCC,0.08357136777723657,-0.4336592351049583,6-mer
TGTGCG,-0.560146180549947,0.07096652135414318,6-mer
TGTGGA,-0.011510925753690018,0.3569170087207099,6-mer
TGTGGT,-0.2768315475176155,0.14586029679816792,6-mer
TGTGGC,0.17022685206395702,-0.04808635168982736,6-mer
TGTGGG,0.06882580731353652,-0.10230866176614979,6-mer
TGCAAA,0.007805919093208043,0.23380158421603664,6-mer
TGCAAT,0.0012862339623200651,0.012244671494113204,6-mer
TGCAAC,0.3961718066927891,0.6419160691434522,6-mer
TGCAAG,-0.12633573289462954,0.19683528345396067,6-mer
TGCATA,-0.5253499544589771,-0.18513591308638797,6-mer
TGCATT,-0.01474416433167769,-0.015328706801073854,6-mer
TGCATC,0.3946115203906872,0.7100336695721317,6-mer
TGCATG,-0.5773026765065039,-0.3832346776672798,6-mer
TGCACA,-0.17050358378048155,-0.06458110919057178,Inverted repeat
TGCACT,-0.06642629623264386,0.11788674851297985,6-mer
TGCACC,0.6753265283738203,1.0715305147314942,6-mer
TGCACG,-0.023547334452849074,0.2526970930645228,6-mer
TGCAGA,0.014620761289859643,0.28829084974018504,6-mer
TGCAGT,-0.11010360303362181,0.18725327188073854,6-mer
TGCAGC,0.09321082764301823,0.605077862018232,6-mer
TGCAGG,0.4058220684569719,0.6195239467281086,6-mer
TGCTAA,0.06120466204977208,-0.0503296288824409,6-mer
TGCTAT,0.20992306937423127,0.39638902956295,6-mer
TGCTAC,0.27514622093672425,0.6002822863535302,6-mer
TGCTAG,-0.4326101287267936,-0.28678565039455695,6-mer
TGCTTA,-0.8391561586084662,-0.6842432718825747,6-mer
TGCTTT,-0.12982544253737965,0.16940102844207328,6-mer
TGCTTC,0.19363696181844786,0.5976766215155013,6-mer
TGCTTG,-0.5426030075257032,-0.09055109600271119,6-mer
TGCTCA,-0.5281443687213117,-0.615336149764675,Inverted repeat
TGCTCT,-0.013660222951152197,0.19339186538266914,6-mer
TGCTCC,0.9374270090780016,1.3318994045426498,6-mer
TGCTCG,-0.3623377426355325,-0.2856831447789939,6-mer
TGCTGA,0.2017472850496484,0.35712594069458037,6-mer
TGCTGT,0.23539073233619154,0.5875596122071952,6-mer
TGCTGC,0.38587281196345014,1.0899560705258236,6-mer
TGCTGG,0.17633321186087195,0.8487379402360183,6-mer
TGCCAA,0.07559582145802062,-0.058269685998473174,6-mer
TGCCAT,0.3100318853709632,0.2665411609440922,6-mer
TGCCAC,0.3145647064738758,0.49786602719807166,6-mer
TGCCAG,-0.1539072825187406,-0.3206922304923565,6-mer
TGCCTA,-0.7185870648513517,-1.1149209635197141,6-mer
TGCCTT,0.07785477813796356,-0.3891619701266412,6-mer
TGCCTC,0.10657895055503425,-0.1145443398957476,6-mer
TGCCTG,-0.3509934448674903,-0.6491252542476665,6-mer
TGCCCA,0.24835969529540358,-0.23428440309088838,Inverted repeat
TGCCCT,0.12172052650900717,-0.741514294857838,6-mer
TGCCCC,0.853689200467889,0.12793938855458048,6-mer
TGCCCG,-0.288936269276551,-0.7110869623406008,6-mer
TGCCGA,0.05266906851294022,-0.4251011826235415,6-mer
TGCCGT,-0.005538183541430004,-0.604071323668861,6-mer
TGCCGC,0.6728352567464905,0.2708804892969699,6-mer
TGCCGG,-0.31667236943586696,-1.0443941193584534,6-mer
TGCGAA,-0.2853544862267699,-0.21804695106048363,6-mer
TGCGAT,0.06875701200062595,-0.007796454960180479,6-mer
TGCGAC,0.3548619842494451,0.48849966121986504,6-mer
TGCGAG,-0.7347862961069592,-0.49333202525558795,6-mer
TGCGTA,-0.2689075545591965,-0.12032837994180268,6-mer
TGCGTT,0.08514458124529309,0.23266075679027504,6-mer
TGCGTC,0.28185065551202726,0.5188289134994931,6-mer
TGCGTG,-0.5940076403241632,-0.145086695168999,6-mer
TGCGCA,-0.8926022086761154,-0.7224660244710911,Palindromes
TGCGCT,-0.1499406269881575,-0.18929473316021686,Inverted repeat
TGCGCC,0.538095895683182,0.511500338780135,Inverted repeat
TGCGCG,-1.5058909297299576,-0.4270101409449196,Inverted repeat
TGCGGA,-0.4889158132501215,-0.4749344533525994,6-mer
TGCGGT,-0.5597365244329826,-0.42290574261218317,6-mer
TGCGGC,0.8601138249390711,0.45156337530395785,6-mer
TGCGGG,0.3301486016923307,0.09953567355091435,6-mer
TGGAAA,-0.14123666257597975,0.4674402453969629,6-mer
TGGAAT,-0.014287948826023833,0.20158461206576525,6-mer
TGGAAC,0.19058336401620293,0.6269494137798391,6-mer
TGGAAG,-0.010576990490508184,0.739438079845727,6-mer
TGGATA,-0.04610947000335545,0.3960937538575954,6-mer
TGGATT,0.29236558024550624,0.31239457696940404,6-mer
TGGATC,-3.207636167174703,-3.2252749298695695,6-mer
TGGATG,-0.10463354119059323,0.574362955384668,6-mer
TGGACA,-0.24660406133638332,-0.029965421399287526,Inverted repeat
TGGACT,-0.5132987726162734,-0.39179930640009436,6-mer
TGGACC,0.31272077117027236,0.4883151064950684,6-mer
TGGACG,0.06526577146616817,0.6175997085135077,6-mer
TGGAGA,0.5734030949474331,1.094203501010961,6-mer
TGGAGT,0.4361762663369943,0.6895831484527772,6-mer
TGGAGC,0.8751240845778145,1.353555171499637,6-mer
TGGAGG,0.5788425853005179,1.358629299956976,6-mer
TGGTAA,-0.1834791136566536,0.14037609026670478,6-mer
TGGTAT,0.07252436867688161,0.6546552406814694,6-mer
TGGTAC,-0.17357757603867488,0.5434333803411785,6-mer
TGGTAG,-0.431334833684796,0.19637859077580452,6-mer
TGGTTA,-1.0346859246590334,-0.8379110775266074,6-mer
TGGTTT,-0.39725292740161505,-0.1311536233540981,6-mer
TGGTTC,0.17435634446042408,0.48448110767332214,6-mer
TGGTTG,-0.36087360738958,0.24246258867691622,6-mer
TGGTCA,0.1401411968917457,0.13307127743467423,Inverted repeat
TGGTCT,0.41654108986923166,0.43154761674332837,6-mer
TGGTCC,0.09967607499532359,0.36456771144284417,6-mer
TGGTCG,0.2702659750648698,0.7454271729144024,6-mer
TGGTGA,0.08396438935821486,0.3805373161676558,6-mer
TGGTGT,0.41874579561889486,0.7056309258664331,6-mer
TGGTGC,0.4649911439791979,1.0303936463411771,6-mer
TGGTGG,0.6250727140953091,1.4975180086500282,6-mer
TGGCAA,0.2461531644903817,0.14128361723824356,6-mer
TGGCAT,0.17714134024154732,-0.05536942241150249,6-mer
TGGCAC,0.042504728514535225,-0.1084342009027045,6-mer
TGGCAG,-0.019298165429883135,0.19761444106759782,6-mer
TGGCTA,-0.23830560393983483,-0.4051390382126057,6-mer
TGGCTT,-0.21427977554912817,-0.4102765873206844,6-mer
TGGCTC,0.37187151486141107,0.037896607758528676,6-mer
TGGCTG,-0.13677672522529935,-0.02634330722950325,6-mer
TGGCCA,-0.6099978961384716,-1.0454705165141753,Palindromes
TGGCCT,-1.177408934966105,-2.144736669351479,Inverted repeat
TGGCCC,-0.2668460197838128,-1.4449507078191914,Inverted repeat
TGGCCG,-0.36396331468457466,-1.1322477982984396,Inverted repeat
TGGCGA,0.7662511557904055,0.7281953845384741,6-mer
TGGCGT,0.33719485154067286,0.27411661497117407,6-mer
TGGCGC,-0.015512999371324384,0.25806815294044444,6-mer
TGGCGG,1.0432674539041693,1.0467942114789412,6-mer
TGGGAA,0.07183274476106676,-0.050031782221420476,6-mer
TGGGAT,0.002102543545646526,-0.305537457886631,6-mer
TGGGAC,0.2796509165410101,-0.2110482853739434,6-mer
TGGGAG,0.1661409753605287,0.256413815481157,6-mer
TGGGTA,-0.32467347162617965,-0.324219299774793,6-mer
TGGGTT,-0.3579774673556831,-0.7260825771690761,6-mer
TGGGTC,1.0937579524090966,0.612130322048036,6-mer
TGGGTG,0.25366622329959865,0.06984893817330934,6-mer
TGGGCA,-0.025995208532944337,-0.4049838346149209,Inverted repeat
TGGGCT,0.015240743634298155,-0.5763280396600898,6-mer
TGGGCC,-0.7000758147362394,-1.590132132710987,6-mer
TGGGCG,0.5078315949507031,0.4949443660808258,6-mer
TGGGGA,0.154516500075338,0.02914634565951641,6-mer
TGGGGT,-0.23630716791507528,-0.37735915744283316,6-mer
TGGGGC,0.4413716470923063,-0.42594077718004547,6-mer
TGGGGG,-0.0047224102424032206,-0.023959898944181334,6-mer
CAAAAA,-0.36671128742018505,-0.04135649052770701,6-mer
CAAAAT,-0.04796103845116825,-0.04129353791160007,6-mer
CAAAAC,-0.022731263608080806,0.15684866071779982,6-mer
CAAAAG,0.31564356518286374,0.44235968680017235,6-mer
CAAATA,0.09333289546399898,0.19533449418441717,6-mer
CAAATT,-0.3906103147852465,-0.44912214988435784,6-mer
CAAATC,0.05465535050066249,-0.004395671926776019,6-mer
CAAATG,0.38840493374445695,0.35356219001794903,Inverted repeat
CAAACA,-0.08207777464626609,-0.2548856573661943,6-mer
CAAACT,0.03474760172186612,-0.1725012432713451,6-mer
CAAACC,-0.3217989888833487,-0.30207960539681034,6-mer
CAAACG,-0.009051445074546053,0.1685609349820487,6-mer
CAAAGA,-0.09752436370898991,-0.039571306012154785,6-mer
CAAAGT,-0.15696682118427932,-0.08094696769587914,6-mer
CAAAGC,-0.46543703079328064,-0.28568314477899404,6-mer
CAAAGG,0.025047777445895713,-0.11942660713196472,6-mer
CAATAA,0.14056686291633178,-0.09794942265896282,6-mer
CAATAT,-0.03486311076287184,0.07150035856315366,6-mer
CAATAC,0.1314532565194862,0.208481923161864,6-mer
CAATAG,0.5819583227769664,0.31178013951127953,6-mer
CAATTA,0.2458147100873816,-0.37228949903157416,Inverted repeat
CAATTT,-0.19289165780779347,-0.3494965659611235,Inverted repeat
CAATTC,-0.14467921331787378,-0.35661223525858876,Inverted repeat
CAATTG,0.08929373183737384,-0.30310820695973917,Palindromes
CAATCA,-0.23230295439244655,-0.5321093122515054,6-mer
CAATCT,-0.38891625127560353,-0.43967357949959596,6-mer
CAATCC,-0.5170030032292442,-0.4267466229678614,6-mer
CAATCG,0.6285894331214141,0.3235536669364044,6-mer
CAATGA,-0.06420714256463067,-0.31877048182941087,6-mer
CAATGT,-0.09867997565846551,-0.39968917843211327,6-mer
CAATGC,-0.18415820284897225,-0.2132178591559378,6-mer
CAATGG,0.042602949210017386,0.06015898259019471,6-mer
CAACAA,0.2528981464898742,0.3121144595696107,6-mer
CAACAT,0.2423375859828969,0.2502034439632138,6-mer
CAACAC,0.6319570359556924,0.6067668710395046,6-mer
CAACAG,0.8684931390197942,0.8583933398886163,6-mer
CAACTA,0.4083048892290027,0.2703327038982475,6-mer
CAACTT,0.20312956367618223,0.24139547011396864,6-mer
CAACTC,0.168334670536218,0.31470470157427705,6-mer
CAACTG,0.5866392556724128,0.6833574064248524,Inverted repeat
CAACCA,-0.3867385642130431,0.19196607658918327,6-mer
CAACCT,-0.5195750495820876,-0.334128745397428,6-mer
CAACCC,-0.3956721744119128,-0.6134392050603524,6-mer
CAACCG,0.30348242756654414,0.13065819104669496,6-mer
CAACGA,0.28082289155768914,0.41286312804450676,6-mer
CAACGT,-0.09184775582757039,0.3219280948873623,6-mer
CAACGC,0.5823885570573298,0.7198920808072646,6-mer
CAACGG,0.41382054851846173,0.48350451503921327,6-mer
CAAGAA,-0.18038899807012768,0.01824216790799363,6-mer
CAAGAT,-0.4566405079176454,-0.4209860873520685,6-mer
CAAGAC,0.39355015466221754,0.23685105712581903,6-mer
CAAGAG,0.4141915918720882,0.5058257529727519,6-mer
CAAGTA,0.12268138079501838,0.290938113254825,6-mer
CAAGTT,0.10361813355161932,-0.009924365721998318,6-mer
CAAGTC,0.0015290886867447024,-0.18589542260275851,6-mer
CAAGTG,0.6449600719170352,0.6329071622351726,Inverted repeat
CAAGCA,-0.362397006170826,-0.07087879186246744,6-mer
CAAGCT,-0.3706921187944305,-0.09860426064166633,6-mer
CAAGCC,-0.14276116455750978,-0.582783202661909,6-mer
CAAGCG,-0.058893689053568475,0.1275500497205108,6-mer
CAAGGA,-0.37739584977128576,-0.23912643709624898,6-mer
CAAGGT,-0.011258177716251599,0.014232555819011552,6-mer
CAAGGC,-0.28624179699511904,-0.8079143591644224,6-mer
CAAGGG,-0.010647244199508575,-0.5612426088689823,6-mer
CATAAA,-0.3251816840300447,-0.1471450628330464,6-mer
CATAAT,-0.25109764046897093,-0.3267275029459144,6-mer
CATAAC,-0.1655449909017719,-0.10383746696963261,6-mer
CATAAG,-0.004198242532836408,-0.17718046074609312,6-mer
CATATA,-0.18589584961936712,0.26600349233550036,Inverted repeat
CATATT,-0.2819010216837148,0.00944626247832215,Inverted repeat
CATATC,0.09748784490205564,0.4575320731537347,Inverted repeat
CATATG,0.1808778307436679,0.19379749038634378,Palindromes
CATACA,-0.3444946850272938,0.008364102646615917,6-mer
CATACT,-0.3363710177755283,0.05184475730686471,6-mer
CATACC,-0.022946704913793487,0.49370885461193376,6-mer
CATACG,-0.005836940022283916,0.2359376419678071,6-mer
CATAGA,-0.2718772590821479,-0.3343650059820747,6-mer
CATAGT,-0.25526543153523645,-0.11129886498381068,6-mer
CATAGC,0.03637406931787779,0.15353238474064235,6-mer
CATAGG,-0.3313506139046889,-0.5986374376182325,6-mer
CATTAA,0.20393824747375464,-0.4892279292884646,6-mer
CATTAT,0.19764817368006582,-0.059872736110852455,6-mer
CATTAC,0.20254184819933255,-0.053275824255376254,6-mer
CATTAG,0.6435628298846934,-0.07851578546593561,6-mer
CATTTA,0.22232847350545437,0.01884291288504254,6-mer
CATTTT,-0.09841529982455892,0.1845223533486517,6-mer
CATTTC,-0.07444106871750106,0.18820505717007946,6-mer
CATTTG,0.5738679808224307,0.28961477509424705,Inverted repeat
CATTCA,-0.6121049336967863,-0.5929327114372658,6-mer
CATTCT,-0.7881215876247776,-0.41660479442580406,6-mer
CATTCC,-0.28701419784620785,0.19440434316520933,6-mer
CATTCG,0.13879057733510114,0.06251756317439434,6-mer
CATTGA,-0.2992937495354187,-0.6305236419618191,6-mer
CATTGT,-0.22954898412873082,-0.21463028696023592,6-mer
CATTGC,-0.18606225785872604,-0.07166644046885888,6-mer
CATTGG,-0.019266526657507138,-0.060379097619279946,6-mer
CATCAA,0.8247313362525657,0.5838372228145252,6-mer
CATCAT,0.657825595423587,0.7599277749860065,6-mer
CATCAC,0.5978028464945807,0.663182564564942,6-mer
CATCAG,0.8573464086341622,0.5888949622014867,6-mer
CATCTA,0.617138121594635,0.7031070243581881,6-mer
CATCTT,0.25412750061405875,0.6026368171504837,6-mer
CATCTC,0.04381926232416326,0.7681041059751105,6-mer
CATCTG,0.6945610926015431,0.8939391826959587,Inverted repeat
CATCCA,-0.16767743191939324,0.5299929058947228,6-mer
CATCCT,-0.44566346330960716,0.078443265091355,6-mer
CATCCC,-0.1384333949009715,0.11354047137741648,6-mer
CATCCG,-0.02046410255971556,0.058531612243815374,6-mer
CATCGA,-1.529660798330619,-1.7596989306700663,6-mer
CATCGT,-1.5783467896284344,-1.361866840257506,6-mer
CATCGC,-0.9498765205741637,-0.8155754288625728,6-mer
CATCGG,-1.4388842412332117,-2.065227622775619,6-mer
CATGAA,-0.521520516072559,-0.6449458768305928,6-mer
CATGAT,-0.36154129220357856,-0.6771990433087267,6-mer
CATGAC,-0.054160866099511616,-0.39890741610376323,6-mer
CATGAG,-0.10377334282047936,-0.4420124667906246,6-mer
CATGTA,-0.20184551899934117,-0.13519107079835266,6-mer
CATGTT,-0.24383309947050655,-0.2690484045388928,6-mer
CATGTC,-0.18211441045022617,-0.4171414203910509,6-mer
CATGTG,0.20621775230882114,0.055044141713998886,Inverted repeat
CATGCA,-0.6672974335184625,-0.45192468561985305,6-mer
CATGCT,-0.6549354063147029,-0.5977297967950339,6-mer
CATGCC,-0.1920230925734651,-0.5010969405732946,6-mer
CATGCG,-0.6607939136808021,-0.7804336227423155,6-mer
CATGGA,-0.3790582021732773,-0.08445587582260773,6-mer
CATGGT,-0.538901887533148,-0.21614021202410894,6-mer
CATGGC,-0.1722241175319004,-0.5504376620484076,6-mer
CATGGG,-0.05608354740801409,-0.4677445496096883,6-mer
CACAAA,-0.24308128126016798,-0.21018595060145417,6-mer
CACAAT,-0.12525126292591632,-0.38615879021055743,6-mer
CACAAC,-0.1427823259836618,-0.10242021142074817,6-mer
CACAAG,0.4984441859546885,0.3713498991261919,6-mer
CACATA,-0.19695369620512504,-0.12586838479558365,6-mer
CACATT,-0.4644658179911899,-0.5012874820795331,6-mer
CACATC,-0.04701298980202746,0.17105064527940905,6-mer
CACATG,0.126297379252575,-0.18516600695030377,Inverted repeat
CACACA,-0.6610897449302909,-0.5527333182694351,6-mer
CACACT,-0.5423897846928997,-0.345297403499032,6-mer
CACACC,-0.24106559915669445,0.07430312837597279,6-mer
CACACG,-0.1121677402071661,0.0958600154075161,6-mer
CACAGA,-0.39065883469699586,-0.4634075984084441,6-mer
CACAGT,-0.46595333803268796,-0.3916186118952064,6-mer
CACAGC,-0.5973197072411389,-0.33109132637497746,6-mer
CACAGG,-0.10784725671340745,-0.15211075323696518,6-mer
CACTAA,-0.20375032439768098,-0.5243487081478245,6-mer
CACTAT,-0.029686406958463186,0.018209590597425104,6-mer
CACTAC,0.048380462370892406,0.18080482317387525,6-mer
CACTAG,0.1488006614067061,-0.1884654296883317,6-mer
CACTTA,0.5539759946648029,0.1811587594119555,6-mer
CACTTT,-0.17347714895917832,0.1153191225163872,6-mer
CACTTC,-0.12536976811407974,0.20086751016048146,6-mer
CACTTG,0.6383472570999972,0.5229112054006867,Inverted repeat
CACTCA,-0.06428075133226265,-0.2950982157513561,6-mer
CACTCT,-0.5172604389440834,-0.12078752905088799,6-mer
CACTCC,-0.29563623731468486,0.4323673778167611,6-mer
CACTCG,-0.029092911520326694,-0.08958289312470864,6-mer
CACTGA,-0.9203016958071354,-1.0735600874993416,6-mer
CACTGT,-0.5221673739852599,-0.4382401417257993,6-mer
CACTGC,-0.796580450463429,-0.35420449791111847,6-mer
CACTGG,-0.8671057295026545,-0.7386802122114501,6-mer
CACCAA,0.28452460829577186,0.5760860563940009,6-mer
CACCAT,0.09095451968780764,0.647563517896775,6-mer
CACCAC,0.44062154691766764,1.1038615989537044,6-mer
CACCAG,0.7578313820294288,1.198612680196716,6-mer
CACCTA,0.8200303658945967,0.7261150740974268,6-mer
CACCTT,0.49676189671329773,0.6749986743504464,6-mer
CACCTC,-0.07358684612666287,1.0364634959563166,6-mer
CACCTG,1.0682812675475468,1.1433452592526054,Inverted repeat
CACCCA,0.0540540500270586,0.1911278642336953,6-mer
CACCCT,0.07497856930693551,-0.07694568928877259,6-mer
CACCCC,-0.37609707032043,0.21625763516434643,6-mer
CACCCG,-0.3074285251922473,0.05810295456356819,6-mer
CACCGA,0.15806484623225117,-0.08443710237703073,6-mer
CACCGT,-0.19408705211630245,-0.1331969681912124,6-mer
CACCGC,0.5420539092518655,0.9222311417430047,6-mer
CACCGG,-0.5438865577182405,-0.9099246556981518,6-mer
CACGAA,-0.20060520156037448,-0.026239767658980975,6-mer
CACGAT,-0.2630344058337938,-0.23730413074037607,6-mer
CACGAC,0.35038454093659027,0.6073303137496107,6-mer
CACGAG,0.6486097197453592,0.6562777486006454,6-mer
CACGTA,-0.403564714834895,-0.0952048223936749,Inverted repeat
CACGTT,-0.014994738229862043,0.22936197615128975,Inverted repeat
CACGTC,-0.06161911826366583,0.41786909006200657,Inverted repeat
CACGTG,0.44019097650718186,0.6606704137735306,Palindromes
CACGCA,-0.8461741709481321,-0.41953889151378465,6-mer
CACGCT,-0.33820087398706394,-0.03421571533791289,6-mer
CACGCC,-0.3585570168780848,0.1279174749207369,6-mer
CACGCG,-0.4854268271702417,0.10469737866669312,6-mer
CACGGA,-0.3065360444703803,-0.44999733763264393,6-mer
CACGGT,-0.10691520391651183,-0.18057224564182073,6-mer
CACGGC,-0.3393852919639087,0.0474471624024603,6-mer
CACGGG,-0.47602812916799214,-0.41226041460827023,6-mer
CAGAAA,-0.17775433089225262,0.0678673611751028,6-mer
CAGAAT,-0.4849896468514752,-0.6117599833843109,6-mer
CAGAAC,0.01106460929880451,0.06795738410047486,6-mer
CAGAAG,0.5295456797659185,0.7979722408690085,6-mer
CAGATA,0.3212015316656874,0.3450060270362826,6-mer
CAGATT,-0.18356435533698498,-0.4875789918394286,6-mer
CAGATC,-3.1855729267001873,-3.4123444774584626,6-mer
CAGATG,0.7068505696200219,0.8695583434154358,Inverted repeat
CAGACA,-0.11532622102638262,-0.27720477939626287,6-mer
CAGACT,-0.4684915360907725,-0.7066241788466805,6-mer
CAGACC,0.07576750761796469,-0.04578735465831959,6-mer
CAGACG,0.17265360275492994,0.39471751489924783,6-mer
CAGAGA,-0.7522728469540546,-0.5277219860189888,6-mer
CAGAGT,-0.2720100306474978,-0.4063052069156812,6-mer
CAGAGC,-0.6793353952306651,-0.5206011145531219,6-mer
CAGAGG,-0.16702705261208262,-0.12940389123106524,6-mer
CAGTAA,-0.10054867108978564,-0.16862719691012115,6-mer
CAGTAT,-0.2814706207001504,-0.05828437676159981,6-mer
CAGTAC,-0.37126708486986437,0.06867936557092363,6-mer
CAGTAG,0.4762824751979543,0.6382425833111979,6-mer
CAGTTA,0.3077142356676615,-0.04288905821561443,6-mer
CAGTTT,-0.17134675310432396,-0.13490235403111783,6-mer
CAGTTC,-0.08120927688189102,-0.017572629447949698,6-mer
CAGTTG,0.6368693113143163,0.7130535802614337,Inverted repeat
CAGTCA,-0.3425007256118909,-0.6412214997776657,6-mer
CAGTCT,-0.8605829106329276,-0.7738267309603458,6-mer
CAGTCC,-1.175258445745353,-0.9013115253934437,6-mer
CAGTCG,-0.18952048151754897,-0.07246963833244517,6-mer
CAGTGA,-0.6774390053258308,-0.763036572507781,6-mer
CAGTGT,-0.6566982543200708,-0.5767706028492527,6-mer
CAGTGC,-1.0118093022896333,-0.6765253317565004,6-mer
CAGTGG,-0.6577041074186759,-0.25556315640265853,6-mer
CAGCAA,0.045087889528537865,0.3442114542535257,6-mer
CAGCAT,-0.11213571033054774,0.13764780046797992,6-mer
CAGCAC,0.30760842357029544,0.5366360934619199,6-mer
CAGCAG,0.9153968128889013,1.4962740024060237,6-mer
CAGCTA,0.4554944688446813,0.5993282800430606,Inverted repeat
CAGCTT,-0.11751074788161645,0.1580705823205528,Inverted repeat
CAGCTC,0.17000888149936602,0.3899886783429275,Inverted repeat
CAGCTG,0.10642205913615413,0.5779175859295714,Palindromes
CAGCCA,-0.10238469761615328,0.0014506738687246798,6-mer
CAGCCT,-0.12699294964338656,-0.4982100771340857,6-mer
CAGCCC,-0.05603403491432772,-0.5601085677583478,6-mer
CAGCCG,0.41299257329381955,0.252886450457711,6-mer
CAGCGA,-0.31785843057831525,-0.12354935223517208,6-mer
CAGCGT,-0.48874718546185303,-0.1498569512614924,6-mer
CAGCGC,-0.5298209465286952,-0.0321008431670239,6-mer
CAGCGG,-0.5515160176280143,-0.23815973719476444,6-mer
CAGGAA,0.17297509780226228,0.2391228687910097,6-mer
CAGGAT,-0.1591985948492538,-0.27058497655368274,6-mer
CAGGAC,0.09814913327995183,0.0010573067830421904,6-mer
CAGGAG,1.1078181664368345,1.2659164136485497,6-mer
CAGGTA,0.29218075149331035,0.3932668766076246,6-mer
CAGGTT,-0.3182300600759185,-0.42078148181364766,6-mer
CAGGTC,0.6267202774606954,0.3607290262831954,6-mer
CAGGTG,1.0543782079310757,1.2071106214098206,Inverted repeat
CAGGCA,-0.16306749777334997,-0.5741151184841639,6-mer
CAGGCT,-0.5726887126397493,-1.0246165605712707,6-mer
CAGGCC,-0.7498625881806479,-1.662412679239079,6-mer
CAGGCG,0.6485276294986222,0.4181434101466655,6-mer
CAGGGA,-0.23569946455796473,-0.582758229794426,6-mer
CAGGGT,-0.10316774195621427,-0.41660479442580406,6-mer
CAGGGC,0.15200309344504997,-0.5654333356359026,6-mer
CAGGGG,0.18685539739218948,-0.3430337278990139,6-mer
CTAAAA,0.25128458119767866,0.024332021752013763,6-mer
CTAAAT,0.10603944397296071,-0.18337285455973557,6-mer
CTAAAC,-0.048285141184533795,-0.45109614277463805,6-mer
CTAAAG,0.6493721312035844,0.2066905875354179,Inverted repeat
CTAATA,0.12240274034556393,-0.2910120181046683,6-mer
CTAATT,-0.07500900283655192,-0.600957603702945,6-mer
CTAATC,-0.26464431170207353,-0.588582373289853,6-mer
CTAATG,0.5768142510056493,-0.04998048199575589,6-mer
CTAACA,-0.2758270767772387,-0.5897123482759395,6-mer
CTAACT,-0.3652680641358434,-0.44191439934495297,6-mer
CTAACC,-1.2903739127175107,-1.0791545808176966,6-mer
CTAACG,-0.14692523913519334,-0.39622350358445263,6-mer
CTAAGA,-0.39457057807179663,-0.6909823537979188,6-mer
CTAAGT,0.1319116755055809,-0.25509210148288175,6-mer
CTAAGC,-0.7529941138215188,-0.8322725542619336,6-mer
CTAAGG,-0.21338295712608832,-0.6805744123158078,6-mer
CTATAA,0.33055165237816514,0.18102858575991868,Inverted repeat
CTATAT,0.05933510968574551,0.3630761604107477,Inverted repeat
CTATAC,0.014258899907103419,0.37949411281110706,Inverted repeat
CTATAG,0.687458937950478,0.5509993429188369,Palindromes
CTATTA,0.29772971194876885,-0.15713327424330323,6-mer
CTATTT,-0.025781166468420543,0.1374256203211006,6-mer
CTATTC,-0.6004966440190537,-0.342098503637852,6-mer
CTATTG,0.5010490508022407,0.3448165629885579,6-mer
CTATCA,0.11987047250424086,0.10100269188001243,6-mer
CTATCT,-0.24370125202554216,0.16525092919140696,6-mer
CTATCC,-0.8641781206697075,-0.42223300068304787,6-mer
CTATCG,0.2696546820993232,0.2116460398724516,6-mer
CTATGA,-0.07535113523618171,-0.2913121516528678,6-mer
CTATGT,-0.1718345914509437,-0.2886887164752561,6-mer
CTATGC,-0.8665271893498158,-0.5258742603840498,6-mer
CTATGG,0.05393880711080382,0.14516259667850412,6-mer
CTACAA,0.38538669274058657,0.38257650135740146,6-mer
CTACAT,0.2565984099541574,0.34023305074616395,6-mer
CTACAC,0.5278164084791134,0.5852421198790989,6-mer
CTACAG,0.6835636616483716,0.6153604152961473,Inverted repeat
CTACTA,0.3433017456799293,0.29191065975033487,6-mer
CTACTT,-0.05302895558639853,0.20242866083349428,6-mer
CTACTC,-0.14493085000550987,0.10803661480926634,6-mer
CTACTG,0.534336427651188,0.7177352028672355,6-mer
CTACCA,-0.5127794880732343,0.049576619329061405,6-mer
CTACCT,-0.42762399054094336,0.05959627927819391,6-mer
CTACCC,-0.40439025507933535,-0.3803076957432697,6-mer
CTACCG,-0.0645555349002143,-0.08257195015746774,6-mer
CTACGA,-0.31013418312826796,-0.14639809594880093,6-mer
CTACGT,-0.18057224564182073,0.03368312625628859,6-mer
CTACGC,-0.33458766685882774,-0.11064406368399245,6-mer
CTACGG,0.12225575005099808,0.12105938623678157,6-mer
CTAGAA,-0.5040333215495358,-0.6067978101566033,6-mer
CTAGAT,-0.4628822794579579,-0.8431384042960526,6-mer
CTAGAC,-0.1575981308431949,-0.6165941097702672,6-mer
CTAGAG,0.03174081345973719,-0.21329312102492104,Inverted repeat
CTAGTA,-0.41229819113607413,-0.5334464044257284,6-mer
CTAGTT,-0.5034759513433184,-0.6712870754500952,6-mer
CTAGTC,-0.9468645110775389,-1.1007580585585597,6-mer
CTAGTG,0.13959975651450285,-0.2710128607412174,6-mer
CTAGCA,-0.49573118991972653,-0.41173990917826886,6-mer
CTAGCT,-0.5749392541581972,-0.40407828728897727,6-mer
CTAGCC,-0.5320446161431985,-0.969359407660153,6-mer
CTAGCG,-0.07219608459702893,-0.40109830832097,6-mer
CTAGGA,-0.6178771231938914,-0.8547427130721308,6-mer
CTAGGT,-0.35197123090712434,-0.5908578276971603,6-mer
CTAGGC,-1.058298640564667,-1.6180183575713243,6-mer
CTAGGG,-0.23520019763706815,-0.974944835251987,6-mer
CTTAAA,-0.15945800239124344,-0.415077651657491,Inverted repeat
CTTAAT,-0.44564324951234363,-0.8192532766346983,Inverted repeat
CTTAAC,-0.45349887831758906,-0.7236011111078426,Inverted repeat
CTTAAG,-0.8207718201343023,-1.103729111452583,Palindromes
CTTATA,-0.11435118401297166,-0.04413642621837561,6-mer
CTTATT,-0.2294892064174499,-0.2740057640962562,6-mer
CTTATC,-0.10354860626040727,-0.0006160286357192677,6-mer
CTTATG,-0.14915733073529716,-0.24976297020525653,6-mer
CTTACA,0.08214998375008292,0.038684400825930436,6-mer
CTTACT,-0.25787897993928316,-0.2646176332879682,6-mer
CTTACC,-0.36305282827356566,-0.2935313699597928,6-mer
CTTACG,-0.49398884067366566,-0.38532483563722164,6-mer
CTTAGA,-0.00448141708743654,-0.4195768716651837,6-mer
CTTAGT,-0.42379045168564855,-0.6763918128756109,6-mer
CTTAGC,-0.30204377495939694,-0.487429643374669,6-mer
CTTAGG,-0.18673653880764338,-0.8649466891535229,6-mer
CTTTAA,0.0783497336375014,-0.20424818410053935,6-mer
CTTTAT,-0.023752297808553608,0.15844726748922963,6-mer
CTTTAC,-0.07095024140733623,0.19217567984458672,6-mer
CTTTAG,0.41375293411438563,0.1707103335101136,Inverted repeat
CTTTTA,0.4981387890354938,0.3353784408944128,6-mer
CTTTTT,-0.0890410152413577,0.4117973069210087,6-mer
CTTTTC,-0.2235936662358978,0.39886949044728365,6-mer
CTTTTG,0.3242579038249028,0.40606555350189666,6-mer
CTTTCA,-0.1646669681606266,0.05206165557114323,6-mer
CTTTCT,-0.32225577363356567,0.16774707793697338,6-mer
CTTTCC,-0.46583380296825955,0.06944360839447847,6-mer
CTTTCG,0.08054713852343251,0.20412131933024633,6-mer
CTTTGA,0.056636634682718734,-0.21421508946945664,6-mer
CTTTGT,-0.026111863792840192,0.010142010420613886,6-mer
CTTTGC,-0.27918140713334794,-0.029830278350867528,6-mer
CTTTGG,-0.08044919646517303,-0.07318579133896896,6-mer
CTTCAA,0.47127197995993236,0.40096007478061413,6-mer
CTTCAT,0.3903543473055528,0.5762162920423678,6-mer
CTTCAC,0.3145619343952787,0.5138848093777061,6-mer
CTTCAG,0.16083322374484504,0.06927400576150386,Inverted repeat
CTTCTA,0.3806764169156793,0.5846684032701551,6-mer
CTTCTT,0.40168302953345403,0.8636551853901447,6-mer
CTTCTC,0.17567515171967218,0.7070123720645783,6-mer
CTTCTG,0.551279761682441,0.8632778836273963,6-mer
CTTCCA,-0.024170688299253902,0.6931113045767787,6-mer
CTTCCT,-0.07969520685863433,0.38915014370007744,6-mer
CTTCCC,-0.12580644221092896,0.0017519067615927226,6-mer
CTTCCG,0.007054757533950325,0.041612189672369654,6-mer
CTTCGA,-0.34235685849519965,-0.4723968787211235,6-mer
CTTCGT,0.36199541495134263,0.6531542729083082,6-mer
CTTCGC,0.11176596233632671,0.4181434101466655,6-mer
CTTCGG,0.8428990389152713,0.5367689189439545,6-mer
CTTGAA,0.08601326654912551,-0.09150729979497979,6-mer
CTTGAT,0.07958431377780394,-0.1928528775629491,6-mer
CTTGAC,0.2435504769218615,0.02703499468835462,6-mer
CTTGAG,-0.2352894153508894,-0.5840814655543011,Inverted repeat
CTTGTA,0.1079746431493388,0.2437513449732876,6-mer
CTTGTT,-0.08137329634051285,-0.03134083610885634,6-mer
CTTGTC,-0.16495319784318221,-0.10212919364804966,6-mer
CTTGTG,0.4523900683373905,0.31955435335270516,6-mer
CTTGCA,-0.21636057443259687,0.11937690556561201,6-mer
CTTGCT,-0.38683925462333524,0.06038238492489483,6-mer
CTTGCC,-0.1715432798406951,-0.26737334155813136,6-mer
CTTGCG,-0.13257684267000844,-0.20023927909789757,6-mer
CTTGGA,-0.19393868012657015,0.10726867569113044,6-mer
CTTGGT,-0.3769047005648874,-0.022361886365193994,6-mer
CTTGGC,-0.4115181693329113,-0.5831397651143384,6-mer
CTTGGG,0.16286160891974358,-0.31698297377759577,6-mer
CTCAAA,-0.126581005901343,-0.21495781471281653,6-mer
CTCAAT,-0.35452259666579433,-0.6735884984916609,6-mer
CTCAAC,-0.06599755877424009,-0.1379710205268347,6-mer
CTCAAG,-0.2006572525414695,-0.461191003051551,Inverted repeat
CTCATA,-0.281775589912417,-0.2188087408076501,6-mer
CTCATT,-0.3211678120989639,-0.40546488830659405,6-mer
CTCATC,0.2011930529222156,0.40007711972985177,6-mer
CTCATG,-0.1307302951545086,-0.11456671247277585,6-mer
CTCACA,-0.7771086351894839,-0.9054101490538875,6-mer
CTCACT,-0.6121071404519611,-0.5397637497762737,6-mer
CTCACC,-0.3840223061986933,-0.0759762545882891,6-mer
CTCACG,-0.27710959104551647,-0.07246963833244517,6-mer
CTCAGA,-1.0613647630934153,-1.3838477885344942,6-mer
CTCAGT,-1.0414517809935004,-1.2232249055147053,6-mer
CTCAGC,-0.68575424611457,-0.624389584059643,6-mer
CTCAGG,-0.34600744830181357,-0.7866954514915111,6-mer
CTCTAA,0.15356725151758424,-0.17485031819839386,6-mer
CTCTAT,0.07743260489551754,0.20297716550140663,6-mer
CTCTAC,0.060492833914387305,0.34287907853439004,6-mer
CTCTAG,0.0536913241391593,-0.2805765709339527,Inverted repeat
CTCTTA,0.12727821015574262,-0.07417622355679795,6-mer
CTCTTT,0.004683631669196753,0.4319152659488595,6-mer
CTCTTC,-0.017254278300713202,0.5355541823133002,6-mer
CTCTTG,0.4238579779022389,0.4929287930526918,6-mer
CTCTCA,-0.44634017502225576,-0.37502795812113027,6-mer
CTCTCT,-0.40764231628367903,0.19377083168372197,6-mer
CTCTCC,-0.18068216945161067,0.5941073531514406,6-mer
CTCTCG,-0.013056152825446348,0.09330371983939995,6-mer
CTCTGA,-0.7349031277093137,-0.8833952365743387,6-mer
CTCTGT,-0.3493609471338329,-0.1695112661251982,6-mer
CTCTGC,-0.3672454008219276,0.0724112725076258,6-mer
CTCTGG,-0.24769809545138874,0.00158190261560744,6-mer
CTCCAA,0.6207179120866292,0.9463657640561005,6-mer
CTCCAT,0.3478119241999251,1.044514838851447,6-mer
CTCCAC,0.9359841602395252,1.5594274086140185,6-mer
CTCCAG,0.8459709540105271,1.1701407315422865,Inverted repeat
CTCCTA,0.5543269052963024,0.8077732899092253,6-mer
CTCCTT,-0.19271236625382276,0.6537676749725928,6-mer
CTCCTC,0.36764314236713674,1.0920247082978858,6-mer
CTCCTG,1.0295148458635326,1.3815926602835515,6-mer
CTCCCA,0.066427361738976,0.36674575535590137,6-mer
CTCCCT,-0.28220181657175153,-0.011202347229420739,6-mer
CTCCCC,0.21528553484218788,0.6650504120438483,6-mer
CTCCCG,0.22546525538607096,0.4344028241457749,6-mer
CTCCGA,-0.07163787408865677,-0.24041610317177492,6-mer
CTCCGT,-0.057844074572284465,0.04054266295650676,6-mer
CTCCGC,0.6008289061801771,0.662130361243616,6-mer
CTCCGG,0.017073513358941264,-0.29930979222534354,6-mer
CTCGAA,-0.6861413350885236,-0.6520766965796931,Inverted repeat
CTCGAT,0.056999500413043296,-0.4219275391022138,Inverted repeat
CTCGAC,0.29373120305671024,0.17190265088275497,Inverted repeat
CTCGAG,-0.9425145053392399,-1.0988644965018752,Palindromes
CTCGTA,-0.17730453180790992,-0.008988783227254524,6-mer
CTCGTT,0.07265331749445293,0.2242521638316693,6-mer
CTCGTC,0.10027193028589801,0.39673668253590005,6-mer
CTCGTG,0.14380594047843062,0.3430513864531165,6-mer
CTCGCA,-0.7978111493867333,-0.6865005271832185,6-mer
CTCGCT,-0.22040455324255423,0.012072832300574855,6-mer
CTCGCC,0.26421259703107514,0.49444221772352387,6-mer
CTCGCG,-0.5360529002402096,0.36773178450048705,6-mer
CTCGGA,-0.8308944788642364,-1.1937717433966801,6-mer
CTCGGT,-0.5493385909904347,-0.8515547259681394,6-mer
CTCGGC,-0.11205850719247169,-0.2806070352817435,6-mer
CTCGGG,-0.796466605914868,-0.6112537985400838,6-mer
CTGAAA,-0.11731631900973394,-0.16245821297279142,6-mer
CTGAAT,-0.39257184391351535,-0.7332727794276739,6-mer
CTGAAC,-0.06701520824033715,0.008140985154232602,6-mer
CTGAAG,0.12331076455994687,0.03745208005437847,Inverted repeat
CTGATA,0.20874960794469316,0.036657839898143446,6-mer
CTGATT,-0.09738628040050716,-0.5149936542319802,6-mer
CTGATC,-3.829229421680367,-4.031439309319336,6-mer
CTGATG,0.9651582507876989,0.7121814623389149,6-mer
CTGACA,-0.25534746807936026,-0.5631013593239655,6-mer
CTGACT,-0.49600518627217044,-0.7884958948062882,6-mer
CTGACC,0.0322918846053026,-0.009933435067546001,6-mer
CTGACG,0.38332863955150565,0.24307267417612272,6-mer
CTGAGA,-0.8853923125155108,-1.0655126076166463,6-mer
CTGAGT,-0.71417124573937,-0.994283114349822,6-mer
CTGAGC,-1.2588986312645887,-1.010439809280723,6-mer
CTGAGG,-0.6671183237125113,-0.9747385241387948,6-mer
CTGTAA,0.3849067486349035,0.2911658411166752,6-mer
CTGTAT,-0.036150500259631,0.24700835987221015,6-mer
CTGTAC,-0.1685460670201958,0.33424454179018726,6-mer
CTGTAG,0.6759449073700033,0.6763503117807885,Inverted repeat
CTGTTA,0.33077678760082224,-0.10178853191173741,6-mer
CTGTTT,-0.22975825095949529,-0.01862994807739584,6-mer
CTGTTC,-0.32878670268333954,-0.009883123255734651,6-mer
CTGTTG,0.9043469069550402,1.0441173129852381,6-mer
CTGTCA,-0.00780258819619273,-0.19667633946892232,6-mer
CTGTCT,-0.6246072535199245,-0.3345911989241538,6-mer
CTGTCC,-0.7503483425483011,-0.4948546185114899,6-mer
CTGTCG,0.4621057529356228,0.35959851285341754,6-mer
CTGTGA,-0.4277245977324062,-0.7603342100615341,6-mer
CTGTGT,-0.4036302540765747,-0.3623524619107474,6-mer
CTGTGC,-0.5900891885420417,-0.1749256825006787,6-mer
CTGTGG,-0.24929660503810883,0.03021210209291175,6-mer
CTGCAA,0.3185783001476239,0.5592493164371577,Inverted repeat
CTGCAT,0.07046992763112618,0.5182834921681327,Inverted repeat
CTGCAC,0.3204134542853639,0.780520153759565,Inverted repeat
CTGCAG,-1.0454546691263817,-0.5358593148603972,Palindromes
CTGCTA,0.3529302954944056,0.6058351124347846,6-mer
CTGCTT,-0.32445060465607306,0.2392883088298236,6-mer
CTGCTC,0.13771886743880235,0.6406958488813966,6-mer
CTGCTG,0.7551759342830574,1.5313302758883915,6-mer
CTGCCA,0.09766924387808411,0.2960365617553385,6-mer
CTGCCT,-0.3274136339710919,-0.4104688106459394,6-mer
CTGCCC,0.18296340262849517,-0.08498152350808122,6-mer
CTGCCG,-0.1154772174199358,-0.4150374992788438,6-mer
CTGCGA,0.21926996352362324,0.1343010917115908,6-mer
CTGCGT,-0.40278636937674556,-0.058316495590822935,6-mer
CTGCGC,-0.08017034868398323,0.2652137038930408,6-mer
CTGCGG,0.003523066563697302,0.04890960048094649,6-mer
CTGGAA,-0.07377056824731325,0.3457093208434043,6-mer
CTGGAT,0.044974528035462,0.2820387410726965,6-mer
CTGGAC,-0.17591669106127544,0.08966733672469676,6-mer
CTGGAG,0.7027104872996449,1.1067787078625866,Inverted repeat
CTGGTA,0.1389026600780109,0.6632259214926294,6-mer
CTGGTT,-0.3927605789920096,-0.009460329249066169,6-mer
CTGGTC,0.21511485662466096,0.5742515076189916,6-mer
CTGGTG,0.9445048874082965,1.3210059503747336,6-mer
CTGGCA,-0.32969470990287375,-0.3338626430808402,6-mer
CTGGCT,-0.6288501447221562,-0.5743470834762228,6-mer
CTGGCC,-1.0309245731949006,-1.4407959015080727,6-mer
CTGGCG,0.4311571646421207,0.4608411888919687,6-mer
CTGGGA,-0.24718045463295685,-0.5687245089242766,6-mer
CTGGGT,-0.04143461471231316,-0.24515897566520733,6-mer
CTGGGC,-0.32141731596863005,-0.5984124559349869,6-mer
CTGGGG,0.3219280948873623,-0.08232235738737793,6-mer
CCAAAA,-0.14007440956401135,0.013405323581778478,6-mer
CCAAAT,-0.10527856727940503,0.01650141559659712,6-mer
CCAAAC,-0.08986895211105037,-0.09462288938554127,6-mer
CCAAAG,-0.30216425906605066,-0.17304250495375018,6-mer
CCAATA,0.18964862473512326,0.15968312798907094,6-mer
CCAATT,-0.004400060902351369,-0.22304887147886937,6-mer
CCAATC,-0.4354329527442642,-0.272968992955335,6-mer
CCAATG,-0.05803561525229725,-0.21456957825973752,6-mer
CCAACA,0.4278927041804197,0.6494512271728698,6-mer
CCAACT,0.34232236878653405,0.6099942643671394,6-mer
CCAACC,-0.5441649612028079,0.11202140795353917,6-mer
CCAACG,0.1443899093351749,0.5702409950143906,6-mer
CCAAGA,-0.31665662851182347,-0.22155095438877295,6-mer
CCAAGT,0.19829674571898492,0.3245937589125274,6-mer
CCAAGC,-0.5676952057837981,-0.14291296031209527,6-mer
CCAAGG,-0.4972684398147582,-0.5373095251297402,Inverted repeat
CCATAA,-0.09514045936951405,0.07447326043262435,6-mer
CCATAT,-0.10101220414414423,0.4781531144455964,6-mer
CCATAC,-0.14830642530806373,0.587278415872696,6-mer
CCATAG,-0.05944169162608655,0.06900887195901555,6-mer
CCATTA,0.28811382369809874,0.05230491605865843,6-mer
CCATTT,0.14622920739608009,0.4823061579690545,6-mer
CCATTC,-0.6248086310710964,0.007007167238715405,6-mer
CCATTG,-0.15614540010755265,0.030746969019955155,6-mer
CCATCA,0.5868343077185851,0.8695397532541849,6-mer
CCATCT,0.20739970686097509,0.9372052157843346,6-mer
CCATCC,-0.4736633778544039,0.5583876283593605,6-mer
CCATCG,-1.9605117101190246,-1.4346820284251143,6-mer
CCATGA,-0.27885557966888047,-0.39923291362781554,Inverted repeat
CCATGT,-0.1578150937792966,0.01845500828485345,Inverted repeat
CCATGC,-0.5937114362107478,-0.1812986416296198,Inverted repeat
CCATGG,-0.7136218892436459,-0.4596349439904474,Palindromes
CCACAA,0.12879832181496184,0.18578282798423645,6-mer
CCACAT,-0.028225182464941923,0.30385093079951897,6-mer
CCACAC,-0.3749272859046909,-0.02616771436717078,6-mer
CCACAG,-0.3497717278126753,-0.0822026593295251,6-mer
CCACTA,0.05971239429121449,0.11638426791400013,6-mer
CCACTT,0.21823679184513675,0.5168544146399902,6-mer
CCACTC,-0.3212595098560615,0.11442563562857373,6-mer
CCACTG,-0.6673760845047375,-0.3238189143466027,6-mer
CCACCA,0.5957017858177509,1.4407337953685937,6-mer
CCACCT,0.5427226701850879,1.1485793721907054,6-mer
CCACCC,0.03270416507270542,0.5434858647449973,6-mer
CCACCG,0.27928375747886847,0.6143463075022504,6-mer
CCACGA,0.10743754101160558,0.5007673733047278,6-mer
CCACGT,-0.28400183529722633,0.3906408449713767,6-mer
CCACGC,-0.18957224389277286,0.6319960345646635,6-mer
CCACGG,0.0,0.33034033470356233,Inverted repeat
CCAGAA,0.2915266163468107,0.43678519837516805,6-mer
CCAGAT,0.2482119512804791,0.22524847292155234,6-mer
CCAGAC,-0.3902341082782712,-0.44408875508607915,6-mer
CCAGAG,-0.26458987233583514,-0.11736356121246028,6-mer
CCAGTA,0.011155157786763587,0.33886957459407435,6-mer
CCAGTT,0.3276766549206878,0.4906421285403397,6-mer
CCAGTC,-0.5547676501461564,-0.3444227326744486,6-mer
CCAGTG,-0.8008562847588624,-0.48843976604648953,6-mer
CCAGCA,0.11399468905578107,0.7250647801888204,6-mer
CCAGCT,0.08186078122772329,0.6665436920745813,6-mer
CCAGCC,-0.17609876906251284,0.05921177857991234,6-mer
CCAGCG,-0.2863669096644176,0.13923579737117212,6-mer
CCAGGA,0.14737963687331118,0.24013400372371504,6-mer
CCAGGT,0.009781020792585297,0.1855408426886125,6-mer
CCAGGC,-0.9798221180623697,-1.2096533095057704,6-mer
CCAGGG,0.10282824639326875,-0.39902962307845175,Inverted repeat
CCTAAA,0.35144097302089233,-0.19428786239754986,6-mer
CCTAAT,0.14046700894197156,-0.544063802015566,6-mer
CCTAAC,-0.8592288868046404,-0.9923012861045097,6-mer
CCTAAG,-0.23030859420064248,-0.7995228084830301,6-mer
CCTATA,0.2163275569086665,0.11230229444299601,6-mer
CCTATT,0.04276520220670396,-0.14580121504137636,6-mer
CCTATC,-0.7211538870083002,-0.47365123526845226,6-mer
CCTATG,-0.3432684651336497,-0.5543239118920701,6-mer
CCTACA,0.42714266124229355,0.3121581137060583,6-mer
CCTACT,0.07355660697008105,0.1315130400989846,6-mer
CCTACC,-0.9783514366952367,-0.4553650546746487,6-mer
CCTACG,-0.2347056827752994,-0.04852989392765836,6-mer
CCTAGA,-0.1928547567511203,-0.6908723022899114,Inverted repeat
CCTAGT,-0.3764712420092535,-0.7042021097411572,Inverted repeat
CCTAGC,-1.1065422787138157,-1.0295688914127632,Inverted repeat
CCTAGG,-1.1505596765753814,-1.7756687728172502,Palindromes
CCTTAA,-0.5626293141742618,-0.9932787001385929,6-mer
CCTTAT,-0.28874899343614147,-0.3985557259472479,6-mer
CCTTAC,-0.4962935607179274,-0.5898139388057546,6-mer
CCTTAG,-0.19109250688922555,-0.7071306744493207,6-mer
CCTTTA,0.20901468383907687,-0.05452353791674057,6-mer
CCTTTT,0.16885976778521808,0.3002889119783794,6-mer
CCTTTC,-0.9185644959976058,-0.1431300084439676,6-mer
CCTTTG,0.022706322859165497,-0.1554867183293836,6-mer
CCTTCA,0.4082608124716863,0.3393700755254998,6-mer
CCTTCT,0.35161056630021753,0.6800936451020474,6-mer
CCTTCC,-0.7609710571769956,-0.05127590193709711,6-mer
CCTTCG,0.6571563254593019,0.6819242306082443,6-mer
CCTTGA,-0.05706548881583035,-0.5199178337461128,6-mer
CCTTGT,0.15101999627522694,-0.02864378915278173,6-mer
CCTTGC,-0.8655438881366575,-0.5678256098042327,6-mer
CCTTGG,-0.5841803402027357,-0.5986374376182327,Inverted repeat
CCTCAA,-0.05630325735220022,-0.3795036207997283,6-mer
CCTCAT,-0.0034602947156395043,-0.08970944701067488,6-mer
CCTCAC,-0.6490322321612839,-0.5109619192773791,6-mer
CCTCAG,-0.8652896911417455,-1.2133708492129343,6-mer
CCTCTA,0.4042856171796783,0.15459088793420564,6-mer
CCTCTT,0.19727966613570536,0.47764715950048736,6-mer
CCTCTC,-0.43478676032711294,0.2970187897909547,6-mer
CCTCTG,-0.18226853630271925,-0.12471736879409147,6-mer
CCTCCA,0.580675142318058,1.4108848389770503,6-mer
CCTCCT,0.2945961129161671,1.4655758498584786,6-mer
CCTCCC,-0.36257007938470814,0.8628834133694261,6-mer
CCTCCG,-0.3219280948873623,0.2233000621596465,6-mer
CCTCGA,-0.07566426993207206,-0.13275520885177147,6-mer
CCTCGT,-0.27376081242685213,0.2893342624918482,6-mer
CCTCGC,-1.306661338234052,-0.5360529002402096,6-mer
CCTCGG,-0.8678964639926551,-0.8379432418910271,Inverted repeat
CCTGAA,0.17454566209613834,-0.34857743856680645,6-mer
CCTGAT,0.12557831653259285,-0.40043094837861587,6-mer
CCTGAC,-0.37480765449031117,-0.7748789773509348,6-mer
CCTGAG,-0.44930740136358976,-0.852569636344774,6-mer
CCTGTA,0.6220857907433318,0.5881990585359994,6-mer
CCTGTT,0.6143463075022504,0.4140176319152847,6-mer
CCTGTC,-0.2481355294544555,-0.1983814474915403,6-mer
CCTGTG,-0.05071184311493187,-0.13566803362844443,6-mer
CCTGCA,0.4268221633467411,0.7023565572360645,6-mer
CCTGCT,0.42771504167280644,0.9356610880622012,6-mer
CCTGCC,0.10886146582300767,0.28317977670020344,6-mer
CCTGCG,0.36536735615225974,0.5551272711803931,6-mer
CCTGGA,-0.0580690562555299,0.038747115941792386,6-mer
CCTGGT,0.009408127412416888,0.24318497966608363,6-mer
CCTGGC,-0.7555694662701821,-0.9116915818723396,6-mer
CCTGGG,0.07238592538168206,-0.3144140412300557,Inverted repeat
CCCAAA,-0.17981702652763257,-0.38302804677181845,6-mer
CCCAAT,0.03479082465436654,-0.41380068067278186,6-mer
CCCAAC,0.1661870072536994,0.24951959935931223,6-mer
CCCAAG,0.11188585009562232,-0.20411241504623664,6-mer
CCCATA,0.2489648233321378,0.21017396351014367,6-mer
CCCATT,0.20068384166686912,0.08560012165001771,6-mer
CCCATC,0.06725404948449881,0.35237198737812275,6-mer
CCCATG,-0.10831181103515158,-0.30886455307991667,6-mer
CCCACA,0.013607640738799033,-0.12894418380271402,6-mer
CCCACT,-0.34900762894364645,-0.307012102894396,6-mer
CCCACC,0.06613846367080622,0.5296406209186999,6-mer
CCCACG,0.08641475181747327,0.5615985076556458,6-mer
CCCAGA,0.1769188943893434,-0.3156222058056737,6-mer
CCCAGT,-0.34415401312233396,-0.4593254170809986,6-mer
CCCAGC,-0.202437814960803,-0.058631357015226045,6-mer
CCCAGG,-0.4545658634654813,-0.7468030492940085,Inverted repeat
CCCTAA,0.002354139833025665,-0.937611877194521,6-mer
CCCTAT,-0.20053848010002973,-0.6568420385524946,6-mer
CCCTAC,-0.14287419553026065,-0.4338209749582595,6-mer
CCCTAG,-0.32042841175763354,-1.0381232376773213,6-mer
CCCTTA,-0.026777651853699354,-0.6544611991219148,6-mer
CCCTTT,0.15153031118917576,-0.09873395358535932,6-mer
CCCTTC,-0.03295042180128652,0.0313263341939055,6-mer
CCCTTG,-0.10757988719981469,-0.5237789842696655,6-mer
CCCTCA,-0.1396757124276282,-0.5510990488548722,6-mer
CCCTCT,0.2867320623870003,-0.016013768902372605,6-mer
CCCTCC,0.12009699603323072,1.0170735133589415,6-mer
CCCTCG,-1.0582146139452957,-0.7518921384043091,6-mer
CCCTGA,-0.10685563641755073,-1.1242581029621457,6-mer
CCCTGT,0.28784709964425637,-0.19902627818218344,6-mer
CCCTGC,0.203228416800223,0.07245179434829016,6-mer
CCCTGG,-0.24473358909085005,-0.6534735637451318,Inverted repeat
CCCCAA,0.046026075249058815,-0.21425537189810945,6-mer
CCCCAT,0.10715324294537165,0.07586201451530859,6-mer
CCCCAC,-0.1548856019781711,-0.09375332095690828,6-mer
CCCCAG,0.2762256458474341,-0.09310940439148137,6-mer
CCCCTA,-0.15144271470780876,-0.47209857967185676,6-mer
CCCCTT,-0.0593655715885074,0.17944610523454918,6-mer
CCCCTC,-0.1191112118876752,0.19053769486403926,6-mer
CCCCTG,0.15089800335586617,-0.20523429987609,6-mer
CCCCCA,-0.2943305363233325,-0.11854714537061621,6-mer
CCCCCT,-0.15462379360418552,0.6211826886339094,6-mer
CCCCCC,-1.212050477114989,-0.08798768029361818,6-mer
CCCCCG,-2.0874628412503395,-0.8784989949522938,6-mer
CCCCGA,0.27130202181739427,-0.19464743085354366,6-mer
CCCCGT,-0.1375035237499347,0.025878631825605323,6-mer
CCCCGC,-2.7602209464665095,-1.0451887737662555,6-mer
CCCCGG,0.3012686243212692,0.4427824897617479,Inverted repeat
CCCGAA,0.7665907632754845,-0.09178278816845127,6-mer
CCCGAT,-0.6054266032808719,-1.0015672951469603,6-mer
CCCGAC,-0.22753572461240765,-0.2995602818589078,6-mer
CCCGAG,-0.9068905956085187,-1.3938432770097202,6-mer
CCCGTA,0.14079763873716925,-0.36853903717895226,6-mer
CCCGTT,-0.10104358593369855,-0.3421059768249926,6-mer
CCCGTC,0.16542360920737142,0.38332863955150565,6-mer
CCCGTG,-0.8875252707415877,-1.051178723925563,6-mer
CCCGCA,0.46992925777491595,0.08118175625535295,6-mer
CCCGCT,-0.6003925412907622,-0.3759284622397272,6-mer
CCCGCC,-1.0646529583422537,-0.3362833878644322,6-mer
CCCGCG,0.03125093398443977,1.810966175609983,6-mer
CCCGGA,-0.28597121711095264,-0.6959938131099002,Inverted repeat
CCCGGT,0.0901978089715781,-0.4248406743092025,Inverted repeat
CCCGGC,0.03652587602511375,0.2344652536370226,Inverted repeat
CCCGGG,0.15200309344504997,0.3340009271879373,Palindromes
CCGAAA,0.09117220061628767,-0.5402193000106212,6-mer
CCGAAT,0.08210108021489373,-0.8466377966655609,6-mer
CCGAAC,0.0668549747562513,-0.29615647600850264,6-mer
CCGAAG,0.6679239497365547,0.4646897999259426,6-mer
CCGATA,0.4215729353287901,-0.29719141656585585,6-mer
CCGATT,0.725994476345203,-0.2534936386241876,6-mer
CCGATC,-3.090853430451114,-3.8914191868460786,6-mer
CCGATG,-1.5650236536678253,-2.3014154975616496,6-mer
CCGACA,1.0466500932988214,0.5877395853917298,6-mer
CCGACT,0.31246776563829615,-0.10676584887306469,6-mer
CCGACC,0.34585393413284277,0.4311571646421207,6-mer
CCGACG,-1.7078192485066899,-0.3219280948873623,6-mer
CCGAGA,-1.0731347046302153,-1.6734004653887402,6-mer
CCGAGT,-0.2213867084753024,-0.7386618848271045,6-mer
CCGAGC,-1.2479275134435857,-0.9601072728764872,6-mer
CCGAGG,-1.4724877714627433,-1.192194165283345,Inverted repeat
CCGTAA,0.2722445285739112,-0.27531273561223074,6-mer
CCGTAT,0.16676225071746462,-0.03667704872258437,6-mer
CCGTAC,-0.3122779248536431,-0.3219280948873623,6-mer
CCGTAG,0.26218601119547275,0.17033491621730737,6-mer
CCGTTA,0.03813512888677123,-0.6274458320426696,6-mer
CCGTTT,0.2732542481516729,-0.01472150570676557,6-mer
CCGTTC,-0.5200878346168588,-0.021577078538454007,6-mer
CCGTTG,0.027307345995735248,0.08352335556228345,6-mer
CCGTCA,0.62148837674627,0.3354203312154757,6-mer
CCGTCT,-0.0345572220363683,-0.09859703002991191,6-mer
CCGTCC,-0.47393118833241243,0.2656598752406172,6-mer
CCGTCG,0.31336608138393846,1.2064508774674265,6-mer
CCGTGA,-0.7224660244710911,-1.0058369400222842,6-mer
CCGTGT,-0.30854906508616237,-0.2984525249585191,6-mer
CCGTGC,-1.1418687163113368,-0.8441751956025416,6-mer
CCGTGG,-0.530897343684417,-0.21334728173344092,Inverted repeat
CCGCAA,0.41023651301502273,-0.27417496343899417,6-mer
CCGCAT,-0.6059221193568024,-0.8537105577493437,6-mer
CCGCAC,0.6191291038723478,0.6256044852185021,6-mer
CCGCAG,0.3437324652057107,0.13289427049734515,6-mer
CCGCTA,0.02531108852918752,-0.3521602963067774,6-mer
CCGCTT,0.05629857971031762,-0.2973275833876716,6-mer
CCGCTC,-0.8090027749390863,-0.6338721012021025,6-mer
CCGCTG,-0.8671057295026549,-0.6809776362880486,6-mer
CCGCCA,0.5987085080899773,0.33112703173382696,6-mer
CCGCCT,1.0287317185433162,0.6654596291905114,6-mer
CCGCCC,0.7786132915246977,1.2183054638132051,6-mer
CCGCCG,0.03368312625628859,1.3008664793595328,6-mer
CCGCGA,-1.7865963618908067,1.0324214776923775,Inverted repeat
CCGCGT,1.0324214776923775,1.7858751946471527,Inverted repeat
CCGCGC,-1.7078192485066899,-0.9259994185562233,Inverted repeat
CCGCGG,-0.1674567458515627,2.3219280948873626,Palindromes
CCGGAA,-0.288936269276551,-1.0689573723982662,6-mer
CCGGAT,0.27001600624489247,-0.5515160176280143,6-mer
CCGGAC,-2.7048719644563524,-1.432959407276106,6-mer
CCGGAG,-0.359249721093097,-0.41831263131170493,6-mer
CCGGTA,-0.8087755967572314,-1.2954558835261714,6-mer
CCGGTT,0.18555565315607644,-0.32032420918477267,6-mer
CCGGTC,-0.27863126088481227,-0.5577776713949257,6-mer
CCGGTG,0.6886025726048072,0.30157944949555965,6-mer
CCGGCA,-0.5849625007211562,-0.9347342285338317,6-mer
CCGGCT,0.2970962419074269,-0.5042858544215576,6-mer
CCGGCC,-1.9927684307689242,-2.0565835283663674,6-mer
CCGGCG,-2.9448584458075393,-0.5360529002402096,6-mer
CCGGGA,0.4334747475355199,0.09234017214671039,6-mer
CCGGGT,-0.31961793420016116,-0.7824085649273732,6-mer
CCGGGC,-0.22239242133644793,-0.3283258660855132,6-mer
CCGGGG,-0.045442970761167094,0.20029865048583131,Inverted repeat
CGAAAA,-0.07554693233896234,-0.047401077507074896,6-mer
CGAAAT,-0.22678050549821918,-0.2981669553346764,6-mer
CGAAAC,-0.21019196773092103,-0.46727948045998235,6-mer
CGAAAG,0.23832789326942166,0.3750635838098235,6-mer
CGAATA,-0.0970488900795374,-0.2160626095943399,6-mer
CGAATT,-0.028817272421114235,-0.5362078704364905,6-mer
CGAATC,0.19474252688109536,-0.3052188524660685,6-mer
CGAATG,-0.1288775187343364,-0.19033121210414927,6-mer
CGAACA,-0.4120902152285069,-0.24133933473447483,6-mer
CGAACT,-0.34103691783506696,-0.4263679850009426,6-mer
CGAACC,0.13565509935756626,0.46500595855292853,6-mer
CGAACG,-0.5360529002402096,0.2921807514933101,Inverted repeat
CGAAGA,0.19466167976381885,0.38816179328744904,6-mer
CGAAGT,0.3178119864151303,0.3756054142500978,6-mer
CGAAGC,0.3597301275997467,0.4969693543588399,6-mer
CGAAGG,0.25056692792863966,0.5250655466474006,6-mer
CGATAA,0.39558770771390883,0.18141582126508915,6-mer
CGATAT,0.33432570001958445,0.28115156779777073,6-mer
CGATAC,0.3923174227787602,0.3404905459137897,6-mer
CGATAG,0.10855471496126551,0.11227478538159193,6-mer
CGATTA,0.6496901037428153,-0.07005416816381566,6-mer
CGATTT,0.7585641025640474,0.3642281115061638,6-mer
CGATTC,0.6194720311477654,0.14601502360545243,6-mer
CGATTG,0.46579079974347865,0.22297615391203804,6-mer
CGATCA,-2.475373162506319,-3.0294528857869705,Inverted repeat
CGATCT,-4.303780748177103,-4.986410935252045,Inverted repeat
CGATCC,-3.167633189934323,-3.4118135984045574,Inverted repeat
CGATCG,-4.263034405833794,-4.232660756790276,Palindromes
CGATGA,-1.1632766254329467,-1.226161143570332,6-mer
CGATGT,-0.8548898725623333,-1.2937628407589494,6-mer
CGATGC,-1.7570232465074596,-1.959946750479561,6-mer
CGATGG,-1.498662654326936,-1.0261522878559686,6-mer
CGACAA,0.46256586936142974,0.31013611755573955,6-mer
CGACAT,0.35005746807115956,0.061316351320423894,6-mer
CGACAC,0.1695330180026265,0.35903208955010174,6-mer
CGACAG,0.2970962419074269,0.4791678366985595,6-mer
CGACTA,0.2706475899436689,-0.10775618035588291,6-mer
CGACTT,0.3245825483333403,0.05872484417762069,6-mer
CGACTC,0.3163035456934842,0.13153899088533444,6-mer
CGACTG,-0.27550375779601033,-0.2230363379018747,6-mer
CGACCA,0.019365324866931113,0.36523187910822263,6-mer
CGACCT,0.57705730263581,0.3990959554098222,6-mer
CGACCC,0.7627747805158115,0.6447070863142178,6-mer
CGACCG,-0.8379432418910272,0.6401040549136172,Inverted repeat
CGACGA,0.44745897697122144,1.1775381855521876,6-mer
CGACGT,-0.07313470463021514,1.0503316755501448,6-mer
CGACGC,-1.6780719051126378,0.5719063478957097,6-mer
CGACGG,-0.30256277002043114,1.082462160191973,6-mer
CGAGAA,-0.09869908608711878,-0.09882305558587513,6-mer
CGAGAT,0.060050158086146575,-0.04575359516561589,6-mer
CGAGAC,-0.9259994185562233,-0.8300749985576876,6-mer
CGAGAG,0.06429849349437296,0.06180528447347189,6-mer
CGAGTA,-0.502105568316872,-0.23791329308092918,6-mer
CGAGTT,0.4288432988038741,-0.03309440128966859,6-mer
CGAGTC,0.25697265304659234,0.15432814639129366,6-mer
CGAGTG,0.22562595658823006,0.20188847687891293,6-mer
CGAGCA,-0.2901026490319646,-0.18511140525698835,6-mer
CGAGCT,-0.47428626956504133,-0.48274772697436036,6-mer
CGAGCC,0.44745897697122144,0.33904211575120996,6-mer
CGAGCG,0.8438807980827182,2.046293652273935,Inverted repeat
CGAGGA,-0.054732732678425905,0.12328427632352316,6-mer
CGAGGT,-0.2630344058337938,-0.14295795384204285,6-mer
CGAGGC,-1.709290635723358,-1.4964258261194991,6-mer
CGAGGG,-0.8339900485610707,-0.1660099514389292,6-mer
CGTAAA,0.11961470167364284,0.010147955376082754,6-mer
CGTAAT,-0.1706703876851341,-0.445928807083152,6-mer
CGTAAC,0.038081007188833865,0.10912172238011227,6-mer
CGTAAG,-0.21710660808339188,-0.24021519206922265,6-mer
CGTATA,-0.03518942846229995,0.3306934604037439,6-mer
CGTATT,0.26847975326095874,0.28712621234470265,6-mer
CGTATC,0.14805050181954996,0.5309909322637206,6-mer
CGTATG,-0.041986152153409395,0.19099722506091332,6-mer
CGTACA,-0.46743919723866345,-0.1321183176431041,Inverted repeat
CGTACT,-0.24270140373678717,0.06711419585853703,Inverted repeat
CGTACC,-0.24227584566699642,0.10248295760125123,Inverted repeat
CGTACG,-0.258217389536018,0.8761283418378316,Palindromes
CGTAGA,-0.03608082027797331,0.05942108625954742,6-mer
CGTAGT,-0.189033824390017,0.12323750921844454,6-mer
CGTAGC,-0.2613636528492802,0.22881869049588074,6-mer
CGTAGG,0.11247472925841263,0.40563880127659424,6-mer
CGTTAA,-0.2217274316768803,-0.614665568614863,6-mer
CGTTAT,0.2385965165485209,0.05610766622273148,6-mer
CGTTAC,-0.21804695106048363,0.05824514103595358,6-mer
CGTTAG,-0.5533033453930888,-0.2283911619578909,6-mer
CGTTTA,0.02863880122476923,-0.02624409925052705,6-mer
CGTTTT,0.35534806004465475,0.6258311824230234,6-mer
CGTTTC,-0.13566803362844443,0.18835771953929767,6-mer
CGTTTG,0.15777388130299794,0.3955688571396271,6-mer
CGTTCA,0.16422939577830933,0.23266075679027504,6-mer
CGTTCT,-0.1382793748258471,0.25296412035500343,6-mer
CGTTCC,-0.18697220001423476,0.4076579689132461,6-mer
CGTTCG,0.2427014037367873,1.1325856396178093,Inverted repeat
CGTTGA,0.11381989955716185,0.09014462303800809,6-mer
CGTTGT,-0.02294375948707914,0.13732651681260605,6-mer
CGTTGC,0.13842468694450916,0.5983120543801759,6-mer
CGTTGG,-0.10153802646206214,0.6122698467168916,6-mer
CGTCAA,0.27885937299547653,0.30562628255826185,6-mer
CGTCAT,0.41436507090922986,0.2156755051218672,6-mer
CGTCAC,0.030373649043518604,0.2656598752406172,6-mer
CGTCAG,0.3266816248579969,0.29007922884802245,6-mer
CGTCTA,0.5012204099047415,0.35845397091247644,6-mer
CGTCTT,0.364724964088382,0.4146317349558514,6-mer
CGTCTC,-0.04941955404427463,0.4193184966067201,6-mer
CGTCTG,0.27802527301054697,0.4468098453333235,6-mer
CGTCCA,-0.45545176772475193,-0.1301987231267014,6-mer
CGTCCT,0.1422616989668499,0.328685461062671,6-mer
CGTCCC,-0.3526716183184702,0.28798076296402464,6-mer
CGTCCG,0.027307345995735248,1.1681227588083267,Inverted repeat
CGTCGA,0.6107884880890613,0.9654427779636316,6-mer
CGTCGT,0.5271184261488718,1.0315355734331066,6-mer
CGTCGC,0.7455787244709144,1.9296106721086022,6-mer
CGTCGG,-0.7184861735585457,0.5145731728297582,6-mer
CGTGAA,-0.22948184612276734,-0.16172091931497612,6-mer
CGTGAT,-0.40500814471494395,-0.37083769536830874,6-mer
CGTGAC,-0.8602752363333869,-0.5671355037492816,6-mer
CGTGAG,0.1674567458515627,0.1734055701772743,6-mer
CGTGTA,-0.27765419510657,0.007556220256161513,6-mer
CGTGTT,-0.16827148258979857,-0.08251900284838534,6-mer
CGTGTC,-0.046293652273934935,0.1377611708692712,6-mer
CGTGTG,-0.36790352368774903,-0.2750070474998698,6-mer
CGTGCA,-0.20934653493980557,0.04890960048094649,6-mer
CGTGCT,-0.3580475206940142,-0.11103131238874395,6-mer
CGTGCC,0.2786006632232619,0.3529549905079868,6-mer
CGTGCG,-1.3146965256562866,0.567040592723894,Inverted repeat
CGTGGA,-0.005759269288685015,0.6482516080617278,6-mer
CGTGGT,-0.41288261457517006,0.13500501709315268,6-mer
CGTGGC,-0.9560566524124028,-0.4604804700400107,6-mer
CGTGGG,0.0,0.44614803181887414,6-mer
CGCAAA,-0.23158708327127825,-0.2722529358631723,6-mer
CGCAAT,-0.5719358204249166,-0.7082828394621212,6-mer
CGCAAC,0.2656598752406172,0.2544651271086235,6-mer
CGCAAG,-0.1983287164459784,-0.25883441730450807,6-mer
CGCATA,-0.7166251458820307,-0.6528051465022077,6-mer
CGCATT,0.03775130295761116,-0.11854714537061621,6-mer
CGCATC,0.22780591752281218,0.34351495709550833,6-mer
CGCATG,-1.1396173630158528,-0.5799790932069007,6-mer
CGCACA,-0.5148937361109103,-0.1929224926227793,6-mer
CGCACT,-0.24044370161921955,0.059942540456282105,6-mer
CGCACC,0.31859238232410614,1.0170735133589415,6-mer
CGCACG,0.19723234743804768,0.968291140272662,Inverted repeat
CGCAGA,-0.26969813611480437,-0.3728092638895464,6-mer
CGCAGT,-0.37070270004296585,-0.36257007938470814,6-mer
CGCAGC,-0.2377676472233636,0.3625700793847083,6-mer
CGCAGG,0.10865706351946262,0.2703977942472801,6-mer
CGCTAA,-0.3742369681534041,-0.6761384292267899,6-mer
CGCTAT,-0.032914622472734884,-0.1226402406881228,6-mer
CGCTAC,0.4449389849927056,0.7227866589964445,6-mer
CGCTAG,-0.5634293391715147,-0.34052377714287463,6-mer
CGCTTA,-0.07778398806252003,-0.23828774349810816,6-mer
CGCTTT,0.11337343671966114,0.1962401334804795,6-mer
CGCTTC,0.025435047376270455,0.23071506945909076,6-mer
CGCTTG,-0.13286711362921608,0.13948505359862157,6-mer
CGCTCA,0.0,-0.18414643444080933,6-mer
CGCTCT,0.0030404543200510635,0.1619674796633931,6-mer
CGCTCC,0.3867232176844298,0.9901968249696416,6-mer
CGCTCG,0.5395195299599893,0.9770995978899212,Inverted repeat
CGCTGA,0.44486420101835367,0.20989230533416467,6-mer
CGCTGT,-0.36306322416506587,0.20218885061326672,6-mer
CGCTGC,-0.49910176406731843,-0.11103131238874381,6-mer
CGCTGG,-0.08406426478847438,0.29683711392453177,6-mer
CGCCAA,0.4404725466551141,0.3786201006432232,6-mer
CGCCAT,0.509206663079943,0.5006935838235522,6-mer
CGCCAC,0.3907270918726661,0.7152705230668872,6-mer
CGCCAG,0.4498029174395205,0.557741031986132,6-mer
CGCCTA,0.6191291038723478,-0.007195501404203813,6-mer
CGCCTT,1.0950342813159735,0.7421458332718863,6-mer
CGCCTC,1.0119067666841741,1.1666498694094514,6-mer
CGCCTG,0.8921622584579637,0.54780950230369,6-mer
CGCCCA,0.6562045822023697,0.46482013763265884,6-mer
CGCCCT,0.48215169513738065,0.1046973786666934,6-mer
CGCCCC,-0.26934817976599595,0.7966718402904739,6-mer
CGCCCG,0.8869910381708137,2.2188346019232585,Inverted repeat
CGCCGA,0.4584300947922246,1.10350457575386,6-mer
CGCCGT,-0.3219280948873623,1.3219280948873626,6-mer
CGCCGC,0.6629650127224292,1.9657842846620868,6-mer
CGCCGG,-1.9726926540042646,0.2630344058337938,6-mer
CGCGAA,0.12462665451374481,0.6065689569105311,6-mer
CGCGAT,-1.1006039409384056,-0.3486101375398679,6-mer
CGCGAC,-2.222392421336448,-1.4854268271702413,6-mer
CGCGAG,-0.033552559711026456,0.962847001582534,6-mer
CGCGTA,-0.5688428353578792,-0.1305841098101443,6-mer
CGCGTT,-0.384663850235325,0.5210281949670574,6-mer
CGCGTC,-0.2529807411698709,0.3523017439308809,6-mer
CGCGTG,0.5244209587861053,0.9727785312649758,6-mer
CGCGCA,-2.292781749227846,-0.6476982560691187,Inverted repeat
CGCGCT,-0.84799690655495,-0.6061789866308518,Inverted repeat
CGCGCC,-2.0588936890535687,0.6057210608879536,Inverted repeat
CGCGCG,-1.4854268271702413,-1.0,Palindromes
CGCGGA,-0.050040682499595625,1.381306641966294,6-mer
CGCGGT,-0.22239242133644793,1.3510744405468786,6-mer
CGCGGC,-0.6121839694561804,0.8889686876112559,6-mer
CGCGGG,-1.3383225331380308,1.241008099503795,6-mer
CGGAAA,-0.06556792117108513,-0.4011623377479397,6-mer
CGGAAT,-0.05405912695082082,-0.5130126588421412,6-mer
CGGAAC,-0.18952048151754897,-0.2568024521222791,6-mer
CGGAAG,0.02452231913406882,-0.0912098714759999,6-mer
CGGATA,0.35331851403490866,0.08639720409178998,6-mer
CGGATT,0.5395726180371561,-0.19479967008134152,6-mer
CGGATC,-2.1699250014423126,-2.477478074054751,6-mer
CGGATG,0.008770209627731966,-0.22924609237751056,6-mer
CGGACA,-0.0703893278913978,-0.3743955147814978,6-mer
CGGACT,-1.0729315224538511,-0.9851267235184696,6-mer
CGGACC,-0.6423499828786762,-0.4673929043399802,6-mer
CGGACG,-0.01510689239020819,1.2123036037128643,Inverted repeat
CGGAGA,0.14805050181954996,0.10062081466329192,6-mer
CGGAGT,-0.0901978089715781,-0.17942497318303932,6-mer
CGGAGC,0.4999263968653567,0.6198329605682084,6-mer
CGGAGG,0.09348662887810927,0.883700968236629,6-mer
CGGTAA,-0.10502121263464416,-0.5438051759643965,6-mer
CGGTAT,-0.3348250889018039,-0.40619398011371494,6-mer
CGGTAC,-0.6061789866308518,-0.12530822677962974,6-mer
CGGTAG,-0.3059202186869702,-0.12054153167121655,6-mer
CGGTTA,-0.40278636937674556,-1.0874628412503395,6-mer
CGGTTT,-0.2215677885384092,-0.4749344533525994,6-mer
CGGTTC,0.0578206543883423,-0.02260142893713257,6-mer
CGGTTG,-0.03307182160564873,0.07400058144377666,6-mer
CGGTCA,0.2534483570045959,-0.07038932789139794,6-mer
CGGTCT,0.19467370969107278,-0.1392747886021278,6-mer
CGGTCC,0.3901628306398144,0.3297902126603326,6-mer
CGGTCG,0.5376567859427994,1.9569312781081145,Inverted repeat
CGGTGA,0.6257088430644653,0.1612452457498987,6-mer
CGGTGT,-0.5431423250265291,-0.5238407107754705,6-mer
CGGTGC,0.5185420750327039,0.7369655941662061,6-mer
CGGTGG,0.2916818080192418,0.8775639243390067,6-mer
CGGCAA,0.08822718301173527,-0.23438420107704844,6-mer
CGGCAT,0.10691520391651183,-0.5412411232918383,6-mer
CGGCAC,-0.28189343308510983,-0.40808473863707684,6-mer
CGGCAG,-0.10630890214634073,-0.22130728022407037,6-mer
CGGCTA,0.6089005553779113,-0.24792751344358546,6-mer
CGGCTT,0.32474861394974086,-0.610725596786238,6-mer
CGGCTC,1.2288186904958809,0.6737717676790123,6-mer
CGGCTG,0.89616418901546,0.5344727302674631,6-mer
CGGCCA,-0.17730453180790964,-0.7325196891350141,Inverted repeat
CGGCCT,-1.1475571884138578,-1.6780719051126378,Inverted repeat
CGGCCC,-3.412781525338476,-2.3146965256562866,Inverted repeat
CGGCCG,0.33257533908687087,1.8149681061674792,Palindromes
CGGCGA,0.11247472925841233,1.2515387669959643,6-mer
CGGCGT,0.31293931166010763,1.1926450779423958,6-mer
CGGCGC,-1.250961573533219,0.46948528330122014,6-mer
CGGCGG,0.5318511642615935,2.5083412191182437,6-mer
CGGGAA,-0.13281182842521272,-0.5655971758542251,6-mer
CGGGAT,0.0202723950262609,-0.9119850014267674,6-mer
CGGGAC,0.6520766965796931,0.6300503902496941,6-mer
CGGGAG,0.47643804394298706,0.5881022082517234,6-mer
CGGGTA,-0.11042398969365048,-0.5025003405291831,6-mer
CGGGTT,-0.3598959450863829,-1.1312445332782528,6-mer
CGGGTC,1.0892673380970874,0.9907221864119892,6-mer
CGGGTG,0.04756568325205582,0.24485187186872123,6-mer
CGGGCA,-0.8923910259134036,-1.2428565238961637,6-mer
CGGGCT,-0.9716712769415056,-0.8249132934419089,6-mer
CGGGCC,-0.9385994553358568,-0.8546606368359607,6-mer
CGGGCG,0.3864683470820729,1.8271634031377846,Inverted repeat
CGGGGA,0.6062036482953264,0.543085860572171,6-mer
CGGGGT,-0.7699943945536769,-0.619178216059069,6-mer
CGGGGC,-0.12495827043082121,0.16488438474178208,6-mer
CGGGGG,-0.6578940231750073,0.4577419502330821,6-mer
GAAAAA,0.057523798502334265,0.5249573663849635,6-mer
GAAAAT,0.27128935042503904,0.35369975987033586,6-mer
GAAAAC,-0.3050141849294067,-0.08374089478790188,6-mer
GAAAAG,-0.22023618214449303,0.3891719445169521,6-mer
GAAATA,0.050695958670450826,0.24346563911209546,6-mer
GAAATT,-0.18500438474114295,-0.2513537102473261,6-mer
GAAATC,-0.2803538820338204,-0.3937314890842694,Inverted repeat
GAAATG,-0.24028827685583734,0.14622287936667894,6-mer
GAAACA,0.0003760772600402375,-0.023442399171202773,6-mer
GAAACT,0.3088742813821389,0.02994575356339503,6-mer
GAAACC,-0.6613802992432112,-0.6517195496436227,6-mer
GAAACG,-0.11746577051338994,0.05246741989413535,6-mer
GAAAGA,-0.24145887127465143,0.32590300067757866,6-mer
GAAAGT,-0.03733103931210217,0.2159382045623608,6-mer
GAAAGC,-0.6624003571219182,-0.33394018085470484,6-mer
GAAAGG,-0.9280848178776419,-0.15225971268635874,6-mer
GAATAA,-0.3805801683536852,-0.35731120858308874,6-mer
GAATAT,-0.018360799145185236,0.0923449986853738,6-mer
GAATAC,-0.12509826315723135,0.026861340167565882,6-mer
GAATAG,-0.47054198903633454,-0.2883825549630883,6-mer
GAATTA,0.4495660836110207,-0.1570622472313263,Inverted repeat
GAATTT,0.2932852775451345,-0.08495817299604273,Inverted repeat
GAATTC,-3.667534450878624,-3.9822453302221836,Palindromes
GAATTG,-0.10799043783316534,-0.32980806529787127,Inverted repeat
GAATCA,0.14772421228306867,-0.3316344695776371,6-mer
GAATCT,0.2659485624425212,-0.23190874321416904,6-mer
GAATCC,-0.008317043660763376,-0.3934991525711587,6-mer
GAATCG,0.32708980000314136,0.018147346710259398,6-mer
GAATGA,-0.8512381908679917,-0.5722489960948289,6-mer
GAATGT,-0.26232284229735214,-0.31303061858339304,6-mer
GAATGC,-0.9423925449087516,-0.8277148175284748,6-mer
GAATGG,-0.5540447757459553,0.06707832175424952,6-mer
GAACAA,-0.05170912474736956,-0.02710863477275107,6-mer
GAACAT,0.0016319242266359818,-0.20449447817404434,6-mer
GAACAC,-0.04128820849063162,-0.24296019184726536,6-mer
GAACAG,-0.28492701168263596,-0.03625519822060717,6-mer
GAACTA,-0.001068267387491108,-0.1379950220822493,6-mer
GAACTT,0.3805073436252429,0.2209089301611174,6-mer
GAACTC,-0.12891012581932812,-0.24091599984907378,Inverted repeat
GAACTG,-0.07553561786935768,0.004378440510573977,6-mer
GAACCA,0.16789446621494136,0.49357090182553337,6-mer
GAACCT,0.43167186141564595,0.21273253044142532,6-mer
GAACCC,-0.09010065451914305,-0.38906613674784846,6-mer
GAACCG,-0.4774780740547507,-0.32875858805663,6-mer
GAACGA,-0.2330930249705544,0.23538798794471053,6-mer
GAACGT,-0.06702247679299941,0.1903427004047152,6-mer
GAACGC,-0.19758134434517752,0.4540316308947074,6-mer
GAACGG,-0.5809494382145327,-0.4214637684382766,6-mer
GAAGAA,0.5513929087548571,1.1484664413416419,6-mer
GAAGAT,0.4402548521399247,0.6863154185335937,6-mer
GAAGAC,0.047224208886360655,0.10427950187249681,6-mer
GAAGAG,0.041518270328486,0.5718071356382769,6-mer
GAAGTA,0.31806338579648435,0.5780436984648879,6-mer
GAAGTT,0.48494575035484283,0.4740024659708689,6-mer
GAAGTC,-0.1982021396636122,-0.4100882833071105,Inverted repeat
GAAGTG,-0.04217308544220115,0.25336183967314785,6-mer
GAAGCA,0.2742252489826469,0.6360967663166163,6-mer
GAAGCT,0.5002238290983224,0.6812315624020947,6-mer
GAAGCC,-0.17845868790217598,-0.480419470513034,6-mer
GAAGCG,-0.06670428108354182,0.3537641820093675,6-mer
GAAGGA,-0.003577227324688457,0.5247506535990373,6-mer
GAAGGT,0.6138942281893528,0.8386661471152025,6-mer
GAAGGC,0.012769752772505888,-0.31041846621160984,6-mer
GAAGGG,-0.327965456194942,-0.304938359295692,6-mer
GATAAA,0.26521370389304105,0.32880052129425946,6-mer
GATAAT,0.41281581799393413,0.05719822587924129,6-mer
GATAAC,-0.2632130345767805,-0.2941234999903575,6-mer
GATAAG,-0.0780935811723791,0.05992325694965412,6-mer
GATATA,0.4243305714884328,0.6671113297341426,Inverted repeat
GATATT,0.2846102508646274,0.19244538314785067,Inverted repeat
GATATC,-0.5717532259269272,-0.6055066627161343,Palindromes
GATATG,0.05245334008150678,0.37842471653156323,Inverted repeat
GATACA,0.373159334479296,0.5623284653745728,6-mer
GATACT,0.33813617107987304,0.3615026024282084,6-mer
GATACC,-0.17724038494407288,0.02280988290808586,6-mer
GATACG,0.056128012378510554,0.5452362224055453,6-mer
GATAGA,-0.10944854202605284,0.2535490377757011,6-mer
GATAGT,0.05492696936764527,0.09343025283957107,6-mer
GATAGC,-0.3916302615174298,-0.1883836505724547,6-mer
GATAGG,-0.8484348167240091,-0.5903065286790871,6-mer
GATTAA,-0.563780955433842,-0.8493584778152646,6-mer
GATTAT,0.1990729879161778,-0.16391496974443823,6-mer
GATTAC,-0.1821576249671726,-0.5002933599504639,6-mer
GATTAG,-0.36732615056187123,-0.6560748028401067,6-mer
GATTTA,0.7177380366218218,0.3317152406681809,6-mer
GATTTT,0.42373755111999195,0.154537640465622,6-mer
GATTTC,-0.019877622813950016,-0.36738069841782434,Inverted repeat
GATTTG,0.22331752238827388,-0.017967228023053106,6-mer
GATTCA,0.19534422754335135,-0.3200653508701726,6-mer
GATTCT,0.16281775176108365,-0.16940076631994194,6-mer
GATTCC,-0.21319245534648154,-0.47815451653200874,6-mer
GATTCG,-0.2280947807006313,-0.5545354669696482,6-mer
GATTGA,-0.6293280058434574,-0.5943888331183745,6-mer
GATTGT,-0.04169975310528973,-0.20462771378970665,6-mer
GATTGC,-0.4389419248077534,-0.48029596238069433,6-mer
GATTGG,-0.6206102017931802,-0.30308170174344506,6-mer
GATCAA,-3.7594813683291823,-4.2849278821685495,6-mer
GATCAT,-4.286090281372436,-4.748399302801158,6-mer
GATCAC,-2.7846500613718224,-3.3911475909361193,6-mer
GATCAG,-3.5375327393697447,-3.740118042833128,6-mer
GATCTA,-3.9189805088968037,-4.436387668515719,6-mer
GATCTT,-3.857457235804016,-4.257343984447626,6-mer
GATCTC,-4.024674280411623,-4.645009884391095,Inverted repeat
GATCTG,-3.5075832408224095,-3.802523239828061,6-mer
GATCCA,-3.3113974273951934,-3.2613401072939183,6-mer
GATCCT,-3.3187506693463384,-3.798165750602944,6-mer
GATCCC,-3.065227622775619,-3.8799730392705274,6-mer
GATCCG,-1.0279540615710012,-1.7167523732766974,6-mer
GATCGA,-4.151101127150657,-3.727920454563199,6-mer
GATCGT,-2.5348679350476058,-2.7846036888656016,6-mer
GATCGC,-4.807354922057604,-5.167919865551936,6-mer
GATCGG,-2.1434527900811213,-2.822266631461533,6-mer
GATGAA,0.6539797783465744,0.9175104197044257,6-mer
GATGAT,0.5121230815968694,0.5596830922727984,6-mer
GATGAC,0.18319360259782405,-0.030336078370958756,6-mer
GATGAG,0.13355821883450353,0.3751102048235849,6-mer
GATGTA,0.5475476400951902,0.6305891393644263,6-mer
GATGTT,0.5358938247882871,0.3385121855761928,6-mer
GATGTC,0.05612193980351472,-0.2752681136478612,Inverted repeat
GATGTG,-0.16964619285300334,0.06891170477097694,6-mer
GATGCA,0.3671299188713109,0.6264630171210899,6-mer
GATGCT,0.5584973787879043,0.65281787937416,6-mer
GATGCC,0.42373871509766814,-0.1697007889869865,6-mer
GATGCG,0.1586977460190581,0.5127504372229403,6-mer
GATGGA,0.18738597150853475,1.0694560056784597,6-mer
GATGGT,0.1680575286667554,0.8100460894557815,6-mer
GATGGC,-0.13338300672997142,-0.14882566790402577,6-mer
GATGGG,-0.002573943663826393,0.11110908780270315,6-mer
GACAAA,-0.1570239256536893,-0.1088661620163445,6-mer
GACAAT,-0.014411161944756433,-0.3604723314467819,6-mer
GACAAC,-0.08681815737535797,-0.1974259976507176,6-mer
GACAAG,0.018474659151459436,0.07742497194516575,6-mer
GACATA,0.07852739733507486,-0.11596090503665994,6-mer
GACATT,0.04446348136432696,-0.4043335665376713,6-mer
GACATC,0.10902088221435334,-0.24409802186521737,Inverted repeat
GACATG,0.01702771424333965,-0.2923746490866253,6-mer
GACACA,-0.12857621769466285,-0.28694273693803063,6-mer
GACACT,0.021638479288191483,-0.23104429158935688,6-mer
GACACC,-0.16480492978350408,-0.17469199434976485,6-mer
GACACG,0.21759143507262685,0.5611157587667885,6-mer
GACAGA,-0.6162344846189471,-0.5046203924035528,6-mer
GACAGT,-0.30607018308937034,-0.23342274972325466,6-mer
GACAGC,-0.5595500815481419,-0.2908543006567315,6-mer
GACAGG,-0.26906048083773254,-0.18241594562550936,6-mer
GACTAA,-0.7495701013796326,-1.082718430153322,6-mer
GACTAT,-0.12866511932457775,-0.30983094909747827,6-mer
GACTAC,-0.32693745770110716,-0.4295180860195853,6-mer
GACTAG,-1.1209320683958042,-1.1305103203289688,6-mer
GACTTA,0.4331443800362658,-0.10757346898905935,6-mer
GACTTT,-0.06085687362714911,-0.26164439219809327,6-mer
GACTTC,-0.12722055048807404,-0.4161951614360176,Inverted repeat
GACTTG,-0.03846606999224033,-0.19847659416657637,6-mer
GACTCA,-0.12475503100794669,-0.708141872769428,6-mer
GACTCT,0.03834035877075919,-0.4099401613989328,6-mer
GACTCC,-0.36721992688762556,-0.5990836089658089,6-mer
GACTCG,-0.6282736719944866,-0.5464278993021666,6-mer
GACTGA,-0.9601072728764876,-1.0618978669977581,6-mer
GACTGT,-0.29258675091155395,-0.516853380845716,6-mer
GACTGC,-0.7074239895889053,-0.48123598895564573,6-mer
GACTGG,-0.4112853644177362,-0.17807407178662454,6-mer
GACCAA,0.1271860269488764,0.16295381707826925,6-mer
GACCAT,0.21104545154467672,0.17666117101774462,6-mer
GACCAC,0.3778192957794075,0.4404248575226719,6-mer
GACCAG,0.06331793996291482,0.39883608059314374,6-mer
GACCTA,0.7102949787558969,0.12956365141644094,6-mer
GACCTT,0.4249989851733377,-0.05650263940663715,6-mer
GACCTC,0.20262916651501783,-0.18021712070688575,Inverted repeat
GACCTG,0.7060170058727041,0.5500321110330598,6-mer
GACCCA,1.128791987009016,0.7275765540824856,6-mer
GACCCT,0.987509055816803,-0.06158779822283156,6-mer
GACCCC,-0.002002352911147517,-0.6937138549527788,6-mer
GACCCG,1.1571833325507301,0.8582718903883396,6-mer
GACCGA,-0.2565210988751196,-0.7136958148433588,6-mer
GACCGT,0.4854268271702417,0.2040403588767457,6-mer
GACCGC,0.2666456593861727,0.11937208920508321,6-mer
GACCGG,-0.47602812916799214,-0.6109577092541006,6-mer
GACGAA,0.7359963666921376,0.9814441809717562,6-mer
GACGAT,0.12809707767482334,0.2961004262144501,6-mer
GACGAC,-0.22130728022407037,0.06817150264157922,6-mer
GACGAG,0.21681138907314804,0.7776075786635519,6-mer
GACGTA,0.25842515258120424,0.4436733672397315,Inverted repeat
GACGTT,0.1566909774752273,0.27986403532081855,Inverted repeat
GACGTC,-0.37542564337998735,-0.2544212755290858,Palindromes
GACGTG,-0.14994062698815777,0.4507831605637866,Inverted repeat
GACGCA,0.19723234743804768,0.4525122046975067,6-mer
GACGCT,0.14964767244692043,-0.009337864579336105,6-mer
GACGCC,0.6655809609294407,0.6214883767462702,6-mer
GACGCG,-1.8318772411916735,-0.04064198449734588,6-mer
GACGGA,-0.02315096425055661,0.14201900487242786,6-mer
GACGGT,-0.18650055764449477,-0.13070369164459356,6-mer
GACGGC,-0.7895802203296279,-1.2403143293337102,6-mer
GACGGG,0.47933599277321676,0.5547622629454572,6-mer
GAGAAA,-0.12643081799686492,0.3084368944545711,6-mer
GAGAAT,-0.10982141292014376,-0.06506857398490283,6-mer
GAGAAC,-0.11534104345778962,-0.07391120818629135,6-mer
GAGAAG,0.2144265134331564,0.6816997702937828,6-mer
GAGATA,0.2522002640772177,0.47132939314413225,6-mer
GAGATT,-0.0763508861301148,-0.23349708311774925,6-mer
GAGATC,-4.539848106410628,-4.952566540942802,Inverted repeat
GAGATG,0.0478684518909799,0.5804069603810094,6-mer
GAGACA,-0.24296180320740002,-0.05726123634690159,6-mer
GAGACT,-0.2329037097293355,-0.44558306942589,6-mer
GAGACC,-0.4789718050329422,-0.8540229815588887,6-mer
GAGACG,0.20511442990461226,0.608739884004282,6-mer
GAGAGA,-0.3795125680493547,0.1154338156949016,6-mer
GAGAGT,-0.07855728802844747,0.036418031133201315,6-mer
GAGAGC,-0.4409521980296368,-0.2408932916168776,6-mer
GAGAGG,-0.3749528286937623,0.23226006381703143,6-mer
GAGTAA,-0.22712633826012604,-0.18263434360359795,6-mer
GAGTAT,0.14817021382371012,0.2302925597099246,6-mer
GAGTAC,-0.13652198722887504,0.045133690098102835,6-mer
GAGTAG,0.004769244147871862,0.20416223249919524,6-mer
GAGTTA,0.49866187738975437,0.018613227378162185,6-mer
GAGTTT,0.30111929688340633,0.02813578959621043,6-mer
GAGTTC,-0.005446707898065663,-0.321807109098295,Inverted repeat
GAGTTG,0.2568454593025481,0.2533095301443483,6-mer
GAGTCA,0.09631020577331824,-0.5033240316967987,6-mer
GAGTCT,-0.060047383669938975,-0.5320017674213287,6-mer
GAGTCC,-0.5954314473191417,-0.8910168549705761,6-mer
GAGTCG,-0.36457243229585595,-0.47192256282049416,6-mer
GAGTGA,-0.3083316698697582,-0.06569228633108082,6-mer
GAGTGT,-0.0705817513716283,0.08888976101807267,6-mer
GAGTGC,-0.5043849848741263,-0.14532020374012664,6-mer
GAGTGG,-0.3417585179305834,0.26353197267469375,6-mer
GAGCAA,0.17461087952124044,0.3473094167505238,6-mer
GAGCAT,0.07844718919154063,-0.01789825435065141,6-mer
GAGCAC,-0.21509992877009199,-0.1758295341935988,6-mer
GAGCAG,0.24434515393481912,0.7349731963341597,6-mer
GAGCTA,0.2722381211096543,0.18942428941353157,Inverted repeat
GAGCTT,0.0627032900020662,0.06831694294019411,Inverted repeat
GAGCTC,-0.5551003549770529,-0.6844981742720706,Palindromes
GAGCTG,0.2604472742870938,0.5046221398549996,Inverted repeat
GAGCCA,0.467126010427298,0.08091999538356735,6-mer
GAGCCT,0.059576945064866126,-0.5863507087098054,6-mer
GAGCCC,-0.32367575717362956,-1.2138017295389592,6-mer
GAGCCG,0.6027653232409094,0.46647888462871323,6-mer
GAGCGA,0.5029851985545463,0.8109661756099831,6-mer
GAGCGT,0.490635118173003,0.8257748611240622,6-mer
GAGCGC,-0.26678654069490126,-0.16146342269411615,6-mer
GAGCGG,-0.47602812916799214,-0.09423606984576574,6-mer
GAGGAA,0.1538108792314911,0.6336475222724944,6-mer
GAGGAT,-0.0661637902234537,0.25348927523708165,6-mer
GAGGAC,-0.06606838570698581,0.029791221647705535,6-mer
GAGGAG,0.3752339254056396,0.979507947713139,6-mer
GAGGTA,0.01452273788937879,0.40624251305255343,6-mer
GAGGTT,-0.20439273792522628,0.017448970756216785,6-mer
GAGGTC,0.3147325934831583,-0.07323820153049922,Inverted repeat
GAGGTG,-0.07112259095210752,0.9468886635404377,6-mer
GAGGCA,0.5121646663590366,0.1622714288988771,6-mer
GAGGCT,0.12510786638198967,-0.23622560921167765,6-mer
GAGGCC,-0.7369655941662062,-1.7250867246302266,6-mer
GAGGCG,0.6903155008673848,1.2344652536370229,6-mer
GAGGGA,-0.021533161549641317,0.36046096642403275,6-mer
GAGGGT,0.11176596233632671,-0.06908431193548471,6-mer
GAGGGC,-0.6147098441152082,-1.0290624656024627,6-mer
GAGGGG,-0.4823007261835223,0.23210983263889307,6-mer
GTAAAA,0.08457365776424075,0.2260304343992223,6-mer
GTAAAT,0.17756835262571685,0.13786197839477055,6-mer
GTAAAC,-0.03596361288873057,-0.26621080402294794,Inverted repeat
GTAAAG,0.07653197143836303,0.1297248319902597,6-mer
GTAATA,0.10323825733388285,-0.043330128867597066,6-mer
GTAATT,0.014879776586467882,-0.34931939638366494,6-mer
GTAATC,-0.1109922525400623,-0.4262428018322643,6-mer
GTAATG,0.1494608988825966,-0.09996307543254399,6-mer
GTAACA,0.0394514731591506,-0.008950586477948105,6-mer
GTAACT,0.10253975120069282,-0.012906407120809347,6-mer
GTAACC,-0.6450767939950647,-0.5616603198522074,6-mer
GTAACG,0.24139675657535045,0.3110397787446261,6-mer
GTAAGA,-0.3313565962003356,-0.11871238771047955,6-mer
GTAAGT,0.26081658058397506,0.22329186684473978,6-mer
GTAAGC,-0.9232938265178734,-0.6219009879433881,6-mer
GTAAGG,-0.4103593271493912,-0.27828824893986415,6-mer
GTATAA,-0.1234574952607512,0.17950051114168744,Inverted repeat
GTATAT,-0.06035669146842386,0.43780848998709043,Inverted repeat
GTATAC,-0.23410256339600674,0.33809759987135757,Palindromes
GTATAG,0.08319869883765232,0.4427524326757778,Inverted repeat
GTATTA,0.10874989549116611,-0.053911667337208403,6-mer
GTATTT,0.2611590997592308,0.44360665147561484,6-mer
GTATTC,-0.2423900959177702,-0.12696345302922205,6-mer
GTATTG,0.10423863830185916,0.2791399492504475,6-mer
GTATCA,0.2460647303183715,0.34551618798907,6-mer
GTATCT,0.3410665666198046,0.5159331697058998,6-mer
GTATCC,-0.10568790053250965,0.20447051333918564,6-mer
GTATCG,0.48391891478745735,0.36599075070825465,6-mer
GTATGA,-0.3294519452691746,-0.0008109258884742572,6-mer
GTATGT,-0.07943167935194399,0.1402342798438634,6-mer
GTATGC,-0.44845062370692873,-0.14553664722081253,6-mer
GTATGG,-0.18569038131564647,0.44352342147025203,6-mer
GTACAA,-0.22093028840486478,0.18763889487529936,6-mer
GTACAT,-0.12725316318903743,0.09905174699234114,6-mer
GTACAC,-0.20805298206392775,0.04013475234273568,Inverted repeat
GTACAG,-0.13129196226901504,0.30803365322898146,6-mer
GTACTA,-0.3190329153731788,-0.08927491791101543,6-mer
GTACTT,0.07131049108597243,0.27415384902618956,6-mer
GTACTC,-0.3788389505474514,-0.11851235938385013,6-mer
GTACTG,-0.27961586767333746,0.17858544801167153,6-mer
GTACCA,-0.20933338600054777,0.4469323498287103,6-mer
GTACCT,-0.0984180903700802,0.1636868292310922,6-mer
GTACCC,-0.6222095439899242,-0.6602712628637469,6-mer
GTACCG,-0.048136521044269964,0.3171901758806992,6-mer
GTACGA,-0.3291235962915661,0.042612038627339276,6-mer
GTACGT,-0.4220239295949506,0.019695801340919587,6-mer
GTACGC,0.004249473001357991,0.6401040549136172,6-mer
GTACGG,0.018437248256676093,0.31259023030802613,6-mer
GTAGAA,0.03135291261186619,0.38623105812878594,6-mer
GTAGAT,0.2645527799714491,0.35603302592695507,6-mer
GTAGAC,-0.017596342938860993,-0.12490086629704582,Inverted repeat
GTAGAG,0.16059255574537887,0.41034798259521243,6-mer
GTAGTA,0.058398056502619804,0.3787739552920721,6-mer
GTAGTT,0.1917198856194636,0.1869489725529741,6-mer
GTAGTC,-0.3905055940993668,-0.6423892525312439,6-mer
GTAGTG,-0.047407323754057394,0.14903763496848862,6-mer
GTAGCA,0.2654676056273668,0.658102927099424,6-mer
GTAGCT,0.23436914764885244,0.4506471108144036,6-mer
GTAGCC,0.18618701420128458,-0.1549498302321615,6-mer
GTAGCG,0.7315111640740981,1.1077274560019006,6-mer
GTAGGA,-0.10982209957829539,0.26352532119648825,6-mer
GTAGGT,0.3187861080754799,0.5654076609809282,6-mer
GTAGGC,-0.2920067317282035,-0.7388564136254466,6-mer
GTAGGG,-0.02883474406808237,-0.19201877229292902,6-mer
GTTAAA,0.07775231804148082,-0.2710452064283766,Inverted repeat
GTTAAT,-0.1484346464049383,-0.6871820584442552,Inverted repeat
GTTAAC,-0.7567616539137573,-1.052808484674986,Palindromes
GTTAAG,-0.4655510156847494,-0.6360717412647126,Inverted repeat
GTTATA,0.17862380299168,0.04558209449082592,6-mer
GTTATT,0.08688580295679585,-0.25562012867171574,6-mer
GTTATC,-0.18554483831013716,-0.3910757664208811,6-mer
GTTATG,-0.1106988280125061,-0.2033631931608188,6-mer
GTTACA,0.3348671505948604,0.09378635523250396,6-mer
GTTACT,0.052384580180013865,-0.04450479367409884,6-mer
GTTACC,-0.70466925808304,-0.5564739437614604,6-mer
GTTACG,-0.11981821456272455,-0.1172660521697489,6-mer
GTTAGA,-0.14373547746144952,-0.25968830404348636,6-mer
GTTAGT,-0.48712134682580155,-0.6842618412318356,6-mer
GTTAGC,-0.7311216024257984,-0.6683552962304435,6-mer
GTTAGG,-0.6673672047693956,-0.8825176466896872,6-mer
GTTTAA,-0.30575409311547563,-0.39922220924122537,6-mer
GTTTAT,-0.2394298765270762,-0.12866673229457007,6-mer
GTTTAC,-0.42213715434588134,-0.35194719197089186,Inverted repeat
GTTTAG,-0.33938529196390843,-0.35306660669626644,6-mer
GTTTTA,0.39463915759800056,0.14091979210427738,6-mer
GTTTTT,-0.011485902443885037,0.17412480295035657,6-mer
GTTTTC,-0.3485876570755017,-0.1298977331661072,6-mer
GTTTTG,0.0060045021946127045,0.09183845631824902,6-mer
GTTTCA,0.05403983971288904,-0.16396448686019002,6-mer
GTTTCT,0.04269978492997513,0.03461375508133682,6-mer
GTTTCC,-0.42442272532162084,-0.23401833197362434,6-mer
GTTTCG,-0.5670405927238937,-0.6551377947807114,6-mer
GTTTGA,-0.08313360028974905,-0.28553807690122174,6-mer
GTTTGT,-0.26776610912709986,-0.2631446994037329,6-mer
GTTTGC,-0.42035307904867203,-0.32763364552167834,6-mer
GTTTGG,-0.26620586246573413,-0.057169258460903274,6-mer
GTTCAA,0.09044950594295402,-0.1791060242886788,6-mer
GTTCAT,0.10814880385562253,0.020431899904813366,6-mer
GTTCAC,-0.24915830695564897,-0.3385171019136486,Inverted repeat
GTTCAG,-0.1377778786125833,-0.19423540884849014,6-mer
GTTCTA,-0.057723611066186745,-0.22930602068644104,6-mer
GTTCTT,0.1384694679829165,0.13926816862447014,6-mer
GTTCTC,-0.30856971203234335,-0.20948394707569531,6-mer
GTTCTG,-0.10331596286244403,0.07435270161984596,6-mer
GTTCCA,0.2577813199639763,0.6603036692592782,6-mer
GTTCCT,0.3223876250842366,0.33152477134348274,6-mer
GTTCCC,-0.15657025555262363,-0.3070121028943962,6-mer
GTTCCG,-0.4651781433264363,-0.6723049618937513,6-mer
GTTCGA,0.3131273135335213,0.15956638752151867,6-mer
GTTCGT,0.02424754624667708,0.31663379521784923,6-mer
GTTCGC,-0.17221317803758251,-0.12953281264135522,6-mer
GTTCGG,-0.014847764407313413,-0.14740538170662146,6-mer
GTTGAA,0.32180649726068244,0.30872143676929276,6-mer
GTTGAT,0.4082105580290101,0.25111475669434097,6-mer
GTTGAC,0.06645018179008133,-0.0822166040344928,Inverted repeat
GTTGAG,-0.039528364186637216,-0.1585255390680289,6-mer
GTTGTA,0.4383157351715187,0.4337189203449189,6-mer
GTTGTT,0.24932246596364566,0.140030451778974,6-mer
GTTGTC,-0.14335794644241773,-0.272113699744656,6-mer
GTTGTG,-0.10209818761873604,-0.018487227377884975,6-mer
GTTGCA,0.4358462009015814,0.7050096889068938,6-mer
GTTGCT,0.36337248535792727,0.6291964718815333,6-mer
GTTGCC,0.19744606420621708,0.10380838097549093,6-mer
GTTGCG,0.3275746580285043,0.4986536177436435,6-mer
GTTGGA,0.3438284071523155,0.8776011091176286,6-mer
GTTGGT,0.3470801151783688,0.8616181994663007,6-mer
GTTGGC,0.048310350195741175,0.10923904520871601,6-mer
GTTGGG,0.1807273824816811,0.13734278673891806,6-mer
GTCAAA,0.19358498438549948,-0.13368527304967925,6-mer
GTCAAT,0.14003577222587132,-0.2542897913175918,6-mer
GTCAAC,0.1361080423828158,-0.04200752652157552,Inverted repeat
GTCAAG,0.07791651700581415,-0.11915196952115367,6-mer
GTCATA,0.15220003495663678,-0.24502154697542222,6-mer
GTCATT,0.17636764184424997,-0.34922439628548474,6-mer
GTCATC,0.2270611571427124,-0.036937374529149046,6-mer
GTCATG,-0.04849470838919235,-0.5119686146227338,6-mer
GTCACA,-0.0714220373420004,-0.49424138238679144,6-mer
GTCACT,-0.24363187461127805,-0.6144879396141993,6-mer
GTCACC,-0.08809132962485684,-0.21112638689311466,6-mer
GTCACG,-0.6953086100379416,-0.8073549220576043,6-mer
GTCAGA,-0.20846703006426986,-0.5509128826450662,6-mer
GTCAGT,-0.4436905071553087,-0.6123421206844775,6-mer
GTCAGC,-0.016723357591126368,0.011803446613882518,6-mer
GTCAGG,-0.24396444283520702,-0.6677299608911786,6-mer
GTCTAA,0.05933050235289029,-0.46228807254168985,6-mer
GTCTAT,0.09659439823879183,-0.07636453115251503,6-mer
GTCTAC,0.1953697152789316,0.14978721472391773,Inverted repeat
GTCTAG,-0.317004527433579,-0.7436386428791358,6-mer
GTCTTA,0.136746181414715,-0.3689678505828589,6-mer
GTCTTT,0.16339444484448418,0.051618487628763594,6-mer
GTCTTC,0.0005256677197485747,0.08541698977766145,6-mer
GTCTTG,0.4086999520393289,0.138500935546949,6-mer
GTCTCA,-0.39623779215010324,-0.4716539775485091,6-mer
GTCTCT,-0.15723974181119724,-0.25696719035150634,6-mer
GTCTCC,0.12173141966511046,0.2693435778752784,6-mer
GTCTCG,-1.1601344982495028,-1.0302825669360427,6-mer
GTCTGA,-0.4899493858609357,-0.8694252934183994,6-mer
GTCTGT,-0.14072502499373782,-0.16666686552030388,6-mer
GTCTGC,-0.2915601040150832,-0.25560055406295656,6-mer
GTCTGG,-0.41683974191282913,-0.2569083030369523,6-mer
GTCCAA,-0.25212962949492085,-0.1863534396768064,6-mer
GTCCAT,-0.3122779248536428,-0.08411135858928798,6-mer
GTCCAC,-0.16895316237498734,-0.004077332080543006,Inverted repeat
GTCCAG,-0.23795928345505094,0.05693930525485526,6-mer
GTCCTA,-0.2748342386069411,-0.6244179812764212,6-mer
GTCCTT,-0.43958720000549817,-0.7237483763063359,6-mer
GTCCTC,-0.18812959681990296,-0.10873010071564079,6-mer
GTCCTG,0.06191363558436674,-0.023425848920811315,6-mer
GTCCCA,0.03504694709920053,-0.16895316237498748,6-mer
GTCCCT,-0.024691164010016746,-0.7147303756914859,6-mer
GTCCCC,-0.8244901536703203,-0.9341849442930868,6-mer
GTCCCG,-0.1186444964986189,-0.23061292814141648,6-mer
GTCCGA,-0.20493145127022547,-0.5749088360572332,6-mer
GTCCGT,-0.6058498671949799,-0.34577483684173005,6-mer
GTCCGC,0.025995208532944337,-0.14159627838381775,6-mer
GTCCGG,-1.06177619758669,-1.1127001327493622,6-mer
GTCGAA,0.13278517790090869,0.06319382648719413,Inverted repeat
GTCGAT,0.5899893177959887,0.020037753236544876,Inverted repeat
GTCGAC,-0.14497864431208143,-0.1586977460190581,Palindromes
GTCGAG,0.3631507576138752,0.37255416795733015,Inverted repeat
GTCGTA,0.4690323889195731,0.5123224780817222,6-mer
GTCGTT,0.22398304447540296,0.30652159411038804,6-mer
GTCGTC,0.4337740618604295,0.4596892657566336,6-mer
GTCGTG,0.62983571945979,0.7236687715527484,6-mer
GTCGCA,0.48360178576191515,0.20262916651501817,6-mer
GTCGCT,0.3308612196573699,0.30162111156700355,6-mer
GTCGCC,0.8548020844600644,0.6791611426433438,6-mer
GTCGCG,-1.1538053360790355,0.13606154957602853,6-mer
GTCGGA,0.5598379065655401,0.15200309344504997,6-mer
GTCGGT,0.40404249202091064,0.24731005354077729,6-mer
GTCGGC,-0.12697285625776542,0.20945336562894978,6-mer
GTCGGG,0.4783908365231123,0.7678974537180971,6-mer
GTGAAA,-0.14923670991606272,-0.06828863979110482,6-mer
GTGAAT,-0.3082262321831604,-0.40126212063417993,6-mer
GTGAAC,-0.2002303636944668,-0.3143812858340142,Inverted repeat
GTGAAG,0.40334421744585774,0.6105015932082878,6-mer
GTGATA,0.11223651008057725,0.17177323383375676,6-mer
GTGATT,-0.07940560175863444,-0.4091196091841261,6-mer
GTGATC,-2.7408076604606006,-3.379360683625989,6-mer
GTGATG,0.6507995575343188,0.6498658902345756,6-mer
GTGACA,-0.06400099992885039,-0.3234459225296155,6-mer
GTGACT,-0.20210540719146203,-0.5950220071899057,6-mer
GTGACC,0.03771966594915852,-0.23728341144292872,6-mer
GTGACG,-0.28010791919273537,0.3523017439308809,6-mer
GTGAGA,-0.48397058899180095,-0.431700261288313,6-mer
GTGAGT,-0.2018422377195742,-0.46690673919944387,6-mer
GTGAGC,-0.9376867904052842,-0.7587085150537881,6-mer
GTGAGG,-0.27235503381027215,-0.16742001128395437,6-mer
GTGTAA,0.17164161652255452,0.10397685500871612,6-mer
GTGTAT,0.00032134871296434083,0.24315355899861746,6-mer
GTGTAC,-0.2614568277204587,0.05323095261420076,Inverted repeat
GTGTAG,0.4366910007410451,0.6160270640761042,6-mer
GTGTTA,0.23457532841225587,-0.11187348105596617,6-mer
GTGTTT,-0.11869237169286553,-0.050440162406033405,6-mer
GTGTTC,-0.31452091612190053,-0.49218281751517773,6-mer
GTGTTG,0.5119205496216168,0.5253121864812984,6-mer
GTGTCA,0.04384217327983846,-0.2898115944798938,6-mer
GTGTCT,-0.06642042568845219,-0.20910826455305742,6-mer
GTGTCC,-0.5444602377909998,-0.5728896684205811,6-mer
GTGTCG,0.546409259951763,0.6488129632585047,6-mer
GTGTGA,-0.7150550847975329,-0.560642821525743,6-mer
GTGTGT,-0.1810384582944121,-0.04077985014233487,6-mer
GTGTGC,-0.7294293825282528,-0.46506521157628516,6-mer
GTGTGG,-0.5968610839677251,-0.2426553252289538,6-mer
GTGCAA,0.07568893159654669,0.19173413335829811,Inverted repeat
GTGCAT,-0.09119335877935665,-0.047071833762866715,Inverted repeat
GTGCAC,-0.2563022655688719,-0.05964746338221442,Palindromes
GTGCAG,0.4860040206329873,0.823459207942477,Inverted repeat
GTGCTA,0.24696269007612567,0.3649091830660743,6-mer
GTGCTT,-0.23055530216865436,0.01373910843333295,6-mer
GTGCTC,-0.31103112168270336,-0.31927851647341293,6-mer
GTGCTG,0.309684499132615,0.6644686033128171,6-mer
GTGCCA,0.11852006455676982,-0.06691546384625384,6-mer
GTGCCT,-0.289259135413627,-0.4990452885612187,6-mer
GTGCCC,0.021061615527829525,-0.7355743741539712,6-mer
GTGCCG,0.020758560166797103,-0.09592441999853549,6-mer
GTGCGA,-0.3972346767590907,0.21584957546967606,6-mer
GTGCGT,0.043478636666880684,0.6582331580204026,6-mer
GTGCGC,-1.1328118284252129,-1.0089887832272548,6-mer
GTGCGG,0.13606154957602853,0.3794135895481225,6-mer
GTGGAA,0.04093360139025758,0.6985620818648598,6-mer
GTGGAT,0.03543675596409042,0.4762057446041244,6-mer
GTGGAC,0.07706558162121628,0.32918612320713847,Inverted repeat
GTGGAG,0.9509625066914456,1.4871065770801457,6-mer
GTGGTA,-0.05604024271095849,0.6901419472000907,6-mer
GTGGTT,-0.4323944642290276,-0.0330439715597351,6-mer
GTGGTC,0.3109569770663593,0.4219238848640837,6-mer
GTGGTG,0.3345853099973002,1.0730556878126492,6-mer
GTGGCA,0.2951844117395431,0.2904216596110384,6-mer
GTGGCT,-0.056362442619112454,-0.040215593171384276,6-mer
GTGGCC,-0.6106273841145033,-1.4039746040449854,6-mer
GTGGCG,0.5250910447437575,1.2048886736971431,6-mer
GTGGGA,-0.16664986940945137,-0.019045755690546444,6-mer
GTGGGT,-0.014894215299694294,-0.05626213192775564,6-mer
GTGGGC,-0.2882716973328167,-0.5326008851643412,6-mer
GTGGGG,0.08904329973327184,0.17522605026234675,6-mer
GCAAAA,-0.12730514526918466,0.1441025754382109,6-mer
GCAAAT,0.09269397702058911,0.14110269599761815,6-mer
GCAAAC,-0.21327233761793932,-0.25171909260595965,6-mer
GCAAAG,-0.3229596399375829,0.04474212678490816,6-mer
GCAATA,0.24485445369075065,0.21652194267869468,6-mer
GCAATT,0.051511608966209196,-0.2759251141692492,6-mer
GCAATC,-0.32469984413741604,-0.4650041094168538,6-mer
GCAATG,-0.13383171763659815,-0.02079808551688793,6-mer
GCAACA,0.37580579000566205,0.5332165022349836,6-mer
GCAACT,0.5736671920399877,0.6311060488012247,6-mer
GCAACC,-0.6717378028514369,-0.33380219517565407,6-mer
GCAACG,0.5162774790420074,0.8862803159332324,6-mer
GCAAGA,-0.2598790022056041,0.12001454679958912,6-mer
GCAAGT,0.37515239187593996,0.546325652114187,6-mer
GCAAGC,-0.9079278456342051,-0.5347281982010196,Inverted repeat
GCAAGG,-0.6525306201048418,-0.42769707125030926,6-mer
GCATAA,-0.6634065179308863,-0.6331820760840289,6-mer
GCATAT,-0.09829456151184561,0.11290179153847654,6-mer
GCATAC,-0.4847126806128546,-0.12020777749182811,6-mer
GCATAG,-0.7454271729144024,-0.4531263352669318,6-mer
GCATTA,0.42692491505896785,-0.1040868785344885,6-mer
GCATTT,0.27085566929224014,0.18989454078714932,6-mer
GCATTC,-0.7418403171114925,-0.6508270689217555,6-mer
GCATTG,-0.30984108299928226,-0.34591467790838853,6-mer
GCATCA,0.7188305782354877,0.6000379637454412,6-mer
GCATCT,0.6690615296644027,0.8168392804048626,6-mer
GCATCC,-0.5058173059366781,-0.09149310382523647,6-mer
GCATCG,-2.3444227326744485,-2.537828525130062,6-mer
GCATGA,-0.6692415081946383,-0.7019873975752929,Inverted repeat
GCATGT,0.014443736763322038,0.07353624444559759,Inverted repeat
GCATGC,-1.869997374573464,-1.7580010736775697,Palindromes
GCATGG,-0.5058909297299574,-0.1147701872460746,Inverted repeat
GCACAA,0.14764778435353343,0.06735145196085017,6-mer
GCACAT,-0.14247178870150665,-0.20871748443937121,6-mer
GCACAC,-0.7061149422944408,-0.36868619339765635,6-mer
GCACAG,-0.5987072324969812,-0.27667949520594676,6-mer
GCACTA,-0.12703918858913602,-0.13535888972798782,6-mer
GCACTT,0.44150971064003497,0.5347092281846151,6-mer
GCACTC,-0.5089663839768741,-0.17245033312740787,6-mer
GCACTG,-1.1569471474441024,-0.9515877948147544,6-mer
GCACCA,0.3463421558095456,0.8234894864469305,6-mer
GCACCT,0.9005956357274952,0.9995635471027403,6-mer
GCACCC,-0.15539368264582398,-0.10747864662661809,6-mer
GCACCG,-0.32378843691289,0.13106375575268672,6-mer
GCACGA,0.22600367488882678,0.24772715304594536,6-mer
GCACGT,0.0860398310666915,0.5098966856202849,6-mer
GCACGC,-1.0780025120012733,-0.4284997590854064,Inverted repeat
GCACGG,-1.0459362841668591,-0.6476982560691187,6-mer
GCAGAA,-0.056784975865497314,0.3240064074305358,6-mer
GCAGAT,0.2343733124560411,0.4154132500404128,6-mer
GCAGAC,-0.13696369398090882,-0.0784177016473325,6-mer
GCAGAG,-0.5655971758542251,-0.07418984388846528,6-mer
GCAGTA,0.11194202099134457,0.4035418604410145,6-mer
GCAGTT,0.4590446815179365,0.5307560154454927,6-mer
GCAGTC,-0.544521574692659,-0.5601832813374908,6-mer
GCAGTG,-0.5251779841981665,-0.15405470001378263,6-mer
GCAGCA,0.40402157311958237,1.0120413430656885,6-mer
GCAGCT,0.2528037342325418,0.6701490555504064,6-mer
GCAGCC,-0.34565946277306214,-0.5063708415958528,6-mer
GCAGCG,-0.6036082535185558,0.09188210100747903,6-mer
GCAGGA,0.4610769657544929,0.8590889808021941,6-mer
GCAGGT,0.6915487945062706,1.063598985983307,6-mer
GCAGGC,-0.891159919158996,-1.086877450679967,Inverted repeat
GCAGGG,0.027702025638107888,0.03073872445350639,6-mer
GCTAAA,0.2989886190409681,0.03073000779762817,6-mer
GCTAAT,0.12447144011160097,-0.32074209271851195,6-mer
GCTAAC,-0.6504262688916016,-0.6966452897707284,6-mer
GCTAAG,-0.37448972852416107,-0.45497815906212646,6-mer
GCTATA,0.39203270843236604,0.49909710458339057,6-mer
GCTATT,0.2723953205260233,0.1614900842178391,6-mer
GCTATC,-0.38721131820411525,-0.13386698482181564,6-mer
GCTATG,0.08022752021664992,0.1819340273236961,6-mer
GCTACA,0.5774933037318098,0.6372438984319526,6-mer
GCTACT,0.3947541235175427,0.5727487871118525,6-mer
GCTACC,-0.704558624597188,-0.13463913821424064,6-mer
GCTACG,-0.0017371405360572863,0.2928209534301034,6-mer
GCTAGA,-0.035383864632600355,0.019546272445355773,Inverted repeat
GCTAGT,-0.3832421833256219,-0.4635573080620551,Inverted repeat
GCTAGC,-1.599059401657769,-1.3785116232537298,Palindromes
GCTAGG,-1.1007049523188697,-1.1829811542677588,Inverted repeat
GCTTAA,-0.9425808588467939,-1.069270688598414,6-mer
GCTTAT,-0.3758794476633521,-0.3304925714241595,6-mer
GCTTAC,-0.568970467953255,-0.40289074137855546,6-mer
GCTTAG,-0.7839451259030669,-0.9759737259992917,6-mer
GCTTTA,0.08973604994035528,0.11507177670122658,6-mer
GCTTTT,0.1184634486684807,0.2760742010029784,6-mer
GCTTTC,-0.5099915064576086,-0.262859395820734,6-mer
GCTTTG,-0.3869086303178144,-0.3062221472399073,6-mer
GCTTCA,0.2201717169414135,0.26816132210318616,6-mer
GCTTCT,0.5217622201996025,0.7804531319349525,6-mer
GCTTCC,-0.3892906949426076,0.08105907043461166,6-mer
GCTTCG,0.13735631748064858,0.21222061627915656,6-mer
GCTTGA,-0.4182184415578121,-0.4327847785715549,6-mer
GCTTGT,0.002964587946526296,0.22539074948366652,6-mer
GCTTGC,-1.3087115581922515,-0.8509761436299698,Inverted repeat
GCTTGG,-0.7325639211967313,-0.2821003452462228,6-mer
GCTCAA,-0.0014467944126335106,-0.2725362736009485,6-mer
GCTCAT,-0.24381981442417722,-0.4815503491347188,6-mer
GCTCAC,-0.735422958215938,-0.7762372809120719,6-mer
GCTCAG,-0.8039959099676897,-0.9464521438882879,6-mer
GCTCTA,0.13710115447082705,-0.005911980237684751,6-mer
GCTCTT,0.33402474563158435,0.31523492130961883,6-mer
GCTCTC,-0.4068701784074454,-0.1927060012776761,6-mer
GCTCTG,-0.5630793828227064,-0.2775715452230789,6-mer
GCTCCA,0.8326332931574467,1.2319243856827702,6-mer
GCTCCT,0.9321827801903084,1.0464015563171327,6-mer
GCTCCC,0.29527474283400174,0.19223701824772538,6-mer
GCTCCG,0.5921940699522321,0.4118350672404999,6-mer
GCTCGA,-1.0345572220363684,-1.2709223152641067,6-mer
GCTCGT,0.4168197046208532,0.5419496117610634,6-mer
GCTCGC,-0.5849625007211562,-0.31512291698224787,Inverted repeat
GCTCGG,-0.8406921059317166,-0.5058909297299574,6-mer
GCTGAA,0.16591643238654316,0.26141625708440464,6-mer
GCTGAT,0.4207458311052774,0.35393141222178237,6-mer
GCTGAC,0.07211921402972639,-0.010492373817642373,6-mer
GCTGAG,-0.7508132406562115,-0.5200293042121851,6-mer
GCTGTA,0.36441858938070615,0.5952742734528378,6-mer
GCTGTT,0.40142078956992905,0.5073767013505638,6-mer
GCTGTC,-0.41815347250069995,-0.06768207425236346,6-mer
GCTGTG,-0.5003472424812626,-0.10272630155441227,6-mer
GCTGCA,0.037753014578199795,0.5841010800203197,6-mer
GCTGCT,0.39920682534577595,1.0006619385483817,6-mer
GCTGCC,-0.05145496998497827,-0.08885993139012366,6-mer
GCTGCG,0.02914634565951641,0.5145731728297582,6-mer
GCTGGA,0.12835973585764696,0.8361306331509487,6-mer
GCTGGT,0.36807655569125186,1.0291878734164859,6-mer
GCTGGC,-0.8962520751621712,-0.6764011521281239,Inverted repeat
GCTGGG,-0.1436986810566551,0.0070356440537680965,6-mer
GCCAAA,-0.12149071207711232,-0.2859464153257935,6-mer
GCCAAT,0.20769942366468516,-0.39155857554066875,6-mer
GCCAAC,-0.07698549999042878,0.03372061784400118,6-mer
GCCAAG,-0.5161473083278686,-0.7084376612389025,6-mer
GCCATA,0.19252490843327733,0.05458513776560284,6-mer
GCCATT,0.3209138979802951,-0.018769804019839968,6-mer
GCCATC,0.0569241392037991,0.1529353681404246,6-mer
GCCATG,-0.26931817955719917,-0.4482077226900143,6-mer
GCCACA,0.2663934179237084,0.0086533117594278,6-mer
GCCACT,0.22182003686518703,0.008205741558145895,6-mer
GCCACC,-0.04490835748219747,0.3669520195733576,6-mer
GCCACG,-0.8287863025891151,-0.1210154009613658,6-mer
GCCAGA,-0.1877869383281871,-0.2893362771462729,6-mer
GCCAGT,-0.24973267928857415,-0.29966083795301285,6-mer
GCCAGC,-0.8487824742524914,-0.7037241704211301,Inverted repeat
GCCAGG,-0.27310210224399206,-0.6137693487815324,6-mer
GCCTAA,-0.7413069038160099,-1.6044459361366832,6-mer
GCCTAT,-0.4219067098208883,-0.9647433200107228,6-mer
GCCTAC,-0.6200449598766015,-0.8791284188294197,6-mer
GCCTAG,-1.1713491822498618,-1.7473873996527176,6-mer
GCCTTA,0.15008231691197044,-0.7854385935589594,6-mer
GCCTTT,0.2564617519103077,-0.3449687346685978,6-mer
GCCTTC,-0.0698396250686341,-0.4235875733523791,6-mer
GCCTTG,-0.37213954084113005,-0.9267122125632569,6-mer
GCCTCA,0.18807234815257184,-0.5035646674242931,6-mer
GCCTCT,0.26362945432269524,-0.1806884935803946,6-mer
GCCTCC,0.011803446613882518,0.28712273555640905,6-mer
GCCTCG,-1.2500953501262957,-1.0976107966264221,6-mer
GCCTGA,-0.49607407136975046,-1.1990334059049432,6-mer
GCCTGT,0.07649813747404358,-0.47232861265173876,6-mer
GCCTGC,-1.0389043611315418,-0.9137001536057796,Inverted repeat
GCCTGG,-0.5898613001339955,-0.8369538069431925,6-mer
GCCCAA,0.31843742045060697,-0.5428445244184145,6-mer
GCCCAT,0.21772198980244656,-0.4281608777067295,6-mer
GCCCAC,0.013483229363621778,-0.4811266897366163,6-mer
GCCCAG,-0.10876113876391666,-0.5619577643496609,6-mer
GCCCTA,0.19394188256084785,-1.0957522298639526,6-mer
GCCCTT,0.48696494479914754,-0.5396130099745339,6-mer
GCCCTC,-0.19237985227000823,-0.6670750558957113,6-mer
GCCCTG,0.475535074035002,-0.38702312310924736,6-mer
GCCCCA,0.6329678736319886,-0.11255716661970398,6-mer
GCCCCT,0.9209505394470561,-0.04730571477835657,6-mer
GCCCCC,-0.7359702888208387,-0.782719189331822,6-mer
GCCCCG,-0.11769504266975453,0.10599069568821373,6-mer
GCCCGA,-0.5360529002402099,-1.0840642647884744,6-mer
GCCCGT,-0.23665899040949645,-0.6975417693108623,6-mer
GCCCGC,-4.185866545311334,-1.5145731728297585,Inverted repeat
GCCCGG,0.2988444817743212,0.6798216870625974,6-mer
GCCGAA,0.34395440121736115,-0.2906257911067346,6-mer
GCCGAT,0.27753397552890896,-0.568336182133747,6-mer
GCCGAC,0.6365636972083686,0.5290243291272988,6-mer
GCCGAG,-0.8095227587403143,-0.6880559936852597,6-mer
GCCGTA,1.0539948896407292,0.37018326349458325,6-mer
GCCGTT,0.18970380263027323,-0.35382143067669847,6-mer
GCCGTC,-0.4690633809613545,-0.7036069972197754,6-mer
GCCGTG,-0.8529975876133165,-0.8185531286624679,6-mer
GCCGCA,0.6896598793878493,0.2126294523965505,6-mer
GCCGCT,0.3342764873150076,-0.11370049916472826,6-mer
GCCGCC,-0.03747470541866277,0.04890960048094649,6-mer
GCCGCG,0.6438561897747247,2.2863041851566415,6-mer
GCCGGA,-0.04264433740849354,-0.31512291698224787,Inverted repeat
GCCGGT,-1.1017534988007331,-1.0847804201970195,Inverted repeat
GCCGGC,-2.0789513413948217,-2.4329594072761065,Palindromes
GCCGGG,-0.6353674541583993,-0.4793523127605573,Inverted repeat
GCGAAA,0.21454455951376283,0.26972505231814453,6-mer
GCGAAT,-0.00951579512019767,-0.29512803554364725,6-mer
GCGAAC,-0.31970685497068396,0.18033181650354438,6-mer
GCGAAG,0.287354946339936,0.7576391624309561,6-mer
GCGATA,0.4417678648933656,0.5361869859358208,6-mer
GCGATT,0.7932547250127502,0.3473987824034806,6-mer
GCGATC,-4.708739041359579,-4.226893813571389,6-mer
GCGATG,-0.9679783269494743,-0.7418685556936065,6-mer
GCGACA,0.6520766965796931,0.6128104856742729,6-mer
GCGACT,0.2647326933058192,0.08543547650606023,6-mer
GCGACC,-0.2630344058337938,0.25860215951853305,6-mer
GCGACG,0.05889368905356862,1.8524428115861424,6-mer
GCGAGA,0.06634249482869603,0.5382244408944035,6-mer
GCGAGT,-0.025784025770232602,0.12398871727545324,6-mer
GCGAGC,-0.4454774471225347,-0.05522952072039216,Inverted repeat
GCGAGG,-1.037030730944967,-0.22032995487955542,6-mer
GCGTAA,-0.18090370917938195,-0.1859675213422335,6-mer
GCGTAT,0.21133723282745231,0.34116989124784236,6-mer
GCGTAC,-0.6137509241457813,-0.3009025914242368,6-mer
GCGTAG,0.0344491590393598,0.561523587756328,6-mer
GCGTTA,0.22750690393770945,0.2976945936374082,6-mer
GCGTTT,0.2789759497028154,0.32413799326312914,6-mer
GCGTTC,0.2889130376593994,0.514573172829758,6-mer
GCGTTG,0.357376930891652,0.6205561020508955,6-mer
GCGTCA,0.28575448233387735,0.31792616432986587,6-mer
GCGTCT,0.4627342413101402,0.37574546813244164,6-mer
GCGTCC,-0.5032381032867025,-0.0901978089715781,6-mer
GCGTCG,-1.4854268271702413,-0.0976107966264221,6-mer
GCGTGA,-0.4956951626240687,-0.17140393036822552,6-mer
GCGTGT,-0.6030448597046139,-0.3533809079300479,6-mer
GCGTGC,-0.6892991605358918,-0.3661278987978972,Inverted repeat
GCGTGG,0.14937762403822663,0.8956633401852644,6-mer
GCGCAA,-0.1755715645834543,-0.28338305122559615,6-mer
GCGCAT,-0.5681378780797973,-0.604725755542586,6-mer
GCGCAC,-0.6369145803558778,0.1662169526647508,6-mer
GCGCAG,-0.6546129322886487,-0.4051672552547827,6-mer
GCGCTA,-0.3975197380208143,-0.49652453605357233,6-mer
GCGCTT,0.1318763935931326,-0.06571284068192473,6-mer
GCGCTC,0.10583291201212397,-0.07198611282572746,6-mer
GCGCTG,-0.1346495266947818,0.5770942573878168,6-mer
GCGCCA,0.5187010584524349,0.574694165267329,6-mer
GCGCCT,0.4214637684382766,0.24530681328444975,6-mer
GCGCCC,-0.6286838781504742,-0.08835587442084672,6-mer
GCGCCG,-0.1154772174199358,1.8365012677171209,6-mer
GCGCGA,0.4806258409064207,0.7858751946471527,Inverted repeat
GCGCGT,-1.9354597478052893,-0.9708536543404834,Inverted repeat
GCGCGC,-3.548436624696042,-1.0703893278913978,Palindromes
GCGCGG,-3.9909548603969927,-0.5849625007211562,Inverted repeat
GCGGAA,-0.18545998055145324,-0.24332899648623496,6-mer
GCGGAT,0.19319478076515956,0.06829661169432982,6-mer
GCGGAC,0.3655173634350449,0.5833952055741959,6-mer
GCGGAG,0.3381687358945731,0.9105018491608974,6-mer
GCGGTA,-0.22239242133644793,0.17172949828906017,6-mer
GCGGTT,-0.6915341649192002,-0.8546606368359607,6-mer
GCGGTC,-0.004365192561401939,0.24597924165406382,6-mer
GCGGTG,0.21823679184513675,0.79002683791762,6-mer
GCGGCA,-0.38702312310924736,-0.6009040445901778,6-mer
GCGGCT,1.38163434101163,0.5711567011961257,6-mer
GCGGCC,-0.15200309344504984,0.3599961357208819,6-mer
GCGGCG,1.4694852833012202,3.1043366598147353,6-mer
GCGGGA,-0.011344973594009045,-0.09415749382434761,6-mer
GCGGGT,0.08746284125033935,-0.1305841098101443,6-mer
GCGGGC,-2.4462562298895643,-1.2779847472997652,Inverted repeat
GCGGGG,-1.423211430724544,0.05107418459426936,6-mer
GGAAAA,-0.05804365847380585,0.41436851719808515,6-mer
GGAAAT,-0.0102213994622527,0.13590218565213452,6-mer
GGAAAC,-0.4625403978258242,-0.4008088836723998,6-mer
GGAAAG,-0.5794302438186398,0.0374405793872508,6-mer
GGAATA,0.16173946056756278,0.2573851462705286,6-mer
GGAATT,0.1439579796304974,-0.16210138999940618,6-mer
GGAATC,-0.2939953728879644,-0.5814113781441531,6-mer
GGAATG,-0.36674464345178054,-0.0017348195514157556,6-mer
GGAACA,0.2995602818589078,0.4378539812709171,6-mer
GGAACT,0.536778967211191,0.512190193555599,6-mer
GGAACC,-1.3998782395120573,-0.993649884607688,Inverted repeat
GGAACG,-0.5289284658068284,0.10663778923612842,6-mer
GGAAGA,0.061836699910486445,0.6943315031349688,6-mer
GGAAGT,0.28361116333626024,0.6208136120738136,6-mer
GGAAGC,-0.2894723728996347,0.1331087816925793,6-mer
GGAAGG,-0.8320521592561333,-0.21455360459538264,6-mer
GGATAA,-0.2863016607536609,-0.20724324572781935,6-mer
GGATAT,0.25295109705578417,0.4582304179629278,6-mer
GGATAC,0.04159686557253602,0.2883724134361854,6-mer
GGATAG,-0.9014293398903435,-0.4289748455456844,6-mer
GGATTA,0.3255772388165184,-0.10890362566357398,6-mer
GGATTT,0.6854908270068834,0.3944269412986825,6-mer
GGATTC,-0.19474336429380826,-0.4585852149516008,6-mer
GGATTG,-0.402354846272341,-0.25245655366627895,6-mer
GGATCA,-2.9111907330421443,-3.2979560429921957,Inverted repeat
GGATCT,-3.5757858543461802,-3.942709979228963,Inverted repeat
GGATCC,-4.578938713093386,-4.061776197586689,Palindromes
GGATCG,-3.7570232465074596,-3.4310498172674753,Inverted repeat
GGATGA,-0.22283287166528135,0.1886880512876964,6-mer
GGATGT,0.08008791132269173,0.37409194927992795,6-mer
GGATGC,-0.47414101962372673,-0.12029423371771174,6-mer
GGATGG,-0.5511362967976287,0.4577023442252862,6-mer
GGACAA,-0.059447237029946226,-0.06479045870365943,6-mer
GGACAT,0.07331974375257151,-0.22707972452697517,6-mer
GGACAC,-0.40123169975381334,-0.5795337265227202,6-mer
GGACAG,-0.8375441955470339,-0.3278677767652477,6-mer
GGACTA,-0.5249551913568791,-0.7117688343553346,6-mer
GGACTT,0.09559925899174407,-0.13994532129908455,6-mer
GGACTC,-1.1050820460575574,-1.289566231460851,6-mer
GGACTG,-1.0978120233567699,-0.8966115536582598,6-mer
GGACCA,0.11501991376015457,0.3432443261244543,6-mer
GGACCT,0.5220141873540255,0.1876270031757712,6-mer
GGACCC,-0.6065186440876038,-1.0301153309080706,Inverted repeat
GGACCG,-0.16992500144231243,-0.14567745519563507,6-mer
GGACGA,-0.09778589160095472,0.730596069290479,6-mer
GGACGT,0.37413361135137135,0.8435445447212405,6-mer
GGACGC,-0.33014860169233085,0.05695588481207588,6-mer
GGACGG,-0.35495689527483304,0.20393088548891067,6-mer
GGAGAA,0.4744314752548248,0.9850727729907744,6-mer
GGAGAT,0.5608185628655527,0.863241862492887,6-mer
GGAGAC,-0.0182138628785356,0.09989477623873964,6-mer
GGAGAG,-0.06857596474918157,0.6096965250758344,6-mer
GGAGTA,0.4808052694298642,0.7161252508843455,6-mer
GGAGTT,0.6072474407254396,0.5257622373278824,6-mer
GGAGTC,-0.30078932782921186,-0.5714666582369331,6-mer
GGAGTG,-0.3723330483246054,0.6244773868780675,6-mer
GGAGCA,0.9714942755160129,1.3484895473109626,6-mer
GGAGCT,0.937041020910158,1.1192073042198507,6-mer
GGAGCC,-0.20342491669563853,-0.5824729486954583,Inverted repeat
GGAGCG,0.21759143507262685,1.0427740236902916,6-mer
GGAGGA,0.5841634450148312,1.6856346020904929,6-mer
GGAGGT,0.28646163304950567,1.2821151473994987,6-mer
GGAGGC,0.003282583989301569,0.10143520646639596,6-mer
GGAGGG,-0.529404524230844,0.9146179576331295,6-mer
GGTAAA,0.09139940522034777,0.16872325623255902,6-mer
GGTAAT,-0.03279160625656126,-0.24309223142048222,6-mer
GGTAAC,-0.6246797399519907,-0.5052963494233165,6-mer
GGTAAG,-0.5132797503991179,-0.18861883947678929,6-mer
GGTATA,0.338535127772601,0.6993490424509056,6-mer
GGTATT,0.13821614171497418,0.17137577804344922,6-mer
GGTATC,-0.201358721464251,-0.06780431547987109,6-mer
GGTATG,0.005030187617447813,0.506749813530541,6-mer
GGTACA,0.0643110310370938,0.5016618080784402,Inverted repeat
GGTACT,0.03309289501817131,0.36910488825542914,Inverted repeat
GGTACC,-1.774287220371941,-0.9436869515970949,Palindromes
GGTACG,-0.5832741505683865,0.12357468511853247,Inverted repeat
GGTAGA,-0.217230716220669,0.22669364217987925,6-mer
GGTAGT,-0.2780469766888184,0.06038048449333363,6-mer
GGTAGC,-0.6583695110506476,-0.05104347929553049,6-mer
GGTAGG,-1.019899557437705,-0.49763205932782595,6-mer
GGTTAA,-0.9259994185562233,-1.0574013481951914,6-mer
GGTTAT,-0.4102025458174186,-0.5174849024129098,6-mer
GGTTAC,-0.777801476256867,-0.6794211009847364,6-mer
GGTTAG,-1.2699728357559341,-1.1032144559290131,6-mer
GGTTTA,-0.2514597130470206,-0.3213205164235963,6-mer
GGTTTT,-0.09763264918575586,-0.12335659882245723,6-mer
GGTTTC,-0.7297568945451065,-0.6832863346032624,6-mer
GGTTTG,-0.6442662377010785,-0.4609022300648628,6-mer
GGTTCA,0.45715547558158554,0.32898285242131275,6-mer
GGTTCT,0.282908851304833,0.27968400579351493,6-mer
GGTTCC,-1.3998029855836835,-1.0084324859958809,Inverted repeat
GGTTCG,0.7862608904229799,1.0761113280395844,6-mer
GGTTGA,-0.4358190614153468,-0.27300050221290095,6-mer
GGTTGT,-0.16759994849606832,0.050824259077682746,6-mer
GGTTGC,-0.5333890211321635,-0.07448139965882208,6-mer
GGTTGG,-0.4983687139091869,0.16515776914222544,6-mer
GGTCAA,0.5480083540760738,0.22633479215310648,6-mer
GGTCAT,0.4625155231786361,-0.05018151979881688,6-mer
GGTCAC,0.21364964289125232,-0.24893957594800725,6-mer
GGTCAG,0.08610379874537193,-0.07639431071672623,6-mer
GGTCTA,0.7277470641368275,0.23302759029843173,6-mer
GGTCTT,0.9794360009556485,0.6218912516555871,6-mer
GGTCTC,-0.2226239749908873,-0.39231742277876036,6-mer
GGTCTG,-0.0627983981495134,0.001563332326596091,6-mer
GGTCCA,0.18044227896988138,0.35933969387545833,6-mer
GGTCCT,0.28403579626024184,-0.03165985430805376,6-mer
GGTCCC,-0.304938359295692,-0.72558536631527,Inverted repeat
GGTCCG,-0.5849625007211562,-0.33681233197334154,6-mer
GGTCGA,0.7489183969279717,0.7999221645510872,6-mer
GGTCGT,0.7218812666271514,1.1391894077172864,6-mer
GGTCGC,0.5537437701104359,0.8424587230135202,6-mer
GGTCGG,-0.38565369249774967,0.39407788064319765,6-mer
GGTGAA,0.34999396737296407,0.5540845322245699,6-mer
GGTGAT,0.2669700346543616,0.36576017635609065,6-mer
GGTGAC,-0.03920145013813088,-0.2056750263915142,6-mer
GGTGAG,0.014278788450382586,0.17823463501822953,6-mer
GGTGTA,0.7863316714871857,0.9293464664415532,6-mer
GGTGTT,0.6952755727448316,0.6678366829181825,6-mer
GGTGTC,0.020101206056509276,-0.051773649724050796,6-mer
GGTGTG,-0.5579954531208869,-0.18076959124651784,6-mer
GGTGCA,0.7127180479195289,1.0645099329655465,6-mer
GGTGCT,0.6613255745720535,0.9889617285475519,6-mer
GGTGCC,-0.5760765374895678,-0.7184861735585457,Inverted repeat
GGTGCG,0.3539182091317992,1.029519086920055,6-mer
GGTGGA,0.8623518814074597,1.6800313841575305,6-mer
GGTGGT,0.3616742736801189,1.2123317992479388,6-mer
GGTGGC,-0.20410127247895873,0.14996250605974448,6-mer
GGTGGG,0.09982516789138386,0.496557029551043,6-mer
GGCAAA,0.10278731829383542,-0.10043742843042633,6-mer
GGCAAT,0.28630418515664097,-0.28859395226441226,6-mer
GGCAAC,0.18754420624953044,-0.05100472867037538,6-mer
GGCAAG,-0.22655149337397992,-0.2633997838377446,6-mer
GGCATA,0.10385256809493482,-0.3142131297593566,6-mer
GGCATT,0.3926800337505839,-0.37766162909676176,6-mer
GGCATC,0.523906390516967,-0.0009274799682268952,6-mer
GGCATG,-0.12823762779508321,-0.4858439719008879,6-mer
GGCACA,0.07478359098315437,-0.5124500009367884,6-mer
GGCACT,0.07183274476106633,-0.23492076962487987,6-mer
GGCACC,-0.5516424275211298,-0.6285188667078958,Inverted repeat
GGCACG,-0.10549312884731381,0.21849850523195663,6-mer
GGCAGA,-0.2617638685073889,-0.16877955077404988,6-mer
GGCAGT,0.11408202627479319,-0.07619235487435129,6-mer
GGCAGC,-0.267513437810508,-0.4067927452946399,6-mer
GGCAGG,-0.189033824390017,-0.11910461292442585,6-mer
GGCTAA,-0.1458226278813403,-0.9070872686428205,6-mer
GGCTAT,0.021164609998042226,-0.3420400665885835,6-mer
GGCTAC,0.059445283417347373,-0.16558606571797488,6-mer
GGCTAG,-0.8149281417624048,-1.1555662236904034,6-mer
GGCTTA,0.1716538153590632,-0.6128865022835951,6-mer
GGCTTT,-0.006386877630784558,-0.384822886231836,6-mer
GGCTTC,-0.2384407927304083,-0.6880559936852597,6-mer
GGCTTG,-0.49863004183660625,-0.7921256443303714,6-mer
GGCTCA,0.4099460569961458,-0.34600317072841635,6-mer
GGCTCT,0.4705553334455014,-0.10388924314472406,6-mer
GGCTCC,-0.21484214772656704,-0.6214239692799819,Inverted repeat
GGCTCG,-0.6009040445901778,-0.6844981742720706,6-mer
GGCTGA,-0.15619961745983987,-0.4802279204959226,6-mer
GGCTGT,0.13218043667850166,-0.013634549594163966,6-mer
GGCTGC,-0.5258914783699777,-0.5324081950405577,6-mer
GGCTGG,-0.19725098678845113,-0.03221462486516958,6-mer
GGCCAA,-0.6071427355699341,-1.3576410846119922,6-mer
GGCCAT,-0.31136419055184106,-1.0754262701722404,6-mer
GGCCAC,-0.8497769130002361,-1.4527297893507944,6-mer
GGCCAG,-0.8316422937046478,-1.2956022682902244,6-mer
GGCCTA,-0.9280228340925203,-2.249846339123919,6-mer
GGCCTT,-0.7469299803845492,-2.0138057995250307,6-mer
GGCCTC,-1.4734872138587165,-2.750771393691237,6-mer
GGCCTG,-0.7024560637395967,-1.670935723831009,6-mer
GGCCCA,-0.46214260291304243,-1.6624412533988733,6-mer
GGCCCT,-0.1154772174199358,-1.5654617814530285,6-mer
GGCCCC,-1.5327325419485986,-2.2979681959431812,Inverted repeat
GGCCCG,-2.0908534304511135,-2.1890338243900174,6-mer
GGCCGA,-0.6979714625503425,-1.1795110502715105,6-mer
GGCCGT,0.0,-0.2840960213616235,6-mer
GGCCGC,-0.02680005934371519,-0.523561956057013,6-mer
GGCCGG,-1.1505596765753814,-0.9572955490457619,6-mer
GGCGAA,0.8708923973711218,0.7915719248166766,6-mer
GGCGAT,0.8755526290755116,0.49395156221367265,6-mer
GGCGAC,0.746243407754217,0.8445187353210097,6-mer
GGCGAG,-0.12217186999394407,0.5015464925335187,6-mer
GGCGTA,0.9707627787749036,0.9322897723044834,6-mer
GGCGTT,0.689212462717838,0.5347077299414603,6-mer
GGCGTC,0.020037753236544876,0.016582884195603873,6-mer
GGCGTG,-0.3103401206121505,0.0,6-mer
GGCGCA,0.4791678366985595,0.26946067499322696,Inverted repeat
GGCGCT,0.37131612184952567,0.6076825772212396,Inverted repeat
GGCGCC,-2.6855664416595615,-0.8110973237434207,Palindromes
GGCGCG,-1.7548875021634687,-0.33342373372519163,Inverted repeat
GGCGGA,1.19022241567554,1.2806600765156284,6-mer
GGCGGT,0.7794008604866026,0.9964421805868108,6-mer
GGCGGC,0.8833550811477294,1.2668867313294006,6-mer
GGCGGG,-1.920565532505595,-0.7978111493867333,6-mer
GGGAAA,-0.08014201137235552,-0.07844909768534944,6-mer
GGGAAT,0.08523249866962289,-0.3074702801100072,6-mer
GGGAAC,0.059321090935198106,-0.36895415179169405,6-mer
GGGAAG,-0.008845019292882174,0.11940234717664236,6-mer
GGGATA,0.14515722769594083,-0.024686878851469755,6-mer
GGGATT,0.4844979328574324,-0.18842946982938602,6-mer
GGGATC,-3.2881739681123023,-4.128824945805735,6-mer
GGGATG,-0.23124333891871346,0.0233745083738088,6-mer
GGGACA,0.23370091187562686,-0.17661965401632054,6-mer
GGGACT,0.15694383471532025,-0.4652856891561273,6-mer
GGGACC,0.04485423578426039,-0.44572670334998404,Inverted repeat
GGGACG,-0.544604763105015,0.2104197796703721,6-mer
GGGAGA,-0.06819977664263621,0.16191856231013255,6-mer
GGGAGT,0.103965198187771,0.06777604509214655,6-mer
GGGAGC,0.27207954543680063,0.13475461252287327,6-mer
GGGAGG,-0.4176114429426702,0.540188274644422,6-mer
GGGTAA,-0.46344183306087877,-0.7804110104990154,6-mer
GGGTAT,-0.10503385720624064,-0.19197484986969676,6-mer
GGGTAC,-0.8669896218979976,-0.6711191444708706,6-mer
GGGTAG,-0.4854268271702417,-0.3611347791412956,6-mer
GGGTTA,-0.050278951512158415,-0.7731600021740075,6-mer
GGGTTT,-0.3624314853079518,-0.7861551842350372,6-mer
GGGTTC,-0.15845589468310145,-0.4781514963670663,6-mer
GGGTTG,-0.10110698521568598,-0.3477570847392211,6-mer
GGGTCA,1.155316914520161,0.2807894000938759,6-mer
GGGTCT,1.2387046180334538,0.47489823053368413,6-mer
GGGTCC,-0.8422605370058057,-1.2663701183970504,Inverted repeat
GGGTCG,0.5700682854214616,0.8149681061674794,6-mer
GGGTGA,0.1459949846435744,-0.06299324611965561,6-mer
GGGTGT,0.13589290207558632,-0.09258507400559421,6-mer
GGGTGC,0.08303762690917169,-0.07972719247073404,6-mer
GGGTGG,-0.35486035518908454,0.21486311728362656,6-mer
GGGCAA,-0.0050045358982841615,-0.4488323183799147,6-mer
GGGCAT,0.22540117120878608,-0.6918491982299593,6-mer
GGGCAC,-0.24197279030596397,-0.871317980789569,6-mer
GGGCAG,-0.21071061628881257,-0.39349465257960897,6-mer
GGGCTA,0.3524211871599006,-0.5382287850463724,6-mer
GGGCTT,0.5218578545683277,-0.38839736671151687,6-mer
GGGCTC,-0.7311832415721999,-1.3968901525685844,6-mer
GGGCTG,-0.07203718077288018,-0.243239862556819,6-mer
GGGCCA,-0.2788804417724976,-1.0540875155622975,Inverted repeat
GGGCCT,-0.3573093105236617,-1.8533303508579908,Inverted repeat
GGGCCC,-3.0874628412503395,-4.0925457415435655,Palindromes
GGGCCG,-1.4623432140572004,-1.3346953909612402,Inverted repeat
GGGCGA,0.3183964039171091,0.3803447811126843,6-mer
GGGCGT,0.10583291201212397,0.3703684499451155,6-mer
GGGCGC,-0.9879271676994251,-0.22239242133644793,6-mer
GGGCGG,0.22506655563477318,0.6332176693283772,6-mer
GGGGAA,-0.1375035237499347,0.09253653288120453,6-mer
GGGGAT,0.2573145055001233,0.1892291369388395,6-mer
GGGGAC,-0.09522945626585066,-0.41753505530911056,6-mer
GGGGAG,0.24195979018394717,0.6226251030355882,6-mer
GGGGTA,-0.42413170028707314,-0.26475087842281536,6-mer
GGGGTT,0.0844745681635363,-0.36052454299658854,6-mer
GGGGTC,-0.2125446353801007,-0.8387190929669394,6-mer
GGGGTG,-0.4494880091556245,0.29967528804023447,6-mer
GGGGCA,0.44376921782215983,-0.2841842407055767,6-mer
GGGGCT,0.7545889620608227,-0.1546582447890019,6-mer
GGGGCC,-1.655351828612554,-2.241162225356288,Inverted repeat
GGGGCG,-0.56652525246448,0.722466024471091,6-mer
GGGGGA,-0.08451412292772556,0.8472476491811168,6-mer
GGGGGT,0.15988238687463593,0.07723532504307778,6-mer
GGGGGC,-0.4635673932065024,-0.5632423040975655,6-mer
GGGGGG,-1.9478137798028639,-0.030696797222916312,6-mer
