Item,Count obs
AAAAAA,-0.2790984065644446
AAAAAT,-0.02522276060496348
AAAAAC,0.07187661942248294
AAAAAG,-0.030541228914247587
AAAATA,0.03449324379788858
AAAATT,-0.10796235290555187
AAAATC,0.2824230864426122
AAAATG,-0.05218178844866564
AAAACA,-0.00966086990961273
AAAACT,0.119867903907721
AAAACC,-0.032276027405019
AAAACG,0.15563848402480765
AAAAGA,0.11351339252228937
AAAAGT,-0.008200528511380808
AAAAGC,0.048153735978660565
AAAAGG,0.11018561548958315
AAATAA,0.018837325400896675
AAATAT,-0.03286812721060994
AAATAC,0.13459702156220651
AAATAG,-0.026130639423237505
AAATTA,-0.0601098790108314
AAATTT,-0.15171810934386443
AAATTC,0.041468379266275474
AAATTG,-0.2254997917088167
AAATCA,0.19772325596139825
AAATCT,0.15972655340365094
AAATCC,0.4151185398088071
AAATCG,0.46120418933165686
AAATGA,0.017685725858952957
AAATGT,-0.057916772900412625
AAATGC,0.17333764302494223
AAATGG,0.08470312690860286
AAACAA,-0.054071372017098975
AAACAT,0.0034175436209399166
AAACAC,-0.012406465670711441
AAACAG,-0.10495630671930543
AAACTA,-0.09198896513982065
AAACTT,0.16821938407223122
AAACTC,0.32212701099345853
AAACTG,-0.05606812983879289
AAACCA,-0.15381174703862163
AAACCT,-0.035879022491378004
AAACCC,-0.03821811107841466
AAACCG,-0.0359786010352318
AAACGA,0.11631952944754587
AAACGT,-0.02486080702353228
AAACGC,0.28078424150785153
AAACGG,0.20123344167846544
AAAGAA,0.1255187153975294
AAAGAT,0.02908267773669085
AAAGAC,0.11272104187064996
AAAGAG,0.04590907260081923
AAAGTA,-0.02384913742287986
AAAGTT,0.054632992148168164
AAAGTC,0.03118755885670458
AAAGTG,-0.14717005945897155
AAAGCA,-0.0555087942599419
AAAGCT,0.014993624961469778
AAAGCC,0.0010662876432352517
AAAGCG,0.06292547302368223
AAAGGA,-0.08399551967399778
AAAGGT,0.10304316266513014
AAAGGC,0.17446261110862407
AAAGGG,0.0870113769896297
AATAAA,0.03739165813098601
AATAAT,0.10650464349319157
AATAAC,-0.05646528978983206
AATAAG,-0.21499116478582622
AATATA,-0.021683991962256007
AATATT,-0.04824469201457706
AATATC,0.15183164615585937
AATATG,-0.16463455000975458
AATACA,0.08635959818161949
AATACT,0.08490293210889094
AATACC,0.0624985612293253
AATACG,0.21172604023459624
AATAGA,0.01224862207619902
AATAGT,0.04571529036997105
AATAGC,0.1771374129284159
AATAGG,-0.022274043047859245
AATTAA,-0.06773919002485479
AATTAT,-0.022913964782763682
AATTAC,0.0028933325962093963
AATTAG,-0.021166924449989664
AATTTA,0.0013708021337786216
AATTTT,-0.1187811976605981
AATTTC,0.03749151760617084
AATTTG,-0.06749322250156008
AATTCA,-0.08308541123068669
AATTCT,-0.043977578013219866
AATTCC,0.02554953084478678
AATTCG,-0.09767891363987546
AATTGA,-0.07215555698549089
AATTGT,-0.11444835492842657
AATTGC,-0.0025236123973312458
AATTGG,-0.0664360130468315
AATCAA,0.056695343676545294
AATCAT,0.04070263922234501
AATCAC,-0.056604310449354496
AATCAG,-0.1135196525567004
AATCTA,0.06000433593768311
AATCTT,-0.011704092297927913
AATCTC,0.04019629617581958
AATCTG,-0.08793853531598031
AATCCA,0.22991511276990556
AATCCT,0.19054444463089934
AATCCC,0.25065530489112003
AATCCG,0.3656436139214929
AATCGA,0.34401654706680884
AATCGT,0.5031035776720804
AATCGC,0.35830893123038743
AATCGG,0.5919372786284322
AATGAA,-0.00819231744609364
AATGAT,0.08648610881433252
AATGAC,0.03865532031870856
AATGAG,-0.2606332332476236
AATGTA,-0.002638187139277282
AATGTT,-0.033289697864641775
AATGTC,0.04026227377682696
AATGTG,-0.2682402671482901
AATGCA,-0.017854820443654305
AATGCT,0.11507210298293634
AATGCC,0.2660154461633677
AATGCG,-0.07201053597627216
AATGGA,-0.01852798789202907
AATGGT,-0.10670010058688277
AATGGC,0.29919954274392496
AATGGG,0.17733401528291565
AACAAA,-0.14121845162925492
AACAAT,-0.020318741540919928
AACAAC,0.0943848606960073
AACAAG,-0.07447609290148292
AACATA,-0.1047680056636696
AACATT,-0.013425632147208487
AACATC,0.2911119154186753
AACATG,-0.2503721154222271
AACACA,-0.09470231400237245
AACACT,0.02389115210844859
AACACC,0.5132568328317908
AACACG,0.14578001470072163
AACAGA,-0.06468696617606838
AACAGT,-0.04974109139506445
AACAGC,0.3248009929266716
AACAGG,0.3539082121029369
AACTAA,-0.08381125186352596
AACTAT,0.0662052989677593
AACTAC,0.12433380538362057
AACTAG,-0.2975298908450728
AACTTA,0.038313323537344894
AACTTT,0.05107534728077403
AACTTC,0.2887277851255013
AACTTG,0.07388884209915816
AACTCA,0.06614811674975708
AACTCT,0.21836003703822346
AACTCC,0.3787396544243456
AACTCG,0.2981260316128642
AACTGA,-0.03948130917508242
AACTGT,0.10994899517379482
AACTGC,0.21447687775948307
AACTGG,0.22525995422058728
AACCAA,-0.29562614310227003
AACCAT,-0.2717908857251947
AACCAC,-0.2793138227812644
AACCAG,-0.2617593403670164
AACCTA,-0.20748723680525488
AACCTT,-0.12638078428994604
AACCTC,-0.09153013750295613
AACCTG,-0.24755851283086616
AACCCA,-0.2586379728929172
AACCCT,-0.021819047394639725
AACCCC,-0.06994479921233351
AACCCG,-0.3674985101843135
AACCGA,-0.16918341935652292
AACCGT,0.06407885668452239
AACCGC,-0.19671029424605427
AACCGG,-0.04680406619780251
AACGAA,-0.01568100556215309
AACGAT,0.04873808219238826
AACGAC,0.11340075997639189
AACGAG,0.08923113372794261
AACGTA,-0.05675040520782038
AACGTT,-0.1725686629414563
AACGTC,0.09065436826813084
AACGTG,-0.3805188401615871
AACGCA,0.02680775114544342
AACGCT,0.18813552665937455
AACGCC,0.7609697768987064
AACGCG,0.40689470091775876
AACGGA,0.152233327203946
AACGGT,-0.10064352577968741
AACGGC,0.22731892272469054
AACGGG,0.053973063744666004
AAGAAA,-0.010638090110756159
AAGAAT,-0.0314870796409898
AAGAAC,0.07411821495943123
AAGAAG,0.23863892679876694
AAGATA,0.03453884955433717
AAGATT,-0.020986202638446905
AAGATC,-2.5976505553010867
AAGATG,0.1517756289316358
AAGACA,-0.11132400705462524
AAGACT,-0.04070810903199046
AAGACC,0.669309066004003
AAGACG,0.16405999930499954
AAGAGA,-0.0427794192370363
AAGAGT,0.14609190915715056
AAGAGC,0.25828555493454786
AAGAGG,0.17705935288704827
AAGTAA,0.016908401333986835
AAGTAT,0.07861543965442745
AAGTAC,-0.012823340143593728
AAGTAG,-0.06303372841683437
AAGTTA,-0.004678573774103352
AAGTTT,0.06211015036539538
AAGTTC,0.263152179697579
AAGTTG,0.15690686136446513
AAGTCA,-0.015011891611228331
AAGTCT,0.10972019558763683
AAGTCC,0.07461997580582166
AAGTCG,0.3410280531570736
AAGTGA,0.05914651443247962
AAGTGT,0.017774654992750445
AAGTGC,0.2984570142827372
AAGTGG,0.19653730670527797
AAGCAA,-0.24046153139419477
AAGCAT,-0.12832029957329583
AAGCAC,-0.04589021046964214
AAGCAG,-0.16794034410774075
AAGCTA,-0.10641259360863001
AAGCTT,-0.17218820078291813
AAGCTC,0.07449266152180488
AAGCTG,-0.03856468441884963
AAGCCA,-0.12843075401702847
AAGCCT,-0.1579409560010392
AAGCCC,0.5046527646589098
AAGCCG,0.16772275737280198
AAGCGA,-0.03620529333035271
AAGCGT,0.06880879417396055
AAGCGC,0.1721691853299367
AAGCGG,-0.4200475314024345
AAGGAA,-0.12928724519421636
AAGGAT,-0.25878836221256707
AAGGAC,-0.3417492937220567
AAGGAG,-0.10006603680243717
AAGGTA,0.024862559669872473
AAGGTT,-0.17888512729537348
AAGGTC,0.23786747405418118
AAGGTG,0.32587270750507064
AAGGCA,0.13423865036623356
AAGGCT,0.06622278661313583
AAGGCC,-0.2716264486199551
AAGGCG,0.7647890602184737
AAGGGA,-0.03632088132862079
AAGGGT,-0.009284315853954344
AAGGGC,0.04425500900404078
AAGGGG,-0.012844906488469426
ATAAAA,0.04586050893731784
ATAAAT,-0.008747332644962602
ATAAAC,0.006420980067717915
ATAAAG,0.10195625705102511
ATAATA,0.0764767890195579
ATAATT,-0.03298059390560826
ATAATC,0.15346101211085333
ATAATG,0.13759607967348353
ATAACA,-0.03886225301869943
ATAACT,0.06527139035322381
ATAACC,-0.3488486322222619
ATAACG,0.08466592441499328
ATAAGA,-0.19148649516177943
ATAAGT,0.06287388153171376
ATAAGC,-0.2776877998376281
ATAAGG,-0.18813324361429462
ATATAA,-0.03343948989148022
ATATAT,-0.19114431020806538
ATATAC,-0.04242905759375235
ATATAG,0.046381678174271294
ATATTA,-0.061106624971209896
ATATTT,0.01227992703597164
ATATTC,-0.05254620193317734
ATATTG,-0.09371401027150263
ATATCA,0.10746131664435903
ATATCT,0.13194122457876456
ATATCC,0.16592341098431848
ATATCG,0.2396903115183735
ATATGA,-0.09363238570946056
ATATGT,-0.08846240139070215
ATATGC,-0.10422453232715154
ATATGG,-0.041934755075798746
ATACAA,-0.042936113847443176
ATACAT,-0.03308726674730534
ATACAC,0.035362800741402294
ATACAG,0.006591016170704553
ATACTA,-0.14012120230357825
ATACTT,0.08167361155310683
ATACTC,0.06294758588423176
ATACTG,-0.25086387634717483
ATACCA,0.05774535442906569
ATACCT,0.17272862703383954
ATACCC,-0.04868862586401906
ATACCG,-0.0734274685548172
ATACGA,0.15346363067621988
ATACGT,-0.05585036917993339
ATACGC,-0.009884759232541973
ATACGG,0.32947920113024226
ATAGAA,0.032991500853245856
ATAGAT,0.050100095478957156
ATAGAC,0.03853403797389107
ATAGAG,0.0015688328489001286
ATAGTA,0.02708928763267192
ATAGTT,0.08787115296349364
ATAGTC,-0.08835738267535649
ATAGTG,-0.03951882017590922
ATAGCA,0.1382977067886308
ATAGCT,0.21442336801418826
ATAGCC,0.004992521603120984
ATAGCG,-0.13465145477582444
ATAGGA,-0.14665009315181476
ATAGGT,0.13095521200779883
ATAGGC,-0.24208329133620887
ATAGGG,-0.043932197069840244
ATTAAA,0.1390852483073197
ATTAAT,-0.07144951660638975
ATTAAC,-0.22540885539033415
ATTAAG,-0.3556599362390335
ATTATA,0.014884290302698298
ATTATT,0.1307316282852351
ATTATC,0.23293155768037266
ATTATG,-0.134171053561436
ATTACA,0.08947975220157582
ATTACT,0.053804923614864955
ATTACC,-0.07144787621693932
ATTACG,-0.18408367178735388
ATTAGA,0.06698159014784082
ATTAGT,0.016441780445047665
ATTAGC,0.10316930818841626
ATTAGG,0.09976669728504077
ATTTAA,0.1165864166367094
ATTTAT,0.012236052894229424
ATTTAC,0.11814150524064065
ATTTAG,0.07411921006594262
ATTTTA,-0.028071818689559994
ATTTTT,0.018960214929538605
ATTTTC,0.1273080568141047
ATTTTG,-0.08076737455979245
ATTTCA,-0.019006562749728385
ATTTCT,0.13102316687798513
ATTTCC,0.12336194917648353
ATTTCG,-0.09889698422361089
ATTTGA,0.21229741150703366
ATTTGT,0.05185075150566268
ATTTGC,0.20662383061440662
ATTTGG,0.11136693183530481
ATTCAA,-0.20890199505941195
ATTCAT,-0.0824778108060269
ATTCAC,-0.24043806918748675
ATTCAG,-0.3528862633386175
ATTCTA,-0.2838805294939988
ATTCTT,-0.10343064978300245
ATTCTC,-0.14244845696971495
ATTCTG,-0.44765709651297836
ATTCCA,-0.027990672758800874
ATTCCT,-0.01983969247530139
ATTCCC,0.08710462142999759
ATTCCG,0.16071061074099113
ATTCGA,-0.21162012449765447
ATTCGT,0.12145951038569211
ATTCGC,-0.19773882082128164
ATTCGG,-0.07257069283483537
ATTGAA,-0.1464926033009141
ATTGAT,-0.0007850320957919764
ATTGAC,0.003765469753062257
ATTGAG,-0.32963767764303437
ATTGTA,-0.0015353655733131356
ATTGTT,-0.07170190677674768
ATTGTC,-0.08012497495999636
ATTGTG,-0.1536555077448454
ATTGCA,0.005251862154948644
ATTGCT,-0.03185055575790102
ATTGCC,0.07154235290814388
ATTGCG,-0.31307130645660036
ATTGGA,-0.08147281159979036
ATTGGT,-0.0009549578952685147
ATTGGC,0.04243714794384031
ATTGGG,-0.13277045409700022
ATCAAA,0.11740024121022088
ATCAAT,0.1110663288884817
ATCAAC,0.25062118735192956
ATCAAG,0.0029239786914350605
ATCATA,-0.03920431850121655
ATCATT,0.06435002788583563
ATCATC,0.3507634392655008
ATCATG,-0.24562126447080432
ATCACA,-0.14294684627644158
ATCACT,-0.0051308475823436785
ATCACC,0.20161088301585342
ATCACG,-0.18954180476744173
ATCAGA,0.033188983728901125
ATCAGT,-0.10182618738367716
ATCAGC,0.254329299756671
ATCAGG,0.06562018700831217
ATCTAA,0.13885565641188946
ATCTAT,0.04963227480427457
ATCTAC,0.17067417054477307
ATCTAG,-0.3961795113409345
ATCTTA,-0.5085178329507047
ATCTTT,0.005478639523539286
ATCTTC,0.30694447798818
ATCTTG,-0.28297071895535875
ATCTCA,-0.326759426705813
ATCTCT,-0.046450297644137085
ATCTCC,0.43235668690907775
ATCTCG,-0.2315694916282815
ATCTGA,-0.07762156082845503
ATCTGT,0.002959647003038492
ATCTGC,0.17603830750969718
ATCTGG,0.22996312711857658
ATCCAA,-0.10759801059801806
ATCCAT,-0.09284098297496746
ATCCAC,-0.0759210563684837
ATCCAG,-0.019872486529852254
ATCCTA,-0.28263979571498604
ATCCTT,-0.23422349392701367
ATCCTC,-0.1694962495019187
ATCCTG,-0.08708644924671247
ATCCCA,-0.013517690407000816
ATCCCT,-0.08001018153064618
ATCCCC,0.0155884976440038
ATCCCG,-0.17185025692665928
ATCCGA,0.04863866049517821
ATCCGT,0.050858417233490945
ATCCGC,0.23211222129697015
ATCCGG,0.4329831370020567
ATCGAA,-0.026215842130893025
ATCGAT,-0.15133641905801287
ATCGAC,0.2905848321097423
ATCGAG,-0.047873993697652426
ATCGTA,0.14883151834965822
ATCGTT,-0.13209906962958962
ATCGTC,0.16335961891256817
ATCGTG,-0.03412191306925711
ATCGCA,-0.031020693657456737
ATCGCT,0.18545144980288233
ATCGCC,0.4070793134627056
ATCGCG,-0.7701082216960737
ATCGGA,0.13190669689752074
ATCGGT,0.10842330518837198
ATCGGC,0.4038535042138228
ATCGGG,-0.5618111784988583
ATGAAA,-0.03303814321275037
ATGAAT,-0.012473830731234264
ATGAAC,0.04299068716265633
ATGAAG,0.3393754697282676
ATGATA,0.1584928953156617
ATGATT,0.07142163550042802
ATGATC,-2.896280194582331
ATGATG,0.41372185019604996
ATGACA,0.036743513372819316
ATGACT,-0.07654271860335997
ATGACC,0.31218700039064645
ATGACG,0.21467610021511124
ATGAGA,-0.24810761630794517
ATGAGT,0.10701102149981373
ATGAGC,-0.19392779367441298
ATGAGG,-0.043815680812884165
ATGTAA,-0.017532478761640526
ATGTAT,0.001636106432525921
ATGTAC,-0.028052034492256107
ATGTAG,0.0545110943633609
ATGTTA,-0.023365292633335224
ATGTTT,-0.05521156769934942
ATGTTC,0.014600332882427748
ATGTTG,0.21456569806645714
ATGTCA,0.07325783277412978
ATGTCT,0.07643287875164698
ATGTCC,-0.06469673646896676
ATGTCG,0.19633229386355303
ATGTGA,-0.31803080871849004
ATGTGT,-0.06308959550374059
ATGTGC,-0.08893819488348888
ATGTGG,-0.021234833900599045
ATGCAA,-0.1457824301567417
ATGCAT,-0.2925873015322247
ATGCAC,-0.03297103148526066
ATGCAG,0.04330573572006003
ATGCTA,-0.029082265239732397
ATGCTT,-0.12628932293731782
ATGCTC,0.07118826205038704
ATGCTG,-0.006223499578083103
ATGCCA,0.18333405321681315
ATGCCT,0.09542737417131647
ATGCCC,0.26335574681470075
ATGCCG,0.42712660488934373
ATGCGA,-0.3406302467698766
ATGCGT,0.06237033072645809
ATGCGC,-0.3407487933884731
ATGCGG,-0.24791883927976782
ATGGAA,-0.01162460139776289
ATGGAT,-0.09437355012356671
ATGGAC,-0.20617057626449425
ATGGAG,0.25092563772157284
ATGGTA,-0.16767627752413192
ATGGTT,-0.3323382910894846
ATGGTC,0.11537729390129757
ATGGTG,0.03330098712697166
ATGGCA,0.2860329127907325
ATGGCT,0.07347898389100715
ATGGCC,-0.3639653772014116
ATGGCG,0.3302416868705768
ATGGGA,0.18236670453996104
ATGGGT,0.22043376734191103
ATGGGC,-0.04184710993550049
ATGGGG,0.007746972250173591
ACAAAA,-0.12856383173228395
ACAAAT,-0.09032069412777509
ACAAAC,-0.020011199619388617
ACAAAG,-0.11315544013577904
ACAATA,0.07042431263825992
ACAATT,-0.04809002022235896
ACAATC,-0.044058908151079726
ACAATG,-0.026808014745527308
ACAACA,0.21274761602308712
ACAACT,0.15107570227543218
ACAACC,-0.10980458758179282
ACAACG,0.13844138612207835
ACAAGA,-0.015010452274589803
ACAAGT,0.09928431093853304
ACAAGC,0.12033696984738365
ACAAGG,0.09669362480247112
ACATAA,-0.16352016521035848
ACATAT,-0.08707403166838834
ACATAC,-0.06830999495209324
ACATAG,-0.13684620505823705
ACATTA,0.03625954424319653
ACATTT,-0.006293286975789179
ACATTC,-0.1745307550061864
ACATTG,-0.08963755519259002
ACATCA,0.374680397252232
ACATCT,0.2791416478706218
ACATCC,0.08817374348216024
ACATCG,-0.6911844713920966
ACATGA,-0.23482612886582874
ACATGT,-0.12373355014441165
ACATGC,-0.020344989685021884
ACATGG,-0.02760129509867074
ACACAA,-0.14292965781804529
ACACAT,-0.08673923111776367
ACACAC,-0.29059263087051934
ACACAG,-0.13203163094181158
ACACTA,-0.10388446065393027
ACACTT,0.13442300886904696
ACACTC,0.009750889826409979
ACACTG,-0.35359832055813867
ACACCA,0.2976165869017569
ACACCT,0.5257825283778182
ACACCC,0.23566505811225094
ACACCG,0.141563564321787
ACACGA,-0.028437935320533514
ACACGT,0.15101352933100498
ACACGC,-0.13248918304607887
ACACGG,0.05030073847479894
ACAGAA,-0.11289465466814884
ACAGAT,0.006084183040693272
ACAGAC,0.004649969628859469
ACAGAG,-0.32047189527477177
ACAGTA,-0.05233341155496358
ACAGTT,0.05783843229245901
ACAGTC,-0.3994123442768131
ACAGTG,-0.35346106220768286
ACAGCA,0.205870156645867
ACAGCT,0.1671547642504649
ACAGCC,0.11310013999690074
ACAGCG,-0.3677247801253174
ACAGGA,0.2981260316128642
ACAGGT,0.349252382489875
ACAGGC,0.20010588324719258
ACAGGG,0.004662013105811371
ACTAAA,-0.028697067329744214
ACTAAT,-0.043223679592988826
ACTAAC,-0.469521817624755
ACTAAG,-0.4064974389210683
ACTATA,0.06411509856282196
ACTATT,0.040881302229851035
ACTATC,0.010382782665073836
ACTATG,-0.17358787682520013
ACTACA,0.15965241472066882
ACTACT,0.14185268734564668
ACTACC,-0.15888161709584062
ACTACG,-0.08189774994393685
ACTAGA,-0.023103046773196054
ACTAGT,-0.605025667196031
ACTAGC,-0.3054060157260591
ACTAGG,-0.2856307896812235
ACTTAA,0.01160554612030789
ACTTAT,0.10798999752721651
ACTTAC,0.2244352630115746
ACTTAG,0.07465464430072426
ACTTTA,-0.08797049222839735
ACTTTT,0.0028870990147869
ACTTTC,0.06212923230054849
ACTTTG,0.01365476760224708
ACTTCA,0.16809990669983235
ACTTCT,0.18933297903175855
ACTTCC,0.2359592099121813
ACTTCG,0.11513030725363133
ACTTGA,0.144311801478974
ACTTGT,0.1252486852386788
ACTTGC,0.1928821748445775
ACTTGG,0.0611742233691536
ACTCAA,-0.10399798068564176
ACTCAT,0.1488026870273077
ACTCAC,-0.2211835898860018
ACTCAG,-0.5775000201918434
ACTCTA,-0.023731184108393522
ACTCTT,0.10608180824535884
ACTCTC,-0.09587350720632185
ACTCTG,-0.23819598991237823
ACTCCA,0.33185913993243565
ACTCCT,0.12532488110030038
ACTCCC,0.020906684819313643
ACTCCG,0.20221034164774387
ACTCGA,-0.3010300899712809
ACTCGT,0.05210333898429492
ACTCGC,0.19592009270355332
ACTCGG,-0.016194685919980606
ACTGAA,-0.2836740510542422
ACTGAT,-0.03174235955209689
ACTGAC,-0.24272747986703555
ACTGAG,-0.6601880725756967
ACTGTA,0.005735810670732551
ACTGTT,0.02344110667341322
ACTGTC,-0.0793179618357468
ACTGTG,-0.3105196034431147
ACTGCA,-0.07318161729359109
ACTGCT,0.08890636656219122
ACTGCC,0.09661687508326759
ACTGCG,-0.3595798116313625
ACTGGA,-0.0193935735680871
ACTGGT,0.10497027175043487
ACTGGC,-0.2475326985614957
ACTGGG,-0.07533256572680866
ACCAAA,-0.23068864788790366
ACCAAT,-0.04180559167190688
ACCAAC,0.1974711962600829
ACCAAG,-0.2862557861432636
ACCATA,-0.23892908231257565
ACCATT,-0.04972461690438724
ACCATC,0.10203043277334511
ACCATG,-0.30650580522724385
ACCACA,-0.19714662615611114
ACCACT,-0.058857481411332076
ACCACC,0.2776549926826537
ACCACG,0.006764400088542063
ACCAGA,0.0027883875737749887
ACCAGT,0.10826689096504086
ACCAGC,0.17577890413599884
ACCAGG,0.10696051599915987
ACCTAA,0.19591272206743052
ACCTAT,0.14468948906887266
ACCTAC,0.1641005131681123
ACCTAG,-0.3030339244608311
ACCTTA,-0.3581392715589062
ACCTTT,0.1035769425044244
ACCTTC,0.3676040144709227
ACCTTG,-0.012253386805765001
ACCTCA,-0.3253332699029053
ACCTCT,0.0808105462457867
ACCTCC,0.20198019445713924
ACCTCG,-0.030305349495328922
ACCTGA,0.005954613798488974
ACCTGT,0.3803385995592349
ACCTGC,0.37430793870905876
ACCTGG,0.0304861250228321
ACCCAA,-0.10380758634910538
ACCCAT,0.08591410800851973
ACCCAC,-0.001281230156048573
ACCCAG,-0.024519617174318612
ACCCTA,-0.01670747567105828
ACCCTT,0.037177441231102705
ACCCTC,0.14875783995581396
ACCCTG,0.06026196437031099
ACCCCA,-0.07320789435896989
ACCCCT,-0.17222046080745076
ACCCCC,-0.3673031949588709
ACCCCG,0.04779066383634848
ACCCGA,0.14903557916048796
ACCCGT,-0.03419136474827931
ACCCGC,0.5169046698423729
ACCCGG,-0.587786664902119
ACCGAA,-0.11668232008019788
ACCGAT,0.1823215567939546
ACCGAC,0.31015492830383945
ACCGAG,-0.6067038240343242
ACCGTA,-0.09705690513926653
ACCGTT,0.033901551675681416
ACCGTC,-0.11134258733537365
ACCGTG,0.03581909780495306
ACCGCA,0.053802705992976194
ACCGCT,-0.374938517449009
ACCGCC,0.5322659550038601
ACCGCG,-0.0887954987831312
ACCGGA,-0.262364264467491
ACCGGT,-0.5389965007326869
ACCGGC,-0.2507587183471831
ACCGGG,-0.3104215594212703
ACGAAA,-0.05948545328618
ACGAAT,0.04779066383634848
ACGAAC,-0.12490735576754945
ACGAAG,0.2293100662298737
ACGATA,0.10359279379039928
ACGATT,0.52345404731417
ACGATC,-1.909106680079109
ACGATG,-0.832909122935104
ACGACA,0.03870232901903795
ACGACT,0.12764556044726125
ACGACC,0.39346839182053284
ACGACG,0.09772689080275505
ACGAGA,0.04497216082417991
ACGAGT,0.21088348765586853
ACGAGC,0.32690278560506225
ACGAGG,-0.1127954941453444
ACGTAA,-0.2216879469815093
ACGTAT,-0.024292692569044587
ACGTAC,-0.35399093283018657
ACGTAG,-0.08132393782958493
ACGTTA,-0.36400434001141446
ACGTTT,0.08858656538735257
ACGTTC,0.13128284026314252
ACGTTG,-0.08196393785143039
ACGTCA,-0.22659438047194272
ACGTCT,0.11744525487289832
ACGTCC,-0.02941388520629334
ACGTCG,0.4378004887511008
ACGTGA,-0.19585140902620224
ACGTGT,-0.1383584333728385
ACGTGC,0.2091963238333593
ACGTGG,-0.5500463369192721
ACGCAA,-0.48580942941692357
ACGCAT,-0.05013064694388399
ACGCAC,0.018503471564559726
ACGCAG,-0.36320529881828173
ACGCTA,-0.16855536102980664
ACGCTT,-0.001763150618380852
ACGCTC,0.29613191148309026
ACGCTG,0.22314355131420976
ACGCCA,0.20438127485868676
ACGCCT,0.7725539581643557
ACGCCC,0.319063673192949
ACGCCG,0.3642221495741153
ACGCGA,-0.0996298409488413
ACGCGT,-0.4096231182568281
ACGCGC,-0.6859786910813328
ACGCGG,0.26192957634936626
ACGGAA,-0.015666116744399463
ACGGAT,0.10536051565782635
ACGGAC,-0.6751286750572671
ACGGAG,0.048127733022989776
ACGGTA,-0.43306426245909335
ACGGTT,-0.10103538628236455
ACGGTC,0.6211067487705796
ACGGTG,-0.01600034134644119
ACGGCA,0.23137405045072534
ACGGCT,0.3726752852851735
ACGGCC,-0.5758104738554033
ACGGCG,0.1508228897345837
ACGGGA,0.24779558031252194
ACGGGT,0.25893265916579505
ACGGGC,-0.05756985182147782
ACGGGG,-0.1360282728231099
AGAAAA,0.0330148679089864
AGAAAT,-0.03626284656469606
AGAAAC,0.07418727743946062
AGAAAG,-0.24583030775494175
AGAATA,-0.23018998695392037
AGAATT,0.04498838721478178
AGAATC,0.19922553210106483
AGAATG,-0.5211346920611358
AGAACA,-0.1700202351841342
AGAACT,0.05428901702736746
AGAACC,0.26237624058710873
AGAACG,-0.04507958477289645
AGAAGA,0.24903846712775324
AGAAGT,0.2448574527506251
AGAAGC,0.3594878853153471
AGAAGG,0.2365829716758708
AGATAA,0.13887196567830262
AGATAT,0.15748356585617862
AGATAC,0.22839875888603603
AGATAG,-0.14367150080619548
AGATTA,-0.24519338253388348
AGATTT,0.23005068882578414
AGATTC,0.07684764550380027
AGATTG,-0.4370620738974545
AGATCA,-2.5346192381534527
AGATCT,-2.6518157300435417
AGATCC,-2.4439761424359965
AGATCG,-1.968665152048977
AGATGA,0.2978987647271673
AGATGT,0.2769344958184168
AGATGC,0.4556309088810419
AGATGG,0.13997481043697726
AGACAA,-0.14166852064574023
AGACAT,0.08639237356534597
AGACAC,-0.020657432574753033
AGACAG,-0.43613353944612854
AGACTA,-0.43913966925379694
AGACTT,0.10737443065560481
AGACTC,-0.04815163531816022
AGACTG,-0.47710089111649717
AGACCA,0.2216705800654195
AGACCT,0.5237760273407744
AGACCC,0.8963487220423815
AGACCG,-0.13794870525097788
AGACGA,0.3097417905165131
AGACGT,0.17420174562503907
AGACGC,0.31229625674518263
AGACGG,-0.277099963121244
AGAGAA,-0.05598744268569854
AGAGAT,-0.1154559537586965
AGAGAC,-0.1906784220645144
AGAGAG,-0.312893491798277
AGAGTA,-0.09083885111603957
AGAGTT,0.22446981145556322
AGAGTC,-0.003848625661294338
AGAGTG,-0.20830598354275975
AGAGCA,0.015234244571847987
AGAGCT,0.008461417661789027
AGAGCC,0.2848992385891007
AGAGCG,0.0922639767379808
AGAGGA,0.01627426808796924
AGAGGT,0.056385963478765955
AGAGGC,0.32610944958566634
AGAGGG,0.08647146876091111
AGTAAA,0.009327837033579449
AGTAAT,0.032630454830576486
AGTAAC,-0.06097941078894875
AGTAAG,-0.22917269825968759
AGTATA,-0.1226742371175696
AGTATT,0.054187274133041134
AGTATC,0.20148461837592324
AGTATG,-0.21746437282798817
AGTACA,-0.15478786073893017
AGTACT,-0.10744788781874919
AGTACC,-0.042192103744715215
AGTACG,-0.06453852113757118
AGTAGA,0.03557430815147885
AGTAGT,0.0805944281580227
AGTAGC,0.26249470775745576
AGTAGG,0.09722148184088174
AGTTAA,0.005826710996000528
AGTTAT,0.14273891819336393
AGTTAC,0.16547314139520644
AGTTAG,-0.17185025692665928
AGTTTA,-0.19424122113825543
AGTTTT,0.11900912842742459
AGTTTC,0.1606204132216271
AGTTTG,-0.11089362580129052
AGTTCA,-0.033441887222632534
AGTTCT,0.003822993079005014
AGTTCC,0.4111827344315608
AGTTCG,0.027177581628012766
AGTTGA,0.22500843275660484
AGTTGT,0.1932394089091757
AGTTGC,0.4058137744629032
AGTTGG,0.31459938006426347
AGTCAA,-0.03193271717883726
AGTCAT,0.02700497261662093
AGTCAC,-0.33477010855068245
AGTCAG,-0.39160607294461225
AGTCTA,-0.24849441660334048
AGTCTT,-0.06787596891365745
AGTCTC,-0.1483742709708642
AGTCTG,-0.4089039706050144
AGTCCA,-0.2839484028997321
AGTCCT,-0.3678722929539326
AGTCCC,0.09177796389195722
AGTCCG,-0.36244772302447364
AGTCGA,0.0
AGTCGT,0.224970035840244
AGTCGC,0.1175877422273867
AGTCGG,0.3265219057680448
AGTGAA,-0.029674770201383715
AGTGAT,0.0687489987872915
AGTGAC,-0.02229854872245557
AGTGAG,-0.4079011629060455
AGTGTA,-0.027984527762083218
AGTGTT,-0.058854137843337116
AGTGTC,-0.09468302393554033
AGTGTG,-0.4107459653157911
AGTGCA,-0.04645746155165476
AGTGCT,-0.02017359481224071
AGTGCC,-0.03593200922606333
AGTGCG,-0.13630531950724786
AGTGGA,0.006047830381127947
AGTGGT,-0.03293129555435792
AGTGGC,0.15333800200926792
AGTGGG,-0.2765913857576227
AGCAAA,-0.16909822361926516
AGCAAT,0.03350977889887792
AGCAAC,0.1774542499123512
AGCAAG,-0.159162627031925
AGCATA,-0.3112699087456028
AGCATT,0.10232893982037465
AGCATC,0.35346681393148843
AGCATG,-0.44851942695116215
AGCACA,-0.12099789822166462
AGCACT,-0.037107788315075246
AGCACC,0.37279984155362866
AGCACG,-0.23719816701978894
AGCAGA,-0.016853580066753634
AGCAGT,0.19182526375170095
AGCAGC,0.35702643779120885
AGCAGG,0.3701340973127371
AGCTAA,0.06396176441678642
AGCTAT,0.17761355572025986
AGCTAC,0.22958134178905817
AGCTAG,-0.2986545182424754
AGCTTA,-0.5685462631402026
AGCTTT,0.005964688480054241
AGCTTC,0.32846175594366017
AGCTTG,-0.2972044912037898
AGCTCA,-0.26429930308095856
AGCTCT,-0.017591793313570817
AGCTCC,0.5910419576227917
AGCTCG,-0.24428828054315443
AGCTGA,0.08061476669293707
AGCTGT,0.13390091901907053
AGCTGC,0.14857711715760863
AGCTGG,0.09237332013101507
AGCCAA,-0.1284562304524756
AGCCAT,0.09515414516431825
AGCCAC,0.11053259800500188
AGCCAG,-0.3338133677322687
AGCCTA,-0.5362050495701737
AGCCTT,0.05129329438755069
AGCCTC,0.1902401502072647
AGCCTG,-0.4560173872709958
AGCCCA,0.12188315629362682
AGCCCT,0.35300521504977006
AGCCCC,0.5254244231871433
AGCCCG,-0.5436154465889815
AGCCGA,0.40876000400501694
AGCCGT,0.5465437063680699
AGCCGC,0.2466740487244038
AGCCGG,-0.2972515234679316
AGCGAA,0.00972454989199478
AGCGAT,0.03845453967328826
AGCGAC,0.23118864699904138
AGCGAG,-0.0586619126485861
AGCGTA,-0.15043320342712585
AGCGTT,0.2585814739119663
AGCGTC,-0.018868484304382805
AGCGTG,-0.2668789448220176
AGCGCA,-0.29586280454197483
AGCGCT,-0.1068710022054009
AGCGCC,0.5190561229025062
AGCGCG,-0.6549259677397476
AGCGGA,-0.15203203496697298
AGCGGT,-0.47245161088437554
AGCGGC,0.4744579795951157
AGCGGG,-0.7591051483517427
AGGAAA,-0.1555767158411804
AGGAAT,0.024502818791841338
AGGAAC,0.1300150772217668
AGGAAG,-0.07272231281787188
AGGATA,-0.2404386087205586
AGGATT,0.15157138704667927
AGGATC,-2.849110650377097
AGGATG,-0.3404077001814482
AGGACA,-0.21536280285336862
AGGACT,-0.3120603283704869
AGGACC,0.12845623045247564
AGGACG,0.07709008171957082
AGGAGA,0.18632957819149334
AGGAGT,0.22916534052925652
AGGAGC,0.6469531869163121
AGGAGG,0.14896415313995814
AGGTAA,0.011515867934755753
AGGTAT,0.2362129772281855
AGGTAC,0.0031298930089275656
AGGTAG,-0.2799886191629697
AGGTTA,-0.49525450367540186
AGGTTT,-0.13739986940244298
AGGTTC,0.20539267769526645
AGGTTG,-0.3753258405331242
AGGTCA,0.23786468682581882
AGGTCT,0.4215142621909192
AGGTCC,0.2893606292873597
AGGTCG,0.5122759503436372
AGGTGA,0.25452248031953767
AGGTGT,0.5073106816585461
AGGTGC,0.5490468365861886
AGGTGG,0.42778174671927727
AGGCAA,-0.03536714383729136
AGGCAT,0.2741354009177021
AGGCAC,-0.07641623044436317
AGGCAG,-0.2309359894806393
AGGCTA,-0.276721440293361
AGGCTT,-0.12223595462166531
AGGCTC,0.21004610480880959
AGGCTG,-0.29246513589238043
AGGCCA,-0.4938316469409975
AGGCCT,-0.5997102451373008
AGGCCC,0.013323661198470664
AGGCCG,-0.07325046173959268
AGGCGA,0.6447046611011239
AGGCGT,0.6724669753224065
AGGCGC,0.41136483023535275
AGGCGG,0.3924729498145115
AGGGAA,-0.03879122577054043
AGGGAT,-0.01324522675002068
AGGGAC,-0.03121501934792441
AGGGAG,-0.3815138872856511
AGGGTA,-0.3034270326750207
AGGGTT,-0.0849258704986084
AGGGTC,0.6438825205334495
AGGGTG,-0.07095173597228449
AGGGCA,-0.06651620224550907
AGGGCT,0.22665849342165426
AGGGCC,-0.2599192754744245
AGGGCG,-0.15790302944580878
AGGGGA,-0.024444545445592582
AGGGGT,-0.20622707764750894
AGGGGC,0.43518820956037074
AGGGGG,-0.006872879287762064
TAAAAA,0.06868196317496514
TAAAAT,-0.02934177094572337
TAAAAC,0.16042603651778325
TAAAAG,0.24327275531290085
TAAATA,-0.07935352188221528
TAAATT,-0.01637012964685544
TAAATC,0.4413885316755401
TAAATG,0.1579047902897461
TAAACA,-0.11234887556185563
TAAACT,-0.03414361723710931
TAAACC,0.04754460588846056
TAAACG,0.2178757603793508
TAAAGA,0.24966895242829587
TAAAGT,0.04390949261556863
TAAAGC,0.23526832976774076
TAAAGG,0.24557058710165397
TAATAA,0.13396412446735648
TAATAT,-0.03950053966267263
TAATAC,0.08991639537333092
TAATAG,0.1578512120523238
TAATTA,-0.40880459622796694
TAATTT,-0.014331775732339829
TAATTC,0.2284107371852463
TAATTG,0.05491765602450066
TAATCA,-0.26683040372468814
TAATCT,-0.1747520806620888
TAATCC,0.2962014313222294
TAATCG,0.46813621507094005
TAATGA,0.251787229109235
TAATGT,0.0723816390484702
TAATGC,0.3087568041632947
TAATGG,0.13710676740243657
TAACAA,-0.25685120454605814
TAACAT,-0.1247622208277577
TAACAC,0.09510105134640791
TAACAG,0.1391638306813337
TAACTA,-0.16719353887447347
TAACTT,-0.10767277974830168
TAACTC,0.24554314181212172
TAACTG,0.17889972094159406
TAACCA,-0.7629541145474821
TAACCT,-0.5490205394104496
TAACCC,-0.20504129574811902
TAACCG,-0.0549337188178374
TAACGA,-0.06916752872257138
TAACGT,-0.3456199095580001
TAACGC,0.28932951928237965
TAACGG,0.055994269354574785
TAAGAA,-0.3706766784102627
TAAGAT,-0.4871990686512399
TAAGAC,0.07202003861978887
TAAGAG,0.08979250421097676
TAAGTA,-0.10141744197739803
TAAGTT,-0.006976053722442576
TAAGTC,0.24272425201840508
TAAGTG,0.3055150202285024
TAAGCA,-0.6337526391484595
TAAGCT,-0.5516194313605006
TAAGCC,0.068626262251625
TAAGCG,-0.14243395465296965
TAAGGA,-0.47124120811733816
TAAGGT,-0.39263552852791006
TAAGGC,0.24476045069838315
TAAGGG,-0.028680119733723093
TATAAA,0.055662426700816156
TATAAT,0.012318075394786937
TATAAC,0.05386229423821942
TATAAG,-0.12609569240690208
TATATA,-0.2926143844149979
TATATT,-0.042971581236576024
TATATC,0.27610042195538886
TATATG,-0.1475983341644957
TATACA,-0.16131328148581367
TATACT,-0.1879051536092117
TATACC,0.23836951158297767
TATACG,0.024189594471113282
TATAGA,0.1934360013187046
TATAGT,0.0926498887166441
TATAGC,0.3189701949144929
TATAGG,0.20543287759095646
TATTAA,0.05138783245100876
TATTAT,0.08422635552621531
TATTAC,0.08255291776322617
TATTAG,0.10508242889296412
TATTTA,-0.12065675607445842
TATTTT,0.052884236958658896
TATTTC,0.19839714310682316
TATTTG,0.19391329416843467
TATTCA,-0.31609176057426414
TATTCT,-0.3211935949876348
TATTCC,0.10693735536769085
TATTCG,-0.0742800743828705
TATTGA,0.03490588123445732
TATTGT,0.015113637810048325
TATTGC,0.12943861747076954
TATTGG,0.11501455252281492
TATCAA,0.2557156501207413
TATCAT,0.14964806086628854
TATCAC,0.0525407521764385
TATCAG,0.2276178317091309
TATCTA,0.09421174573799858
TATCTT,0.005084598796622208
TATCTC,0.18820978935653984
TATCTG,0.21990652241926012
TATCCA,-0.06736033394865716
TATCCT,-0.2900012385918199
TATCCC,0.01633966476106537
TATCCG,0.2642152916302223
TATCGA,0.23958227765736953
TATCGT,0.18286078570968972
TATCGC,0.4669589416604088
TATCGG,0.22314355131420976
TATGAA,-0.1514397706851665
TATGAT,-0.03660130483516521
TATGAC,0.056305836211094695
TATGAG,-0.20458056771332325
TATGTA,-0.17614183128156283
TATGTT,-0.09635300368427943
TATGTC,0.10960844635532271
TATGTG,-0.14075865331185358
TATGCA,-0.396665629921465
TATGCT,-0.3218828464569727
TATGCC,0.12390582735125968
TATGCG,-0.38046380590274714
TATGGA,-0.08697311095137182
TATGGT,-0.29362981263376703
TATGGC,0.08129682708597334
TATGGG,0.20544397421480887
TACAAA,-0.031716640849913935
TACAAT,0.05315949092471383
TACAAC,0.3021474940801383
TACAAG,0.05537275758748595
TACATA,-0.1869873202255755
TACATT,0.02057521932263982
TACATC,0.3895628107835675
TACATG,-0.1437423894105499
TACACA,-0.09428948223910019
TACACT,0.029334638577535578
TACACC,0.5344747197066143
TACACG,-0.08136052029561316
TACAGA,0.06216481948108076
TACAGT,-0.006201713772560945
TACAGC,0.3144380216974513
TACAGG,0.4365165778778532
TACTAA,-0.07963197583164425
TACTAT,0.008787594222903468
TACTAC,0.1521004953108132
TACTAG,-0.22817435384059157
TACTTA,-0.09577670652144046
TACTTT,-0.016082955485755588
TACTTC,0.2569917255311792
TACTTG,0.08261987934495672
TACTCA,-0.23826003609529428
TACTCT,-0.13807029045195712
TACTCC,0.3288413816438226
TACTCG,-0.3115875933053353
TACTGA,-0.1842374330222399
TACTGT,-0.030258286400518274
TACTGC,0.1290169973201556
TACTGG,0.02301812357103991
TACCAA,-0.1800472526656747
TACCAT,-0.15026219170004343
TACCAC,-0.04490581028035171
TACCAG,0.11992496759529671
TACCTA,-0.062228471398409375
TACCTT,-0.047910269699992625
TACCTC,0.03431897928414275
TACCTG,0.1796677386291357
TACCCA,-0.2685860919736416
TACCCT,-0.260875694282999
TACCCC,-0.1769969486784281
TACCCG,-0.020202707317519466
TACCGA,0.07628870083584932
TACCGT,-0.250013345833482
TACCGC,-0.18711772905744775
TACCGG,-0.723918839226699
TACGAA,-0.14789915670232012
TACGAT,0.05750449448019132
TACGAC,0.2345722471378325
TACGAG,-0.040821994520255166
TACGTA,-0.3308419433618204
TACGTT,-0.032031795822591615
TACGTC,0.030983545519967227
TACGTG,-0.3012262975595383
TACGCA,-0.5810485077081421
TACGCT,0.01142869582362285
TACGCC,0.3296867992210856
TACGCG,-0.3613697882429401
TACGGA,-0.12365370870515181
TACGGT,0.012037978559479098
TACGGC,0.5898140350846212
TACGGG,0.22851509511612064
TAGAAA,0.005609751979936211
TAGAAT,-0.197811820504143
TAGAAC,-0.012209059636773937
TAGAAG,0.3022854567259547
TAGATA,0.11271123788328948
TAGATT,0.025673125736149494
TAGATC,-2.4602296620755597
TAGATG,0.43471112974517917
TAGACA,-0.08566069997775975
TAGACT,-0.25334763806300403
TAGACC,0.5217955085423578
TAGACG,0.19983247244576277
TAGAGA,-0.010427756582751524
TAGAGT,-0.011246604016715298
TAGAGC,0.13575523465140515
TAGAGG,0.1748717825701122
TAGTAA,-0.012702574718771039
TAGTAT,-0.15632601242316713
TAGTAC,-0.16136485471867718
TAGTAG,0.21835961618184385
TAGTTA,-0.12099679173780754
TAGTTT,-0.11117037733267818
TAGTTC,-0.00621915302491523
TAGTTG,0.3340751120214914
TAGTCA,-0.23350241099791078
TAGTCT,-0.4743081556379849
TAGTCC,-0.4160402231844812
TAGTCG,0.26985254927981717
TAGTGA,0.05012931121702713
TAGTGT,-0.0950664259944647
TAGTGC,-0.12987085486979216
TAGTGG,-0.018477747761036733
TAGCAA,-0.019848199396947482
TAGCAT,-0.0070211889453168416
TAGCAC,0.06875559541512996
TAGCAG,0.24454870163420536
TAGCTA,0.06543620847195576
TAGCTT,-0.11337194819394238
TAGCTC,0.1974711962600829
TAGCTG,0.26953275394610365
TAGCCA,-0.12605853176177503
TAGCCT,-0.28092353359849415
TAGCCC,0.26752399653469067
TAGCCG,0.3626451109252362
TAGCGA,0.0722449068733288
TAGCGT,-0.09928369496618544
TAGCGC,-0.1312900767815088
TAGCGG,0.14172815982870104
TAGGAA,-0.16839628485246233
TAGGAT,-0.3418414785443101
TAGGAC,-0.12148968538609589
TAGGAG,0.3369630341770772
TAGGTA,0.005994945323630738
TAGGTT,-0.2776664473707713
TAGGTC,0.45203188658531124
TAGGTG,0.5423324708179179
TAGGCA,-0.3067880783335127
TAGGCT,-0.48288795575557514
TAGGCC,-0.46351712001612894
TAGGCG,0.48850710081029525
TAGGGA,-0.18145985919647345
TAGGGT,-0.09755540963613038
TAGGGC,0.1569183253226763
TAGGGG,0.11705108602366315
TTAAAA,0.09422119641479844
TTAAAT,0.1302879529487086
TTAAAC,-0.071027836577321
TTAAAG,0.20255090697718234
TTAATA,0.057864228113216135
TTAATT,-0.08745073814688896
TTAATC,-0.2891448803534201
TTAATG,0.18813280194168924
TTAACA,-0.14607111156842342
TTAACT,-0.052326986134578785
TTAACC,-0.7885561697117149
TTAACG,-0.39629073183212316
TTAAGA,-0.37873524090552685
TTAAGT,-0.03876532621501644
TTAAGC,-0.623567282346421
TTAAGG,-0.4803166117640022
TTATAA,0.024256601230309094
TTATAT,-0.0683621175137618
TTATAC,-0.11843550340568043
TTATAG,0.24803247022746777
TTATTA,0.15844389678883236
TTATTT,0.0716344971646361
TTATTC,-0.3235600110448037
TTATTG,0.07671181846333552
TTATCA,0.31466859609678033
TTATCT,0.1261418724769479
TTATCC,-0.30074173805965926
TTATCG,0.31002045644187387
TTATGA,-0.0665281057367636
TTATGT,-0.14746939705365916
TTATGC,-0.39472806010720773
TTATGG,-0.19534282716047538
TTACAA,0.13688632217329422
TTACAT,-0.010297829976779315
TTACAC,0.1488804802846437
TTACAG,0.2561779882596443
TTACTA,-0.0018188909782717612
TTACTT,0.010874516646576285
TTACTC,-0.09909493855577184
TTACTG,-0.006220214954929075
TTACCA,-0.12387214346054255
TTACCT,-0.01533026845094473
TTACCC,-0.37077183552928256
TTACCG,-0.49740260343385
TTACGA,-0.02551441786878283
TTACGT,-0.2354313821079029
TTACGC,-0.2677344346420848
TTACGG,-0.15650085717221196
TTAGAA,0.12564189001372628
TTAGAT,0.1120968159708991
TTAGAC,0.037720553608458086
TTAGAG,0.06237419830819463
TTAGTA,-0.046727176496041904
TTAGTT,-0.0423242735183018
TTAGTC,-0.5422710724437202
TTAGTG,-0.10113976709726565
TTAGCA,0.0455674736587078
TTAGCT,0.03761127074578325
TTAGCC,-0.1689441891815827
TTAGCG,-0.3140805463063119
TTAGGA,0.05941112647211608
TTAGGT,0.14271821497711856
TTAGGC,-0.3505996158804235
TTAGGG,-0.01057063644097473
TTTAAA,0.16815322816596473
TTTAAT,0.11284048497846957
TTTAAC,-0.10490586686618016
TTTAAG,-0.21084976412186582
TTTATA,-0.006892660141265898
TTTATT,0.004880167827332266
TTTATC,0.18699604461460104
TTTATG,-0.2706615572385082
TTTACA,0.09783351496202475
TTTACT,-0.030284861470578645
TTTACC,-0.004553930453357774
TTTACG,-0.055758833485525294
TTTAGA,0.23137405045072515
TTTAGT,-0.06615383134081823
TTTAGC,0.14266230282049808
TTTAGG,0.20487461089613043
TTTTAA,0.11036778754001288
TTTTAT,0.04216029675629344
TTTTAC,0.06328419217536095
TTTTAG,0.21809026142220075
TTTTTA,0.007253748518581804
TTTTTT,-0.30570165954944395
TTTTTC,0.0990169267627208
TTTTTG,-0.2585977816720142
TTTTCA,0.06153740172910788
TTTTCT,0.050348711406786775
TTTTCC,-0.08615679781783755
TTTTCG,0.0017873105740956587
TTTTGA,0.04562551952128257
TTTTGT,-0.15747864460098063
TTTTGC,-0.03796314010321143
TTTTGG,-0.13199128149251835
TTTCAA,0.024722062244001832
TTTCAT,0.03691290886923679
TTTCAC,-0.06630528046351829
TTTCAG,-0.0612551647896377
TTTCTA,0.050702706198254725
TTTCTT,0.03564408753877261
TTTCTC,0.01587213396715506
TTTCTG,-0.09695688278724937
TTTCCA,-0.0843748628937327
TTTCCT,-0.09642557704781708
TTTCCC,-0.0682317640389266
TTTCCG,0.09121600827166157
TTTCGA,-0.2881406828702753
TTTCGT,-0.06514936805215402
TTTCGC,0.10269313610885494
TTTCGG,0.10536051565782635
TTTGAA,0.057508480751472815
TTTGAT,0.13824410752772356
TTTGAC,0.1450962665693381
TTTGAG,-0.028785240812278207
TTTGTA,-0.004089985251525166
TTTGTT,-0.11620029175304482
TTTGTC,-0.07469280760419841
TTTGTG,-0.15229652866989468
TTTGCA,0.052743395630831795
TTTGCT,-0.07618719522336828
TTTGCC,0.017286926402355546
TTTGCG,-0.02197890671877523
TTTGGA,0.024675413721073767
TTTGGT,-0.14152455832546076
TTTGGC,-0.05994684367039819
TTTGGG,-0.03615270324719211
TTCAAA,0.014213970493945995
TTCAAT,-0.06300652052096857
TTCAAC,0.214970408213176
TTCAAG,0.04600499969020388
TTCATA,-0.14773787228992927
TTCATT,0.003493709984389186
TTCATC,0.40251491874496975
TTCATG,-0.35208970551357227
TTCACA,-0.2839775752882519
TTCACT,-0.04837671892436438
TTCACC,0.18953376390608173
TTCACG,-0.1328732813799733
TTCAGA,-0.17710442051666758
TTCAGT,-0.30787162178799754
TTCAGC,0.12722074879971293
TTCAGG,0.011750179698278341
TTCTAA,0.12845813290607014
TTCTAT,-0.0022156089305923276
TTCTAC,0.007289800571727697
TTCTAG,-0.3317609708579113
TTCTTA,-0.30814048548870443
TTCTTT,0.12153131639273088
TTCTTC,0.36234751964700385
TTCTTG,-0.10366928548906938
TTCTCA,-0.3699264125548212
TTCTCT,-0.05133146159810467
TTCTCC,0.38267112924029484
TTCTCG,-0.12890662087504587
TTCTGA,-0.16452208535194832
TTCTGT,-0.099538515913846
TTCTGC,-0.037740327982847086
TTCTGG,0.10874646176857485
TTCCAA,-0.06353188779010013
TTCCAT,-0.03267501885064738
TTCCAC,0.0896444422686475
TTCCAG,-0.02565239767220824
TTCCTA,-0.14924011226057707
TTCCTT,-0.1466869185799205
TTCCTC,0.16080376127671814
TTCCTG,0.19407701821956896
TTCCCA,0.003732218001539026
TTCCCT,-0.09469155930825866
TTCCCC,-0.053272466608931535
TTCCCG,0.1775330400621575
TTCCGA,0.20924800582374753
TTCCGT,-0.04779066383634844
TTCCGC,-0.033673215106587835
TTCCGG,0.10724553035359759
TTCGAA,-0.4917436158821416
TTCGAT,0.028650817637790767
TTCGAC,-0.0028261912358350815
TTCGAG,-0.08507617235511916
TTCGTA,-0.12743700813857975
TTCGTT,0.08093824921614881
TTCGTC,0.5429569019487839
TTCGTG,-0.37395059933915575
TTCGCA,-0.2217632888452514
TTCGCT,-0.1259248156239317
TTCGCC,0.5335402883485226
TTCGCG,-0.4795730802618862
TTCGGA,0.053725399356163064
TTCGGT,0.13421734211980826
TTCGGC,0.09493289249556709
TTCGGG,0.46052488529119184
TTGAAA,-0.03548128011116369
TTGAAT,-0.14002889653250153
TTGAAC,0.07874627487898518
TTGAAG,0.3397768520833845
TTGATA,0.23576128267295707
TTGATT,0.051162919123899316
TTGATC,-2.4722770300325156
TTGATG,0.5636995409061012
TTGACA,-0.025963334184569236
TTGACT,-0.028664034417204085
TTGACC,0.41020305004798696
TTGACG,0.29219675280630747
TTGAGA,-0.22379242796930696
TTGAGT,-0.14758153109178873
TTGAGC,-0.05339866032275931
TTGAGG,-0.03856137673208714
TTGTAA,0.12431902186039136
TTGTAT,-0.027366537413586214
TTGTAC,-0.20871476932025299
TTGTAG,0.2706591746448126
TTGTTA,-0.17388434398420866
TTGTTT,-0.13936424899151179
TTGTTC,-0.03242048814881941
TTGTTG,0.25772177285590653
TTGTCA,-0.04724933181527631
TTGTCT,-0.12077244863189195
TTGTCC,-0.18267237244393042
TTGTCG,0.2746289502072018
TTGTGA,-0.07691657791831796
TTGTGT,-0.1392542852020597
TTGTGC,0.008710391930654225
TTGTGG,0.13336814064472974
TTGCAA,0.06327841667709352
TTGCAT,-0.09338997439246408
TTGCAC,0.06843892460132703
TTGCAG,0.20343527942059006
TTGCTA,0.0013914013654279971
TTGCTT,-0.27448950739111166
TTGCTC,0.16655768356089037
TTGCTG,0.06654835434813308
TTGCCA,0.11033089484474295
TTGCCT,-0.25595949368637866
TTGCCC,0.30173382590743136
TTGCCG,0.13405100812075538
TTGCGA,0.020694591242832957
TTGCGT,-0.20385422509231105
TTGCGC,-0.007968169649176845
TTGCGG,0.0
TTGGAA,-0.06204946437585869
TTGGAT,-0.13864785435308458
TTGGAC,-0.1448878638546805
TTGGAG,0.42411849869929813
TTGGTA,-0.11776955938472852
TTGGTT,-0.2997321476323268
TTGGTC,0.2213407154575571
TTGGTG,0.2768134487906751
TTGGCA,0.05236798551731594
TTGGCT,-0.14495500749362836
TTGGCC,-0.5410106001043883
TTGGCG,0.5290790640753411
TTGGGA,0.06263557099148505
TTGGGT,-0.14817061523152178
TTGGGC,0.10299923947214644
TTGGGG,-0.028765166403134323
TCAAAA,0.05755907746874688
TCAAAT,0.08554968396476098
TCAAAC,-0.024081280701490387
TCAAAG,0.024283672006672627
TCAATA,0.09947105946979184
TCAATT,0.023946811433412218
TCAATC,-0.2849892069138635
TCAATG,-0.06971577397178334
TCAACA,0.33575673216006446
TCAACT,0.22000436407586985
TCAACC,-0.30957371967947306
TCAACG,0.055407756896644976
TCAAGA,0.10643835085340327
TCAAGT,0.0870113769896297
TCAAGC,-0.30301665041968384
TCAAGG,-0.06088084990742338
TCATAA,-0.03474833853849612
TCATAT,-0.08946783725328758
TCATAC,-0.25953662023735363
TCATAG,-0.040584190599972494
TCATTA,0.24078801529391863
TCATTT,0.07027962941342776
TCATTC,-0.5057061586597997
TCATTG,-0.14745866715210584
TCATCA,0.6529657977949613
TCATCT,0.29594693439147707
TCATCC,-0.258261567098394
TCATCG,-0.8195558087914073
TCATGA,-0.16598189203288916
TCATGT,-0.13941863402367222
TCATGC,-0.5250531984062781
TCATGG,-0.2579539194867728
TCACAA,-0.07519472230375096
TCACAT,-0.31307631636369165
TCACAC,-0.3579516616273975
TCACAG,-0.37522522291844623
TCACTA,0.0046594872186249605
TCACTT,0.059854370590882534
TCACTC,-0.3294361477871436
TCACTG,-0.5995603211871526
TCACCA,0.007148394025208172
TCACCT,0.2960085152283346
TCACCC,-0.22954278555624041
TCACCG,0.009132483563272472
TCACGA,-0.06394872460027341
TCACGT,-0.16806953408675326
TCACGC,-0.5420012412344404
TCACGG,-0.3486427722414682
TCAGAA,-0.16572183666802695
TCAGAT,-0.0403783014567725
TCAGAC,-0.1766786558873178
TCAGAG,-0.46713418681778274
TCAGTA,-0.18287511340925242
TCAGTT,-0.11628798772326601
TCAGTC,-0.6771665085715952
TCAGTG,-0.8229475282203461
TCAGCA,0.13700157327694376
TCAGCT,0.10083810985683789
TCAGCC,-0.1186057424078469
TCAGCG,-0.28006384156689196
TCAGGA,0.04897021311049418
TCAGGT,-0.0022874581075990807
TCAGGC,-0.2347426871575616
TCAGGG,-0.2136247063050028
TCTAAA,0.2675770070813195
TCTAAT,0.06106317790998652
TCTAAC,-0.0944740981912194
TCTAAG,0.035571001145222624
TCTATA,0.19490494798906613
TCTATT,-0.019494042658097042
TCTATC,-0.0752783236958116
TCTATG,-0.17318127191460003
TCTACA,0.303138090591022
TCTACT,0.0483591156449909
TCTACC,-0.24144636580581022
TCTACG,-0.35302342543921006
TCTAGA,-0.8659851343010592
TCTAGT,-0.09366065909345793
TCTAGC,-0.026996198126156726
TCTAGG,-0.09752502013387773
TCTTAA,-0.2955232224453535
TCTTAT,-0.21783296819136716
TCTTAC,-0.1952661773191629
TCTTAG,-0.2193246585400925
TCTTTA,0.10953162193936143
TCTTTT,0.14214808350099414
TCTTTC,-0.16491892108169398
TCTTTG,-0.011264199200796656
TCTTCA,0.3523967452238706
TCTTCT,0.29752181880698275
TCTTCC,0.0055476312741938065
TCTTCG,0.07073655109177827
TCTTGA,0.14645432699396824
TCTTGT,-0.027645160666145353
TCTTGC,-0.18606921889419448
TCTTGG,-0.15349052408419903
TCTCAA,-0.2763275303488551
TCTCAT,-0.2296259913288818
TCTCAC,-0.5004752128914829
TCTCAG,-0.5960307346772011
TCTCTA,0.04013077679756121
TCTCTT,-0.045570295510058687
TCTCTC,-0.2724903370978608
TCTCTG,-0.34231203993837084
TCTCCA,0.4464533398493159
TCTCCT,0.226321183476413
TCTCCC,0.051138961491187414
TCTCCG,-0.15984870094189613
TCTCGA,-0.05425351039152982
TCTCGT,-0.12619823258166787
TCTCGC,-0.20352376444455758
TCTCGG,-0.7436365804823372
TCTGAA,-0.19849279408082965
TCTGAT,-0.04973013433050145
TCTGAC,-0.15979971855105582
TCTGAG,-0.7116291775349534
TCTGTA,0.08003152205376908
TCTGTT,-0.05404377708501866
TCTGTC,-0.41049746955511834
TCTGTG,-0.3937780318902346
TCTGCA,0.01925534625173458
TCTGCT,-0.008694253060761008
TCTGCC,-0.1847937459393437
TCTGCG,0.025317807984289786
TCTGGA,0.20872660130204249
TCTGGT,0.04367113021901869
TCTGGC,-0.17133760829662545
TCTGGG,-0.10439770921218339
TCCAAA,0.0015442479842823903
TCCAAT,-0.03344400867357772
TCCAAC,0.18362383980319189
TCCAAG,-0.03900701510780514
TCCATA,-0.09682342095059203
TCCATT,-0.05436221463506433
TCCATC,0.18011420457957178
TCCATG,-0.2787884747261033
TCCACA,-0.023202274670248567
TCCACT,0.0005676979999185676
TCCACC,0.5516633476159407
TCCACG,-0.06187540371808753
TCCAGA,0.21636789389131308
TCCAGT,-0.009327654853656168
TCCAGC,0.15202086421216304
TCCAGG,-0.015559553798898791
TCCTAA,0.025218352008395475
TCCTAT,-0.09735866123079728
TCCTAC,-0.020458860824730134
TCCTAG,-0.35079229039596144
TCCTTA,-0.3974604913255505
TCCTTT,-0.16043273057445018
TCCTTC,0.04369165949804829
TCCTTG,-0.29049440529511605
TCCTCA,-0.1303961225921539
TCCTCT,0.013773172651975887
TCCTCC,0.3748699875299617
TCCTCG,-0.28080363141329095
TCCTGA,0.10812992363457875
TCCTGT,0.32595939557621917
TCCTGC,0.3822630864403271
TCCTGG,0.009884759232541925
TCCCAA,-0.014548823159866461
TCCCAT,0.16819227093121028
TCCCAC,-0.09324192674026582
TCCCAG,-0.31006908770976976
TCCCTA,-0.21866600960129223
TCCCTT,-0.03679372385422038
TCCCTC,0.013373156211858127
TCCCTG,-0.13641185548987678
TCCCCA,0.10080835891493097
TCCCCT,-0.2043004635127298
TCCCCC,-0.10680015684308586
TCCCCG,0.0765400771223342
TCCCGA,-0.15224410155667667
TCCCGT,0.17396943628577027
TCCCGC,0.09594868147547962
TCCCGG,0.11778303565638346
TCCGAA,0.15118351000535069
TCCGAT,0.017867001828424538
TCCGAC,0.590493026499862
TCCGAG,-0.6894366011634095
TCCGTA,-0.018985299911080663
TCCGTT,-0.07896878596659994
TCCGTC,0.29376111852816317
TCCGTG,-0.9130856009252066
TCCGCA,-0.2231435513142097
TCCGCT,-0.10021215040453155
TCCGCC,0.9450508840494176
TCCGCG,-0.723918839226699
TCCGGA,-0.3036257228489169
TCCGGT,0.3930425881096072
TCCGGC,-0.455188543460595
TCCGGG,0.23572233352106978
TCGAAA,-0.28300448290067
TCGAAT,-0.19561791395209224
TCGAAC,-0.4100840539644589
TCGAAG,-0.08695268982156222
TCGATA,0.331226082943312
TCGATT,0.2996252552959553
TCGATC,-2.5217206229107165
TCGATG,-0.8726237852216687
TCGACA,0.04661431522475936
TCGACT,0.11886120287672883
TCGACC,0.1829187500037009
TCGACG,0.2853858601914307
TCGAGA,-0.09767891363987546
TCGAGT,-0.013500687218902576
TCGAGC,-0.04500371511692891
TCGAGG,-0.17576415624779546
TCGTAA,0.0948854334205356
TCGTAT,0.08211716828549898
TCGTAC,-0.06752120087549518
TCGTAG,-0.1556879591461448
TCGTTA,-0.049377880906889694
TCGTTT,0.11271973369983677
TCGTTC,-0.08319616128112088
TCGTTG,0.00647251450561752
TCGTCA,0.3872978041527154
TCGTCT,0.3717600822926432
TCGTCC,-0.09031641162383792
TCGTCG,0.5957250675524769
TCGTGA,0.013652089168327263
TCGTGT,-0.046091107200266976
TCGTGC,-0.17975416128870875
TCGTGG,0.05418932884720252
TCGCAA,-0.0921919982943325
TCGCAT,-0.18954180476744173
TCGCAC,-0.23208306635301845
TCGCAG,0.04011999378942536
TCGCTA,0.045885296476801916
TCGCTT,0.015655897072552844
TCGCTC,0.06935007813479324
TCGCTG,-0.15524897757632083
TCGCCA,0.39768296766610944
TCGCCT,0.6247894313553788
TCGCCC,0.3681693233644674
TCGCCG,-0.3522205935893521
TCGCGA,-0.31237468504215243
TCGCGT,-0.45547552868282576
TCGCGC,-0.7687845947655653
TCGCGG,-0.9808292530117262
TCGGAA,0.05209106068434827
TCGGAT,0.1197079640659679
TCGGAC,-0.17185025692665928
TCGGAG,0.07910418109127224
TCGGTA,0.10628687051795703
TCGGTT,-0.050693114315518095
TCGGTC,0.058840500022933395
TCGGTG,0.21016839245107627
TCGGCA,0.15754626882839656
TCGGCT,0.3991559389148996
TCGGCC,-0.12516314295400605
TCGGCG,-0.832909122935104
TCGGGA,-0.03536714383729125
TCGGGT,0.11570186945255895
TCGGGC,-0.5846954723324461
TCGGGG,0.6226170297541075
TGAAAA,0.037139273050056355
TGAAAT,-0.17693605156651568
TGAAAC,0.1349047619645519
TGAAAG,-0.16259345246612691
TGAATA,-0.2454428639987408
TGAATT,0.023837833613701214
TGAATC,0.18621802707307775
TGAATG,-0.46144068816049516
TGAACA,-0.09779648340106836
TGAACT,-0.04948256509721568
TGAACC,0.3662082475457448
TGAACG,-0.0953101798043249
TGAAGA,0.413979436097788
TGAAGT,0.1295200448291898
TGAAGC,0.2576855016379906
TGAAGG,0.27875436859934694
TGATAA,0.2891310285121324
TGATAT,0.11193121157165785
TGATAC,0.17968041957031544
TGATAG,0.06711628837303646
TGATTA,-0.29166895960537476
TGATTT,0.270685695353334
TGATTC,0.08630234720661649
TGATTG,-0.18708783529460313
TGATCA,-3.4570778400566122
TGATCT,-2.720553863116727
TGATCC,-1.6731696566017316
TGATCG,-1.8927353865680572
TGATGA,0.653492603520633
TGATGT,0.4463081041930369
TGATGC,0.5000970211189493
TGATGG,0.35096702423513837
TGACAA,-0.04267196765749612
TGACAT,0.022340729274605467
TGACAC,0.05040163137706887
TGACAG,-0.14210361454684067
TGACTA,-0.29998194573405007
TGACTT,0.004975397973367738
TGACTC,0.08216170696081863
TGACTG,-0.19533497804558078
TGACCA,0.046945839492194386
TGACCT,0.23962132337991568
TGACCC,0.8584400369404455
TGACCG,0.32682198078905117
TGACGA,0.38361259967054084
TGACGT,-0.12689175185462376
TGACGC,0.24916410001610595
TGACGG,0.317222095526932
TGAGAA,-0.3034113743603248
TGAGAT,-0.33472041135568137
TGAGAC,-0.24791883927976782
TGAGAG,-0.23054690874842795
TGAGTA,-0.1921888095272084
TGAGTT,0.036065497081900585
TGAGTC,-0.11949097800153959
TGAGTG,-0.17740754199152559
TGAGCA,-0.40851057489534687
TGAGCT,-0.40089034446315835
TGAGCC,0.2301964772760958
TGAGCG,0.07204630897384182
TGAGGA,-0.12174206683023521
TGAGGT,-0.3257686217337067
TGAGGC,0.23676402883717604
TGAGGG,-0.013212817617124041
TGTAAA,0.12619216422317545
TGTAAT,0.096161008946527
TGTAAC,0.18292722740337716
TGTAAG,0.009276197044222625
TGTATA,-0.16393652887996685
TGTATT,0.07898250038458454
TGTATC,0.2704098771152996
TGTATG,-0.21305264833224696
TGTACA,-0.18258747888035073
TGTACT,-0.18069262664064337
TGTACC,0.04022598774786887
TGTACG,-0.147859152607778
TGTAGA,0.286158307285591
TGTAGT,0.10148765387661708
TGTAGC,0.3595915167330313
TGTAGG,0.2613827269693025
TGTTAA,-0.029789935953425134
TGTTAT,0.028208720634509157
TGTTAC,0.11357486945398751
TGTTAG,-0.1446163208399568
TGTTTA,-0.2820472878675387
TGTTTT,0.0042725458815183965
TGTTTC,-0.09702721319320465
TGTTTG,-0.1044651733242346
TGTTCA,-0.15907108152887972
TGTTCT,-0.12933551070753432
TGTTCC,0.17489671777482432
TGTTCG,-0.3892165970123419
TGTTGA,0.3617664126030438
TGTTGT,0.2691874898156165
TGTTGC,0.36772478012531734
TGTTGG,0.39114078082001086
TGTCAA,0.06938671182916949
TGTCAT,0.029784561357527495
TGTCAC,-0.02141846283255947
TGTCAG,-0.14087614861856218
TGTCTA,-0.08407167811514497
TGTCTT,-0.08691852216807638
TGTCTC,-0.08608730484625156
TGTCTG,-0.2497582279244024
TGTCCA,-0.22116719375548816
TGTCCT,-0.27087495413539975
TGTCCC,-0.10000135338020513
TGTCCG,-0.294799540220645
TGTCGA,0.14569295766379797
TGTCGT,0.1879185863306725
TGTCGC,0.3228939540812692
TGTCGG,0.6824518914431974
TGTGAA,-0.3362837529716115
TGTGAT,-0.12263784003270146
TGTGAC,-0.13665151996076613
TGTGAG,-0.45198512374305727
TGTGTA,-0.12728527612756965
TGTGTT,-0.07988690196294203
TGTGTC,-0.054564963663315896
TGTGTG,-0.36758641969617933
TGTGCA,-0.15259667796052412
TGTGCT,-0.1721922087147897
TGTGCC,0.014680091522191822
TGTGCG,-0.3961192456899266
TGTGGA,-0.003731347612858024
TGTGGT,-0.16788259114601845
TGTGGC,0.07558959705838193
TGTGGG,0.05616670163853134
TGCAAA,0.005410650811136253
TGCAAT,0.0019114373452680088
TGCAAC,0.280663007156683
TGCAAG,-0.09845053592815685
TGCATA,-0.36728455974520335
TGCATT,-0.011199427869566392
TGCATC,0.27106050397326326
TGCATG,-0.41975491718723507
TGCACA,-0.12218568435281478
TGCACT,-0.040810177611440256
TGCACC,0.4597165867155925
TGCACG,-0.058985155021015825
TGCAGA,0.003749223304521683
TGCAGT,-0.0642464224061238
TGCAGC,0.03998022822537731
TGCAGG,0.31376407025186176
TGCTAA,0.03644630180891899
TGCTAT,0.15873820665786886
TGCTAC,0.20101611655175639
TGCTAG,-0.29852988435435984
TGCTTA,-0.5789016948220059
TGCTTT,-0.09495025718380205
TGCTTC,0.1433982708971167
TGCTTG,-0.37620440414840944
TGCTCA,-0.3729643130699812
TGCTCT,-0.017574391454616707
TGCTCC,0.6284761125337184
TGCTCG,-0.27565349658617383
TGCTGA,0.14237541742097537
TGCTGT,0.179985338423575
TGCTGC,0.2927006037159414
TGCTGG,0.12517279085389937
TGCCAA,0.054891416177019474
TGCCAT,0.2240788175992328
TGCCAC,0.231585517397719
TGCCAG,-0.11904010684643453
TGCCTA,-0.47039912064895273
TGCCTT,0.03294856558068604
TGCCTC,0.0552885054548388
TGCCTG,-0.2674122307647957
TGCCCA,0.17214982255873612
TGCCCT,0.07599786877195205
TGCCCC,0.612546637274063
TGCCCG,-0.1070981355563671
TGCCGA,0.09079209982953583
TGCCGT,0.04523878547884429
TGCCGC,0.616186139423817
TGCCGG,-0.20849127452733937
TGCGAA,-0.20149147290167474
TGCGAT,0.012658396871923465
TGCGAC,0.2371297932889497
TGCGAG,-0.4400791941309022
TGCGTA,-0.19448504298715194
TGCGTT,0.04301738508369064
TGCGTC,0.1550900880691942
TGCGTG,-0.4092315909036412
TGCGCA,-0.6128326968282067
TGCGCT,-0.07674055827777736
TGCGCC,0.4092458309480704
TGCGCG,-1.085189268335969
TGCGGA,-0.31443952162133026
TGCGGT,-0.40011750178156913
TGCGGC,0.5637150876863634
TGCGGG,0.20624174051160657
TGGAAA,-0.10137488841989167
TGGAAT,0.0009433468547169363
TGGAAC,0.13271018723141306
TGGAAG,0.013557269543628259
TGGATA,-0.05498636382910539
TGGATT,0.19999492191710216
TGGATC,-2.1995050800349447
TGGATG,-0.058992195217014966
TGGACA,-0.15762894420358317
TGGACT,-0.3501650944072562
TGGACC,0.1807617982402604
TGGACG,0.05028166051270614
TGGAGA,0.3845528753356507
TGGAGT,0.310237576347194
TGGAGC,0.6243286162025967
TGGAGG,0.39860609392678265
TGGTAA,-0.1221233586931396
TGGTAT,0.04916928839701792
TGGTAC,-0.12868634096132306
TGGTAG,-0.2793254295665911
TGGTTA,-0.7070058236197848
TGGTTT,-0.2824254550079604
TGGTTC,0.1296849789691969
TGGTTG,-0.26447530599456437
TGGTCA,0.08949122946941232
TGGTCT,0.2710064111881979
TGGTCC,0.08646656629786459
TGGTCG,0.22444648309462578
TGGTGA,0.06899287148695142
TGGTGT,0.3013889641605539
TGGTGC,0.29024946795702683
TGGTGG,0.44111616321218755
TGGCAA,0.16957132910771952
TGGCAT,0.12866131793173136
TGGCAC,0.03780236464653507
TGGCAG,-0.005967198213542125
TGGCTA,-0.1770902467544616
TGGCTT,-0.1659631471280222
TGGCTC,0.2452338937227678
TGGCTG,-0.09177839005849764
TGGCCA,-0.4213531201285521
TGGCCT,-0.8071405385401393
TGGCCC,-0.29006019485674844
TGGCCG,-0.262364264467491
TGGCGA,0.5959046330045665
TGGCGT,0.22314355131420976
TGGCGC,-0.037139546949456655
TGGCGG,0.7207987118904555
TGGGAA,0.05489572173191714
TGGGAT,0.001133328057840562
TGGGAC,0.21711338228761867
TGGGAG,0.07767406123199815
TGGGTA,-0.21524494446287668
TGGGTT,-0.25084920380170805
TGGGTC,0.7775063066833837
TGGGTG,0.1546937154094327
TGGGCA,-0.016032407531049
TGGGCT,-0.011459511989785912
TGGGCC,-0.44510607762400844
TGGGCG,0.3948657426711223
TGGGGA,0.09439675898006732
TGGGGT,-0.17569169825528513
TGGGGC,0.21831028912619044
TGGGGG,0.03079727374891559
CAAAAA,-0.25371696139283534
CAAAAT,-0.03822708134757891
CAAAAC,0.001489943161153578
CAAAAG,0.22574418910586314
CAAATA,0.07174144300223223
CAAATT,-0.26879632327256553
CAAATC,0.03424380555241467
CAAATG,0.26972205275169064
CAAACA,-0.05764669509965003
CAAACT,0.02253039490670785
CAAACC,-0.22644904411711916
CAAACG,0.04578768312321759
CAAAGA,-0.08217061957707261
CAAAGT,-0.10092795593932827
CAAAGC,-0.3382220183450006
CAAAGG,0.007711019215894965
CAATAA,0.08013504804019331
CAATAT,-0.023572827916208718
CAATAC,0.10639245908633278
CAATAG,0.40498634949192547
CAATTA,0.17510314676785846
CAATTT,-0.13670785973081861
CAATTC,-0.07498208280185077
CAATTG,0.05324115575403158
CAATCA,-0.16557369949273196
CAATCT,-0.2591250205430389
CAATCC,-0.3540519168317945
CAATCG,0.4932504789444832
CAATGA,-0.03725646188334702
CAATGT,-0.08255434377263969
CAATGC,-0.14376728818383383
CAATGG,0.007955054981076064
CAACAA,0.17587465207206393
CAACAT,0.16174182804693402
CAACAC,0.44691326164509687
CAACAG,0.5593544152521323
CAACTA,0.2874635171017689
CAACTT,0.130219600697392
CAACTC,0.1357748035486005
CAACTG,0.4303768576956783
CAACCA,-0.26594609054897017
CAACCT,-0.3495035825020619
CAACCC,-0.32890398699336304
CAACCG,0.179971379449001
CAACGA,0.18278409149230265
CAACGT,-0.07734946607789288
CAACGC,0.39304258810960735
CAACGG,0.26021467775117013
CAAGAA,-0.1262874517132957
CAAGAT,-0.2981864444438715
CAAGAC,0.2606133865735938
CAAGAG,0.30113151251417775
CAAGTA,0.09503670152580036
CAAGTT,0.0671891616304151
CAAGTC,-0.019096163119852738
CAAGTG,0.43383580523737986
CAAGCA,-0.24603737118006233
CAAGCT,-0.2666171623252485
CAAGCC,-0.12338977841761929
CAAGCG,-0.08004270767353637
CAAGGA,-0.269937627152709
CAAGGT,0.016885228060611494
CAAGGC,-0.2098666123496504
CAAGGG,0.025845540330697865
CATAAA,-0.20969510542175185
CATAAT,-0.16665520563130698
CATAAC,-0.10705617710362088
CATAAG,0.005594303405602435
CATATA,-0.13060660203136598
CATATT,-0.19663073313403726
CATATC,0.06710072333491349
CATATG,0.11852338184717098
CATACA,-0.2489475632706399
CATACT,-0.22583930101681401
CATACC,-0.032614491885397834
CATACG,0.036467749281324464
CATAGA,-0.18240463742375357
CATAGT,-0.17927359387850111
CATAGC,0.0389143305446628
CATAGG,-0.22363242934887947
CATTAA,0.12991776812237696
CATTAT,0.1347591398628451
CATTAC,0.1229920030149205
CATTAG,0.4448420156717388
CATTTA,0.15771976306542576
CATTTT,-0.06654791114198769
CATTTC,-0.05643108004561066
CATTTG,0.39728437601797034
CATTCA,-0.40749509006697576
CATTCT,-0.5551372570054656
CATTCC,-0.18804821300983446
CATTCG,0.11603297554859808
CATTGA,-0.21115074193248462
CATTGT,-0.13405867974456967
CATTGC,-0.12011228244489752
CATTGG,-0.012907278095120028
CATCAA,0.5710654427891065
CATCAT,0.43716106983320774
CATCAC,0.40188502636500517
CATCAG,0.5838193896763092
CATCTA,0.42600996049853107
CATCTT,0.17831942373862514
CATCTC,0.03443599227299789
CATCTG,0.4867726603042044
CATCCA,-0.12486450176916733
CATCCT,-0.3200264421994984
CATCCC,-0.13264447460629472
CATCCG,-0.02507968439702343
CATCGA,-1.0231885268508678
CATCGT,-1.117389143339405
CATCGC,-0.6065791642514863
CATCGG,-1.083686638451434
CATGAA,-0.376364587523277
CATGAT,-0.26493578629599723
CATGAC,-0.07216457010970803
CATGAG,-0.08390904775638983
CATGTA,-0.1283012035667124
CATGTT,-0.14393382994456513
CATGTC,-0.1655144384775733
CATGTG,0.1600504019544466
CATGCA,-0.469597702712863
CATGCT,-0.4689930177398121
CATGCC,-0.09665276223915675
CATGCG,-0.5151021805332509
CATGGA,-0.2536106405412563
CATGGT,-0.3459810245902402
CATGGC,-0.15154989812720093
CATGGG,-0.06200152189098242
CACAAA,-0.1641823682249754
CACAAT,-0.11312102255057224
CACAAC,-0.11227205968638751
CACAAG,0.3867805131916627
CACATA,-0.12940324470868383
CACATT,-0.3179254890204496
CACATC,-0.07022202492270495
CACATG,0.1123763299525953
CACACA,-0.4290153975045839
CACACT,-0.3676429437162533
CACACC,-0.18533945087147796
CACACG,-0.02935221201252745
CACAGA,-0.2677118707940863
CACAGT,-0.30476827803328044
CACAGC,-0.3968257455174567
CACAGG,-0.05602020018291303
CACTAA,-0.13863199875211044
CACTAT,-0.03847870553628156
CACTAC,0.046378181722166664
CACTAG,0.09849524674909915
CACTTA,0.3896910524570813
CACTTT,-0.11064580559746462
CACTTC,-0.09576690509200841
CACTTG,0.4580841032020753
CACTCA,-0.0656619905288553
CACTCT,-0.35684442110209036
CACTCC,-0.21755836289339883
CACTCG,0.0074349784875179905
CACTGA,-0.67154999246046
CACTGT,-0.370285600986991
CACTGC,-0.5391700967751331
CACTGG,-0.580778034747642
CACCAA,0.20623559466450908
CACCAT,0.04353493879143956
CACCAC,0.28121057957976586
CACCAG,0.5444619586253713
CACCTA,0.5614430141061802
CACCTT,0.33750411361592747
CACCTC,-0.01635301283660689
CACCTG,0.6726049082596313
CACCCA,0.07361181734324596
CACCCT,0.08506243854384904
CACCCC,-0.32475792851432045
CACCCG,-0.15057285847937432
CACCGA,0.1503841970317814
CACCGT,-0.05826890812397576
CACCGC,0.46473451656572373
CACCGG,-0.3984228254827515
CACGAA,-0.1461562803258851
CACGAT,-0.24752475060471676
CACGAC,0.328070133357069
CACGAG,0.35968699440872404
CACGTA,-0.3258073648301761
CACGTT,-0.013343415173684448
CACGTC,0.010969031370573937
CACGTG,0.27054579020879377
CACGCA,-0.5425885265251419
CACGCT,-0.22015401246584373
CACGCC,-0.17034536574723902
CACGCG,-0.40546510810816444
CACGGA,-0.27794090339622834
CACGGT,-0.08122543992258587
CACGGC,-0.13407472325456926
CACGGG,-0.26933293378358447
CAGAAA,-0.11754175202630704
CAGAAT,-0.34777008971416784
CAGAAC,-0.010975205143768135
CAGAAG,0.3429682161379858
CAGATA,0.23232489179077823
CAGATT,-0.12377810118134448
CAGATC,-2.1966071027874245
CAGATG,0.507915623791048
CAGACA,-0.08369901887664694
CAGACT,-0.3348612817822848
CAGACC,0.06237033072645809
CAGACG,0.29234408555759217
CAGAGA,-0.5416780872487553
CAGAGT,-0.20356997267425153
CAGAGC,-0.5036033440960066
CAGAGG,-0.09804283673481211
CAGTAA,-0.05300624419589689
CAGTAT,-0.19621378111210938
CAGTAC,-0.2495816617578475
CAGTAG,0.33753255052831976
CAGTTA,0.20982504689471196
CAGTTT,-0.13074380784610184
CAGTTC,-0.08759331547371667
CAGTTG,0.4652413244901919
CAGTCA,-0.21802662457866415
CAGTCT,-0.5780451116568197
CAGTCC,-0.795628555466928
CAGTCG,-0.15305117449384148
CAGTGA,-0.4627404741732623
CAGTGT,-0.47687336086536886
CAGTGC,-0.6859294142192733
CAGTGG,-0.5010584537079533
CAGCAA,0.047881486233214005
CAGCAT,-0.07459120661237233
CAGCAC,0.21136777222607836
CAGCAG,0.6105183301200202
CAGCTA,0.3505188927702606
CAGCTT,-0.05838959119027666
CAGCTC,0.07708197868133647
CAGCTG,0.07876266308275637
CAGCCA,-0.07042595266255464
CAGCCT,-0.08383777864208804
CAGCCC,-0.05396299489048464
CAGCCG,0.26385473637122336
CAGCGA,-0.23824028757297683
CAGCGT,-0.35473758459850624
CAGCGC,-0.394993808240869
CAGCGG,-0.31161219930181794
CAGGAA,0.09787947550763919
CAGGAT,-0.10930273489045009
CAGGAC,0.06597545046210092
CAGGAG,0.7808547546014529
CAGGTA,0.20595633492795146
CAGGTT,-0.21188035903549898
CAGGTC,0.41106901600453116
CAGGTG,0.7130940188809943
CAGGCA,-0.09531017980432477
CAGGCT,-0.38349438633645316
CAGGCC,-0.561363530879583
CAGGCG,0.3994487599220188
CAGGGA,-0.1338691734080079
CAGGGT,-0.060800199026964
CAGGGC,0.10143509354172074
CAGGGG,0.08016617208507672
CTAAAA,0.17142828306543542
CTAAAT,0.08300726987707828
CTAAAC,-0.04549876067921427
CTAAAG,0.4508350120847644
CTAATA,0.06949730824815815
CTAATT,-0.06383133026300469
CTAATC,-0.17109351192001412
CTAATG,0.4082446614133195
CTAACA,-0.20769311026267692
CTAACT,-0.2258181571103284
CTAACC,-0.8566481180024217
CTAACG,-0.08211955161837561
CTAAGA,-0.258569833505698
CTAAGT,0.04790794090974091
CTAAGC,-0.5023609717876121
CTAAGG,-0.14552908573364529
CTATAA,0.21574042473877297
CTATAT,0.040240910323156805
CTATAC,0.0012770914104743456
CTATAG,0.49302191796341865
CTATTA,0.20650760625927925
CTATTT,-0.015479570848386233
CTATTC,-0.4112721269884558
CTATTG,0.34190525130191113
CTATCA,0.10228322597647872
CTATCT,-0.18177135045270162
CTATCC,-0.5847823965847017
CTATCG,0.22013603025025447
CTATGA,-0.05879236067934649
CTATGT,-0.11054572469273495
CTATGC,-0.6033618766875902
CTATGG,0.04393956206292036
CTACAA,0.268860730718327
CTACAT,0.17444843966136464
CTACAC,0.3466959277668188
CTACAG,0.4904023786911579
CTACTA,0.24402570846153893
CTACTT,-0.04306727159189496
CTACTC,-0.09547666611121079
CTACTG,0.3805501168059317
CTACCA,-0.36576523826147983
CTACCT,-0.2966533379461231
CTACCC,-0.2953730094645238
CTACCG,-0.030052345066401823
CTACGA,-0.2291432163907143
CTACGT,-0.14894233472011997
CTACGC,-0.2881057115176382
CTACGG,0.0349797188960269
CTAGAA,-0.3366140906536517
CTAGAT,-0.3409916255059484
CTAGAC,-0.10898251970310995
CTAGAG,0.03791923486229368
CTAGTA,-0.28006536990962594
CTAGTT,-0.33370054187885373
CTAGTC,-0.6378515265035516
CTAGTG,0.06070131187360646
CTAGCA,-0.33697512825866577
CTAGCT,-0.38800479407965
CTAGCC,-0.41005227211507034
CTAGCG,0.04990921112161211
CTAGGA,-0.43161590239634606
CTAGGT,-0.24878358226062128
CTAGGC,-0.6827843935243987
CTAGGG,-0.1939311858717936
CTTAAA,-0.10411785323311705
CTTAAT,-0.2992595760758769
CTTAAC,-0.30985592994610295
CTTAAG,-0.5574016481727334
CTTATA,-0.09527416129080514
CTTATT,-0.1551042579845584
CTTATC,-0.06890649798628765
CTTATG,-0.09459691301231651
CTTACA,0.08004270767353636
CTTACT,-0.17370837042304157
CTTACC,-0.26437028319435685
CTTACG,-0.35051014723465085
CTTAGA,-0.02752869550367057
CTTAGT,-0.2944355322084495
CTTAGC,-0.20596257953113986
CTTAGG,-0.15305905114547688
CTTTAA,0.0559885996831004
CTTTAT,-0.020439986637458538
CTTTAC,-0.04165906056377055
CTTTAG,0.287931524549363
CTTTTA,0.34452866144567224
CTTTTT,-0.07393959276027953
CTTTTC,-0.1477998604538506
CTTTTG,0.23368732414006413
CTTTCA,-0.08007305162219673
CTTTCT,-0.23584519639129067
CTTTCC,-0.3135795602979753
CTTTCG,0.061532291688644755
CTTTGA,0.02476738532443319
CTTTGT,-0.01334452668555726
CTTTGC,-0.1773067297810653
CTTTGG,-0.07729812249631322
CTTCAA,0.34690060500891556
CTTCAT,0.26555312259532204
CTTCAC,0.23778120454789783
CTTCAG,0.0970230124038763
CTTCTA,0.2618202770262301
CTTCTT,0.28251592265020725
CTTCTC,0.11441035117774412
CTTCTG,0.39913487236831163
CTTCCA,-0.017202778236628097
CTTCCT,-0.061781678613749634
CTTCCC,-0.10850742141601914
CTTCCG,0.05902529167087697
CTTCGA,-0.2352439582482972
CTTCGT,0.2068428693159849
CTTCGC,0.06187540371808745
CTTCGG,0.5377330766859151
CTTGAA,0.07179838533305269
CTTGAT,0.06850151122810955
CTTGAC,0.1744475003630488
CTTGAG,-0.17086158360263254
CTTGTA,0.06604503169905138
CTTGTT,-0.05800681927435604
CTTGTC,-0.13702945137722947
CTTGTG,0.3471456170154633
CTTGCA,-0.15778226188907835
CTTGCT,-0.2763005583090929
CTTGCC,-0.13902971710996176
CTTGCG,-0.06297479916138843
CTTGGA,-0.14221417615741067
CTTGGT,-0.2880799672319486
CTTGGC,-0.32673979970298184
CTTGGG,0.12116297434803647
CTCAAA,-0.0790509743005813
CTCAAT,-0.26226725714336196
CTCAAC,-0.05243094489008775
CTCAAG,-0.1297304036908042
CTCATA,-0.19310399797923283
CTCATT,-0.2306130520772295
CTCATC,0.14470260592126774
CTCATG,-0.11073247765971672
CTCACA,-0.5639926802365964
CTCACT,-0.3915029419240145
CTCACC,-0.31018809524966445
CTCACG,-0.22392755762641833
CTCAGA,-0.7466503329988696
CTCAGT,-0.7290892022515283
CTCAGC,-0.48093611358027
CTCAGG,-0.2543456521841891
CTCTAA,0.10561060944429924
CTCTAT,0.05608946665104358
CTCTAC,0.03257812686682393
CTCTAG,0.006587305299521876
CTCTTA,0.09174960257348497
CTCTTT,-0.005324218700072123
CTCTTC,-0.007271330062415036
CTCTTG,0.30989522177076056
CTCTCA,-0.2563288493603778
CTCTCT,-0.28042732949443605
CTCTCC,-0.1114301410586518
CTCTCG,0.014388737452099452
CTCTGA,-0.49730607367847796
CTCTGT,-0.22322003022518722
CTCTGC,-0.2809883712214818
CTCTGG,-0.16530959390267772
CTCCAA,0.4254552529846667
CTCCAT,0.25031401893913746
CTCCAC,0.6535253844773927
CTCCAG,0.5940799518779082
CTCCTA,0.38740058010047307
CTCCTT,-0.13510043466584476
CTCCTC,0.2597581395535084
CTCCTG,0.7184941596473425
CTCCCA,0.07958447934284245
CTCCCT,-0.17405704694406116
CTCCCC,0.10477279892036874
CTCCCG,0.18402513471873852
CTCCGA,0.025784117155714634
CTCCGT,-0.12114438335908823
CTCCGC,0.3433709783123696
CTCCGG,-0.11908937157043879
CTCGAA,-0.5493064182765613
CTCGAT,-0.01874218180974064
CTCGAC,0.15737223774600598
CTCGAG,-0.6516739323533702
CTCGTA,-0.1490829153182208
CTCGTT,0.05098191341041216
CTCGTC,0.008608374536600101
CTCGTG,0.14754859003890972
CTCGCA,-0.4996091070223068
CTCGCT,-0.2129715091379146
CTCGCC,0.27014959369014047
CTCGCG,-0.4252677354043441
CTCGGA,-0.6176396280518002
CTCGGT,-0.4263830067698451
CTCGGC,-0.045120435280469544
CTCGGG,-0.40896773865936653
CTGAAA,-0.0757185809053549
CTGAAT,-0.2954642128938359
CTGAAC,-0.024784647011309818
CTGAAG,0.08011645670561374
CTGATA,0.12870851501496017
CTGATT,-0.062455059387527025
CTGATC,-2.6272819216231276
CTGATG,0.6944443177750842
CTGACA,-0.16919226535216206
CTGACT,-0.3310462873352159
CTGACC,0.029278209200386773
CTGACG,0.344404851346918
CTGAGA,-0.587786664902119
CTGAGT,-0.48716963585671064
CTGAGC,-0.8732397919954809
CTGAGG,-0.4700036292457356
CTGTAA,0.27848316278849705
CTGTAT,-0.023248669505708537
CTGTAC,-0.1374023952896292
CTGTAG,0.48220895971689154
CTGTTA,0.2106913308448979
CTGTTT,-0.16803706417175004
CTGTTC,-0.2231435513142097
CTGTTG,0.6458146608712879
CTGTCA,0.005001641393522139
CTGTCT,-0.4462473008413141
CTGTCC,-0.4999817000603489
CTGTCG,0.35315381354015346
CTGTGA,-0.32650838607322913
CTGTGT,-0.2751764565153028
CTGTGC,-0.3884934213720915
CTGTGG,-0.19175405476610985
CTGCAA,0.2179793937659755
CTGCAT,0.04581971997514276
CTGCAC,0.26032852287018377
CTGCAG,-0.7274879663021522
CTGCTA,0.22531125341438804
CTGCTT,-0.2132615514597591
CTGCTC,0.041716362009342894
CTGCTG,0.5309387414041813
CTGCCA,0.07250191467875076
CTGCCT,-0.2610551924125024
CTGCCC,0.18334118471813185
CTGCCG,-0.035474388193659764
CTGCGA,0.15782408519356717
CTGCGT,-0.2869465078728269
CTGCGC,0.04593709518702561
CTGCGG,0.022195732391784347
CTGGAA,-0.040334919396684744
CTGGAT,0.024274658141321605
CTGGAC,-0.15303951248226097
CTGGAG,0.49350167383421634
CTGGTA,0.08944216819329184
CTGGTT,-0.2754744303916987
CTGGTC,0.14452259669828263
CTGGTG,0.6305713685902229
CTGGCA,-0.2419279522725433
CTGGCT,-0.3919899106869716
CTGGCC,-0.7363662996799218
CTGGCG,0.4054651081081644
CTGGGA,-0.16718018011759206
CTGGGT,-0.04501463196872728
CTGGGC,-0.15465624101092834
CTGGGG,0.15906469462968728
CCAAAA,-0.09962471567431881
CCAAAT,-0.0714400172319857
CCAAAC,-0.04887156093802517
CCAAAG,-0.2357354721208895
CCAATA,0.12604772813734957
CCAATT,-0.018803911276513974
CCAATC,-0.29292890149974454
CCAATG,-0.020398634068565978
CCAACA,0.3298210180008805
CCAACT,0.22193421509232752
CCAACC,-0.35714653083735665
CCAACG,0.0958817717032825
CCAAGA,-0.20522614139422973
CCAAGT,0.117914623261021
CCAAGC,-0.3951557384493032
CCAAGG,-0.3284732972678844
CCATAA,-0.06543463590021972
CCATAT,-0.07695102566222109
CCATAC,-0.09685992083094924
CCATAG,-0.024791889523457702
CCATTA,0.19545308442420883
CCATTT,0.08838876561490956
CCATTC,-0.44229167069475855
CCATTG,-0.10657790465066709
CCATCA,0.39406357855894886
CCATCT,0.1592562838629586
CCATCC,-0.37531680499894965
CCATCG,-1.2618642827417135
CCATGA,-0.19328795883089375
CCATGT,-0.08221395501940439
CCATGC,-0.40180879690505394
CCATGG,-0.47210226590265686
CCACAA,0.07991470767336159
CCACAT,-0.0369970595949683
CCACAC,-0.26937026880944326
CCACAG,-0.21559375567288286
CCACTA,0.028542677219134373
CCACTT,0.16819109445024127
CCACTC,-0.22484095161373455
CCACTG,-0.49994849993649504
CCACCA,0.4230835196704077
CCACCT,0.3562408219436357
CCACCC,0.06960882469398352
CCACCG,0.19116050546115898
CCACGA,0.02743165446067076
CCACGT,-0.17213471148696163
CCACGC,-0.11825573715419506
CCACGG,-0.01212136053234485
CCAGAA,0.21026388845054855
CCAGAT,0.17580080709351792
CCAGAC,-0.27701936670774074
CCAGAG,-0.1978423393253066
CCAGTA,0.001306335914055457
CCAGTT,0.22712814949358898
CCAGTC,-0.3475068313449221
CCAGTG,-0.5618604577892465
CCAGCA,0.07778605669256594
CCAGCT,0.08435347516611913
CCAGCC,-0.06124362524071867
CCAGCG,-0.2144098713454552
CCAGGA,0.10462004913010248
CCAGGT,-0.005390848634876423
CCAGGC,-0.6861785112438519
CCAGGG,0.06142281262640614
CCTAAA,0.24979284554159675
CCTAAT,0.08333972324510379
CCTAAC,-0.5644925247747153
CCTAAG,-0.1906011843370793
CCTATA,0.1631689132710648
CCTATT,0.027002826249977033
CCTATC,-0.5140205146625099
CCTATG,-0.22608041098751952
CCTACA,0.28448718155526176
CCTACT,0.04423913233401318
CCTACC,-0.661535741184569
CCTACG,-0.21779594498761437
CCTAGA,-0.13102826240640403
CCTAGT,-0.24813059594091358
CCTAGC,-0.7453775357688361
CCTAGG,-0.7911809208313108
CCTTAA,-0.38769420961533263
CCTTAT,-0.19432287577957255
CCTTAC,-0.33746656900899413
CCTTAG,-0.10645294199864312
CCTTTA,0.14394096802848952
CCTTTT,0.088235266132363
CCTTTC,-0.6193657923411967
CCTTTG,0.018335235973158816
CCTTCA,0.30982930904290906
CCTTCT,0.24189942934630418
CCTTCC,-0.5290478477304604
CCTTCG,0.36922502309302097
CCTTGA,-0.03135648820561689
CCTTGT,0.1036578079418361
CCTTGC,-0.5890096074539504
CCTTGG,-0.43141279897538637
CCTCAA,-0.051767929205369836
CCTCAT,-0.031239349064241237
CCTCAC,-0.42128139755144944
CCTCAG,-0.6406291462764989
CCTCTA,0.2263855456628657
CCTCTT,0.15197316904375868
CCTCTC,-0.25089186330525426
CCTCTG,-0.16126814759612226
CCTCCA,0.42631590358835497
CCTCCT,0.20285888014270412
CCTCCC,-0.24512245803298496
CCTCCG,-0.24409891649019771
CCTCGA,-0.16126814759612226
CCTCGT,-0.1404106611783177
CCTCGC,-0.8993051855084112
CCTCGG,-0.4317824164255378
CCTGAA,0.11106148989605666
CCTGAT,0.08921666728647003
CCTGAC,-0.24998020526776946
CCTGAG,-0.2898774630152165
CCTGTA,0.42673382573615354
CCTGTT,0.39025873266289973
CCTGTC,-0.12153044471086978
CCTGTG,-0.026373285254889738
CCTGCA,0.3069903687008765
CCTGCT,0.30248932342607343
CCTGCC,0.04912527185813381
CCTGCG,0.22314355131420976
CCTGGA,-0.05121676084668898
CCTGGT,0.0353681438377912
CCTGGC,-0.4033351818503394
CCTGGG,0.044226127164458055
CCCAAA,-0.13867826706204806
CCCAAT,0.019687110502797367
CCCAAC,0.13731211546442879
CCCAAG,0.09833590072086179
CCCATA,0.1631073378701503
CCCATT,0.143873268126312
CCCATC,0.04475252488989623
CCCATG,-0.0793906046181491
CCCACA,-0.0008159935173293025
CCCACT,-0.23257264160306143
CCCACC,0.07545398060124033
CCCACG,0.057432049085875396
CCCAGA,0.1654160826589277
CCCAGT,-0.2584930648414717
CCCAGC,-0.18818042841356974
CCCAGG,-0.20595971421394207
CCCTAA,-0.014567292938691306
CCCTAT,-0.1467848225171672
CCCTAC,-0.030802738214859477
CCCTAG,-0.1823215567939547
CCCTTA,-0.0025284463533586377
CCCTTT,0.08524302993288778
CCCTTC,0.006954821873369651
CCCTTG,-0.06813228623590392
CCCTCA,-0.13180338113526166
CCCTCT,0.1537961327574212
CCCTCC,0.07983308603981627
CCCTCG,-0.7106403380074625
CCCTGA,-0.05345857852476726
CCCTGT,0.16463036723235008
CCCTGC,0.12493061185192333
CCCTGG,-0.11347873407313366
CCCCAA,0.053991380384417684
CCCCAT,0.05567709551117917
CCCCAC,-0.09833590072086183
CCCCAG,0.1763513898074508
CCCCTA,-0.08376988306545882
CCCCTT,-0.05918032544089685
CCCCTC,-0.06197375953673315
CCCCTG,0.07368365900425622
CCCCCA,-0.23152934469048367
CCCCCT,-0.1576079002111161
CCCCCC,-0.8919980393051105
CCCCCG,-1.4271163556401458
CCCCGA,0.3485448178554822
CCCCGT,-0.16784952418542007
CCCCGC,-1.7272209480904839
CCCCGG,-0.04143718986417318
CCCGAA,0.470979715218791
CCCGAT,-0.388657989791783
CCCGAC,-0.13976194237515874
CCCGAG,-0.6549259677397476
CCCGTA,0.17185025692665923
CCCGTT,-0.042232763623273016
CCCGTC,0.21278076427866321
CCCGTG,-0.5488436909535116
CCCGCA,0.3368723166425526
CCCGCT,-0.28687529548184076
CCCGCC,-0.7846622893957185
CCCGCG,0.12945806723688677
CCCGGA,-0.2013697517646492
CCCGGT,0.06575137756278043
CCCGGC,-0.0861776962410524
CCCGGG,0.12028616587450203
CCGAAA,0.08912777989600733
CCGAAT,0.024772403007584633
CCGAAC,0.015209418663528708
CCGAAG,0.4834266495778763
CCGATA,0.32803336797534827
CCGATT,0.46482621551812753
CCGATC,-2.1610215286722587
CCGATG,-0.9975996059463867
CCGACA,0.8163425638538059
CCGACT,0.26341745045214976
CCGACC,0.1687301295904155
CCGACG,-0.9096017437233586
CCGAGA,-0.712949807856125
CCGAGT,-0.20244295999337578
CCGAGC,-0.8329091229351039
CCGAGG,-1.0761394328160512
CCGTAA,0.3289250309858301
CCGTAT,0.09104448168462023
CCGTAC,-0.1415718976203981
CCGTAG,0.09884583463663264
CCGTTA,-0.029980832211935784
CCGTTT,0.15447753062278133
CCGTTC,-0.3455494547723297
CCGTTG,0.03984590854719978
CCGTCA,0.36442692074305033
CCGTCT,0.03233538064293645
CCGTCC,-0.34961303018227113
CCGTCG,0.32982769390254435
CCGTGA,-0.5575728863056224
CCGTGT,-0.20346399336776377
CCGTGC,-0.7854224566691161
CCGTGG,-0.34383423306228195
CCGCAA,0.2629894598614094
CCGCAT,-0.5205344378929516
CCGCAC,0.47597889243582253
CCGCAG,0.3147107448397002
CCGCTA,0.05205636195605313
CCGCTT,0.05194327816084035
CCGCTC,-0.49225423818055525
CCGCTG,-0.6523251860396901
CCGCCA,0.38414233863934316
CCGCCT,0.6383389440649503
CCGCCC,0.578077850775158
CCGCCG,0.0077220460939103185
CCGCGA,-1.2163953243244932
CCGCGT,0.780158557549575
CCGCGC,-1.402823663071101
CCGCGG,-0.045120435280469544
CCGGAA,-0.21616272017286955
CCGGAT,0.32039526985808353
CCGGAC,-1.8809906029559975
CCGGAG,-0.19375025261757753
CCGGTA,-0.562567093570003
CCGGTT,0.08450667937462052
CCGGTC,-0.13026519483790147
CCGGTG,0.3122231813678985
CCGGCA,-0.44895022004790314
CCGGCT,0.240657133806918
CCGGCC,-1.3711807233098425
CCGGCG,-2.0856720914304723
CCGGGA,0.3331444465285383
CCGGGT,-0.1722712209404531
CCGGGC,-0.30421137440299145
CCGGGG,-0.1889660995126232
CGAAAA,-0.06497366321832451
CGAAAT,-0.12656786521211627
CGAAAC,-0.20401438140521436
CGAAAG,0.12114093983884644
CGAATA,-0.10810674132585145
CGAATT,0.02127739844728488
CGAATC,0.14179791186025734
CGAATG,-0.09082921636928876
CGAACA,-0.23531408693446498
CGAACT,-0.3379592257427912
CGAACC,0.09684982598991762
CGAACG,-0.3400373027857092
CGAAGA,0.1441270109959854
CGAAGT,0.1963625286365677
CGAAGC,0.32158362412746233
CGAAGG,0.13623044959368769
CGATAA,0.3439250899668497
CGATAT,0.223887875874067
CGATAC,0.3441204574594697
CGATAG,0.08032238883883325
CGATTA,0.46445613119904205
CGATTT,0.511227310857152
CGATTC,0.42474060163649163
CGATTG,0.26892897498188834
CGATCA,-1.7157979284250102
CGATCT,-3.0437284718222464
CGATCC,-2.1876551263200685
CGATCG,-3.0492730404820207
CGATGA,-0.7394712522341839
CGATGT,-0.6151856390902334
CGATGC,-1.160020916796753
CGATGG,-1.0376515888784226
CGACAA,0.3596555720768701
CGACAT,0.28714021386361105
CGACAC,0.0651183993793928
CGACAG,0.1823215567939546
CGACTA,0.1802185065971758
CGACTT,0.26826398659467937
CGACTC,0.2609590023110274
CGACTG,-0.19782574332991992
CGACCA,0.028399474521697957
CGACCT,0.3950796635746844
CGACCC,0.47597889243582253
CGACCG,-0.6931471805599453
CGACGA,0.3177595276890589
CGACGT,0.07042246429654579
CGACGC,-1.0152306797290587
CGACGG,0.022472855852058576
CGAGAA,-0.02454110891611766
CGAGAT,-0.014509609267686513
CGAGAC,-0.6737290947028438
CGAGAG,0.00901487109621558
CGAGTA,-0.33397743283243014
CGAGTT,0.2577490804916853
CGAGTC,0.1802185065971758
CGAGTG,0.1288515287334251
CGAGCA,-0.22918586577017236
CGAGCT,-0.31312487262422184
CGAGCC,0.4818380868927384
CGAGCG,0.48265474679929427
CGAGGA,-0.06703540133615844
CGAGGT,-0.30453918951820375
CGAGGC,-1.1085626195212779
CGAGGG,-0.6163600373461751
CGTAAA,0.09135516290747506
CGTAAT,-0.06570063631774853
CGTAAC,0.020374219195137516
CGTAAG,-0.15871169115482084
CGTATA,0.018692133012152546
CGTATT,0.16431294449415138
CGTATC,0.08230864746272365
CGTATG,-0.030405514768112613
CGTACA,-0.3516624021151882
CGTACT,-0.14736654176037803
CGTACC,-0.17754827804129691
CGTACG,-0.1856493468866293
CGTAGA,-0.028170876966696335
CGTAGT,-0.0907543632684642
CGTAGC,-0.1589012825858562
CGTAGG,0.060103924069705515
CGTTAA,-0.2222829660631623
CGTTAT,0.1331346459420719
CGTTAC,-0.1726255795550756
CGTTAG,-0.3779584623183309
CGTTTA,0.025848452730092494
CGTTTT,0.27228399234065936
CGTTTC,-0.09911729100168913
CGTTTG,0.17065336869281306
CGTTCA,0.12740193409756959
CGTTCT,-0.10388013048739204
CGTTCC,-0.024125236688626005
CGTTCG,0.11980119981262058
CGTTGA,0.09924896111182377
CGTTGT,0.008432399524597609
CGTTGC,0.025863510589919373
CGTTGG,-0.07811777926395204
CGTCAA,0.1932905881645287
CGTCAT,0.2257693733918773
CGTCAC,0.09614386055290235
CGTCAG,0.1410785982599056
CGTCTA,0.372866179625736
CGTCTT,0.2547317746224278
CGTCTC,-0.05454557574005267
CGTCTG,0.18863357053684895
CGTCCA,-0.34079189776572927
CGTCCT,0.11352382629698717
CGTCCC,-0.3582122232576189
CGTCCG,-0.11778303565638351
CGTCGA,0.4038535042138228
CGTCGT,0.3653706509062863
CGTCGC,0.5533852381847866
CGTCGG,-0.38711596943996784
CGTGAA,-0.19941599015325473
CGTGAT,-0.266987481208948
CGTGAC,-0.5507857084871507
CGTGAG,0.15369416304233824
CGTGTA,-0.23287383595678585
CGTGTT,-0.18146208102123593
CGTGTC,0.074442476254516
CGTGTG,-0.24946085963158313
CGTGCA,-0.12838116664820687
CGTGCT,-0.22032267497256836
CGTGCC,0.2261969888011
CGTGCG,-0.7596369218287783
CGTGGA,-0.004987541511039051
CGTGGT,-0.2884280627885024
CGTGGC,-0.5988365010887039
CGTGGG,-0.028479471321868573
CGCAAA,-0.14974538635934184
CGCAAT,-0.40471576374938356
CGCAAC,0.15585667967235864
CGCAAG,-0.17351092711179977
CGCATA,-0.5551614375860425
CGCATT,0.0013253812410684883
CGCATC,0.1293667221808744
CGCATG,-0.7766578134331152
CGCACA,-0.21511137961694543
CGCACT,-0.17949270059347683
CGCACC,0.2926325776116371
CGCACG,0.22314355131420976
CGCAGA,-0.08770558041910546
CGCAGT,-0.22943947977102458
CGCAGC,-0.1214798975377096
CGCAGG,0.09668367163213742
CGCTAA,-0.28864314893133153
CGCTAT,-0.01967692809420405
CGCTAC,0.33897536683933155
CGCTAG,-0.3285040669720361
CGCTTA,-0.0028735651957318073
CGCTTT,0.08108011195077179
CGCTTC,-0.020183289653269636
CGCTTG,-0.036955706522429244
CGCTCA,0.021564177915840425
CGCTCT,-0.0021030501967787877
CGCTCC,0.20805525166300787
CGCTCG,0.2903523010076598
CGCTGA,0.297632403304949
CGCTGT,-0.2752980132520593
CGCTGC,-0.2725684346417328
CGCTGG,-0.12141280370696224
CGCCAA,0.26149085958883345
CGCCAT,0.31530651489008943
CGCCAC,0.22069556967556977
CGCCAG,0.2595111954850846
CGCCTA,0.40016005587847125
CGCCTT,0.7929675158421561
CGCCTC,0.6931471805599453
CGCCTG,0.556635159797285
CGCCCA,0.35149358519673474
CGCCCT,0.4168938039317871
CGCCCC,-0.19539363836130752
CGCCCG,0.67116827384117
CGCCGA,0.3889358061569539
CGCCGT,-0.07232066157962613
CGCCGC,0.41871033485818504
CGCCGG,-1.2163953243244932
CGCGAA,0.2405352940260789
CGCGAT,-0.7472144018302211
CGCGAC,-1.5686159179138452
CGCGAG,-0.05158736879049312
CGCGTA,-0.3285040669720361
CGCGTT,-0.21868920096482944
CGCGTC,-0.1753528874778613
CGCGTG,0.32982769390254435
CGCGCA,-1.540445040947149
CGCGCT,-0.68197387996182
CGCGCC,-1.402823663071101
CGCGCG,-1.1735135968412274
CGCGGA,-0.005865119452398134
CGCGGT,-0.019802627296179754
CGCGGC,-0.6859786910813328
CGCGGG,-0.8754687373539001
CGGAAA,0.0006371456093211435
CGGAAT,-0.07105135741090036
CGGAAC,-0.14808838515171233
CGGAAG,0.005633817718256064
CGGATA,0.26024730151758674
CGGATT,0.46848579439830035
CGGATC,-1.5240780634829436
CGGATG,-0.020990275891835858
CGGACA,-0.1658828304507947
CGGACT,-0.7472144018302211
CGGACC,-0.5331825308672673
CGGACG,0.03753791931906524
CGGAGA,0.05715841383994862
CGGAGT,-0.0032206147000422834
CGGAGC,0.1752040890250906
CGGAGG,0.14991131264320007
CGGTAA,-0.09808924597459065
CGGTAT,-0.18486932887275334
CGGTAC,-0.4682660093471947
CGGTAG,-0.16784952418542007
CGGTTA,-0.32591247640621074
CGGTTT,-0.12221763272424915
CGGTTC,0.016201974576280406
CGGTTG,0.011661939747842957
CGGTCA,0.22314355131420976
CGGTCT,0.17513433212784915
CGGTCC,0.2258646414285703
CGGTCG,0.41663840870628954
CGGTGA,0.3860348509522024
CGGTGT,-0.39204208777602373
CGGTGC,0.3958956570920137
CGGTGG,0.13401577141820242
CGGCAA,0.07202409539023444
CGGCAT,0.10309550902697402
CGGCAC,-0.29031019485805043
CGGCAG,-0.06820825002653358
CGGCTA,0.508718141426426
CGGCTT,0.18107233739352274
CGGCTC,0.6733445532637655
CGGCTG,0.5133162850784425
CGGCCA,-0.06333587517181076
CGGCCT,-0.7419373447293773
CGGCCC,-2.2192034840549946
CGGCCG,0.2529965144638909
CGGCGA,-0.036813973122716434
CGGCGT,0.21072103131565273
CGGCGC,-0.9400072584914712
CGGCGG,0.2988553730499061
CGGGAA,-0.16126814759612226
CGGGAT,-0.07394184539862594
CGGGAC,0.36318962495992607
CGGGAG,0.4212134650763035
CGGGTA,-0.17471695740873525
CGGGTT,-0.27087495413539975
CGGGTC,0.7133498878774648
CGGGTG,0.08162052835475327
CGGGCA,-0.6993777303105815
CGGGCT,-0.6763400622435641
CGGGCC,-0.5831462853456169
CGGGCG,0.2169130015635736
CGGGGA,0.5031627510204215
CGGGGT,-0.5368011101692512
CGGGGC,-0.15822400521489416
CGGGGG,-0.5338908966969867
GAAAAA,0.02991330553237873
GAAAAT,0.18632344056755176
GAAAAC,-0.1971354562374466
GAAAAG,-0.15185899177931364
GAAATA,0.041275379755317615
GAAATT,-0.11661083141211936
GAAATC,-0.1941428987408085
GAAATG,-0.18345856658102977
GAAACA,0.015762147693876363
GAAACT,0.20362682436782298
GAAACC,-0.44003446674431607
GAAACG,-0.10962726220381695
GAAAGA,-0.16401260507545343
GAAAGT,-0.018618929531486902
GAAAGC,-0.4520696081768505
GAAAGG,-0.6407405482707098
GAATAA,-0.2584906897500421
GAATAT,-0.009698892476431036
GAATAC,-0.08057980394874613
GAATAG,-0.3356282360084448
GAATTA,0.3103483706102751
GAATTT,0.21080676887304214
GAATTC,-2.5259477983744407
GAATTG,-0.06232264758525706
GAATCA,0.10855593460729021
GAATCT,0.1883609124555668
GAATCC,-0.014244952260808718
GAATCG,0.2800919031851053
GAATGA,-0.5946605712271508
GAATGT,-0.1986568346855732
GAATGC,-0.6449073236592852
GAATGG,-0.35981873123404545
GAACAA,-0.048275445174836056
GAACAT,-0.00451190265004941
GAACAC,-0.061417821037233984
GAACAG,-0.20140437121039526
GAACTA,-0.006276557433927296
GAACTT,0.25495361751908363
GAACTC,-0.08659252881596713
GAACTG,-0.062409292587671
GAACCA,0.1060127888529572
GAACCT,0.2960058608813771
GAACCC,-0.06349631155912751
GAACCG,-0.46518434280978666
GAACGA,-0.12805869823458768
GAACGT,-0.04378264243880974
GAACGC,-0.0864735980038267
GAACGG,-0.41238555095273816
GAAGAA,0.3802715888662993
GAAGAT,0.2833396256030143
GAAGAC,0.02245359563692141
GAAGAG,0.024393795760491846
GAAGTA,0.22254019259916058
GAAGTT,0.3387017238473666
GAAGTC,-0.11595988109486834
GAAGTG,0.017118160309557668
GAAGCA,0.17985997614841648
GAAGCT,0.3569873625822524
GAAGCC,-0.1419236804676585
GAAGCG,0.0326707822895487
GAAGGA,-0.016447901207162906
GAAGGT,0.41507373062643377
GAAGGC,0.022472855852058576
GAAGGG,-0.24893705259011628
GATAAA,0.1901739183978556
GATAAT,0.29111824525085805
GATAAC,-0.17884846970074694
GATAAG,-0.04126567419081655
GATATA,0.2850557428558044
GATATT,0.19418266724816607
GATATC,-0.3666252747919004
GATATG,0.043488039773039625
GATACA,0.2589188791960832
GATACT,0.2204203098543676
GATACC,-0.1492835792421914
GATACG,0.023969190112996187
GATAGA,-0.08828797407341857
GATAGT,0.03962960731179181
GATAGC,-0.29933268967175625
GATAGG,-0.5883936451938957
GATTAA,-0.38474768179604896
GATTAT,0.13921594789953873
GATTAC,-0.1258500977107042
GATTAG,-0.26061213827845836
GATTTA,0.494060055885234
GATTTT,0.2827861018395743
GATTTC,-0.03135669585347434
GATTTG,0.14930894013535528
GATTCA,0.12412318545494137
GATTCT,0.11662591848949572
GATTCC,-0.16221443349486
GATTCG,-0.1219547400267704
GATTGA,-0.4292108535599432
GATTGT,-0.012394776514806099
GATTGC,-0.31694483277162744
GATTGG,-0.41849679652724336
GATCAA,-2.606898921164864
GATCAT,-2.969817984788521
GATCAC,-1.9372347526360432
GATCAG,-2.448127398284704
GATCTA,-2.7157798133717845
GATCTT,-2.674239389411165
GATCTC,-2.831329217262381
GATCTG,-2.405542724035562
GATCCA,-2.305157538991588
GATCCT,-2.293746144326841
GATCCC,-2.135349173618132
GATCCG,-0.6486954179891115
GATCGA,-2.841998173611949
GATCGT,-1.7219158958607905
GATCGC,-3.317815772723104
GATCGG,-1.450122402653863
GATGAA,0.44184155319785523
GATGAT,0.3637415371273008
GATGAC,0.1272466891815288
GATGAG,0.10007628806784762
GATGTA,0.3770820507374045
GATGTT,0.3664697291463235
GATGTC,0.060893888834775534
GATGTG,-0.13768038234642985
GATGCA,0.2733899992308637
GATGCT,0.39431132722006706
GATGCC,0.28533189510682744
GATGCG,0.1359151839797989
GATGGA,0.15318623277516563
GATGGT,0.1388920994702454
GATGGC,-0.07405194817544457
GATGGG,-0.034803922194692
GACAAA,-0.13188630932985868
GACAAT,-0.006109072096301195
GACAAC,-0.07789824832750278
GACAAG,0.01863127059163514
GACATA,0.07423618550090687
GACATT,0.05549792566958249
GACATC,0.03295293500375462
GACATG,0.007494681762260383
GACACA,-0.09498545176120504
GACACT,0.015655897072553063
GACACC,-0.06860632335689683
GACACG,0.07976496846886262
GACAGA,-0.46791230746573803
GACAGT,-0.2216517559107471
GACAGC,-0.401488959728525
GACAGG,-0.1669838328102447
GACTAA,-0.5308902369164328
GACTAT,-0.09166247322396194
GACTAC,-0.2312267362030327
GACTAG,-0.7995875150136029
GACTTA,0.32318952369421555
GACTTT,-0.06447202956535349
GACTTC,-0.042071213920687044
GACTTG,-0.029765349799853853
GACTCA,-0.0885424623445341
GACTCT,0.047944933242460214
GACTCC,-0.2859914549738734
GACTCG,-0.35065687161316944
GACTGA,-0.6396984548505381
GACTGT,-0.18094091319482702
GACTGC,-0.5490132789761583
GACTGG,-0.29962347625149777
GACCAA,0.08357747614171432
GACCAT,0.161303919301105
GACCAC,0.22664969064349733
GACCAG,0.0682726697993574
GACCTA,0.5010400733432724
GACCTT,0.28239432879302384
GACCTC,0.14045183546909631
GACCTG,0.5180797626815106
GACCCA,0.810440140244746
GACCCT,0.7216430028144492
GACCCC,0.011173300598125255
GACCCG,0.8350080984372983
GACCGA,-0.22206188544346875
GACCGT,0.22116139011021854
GACCGC,0.0813456394539524
GACCGG,-0.36527422752491906
GACGAA,0.47388210857430635
GACGAT,0.11206632452501757
GACGAC,-0.19322679027621706
GACGAG,0.26317854939586716
GACGTA,0.2206466711156226
GACGTT,0.1442244392645
GACGTC,-0.22757814838207563
GACGTG,-0.011049836186585046
GACGCA,0.05275635243931096
GACGCT,0.07320340402329492
GACGCC,0.5514966634969185
GACGCG,-1.175573329804238
GACGGA,-0.06820825002653358
GACGGT,-0.05448818528406968
GACGGC,-0.7073318155519017
GACGGG,0.31893461595588546
GAGAAA,-0.08424938207084631
GAGAAT,-0.05203787308709734
GAGAAC,-0.08934335247981397
GAGAAG,0.15235353231447393
GAGATA,0.17189766178420743
GAGATT,-0.06512908396108961
GAGATC,-3.1184414275464305
GAGATG,0.037262041470643166
GAGACA,-0.16687471425282388
GAGACT,-0.170822093497055
GAGACC,-0.3419137538819537
GAGACG,0.11072965607288451
GAGAGA,-0.2937911932638836
GAGAGT,-0.05226397696889695
GAGAGC,-0.30656515945328217
GAGAGG,-0.24580302478572733
GAGTAA,-0.1627694675865688
GAGTAT,0.11149795987327109
GAGTAC,-0.11127813406025745
GAGTAG,-0.008216973102280823
GAGTTA,0.3284576944616519
GAGTTT,0.21344038960323292
GAGTTC,0.009978700049896051
GAGTTG,0.16380250902671706
GAGTCA,0.06617473639216614
GAGTCT,-0.06193095773049027
GAGTCC,-0.39759105167725844
GAGTCG,-0.2507587183471831
GAGTGA,-0.1941560144409575
GAGTGT,-0.06742301245183135
GAGTGC,-0.37283988079208774
GAGTGG,-0.20982329006349323
GAGCAA,0.13177989034075296
GAGCAT,0.08100518970130118
GAGCAC,-0.1851769533903589
GAGCAG,0.1754940883609084
GAGCTA,0.19031458112093835
GAGCTT,0.03215711163453144
GAGCTC,-0.38724456199463614
GAGCTG,0.13133600206108695
GAGCCA,0.32636392372500833
GAGCCT,0.03845736821154211
GAGCCC,-0.1785264858254031
GAGCCG,0.5558493051399458
GAGCGA,0.30722666852475117
GAGCGT,0.32251602512741334
GAGCGC,-0.29080219978802446
GAGCGG,-0.4214975156392132
GAGGAA,0.13411704417859716
GAGGAT,-0.05603792631069416
GAGGAC,-0.10231239659848972
GAGGAG,0.26877693864491103
GAGGTA,0.014734411346792802
GAGGTT,-0.15018956553741764
GAGGTC,0.2354410791246158
GAGGTG,-0.06141978392491656
GAGGCA,0.37778167935974766
GAGGCT,0.06971317692758865
GAGGCC,-0.44895022004790336
GAGGCG,0.46047173762037596
GAGGGA,-0.0015026298845349075
GAGGGT,0.11806716692694112
GAGGGC,-0.40858523544440795
GAGGGG,-0.3079302332817283
GTAAAA,0.06325729098152263
GTAAAT,0.10345410260209977
GTAAAC,-0.048461703007011005
GTAAAG,0.063325341719345
GTAATA,0.08388801917315915
GTAATT,0.011016986484596465
GTAATC,-0.05821373723212436
GTAATG,0.08258396302996669
GTAACA,0.03362915163508269
GTAACT,0.08613228759780538
GTAACC,-0.4308511731485539
GTAACG,0.14139290129551715
GTAAGA,-0.22496536316371296
GTAAGT,0.17242200153804546
GTAAGC,-0.6572349043462258
GTAAGG,-0.2595934120435459
GTATAA,-0.10188509562076861
GTATAT,-0.03434539879010714
GTATAC,-0.16124489421566093
GTATAG,0.06969035669366772
GTATTA,0.06857887851891893
GTATTT,0.17367903694756992
GTATTC,-0.15966239446720726
GTATTG,0.051503674545269953
GTATCA,0.17896584894698236
GTATCT,0.25955686488431157
GTATCC,-0.08459698728360225
GTATCG,0.25215511769569926
GTATGA,-0.20209570460959805
GTATGT,-0.05239117634302637
GTATGC,-0.2957770224475049
GTATGG,-0.12980919606013613
GTACAA,-0.1631079113840632
GTACAT,-0.10001896115298069
GTACAC,-0.14115450630999074
GTACAG,-0.11605922350339638
GTACTA,-0.21893422719984224
GTACTT,0.0482702048090847
GTACTC,-0.2781232578664696
GTACTG,-0.16719740931764077
GTACCA,-0.14536494529374044
GTACCT,-0.08386062305009531
GTACCC,-0.4287809134217812
GTACCG,-0.07065815080601272
GTACGA,-0.22813109282524877
GTACGT,-0.28816739155861326
GTACGC,0.019302752254528675
GTACGG,-0.0031695747612790672
GTAGAA,0.019162419103398234
GTAGAT,0.17815033764122942
GTAGAC,0.015524584916334407
GTAGAG,0.11761181743834687
GTAGTA,0.04346582200233407
GTAGTT,0.13151024382576354
GTAGTC,-0.2827279606145223
GTAGTG,-0.011073829372521387
GTAGCA,0.1813464226357484
GTAGCT,0.15634258577266896
GTAGCC,0.12062798778861472
GTAGCG,0.5133540701193494
GTAGGA,-0.07279219716209487
GTAGGT,0.22915723686356332
GTAGGC,-0.20025194751238362
GTAGGG,-0.0037488328815197965
GTTAAA,0.05516998865615327
GTTAAT,-0.1152717731742437
GTTAAC,-0.5228973136349603
GTTAAG,-0.3217118210380923
GTTATA,0.11437179168076803
GTTATT,0.062065191993091
GTTATC,-0.11642946298525146
GTTATG,-0.08963801485185839
GTTACA,0.22215197959191474
GTTACT,0.05111845392902319
GTTACC,-0.49427723766321313
GTTACG,-0.15797252778366813
GTTAGA,-0.08389364713728474
GTTAGT,-0.37124830785637203
GTTAGC,-0.534791454410858
GTTAGG,-0.4462010774229812
GTTTAA,-0.2072008763533277
GTTTAT,-0.1719833577773702
GTTTAC,-0.29691233920282956
GTTTAG,-0.2368704156412712
GTTTTA,0.2773793412681948
GTTTTT,-6.802489713854885e-05
GTTTTC,-0.23701514826948863
GTTTTG,0.014724488582624807
GTTTCA,0.018104070660598222
GTTTCT,0.02936439762766561
GTTTCC,-0.2737020625403837
GTTTCG,-0.44103878637786276
GTTTGA,-0.04631953447944997
GTTTGT,-0.18592870941807388
GTTTGC,-0.25493699135717035
GTTTGG,-0.1817345300673819
GTTCAA,0.06367119190734576
GTTCAT,0.07872530840518237
GTTCAC,-0.18203998562498183
GTTCAG,-0.09777955136970527
GTTCTA,-0.030226866920203984
GTTCTT,0.08936368061659854
GTTCTC,-0.19718746806978402
GTTCTG,-0.08451870817156042
GTTCCA,0.17069133753826335
GTTCCT,0.19349199473246875
GTTCCC,-0.05826890812397588
GTTCCG,-0.28462863496489055
GTTCGA,0.24613306953890854
GTTCGT,-0.06666693627239742
GTTCGC,-0.17635138980745074
GTTCGG,0.10536051565782635
GTTGAA,0.22314355131420976
GTTGAT,0.28056645305537886
GTTGAC,0.002419843891035296
GTTGAG,-0.01632689328742878
GTTGTA,0.28398787101876705
GTTGTT,0.17090019860441993
GTTGTC,-0.06882246293202972
GTTGTG,-0.03636764417087483
GTTGCA,0.30698328385407975
GTTGCT,0.24012829628520618
GTTGCC,0.1489317639514664
GTTGCG,0.2481943009446623
GTTGGA,0.2504788448516684
GTTGGT,0.2518198384779771
GTTGGC,0.01946533478810325
GTTGGG,0.1337157414129514
GTCAAA,0.14661390667026733
GTCAAT,0.10224177844517161
GTCAAC,0.0563996884621246
GTCAAG,0.07460330775371178
GTCATA,0.08696670521548268
GTCATT,0.12495582792212642
GTCATC,0.11592306434828265
GTCATG,-0.05802775541285343
GTCACA,-0.009726975307438237
GTCACT,-0.1519672728463148
GTCACC,0.0018535686493230564
GTCACG,-0.5328881390296079
GTCAGA,-0.17318028553696832
GTCAGT,-0.27625337662815824
GTCAGC,-0.01247788025544294
GTCAGG,-0.17725825483740795
GTCTAA,0.02636838844184387
GTCTAT,0.0380700526657266
GTCTAC,0.13407062154025756
GTCTAG,-0.20158796893127087
GTCTTA,0.09209481786920683
GTCTTT,0.12829555387472885
GTCTTC,-0.009427190919347472
GTCTTG,0.2502368419697359
GTCTCA,-0.2670237219860859
GTCTCT,-0.09057644315412598
GTCTCC,0.11473425280702494
GTCTCG,-0.7419373447293772
GTCTGA,-0.33777959724669687
GTCTGT,-0.10174743897316199
GTCTGC,-0.21926507198563883
GTCTGG,-0.3155404005801773
GTCCAA,-0.16765631292587216
GTCCAT,-0.21405475399632973
GTCCAC,-0.14283144708731987
GTCCAG,-0.12394612670598916
GTCCTA,-0.21884446841332086
GTCCTT,-0.30708716446146916
GTCCTC,-0.12501307166986447
GTCCTG,0.0906001000747057
GTCCCA,0.02292750464370459
GTCCCT,0.004175371410480592
GTCCCC,-0.5177109562763356
GTCCCG,-0.05894253563344997
GTCCGA,-0.13056647528205834
GTCCGT,-0.450279123897957
GTCCGC,-0.055569851154810765
GTCCGG,-0.7086513670959105
GTCGAA,0.11016129300118285
GTCGAT,0.3907906971789042
GTCGAC,-0.03371105734231172
GTCGAG,0.323041704580196
GTCGTA,0.3470036886735545
GTCGTT,0.14278303019448962
GTCGTC,0.2601087455476814
GTCGTG,0.4385049621863645
GTCGCA,0.31592528476517584
GTCGCT,0.24026459209432102
GTCGCC,0.5306282510621704
GTCGCG,-0.5667332557042866
GTCGGA,0.3820917569228556
GTCGGT,0.3404144230669521
GTCGGC,-0.05826890812397576
GTCGGG,0.319287411867112
GTGAAA,-0.10624921322475643
GTGAAT,-0.20064449653368585
GTGAAC,-0.12563286911229746
GTGAAG,0.26532796137623343
GTGATA,0.098931801248576
GTGATT,-0.04263547522009749
GTGATC,-1.9090485557511552
GTGATG,0.43057559775440485
GTGACA,-0.052872802321608625
GTGACT,-0.13188530171785387
GTGACC,0.028797801553453392
GTGACG,-0.26602057567060144
GTGAGA,-0.33202329096148187
GTGAGT,-0.1378823784588488
GTGAGC,-0.6432882636595378
GTGAGG,-0.16504351781900015
GTGTAA,0.12509677347509268
GTGTAT,-0.016784846353440887
GTGTAC,-0.1902138279952183
GTGTAG,0.32547116427137623
GTGTTA,0.1501595197910672
GTGTTT,-0.0668215372836887
GTGTTC,-0.2424711353385875
GTGTTG,0.36244263786069314
GTGTCA,0.03284651377229609
GTGTCT,-0.08858599133437496
GTGTCC,-0.3633475477745158
GTGTCG,0.4611540139687531
GTGTGA,-0.5311964328956378
GTGTGT,-0.1351326739914964
GTGTGC,-0.5005206081708861
GTGTGG,-0.4637730794950995
GTGCAA,0.0408219945202552
GTGCAT,-0.06845218480170594
GTGCAC,-0.13951901755919432
GTGCAG,0.31115542863742307
GTGCTA,0.17554107722745205
GTGCTT,-0.12939278767714912
GTGCTC,-0.1974702599958054
GTGCTG,0.20987963454746103
GTGCCA,0.0372905017387841
GTGCCT,-0.21885765038828853
GTGCCC,-0.06589629459803158
GTGCCG,-0.0071174677688639896
GTGCGA,-0.26670894907150205
GTGCGT,0.03822121282019767
GTGCGC,-0.8513711857748393
GTGCGG,0.035627177643151035
GTGGAA,0.05168825024226287
GTGGAT,0.014124528603630981
GTGGAC,0.07014560936675977
GTGGAG,0.6435974265324947
GTGGTA,-0.02469261259037152
GTGGTT,-0.26900988419266314
GTGGTC,0.21175822908908445
GTGGTG,0.2404613166314234
GTGGCA,0.15097102690987863
GTGGCT,-0.04670109304598061
GTGGCC,-0.45912738910159673
GTGGCG,0.4294799843120384
GTGGGA,-0.09716374845364774
GTGGGT,-0.0014140940371979841
GTGGGC,-0.22078783762175064
GTGGGG,-0.002915453960124131
GCAAAA,-0.09306172466931452
GCAAAT,0.08063151690906194
GCAAAC,-0.14653533871906194
GCAAAG,-0.23696777496829716
GCAATA,0.16627757789161068
GCAATT,0.053671416792518065
GCAATC,-0.22102592611243055
GCAATG,-0.12463088058448563
GCAACA,0.26319896856426944
GCAACT,0.3949224999314401
GCAACC,-0.4705875708681682
GCAACG,0.36022314399482963
GCAAGA,-0.17574567588779763
GCAAGT,0.25608770703356365
GCAAGC,-0.6466469236707679
GCAAGG,-0.4265238591720708
GCATAA,-0.4481160233174779
GCATAT,-0.06982344434020012
GCATAC,-0.3494200533328637
GCATAG,-0.4936196223170769
GCATTA,0.2801841536631177
GCATTT,0.19262685810101857
GCATTC,-0.5082068130572578
GCATTG,-0.18345801279742782
GCATCA,0.49219680393249743
GCATCT,0.4538457176023462
GCATCC,-0.3173991568051392
GCATCG,-1.5921464153240394
GCATGA,-0.5016714256192031
GCATGT,0.025416054287851677
GCATGC,-1.2961834078400964
GCATGG,-0.3895820619351613
GCACAA,0.09576946893490142
GCACAT,-0.0999665299523923
GCACAC,-0.41751344662433876
GCACAG,-0.3910020460806097
GCACTA,-0.0618544829971587
GCACTT,0.2806763667845046
GCACTC,-0.368843035763235
GCACTG,-0.7619907871761069
GCACCA,0.23907721357334527
GCACCT,0.6046863426011951
GCACCC,-0.13377646063212087
GCACCG,-0.028618805305652563
GCACGA,0.10814215861970317
GCACGT,0.029374608679904317
GCACGC,-0.7419373447293772
GCACGG,-0.7106403380074625
GCAGAA,-0.07116202477915884
GCAGAT,0.19063336077658818
GCAGAC,-0.08515780834030695
GCAGAG,-0.40967844176103296
GCAGTA,0.08879727340759846
GCAGTT,0.3019464163224289
GCAGTC,-0.3631175602790721
GCAGTG,-0.3683399754692353
GCAGCA,0.28305819794995213
GCAGCT,0.15478994341739752
GCAGCC,-0.22476824704121168
GCAGCG,-0.390722826370961
GCAGGA,0.30650038191613377
GCAGGT,0.5053802583074186
GCAGGC,-0.5870456496773998
GCAGGG,0.023588927396479713
GCTAAA,0.20810785857927078
GCTAAT,0.0924439210808988
GCTAAC,-0.4576577934234362
GCTAAG,-0.26529038213687983
GCTATA,0.27423900219532804
GCTATT,0.20177134652037843
GCTATC,-0.2503507023975151
GCTATG,0.03543316543414463
GCTACA,0.4173468580356571
GCTACT,0.2802391885447025
GCTACC,-0.5050568036849883
GCTACG,0.007255170881171795
GCTAGA,0.0065699661453183875
GCTAGT,-0.2896464339645963
GCTAGC,-1.0848225553895119
GCTAGG,-0.7648391090160618
GCTTAA,-0.6563727241273162
GCTTAT,-0.25195666539375244
GCTTAC,-0.3903026173432799
GCTTAG,-0.5612317322676709
GCTTTA,0.07528306042054837
GCTTTT,0.07690122984074742
GCTTTC,-0.3693985327337831
GCTTTG,-0.279087062196951
GCTTCA,0.17437990144261442
GCTTCT,0.37109393811917424
GCTTCC,-0.2856605319076373
GCTTCG,0.012320484388040657
GCTTGA,-0.2861453837129653
GCTTGT,0.001614205354541201
GCTTGC,-0.894712435746527
GCTTGG,-0.5172947201927053
GCTCAA,-0.00283877622383243
GCTCAT,-0.1912165863628227
GCTCAC,-0.4799728549396679
GCTCAG,-0.5906894245600803
GCTCTA,0.07996135347474324
GCTCTT,0.22449515193773864
GCTCTC,-0.27775391877205224
GCTCTG,-0.40573388918759473
GCTCCA,0.5485440490624722
GCTCCT,0.6298563202205295
GCTCCC,0.16479646423857397
GCTCCG,0.30335988517101076
GCTCGA,-0.7505580877732845
GCTCGT,0.2324459439765233
GCTCGC,-0.4722332845730046
GCTCGG,-0.590308734334829
GCTGAA,0.12914299744632227
GCTGAT,0.2820456447589853
GCTGAC,0.06973104233319637
GCTGAG,-0.5371758935020267
GCTGTA,0.24649729277409738
GCTGTT,0.29548426657084537
GCTGTC,-0.3380154468040186
GCTGTG,-0.3358013207959793
GCTGCA,0.015831465216680662
GCTGCT,0.29704982245538114
GCTGCC,-0.019452425926815405
GCTGCG,0.09065436826813084
GCTGGA,0.10569778378918517
GCTGGT,0.24164702287876944
GCTGGC,-0.6625827708238116
GCTGGG,-0.08013373675739154
GCCAAA,-0.09438993434060929
GCCAAT,0.12771541684365822
GCCAAC,-0.046596087294432806
GCCAAG,-0.3589866802963628
GCCATA,0.15875309142871
GCCATT,0.20003017552555097
GCCATC,0.00789997525315593
GCCATG,-0.1803354588223252
GCCACA,0.15615527165892673
GCCACT,0.20879125767486587
GCCACC,-0.048790164169432056
GCCACG,-0.5389965007326869
GCCAGA,-0.14796274280505073
GCCAGT,-0.15251309049612846
GCCAGC,-0.5426662296216493
GCCAGG,-0.2341749184042101
GCCTAA,-0.5236201361260854
GCCTAT,-0.2956051472891083
GCCTAC,-0.37421256460406
GCCTAG,-0.7924896238922087
GCCTTA,0.08583482936714487
GCCTTT,0.16422151515033667
GCCTTC,-0.04075799247216764
GCCTTG,-0.22813109282524877
GCCTCA,0.08411701896326512
GCCTCT,0.2073750592395048
GCCTCC,-0.0088496152769825
GCCTCG,-0.8266785731844679
GCCTGA,-0.3322304487128498
GCCTGT,0.022793009528556566
GCCTGC,-0.6918129575468086
GCCTGG,-0.40274031078197925
GCCCAA,0.21590239005765008
GCCCAT,0.14955683783821577
GCCCAC,-0.021852508437623607
GCCCAG,-0.10044278303084507
GCCCTA,0.07915211904039977
GCCCTT,0.2948112498910765
GCCCTC,-0.15120516959750144
GCCCTG,0.4264844753322399
GCCCCA,0.4683080977749878
GCCCCT,0.6548110318163981
GCCCCC,-0.503905180921417
GCCCCG,0.010050335853501506
GCCCGA,-0.4906229164484712
GCCCGT,-0.04255961441879589
GCCCGC,-2.8735646395797834
GCCCGG,0.289834925812882
GCCGAA,0.25587024481676673
GCCGAT,0.19490033900081477
GCCGAC,0.538224597954105
GCCGAG,-0.45341950123020025
GCCGTA,0.7369498032183384
GCCGTT,0.2186892009648295
GCCGTC,-0.22524660151098863
GCCGTG,-0.5667332557042866
GCCGCA,0.48126682152444633
GCCGCT,0.25489224962879004
GCCGCC,0.14715764433628784
GCCGCG,0.5361434317502807
GCCGGA,0.10536051565782635
GCCGGT,-0.822825003868478
GCCGGC,-1.4929040961781488
GCCGGG,-0.38299225225610584
GCGAAA,0.13405100812075538
GCGAAT,0.03669449496639784
GCGAAC,-0.25045936196117263
GCGAAG,0.24007716384364933
GCGATA,0.3587474835407048
GCGATT,0.49145659719704865
GCGATC,-3.254242968705492
GCGATG,-0.6584042321160725
GCGACA,0.4325326978162419
GCGACT,0.2286735193236708
GCGACC,-0.12313268540362389
GCGACG,0.10536051565782635
GCGAGA,-0.001122964744623671
GCGAGT,-0.02589141393274159
GCGAGC,-0.33014977088172587
GCGAGG,-0.6891391591624064
GCGTAA,-0.10520425344952325
GCGTAT,0.19137339031786638
GCGTAC,-0.4314803472494002
GCGTAG,0.056629802753237465
GCGTTA,0.17549559172355483
GCGTTT,0.2265835271866532
GCGTTC,0.18826511069480276
GCGTTG,0.1944334454317785
GCGTCA,0.09844007281325251
GCGTCT,0.2763642475191193
GCGTCC,-0.3967314281394099
GCGTCG,-0.9682504708048661
GCGTGA,-0.2866815721181973
GCGTGT,-0.49831526207162685
GCGTGC,-0.4700036292457356
GCGTGG,0.06606974751134669
GCGCAA,-0.1600157992796563
GCGCAT,-0.4312176042105791
GCGCAC,-0.45425527227759643
GCGCAG,-0.3881110934150128
GCGCTA,-0.22589837399305443
GCGCTT,0.049480057263369716
GCGCTC,0.11352382629698717
GCGCTG,-0.0652176383113799
GCGCCA,0.1815218766233902
GCGCCT,0.29213642280116114
GCGCCC,-0.27412910604707746
GCGCCG,-0.01652930195121047
GCGCGA,0.033901551675681416
GCGCGT,-1.3673663512343717
GCGCGC,-2.517696472610991
GCGCGG,-2.7536607123542622
GCGGAA,-0.13529266119286165
GCGGAT,0.127833371509885
GCGGAC,0.2261241794523476
GCGGAG,0.29266961396282004
GCGGTA,-0.14121016855152344
GCGGTT,-0.5158131652770298
GCGGTC,0.04019088058324528
GCGGTG,0.2017396426510563
GCGGCA,-0.2915208487589465
GCGGCT,0.7660085288248172
GCGGCC,-0.005540180375615468
GCGGCG,0.9444616088408515
GCGGGA,-0.13056647528205834
GCGGGT,-0.05715841383994864
GCGGGC,-1.604425370610556
GCGGGG,-0.9659463223200159
GGAAAA,-0.046982364619269544
GGAAAT,0.0011474470564769215
GGAAAC,-0.298758516059177
GGAAAG,-0.3767524097690044
GGAATA,0.11843606782658228
GGAATT,0.11464245821328727
GGAATC,-0.1959736459622819
GGAATG,-0.26788744512360135
GGAACA,0.19405681301237557
GGAACT,0.36464311358790924
GGAACC,-1.0015189107151772
GGAACG,-0.3241517522331723
GGAAGA,0.037476075853691046
GGAAGT,0.2279428341495098
GGAAGC,-0.24350916964299413
GGAAGG,-0.5698408258965841
GGATAA,-0.19399131558215418
GGATAT,0.17938887501070444
GGATAC,-0.03160066104181437
GGATAG,-0.6627121162928046
GGATTA,0.23254388374364482
GGATTT,0.4581964757257533
GGATTC,-0.1263711157201826
GGATTG,-0.25414729136521025
GGATCA,-1.9964248888487266
GGATCT,-2.4847254739563605
GGATCC,-3.160475999083973
GGATCG,-2.5817308344235403
GGATGA,-0.17709161949521635
GGATGT,0.033318167500667385
GGATGC,-0.308286517243812
GGATGG,-0.3595925978018407
GGACAA,-0.032313575641706845
GGACAT,0.07397000305858038
GGACAC,-0.26845071052389335
GGACAG,-0.5990227381690448
GGACTA,-0.38088565783897566
GGACTT,0.06996914804599315
GGACTC,-0.7424663053341467
GGACTG,-0.7211107391885923
GGACCA,0.07035249100299103
GGACCT,0.3347562582310861
GGACCC,-0.40761333664645394
GGACCG,-0.19782574332991992
GGACGA,-0.04693315342221934
GGACGT,0.28637573653772547
GGACGC,-0.3862337461802769
GGACGG,-0.2146868412959864
GGAGAA,0.33488758975382515
GGAGAT,0.39231142386419854
GGAGAC,0.027843061851484018
GGAGAG,-0.0832473073550498
GGAGTA,0.32880119964395915
GGAGTT,0.43426966997362876
GGAGTC,-0.23142088776133535
GGAGTG,-0.23773739593552407
GGAGCA,0.6956165947680132
GGAGCT,0.6372825325671524
GGAGCC,-0.20430046351272993
GGAGCG,0.10024541499105588
GGAGGA,0.41976352084284374
GGAGGT,0.19910592482880013
GGAGGC,0.013730192811902037
GGAGGG,-0.32690278560506225
GGTAAA,0.06062883341560008
GGTAAT,-0.041893585110371626
GGTAAC,-0.4212567167360926
GGTAAG,-0.33937752628824436
GGTATA,0.23068710070262047
GGTATT,0.09668367163213742
GGTATC,-0.14166706773705331
GGTATG,0.00900967568376473
GGTACA,0.04627307537774611
GGTACT,0.020363414429154972
GGTACC,-1.2186915365848434
GGTACG,-0.393700266528578
GGTAGA,-0.16464167487875356
GGTAGT,-0.1800525969236006
GGTAGC,-0.4178701163519556
GGTAGG,-0.6867377953747617
GGTTAA,-0.6284238238594858
GGTTAT,-0.27467969105754503
GGTTAC,-0.530391031276928
GGTTAG,-0.8659539177125612
GGTTTA,-0.1753665723294152
GGTTTT,-0.07198137821822016
GGTTTC,-0.5050677540826352
GGTTTG,-0.4494900894126327
GGTTCA,0.3365775053196628
GGTTCT,0.1964151851102849
GGTTCC,-0.9705879134330716
GGTTCG,0.5370051293477616
GGTTGA,-0.3063680050478856
GGTTGT,-0.1170926662813628
GGTTGC,-0.3768002820081848
GGTTGG,-0.3642156718203412
GGTCAA,0.36513945459647057
GGTCAT,0.30172779012125495
GGTCAC,0.15699786647402444
GGTCAG,0.04131814933073086
GGTCTA,0.4723996598289615
GGTCTT,0.6788933026013156
GGTCTC,-0.13240716541224168
GGTCTG,-0.049373084617299265
GGTCCA,0.12660562427156258
GGTCCT,0.23653932703056596
GGTCCC,-0.2113671639903845
GGTCCG,-0.34500713907105024
GGTCGA,0.55640313226231
GGTCGT,0.47978100208403046
GGTCGC,0.31871418169950955
GGTCGG,-0.23213526250617386
GGTGAA,0.2530149023940541
GGTGAT,0.183451763343142
GGTGAC,-0.007159935122092483
GGTGAG,-0.04481401578979266
GGTGTA,0.5332463542042919
GGTGTT,0.4982750332059475
GGTGTC,-0.04308358613631168
GGTGTG,-0.4029929189627752
GGTGCA,0.487373962730941
GGTGCT,0.43784914108155715
GGTGCC,-0.4019501660007199
GGTGCG,0.16561970717602315
GGTGGA,0.6188029786322992
GGTGGT,0.24778299896625483
GGTGGC,-0.15841603594040032
GGTGGG,0.025605950905171277
GGCAAA,0.05871026625313276
GGCAAT,0.20145072670295003
GGCAAC,0.1533245748649528
GGCAAG,-0.11662092047620612
GGCATA,0.1016923704292891
GGCATT,0.2747129235574685
GGCATC,0.3935571237525514
GGCATG,-0.06980631207243007
GGCACA,0.026111144003685804
GGCACT,0.04579465518963364
GGCACC,-0.36159433073855063
GGCACG,-0.24362208265775043
GGCAGA,-0.20523771552039943
GGCAGT,0.07867036636901671
GGCAGC,-0.21835598980583687
GGCAGG,-0.14960835938765196
GGCTAA,-0.11160054808124859
GGCTAT,0.00662383095904847
GGCTAC,0.05129329438755048
GGCTAG,-0.554338730834579
GGCTTA,0.10314518466763091
GGCTTT,0.010464114694617783
GGCTTC,-0.20831720103307078
GGCTTG,-0.3612683385264049
GGCTCA,0.29223788898764175
GGCTCT,0.3112508188244767
GGCTCC,-0.19109704190892884
GGCTCG,-0.43286408229627876
GGCTGA,-0.11099677597202438
GGCTGT,0.08270513335093334
GGCTGC,-0.4177783683415212
GGCTGG,-0.16866280786291463
GGCCAA,-0.40640363469042873
GGCCAT,-0.2284126639942217
GGCCAC,-0.5121580689997691
GGCCAG,-0.5575432483334504
GGCCTA,-0.6749832099322742
GGCCTT,-0.4950584075912578
GGCCTC,-1.039188868197309
GGCCTG,-0.45281122870536267
GGCCCA,-0.3985446652635906
GGCCCT,-0.07386984856645541
GGCCCC,-0.9321640810304453
GGCCCG,-1.5644405465033646
GGCCGA,-0.5436154465889815
GGCCGT,0.1392620673335076
GGCCGC,-0.060624621816434854
GGCCGG,-0.7227059828014898
GGCGAA,0.6931471805599453
GGCGAT,0.6269208953086544
GGCGAC,0.5839478885949534
GGCGAG,-0.09742211300746836
GGCGTA,0.6682625372440678
GGCGTT,0.48083126789779906
GGCGTC,-0.0537041789718611
GGCGTG,-0.262364264467491
GGCGCA,0.2675953138850435
GGCGCT,0.34032580593720296
GGCGCC,-1.9315214116032136
GGCGCG,-1.2163953243244932
GGCGGA,0.7769551378320375
GGCGGT,0.5834482633035208
GGCGGC,0.537493870848152
GGCGGG,-1.389859427284387
GGGAAA,-0.024125236688626005
GGGAAT,0.04541668589856548
GGGAAC,0.03668364986160693
GGGAAG,-0.06093913667985464
GGGATA,0.10745555499187512
GGGATT,0.34919692091086946
GGGATC,-2.30632807927288
GGGATG,-0.1956932937598439
GGGACA,0.2197708668355706
GGGACT,0.12318220033415406
GGGACC,0.03214377305468978
GGGACG,-0.37037378829689427
GGGAGA,0.004148721444457818
GGGAGT,0.05061586408051014
GGGAGC,0.16841865162496325
GGGAGG,-0.2654121180917445
GGGTAA,-0.31269242275234804
GGGTAT,-0.08390802924701904
GGGTAC,-0.5593536303772295
GGGTAG,-0.30068013203457045
GGGTTA,-0.03288359186989719
GGGTTT,-0.23585777103487474
GGGTTC,-0.10415289021993972
GGGTTG,-0.13347129466483015
GGGTCA,0.7545833410243357
GGGTCT,0.8463481926994965
GGGTCC,-0.5337745567515354
GGGTCG,0.36479406837723666
GGGTGA,0.08726749173043308
GGGTGT,0.1012319341520629
GGGTGC,0.058455366184165664
GGGTGG,-0.28033809819602257
GGGCAA,0.04138521616285428
GGGCAT,0.16146906063493813
GGGCAC,-0.19671029424605427
GGGCAG,-0.19567288996881896
GGGCTA,0.23341008001257005
GGGCTT,0.3264584398967958
GGGCTC,-0.5090057870490047
GGGCTG,-0.10616019582839067
GGGCCA,-0.18932508717129187
GGGCCT,-0.2516974966632957
GGGCCC,-2.154085084675602
GGGCCG,-0.9932517730102834
GGGCGA,0.23547416377168862
GGGCGT,0.06812217051770751
GGGCGC,-0.5690945318899665
GGGCGG,0.1592562838629586
GGGGAA,-0.0906611709660808
GGGGAT,0.14020724698799436
GGGGAC,-0.03354854820081487
GGGGAG,0.23618154565233968
GGGGTA,-0.2736129770033617
GGGGTT,0.08503143401940062
GGGGTC,-0.22884157242884753
GGGGTG,-0.3074846997479607
GGGGCA,0.3104750819803376
GGGGCT,0.4364023433958776
GGGGCC,-1.1314021114911006
GGGGCG,-0.294799540220645
GGGGGA,-0.04524196411333466
GGGGGT,0.16598513747426116
GGGGGC,-0.3513978868378886
GGGGGG,-1.2925618834571835
