Item,x,y,color
AAAAAA,-0.5908360764305609,-0.36722459535912866,6-mer
AAAAAT,0.07840108261351057,0.014751326966653265,6-mer
AAAAAC,-0.018780602029239864,-0.23918429435231991,6-mer
AAAAAG,0.3102381764473203,0.4725261415219458,6-mer
AAAATA,0.33383621529004415,0.24917175245204828,6-mer
AAAATT,-0.12100058167022391,-0.2864675160131956,Inverted repeat
AAAATC,-0.07768163976636872,-0.040339374104859604,6-mer
AAAATG,-0.04364150592388105,-0.0829219623806816,6-mer
AAAACA,0.397675973677083,-0.12390441241411357,6-mer
AAAACT,0.011444974405561805,-0.15502802437346624,6-mer
AAAACC,-0.3425857049305535,-0.42577023346785453,6-mer
AAAACG,0.056353863855055315,-0.00588684307691404,6-mer
AAAAGA,0.31862295016369047,0.4120871652977085,6-mer
AAAAGT,-0.040547835312016174,0.06668647182196517,6-mer
AAAAGC,0.036805722987543296,0.22002497520977904,6-mer
AAAAGG,0.05111102534985502,0.09636482895644856,6-mer
AAATAA,0.08492908016038421,0.04307770507701978,6-mer
AAATAT,0.5093949438129294,0.12794260778500266,6-mer
AAATAC,0.09069675698661542,-0.10604807962853355,6-mer
AAATAG,0.006190548119545306,-0.14352951846565418,6-mer
AAATTA,0.17798063823500035,0.08517224266241898,Inverted repeat
AAATTT,-0.33730212829136785,-0.6144044795165681,Palindromes
AAATTC,-0.06910224149959021,-0.37017232234100034,Inverted repeat
AAATTG,0.12259181434600655,0.001525012709063862,Inverted repeat
AAATCA,-0.01959299754730502,0.12388725326365423,6-mer
AAATCT,-0.22485529283139036,-0.3041647035651802,6-mer
AAATCC,-0.14785701318000682,-0.21065962821808587,6-mer
AAATCG,-0.097768793418617,-0.140001364892192,6-mer
AAATGA,-0.15008314275665688,-0.04591022475853684,6-mer
AAATGT,-0.2107990330736805,-0.7667154594215176,6-mer
AAATGC,-0.15103100252110482,-0.4916285348783865,6-mer
AAATGG,0.1440021610486768,0.1741380269068199,6-mer
AAACAA,0.2448319691952823,-0.12412991571362698,6-mer
AAACAT,0.2566919392162393,-0.5107784986375175,6-mer
AAACAC,0.020254150730662546,-0.558490289359965,6-mer
AAACAG,0.28958247066333137,-0.254483573889228,6-mer
AAACTA,0.14274774037221313,0.08166657187275463,6-mer
AAACTT,-0.15972654961424898,-0.2800267069412635,Inverted repeat
AAACTC,0.18549865047756642,-0.6007806635039065,6-mer
AAACTG,0.09986770159336586,-0.003744344279061443,6-mer
AAACCA,-0.16769690055019515,0.08282579259960314,6-mer
AAACCT,-0.386922330497973,-0.7334371422920942,6-mer
AAACCC,-1.0627921800518396,-1.2936560215751076,6-mer
AAACCG,-0.38052796885223433,-0.23394273463674217,6-mer
AAACGA,0.279769474656053,0.04743477519205289,6-mer
AAACGT,-0.20088155628693682,-0.13404188478396448,6-mer
AAACGC,0.11334147307594511,-0.10544805969727938,6-mer
AAACGG,0.1755430390119634,0.11640430005281657,6-mer
AAAGAA,0.344818483283769,0.39394958383503625,6-mer
AAAGAT,0.05645281708233814,0.27834546615172306,6-mer
AAAGAC,0.2114241797045974,0.29159899615622514,6-mer
AAAGAG,0.18175043683910208,-0.1195333965297235,6-mer
AAAGTA,0.04459015102407018,0.33147516487934414,6-mer
AAAGTT,-0.04048073792819167,-0.023397941626943693,Inverted repeat
AAAGTC,-0.020526719531986065,0.06677437839355994,6-mer
AAAGTG,-0.34128463333033365,-0.28806464302107854,6-mer
AAAGCA,0.049284258348086495,0.17389931402387093,6-mer
AAAGCT,-0.26001445930299544,-0.023657247993681133,6-mer
AAAGCC,-0.06784264578105133,0.32530448440367715,6-mer
AAAGCG,-0.14218001095940788,-0.039659724006030184,6-mer
AAAGGA,-0.048300439447510696,0.011828286992609285,6-mer
AAAGGT,-0.33564497364187024,-0.04441421946281924,6-mer
AAAGGC,0.13748300191807133,0.14644909139562368,6-mer
AAAGGG,-0.05552956871333932,-0.4440244135920134,6-mer
AATAAA,-0.02220546746539076,0.0367547117843197,6-mer
AATAAT,0.2723481150726177,0.3145306408774612,6-mer
AATAAC,-0.2763312284472515,-0.25429233107345267,6-mer
AATAAG,-0.30082524909548536,-0.21782823994848194,6-mer
AATATA,0.19188288982522855,-0.1267477266607838,Inverted repeat
AATATT,0.5106340712948553,0.2386776926966034,Palindromes
AATATC,0.6649701486128061,0.4526582338530431,Inverted repeat
AATATG,0.49563678886118184,-0.029206557050810374,Inverted repeat
AATACA,-0.16359916703810728,-0.41942279592198484,6-mer
AATACT,0.1919591230428881,0.2272527124269827,6-mer
AATACC,0.34004603455024174,0.5233261674506481,6-mer
AATACG,0.13689620105484152,0.08982330185262424,6-mer
AATAGA,-0.6906160890078828,-0.5776047594272095,6-mer
AATAGT,0.07125604034119408,0.16609792333083653,6-mer
AATAGC,-0.10155586934276782,-0.046878692415940726,6-mer
AATAGG,-0.6256044852185021,-0.7884385148355446,6-mer
AATTAA,0.024048378494667934,0.13532081352733924,6-mer
AATTAT,0.13420335145608206,0.2282033375153899,6-mer
AATTAC,0.27642961052487836,0.31074829575729496,6-mer
AATTAG,0.16686285262310832,0.17777939528482417,6-mer
AATTTA,-0.26852547161302254,-0.29851771865250654,6-mer
AATTTT,-0.17024411437128922,-0.2636936856426786,Inverted repeat
AATTTC,0.19706475191619796,-0.16421939831891982,6-mer
AATTTG,-0.043907930812522616,-0.33994991258413637,6-mer
AATTCA,-0.1554033182587827,0.015346189763683772,6-mer
AATTCT,0.12593522153396997,-0.10830864731002438,6-mer
AATTCC,0.4506497225843103,0.18933983973545768,6-mer
AATTCG,0.12656916571333593,-0.13121640481061422,6-mer
AATTGA,0.16823685684266473,0.43557500579083164,6-mer
AATTGT,0.23271352414014662,-0.13034328799188577,6-mer
AATTGC,0.44901048162206114,0.3439304064889862,6-mer
AATTGG,-0.0071892107793867606,0.23354453834970135,6-mer
AATCAA,-0.20378442401279045,0.2783669403562566,6-mer
AATCAT,-0.1831427013564525,0.1654322578100896,6-mer
AATCAC,-0.10975853326703042,0.16560515605620751,6-mer
AATCAG,-0.3293076252529599,0.02109857785418048,6-mer
AATCTA,-0.7651712555470233,-0.5738853053646764,6-mer
AATCTT,-0.18994042817601603,0.0612994401688198,Inverted repeat
AATCTC,-0.07038932789139794,-0.4771511141416442,6-mer
AATCTG,-0.2707452474974116,-0.1732957857815518,6-mer
AATCCA,-0.35571088348745916,-0.08349566228664654,6-mer
AATCCT,0.047358658687090736,-0.0282948643980651,6-mer
AATCCC,0.4340742793291831,0.06555234309873882,6-mer
AATCCG,-0.4876652993662411,-0.3344715889284801,6-mer
AATCGA,-0.10554520023379718,-0.11921054000369621,6-mer
AATCGT,0.10455763003086047,0.4554380487424259,6-mer
AATCGC,0.19559236199273258,0.15051409027758628,6-mer
AATCGG,-0.05701696536553827,0.11097197396727816,6-mer
AATGAA,-0.2186315083684116,0.044224000256683264,6-mer
AATGAT,-0.08002441406577765,0.2672720846914428,6-mer
AATGAC,-0.14773141642456267,0.035665849149636844,6-mer
AATGAG,-0.34910535595746134,-0.6409576942567417,6-mer
AATGTA,-0.24032892449333382,-0.5062063361057271,6-mer
AATGTT,0.07243044338831647,-0.4856072881174892,Inverted repeat
AATGTC,0.2632985389434456,-0.33386328130437265,6-mer
AATGTG,-0.28766277860283235,-0.8643572906187814,6-mer
AATGCA,-0.19396783901086379,-0.5026724690315516,6-mer
AATGCT,-0.16305283673277157,-0.18992741069352403,6-mer
AATGCC,0.24331127798394447,-0.04061323610313384,6-mer
AATGCG,-0.09982274847791651,-0.5264635838798987,6-mer
AATGGA,-0.050099316007054695,0.013234346452722623,6-mer
AATGGT,0.06882580731353652,0.5283430348031699,6-mer
AATGGC,0.060968017291427264,0.32232624448030966,6-mer
AATGGG,0.20595553152577417,-0.08879279821238326,6-mer
AACAAA,0.1290931211868719,-0.1556906977781673,6-mer
AACAAT,0.22628068647260613,-0.047336331920385,6-mer
AACAAC,0.21717792210619316,0.057564065791484674,6-mer
AACAAG,0.23485819795128354,0.12936856828610624,6-mer
AACATA,0.15413388089562705,-0.4840982562679072,6-mer
AACATT,0.07400058144377666,-0.5304126187516803,Inverted repeat
AACATC,0.34509725934154334,0.050646821469993504,6-mer
AACATG,0.17181306085826606,-0.40987579416306497,6-mer
AACACA,-0.25539434363166164,-0.9216226384351929,6-mer
AACACT,-0.17293925177545377,-0.5868148806557882,6-mer
AACACC,0.6036317121652265,0.3628998759436683,6-mer
AACACG,0.16300558750252173,-0.15624588190514813,6-mer
AACAGA,-0.06811270592473984,-0.4112830395282791,6-mer
AACAGT,0.17567764900137706,-0.04975303519709959,6-mer
AACAGC,0.2671173595835704,0.06054459979128175,6-mer
AACAGG,0.2839001936970163,-0.1790034592527523,6-mer
AACTAA,0.12247714114187798,0.23629717254569155,6-mer
AACTAT,-0.13429063167700023,-0.03215683210817352,6-mer
AACTAC,0.46394709975979026,0.6705139448363693,6-mer
AACTAG,0.20853841225632166,0.21970795258344003,6-mer
AACTTA,-0.28492058346270754,-0.03186805366304604,6-mer
AACTTT,0.0037388748573307833,-0.09523419915713047,Inverted repeat
AACTTC,0.17281763494905075,0.289275751687932,6-mer
AACTTG,-0.041530884528450336,0.2314401932463865,6-mer
AACTCA,-0.16886101095145603,-0.49825086752782527,6-mer
AACTCT,0.11856886571351688,-0.5927926151435805,6-mer
AACTCC,0.3611522791321427,-0.10624480658061541,6-mer
AACTCG,0.1300883170166093,-0.4569633630465475,6-mer
AACTGA,0.023910098836657106,0.26687452418683183,6-mer
AACTGT,0.05100893881754779,-0.1158580538759884,6-mer
AACTGC,0.2396756091507246,0.3430195086211579,6-mer
AACTGG,0.2791686094377118,0.6399335135054287,6-mer
AACCAA,-0.24194165087468741,0.31691899559999337,6-mer
AACCAT,-0.32866796521508107,0.1077660534096206,6-mer
AACCAC,-0.3031625185391033,0.1928204922584838,6-mer
AACCAG,-0.10549312884731381,0.5270905504078071,6-mer
AACCTA,-0.5018074034164915,-0.7394830328882052,6-mer
AACCTT,-0.4578284967505814,-0.3120578508633012,Inverted repeat
AACCTC,-0.6095046849839476,-0.9241641619280057,6-mer
AACCTG,-0.14960315840943508,-0.11323558331547402,6-mer
AACCCA,-0.42958260181983443,-0.4264961226828503,6-mer
AACCCT,-0.547301448745674,-0.8897370803064297,6-mer
AACCCC,-0.290988467404795,-0.8497509432948926,6-mer
AACCCG,-0.5778581140212059,-0.6509749821001214,6-mer
AACCGA,-0.4006275129325664,-0.11864449649861906,6-mer
AACCGT,-0.22514697117733135,0.294803693844074,6-mer
AACCGC,-0.041592063583962814,0.1327668745821325,6-mer
AACCGG,-0.34103691783506696,-0.19036533813556136,6-mer
AACGAA,-0.18375115630932873,-0.18809924378257015,6-mer
AACGAT,0.32668900684552166,0.5370491343626964,6-mer
AACGAC,0.2561422146463885,0.2674803108649859,6-mer
AACGAG,0.2230861915065325,-0.33534471041450953,6-mer
AACGTA,-0.43929068104201774,0.01586121380757603,Inverted repeat
AACGTT,-0.3836470801312974,-0.13750352374993496,Palindromes
AACGTC,-0.08914050218853577,0.12152066766027769,Inverted repeat
AACGTG,0.11017001644400447,0.24500669349921073,Inverted repeat
AACGCA,-0.2816982500988295,-0.4679195052699634,6-mer
AACGCT,-0.01469267343015405,0.07953073237608042,6-mer
AACGCC,0.5304204259866199,0.5776098344340812,6-mer
AACGCG,-0.022830708380885214,-0.2747012946024895,6-mer
AACGGA,-0.0799373113905615,-0.17409185275403688,6-mer
AACGGT,0.170618771612397,0.5231673997737143,6-mer
AACGGC,0.13960606729558164,0.45943161863729726,6-mer
AACGGG,0.04468191968009589,-0.24682417865253475,6-mer
AAGAAA,0.4058545405540045,0.4339684019620295,6-mer
AAGAAT,0.15445249138636843,0.1524504268773303,6-mer
AAGAAC,-0.01843348903077432,0.13219137399579733,6-mer
AAGAAG,0.44701731309485304,0.9618179252789602,6-mer
AAGATA,0.25334602666134987,0.3263269532311811,6-mer
AAGATT,-0.17343161769815624,0.13558066181019268,Inverted repeat
AAGATC,-0.03921717445472955,0.37947578191710996,6-mer
AAGATG,0.036965119457001115,0.5431327390448155,6-mer
AAGACA,0.19310097778530763,0.0007477041063391856,6-mer
AAGACT,0.055869622880828806,0.24043119922740244,6-mer
AAGACC,-0.1174828452275233,0.27585008518957854,6-mer
AAGACG,0.315085896068516,0.7285680440252569,6-mer
AAGAGA,0.09473765785524625,-0.1845540638988727,6-mer
AAGAGT,0.26562452329950154,-0.2868400868941659,6-mer
AAGAGC,0.2384363407599869,-0.15523816675042654,6-mer
AAGAGG,-0.02433733774951551,-0.2816982500988295,6-mer
AAGTAA,-0.15966180721515988,0.2791346580862002,6-mer
AAGTAT,0.2573794225053722,0.35713342616042404,6-mer
AAGTAC,0.005638538159757682,0.44540239067728393,6-mer
AAGTAG,0.20258669695970316,0.5189186431057222,6-mer
AAGTTA,0.19015208433623987,0.3440869374301454,6-mer
AAGTTT,-0.19973858515849363,-0.29504177965443595,Inverted repeat
AAGTTC,-0.287153416780146,-0.1429360896915088,6-mer
AAGTTG,0.1658719671204375,0.44589263898373,6-mer
AAGTCA,0.07283563616282941,0.39967399266328596,6-mer
AAGTCT,-0.08753155573873721,-0.21990465803992076,6-mer
AAGTCC,-0.2577401061642806,-0.12092478225960632,6-mer
AAGTCG,0.05833547854519631,0.19878827145275244,6-mer
AAGTGA,-0.41558387120012097,-0.09352623920136603,6-mer
AAGTGT,-0.5973298929960073,-0.6004755000924807,6-mer
AAGTGC,-0.43858021513449763,-0.41671917526382113,6-mer
AAGTGG,-0.09165157351312433,0.296063798856063,6-mer
AAGCAA,0.11959701760748737,0.3451648034577436,6-mer
AAGCAT,-0.0926629569050504,-0.03140209913913383,6-mer
AAGCAC,-0.12041104640073484,-0.026883294150947316,6-mer
AAGCAG,0.11168110341300386,0.42715787545198275,6-mer
AAGCTA,-0.2661251079450764,0.15471492702714568,Inverted repeat
AAGCTT,-0.5597268814263694,-0.08506590452384175,Palindromes
AAGCTC,-0.2142588910484585,-0.3376026713638402,Inverted repeat
AAGCTG,-0.06273575534796248,0.42281636558595054,Inverted repeat
AAGCCA,0.03536916770964689,0.6264773118171432,6-mer
AAGCCT,-0.1742754589883388,-0.03022471450331748,6-mer
AAGCCC,-0.03182167163191056,-0.026619417630477243,6-mer
AAGCCG,0.0022618688315707743,0.46968171533105474,6-mer
AAGCGA,-0.02197547051396853,-0.05773688759417314,6-mer
AAGCGT,-0.09441705904133911,0.22230593142059865,6-mer
AAGCGC,-0.4555067369591374,-0.34375396078830156,6-mer
AAGCGG,-0.17476046935722772,0.2498998797444816,6-mer
AAGGAA,0.3792984763088985,0.25409598191817956,6-mer
AAGGAT,0.06414973904346095,0.11450055369705182,6-mer
AAGGAC,0.307181509518176,0.11987980511116898,6-mer
AAGGAG,-0.2520040774469868,-0.1377898579854462,6-mer
AAGGTA,-0.003737016154266797,0.3783161975070248,6-mer
AAGGTT,-0.4898185962873997,-0.1678396021208936,Inverted repeat
AAGGTC,-0.23575354126760412,0.05410102400607182,6-mer
AAGGTG,-0.07788386443832203,0.3641342188217785,6-mer
AAGGCA,0.2637188503983301,0.16966042305878204,6-mer
AAGGCT,0.2586191153457998,0.4436440032870548,6-mer
AAGGCC,-0.16662535441712484,-0.17996594387164946,6-mer
AAGGCG,0.31462857422929114,0.30944087883434646,6-mer
AAGGGA,-0.13419729696778662,-0.239923735170683,6-mer
AAGGGT,0.157671843531742,-0.3394801085322886,6-mer
AAGGGC,0.2644328502119647,-0.11565476896048232,6-mer
AAGGGG,-0.37943613148202804,-0.7053144410863783,6-mer
ATAAAA,-0.17516847765540333,-0.07172980530991056,6-mer
ATAAAT,-0.17295531276772502,-0.23621954240151213,Inverted repeat
ATAAAC,0.13166312153375848,-0.31357045057027083,6-mer
ATAAAG,0.12822571016192394,0.08819328529057578,6-mer
ATAATA,0.1019439178188286,0.1368826019316308,6-mer
ATAATT,0.0679052013150676,0.21232048849685478,6-mer
ATAATC,0.20343653966323078,0.4440601717489075,6-mer
ATAATG,0.3307663604763879,0.14345376448037045,6-mer
ATAACA,-0.5905347146179963,-0.7347685165554129,6-mer
ATAACT,-0.3171377361721756,-0.25506743198828635,6-mer
ATAACC,-0.31074324479042054,-0.07144586037427336,6-mer
ATAACG,0.12105938623678157,-0.0027658449983766482,6-mer
ATAAGA,-0.3292613793453639,-0.32554646485512656,6-mer
ATAAGT,-0.1953893194298405,-0.22841319228525073,6-mer
ATAAGC,-0.2273801360394998,-0.08012414917902741,6-mer
ATAAGG,0.1933209716258237,-0.04109662006688787,6-mer
ATATAA,-0.16357824370734703,-0.33546725057674204,Inverted repeat
ATATAT,-0.23299655621010185,-0.4722408751481465,Palindromes
ATATAC,-0.32580049252216686,-0.6027837778084006,Inverted repeat
ATATAG,-0.23583974277766384,-0.5516424275211298,Inverted repeat
ATATTA,0.1596082509662182,0.051320273989346035,6-mer
ATATTT,0.5725510843185899,0.1889259633723682,6-mer
ATATTC,0.74849970538476,0.2568817688938037,6-mer
ATATTG,0.5335920269557013,0.17520604110804866,6-mer
ATATCA,0.12683798992192605,0.261088208955395,6-mer
ATATCT,0.24064022238299554,0.05062607306996801,6-mer
ATATCC,0.4538397703929432,0.015112979081841116,6-mer
ATATCG,0.6262244659074111,0.31547628022517304,6-mer
ATATGA,0.22335453877183153,-0.05403541507554258,6-mer
ATATGT,0.25162296033968357,-0.6213280683910978,6-mer
ATATGC,0.2673689960976848,-0.3220207208089304,6-mer
ATATGG,0.49078006166444854,0.22106641477169423,6-mer
ATACAA,-0.3696991201167418,-0.44462167459711194,6-mer
ATACAT,-0.1922027671158147,-0.6624750500616192,Inverted repeat
ATACAC,-0.2476864415003579,-0.6800027932539434,6-mer
ATACAG,-0.22982452709393125,-0.43546191447927635,6-mer
ATACTA,-0.13809418702978796,0.044094024071149734,6-mer
ATACTT,0.10829961534688873,0.19119884135520207,6-mer
ATACTC,0.362796579901837,-0.24037638740623887,6-mer
ATACTG,0.2831753434290733,0.35317118193283203,6-mer
ATACCA,-0.0584956493101444,0.5366494132259704,6-mer
ATACCT,-0.07166098512744648,-0.028630780810842263,6-mer
ATACCC,-0.028569152196770874,-0.308021860607104,6-mer
ATACCG,0.48799830046796244,0.5988376622520604,6-mer
ATACGA,-0.36542705105961154,-0.3398742354020458,6-mer
ATACGT,-0.6706620529689437,0.10082436951948687,6-mer
ATACGC,-0.010746381463996165,-0.13104643797974388,6-mer
ATACGG,0.0405523788924668,0.027624247708352406,6-mer
ATAGAA,-0.7394619552739866,-0.5807300279029266,6-mer
ATAGAT,-0.7569245534549592,-0.5566063481751305,Inverted repeat
ATAGAC,-0.4931497344456176,-0.7025443064660153,6-mer
ATAGAG,-0.5683588719045353,-0.9915197696116393,6-mer
ATAGTA,-0.1640071113475946,0.1062930397262231,6-mer
ATAGTT,-0.07837650942161482,-0.11860331840665547,6-mer
ATAGTC,0.006592677310428734,0.06337709567454533,6-mer
ATAGTG,-0.06367129460705381,-0.19013614014371777,6-mer
ATAGCA,-0.7826889085576669,-0.5718102108012806,6-mer
ATAGCT,-0.35037478241440323,-0.19900223430673572,6-mer
ATAGCC,0.18738011756728157,0.3428877135230084,6-mer
ATAGCG,0.22034022320820354,-0.003562700498422691,6-mer
ATAGGA,-0.8978331109816514,-0.936443623554652,6-mer
ATAGGT,-0.7534243795563734,-0.7368671133278534,6-mer
ATAGGC,-0.7574554175706447,-1.0558703018872775,6-mer
ATAGGG,-0.686533483860834,-1.2037232098923778,6-mer
ATTAAA,-0.1608343616442171,-0.07769773873609717,Inverted repeat
ATTAAT,0.03242147769237732,0.23272516425656356,Palindromes
ATTAAC,0.16976254493170898,0.18747027718172568,Inverted repeat
ATTAAG,-0.16344975348295995,0.09643340562700402,Inverted repeat
ATTATA,-0.6465754924489749,-0.2373629982315965,6-mer
ATTATT,0.366923648978518,0.4333130058044925,6-mer
ATTATC,0.5241828706527341,0.5844415952503059,6-mer
ATTATG,-0.04830903488163709,0.06902710909596732,6-mer
ATTACA,-0.04325319795388373,-0.17340985317739613,6-mer
ATTACT,0.3055346169126306,0.5079162754161551,6-mer
ATTACC,0.30658146879211606,0.6214883767462702,6-mer
ATTACG,0.1436084750849234,0.3340009271879373,6-mer
ATTAGA,-0.10679658074255191,-0.0911478880581952,6-mer
ATTAGT,0.1963637803247139,0.34102159047913383,6-mer
ATTAGC,0.0940822024396129,0.16373754295038556,6-mer
ATTAGG,0.2099948162042256,0.10025346800369792,6-mer
ATTTAA,-0.3848503982424298,-0.3625342177647288,6-mer
ATTTAT,-0.14633118534758222,-0.15587305256232106,Inverted repeat
ATTTAC,-0.02911502021601095,0.024685380473714887,6-mer
ATTTAG,-0.06273575534796248,-0.16399888657490175,6-mer
ATTTTA,-0.26945922595793187,-0.1802902213928748,6-mer
ATTTTT,0.04936531703964203,0.06481645292267875,6-mer
ATTTTC,0.0779237429236477,-0.08069899175386948,6-mer
ATTTTG,0.19053685197854112,0.09087029713056166,6-mer
ATTTCA,-0.08446108091379671,-0.18648219649158074,6-mer
ATTTCT,0.4498918528275065,0.0797312082171261,6-mer
ATTTCC,0.03512923332684113,-0.4250753685840174,6-mer
ATTTCG,-0.31982515842356973,-0.7231504844985842,6-mer
ATTTGA,-0.11649531370829713,-0.13822661876510028,6-mer
ATTTGT,-0.06348519708883568,-0.5625267472442302,6-mer
ATTTGC,-0.0642273686537364,-0.37424079388040177,6-mer
ATTTGG,0.009201588666858046,-0.026136494547475034,6-mer
ATTCAA,-0.20144990260505463,0.06828759571247751,6-mer
ATTCAT,-0.11904446236217944,0.006543803196247481,Inverted repeat
ATTCAC,-0.23216155434900024,-0.1236313491683772,6-mer
ATTCAG,-0.27417496343899417,-0.07959822903039604,6-mer
ATTCTA,-0.31469652565628653,-0.44458633852771295,6-mer
ATTCTT,0.1511628167406599,0.12804453200210605,6-mer
ATTCTC,0.14835416316373312,-0.4913033935069109,6-mer
ATTCTG,-0.09956855511445081,-0.2533089101507933,6-mer
ATTCCA,0.2463556646871634,0.2491308550157677,6-mer
ATTCCT,0.5219297980022413,0.19759995988516066,6-mer
ATTCCC,0.15858774677834386,-0.5446158725950558,6-mer
ATTCCG,0.17478156801192637,-0.05797415675601774,6-mer
ATTCGA,-0.23727130976871225,-0.45931183823614186,6-mer
ATTCGT,0.051954179629031316,0.0731814113408245,6-mer
ATTCGC,-0.2882192480920537,-0.6010025119854238,6-mer
ATTCGG,-0.4377178884196442,-0.4854268271702417,6-mer
ATTGAA,-0.14820299585048521,0.19495264560090683,6-mer
ATTGAT,0.025737732045793476,0.5405683813627028,Inverted repeat
ATTGAC,-0.2020358940664666,0.12953443784790397,6-mer
ATTGAG,-0.06945524236774124,-0.3127874410308934,6-mer
ATTGTA,-0.31179851267999315,-0.33402623740523246,6-mer
ATTGTT,0.25267946287740234,-0.09878237798298171,6-mer
ATTGTC,0.06572175156302319,-0.18891405393285732,6-mer
ATTGTG,-0.010666925051855949,-0.413518624687705,6-mer
ATTGCA,-0.12382609366384663,-0.23503590395287657,6-mer
ATTGCT,0.24493894352084358,0.31081734086045604,6-mer
ATTGCC,0.3421806833491472,0.42469787221171057,6-mer
ATTGCG,0.20292882277134267,0.09439237027495463,6-mer
ATTGGA,-0.32935230249127356,-0.14087900251763597,6-mer
ATTGGT,-0.017921907997262156,0.6023700872646145,6-mer
ATTGGC,-0.027171530347685078,0.3563577917701671,6-mer
ATTGGG,-0.04819612989126221,-0.20048364138351601,6-mer
ATCAAA,0.030226081402527884,0.3516154232623787,6-mer
ATCAAT,-0.00539882637726558,0.5129845930683449,Inverted repeat
ATCAAC,0.19711156500673827,0.7460183013901589,6-mer
ATCAAG,0.30873444983885007,0.8980159677097685,6-mer
ATCATA,-0.13803947634388494,0.16574315007135226,6-mer
ATCATT,-0.06927998908941936,0.280648751504612,6-mer
ATCATC,0.09760616270975019,0.8411297447088376,6-mer
ATCATG,0.3023607260398629,0.46531783149320466,6-mer
ATCACA,-0.35245648015005665,-0.40634714775702996,6-mer
ATCACT,-0.07599825763683686,0.3371345075094516,6-mer
ATCACC,0.17944225287093046,1.0402451491101958,6-mer
ATCACG,0.21356742252679414,0.6098801329254855,6-mer
ATCAGA,-0.33550404416623886,-0.01489815404926851,6-mer
ATCAGT,-0.10542772393382997,0.4480821713830234,6-mer
ATCAGC,-0.013517100419112811,0.64568156105958,6-mer
ATCAGG,0.30420557809225396,0.4756804806729762,6-mer
ATCTAA,-0.2756624033549591,-0.19694521537602153,6-mer
ATCTAT,-0.8085885219967147,-0.36916143063442886,Inverted repeat
ATCTAC,-0.282996305601992,-0.09146305588360554,6-mer
ATCTAG,-0.29452341514937547,-0.19940188232046094,6-mer
ATCTTA,-0.501755723717356,-0.1602915541390534,6-mer
ATCTTT,0.1148891882164246,0.2300443256395885,6-mer
ATCTTC,0.159116718906955,0.611359029719529,6-mer
ATCTTG,0.1648525157120615,0.4891878544098448,6-mer
ATCTCA,-0.5330038782369454,-0.7015844763148761,6-mer
ATCTCT,-0.17095882093541478,-0.5913760728386581,6-mer
ATCTCC,0.025090980962830467,-0.48960976730232203,6-mer
ATCTCG,-0.05753990562438644,-0.4295997934817355,6-mer
ATCTGA,-0.5529695675264757,-0.27972279366231995,6-mer
ATCTGT,-0.26498267762331557,-0.2663833926754906,6-mer
ATCTGC,-0.04313476272597732,0.15686108753944128,6-mer
ATCTGG,0.1807788964498462,0.42690346095561293,6-mer
ATCCAA,-0.380857596518604,0.0022081637950173137,6-mer
ATCCAT,-0.307938344616278,-0.028227776812081513,Inverted repeat
ATCCAC,-0.31009855082269494,0.044345380484413305,6-mer
ATCCAG,0.3348230927841384,0.6831062831453987,6-mer
ATCCTA,0.11154910061372089,0.019834051938499145,6-mer
ATCCTT,0.03592742119391297,0.15064854096324412,6-mer
ATCCTC,0.11247472925841263,-0.31289582551590694,6-mer
ATCCTG,0.44006731914034025,0.35101846681155646,6-mer
ATCCCA,0.45541110036161436,0.30963814326489997,6-mer
ATCCCT,0.48155442953543753,-0.013619609289127836,6-mer
ATCCCC,0.7632312488600118,0.32591160880586,6-mer
ATCCCG,0.5549874412756663,0.1442424774163004,6-mer
ATCCGA,-0.7517068925076896,-0.6141800888211647,6-mer
ATCCGT,-0.5473639889284976,-0.24202122808538046,6-mer
ATCCGC,0.1099728420251317,0.07279582559849312,6-mer
ATCCGG,-0.2931850182845286,-0.20554891117303364,6-mer
ATCGAA,-0.1461612126778642,-0.1545203084439893,Inverted repeat
ATCGAT,0.05246741989413535,0.2889130376593994,Palindromes
ATCGAC,0.2514076665332554,0.3166681111923258,Inverted repeat
ATCGAG,0.2070350827966845,-0.3096640911934664,Inverted repeat
ATCGTA,0.060980432537447234,0.4929563610247764,6-mer
ATCGTT,0.2902736857286513,0.5623987777185658,6-mer
ATCGTC,0.4546833037391338,0.8984938799225751,6-mer
ATCGTG,0.5200070588803862,0.7214552848067142,6-mer
ATCGCA,-0.12830543689184348,-0.14860245230777344,6-mer
ATCGCT,0.25959721268745056,0.35754346596531633,6-mer
ATCGCC,0.5234787260516502,0.6926462084212216,6-mer
ATCGCG,0.48185759768638003,0.38872189832172416,6-mer
ATCGGA,-0.2636294543226951,-0.2879255813755046,6-mer
ATCGGT,0.3464813292464002,0.7680276504570709,6-mer
ATCGGC,0.16430045224843423,0.41790283297323316,6-mer
ATCGGG,0.06303780041870369,-0.08438259997089775,6-mer
ATGAAA,-0.015329843609321799,0.08851377577079333,6-mer
ATGAAT,-0.06502064907919353,0.03032373829846926,Inverted repeat
ATGAAC,0.0039399980088288275,0.04982630411876276,6-mer
ATGAAG,0.2949742368096818,0.704484829869923,6-mer
ATGATA,-0.004495781266383726,0.1416505474471359,6-mer
ATGATT,-0.2015344506586111,0.18284502530079266,6-mer
ATGATC,0.13335372516056923,0.6443434296267572,6-mer
ATGATG,0.24787267703307292,0.721744857227437,6-mer
ATGACA,0.08269198542114305,-0.08820505392046332,6-mer
ATGACT,0.10688014066437126,0.28921251974398393,6-mer
ATGACC,0.01982593096062854,0.38146141819698115,6-mer
ATGACG,0.05577196496975801,0.3526149987450287,6-mer
ATGAGA,-0.2768402053588244,-0.7667611803055429,6-mer
ATGAGT,0.1174981528453261,-0.39348512421109477,6-mer
ATGAGC,0.1574830227601939,-0.3425840440325453,6-mer
ATGAGG,-0.0110055798216504,-0.48673480100497274,6-mer
ATGTAA,-0.31056171573444924,-0.48662149580988495,6-mer
ATGTAT,-0.19447011935072242,-0.6120195316557074,Inverted repeat
ATGTAC,0.05392542410199665,-0.15979509715810614,6-mer
ATGTAG,0.16264052442730648,-0.3004535663685915,6-mer
ATGTTA,-0.017921907997262447,-0.4786535985748155,6-mer
ATGTTT,0.24597399305683826,-0.44798644834046397,6-mer
ATGTTC,0.14653626219387247,-0.47559782716170346,6-mer
ATGTTG,0.44955159873130035,0.01796574746292016,6-mer
ATGTCA,-0.0006819641067135805,-0.317596150025341,6-mer
ATGTCT,0.35814401387166883,-0.344203688208829,6-mer
ATGTCC,0.29548529057355133,-0.2955641898991727,6-mer
ATGTCG,0.2970015551328128,-0.14485297948547962,6-mer
ATGTGA,-0.5628468145420334,-0.7829730153879295,6-mer
ATGTGT,-0.33549359784048854,-0.9537769832393543,6-mer
ATGTGC,-0.1591985948492538,-0.8317798802089874,6-mer
ATGTGG,0.12681100199117434,-0.24143817702699436,6-mer
ATGCAA,-0.33471937372326416,-0.46342563553911903,Inverted repeat
ATGCAT,-0.3542014997367112,-0.8106434920725804,Palindromes
ATGCAC,-0.0479610384511684,-0.5080913801634432,Inverted repeat
ATGCAG,0.13723134281508562,-0.02395279517901861,Inverted repeat
ATGCTA,-0.27360997222725636,-0.14197167158149374,6-mer
ATGCTT,-0.18052267445481474,-0.11639279995533171,6-mer
ATGCTC,0.19117369072572768,-0.36604092396496146,6-mer
ATGCTG,-0.025453178974914552,0.028183390592628022,6-mer
ATGCCA,0.07832265394582244,0.2039900515364052,6-mer
ATGCCT,0.21309769069188964,-0.27058971430266665,6-mer
ATGCCC,-0.03601922280098176,-0.6513770384472174,6-mer
ATGCCG,0.2891446960976608,0.13785651984684869,6-mer
ATGCGA,-0.537473574939837,-0.7634266434336103,6-mer
ATGCGT,-0.4056448200168176,-0.5976853521610634,6-mer
ATGCGC,-0.28038164939769067,-0.8347610793982561,6-mer
ATGCGG,0.26752978685192075,-0.042881720385728156,6-mer
ATGGAA,-0.0361913414158686,-0.00016337637080918107,6-mer
ATGGAT,-0.17590181410781952,0.10475774121312965,Inverted repeat
ATGGAC,0.004221838606388908,-0.1176566123067872,6-mer
ATGGAG,0.010474449468162709,-0.38409901278574726,6-mer
ATGGTA,0.01021019860221872,0.6453265058787251,6-mer
ATGGTT,-0.3856445115149864,0.15626040392180998,6-mer
ATGGTC,0.143143814055337,0.5309057439517195,6-mer
ATGGTG,0.3756870950297044,0.8512617267548159,6-mer
ATGGCA,0.19959255196331013,0.34444188053975217,6-mer
ATGGCT,0.13485533491506105,0.5039398797768054,6-mer
ATGGCC,-0.5671254546421495,-0.32940059938105815,6-mer
ATGGCG,0.275986210946246,0.5101635054917483,6-mer
ATGGGA,-0.011495638837829466,-0.13687585567786817,6-mer
ATGGGT,0.20736080814463503,0.09811499885128706,6-mer
ATGGGC,-0.08884623259895896,-0.41232019313819046,6-mer
ATGGGG,0.22683999782599262,-0.20188374339784756,6-mer
ACAAAA,0.01608994970846871,-0.10957811456890273,6-mer
ACAAAT,0.049153783622203545,-0.38291092543421096,6-mer
ACAAAC,0.02183721071490525,-0.4500708907904863,6-mer
ACAAAG,-0.1737496070854437,-0.3498635132540927,6-mer
ACAATA,0.15020885579951426,-0.13643900052075508,6-mer
ACAATT,0.17451824804957994,-0.12518356155576907,6-mer
ACAATC,-0.236153496994686,-0.11967580331277623,6-mer
ACAATG,-0.07615627111028433,-0.4531648602349385,6-mer
ACAACA,0.26049881614351245,-0.15988898467600535,6-mer
ACAACT,0.09353693292947124,0.017172650623429146,6-mer
ACAACC,-0.44909349447004215,-0.46516097870468026,6-mer
ACAACG,0.06273575534796262,0.03794515311044833,6-mer
ACAAGA,0.18371195317238795,0.07846332651956894,6-mer
ACAAGT,-0.04606886653527358,-0.04856865186591456,Inverted repeat
ACAAGC,-0.09500929466440142,-0.01516615013748997,6-mer
ACAAGG,0.29679481173446937,0.0282633332637641,6-mer
ACATAA,0.004257834003156654,-0.4413364778507875,6-mer
ACATAT,0.20779396061257863,-0.5983054401387126,6-mer
ACATAC,-0.4710777419898024,-0.5153466504866195,6-mer
ACATAG,-0.1639649449354707,-0.7666188681805824,6-mer
ACATTA,0.3394370527023479,-0.1601514406028807,6-mer
ACATTT,-0.16784695661794496,-0.8249903419634305,6-mer
ACATTC,-0.268922965196253,-0.6877870599458495,6-mer
ACATTG,0.11082813021237958,-0.3028412556965954,6-mer
ACATCA,0.22414636536094412,0.17734909561521336,6-mer
ACATCT,-0.10470940107527404,-0.35765527714287476,6-mer
ACATCC,0.02786679343294381,-0.31531779676653565,6-mer
ACATCG,0.3956261928326226,-0.026800059343715044,6-mer
ACATGA,0.06082519269604346,-0.3075035112907017,Inverted repeat
ACATGT,0.16587816837961036,-0.7222322192617813,Palindromes
ACATGC,-0.19110051159214925,-0.7403561833669804,Inverted repeat
ACATGG,0.13216510413029867,-0.20637553894468588,Inverted repeat
ACACAA,-0.340513158511511,-0.8272596598125525,6-mer
ACACAT,-0.43541401448820694,-1.236241202346664,6-mer
ACACAC,-0.113640346351746,-0.6685031962638595,6-mer
ACACAG,-0.16073582998765187,-1.00795273647473,6-mer
ACACTA,0.07679674925587625,-0.23008789319779543,6-mer
ACACTT,-0.6894238802282875,-0.7098174891215873,6-mer
ACACTC,-0.1363821128571803,-1.1070182498821208,6-mer
ACACTG,-0.19596935060032372,-0.4193103457642548,6-mer
ACACCA,0.6075808033831751,0.6200240832524968,6-mer
ACACCT,0.38236022532424613,-0.03137818847668951,6-mer
ACACCC,0.19004796645635685,-0.4265931891079984,6-mer
ACACCG,0.6057210608879535,0.47605124020678197,6-mer
ACACGA,0.12828702447124243,-0.19256866198639974,6-mer
ACACGT,-0.3483496527434773,-0.20626134842867633,Inverted repeat
ACACGC,-0.03984026453179097,-0.48096717897954183,6-mer
ACACGG,0.013511929717547229,-0.3169012778125297,6-mer
ACAGAA,-0.17643830840098665,-0.40571921681915246,6-mer
ACAGAT,-0.2421343251979039,-0.2903925214542555,6-mer
ACAGAC,-0.6381167547348527,-0.826726156569537,6-mer
ACAGAG,-0.5135139253219032,-1.1015839494949922,6-mer
ACAGTA,0.02776433694959603,-0.04779862367682342,6-mer
ACAGTT,0.1752653684828877,-0.08467355389764558,6-mer
ACAGTC,-0.32996541395278056,-0.5140133980660802,6-mer
ACAGTG,-0.5077581942402789,-0.6762674082658897,6-mer
ACAGCA,0.05066004588065935,-0.13939620364210564,6-mer
ACAGCT,0.06451877313056618,0.028415682164086527,6-mer
ACAGCC,-0.18326995319593545,-0.19807054959371403,6-mer
ACAGCG,-0.14472704669509867,-0.4088620358158164,6-mer
ACAGGA,0.3629489881303898,-0.18206032730122987,6-mer
ACAGGT,0.07900126250214293,-0.01598683970553908,Inverted repeat
ACAGGC,-0.21964181032041302,-0.5045651262601266,6-mer
ACAGGG,-0.1272806640338186,-1.0533962569780928,6-mer
ACTAAA,0.00272463733653573,0.08204346054629141,6-mer
ACTAAT,-0.040332094035218084,0.18810537197093577,6-mer
ACTAAC,-0.05044095196608089,0.15114613170860297,6-mer
ACTAAG,0.11642046363914517,0.4458846606574645,6-mer
ACTATA,-0.3825481629465997,-0.33402062866167026,6-mer
ACTATT,-0.013538827170961292,0.11576514027416336,6-mer
ACTATC,0.12497288747590177,0.34339962519018685,6-mer
ACTATG,-0.08145994060259595,0.02483742927024575,6-mer
ACTACA,0.3280541976842038,0.3397174083308905,6-mer
ACTACT,0.5061152686564092,0.8742574171959772,6-mer
ACTACC,0.2926884745465492,0.8178423750328272,6-mer
ACTACG,0.2291514537405551,0.5229245422626807,6-mer
ACTAGA,0.0019615163332861833,0.07251249978436797,Inverted repeat
ACTAGT,0.4247083144859794,0.5733210942857602,Palindromes
ACTAGC,0.08533735734793835,0.30469839780949953,Inverted repeat
ACTAGG,-0.023846741954367656,-0.07138463323676525,Inverted repeat
ACTTAA,-0.44156059556159116,-0.11350077509860139,6-mer
ACTTAT,-0.3734047328206411,-0.14157276291720006,6-mer
ACTTAC,-0.16681034439733625,0.2690165638489197,6-mer
ACTTAG,0.06726382197782575,0.17200116669036936,6-mer
ACTTTA,0.18212047539220574,0.16380888742936398,6-mer
ACTTTT,-0.0285222779670932,0.061137948168923366,6-mer
ACTTTC,-0.26981901040090317,-0.27297427319104095,6-mer
ACTTTG,0.17994046857167115,0.16111095267186773,6-mer
ACTTCA,0.06608406726004763,0.4480360165259666,6-mer
ACTTCT,0.30151283846334875,0.39913110836948307,6-mer
ACTTCC,-0.5149974325125362,-0.3781453175412405,6-mer
ACTTCG,-0.21091481607392004,-0.17456225969198777,6-mer
ACTTGA,-0.03629212437329125,0.40673380166305245,6-mer
ACTTGT,-0.13180116438575146,-0.15157472976640582,Inverted repeat
ACTTGC,-0.15826533110531904,0.11225065609792637,6-mer
ACTTGG,-0.10985149063069603,0.45215067229594325,6-mer
ACTCAA,-0.014053677568918782,-0.13731398226100838,6-mer
ACTCAT,0.09283696646396236,-0.5377102181029838,6-mer
ACTCAC,0.0839055770616416,-0.3679692456220652,6-mer
ACTCAG,-0.342136952231396,-0.6440517961801344,6-mer
ACTCTA,-0.2557093748889394,-0.7170104157407483,6-mer
ACTCTT,0.33735813545696836,-0.30652738740845764,6-mer
ACTCTC,-0.24976204874075666,-1.1339057786413305,6-mer
ACTCTG,0.02055458801307315,-0.5576674560657309,6-mer
ACTCCA,0.2730184944064158,-0.04717785595424767,6-mer
ACTCCT,0.25173733489124545,-0.18564935373532895,6-mer
ACTCCC,0.09285960869509272,-0.47083929094719545,6-mer
ACTCCG,-0.2768402053588244,-0.8875252707415877,6-mer
ACTCGA,-0.1676148407551113,-0.7219194455515436,6-mer
ACTCGT,0.2292788069216877,0.060773422271791264,Inverted repeat
ACTCGC,0.0393263202060691,-0.5360529002402096,6-mer
ACTCGG,-0.16566983132450652,-0.6291019294547292,6-mer
ACTGAA,-0.11471165887669248,0.22830479255460362,6-mer
ACTGAT,-0.038768851117824736,0.5122900657843725,6-mer
ACTGAC,-0.3249202045825264,0.09258960793805118,6-mer
ACTGAG,-0.34141652447872245,-0.5849625007211562,6-mer
ACTGTA,0.11532580900914587,0.10264996518850604,6-mer
ACTGTT,0.21217860847444853,-0.0269517809053038,6-mer
ACTGTC,-0.03484174921230081,-0.013849978761024418,6-mer
ACTGTG,-0.39163706669876674,-0.7717398958896853,6-mer
ACTGCA,-0.05543616901110004,0.05889368905356819,6-mer
ACTGCT,0.13919499226758927,0.48062584090642035,6-mer
ACTGCC,0.14116810833293483,0.320036035546154,6-mer
ACTGCG,-0.21968694461129848,-0.2393424902663854,6-mer
ACTGGA,0.03813512888677123,0.2554800696955201,6-mer
ACTGGT,0.19295976766790768,1.056955884812076,Inverted repeat
ACTGGC,-0.0007070301738610577,0.5194151744609902,6-mer
ACTGGG,0.1777178509331701,0.18149798270596348,6-mer
ACCAAA,-0.020063264859623998,0.35776409520797975,6-mer
ACCAAT,0.024823012963876116,0.6131512663634419,6-mer
ACCAAC,0.2048990214694694,0.9610501461492481,6-mer
ACCAAG,-0.06603968900669133,0.7145787621471588,6-mer
ACCATA,-0.028778291477518137,0.304519798710829,6-mer
ACCATT,0.10755696689701873,0.5110433010312233,6-mer
ACCATC,0.11543753988412143,0.9852576005070692,6-mer
ACCATG,-0.13032048348855385,0.2162963460070412,6-mer
ACCACA,-0.02489285543714722,0.05874743784548637,6-mer
ACCACT,0.02568664366364945,0.6128475654835907,6-mer
ACCACC,0.18493039538414077,1.1648148220695305,6-mer
ACCACG,0.29884448177432094,1.04661094229159,6-mer
ACCAGA,0.13376150422694164,0.5423181633126626,6-mer
ACCAGT,0.17054378551394267,0.9490010507963266,Inverted repeat
ACCAGC,0.3804802772424752,1.2473536110130687,6-mer
ACCAGG,-0.020098594959551862,0.4698299721192233,6-mer
ACCTAA,0.2975878194078317,0.2080934770310596,6-mer
ACCTAT,-0.6058646054919113,-0.7549255323737194,6-mer
ACCTAC,0.018235571449066238,0.0979632537321608,6-mer
ACCTAG,-0.5718725012807124,-0.47119362576358176,6-mer
ACCTTA,-0.42152235384937875,-0.20675023837339015,6-mer
ACCTTT,-0.11753287833069914,-0.11694141978352968,6-mer
ACCTTC,-0.17665009993418457,0.2587396022426254,6-mer
ACCTTG,-0.07749720535687486,0.3312445622736764,6-mer
ACCTCA,-0.5692480298671819,-0.5172038285488719,6-mer
ACCTCT,-0.5569651143242268,-0.5784196548543843,6-mer
ACCTCC,-0.8315770237229196,0.5601869216828311,6-mer
ACCTCG,-0.23644019582208073,-0.6004755000924807,6-mer
ACCTGA,0.16272950003810863,0.32304631871874057,6-mer
ACCTGT,0.0059006014396841165,-0.21574241525805132,Inverted repeat
ACCTGC,0.2574661633276499,0.23492654701933474,6-mer
ACCTGG,0.0759632414075776,0.37127069479720876,6-mer
ACCCAA,-0.04206203233998292,-0.021556143366447428,6-mer
ACCCAT,-0.09940436427250487,-0.18539180278808293,6-mer
ACCCAC,-0.2855094385896127,-0.29057185085207904,6-mer
ACCCAG,0.018580159553900553,0.12217723817152575,6-mer
ACCCTA,-0.29208608335843644,-0.6223322599667247,6-mer
ACCCTT,-0.04854385195803697,-0.21032430817480263,6-mer
ACCCTC,-0.6173385026758227,-1.0179219079972626,6-mer
ACCCTG,-0.04567757439464423,-0.5085493852019883,6-mer
ACCCCA,0.21642346354220385,-0.06766297424685726,6-mer
ACCCCT,-0.9137989649506962,-1.3679372169521313,6-mer
ACCCCC,-1.3598959450863828,-1.550540336200188,6-mer
ACCCCG,0.12357468511853247,-0.36864459379439257,6-mer
ACCCGA,-0.049630767724600545,-0.39660478118185843,6-mer
ACCCGT,0.011961611929638452,-0.2525834905572092,Inverted repeat
ACCCGC,-0.036372389664961854,-0.12322473529955211,6-mer
ACCCGG,-0.4854268271702417,-0.5388140399172666,6-mer
ACCGAA,-0.2262843173533541,-0.006753412172464092,6-mer
ACCGAT,0.304290433771305,0.6743364248358672,6-mer
ACCGAC,0.1693851716732863,0.42000375217219316,6-mer
ACCGAG,-0.3799157061294128,-0.5824067958173996,6-mer
ACCGTA,-0.011140557605200236,0.6036771006298095,6-mer
ACCGTT,0.2926014236178507,0.7495047898265522,6-mer
ACCGTC,0.13252408550482492,0.6235260819450441,6-mer
ACCGTG,0.21730713217666484,0.5819138692054243,6-mer
ACCGCA,0.07961297467613326,0.21034029452994865,6-mer
ACCGCT,-0.008605790567677312,0.35932317654071616,6-mer
ACCGCC,0.3116862671374779,0.7495108474853198,6-mer
ACCGCG,0.46561746586150693,0.6715290592458656,6-mer
ACCGGA,-0.006298023900368968,0.1206389225357147,Inverted repeat
ACCGGT,0.16268482695009004,0.7378597342883437,Palindromes
ACCGGC,-0.07507548156121971,0.3607290262831954,Inverted repeat
ACCGGG,-0.3998852740462968,-0.45377594076234995,Inverted repeat
ACGAAA,-0.2675697602161457,-0.3172245024695842,6-mer
ACGAAT,0.028395102041519807,-0.04299513815337513,6-mer
ACGAAC,-0.1217238894305909,-0.05839179479180481,6-mer
ACGAAG,-0.08859392326898834,0.26890073124822395,6-mer
ACGATA,0.6067202264108809,0.5704020645659241,6-mer
ACGATT,0.17260144316849668,0.4102039078951638,6-mer
ACGATC,0.3052383280504037,0.7363890926436941,6-mer
ACGATG,0.4152617117341696,0.73792387719107,6-mer
ACGACA,0.07127741350940077,-0.22291409736487278,6-mer
ACGACT,0.23876440536433344,0.3675792071600784,6-mer
ACGACC,0.2766041043778722,0.5517794049348655,6-mer
ACGACG,0.2372780738707946,0.5919869498541246,6-mer
ACGAGA,0.07865694387499854,-0.32702596252704114,6-mer
ACGAGT,0.2742588434960476,-0.2145940507760406,Inverted repeat
ACGAGC,0.6167625288924496,0.04107594300291551,6-mer
ACGAGG,0.1784147242758456,-0.08355695831631064,6-mer
ACGTAA,-0.04225700206316816,0.35531203368537606,6-mer
ACGTAT,-0.8394348930515259,-0.396176618234395,6-mer
ACGTAC,-0.5172756932095817,0.2443864047639934,6-mer
ACGTAG,-0.23665899040949645,0.12712842480602077,6-mer
ACGTTA,-0.2959177676475773,0.012600036779633539,6-mer
ACGTTT,-0.19742669280164893,-0.04519941943009636,6-mer
ACGTTC,-0.005210856247708467,0.36325156028584893,6-mer
ACGTTG,-0.2610513195546918,0.28889753172881016,6-mer
ACGTCA,-0.31340335984393164,0.14760295266201431,6-mer
ACGTCT,-0.45411128670403356,-0.1670351996456838,6-mer
ACGTCC,-0.08472267890542719,-0.02483185297993555,6-mer
ACGTCG,-0.11710035095798271,0.20602410774359547,6-mer
ACGTGA,0.13754439387673534,0.5736360830483661,6-mer
ACGTGT,-0.08717184819979046,-0.3341175038952763,Inverted repeat
ACGTGC,0.13393152052303173,0.14322907397210496,6-mer
ACGTGG,-0.07386760803100112,0.9533890577084102,6-mer
ACGCAA,0.058482019756756376,0.00243812946358042,6-mer
ACGCAT,-0.37052712668723947,-0.5814608120096035,6-mer
ACGCAC,-0.29099623533547136,-0.4349617601872541,6-mer
ACGCAG,-0.05686233695567629,-0.318688508853457,6-mer
ACGCTA,-0.09893206701906607,0.052151282051106716,6-mer
ACGCTT,-0.012842064545345977,0.2276673633771222,6-mer
ACGCTC,0.22920739992592698,-0.2955752822716575,6-mer
ACGCTG,-0.017006425305689816,0.25481389902882523,6-mer
ACGCCA,0.42222558324689247,0.7204396970753273,6-mer
ACGCCT,0.21605945978053942,0.0119231673758192,6-mer
ACGCCC,0.25354111990711203,-0.13336676094172484,6-mer
ACGCCG,0.6976600572316741,0.8305583944546173,6-mer
ACGCGA,0.02296114844331115,-0.3084363457298361,Inverted repeat
ACGCGT,-0.2884973866250496,-0.04993757024990781,Palindromes
ACGCGC,-0.22753572461240765,-0.6924271980897077,Inverted repeat
ACGCGG,0.06962656584196639,0.037413961643116875,Inverted repeat
ACGGAA,-0.2957883181536513,-0.27855868432293207,6-mer
ACGGAT,-0.4581686201258176,-0.24362794983427774,6-mer
ACGGAC,-0.3364276645824773,-0.28179019909287306,6-mer
ACGGAG,-0.10945889256999027,-0.6822792427136246,6-mer
ACGGTA,0.29804462865138326,0.8210043473316015,6-mer
ACGGTT,-0.28063096116780917,0.14537870313379792,6-mer
ACGGTC,0.4402902912107554,0.8170535054888979,6-mer
ACGGTG,0.6366845343724699,0.8767885638190993,6-mer
ACGGCA,0.18569510846383216,0.24166607570396423,6-mer
ACGGCT,-0.013838907465064446,0.3194342393988046,6-mer
ACGGCC,-0.2630344058337938,-0.043879697872921265,6-mer
ACGGCG,0.34689501040393766,0.5703651245081983,6-mer
ACGGGA,0.18918801377869915,-0.14495504985229402,6-mer
ACGGGT,-0.28010791919273537,-0.2918316701412288,Inverted repeat
ACGGGC,0.05477422254416491,-0.1365095898209285,6-mer
ACGGGG,-0.09674065483835009,-0.54980605530754,6-mer
AGAAAA,0.40648672498467014,0.2768909509919771,6-mer
AGAAAT,0.44387091418001823,0.0630911709652517,6-mer
AGAAAC,0.3290878864602285,-0.07351655825074546,6-mer
AGAAAG,-0.2080765291564946,0.09868192362508857,6-mer
AGAATA,0.178368704854894,0.08111019908073006,6-mer
AGAATT,0.05875951606664199,-0.11582047993690903,6-mer
AGAATC,-0.22794513828549773,-0.28579288405449377,6-mer
AGAATG,-0.23812246327527864,-0.26496961073950775,6-mer
AGAACA,0.16118319160278563,-0.3123238128302652,6-mer
AGAACT,-0.24372093077695983,-0.23952890185790457,Inverted repeat
AGAACC,-0.05316230877892357,-0.0485108731818177,6-mer
AGAACG,-0.3034028649844185,-0.254053616240427,6-mer
AGAAGA,0.4049163700943031,0.7000110668517748,6-mer
AGAAGT,0.2453689997557579,0.35845397091247616,6-mer
AGAAGC,0.24113438820334612,0.38273700737553384,6-mer
AGAAGG,0.06797679381600688,0.24626827201481977,6-mer
AGATAA,0.34518736956628543,0.26784783472560136,6-mer
AGATAT,0.2653661071596004,0.033114616309047995,6-mer
AGATAC,0.05671249011141546,0.16815524425750988,6-mer
AGATAG,-0.19995771622309047,-0.18767071392219234,6-mer
AGATTA,-0.2827102144602007,0.010851267439176603,6-mer
AGATTT,-0.2529172883499065,-0.3310018190739671,6-mer
AGATTC,-0.3994966483830658,-0.3638565814722925,6-mer
AGATTG,-0.3912170069954384,0.022855708832986744,6-mer
AGATCA,-0.1362135108535829,0.36261784362649413,Inverted repeat
AGATCT,-0.6400746418708555,-0.43051267978809415,Palindromes
AGATCC,-0.15794871245765563,-0.01076952203497525,Inverted repeat
AGATCG,-0.11299168642351289,0.09547791354650263,Inverted repeat
AGATGA,-0.014183185008969802,0.49834606315651325,6-mer
AGATGT,0.1286405121628784,-0.17143488649994976,6-mer
AGATGC,-0.10607942420352316,-0.002524401415546657,6-mer
AGATGG,-0.10242183180162484,0.4447382447484109,6-mer
AGACAA,0.17083182725102428,-0.1358447237756828,6-mer
AGACAT,0.1580560426280463,-0.48242674042463957,6-mer
AGACAC,-0.0420640595665439,-0.554477226853342,6-mer
AGACAG,-0.18848349249667995,-0.2971370583193626,6-mer
AGACTA,-0.1598656529494411,0.03305731365393179,6-mer
AGACTT,-0.0512892286968543,-0.14496141203276042,6-mer
AGACTC,-0.5237675999944846,-0.7819551011358391,6-mer
AGACTG,-0.2689350072734781,-0.0014903875714809436,6-mer
AGACCA,-0.4389602866192497,0.11878355814419286,6-mer
AGACCT,-0.39909595540982234,-0.40320329857497017,Inverted repeat
AGACCC,-0.48793804632629145,-0.7543618344437201,6-mer
AGACCG,-0.21520588074317848,0.17002092850381167,6-mer
AGACGA,0.3908005338926825,0.5398525812781161,6-mer
AGACGT,-0.2286122413128256,0.0868550921544084,6-mer
AGACGC,0.012711051749553979,-0.18864237274173573,6-mer
AGACGG,0.08529375097513571,0.23907116248307833,6-mer
AGAGAA,0.2613304093124744,-0.2776134169011868,6-mer
AGAGAT,-0.06535373799409944,-0.39571270581538737,6-mer
AGAGAC,0.12088985543162391,-0.5195181478197719,6-mer
AGAGAG,-0.10202978264772253,-0.9848636194179666,6-mer
AGAGTA,0.23123873090358393,-0.284756325513465,6-mer
AGAGTT,0.04832444734338103,-0.6948167489085015,6-mer
AGAGTC,-0.2840402639540958,-0.8961887976762121,6-mer
AGAGTG,-0.10472225250469325,-0.8926022086761154,6-mer
AGAGCA,0.3770696490798233,-0.40265771058543237,6-mer
AGAGCT,-0.09786517290159236,-0.4437622624245013,Inverted repeat
AGAGCC,-0.24383713909983712,-0.64465587822108,6-mer
AGAGCG,0.41337060707620593,-0.33177234417199464,6-mer
AGAGGA,0.4410753601803672,-0.31321087778625334,6-mer
AGAGGT,-0.6300145909211429,-0.6079257496143337,6-mer
AGAGGC,-0.29642706837663935,-0.8335825546773318,6-mer
AGAGGG,-0.3604022427019981,-0.8665975837600682,6-mer
AGTAAA,-0.01742387871521959,0.24277985625115212,6-mer
AGTAAT,0.1753215316706575,0.4690175800939785,6-mer
AGTAAC,0.08780638096880741,0.3918527118580442,6-mer
AGTAAG,-0.49041597925791675,-0.06706896959978666,6-mer
AGTATA,-0.1498569512614927,-0.02899447503030205,6-mer
AGTATT,0.31785843057831525,0.31245223132431493,6-mer
AGTATC,0.38417165182861,0.513941104893738,6-mer
AGTATG,0.014319671317066697,-0.09319711421555854,6-mer
AGTACA,-0.2820353677638497,-0.2382577430397726,Inverted repeat
AGTACT,-0.3013871971230749,0.1891162664621494,Palindromes
AGTACC,0.3049392367943112,0.9651776887467658,Inverted repeat
AGTACG,-0.34600744830181357,0.09209734188705973,Inverted repeat
AGTAGA,0.0433639907599639,0.16740778644337295,6-mer
AGTAGT,0.4471391243946115,0.7905363598996358,6-mer
AGTAGC,0.4445499647324553,0.7355156492794475,6-mer
AGTAGG,0.14577920527243265,0.2158864574770377,6-mer
AGTTAA,0.44377527433655994,0.47702066683185007,6-mer
AGTTAT,-0.06741776136010687,-0.16092895661358947,6-mer
AGTTAC,0.3596673393951763,0.5678091171833265,6-mer
AGTTAG,0.20491302784451276,0.23914857227950242,6-mer
AGTTTA,-0.47355823026379634,-0.4748567528026892,6-mer
AGTTTT,0.009243612434568489,-0.16863578201781546,6-mer
AGTTTC,0.13366640199351895,-0.13643393637296464,6-mer
AGTTTG,-0.03343256411581072,-0.20789285164133275,6-mer
AGTTCA,-0.30775232612299475,-0.1480448042540932,6-mer
AGTTCT,-0.20943568218367634,-0.1807822907817259,Inverted repeat
AGTTCC,0.03568265258139356,-0.20109456951516597,6-mer
AGTTCG,-0.430776812244257,-0.3988347882024898,6-mer
AGTTGA,0.396740281082311,0.6913216651272801,6-mer
AGTTGT,0.0781786759969603,-0.08982803936356318,6-mer
AGTTGC,0.2778494359287595,0.22543688575485696,6-mer
AGTTGG,0.35527805937690693,0.7310480508373791,6-mer
AGTCAA,0.053405148260519134,0.35048990140506975,6-mer
AGTCAT,0.05248613565464384,0.24859886728333,6-mer
AGTCAC,-0.06228427825434262,-0.06753315768546535,6-mer
AGTCAG,-0.24255501392810971,0.02922107540188059,6-mer
AGTCTA,-0.896531774701334,-0.7421197061302088,6-mer
AGTCTT,0.0472495174016359,0.1006917064988731,6-mer
AGTCTC,-0.2767651216959024,-0.9015502843783355,6-mer
AGTCTG,-0.21775352653292732,-0.28330680086005483,6-mer
AGTCCA,-0.3117323277814737,-0.07453554771445925,6-mer
AGTCCT,-0.15602531007898188,-0.48133174908468224,Inverted repeat
AGTCCC,-0.010088817623583659,-0.4461623563793711,6-mer
AGTCCG,-0.7718073433785073,-0.2514105217369005,6-mer
AGTCGA,0.1385950504606558,-0.056789789720766704,6-mer
AGTCGT,0.08989391575770261,0.28379296600059134,6-mer
AGTCGC,0.16285047568204236,0.20963814885570106,6-mer
AGTCGG,-0.11597036220029366,-0.22404027421793002,6-mer
AGTGAA,-0.18697459617730602,-0.10747175471755276,6-mer
AGTGAT,0.010022622608626323,0.2967175320900825,6-mer
AGTGAC,-0.25269246161233455,-0.11657557684937873,6-mer
AGTGAG,-0.6048107249189514,-0.6791492132206107,6-mer
AGTGTA,-0.16527114243609548,-0.3194423277194028,6-mer
AGTGTT,-0.11178369573872414,-0.5386068650294167,6-mer
AGTGTC,-0.10982327795275106,-0.41668278953541443,6-mer
AGTGTG,-0.7093228390970773,-1.0469583703585041,6-mer
AGTGCA,-0.4566455958064601,-0.68218540556076,6-mer
AGTGCT,-0.40421046879448824,-0.2997005370589213,Inverted repeat
AGTGCC,-0.018918982163051584,-0.14551110235130085,6-mer
AGTGCG,-0.7106327668967992,-0.9755657816898045,6-mer
AGTGGA,-0.2669074149810002,-0.33405386915381136,6-mer
AGTGGT,-0.07535451254153397,0.514573172829758,6-mer
AGTGGC,-0.027382934324547862,0.15415926637799038,6-mer
AGTGGG,-0.31234204605816424,-0.5973558963028833,6-mer
AGCAAA,0.01599592977926615,0.022966022075511704,6-mer
AGCAAT,0.2798833926899257,0.28280377941906404,6-mer
AGCAAC,0.23410722037029172,0.35208250602439,6-mer
AGCAAG,-0.11125517693118823,0.2020161365405056,6-mer
AGCATA,-0.17724382381737347,-0.29943109492881115,6-mer
AGCATT,-0.06259247803911883,-0.13961170002505613,6-mer
AGCATC,0.16452792558504872,0.43038755722214167,6-mer
AGCATG,-0.2633356891262928,-0.36538381004907666,6-mer
AGCACA,-0.02184104853958189,-0.45361663679907693,6-mer
AGCACT,-0.4287919335800682,-0.2963319698083775,Inverted repeat
AGCACC,0.537812964025863,0.682167241522347,6-mer
AGCACG,0.11150831521699019,0.21857215608686537,6-mer
AGCAGA,0.16049455433868956,0.16246503226367445,6-mer
AGCAGT,0.14502705770965593,0.38596945669627625,6-mer
AGCAGC,0.3722644166661678,0.6730934109998213,6-mer
AGCAGG,0.34626826705560776,0.3104629083939079,6-mer
AGCTAA,0.4981526103943359,0.6773474021760859,6-mer
AGCTAT,-0.3179962316658547,-0.15813408317114233,6-mer
AGCTAC,0.30009306762512383,0.5904451970588375,6-mer
AGCTAG,-0.1198424099813379,0.1645903472311569,6-mer
AGCTTA,-0.935670124297185,-0.35422149809424663,6-mer
AGCTTT,-0.19805374503778223,-0.03961930419586351,6-mer
AGCTTC,-0.12615259941340676,0.2261646040050784,6-mer
AGCTTG,-0.39667716935492736,0.14014293823498888,6-mer
AGCTCA,-0.18170635075555583,-0.2642581696198602,6-mer
AGCTCT,0.04300757908749078,-0.4280936521042903,Inverted repeat
AGCTCC,0.28239973070072494,-0.26533572238635594,6-mer
AGCTCG,-0.04123468613704038,-0.33840323206356665,6-mer
AGCTGA,0.0626852682159425,0.445722381919698,6-mer
AGCTGT,0.13470518224704278,0.08921548828699008,6-mer
AGCTGC,0.3588848029858229,0.5855261635690721,6-mer
AGCTGG,0.24263758844727729,0.8478741292227719,6-mer
AGCCAA,-0.056015277177681816,0.432265303321948,6-mer
AGCCAT,0.0818543769581074,0.4638875224212635,6-mer
AGCCAC,0.0024824124981500826,0.2873681849891881,6-mer
AGCCAG,0.016453932056359227,0.6482481934514416,6-mer
AGCCTA,-0.4271066810306684,-0.2857691964298696,6-mer
AGCCTT,0.15728417935871927,0.2838384752102736,6-mer
AGCCTC,-0.3016556998611011,-0.6976034884447486,6-mer
AGCCTG,-0.13794804541140562,-0.027783156513537938,6-mer
AGCCCA,-0.05870195604233681,-0.07679210976089078,6-mer
AGCCCT,-0.09227426975693699,-0.5402108410442586,Inverted repeat
AGCCCC,-0.08855243134218303,-0.33535555000308076,6-mer
AGCCCG,-0.17148046794435365,-0.2838319994292778,6-mer
AGCCGA,0.07036271014726371,0.3642834941239798,6-mer
AGCCGT,-0.03722246395619839,0.46244036850963555,6-mer
AGCCGC,0.1730349948481498,0.41370228859502445,6-mer
AGCCGG,0.20260266221995665,0.5473933502734334,6-mer
AGCGAA,-0.19073997086957672,-0.3395246121195793,6-mer
AGCGAT,0.322311026552753,0.2636903253908478,6-mer
AGCGAC,-0.02553509210713754,0.049120412937066205,6-mer
AGCGAG,0.38052796885223444,-0.27443916910604305,6-mer
AGCGTA,-0.08934748559528222,0.1219678940456573,6-mer
AGCGTT,-0.16922787891563426,0.008335859168064386,6-mer
AGCGTC,-0.07681559705083078,0.1493449719360409,6-mer
AGCGTG,0.14139728754287992,-0.022795214910084072,6-mer
AGCGCA,-0.5327993581324232,-0.6787548376891247,Inverted repeat
AGCGCT,-0.3774789138031274,-0.4549740226825384,Palindromes
AGCGCC,-0.10991769207803544,-0.09916570431157727,Inverted repeat
AGCGCG,-0.07566426993207222,-0.3359995696975005,Inverted repeat
AGCGGA,-0.23779711433477088,-0.13854819797435747,6-mer
AGCGGT,-0.06630815107958063,0.3647129613841587,6-mer
AGCGGC,0.24760679179896908,0.3656684104173624,6-mer
AGCGGG,0.2917661243771098,0.1141710199193109,6-mer
AGGAAA,0.18102341010610457,-0.1143283227946766,6-mer
AGGAAT,0.6122185116504039,0.20524903214559795,6-mer
AGGAAC,0.31228930261965065,-0.10884439496220455,6-mer
AGGAAG,-0.12440553488102009,-0.025152020291006515,6-mer
AGGATA,0.5096531105663737,0.13479069247677006,6-mer
AGGATT,-0.05189378000858767,-0.09606853707122515,6-mer
AGGATC,0.20264489456866483,0.4379518912268457,6-mer
AGGATG,-0.05699756052328827,0.03358260052438095,6-mer
AGGACA,0.4390955040365944,-0.2500953501262958,6-mer
AGGACT,0.13381630351192944,-0.15548126467899054,Inverted repeat
AGGACC,0.2511550204739813,-0.09195883806453758,6-mer
AGGACG,0.6914950776520307,0.4204603871244648,6-mer
AGGAGA,0.2585330135988529,-0.15285148808337073,6-mer
AGGAGT,0.1287558124659079,-0.3266105213416999,6-mer
AGGAGC,0.571459263990899,-0.09048074583086688,6-mer
AGGAGG,-0.5790315775033751,-0.19770815795585023,6-mer
AGGTAA,0.3625700793847083,0.5394183653266073,6-mer
AGGTAT,-0.19217591729552663,-0.0816200793036915,6-mer
AGGTAC,-0.12722822311229334,0.3167847916114027,6-mer
AGGTAG,0.1661870072536994,0.40449400503737415,6-mer
AGGTTA,-0.6691796824678417,-0.46162548082138716,6-mer
AGGTTT,-0.5141016268079467,-0.6094033599844549,6-mer
AGGTTC,-0.28575448233387735,-0.18380497583000074,6-mer
AGGTTG,-0.4444701529473838,0.009669770403812878,6-mer
AGGTCA,-0.13975012951027035,0.1490580655463573,6-mer
AGGTCT,-0.15118386370579998,-0.2176499215238913,Inverted repeat
AGGTCC,-0.39401971800976066,-0.5800035637070308,6-mer
AGGTCG,-0.013056152825446348,0.2064508774674265,6-mer
AGGTGA,0.15131379814245405,0.6278036861342345,6-mer
AGGTGT,0.2137866307687705,-0.07117876432197905,6-mer
AGGTGC,0.35571640834364554,0.3197411988480446,6-mer
AGGTGG,0.03899413161586378,0.506667974744412,6-mer
AGGCAA,0.13371652054787794,0.03211564701671742,6-mer
AGGCAT,-0.09876603093949574,-0.4453105103926446,6-mer
AGGCAC,0.1371843787335047,-0.26785288471704155,6-mer
AGGCAG,-0.02159622880679929,-0.14005858204869717,6-mer
AGGCTA,0.004043739543759274,0.03794075758879254,6-mer
AGGCTT,-0.10196493479199528,-0.014732243680118773,6-mer
AGGCTC,0.1633821555755403,-0.353024865067594,6-mer
AGGCTG,-0.13594595810240895,0.06738833567378694,6-mer
AGGCCA,-0.587296959225486,-0.34601371341167547,Inverted repeat
AGGCCT,-0.5154215674680791,-0.8625340459442351,Palindromes
AGGCCC,-0.7004397181410921,-1.3475164711458936,Inverted repeat
AGGCCG,-0.13102365062592047,-0.16864203555883903,Inverted repeat
AGGCGA,0.3520542196888929,0.1877720181889815,6-mer
AGGCGT,0.09301557361905802,0.012600036779633539,6-mer
AGGCGC,-0.24302444510229934,-0.5607149544744789,6-mer
AGGCGG,0.3103061752458383,0.27456590239203804,6-mer
AGGGAA,-0.24303793792229242,-0.731521809659385,6-mer
AGGGAT,0.20339145940639203,0.019889759216149914,6-mer
AGGGAC,0.10359846148199554,-0.23230789020153064,6-mer
AGGGAG,-0.43888424123321146,-0.5325779205411423,6-mer
AGGGTA,0.2734228938599086,-0.2530188115223131,6-mer
AGGGTT,-0.6792274478583468,-1.2006879349806614,6-mer
AGGGTC,-0.3566085211459913,-0.8376845321188123,6-mer
AGGGTG,0.452662571578761,-0.17981092897988507,6-mer
AGGGCA,0.07518134405849888,-0.7093806719227749,6-mer
AGGGCT,0.13857522990858195,-0.27642378306097304,Inverted repeat
AGGGCC,-0.4564401982894063,-1.0410550682627704,6-mer
AGGGCG,0.33769541074567894,-0.34645041402143123,6-mer
AGGGGA,0.1478633630841261,-0.4694426498391125,6-mer
AGGGGT,-0.7678579272851054,-1.109392100961111,6-mer
AGGGGC,-0.5969351423872321,-1.383981563610696,6-mer
AGGGGG,-0.6756328596612203,-1.113458049783284,6-mer
TAAAAA,0.05495895074684022,0.07304025188449739,6-mer
TAAAAT,-0.2290947532734127,-0.15319964254118684,6-mer
TAAAAC,0.2509161458740614,-0.014599097854365221,6-mer
TAAAAG,-0.32452956275759587,-0.21115220689551262,6-mer
TAAATA,0.14984433942728276,0.004076982918692697,Inverted repeat
TAAATT,-0.22849485383986093,-0.3061125153515716,6-mer
TAAATC,-0.051812440712340445,-0.07633369164065461,6-mer
TAAATG,-0.27589361714765337,-0.5401724655983605,6-mer
TAAACA,0.05199864240458211,-0.5025535460773402,6-mer
TAAACT,-0.29454058291948243,-0.4712266172976452,6-mer
TAAACC,-0.15884555556182237,-0.19064321534350875,6-mer
TAAACG,0.21926632034972826,-0.04722245915661852,6-mer
TAAAGA,0.4148213813785237,0.2917026421133291,6-mer
TAAAGT,0.07097802376028016,0.14830949663527074,6-mer
TAAAGC,0.18851070184234367,0.25136053547546,6-mer
TAAAGG,0.30339214344993465,0.13486330482064607,6-mer
TAATAA,0.02980813238712502,0.12459393671658366,6-mer
TAATAT,0.09616094677025784,-0.018579716428929388,6-mer
TAATAC,0.11993319246719143,0.11343951222116201,6-mer
TAATAG,-0.3231945763900094,-0.18752646343282048,6-mer
TAATTA,-0.2817490536921403,0.14452569387252995,Palindromes
TAATTT,0.015611272913933431,0.028873378898689146,Inverted repeat
TAATTC,0.4064701336492679,0.3985771973240474,Inverted repeat
TAATTG,0.24094879331565783,0.40021017960142735,Inverted repeat
TAATCA,-0.25993135799863193,0.29025700932104165,6-mer
TAATCT,-0.3410902394044144,-0.07658462978307781,6-mer
TAATCC,0.22362602127555847,0.2993873417702876,6-mer
TAATCG,0.2950155966789469,0.4906975535839655,6-mer
TAATGA,0.17343000722191423,0.30317800372103715,6-mer
TAATGT,0.2858015915125093,-0.22461527179614182,6-mer
TAATGC,0.2923562255488785,0.04690344449363545,6-mer
TAATGG,0.21123870177948612,0.3727961195197936,6-mer
TAACAA,-0.11053028962250368,-0.22721507934888113,6-mer
TAACAT,-0.08171236364396021,-0.43430470301037355,6-mer
TAACAC,-0.013984229435701084,-0.43542744063151656,6-mer
TAACAG,-0.005296729367338004,-0.16549242298622305,6-mer
TAACTA,0.06594992839627789,0.2852541887195439,Inverted repeat
TAACTT,0.09949148484267369,0.3016777585750788,6-mer
TAACTC,0.19109270138806456,-0.2963838223816813,6-mer
TAACTG,0.31771310881240844,0.48216635898220306,6-mer
TAACCA,-0.4090603598994066,0.2831525699907426,6-mer
TAACCT,-0.4898745597266924,-0.3871365232147035,6-mer
TAACCC,-0.009167274949417853,-0.17378373193968663,6-mer
TAACCG,0.019986971698191414,0.3054912050766887,6-mer
TAACGA,0.2770619357900874,0.2454862046229465,6-mer
TAACGT,-0.45491351877763486,-0.10408811212855104,6-mer
TAACGC,0.24732315888295436,0.1486596503706796,6-mer
TAACGG,0.38053109157215254,0.4446536211321424,6-mer
TAAGAA,0.005129587771619891,0.1849594893738526,6-mer
TAAGAT,-0.483063917475389,-0.18622459473388986,6-mer
TAAGAC,0.06429061609200296,0.0878159093373214,6-mer
TAAGAG,-0.08432431136127352,-0.5519103366620619,6-mer
TAAGTA,-0.18383730829756642,0.18032335492423815,Inverted repeat
TAAGTT,-0.17512314354176844,-0.07948612052750646,6-mer
TAAGTC,0.15699359912231697,0.23820464494138524,6-mer
TAAGTG,-0.5619402828053024,-0.3314438900075601,6-mer
TAAGCA,-0.08930398808294344,0.045077620542087755,6-mer
TAAGCT,-0.792064715527567,-0.2862113446507439,6-mer
TAAGCC,0.16750459722690972,0.379018276477862,6-mer
TAAGCG,-0.018520087970797867,0.12767376408330938,6-mer
TAAGGA,0.5023113205432084,0.30479665476360657,6-mer
TAAGGT,-0.30217279974075184,-0.04761490788731747,6-mer
TAAGGC,0.4165997030491273,0.290811970516925,6-mer
TAAGGG,0.4171105500894509,-0.09289053235269554,6-mer
TATAAA,-0.5080596637648201,-0.5749302688071546,6-mer
TATAAT,-0.4211117746607534,-0.06177041905173248,6-mer
TATAAC,-0.5042949895946016,-0.5913120018764462,6-mer
TATAAG,-0.22718588323719333,-0.4508642056139039,6-mer
TATATA,-0.9135623153180004,-0.801378271223269,Palindromes
TATATT,0.1731936096494028,-0.13122691354387564,Inverted repeat
TATATC,-0.23384437589876303,-0.19105387553428102,Inverted repeat
TATATG,-0.062136106542251934,-0.5756580934310664,Inverted repeat
TATACA,-0.6329174445095939,-0.826284650592455,6-mer
TATACT,-0.27139787876842053,-0.15763946069448298,6-mer
TATACC,-0.5625542890804623,-0.3701832634945836,6-mer
TATACG,-0.8200909099850656,-0.7926391918553649,6-mer
TATAGA,-0.9192252545577473,-0.8581211238286574,6-mer
TATAGT,-0.4054290636287683,-0.4195388915137844,6-mer
TATAGC,-0.5845650093173772,-0.5225920967591666,6-mer
TATAGG,-1.1240579926849834,-1.2442781985781444,6-mer
TATTAA,-0.05729591930889341,-0.016121317933969443,6-mer
TATTAT,0.10062081466329192,0.27487694906403304,6-mer
TATTAC,0.03170885972733796,0.1681588618360909,6-mer
TATTAG,0.09737756538350584,0.022985058600358044,6-mer
TATTTA,0.03459983856209136,0.031157192631753584,Inverted repeat
TATTTT,0.40454649405119975,0.3719272343501943,6-mer
TATTTC,0.2889370379761595,-0.06195844119074806,6-mer
TATTTG,0.04665009329882133,-0.224560258019158,6-mer
TATTCA,0.19784265728989756,0.22120359279559268,6-mer
TATTCT,0.19871782020736128,-0.13145616946762567,6-mer
TATTCC,0.6496562229485511,0.198313828029088,6-mer
TATTCG,-0.0018250414083264058,-0.2814569392065703,6-mer
TATTGA,0.02686554134560306,0.08044391601342042,6-mer
TATTGT,0.13142016742516027,-0.31769938143217535,6-mer
TATTGC,0.19325436705156676,0.0028738954541101583,6-mer
TATTGG,0.06005943832458642,0.26188454256286275,6-mer
TATCAA,0.19869466810406625,0.49156983011875327,6-mer
TATCAT,-0.0913604270568745,0.261207713849456,6-mer
TATCAC,0.042023214895706415,0.162184469793285,6-mer
TATCAG,0.22555292323766837,0.5120558191272064,6-mer
TATCTA,-0.00817736336559275,0.08059700797240997,Inverted repeat
TATCTT,0.2769183599697965,0.29180361401632166,6-mer
TATCTC,0.03125093398443977,-0.469737160446709,6-mer
TATCTG,0.13372435972674124,0.13343009414353002,6-mer
TATCCA,-0.005998740621443101,0.13219574554394453,6-mer
TATCCT,0.48983279766470916,0.16655140201420515,6-mer
TATCCC,0.3738558869312231,-0.1327780198824522,6-mer
TATCCG,-0.04529183200026314,-0.1398229696528932,6-mer
TATCGA,0.3517258013365474,0.11125129163148996,6-mer
TATCGT,0.585553890375221,0.7181901202785106,6-mer
TATCGC,0.4210992520660451,0.27967860955085594,6-mer
TATCGG,0.4458263092218036,0.35648531692373087,6-mer
TATGAA,-0.12880474906692846,-0.04769283878875353,6-mer
TATGAT,-0.24782586151182678,0.06718141832859492,6-mer
TATGAC,0.18997589116641156,0.16571051286564809,6-mer
TATGAG,-0.06803646783052597,-0.6881355884573355,6-mer
TATGTA,-0.2622804496938806,-0.6184479224262189,Inverted repeat
TATGTT,0.07331667764292076,-0.499463970739817,6-mer
TATGTC,-0.08769747031993005,-0.4891432734009158,6-mer
TATGTG,-0.2959946046081923,-0.8152465666475524,6-mer
TATGCA,-0.292781749227846,-0.620025926615234,6-mer
TATGCT,-0.08571457387008287,-0.17718516434579393,6-mer
TATGCC,-0.02487466863902908,-0.3688290698563906,6-mer
TATGCG,-0.3612905271581358,-0.6752403143294748,6-mer
TATGGA,-0.23289868786047527,-0.17995266433923837,6-mer
TATGGT,-0.11799448745816184,0.246130631288024,6-mer
TATGGC,0.0990163635705442,0.24373481329362753,6-mer
TATGGG,-0.08089822690487772,-0.37188191775594404,6-mer
TACAAA,-0.27158346532299593,-0.4050313104290916,6-mer
TACAAT,-0.2738321738000297,-0.2804260087190791,6-mer
TACAAC,-0.07141433329216225,-0.0644813723476543,6-mer
TACAAG,-0.29311104895785717,-0.15806484623225148,6-mer
TACATA,-0.21915586352160463,-0.6280660026914154,Inverted repeat
TACATT,-0.20151346099925818,-0.41351578358193863,6-mer
TACATC,0.010770896456322721,-0.05763229505105693,6-mer
TACATG,-0.11068203383943107,-0.5708124400827713,6-mer
TACACA,-0.31466009442332316,-0.8500976641753423,6-mer
TACACT,-0.31146109583629356,-0.4514586432860597,6-mer
TACACC,0.6157304595610198,0.5129967439267145,6-mer
TACACG,-0.003624863818754012,-0.22112356018087487,6-mer
TACAGA,-0.5525410230287787,-0.64144003040698,6-mer
TACAGT,-0.07864275452525099,-0.14721867858314666,6-mer
TACAGC,0.0051008716928654186,-0.011430580776404227,6-mer
TACAGG,0.040263870213727244,-0.2043005810433274,6-mer
TACTAA,0.09132766242645379,0.38105980473613055,6-mer
TACTAT,-0.16668844362746899,0.0912216340517647,6-mer
TACTAC,0.2870777481997798,0.7437604025971666,6-mer
TACTAG,-0.1978454261578023,0.19255866573303881,6-mer
TACTTA,-0.36592433245294914,0.13283250556305007,Inverted repeat
TACTTT,0.1811614004606465,0.32754899176732594,6-mer
TACTTC,0.22081716663762907,0.52169760726314,6-mer
TACTTG,-0.1250513247169568,0.2897763770634459,6-mer
TACTCA,0.20952133339080775,-0.051832182842666705,6-mer
TACTCT,0.2545728270855977,-0.3308837770112212,6-mer
TACTCC,0.37784248693994854,-0.08766095468404599,6-mer
TACTCG,0.3332434081151967,-0.034295461164582854,6-mer
TACTGA,0.06782505817441625,0.5066259295999772,6-mer
TACTGT,0.29784643095116525,0.17218097538268032,6-mer
TACTGC,0.13982560207029526,0.4744629594556055,6-mer
TACTGG,0.25333726509826227,0.8278250559637101,6-mer
TACCAA,0.14378534105498053,0.83598003147099,6-mer
TACCAT,0.12639921361439524,0.6777296693048677,6-mer
TACCAC,0.18860956470723902,0.9493739269300321,6-mer
TACCAG,0.12016953558539953,0.8847469950353897,6-mer
TACCTA,0.05220993371803012,0.12653783368572147,Inverted repeat
TACCTT,0.06330131515924978,0.3742558270353693,6-mer
TACCTC,-0.22239242133644793,-0.09223879001415303,6-mer
TACCTG,0.2575858613020473,0.3859628978139272,6-mer
TACCCA,0.16051754818661407,0.21768043263848505,6-mer
TACCCT,0.19793937761190875,-0.10506060147459752,6-mer
TACCCC,0.08488889758651282,-0.35093238357993356,6-mer
TACCCG,0.47364290877487636,0.16759994849606863,6-mer
TACCGA,0.21046511536181675,0.46379115801604115,6-mer
TACCGT,0.45553485994359016,0.9484065824380709,6-mer
TACCGC,0.4016879456198243,0.7483165185027341,6-mer
TACCGG,0.3149753342455953,0.6880898125307915,6-mer
TACGAA,-0.4738896713309883,-0.46556407270803396,6-mer
TACGAT,0.09109561744566837,0.48365569822423293,6-mer
TACGAC,0.04077713790424486,0.14974711950468197,6-mer
TACGAG,-0.1287333141222027,-0.42296274022358826,6-mer
TACGTA,-0.4794869817149896,0.07959101653113294,Palindromes
TACGTT,-0.3261843184513268,0.17628562217353433,Inverted repeat
TACGTC,-0.4138956748892933,0.10422736887563644,Inverted repeat
TACGTG,-0.25437994052325547,0.4111232663587971,Inverted repeat
TACGCA,-0.10715117617245143,-0.11737069576171388,6-mer
TACGCT,-0.06733276945805945,0.03989272712351243,6-mer
TACGCC,0.6894836077716624,0.534893157209354,6-mer
TACGCG,-0.059689439234189165,-0.26478844257373657,6-mer
TACGGA,-0.7413978404814668,-0.5128127149653209,6-mer
TACGGT,0.1023386568318751,0.5838251770194575,6-mer
TACGGC,0.0036112535523787253,0.1357679907102501,6-mer
TACGGG,-0.11728794252853394,-0.3263603412026229,6-mer
TAGAAA,0.11563466296969832,-0.0040754124301172106,6-mer
TAGAAT,-0.3849517730895524,-0.42458622625110126,6-mer
TAGAAC,-0.1429257396822121,-0.43560968102660047,6-mer
TAGAAG,-0.15540458370360064,-0.14004385316500978,6-mer
TAGATA,0.11007722967734611,0.0680850023543042,Inverted repeat
TAGATT,-0.7831515929602949,-0.5504577085282898,6-mer
TAGATC,-0.3428487465144604,-0.09983158064679103,6-mer
TAGATG,-0.16890917227131588,-0.07515227391735856,6-mer
TAGACA,-0.08205824845467001,-0.519906617132799,6-mer
TAGACT,-0.6049749848577477,-0.5711567011961257,6-mer
TAGACC,-0.500835372034073,-0.2864679752956437,6-mer
TAGACG,-0.12381236485755961,-0.20664322398339555,6-mer
TAGAGA,0.1428347781714548,-0.6188735607858669,6-mer
TAGAGT,-0.321602025264347,-0.9003652368483811,6-mer
TAGAGC,0.32835754616634283,-0.4216578271226151,6-mer
TAGAGG,0.021077811117621914,-0.7027196762982135,6-mer
TAGTAA,0.10114270363764606,0.44059004274399005,6-mer
TAGTAT,-0.06745044922001449,0.15844602661498122,6-mer
TAGTAC,-0.35962038495931276,0.16373074209978888,6-mer
TAGTAG,0.42520750044984384,0.625717420757398,6-mer
TAGTTA,0.16742384213089073,0.3031042205957073,Inverted repeat
TAGTTT,0.14954714312280976,0.07560970609851908,6-mer
TAGTTC,-0.0888296770142453,-0.06874364390375018,6-mer
TAGTTG,0.47388426302736536,0.5554620039426247,6-mer
TAGTCA,0.10363681582003054,0.37649703742678553,6-mer
TAGTCT,-0.19695737396017735,-0.013660549583715886,6-mer
TAGTCC,0.11733596155622977,0.14478186615097688,6-mer
TAGTCG,0.45452170451349094,0.29603530240254416,6-mer
TAGTGA,0.2199524239381311,0.2083301654884792,6-mer
TAGTGT,0.21521168870591947,-0.22536102921854426,6-mer
TAGTGC,0.002699149600955491,-0.10169179163421217,6-mer
TAGTGG,0.16470215725121684,0.24706162330463857,6-mer
TAGCAA,-0.10025308113008259,0.008156506965801984,6-mer
TAGCAT,-0.3126337181614384,-0.1821834240617054,6-mer
TAGCAC,-0.06973902585609648,-0.014055595221419116,6-mer
TAGCAG,0.290212333122029,0.38839899259836436,6-mer
TAGCTA,0.4686479675256044,0.6679368646710121,Palindromes
TAGCTT,-0.3610426096381145,0.029708114017082173,Inverted repeat
TAGCTC,0.3664592548577345,-0.03307182160564887,Inverted repeat
TAGCTG,0.4299317145785381,0.6060320032978838,Inverted repeat
TAGCCA,0.027203768421358042,0.522459000810971,6-mer
TAGCCT,0.060295952284868795,0.12458309159260042,6-mer
TAGCCC,0.15120974998767045,-0.1889274740865603,6-mer
TAGCCG,0.3301198773383483,0.6641643317495424,6-mer
TAGCGA,0.3333802797097101,0.10230984544842668,6-mer
TAGCGT,-0.17530103390024354,-0.025955573509359443,6-mer
TAGCGC,-0.07446474032151501,-0.31581596727318556,6-mer
TAGCGG,0.2642733024671525,0.19491168491434085,6-mer
TAGGAA,0.001935204905713807,-0.336563441255759,6-mer
TAGGAT,-0.12775554719837262,-0.05251639703130479,6-mer
TAGGAC,0.2833604386278749,-0.2829339632714988,6-mer
TAGGAG,0.14886338591448278,-0.24985901708606045,6-mer
TAGGTA,0.14130116960252898,0.16330797530244942,Inverted repeat
TAGGTT,-0.6581271806272614,-0.5580215013652997,6-mer
TAGGTC,-0.08253706453200627,-0.11871750553387608,6-mer
TAGGTG,0.48742342466052574,0.4166967232005342,6-mer
TAGGCA,-0.2430659896011976,-0.47868461917599664,6-mer
TAGGCT,-0.35435879841780826,-0.29355229618890155,6-mer
TAGGCC,-0.5650236536678251,-0.7486732537320075,6-mer
TAGGCG,0.06162865677480737,-0.17422513887593793,6-mer
TAGGGA,-0.09859703002991191,-0.557629414606757,6-mer
TAGGGT,-0.3767765718829821,-0.8828198032927045,6-mer
TAGGGC,-0.05436228844968913,-0.8086344742841766,6-mer
TAGGGG,-0.47735352663455954,-1.0964206177818927,6-mer
TTAAAA,-0.29129825805251536,-0.28615533571062984,Inverted repeat
TTAAAT,-0.2401126005787176,-0.3475097446708456,6-mer
TTAAAC,-0.2785172960537803,-0.5237365304245167,6-mer
TTAAAG,0.17155239378872023,0.13782972196383644,6-mer
TTAATA,-0.13898924777172725,-0.04304656391123928,6-mer
TTAATT,0.020748835258280626,0.19972328057952252,6-mer
TTAATC,-0.25194226162616795,0.0425856564552072,6-mer
TTAATG,0.10287872434591935,-0.00777224094831558,6-mer
TTAACA,0.24526548429034156,-0.04552674123157078,6-mer
TTAACT,0.3649205664137069,0.4623092686908882,6-mer
TTAACC,-0.15871695109677875,0.15922328817210507,6-mer
TTAACG,0.09255194880460378,0.1853396659210466,6-mer
TTAAGA,-0.3648892922476885,-0.1780700903511534,6-mer
TTAAGT,-0.35912695885161583,-0.08177499893064223,6-mer
TTAAGC,-0.26518929053746765,0.02792643645173746,6-mer
TTAAGG,0.036039929226305605,0.007430205475488325,6-mer
TTATAA,-0.5939426760084529,-0.49010331437971494,Palindromes
TTATAT,-0.147775921079633,-0.2792255941126595,Inverted repeat
TTATAC,-0.3532619142493611,-0.28489664707511625,Inverted repeat
TTATAG,-0.7988520712714461,-0.6581972696376875,Inverted repeat
TTATTA,0.13055723171788738,0.27383010045334677,6-mer
TTATTT,0.13466885553595717,0.1906114315455041,6-mer
TTATTC,0.06989965836908103,-0.0168064994828378,6-mer
TTATTG,-0.002396503941247354,0.001036249706621986,6-mer
TTATCA,0.26354745528475154,0.5973608324964922,6-mer
TTATCT,0.2581553596821234,0.2510580555878775,6-mer
TTATCC,0.2608665691510836,0.23206219174026066,6-mer
TTATCG,0.5759445293892851,0.5702698272910017,6-mer
TTATGA,-0.21886756149673112,-0.0640878107784682,6-mer
TTATGT,-0.18372772921071456,-0.5015301353541591,6-mer
TTATGC,-0.1567471158551576,-0.317862526461667,6-mer
TTATGG,-0.30626829554736457,-0.06118149538757961,6-mer
TTACAA,-0.33871267918292614,-0.2934465182680423,Inverted repeat
TTACAT,-0.2418922715370924,-0.408596592311377,6-mer
TTACAC,-0.05185849666975632,-0.2777980430257232,6-mer
TTACAG,-0.251381633236547,-0.23341448784344726,6-mer
TTACTA,0.11233498062258011,0.4383337407236192,6-mer
TTACTT,-0.12258585983534237,0.32473035224147473,6-mer
TTACTC,0.33006616433103947,-0.14191187007473352,6-mer
TTACTG,0.1031630690554044,0.45651501796148974,6-mer
TTACCA,0.4048277668464149,1.028863479210662,6-mer
TTACCT,0.23964750439271743,0.40254655509564685,6-mer
TTACCC,0.355536487530182,0.12345057164281174,6-mer
TTACCG,0.3933318987500742,0.7735917234863042,6-mer
TTACGA,0.02829932080566025,0.1867685116057264,6-mer
TTACGT,-0.10386842968971173,0.29178061418915346,6-mer
TTACGC,0.2584779814598107,0.22079386711097043,6-mer
TTACGG,-0.06290256982937506,0.22296164408634117,6-mer
TTAGAA,-0.023125013506642783,-0.13506138175181973,Inverted repeat
TTAGAT,-0.22017160882804235,-0.05249158705704982,6-mer
TTAGAC,-0.19314285461040984,-0.30833707268067817,6-mer
TTAGAG,0.21953625113051548,-0.6221790341940197,6-mer
TTAGTA,0.19108061542774032,0.498934504773074,6-mer
TTAGTT,0.1430271455258312,0.20481979188849808,6-mer
TTAGTC,0.008311719587562473,0.1780168660174067,6-mer
TTAGTG,0.0403481392618391,-0.0911569893450783,6-mer
TTAGCA,0.28597689499169615,0.36759650436152647,6-mer
TTAGCT,0.4777004132691621,0.6128396363876554,6-mer
TTAGCC,0.1570563211713353,0.3582452854109532,6-mer
TTAGCG,-0.17472598770613337,-0.21719164050281636,6-mer
TTAGGA,0.4812229581869485,0.1271518297920432,6-mer
TTAGGT,0.38179017495261997,0.34994247105695875,6-mer
TTAGGC,0.12517645509745798,-0.008108723416540854,6-mer
TTAGGG,-0.06645827630148304,-0.6111391232802296,6-mer
TTTAAA,-0.278830365479139,-0.4649480876021583,Palindromes
TTTAAT,-0.1607890535940109,-0.08324952663014877,Inverted repeat
TTTAAC,0.14259577711562943,0.07765385078893777,Inverted repeat
TTTAAG,-0.4550013662356724,-0.3492632250767345,Inverted repeat
TTTATA,-0.42454584154178865,-0.5431737094537116,6-mer
TTTATT,0.06010239938387753,0.15732447446370482,6-mer
TTTATC,0.3491351430891148,0.40378957013638495,6-mer
TTTATG,-0.2214083182690335,-0.334595673055596,6-mer
TTTACA,-0.28128860478170636,-0.39211750660842876,6-mer
TTTACT,-0.06238214968102721,0.22134229751896373,6-mer
TTTACC,0.5623107352625821,0.7019656056471489,6-mer
TTTACG,-0.03321590576523417,0.0872191633440275,6-mer
TTTAGA,-0.0312244087352476,-0.285692077357678,6-mer
TTTAGT,-0.0011056950545297916,0.07105871812314797,6-mer
TTTAGC,0.434002622092984,0.427038596749039,6-mer
TTTAGG,0.31769441766085077,-0.032551703147284713,6-mer
TTTTAA,-0.23108200404258836,-0.2440482054542114,Inverted repeat
TTTTAT,-0.1398582054442213,0.0014067232325325365,6-mer
TTTTAC,0.05677819082956785,0.17491603737582367,6-mer
TTTTAG,0.19752022874911065,0.0709697944376995,6-mer
TTTTTA,0.02174056734805972,0.1285909762016755,6-mer
TTTTTT,-0.6897524818407648,-0.3709122332688696,6-mer
TTTTTC,0.3508528547675599,0.20555885873530752,6-mer
TTTTTG,0.038383154749901074,0.03396764330084684,6-mer
TTTTCA,0.20666680129345083,0.16451399146309628,6-mer
TTTTCT,0.3978427561361338,0.2779915410868834,6-mer
TTTTCC,0.12051668303445633,-0.13943286256672316,6-mer
TTTTCG,-0.25969096275942327,-0.4066430585366114,6-mer
TTTTGA,0.06318150802616669,0.0974264082246282,6-mer
TTTTGT,0.02250984951616382,-0.15524296426144824,6-mer
TTTTGC,0.301194258935725,0.19965578556148303,6-mer
TTTTGG,-0.0679713507210461,0.0010242776723393154,6-mer
TTTCAA,-0.16332639816801298,-0.10784567479100286,Inverted repeat
TTTCAT,0.059518547956380445,0.04929961594226786,6-mer
TTTCAC,0.21483644688809025,0.1311057525517844,6-mer
TTTCAG,-0.04690396976188786,-0.08915237773678189,6-mer
TTTCTA,0.17709066559853193,-0.044521415290107134,6-mer
TTTCTT,0.4338885126930039,0.46359874005501145,6-mer
TTTCTC,0.21320824364273508,-0.31918517445085975,6-mer
TTTCTG,0.15590310375588354,-0.08171527967079187,6-mer
TTTCCA,-0.3215616496121158,-0.3986110973844591,6-mer
TTTCCT,0.1939361482622918,-0.17341686229788345,6-mer
TTTCCC,0.31822729326616467,-0.36563952643398867,6-mer
TTTCCG,-0.15785216914173744,-0.5109619192773794,6-mer
TTTCGA,-0.5811654784432849,-0.9250379423187781,6-mer
TTTCGT,-0.3342930890036156,-0.25691547071072135,6-mer
TTTCGC,-0.46386386495255816,-0.7433461122709886,6-mer
TTTCGG,-0.3200032179628702,-0.5626190837093906,6-mer
TTTGAA,-0.13212659680514754,-0.14164398523849064,Inverted repeat
TTTGAT,0.038858310203516336,0.34059730633143276,6-mer
TTTGAC,0.24030298094767372,0.1874872578326313,6-mer
TTTGAG,-0.19942442731634316,-0.6689233594823216,6-mer
TTTGTA,-0.4155248139400856,-0.6237910619176993,6-mer
TTTGTT,0.19348244231722347,-0.1852792483193485,6-mer
TTTGTC,0.19598341815248405,-0.20100489329445062,6-mer
TTTGTG,-0.19484351199951935,-0.5688852694370587,6-mer
TTTGCA,-0.29897875068585744,-0.5525961287387946,6-mer
TTTGCT,0.12016828365076829,0.10444059775080639,6-mer
TTTGCC,0.417076189572125,0.2316525900846056,6-mer
TTTGCG,0.34634399834645896,-0.027999479912611234,6-mer
TTTGGA,-0.13112105186927658,-0.19873591233942084,6-mer
TTTGGT,-0.04210153843301078,0.31517072871205354,6-mer
TTTGGC,0.1333852313036485,0.25858626931911016,6-mer
TTTGGG,0.07206321090972014,-0.43385133623242206,6-mer
TTCAAA,-0.10050822580641834,-0.06632680252976232,Inverted repeat
TTCAAT,-0.1733087442066558,0.12984429092632563,6-mer
TTCAAC,0.09729720135491468,0.41167963130012336,6-mer
TTCAAG,0.04419190879656778,0.31921473121206684,6-mer
TTCATA,-0.0819393498797145,-0.06312374743233357,6-mer
TTCATT,-0.14514340370651763,0.045100704314765545,6-mer
TTCATC,0.3582038341500304,0.8851463810513635,6-mer
TTCATG,-0.11985440271671276,-0.0956090799519794,6-mer
TTCACA,-0.5737160331443998,-0.7494299218999184,6-mer
TTCACT,-0.11709667869340949,0.07409682206559873,6-mer
TTCACC,0.5360629890519949,1.0129101088873869,6-mer
TTCACG,0.3838838425758253,0.4926017590456958,6-mer
TTCAGA,-0.2575011240747436,-0.31823275104609594,6-mer
TTCAGT,-0.2694639480767827,0.039774458890394215,6-mer
TTCAGC,-0.2017265108849243,0.17200296691665043,6-mer
TTCAGG,0.3511531666411871,0.2907964000563184,6-mer
TTCTAA,0.09714908071403641,-0.10767985495784212,Inverted repeat
TTCTAT,-0.6135805089785116,-0.5347835984159836,6-mer
TTCTAC,0.1881982982195153,0.1321364198193218,6-mer
TTCTAG,0.046570410603438535,-0.2347496278564308,6-mer
TTCTTA,-0.022247833400052396,0.11471434615022072,6-mer
TTCTTT,0.39951210315294533,0.4029597517103219,6-mer
TTCTTC,0.5173216261398745,0.7898046092370484,6-mer
TTCTTG,0.28004045782680276,0.5003160932673073,6-mer
TTCTCA,-0.05144138534986933,-0.4903661102175844,6-mer
TTCTCT,0.24397376346087252,-0.4008854692427479,6-mer
TTCTCC,0.07167802385997045,-0.2686538001980947,6-mer
TTCTCG,0.3127095648579836,-0.5093540115702456,6-mer
TTCTGA,-0.3403401320012427,-0.3387719122031903,6-mer
TTCTGT,-0.16849774320834096,-0.4633724607591191,6-mer
TTCTGC,0.2194715182366281,0.06463005860271293,6-mer
TTCTGG,0.3521520168754938,0.38548392666143616,6-mer
TTCCAA,-0.23480785302716656,-0.15355386550866937,Inverted repeat
TTCCAT,-0.11540913204552126,-0.06657233552226778,6-mer
TTCCAC,-0.1154772174199358,-0.09002719193079858,6-mer
TTCCAG,0.21235106989467592,0.2089252478439582,6-mer
TTCCTA,0.002880042389860165,-0.3375008988078234,6-mer
TTCCTT,0.34256267041566546,0.22322919542605188,6-mer
TTCCTC,0.01356245044106155,-0.3606185293526703,6-mer
TTCCTG,0.3891913217920407,0.03949911275891587,6-mer
TTCCCA,0.09720215902536429,-0.302922096308936,6-mer
TTCCCT,0.22753845699196645,-0.6393023349480625,6-mer
TTCCCC,-0.09103983720127762,-0.6471865713533846,6-mer
TTCCCG,-0.05608354740801409,-0.6257814053292013,6-mer
TTCCGA,-0.5093328429404681,-0.8581760725453381,6-mer
TTCCGT,-0.3670034799626554,-0.316998863364477,6-mer
TTCCGC,0.21012419591501572,-0.04331573756595714,6-mer
TTCCGG,-0.2312915118517239,-0.32160923201925257,6-mer
TTCGAA,-0.8581673055870406,-1.1104152367774223,Palindromes
TTCGAT,-0.27215964208139604,-0.17820844070125427,Inverted repeat
TTCGAC,-0.0926629569050504,-0.29208608335843644,Inverted repeat
TTCGAG,-0.17843378780481708,-0.8620720917666728,Inverted repeat
TTCGTA,-0.713278509231553,-0.38754894758615954,6-mer
TTCGTT,-0.31822903833758276,-0.13560454645667314,6-mer
TTCGTC,0.37963372590207645,0.5150363916620855,6-mer
TTCGTG,0.17521780702080028,0.10512726978471135,6-mer
TTCGCA,-1.0368229914239806,-1.2705289423807182,6-mer
TTCGCT,-0.3879256536616024,-0.484599988839716,6-mer
TTCGCC,0.22527709121207354,0.13484254228686707,6-mer
TTCGCG,-0.2249074710749752,-0.6634365587442411,6-mer
TTCGGA,-0.7583956223141731,-1.0762658942280672,6-mer
TTCGGT,-0.3991155039906706,-0.0584956493101444,6-mer
TTCGGC,-0.29673976279652925,-0.2869742579266874,6-mer
TTCGGG,-0.031352418702451854,-0.46915905568087357,6-mer
TTGAAA,-0.18521825634378822,-0.14476799292673764,Inverted repeat
TTGAAT,-0.2723814023047007,-0.0394246229865107,6-mer
TTGAAC,-0.03313374383416624,0.2148449893074792,6-mer
TTGAAG,0.29100956406519485,0.6990291634807506,6-mer
TTGATA,0.21099993898508695,0.44458531358871234,6-mer
TTGATT,-0.23400102972611117,0.2659825037592862,6-mer
TTGATC,0.32557850901142116,0.9863420974094631,6-mer
TTGATG,0.32459503883644414,0.7645252131297782,6-mer
TTGACA,-0.4629474842402287,-0.40855346570864504,6-mer
TTGACT,0.08242222454980927,0.3999786821405097,6-mer
TTGACC,0.2803655663120716,0.7626631318085155,6-mer
TTGACG,0.14925379286859658,0.4445613655583057,6-mer
TTGAGA,-0.3357705338211867,-0.6382913413161284,6-mer
TTGAGT,-0.15334814708059524,-0.38749145456633466,6-mer
TTGAGC,0.35596291936667335,0.09532495902330966,6-mer
TTGAGG,-0.0009980595630765478,-0.45493348084272106,6-mer
TTGTAA,-0.48091322965959166,-0.5671327747654503,Inverted repeat
TTGTAT,-0.5956348822651073,-0.6476112969635266,6-mer
TTGTAC,-0.16976388747253304,-0.13428901637299642,6-mer
TTGTAG,0.12906628216789118,0.012843067374813218,6-mer
TTGTTA,0.004954881942764504,-0.15661782079279382,6-mer
TTGTTT,0.1745243035047658,-0.2075700816309245,6-mer
TTGTTC,0.35313805427571343,0.03943477412583296,6-mer
TTGTTG,0.27890617398298206,0.09584162998335884,6-mer
TTGTCA,-0.25316416180973256,-0.1856373658630932,6-mer
TTGTCT,0.24482160257576394,-0.16965251205801207,6-mer
TTGTCC,0.5701711176505703,0.15102598874065665,6-mer
TTGTCG,0.38430297270185626,0.021575534559142375,6-mer
TTGTGA,-0.480929127936802,-0.6139212440846944,6-mer
TTGTGT,-0.3308244953757586,-0.8027868364435659,6-mer
TTGTGC,0.0440449899704265,-0.45046590863107117,6-mer
TTGTGG,0.14788991876757954,0.015306587184753676,6-mer
TTGCAA,-0.42029500051002455,-0.4503601600321178,Palindromes
TTGCAT,-0.39884198272612,-0.5120031253278337,Inverted repeat
TTGCAC,0.026472211361190864,-0.204164994561964,Inverted repeat
TTGCAG,-0.15415018968194177,-0.1869587857898581,Inverted repeat
TTGCTA,-0.059068347030542714,0.015711066340232335,6-mer
TTGCTT,0.07370856746830584,0.3272336666806526,6-mer
TTGCTC,0.5504704716705631,0.19418039509746965,6-mer
TTGCTG,0.05271217263726019,0.2785432060988443,6-mer
TTGCCA,0.28615120333783584,0.6262041714126875,6-mer
TTGCCT,0.30490342518353214,0.09218466824407195,6-mer
TTGCCC,0.33017208898227085,-0.06971232410568072,6-mer
TTGCCG,0.24786310885256607,0.39756672878246146,6-mer
TTGCGA,-0.31041127871919044,-0.5871088364121836,6-mer
TTGCGT,0.16705966774792308,0.2402751261967696,6-mer
TTGCGC,0.00041343890264012445,-0.25640396436184737,6-mer
TTGCGG,0.6169609627116643,0.4625477381696971,6-mer
TTGGAA,-0.18146215728156598,-0.11853539565227902,Inverted repeat
TTGGAT,-0.3287999021997206,-0.012420197134498288,6-mer
TTGGAC,-0.13075368502348633,0.11022844515124668,6-mer
TTGGAG,-0.14145912573078612,-0.4429915608498448,6-mer
TTGGTA,0.021446645052031883,0.7283377467635023,6-mer
TTGGTT,-0.3650423808458562,0.25233782270228916,6-mer
TTGGTC,0.07688693460571407,0.6459269091502634,6-mer
TTGGTG,0.3313316938227556,0.8705590612070416,6-mer
TTGGCA,0.045713907423501905,0.3318163792518104,6-mer
TTGGCT,0.0892982504515925,0.5479539138125499,6-mer
TTGGCC,-0.5781541112996856,-0.25191837363961994,6-mer
TTGGCG,0.1776516808156602,0.39858872325521205,6-mer
TTGGGA,-0.12779287871280423,-0.34136487760935696,6-mer
TTGGGT,0.12396904071786141,0.06499601909152943,6-mer
TTGGGC,0.1727130014391167,-0.11918038273305591,6-mer
TTGGGG,0.07525619078403313,-0.4013183975718671,6-mer
TCAAAA,0.06712229726853002,0.12317832824086636,6-mer
TCAAAT,0.014339439272519868,-0.06874161978068144,6-mer
TCAAAC,-0.026366377085993438,0.04688829199145082,6-mer
TCAAAG,-0.06786860207675517,0.19069657533405812,6-mer
TCAATA,-0.011972641666075848,0.10757842372415101,6-mer
TCAATT,0.04667043343065712,0.3131191250430597,6-mer
TCAATC,-0.38490871900929535,0.19944643656188893,6-mer
TCAATG,-0.2285788730149929,-0.05999790415876186,6-mer
TCAACA,0.3050779262213183,0.21150410519371177,6-mer
TCAACT,0.34266607584682035,0.7157791225529053,6-mer
TCAACC,-0.42333682249733057,0.2022386261805118,6-mer
TCAACG,-0.019175662348253335,0.47997828263849557,6-mer
TCAAGA,0.3397075735060637,0.588050882838534,Inverted repeat
TCAAGT,0.07349446144529048,0.5149476070495838,6-mer
TCAAGC,0.03830086152040409,0.5285417037340023,6-mer
TCAAGG,0.1074215015321269,0.2941751775304062,6-mer
TCATAA,-0.2015527128702287,-0.046562887142848834,6-mer
TCATAT,0.27395915412948524,-0.025529712620101924,6-mer
TCATAC,-0.0929858806925415,0.10469737866669312,6-mer
TCATAG,-0.3454369295815159,-0.25750201437581044,6-mer
TCATTA,0.2792282740687846,0.35046850842533633,6-mer
TCATTT,-0.19505857954190098,-0.10331834303599516,6-mer
TCATTC,-0.5080817515922376,-0.15779968555619978,6-mer
TCATTG,-0.2186843133621677,-0.008830258119588453,6-mer
TCATCA,0.38017426631121504,0.983795128143519,6-mer
TCATCT,-0.023416664431168212,0.48180097311282877,6-mer
TCATCC,0.041460625526812386,0.43947759741648257,6-mer
TCATCG,0.4592325850381833,0.7305678229680556,6-mer
TCATGA,0.22600367488882678,0.3678269584980074,Palindromes
TCATGT,0.1347766793344538,-0.24851839760489006,Inverted repeat
TCATGC,-0.1550579386663025,-0.2899445899243162,Inverted repeat
TCATGG,0.05310733786465768,0.18877878482760993,Inverted repeat
TCACAA,-0.3865118010975545,-0.49396103370520955,6-mer
TCACAT,-0.3177083441915299,-0.8014245334862662,6-mer
TCACAC,-0.3454965660257666,-0.7318877398563495,6-mer
TCACAG,-0.614523877881996,-0.769923432450375,6-mer
TCACTA,0.24410777125574676,0.3995357626474567,6-mer
TCACTT,-0.41089267176702426,0.011023148393449771,6-mer
TCACTC,-0.014847764407313271,-0.3465687307509754,6-mer
TCACTG,-0.35336672555470144,-0.08724688510280806,6-mer
TCACCA,0.4427136621752227,1.1296272123517974,6-mer
TCACCT,0.15745435281018538,0.8274371852888839,6-mer
TCACCC,0.23059339940670842,0.2042330522176076,6-mer
TCACCG,0.3963340606004355,0.7400221525995448,6-mer
TCACGA,0.41841617773381384,0.40967703188910815,Inverted repeat
TCACGT,0.154362366318972,0.4988058569714415,6-mer
TCACGC,0.24768289112933353,0.3887670775593397,6-mer
TCACGG,0.40448015662420866,0.5081469036703253,6-mer
TCAGAA,-0.2817670444176564,-0.24944534108583874,6-mer
TCAGAT,-0.5038533713632373,-0.19981612398679569,6-mer
TCAGAC,-0.36202888270167083,-0.24872656914991031,6-mer
TCAGAG,-0.12558813075118985,-0.6971231763566277,6-mer
TCAGTA,-0.10538282684482202,0.3292356362785734,6-mer
TCAGTT,0.03072651563226317,0.2520247557683343,6-mer
TCAGTC,-0.5484842328944688,-0.1861197785430823,6-mer
TCAGTG,-0.6241363508278946,-0.4369056529357934,6-mer
TCAGCA,-0.18261081464130552,0.12707048258135073,6-mer
TCAGCT,0.02857316526227127,0.510932146986449,6-mer
TCAGCC,-0.2936525738096605,0.14621577033405628,6-mer
TCAGCG,-0.2990137029393604,-0.037836821177461115,6-mer
TCAGGA,0.6785158795863335,0.4789077197964383,Inverted repeat
TCAGGT,0.19830387205689268,0.48740020538202183,6-mer
TCAGGC,0.07216099555106303,0.049841015342555334,6-mer
TCAGGG,0.06647153421156496,-0.41018447456881885,6-mer
TCTAAA,0.012318267908061668,-0.33250402269046037,6-mer
TCTAAT,-0.20123300119461013,-0.22382544359570486,6-mer
TCTAAC,-0.21554761856810933,-0.2617126512375486,6-mer
TCTAAG,0.12982959586451398,-0.098377925307661,6-mer
TCTATA,-0.7381022458231034,-0.750320975499257,6-mer
TCTATT,-0.7507305139137384,-0.5251565116875856,6-mer
TCTATC,-0.6339595346157161,-0.29972421516297454,6-mer
TCTATG,-0.5722861106712804,-0.7148482272873067,6-mer
TCTACA,-0.049630767724600545,-0.4829711754439293,6-mer
TCTACT,-0.013674936897076294,0.04931995248282814,6-mer
TCTACC,-0.13220057501106244,0.21087551149712308,6-mer
TCTACG,-0.18464650714907802,-0.15658619931264192,6-mer
TCTAGA,-0.29240583528793573,-0.6149774807064384,Palindromes
TCTAGT,-0.0004371140893578187,-0.09210495190998953,Inverted repeat
TCTAGC,-0.061721863906582054,-0.0615888359459189,Inverted repeat
TCTAGG,-0.37038831890402507,-0.7018262584120548,Inverted repeat
TCTTAA,-0.38015275912988283,-0.23733288028036464,6-mer
TCTTAT,-0.3698541902561812,-0.2358442208050555,6-mer
TCTTAC,-0.3239565908098253,-0.11396310669055597,6-mer
TCTTAG,0.4442524777035733,0.3625461145498495,6-mer
TCTTTA,0.5164695845926554,0.3508356178998158,6-mer
TCTTTT,0.35052441280271546,0.42347603809857093,6-mer
TCTTTC,-0.15817621943385426,0.021272606733837834,6-mer
TCTTTG,0.2823559204020353,0.03444614601453337,6-mer
TCTTCA,0.4627574443440742,0.8183910872183244,6-mer
TCTTCT,0.41483797019466045,0.6303322173245077,6-mer
TCTTCC,0.11097197396727816,0.20447051333918564,6-mer
TCTTCG,0.0882351324236181,0.1761896622813379,6-mer
TCTTGA,0.2990661824602674,0.4860403684239579,Inverted repeat
TCTTGT,0.15575913576681638,0.0915722952404973,6-mer
TCTTGC,0.02725232225229769,0.21896979332483715,6-mer
TCTTGG,0.09953567355091435,0.3911226011869464,6-mer
TCTCAA,-0.36338493116626275,-0.7686174292471648,6-mer
TCTCAT,-0.4018621105311106,-0.7945498524231895,6-mer
TCTCAC,-0.2276744786438575,-0.6279180656232286,6-mer
TCTCAG,-0.2134868681145559,-0.7978922946433314,6-mer
TCTCTA,-0.015325731228836174,-0.7564723892877514,6-mer
TCTCTT,0.016539676149931227,-0.3635495057908854,6-mer
TCTCTC,-0.17272363479498556,-0.7580272096940358,6-mer
TCTCTG,0.28453110622692057,-0.3792205643200297,6-mer
TCTCCA,-0.05023962826999073,-0.5566767975979839,6-mer
TCTCCT,0.14029543387924875,-0.28997955443603,6-mer
TCTCCC,-0.2174622327165345,-0.740045926367744,6-mer
TCTCCG,-0.005205159131260399,-0.7212163968131537,6-mer
TCTCGA,-0.02687570599139475,-0.9161684091965293,Inverted repeat
TCTCGT,0.10721517169821186,-0.26468037867735345,6-mer
TCTCGC,0.08754711328172468,-0.727044559068863,6-mer
TCTCGG,-0.2008190093880961,-0.8586988303974711,6-mer
TCTGAA,-0.41827345212910205,-0.45331357829428826,6-mer
TCTGAT,-0.3662241201632505,-0.10438966207565326,6-mer
TCTGAC,-0.3282261187877313,-0.23862544819280085,6-mer
TCTGAG,-0.38962833525112006,-0.8558870667374909,6-mer
TCTGTA,-0.3809940357518798,-0.4612158585575832,6-mer
TCTGTT,-0.04330816142920368,-0.4168122203317504,6-mer
TCTGTC,-0.12733022436484132,-0.4188722709637394,6-mer
TCTGTG,-0.507471832280492,-0.8690989246547801,6-mer
TCTGCA,0.22364096753370677,-0.06376638569766296,6-mer
TCTGCT,0.03593412251358183,0.15669639538002736,6-mer
TCTGCC,-0.11428342749589118,-0.03479572656165852,6-mer
TCTGCG,-0.23907116248307833,-0.46079845440120315,6-mer
TCTGGA,0.33635941009786946,0.18930239064120324,Inverted repeat
TCTGGT,0.1568201097428258,0.5205486203196728,6-mer
TCTGGC,0.03511156805018184,0.2754732766484986,6-mer
TCTGGG,0.3693948337231313,-0.1276202308065859,6-mer
TCCAAA,-0.31161694885649416,-0.2988745063326698,6-mer
TCCAAT,-0.22431556007309683,-0.05266774551543691,6-mer
TCCAAC,-0.29434788026448405,-0.0329642661546812,6-mer
TCCAAG,-0.21762842677891192,0.1145576427164597,6-mer
TCCATA,-0.32897360905980516,-0.32682305861536604,6-mer
TCCATT,0.022187618460864037,0.0603224032236984,6-mer
TCCATC,-0.26989739212714714,0.3182145920882981,6-mer
TCCATG,-0.2867134023033043,-0.3986332191745032,6-mer
TCCACA,-0.05916207246814389,0.16504992475870373,6-mer
TCCACT,-0.3602691298684344,-0.2887051316470573,6-mer
TCCACC,-0.00610019953641768,0.35630192245524206,6-mer
TCCACG,-0.09894184969363616,0.050733982493773026,6-mer
TCCAGA,0.6022338196663252,0.5027248860934507,Inverted repeat
TCCAGT,0.1535489763048693,0.2709817905909921,6-mer
TCCAGC,0.27929862671469735,0.5916851658268607,6-mer
TCCAGG,-0.14790605672149876,-0.27965117740729645,6-mer
TCCTAA,0.6063734704743908,0.23402331917472555,6-mer
TCCTAT,-0.7405211061515363,-0.8003538666813533,6-mer
TCCTAC,0.06504729716562357,-0.06621968614244264,6-mer
TCCTAG,-0.07921317827840381,-0.5293747751811191,6-mer
TCCTTA,0.45612246880106544,0.27068185457193805,6-mer
TCCTTT,-0.007026759828419411,0.0661252582846442,6-mer
TCCTTC,0.018626603164532705,0.11532243011858152,6-mer
TCCTTG,-0.04064198449734588,-0.06844105610187616,6-mer
TCCTCA,0.12640136138331162,-0.38385428473869415,6-mer
TCCTCT,-0.057218750380396886,-0.5951333864102877,6-mer
TCCTCC,-0.41212590385894066,0.018147346710259398,6-mer
TCCTCG,0.2755481596050653,-0.6898876553598338,6-mer
TCCTGA,0.5809106162140734,0.23782348383328683,Inverted repeat
TCCTGT,0.39812066719225797,-0.12335569125960183,6-mer
TCCTGC,0.4854268271702417,0.21861365644809683,6-mer
TCCTGG,0.09975218064832526,-0.11962733607712886,6-mer
TCCCAA,0.0008513986915075719,-0.2967880120057575,6-mer
TCCCAT,0.29639300278022473,-0.07606010362207115,6-mer
TCCCAC,0.3284218569728627,-0.1167449635831373,6-mer
TCCCAG,0.5947435215137414,0.22310211801759006,6-mer
TCCCTA,0.21689262418907293,-0.5572808877962339,6-mer
TCCCTT,0.16028257120961645,-0.42586775811495053,6-mer
TCCCTC,0.19980760383681234,-0.6369818090909903,6-mer
TCCCTG,0.40103064128496446,-0.3023697286016795,6-mer
TCCCCA,0.45700425308290765,-0.02206950531914432,6-mer
TCCCCT,-0.1605607845840007,-0.5700892242396257,6-mer
TCCCCC,0.17799830197799432,-0.5879649888826798,6-mer
TCCCCG,0.43928504552552106,-0.19567913803202922,6-mer
TCCCGA,0.41584595827500104,-0.37694772603729354,Inverted repeat
TCCCGT,0.218729207245863,-0.2529101885600865,6-mer
TCCCGC,0.4333493775557854,-0.1506531789598653,6-mer
TCCCGG,-0.4183126313117047,-0.6290771170056213,6-mer
TCCGAA,-0.8561642274263487,-1.0700011414122932,6-mer
TCCGAT,-0.3767582970818128,-0.22072937211380347,6-mer
TCCGAC,-0.3909273198535881,-0.6498453523060105,6-mer
TCCGAG,-0.8264637450053086,-1.5327325419485986,6-mer
TCCGTA,-0.7848233555955291,-0.686480373448249,6-mer
TCCGTT,-0.3785116232537298,-0.29388819535991345,6-mer
TCCGTC,-0.3668384110215119,-0.19359390733594461,6-mer
TCCGTG,-0.342843674540698,-0.16653581786262026,6-mer
TCCGCA,0.3188354998319805,-0.1360179958607724,6-mer
TCCGCT,-0.22891252126830425,-0.17441509555087606,6-mer
TCCGCC,0.2744585212819923,0.274174963438994,6-mer
TCCGCG,0.03316686393519926,-0.4019325116554816,6-mer
TCCGGA,-0.061639065792385817,-0.39105006211804,Palindromes
TCCGGT,-0.25338423580007463,0.07918702815911188,Inverted repeat
TCCGGC,-0.4979902886341541,-0.36457243229585595,Inverted repeat
TCCGGG,-0.871843648509318,-1.2302030133664215,Inverted repeat
TCGAAA,-0.5833258640840493,-0.9859581381262651,6-mer
TCGAAT,-0.2698983741532515,-0.6066575718204751,6-mer
TCGAAC,-0.5070263637764101,-0.6375314437876982,6-mer
TCGAAG,-0.39414825429462924,-0.29297933808536075,6-mer
TCGATA,0.15254111136696266,-0.06951054669782036,6-mer
TCGATT,-0.13082907034064004,-0.07232323574249677,6-mer
TCGATC,0.016290307629829814,0.33730143755829656,6-mer
TCGATG,0.07227028649016215,0.04629365227393508,6-mer
TCGACA,0.23059339940670842,-0.3938697993330914,6-mer
TCGACT,0.15828935629248123,0.04341226161035396,6-mer
TCGACC,0.043943347587596805,0.34792330342030675,6-mer
TCGACG,-0.12599769815034534,0.07994494519303347,6-mer
TCGAGA,-0.12511979929410239,-0.9995190214854968,Inverted repeat
TCGAGT,0.3484003062485533,-0.34767908927822755,6-mer
TCGAGC,0.10225005824795011,-0.5804558354683887,6-mer
TCGAGG,-0.07484346863500917,-0.8832723813024805,6-mer
TCGTAA,0.03835175735377415,0.23524118816919432,6-mer
TCGTAT,-0.33758135919884763,-0.13831040019204602,6-mer
TCGTAC,-0.5911322679613628,-0.18511140525698835,6-mer
TCGTAG,-0.054856783646899214,0.24427846673709863,6-mer
TCGTTA,0.28997423302970976,0.36274299183663083,6-mer
TCGTTT,0.12990130599639602,0.1233255616485668,6-mer
TCGTTC,-0.09614559290084701,0.13227440732844195,6-mer
TCGTTG,-0.07600949487769876,0.24697650855293918,6-mer
TCGTCA,0.5439938559618264,0.933049756075373,6-mer
TCGTCT,0.37974874927570457,0.5218131168142409,6-mer
TCGTCC,0.6209193784975657,0.5448502371920855,6-mer
TCGTCG,0.5334322000810742,0.6141088463806725,6-mer
TCGTGA,0.5921126146807263,0.710440284958415,Inverted repeat
TCGTGT,0.25583890442958995,-0.06273575534796262,6-mer
TCGTGC,0.2538022623273293,0.12979349464359508,6-mer
TCGTGG,0.40886773203863724,0.736166980782465,6-mer
TCGCAA,-0.261166355539275,-0.5054437287975504,6-mer
TCGCAT,-0.5347767435529395,-0.7422303452475937,6-mer
TCGCAC,-0.3666781047619624,-0.7776940685794014,6-mer
TCGCAG,-0.37998076293352756,-0.5713074766616846,6-mer
TCGCTA,0.3035495655725076,0.12013257815802775,6-mer
TCGCTT,-0.044285092716354224,0.05834230550361613,6-mer
TCGCTC,0.34859175937615006,-0.34248054103982406,6-mer
TCGCTG,-0.2977998239944704,-0.1974129106163249,6-mer
TCGCCA,0.09324392768319047,0.23831620807468085,6-mer
TCGCCT,0.45564410235742203,0.2977771954362924,6-mer
TCGCCC,0.534336427651188,0.14709429306142707,6-mer
TCGCCG,0.3766974527392228,0.48509329461971235,6-mer
TCGCGA,0.20015913159970242,-0.43540199227999543,Palindromes
TCGCGT,-0.27645492159611534,-0.38010752501037137,Inverted repeat
TCGCGC,0.04107594300291551,-0.4136602246722018,Inverted repeat
TCGCGG,0.6238184365381797,0.4172250585166077,Inverted repeat
TCGGAA,-0.6039534130774104,-1.0095606383080944,6-mer
TCGGAT,-0.6873497187006483,-0.6207706274017402,6-mer
TCGGAC,-0.14268841716851,-0.40396626035430006,6-mer
TCGGAG,-0.4449747834329478,-1.0680975163834083,6-mer
TCGGTA,0.03606925470752156,0.28455212642530575,6-mer
TCGGTT,-0.16269621949182858,0.00918220885917788,6-mer
TCGGTC,-0.2857975009864197,0.14160694924458953,6-mer
TCGGTG,0.2797586406434226,0.5748053856382653,6-mer
TCGGCA,0.22726076904768522,0.11419236961543755,6-mer
TCGGCT,-0.07991603219699125,0.10760897408659652,6-mer
TCGGCC,-0.3093280581077289,-0.39928317827319754,6-mer
TCGGCG,0.09485918634144115,0.1253474614439972,6-mer
TCGGGA,0.034061836073632785,-0.43295940727610627,Inverted repeat
TCGGGT,-0.3206730317017381,-0.603208209649166,6-mer
TCGGGC,0.17794331179137465,-0.32684054211936125,6-mer
TCGGGG,-0.14652039710736858,-0.48291122925145874,6-mer
TGAAAA,0.12095950643693218,0.13219137399579733,6-mer
TGAAAT,-0.10289196757872712,-0.1840209636258039,6-mer
TGAAAC,0.1386335488495273,-0.06415871988774047,6-mer
TGAAAG,-0.553497038142687,-0.22137113465304883,6-mer
TGAATA,0.27828077653301725,0.11907431234558076,6-mer
TGAATT,-0.17292893229959783,-0.029811165412218336,6-mer
TGAATC,-0.3081222953623318,0.008764772727605279,6-mer
TGAATG,-0.6855148882981996,-0.3739598362335071,6-mer
TGAACA,0.23502148414122934,0.036081229814626366,Inverted repeat
TGAACT,-0.4499939019859523,-0.08858149861387433,6-mer
TGAACC,0.1032975923471132,0.529416509286158,6-mer
TGAACG,-0.10696738000884462,0.2722672863494072,6-mer
TGAAGA,0.4423680343905752,0.8419682894631242,6-mer
TGAAGT,0.14818011660478997,0.4863479903648161,6-mer
TGAAGC,0.2627046846482905,0.7163269637588933,6-mer
TGAAGG,0.23109324676759305,0.5833895094249792,6-mer
TGATAA,0.384811458043295,0.5472702106492057,6-mer
TGATAT,0.19606407344777088,0.18532916449171818,6-mer
TGATAC,0.2220561679749702,0.46923091823847474,6-mer
TGATAG,-0.34702376905999843,-0.07760903182949282,6-mer
TGATTA,-0.23450237224289752,0.3271970433921169,6-mer
TGATTT,-0.14685383173809607,0.10665463934637726,6-mer
TGATTC,-0.18961203843463206,0.09372438264798304,6-mer
TGATTG,-0.4833062832711238,0.17473883498170822,6-mer
TGATCA,0.2185871425243677,1.0480942882010449,Palindromes
TGATCT,-0.24260486543477094,0.21935614847175494,Inverted repeat
TGATCC,0.27293544008781323,0.7161450505816042,Inverted repeat
TGATCG,0.3475492938804077,0.9436774118642096,Inverted repeat
TGATGA,0.3811540755280516,1.0246590645676037,6-mer
TGATGT,0.25646795392533156,0.21496633314720248,6-mer
TGATGC,0.08426040921199532,0.3835449518753069,6-mer
TGATGG,0.11289206169581044,0.9055693597882716,6-mer
TGACAA,-0.18444374303716102,-0.18517708530256613,6-mer
TGACAT,0.16044684364496853,-0.27911261384736763,6-mer
TGACAC,-0.1038970594738535,-0.3299846497584208,6-mer
TGACAG,-0.4381478435698606,-0.29664618826361044,6-mer
TGACTA,0.20600346079741497,0.5192028730171162,6-mer
TGACTT,0.0024296566036594498,0.34138045755353474,6-mer
TGACTC,-0.018906863817971804,-0.33794806527598076,6-mer
TGACTG,-0.11361085876263716,0.337753062049045,6-mer
TGACCA,0.11870423666057232,0.8505924386288769,Inverted repeat
TGACCT,-0.18567080621044496,0.10167365203529705,6-mer
TGACCC,0.006252209312338839,-0.06395445977060947,6-mer
TGACCG,0.3237757301975974,0.8176660680884723,6-mer
TGACGA,0.43265248353473207,0.6254489469680267,6-mer
TGACGT,-0.44021800469546396,0.13494850204167116,6-mer
TGACGC,0.003981419947027156,0.2350273791227585,6-mer
TGACGG,0.16412665252753933,0.411774712269843,6-mer
TGAGAA,-0.0888953954340995,-0.5087908202357522,6-mer
TGAGAT,-0.4956632872572271,-0.6442610999769025,6-mer
TGAGAC,-0.22967580888736272,-0.5653650633863622,6-mer
TGAGAG,-0.3416034582079038,-1.1964243947432107,6-mer
TGAGTA,0.1593264342509089,0.0002657141624399519,6-mer
TGAGTT,-0.13439961755934962,-0.5534893846345897,6-mer
TGAGTC,-0.3873625408359954,-0.7006361234291076,6-mer
TGAGTG,-0.17566789517080295,-0.6793324513185545,6-mer
TGAGCA,0.3751164657938972,-0.06852578183135133,Inverted repeat
TGAGCT,-0.33267606484554374,-0.47428626956504133,6-mer
TGAGCC,0.34268665505415985,0.00867433356583323,6-mer
TGAGCG,0.2785234104767434,-0.31663041416153,6-mer
TGAGGA,0.2602559840970733,-0.3395389031211944,6-mer
TGAGGT,-0.4677667660749207,-0.5537639569333954,6-mer
TGAGGC,-0.21572869105543707,-0.6104628730150224,6-mer
TGAGGG,0.04431834954982324,-0.7977722244325066,6-mer
TGTAAA,-0.24764798458149317,-0.4183602725249806,6-mer
TGTAAT,-0.11710683658382665,-0.31621084145366257,6-mer
TGTAAC,-0.09852820490600019,-0.2574435425924771,6-mer
TGTAAG,-0.910458567660445,-0.6120331435498105,6-mer
TGTATA,-0.5087908202357522,-0.8006852015007418,6-mer
TGTATT,-0.28496350970852885,-0.5563394869041024,6-mer
TGTATC,0.07464971308167473,-0.17317797923739991,6-mer
TGTATG,-0.6540162375944994,-0.8565844023916738,6-mer
TGTACA,-0.10128333583718162,-0.5095661807556593,Palindromes
TGTACT,-0.338973410210116,-0.13364961505076256,Inverted repeat
TGTACC,0.26657567830198037,0.4083308769628998,Inverted repeat
TGTACG,-0.4138017861061748,-0.5837209386472079,Inverted repeat
TGTAGA,0.0009133872042281888,-0.48079372582247065,6-mer
TGTAGT,0.39033006646372476,0.28317205140486995,6-mer
TGTAGC,0.28147605115006813,0.1422616989668499,6-mer
TGTAGG,0.16646114613874077,-0.2768072554555263,6-mer
TGTTAA,0.3477075267143564,-0.014233027231561533,6-mer
TGTTAT,-0.668826231049025,-0.7896368162108578,6-mer
TGTTAC,-0.15519666429175757,-0.31254976257150124,6-mer
TGTTAG,0.21830546381320487,-0.0996574148311764,6-mer
TGTTTA,0.03544117993151841,-0.3759475607281512,6-mer
TGTTTT,0.3850155381338979,-0.19314956969173677,6-mer
TGTTTC,0.2897642643143212,-0.3229568109187481,6-mer
TGTTTG,-0.09933353048754762,-0.624639599641185,6-mer
TGTTCA,0.16519116015492466,-0.007759164252119865,Inverted repeat
TGTTCT,0.18729308463686847,-0.4375269253092154,6-mer
TGTTCC,0.4824504206878609,-0.05106259547218506,6-mer
TGTTCG,-0.15940562578035314,-0.4561134422817595,6-mer
TGTTGA,0.3985493764902747,0.24784379401568485,6-mer
TGTTGT,0.3398417608204116,-0.22268766231586545,6-mer
TGTTGC,0.3759679346002516,0.036134477476622885,6-mer
TGTTGG,0.38062497360094244,0.3000591390702716,6-mer
TGTCAA,-0.6143968919955459,-0.4744329080526102,6-mer
TGTCAT,0.09711918637192518,-0.12054153167121655,6-mer
TGTCAC,-0.046293652273934935,-0.2328640248485033,6-mer
TGTCAG,-0.04331117127333031,-0.1747386341065902,6-mer
TGTCTA,0.08893966386146078,-0.42882274012456884,6-mer
TGTCTT,0.3877320259414381,0.08397074377146622,6-mer
TGTCTC,0.09171616909161523,-0.8789214797498507,6-mer
TGTCTG,0.001118801948965344,-0.3337604579747981,6-mer
TGTCCA,0.2769183599697965,-0.02660993223771089,Inverted repeat
TGTCCT,0.354950349486412,-0.18293456838077643,6-mer
TGTCCC,0.5161006425763518,-0.42622457324737834,6-mer
TGTCCG,-0.06161911826366583,-0.3167449925785612,6-mer
TGTCGA,0.24966944045493653,-0.2902139140066762,6-mer
TGTCGT,0.16658325837724017,0.05126324792919086,6-mer
TGTCGC,0.31177537852647175,-0.03414467752803473,6-mer
TGTCGG,0.3923174227787602,-0.026062296586195938,6-mer
TGTGAA,-0.7777854147242875,-0.8448379496526092,6-mer
TGTGAT,-0.43525852336569437,-0.3934202090768385,6-mer
TGTGAC,-0.19869976408166995,-0.4771892519999957,6-mer
TGTGAG,-0.7452939539253525,-1.4393065140419892,6-mer
TGTGTA,-0.4915411285393168,-0.9791329134826126,6-mer
TGTGTT,-0.26132200795810767,-0.948774676644827,6-mer
TGTGTC,-0.19773526838497224,-0.9941393485787574,6-mer
TGTGTG,-0.8650154904447959,-1.1610697949052033,6-mer
TGTGCA,-0.16489481382486432,-0.8910468197217983,Inverted repeat
TGTGCT,-0.3044310276649621,-0.5994339199944928,6-mer
TGTGCC,0.05067167097894294,-0.4712517618594697,6-mer
TGTGCG,-0.13009557401566577,-0.8028675310652904,6-mer
TGTGGA,-0.08923503859281799,-0.3473506917672693,6-mer
TGTGGT,-0.11686375769089834,0.05570418557344027,6-mer
TGTGGC,0.023758579951236033,-0.10347611994974103,6-mer
TGTGGG,0.19011423518352097,-0.41984952929481995,6-mer
TGCAAA,-0.2873535878054286,-0.4956458910938344,6-mer
TGCAAT,-0.08660403519289984,-0.18663116171327318,6-mer
TGCAAC,-0.05126101551734241,-0.19475685442224783,6-mer
TGCAAG,-0.602664502454615,-0.442907049890311,6-mer
TGCATA,-0.3500268213067626,-0.7513456427529185,6-mer
TGCATT,-0.34389342638415393,-0.597262303409667,6-mer
TGCATC,0.10366708029942011,0.18717868277412464,6-mer
TGCATG,-0.5025003405291831,-0.9560192822179756,6-mer
TGCACA,-0.09470442394686149,-0.7659548060663054,Inverted repeat
TGCACT,-0.36166870628434616,-0.544023939998922,6-mer
TGCACC,0.5212678254037665,0.4345649611476189,6-mer
TGCACG,0.24134566791361212,-0.056196798692187515,6-mer
TGCAGA,-0.004620106744917137,-0.11544193032969481,6-mer
TGCAGT,0.028395723873130448,-0.029474088742601857,6-mer
TGCAGC,0.1731489023165986,0.19655807270899425,6-mer
TGCAGG,0.4098173274636634,0.03821932223049002,6-mer
TGCTAA,0.36375752720136373,0.41621005764401947,6-mer
TGCTAT,-0.6079541433473854,-0.3440616807415696,6-mer
TGCTAC,-0.11429072081470339,0.11913549416427784,6-mer
TGCTAG,-0.00990373310133708,0.00614032478470208,6-mer
TGCTTA,-0.18966121950357454,0.07529738606222863,6-mer
TGCTTT,0.11301890291453655,0.12625755209082848,6-mer
TGCTTC,0.18097726951895865,0.3663849720417864,6-mer
TGCTTG,-0.2193782524373106,0.15519248397861435,6-mer
TGCTCA,0.3268818425983127,-0.01535963600960902,Inverted repeat
TGCTCT,0.2245982241776857,-0.2738780820631367,6-mer
TGCTCC,0.3874308496468874,-0.15828649582645726,6-mer
TGCTCG,0.6415460290875237,0.11602379633948338,6-mer
TGCTGA,-0.08874593391537801,0.18524451719012577,6-mer
TGCTGT,0.025134155066090215,-0.1038606799222989,6-mer
TGCTGC,0.18891456041337873,0.2793247134636235,6-mer
TGCTGG,0.3052617846050957,0.7521946332572838,6-mer
TGCCAA,0.07769587036135885,0.3813625631964749,6-mer
TGCCAT,0.1799543560062123,0.3270229620101258,6-mer
TGCCAC,0.15888368320055005,0.379795285198387,6-mer
TGCCAG,0.08147609724486023,0.45160546030974813,6-mer
TGCCTA,-0.08078717499672249,-0.4035536676155398,6-mer
TGCCTT,0.4108403857350673,0.29848786757306206,6-mer
TGCCTC,0.18495068615239516,-0.6085020575277883,6-mer
TGCCTG,-0.025610643679037606,-0.17488830857215695,6-mer
TGCCCA,-0.06691546384625384,-0.32836341622257437,Inverted repeat
TGCCCT,-0.03216201016637135,-0.747827916470209,6-mer
TGCCCC,0.3563859611824368,-0.422495571443785,6-mer
TGCCCG,0.18634050108818695,-0.11958161575267254,6-mer
TGCCGA,0.07945501153588498,0.026293516242254594,6-mer
TGCCGT,0.2460490926285127,0.42846536281531183,6-mer
TGCCGC,0.6136559519990255,0.6002805544748759,6-mer
TGCCGG,0.23942100841929725,0.47393118833241243,6-mer
TGCGAA,-0.8988376264604845,-1.0885458101796281,6-mer
TGCGAT,-0.2012604445658086,-0.25493693813519713,6-mer
TGCGAC,-0.04703511643921773,-0.28572699169389526,6-mer
TGCGAG,-0.3572168448905015,-1.0518867416649684,6-mer
TGCGTA,-0.17853531502578557,-0.06325155622613798,6-mer
TGCGTT,-0.30393025357389564,-0.3211337321761551,6-mer
TGCGTC,-0.15765121336090562,-0.3171346153099155,6-mer
TGCGTG,0.1106762311561146,0.026340392178780446,6-mer
TGCGCA,-0.12157847715698275,-0.6597431367718639,Palindromes
TGCGCT,-0.749442324535139,-0.9061909374760428,Inverted repeat
TGCGCC,0.28614351974738883,0.06353430558273593,Inverted repeat
TGCGCG,-0.060235107133370054,-0.503662398619308,Inverted repeat
TGCGGA,0.47590806351424303,-0.038610619218736875,6-mer
TGCGGT,-0.15408005664368338,0.047171204029027004,6-mer
TGCGGC,0.5673684407064181,0.4851870639853194,6-mer
TGCGGG,0.38250353513045143,0.014873276481530199,6-mer
TGGAAA,-0.11724946492411369,-0.27568857395718754,6-mer
TGGAAT,0.16569047117566532,0.16384295506438012,6-mer
TGGAAC,-0.07109739909132393,0.06888350211461801,6-mer
TGGAAG,-0.3226583885202122,0.03295863108287026,6-mer
TGGATA,0.009469199757404432,0.043759171793022744,6-mer
TGGATT,-0.4020533656903912,-0.18030997083227632,6-mer
TGGATC,0.1034385822475141,0.6043760835212553,6-mer
TGGATG,-0.4144290055942757,-0.0014624380784860362,6-mer
TGGACA,-0.028752829711932444,-0.2411847091840051,Inverted repeat
TGGACT,-0.28249191274228136,-0.04152191333241333,6-mer
TGGACC,-0.20531890797750652,0.0944128251851129,6-mer
TGGACG,0.2333341716183738,0.4406125336620644,6-mer
TGGAGA,-0.014597376212957928,-0.08476369164938385,6-mer
TGGAGT,0.21347912248021825,-0.17444614284497933,6-mer
TGGAGC,0.4912270624552867,0.019181413203619983,6-mer
TGGAGG,-0.8645183506290955,-0.5447454006447546,6-mer
TGGTAA,0.34960183187130345,0.9939666569815176,6-mer
TGGTAT,-0.10348701606762871,0.5232610544495228,6-mer
TGGTAC,0.16604912193423377,1.0764030716590813,6-mer
TGGTAG,-0.21594065838160742,0.44549019505222914,6-mer
TGGTTA,-0.3914288716552048,0.3034490542162951,6-mer
TGGTTT,-0.17064896511936342,0.1624331203521263,6-mer
TGGTTC,0.010222649142142763,0.6002292573744666,6-mer
TGGTTG,-0.6514520180503885,0.21912856454276447,6-mer
TGGTCA,0.17315154420634432,0.8993499740773261,Inverted repeat
TGGTCT,-0.3079905664505448,0.1292830169449664,6-mer
TGGTCC,-0.05992622176113837,0.38396884148829885,6-mer
TGGTCG,0.46876948321663336,0.8919402541425471,6-mer
TGGTGA,0.4899835936177784,1.1936184907321001,6-mer
TGGTGT,0.4430937844098193,0.5846140657379654,6-mer
TGGTGC,0.5734418257434744,0.9780634051422736,6-mer
TGGTGG,0.31559416116531186,1.1825465121707712,6-mer
TGGCAA,0.2806012325984272,0.6172883882169847,6-mer
TGGCAT,-0.019676049623869624,0.045998424720512174,6-mer
TGGCAC,0.15672550368745292,0.19295348889754943,6-mer
TGGCAG,-0.17586053705129873,0.20241505912369973,6-mer
TGGCTA,0.06846069658995951,0.5824273261548366,6-mer
TGGCTT,0.09866001735911352,0.5271907775376861,6-mer
TGGCTC,0.3974280996854654,0.29426135227110173,6-mer
TGGCTG,-0.20475476022039046,0.5648370987243038,6-mer
TGGCCA,-0.9166569024551796,-0.32060845606597765,Palindromes
TGGCCT,-0.6504860734407382,-0.5145731728297582,Inverted repeat
TGGCCC,-0.5336041951982173,-0.829381228387603,Inverted repeat
TGGCCG,-0.18135060824008575,0.32952524272692085,Inverted repeat
TGGCGA,0.3465984184446756,0.49733646790445446,6-mer
TGGCGT,0.4209284631230193,0.7665907632754845,6-mer
TGGCGC,-0.1116383795304126,-0.05466497559838144,6-mer
TGGCGG,0.33268744095886393,0.6331406968564555,6-mer
TGGGAA,-0.050261126390449745,-0.3406268632488742,6-mer
TGGGAT,0.10058047386758963,0.12337231263420757,6-mer
TGGGAC,0.19360399791182278,0.04448538584849731,6-mer
TGGGAG,-0.4545658634654813,-0.890289777370924,6-mer
TGGGTA,0.2771707135250032,0.2845624507268788,6-mer
TGGGTT,-0.188691750875459,-0.28490890545655645,6-mer
TGGGTC,-0.018900205343279214,-0.2715101879011388,6-mer
TGGGTG,0.4114126354600898,0.3352567666302688,6-mer
TGGGCA,0.1817604958255366,-0.2679133250622455,Inverted repeat
TGGGCT,-0.012840950474044155,-0.1440282863126298,6-mer
TGGGCC,-0.42440273921592664,-0.7315583410346126,6-mer
TGGGCG,0.13606154957602853,-0.17364808748502977,6-mer
TGGGGA,0.6980193139256895,0.10774517376013533,6-mer
TGGGGT,0.01831802935356861,-0.11556931119551797,6-mer
TGGGGC,0.47742017441229223,0.09933520178780575,6-mer
TGGGGG,-0.7078192485066896,-1.2553070438091831,6-mer
CAAAAA,0.010519742494983417,0.036711778356520924,6-mer
CAAAAT,0.09218908655144907,0.01565808394634806,6-mer
CAAAAC,0.11182961983591455,-0.08739780958223174,6-mer
CAAAAG,0.07298490892566546,0.11661823908563498,6-mer
CAAATA,0.0548825502647332,-0.245494698516359,6-mer
CAAATT,0.045594542752670005,-0.2163794070649963,6-mer
CAAATC,-0.23591334344345705,-0.11579742495446288,6-mer
CAAATG,0.07316437112456803,-0.267048483407493,Inverted repeat
CAAACA,0.029645461748524844,-0.4356760920839325,6-mer
CAAACT,0.09047567781698423,-0.0032331901754296833,6-mer
CAAACC,-0.37735815923794697,-0.30523450806812713,6-mer
CAAACG,0.07237729571314866,0.04081890460804492,6-mer
CAAAGA,0.12380512095650235,0.1586021301085381,6-mer
CAAAGT,-0.08033417029784115,0.08941708069319322,6-mer
CAAAGC,-0.3323313183821356,-0.013026680296239497,6-mer
CAAAGG,-0.3386903379581333,-0.30985981173073657,6-mer
CAATAA,-0.026937715289461112,0.03359998970417934,6-mer
CAATAT,0.5848249767669137,0.2809862856238673,6-mer
CAATAC,0.046978927672384777,0.028341864452076117,6-mer
CAATAG,-0.3858549827040581,-0.35416507580331574,6-mer
CAATTA,0.26015764507823025,0.37733301516792933,Inverted repeat
CAATTT,0.018387806380552877,-0.0975385520297371,Inverted repeat
CAATTC,-0.012000305204822426,0.13777170760439028,Inverted repeat
CAATTG,0.467720826841878,0.5587052628028721,Palindromes
CAATCA,-0.45826322711178175,0.19089788599528304,6-mer
CAATCT,-0.3433287293430565,-0.07617589734454155,6-mer
CAATCC,-0.4527057554489838,-0.22128339263305033,6-mer
CAATCG,0.03289333216621199,0.32375822965123097,6-mer
CAATGA,-0.24347052188739818,-0.07506076761529547,6-mer
CAATGT,-0.02434409048554095,-0.3918348704617636,6-mer
CAATGC,-0.18298380406198606,-0.32942779476207834,6-mer
CAATGG,-0.00479339035352299,0.2315668196317089,6-mer
CAACAA,0.1981335249555684,0.11591119184480528,6-mer
CAACAT,0.36903080151960127,-0.039792690871306685,6-mer
CAACAC,0.35903971799355916,0.015655575398704262,6-mer
CAACAG,0.2612321631998084,0.10621691917524505,6-mer
CAACTA,0.454198517048995,0.5870496606065636,6-mer
CAACTT,0.09511608972667464,0.4259350826546389,6-mer
CAACTC,0.008208813275532786,-0.16130593374225227,6-mer
CAACTG,0.37903527696148126,0.6803709101793577,Inverted repeat
CAACCA,-0.480651511408301,0.28597891196101505,6-mer
CAACCT,-0.4490463914437427,-0.20855253770437224,6-mer
CAACCC,-0.5382692652731145,-0.5833221423399005,6-mer
CAACCG,-0.38833118678599715,0.16059424200256447,6-mer
CAACGA,0.0004075985451292857,0.1732508271490895,6-mer
CAACGT,-0.14433328753957156,0.2873294333633954,6-mer
CAACGC,-0.00500068105836641,0.20110114602487175,6-mer
CAACGG,0.0005658737240182405,0.36881448251819804,6-mer
CAAGAA,0.25082560708519136,0.45011691172394097,6-mer
CAAGAT,0.10987761777237331,0.5399987174097042,6-mer
CAAGAC,-0.12214194073484595,0.10209818761873589,6-mer
CAAGAG,0.16635378012346813,-0.25856439438519047,6-mer
CAAGTA,0.06577295342486489,0.4627342413101402,6-mer
CAAGTT,-0.001676577807383575,0.22853918742189236,6-mer
CAAGTC,-0.20555870999353684,0.016881412715405168,6-mer
CAAGTG,-0.02796008134088677,0.1635953985056291,Inverted repeat
CAAGCA,-0.08603888073699244,0.1726633593368809,6-mer
CAAGCT,-0.26738744047705015,0.2754723511531266,6-mer
CAAGCC,-0.18143794926269002,0.23709911112967041,6-mer
CAAGCG,-0.2307473010787731,0.06572255205986911,6-mer
CAAGGA,0.20920995085152616,0.00243812946358042,6-mer
CAAGGT,-0.08460077303346412,0.3971614731288517,6-mer
CAAGGC,-0.028170672691160723,0.06364721902420296,6-mer
CAAGGG,-0.09806231409087356,-0.4875369563176513,6-mer
CATAAA,-0.2606915529151982,-0.38617196890202443,6-mer
CATAAT,-0.038944565781421164,0.06164654944620233,6-mer
CATAAC,-0.47623058629744486,-0.469338883682556,6-mer
CATAAG,-0.4149415722173444,-0.4643883921210772,6-mer
CATATA,-0.29514659098754675,-0.6683721891847609,Inverted repeat
CATATT,0.5217223204667014,0.010471365250933154,Inverted repeat
CATATC,0.12950295673362147,-0.007317150296800163,Inverted repeat
CATATG,0.5702288703549411,-0.24735278360152413,Palindromes
CATACA,-0.4096094545599844,-0.8264148823258951,6-mer
CATACT,-0.01939720727797497,-0.18259579018138233,6-mer
CATACC,-0.19250363031829212,0.05773443222872779,6-mer
CATACG,-0.6572276513197932,0.024342695136465278,6-mer
CATAGA,-0.2639920527596895,-0.6736667259926367,6-mer
CATAGT,-0.27428425437809345,-0.2021745001270318,6-mer
CATAGC,-0.35250339688591215,-0.18873247816628114,6-mer
CATAGG,-0.9043477609363137,-1.3362833878644325,6-mer
CATTAA,0.20004719005677657,0.11947782291543299,6-mer
CATTAT,0.3248649793396359,0.11329043422541395,6-mer
CATTAC,0.3404000040934897,0.2758983991473614,6-mer
CATTAG,0.44893337162268243,0.2827336028738584,6-mer
CATTTA,-0.26383568052303275,-0.4985388210315035,6-mer
CATTTT,-0.049551865099904856,-0.15364778728442788,6-mer
CATTTC,-0.11158206446296001,-0.3898187681816983,6-mer
CATTTG,0.11603243168989893,-0.24750392997112075,Inverted repeat
CATTCA,-0.6483802201758325,-0.3911703513097106,6-mer
CATTCT,-0.1953594626394319,-0.28165461734947594,6-mer
CATTCC,-0.03143611276728789,-0.17546744022550886,6-mer
CATTCG,-0.5312148841674553,-0.6656424555711198,6-mer
CATTGA,-0.19822611020569558,-0.03179165285235094,6-mer
CATTGT,-0.12226096209014116,-0.3242747586523982,6-mer
CATTGC,-0.09791620739937784,-0.10497298919628911,6-mer
CATTGG,-0.17456837539241357,-0.0079527364747298,6-mer
CATCAA,0.26479651772021817,0.7003197385126901,6-mer
CATCAT,0.2705271864238498,0.6831670029189887,6-mer
CATCAC,0.05268164441615511,0.42301422000167666,6-mer
CATCAG,0.2480390088677988,0.679143800856499,6-mer
CATCTA,-0.19246057828860025,-0.08173201439933023,6-mer
CATCTT,0.059047044891171,0.5212482622434257,6-mer
CATCTC,-0.478540441585002,-0.6411606424040809,6-mer
CATCTG,-0.005109151124149066,0.2292595253547671,Inverted repeat
CATCCA,-0.34827686181954937,0.09403722149786385,6-mer
CATCCT,-0.01208839526993237,0.02579148840115699,6-mer
CATCCC,1.0837683576925978,0.9056888503987653,6-mer
CATCCG,-0.39141451566205254,-0.3965174113080459,6-mer
CATCGA,0.0729239433035946,0.01681172398790464,6-mer
CATCGT,0.23327047506696527,0.5645458747567846,6-mer
CATCGC,0.21558977669965218,0.2877211033026103,6-mer
CATCGG,0.2228336799546267,0.3263154121283014,6-mer
CATGAA,-0.16065935474409657,-0.0772048005650121,6-mer
CATGAT,0.21674763037485456,0.31140214517609455,6-mer
CATGAC,0.01325889737480479,0.06836682152681443,6-mer
CATGAG,-0.06169836762735324,-0.7646380126507607,6-mer
CATGTA,-0.20338736492959578,-0.5852065909071523,6-mer
CATGTT,0.2518045545871527,-0.4573744458363041,6-mer
CATGTC,0.17661965401632068,-0.3602632767346789,6-mer
CATGTG,0.031735688336454536,-0.5285411940017138,Inverted repeat
CATGCA,-0.4761688593091454,-0.9057868655851048,6-mer
CATGCT,-0.34514401258992644,-0.49604050119509374,6-mer
CATGCC,-0.05615989158725847,-0.27599397286956256,6-mer
CATGCG,-0.502378228290684,-0.8712234584124869,6-mer
CATGGA,-0.28320652987742706,-0.3603455462038912,6-mer
CATGGT,-0.10578802497443658,0.2632559499129896,6-mer
CATGGC,-0.06745044922001463,0.12036873192541128,6-mer
CATGGG,0.23605237705439353,-0.29678590123174436,6-mer
CACAAA,0.0035164610137666205,-0.37483943026434013,6-mer
CACAAT,-0.08244573597461162,-0.41063650867628143,6-mer
CACAAC,-0.3121965568695889,-0.5552086304618113,6-mer
CACAAG,0.08996337688772005,-0.15188082597255095,6-mer
CACATA,-0.24664959835899633,-0.6783155830189495,6-mer
CACATT,-0.03612890770830257,-0.736462240654946,6-mer
CACATC,-0.2434775148534055,-0.46333305631962496,6-mer
CACATG,0.06469484046604912,-0.5320377694618317,Inverted repeat
CACACA,-0.5263919598469853,-1.1684445548876814,6-mer
CACACT,-0.4921464249766099,-0.7799239500424936,6-mer
CACACC,0.15020309939883977,-0.1915626507007558,6-mer
CACACG,-0.4285523057533252,-0.5022469916759748,6-mer
CACAGA,-0.3252133970936807,-0.7580472818332337,6-mer
CACAGT,-0.6135316529179271,-1.03489820798459,6-mer
CACAGC,-0.5112400291656406,-0.6578033076066505,6-mer
CACAGG,-0.15124358037623706,-0.8182172443616071,6-mer
CACTAA,-0.23294494767879148,-0.16203974509544192,6-mer
CACTAT,-0.020920651627097987,-0.0338528188347069,6-mer
CACTAC,0.3092272161798305,0.41319413582896675,6-mer
CACTAG,0.5019363471518328,0.37790467629809293,6-mer
CACTTA,-0.4322930046401689,-0.3003828133637564,6-mer
CACTTT,-0.21263584609259878,-0.1292638892737069,6-mer
CACTTC,-0.535529140916654,-0.21582750240035342,6-mer
CACTTG,-0.08400893718052563,0.15811739481412493,Inverted repeat
CACTCA,-0.21911422495232719,-0.688320788192505,6-mer
CACTCT,-0.032079970993921916,-0.6650763385043748,6-mer
CACTCC,-0.08237952924370502,-0.5516424275211298,6-mer
CACTCG,-0.17339719334911724,-0.652308809047556,6-mer
CACTGA,-0.8531920689599755,-0.5488559762209229,6-mer
CACTGT,-0.17887395816979515,-0.493162475949847,6-mer
CACTGC,-0.33745374165692654,-0.24777201431027987,6-mer
CACTGG,-0.3224010321284078,0.12726906909037194,6-mer
CACCAA,0.33067366712248275,0.8411880007141775,6-mer
CACCAT,0.4676023066175766,0.9191807667225339,6-mer
CACCAC,0.4646141186079053,0.9365603879561769,6-mer
CACCAG,0.7924447788401728,1.325210678876664,6-mer
CACCTA,0.3816843082255983,0.2746223801090057,6-mer
CACCTT,-0.011430580776404227,0.25489973541385075,6-mer
CACCTC,-0.6480867561497994,0.4893755927234322,6-mer
CACCTG,0.5006888614252555,0.49234322544629255,Inverted repeat
CACCCA,0.19104829300806633,0.14215530748870261,6-mer
CACCCT,0.06670714357654207,-0.2538577594588176,6-mer
CACCCC,-0.16236170736584346,-0.5549806576930512,6-mer
CACCCG,-0.11212883624607893,-0.18668351970367913,6-mer
CACCGA,0.47427670265351995,0.4165294280993807,6-mer
CACCGT,0.229104061882607,0.662920320259766,6-mer
CACCGC,0.3247633955855,0.5643592291996882,6-mer
CACCGG,0.2831497671308697,0.5383578380198089,6-mer
CACGAA,-0.03411507740819464,-0.06065319267541424,6-mer
CACGAT,0.39708279045761447,0.5092361412010314,6-mer
CACGAC,0.2339382417440795,0.18035490682838054,6-mer
CACGAG,0.730813367184611,0.07479174956938398,6-mer
CACGTA,-0.09414307574105968,0.2018884768789132,Inverted repeat
CACGTT,0.04979036671153119,0.2307421675943056,Inverted repeat
CACGTC,-0.21107944311257656,-0.040128112705309645,Inverted repeat
CACGTG,0.5069033246700383,0.7676372899086239,Palindromes
CACGCA,-0.15483964969070935,-0.40237446500824026,6-mer
CACGCT,0.013235827156693995,0.16556554388611167,6-mer
CACGCC,0.1520030934450497,0.24528963517371638,6-mer
CACGCG,-0.03977990198535458,-0.048440355057753175,6-mer
CACGGA,-0.41339714089758833,-0.5622424242210726,6-mer
CACGGT,0.4372242625435055,0.7405588588902144,6-mer
CACGGC,0.07819921185035943,0.16466632871080233,6-mer
CACGGG,-0.013402704602488347,-0.36598815016206493,6-mer
CAGAAA,0.19254670454623155,0.00437040186879057,6-mer
CAGAAT,-0.14983620796138367,-0.25962941241726445,6-mer
CAGAAC,-0.13339912541719826,-0.32127954686974725,6-mer
CAGAAG,0.23324372335397062,0.4154539215766948,6-mer
CAGATA,0.225207968597138,0.1826399161963578,6-mer
CAGATT,-0.37430737752384013,-0.16958570345370963,6-mer
CAGATC,-0.43685560948453467,0.007100443234786789,6-mer
CAGATG,0.1451494224039875,0.3857316299732076,Inverted repeat
CAGACA,-0.008619562852526236,-0.3969456589857234,6-mer
CAGACT,-0.3723330483246054,-0.15165541419505085,6-mer
CAGACC,-0.9163029199458588,-0.6050002539577011,6-mer
CAGACG,-0.06235907256752257,-0.02460946734400138,6-mer
CAGAGA,0.14293170417108048,-0.5846353218920206,6-mer
CAGAGT,-0.20411241504623664,-0.776528928115444,6-mer
CAGAGC,-0.22289501498057943,-0.6930222465786091,6-mer
CAGAGG,-0.5070193576646,-0.8775411821689654,6-mer
CAGTAA,0.03157666005338087,0.32883922207215865,6-mer
CAGTAT,0.18869338853021855,0.2538269435912344,6-mer
CAGTAC,-0.27032997152431365,0.18244191516903482,6-mer
CAGTAG,0.330951682267229,0.5689732052578932,6-mer
CAGTTA,0.4113475879181093,0.48630512502537027,6-mer
CAGTTT,-0.1759146304878341,-0.19285647731868277,6-mer
CAGTTC,-0.33049737361253273,-0.14515886203531403,6-mer
CAGTTG,0.4957970666161738,0.7076179815641519,Inverted repeat
CAGTCA,-0.35428984332945734,0.04017043847553423,6-mer
CAGTCT,-0.37805106617371664,-0.35030738131549827,6-mer
CAGTCC,-0.5926981495007614,-0.529492202072245,6-mer
CAGTCG,-0.10601323762211914,0.007948753115491047,6-mer
CAGTGA,-0.27671932094458557,-0.07553677494353168,6-mer
CAGTGT,-0.21621549976397558,-0.5207204705762051,6-mer
CAGTGC,-0.7630656459128073,-0.6715585981539632,6-mer
CAGTGG,-0.612683258279606,-0.44944753006467497,6-mer
CAGCAA,0.0062484483469482065,0.21831277402073063,6-mer
CAGCAT,-0.05069516600553778,0.06460908142307649,6-mer
CAGCAC,0.29773635688900707,0.2845174651073095,6-mer
CAGCAG,0.32889364373490876,0.5812620946119471,6-mer
CAGCTA,0.5198746401196245,0.6882097663395182,Inverted repeat
CAGCTT,-0.21386156385209157,0.28518448494425497,Inverted repeat
CAGCTC,0.15383276400213225,-0.04574887493043473,Inverted repeat
CAGCTG,0.4665832298949247,0.8889012230906383,Palindromes
CAGCCA,-0.22428832334154125,0.3590000843062932,6-mer
CAGCCT,-0.06229717956076094,0.11853961517540113,6-mer
CAGCCC,-0.5875596122071954,-0.4953650642263607,6-mer
CAGCCG,-0.014492633644591352,0.4816006819383689,6-mer
CAGCGA,-0.1087062594425,-0.04318866660769248,6-mer
CAGCGT,-0.10107697121933731,0.07480573170607847,6-mer
CAGCGC,-0.5706681654016471,-0.5560498088059174,6-mer
CAGCGG,0.009045139603006848,0.2360673582335245,6-mer
CAGGAA,0.3475819448634129,0.07224834732997366,6-mer
CAGGAT,0.4039436693952588,0.36539001812285266,6-mer
CAGGAC,0.562791119722536,0.09974685631362609,6-mer
CAGGAG,0.7764303488627036,-0.11135446056814123,6-mer
CAGGTA,0.39187568513909593,0.6148236534313601,6-mer
CAGGTT,-0.30105066943038894,-0.15722175836443988,6-mer
CAGGTC,0.005161705115779058,0.20278510825876683,6-mer
CAGGTG,0.6225456835293125,0.7803463985722644,Inverted repeat
CAGGCA,-0.034232844499153384,-0.14947049044077912,6-mer
CAGGCT,-0.24841382425431024,-0.14995852232286228,6-mer
CAGGCC,-0.9645511639957103,-0.8588562961913363,6-mer
CAGGCG,0.2865041290334615,0.1187651450309669,6-mer
CAGGGA,0.17153944493074444,-0.2630344058337938,6-mer
CAGGGT,-0.11239574744095855,-0.7181166240080401,6-mer
CAGGGC,-0.25026197194791516,-0.8685338375576448,6-mer
CAGGGG,-0.044947406053974584,-0.9530454603711882,6-mer
CTAAAA,0.26263371286055043,0.18534093577298463,6-mer
CTAAAT,0.02371219029735037,-0.20806692986550895,6-mer
CTAAAC,-0.044692650635993154,-0.36257007938470814,6-mer
CTAAAG,0.5537017525181193,0.436521578717099,Inverted repeat
CTAATA,0.15297199545654394,0.032819703738151774,6-mer
CTAATT,0.0011710187663126516,0.04206779552632521,6-mer
CTAATC,-0.45597268467972685,-0.09624020196962867,6-mer
CTAATG,0.3441915500698535,0.2750054099354859,6-mer
CTAACA,0.02835855515371535,-0.24022982530434725,6-mer
CTAACT,0.0062614599962895695,0.15766024602504258,6-mer
CTAACC,-0.3785116232537299,-0.12064449414502774,6-mer
CTAACG,0.024535250912281,0.13262370729146927,6-mer
CTAAGA,0.37506451318944645,0.4138316449136083,6-mer
CTAAGT,0.16983299576383407,0.31035628535302756,6-mer
CTAAGC,0.015875006009506185,0.246678905144114,6-mer
CTAAGG,0.8548786979065162,0.6539254476859918,6-mer
CTATAA,-0.6351922032067264,-0.5143248001922234,Inverted repeat
CTATAT,-0.09100112542372885,-0.3994135350526666,Inverted repeat
CTATAC,-0.8486379619047061,-0.7228428548352259,Inverted repeat
CTATAG,-0.9427751313070497,-1.0172740880308817,Palindromes
CTATTA,-0.44952587566413443,-0.22629326415369871,6-mer
CTATTT,-0.042015929550572186,-0.08454288606287601,6-mer
CTATTC,-0.23828035882778406,-0.3283527441777698,6-mer
CTATTG,-0.48025216222189937,-0.4625403978258242,6-mer
CTATCA,-0.3564153763514208,0.1004062879282427,6-mer
CTATCT,-0.13300213151499393,-0.06478494745902821,6-mer
CTATCC,-0.20432922868115386,-0.3195215971802671,6-mer
CTATCG,0.03340057175159784,0.024641994654025327,6-mer
CTATGA,-0.22239242133644793,-0.1539579650732731,6-mer
CTATGT,-0.1572067971748873,-0.5841494857428133,6-mer
CTATGC,-0.4981941232441199,-0.6537207430336259,6-mer
CTATGG,-0.4680063543753071,-0.17346040152634432,6-mer
CTACAA,0.009973630661088043,-0.019460314005817478,6-mer
CTACAT,0.13805042143480686,-0.22961563516664385,6-mer
CTACAC,0.4926583964013177,0.1345349158678385,6-mer
CTACAG,0.24966635266319384,0.01151681616817198,Inverted repeat
CTACTA,0.3046155466441213,0.6276965779327423,6-mer
CTACTT,0.1567566234156846,0.3730215697282716,6-mer
CTACTC,0.44340239053220576,0.08873819998703358,6-mer
CTACTG,0.41242955369881523,0.7924099210484654,6-mer
CTACCA,-0.2737351478615622,0.46394709975979026,6-mer
CTACCT,-0.06491747668133853,0.2663934179237084,6-mer
CTACCC,0.4120902152285069,0.2621603100537141,6-mer
CTACCG,0.14726828433501615,0.5749981145028132,6-mer
CTACGA,0.19300355602621042,0.1664773635752248,6-mer
CTACGT,-0.5130298435006198,0.020037753236544876,6-mer
CTACGC,0.2206274904682764,0.20323774687224017,6-mer
CTACGG,-0.18089611926331542,-0.027558507643434607,6-mer
CTAGAA,0.020850874925012246,-0.15108296096301468,6-mer
CTAGAT,-0.3665214219014227,-0.2441683322291583,6-mer
CTAGAC,-0.44157721484473617,-0.4542791308716944,6-mer
CTAGAG,0.26077943936238157,-0.5057157497114203,Inverted repeat
CTAGTA,-0.14491651140477885,0.1774840638542506,6-mer
CTAGTT,0.30298216719565035,0.26245579034569155,6-mer
CTAGTC,-0.06230335761030684,0.056059007349541,6-mer
CTAGTG,0.5769697099676255,0.3696212201309076,6-mer
CTAGCA,-0.05755912278950055,0.008727423681541805,6-mer
CTAGCT,-0.06886185814480415,0.21848132057347824,6-mer
CTAGCC,-0.3064181839688004,-0.11455976426285568,6-mer
CTAGCG,-0.10269909432576214,-0.3398116990430506,6-mer
CTAGGA,-0.16136298793888834,-0.3203554302005669,6-mer
CTAGGT,-0.4109596183945442,-0.4039342201336366,6-mer
CTAGGC,-0.5871975051044648,-0.5374114981755201,6-mer
CTAGGG,-0.17864221854342122,-0.7474420206402829,6-mer
CTTAAA,-0.42431922268898065,-0.3833286395515056,Inverted repeat
CTTAAT,-0.2854410348988656,0.0411675201571951,Inverted repeat
CTTAAC,-0.019449348340311548,0.16799902322431598,Inverted repeat
CTTAAG,-0.6081698918824814,-0.3042870382320029,Palindromes
CTTATA,-0.2599627613075895,-0.4102067558402955,6-mer
CTTATT,-0.440982389724453,-0.1311311377644568,6-mer
CTTATC,0.06730114610382724,0.4092313804758027,6-mer
CTTATG,-0.3711488313342593,-0.41350615243638195,6-mer
CTTACA,-0.6753733164908311,-0.548995793346558,6-mer
CTTACT,-0.6240740989066609,-0.06680677069683319,6-mer
CTTACC,0.29183843448117186,0.8283430715298955,6-mer
CTTACG,-0.08658768499609064,0.2739506273729249,6-mer
CTTAGA,-0.12812722314948646,-0.31694285543639755,6-mer
CTTAGT,0.237015988107858,0.41634262255957566,6-mer
CTTAGC,0.37220485905020584,0.6714517257495115,6-mer
CTTAGG,0.4841575318766739,0.23864496213531386,6-mer
CTTTAA,0.2707013243690321,0.14130468591593406,6-mer
CTTTAT,0.3257105975887799,0.1979892987192302,6-mer
CTTTAC,0.24306424750623168,0.3588340776307571,6-mer
CTTTAG,0.6397851744258541,0.5301094829433658,Inverted repeat
CTTTTA,-0.32186375922587035,-0.29690963485052246,6-mer
CTTTTT,0.3775097992059012,0.48847735407074255,6-mer
CTTTTC,0.21103104289058994,0.2932161338039422,6-mer
CTTTTG,0.05210963140612165,0.07238133434249405,6-mer
CTTTCA,-0.4854268271702417,-0.19229334884669566,6-mer
CTTTCT,-0.1118511358253462,0.1380639024871762,6-mer
CTTTCC,-0.3373281881811079,-0.39558513661267136,6-mer
CTTTCG,-0.8268951084532492,-0.7277157734192241,6-mer
CTTTGA,0.16804211401438265,0.15907089305641856,6-mer
CTTTGT,-0.02761586812734768,-0.4216159683448741,6-mer
CTTTGC,0.13066895176617385,-0.024765735844189892,6-mer
CTTTGG,0.22576933800194934,0.26218288151166197,6-mer
CTTCAA,0.20160119674605623,0.5802239654087387,6-mer
CTTCAT,0.3431748582847954,0.6528101055037385,6-mer
CTTCAC,0.29576818898055446,0.6502070219271134,6-mer
CTTCAG,0.0033313111573127197,0.3952447725302832,Inverted repeat
CTTCTA,-0.004761374093725218,-0.02152470691257958,6-mer
CTTCTT,0.4265929067070043,0.9370765681266477,6-mer
CTTCTC,0.047361851864334,-0.35117061701042496,6-mer
CTTCTG,0.20586069744655974,0.28641643093907426,6-mer
CTTCCA,-0.38443977707483895,-0.09873395358535945,6-mer
CTTCCT,-0.2055219471785857,-0.08067367558770022,6-mer
CTTCCC,-0.26216922137554693,-0.5902959450241968,6-mer
CTTCCG,-0.8639384504239714,-0.6676552891672993,6-mer
CTTCGA,-0.41218283784636034,-0.37565277864202234,6-mer
CTTCGT,-0.025090980962830467,0.296706284803755,6-mer
CTTCGC,-0.2745252256565705,-0.29655153198656936,6-mer
CTTCGG,-0.09383638603492632,-0.02384674195436751,6-mer
CTTGAA,-0.005403123221613838,0.2803357145940095,6-mer
CTTGAT,0.22112745409987014,0.7869347581959256,6-mer
CTTGAC,-0.14082006553439944,0.34925147786645033,6-mer
CTTGAG,0.2557913715221218,0.10016416192543184,Inverted repeat
CTTGTA,-0.4297816636105216,-0.3123892138605937,6-mer
CTTGTT,0.13441147135410828,0.11060493579197579,6-mer
CTTGTC,0.30242385051991816,0.31074180591565764,6-mer
CTTGTG,-0.12214559689922039,-0.3037143395121789,6-mer
CTTGCA,-0.585903286565312,-0.3883201609030644,6-mer
CTTGCT,-0.1342209397606334,0.2366227750029982,6-mer
CTTGCC,0.1335768212272561,0.4419952724076806,6-mer
CTTGCG,-0.21109267760236888,-0.10463708567377876,6-mer
CTTGGA,-0.2084988212429159,0.028563962655597828,6-mer
CTTGGT,-0.2831203941098906,0.6168025801530634,6-mer
CTTGGC,-0.1904779886149837,0.34912239789068816,6-mer
CTTGGG,0.1525088585828816,0.12502791296821233,6-mer
CTCAAA,0.014037833400282723,-0.38960879186062186,6-mer
CTCAAT,-0.26303440583379395,-0.48227950914393347,6-mer
CTCAAC,0.04280730884356602,-0.20114500533138546,6-mer
CTCAAG,0.3184789617880054,0.2433295510491093,Inverted repeat
CTCATA,-0.0375029434480602,-0.6686166030871975,6-mer
CTCATT,-0.31758141234870507,-0.6069753635593865,6-mer
CTCATC,0.11455578990182594,-0.07095698284300193,6-mer
CTCATG,-0.10140203220821314,-0.7126828640972421,6-mer
CTCACA,-0.27407657662537876,-1.0601885890180882,6-mer
CTCACT,-0.4756722596445081,-0.5531940330616035,6-mer
CTCACC,0.2766041043778722,0.1365109172921329,6-mer
CTCACG,0.3107008394641082,-0.07159408373668148,6-mer
CTCAGA,-0.5513695288183346,-1.0081498401526123,6-mer
CTCAGT,-0.2970631700401033,-0.6796599020158298,6-mer
CTCAGC,-0.2618610059798532,-0.4563301590962571,6-mer
CTCAGG,0.39726477026618207,-0.1953200872374481,6-mer
CTCTAA,0.15303432654177335,-0.5475051707854895,6-mer
CTCTAT,-0.5448466312387779,-0.849957280589719,6-mer
CTCTAC,-0.17255047084913552,-0.6716168829753385,6-mer
CTCTAG,0.2821575661947614,-0.49560298058251245,Inverted repeat
CTCTTA,-0.1066647142829478,-0.6135534296111987,6-mer
CTCTTT,0.2886336547889381,-0.0813811904562432,6-mer
CTCTTC,0.32248825604403614,-0.09886057057140331,6-mer
CTCTTG,0.10595051311434263,-0.3645373272372512,6-mer
CTCTCA,-0.6238668618526981,-1.3633307938979247,6-mer
CTCTCT,0.08798891972287995,-0.5873953765774413,6-mer
CTCTCC,-0.11749356301844037,-0.9280138871742727,6-mer
CTCTCG,0.052993087613884354,-0.9516369784386008,6-mer
CTCTGA,0.021486000011221737,-0.5183142630932528,6-mer
CTCTGT,-0.0729315224538512,-0.9752236550519424,6-mer
CTCTGC,-0.014983029325879135,-0.579096175306726,6-mer
CTCTGG,0.10417456835443496,-0.3256189432118167,6-mer
CTCCAA,-0.1246957474493146,-0.26862842230701695,6-mer
CTCCAT,-0.018496343617389395,-0.2902153841170707,6-mer
CTCCAC,0.002386592836877788,0.3649968167792483,6-mer
CTCCAG,0.47886107611035533,0.06552574774766604,Inverted repeat
CTCCTA,0.3299399086439573,-0.2159326941118481,6-mer
CTCCTT,-0.23374372571956348,-0.0760248625608305,6-mer
CTCCTC,0.22374770094845906,-0.5370678106168447,6-mer
CTCCTG,0.5706072077440861,-0.24865048767113793,6-mer
CTCCCA,-0.12969107663963675,-0.6510429910469163,6-mer
CTCCCT,-0.5032381032867025,-0.9489808874589085,6-mer
CTCCCC,-0.10433665981473557,-0.7208048901011703,6-mer
CTCCCG,0.018147346710259398,-0.7164000237717371,6-mer
CTCCGA,-0.3885652879176528,-1.0323469178825007,6-mer
CTCCGT,-0.273386951831708,-0.5602702958052509,6-mer
CTCCGC,-0.10529494283959921,-0.70846619696636,6-mer
CTCCGG,-0.25857475764309373,-0.670322405507703,6-mer
CTCGAA,-0.5768574510841009,-1.217628426778912,Inverted repeat
CTCGAT,0.04376197917439841,-0.5059905324115452,Inverted repeat
CTCGAC,0.23173028591578418,-0.19278595925112443,Inverted repeat
CTCGAG,0.16458115952451954,-1.253635707831544,Palindromes
CTCGTA,-0.14238905175393302,-0.12321929774368719,6-mer
CTCGTT,0.25727513654510864,0.04064198449734573,6-mer
CTCGTC,0.9223206361781243,0.5786209738473296,6-mer
CTCGTG,0.6974372299795688,0.13412157388134777,6-mer
CTCGCA,-0.13629977312449687,-1.0356239097307214,6-mer
CTCGCT,0.17191710797620374,-0.33331036332390057,6-mer
CTCGCC,-0.03150518992522255,-0.48950223960035927,6-mer
CTCGCG,-0.02620987932284858,-0.947694489655542,6-mer
CTCGGA,-0.792982804550468,-1.4000626553113067,6-mer
CTCGGT,-0.4631740203231139,-0.5260688116675878,6-mer
CTCGGC,0.2193899331749246,-0.44043937239693154,6-mer
CTCGGG,-0.0763508861301148,-1.2003264799828641,6-mer
CTGAAA,-0.0008375588281040295,-0.08689585557163715,6-mer
CTGAAT,-0.29443695437696493,-0.16135593869347878,6-mer
CTGAAC,-0.20834444569098876,0.1086378806581669,6-mer
CTGAAG,0.1823908554951465,0.5909713098139673,Inverted repeat
CTGATA,0.36197625552742996,0.4308313711464916,6-mer
CTGATT,-0.5021753444608246,-0.03370026029992129,6-mer
CTGATC,-0.1518874419125907,0.5597684185619058,6-mer
CTGATG,0.18247061599876152,0.5589052794631967,6-mer
CTGACA,-0.0996601726052625,-0.2579166457991464,6-mer
CTGACT,-0.22792396912767554,0.14735298453316667,6-mer
CTGACC,-0.4075323296219736,0.17051639109637676,6-mer
CTGACG,-0.1562175820217142,0.18158988943340013,6-mer
CTGAGA,-0.17250571615110838,-0.6584981984613913,6-mer
CTGAGT,-0.2984832418380834,-0.568022638299444,6-mer
CTGAGC,-0.18173430373194555,-0.4417358206696317,6-mer
CTGAGG,-0.3116531110539727,-0.8089599973660039,6-mer
CTGTAA,-0.12645748602961399,-0.1522711368784374,6-mer
CTGTAT,-0.13528638017404374,-0.38421237314170503,6-mer
CTGTAC,-0.18523225423016085,-0.20765764879742044,6-mer
CTGTAG,0.28523468588044687,0.08501275001745043,Inverted repeat
CTGTTA,0.1192936360304709,-0.14478374966609286,6-mer
CTGTTT,0.27615984927883047,-0.17227987319897212,6-mer
CTGTTC,-0.10646709239221064,-0.20445957964833475,6-mer
CTGTTG,0.3858769574280082,0.16710180801051566,6-mer
CTGTCA,-0.30626445789536294,-0.1837249130049517,6-mer
CTGTCT,0.002468255590749445,-0.1402091816859557,6-mer
CTGTCC,-0.06566175935441317,-0.3182541386363669,6-mer
CTGTCG,0.20173618359537432,-0.048136521044269964,6-mer
CTGTGA,-0.6008218982533078,-0.8522608713575274,6-mer
CTGTGT,-0.4367710212261252,-1.1455408428153533,6-mer
CTGTGC,-0.42597297695999947,-0.7822424610712357,6-mer
CTGTGG,-0.35534327656510356,-0.398449376833973,6-mer
CTGCAA,-0.026449981682365724,-0.015903751260414087,Inverted repeat
CTGCAT,0.026394094836230238,-0.149760271320763,Inverted repeat
CTGCAC,0.4387918525782609,0.15938262381064733,Inverted repeat
CTGCAG,0.45943161863729726,0.44446032923220946,Palindromes
CTGCTA,0.3416164298094744,0.5177788393238867,6-mer
CTGCTT,0.07400058144377666,0.38621245760236844,6-mer
CTGCTC,0.4179747823583968,0.06405539416934738,6-mer
CTGCTG,0.2512236648781041,0.6144906506214504,6-mer
CTGCCA,-0.28635417867302676,0.15270787853033613,6-mer
CTGCCT,-0.012257465755284455,-0.025283364120767687,6-mer
CTGCCC,-0.2582933728425552,-0.530288216181651,6-mer
CTGCCG,0.3148270385122181,0.6699697732854495,6-mer
CTGCGA,-0.2807866748114134,-0.3668092187826442,6-mer
CTGCGT,-0.38931361852920643,-0.33475709337730025,6-mer
CTGCGC,-0.2575592757676426,-0.47037038660081065,6-mer
CTGCGG,-0.1252732349645226,-0.20545354844431546,6-mer
CTGGAA,0.0904598945120804,0.160672688204116,6-mer
CTGGAT,0.10310405291375112,0.36144765530862794,6-mer
CTGGAC,-0.08594961281861527,0.18202123834921446,6-mer
CTGGAG,0.3502760961632924,-0.01914504926670324,Inverted repeat
CTGGTA,0.2803017007711518,1.0121271987408011,6-mer
CTGGTT,-0.1842696425461178,0.49126770575930234,6-mer
CTGGTC,-0.10515474605207453,0.5681509072513731,6-mer
CTGGTG,0.7795954467574457,1.3568694621964843,6-mer
CTGGCA,0.07293152245385105,0.477017168206155,6-mer
CTGGCT,-0.03109376910156843,0.5281451924032864,6-mer
CTGGCC,-1.0208431506796252,-0.6040713236688606,6-mer
CTGGCG,0.45727994778224856,0.6673047161973229,6-mer
CTGGGA,0.3018759359008703,0.031862055047464366,6-mer
CTGGGT,-0.0710626978176897,-0.15206749803606923,6-mer
CTGGGC,-0.11876696116834912,-0.2943305363233322,6-mer
CTGGGG,0.6353518575395605,0.3895024071717061,6-mer
CCAAAA,-0.12683002223548256,-0.04906496510337588,6-mer
CCAAAT,-0.07181115563598381,-0.052094595504140945,6-mer
CCAAAC,-0.026185024340190086,0.03750830373818112,6-mer
CCAAAG,-0.07606923696375262,0.31139824506434366,6-mer
CCAATA,0.053922546903299555,0.16015000534677204,6-mer
CCAATT,0.1278570061133472,0.3535606794408461,6-mer
CCAATC,-0.5623736696852395,0.1260723326591351,6-mer
CCAATG,-0.16723043483001737,0.06435537424983148,6-mer
CCAACA,0.2663357689240449,0.3079332258330804,6-mer
CCAACT,0.15468169622137395,0.6162427682091987,6-mer
CCAACC,-0.4078743220476332,0.47846287942047755,6-mer
CCAACG,-0.24737406166177184,0.28080486447209774,6-mer
CCAAGA,0.029097761071763643,0.41950491540022006,6-mer
CCAAGT,-0.058648103038695144,0.4031784154105273,6-mer
CCAAGC,-0.37503943134692463,0.30102399171505545,6-mer
CCAAGG,-0.20994684777533432,0.07912864978453925,Inverted repeat
CCATAA,-0.40978042513041457,-0.09251606897662466,6-mer
CCATAT,0.41822826564746707,0.1933396071774456,6-mer
CCATAC,-0.11538878718662549,-0.1323784915720674,6-mer
CCATAG,-0.5108473878566158,-0.30366458967562004,6-mer
CCATTA,0.31274961770706006,0.4323792138335127,6-mer
CCATTT,0.22883022693402935,0.19216980366997416,6-mer
CCATTC,-0.1718865177755985,0.06344422916783446,6-mer
CCATTG,-0.08659955507265685,0.27349742004030314,6-mer
CCATCA,0.14631945494146714,0.9481572586351691,6-mer
CCATCT,0.019835181585264018,0.5312679979814158,6-mer
CCATCC,-0.5854822971745864,-0.07929582902279352,6-mer
CCATCG,-0.1455236579521772,0.41540605083044296,6-mer
CCATGA,-0.10401088471097147,0.08841323918122299,Inverted repeat
CCATGT,0.02801437616959645,-0.278541846875432,Inverted repeat
CCATGC,-0.3794322965720774,-0.565087865246206,Inverted repeat
CCATGG,-0.2282689876731172,0.12762442886320233,Palindromes
CCACAA,0.25283015455725166,0.1445728879695614,6-mer
CCACAT,0.33125924877341195,0.2848672718618894,6-mer
CCACAC,-0.3548059462774796,-0.5080086018880319,6-mer
CCACAG,-0.39417297935724216,-0.5142595093779545,6-mer
CCACTA,-0.023607825825496843,0.22219480541382014,6-mer
CCACTT,0.0742937823473138,0.44892630223918695,6-mer
CCACTC,-0.22305178836844144,-0.4240812559296532,6-mer
CCACTG,-0.6094282391414014,-0.25613281565943447,6-mer
CCACCA,0.23511820456054205,1.216591915740241,6-mer
CCACCT,-0.19613125372064316,0.18382853930044765,6-mer
CCACCC,-0.12842994012447279,0.0822328151408756,6-mer
CCACCG,-0.14615683550936248,0.39470449718183703,6-mer
CCACGA,0.13030802234573086,0.31424190174223,6-mer
CCACGT,0.15409547240629004,0.6129110920230509,6-mer
CCACGC,-0.362964204517849,0.05514155419246075,6-mer
CCACGG,0.05889368905356862,0.48523825190810954,Inverted repeat
CCAGAA,0.5136708304418169,0.5565038532956763,6-mer
CCAGAT,0.2763819391817474,0.6106221902139489,6-mer
CCAGAC,-0.1891622980568624,0.09108172304449903,6-mer
CCAGAG,0.06986480687457162,-0.3132598749412595,6-mer
CCAGTA,0.22607640786965388,0.7936860395907469,6-mer
CCAGTT,0.2797724477249086,0.5830785040427586,6-mer
CCAGTC,-0.30418651250009515,0.15666662338267373,6-mer
CCAGTG,-0.24409284218033328,-0.0375320564966012,6-mer
CCAGCA,0.4399084062513323,0.9066561063693369,6-mer
CCAGCT,0.37237814935685204,0.9328118121914577,6-mer
CCAGCC,-0.05262842598111567,0.7824245949613279,6-mer
CCAGCG,-0.163923324930538,0.2586856608955434,6-mer
CCAGGA,-0.00336685109839868,-0.07420094184141704,6-mer
CCAGGT,0.14954660546710755,0.5121361873839251,6-mer
CCAGGC,-0.36799224759177057,-0.08792990920053308,6-mer
CCAGGG,-0.2364926183813019,-0.5438865577182402,Inverted repeat
CCTAAA,0.3251177823261604,-0.06504006317603056,6-mer
CCTAAT,0.22991360915492226,0.02870696845469236,6-mer
CCTAAC,0.00578235259400608,-0.16272306660106212,6-mer
CCTAAG,0.6928869352076034,0.46844264753936304,6-mer
CCTATA,-0.7693183704589711,-0.9715637214905377,6-mer
CCTATT,-0.7068691694200725,-0.8133260758416694,6-mer
CCTATC,-0.5152048717558061,-0.5938589012095523,6-mer
CCTATG,-0.6355114428845918,-0.994692215455892,6-mer
CCTACA,-0.017623367894616233,-0.46359102592976964,6-mer
CCTACT,0.11147528686243986,0.1278136278779792,6-mer
CCTACC,-0.5839807415537093,-0.3313715355969475,6-mer
CCTACG,-0.27863126088481227,-0.25877237897963407,6-mer
CCTAGA,-0.4951310904920907,-0.89616418901546,Inverted repeat
CCTAGT,-0.17103009153149626,-0.23064652254910445,Inverted repeat
CCTAGC,-0.4258173380320863,-0.46455763512264253,Inverted repeat
CCTAGG,-0.6310098682405926,-0.9591155253699902,Palindromes
CCTTAA,-0.11768302026117389,-0.23161393484988063,6-mer
CCTTAT,0.020970308604544383,-0.15047215033371805,6-mer
CCTTAC,-0.12341852305095055,0.07081371237479044,6-mer
CCTTAG,0.6637166121355677,0.49949259954711867,6-mer
CCTTTA,0.49858746865705894,0.2257555546644833,6-mer
CCTTTT,0.10057959186049208,0.03550369015306024,6-mer
CCTTTC,-0.9447613632705156,-0.32285642743639764,6-mer
CCTTTG,0.085220132817193,-0.19842208721154067,6-mer
CCTTCA,0.16438681790088214,0.3844295133484476,6-mer
CCTTCT,0.018700845677681252,0.2699508041098447,6-mer
CCTTCC,-0.730752221788815,-0.5909274201186134,6-mer
CCTTCG,-0.12731375773404194,-0.1414525089917093,6-mer
CCTTGA,0.16309096092886777,0.31433208991097694,6-mer
CCTTGT,0.18754241491736187,0.03017238020378272,6-mer
CCTTGC,-0.29566541007376046,-0.2325752510832777,6-mer
CCTTGG,-0.35049724708413305,-0.04133060682062275,Inverted repeat
CCTCAA,-0.10954037473686236,-0.47167741706228306,6-mer
CCTCAT,-0.2615851891967242,-0.5947656757515147,6-mer
CCTCAC,0.12948251843749053,-0.3294926821352768,6-mer
CCTCAG,-0.29508412676552653,-0.8690253334093199,6-mer
CCTCTA,-0.3069777534213908,-0.7546601091389786,6-mer
CCTCTT,-0.19548454787293076,-0.4598302082353262,6-mer
CCTCTC,-0.15806484623225117,-0.8493663371664477,6-mer
CCTCTG,-0.3312059084753732,-1.0652276227756192,6-mer
CCTCCA,-0.9529454789065643,0.3219280948873623,6-mer
CCTCCT,-0.190840581095648,-0.1589895237611567,6-mer
CCTCCC,-0.7824085649273732,-1.1364101587556639,6-mer
CCTCCG,-0.6920923754275724,-0.6930222465786091,6-mer
CCTCGA,-0.09781202335676993,-0.9365746198583662,6-mer
CCTCGT,0.3202436871760095,0.08890412182102747,6-mer
CCTCGC,-0.3185295184254974,-1.052396836218352,6-mer
CCTCGG,0.0026741342983252576,-1.0497530351970996,Inverted repeat
CCTGAA,0.39880981426350465,0.21200128622418196,6-mer
CCTGAT,0.17404517477836645,0.3141671158295655,6-mer
CCTGAC,-0.07668850720535172,-0.013831010227268457,6-mer
CCTGAG,0.32600927169917976,-0.4017768262170876,6-mer
CCTGTA,0.2617912389831619,-0.2573605108993993,6-mer
CCTGTT,0.24175774620337906,-0.20457355930479396,6-mer
CCTGTC,-0.1855978119509797,-0.342392197447078,6-mer
CCTGTG,-0.24147826246734636,-0.8507391522786835,6-mer
CCTGCA,0.4308624664405263,0.05083735205055074,6-mer
CCTGCT,0.34221671485397614,0.292527178446803,6-mer
CCTGCC,-0.42519461436173456,-0.31512291698224787,6-mer
CCTGCG,-0.22085066854116062,-0.5673684407064179,6-mer
CCTGGA,-0.005591848244353921,-0.1434774247945677,6-mer
CCTGGT,0.09126604094160422,0.41324644375285563,6-mer
CCTGGC,-0.3805038376658947,-0.24059701671403846,6-mer
CCTGGG,0.17739625087344754,-0.31813208177260155,Inverted repeat
CCCAAA,-0.014285950974178166,-0.2697477499202291,6-mer
CCCAAT,0.02278843609359,-0.1323880558959024,6-mer
CCCAAC,0.021486000011221737,0.03599751306704236,6-mer
CCCAAG,0.006309172041484766,-0.054619584563322214,6-mer
CCCATA,-0.08184844326646175,-0.45635983985618334,6-mer
CCCATT,0.1902944957668638,-0.09869908608711878,6-mer
CCCATC,-0.1777270932092873,0.02774499048290411,6-mer
CCCATG,0.11805576152171222,-0.32798984767456363,6-mer
CCCACA,0.43740531230729823,-0.4316162407691723,6-mer
CCCACT,-0.15726677857136462,-0.2902738041531802,6-mer
CCCACC,-0.17643575240017384,0.011891896068960114,6-mer
CCCACG,-0.21821220822456927,-0.31238432221649126,6-mer
CCCAGA,0.5247449778870493,0.08386707534588546,6-mer
CCCAGT,0.14099010072263218,-0.016481146490072367,6-mer
CCCAGC,0.15125422499278812,0.27990822439819,6-mer
CCCAGG,0.1268430195466496,-0.2759502937190793,Inverted repeat
CCCTAA,-0.09257576464399182,-0.7115859198060268,6-mer
CCCTAT,-0.47325211322413957,-0.8900023876304612,6-mer
CCCTAC,-0.18503189383252078,-0.5733386166242628,6-mer
CCCTAG,-0.28656992029458295,-0.9586083688030702,6-mer
CCCTTA,0.06463005860271293,-0.456337128317674,6-mer
CCCTTT,0.01492824152738456,-0.4580889521458872,6-mer
CCCTTC,-0.05266557868036693,-0.242412795217708,6-mer
CCCTTG,-0.011972641666075848,-0.40553861064209523,6-mer
CCCTCA,-0.03364571794829049,-0.8606270273716793,6-mer
CCCTCT,-0.16992500144231243,-0.925361199107244,6-mer
CCCTCC,-0.8602752363333869,-0.8490796045726614,6-mer
CCCTCG,0.17833724125851239,-0.7007919816127212,6-mer
CCCTGA,-0.06898661019130739,-0.49107781379557836,6-mer
CCCTGT,0.02914634565951641,-0.8127767955098992,6-mer
CCCTGC,0.1292830169449664,-0.47548402392266326,6-mer
CCCTGG,0.010033687026976412,-0.4556794837761895,Inverted repeat
CCCCAA,0.1512713181106241,-0.1591256005897887,6-mer
CCCCAT,0.2317593540487428,-0.21276119935257023,6-mer
CCCCAC,0.18295168173855164,-0.31978918413102764,6-mer
CCCCAG,0.6565921777021861,0.11730200234004717,6-mer
CCCCTA,-1.0453653042089215,-1.2971914165658558,6-mer
CCCCTT,-0.5781573228160419,-0.9146879626418983,6-mer
CCCCTC,-0.5780761151359162,-1.0290110866590685,6-mer
CCCCTG,-0.0836861505048556,-0.74416109557041,6-mer
CCCCCA,-0.3573093105236617,-0.9303072600396866,6-mer
CCCCCT,-0.756728848987636,-0.8758311147516759,6-mer
CCCCCC,-1.6048620581588613,-1.5960176892301519,6-mer
CCCCCG,-0.44625622988956415,-0.9743133563363505,6-mer
CCCCGA,0.11381989955716185,-0.5131475847286916,6-mer
CCCCGT,0.2082713130917951,-0.27062356084547656,6-mer
CCCCGC,0.15710096108472857,-0.29545588352617125,6-mer
CCCCGG,-0.632268215499513,-1.07240849552805,Inverted repeat
CCCGAA,0.02658837505873639,-0.5570424152637194,6-mer
CCCGAT,0.28579430883364904,-0.19014769035680473,6-mer
CCCGAC,-0.24441872766644696,-0.4187455480564054,6-mer
CCCGAG,0.015430040569605896,-1.072885340695468,6-mer
CCCGTA,0.27790768231532414,-0.048339534271458776,6-mer
CCCGTT,0.10282824639326875,-0.15511906666690617,6-mer
CCCGTC,0.04270445095423809,-0.2494453410858386,6-mer
CCCGTG,0.17168545930674972,-0.22154227691533024,6-mer
CCCGCA,0.3601112887752503,-0.0337487913545402,6-mer
CCCGCT,0.1378865909843548,-0.22208477765452972,6-mer
CCCGCC,-0.22913399921550312,-0.09204820902117086,6-mer
CCCGCG,0.36069766505193784,-0.09076546392318237,6-mer
CCCGGA,-0.8263314544141482,-1.1125427793063434,Inverted repeat
CCCGGT,-0.5558161550616396,-0.5563933485243853,Inverted repeat
CCCGGC,-0.6229303509201767,-0.5578353226982915,Inverted repeat
CCCGGG,-0.45191756497999036,-1.0277831565135382,Palindromes
CCGAAA,-0.20116915024893442,-0.38543103719352045,6-mer
CCGAAT,-0.4803415380104588,-0.5642865809691539,6-mer
CCGAAC,-0.6485750078681406,-0.48758708967653086,6-mer
CCGAAG,-0.008673543404982172,0.05927580931560609,6-mer
CCGATA,0.3830864750455423,0.3827532875834059,6-mer
CCGATT,0.03424956195291009,0.1296228877795248,6-mer
CCGATC,-0.10325396179702444,0.3768945541052909,6-mer
CCGATG,0.27089263048635853,0.4352760381586468,6-mer
CCGACA,0.31619628345076956,-0.08803484748563488,6-mer
CCGACT,0.09047159112267782,0.17823463501822953,6-mer
CCGACC,-0.5016067542256762,-0.18470604514883407,6-mer
CCGACG,-0.7215735437492241,-0.3144626446407967,6-mer
CCGAGA,-0.2859088720863805,-0.778408853352791,6-mer
CCGAGT,-0.16188768237689413,-0.8261247260774441,6-mer
CCGAGC,-0.5046203924035526,-0.8136454017641731,6-mer
CCGAGG,-0.33395619176441144,-1.1062345268381202,Inverted repeat
CCGTAA,-0.06771654473538584,0.26886833759302897,6-mer
CCGTAT,0.04085123753141914,0.10238880227141582,6-mer
CCGTAC,-0.30572080493534387,0.1496125460200559,6-mer
CCGTAG,-0.07714669406670668,0.13972476366661318,6-mer
CCGTTA,0.3546101985475497,0.6560652474699422,6-mer
CCGTTT,0.23468343058124036,0.2091232888094739,6-mer
CCGTTC,-0.33975372372673335,-0.06526429571353037,6-mer
CCGTTG,-0.09619654959302135,0.2761443189364194,6-mer
CCGTCA,-0.005538183541430004,0.3771500646223812,6-mer
CCGTCT,0.03852684034156451,0.1186913380071181,6-mer
CCGTCC,0.07483523292258992,0.14903763496848862,6-mer
CCGTCG,-0.08603068268612638,0.37413361135137135,6-mer
CCGTGA,0.30966817822215126,0.6007298165794728,6-mer
CCGTGT,0.00469933653582076,-0.3133076123150174,6-mer
CCGTGC,-0.3018903416508174,-0.11010975691768371,6-mer
CCGTGG,-0.03486426335552807,0.36980824528584594,Inverted repeat
CCGCAA,0.5553460199550578,0.4110188475414509,6-mer
CCGCAT,0.4352926443061104,0.09430820640123902,6-mer
CCGCAC,-0.01760939959337842,-0.14253911364723318,6-mer
CCGCAG,-0.025995208532944337,-0.05950101174866165,6-mer
CCGCTA,0.1818801347796658,0.3226062124278797,6-mer
CCGCTT,-0.08142759934384598,0.17240428550477122,6-mer
CCGCTC,0.317018180763556,-0.12562127367819237,6-mer
CCGCTG,-0.1118659638675572,0.21350563500137668,6-mer
CCGCCA,0.18157620882839695,0.5294828544970991,6-mer
CCGCCT,0.33684276889864556,0.252635456551541,6-mer
CCGCCC,0.15795235977623645,0.21823679184513675,6-mer
CCGCCG,0.059569266233269344,0.8087755967572314,6-mer
CCGCGA,0.4344028241457749,0.2529320022958306,Inverted repeat
CCGCGT,0.0662732194191661,-0.11484292633876278,Inverted repeat
CCGCGC,0.05296455809370983,-0.13882770469731665,Inverted repeat
CCGCGG,0.8288133499937764,0.8757606981643478,Palindromes
CCGGAA,0.035526433629140985,-0.1223839655296592,6-mer
CCGGAT,-0.08603068268612638,-0.04395928888119101,6-mer
CCGGAC,-0.8866585269240553,-0.7862018056075081,6-mer
CCGGAG,-0.05093696522522531,-0.3785116232537299,6-mer
CCGGTA,0.2614097490845225,0.7619177042309976,6-mer
CCGGTT,-0.3311075216617578,0.0172779914318354,6-mer
CCGGTC,-0.40053792958372875,0.23595487177750946,6-mer
CCGGTG,0.5371960817904289,0.7965750833043614,6-mer
CCGGCA,-0.16188768237689413,0.06015313482616728,6-mer
CCGGCT,-0.07513433006077928,0.17647094892952117,6-mer
CCGGCC,-0.8543440133208332,-0.3666252940935981,6-mer
CCGGCG,-0.39450618886299116,-0.06867081066509857,6-mer
CCGGGA,-0.12737930647622753,-0.3671168686536176,6-mer
CCGGGT,-0.6745315474073894,-0.8377830936929508,6-mer
CCGGGC,-0.7990873060740035,-1.1419677718945325,6-mer
CCGGGG,-0.46524894523261157,-0.6419313128502327,Inverted repeat
CGAAAA,-0.21271994118309875,-0.4306012539859188,6-mer
CGAAAT,-0.18650739183899018,-0.6755650495020628,6-mer
CGAAAC,-0.40102092089754315,-0.7345388567716662,6-mer
CGAAAG,-0.8642462582000249,-0.7844102233003477,6-mer
CGAATA,-0.012659571971465472,-0.40264809209749164,6-mer
CGAATT,0.050729691608480246,-0.25471244476702565,6-mer
CGAATC,-0.38496664539102915,-0.25104755315366745,6-mer
CGAATG,-0.6154528679428778,-0.8041806742624605,6-mer
CGAACA,-0.06844368357642858,-0.3546961243567818,6-mer
CGAACT,-0.42299023575357386,-0.4685217889863245,6-mer
CGAACC,-0.4415280537534404,-0.28974505947978324,6-mer
CGAACG,-0.6799891081069285,-0.6212260447079276,Inverted repeat
CGAAGA,0.08457931301827934,0.22831725529355312,6-mer
CGAAGT,-0.23195763190873203,-0.07473087507662686,6-mer
CGAAGC,-0.4232995450005677,-0.14414097567207956,6-mer
CGAAGG,-0.12726641512354342,-0.08928021924530453,6-mer
CGATAA,0.5489682418571242,0.38500977593232244,6-mer
CGATAT,0.6827817016830487,0.35574280787960616,6-mer
CGATAC,0.3130598660972532,0.31698614472280967,6-mer
CGATAG,-0.15674961269457893,-0.14942903777073466,6-mer
CGATTA,0.2530466793787484,0.404139569580722,6-mer
CGATTT,-0.026367853515227954,-0.06209074481238772,6-mer
CGATTC,-0.26959425168337275,-0.21201529329270205,6-mer
CGATTG,0.0867664291384497,0.3839052793293129,6-mer
CGATCA,0.2855208664251991,0.737845018174473,Inverted repeat
CGATCT,-0.1259438082062852,0.050842860456524364,Inverted repeat
CGATCC,-0.019387955199884108,0.26714130786958534,Inverted repeat
CGATCG,0.15379526142817224,0.5210281949670574,Palindromes
CGATGA,0.48672178877193384,0.883917259204179,6-mer
CGATGT,0.5218229119091463,0.1796222802996777,6-mer
CGATGC,-0.18772612000730965,-0.2883899801106879,6-mer
CGATGG,0.03906956467859219,0.519680063262847,6-mer
CGACAA,0.3057347151055422,-0.12149459020444961,6-mer
CGACAT,0.4440443125584567,-0.14188491917681684,6-mer
CGACAC,-0.13750352374993496,-0.578411165891246,6-mer
CGACAG,-0.03902515698206281,-0.33848663426325937,6-mer
CGACTA,0.4991596176600152,0.4202812853004503,6-mer
CGACTT,0.10373761932116986,0.23053360688337535,6-mer
CGACTC,-0.13139040002332283,-0.39735833204401827,6-mer
CGACTG,0.006462250629696702,0.03633811067821144,6-mer
CGACCA,0.2661403167016155,0.7555214131944499,6-mer
CGACCT,-0.2379434248709635,-0.20757370662490263,6-mer
CGACCC,-0.5260688116675878,-0.7280194353900288,6-mer
CGACCG,-0.08207113293903318,0.570862303676302,Inverted repeat
CGACGA,0.3404481828581603,0.4605591646430225,6-mer
CGACGT,-0.18879944943362642,0.12764782309596023,6-mer
CGACGC,-0.623851514114751,-0.3518436727916498,6-mer
CGACGG,-0.18629496255008396,0.14456650460326834,6-mer
CGAGAA,0.04688638763083576,-0.6654002578025778,6-mer
CGAGAT,-0.04669323544804141,-0.5414608620845696,6-mer
CGAGAC,-0.8210298589546807,-1.3088380954469183,6-mer
CGAGAG,0.23753590759698984,-0.4726761251467879,6-mer
CGAGTA,0.46306426747876506,-0.15888649208094313,6-mer
CGAGTT,0.22467216114328226,-0.37118062087170284,6-mer
CGAGTC,-0.3651994638338201,-0.8278190246173197,6-mer
CGAGTG,-0.12832409697553934,-0.8830191919896764,6-mer
CGAGCA,0.6070449987994296,-0.10371750395746221,6-mer
CGAGCT,-0.11044615925117865,-0.6207874689207263,6-mer
CGAGCC,0.11091590140185086,-0.3194598392966127,6-mer
CGAGCG,-0.0397577092377347,-0.5860427666202921,Inverted repeat
CGAGGA,0.42779672999418544,-0.2466532642503378,6-mer
CGAGGT,0.04159686557253602,-0.3068886954232212,6-mer
CGAGGC,-0.553171433806076,-1.1500254440046074,6-mer
CGAGGG,-0.11230296962479222,-1.0740649860347964,6-mer
CGTAAA,0.10901806669696622,0.1906955322449064,6-mer
CGTAAT,0.22063873035017337,0.44672587359903676,6-mer
CGTAAC,-0.08760082556883075,0.28667077010103215,6-mer
CGTAAG,-0.12341216455500698,0.43369221193099106,6-mer
CGTATA,-0.6458080559416832,-0.6011337913923018,6-mer
CGTATT,-0.1116453558289091,0.03573902296994515,6-mer
CGTATC,-0.24027215574992292,0.07615118314520951,6-mer
CGTATG,-0.6251405812173059,-0.34522803274609176,6-mer
CGTACA,-0.34956024955760073,-0.3364403475600547,Inverted repeat
CGTACT,-0.44928469766711066,0.2190198461208886,Inverted repeat
CGTACC,-0.26726146728409483,0.45027792142321194,Inverted repeat
CGTACG,-0.9160611815001041,-0.24022452292570795,Palindromes
CGTAGA,-0.04444296549415533,-0.0670855593091282,6-mer
CGTAGT,0.24515313198265334,0.5586998159075541,6-mer
CGTAGC,-0.13099609259554984,0.31816028119996037,6-mer
CGTAGG,-0.5738647918378256,-0.3158407650084473,6-mer
CGTTAA,0.11797700534400966,0.2741273740856595,6-mer
CGTTAT,0.07027749540105933,0.08653036569861228,6-mer
CGTTAC,0.34286578989898137,0.6543258081086676,6-mer
CGTTAG,-0.13014013533644853,0.1915040562766968,6-mer
CGTTTA,0.07337318633021912,0.021891112816978604,6-mer
CGTTTT,0.1573080118240829,0.17851272346352623,6-mer
CGTTTC,-0.19605871091530366,-0.24117777842676494,6-mer
CGTTTG,0.027050166517206903,0.04051998584682379,6-mer
CGTTCA,0.0660298703351969,0.40717538150587324,6-mer
CGTTCT,-0.14650220113401988,-0.006503519837660141,6-mer
CGTTCC,-0.041552489444505826,-0.07334113463141,6-mer
CGTTCG,-0.9732741279716257,-0.49723365134968156,Inverted repeat
CGTTGA,-0.1116383795304126,0.43919136098762074,6-mer
CGTTGT,-0.002151670855048537,0.021061615527829525,6-mer
CGTTGC,-0.37980648799964206,-0.09845913583403595,6-mer
CGTTGG,-0.36516719087074745,0.30839261483865,6-mer
CGTCAA,0.1828310835242088,0.561697084943784,6-mer
CGTCAT,0.2317462182309959,0.4969576299127869,6-mer
CGTCAC,0.024844070977478667,0.3460508890875364,6-mer
CGTCAG,-0.3106075587519262,0.21985144790723177,6-mer
CGTCTA,-0.4115984153120726,-0.40093055308346837,6-mer
CGTCTT,0.2781866310663406,0.684987107425118,6-mer
CGTCTC,-0.29881898097376736,-0.5634293391715149,6-mer
CGTCTG,-0.30909618812315887,-0.23363799386678483,6-mer
CGTCCA,0.31455610623100994,0.5335771144542449,6-mer
CGTCCT,0.29037925901254136,0.21054529144050554,6-mer
CGTCCC,0.4198545155766197,-0.00445505770662143,6-mer
CGTCCG,-0.4226107189836447,-0.22355307710370603,Inverted repeat
CGTCGA,-0.26176832848980164,-0.29362272566721664,6-mer
CGTCGT,0.5806475232650973,1.031825445855398,6-mer
CGTCGC,-0.1290170578621063,0.18332285665785547,6-mer
CGTCGG,-0.5478493277040566,-0.08257195015746774,6-mer
CGTGAA,0.4605859726208387,0.7093193463581092,6-mer
CGTGAT,0.23792541661960695,0.736481874114436,6-mer
CGTGAC,0.3278949366491757,0.5556523649226368,6-mer
CGTGAG,0.45547842530734095,0.016891779398772896,6-mer
CGTGTA,0.10561018796059873,-0.2072681731120282,6-mer
CGTGTT,0.34274110562278687,-0.04372137742931786,6-mer
CGTGTC,-0.4089409823368707,-0.5894498917134701,6-mer
CGTGTG,-0.45066140900956503,-0.8324719830493751,6-mer
CGTGCA,-0.07069462786944741,-0.2900375077404013,6-mer
CGTGCT,0.1947861048615215,0.3230314945900118,6-mer
CGTGCC,0.2210147083166863,0.12382456013345582,6-mer
CGTGCG,-0.42037094358188454,-0.3877301532831084,Inverted repeat
CGTGGA,-0.10906774243357786,0.6690890759433591,6-mer
CGTGGT,0.3963714924920399,1.1950461141951771,6-mer
CGTGGC,-0.2001911660085369,0.37003751463949247,6-mer
CGTGGG,0.131063755752687,0.061998057632257235,6-mer
CGCAAA,0.12673080208867832,-0.14064622351604836,6-mer
CGCAAT,0.19359595400364818,0.015133303525155477,6-mer
CGCAAC,-0.09822353608812344,-0.3148153686927957,6-mer
CGCAAG,0.005299603705148612,-0.04236337241292712,6-mer
CGCATA,-0.3445642913303921,-0.6715911079064932,6-mer
CGCATT,-0.19942775168996094,-0.570338372852781,6-mer
CGCATC,-0.07328921839719257,-0.09328759188517893,6-mer
CGCATG,-0.2746223801090057,-0.8000624294912483,6-mer
CGCACA,-0.5164954849607867,-1.0642239550856833,6-mer
CGCACT,-0.2921639367678059,-0.47972221301198137,6-mer
CGCACC,0.1138984884195479,0.018983103367572963,6-mer
CGCACG,-0.2747162108814292,-0.4472521241440135,Inverted repeat
CGCAGA,-0.08091999538356735,-0.37049106032558193,6-mer
CGCAGT,-0.2922261185485769,-0.5204737742694424,6-mer
CGCAGC,-0.32330143629605573,-0.3464504140214314,6-mer
CGCAGG,-0.11430857009731389,-0.4950555283680187,6-mer
CGCTAA,-0.1199094637351967,-0.11325054240559586,6-mer
CGCTAT,0.13050202423412777,-0.015896503985125682,6-mer
CGCTAC,0.26274150256593387,0.3767547876554201,6-mer
CGCTAG,0.08416044766399851,-0.05922341023907164,6-mer
CGCTTA,-0.040974978160887354,0.010297207410723545,6-mer
CGCTTT,-0.04528527464575406,0.044053523237036665,6-mer
CGCTTC,-0.27764821156358493,-0.085291742208712,6-mer
CGCTTG,-0.23325474364045068,0.05409270278974726,6-mer
CGCTCA,0.15527822547791076,-0.34895343201879603,6-mer
CGCTCT,0.42510354286275764,-0.34142230451850974,6-mer
CGCTCC,0.025225976288173507,-0.44999733763264393,6-mer
CGCTCG,-0.13161896749807808,-0.6492516290761362,Inverted repeat
CGCTGA,-0.30559789394678516,-0.0313263341939055,6-mer
CGCTGT,-0.21492697108988232,-0.42223300068304787,6-mer
CGCTGC,-0.18453827661044406,0.03368312625628859,6-mer
CGCTGG,-0.22378902845508752,0.1841152785988028,6-mer
CGCCAA,-0.028569152196770874,0.3280472686626566,6-mer
CGCCAT,0.3208830422948427,0.4454580126547705,6-mer
CGCCAC,0.21973873882467101,0.30957699177082393,6-mer
CGCCAG,0.3665783973310826,0.5097695223067071,6-mer
CGCCTA,0.29068443843863523,0.02001533390738805,6-mer
CGCCTT,0.32076133781536703,0.3219280948873623,6-mer
CGCCTC,-0.23359062794131172,-0.7181357709723579,6-mer
CGCCTG,0.19448407760617703,-0.029517046475869623,6-mer
CGCCCA,0.15311671375575836,-0.03360021036552803,6-mer
CGCCCT,0.45862676782652656,-0.023083613113041215,6-mer
CGCCCC,0.08451206722237789,-0.3489248272653796,6-mer
CGCCCG,0.006997726124819633,-0.04852989392765836,Inverted repeat
CGCCGA,0.13750352374993496,0.3134806719353003,6-mer
CGCCGT,0.47029261126906424,0.7200765804610603,6-mer
CGCCGC,0.6456252826277804,0.8590672018973942,6-mer
CGCCGG,-0.1443006861036988,0.28780231098273595,6-mer
CGCGAA,-0.009398698002249455,-0.49784763604221105,6-mer
CGCGAT,0.29855682300103337,0.09646635964769217,6-mer
CGCGAC,-0.046096414589453905,-0.2643846118667305,6-mer
CGCGAG,0.24738114152230828,-0.6047257555425862,6-mer
CGCGTA,-0.2653898268319235,-0.23523595349022144,6-mer
CGCGTT,-0.26555439781230933,-0.4522876682105276,6-mer
CGCGTC,-0.29198577952992283,-0.13302541863078307,6-mer
CGCGTG,0.23229088240268614,0.17204084668159517,6-mer
CGCGCA,-0.19216622800464056,-0.6767153511425528,Inverted repeat
CGCGCT,0.07455493113009377,-0.34813797421021103,Inverted repeat
CGCGCC,-0.5227253685932173,-0.65364186629208,Inverted repeat
CGCGCG,-0.5501970825604795,-0.7761039880731646,Palindromes
CGCGGA,0.13316645143219463,-0.24698646460192392,6-mer
CGCGGT,0.7100703671031459,0.8993631294645491,6-mer
CGCGGC,0.2439255828860894,0.21223323006143227,6-mer
CGCGGG,0.26466089421451194,0.018147346710259107,6-mer
CGGAAA,-0.1379983599890134,-0.5278393269523584,6-mer
CGGAAT,0.12691211248221967,-0.07873367649573768,6-mer
CGGAAC,-0.23435165112970885,-0.3726972273094722,6-mer
CGGAAG,-0.2566928789599671,-0.26004064040820574,6-mer
CGGATA,0.010900068349619424,-0.2273303441521149,6-mer
CGGATT,-0.3269177698657815,-0.31011047133340874,6-mer
CGGATC,-0.37776158682358496,-0.10941121672058178,6-mer
CGGATG,-0.31976242766924773,-0.19993757050875183,6-mer
CGGACA,0.10882387524545549,-0.3161068561586416,6-mer
CGGACT,-0.2652386767605237,-0.34046589267784416,6-mer
CGGACC,-0.6659990728120627,-0.5278620934906383,6-mer
CGGACG,-0.1615156460037774,-0.08371070638923163,Inverted repeat
CGGAGA,0.003282583989301569,-0.6780719051126377,6-mer
CGGAGT,0.09439237027495494,-0.6611772862967847,6-mer
CGGAGC,-0.23146432683292406,-0.7375927165585583,6-mer
CGGAGG,-0.9167661387781859,-0.5248896575023225,6-mer
CGGTAA,0.42101965729396973,0.7389378364978113,6-mer
CGGTAT,0.1770271171275265,0.486509254411882,6-mer
CGGTAC,-0.177917792195843,0.6172496054761768,6-mer
CGGTAG,0.2571060938311199,0.6775787603322799,6-mer
CGGTTA,-0.06993125675216644,0.30282611015092326,6-mer
CGGTTT,-0.2043584985061863,-0.1250707656580519,6-mer
CGGTTC,-0.14357519760205753,0.11131702286415816,6-mer
CGGTTG,-0.45306951345932384,0.17293375131465075,6-mer
CGGTCA,0.22049538616385017,0.7666485099598951,6-mer
CGGTCT,-0.3028746703655849,0.022437389119755187,6-mer
CGGTCC,-0.022138977269248624,0.08634690179437413,6-mer
CGGTCG,-0.05749788038232635,0.6186456269774449,Inverted repeat
CGGTGA,0.5152074639109313,0.8839029350771288,6-mer
CGGTGT,0.6225558537027701,0.49427701102349303,6-mer
CGGTGC,0.37621825038831574,0.540123859701232,6-mer
CGGTGG,0.40545145044964587,0.9862161845669003,6-mer
CGGCAA,0.32824739995763974,0.35530913034101275,6-mer
CGGCAT,0.23292308882861748,0.17248795136972872,6-mer
CGGCAC,0.1778363924283168,0.06991426703036682,6-mer
CGGCAG,0.09631896086737171,0.19943424360503498,6-mer
CGGCTA,0.1552255541122533,0.34117286723592954,6-mer
CGGCTT,0.13444298451139955,0.4075907495752779,6-mer
CGGCTC,-0.12199052437861028,-0.2397270323417247,6-mer
CGGCTG,-0.2577977574676468,0.1771736691799559,6-mer
CGGCCA,-0.5812103658600486,-0.11730390940427389,Inverted repeat
CGGCCT,-0.2323938134939468,-0.36033160718870866,Inverted repeat
CGGCCC,-0.5691736149170237,-0.9116011449476344,Inverted repeat
CGGCCG,0.08787275602533443,0.583719333870524,Palindromes
CGGCGA,0.35717894207041445,0.27274704507191716,6-mer
CGGCGT,0.48264840543352117,0.7801079173152001,6-mer
CGGCGC,-0.3580668544567322,-0.12069021330285191,6-mer
CGGCGG,0.2677210208081302,0.6082979302017305,6-mer
CGGGAA,-0.1559880180080403,-0.4150374992788438,6-mer
CGGGAT,0.39415013280502026,0.23749931372665614,6-mer
CGGGAC,0.06509502822188491,-0.16768652924631278,6-mer
CGGGAG,-0.17055348981682977,-0.8724499502794892,6-mer
CGGGTA,0.3392699916608791,0.03749968304209999,6-mer
CGGGTT,-0.35342064229089915,-0.4457535194921587,6-mer
CGGGTC,-0.39427893911204637,-0.45169596985769195,6-mer
CGGGTG,-0.37360727278271166,-0.45308610712802333,6-mer
CGGGCA,0.07898829614682869,-0.4314743890895175,6-mer
CGGGCT,0.12185025943844917,-0.06695024392462669,6-mer
CGGGCC,-0.5380414533336635,-0.8158580608628668,6-mer
CGGGCG,-0.14505033280328306,-0.2962414512237128,Inverted repeat
CGGGGA,0.516864984337748,-0.13502679345772234,6-mer
CGGGGT,-0.6378420603241048,-0.7461172925357364,6-mer
CGGGGC,-0.10149054517913764,-0.24773526945091112,6-mer
CGGGGG,-0.602664502454615,-0.9962960312365811,6-mer
GAAAAA,0.37651928608396446,0.24259162520337307,6-mer
GAAAAT,0.0908350203070369,-0.122431789744998,6-mer
GAAAAC,-0.09069485145818128,-0.33398722276580944,6-mer
GAAAAG,0.21161365859455883,0.27844886873027713,6-mer
GAAATA,0.1147701872460746,-0.27488342854251824,6-mer
GAAATT,0.296192574059356,-0.07578172885075646,6-mer
GAAATC,-0.09909766111059953,-0.2538976112616706,Inverted repeat
GAAATG,-0.13486586947023588,-0.3069403625151439,6-mer
GAAACA,0.3119795411129756,-0.36472467152365423,6-mer
GAAACT,0.3341930990138919,0.029253155257498897,6-mer
GAAACC,-0.6653540622764879,-0.7553389792570886,6-mer
GAAACG,-0.003490191882362103,-0.08795798627477132,6-mer
GAAAGA,-0.2547811844846478,-0.024044229383701664,6-mer
GAAAGT,-0.32709124885507834,-0.24215567615787786,6-mer
GAAAGC,-0.6154834106734404,-0.23350534362728864,6-mer
GAAAGG,-0.8463735294950729,-0.388961578276109,6-mer
GAATAA,0.06783836134242316,-0.06744283885474857,6-mer
GAATAT,0.7164151194908052,0.2105914178999782,6-mer
GAATAC,0.31920419245007275,0.38938830226953625,6-mer
GAATAG,-0.27749038891760053,-0.4122776444179726,6-mer
GAATTA,0.3400754415976218,0.30432724215531165,Inverted repeat
GAATTT,-0.062270594924494355,-0.31669309885531927,Inverted repeat
GAATTC,-0.1028673474912855,-0.22216777246634445,Palindromes
GAATTG,-0.02183846152769078,0.03504694709920053,Inverted repeat
GAATCA,-0.17271379862909986,0.1446316428924007,6-mer
GAATCT,-0.39076171666079,-0.44019506316676027,6-mer
GAATCC,-0.34466143139122246,-0.2758205607896372,6-mer
GAATCG,-0.12695444290952992,-0.017869055249069333,6-mer
GAATGA,-0.6376860442260178,-0.2672555307389692,6-mer
GAATGT,-0.2917889552621467,-0.773504409102275,6-mer
GAATGC,-0.45492590073312006,-0.5264421316440243,6-mer
GAATGG,-0.2388371724100441,0.11404618099866018,6-mer
GAACAA,0.4313469904395408,0.2090412739706093,6-mer
GAACAT,0.17416035148984235,-0.484457990225035,6-mer
GAACAC,-0.08900500605874494,-0.5797941915673154,6-mer
GAACAG,-0.01529531987573542,-0.20761036721510223,6-mer
GAACTA,-0.17826115977973986,0.005895359707545403,6-mer
GAACTT,-0.27525824166541174,-0.16808934450353438,6-mer
GAACTC,-0.34999500337466083,-0.7129823746041981,Inverted repeat
GAACTG,-0.44810189543880286,-0.07899104623006521,6-mer
GAACCA,0.08882749949446979,0.6282593347237063,6-mer
GAACCT,-0.27955233606321456,-0.32840565895856705,6-mer
GAACCC,-0.3121289553619635,-0.5681378780797971,6-mer
GAACCG,-0.26828057539975286,0.07549019958426322,6-mer
GAACGA,-0.1961473738487031,-0.02309810666130464,6-mer
GAACGT,-0.11808606992269444,0.2033804528106446,6-mer
GAACGC,-0.4561705137121403,-0.4490610815677227,6-mer
GAACGG,-0.48326332507887587,-0.3341391788382367,6-mer
GAAGAA,0.47756614099265754,0.7807702289053812,6-mer
GAAGAT,0.21143172253103243,0.6983666673304851,6-mer
GAAGAC,0.23168549354603662,0.5793951738860008,6-mer
GAAGAG,0.3408061050930516,0.007597147839558422,6-mer
GAAGTA,0.3241684982999049,0.6065756958781764,6-mer
GAAGTT,0.22826010411031467,0.31544099230501593,6-mer
GAAGTC,-0.06475379322196524,0.07510680133763539,Inverted repeat
GAAGTG,-0.6395028067111709,-0.30538841873743106,6-mer
GAAGCA,0.26905819346156373,0.5026631296178156,6-mer
GAAGCT,0.045256281129649925,0.39404508652963405,6-mer
GAAGCC,-0.06483835897746185,0.25569439648727554,6-mer
GAAGCG,-0.3230864209559208,-0.05693804244626634,6-mer
GAAGGA,0.16046467219324612,0.21735051409500533,6-mer
GAAGGT,-0.10233022255161217,0.4078126676935812,6-mer
GAAGGC,0.24938886519856704,0.4691882447459338,6-mer
GAAGGG,-0.254177218376796,-0.2254484686107385,6-mer
GATAAA,0.4062909212130561,0.2982357969911371,6-mer
GATAAT,0.547515632496207,0.531237816966496,6-mer
GATAAC,-0.001649737219092686,0.019770778183936126,6-mer
GATAAG,0.2562464232661645,0.40940443447031827,6-mer
GATATA,-0.38623347063146557,-0.5363519560452308,Inverted repeat
GATATT,0.7743421158768659,0.519639710226192,Inverted repeat
GATATC,0.228713110705802,0.1246584963459594,Palindromes
GATATG,0.13232168655905704,-0.007992790753530692,Inverted repeat
GATACA,-0.042560462228045666,-0.16039702578066325,6-mer
GATACT,0.47393118833241227,0.5430858605721712,6-mer
GATACC,0.19916820152373005,0.5560610196464488,6-mer
GATACG,-0.26780815884750997,0.15337382517846448,6-mer
GATAGA,-0.8405126015031603,-0.5508585796417331,6-mer
GATAGT,0.12374062032492698,0.13960898962685284,6-mer
GATAGC,-0.14359085362884977,0.04029852656431327,6-mer
GATAGG,-0.6319472242776103,-0.5993401473737415,6-mer
GATTAA,-0.24861244542712074,0.11643183181209875,6-mer
GATTAT,0.12517018899891397,0.3838383193682746,6-mer
GATTAC,0.10331071724229601,0.46808759663204,6-mer
GATTAG,-0.3093076463187247,0.01278615495584322,6-mer
GATTTA,-0.227464794177294,-0.06645827630148318,6-mer
GATTTT,-0.07860169654393755,-0.017498445303538605,6-mer
GATTTC,-0.18646846244998191,-0.30030388195431734,Inverted repeat
GATTTG,-0.35648768492651606,-0.2536410291419066,6-mer
GATTCA,-0.31851948127363916,-0.015088083665170648,6-mer
GATTCT,-0.2685571706953234,-0.2995298192264699,6-mer
GATTCC,-0.05699756052328827,-0.14200707778079066,6-mer
GATTCG,-0.7052762631735758,-0.5218572837012312,6-mer
GATTGA,-0.5227609779439674,0.21109668816160054,6-mer
GATTGT,-0.2687143149061485,-0.25005485967454844,6-mer
GATTGC,-0.2507425776595927,0.06419499229538742,6-mer
GATTGG,-0.33146514661893517,0.30282996050936783,6-mer
GATCAA,0.32825826461368035,1.0415863367997495,6-mer
GATCAT,0.25977883722655637,0.685891409571937,6-mer
GATCAC,0.0056136064635268195,0.7510532741926617,6-mer
GATCAG,-0.2719675306038016,0.48292901375006253,6-mer
GATCTA,-0.5264540954302965,-0.25839177900870713,6-mer
GATCTT,-0.008802087006885482,0.3369532551278228,6-mer
GATCTC,-0.7556328884062905,-1.0049200622633845,Inverted repeat
GATCTG,-0.5882302145550672,-0.17719697435229254,6-mer
GATCCA,0.06089142079335277,0.6121505121669341,6-mer
GATCCT,0.1891560918625159,0.2972230920096206,6-mer
GATCCC,0.05086182681522495,-0.23042974040186626,6-mer
GATCCG,-0.4811266897366163,-0.08221476328818755,6-mer
GATCGA,-0.07412325437790013,0.290811970516925,6-mer
GATCGT,0.42662547355405556,0.935659716781407,6-mer
GATCGC,0.18933924471802277,0.5258589803762732,6-mer
GATCGG,-0.03478185341726423,0.3644696123001899,6-mer
GATGAA,0.35519364174888945,0.8993277324909513,6-mer
GATGAT,0.20447567148622536,0.9842961637438687,6-mer
GATGAC,0.0873628797023424,0.6474911424349701,6-mer
GATGAG,0.26776230755096736,0.15614579561936065,6-mer
GATGTA,0.22276817209801691,0.05974458559306121,6-mer
GATGTT,0.47943136670950093,0.15467404509031502,6-mer
GATGTC,0.2561422146463885,0.07168873806907089,Inverted repeat
GATGTG,-0.34546963374330214,-0.5158441406571257,6-mer
GATGCA,0.050926735454680225,0.10407007762172105,6-mer
GATGCT,0.06529777126745162,0.343446657141916,6-mer
GATGCC,0.1743301805623134,0.3566526926465114,6-mer
GATGCG,-0.2393424902663854,-0.2505607414014775,6-mer
GATGGA,-0.11748444562669928,0.28575979760586223,6-mer
GATGGT,0.02005256796240325,1.012200453605527,6-mer
GATGGC,-0.06966293190359898,0.6229357240960706,6-mer
GATGGG,-0.08258641797947389,0.19689657075417746,6-mer
GACAAA,0.012724780000624714,-0.27643343126968645,6-mer
GACAAT,0.15230787744130117,-0.13789265255630997,6-mer
GACAAC,0.1425116444677521,-0.16265507337418375,6-mer
GACAAG,0.1922770904283768,0.16320854815293045,6-mer
GACATA,-0.023416664431168067,-0.4623750894240423,6-mer
GACATT,0.31556847984519437,-0.3105682327228145,6-mer
GACATC,0.21684048769336275,-0.0817217339130421,Inverted repeat
GACATG,-0.020203570723181196,-0.45681517964832635,6-mer
GACACA,-0.09880501005548431,-0.8949147479499006,6-mer
GACACT,-0.22215819858394237,-0.45821364048062563,6-mer
GACACC,0.4938929199900836,0.13356820114927714,6-mer
GACACG,-0.309828617312735,-0.4443318060728819,6-mer
GACAGA,-0.44065086897157285,-0.42069412582685817,6-mer
GACAGT,-0.05011134569069962,-0.13706917329026724,6-mer
GACAGC,-0.19450942673626914,-0.22867184383272898,6-mer
GACAGG,-0.16494940615160428,-0.42707905894913123,6-mer
GACTAA,0.029034612772154977,0.16454500814675233,6-mer
GACTAT,0.12708263877193554,0.17586561299051232,6-mer
GACTAC,0.3520037587928005,0.6659010914895788,6-mer
GACTAG,0.15925283252443792,0.30468139924132864,6-mer
GACTTA,0.0403481392618391,0.15767766013510687,6-mer
GACTTT,0.13940305666541644,0.14155252227984355,6-mer
GACTTC,-0.1026124643340979,0.029824215382395224,Inverted repeat
GACTTG,-0.20513059899350394,0.11740595439288534,6-mer
GACTCA,0.03847414781463553,-0.28512817668441043,6-mer
GACTCT,-0.271208337279494,-0.858316336633182,6-mer
GACTCC,-0.4123633649805184,-0.6741462018988374,6-mer
GACTCG,-0.6143634171617154,-0.7273154241324868,6-mer
GACTGA,-0.23872059124044814,0.17743739716580778,6-mer
GACTGT,-0.20963814885570106,-0.1873859715085346,6-mer
GACTGC,-0.22964823733924714,-0.045404930523306644,6-mer
GACTGG,-0.09389463003590744,0.4186945228869327,6-mer
GACCAA,-0.07648584483337119,0.4893934972814017,6-mer
GACCAT,0.006710221589552514,0.4265791211615349,6-mer
GACCAC,0.23737228593552426,0.6421064078247649,6-mer
GACCAG,0.014359902233765043,0.7291034763932358,6-mer
GACCTA,-0.2557896312165559,-0.17412346214531263,6-mer
GACCTT,-0.3199771885172012,-0.14905091939204923,6-mer
GACCTC,-0.84799690655495,-0.7372302845698272,Inverted repeat
GACCTG,-0.012612275922126258,0.038645927899483186,6-mer
GACCCA,-0.17535183917739008,-0.20851399135650278,6-mer
GACCCT,-0.3397271628282782,-0.6780719051126377,6-mer
GACCCC,-0.3979639859199024,-0.8041806742624605,6-mer
GACCCG,-0.3410369178350671,-0.6553518286125541,6-mer
GACCGA,-0.032502639687329464,0.21866834109990535,6-mer
GACCGT,0.34546625762478467,0.8644553292881221,6-mer
GACCGC,-0.02062665058995783,0.385185629177039,6-mer
GACCGG,-0.37125580725093055,0.24474404041123926,6-mer
GACGAA,0.2591273078712919,0.517246481267729,6-mer
GACGAT,0.6526052531127674,0.8647595277586341,6-mer
GACGAC,0.2804872929182565,0.4720440787881472,6-mer
GACGAG,0.49749965947081687,0.23723522896646632,6-mer
GACGTA,-0.22239242133644793,0.22921772107258825,Inverted repeat
GACGTT,-0.0009488293935487229,0.37828680518077834,Inverted repeat
GACGTC,-0.5849625007211562,-0.2021792004469393,Palindromes
GACGTG,-0.2953143318148245,-0.018581425741725614,Inverted repeat
GACGCA,0.17309656533591464,-0.0017441409026032197,6-mer
GACGCT,0.0798533076892146,0.21576490828022865,6-mer
GACGCC,-0.13263776857811888,-0.05769286716834591,6-mer
GACGCG,-0.40389694167364343,-0.41093310094610724,6-mer
GACGGA,-0.2741984752265596,-0.22123895732066498,6-mer
GACGGT,0.24965780839720025,0.7483254563307539,6-mer
GACGGC,0.0040985682136207005,0.19885487249104086,6-mer
GACGGG,-0.012727070926006416,-0.02267543796789694,6-mer
GAGAAA,0.2897041249016237,-0.3066062424450573,6-mer
GAGAAT,0.04205925019030853,-0.18887971911672294,6-mer
GAGAAC,-0.20318181737061297,-0.8292359784462886,6-mer
GAGAAG,0.17116535053194457,-0.16759558890637086,6-mer
GAGATA,-0.002412534075391049,-0.5389439356900967,6-mer
GAGATT,-0.037092917416275135,-0.38351230431209626,6-mer
GAGATC,-0.6415460290875235,-0.7455530900029297,Inverted repeat
GAGATG,-0.45444588383707923,-0.5786533286796715,6-mer
GAGACA,-0.01804645541745358,-0.7674277987811489,6-mer
GAGACT,-0.17547137394895543,-0.6806831185691757,6-mer
GAGACC,-0.48405217719402444,-0.7274867859382341,6-mer
GAGACG,-0.3226773522611956,-0.5029589941782185,6-mer
GAGAGA,-0.16077330307278212,-0.7625141851111588,6-mer
GAGAGT,0.11613484549020504,-1.0106946007962365,6-mer
GAGAGC,-0.050457425569525795,-0.9558774467676923,6-mer
GAGAGG,-0.44668312589530906,-0.9843341448404886,6-mer
GAGTAA,0.32148938573364305,-0.01347750391754048,6-mer
GAGTAT,0.3516346017035526,-0.2516296425615445,6-mer
GAGTAC,0.03418649649373028,-0.20810819533020042,6-mer
GAGTAG,0.47101370495011796,0.21076709621682044,6-mer
GAGTTA,0.4327166665136692,-0.15377469292441828,6-mer
GAGTTT,-0.1483276530734988,-0.8457877023383963,6-mer
GAGTTC,-0.18679882000670853,-0.6923199100176479,Inverted repeat
GAGTTG,-0.11113367111317488,-0.46597446450406926,6-mer
GAGTCA,-0.01467268271344839,-0.45453621163387375,6-mer
GAGTCT,-0.4835172371616103,-1.043348907371042,6-mer
GAGTCC,-1.0733731863302192,-1.5683361821337471,6-mer
GAGTCG,-0.38630578073552774,-0.583111705033215,6-mer
GAGTGA,-0.039739115051213324,-0.4623007512519146,6-mer
GAGTGT,-0.23412171391855485,-1.1039119004885733,6-mer
GAGTGC,-0.41848330385903354,-1.1765105135530693,6-mer
GAGTGG,-0.26126531298073824,-0.6168698463868812,6-mer
GAGCAA,0.5744932258135567,0.04105862832840684,6-mer
GAGCAT,0.4462609384319763,-0.40475452601698286,6-mer
GAGCAC,0.27409956979674727,-0.5386941001873151,6-mer
GAGCAG,0.42948865557638416,0.033744201761277876,6-mer
GAGCTA,0.1376592186660948,-0.24494981364368995,Inverted repeat
GAGCTT,-0.25467093289916726,-0.4197026449474051,Inverted repeat
GAGCTC,-0.7632078183732222,-1.4378088069375017,Palindromes
GAGCTG,-0.07096652135414347,-0.27395805487003033,Inverted repeat
GAGCCA,0.26735547245873936,0.0681404772753799,6-mer
GAGCCT,-0.13480605638716855,-0.6650035177115623,6-mer
GAGCCC,-0.022156413652167382,-0.9510903995190538,6-mer
GAGCCG,0.05294887994895893,-0.10136650506678323,6-mer
GAGCGA,0.39161568346005654,-0.4283410405235205,6-mer
GAGCGT,0.26850823754964737,-0.22954334076444602,6-mer
GAGCGC,0.04241514238429744,-0.6787299188257044,6-mer
GAGCGG,0.25065068137796137,-0.060928998642331623,6-mer
GAGGAA,0.19918792380916772,-0.2293980269825572,6-mer
GAGGAT,0.231296235249375,-0.12243607566099324,6-mer
GAGGAC,0.28143491086881267,-0.46379681119869903,6-mer
GAGGAG,0.2702659750648698,-0.3134877320867094,6-mer
GAGGTA,-0.11153849996327266,0.006152226981595149,6-mer
GAGGTT,-0.6140214076679035,-0.8009735344499453,6-mer
GAGGTC,-0.4208865749755311,-0.7213251030665216,Inverted repeat
GAGGTG,-0.7790910698388827,-0.4070447085253132,6-mer
GAGGCA,-0.13349937174603618,-0.678839092070833,6-mer
GAGGCT,-0.47792796225468664,-0.9855004303048852,6-mer
GAGGCC,-0.8889686876112561,-1.3271647432535092,6-mer
GAGGCG,-0.5849625007211562,-0.7865963618908067,6-mer
GAGGGA,-0.024811755395625464,-0.502300645734638,6-mer
GAGGGT,-0.25808518986206036,-0.8440170556424046,6-mer
GAGGGC,-0.020177881937630173,-0.9928402084271337,6-mer
GAGGGG,-1.1105364761496657,-1.300963861466116,6-mer
GTAAAA,0.10365971736023152,0.19281964325701254,6-mer
GTAAAT,0.07381076563653106,0.06146358711825482,6-mer
GTAAAC,-0.0030881817875701195,-0.08387255725502,Inverted repeat
GTAAAG,0.19264507794239571,0.349561895073595,6-mer
GTAATA,-0.02279986937313764,-0.019660134768008722,6-mer
GTAATT,0.29533878640822303,0.35147903916355394,6-mer
GTAATC,-0.00025352693868759414,0.4617030354696065,6-mer
GTAATG,0.23870787361507012,0.2543427505296694,6-mer
GTAACA,-0.2764112004561905,-0.3605245429965882,6-mer
GTAACT,0.37869339155948745,0.5840099123465745,6-mer
GTAACC,-0.48503194690477147,0.04264433740849369,6-mer
GTAACG,0.15799277762887426,0.4902575122778872,6-mer
GTAAGA,-0.14616838487706246,0.11678585426206438,6-mer
GTAAGT,-0.20110443179090567,0.20937909370219707,6-mer
GTAAGC,-0.4021178907010531,-0.011483273816544697,6-mer
GTAAGG,-0.17931133219734136,0.10251631561185544,6-mer
GTATAA,-0.1801572010357105,-0.11882189521275445,Inverted repeat
GTATAT,-0.0909402639424209,-0.404123620131316,Inverted repeat
GTATAC,-0.9107326619029128,-0.599817759589764,Palindromes
GTATAG,-0.9595590739715028,-0.7768787607440921,Inverted repeat
GTATTA,0.05008894742873372,0.17190764277757045,6-mer
GTATTT,0.06882819986048082,-0.05048290595256456,6-mer
GTATTC,0.2504891525146802,0.13271071670175713,6-mer
GTATTG,0.09980546224564875,0.09425120674000272,6-mer
GTATCA,0.12828702447124243,0.3437210582023946,6-mer
GTATCT,0.02601032723978483,-0.009049192111475007,6-mer
GTATCC,-0.037875550205969624,0.09643976025794913,6-mer
GTATCG,0.33740543150630753,0.36990187869404456,6-mer
GTATGA,-0.260066914130927,-0.032914622472734884,6-mer
GTATGT,-0.48487269040871855,-0.7545427309727036,6-mer
GTATGC,-0.6837855563070313,-0.6972407406213083,6-mer
GTATGG,-0.13931141250893558,0.028620677939767837,6-mer
GTACAA,-0.19517390425313452,-0.1972626223642308,6-mer
GTACAT,-0.15673333248670693,-0.2908809649727959,6-mer
GTACAC,-0.18955380819124482,-0.3163326319938428,Inverted repeat
GTACAG,-0.3282590204911127,-0.3075530726124385,6-mer
GTACTA,-0.3727199854439663,0.2036184925200228,6-mer
GTACTT,-0.10216443998851181,0.4041361923788654,6-mer
GTACTC,-0.22414539244019885,-0.24622109538671103,6-mer
GTACTG,-0.10740273815068314,0.38500677751074264,6-mer
GTACCA,0.16691070480159803,1.0959334368707188,6-mer
GTACCT,0.06926266243711371,0.28641733327174473,6-mer
GTACCC,0.0023477548564228247,0.03525084718305202,6-mer
GTACCG,0.2606443534488739,0.9343563837592523,6-mer
GTACGA,-0.5441451019077223,-0.31667236943586696,6-mer
GTACGT,-0.4474033807153756,0.31208030893101507,6-mer
GTACGC,-0.2611692536142308,-0.2043584985061863,6-mer
GTACGG,-0.5728896684205812,-0.3063071142994926,6-mer
GTAGAA,0.15567365063489888,0.14806869171327328,6-mer
GTAGAT,-0.04043486439923839,0.07841828624573954,6-mer
GTAGAC,-0.33260564748785293,-0.3201235980406144,Inverted repeat
GTAGAG,0.17863821994851667,-0.34687881005770455,6-mer
GTAGTA,0.23083278413710082,0.6305359826611748,6-mer
GTAGTT,0.5258535618949296,0.7139269364478933,6-mer
GTAGTC,0.434527403830744,0.6417806327210007,6-mer
GTAGTG,0.21089678249861846,0.2845311062269203,6-mer
GTAGCA,-0.05644514698974322,0.10802308740554925,6-mer
GTAGCT,0.24038245024059546,0.5495209221174882,6-mer
GTAGCC,0.22769202504159655,0.5826971879368658,6-mer
GTAGCG,0.5326791097884143,0.6567315348663504,6-mer
GTAGGA,0.03542751659567111,-0.014605869623967902,6-mer
GTAGGT,-0.026348766932186945,0.23204259137016706,6-mer
GTAGGC,-0.45924289536658663,-0.3852403382069648,6-mer
GTAGGG,-0.09126805756731404,-0.6359057732097528,6-mer
GTTAAA,0.24262200814070461,0.015266756653310558,Inverted repeat
GTTAAT,0.11406710805240261,0.15419563952189963,Inverted repeat
GTTAAC,0.466926556575125,0.5150514407077961,Palindromes
GTTAAG,0.12144745133133726,0.3962058245484717,Inverted repeat
GTTATA,-0.4240812559296532,-0.5386976214957737,6-mer
GTTATT,-0.18231415963597086,-0.26634291928991,6-mer
GTTATC,0.03348073860927865,0.15448408294880484,6-mer
GTTATG,-0.4304821766593628,-0.43501306604408085,6-mer
GTTACA,-0.1993606608288425,-0.15907266676983986,6-mer
GTTACT,0.2414970874162615,0.5283978717533767,6-mer
GTTACC,0.09099770716915846,0.4757940589420471,6-mer
GTTACG,0.07180135077264438,0.3113931552811721,6-mer
GTTAGA,-0.1340111593214849,-0.16594309091826234,6-mer
GTTAGT,-0.06470568938781524,0.1298329292980659,6-mer
GTTAGC,0.10054631810425062,0.26150855160283365,6-mer
GTTAGG,0.10541523356185757,-0.08430163474665192,6-mer
GTTTAA,-0.4131991162946379,-0.4858185977200732,6-mer
GTTTAT,0.0057978445381125605,-0.19876598250318875,6-mer
GTTTAC,-0.09033231972090768,-0.06391176382019301,Inverted repeat
GTTTAG,-0.06482415892029961,-0.25389459122949415,6-mer
GTTTTA,0.33944038269405213,0.042772937297774906,6-mer
GTTTTT,-0.09689302848747564,-0.30227506094133283,6-mer
GTTTTC,0.07882969069205055,-0.2520902802584277,6-mer
GTTTTG,0.06984942575650317,-0.07045083039767988,6-mer
GTTTCA,0.10465464417592774,0.0054063362495870605,6-mer
GTTTCT,0.26344962962163304,-0.2484299929250219,6-mer
GTTTCC,-0.2715208717216225,-0.5998742101250845,6-mer
GTTTCG,-0.5317330196568829,-0.804353995253505,6-mer
GTTTGA,-0.20875501341252953,-0.2328869968326961,6-mer
GTTTGT,-0.00892917552959409,-0.49202182272491884,6-mer
GTTTGC,-0.19359808582086127,-0.5033769020773907,6-mer
GTTTGG,-0.1306673398155069,-0.03377701198442432,6-mer
GTTCAA,0.043943347587596805,0.2618271954622809,6-mer
GTTCAT,0.12509835471114256,0.11709828283362571,6-mer
GTTCAC,0.0026495784139493736,0.06752852528151354,Inverted repeat
GTTCAG,-0.2089386617928837,0.04149381101935456,6-mer
GTTCTA,-0.16152828575636866,-0.4221294740753544,6-mer
GTTCTT,0.13503633172631294,0.14610391127605338,6-mer
GTTCTC,-0.03322275238161623,-0.6311326821540822,6-mer
GTTCTG,-0.362627124324155,-0.4319756397365281,6-mer
GTTCCA,0.03847414781463553,0.11491870625029926,6-mer
GTTCCT,0.3487835867140684,-0.13860216198621492,6-mer
GTTCCC,-0.09349142346981289,-0.7258250365610059,6-mer
GTTCCG,-0.4569633630465475,-0.4603358462074114,6-mer
GTTCGA,-0.41993774558198227,-0.5215076474482151,6-mer
GTTCGT,-0.26303440583379395,0.000998750500870038,6-mer
GTTCGC,-0.4745385110275057,-0.5523547125693103,6-mer
GTTCGG,-0.8987458092227865,-0.6817626081765552,6-mer
GTTGAA,0.08636467475813378,0.38895912151629725,6-mer
GTTGAT,0.2530662367425581,0.7768823923700394,6-mer
GTTGAC,0.15566602569543275,0.509961085898882,Inverted repeat
GTTGAG,0.027307345995735248,-0.22532647727152522,6-mer
GTTGTA,-0.006126102796841382,-0.13386249790662574,6-mer
GTTGTT,0.18222403594797748,-0.06842024554908166,6-mer
GTTGTC,0.027241238586697268,-0.12458056561502681,6-mer
GTTGTG,-0.3931120771865622,-0.6286372696880704,6-mer
GTTGCA,-0.22388058378425607,-0.2563397532597854,6-mer
GTTGCT,0.10713717407479094,0.29026824057930867,6-mer
GTTGCC,0.17254294836926423,0.20387831073567653,6-mer
GTTGCG,-0.07228886080687941,-0.1783605404088893,6-mer
GTTGGA,-0.20898576278529793,0.02790031560576363,6-mer
GTTGGT,0.26338848487370803,1.0519379993464257,6-mer
GTTGGC,-0.076833864678651,0.41116597489828355,6-mer
GTTGGG,0.10707318629083636,0.029525080331479485,6-mer
GTCAAA,0.18028839024673124,0.22780591752281218,6-mer
GTCAAT,-0.13525458324637277,0.14396017343141967,6-mer
GTCAAC,0.05918481912031964,0.37422889295987827,Inverted repeat
GTCAAG,-0.1704824570291899,0.31772528283238405,6-mer
GTCATA,0.02977966219334286,0.09409039328988791,6-mer
GTCATT,-0.07111230211895013,0.1048350150789384,6-mer
GTCATC,0.27531273561223046,0.7269271371045388,6-mer
GTCATG,0.12119059599624483,0.03734411692476155,6-mer
GTCACA,-0.2977845979026312,-0.6342222927871322,6-mer
GTCACT,-0.2543171887326849,-0.04250921775671866,6-mer
GTCACC,0.21866118767768053,0.660003612351322,6-mer
GTCACG,0.2571578394971244,0.5307353291376055,6-mer
GTCAGA,-0.45196406827720115,-0.28946318803316745,6-mer
GTCAGT,-0.25705342878306486,0.08686009679427362,6-mer
GTCAGC,-0.22350604164715643,0.17024706753158134,6-mer
GTCAGG,0.08040150659419902,0.1355583423714537,6-mer
GTCTAA,-0.15330183031854527,-0.38082178394093075,6-mer
GTCTAT,-0.7369655941662062,-0.8156402268612309,6-mer
GTCTAC,-0.2313631745943721,-0.2630344058337938,Inverted repeat
GTCTAG,-0.7319387770913736,-0.6317452156602203,6-mer
GTCTTA,0.03782443150512318,0.007967959727275783,6-mer
GTCTTT,0.4512555450593002,0.3407779958072148,6-mer
GTCTTC,0.3338677081988875,0.5669425535786766,6-mer
GTCTTG,-0.12405799268498331,0.054829316329346366,6-mer
GTCTCA,-0.3673710656485294,-1.0223678130284544,6-mer
GTCTCT,-0.006169767240206283,-0.6107134951120211,6-mer
GTCTCC,-0.19984057934659996,-0.8402695445303393,6-mer
GTCTCG,-0.7133292298989679,-1.268658955027672,6-mer
GTCTGA,-0.4560892821146614,-0.46203233147241995,6-mer
GTCTGT,-0.3972481858353157,-0.6874873318564981,6-mer
GTCTGC,-0.17484888008159782,-0.16846699723445113,6-mer
GTCTGG,-0.03363077788128014,0.10079292421077697,6-mer
GTCCAA,-0.1821639969714255,-0.007114852102067518,6-mer
GTCCAT,0.12762442886320233,0.11360686025639097,6-mer
GTCCAC,0.029496897244496976,0.023239549670552397,Inverted repeat
GTCCAG,0.1088134871389251,0.22457171939569504,6-mer
GTCCTA,0.2748041827733365,-0.2361222375549413,6-mer
GTCCTT,-0.03102689562062452,-0.10702541323178567,6-mer
GTCCTC,-0.36412053094810803,-0.5193741590935793,6-mer
GTCCTG,0.34599585484919226,-0.0613461433729779,6-mer
GTCCCA,0.43082638508297616,-0.011055188508995593,6-mer
GTCCCT,0.15200309344504997,-0.6223624725263498,6-mer
GTCCCC,-0.01760939959337842,-0.7026896607350698,6-mer
GTCCCG,0.06798683767609326,-0.34709867062226835,6-mer
GTCCGA,-0.5632866040696534,-0.5739284504461794,6-mer
GTCCGT,-0.6642151044372389,-0.31116357670807293,6-mer
GTCCGC,0.025508533164548135,0.012550213940511404,6-mer
GTCCGG,-0.7904631426588312,-0.41028396930820915,6-mer
GTCGAA,-0.27483083329764074,-0.4685217889863245,Inverted repeat
GTCGAT,0.3367647943671659,0.4079306127845839,Inverted repeat
GTCGAC,0.07198611282572731,-0.011454152876707658,Palindromes
GTCGAG,0.24047828126762028,-0.4992856757306293,Inverted repeat
GTCGTA,0.21349825036885203,0.3211768868303537,6-mer
GTCGTT,0.2534783080107706,0.3922927193080548,6-mer
GTCGTC,0.5463052813954709,0.8275496668725922,6-mer
GTCGTG,0.4206553094421194,0.6492764655589776,6-mer
GTCGCA,-0.022288067201784622,-0.1503275641075184,6-mer
GTCGCT,0.24832733039639918,0.3199108094863617,6-mer
GTCGCC,0.2364713189070226,0.37060739845012647,6-mer
GTCGCG,0.1593920726744214,-0.06092899864233177,6-mer
GTCGGA,-0.5034984000922597,-0.7742572338813732,6-mer
GTCGGT,0.09072111833436476,0.35386338403380907,6-mer
GTCGGC,0.1116453558289091,0.27490276006147496,6-mer
GTCGGG,-0.30256277002043114,-0.5544134373615492,6-mer
GTGAAA,0.03314827621701278,-0.04603914836960672,6-mer
GTGAAT,-0.11145015258355348,-0.07134053451970403,6-mer
GTGAAC,-0.028803565235045868,0.15493391221000566,Inverted repeat
GTGAAG,0.36017556424432545,0.6618595597335036,6-mer
GTGATA,0.2652202206753415,0.26572314773126954,6-mer
GTGATT,-0.13523721349325413,0.17227548847131088,6-mer
GTGATC,-0.01671739494493359,0.5390763423309605,6-mer
GTGATG,0.016507982448156586,0.4642950305563371,6-mer
GTGACA,0.15490999557880908,-0.24148460717728104,6-mer
GTGACT,0.04767797514447558,0.20134914682325605,6-mer
GTGACC,0.09319724237993371,0.3601226158016966,6-mer
GTGACG,0.05826765517918042,0.4380793743860414,6-mer
GTGAGA,-0.257986230082558,-0.56695671266684,6-mer
GTGAGT,-0.12101540096136594,-0.51085689288481,6-mer
GTGAGC,-0.030641139685915104,-0.5314432963401426,6-mer
GTGAGG,-0.29482089450144444,-0.5696633643382737,6-mer
GTGTAA,-0.004488660232373586,-0.1694428172664035,6-mer
GTGTAT,-0.1921346002437672,-0.7022050462649803,6-mer
GTGTAC,-0.29653131782188075,-0.35034596568716264,Inverted repeat
GTGTAG,0.48575725318402857,0.06824830097227214,6-mer
GTGTTA,0.05862374891976782,-0.3106801325756194,6-mer
GTGTTT,-0.052932130814851625,-0.7276631474871477,6-mer
GTGTTC,0.17226066247932775,-0.3991482260223491,6-mer
GTGTTG,0.4813107186980099,0.1470886495499715,6-mer
GTGTCA,-0.23222835905261913,-0.5104769634622347,6-mer
GTGTCT,0.10100019001094677,-0.4758696434992742,6-mer
GTGTCC,-0.23302183676735427,-0.8232352530772248,6-mer
GTGTCG,-0.026526294510187617,-0.281193774952634,6-mer
GTGTGA,-0.6188670918235368,-0.739183419416025,6-mer
GTGTGT,-0.7786091025086249,-1.5515922827732318,6-mer
GTGTGC,-0.41533310322227907,-1.0541074053394506,6-mer
GTGTGG,-0.419838485542665,-0.34488615982208093,6-mer
GTGCAA,-0.025574030719058168,-0.3009638614661159,Inverted repeat
GTGCAT,-0.11045219919541721,-0.588943724471219,Inverted repeat
GTGCAC,-0.2747875872594715,-0.8386469383723665,Palindromes
GTGCAG,0.2758779746820761,-0.010353362419573839,Inverted repeat
GTGCTA,0.12566894563158745,0.20601659238260292,6-mer
GTGCTT,-0.18696293179884996,-0.055876498192506126,6-mer
GTGCTC,0.04775313144836795,-0.6405128826321361,6-mer
GTGCTG,0.22788679901336173,0.24703441599047354,6-mer
GTGCCA,0.20891913305817594,0.28248795004467825,6-mer
GTGCCT,0.03347470455108783,-0.3234749841044481,6-mer
GTGCCC,-0.181474776194176,-0.8808887881123247,6-mer
GTGCCG,0.40370602692285856,0.4013625623817672,6-mer
GTGCGA,-0.5804611084862156,-1.020304096455089,6-mer
GTGCGT,-0.37694772603729354,-0.4891244670608333,6-mer
GTGCGC,-0.47498003973512587,-0.9041399845924839,6-mer
GTGCGG,-0.0023439404682991305,-0.051773649724050796,6-mer
GTGGAA,-0.08370605372744384,-0.07756275361172198,6-mer
GTGGAT,-0.3846852407660633,-0.21523813920171098,6-mer
GTGGAC,-0.22016259857278594,-0.2710271965873245,Inverted repeat
GTGGAG,0.4078281682930095,0.5151903685785892,6-mer
GTGGTA,0.2778101158380854,0.912807548591624,6-mer
GTGGTT,-0.17131823674217855,0.3781963145341076,6-mer
GTGGTC,0.17044034170172606,0.6665762662748081,6-mer
GTGGTG,0.4675370115116984,1.076356964231227,6-mer
GTGGCA,0.09070691417617682,0.13446591463429852,6-mer
GTGGCT,-0.030317090669628472,0.42614506704740585,6-mer
GTGGCC,-0.5126944702732672,-0.21987682341766493,6-mer
GTGGCG,0.2885593453021942,0.43115716464212095,6-mer
GTGGGA,-0.08390599644967413,-0.3216380767858953,6-mer
GTGGGT,0.051838931519618006,-0.054094880440995696,6-mer
GTGGGC,-0.06726322690467841,-0.4599668421792879,6-mer
GTGGGG,0.24935946893671723,-0.12823762779508308,6-mer
GCAAAA,0.2169260752722537,0.0969420991129046,6-mer
GCAAAT,-0.04247445504991166,-0.35091427123529223,6-mer
GCAAAC,-0.07925942563045696,-0.4286408010786646,6-mer
GCAAAG,-0.22051205586318479,-0.07331817674855726,6-mer
GCAATA,0.27157274428033024,0.0849097555767671,6-mer
GCAATT,0.44309104143238304,0.3274511343295643,6-mer
GCAATC,-0.18657951544736093,0.037182691443191945,6-mer
GCAATG,-0.009758966462328409,-0.11465055957501068,6-mer
GCAACA,0.27882260378718876,-0.13945972071526108,6-mer
GCAACT,0.33843874869645896,0.35365606075420486,6-mer
GCAACC,-0.605070074169731,-0.275694754690562,6-mer
GCAACG,0.003776690745483607,0.12888989417377347,6-mer
GCAAGA,-0.10970110307107242,0.14562917153384689,6-mer
GCAAGT,-0.10342958965540548,0.04022984478853292,6-mer
GCAAGC,-0.4358541773810845,-0.11311408005145487,Inverted repeat
GCAAGG,-0.269597093606244,-0.2336757770205656,6-mer
GCATAA,-0.3680260280624132,-0.5024041736820013,6-mer
GCATAT,0.22300386234618877,-0.349601774992266,6-mer
GCATAC,-0.5016067542256762,-0.7877144968340424,6-mer
GCATAG,-0.45978445645935234,-0.6673580760125365,6-mer
GCATTA,0.3055686650240889,0.07168392893331171,6-mer
GCATTT,-0.15289063271689846,-0.4838298212887335,6-mer
GCATTC,-0.5055280332267512,-0.654647876809845,6-mer
GCATTG,-0.37629923968738355,-0.4207398586430273,6-mer
GCATCA,0.08567090547665761,0.3648876622781075,6-mer
GCATCT,-0.16759994849606832,-0.10921447931851122,6-mer
GCATCC,0.47254995793405186,0.5425535900496223,6-mer
GCATCG,-0.1700798718241785,-0.09632611707502417,6-mer
GCATGA,-0.2085866218114173,-0.38489572708491526,Inverted repeat
GCATGT,-0.007494536546924233,-0.7480763090313975,Inverted repeat
GCATGC,-0.784365800367238,-1.1025979088017335,Palindromes
GCATGG,-0.3910287268101877,-0.31762046777801595,Inverted repeat
GCACAA,0.19003858212791458,-0.2585822644271172,6-mer
GCACAT,-0.08296300902216865,-0.8312654112245351,6-mer
GCACAC,-0.4107880262774858,-0.974505930257791,6-mer
GCACAG,-0.4532655523897229,-0.8983046029306491,6-mer
GCACTA,-0.05434852398305884,-0.15475370446108472,6-mer
GCACTT,-0.22161994555819642,-0.2653139055036129,6-mer
GCACTC,-0.23214039788801,-0.8145814949335661,6-mer
GCACTG,-0.6776094287371788,-0.5244046662599938,6-mer
GCACCA,0.6866534234127266,0.9580972690113166,6-mer
GCACCT,0.26941625772622035,0.133483005474252,6-mer
GCACCC,-0.07651023245219053,-0.5415699052077755,6-mer
GCACCG,0.3620444116649596,0.46464142641515327,6-mer
GCACGA,0.3204134542853639,0.17368958231007206,6-mer
GCACGT,0.22596979250314927,0.2647516445913887,6-mer
GCACGC,-0.08572987402588389,-0.24633249388820536,Inverted repeat
GCACGG,-0.32938940836802316,-0.47740935956635283,6-mer
GCAGAA,0.16353392039592854,0.06027851813298401,6-mer
GCAGAT,0.02307116970421593,0.2659816898841305,6-mer
GCAGAC,-0.06637883978935712,-0.16017702489075009,6-mer
GCAGAG,-0.11042398969365048,-0.6858382380132084,6-mer
GCAGTA,0.23861093189457616,0.3147698478773165,6-mer
GCAGTT,0.17683922135688745,0.2050751926487825,6-mer
GCAGTC,-0.18613522862357135,-0.09326870379438035,6-mer
GCAGTG,-0.3495844377902278,-0.3505937904000518,6-mer
GCAGCA,0.15309583732678622,0.20862524870176327,6-mer
GCAGCT,0.35234832380144404,0.5393733699320306,6-mer
GCAGCC,-0.18025317120927187,0.0431555815228997,6-mer
GCAGCG,-0.0720319274550312,-0.012068023309090238,6-mer
GCAGGA,0.5649981481950349,0.13387515357827112,6-mer
GCAGGT,0.22636273288990608,0.3823078819118919,6-mer
GCAGGC,-0.38740688097310116,-0.36480981527309075,Inverted repeat
GCAGGG,0.07075004674335535,-0.6000693931113645,6-mer
GCTAAA,0.5145731728297582,0.4662748620733169,6-mer
GCTAAT,0.1273635465800677,0.26667627306319225,6-mer
GCTAAC,0.010053664663923033,0.11436266196956262,6-mer
GCTAAG,0.46904746449668766,0.7450640393822582,6-mer
GCTATA,-0.5412296970904402,-0.4631238509686713,6-mer
GCTATT,-0.12859477328175564,-0.006252035629665263,6-mer
GCTATC,-0.11560854462779036,0.12036700338511969,6-mer
GCTATG,-0.3003136542154884,-0.1675482380696793,6-mer
GCTACA,0.24272813441947974,0.15979619836838876,6-mer
GCTACT,0.2956781957295371,0.6993541042845667,6-mer
GCTACC,-0.11016573861693328,0.4692698109625495,6-mer
GCTACG,-0.24784073218452068,0.07400058144377666,6-mer
GCTAGA,-0.015623524460505894,-0.027206006345715242,Inverted repeat
GCTAGT,0.27981491678014714,0.4252446562772507,Inverted repeat
GCTAGC,-0.23606735823352437,0.01349223632811344,Palindromes
GCTAGG,-0.5727280128608971,-0.40279390352409666,Inverted repeat
GCTTAA,-0.3099858609930278,-0.004766688848772659,6-mer
GCTTAT,-0.24594953334219555,-0.037509196549985246,6-mer
GCTTAC,-0.4381771165471254,-0.010795202999494245,6-mer
GCTTAG,-0.13333829602494168,0.07578530647234094,6-mer
GCTTTA,0.277258054016443,0.30190104020765957,6-mer
GCTTTT,0.025341129342541874,0.17524787729348618,6-mer
GCTTTC,-0.4620707143792115,-0.23266075679027493,6-mer
GCTTTG,-0.03771966594915852,-0.0964880828464514,6-mer
GCTTCA,0.12770108635236904,0.555079862295312,6-mer
GCTTCT,0.16571584288517668,0.3011201822860818,6-mer
GCTTCC,-0.7209117549423495,-0.594628835314636,6-mer
GCTTCG,-0.5450919132163092,-0.27169926696092145,6-mer
GCTTGA,-0.03449358729490363,0.47295408362801905,6-mer
GCTTGT,-0.2092567551340549,-0.0867927034164016,6-mer
GCTTGC,-0.5078290297924166,-0.11929072049190508,Inverted repeat
GCTTGG,-0.4446187785269025,0.24000708412823515,6-mer
GCTCAA,0.3597595003207269,0.22631618329271083,6-mer
GCTCAT,0.23680677321406624,-0.22460209406262668,6-mer
GCTCAC,-0.18375727462188185,-0.4358447983196815,6-mer
GCTCAG,-0.025205339889677957,-0.21329543192334396,6-mer
GCTCTA,0.25867268626086676,-0.36453062050200336,6-mer
GCTCTT,0.3439911488845748,-0.005160026781809554,6-mer
GCTCTC,-0.17658873172332298,-1.071949841879015,6-mer
GCTCTG,-0.0966830872713001,-0.6368727879414865,6-mer
GCTCCA,0.34449448882635364,-0.02075856016679725,6-mer
GCTCCT,0.3736851424982554,-0.21991089840101655,6-mer
GCTCCC,-0.12151781957723548,-0.91301669840536,6-mer
GCTCCG,-0.27531273561223074,-0.6679152900764664,6-mer
GCTCGA,-0.11225445365818461,-0.6584116283616123,6-mer
GCTCGT,0.796858057563149,0.5820531635789183,6-mer
GCTCGC,0.09451759878428967,-0.49417046024221806,Inverted repeat
GCTCGG,-0.5119477034229348,-0.8380565944772875,6-mer
GCTGAA,-0.05753263518529163,0.28720071696454613,6-mer
GCTGAT,0.007975322329589014,0.5533966945428583,6-mer
GCTGAC,-0.10393718728251734,0.25182189819908857,6-mer
GCTGAG,-0.3751617106629587,-0.5092602146086082,6-mer
GCTGTA,-0.12298818267296441,-0.15364483154074998,6-mer
GCTGTT,0.37593274991989584,0.22499161238440515,6-mer
GCTGTC,-0.04347554870330017,0.025543622732174382,6-mer
GCTGTG,-0.6195197227575245,-0.7639623265442237,6-mer
GCTGCA,0.16643016408032985,0.23922952420065483,6-mer
GCTGCT,0.408849903270035,0.6976764630521488,6-mer
GCTGCC,-0.13838942800920548,0.2252807006612743,6-mer
GCTGCG,-0.3723672568925678,-0.20765262267717946,6-mer
GCTGGA,-0.0011179349965740576,0.34946711848564377,6-mer
GCTGGT,0.2992039048694179,1.1962430869510106,6-mer
GCTGGC,-0.020269176696775526,0.6457557226902062,Inverted repeat
GCTGGG,-0.003947184516662814,0.08681377451100505,6-mer
GCCAAA,0.0024866912922773326,0.19284975908637092,6-mer
GCCAAT,-0.14878703264424045,0.23617765151270897,6-mer
GCCAAC,-0.024053283836021632,0.4935683444700028,6-mer
GCCAAG,-0.24174775347584807,0.3264761127435628,6-mer
GCCATA,-0.13174560656468481,0.09388794700654526,6-mer
GCCATT,0.15343322388662764,0.3786036152433604,6-mer
GCCATC,0.06679469745375655,0.752871985075567,6-mer
GCCATG,-0.24564280294850824,-0.1591399212806715,6-mer
GCCACA,0.18494511779322415,0.01709704086717166,6-mer
GCCACT,-0.08932318327586719,0.20971859130133727,6-mer
GCCACC,-0.05525650539294322,0.6066913748181896,6-mer
GCCACG,-0.1398861750609289,0.18869153058305851,6-mer
GCCAGA,-0.046276871774590334,0.24811581249712625,6-mer
GCCAGT,-0.14673621263184977,0.3855705903381753,6-mer
GCCAGC,0.1099728420251317,0.8234269115714727,Inverted repeat
GCCAGG,-0.14112535420665728,0.058767408249873816,6-mer
GCCTAA,0.25941603586602935,0.09199375779665701,6-mer
GCCTAT,-0.7638912735736416,-0.9936111757200973,6-mer
GCCTAC,-0.4869640623086398,-0.500680670276312,6-mer
GCCTAG,-0.5452362224055455,-0.585493782274164,6-mer
GCCTTA,0.2476972391460851,0.11840244259685412,6-mer
GCCTTT,0.37652853697462785,0.2575171690148942,6-mer
GCCTTC,0.10697551851510723,0.25241166080713046,6-mer
GCCTTG,0.007365829623047358,0.14230100549564584,6-mer
GCCTCA,-0.05733317506595159,-0.5783991909498044,6-mer
GCCTCT,-0.16269967657655446,-0.8494106205738937,6-mer
GCCTCC,-0.5415699052077755,-1.2520632880127909,6-mer
GCCTCG,-0.06212171190779719,-0.5585767481764526,6-mer
GCCTGA,0.07019783240972553,0.08790905617607496,6-mer
GCCTGT,-0.12715097775202072,-0.5482124122407164,6-mer
GCCTGC,-0.3117082525694833,-0.302890394647907,Inverted repeat
GCCTGG,-0.3588309896671763,-0.12842994012447279,6-mer
GCCCAA,-0.00723559909986341,-0.07071488245464078,6-mer
GCCCAT,-0.22543589404113518,-0.3813133623188303,6-mer
GCCCAC,-0.13014013533644853,-0.470740814590286,6-mer
GCCCAG,-0.2202069332595198,-0.3506570582214762,6-mer
GCCCTA,-0.32017831293740234,-0.9501619645549761,6-mer
GCCCTT,0.19693832490869892,-0.3084363457298361,6-mer
GCCCTC,0.07400058144377696,-0.8504736368471626,6-mer
GCCCTG,-0.3183168413349834,-0.8291293744266458,6-mer
GCCCCA,0.45547842530734095,0.07564505334289308,6-mer
GCCCCT,-0.47722501405745416,-1.3211974313919326,6-mer
GCCCCC,-0.6295280531546007,-0.8454091120657944,6-mer
GCCCCG,-0.3280541976842038,-0.6564418891410949,6-mer
GCCCGA,-0.17566789517080267,-0.756280737463335,6-mer
GCCCGT,0.19264507794239571,0.11352894563041403,6-mer
GCCCGC,0.17009355042794594,0.08572987402588403,Inverted repeat
GCCCGG,-1.0393231298110315,-1.107251196242113,6-mer
GCCGAA,-0.16658691407044973,-0.025700510331350006,6-mer
GCCGAT,0.24731727154527952,0.6417806327210007,6-mer
GCCGAC,-0.051330992075713205,0.16523892060174428,6-mer
GCCGAG,-0.09564000500680321,-0.48263900979862256,6-mer
GCCGTA,0.16731917818549635,0.517675744005899,6-mer
GCCGTT,0.24019782425593617,0.567800505852282,6-mer
GCCGTC,0.1317442544612501,0.5456000684503828,6-mer
GCCGTG,0.07940471844467982,0.2613128125019447,6-mer
GCCGCA,0.591848886306396,0.5258050286909624,6-mer
GCCGCT,0.24931538756782812,0.5178483048626192,6-mer
GCCGCC,0.2040699113991952,0.5760221552733177,6-mer
GCCGCG,0.48239276708060835,0.46718111824223196,6-mer
GCCGGA,-0.08264158871541659,0.019060733914487732,Inverted repeat
GCCGGT,0.34976714201245923,0.9099677991375272,Inverted repeat
GCCGGC,-0.2278972388952247,0.2925398541811354,Palindromes
GCCGGG,-0.29530320930613474,-0.3439544012173613,Inverted repeat
GCGAAA,-0.3841818586711383,-0.7362236578984329,6-mer
GCGAAT,-0.13190249072357682,-0.4619310290598018,6-mer
GCGAAC,-0.33357845462628805,-0.5582945502590763,6-mer
GCGAAG,-0.12795273096699616,-0.04856722544209025,6-mer
GCGATA,0.518151583199008,0.21607864740424565,6-mer
GCGATT,0.07298400239462888,0.07500569372988795,6-mer
GCGATC,0.11398682984845471,0.18672523097089985,6-mer
GCGATG,0.2659592827421357,0.33795820470631144,6-mer
GCGACA,0.2977335898745699,-0.15395136523457162,6-mer
GCGACT,0.14957635605050998,0.014050261957351137,6-mer
GCGACC,-0.04572727365712868,0.1409139147832439,6-mer
GCGACG,-0.14352103003765965,-0.091820708422909,6-mer
GCGAGA,-0.008988783227254524,-0.6703539919518009,6-mer
GCGAGT,-0.09395185407433354,-0.7218322906410505,6-mer
GCGAGC,0.23700074645288688,-0.3444227326744489,Inverted repeat
GCGAGG,0.1190728183427474,-0.6196838798995224,6-mer
GCGTAA,0.2865567504490706,0.44147578522961145,6-mer
GCGTAT,-0.18509673843063423,-0.20163386116965054,6-mer
GCGTAC,-0.3067557832631118,-0.07519467539228537,6-mer
GCGTAG,0.17897014104531928,0.21689262418907293,6-mer
GCGTTA,0.0985142964881552,0.09499290850961836,6-mer
GCGTTT,0.07688237024894551,-0.08602161864300464,6-mer
GCGTTC,-0.218703251889028,-0.23459522030896238,6-mer
GCGTTG,-0.4004490690594858,-0.056322588135790344,6-mer
GCGTCA,-0.08119608284798062,0.06066278190662416,6-mer
GCGTCT,-0.2587648110014098,-0.21633702927390025,6-mer
GCGTCC,0.1290919947611867,0.1531485441133121,6-mer
GCGTCG,-0.4450203654945582,-0.14186871631133677,6-mer
GCGTGA,0.3791923003321216,0.4337189203449189,6-mer
GCGTGT,-0.13349325003252366,-0.6219567082033579,6-mer
GCGTGC,-0.08200841115823132,-0.30121759972168183,Inverted repeat
GCGTGG,-0.015019517224939865,0.45421634314653014,6-mer
GCGCAA,0.007680737081623714,-0.2470896585349768,6-mer
GCGCAT,-0.34752471382227795,-0.8799870207993871,6-mer
GCGCAC,-0.22874873994962905,-0.6855664416595618,6-mer
GCGCAG,-0.41642403954980634,-0.7176002692992751,6-mer
GCGCTA,-0.18578524152473683,-0.46941241807527023,6-mer
GCGCTT,-0.4632343021591569,-0.45878379867091645,6-mer
GCGCTC,-0.29509561506609233,-0.917377709385432,6-mer
GCGCTG,-0.5830115943509949,-0.5820971670267668,6-mer
GCGCCA,-0.012780761021130424,0.03170885972733796,6-mer
GCGCCT,-0.22205451407623386,-0.5246731257533825,6-mer
GCGCCC,-0.326360341202623,-0.6484377204835082,6-mer
GCGCCG,-0.01986042236084283,0.1682589842029694,6-mer
GCGCGA,-0.10720960143633534,-0.5646535183208169,Inverted repeat
GCGCGT,-0.05707018549389961,-0.23128567007055179,Inverted repeat
GCGCGC,-0.8494274421613909,-1.1214891146549637,Palindromes
GCGCGG,-0.029812051296594446,-0.16524851423283907,Inverted repeat
GCGGAA,0.3723140298712686,0.09372285442680821,6-mer
GCGGAT,0.1440103026915193,0.0010690589899256106,6-mer
GCGGAC,0.25712776486707173,-0.02402727064644935,6-mer
GCGGAG,-0.0496307677246004,-0.44256285904550186,6-mer
GCGGTA,0.32614444968843204,0.6988820924347265,6-mer
GCGGTT,-0.1069929751378394,0.17683997590943598,6-mer
GCGGTC,0.033601403366137844,0.37060739845012647,6-mer
GCGGTG,0.4550454714430289,0.6797955553067819,6-mer
GCGGCA,0.5690711279512647,0.44615916797844823,6-mer
GCGGCT,0.22194721379059437,0.3756386816321297,6-mer
GCGGCC,-0.11256341680129614,0.0622371321279387,6-mer
GCGGCG,0.6166713604484944,0.8046857352816197,6-mer
GCGGGA,0.14135584924554156,0.009591842796819851,6-mer
GCGGGT,0.4043902550793352,0.22239242133644793,6-mer
GCGGGC,0.03005723385617986,-0.19811692915245524,Inverted repeat
GCGGGG,0.11358920983982113,-0.23684046528856598,6-mer
GGAAAA,0.20338627359601105,-0.09608023662798242,6-mer
GGAAAT,0.017438646106324507,-0.4238717770129507,6-mer
GGAAAC,-0.10114386640590685,-0.6310820324597085,6-mer
GGAAAG,-0.39848925668191976,-0.3363139744980455,6-mer
GGAATA,0.526176680749913,0.1251872878201248,6-mer
GGAATT,0.49301702946331083,0.16304913116537098,6-mer
GGAATC,-0.05537675703637335,0.009087342795710985,6-mer
GGAATG,-0.11421351649621395,-0.20366458694137451,6-mer
GGAACA,0.4472778362790517,-0.14558064886656957,6-mer
GGAACT,0.03400067123532766,-0.04049056019483077,6-mer
GGAACC,-0.5083636384474007,-0.3687223063663035,Inverted repeat
GGAACG,-0.3387514598665921,-0.3291235962915661,6-mer
GGAAGA,0.07934805528504787,0.1468705536181576,6-mer
GGAAGT,-0.342235335492977,-0.25778346267261776,6-mer
GGAAGC,-0.5984629356475464,-0.3005682029824159,6-mer
GGAAGG,-0.4253861875713054,-0.18363443813112573,6-mer
GGATAA,0.17396051467746898,0.06412092897875613,6-mer
GGATAT,0.43754350810613857,-0.028127944183579726,6-mer
GGATAC,0.07365704172530889,0.007978057423524141,6-mer
GGATAG,-0.37282549574063756,-0.46439787153064677,6-mer
GGATTA,0.2242188846014395,0.29728840587979116,6-mer
GGATTT,-0.3670687722915534,-0.31990051908560085,6-mer
GGATTC,-0.5110643870526196,-0.5776727996582467,6-mer
GGATTG,-0.46833373737799155,-0.31758671101053043,6-mer
GGATCA,0.3234094535151925,0.9693224017209972,Inverted repeat
GGATCT,-0.26437957613254315,-0.26065959864589044,Inverted repeat
GGATCC,-0.40617261769329993,-0.29092987366581824,Palindromes
GGATCG,0.10030490579568548,0.4080371100062843,Inverted repeat
GGATGA,0.1796574282134032,0.6143086979323816,6-mer
GGATGT,0.04453839607649826,-0.3570699010076193,6-mer
GGATGC,0.31392487133014874,0.37949058872306074,6-mer
GGATGG,-0.5225021966473954,0.06711419585853703,6-mer
GGACAA,0.4287702897686171,-0.018112591860780042,6-mer
GGACAT,0.1188015330766436,-0.36760566928200666,6-mer
GGACAC,0.274174963438994,-0.4482492783007013,6-mer
GGACAG,0.009952780426205423,-0.2468311810577402,6-mer
GGACTA,0.11653558189767742,0.08711828963283832,6-mer
GGACTT,-0.07257556113426857,-0.009075779038833947,6-mer
GGACTC,-0.29382053125344415,-0.9793514810247352,6-mer
GGACTG,-0.4655714432871317,-0.27852408695656994,6-mer
GGACCA,0.13025638595134162,0.3058417146773598,6-mer
GGACCT,-0.36847068082439244,-0.523650926180743,6-mer
GGACCC,-0.6141088463806726,-1.0667690122127012,Inverted repeat
GGACCG,-0.2051534897532939,0.03510380095591602,6-mer
GGACGA,0.5867229585855935,0.6164734734663736,6-mer
GGACGT,0.2675607847203066,0.41892878967812436,6-mer
GGACGC,0.4017814025765769,0.06741292140901699,6-mer
GGACGG,-0.23789197997139513,-0.10502121263464416,6-mer
GGAGAA,0.32123995032822017,0.15630048610604066,6-mer
GGAGAT,-0.12253841260311019,-0.47643804394298706,6-mer
GGAGAC,-0.37533737545858614,-0.8686282393270804,6-mer
GGAGAG,0.008717217101108938,-0.753360032416875,6-mer
GGAGTA,0.6219527884808095,0.21555946989039787,6-mer
GGAGTT,0.19905548363519898,-0.4006064515168624,6-mer
GGAGTC,-0.2863041851566411,-0.8677007779915563,6-mer
GGAGTG,-0.549023682706539,-0.84799690655495,6-mer
GGAGCA,0.6943212567577124,-0.00755235387109848,6-mer
GGAGCT,0.0958600154075161,-0.35017205942561913,6-mer
GGAGCC,-0.0636382859003178,-0.5268392763272286,Inverted repeat
GGAGCG,0.1586285702600896,-0.2874185644607529,6-mer
GGAGGA,-0.47393118833241243,0.006387470868720934,6-mer
GGAGGT,-0.6917822851435437,-0.23728341144292872,6-mer
GGAGGC,-1.2659637368724657,-1.4739311883324124,6-mer
GGAGGG,-0.8527039092324775,-0.7032114673911459,6-mer
GGTAAA,0.5548897579339978,0.7044086203440377,6-mer
GGTAAT,0.3344599834318137,0.5975411364988846,6-mer
GGTAAC,0.05702148601256978,0.4488549084210965,6-mer
GGTAAG,0.3953401815071974,0.9194318310898951,6-mer
GGTATA,-0.4284580150411653,-0.18339828972058428,6-mer
GGTATT,0.31172678203654797,0.5385330717739395,6-mer
GGTATC,-0.037345356331662694,0.32413573883901414,6-mer
GGTATG,-0.42256680333166535,0.015049586873294002,6-mer
GGTACA,-0.14946789120802864,0.11532455935504674,Inverted repeat
GGTACT,0.2214980040474846,0.9042185839209838,Inverted repeat
GGTACC,0.0,0.83364161357788,Palindromes
GGTACG,-0.36188779276007904,0.363613997694286,Inverted repeat
GGTAGA,0.07296080118911866,0.384822886231836,6-mer
GGTAGT,0.3398852253614851,0.809542481295368,6-mer
GGTAGC,-0.10944134662275772,0.4617857584703229,6-mer
GGTAGG,-0.6434581500313005,-0.33003856889352134,6-mer
GGTTAA,-0.23950810273212952,0.06058190136867706,6-mer
GGTTAT,-0.294412908573182,-0.037174561270715084,6-mer
GGTTAC,-0.3395898815644169,0.29308317940080336,6-mer
GGTTAG,-0.5485307493113676,-0.20282436739115156,6-mer
GGTTTA,-0.2271184015060415,-0.10018615406026182,6-mer
GGTTTT,-0.2513584188438589,-0.34384150986467715,6-mer
GGTTTC,-0.4128048008076074,-0.48633848283463116,6-mer
GGTTTG,-0.4942184146501188,-0.2968786058513374,6-mer
GGTTCA,0.16893479950606588,0.616811366760496,6-mer
GGTTCT,-0.08169174696178898,-0.04946867626429966,6-mer
GGTTCC,-0.6328969777848581,-0.4860258286490105,Inverted repeat
GGTTCG,-0.5323254418073778,-0.18742359181965168,6-mer
GGTTGA,-0.38830888068028435,0.34702934798063934,6-mer
GGTTGT,-0.6189098326444937,-0.5470841172079037,6-mer
GGTTGC,-0.8327531944917399,-0.250594148332993,6-mer
GGTTGG,-0.5829809708724696,0.3821974308364541,6-mer
GGTCAA,0.2984266605078572,0.7470061395445138,6-mer
GGTCAT,0.14749466777330314,0.4659070172475906,6-mer
GGTCAC,-0.033703303668207514,0.3973071206600091,6-mer
GGTCAG,-0.41779599924140715,0.14820652535697074,6-mer
GGTCTA,-0.5273609703217149,-0.46466826700344405,6-mer
GGTCTT,0.122232438476917,0.3736381547762371,6-mer
GGTCTC,-0.7952554444829767,-1.12212049105055,6-mer
GGTCTG,-0.7093228390970773,-0.4275098250391866,6-mer
GGTCCA,-0.2536715878243061,0.07881438317682857,6-mer
GGTCCT,-0.014536093157880384,-0.13263776857811888,6-mer
GGTCCC,0.0382884847243739,-0.3797173859991268,Inverted repeat
GGTCCG,-0.7238315664953208,-0.5015301353541591,6-mer
GGTCGA,0.01350426434974741,0.257305229995134,6-mer
GGTCGT,0.5653055413531463,1.0246458497308584,6-mer
GGTCGC,0.14847140247479668,0.19930880822340655,6-mer
GGTCGG,-0.3909273198535881,-0.01810938055173165,6-mer
GGTGAA,0.5634063573547087,1.0047672741962699,6-mer
GGTGAT,0.20354770447739604,0.9222078393938489,6-mer
GGTGAC,0.4632047817393539,0.8521134667517274,6-mer
GGTGAG,0.25450016736707176,0.1777871192152826,6-mer
GGTGTA,0.5326070956600197,0.4915356367528872,6-mer
GGTGTT,0.6273889781859545,0.3933268811428591,6-mer
GGTGTC,0.1951303413319904,0.01796654652944879,6-mer
GGTGTG,-0.19153145763168733,-0.3831523833177254,6-mer
GGTGCA,0.5684914910422554,0.458796520905502,6-mer
GGTGCT,0.5486697786652172,0.8118781605851502,6-mer
GGTGCC,0.3983299904112673,0.5559589544705521,Inverted repeat
GGTGCG,-0.21581976741296174,-0.07629178633120742,6-mer
GGTGGA,-0.047484698097349065,0.3243754153061053,6-mer
GGTGGT,0.4566496889512136,1.4749724695330755,6-mer
GGTGGC,0.07167010344118685,0.6770356102943061,6-mer
GGTGGG,0.12431135957600149,0.2381199612048837,6-mer
GGCAAA,0.35396192252707553,0.17868795632310272,6-mer
GGCAAT,0.46624146258573707,0.4719584066208137,6-mer
GGCAAC,0.18316402493151046,0.16735105777848602,6-mer
GGCAAG,-0.02279733569551497,0.29295987072210117,6-mer
GGCATA,-0.04289004890374642,-0.42669300237977514,6-mer
GGCATT,0.1609518023666428,-0.08161271860476652,6-mer
GGCATC,-0.1342209397606334,0.038935662546942855,6-mer
GGCATG,-0.17301627119346336,-0.3877007947083904,6-mer
GGCACA,0.10992294206954137,-0.3997281091634256,6-mer
GGCACT,0.10725540200590017,-0.11643550044479975,6-mer
GGCACC,0.3488951424876317,0.35738434577358713,Inverted repeat
GGCACG,0.031178310841745258,0.0,6-mer
GGCAGA,0.025558094443586518,0.0996684755983122,6-mer
GGCAGT,0.08083410278443594,0.13669584065720142,6-mer
GGCAGC,-0.12701114993229246,-0.023617104860227684,6-mer
GGCAGG,-0.49652453605357233,-0.42495296814392647,6-mer
GGCTAA,0.1962986714257191,0.2920134728055596,6-mer
GGCTAT,0.08707645682427727,0.20398921390490055,6-mer
GGCTAC,0.0814749848271837,0.5360968855156256,6-mer
GGCTAG,-0.14578062643613285,0.05224166368666641,6-mer
GGCTTA,0.20139112040721338,0.33549144750027915,6-mer
GGCTTT,0.20751835442392608,0.2844259474592661,6-mer
GGCTTC,-0.25603667970897415,0.01278615495584322,6-mer
GGCTTG,-0.1548856019781711,0.2774546346406721,6-mer
GGCTCA,0.43842383390396245,0.2918408059131683,6-mer
GGCTCT,0.0816137655536519,-0.43158867554269176,6-mer
GGCTCC,-0.15647830460510698,-0.5707264954255636,Inverted repeat
GGCTCG,0.01798574547336248,-0.3895668117627255,6-mer
GGCTGA,-0.16213189651897353,0.25598539323926933,6-mer
GGCTGT,-0.07417096843382442,-0.03584245022055675,6-mer
GGCTGC,-0.17852233861141578,0.23157504557679992,6-mer
GGCTGG,-0.3413289318105378,0.45676872130689594,6-mer
GGCCAA,-0.6503063767299262,-0.323028368981791,6-mer
GGCCAT,-0.6467757746230992,-0.37533737545858614,6-mer
GGCCAC,-0.6421284655269598,-0.3605509117480562,6-mer
GGCCAG,-0.9270610043590082,-0.36011635529854297,6-mer
GGCCTA,-0.6898152381807757,-0.8900882400439828,6-mer
GGCCTT,-0.22650852980867991,-0.3128059655016005,6-mer
GGCCTC,-0.6006441229534258,-1.3087880009994097,6-mer
GGCCTG,-0.8103496196370817,-0.7802464614949699,6-mer
GGCCCA,-0.5826523400339549,-0.7776986550210767,6-mer
GGCCCT,-0.520898401222569,-1.4081977537983812,6-mer
GGCCCC,-0.765534746362977,-1.4341463222265483,Inverted repeat
GGCCCG,-0.7024560637395967,-1.0970244543948646,6-mer
GGCCGA,-0.2907880052839758,-0.09341399534392489,6-mer
GGCCGT,0.11625306849584809,0.45080863030066576,6-mer
GGCCGC,0.09188210100747903,0.2104987427551944,6-mer
GGCCGG,-0.7798071962281676,-0.46521124594884083,6-mer
GGCGAA,0.2109876580641984,0.06196575330639269,6-mer
GGCGAT,0.5340616024211183,0.7352115574262633,6-mer
GGCGAC,0.5506925986364101,0.37773895785586825,6-mer
GGCGAG,-0.0755326311673575,-0.4441648619839865,6-mer
GGCGTA,0.7180851051051877,0.7318895068555221,6-mer
GGCGTT,0.4450042894434213,0.45894430397605523,6-mer
GGCGTC,-0.11682760399793235,0.20409160459350403,6-mer
GGCGTG,-0.09861938578375957,0.05071975760786823,6-mer
GGCGCA,0.16680902822045596,-0.18656787002539718,Inverted repeat
GGCGCT,-0.3177731907327419,-0.3532116317811692,Inverted repeat
GGCGCC,-0.6415460290875235,-0.7270875822114684,Palindromes
GGCGCG,-0.5105724753444194,-0.5391980836112225,Inverted repeat
GGCGGA,0.41503749927884365,0.23618070573080457,6-mer
GGCGGT,0.45161540462545163,0.8374737618832933,6-mer
GGCGGC,0.21159188973484985,0.5544755791897773,6-mer
GGCGGG,-0.5360529002402096,-0.40599235967583663,6-mer
GGGAAA,0.057706548718105134,-0.5632709752810277,6-mer
GGGAAT,0.07653384818929874,-0.3583004845523241,6-mer
GGGAAC,-0.1651422050722148,-0.7041821198269089,6-mer
GGGAAG,-0.44915871334715146,-0.5370280236574543,6-mer
GGGATA,-0.06085687362714911,-0.531091103059179,6-mer
GGGATT,-0.015148636434449162,-0.16332022878224248,6-mer
GGGATC,-0.06448872645171368,0.12985381617729422,6-mer
GGGATG,1.0315700790008697,1.0261839318036547,6-mer
GGGACA,0.6431292081312798,-0.05814404235398421,6-mer
GGGACT,-0.10706786198140106,-0.258217389536018,6-mer
GGGACC,-0.2057012307678422,-0.5106775042856473,Inverted repeat
GGGACG,0.1771565706733883,0.1592419196751819,6-mer
GGGAGA,-0.25868238129408677,-0.7852980011844071,6-mer
GGGAGT,-0.018821175645208674,-0.5600161435909253,6-mer
GGGAGC,-0.3127874410308934,-0.7982065398434187,6-mer
GGGAGG,-1.0238467419543678,-0.719171661504394,6-mer
GGGTAA,0.4614479642358018,0.09213821954101342,6-mer
GGGTAT,0.19799831243660238,-0.1409379294820964,6-mer
GGGTAC,-0.27853549937398164,-0.46033584620741114,6-mer
GGGTAG,0.11118418883700462,0.1930532530875403,6-mer
GGGTTA,0.14867890985248478,-0.09350138783116746,6-mer
GGGTTT,-0.7274741451889085,-1.1479472086317508,6-mer
GGGTTC,-0.1634987322828793,-0.45928507030654103,6-mer
GGGTTG,-0.7320575359953753,-0.6567823642189949,6-mer
GGGTCA,0.05207167306930068,-0.06853138167081553,6-mer
GGGTCT,-0.47711155895823804,-1.0937923369679687,6-mer
GGGTCC,-0.8117333625681784,-1.2145940507760407,Inverted repeat
GGGTCG,-0.24470258306153642,-0.4358447983196812,6-mer
GGGTGA,0.37730485192373575,0.20487200448807638,6-mer
GGGTGT,0.26588196499488714,-0.45196406827720115,6-mer
GGGTGC,0.13156950119062763,-0.32229099139056844,6-mer
GGGTGG,-0.18739996799694253,0.04665009329882133,6-mer
GGGCAA,0.4557443983992917,-0.12847159708330477,6-mer
GGGCAT,0.003227507030396016,-0.7686174292471649,6-mer
GGGCAC,0.1372363827361377,-0.5428208330940815,6-mer
GGGCAG,-0.14658281766079714,-0.45911555005439453,6-mer
GGGCTA,0.24313484839608895,-0.14813955432048148,6-mer
GGGCTT,0.05910536758683463,-0.0707397943186985,6-mer
GGGCTC,-0.15634202916938725,-0.9305031528304691,6-mer
GGGCTG,-0.16563035005221888,-0.3118167789200735,6-mer
GGGCCA,-0.43338680915773586,-0.6558321665696762,Inverted repeat
GGGCCT,-0.3703684499451153,-1.038381091727856,Inverted repeat
GGGCCC,-0.7387678368001916,-1.6408157354546735,Palindromes
GGGCCG,-0.42681466705519744,-0.5948295301804933,Inverted repeat
GGGCGA,0.4064616050990301,-0.08982137946265227,6-mer
GGGCGT,0.3025226957147693,-0.04303883974644246,6-mer
GGGCGC,-0.5224210346524432,-1.1714508556732728,6-mer
GGGCGG,-0.11732564181230451,-0.08887655526928291,6-mer
GGGGAA,0.164075925745625,-0.6249262401583449,6-mer
GGGGAT,0.7499945368551781,0.34574602932101955,6-mer
GGGGAC,0.333534714535346,-0.452792421274262,6-mer
GGGGAG,0.019365324866930825,-0.6052213397049563,6-mer
GGGGTA,-0.1943995025077042,-0.4451212920776129,6-mer
GGGGTT,-0.3404905459137898,-0.5876023825938602,6-mer
GGGGTC,-0.5709044597336613,-0.9537666598031997,6-mer
GGGGTG,-0.6641327141547637,-0.9298389285825992,6-mer
GGGGCA,0.4336983258616255,-0.2507769400785092,6-mer
GGGGCT,-0.1087062594425,-0.6828456581263539,6-mer
GGGGCC,-0.4959039613856877,-1.1107969374323534,Inverted repeat
GGGGCG,-0.22161447845381296,-0.4008145994553003,6-mer
GGGGGA,-0.22881869049588074,-0.7989089864345841,6-mer
GGGGGT,-1.1205415316712166,-1.4054786708539995,6-mer
GGGGGC,-0.7963208717826274,-1.4206620484727221,6-mer
GGGGGG,-2.8972404255747994,-2.0268000593437154,6-mer
