Item,Count obs
AAAAAA,0.4248706850526655
AAAAAT,-0.02343119799362728
AAAAAC,0.5759116401266549
AAAAAG,0.7288652631620246
AAAATA,0.2683536677781326
AAAATT,-0.5942819814023418
AAAATC,-0.05503319051269619
AAAATG,0.325395026048839
AAAACA,0.452077742063027
AAAACT,-0.11311155361577982
AAAACC,0.40198280627229
AAAACG,0.5432960087967748
AAAAGA,0.49271669648496885
AAAAGT,0.01866042271740283
AAAAGC,0.5884407249065836
AAAAGG,0.5585515396337841
AAATAA,0.22008284496292888
AAATAT,0.03890210563312558
AAATAC,0.10167896525015337
AAATAG,0.13527382119020515
AAATTA,-0.7480912103037556
AAATTT,-0.7119426481799833
AAATTC,-0.5129919502841583
AAATTG,-0.4657493094279981
AAATCA,-0.11736366051918225
AAATCT,-0.40375424370453494
AAATCC,-0.11489822013831505
AAATCG,-0.08853049281894601
AAATGA,0.31214554463015526
AAATGT,0.13062714525985353
AAATGC,-0.055965290427083064
AAATGG,0.023211026698303574
AAACAA,0.2058754736821297
AAACAT,0.1168743577201654
AAACAC,0.42609906678002796
AAACAG,0.6343976764877548
AAACTA,-0.17085252944518986
AAACTT,-0.4330746603337677
AAACTC,-0.3364722366212129
AAACTG,0.08149303425118301
AAACCA,-0.25909552469036423
AAACCT,0.11745841302733571
AAACCC,0.2552391707077249
AAACCG,0.3278959793886889
AAACGA,0.3136043970570972
AAACGT,0.2827559541157251
AAACGC,0.40375424370453494
AAACGG,0.5118241260955803
AAAGAA,0.29819465284086805
AAAGAT,-0.13932561046510172
AAAGAC,0.32039526985808353
AAAGAG,0.5840055216071587
AAAGTA,0.033429296649194674
AAAGTT,-0.33249608824157345
AAAGTC,-0.18821432576110544
AAAGTG,0.056539410415664786
AAAGCA,0.20887303886932573
AAAGCT,-0.0026166608911716276
AAAGCC,0.42626823573792755
AAAGCG,0.5996037856675064
AAAGGA,0.7747573098506144
AAAGGT,-0.001569448399577367
AAAGGC,0.10472214985255393
AAAGGG,0.4905021507940765
AATAAA,0.31556727594131656
AATAAT,-0.14284700431959974
AATAAC,-0.15272108701766385
AATAAG,0.07775524956593739
AATATA,0.24299128272034798
AATATT,-0.14088768830064405
AATATC,-0.09159270340419247
AATATG,0.26060111384911017
AATACA,0.21373417713528267
AATACT,-0.2938170610192968
AATACC,-0.01841349701549637
AATACG,0.16853941727935803
AATAGA,0.2963138768919681
AATAGT,-0.014093763075859479
AATAGC,-0.13410992894381216
AATAGG,0.11155248590574728
AATTAA,-0.7616583137229036
AATTAT,-0.3585900418748319
AATTAC,-0.8140997909776078
AATTAG,-0.6760666514421343
AATTTA,-0.63813578150034
AATTTT,-0.6393496657989781
AATTTC,-0.6388351912062054
AATTTG,-0.5428826806467183
AATTCA,-0.3898144918425186
AATTCT,-0.7751822042475526
AATTCC,-0.3250628586830551
AATTCG,-0.38723134296187256
AATTGA,-0.32629690857956056
AATTGT,-0.2742067307317662
AATTGC,-0.7306428944203488
AATTGG,-0.5169606123335067
AATCAA,-0.35240882888402547
AATCAT,0.043092143054794196
AATCAC,-0.11023052763943592
AATCAG,0.06527498858217565
AATCTA,-0.36219427556162365
AATCTT,-0.5978630420832088
AATCTC,-0.16349747154831915
AATCTG,-0.22151621165483432
AATCCA,-0.5010299028088361
AATCCT,-0.09887888101723079
AATCCC,-0.11531084651099437
AATCCG,-0.2315587482394942
AATCGA,-0.3336944570573106
AATCGT,-0.037522439323089796
AATCGC,-0.15790302944580878
AATCGG,-0.147269918735036
AATGAA,0.24364447431014336
AATGAT,0.1457485765631142
AATGAC,0.20426794371630094
AATGAG,0.14310084364067324
AATGTA,0.1942847228522297
AATGTT,-0.05663613879804601
AATGTC,-0.09902903868306165
AATGTG,0.06654967457164683
AATGCA,-0.19448504298715194
AATGCT,-0.3018391982625464
AATGCC,-0.04221551852734668
AATGCG,-0.3409971312195025
AATGGA,-0.06320072829591122
AATGGT,-0.15272108701766385
AATGGC,-0.15809426145863031
AATGGG,-0.12246116887027574
AACAAA,0.14426450431557908
AACAAT,-0.11534952150568141
AACAAC,0.023682484643559105
AACAAG,0.11904713216215985
AACATA,0.23165424098211854
AACATT,-0.1978901120338782
AACATC,0.1203340574479889
AACATG,0.23216616891384717
AACACA,0.14393731378563926
AACACT,0.19791698836853414
AACACC,0.28490814556905564
AACACG,0.298687686288383
AACAGA,0.3960310758748058
AACAGT,-0.056695343676545294
AACAGC,0.6931471805599453
AACAGG,0.4721681322553086
AACTAA,-0.40590074305297585
AACTAT,-0.15621621431432917
AACTAC,-0.5744126053768622
AACTAG,0.03809003947443343
AACTTA,-0.6275997472802939
AACTTT,-0.39655455907511666
AACTTC,-0.3137846963544182
AACTTG,-0.6901305870205195
AACTCA,-0.6035350218702582
AACTCT,-0.5514190207312443
AACTCC,0.03629430619277003
AACTCG,-0.6868775675463499
AACTGA,-0.14870494599496964
AACTGT,-0.019467394306114265
AACTGC,0.12850204421952058
AACTGG,-0.12403128092032256
AACCAA,-0.572985284599857
AACCAT,-0.17920725966459597
AACCAC,-0.48393672354965966
AACCAG,-0.2140355322834825
AACCTA,-0.3300309905183559
AACCTT,-0.1837910647733146
AACCTC,0.2320412867340746
AACCTG,0.033901551675681416
AACCCA,-0.6939801668638371
AACCCT,0.044895319907890946
AACCCC,0.1447744841987031
AACCCG,0.3082627801518017
AACCGA,-0.1366063701763487
AACCGT,-0.007547205635382966
AACCGC,0.36442692074305033
AACCGG,0.18703854667209346
AACGAA,0.2890297815506487
AACGAT,0.17001662160357583
AACGAC,-0.22994960578320928
AACGAG,0.08474122845509072
AACGTA,0.2064300703404691
AACGTT,0.20194134366360675
AACGTC,-0.2314807927520382
AACGTG,0.24334625863172918
AACGCA,-0.008298802814695066
AACGCT,0.24464975653517335
AACGCC,0.11255479129185356
AACGCG,-0.08045842166829913
AACGGA,0.12052115588850779
AACGGT,0.14631111927092152
AACGGC,0.7256703722655055
AACGGG,0.1723712259407865
AAGAAA,0.2746099908844282
AAGAAT,-0.2173274138242139
AAGAAC,0.10477589126233845
AAGAAG,0.3330616890492838
AAGATA,0.04583074666347792
AAGATT,-0.5607695232811687
AAGATC,-0.5727397364122973
AAGATG,0.03829992508754526
AAGACA,0.22992323829958858
AAGACT,-0.3495064544601199
AAGACC,0.09864908106983943
AAGACG,0.30632874161904833
AAGAGA,0.3116586879857059
AAGAGT,-0.2516444068352945
AAGAGC,0.2099730881244646
AAGAGG,0.41960961549432896
AAGTAA,-0.020365373512493918
AAGTAT,-0.16649651564955764
AAGTAC,-0.5091220458412068
AAGTAG,-0.4141702773354952
AAGTTA,-0.4667333623741906
AAGTTT,-0.44176781510573143
AAGTTC,-0.3510179476235917
AAGTTG,-0.46458029567574494
AAGTCA,-0.11563018229528232
AAGTCT,-0.4766777363334289
AAGTCC,-0.4764483346883777
AAGTCG,-0.3314763894278412
AAGTGA,0.25651548021336174
AAGTGT,0.027150989065950898
AAGTGC,-0.32429181806434176
AAGTGG,-0.326376805955862
AAGCAA,-0.15976260908182824
AAGCAT,-0.11851860023533749
AAGCAC,0.0654278053224554
AAGCAG,0.4792024353354785
AAGCTA,-0.5963570329038264
AAGCTT,-0.12894166801345056
AAGCTC,0.03297001923756968
AAGCTG,0.466034906866007
AAGCCA,-0.23144235412890482
AAGCCT,0.11884743171217005
AAGCCC,0.2266218156905347
AAGCCG,0.4839783737298027
AAGCGA,-0.10382993314909528
AAGCGT,0.2336148511815051
AAGCGC,0.5695332245927687
AAGCGG,0.7880195000347175
AAGGAA,0.18877319207544338
AAGGAT,0.09130876220217597
AAGGAC,0.05076180354325598
AAGGAG,1.3545986303097588
AAGGTA,-0.13894126116372946
AAGGTT,-0.15663207067864376
AAGGTC,-0.1271756209928582
AAGGTG,0.3037890577142878
AAGGCA,-0.0339621558998143
AAGGCT,0.05789397841890267
AAGGCC,-0.2978574004934334
AAGGCG,0.3421702577358506
AAGGGA,0.38831444691366135
AAGGGT,-0.05020359196657908
AAGGGC,0.08123389304368939
AAGGGG,0.6992884485820278
ATAAAA,0.559784721122749
ATAAAT,-0.08374164144317121
ATAAAC,0.2649129641905048
ATAAAG,0.5023581726668922
ATAATA,0.31918073951115183
ATAATT,-0.4471939078511038
ATAATC,0.07963718518913085
ATAATG,0.3300325349807247
ATAACA,0.3182521385364589
ATAACT,-0.2752980132520593
ATAACC,-0.1873090983049937
ATAACG,0.30084015702929207
ATAAGA,0.21297240491472996
ATAAGT,-0.17754827804129691
ATAAGC,0.1508228897345835
ATAAGG,0.2490613293179967
ATATAA,0.4997087836596514
ATATAT,0.4349952222366265
ATATAC,0.622051258876215
ATATAG,0.3974660975824874
ATATTA,-0.05257275234862934
ATATTT,0.14229836320366362
ATATTC,0.07807957038693358
ATATTG,0.18183387085402786
ATATCA,0.3523223799398905
ATATCT,0.02364696381947224
ATATCC,0.20482642340162985
ATATCG,0.4131871542020746
ATATGA,0.6041358029036484
ATATGT,0.42271835625572374
ATATGC,0.24372425901423042
ATATGG,0.1982754847361963
ATACAA,0.4063488907551722
ATACAT,0.5455263230601215
ATACAC,0.45929197365080776
ATACAG,0.5712347515615506
ATACTA,0.24675341695334346
ATACTT,-0.058496206681608494
ATACTC,0.10775286129644605
ATACTG,0.42357685805121065
ATACCA,0.1004124600404568
ATACCT,0.10018184017937477
ATACCC,0.11525458930302471
ATACCG,0.2672854445441351
ATACGA,0.41766038120198257
ATACGT,0.30042109822921076
ATACGC,0.4071057975656243
ATACGG,0.49518284669553697
ATAGAA,0.32437739026264517
ATAGAT,0.023743342619319888
ATAGAC,0.23682365521829002
ATAGAG,0.3870545462649846
ATAGTA,0.5846564340554106
ATAGTT,-0.3590491724067543
ATAGTC,-0.05007633798017609
ATAGTG,0.16502519647383448
ATAGCA,0.09670245291471169
ATAGCT,-0.04255961441879589
ATAGCC,-0.03738753207162045
ATAGCG,0.14819361565196285
ATAGGA,0.20943918528209704
ATAGGT,-0.11506932978478723
ATAGGC,0.005899722127188322
ATAGGG,0.13601895609632444
ATTAAA,-0.5067116009196663
ATTAAT,-0.7124049971643598
ATTAAC,-0.6288425501964494
ATTAAG,-0.5200245628013003
ATTATA,0.507787646745914
ATTATT,-0.27496184752898484
ATTATC,-0.20940803097952604
ATTATG,-0.0924046087529103
ATTACA,0.010323373397859855
ATTACT,-0.5709795465857378
ATTACC,-0.42468843303369297
ATTACG,-0.34250725795568304
ATTAGA,-0.5380701458725563
ATTAGT,-0.40606552842040816
ATTAGC,-0.6996831515397308
ATTAGG,-0.55775877718821
ATTTAA,-0.6172362208067208
ATTTAT,-0.005373468061143235
ATTTAC,-0.11081436634029011
ATTTAG,-0.6248203984868171
ATTTTA,0.03271319740630278
ATTTTT,-0.02469261259037152
ATTTTC,0.018984378082597043
ATTTTG,-0.1908384594750193
ATTTCA,-0.13153259123948588
ATTTCT,-0.143987895980835
ATTTCC,-0.3103734836538516
ATTTCG,-0.4595323293784402
ATTTGA,-0.2901110267671842
ATTTGT,0.012448293526568082
ATTTGC,-0.2563522223108632
ATTTGG,-0.6492785142466725
ATTCAA,-0.27446562226612825
ATTCAT,0.041644701271718605
ATTCAC,0.12095261041766249
ATTCAG,0.02917137730027987
ATTCTA,-0.15023324224245418
ATTCTT,-0.33288057645405683
ATTCTC,-0.03454780745388892
ATTCTG,-0.3635264188878341
ATTCCA,-0.5108256237659907
ATTCCT,0.023011561893206935
ATTCCC,0.07278434522321361
ATTCCG,-0.1846336965523341
ATTCGA,-0.1592657804940287
ATTCGT,0.11466290832013973
ATTCGC,-0.34712953109520106
ATTCGG,-0.1963077987686946
ATTGAA,-0.2076821720811769
ATTGAT,-0.08254404898128913
ATTGAC,0.07759137674218321
ATTGAG,-0.13943498471326293
ATTGTA,0.3506721974011066
ATTGTT,-0.10135249426028758
ATTGTC,-0.07377309465994113
ATTGTG,-0.1055217929745214
ATTGCA,-0.6045302372634057
ATTGCT,-0.2635290869637843
ATTGCC,-0.35114242636900667
ATTGCG,-0.4749911707567747
ATTGGA,-0.29957535189815965
ATTGGT,-0.4719963233624458
ATTGGC,-0.22870942839165487
ATTGGG,-0.6699288904579382
ATCAAA,-0.2159947719005425
ATCAAT,-0.10418335248481152
ATCAAC,-0.242576150854086
ATCAAG,-0.129324796096555
ATCATA,0.47911164827646285
ATCATT,0.18851278981008515
ATCATC,0.1849131473597799
ATCATG,0.1537150448824469
ATCACA,0.32410994126057346
ATCACT,0.024258822393424435
ATCACC,0.44973793178615257
ATCACG,-0.0370412716803491
ATCAGA,-0.05756985182147782
ATCAGT,-0.02946806225690798
ATCAGC,0.4876585644844564
ATCAGG,0.0970320915513444
ATCTAA,-0.48225225132193467
ATCTAT,-0.010328985551658301
ATCTAC,-0.712471453386348
ATCTAG,-0.7076251997405986
ATCTTA,-0.3474714309218832
ATCTTT,-0.22695254230580458
ATCTTC,-0.31429333490164607
ATCTTG,-0.45259100076855885
ATCTCA,-0.2500353411778016
ATCTCT,-0.026723070140753508
ATCTCC,0.3237870770938972
ATCTCG,-0.7962638012570996
ATCTGA,-0.25599256149479843
ATCTGT,0.17980504083865378
ATCTGC,0.03940254786602904
ATCTGG,-0.5024890843902239
ATCCAA,-0.5347477213574092
ATCCAT,-0.1816651734425249
ATCCAC,-0.3067611979679381
ATCCAG,-0.17733401528291554
ATCCTA,-0.08506983825008076
ATCCTT,0.12446469696786866
ATCCTC,0.38008568230398165
ATCCTG,-0.17144005660642056
ATCCCA,-0.7228891497586828
ATCCCT,0.025953738053415804
ATCCCC,0.36726951037012845
ATCCCG,0.0956611185691128
ATCCGA,-0.46467028327037285
ATCCGT,-0.07151841524698804
ATCCGC,0.29632143504248865
ATCCGG,0.13846967426510512
ATCGAA,-0.3701551054954251
ATCGAT,-0.2904559993345062
ATCGAC,-0.23826671288843052
ATCGAG,-0.4933769804310444
ATCGTA,0.4992264879226388
ATCGTT,0.30074237968600237
ATCGTC,-0.22606610575681155
ATCGTG,0.117336706704542
ATCGCA,-0.20331183268579045
ATCGCT,-0.017241806434506103
ATCGCC,-0.356938067213504
ATCGCG,-0.3177801036090605
ATCGGA,-0.14458122881110755
ATCGGT,-0.030441025501235522
ATCGGC,0.24351085413864346
ATCGGG,-0.13062018241706422
ATGAAA,0.47193653057927026
ATGAAT,-0.00551979322359781
ATGAAC,0.12631936667867003
ATGAAG,0.14994805371053224
ATGATA,0.5470786087611393
ATGATT,0.12265824424870517
ATGATC,0.00432588994712244
ATGATG,0.45855719522023386
ATGACA,0.3900670279970427
ATGACT,0.09531017980432493
ATGACC,0.07164187965852839
ATGACG,-0.014184634991956525
ATGAGA,0.07813820430914306
ATGAGT,-0.002853068982406399
ATGAGC,0.06689423483003022
ATGAGG,0.4054651081081644
ATGTAA,0.4436863209283621
ATGTAT,0.5182156473208211
ATGTAC,0.3150022475381644
ATGTAG,-0.09408092334959516
ATGTTA,0.1577456507451173
ATGTTT,0.2869842357172511
ATGTTC,0.12454929630869498
ATGTTG,-0.17301916413164112
ATGTCA,0.24177237114770295
ATGTCT,-0.04029849303127758
ATGTCC,-0.057010254716779674
ATGTCG,-0.5007752879124893
ATGTGA,0.24911903771747046
ATGTGT,0.38183350357488727
ATGTGC,0.05340077672711525
ATGTGG,-0.45742484703887537
ATGCAA,-0.3225327859339438
ATGCAT,-0.02166149678117942
ATGCAC,-0.05018974452385528
ATGCAG,0.17656496194961796
ATGCTA,-0.24294617861038947
ATGCTT,-0.06515107858398404
ATGCTC,0.09553242672156376
ATGCTG,0.27304052245883276
ATGCCA,-0.31099964185540513
ATGCCT,-0.020834086902842025
ATGCCC,0.015748356968139112
ATGCCG,0.4805857385762724
ATGCGA,-0.09956248954285528
ATGCGT,-0.14805309995913976
ATGCGC,-0.42608439531090014
ATGCGG,0.4827156648340974
ATGGAA,-0.2276901618238056
ATGGAT,-0.21890694729122054
ATGGAC,-0.050985554732867755
ATGGAG,0.41200820669710025
ATGGTA,0.3525126070240451
ATGGTT,-0.11980119981262052
ATGGTC,-0.49441259412466054
ATGGTG,-0.13580154115906162
ATGGCA,-0.1241484295234595
ATGGCT,-0.08079289525560579
ATGGCC,-0.6104047534898915
ATGGCG,-0.028170876966696335
ATGGGA,-0.24594053763684737
ATGGGT,-0.19611487892629037
ATGGGC,-0.4959791156489961
ATGGGG,-0.10238735017841004
ACAAAA,0.420510612103374
ACAAAT,-0.05063937037849302
ACAAAC,0.059423420470800806
ACAAAG,0.002398082684012846
ACAATA,0.25001656956530605
ACAATT,-0.1691300920395922
ACAATC,-0.11506932978478723
ACAATG,-0.05365271349232014
ACAACA,0.1887759078100019
ACAACT,-0.06396496218866722
ACAACC,0.12624900360518176
ACAACG,-0.11778303565638351
ACAAGA,0.04916185485948053
ACAAGT,-0.23092925585933136
ACAAGC,0.24962754018868213
ACAAGG,0.24934592370823383
ACATAA,0.3572331354128964
ACATAT,0.4171046377804363
ACATAC,0.6215769880586935
ACATAG,0.26038509224610984
ACATTA,-0.10236201266156972
ACATTT,0.034818457184045505
ACATTC,0.15744829204881478
ACATTG,-0.357602348817403
ACATCA,0.40680290094982435
ACATCT,0.08137412583034472
ACATCC,0.32353738573885665
ACATCG,0.24927569159105775
ACATGA,0.38186928751148197
ACATGT,0.25107232683921993
ACATGC,0.30016273367539004
ACATGG,-0.23784969870390518
ACACAA,0.10711182959056136
ACACAT,0.1535502595150144
ACACAC,0.6246607664147892
ACACAG,-0.027683428748416856
ACACTA,0.12291667217612796
ACACTT,0.1932380685353051
ACACTC,0.438135890397713
ACACTG,0.11634963723342151
ACACCA,-0.05826890812397576
ACACCT,0.7576857016975165
ACACCC,0.34943727663850177
ACACCG,0.38020544134892653
ACACGA,0.20645663252919508
ACACGT,0.31947466025264176
ACACGC,0.13077023118319456
ACACGG,0.18596454807245566
ACAGAA,0.4003380868563315
ACAGAT,0.03544214664993198
ACAGAC,0.3626451109252362
ACAGAG,0.2545298651348804
ACAGTA,0.10400641931009705
ACAGTT,-0.32208349916911333
ACAGTC,0.12972910667478396
ACAGTG,-0.017699577099400975
ACAGCA,0.6383784510181792
ACAGCT,0.4872951263557966
ACAGCC,0.6222513589269077
ACAGCG,0.775889607629999
ACAGGA,0.21228043905683883
ACAGGT,0.3431612247720095
ACAGGC,0.532148393234812
ACAGGG,0.4406937999919082
ACTAAA,-0.1929599549990104
ACTAAT,-0.4065944137053157
ACTAAC,-0.3260494439451182
ACTAAG,-0.4988183401255282
ACTATA,0.3029884937344564
ACTATT,0.014231219927949295
ACTATC,-0.03121501934792441
ACTATG,-0.08388148398070212
ACTACA,-0.2881284014036224
ACTACT,-0.2565418317160577
ACTACC,-0.6464201041519759
ACTACG,-0.43655569517819537
ACTAGA,0.027108318758078096
ACTAGT,-0.24896123434015074
ACTAGC,-0.4288455567522281
ACTAGG,-0.15536574680542634
ACTTAA,-0.6405148991390444
ACTTAT,-0.21645456316341322
ACTTAC,-0.28972915607350574
ACTTAG,-0.7843165676982388
ACTTTA,-0.10750820771528521
ACTTTT,-0.04580953603129422
ACTTTC,-0.2623642644674911
ACTTTG,-0.42121346507630353
ACTTCA,-0.07215333956802526
ACTTCT,-0.17736579443896985
ACTTCC,-0.16572366538491676
ACTTCG,-0.5102991694237446
ACTTGA,-0.48060069061760036
ACTTGT,-0.3274000094489021
ACTTGC,-0.34595098057575663
ACTTGG,-0.8160453168830992
ACTCAA,-0.6378987063294669
ACTCAT,-0.19105523676270922
ACTCAC,-0.1700943302243943
ACTCAG,-0.3882637457496178
ACTCTA,-0.28252172189247127
ACTCTT,-0.3316989578685553
ACTCTC,0.03157434559859511
ACTCTG,-0.5685978842512504
ACTCCA,-0.4858350944624164
ACTCCT,0.7124948215577313
ACTCCC,0.2859741301066248
ACTCCG,-0.02403319944415622
ACTCGA,-0.7808527609790509
ACTCGT,-0.6346509738783367
ACTCGC,-0.6763400622435641
ACTCGG,-0.40546510810816444
ACTGAA,0.04125016836537507
ACTGAT,-0.1437878927917117
ACTGAC,0.22718396085121478
ACTGAG,-0.2640722068126472
ACTGTA,0.16179297665282574
ACTGTT,-0.1831629535621462
ACTGTC,0.04954044556013611
ACTGTG,-0.15822400521489416
ACTGCA,0.053244514518812285
ACTGCT,0.39791790247278147
ACTGCC,0.23834471264626028
ACTGCG,0.2704402660172748
ACTGGA,-0.03188073185129034
ACTGGT,-0.19227188764712272
ACTGGC,0.002129926257824849
ACTGGG,-0.32892503098583
ACCAAA,-0.35452498342232464
ACCAAT,-0.5646822965567015
ACCAAC,-0.4274440148269396
ACCAAG,-0.6203696838778214
ACCATA,0.01023740909322009
ACCATT,-0.24574338323145062
ACCATC,-0.07669262078825445
ACCATG,-0.19971329950582378
ACCACA,-0.07726457733515031
ACCACT,-0.3855715675885937
ACCACC,-0.05617027146705459
ACCACG,-0.07767303831821813
ACCAGA,-0.4370134658430903
ACCAGT,-0.1823215567939547
ACCAGC,-0.06453852113757118
ACCAGG,-0.5795221550522255
ACCTAA,-0.3543734469504531
ACCTAT,-0.0010095912013523254
ACCTAC,-0.6162661362239875
ACCTAG,-0.5738004229273793
ACCTTA,-0.31657108230391806
ACCTTT,0.033901551675681416
ACCTTC,-0.033129323759879446
ACCTTG,-0.3916129953000128
ACCTCA,0.12733942237660148
ACCTCT,0.4646448787026303
ACCTCC,1.304320778160218
ACCTCG,-0.4618180446592962
ACCTGA,-0.0713090277047818
ACCTGT,0.4229642679746564
ACCTGC,0.4751450287461543
ACCTGG,-0.40546510810816444
ACCCAA,-0.5189741523298959
ACCCAT,-0.5482304657102973
ACCCAC,-0.826366024346168
ACCCAG,-0.2583074637718767
ACCCTA,-0.35524535112913797
ACCCTT,0.2613647641344075
ACCCTC,0.21450045515818977
ACCCTG,-0.23574672346753517
ACCCCA,-0.771065617652401
ACCCCT,0.30467546253921407
ACCCCC,0.39416555285423105
ACCCCG,-0.05644131090495173
ACCCGA,-0.5007752879124893
ACCCGT,0.0402738991379399
ACCCGC,0.4222722264245456
ACCCGG,0.18901054494475125
ACCGAA,-0.14107859825990549
ACCGAT,0.07955263170195369
ACCGAC,-0.1529076715876614
ACCGAG,-0.25961323109560114
ACCGTA,-0.13976194237515874
ACCGTT,0.13503628380394272
ACCGTC,-0.05218575317057019
ACCGTG,-0.47982367542671095
ACCGCA,0.1508228897345837
ACCGCT,0.2946025152963547
ACCGCC,0.5703878849173338
ACCGCG,0.22314355131420976
ACCGGA,0.019705071079332337
ACCGGT,-0.08994823666293952
ACCGGC,0.6744550475477928
ACCGGG,-0.22978809403287825
ACGAAA,0.124873329881408
ACGAAT,0.08975044258674773
ACGAAC,0.16705408466316624
ACGAAG,-0.2730759200624188
ACGATA,0.38682798210942004
ACGATT,0.054168236473149674
ACGATC,0.019418085857101516
ACGATG,-0.04680406619780251
ACGACA,0.06231876439925819
ACGACT,-0.24231346742193
ACGACC,-0.69647497065262
ACGACG,-0.5077439572285826
ACGAGA,0.06776210210081876
ACGAGT,-0.2988266370048461
ACGAGC,-0.26531847636492245
ACGAGG,-0.0030257209165370676
ACGTAA,0.008141157583699866
ACGTAT,0.3018667074437374
ACGTAC,0.18566045805946932
ACGTAG,-0.7002646483288093
ACGTTA,-0.1450181962639858
ACGTTT,0.26744381021078967
ACGTTC,0.2702903297399117
ACGTTG,-0.3437715391028245
ACGTCA,-0.5174701664846592
ACGTCT,0.141563564321787
ACGTCC,-0.06991198919871441
ACGTCG,-0.35065687161316944
ACGTGA,0.20842193948885002
ACGTGT,0.3016151667557049
ACGTGC,0.016260520871780326
ACGTGG,-0.9839493803479699
ACGCAA,-0.3722139629594765
ACGCAT,0.024868066578013524
ACGCAC,0.0037105793965357746
ACGCAG,0.2466740487244038
ACGCTA,-0.01778954156349841
ACGCTT,0.2648162477147777
ACGCTC,0.11712535723741284
ACGCTG,0.4567584024957148
ACGCCA,-0.2174128766052247
ACGCCT,0.050124387182568814
ACGCCC,-0.09193749532568561
ACGCCG,0.36511381258459696
ACGCGA,-0.5746285803246078
ACGCGT,-0.29815337231907635
ACGCGC,-0.3319979562262919
ACGCGG,0.25131442828090617
ACGGAA,0.13865728957089515
ACGGAT,-0.13005312824819779
ACGGAC,-0.013698844358161802
ACGGAG,0.39514122476652835
ACGGTA,0.22569783111930655
ACGGTT,-0.03384690537385628
ACGGTC,0.12996632646002637
ACGGTG,-0.14496577025018567
ACGGCA,0.46021562287957274
ACGGCT,0.5863792051342392
ACGGCC,0.1764564373415565
ACGGCG,0.39903421777787396
ACGGGA,0.3381129260786729
ACGGGT,0.05422155416663885
ACGGGC,0.1392620673335076
ACGGGG,-0.13305050778717187
AGAAAA,0.43293391713690926
AGAAAT,-0.13800960547815458
AGAAAC,0.13677671189120522
AGAAAG,0.4240326493805881
AGAATA,0.13459015397276475
AGAATT,-0.6240561880897428
AGAATC,-0.2702074419285169
AGAATG,-0.019552814654360855
AGAACA,0.2439631790965999
AGAACT,-0.5299017708268045
AGAACC,-0.09321812883210089
AGAACG,0.36464311358790924
AGAAGA,0.08814838677670496
AGAAGT,-0.15154989812720093
AGAAGC,0.21032918178085822
AGAAGG,0.567131885871373
AGATAA,-0.036813973122716316
AGATAT,0.011173300598125255
AGATAC,0.08680710776207863
AGATAG,-0.15634607039069398
AGATTA,-0.5084973340063996
AGATTT,-0.5962304477823089
AGATTC,-0.461635379575219
AGATTG,-0.2708749541353996
AGATCA,-0.06360524995457277
AGATCT,-1.0869503489202668
AGATCC,-0.5856056389557588
AGATCG,-0.38907129833248805
AGATGA,0.30854109510055044
AGATGT,-0.11066556788751943
AGATGC,-0.152107778197458
AGATGG,-0.2159947719005425
AGACAA,0.14654081951311676
AGACAT,0.1902921691942066
AGACAC,0.24256163717131127
AGACAG,0.2259564926908245
AGACTA,-0.5396373210045363
AGACTT,-0.3386789311540375
AGACTC,-0.2607604148855165
AGACTG,0.22314355131420976
AGACCA,-0.31679947102250816
AGACCT,-0.0967521411212262
AGACCC,-0.39363065046116147
AGACCG,0.3260915205666521
AGACGA,0.06150219975779386
AGACGT,-0.161843025450414
AGACGC,-0.011696039763191187
AGACGG,0.5108256237659907
AGAGAA,0.36737625698856646
AGAGAT,-0.052446475372542545
AGAGAC,-0.042174925050712686
AGAGAG,0.5368011101692515
AGAGTA,-0.2231435513142097
AGAGTT,-0.37462400258558914
AGAGTC,-0.32731186722254874
AGAGTG,0.15860503017663857
AGAGCA,0.03116235998057315
AGAGCT,-0.04014706801341202
AGAGCC,0.3281525113347362
AGAGCG,0.28163975799581836
AGAGGA,0.27638806583302206
AGAGGT,0.425943639451705
AGAGGC,0.17958557697507987
AGAGGG,0.5334894833432027
AGTAAA,0.0992066500834481
AGTAAT,-0.23618316482201318
AGTAAC,-0.13026519483790147
AGTAAG,0.05929974228129184
AGTATA,0.5483635430850559
AGTATT,-0.23598383778738694
AGTATC,-0.13423537012631687
AGTATG,0.03980625040041979
AGTACA,0.028987536873252187
AGTACT,-0.672344052930182
AGTACC,-0.1941560144409575
AGTACG,0.06899287148695142
AGTAGA,-0.13558407894226474
AGTAGT,-0.47492570645116383
AGTAGC,-0.5493592877682337
AGTAGG,-0.5176770987150926
AGTTAA,-0.5630940523117476
AGTTAT,-0.2696062997402907
AGTTAC,-0.5124569454980747
AGTTAG,-0.523113454559684
AGTTTA,-0.36142554669733024
AGTTTT,-0.1635675598206329
AGTTTC,-0.5029597169290313
AGTTTG,-0.33398467314941127
AGTTCA,-0.39219057689946824
AGTTCT,-0.2897418054147915
AGTTCC,-0.5815946946541978
AGTTCG,-0.262364264467491
AGTTGA,-0.394993808240869
AGTTGT,-0.36587301798611505
AGTTGC,-0.46645962081100634
AGTTGG,-0.7569752220939179
AGTCAA,-0.16370674835172266
AGTCAT,-0.09439148428725234
AGTCAC,-0.21848153820839847
AGTCAG,0.23108640482814635
AGTCTA,-0.31602654546092335
AGTCTT,-0.32759643870724464
AGTCTC,-0.15128944754622603
AGTCTG,0.026501940745506627
AGTCCA,-0.663772571880041
AGTCCT,-0.5756358471196064
AGTCCC,-0.31481073984003355
AGTCCG,-0.2509028209484846
AGTCGA,-0.5364933705145684
AGTCGT,-0.2473639832079986
AGTCGC,-0.1955667835439752
AGTCGG,-0.6279066586915444
AGTGAA,0.32510847797089787
AGTGAT,0.16296806491965246
AGTGAC,-0.11874875277634238
AGTGAG,-0.034772966755045
AGTGTA,0.32682198078905117
AGTGTT,-0.059932340722673845
AGTGTC,-0.13102826240640403
AGTGTG,0.00930239266231341
AGTGCA,-0.5232481437645479
AGTGCT,-0.2776317365982795
AGTGCC,-0.11426809354893898
AGTGCG,0.08096906253366709
AGTGGA,-0.46247536282494406
AGTGGT,-0.37320424588994294
AGTGGC,-0.5353230953663781
AGTGGG,-0.2642854946453849
AGCAAA,-0.07455430110556327
AGCAAT,-0.3929983393430344
AGCAAC,-0.05756985182147782
AGCAAG,-0.10046217471375288
AGCATA,0.17398431535612627
AGCATT,-0.21438348925361767
AGCATC,-0.1955191088759012
AGCATG,0.16935337672807207
AGCACA,0.32850406697203605
AGCACT,-0.08978530387235507
AGCACC,0.3800553925827961
AGCACG,-0.1459539126230797
AGCAGA,0.34574587340654217
AGCAGT,0.20170827059414476
AGCAGC,0.39386597226481246
AGCAGG,0.5341989749512993
AGCTAA,-0.554370667982275
AGCTAT,-0.20840126957700628
AGCTAC,-0.7304429653036422
AGCTAG,-0.7017309242513368
AGCTTA,-0.20173964265105623
AGCTTT,-0.002517835992340994
AGCTTC,-0.10660973505825826
AGCTTG,0.09309042306601203
AGCTCA,-0.1655144384775733
AGCTCT,-0.10660973505825826
AGCTCC,0.3014307726435011
AGCTCG,-0.3184537311185346
AGCTGA,0.3408015947824421
AGCTGT,0.5226951993213745
AGCTGC,0.41871033485818504
AGCTGG,0.08269171584511341
AGCCAA,-0.2543191687826595
AGCCAT,-0.21238162359975546
AGCCAC,-0.5555258026838974
AGCCAG,-0.084557388028063
AGCCTA,-0.2973573379751993
AGCCTT,-0.08891015795885722
AGCCTC,0.28458609474665286
AGCCTG,0.5231823564548962
AGCCCA,-0.49108663080873993
AGCCCT,0.08366769104656642
AGCCCC,0.17733401528291565
AGCCCG,0.4852923217608258
AGCCGA,-0.1561894165171067
AGCCGT,0.40635836408537945
AGCCGC,0.7034565502188066
AGCCGG,1.0096226716663743
AGCGAA,-0.02469261259037152
AGCGAT,0.10692668669057136
AGCGAC,-0.460584407329244
AGCGAG,-0.016929062100448082
AGCGTA,0.19513051508653578
AGCGTT,0.22314355131420976
AGCGTC,-0.14286272005340678
AGCGTG,0.459859180173963
AGCGCA,0.3566749439387324
AGCGCT,0.423814246776361
AGCGCC,0.3593740009078974
AGCGCG,-0.2863654165670341
AGCGGA,0.5917946862996578
AGCGGT,0.3644976696199413
AGCGGC,0.653926467406664
AGCGGG,0.7444404749474958
AGGAAA,0.12266068387705217
AGGAAT,0.11136982082167025
AGGAAC,-0.34079189776572927
AGGAAG,0.40142702935888414
AGGATA,0.2997000500112093
AGGATT,-0.08200857373422378
AGGATC,-0.3408582085644673
AGGATG,0.3741426369791232
AGGACA,0.26702155748626405
AGGACT,-0.42608439531090014
AGGACC,-0.723918839226699
AGGACG,0.10008345855698263
AGGAGA,0.7941120847447336
AGGAGT,0.5108256237659906
AGGAGC,0.7412419344092802
AGGAGG,1.8004931491968097
AGGTAA,-0.1814794514810325
AGGTAT,0.14971608275939244
AGGTAC,0.04691691978775166
AGGTAG,-0.5056509679759732
AGGTTA,-0.08928865623363898
AGGTTT,0.13391931530346748
AGGTTC,-0.18700540610638092
AGGTTG,-0.2567745349887043
AGGTCA,-0.1877711615615192
AGGTCT,-0.06045410429534633
AGGTCC,-0.4920795809449352
AGGTCG,-0.22793206804600688
AGGTGA,0.7347179583424417
AGGTGT,0.6226170297541075
AGGTGC,0.5593071935802504
AGGTGG,0.117336706704542
AGGCAA,-0.2950412904937914
AGGCAT,-0.03593200922606333
AGGCAC,0.057432049085875396
AGGCAG,0.41481097052640203
AGGCTA,-0.2609118313871761
AGGCTT,0.09874892132551348
AGGCTC,-0.5456410434513557
AGGCTG,0.624380323312853
AGGCCA,-0.7096764825111558
AGGCCT,-0.13695295176410358
AGGCCC,-0.4639368765634981
AGGCCG,0.44144968389664957
AGGCGA,0.024834132037738394
AGGCGT,0.28768207245178085
AGGCGC,0.30731804696863985
AGGCGG,0.6814511407967542
AGGGAA,0.22172410465998352
AGGGAT,0.062411932390530576
AGGGAC,-0.26620304077465684
AGGGAG,0.7063729427792066
AGGGTA,-0.12206236527575784
AGGGTT,-0.07638813937310839
AGGGTC,-0.29692493953295845
AGGGTG,0.36723470415373455
AGGGCA,-0.10863384100279541
AGGGCT,0.02298951822469878
AGGGCC,-0.25191484859314983
AGGGCG,0.172140996861837
AGGGGA,0.5937919215618118
AGGGGT,0.322773392263051
AGGGGC,-0.17129608678224695
AGGGGG,0.8529548567023443
TAAAAA,0.38357889946450674
TAAAAT,-0.03478611608541554
TAAAAC,-0.027587956518829053
TAAAAG,0.09099816029756412
TAAATA,-0.01885595635138763
TAAATT,-0.6603630460029151
TAAATC,-0.3970509373759447
TAAATG,-0.09382484718813318
TAAACA,0.20438127485868676
TAAACT,-0.23370900870711492
TAAACC,-0.21967296887496218
TAAACG,0.12071070419546122
TAAAGA,0.08323322997891516
TAAAGT,0.0083295252528302
TAAAGC,-0.08734689116825105
TAAAGG,0.43135287906029207
TAATAA,-0.03350442758765722
TAATAT,-0.03660974561256093
TAATAC,0.0220966472775903
TAATAG,0.06484864674092519
TAATTA,-0.6114691495456782
TAATTT,-0.6276619748988123
TAATTC,-0.5767564872468458
TAATTG,-0.5826225073538847
TAATCA,-0.12239285613454509
TAATCT,-0.4169727149596442
TAATCC,-0.4002226321433142
TAATCG,-0.3384272714570163
TAATGA,0.044414505440746224
TAATGT,-0.1373285222207312
TAATGC,-0.6050963024372105
TAATGG,-0.0755883573241561
TAACAA,-0.05425351039152982
TAACAT,0.13936850126474534
TAACAC,0.12241330404054572
TAACAG,0.2988553730499061
TAACTA,-0.2672035411082403
TAACTT,-0.5572850315036559
TAACTC,-0.5542442441335118
TAACTG,-0.22651136782432518
TAACCA,-0.5052000738928449
TAACCT,-0.37889808072344255
TAACCC,-0.1823215567939546
TAACCG,-0.30178667863332287
TAACGA,-0.03624008501514347
TAACGT,0.12282820869821728
TAACGC,-0.12953405219190228
TAACGG,0.053973063744666004
TAAGAA,-0.003992021269537561
TAAGAT,-0.309947867530763
TAAGAC,-0.2480168160593495
TAAGAG,-0.30089230418858737
TAAGTA,-0.30867234834361673
TAAGTT,-0.5221893824163056
TAAGTC,-0.38505623647695725
TAAGTG,-0.13826156699992423
TAAGCA,-0.13901203607829846
TAAGCT,-0.2802566126518263
TAAGCC,-0.23524395824829705
TAAGCG,0.22314355131420976
TAAGGA,0.2307869006267777
TAAGGT,-0.2879629318834825
TAAGGC,-0.3973865875429629
TAAGGG,0.029797362804944758
TATAAA,0.44564518541369513
TATAAT,0.4078856175966948
TATAAC,0.2801429952786148
TATAAG,0.24795872043393383
TATATA,0.7101646082421778
TATATT,0.3227282567436463
TATATC,0.4857958757001553
TATATG,0.5603303288732914
TATACA,0.7854249258079671
TATACT,0.4590369566003021
TATACC,0.14550758367123828
TATACG,0.6551679324947289
TATAGA,0.3416061656579772
TATAGT,0.39019763597737595
TATAGC,0.2270987311571377
TATAGG,0.1797081522824376
TATTAA,-0.4216008900175682
TATTAT,0.38610249716254824
TATTAC,-0.06225489374643296
TATTAG,-0.29292042911336985
TATTTA,0.04040437079315809
TATTTT,0.32425231784688396
TATTTC,0.02929079692106544
TATTTG,-0.04391923393483549
TATTCA,0.21180603747309035
TATTCT,0.022616709696800616
TATTCC,-0.13556635771489203
TATTCG,0.02433210065953072
TATTGA,0.17896951692862045
TATTGT,0.3609806556499443
TATTGC,-0.19687562449359952
TATTGG,-0.2944984109837397
TATCAA,0.139478963549519
TATCAT,0.5081919640925288
TATCAC,0.4323979904677524
TATCAG,0.12016189596008835
TATCTA,-0.1869042162050467
TATCTT,0.0057688200810025346
TATCTC,-0.11264163615596486
TATCTG,-0.09917118846178434
TATCCA,-0.1736361488588067
TATCCT,0.2291858657701724
TATCCC,0.08738250336241794
TATCCG,0.2771101335263822
TATCGA,-0.09297645645810464
TATCGT,0.6043002189458324
TATCGC,-0.001885014695771335
TATCGG,0.10008345855698263
TATGAA,0.2995667624232953
TATGAT,0.5389069391366396
TATGAC,0.21499923637252388
TATGAG,0.21720881579439513
TATGTA,0.8440511042883336
TATGTT,0.38139353089240874
TATGTC,0.13324854719766163
TATGTG,0.2405352940260789
TATGCA,0.00928668556820417
TATGCT,0.30210659512101123
TATGCC,0.04994467651625687
TATGCG,0.33011567086637755
TATGGA,0.04528486453515328
TATGGT,0.24804110293593684
TATGGC,-0.09943389698818705
TATGGG,-0.21868920096482958
TACAAA,0.18464507318132536
TACAAT,0.23621563288156255
TACAAC,0.1156170158250154
TACAAG,-0.030153038170687558
TACATA,0.7271829153958413
TACATT,0.06044434960490786
TACATC,0.2871025302738679
TACATG,0.4724308149033467
TACACA,0.1818868686758297
TACACT,0.2555507942689875
TACACC,0.4027291282892897
TACACG,0.08398565607309283
TACAGA,0.3388372357527108
TACAGT,0.04994467651625687
TACAGC,0.541409047138071
TACAGG,0.3263965846324714
TACTAA,-0.20425663366021032
TACTAT,0.3115675574411377
TACTAC,0.0454623740767572
TACTAG,-0.17576415624779546
TACTTA,-0.31896337183286955
TACTTT,-0.03125983476443525
TACTTC,-0.2528114345484993
TACTTG,-0.4215259162583488
TACTCA,-0.10424878680513584
TACTCT,-0.1823215567939547
TACTCC,-0.05644131090495173
TACTCG,-0.5517930622542138
TACTGA,0.05452083887841711
TACTGT,0.01160554612030811
TACTGC,0.127833371509885
TACTGG,-0.3099923134567456
TACCAA,-0.42361442661384163
TACCAT,0.11506932978478729
TACCAC,0.16348371490787394
TACCAG,-0.3964152725882465
TACCTA,-0.16854550924983616
TACCTT,-0.19916912736656595
TACCTC,0.22957444164450017
TACCTG,0.0018535686493228347
TACCCA,-0.2773611372190069
TACCCT,-0.0027739268827253194
TACCCC,-0.09732834396056207
TACCCG,-0.37903185104000886
TACCGA,-0.05617027146705459
TACCGT,-0.11077440550190644
TACCGC,0.00647251450561752
TACCGG,0.11492996667397702
TACGAA,-0.20895891632225339
TACGAT,0.35971908631996063
TACGAC,-0.21188035903549898
TACGAG,0.04725288485054551
TACGTA,0.18442903913351932
TACGTT,-0.0798259994702829
TACGTC,-0.01857638557293542
TACGTG,-0.058840500022933465
TACGCA,0.14523988188942263
TACGCT,0.03765671943800514
TACGCC,-0.09855167372849585
TACGCG,-0.30748469974796055
TACGGA,0.17633948511640726
TACGGT,0.06351340572232572
TACGGC,0.38020544134892653
TACGGG,0.13805287734336855
TAGAAA,0.03916773442422874
TAGAAT,-0.32830151481416303
TAGAAC,-0.4006918293555066
TAGAAG,-0.012924250980935177
TAGATA,-0.023020650990380555
TAGATT,-0.585525755053654
TAGATC,-0.5974860619908325
TAGATG,-0.13394797250973886
TAGACA,0.2440119637489579
TAGACT,-0.2988266370048461
TAGACC,-0.4262010065873427
TAGACG,-0.1360282728231099
TAGAGA,-0.011338978880517894
TAGAGT,-0.39589565709201374
TAGAGC,-0.07833184326990696
TAGAGG,0.14606380877133038
TAGTAA,0.10232099963992948
TAGTAT,0.31372636067143667
TAGTAC,0.03822121282019788
TAGTAG,-0.1490959091656343
TAGTTA,-0.6092007594059354
TAGTTT,-0.2790081993070027
TAGTTC,-0.48928377999123585
TAGTTG,-0.6310747519175676
TAGTCA,-0.10194003834299448
TAGTCT,-0.3257001396393018
TAGTCC,-0.4310606552971281
TAGTCG,-0.4141231708512789
TAGTGA,-0.1761295865460335
TAGTGT,-0.08547173080403693
TAGTGC,-0.6763400622435641
TAGTGG,-0.37240424584727627
TAGCAA,-0.402464355668926
TAGCAT,-0.22362536293519025
TAGCAC,-0.31612000777231447
TAGCAG,-0.13005312824819779
TAGCTA,-0.4649910874221912
TAGCTT,-0.4182616696296909
TAGCTC,-0.5832719845475923
TAGCTG,-0.2254937286591634
TAGCCA,-0.5510074133988225
TAGCCT,-0.4602338376499304
TAGCCC,-0.604881098261419
TAGCCG,0.14758314608017298
TAGCGA,-0.6476848064831882
TAGCGT,-0.5092243423990169
TAGCGC,-0.4480247225269604
TAGCGG,0.25629575863111026
TAGGAA,-0.394715715952165
TAGGAT,-0.2311117209633867
TAGGAC,-0.6383389440649502
TAGGAG,0.7533157020263982
TAGGTA,-0.3014753945841168
TAGGTT,-0.3564396221350814
TAGGTC,-0.7978825008238531
TAGGTG,-0.12516314295400605
TAGGCA,-0.30453918951820375
TAGGCT,-0.3419517023858385
TAGGCC,-0.7844969591481733
TAGGCG,-0.15230566085368896
TAGGGA,-0.44860699025218764
TAGGGT,-0.4119481129862426
TAGGGC,-0.5996211225491218
TAGGGG,-0.062303883336154865
TTAAAA,-0.18376635904173802
TTAAAT,-0.5803862352926294
TTAAAC,-0.3515101139857533
TTAAAG,-0.3029017970713993
TTAATA,-0.264521180914384
TTAATT,-0.7688090317974448
TTAATC,-0.7693059168501489
TTAATG,-0.4538772718950952
TTAACA,-0.20929814449215658
TTAACT,-0.5996814525542682
TTAACC,-0.40296978554076274
TTAACG,-0.1803588476261059
TTAAGA,-0.44037957762274926
TTAAGT,-0.5140023906763198
TTAAGC,-0.4132020906103167
TTAAGG,-0.3077091918355573
TTATAA,0.2632517549448804
TTATAT,0.5455341151667175
TTATAC,0.562477020216455
TTATAG,0.1705165113441921
TTATTA,-0.030090993488155412
TTATTT,0.14949486829106434
TTATTC,0.03826553807895361
TTATTG,-0.009118604216434232
TTATCA,0.3073356425345576
TTATCT,-0.1567447150043049
TTATCC,-0.01738054694834587
TTATCG,0.15062582598382265
TTATGA,0.22106929211788964
TTATGT,0.4920633473104677
TTATGC,0.034955015033576634
TTATGG,-0.12395701568198984
TTACAA,0.12178539532522661
TTACAT,0.4101692962657517
TTACAC,0.2744368457017602
TTACAG,0.2634174504521496
TTACTA,-0.12153666572483282
TTACTT,-0.17619462296645189
TTACTC,-0.26682656549088973
TTACTG,-0.11938541667911004
TTACCA,-0.1823215567939546
TTACCT,-0.17114825619582932
TTACCC,-0.3353005903243221
TTACCG,0.034486176071169404
TTACGA,-0.12477607114735395
TTACGT,-0.19010369723600964
TTACGC,-0.19702770418365004
TTACGG,-0.13709645878901883
TTAGAA,-0.4651033744278956
TTAGAT,-0.4122910731785642
TTAGAC,-0.36662527479190055
TTAGAG,-0.5084227391496803
TTAGTA,-0.10173189291797322
TTAGTT,-0.46083766223165545
TTAGTC,-0.41788762810672153
TTAGTG,-0.5111380749480359
TTAGCA,-0.5038010088290262
TTAGCT,-0.4979524208297846
TTAGCC,-0.6756028709090358
TTAGCG,-0.5572964981443316
TTAGGA,-0.19858207766573502
TTAGGT,-0.644397338158225
TTAGGC,-0.4886957622578881
TTAGGG,-0.6175536250416418
TTTAAA,-0.20468858694085076
TTTAAT,-0.4667538188083792
TTTAAC,-0.28141245943818544
TTTAAG,-0.3527277701483802
TTTATA,0.40661417793009325
TTTATT,0.36076025070730233
TTTATC,0.2910297982459555
TTTATG,0.3663946466267157
TTTACA,0.42825020051317036
TTTACT,0.0602466690560302
TTTACC,-0.08242340352796831
TTTACG,-0.049261528778677906
TTTAGA,-0.21781967006145994
TTTAGT,-0.25332669730563767
TTTAGC,-0.28111292371631136
TTTAGG,-0.35252572281394506
TTTTAA,-0.11672427430814131
TTTTAT,0.6010448998668274
TTTTAC,0.20539370653942693
TTTTAG,-0.06245301464654987
TTTTTA,0.3680573862933367
TTTTTT,0.36110222014557164
TTTTTC,0.44359172697284527
TTTTTG,0.231476932873354
TTTTCA,0.4811225407125134
TTTTCT,0.39702053841929386
TTTTCC,0.07207810339816227
TTTTCG,0.028122858911898512
TTTTGA,0.07889394246966315
TTTTGT,0.3629857721409548
TTTTGC,-0.02486080702353228
TTTTGG,-0.2832474753839152
TTTCAA,-0.07716678128704442
TTTCAT,0.4908167336794297
TTTCAC,0.45444954790464065
TTTCAG,0.17136960322838857
TTTCTA,0.04609412125026109
TTTCTT,0.2591391769943369
TTTCTC,0.3776730907785058
TTTCTG,0.21953994381091113
TTTCCA,-0.2580211523203259
TTTCCT,0.09371401027150277
TTTCCC,0.017067908512148018
TTTCCG,-0.032529643297651616
TTTCGA,-0.3033200293043125
TTTCGT,0.07763596764297151
TTTCGC,-0.11882091846880356
TTTCGG,-0.0752761207712088
TTTGAA,-0.07704579048996525
TTTGAT,-0.02268687135011535
TTTGAC,-0.15999920135605614
TTTGAG,-0.345239949874523
TTTGTA,0.15402991417286366
TTTGTT,0.20022066643952746
TTTGTC,0.30121632130302844
TTTGTG,0.12039839302236689
TTTGCA,-0.1378697942231208
TTTGCT,-0.03393104976568219
TTTGCC,-0.22840102437995832
TTTGCG,0.022472855852058576
TTTGGA,-0.6301342127312114
TTTGGT,-0.3993860620317823
TTTGGC,-0.45507313443163394
TTTGGG,-0.4000935643062534
TTCAAA,-0.18378247743362947
TTCAAT,-0.14618251017808145
TTCAAC,-0.34748556379919593
TTCAAG,-0.13043672142494303
TTCATA,0.3353248588571247
TTCATT,0.29867561392664665
TTCATC,0.333507884657198
TTCATG,0.04640927979512526
TTCACA,0.3467431428706501
TTCACT,0.3380697561076979
TTCACC,0.4023449807719207
TTCACG,-0.10842034572853258
TTCAGA,-0.2198046500486951
TTCAGT,-0.003565066164496146
TTCAGC,0.5322168137473082
TTCAGG,-0.06006424074265002
TTCTAA,-0.19229927590304036
TTCTAT,0.3870724211231034
TTCTAC,-0.424722924712579
TTCTAG,-0.6066551492065019
TTCTTA,-0.15069836836344253
TTCTTT,0.28411518968920985
TTCTTC,0.07104752600061576
TTCTTG,-0.3071123296077429
TTCTCA,0.04575457523010893
TTCTCT,0.282855031703465
TTCTCC,0.4845379666027905
TTCTCG,-0.15534044796284696
TTCTGA,-0.1546796404320277
TTCTGT,0.2812728752718791
TTCTGC,0.08030520931567905
TTCTGG,-0.294799540220645
TTCCAA,-0.6260522029810727
TTCCAT,-0.006806054468999502
TTCCAC,-0.4163509157534154
TTCCAG,-0.5237847684084959
TTCCTA,-0.3358718163089692
TTCCTT,0.06899287148695142
TTCCTC,0.5245244681241527
TTCCTG,0.08387208552862711
TTCCCA,-0.5253857750973204
TTCCCT,0.16686271541562006
TTCCCC,0.3871622936165639
TTCCCG,0.0165749650942126
TTCCGA,-0.2744368457017603
TTCCGT,-0.08594242980072477
TTCCGC,0.15394744844763386
TTCCGG,-0.21680773286512384
TTCGAA,-0.47383400328596964
TTCGAT,-0.2595884125809881
TTCGAC,0.027922460619623283
TTCGAG,-0.41672226263279893
TTCGTA,-0.045610511252052295
TTCGTT,0.13471552538573933
TTCGTC,0.2835240623031172
TTCGTG,-0.20544397421480884
TTCGCA,-0.4292243250710653
TTCGCT,0.0
TTCGCC,-0.33366718569360443
TTCGCG,-0.4462871026284195
TTCGGA,-0.2952193848842888
TTCGGT,0.19135096351334885
TTCGGC,-0.007547205635382966
TTCGGG,-0.3584511433399883
TTGAAA,0.016205763481230043
TTGAAT,-0.3804946791526222
TTGAAC,-0.23884694324265968
TTGAAG,-0.1638475262908456
TTGATA,0.10536051565782635
TTGATT,-0.19034483956282347
TTGATC,-0.15740520552942017
TTGATG,-0.15107789077610131
TTGACA,0.21589475515852616
TTGACT,-0.2029408439966903
TTGACC,-0.3282754694170345
TTGACG,-0.23591874280293273
TTGAGA,-0.16685163502182276
TTGAGT,-0.6148153372900383
TTGAGC,-0.46239902986051623
TTGAGG,-0.24974314615427623
TTGTAA,0.06067502631252655
TTGTAT,0.38211351757741685
TTGTAC,0.17760542253115513
TTGTAG,-0.3750557026603695
TTGTTA,-0.10713464189934825
TTGTTT,0.19306226202247684
TTGTTC,-0.06135549457745008
TTGTTG,-0.16805910987339034
TTGTCA,0.331153075143613
TTGTCT,0.11203610787161024
TTGTCC,0.1376213778760477
TTGTCG,0.0801553266274255
TTGTGA,0.05549973967753324
TTGTGT,0.2034345964456195
TTGTGC,-0.2974171412225336
TTGTGG,-0.38092399919204667
TTGCAA,-0.47660431327708763
TTGCAT,-0.25045936196117263
TTGCAC,-0.2328262520306272
TTGCAG,-0.037260102953894446
TTGCTA,-0.4743047111451263
TTGCTT,-0.09187375030574371
TTGCTC,-0.45981678393874253
TTGCTG,0.18323106117679516
TTGCCA,-0.3311388906458504
TTGCCT,-0.28870196035252654
TTGCCC,-0.31348271839651415
TTGCCG,-0.08952145162808028
TTGCGA,-0.5057217118478149
TTGCGT,-0.1782147748413013
TTGCGC,-0.5334935825354569
TTGCGG,0.2468600779315258
TTGGAA,-0.5458224658030868
TTGGAT,-0.6816226947079914
TTGGAC,-0.6525377484807072
TTGGAG,-0.16534322025953677
TTGGTA,-0.3316989578685553
TTGGTT,-0.5679553015608793
TTGGTC,-0.7775758601767362
TTGGTG,-0.3246758531808434
TTGGCA,-0.28081645266579924
TTGGCT,-0.40875188181478705
TTGGCC,-0.8305561806730772
TTGGCG,-0.22069156806692308
TTGGGA,-0.5671820283187385
TTGGGT,-0.2939912416450457
TTGGGC,-0.5425615668971832
TTGGGG,-0.6629072953702271
TCAAAA,-0.09240017982938233
TCAAAT,-0.30759125843525836
TCAAAC,-0.034289073478632075
TCAAAG,-0.5199180206274484
TCAATA,0.14397535178560597
TCAATT,-0.21135719255853663
TCAATC,-0.1643030512912763
TCAATG,-0.17834540841431518
TCAACA,-0.11077440550190644
TCAACT,-0.3604677421774287
TCAACC,-0.50626980723013
TCAACG,-0.37522522291844623
TCAAGA,-0.22341562314285043
TCAAGT,-0.2546422183735807
TCAAGC,-0.0610602567612463
TCAAGG,-0.17768117723745236
TCATAA,0.24828575125519986
TCATAT,0.5941224833512048
TCATAC,0.503179491484635
TCATAG,0.009569451016150672
TCATTA,-0.013944869960537478
TCATTT,0.27723917562361255
TCATTC,0.3445535834063875
TCATTG,0.0017457089100233142
TCATCA,0.3414378157566043
TCATCT,0.13808720916038328
TCATCC,0.3190411519385142
TCATCG,-0.23346051828514208
TCATGA,0.10892812557810141
TCATGT,0.21222366120018754
TCATGC,0.13098865923022432
TCATGG,-0.24550045841548626
TCACAA,0.14179791186025734
TCACAT,0.3806331324069827
TCACAC,0.3250767384885663
TCACAG,0.04691691978775166
TCACTA,-0.03922071315328127
TCACTT,0.2218355066541944
TCACTC,0.3593487423231346
TCACTG,0.2200994089329817
TCACCA,-0.11109404750558688
TCACCT,0.7045758763835681
TCACCC,0.44464371688468957
TCACCG,0.06551460711062677
TCACGA,-0.015139061215684153
TCACGT,-0.09742211300746836
TCACGC,0.13477440086411954
TCACGG,-0.5850050219402422
TCAGAA,-0.0010922993986089273
TCAGAT,-0.36901948818770813
TCAGAC,-0.438971519998007
TCAGAG,-0.324119468654212
TCAGTA,0.0033021493957590318
TCAGTT,-0.0685856639072638
TCAGTC,0.09684982598991762
TCAGTG,-0.3118202076229007
TCAGCA,0.4503420755196566
TCAGCT,0.47645798026178293
TCAGCC,0.4744579795951157
TCAGCG,0.36772478012531734
TCAGGA,0.0446724400515926
TCAGGT,-0.23326168147979442
TCAGGC,0.1923718926474561
TCAGGG,-0.19953368567507604
TCTAAA,-0.3177801036090605
TCTAAT,-0.37755226236467754
TCTAAC,-0.2136605269866743
TCTAAG,-0.587786664902119
TCTATA,0.26412747604289916
TCTATT,0.28266734483827577
TCTATC,0.22226365684477042
TCTATG,0.16983782042612122
TCTACA,-0.27804676046810883
TCTACT,-0.5541061321244531
TCTACC,-0.5007752879124893
TCTACG,-0.6763400622435641
TCTAGA,-0.6870944167285941
TCTAGT,-0.38299225225610584
TCTAGC,-0.5406617800517481
TCTAGG,-0.6260829499793995
TCTTAA,-0.5033114292667907
TCTTAT,0.11547271437904476
TCTTAC,-0.020542272300314038
TCTTAG,-0.8540284061160305
TCTTTA,-0.03643074162491354
TCTTTT,0.5077740498385921
TCTTTC,0.20419162589834308
TCTTTG,-0.22176328884525126
TCTTCA,0.02184491234633854
TCTTCT,0.06899287148695142
TCTTCC,-0.09100601247080592
TCTTCG,-0.3421251629240011
TCTTGA,-0.31520674584187097
TCTTGT,0.024160496124936242
TCTTGC,-0.11502792105996298
TCTTGG,-0.5714140458321998
TCTCAA,-0.3158529494184773
TCTCAT,0.18058393689541388
TCTCAC,0.04590970130407795
TCTCAG,-0.1397619423751586
TCTCTA,-0.014311514393255809
TCTCTT,0.3804241241503957
TCTCTC,0.353703173549575
TCTCTG,-0.030483016725075765
TCTCCA,-0.018182319083190474
TCTCCT,0.902843644442941
TCTCCC,0.40779339786775554
TCTCCG,0.13503628380394292
TCTCGA,-0.4633324904287131
TCTCGT,0.008968669982760316
TCTCGC,-0.3865370982226456
TCTCGG,-0.2776317365982795
TCTGAA,-0.2613171439529657
TCTGAT,-0.02983225042481797
TCTGAC,0.0801553266274255
TCTGAG,-0.6021754023542185
TCTGTA,0.16358902055761929
TCTGTT,0.4105237530644247
TCTGTC,0.2479328180599797
TCTGTG,-0.3293037471426004
TCTGCA,0.13593748922710922
TCTGCT,0.2090161720549992
TCTGCC,0.083381608939051
TCTGCG,-0.10483406131558039
TCTGGA,-0.3746934494414107
TCTGGT,-0.34022458623976326
TCTGGC,-0.16085087239707785
TCTGGG,-0.6385589902755423
TCCAAA,-0.41848213723805644
TCCAAT,-0.290549578844405
TCCAAC,-0.47390226966139287
TCCAAG,-0.526022070647273
TCCATA,0.08449298477782335
TCCATT,0.04837358428421567
TCCATC,-0.08265794290061595
TCCATG,-0.4315584773360339
TCCACA,-0.2198046500486951
TCCACT,-0.4843236830204842
TCCACC,0.0017256259674698574
TCCACG,-1.047318994280559
TCCAGA,-0.45299471494440957
TCCAGT,-0.34138625142364193
TCCAGC,0.050458221270129035
TCCAGG,-0.916290731874155
TCCTAA,-0.19920977482247623
TCCTAT,0.4210684429601766
TCCTAC,-0.4334044767974058
TCCTAG,-0.3336110043401807
TCCTTA,0.22920050502239966
TCCTTT,0.6927975913237333
TCCTTC,0.4557931514555196
TCCTTG,0.017080529117810963
TCCTCA,0.07424060694402178
TCCTCT,0.5401633620086074
TCCTCC,1.18462516332815
TCCTCG,-0.22123697304362816
TCCTGA,0.0009808730555918924
TCCTGT,0.6290226523904067
TCCTGC,0.36852693452574686
TCCTGG,-1.368489736486384
TCCCAA,-0.3865370982226456
TCCCAT,-0.17979311044059593
TCCCAC,-0.4194026159519459
TCCCAG,-0.4587222847816958
TCCCTA,-0.44344435617338074
TCCCTT,0.25151853074104913
TCCCTC,0.6536846001905858
TCCCTG,0.026743324975510893
TCCCCA,-0.21757250626475433
TCCCCT,0.6095330405188117
TCCCCC,0.8504775133045834
TCCCCG,0.06744128079553248
TCCCGA,-0.18058393689541388
TCCCGT,-0.032131278182793294
TCCCGC,0.5206779202090024
TCCCGG,0.14550758367123828
TCCGAA,-0.24344881747495542
TCCGAT,-0.09914405031504683
TCCGAC,-0.3905394578914886
TCCGAG,-0.6227247162633995
TCCGTA,0.1370463347319671
TCCGTT,0.15276275455241017
TCCGTC,0.09844007281325251
TCCGTG,-0.1423162221802555
TCCGCA,0.19952755824286825
TCCGCT,0.6931471805599453
TCCGCC,0.1887421245968774
TCCGCG,-0.25901417758220907
TCCGGA,-0.09712671073072279
TCCGGT,-0.06245301464654975
TCCGGC,0.44183275227903923
TCCGGG,-0.1903537284912189
TCGAAA,-0.16422633181599983
TCGAAT,-0.5306282510621706
TCGAAC,-0.6758556834498842
TCGAAG,-0.7543908058006639
TCGATA,-0.008013780723553656
TCGATT,-0.22066260019229395
TCGATC,-0.47566936678141286
TCGATG,-0.5939405304764974
TCGACA,0.3873940829762626
TCGACT,-0.3810965170912067
TCGACC,-0.752463757716365
TCGACG,-0.8146270780976549
TCGAGA,-0.42497060273242093
TCGAGT,-0.8735730021890009
TCGAGC,-0.8397506547518206
TCGAGG,-0.3557654395558919
TCGTAA,-0.0709187266801656
TCGTAT,0.37251400796847844
TCGTAC,0.33044393178986275
TCGTAG,-0.71240499716436
TCGTTA,-0.009708814126960827
TCGTTT,0.37385976869283327
TCGTTC,0.11086259281180968
TCGTTG,-0.4026241971065606
TCGTCA,0.20142172816737391
TCGTCT,0.03735578654376903
TCGTCC,-0.07648609455868934
TCGTCG,-0.3476873074413529
TCGTGA,0.029236820185025728
TCGTGT,0.2322760348774822
TCGTGC,-0.08701137698962981
TCGTGG,-0.9879467207805903
TCGCAA,-0.8955363004047091
TCGCAT,-0.4503676547288766
TCGCAC,0.005012541823544414
TCGCAG,-0.06284790365966364
TCGCTA,-0.25518290505882646
TCGCTT,0.037041271680349076
TCGCTC,0.06368781925725821
TCGCTG,-0.19322679027621706
TCGCCA,-0.2871005080271314
TCGCCT,-0.4072652886123123
TCGCCC,-0.6577452535090293
TCGCCG,-0.028618805305652563
TCGCGA,-0.4982468415591305
TCGCGT,-0.48307571081308825
TCGCGC,-0.33336181420682054
TCGCGG,-0.8625653325179921
TCGGAA,-0.3263609270168923
TCGGAT,-0.39006942263019095
TCGGAC,-0.4472466421231193
TCGGAG,-0.11000089521432846
TCGGTA,0.14991131264320007
TCGGTT,-0.2138699145288806
TCGGTC,-0.04580953603129422
TCGGTG,0.18632957819149334
TCGGCA,0.24578602806396954
TCGGCT,0.02871010588243136
TCGGCC,-0.5633355690379546
TCGGCG,0.17295380679035444
TCGGGA,-0.41058020877493473
TCGGGT,-0.014184634991956413
TCGGGC,-0.37569294977449424
TCGGGG,-0.25045936196117263
TGAAAA,0.4551668718688001
TGAAAT,-0.031667173252372297
TGAAAC,0.005012541823544414
TGAAAG,0.35809506252059475
TGAATA,0.129925422482109
TGAATT,-0.5572890914775909
TGAATC,-0.13763136783613783
TGAATG,0.16191886947376893
TGAACA,0.12848293307868056
TGAACT,-0.271580919572415
TGAACC,-0.041672696400568074
TGAACG,0.2747229278092756
TGAAGA,0.012712035588361944
TGAAGT,-0.33355252651787826
TGAAGC,-0.04737473576610133
TGAAGG,0.3087083780732947
TGATAA,0.2493309245706839
TGATAT,0.3395237627949451
TGATAC,0.33529645753220105
TGATAG,0.27638806583302206
TGATTA,-0.1408648431156086
TGATTT,-0.024003385186976325
TGATTC,0.08691310172052222
TGATTG,-0.02469261259037141
TGATCA,0.07912288544096927
TGATCT,-0.21169616547385886
TGATCC,-0.04773140282119004
TGATCG,-0.08246891185600029
TGATGA,0.37853735824394424
TGATGT,0.10703275685018833
TGATGC,0.01954459607297013
TGATGG,-0.08004270767353637
TGACAA,0.3202832338271789
TGACAT,0.29863508447097814
TGACAC,0.4399826129908777
TGACAG,0.4202528082625439
TGACTA,-0.08855339734144506
TGACTT,-0.006407996295330295
TGACTC,-0.27763173659827933
TGACTG,0.1342642618401752
TGACCA,-0.1979000623816429
TGACCT,-0.13781325712063228
TGACCC,-0.4401506660960544
TGACCG,0.16121259358371953
TGACGA,-0.3506568716131693
TGACGT,0.05340077672711525
TGACGC,-0.081003784153087
TGACGG,0.3202052641573411
TGAGAA,0.13269956116105774
TGAGAT,-0.3677247801253174
TGAGAC,-0.0891277798960074
TGAGAG,0.1690763300439341
TGAGTA,-0.24148183510666732
TGAGTT,-0.49397862429544365
TGAGTC,-0.3451805645129973
TGAGTG,-0.10885440491208216
TGAGCA,0.08546518418062161
TGAGCT,-0.35065687161316944
TGAGCC,-0.41179424315981195
TGAGCG,0.13976194237515863
TGAGGA,0.24613306953890854
TGAGGT,0.1273110419080381
TGAGGC,-0.015398080111121606
TGAGGG,0.08278619361928719
TGTAAA,0.40363579640405606
TGTAAT,-0.1593320385692558
TGTAAC,0.48055555946323436
TGTAAG,0.2686719952268075
TGTATA,0.6563844776569331
TGTATT,0.297627194985179
TGTATC,0.2865527668546296
TGTATG,0.657325904108128
TGTACA,0.4224146664219376
TGTACT,0.03569447012997042
TGTACC,0.17758701971184268
TGTACG,0.4349875473744861
TGTAGA,-0.2657031657330056
TGTAGT,-0.2973573379751993
TGTAGC,-0.07232066157962613
TGTAGG,-0.24342430436656937
TGTTAA,-0.11821867060119493
TGTTAT,0.18143699238422037
TGTTAC,0.4001358225600805
TGTTAG,-0.314618635334592
TGTTTA,0.28276385447637653
TGTTTT,0.48635957161158433
TGTTTC,0.2831041729797721
TGTTTG,0.1442496088445467
TGTTCA,0.24003804021297154
TGTTCT,0.14465830307219638
TGTTCC,0.08256160069302038
TGTTCG,-0.1707607343928786
TGTTGA,0.07420534787803089
TGTTGT,-0.029402197433456775
TGTTGC,-0.39091532709343313
TGTTGG,-0.5617299536277581
TGTCAA,0.21909769279466612
TGTCAT,0.2730196342213468
TGTCAC,0.6030955580090875
TGTCAG,0.27473937179694324
TGTCTA,-0.09201889872025214
TGTCTT,0.17287479288386587
TGTCTC,0.38757061823161393
TGTCTG,0.20322824161326825
TGTCCA,0.007986351632649923
TGTCCT,0.11995931507897897
TGTCCC,0.1001656987807223
TGTCCG,0.5655360559672993
TGTCGA,0.17022114985986725
TGTCGT,-0.09742211300746836
TGTCGC,-0.31237468504215243
TGTCGG,0.008608374536600101
TGTGAA,0.19490033900081477
TGTGAT,-0.05415875026214793
TGTGAC,0.29725152346793154
TGTGAG,0.0675653194957662
TGTGTA,0.25737672295645186
TGTGTT,0.23989703451030137
TGTGTC,0.24281631691291455
TGTGTG,0.16337180801429244
TGTGCA,-0.2724019899010022
TGTGCT,-0.029296369488430823
TGTGCC,0.01438873745209967
TGTGCG,0.2691874898156165
TGTGGA,-0.23087478221094546
TGTGGT,-0.2841042511038968
TGTGGC,-0.6333971761541713
TGTGGG,-0.5071826324874896
TGCAAA,-0.11307714461897077
TGCAAT,-0.4426944498765203
TGCAAC,-0.708249948745702
TGCAAG,-0.31985135538517256
TGCATA,0.1921600057942426
TGCATT,-0.25906211507173205
TGCATC,0.01641302964133027
TGCATG,-0.186641217938471
TGCACA,0.10788896201118492
TGCACT,-0.2179688955241922
TGCACC,-0.04587045406609718
TGCACG,0.018592833076615925
TGCAGA,0.05608946665104358
TGCAGT,-0.16524957289530717
TGCAGC,-0.03384690537385628
TGCAGG,0.29725152346793154
TGCTAA,-0.5007752879124893
TGCTAT,0.07202409539023444
TGCTAC,-0.3293037471426004
TGCTAG,-0.6486221015185334
TGCTTA,-0.1749847667301004
TGCTTT,0.32430678903669613
TGCTTC,-0.16893447601149517
TGCTTG,-0.2109768125543307
TGCTCA,-0.4044063467599223
TGCTCT,-0.05182506786458602
TGCTCC,0.12136085700426753
TGCTCG,-0.31458952537170537
TGCTGA,0.4009923671232953
TGCTGT,0.4054651081081644
TGCTGC,0.342490308946776
TGCTGG,0.10858632490670905
TGCCAA,-0.3214462520549885
TGCCAT,-0.07873252078451036
TGCCAC,-0.5227541946312645
TGCCAG,-0.26585466940725955
TGCCTA,-0.1663212154475136
TGCCTT,-0.0071174677688639896
TGCCTC,0.057987257650349316
TGCCTG,0.15548490284039496
TGCCCA,-0.36491017194174646
TGCCCT,-0.15727080716350203
TGCCCC,0.21072103131565253
TGCCCG,0.20903894513266763
TGCCGA,0.01077209698191104
TGCCGT,0.33869693164332404
TGCCGC,0.7530453221410143
TGCCGG,0.758529939822797
TGCGAA,-0.3263609270168923
TGCGAT,-0.18662263869334533
TGCGAC,-0.4793349566746198
TGCGAG,-0.2498797078052457
TGCGTA,0.15447753062278133
TGCGTT,-0.01546422569758159
TGCGTC,0.01680711831638119
TGCGTG,-0.026126304592220036
TGCGCA,-0.5517930622542135
TGCGCT,-0.0228146777661714
TGCGCC,-0.20223686649489606
TGCGCG,-0.661398482245365
TGCGGA,0.4665528000880026
TGCGGT,0.4168938039317871
TGCGGC,0.610504305956386
TGCGGG,0.45053339350987054
TGGAAA,-0.23975360587983016
TGGAAT,-0.5542919066826728
TGGAAC,-0.7037292898904823
TGGAAG,-0.21256144198367288
TGGATA,-0.040491361354736875
TGGATT,-0.6246793812824845
TGGATC,-0.7419373447293773
TGGATG,-0.24523538220452396
TGGACA,-0.09880058474409326
TGGACT,-0.5374449100412679
TGGACC,-1.4263888183217688
TGGACG,-0.17185025692665928
TGGAGA,-0.05259245011917062
TGGAGT,-0.581594694654198
TGGAGC,-0.2945335474008827
TGGAGG,0.7318424843196634
TGGTAA,-0.2013697517646492
TGGTAT,0.23771196714250026
TGGTAC,0.056270905461302693
TGGTAG,-0.5998661905567201
TGGTTA,-0.305056040387834
TGGTTT,-0.19991731868433418
TGGTTC,-0.4503444342855974
TGGTTG,-0.7086513670959105
TGGTCA,-0.41185490620693543
TGGTCT,-0.7242377676299764
TGGTCC,-0.934130650002486
TGGTCG,-0.7668348963511046
TGGTGA,-0.048790164169432056
TGGTGT,-0.133107574012542
TGGTGC,-0.152107778197458
TGGTGG,-0.5560379665875386
TGGCAA,-0.4732036319764064
TGGCAT,-0.1966626740646123
TGGCAC,-0.3552032733272762
TGGCAG,0.24366518703500648
TGGCTA,-0.3928863259013041
TGGCTT,-0.26556426719816195
TGGCTC,-0.2992008418239812
TGGCTG,0.09499772862227959
TGGCCA,-0.6768384425180214
TGGCCT,-0.7215284730981704
TGGCCC,-1.1103083284313011
TGGCCG,-0.21344146550775914
TGGCGA,-0.2717014004634309
TGGCGT,0.002442003655551809
TGGCGC,-0.5904286743649576
TGGCGG,0.10265415406008337
TGGGAA,-0.5076387328374716
TGGGAT,-0.5162653470618089
TGGGAC,-0.7674039511664379
TGGGAG,-0.10285738543970782
TGGGTA,-0.4139397350991365
TGGGTT,-0.37941443090822174
TGGGTC,-0.6359887667199967
TGGGTG,0.011834457647002798
TGGGCA,-0.3063742054639334
TGGGCT,-0.2832605471939036
TGGGCC,-1.1547825601351642
TGGGCG,-0.4234836136108427
TGGGGA,-0.41406995530168283
TGGGGT,-0.6785246616924033
TGGGGC,-0.8109302162163288
TGGGGG,0.15701937393173634
CAAAAA,0.22799624714555194
CAAAAT,-0.16892692579310514
CAAAAC,0.04701063259554957
CAAAAG,-0.019960742562538058
CAAATA,0.03086000179150763
CAAATT,-0.7543540440231052
CAAATC,-0.2618772909979212
CAAATG,0.04732896808564149
CAAACA,0.17048491036685734
CAAACT,-0.4101737689563021
CAAACC,-0.3301027883357331
CAAACG,0.2620865252628172
CAAAGA,-0.33366718569360426
CAAAGT,-0.6628064635072731
CAAAGC,-0.2717540048173301
CAAAGG,-0.11481567442858137
CAATAA,0.05148470026429528
CAATAT,0.08251626587269714
CAATAC,-0.11728908652310013
CAATAG,-0.05058549678810634
CAATTA,-0.42731761654578787
CAATTT,-0.42491116560202824
CAATTC,-0.36987416300546183
CAATTG,-0.23173399851924803
CAATCA,-0.10318423623523075
CAATCT,-0.3090252582087176
CAATCC,-0.23320267833786004
CAATCG,-0.16894749726869787
CAATGA,0.023122417420854212
CAATGT,-0.14508717367391147
CAATGC,-0.40153582996827475
CAATGG,-0.49617334697912036
CAACAA,-0.1298957594541049
CAACAT,-0.12710583419150787
CAACAC,-0.12705887811890523
CAACAG,-0.12929708848573426
CAACTA,-0.2661557382037532
CAACTT,-0.5578649850370696
CAACTC,-0.259957524436926
CAACTG,0.0012055456553484675
CAACCA,-0.3052354400326818
CAACCT,-0.11460338273900374
CAACCC,-0.46864400972969594
CAACCG,-0.3152400165154388
CAACGA,-0.35305136542412424
CAACGT,-0.5342979799511328
CAACGC,-0.3138979145826738
CAACGG,-0.4937577152538428
CAAGAA,-0.17143387527712556
CAAGAT,-0.44852459756861135
CAAGAC,-0.07448885199073921
CAAGAG,-0.0816329544968713
CAAGTA,-0.3974730575768266
CAAGTT,-0.4203859168703704
CAAGTC,-0.5538851132264375
CAAGTG,-0.11441035117774422
CAAGCA,-0.22700704613925438
CAAGCT,0.03299452213503871
CAAGCC,0.037399587599381376
CAAGCG,0.20854475189305702
CAAGGA,-0.005914677149957595
CAAGGT,-0.2635117115239679
CAAGGC,0.055814779106396324
CAAGGG,0.021661496781179467
CATAAA,0.3320850913897421
CATAAT,-0.005698021114637667
CATAAC,0.09182569165281841
CATAAG,0.06841700046614195
CATATA,0.5325885044373567
CATATT,0.2658531020103687
CATATC,0.5127883329338394
CATATG,0.5518149682991877
CATACA,0.7286538690168551
CATACT,0.4155154439616658
CATACC,0.2266218156905347
CATACG,0.5514403429201808
CATAGA,-0.0602819017582451
CATAGT,0.11980119981262058
CATAGC,0.08441734181258322
CATAGG,-0.10166950171261735
CATTAA,-0.4569616338753394
CATTAT,0.18154061181088324
CATTAC,0.021223636451626584
CATTAG,-0.549209866774306
CATTTA,-0.17873860778000483
CATTTT,0.2667129922063602
CATTTC,0.10730320689532816
CATTTG,-0.05061000088641799
CATTCA,0.13133600206108695
CATTCT,0.12464244520727659
CATTCC,0.1730034038145432
CATTCG,0.15868995226067753
CATTGA,-0.21616272017286955
CATTGT,0.07685145809947279
CATTGC,-0.41183745557042295
CATTGG,-0.6074336622859153
CATCAA,-0.20617277261613445
CATCAT,0.415366179090876
CATCAC,0.5760812478385586
CATCAG,0.17151064068973892
CATCTA,-0.281179494964214
CATCTT,-0.12145545990864716
CATCTC,0.2910209737172956
CATCTG,0.12045514188031123
CATCCA,-0.11437855416983997
CATCCT,0.48069347397822976
CATCCC,0.26817657782752435
CATCCG,0.03954729708825454
CATCGA,-0.44199885144062045
CATCGT,0.22314355131420976
CATCGC,-0.6592456288842639
CATCGG,0.0870113769896297
CATGAA,0.11974025702771954
CATGAT,0.199360305261194
CATGAC,0.03957898628065794
CATGAG,-0.020067563050809256
CATGTA,0.1384496724649425
CATGTT,0.3060312111199775
CATGTC,-0.017751945458450453
CATGTG,0.04529627491517621
CATGCA,-0.10077168982984681
CATGCT,0.16555567644124858
CATGCC,0.18349871996696934
CATGCG,0.03980625040041979
CATGGA,-0.4428526401797848
CATGGT,-0.1555782318184436
CATGGC,-0.2818511521409877
CATGGG,-0.45468418071222216
CACAAA,0.05299253014051038
CACAAT,-0.17003372600026134
CACAAC,-0.10249928337679401
CACAAG,-0.011928570865273845
CACATA,0.3361304147071002
CACATT,0.128130504181808
CACATC,0.4029929189627753
CACATG,0.14988053062605194
CACACA,0.2028038670770871
CACACT,0.16788087263916035
CACACC,0.5364024655556403
CACACG,0.2379586370993503
CACAGA,-0.11815961257666878
CACAGT,-0.08149303425118291
CACAGC,0.3327867287640369
CACAGG,0.0412653552014258
CACTAA,-0.18694050265024922
CACTAT,0.10536051565782635
CACTAC,-0.27714285856360976
CACTAG,-0.2328262520306272
CACTTA,-0.30057330584068626
CACTTT,0.10869941692334092
CACTTC,0.11572330269337283
CACTTG,-0.28080363141329095
CACTCA,-0.4013751228566393
CACTCT,0.09556337641284303
CACTCC,0.9891975026822427
CACTCG,-0.4732877044469254
CACTGA,-0.010878118147183017
CACTGT,-0.09709112417531966
CACTGC,0.29334780998745824
CACTGG,-0.11718225462299321
CACCAA,-0.2392296890658341
CACCAT,-0.11968598580246961
CACCAC,-0.06284790365966364
CACCAG,-0.3212047644904245
CACCTA,-0.0674822971815846
CACCTT,0.20789160339731438
CACCTC,1.4637261012527067
CACCTG,0.5497251033797285
CACCCA,-0.21661063027258676
CACCCT,0.4736466205242367
CACCCC,0.4592678141011407
CACCCG,0.1809431968238333
CACCGA,0.19172735508083094
CACCGT,-0.3429447511268303
CACCGC,0.5439778310828911
CACCGG,-0.27510329024492075
CACGAA,0.06375451482536251
CACGAT,0.05033681416159369
CACGAC,-0.5306282510621704
CACGAG,-0.7916988542884411
CACGTA,-0.09833590072086183
CACGTT,0.14369273474999242
CACGTC,-0.0953101798043249
CACGTG,-0.2889312918522128
CACGCA,-0.19301684591070264
CACGCT,0.2657031657330057
CACGCC,0.049480057263369716
CACGCG,-0.4105802087749349
CACGGA,-0.5445366811083024
CACGGT,-0.28312625591592017
CACGGC,-0.14595391262307983
CACGGG,-0.13540463700620292
CAGAAA,0.35428088007081665
CAGAAT,-0.24650490122738364
CAGAAC,-0.029060794263124256
CAGAAG,-0.0634603539172258
CAGATA,-0.22813109282524877
CAGATT,-0.4370134658430903
CAGATC,-0.1772582548374078
CAGATG,0.06263557099148505
CAGACA,0.06362569588021155
CAGACT,0.02765153133050995
CAGACC,-0.2081749356202885
CAGACG,0.05929974228129184
CAGAGA,0.11725126217934795
CAGAGT,-0.41284521540578695
CAGAGC,-0.06187540371808753
CAGAGG,0.16705408466316624
CAGTAA,-0.20002113389335546
CAGTAT,0.229229997370612
CAGTAC,0.29024946795702683
CAGTAG,-0.5627853626967017
CAGTTA,-0.1813170363679492
CAGTTT,0.016105328724191462
CAGTTC,-0.14290758825307792
CAGTTG,-0.45933369992103873
CAGTCA,0.18868321269960261
CAGTCT,0.25489224962879004
CAGTCC,-0.2876820724517809
CAGTCG,-0.3499859557879358
CAGTGA,-0.03831886430213666
CAGTGT,0.15770891541399007
CAGTGC,-0.18484362622666456
CAGTGG,-0.8183103235139513
CAGCAA,0.21149293409423445
CAGCAT,0.2841794419005789
CAGCAC,0.41419878807691896
CAGCAG,0.639658495608959
CAGCTA,-0.10178269430994236
CAGCTT,0.36564361392149275
CAGCTC,0.39971245561871455
CAGCTG,0.7614664245374225
CAGCCA,0.08726047401420826
CAGCCT,0.44751334435166373
CAGCCC,0.4155154439616658
CAGCCG,0.9101368662997767
CAGCGA,0.41985384556026406
CAGCGT,0.6336617272737655
CAGCGC,0.3889358061569539
CAGCGG,0.4502010019495558
CAGGAA,-0.1489423347201201
CAGGAT,-0.036813973122716316
CAGGAC,-0.18469967919892205
CAGGAG,0.5673959752543849
CAGGTA,-0.028987536873252298
CAGGTT,-0.1292500890105532
CAGGTC,-0.13056647528205834
CAGGTG,0.377294231141468
CAGGCA,0.11344463405778525
CAGGCT,0.2960503221222976
CAGGCC,0.4012367719986432
CAGGCG,0.5041810810473221
CAGGGA,0.11027453046025533
CAGGGT,-0.06676817646484026
CAGGGC,-0.04614115599785512
CAGGGG,0.24044929841180232
CTAAAA,-0.12613656851514993
CTAAAT,-0.5165984028517319
CTAAAC,-0.15168458733206477
CTAAAG,-0.11332868530700312
CTAATA,-0.18970166409157713
CTAATT,-0.612590642267927
CTAATC,-0.40381766127756563
CTAATG,-0.501640714188918
CTAACA,-0.24930437735288183
CTAACT,-0.48337536621162486
CTAACC,-0.5766133643039939
CTAACG,-0.06089818220659671
CTAAGA,-0.6726255448391485
CTAAGT,-0.5698062756922547
CTAAGC,-0.49108663080873993
CTAAGG,-0.28954600588984364
CTATAA,0.23553528360937317
CTATAT,0.47331184766449313
CTATAC,0.09777897820542863
CTATAG,0.19709684237610894
CTATTA,0.11869018274120603
CTATTT,0.15684247149296968
CTATTC,0.061115813860069056
CTATTG,0.15600424847658118
CTATCA,0.2597649060027465
CTATCT,-0.17114825619582932
CTATCC,0.07690909443343362
CTATCG,-0.09309042306601198
CTATGA,-0.025446665661164262
CTATGT,0.40854677464557243
CTATGC,0.12878078986592478
CTATGG,-0.20585205420414873
CTACAA,-0.42199441005937505
CTACAT,-0.10704740375005031
CTACAC,-0.1420476576560146
CTACAG,-0.4595323293784402
CTACTA,-0.05859416426605282
CTACTT,-0.5442603998522282
CTACTC,-0.6379476312053297
CTACTG,-0.6320594885801071
CTACCA,-0.7419373447293772
CTACCT,-0.3732862097439293
CTACCC,-0.4843236830204842
CTACCG,-0.8034952377288106
CTACGA,-0.4340384805522204
CTACGT,-0.6293926657345827
CTACGC,-0.8209805520698302
CTACGG,-0.7759831861390943
CTAGAA,-0.392836684559985
CTAGAT,-0.5978370007556204
CTAGAC,-0.15486471056091541
CTAGAG,-0.47889257666298163
CTAGTA,-0.11701645838618796
CTAGTT,-0.37800826187512515
CTAGTC,-0.7419373447293772
CTAGTG,-0.5898421640842151
CTAGCA,-0.5290371608299286
CTAGCT,-0.8472978603872037
CTAGCC,-0.6690496289808848
CTAGCG,-0.6895693592120612
CTAGGA,-0.17807526591250353
CTAGGT,-0.415221283053529
CTAGGC,-0.7731898882334817
CTAGGG,-0.8175747589349973
CTTAAA,-0.3335039946081379
CTTAAT,-0.632342686452352
CTTAAC,-0.23126581604035396
CTTAAG,-0.7654678421395714
CTTATA,0.25118277137860273
CTTATT,-0.06609980170452358
CTTATC,-0.0472528848505455
CTTATG,0.2453028494829194
CTTACA,0.36938905163435487
CTTACT,-0.16102355911502034
CTTACC,-0.10536051565782628
CTTACG,-0.10393092284823188
CTTAGA,-0.8336716086754384
CTTAGT,-0.6856725061432396
CTTAGC,-0.8504179877234473
CTTAGG,-0.6431062344888607
CTTTAA,-0.3029267257753075
CTTTAT,0.4104776499317087
CTTTAC,0.19750112070087217
CTTTAG,-0.30219883405345294
CTTTTA,0.24267485283595172
CTTTTT,0.700279151697217
CTTTTC,0.42215287331823936
CTTTTG,0.04585004611107585
CTTTCA,0.24521759193402237
CTTTCT,0.3994713762547814
CTTTCC,0.11078058312716557
CTTTCG,-0.04210117601863535
CTTTGA,-0.3914977713333002
CTTTGT,0.022280270391665604
CTTTGC,-0.230389959834977
CTTTGG,-0.7463916950787576
CTTCAA,-0.35092596611181065
CTTCAT,0.20369112538739434
CTTCAC,0.2755339385161334
CTTCAG,-0.059261464036727426
CTTCTA,-0.10660973505825826
CTTCTT,0.16362942378180212
CTTCTC,0.32004735695381265
CTTCTG,0.04380262265839284
CTTCCA,-0.327604786335892
CTTCCT,0.3081141112689868
CTTCCC,0.006764400088542063
CTTCCG,-0.011410066738030899
CTTCGA,-0.6277193752374899
CTTCGT,0.03240342405465943
CTTCGC,-0.2375842354690041
CTTCGG,-0.04143718986417318
CTTGAA,-0.3355130039337528
CTTGAT,-0.18169004430059574
CTTGAC,-0.3038014543316642
CTTGAG,-0.595097402424125
CTTGTA,-0.06737540247277089
CTTGTT,-0.042608632825217374
CTTGTC,0.32805249776138223
CTTGTG,-0.20027536041055036
CTTGCA,-0.06599773633885882
CTTGCT,-0.20272137729988063
CTTGCC,-0.12076366379452122
CTTGCG,-0.14253330673554204
CTTGGA,-0.5424927970183631
CTTGGT,-0.5910493105369353
CTTGGC,-0.424722924712579
CTTGGG,-0.3938031683603215
CTCAAA,-0.42483191059901465
CTCAAT,-0.2298899737130642
CTCAAC,-0.4866061135307634
CTCAAG,-0.4214975156392132
CTCATA,0.2669461739726026
CTCATT,0.10183938525924745
CTCATC,-0.039220713153281385
CTCATG,0.014388737452099452
CTCACA,-0.20439750849315444
CTCACT,0.2050161667216531
CTCACC,0.30285029392495233
CTCACG,-0.23537611974984415
CTCAGA,-0.5024890843902239
CTCAGT,-0.7086513670959105
CTCAGC,0.159807676142399
CTCAGG,-0.2700271372130601
CTCTAA,-0.5063712734166105
CTCTAT,0.4114959151504756
CTCTAC,-0.2682639865946794
CTCTAG,-0.5064919225088722
CTCTTA,-0.22684041319553594
CTCTTT,0.6168770454017283
CTCTTC,0.21581751122213688
CTCTTG,0.026304487886734906
CTCTCA,0.03319806940959583
CTCTCT,0.4248831939652659
CTCTCC,0.650283476128163
CTCTCG,0.03474294844387284
CTCTGA,-0.35778543822275943
CTCTGT,0.11500910877365818
CTCTGC,0.029748475400774698
CTCTGG,-0.411507422564127
CTCCAA,0.008230499136515444
CTCCAT,0.22314355131420976
CTCCAC,0.0
CTCCAG,-0.22488117121275064
CTCCTA,0.6555083290600106
CTCCTT,1.3308330581334362
CTCCTC,0.9998495776907563
CTCCTG,0.7374474394565254
CTCCCA,0.3463121569031857
CTCCCT,0.5359615970375329
CTCCCC,0.6606533470834991
CTCCCG,0.49958955049906495
CTCCGA,-0.048790164169431945
CTCCGT,0.47388210857430635
CTCCGC,0.5978370007556204
CTCCGG,0.23190273140409132
CTCGAA,-0.7942679519597358
CTCGAT,-0.4294183491306571
CTCGAC,-0.41871033485818493
CTCGAG,-1.003778185997271
CTCGTA,-0.20096390760323443
CTCGTT,0.03957898628065794
CTCGTC,-0.04742869357111104
CTCGTG,-0.23309388216737792
CTCGCA,-0.4951478110467608
CTCGCT,-0.18905558897529876
CTCGCC,-0.43286408229627876
CTCGCG,-0.8183103235139514
CTCGGA,-0.49132639871455686
CTCGGT,-0.31334981920035887
CTCGGC,-0.16989903679539747
CTCGGG,-0.27565349658617383
CTGAAA,0.23511974236092542
CTGAAT,-0.20620704178331148
CTGAAC,0.07856232250310209
CTGAAG,-0.2794243872127994
CTGATA,0.17205189015649855
CTGATT,0.02925823391979588
CTGATC,-0.043894193557225264
CTGATG,-0.02884815433765839
CTGACA,0.5453376760711344
CTGACT,0.11622175508943108
CTGACC,-0.18964759688602756
CTGACG,0.31994293467000234
CTGAGA,-0.2023575835543751
CTGAGT,-0.39173491529626236
CTGAGC,-0.01478379618423698
CTGAGG,-0.07510747248680534
CTGTAA,0.23582046413299293
CTGTAT,0.5035528644369109
CTGTAC,0.3705962824573405
CTGTAG,-0.26016404355788864
CTGTTA,0.14769011282431418
CTGTTT,0.6854843078143762
CTGTTC,0.3793624842055271
CTGTTG,-0.16095053603239157
CTGTCA,0.3684321009247762
CTGTCT,0.5569553954934919
CTGTCC,0.5194093674573822
CTGTCG,0.05929974228129184
CTGTGA,-0.09937247381320373
CTGTGT,0.018820059326769886
CTGTGC,0.23918055022402682
CTGTGG,-0.36072921426677285
CTGCAA,0.008291157583981182
CTGCAT,0.25196398984970164
CTGCAC,0.5252143612180903
CTGCAG,-0.11551288712184435
CTGCTA,0.03584613177313588
CTGCTT,0.503320898111923
CTGCTC,0.05310982531394833
CTGCTG,0.5546282464243837
CTGCCA,0.0032840752011900187
CTGCCT,0.4567584024957149
CTGCCC,0.2580188806282221
CTGCCG,1.0227742122766053
CTGCGA,-0.31551687144522494
CTGCGT,0.21233263520999412
CTGCGC,0.15276275455241034
CTGCGG,0.7661723155748351
CTGGAA,-0.3226071964840412
CTGGAT,-0.12516314295400605
CTGGAC,-0.24409891649019771
CTGGAG,-0.18038169197612808
CTGGTA,-0.3681093215643954
CTGGTT,-0.3109389346160481
CTGGTC,-0.6374582746993567
CTGGTG,-0.17803889500195386
CTGGCA,-0.0616935690053399
CTGGCT,0.17470358851414222
CTGGCC,-0.23877826546161177
CTGGCG,-0.16732877220781336
CTGGGA,-0.608047850041941
CTGGGT,-0.5306282510621704
CTGGGC,-0.3140553577066707
CTGGGG,-0.3364722366212129
CCAAAA,-0.23265285014531417
CCAAAT,-0.48675443967055104
CCAAAC,-0.3009272992018015
CCAAAG,-0.5592540588665479
CCAATA,-0.2747611174443196
CCAATT,-0.5688042139898289
CCAATC,-0.2396360133899349
CCAATG,-0.39107637065606476
CCAACA,-0.5178012375024159
CCAACT,-0.4565944546307686
CCAACC,-0.43900483722801564
CCAACG,-0.8863739708361623
CCAAGA,-0.6348116035469819
CCAAGT,-0.7290791897860086
CCAAGC,-0.2702903297399117
CCAAGG,-0.3337731796520479
CCATAA,-0.20721910841568186
CCATAT,0.2074342576090298
CCATAC,0.3975695311053843
CCATAG,-0.3649385782081708
CCATTA,-0.17529412098649783
CCATTT,0.024391453124159263
CCATTC,-0.20999627895017509
CCATTG,-0.3419517023858385
CCATCA,-0.06557964564598164
CCATCT,-0.28438717655492834
CCATCC,0.04725288485054551
CCATCG,-0.28915158043114086
CCATGA,-0.492583316997901
CCATGT,-0.19153821189887857
CCATGC,-0.21373775302733367
CCATGG,-0.5596157879354228
CCACAA,-0.5095344680023709
CCACAT,-0.13781325712063228
CCACAC,-0.25437487443401224
CCACAG,-0.2931359231342447
CCACTA,-0.4933769804310444
CCACTT,-0.7835044032354216
CCACTC,-0.2315293446904838
CCACTG,-0.38752740742149716
CCACCA,-0.5198754592859085
CCACCT,0.3461485309517449
CCACCC,-0.22599662029661619
CCACCG,-0.6118015411059929
CCACGA,-0.9472355357235768
CCACGT,-0.5490336786048857
CCACGC,-0.5914835267834453
CCACGG,-0.5431545108813508
CCAGAA,-0.5625964160735605
CCAGAT,-0.7041970167465302
CCAGAC,-0.26449873699612364
CCAGAG,-0.3164314857377668
CCAGTA,-0.31481073984003355
CCAGTT,-0.18015470870886438
CCAGTC,-0.0652176383113799
CCAGTG,-0.4456715285862049
CCAGCA,-0.07598590697792199
CCAGCT,0.1373767295567847
CCAGCC,-0.10008345855698253
CCAGCG,0.15718558352241235
CCAGGA,-0.8919980393051105
CCAGGT,-0.807750563298949
CCAGGC,-0.8237136558420036
CCAGGG,-0.9248256343239925
CCTAAA,-0.14852262711025627
CCTAAT,-0.4209474722565413
CCTAAC,-0.38829730448579886
CCTAAG,-0.5379542911542434
CCTATA,0.3780661339200499
CCTATT,0.12136085700426753
CCTATC,-0.0883993022644778
CCTATG,0.3503458088870849
CCTACA,-0.4228568508200336
CCTACT,-0.3117796240308415
CCTACC,-0.5714502455824255
CCTACG,-0.78845736036427
CCTAGA,-0.587786664902119
CCTAGT,-0.4364612084771284
CCTAGC,-0.7049816382069481
CCTAGG,-0.7397704966442871
CCTTAA,-0.3104426566902297
CCTTAT,0.2291137183007135
CCTTAC,0.20999507847070356
CCTTAG,-0.640599967512801
CCTTTA,0.32210622670010897
CCTTTT,0.6032521764433972
CCTTTC,0.566937902977631
CCTTTG,-0.19377334917272732
CCTTCA,0.08528758156178473
CCTTCT,0.43854205348660424
CCTTCC,0.31994293467000234
CCTTCG,-0.08122543992258587
CCTTGA,-0.17206505662676552
CCTTGT,0.059423420470800806
CCTTGC,-0.09783224923703476
CCTTGG,-0.3337731796520479
CCTCAA,-0.2081749356202885
CCTCAT,0.27443684570176036
CCTCAC,0.23195418099636453
CCTCAG,-0.3759746795974591
CCTCTA,0.08926109672364523
CCTCTT,0.6376858775734908
CCTCTC,0.6504622607089949
CCTCTG,0.20935022918187396
CCTCCA,0.6578078141146365
CCTCCT,1.5430870504099876
CCTCCC,1.1046303609936727
CCTCCG,0.7582337970798316
CCTCGA,-0.8634925463071842
CCTCGT,0.03144152583481888
CCTCGC,-0.24014112768278095
CCTCGG,-0.4234836136108427
CCTGAA,-0.12238459156928182
CCTGAT,0.09964947786231196
CCTGAC,0.2714621285850175
CCTGAG,-0.21950056003570867
CCTGTA,0.4205787459182125
CCTGTT,0.5361434317502807
CCTGTC,0.8675005677047231
CCTGTG,0.1444279838487357
CCTGCA,0.37998602280717947
CCTGCT,0.5092088085390853
CCTGCC,0.6501297954762545
CCTGCG,0.30411261384787686
CCTGGA,-0.8101636389461333
CCTGGT,-1.1103083284313011
CCTGGC,-0.3651573846200716
CCTGGG,-0.7236301972850211
CCCAAA,-0.39597578208704876
CCCAAT,-0.4263830067698451
CCCAAC,-0.5113254988076417
CCCAAG,-0.540384426007535
CCCATA,-0.052268428545756945
CCCATT,-0.27939540548577607
CCCATC,-0.26378775225234485
CCCATG,-0.48721575812685686
CCCACA,-0.46128517820585463
CCCACT,-0.5733459807473247
CCCACC,-0.2416381339503742
CCCACG,-1.0723443618474995
CCCAGA,-0.8583476965737886
CCCAGT,-0.1906203596086497
CCCAGC,-0.05730085383734056
CCCAGG,-1.325385608032898
CCCTAA,-0.48731613453848455
CCCTAT,0.12036368224987509
CCCTAC,-0.41729956575516725
CCCTAG,-0.8472978603872037
CCCTTA,-0.055569851154810765
CCCTTT,0.5408674086684987
CCCTTC,0.38953428603596996
CCCTTG,0.16251892949777494
CCCTCA,0.09293799565926898
CCCTCT,0.503334952036833
CCCTCC,1.142978291623094
CCCTCG,0.03753791931906524
CCCTGA,-0.2577381960787089
CCCTGT,0.41657308551980127
CCCTGC,0.36309207825936585
CCCTGG,-1.0670069492527785
CCCCAA,-0.4659632197087305
CCCCAT,-0.015666116744399463
CCCCAC,-0.1850954836766799
CCCCAG,-0.8207583051525913
CCCCTA,0.019593693900401284
CCCCTT,0.7510411589788479
CCCCTC,0.8325027014704567
CCCCTG,0.39740940727594765
CCCCCA,-0.10064352577968741
CCCCCT,1.0116009116784799
CCCCCC,0.32404971662265575
CCCCCG,0.23972767932974506
CCCCGA,-0.32488462144882496
CCCCGT,0.11441035117774412
CCCCGC,0.5560507217709265
CCCCGG,0.09112539983595432
CCCGAA,-0.33647223662121306
CCCGAT,-0.2838285031357909
CCCGAC,-0.3364722366212129
CCCGAG,-0.6581674616639184
CCCGTA,0.023122417420854212
CCCGTT,0.26796433119614294
CCCGTC,0.00323102058144654
CCCGTG,-0.24191365399620018
CCCGCA,0.24079848655293054
CCCGCT,0.7128522516392777
CCCGCC,0.6355773287384675
CCCGCG,0.04176941287629493
CCCGGA,0.2025242641114741
CCCGGT,0.09952959534703307
CCCGGC,0.6609440400653106
CCCGGG,-0.46262352194811296
CCGAAA,-0.20573804861775152
CCGAAT,-0.2214983631175215
CCGAAC,-0.32072387965307375
CCGAAG,-0.13976194237515874
CCGATA,0.22143268691058032
CCGATT,-0.2082970431972153
CCGATC,-0.17129608678224695
CCGATG,-0.18924199963852842
CCGACA,0.22598850344644097
CCGACT,-0.37156355643248296
CCGACC,-0.4777857696877905
CCGACG,-0.7080357930536959
CCGAGA,-0.5543107357057294
CCGAGT,-0.34468021703904267
CCGAGC,-0.2420933000938719
CCGAGG,-0.6900172875510175
CCGTAA,-0.25249576332673723
CCGTAT,0.4032935545946566
CCGTAC,0.28768207245178085
CCGTAG,-0.9122827104766162
CCGTTA,0.1546483160654453
CCGTTT,0.47074009669033995
CCGTTC,0.268382336793054
CCGTTG,-0.14410034397375687
CCGTCA,0.187334098617499
CCGTCT,0.3942380455143811
CCGTCC,-0.003327790092674691
CCGTCG,-0.5355182363563622
CCGTGA,-0.16921520928865408
CCGTGT,-0.3398678256223512
CCGTGC,0.14172815982870104
CCGTGG,-0.7271769291462566
CCGCAA,0.05275635243931096
CCGCAT,0.2847014443136431
CCGCAC,0.25489224962879004
CCGCAG,0.4939618177139859
CCGCTA,0.3026077226684567
CCGCTT,0.8362480242006185
CCGCTC,0.6005143785263369
CCGCTG,0.6867162902296549
CCGCCA,0.2774779022775392
CCGCCT,0.5859462542340989
CCGCCC,0.4653632496892333
CCGCCG,0.95967102750438
CCGCGA,-0.3193191573949634
CCGCGT,0.06453852113757116
CCGCGC,0.10536051565782635
CCGCGG,0.6161861394238168
CCGGAA,0.20521316059578076
CCGGAT,-0.02363160453327706
CCGGAC,0.4054651081081644
CCGGAG,0.5363047090669756
CCGGTA,0.10219094089654716
CCGGTT,0.2587707289573608
CCGGTC,0.1442003489740902
CCGGTG,-0.2231435513142097
CCGGCA,0.590493026499862
CCGGCT,0.8622235106038793
CCGGCC,0.42890850129810393
CCGGCG,0.5725191927713306
CCGGGA,-0.1639241916542386
CCGGGT,0.1592562838629586
CCGGGC,0.19139485299962947
CCGGGG,0.0870113769896297
CGAAAA,0.0179868854492377
CGAAAT,-0.4589473629973256
CGAAAC,0.10655597306260008
CGAAAG,-0.08923113372794275
CGAATA,-0.049280961725296404
CGAATT,-0.4681268692328752
CGAATC,-0.3858806388319751
CGAATG,0.1593613645124536
CGAACA,-0.22387055970682695
CGAACT,-0.4360018319682461
CGAACC,-0.6308284161606871
CGAACG,0.4013917827205287
CGAAGA,-0.2301775779715896
CGAAGT,-0.587786664902119
CGAAGC,-0.46283513976712304
CGAAGG,-0.27279914176007064
CGATAA,0.13429021395851842
CGATAT,0.34661196594011157
CGATAC,0.11042381761437305
CGATAG,-0.1022788491204183
CGATTA,-0.466974853583575
CGATTT,-0.11261887810814913
CGATTC,-0.09285015396346252
CGATTG,0.09982033528221079
CGATCA,-0.1555782318184436
CGATCT,-0.29783444391579894
CGATCC,-0.02884815433765839
CGATCG,-0.14149956227369948
CGATGA,-0.47608267532211773
CGATGT,0.04725288485054551
CGATGC,-0.18707215955255255
CGATGG,-0.31481073984003355
CGACAA,0.20276438897755758
CGACAT,-0.13297568269079968
CGACAC,0.22314355131420976
CGACAG,0.09112539983595432
CGACTA,-0.32583383841615715
CGACTT,-0.3791044384170958
CGACTC,-0.672344052930182
CGACTG,-0.14698219034864582
CGACCA,-0.9242589015233319
CGACCT,-0.6250937173149297
CGACCC,-0.9360933591703348
CGACCG,-0.15057285847937443
CGACGA,-0.9321640810304451
CGACGT,-0.5643663906940205
CGACGC,-0.8754687373538999
CGACGG,-0.5596157879354228
CGAGAA,-0.22129569122573003
CGAGAT,-0.40045256628462017
CGAGAC,-0.408792898200839
CGAGAG,-0.10956220251152628
CGAGTA,-0.2793138227812644
CGAGTT,-1.0165473356138055
CGAGTC,-0.556436135018043
CGAGTG,-0.03922071315328127
CGAGCA,-0.4030813167528881
CGAGCT,-0.5396373210045363
CGAGCC,-0.4154154389613325
CGAGCG,-0.1875163736710587
CGAGGA,-0.17768117723745236
CGAGGT,0.02985296314968113
CGAGGC,-0.456758402495715
CGAGGG,-0.1368591827171973
CGTAAA,0.021467729624106195
CGTAAT,-0.33018686080625204
CGTAAC,0.07232066157962608
CGTAAG,-0.338634399625708
CGTATA,0.6265945600506728
CGTATT,0.002412546405383926
CGTATC,0.4111262635429026
CGTATG,0.5679840376059393
CGTACA,0.2637288314292882
CGTACT,-0.0317486983145803
CGTACC,0.2627091515204009
CGTACG,0.4917774287952961
CGTAGA,-0.7392883365578005
CGTAGT,0.03636764417087479
CGTAGC,-1.1676051601550612
CGTAGG,-0.7288652631620245
CGTTAA,-0.46076995329879006
CGTTAT,0.4589722621557352
CGTTAC,-0.0271286673882527
CGTTAG,-0.262364264467491
CGTTTA,0.12109429696003954
CGTTTT,0.6024334668717798
CGTTTC,0.31897907917369583
CGTTTG,0.18026182383094405
CGTTCA,0.417918569179451
CGTTCT,0.15537093623248768
CGTTCC,0.18367840910524455
CGTTCG,-0.3574154104664562
CGTTGA,-0.22387055970682695
CGTTGT,-0.14805309995913976
CGTTGC,-0.7319671724095272
CGTTGG,-0.844285809917212
CGTCAA,0.03045920748470844
CGTCAT,0.06575137756278043
CGTCAC,-0.013698844358161802
CGTCAG,0.112117298120706
CGTCTA,-0.04348511193973889
CGTCTT,0.1583260512377389
CGTCTC,0.22024079165624832
CGTCTG,0.22871459636366517
CGTCCA,-0.22452191128433097
CGTCCT,0.187334098617499
CGTCCC,0.14430348960643372
CGTCCG,-0.21605969642580475
CGTCGA,-0.3791971812875542
CGTCGT,-0.1070981355563671
CGTCGC,-0.6061358035703156
CGTCGG,-0.541266649267226
CGTGAA,-0.14554230529065817
CGTGAT,0.17013801397421444
CGTGAC,-0.22123697304362816
CGTGAG,0.3600821022603467
CGTGTA,0.18849441590103572
CGTGTT,0.32158362412746216
CGTGTC,0.3421292329363536
CGTGTG,0.234234238008368
CGTGCA,-0.007863736460214463
CGTGCT,-0.05826890812397576
CGTGCC,0.07588469752487267
CGTGCG,0.23958227765736953
CGTGGA,-0.7469373551460831
CGTGGT,-1.1410330045520618
CGTGGC,-1.0216512475319814
CGTGGG,-0.9400072584914712
CGCAAA,-0.34514531787464175
CGCAAT,-0.5902527573973126
CGCAAC,-0.3859205120351941
CGCAAG,-0.3230941106750368
CGCATA,0.3801135169107499
CGCATT,-0.21842656143607084
CGCATC,-0.1823215567939546
CGCATG,-0.11555834063427226
CGCACA,0.3182086631109363
CGCACT,-0.1089902837084049
CGCACC,0.16251892949777494
CGCACG,-0.3951557384493032
CGCAGA,-0.1823215567939547
CGCAGT,0.06187540371808745
CGCAGC,0.5415972824327444
CGCAGG,0.5349231753450512
CGCTAA,-0.12810000262731575
CGCTAT,0.3060312111199775
CGCTAC,-0.056695343676545176
CGCTAG,-0.9196185219668297
CGCTTA,0.28768207245178085
CGCTTT,0.6430472585084498
CGCTTC,0.3617900446055028
CGCTTG,-0.03993271033537111
CGCTCA,0.16016875215282136
CGCTCT,0.14715764433628764
CGCTCC,0.6384222808706989
CGCTCG,-0.45198512374305727
CGCTGA,0.3409265869705932
CGCTGT,0.5403579713310079
CGCTGC,0.09531017980432493
CGCTGG,-0.1551705677280039
CGCCAA,-0.16930618868188432
CGCCAT,0.08766093855842554
CGCCAC,-0.3572630062902868
CGCCAG,-0.17265964588221774
CGCCTA,0.008141157583699866
CGCCTT,-0.15920699949438213
CGCCTC,0.43755342265966496
CGCCTG,0.3978852125853953
CGCCCA,-0.2597082204093749
CGCCCT,-0.04756841691910957
CGCCCC,0.16430305129127634
CGCCCG,0.037041271680349076
CGCCGA,0.125163142954006
CGCCGT,0.36511381258459696
CGCCGC,0.44781265593725667
CGCCGG,0.6171612735820233
CGCGAA,-0.44285264017978465
CGCGAT,-0.1272617796109272
CGCGAC,-0.6881346387364009
CGCGAG,-1.112796923660066
CGCGTA,-0.2377728613301689
CGCGTT,-0.3106310054373256
CGCGTC,-0.016529301951210582
CGCGTG,-0.5622098231124693
CGCGCA,-0.2591539888372429
CGCGCT,-0.23967285326542034
CGCGCC,-0.2537805207760996
CGCGCG,-0.42199441005937505
CGCGGA,-0.3296462715508131
CGCGGT,0.12878078986592478
CGCGGC,0.3520772346901029
CGCGGG,0.04691691978775166
CGGAAA,-0.01626052087178029
CGGAAT,0.14585187701256314
CGGAAC,-0.050952327173927184
CGGAAG,0.20719990091707374
CGGATA,0.18670615511177865
CGGATT,-0.2315587482394942
CGGATC,-0.2719337154836418
CGGATG,0.08149303425118301
CGGACA,0.4178050843437404
CGGACT,-0.3794896217049037
CGGACC,-0.37156355643248296
CGGACG,0.1361321743245801
CGGAGA,0.19349485739207992
CGGAGT,-0.11563018229528232
CGGAGC,0.2993440121996238
CGGAGG,0.8938178760220965
CGGTAA,0.0585793011184838
CGGTAT,0.3566749439387324
CGGTAC,0.5877866649021191
CGGTAG,-0.6418538861723948
CGGTTA,-0.07472354619593642
CGGTTT,0.3031091014706367
CGGTTC,-0.15486471056091541
CGGTTG,-0.2579589709995746
CGGTCA,0.39514122476652835
CGGTCT,0.3279373341713756
CGGTCC,0.1325466559619831
CGGTCG,-0.6225296133459919
CGGTGA,0.03922071315328133
CGGTGT,0.47730293172734717
CGGTGC,0.25177536398853684
CGGTGG,-0.5677459140186729
CGGCAA,0.15870649636311907
CGGCAT,0.26236426446749106
CGGCAC,0.5565716455541946
CGGCAG,0.9023044898994151
CGGCTA,0.03922071315328133
CGGCTT,0.5932251555330574
CGGCTC,0.5108256237659907
CGGCTG,1.1053012768189063
CGGCCA,-0.1961148789262905
CGGCCT,0.15741687761387946
CGGCCC,-0.36244772302447364
CGGCCG,0.7040168527968492
CGGCGA,-0.07894320234011956
CGGCGT,0.6747134788711074
CGGCGC,0.08004270767353636
CGGCGG,0.8975985988620026
CGGGAA,-0.15984870094189613
CGGGAT,-0.010152371464017962
CGGGAC,0.15415067982725836
CGGGAG,0.46473451656572373
CGGGTA,0.06062462181643484
CGGGTT,0.2774064098735768
CGGGTC,0.1139442593492179
CGGGTG,0.4251701791874967
CGGGCA,-0.12516314295400605
CGGGCT,0.5950001194204209
CGGGCC,-0.916290731874155
CGGGCG,0.1723712259407865
CGGGGA,-0.19268434382950111
CGGGGT,0.09560434071246164
CGGGGC,0.04725288485054551
CGGGGG,0.5415972824327444
GAAAAA,0.4836272945086819
GAAAAT,0.03633397470402768
GAAAAC,0.28015036961077705
GAAAAG,0.39154726072817375
GAAATA,0.16176506591137524
GAAATT,-0.5552196541994926
GAAATC,-0.14822180870497956
GAAATG,0.11214677534218535
GAAACA,0.22590065259203504
GAAACT,-0.4025368483290761
GAAACC,-0.028170876966696335
GAAACG,0.3794290541872449
GAAAGA,0.26615149571137375
GAAAGT,-0.2715526905218973
GAAAGC,0.2558143336037585
GAAAGG,0.580606620868412
GAATAA,-0.015094626222485016
GAATAT,0.18362853296431747
GAATAC,0.021887272887500593
GAATAG,0.22887892139895402
GAATTA,-0.5516579408136135
GAATTT,-0.6418538861723946
GAATTC,-0.4468365699642012
GAATTG,-0.3041552309001837
GAATCA,-0.03539112494018351
GAATCT,-0.34190539215358434
GAATCC,-0.30461113455222893
GAATCG,-0.1596790800441948
GAATGA,0.25272477533178406
GAATGT,0.13528219552287546
GAATGC,0.004008021397538868
GAATGG,-0.21580486092074327
GAACAA,-0.02690745291992438
GAACAT,-0.028278536976489622
GAACAC,0.1392620673335076
GAACAG,0.2824782445767539
GAACTA,-0.49617334697912036
GAACTT,-0.41784916730788607
GAACTC,-0.6370577139089018
GAACTG,-0.18488237765562832
GAACCA,-0.5118251240990742
GAACCT,-0.2209790483046367
GAACCC,-0.4175134466243389
GAACCG,0.2273898421956608
GAACGA,0.4353180712578455
GAACGT,0.31562440410837483
GAACGC,-0.17129608678224695
GAACGG,0.4618180446592961
GAAGAA,0.16621579137910114
GAAGAT,-0.3352608494349158
GAAGAC,-0.046280752564006225
GAAGAG,0.012223941585714097
GAAGTA,-0.312045032822256
GAAGTT,-0.5621522509313313
GAAGTC,-0.4042297775001717
GAAGTG,0.11792349495853177
GAAGCA,0.030742989352951753
GAAGCT,0.07247554082943511
GAAGCC,-0.24713905687042553
GAAGCG,0.21233263520999412
GAAGGA,0.4789322599900368
GAAGGT,0.24823038574394468
GAAGGC,0.17490725035472715
GAAGGG,0.5432608995191445
GATAAA,0.2912973365930377
GATAAT,-0.1987602831371146
GATAAC,0.09320231117801689
GATAAG,0.0813456394539524
GATATA,0.5086058670276777
GATATT,-0.06756327867735697
GATATC,0.1513996464553685
GATATG,0.38430890814085267
GATACA,0.2342671365328721
GATACT,0.08659823920230325
GATACC,0.24142559615165873
GATACG,0.35412717185993375
GATAGA,0.2628088077066412
GATAGT,-0.3111544286369231
GATAGC,-0.022388994893478724
GATAGG,0.044451762570833796
GATTAA,-0.6507154352034039
GATTAT,-0.22338020969893763
GATTAC,-0.12792748472815577
GATTAG,-0.5685047353526688
GATTTA,-0.493123855603716
GATTTT,-0.008618787759310529
GATTTC,-0.24567266437423793
GATTTG,-0.24180701008013458
GATTCA,-0.05941176539122549
GATTCT,-0.19641924660479304
GATTCC,-0.12402028568675615
GATTCG,-0.15502941450594715
GATTGA,-0.11524818005319543
GATTGT,0.02777956410707567
GATTGC,-0.17415824615479358
GATTGG,-0.17160542891711206
GATCAA,-0.3271372796851612
GATCAT,0.052034859123053924
GATCAC,0.0339015516756812
GATCAG,0.09745533615071306
GATCTA,-0.8680337588663819
GATCTT,-0.5089006953564063
GATCTC,-0.34730918795109034
GATCTG,-0.18975653528147268
GATCCA,-0.43112184170152806
GATCCT,-0.3905394578914886
GATCCC,-0.3882637457496178
GATCCG,-0.2739518796398789
GATCGA,-0.6931471805599453
GATCGT,0.1468059238332188
GATCGC,-0.1549906630769834
GATCGG,-0.030483016725075765
GATGAA,0.22831746340217518
GATGAT,0.2688658006523048
GATGAC,0.2216386601347895
GATGAG,0.13798574297390281
GATGTA,0.009830772783127734
GATGTT,0.040974074210305696
GATGTC,0.07685145809947279
GATGTG,0.2770393195193419
GATGCA,-0.03127064288782091
GATGCT,-0.054580568304136275
GATGCC,-0.14323416808590794
GATGCG,0.074442476254516
GATGGA,0.07845306273790204
GATGGT,-0.1286688433016346
GATGGC,-0.18402079254691445
GATGGG,-0.33480972584759944
GACAAA,0.32499682970747057
GACAAT,-0.12421392598667395
GACAAC,0.24656382552230835
GACAAG,0.22690060019192193
GACATA,0.24656382552230818
GACATT,-0.022062515263617234
GACATC,0.4354089844812364
GACATG,-0.09227527610917081
GACACA,0.371435359521853
GACACT,0.20832846552906917
GACACC,0.43223534917276923
GACACG,0.1009259185899605
GACAGA,0.30691343437966856
GACAGT,-0.2006706954621511
GACAGC,0.758135240927384
GACAGG,0.42963546903597744
GACTAA,-0.4818380868927383
GACTAT,0.03096222560396689
GACTAC,-0.7227059828014898
GACTAG,-0.5183832001020702
GACTTA,-0.4954702356827962
GACTTT,-0.178691788743376
GACTTC,-0.16894749726869787
GACTTG,-0.2855611808826432
GACTCA,-0.34500713907105024
GACTCT,-0.37306168405350504
GACTCC,-0.15492258260584027
GACTCG,-0.8013607652001781
GACTGA,0.04335044087361382
GACTGT,-0.14458122881110755
GACTGC,0.48072759260871123
GACTGG,0.058840500022933395
GACCAA,-0.5214585485023178
GACCAT,-0.4865329311969461
GACCAC,-0.24512245803298496
GACCAG,-0.34358970439007686
GACCTA,-0.7253806751349297
GACCTT,-0.3573304667416227
GACCTC,-0.10919929196499197
GACCTG,0.0402738991379399
GACCCA,-0.7583648188713252
GACCCT,-0.7159618583261167
GACCCC,-0.7530795212826191
GACCCG,-0.1898687624293376
GACCGA,-0.43556313926544393
GACCGT,0.12183535286133121
GACCGC,0.20380058847107874
GACCGG,0.31162227999778924
GACGAA,-0.2269100341096867
GACGAT,-0.21309321546070834
GACGAC,-0.03922071315328127
GACGAG,-0.11086259281180957
GACGTA,-0.5722342518946341
GACGTT,0.025752496102414764
GACGTC,-0.28141245943818544
GACGTG,-0.15529288440603534
GACGCA,-0.50626980723013
GACGCT,0.3134069636902168
GACGCC,-0.12783337150988489
GACGCG,-0.262364264467491
GACGGA,0.4254918984580387
GACGGT,0.07955263170195369
GACGGC,0.23940407218599002
GACGGG,0.2744368457017602
GAGAAA,0.36917510670296394
GAGAAT,-0.0796211225070899
GAGAAC,0.24647180380511807
GAGAAG,0.3605965175919141
GAGATA,0.0727593542824283
GAGATT,-0.28307145989409777
GAGATC,-0.37525132951166773
GAGATG,0.23841102344499815
GAGACA,0.15137675294453307
GAGACT,-0.2763941126779294
GAGACC,-0.30010459245033816
GAGACG,0.10836803672178147
GAGAGA,0.4469383563147395
GAGAGT,0.15237448042600235
GAGAGC,0.28486913107516637
GAGAGG,0.6190392084062235
GAGTAA,-0.12883287184296832
GAGTAT,-0.002560820861673704
GAGTAC,-0.7613554305864789
GAGTAG,-0.41828579653722586
GAGTTA,-0.4945026497340602
GAGTTT,-0.4169144648753732
GAGTTC,-0.5500463369192721
GAGTTG,-0.2835752904991275
GAGTCA,-0.2665512908217076
GAGTCT,-0.2308064240597789
GAGTCC,-0.7548407495652851
GAGTCG,-0.505548566665147
GAGTGA,0.46930212097424523
GAGTGT,0.2175621414760147
GAGTGC,0.22059577923541118
GAGTGG,-0.2668789448220176
GAGCAA,-0.3584301594031911
GAGCAT,-0.02690745291992427
GAGCAC,0.4605934982796573
GAGCAG,0.3328169534848384
GAGCTA,-0.6251741969737394
GAGCTT,-0.023754086008107144
GAGCTC,-0.32449604557449724
GAGCTG,0.22314355131420976
GAGCCA,-0.41767101378766813
GAGCCT,0.06955106296111536
GAGCCC,-0.2647652260050292
GAGCCG,0.5269810639882759
GAGCGA,0.14391950926150918
GAGCGT,0.18665525805107305
GAGCGC,0.16788087263916035
GAGCGG,0.6742786962555625
GAGGAA,0.5934796953866647
GAGGAT,0.40618479147855807
GAGGAC,0.2303812186144403
GAGGAG,1.0140884751502817
GAGGTA,0.2112285167363386
GAGGTT,0.5428649775106072
GAGGTC,0.08662460460035641
GAGGTG,1.4119069369766168
GAGGCA,0.23347066547005937
GAGGCT,0.2581232702102367
GAGGCC,-0.21197025071608455
GAGGCG,0.5306282510621704
GAGGGA,0.5724844952469954
GAGGGT,0.35471990910292905
GAGGGC,0.2279628377501587
GAGGGG,0.7366734456098363
GTAAAA,0.23255368228028783
GTAAAT,-0.02797053638704196
GTAAAC,0.25730247012552876
GTAAAG,0.3575571671984235
GTAATA,-0.0661819068813011
GTAATT,-0.5583727796958258
GTAATC,-0.1244789143949817
GTAATG,-0.22869771858410531
GTAACA,0.6294154363923142
GTAACT,-0.23134512042762745
GTAACC,-0.3751867488019033
GTAACG,0.16377127781424086
GTAAGA,-0.09046286057000007
GTAAGT,-0.16900578081818235
GTAAGC,0.16570364556529477
GTAAGG,0.280648045794401
GTATAA,0.5439937687347972
GTATAT,0.5624844820399006
GTATAC,0.8349450924202027
GTATAG,0.5361434317502806
GTATTA,-0.1655144384775733
GTATTT,0.17769228841029236
GTATTC,0.10536051565782614
GTATTG,0.07197349962508924
GTATCA,0.2939696038828221
GTATCT,-0.07020425867324846
GTATCC,0.15800424914324832
GTATCG,0.024692612590371414
GTATGA,0.45868111025973546
GTATGT,0.5387480843856141
GTATGC,0.37665341086961873
GTATGG,0.20763936477824455
GTACAA,0.09283900885978495
GTACAT,0.32302143889708984
GTACAC,0.1761865682264387
GTACAG,0.46122868262661854
GTACTA,-0.012422519998557209
GTACTT,-0.34992809713660467
GTACTC,-0.0953101798043249
GTACTG,-0.10265415406008334
GTACCA,0.015209418663528708
GTACCT,0.16598513747426116
GTACCC,0.016260520871780326
GTACCG,-0.13287328137997342
GTACGA,0.0
GTACGT,0.29161135059167054
GTACGC,0.18540322333136275
GTACGG,0.6041996945434491
GTAGAA,-0.2936020149627712
GTAGAT,-0.7284153193974032
GTAGAC,0.0
GTAGAG,0.024097551579060524
GTAGTA,-0.21800215181379104
GTAGTT,-0.78975521907987
GTAGTC,0.04189094170916013
GTAGTG,-0.3417492937220567
GTAGCA,-0.3638712108093273
GTAGCT,-0.6352532021410426
GTAGCC,-0.19709287411426726
GTAGCG,-0.48550781578170077
GTAGGA,-0.489456055172551
GTAGGT,-0.1650158096963622
GTAGGC,-0.6813127229129425
GTAGGG,-0.7069405026922811
GTTAAA,-0.403998832185637
GTTAAT,-0.48364127300926624
GTTAAC,-0.2737338959877896
GTTAAG,-0.13680273497368084
GTTATA,0.2302307531972647
GTTATT,-0.12019558206176743
GTTATC,0.15386086675466046
GTTATG,0.2972515234679317
GTTACA,0.15148128984615455
GTTACT,-0.13505050845383895
GTTACC,-0.04968823338111653
GTTACG,-0.1532574238500433
GTTAGA,-0.4845458147455099
GTTAGT,-0.28649088708162784
GTTAGC,-0.6995780708902357
GTTAGG,-0.2690309558256803
GTTTAA,-0.43843512734573425
GTTTAT,0.26745016848019604
GTTTAC,0.44279940291013425
GTTTAG,-0.20633643299782845
GTTTTA,-0.0027359798188747488
GTTTTT,0.5580850972952097
GTTTTC,0.3191319271431729
GTTTTG,0.16418738418109008
GTTTCA,0.10981486600720661
GTTTCT,0.11215171323582804
GTTTCC,-0.10735851832049939
GTTTCG,-0.04502368137395513
GTTTGA,-0.10813086823338625
GTTTGT,0.2953502870919598
GTTTGC,0.10172414801444245
GTTTGG,-0.4737280283367179
GTTCAA,-0.18053424621985878
GTTCAT,0.20676891644241963
GTTCAC,0.22458136608383727
GTTCAG,-0.01324522675002068
GTTCTA,-0.12739849435582534
GTTCTT,-0.03796076223922297
GTTCTC,-0.009708814126960827
GTTCTG,-0.07819484758505675
GTTCCA,-0.3418689037933674
GTTCCT,-0.05727536606509793
GTTCCC,0.0014716706114562507
GTTCCG,-0.3364722366212129
GTTCGA,-0.300860164832336
GTTCGT,-0.0034423441909729015
GTTCGC,-0.5669958952330453
GTTCGG,-0.0931433317192345
GTTGAA,-0.1622808059105086
GTTGAT,-0.242576150854086
GTTGAC,0.06453852113757116
GTTGAG,-0.47125284864616734
GTTGTA,-0.23524395824829705
GTTGTT,-0.251027030664328
GTTGTC,0.08464264315407925
GTTGTG,-0.1626855822770957
GTTGCA,-0.5115396544996478
GTTGCT,-0.2929103168163108
GTTGCC,-0.4786467254017555
GTTGCG,-0.7906195233687654
GTTGGA,-0.6719235441083188
GTTGGT,-0.7204038971192545
GTTGGC,-0.6757554378480761
GTTGGG,-0.5753641449035618
GTCAAA,-0.04992330876660069
GTCAAT,0.12977904300597207
GTCAAC,-0.09682418463553981
GTCAAG,-0.17447837933292876
GTCATA,0.4186468448102287
GTCATT,-0.17086011327494813
GTCATC,0.18032355413128168
GTCATG,0.06744128079553248
GTCACA,0.28417944190057876
GTCACT,0.010582109330537008
GTCACC,-0.01734863833461309
GTCACG,0.09352605801082355
GTCAGA,-0.13976194237515874
GTCAGT,0.3977484791470199
GTCAGC,0.5085134840076112
GTCAGG,0.10783270480321547
GTCTAA,-0.5684437020589881
GTCTAT,0.16502519647383448
GTCTAC,-0.3591718241373197
GTCTAG,-0.2854067586146454
GTCTTA,-0.33554416230865913
GTCTTT,0.24332296191307107
GTCTTC,-0.19977400674518078
GTCTTG,0.10536051565782635
GTCTCA,-0.11980119981262077
GTCTCT,0.2126565638189618
GTCTCC,0.37874203796741085
GTCTCG,-0.23930848816756511
GTCTGA,0.01583906402974595
GTCTGT,0.2436220826577505
GTCTGC,0.4195342035565835
GTCTGG,-0.24014112768278081
GTCCAA,-0.26792292247131866
GTCCAT,-0.19454166812872983
GTCCAC,-0.6418538861723948
GTCCAG,-0.5784842722398054
GTCCTA,-0.36734947518565225
GTCCTT,-0.07793522533397168
GTCCTC,0.14953173397096384
GTCCTG,-0.1823215567939547
GTCCCA,-0.3606669652082699
GTCCCT,-0.05505977718302743
GTCCCC,0.10536051565782635
GTCCCG,-0.20972053098206914
GTCCGA,-0.4579115834807069
GTCCGT,0.1690763300439341
GTCCGC,0.36801722054266683
GTCCGG,0.17039298592868085
GTCGAA,-0.09237332013101517
GTCGAT,0.021053409197832263
GTCGAC,-0.3572630062902868
GTCGAG,-0.8593132971316146
GTCGTA,-0.30318625898774615
GTCGTT,-0.14771602761647898
GTCGTC,-0.34022458623976326
GTCGTG,0.012578782206860185
GTCGCA,-0.7912942416994697
GTCGCT,-0.3062584580247164
GTCGCC,-0.23262229526875347
GTCGCG,-0.9219887529887928
GTCGGA,-0.6763400622435641
GTCGGT,-0.3476873074413529
GTCGGC,-0.1070981355563671
GTCGGG,-0.21357410029805904
GTGAAA,0.3389065697563007
GTGAAT,0.1535098595554088
GTGAAC,0.24033595185458262
GTGAAG,0.3206350074555355
GTGATA,0.24934592370823383
GTGATT,-0.01178216869826024
GTGATC,0.0505080568128484
GTGATG,0.3116222799977894
GTGACA,0.44183275227903923
GTGACT,-0.23937474624279226
GTGACC,-0.3391142460840515
GTGACG,0.03666398437159131
GTGAGA,0.26077461953185666
GTGAGT,-0.3135637458243428
GTGAGC,0.10289442316263268
GTGAGG,0.5473495545668624
GTGTAA,0.27420398972213084
GTGTAT,0.5052854433903752
GTGTAC,0.2292597783316457
GTGTAG,-0.10821358464023272
GTGTTA,0.1252325898098274
GTGTTT,0.41763184686804344
GTGTTC,0.22790168876062664
GTGTTG,-0.050985554732867755
GTGTCA,0.2715959347001565
GTGTCT,0.06476453537743031
GTGTCC,0.1651963072684914
GTGTCG,0.3566749439387324
GTGTGA,0.24565532448642652
GTGTGT,0.2717182214627669
GTGTGC,-0.0309448038494216
GTGTGG,-0.18768349993534003
GTGCAA,-0.3234001550538601
GTGCAT,-0.12757104202254627
GTGCAC,-0.3893357261782807
GTGCAG,0.125311302077175
GTGCTA,-0.3056447728259534
GTGCTT,-0.08327634024060124
GTGCTC,-0.169076330043934
GTGCTG,0.501069448820626
GTGCCA,-0.28625247964218653
GTGCCT,0.022472855852058576
GTGCCC,-0.13491931789937064
GTGCCG,0.561321787780523
GTGCGA,-0.13431233760759406
GTGCGT,0.4638006851211278
GTGCGC,-0.2363887780642304
GTGCGG,0.6244506492737103
GTGGAA,-0.3759250850330133
GTGGAT,-0.4121096508268329
GTGGAC,-0.7695634110043086
GTGGAG,-0.12516314295400605
GTGGTA,-0.17662353567931688
GTGGTT,-0.4739850545449205
GTGGTC,-0.6959211074426707
GTGGTG,-0.06193095773049027
GTGGCA,-0.2776317365982795
GTGGCT,-0.8109302162163288
GTGGCC,-1.376875139203399
GTGGCG,-0.3406651148812488
GTGGGA,-0.4071730504533205
GTGGGT,-0.63945867544644
GTGGGC,-0.3364722366212129
GTGGGG,-0.3177801036090605
GCAAAA,-0.03278982282299084
GCAAAT,-0.24147450799893308
GCAAAC,-0.04067103973092786
GCAAAG,-0.4062138913704055
GCAATA,-0.2946887184773055
GCAATT,-0.968756671777457
GCAATC,-0.3310325133253948
GCAATG,-0.21040452553678
GCAACA,-0.28915158043114086
GCAACT,-0.4222722264245456
GCAACC,-0.4088780807044044
GCAACG,-0.4313184869344982
GCAAGA,-0.24628826813799842
GCAAGT,-0.5061086338878517
GCAAGC,-0.04445176257083381
GCAAGG,-0.04364876466901341
GCATAA,0.04845238338594675
GCATAT,0.3781391826070322
GCATAC,0.4560474177519361
GCATAG,-0.022166295457260378
GCATTA,-0.5259112611840316
GCATTT,-0.18570729158808535
GCATTC,0.09548876717867227
GCATTG,-0.38608663327085363
GCATCA,-0.06800472911405742
GCATCT,-0.12197842688648611
GCATCC,0.028264558169631422
GCATCG,-0.5083224935478722
GCATGA,0.03661736323822331
GCATGT,0.18130941095855996
GCATGC,-0.04708803609890157
GCATGG,-0.39107637065606476
GCACAA,-0.15902599419043253
GCACAT,0.47041608542811403
GCACAC,0.1841413935109406
GCACAG,0.3701582942760194
GCACTA,-0.13297568269079968
GCACTT,-0.35020242943311486
GCACTC,-0.065265001372937
GCACTG,-0.11236296818704417
GCACCA,-0.14077255388108215
GCACCT,0.496165675355306
GCACCC,0.1520162072986257
GCACCG,0.32047189527477177
GCACGA,-0.17953991383207776
GCACGT,0.09821762814544617
GCACGC,0.0553500950831649
GCACGG,-0.36545977349446523
GCAGAA,0.22314355131420976
GCAGAT,-0.04759897879927896
GCAGAC,0.30673026742247544
GCAGAG,0.22522905780523111
GCAGTA,0.04159389729883714
GCAGTT,0.013341616937574137
GCAGTC,0.08535984895115685
GCAGTG,0.19051832399813318
GCAGCA,0.19155322702662012
GCAGCT,0.34859082553877346
GCAGCC,0.537142932083364
GCAGCG,0.4834266495778762
GCAGGA,0.3969904811171921
GCAGGT,0.3334916084830751
GCAGGC,0.7579958273008706
GCAGGG,0.38205701721014956
GCTAAA,-0.24574338323145062
GCTAAT,-0.6426391237470969
GCTAAC,-0.6915329752054041
GCTAAG,-0.3629054936893685
GCTATA,0.1768627987502036
GCTATT,-0.06093691037359728
GCTATC,-0.01730963753509162
GCTATG,0.030771658666753687
GCTACA,-0.17662353567931688
GCTACT,-0.44313061099463913
GCTACC,-0.5527898228650229
GCTACG,-0.6377970854767804
GCTAGA,-0.5706656241220078
GCTAGT,-0.7055697005585025
GCTAGC,-1.3679452224516941
GCTAGG,-0.3029495445825695
GCTTAA,-0.3948167143511292
GCTTAT,0.22071144634559728
GCTTAC,0.3014307726435011
GCTTAG,-0.73099332305006
GCTTTA,-0.03342213394111799
GCTTTT,0.6317385524313017
GCTTTC,0.34564034921502323
GCTTTG,-0.36218059333142
GCTTCA,-0.07188177634106935
GCTTCT,0.05450209842433522
GCTTCC,0.05585207792589321
GCTTCG,0.11112422037457635
GCTTGA,-0.3419517023858385
GCTTGT,0.24981179839637108
GCTTGC,-0.002699056969165058
GCTTGG,-0.2583074637718767
GCTCAA,-0.39114078082001097
GCTCAT,0.05644131090495184
GCTCAC,0.13489286322284355
GCTCAG,-0.526945005645874
GCTCTA,-0.4157820750790967
GCTCTT,0.2511174033566158
GCTCTC,0.1937296661079163
GCTCTG,-0.27148009787550054
GCTCCA,-0.48721575812685686
GCTCCT,0.6866641756818671
GCTCCC,-0.02363160453327706
GCTCCG,0.3409265869705932
GCTCGA,-0.6570881307442427
GCTCGT,0.09614386055290215
GCTCGC,-0.4906229164484712
GCTCGG,-0.3193191573949634
GCTGAA,0.42626823573792755
GCTGAT,0.29182041711042905
GCTGAC,0.5226321363529796
GCTGAG,0.29593521420850144
GCTGTA,0.4834266495778763
GCTGTT,0.7102416139192453
GCTGTC,0.5539651164266084
GCTGTG,0.20935022918187396
GCTGCA,0.008810629682154906
GCTGCT,0.34279654076665506
GCTGCC,0.7674171091477405
GCTGCG,0.5016089686610666
GCTGGA,0.09218075321341643
GCTGGT,-0.01587334915629012
GCTGGC,0.29334780998745824
GCTGGG,-0.19450197535082564
GCCAAA,-0.25603913269052214
GCCAAT,-0.334728557016386
GCCAAC,-0.7916988542884411
GCCAAG,-0.24512245803298496
GCCATA,-0.029148489714417268
GCCATT,-0.14019232757655142
GCCATC,-0.21791250189665726
GCCATG,-0.26048632964329094
GCCACA,-0.8140997909776078
GCCACT,-0.7498425242364904
GCCACC,-0.25928259793008296
GCCACG,-0.6658550382719377
GCCAGA,-0.4151739222351254
GCCAGT,-0.14410034397375687
GCCAGC,0.16377127781424086
GCCAGG,-0.7833940584077234
GCCTAA,-0.2785495888885084
GCCTAT,0.05340077672711525
GCCTAC,-0.36211466723455066
GCCTAG,-0.8705547225514709
GCCTTA,-0.4916964538569953
GCCTTT,0.08022894475387739
GCCTTC,-0.09658977050995
GCCTTG,-0.4068247276242039
GCCTCA,-0.5044639678603426
GCCTCT,0.20782931634116736
GCCTCC,0.8168568348859682
GCCTCG,-1.1999647829283973
GCCTGA,0.21007146974685706
GCCTGT,0.47644407756674534
GCCTGC,0.7047080029610213
GCCTGG,-0.29411296278207133
GCCCAA,-0.38701640255583125
GCCCAT,-0.3820036214291665
GCCCAC,-0.7178397931503168
GCCCAG,-0.6513777676836504
GCCCTA,-0.40004504063882523
GCCCTT,-0.21046072346590106
GCCCTC,0.15293929264096123
GCCCTG,-0.1664301894573201
GCCCCA,-0.29898162770571424
GCCCCT,0.03636764417087479
GCCCCC,0.07073655109177827
GCCCCG,0.21924491089855244
GCCCGA,-0.6418538861723948
GCCCGT,0.21305943224758375
GCCCGC,0.42411622473426497
GCCCGG,0.42456527948158373
GCCGAA,-0.060624621816434854
GCCGAT,0.014098924379501675
GCCGAC,-0.040821994520255166
GCCGAG,-0.2723477084516743
GCCGTA,0.019544596072970346
GCCGTT,0.5637911593459034
GCCGTC,0.4744579795951159
GCCGTG,-0.13768940277318642
GCCGCA,0.338656438436054
GCCGCT,0.8320303882564152
GCCGCC,0.8242325874562075
GCCGCG,0.5023149340980819
GCCGGA,0.8295398054655002
GCCGGT,0.5344354894051243
GCCGGC,0.8532516219632027
GCCGGG,0.7772918570674989
GCGAAA,-0.29811136874876665
GCGAAT,-0.15300716912517945
GCGAAC,-0.11555834063427226
GCGAAG,-0.24163813395037406
GCGATA,0.0905140075408319
GCGATT,-0.14629209321473707
GCGATC,-0.022814677766171288
GCGATG,-0.0449216873915118
GCGACA,-0.608047850041941
GCGACT,-0.505548566665147
GCGACC,-0.7419373447293773
GCGACG,-0.7654678421395714
GCGAGA,-0.29354719190417905
GCGAGT,-0.35894509247327155
GCGAGC,-0.2553466918088444
GCGAGG,0.2680561079950325
GCGTAA,-0.18417169608211612
GCGTAT,0.3448404862917296
GCGTAC,-0.014888612493750637
GCGTAG,0.13093735744747603
GCGTTA,-0.013902905168991493
GCGTTT,0.3607944142339711
GCGTTC,0.06280090123903023
GCGTTG,-0.7665746491147626
GCGTCA,0.09639184567506577
GCGTCT,0.013245226750020723
GCGTCC,0.25131442828090617
GCGTCG,-0.2345073099645248
GCGTGA,0.1392620673335078
GCGTGT,0.6140098600012215
GCGTGC,0.09015109699429748
GCGTGG,-1.0095786662977122
GCGCAA,-0.5937747067467416
GCGCAT,0.017804624633506686
GCGCAC,-0.02575249610241474
GCGCAG,0.3536400402435784
GCGCTA,-0.2814124594381856
GCGCTT,0.4658219086490617
GCGCTC,-0.07076907088820739
GCGCTG,0.024541108916117445
GCGCCA,-0.25664996320405237
GCGCCT,0.1405400227789997
GCGCCC,0.13543797089510431
GCGCCG,0.15415067982725836
GCGCGA,-0.4803664162812821
GCGCGT,-0.4474293072071964
GCGCGC,-0.6499184460091251
GCGCGG,-0.11895194286136523
GCGGAA,0.3492620115496069
GCGGAT,0.30237278786178456
GCGGAC,0.16469995544413518
GCGGAG,0.7099542988763266
GCGGTA,0.15906469462968728
GCGGTT,0.2595111954850846
GCGGTC,0.5471932679368655
GCGGTG,0.5194093674573822
GCGGCA,0.399924927732549
GCGGCT,0.9018604670451262
GCGGCC,0.25391520998096345
GCGGCG,0.5705448584676129
GCGGGA,0.4361020775700542
GCGGGT,0.726483600827537
GCGGGC,0.4112960284189576
GCGGGG,0.5551258826625707
GGAAAA,0.08535984895115685
GGAAAT,-0.11482299402790651
GGAAAC,-0.07696104113612832
GGAAAG,-0.029102582987696697
GGAATA,0.09706171284313124
GGAATT,-0.3640390664538675
GGAATC,-0.12732798066354814
GGAATG,0.0950559748290119
GGAACA,-0.1258549451261835
GGAACT,-0.5260930958967791
GGAACC,-0.7450048317972391
GGAACG,0.20325339283499017
GGAAGA,-0.02356627494548346
GGAAGT,-0.29310213992112005
GGAAGC,0.13283477121007467
GGAAGG,0.5512591933444811
GGATAA,-0.05280623382432184
GGATAT,0.25158919129953267
GGATAC,0.27337055805852517
GGATAG,-0.10716217039133928
GGATTA,-0.6973636309388801
GGATTT,-0.09616342217690892
GGATTC,-0.10427081323685472
GGATTG,-0.09998527013331882
GGATCA,-0.25213108818746205
GGATCT,-0.4165149442947494
GGATCC,-1.6880810397532136
GGATCG,-0.1778068764394281
GGATGA,0.1286527078932874
GGATGT,0.26872105981052896
GGATGC,0.06390380197948005
GGATGG,0.13543797089510412
GGACAA,-0.01857638557293542
GGACAT,-0.1599374754104171
GGACAC,0.22036962443148442
GGACAG,0.49381427793945404
GGACTA,-0.5447877796658049
GGACTT,-0.5834198457357785
GGACTC,-0.44895022004790314
GGACTG,0.03233538064293645
GGACCA,-0.8209805520698302
GGACCT,-0.9447702031960237
GGACCC,-1.3835127181580138
GGACCG,-0.587786664902119
GGACGA,0.07667536765896771
GGACGT,-0.45198512374305727
GGACGC,0.18078427747506828
GGACGG,0.2782033284972371
GGAGAA,0.43794570039733
GGAGAT,0.34792215282913774
GGAGAC,0.11778303565638346
GGAGAG,0.6931471805599453
GGAGTA,-0.06513930217096149
GGAGTT,-0.1592397493347296
GGAGTC,-0.3406651148812488
GGAGTG,0.7541545286679691
GGAGCA,0.16251892949777494
GGAGCT,0.20448312859680712
GGAGCC,0.1288910130680205
GGAGCG,0.7643746898483131
GGAGGA,1.3326849105145098
GGAGGT,1.483304097560297
GGAGGC,0.757389449288299
GGAGGG,1.1201184938890731
GGTAAA,-0.00202497537977139
GGTAAT,-0.46828983276800085
GGTAAC,-0.016231194928582552
GGTAAG,-0.24334625863172918
GGTATA,0.5108256237659907
GGTATT,0.027150989065950898
GGTATC,-0.1239107946375402
GGTATG,0.3018667074437374
GGTACA,0.20633643299782858
GGTACT,-0.002171553513507907
GGTACC,-0.1823215567939546
GGTACG,0.0425596144187959
GGTAGA,-0.34325192360659174
GGTAGT,-0.6617056547251264
GGTAGC,-0.5335651107354803
GGTAGG,-0.6259384308664953
GGTTAA,-0.49241543317311326
GGTTAT,0.1794061028338305
GGTTAC,-0.2411620568168881
GGTTAG,-0.5835040031101182
GGTTTA,-0.24827952458575203
GGTTTT,0.39881154292807797
GGTTTC,-0.03484050466072022
GGTTTG,0.002612104227924961
GGTTCA,-0.18457127652797004
GGTTCT,-0.4752862617101628
GGTTCC,-0.38193461069797024
GGTTCG,-0.15790302944580878
GGTTGA,-0.48345442696985863
GGTTGT,-0.21325879208166776
GGTTGC,-0.42509107256491285
GGTTGG,-0.5941157999537665
GGTCAA,-0.3808254041710155
GGTCAT,0.03440877968554182
GGTCAC,-0.49571198595594246
GGTCAG,0.10536051565782635
GGTCTA,-0.6079523344967135
GGTCTT,0.10078907912524548
GGTCTC,-0.3255907364336788
GGTCTG,0.07571182173569638
GGTCCA,-1.0095786662977122
GGTCCT,-0.22943947977102444
GGTCCC,-0.5394130806179032
GGTCCG,-0.7008100533055145
GGTCGA,-0.3996511382427444
GGTCGT,-0.41284521540578695
GGTCGC,-1.3755222641379796
GGTCGG,-0.4700036292457356
GGTGAA,0.5139555167749182
GGTGAT,0.32225998533011496
GGTGAC,0.014742281737203431
GGTGAG,0.46765345190078195
GGTGTA,0.3655050233870044
GGTGTT,0.489203159752825
GGTGTC,0.3627725238068508
GGTGTG,0.13562417329765333
GGTGCA,0.09952959534703307
GGTGCT,0.36994947514742854
GGTGCC,0.19716806491094918
GGTGCG,0.32768740706548005
GGTGGA,-0.31889709179970543
GGTGGT,0.006688988150796489
GGTGGC,-0.3958956570920136
GGTGGG,-0.2354809250740507
GGCAAA,-0.20826416954708654
GGCAAT,-0.5610199538576883
GGCAAC,-0.48594727964287154
GGCAAG,-0.08562152270057549
GGCATA,0.1026207879167061
GGCATT,-0.1440527713660554
GGCATC,-0.13248918304607887
GGCATG,0.01680711831638119
GGCACA,0.05452083887841711
GGCACT,-0.4937577152538428
GGCACC,0.3431612247720095
GGCACG,0.00836824967051658
GGCAGA,0.21640951913286557
GGCAGT,0.2165861507680507
GGCAGC,0.6882809909087723
GGCAGG,0.5085759040319753
GGCTAA,-0.48821906913707663
GGCTAT,-0.005698021114637779
GGCTAC,-0.28876843866400176
GGCTAG,-0.521171915820135
GGCTTA,-0.20520585062754246
GGCTTT,0.40589623551298837
GGCTTC,0.1693823744227575
GGCTTG,-0.19153821189887857
GGCTCA,-0.22399425319452265
GGCTCT,0.2031246844237178
GGCTCC,-0.22677331936478848
GGCTCG,-0.2723477084516743
GGCTGA,0.4145487933305709
GGCTGT,0.8184349418703964
GGCTGC,0.6762181184594972
GGCTGG,0.141563564321787
GGCCAA,-0.7584666466805879
GGCCAT,-0.38526240079064494
GGCCAC,-1.376875139203399
GGCCAG,-0.6678293725756553
GGCCTA,-0.5284472251158101
GGCCTT,-0.4935869793818212
GGCCTC,-0.47667773633342875
GGCCTG,0.33124004679091085
GGCCCA,-0.8678641379686806
GGCCCT,-0.7846622893957185
GGCCCC,-1.0752649246711186
GGCCCG,-0.5636891133230585
GGCCGA,-0.2702903297399117
GGCCGT,0.1208048380852999
GGCCGC,0.5679840376059393
GGCCGG,0.4954407049265112
GGCGAA,-0.22110758182911103
GGCGAT,-0.050952327173927184
GGCGAC,-1.0251451367862372
GGCGAG,0.13108540689626227
GGCGTA,0.01526747213078838
GGCGTT,0.2756337339356064
GGCGTC,0.3523552827942161
GGCGTG,0.19616696361600766
GGCGCA,-0.20622707764750908
GGCGCT,0.15693232278913521
GGCGCC,0.0654278053224552
GGCGCG,-0.2394799706339033
GGCGGA,0.403680986314663
GGCGGT,0.377294231141468
GGCGGC,0.6337237600891445
GGCGGG,0.6740989855892509
GGGAAA,0.06176459425484599
GGGAAT,-0.08841095734405308
GGGAAC,0.124873329881408
GGGAAG,0.0023014969882791674
GGGATA,-0.12479077281378824
GGGATT,0.046727076407969394
GGGATC,-0.507486722500476
GGGATG,0.34159170172740394
GGGACA,-0.18786173716957
GGGACT,-0.2540134852500711
GGGACC,-1.1500444623003803
GGGACG,0.16862271243579272
GGGAGA,0.4460309878876164
GGGAGT,0.12306009275722721
GGGAGC,0.12204743444284097
GGGAGG,0.9009227016458411
GGGTAA,-0.2732933349996813
GGGTAT,0.10699583899855698
GGGTAC,-0.5398733092062216
GGGTAG,-0.29322225282739633
GGGTTA,-0.467549640284169
GGGTTT,0.36418248670846814
GGGTTC,-0.39909565982268463
GGGTTG,-0.4037970510074674
GGGTCA,-0.346343985100367
GGGTCT,0.0816780310142671
GGGTCC,-1.0732944806838198
GGGTCG,-0.9973585549629368
GGGTGA,0.4470141110210369
GGGTGT,0.5978370007556204
GGGTGC,0.22941316432780512
GGGTGG,-0.15154989812720093
GGGCAA,-0.5248445449453216
GGGCAT,-0.13400297952314702
GGGCAC,-0.3499859557879358
GGGCAG,0.1887421245968774
GGGCTA,-0.5059863471252414
GGGCTT,0.23391564829612102
GGGCTC,0.055151820075080064
GGGCTG,0.36608677812107904
GGGCCA,-1.1837700970084166
GGGCCT,-0.37260794295038924
GGGCCC,-1.8299112351924312
GGGCCG,0.032523191705560145
GGGCGA,-0.48617648849133654
GGGCGT,-0.14458122881110755
GGGCGC,-0.10318423623523075
GGGCGG,0.38484582090542874
GGGGAA,0.31992032328064457
GGGGAT,0.43619564919920445
GGGGAC,-0.14675009100908687
GGGGAG,0.608221310061337
GGGGTA,-0.13657553500575073
GGGGTT,0.1208048380852999
GGGGTC,-0.5567545556543904
GGGGTG,0.5834482633035208
GGGGCA,-0.3229888862839259
GGGGCT,0.18742546871213042
GGGGCC,-0.7798981069686002
GGGGCG,-0.3550947487192148
GGGGGA,0.8322377065944647
GGGGGT,0.3884236422533127
GGGGGC,0.11107481692126493
GGGGGG,0.24464975653517335
