Item,Count obs
AAAAAA,0.3978387603731004
AAAAAT,-0.021343629252202692
AAAAAC,0.5630700228035104
AAAAAG,0.7367141671963549
AAAATA,0.282857803963675
AAAATT,-0.5952690941778609
AAAATC,-0.06972048099120458
AAAATG,0.2838932921676692
AAAACA,0.47448692189863584
AAAACT,-0.11879569397076963
AAAACC,0.4203033342744282
AAAACG,0.5762875387966407
AAAAGA,0.5029308459189825
AAAAGT,-0.002238389294979779
AAAAGC,0.6258480503355538
AAAAGG,0.5751995493966475
AAATAA,0.23945432582729562
AAATAT,0.06966695307634524
AAATAC,0.12162859462300193
AAATAG,0.07825219689974813
AAATTA,-0.7616708061657977
AAATTT,-0.7124901434030763
AAATTC,-0.5218489800574345
AAATTG,-0.43691501965205803
AAATCA,-0.12015617839085568
AAATCT,-0.41086361532352283
AAATCC,-0.1186057424078469
AAATCG,-0.06601547045131123
AAATGA,0.2846311756185246
AAATGT,0.17456726801394937
AAATGC,-0.017887834944746817
AAATGG,-0.006902529562770463
AAACAA,0.2326662072398959
AAACAT,0.15117531264572023
AAACAC,0.43186692703871254
AAACAG,0.5614486768415874
AAACTA,-0.16952067575220042
AAACTT,-0.4291365399136309
AAACTC,-0.34536118403845895
AAACTG,0.11751133344033901
AAACCA,-0.25064080077143186
AAACCT,0.1189200454434587
AAACCC,0.2601087455476812
AAACCG,0.3640009840308053
AAACGA,0.2964748243997595
AAACGT,0.2852159799565874
AAACGC,0.42657681104817996
AAACGG,0.5474150711982829
AAAGAA,0.26826398659467937
AAAGAT,-0.10258073591516376
AAAGAC,0.2946025152963547
AAAGAG,0.6016426630932655
AAAGTA,-0.013605652055778598
AAAGTT,-0.3364722366212129
AAAGTC,-0.16743589937857994
AAAGTG,0.041797128678461457
AAAGCA,0.24293746784693457
AAAGCT,-0.015598236530324409
AAAGCC,0.3964720536688057
AAAGCG,0.6201493944763976
AAAGGA,0.7613804621888782
AAAGGT,0.04388076902658023
AAAGGC,0.08263226458027018
AAAGGG,0.5272643501091505
AATAAA,0.32538393963579254
AATAAT,-0.1268786011408686
AATAAC,-0.1565288022322258
AATAAG,0.04408749859684918
AATATA,0.25755625386831016
AATATT,-0.13298072289906102
AATATC,-0.036568061403783825
AATATG,0.28132974227110935
AATACA,0.27211755591066916
AATACT,-0.31817397170979983
AATACC,0.007996488634226355
AATACG,0.1721691853299367
AATAGA,0.23541364390602398
AATAGT,-0.08883766529870742
AATAGC,-0.15256211714212042
AATAGG,0.09105996551562989
AATTAA,-0.7860347947219513
AATTAT,-0.3532184980729211
AATTAC,-0.8113836281488301
AATTAG,-0.6574364293092907
AATTTA,-0.6186446532620242
AATTTT,-0.6500843853089102
AATTTC,-0.6332381616694877
AATTTG,-0.5860870165628849
AATTCA,-0.37584740185604315
AATTCT,-0.7881767373794063
AATTCC,-0.32463777897421
AATTCG,-0.35956795141586234
AATTGA,-0.3328097448528897
AATTGT,-0.2188867162235253
AATTGC,-0.682238843795807
AATTGG,-0.5458957231929588
AATCAA,-0.3791513696193144
AATCAT,0.036720440082101714
AATCAC,-0.06920282319882909
AATCAG,0.07647036399183797
AATCTA,-0.3382675692398873
AATCTT,-0.6084059521048548
AATCTC,-0.17236539841797907
AATCTG,-0.27417664925197394
AATCCA,-0.5360509905029301
AATCCT,-0.1170336912976026
AATCCC,-0.07490130817311784
AATCCG,-0.21579265590081836
AATCGA,-0.29324907218561064
AATCGT,-0.04035129552356746
AATCGC,-0.08327634024060124
AATCGG,-0.08678913007239086
AATGAA,0.24807293435673516
AATGAT,0.10640272523626998
AATGAC,0.1791558412559298
AATGAG,0.08761762132465706
AATGTA,0.21752871342988073
AATGTT,-0.07668252839237004
AATGTC,-0.11960287237336936
AATGTG,0.06362569588021155
AATGCA,-0.20934245914391733
AATGCT,-0.28904832620192805
AATGCC,-0.0902934468747267
AATGCG,-0.2793138227812644
AATGGA,-0.04445176257083381
AATGGT,-0.0769610411361282
AATGGC,-0.17072980863016957
AATGGG,-0.17233299891044876
AACAAA,0.18943100237963065
AACAAT,-0.12677030665662015
AACAAC,-0.05182506786458602
AACAAG,0.1347479377867267
AACATA,0.2554391460055603
AACATT,-0.1732146637314896
AACATC,0.11531792367687262
AACATG,0.2412709359067665
AACACA,0.15318496270729942
AACACT,0.20505987588091443
AACACC,0.24021553521285727
AACACG,0.21941915222322741
AACAGA,0.39814598677943186
AACAGT,-0.10369245855712922
AACAGC,0.6622345874979192
AACAGG,0.4517920921817976
AACTAA,-0.36862934825574417
AACTAT,-0.1299889413358871
AACTAC,-0.5483726963612422
AACTAG,0.04019088058324528
AACTTA,-0.6338609484146334
AACTTT,-0.3801473001238745
AACTTC,-0.37979405556899853
AACTTG,-0.6791948765804913
AACTCA,-0.5744708889263468
AACTCT,-0.554842509182765
AACTCC,0.012954839873466732
AACTCG,-0.6467759633778231
AACTGA,-0.19396153758309054
AACTGT,-0.00935778840556045
AACTGC,0.18349871996696934
AACTGG,-0.016529301951210582
AACCAA,-0.5281945676998734
AACCAT,-0.1577688597880756
AACCAC,-0.5112337037553307
AACCAG,-0.1426563004015232
AACCTA,-0.3404770477407255
AACCTT,-0.14638954756789133
AACCTC,0.1666962388908738
AACCTG,0.03067400718481492
AACCCA,-0.596085467716814
AACCCT,0.11079531164378327
AACCCC,0.12241330404054572
AACCCG,0.2584829177595186
AACCGA,-0.18954180476744173
AACCGT,0.04335044087361382
AACCGC,0.3980601601015867
AACCGG,0.2779258975064163
AACGAA,0.30124160223741314
AACGAT,0.16438808892047838
AACGAC,-0.25104338884300886
AACGAG,-0.0062305497506361975
AACGTA,0.1658290947182294
AACGTT,0.1359833758718093
AACGTC,-0.267716641206083
AACGTG,0.3229638865964207
AACGCA,-0.09151510883577334
AACGCT,0.22981469013123218
AACGCC,0.18167660353070803
AACGCG,-0.008075414005545307
AACGGA,0.2336148511815051
AACGGT,0.14149956227369942
AACGGC,0.6405547304407747
AACGGG,0.09798040836020382
AAGAAA,0.2739608509719872
AAGAAT,-0.2551896031843559
AAGAAC,0.07597205665832564
AAGAAG,0.2770625036243206
AAGATA,0.04535714968564639
AAGATT,-0.5056607938130118
AAGATC,-0.5556139355883745
AAGATG,0.02516241990224303
AAGACA,0.2737258609579816
AAGACT,-0.35524535112913797
AAGACC,0.0755075525081451
AAGACG,0.2383183493334448
AAGAGA,0.340281134163056
AAGAGT,-0.2676814057451114
AAGAGC,0.21184399606027648
AAGAGG,0.4543957315797446
AAGTAA,-0.06931179989022883
AAGTAT,-0.1979000623816429
AAGTAC,-0.5723009474627384
AAGTAG,-0.4010839400926013
AAGTTA,-0.4700036292457356
AAGTTT,-0.4674435368220251
AAGTTC,-0.35402185495899213
AAGTTG,-0.45425527227759643
AAGTCA,-0.12705887811890523
AAGTCT,-0.5143906899304869
AAGTCC,-0.42931632393034425
AAGTCG,-0.35783705911890973
AAGTGA,0.21410629828826824
AAGTGT,0.02806884135617964
AAGTGC,-0.3107197405187982
AAGTGG,-0.3822817726525072
AAGCAA,-0.08050879950206286
AAGCAT,-0.10668414258833457
AAGCAC,0.031605339415331044
AAGCAG,0.4840781153989625
AAGCTA,-0.5909116674452543
AAGCTT,-0.13588011735837147
AAGCTC,0.03950904300462643
AAGCTG,0.43303466214633846
AAGCCA,-0.2139346122288999
AAGCCT,0.0727994996085142
AAGCCC,0.18454625181606574
AAGCCG,0.5023581726668922
AAGCGA,-0.020955365175987995
AAGCGT,0.11867629163359852
AAGCGC,0.5510995229039306
AAGCGG,0.7167819586939421
AAGGAA,0.18451044584147702
AAGGAT,0.11431029900760066
AAGGAC,0.055021660890213306
AAGGAG,1.377855492474026
AAGGTA,-0.0910127945917786
AAGGTT,-0.12808178785695798
AAGGTC,-0.18460205949267977
AAGGTG,0.31959074090560974
AAGGCA,-0.12863305168044922
AAGGCT,-0.00700664602552455
AAGGCC,-0.2876820724517809
AAGGCG,0.3453753886847991
AAGGGA,0.3744349735859244
AAGGGT,0.002974717116742875
AAGGGC,0.056512210263342404
AAGGGG,0.7168963607716086
ATAAAA,0.5826838761856972
ATAAAT,-0.07090507288311279
ATAAAC,0.2606566323923179
ATAAAG,0.5015153576148949
ATAATA,0.35534692249521316
ATAATT,-0.44146449596848836
ATAATC,0.04711016023744374
ATAATG,0.3252638087286418
ATAACA,0.3143793812756145
ATAACT,-0.32096805008524765
ATAACC,-0.13714983814723372
ATAACG,0.27727885769089483
ATAAGA,0.20199333763231814
ATAAGT,-0.19591916505933832
ATAAGC,0.13271539910719332
ATAAGG,0.23048034137806406
ATATAA,0.47849486249809914
ATATAT,0.41617802473793514
ATATAC,0.5861611924401923
ATATAG,0.4044293752346322
ATATTA,-0.05322913570005903
ATATTT,0.13575669137993945
ATATTC,0.06681184554059123
ATATTG,0.1985500909721967
ATATCA,0.34044960150960596
ATATCT,0.09097177820572679
ATATCC,0.20482642340162985
ATATCG,0.44602004427458225
ATATGA,0.5937503583701684
ATATGT,0.4567584024957149
ATATGC,0.3031091014706367
ATATGG,0.13868338753395063
ATACAA,0.38587035941163145
ATACAT,0.5677569455191225
ATACAC,0.4352306624906906
ATACAG,0.659245628884264
ATACTA,0.2850189550322972
ATACTT,-0.04993695328593863
ATACTC,0.07476989506387373
ATACTG,0.34574587340654217
ATACCA,0.14895586295015423
ATACCT,0.08888228492544147
ATACCC,0.1353413478697621
ATACCG,0.2186083961488185
ATACGA,0.34519705609404566
ATACGT,0.2668044874302258
ATACGC,0.39730179746900346
ATACGG,0.5569167309662578
ATAGAA,0.35344392335728586
ATAGAT,0.046892524486285454
ATAGAC,0.09574505695838434
ATAGAG,0.4235327548673945
ATAGTA,0.5493978985522304
ATAGTT,-0.34114514232060533
ATAGTC,-0.10265415406008334
ATAGTG,0.12928510174307162
ATAGCA,0.09958015274232686
ATAGCT,-0.11874875277634238
ATAGCC,-0.07490130817311784
ATAGCG,0.1569848810631335
ATAGGA,0.19592009270355332
ATAGGT,-0.15658673462513947
ATAGGC,0.0466600814660624
ATAGGG,0.14981227822866008
ATTAAA,-0.5134029447802911
ATTAAT,-0.7421577789857532
ATTAAC,-0.6460004021342433
ATTAAG,-0.5126171215234384
ATTATA,0.500400104752798
ATTATT,-0.24042355594003612
ATTATC,-0.20517969487000487
ATTATG,-0.1039765797367228
ATTACA,-0.04750233398500325
ATTACT,-0.5838901946229959
ATTACC,-0.40377591851731964
ATTACG,-0.2623642644674911
ATTAGA,-0.5296941080703735
ATTAGT,-0.4256798273655522
ATTAGC,-0.6865682094619028
ATTAGG,-0.542022221649224
ATTTAA,-0.5986278272104383
ATTTAT,-0.010504973869285346
ATTTAC,-0.10097591734000222
ATTTAG,-0.5948100360572154
ATTTTA,0.036452790409591096
ATTTTT,-0.03387618903521172
ATTTTC,0.021467729624106195
ATTTTG,-0.21596240326057287
ATTTCA,-0.12985050505650098
ATTTCT,-0.1332472613539649
ATTTCC,-0.317956836698373
ATTTCG,-0.44330226025839925
ATTTGA,-0.33897050301427356
ATTTGT,0.002063984220851649
ATTTGC,-0.3139572142535782
ATTTGG,-0.64650073468277
ATTCAA,-0.250114668089002
ATTCAT,0.05025505238392129
ATTCAC,0.1131261741681986
ATTCAG,0.0031298930089275656
ATTCTA,-0.1601476992996326
ATTCTT,-0.33922630060378606
ATTCTC,-0.07808274624532845
ATTCTG,-0.35604974854481397
ATTCCA,-0.5041366356151941
ATTCCT,0.03619212859341684
ATTCCC,0.10609662169032842
ATTCCG,-0.2814124594381856
ATTCGA,-0.14679770552199953
ATTCGT,0.13543797089510431
ATTCGC,-0.35065687161316944
ATTCGG,-0.1963077987686946
ATTGAA,-0.20349981550369833
ATTGAT,-0.04694275924719156
ATTGAC,0.11223339494558825
ATTGAG,-0.10347904755812076
ATTGTA,0.37100815514078306
ATTGTT,-0.06904225298371472
ATTGTC,-0.0480458396095748
ATTGTG,-0.0775582343458745
ATTGCA,-0.5568107370078141
ATTGCT,-0.23459290808141864
ATTGCC,-0.32822816684613076
ATTGCG,-0.5364933705145686
ATTGGA,-0.3385109733110612
ATTGGT,-0.4825574776311123
ATTGGC,-0.2360827336854071
ATTGGG,-0.7214318943985273
ATCAAA,-0.2316008381166938
ATCAAT,-0.12550910386387426
ATCAAC,-0.24995081554535317
ATCAAG,-0.1577688597880756
ATCATA,0.46468446776813555
ATCATT,0.17888533088778188
ATCATC,0.14877300859313972
ATCATG,0.179971379449001
ATCACA,0.34627623671783375
ATCACT,0.0491207973349501
ATCACC,0.4522101209315416
ATCACG,0.017126964792800636
ATCAGA,0.014174053037363634
ATCAGT,0.003745322730162113
ATCAGC,0.576753999192616
ATCAGG,0.11617143176204202
ATCTAA,-0.4203768476038472
ATCTAT,0.009333035080615426
ATCTAC,-0.7028559946869062
ATCTAG,-0.7127455386285738
ATCTTA,-0.376667306554711
ATCTTT,-0.24592103292645903
ATCTTC,-0.3044695055350391
ATCTTG,-0.39525442590620746
ATCTCA,-0.24103562657460584
ATCTCT,0.05789397841890246
ATCTCC,0.35061431932704135
ATCTCG,-0.7742503337199208
ATCTGA,-0.26306973186888355
ATCTGT,0.08543781254219927
ATCTGC,0.06696570679518234
ATCTGG,-0.44371776697481047
ATCCAA,-0.5750351434200875
ATCCAT,-0.22156750685874402
ATCCAC,-0.266140228677026
ATCCAG,-0.26808837855137957
ATCCTA,-0.06991198919871441
ATCCTT,0.13891077633549062
ATCCTC,0.36882084224084044
ATCCTG,-0.138066547789914
ATCCCA,-0.7789786164097264
ATCCCT,0.025953738053415804
ATCCCC,0.4706595820406559
ATCCCG,0.08796877294595701
ATCCGA,-0.4936578201436253
ATCCGT,-0.11240461316362504
ATCCGC,0.25177536398853684
ATCCGG,0.19132750612954985
ATCGAA,-0.3254790881702514
ATCGAT,-0.22856094944398353
ATCGAC,-0.1783454084143153
ATCGAG,-0.5416955577018521
ATCGTA,0.37106368139083196
ATCGTT,0.358594330324536
ATCGTC,-0.22994960578320928
ATCGTG,0.10536051565782635
ATCGCA,-0.1670540846631662
ATCGCT,0.05205636195605313
ATCGCC,-0.28438717655492834
ATCGCG,-0.24512245803298496
ATCGGA,-0.15278920922893732
ATCGGT,-0.06850790542507006
ATCGGC,0.32047189527477177
ATCGGG,-0.07609934353864717
ATGAAA,0.4639530057258305
ATGAAT,-0.08722660597873064
ATGAAC,0.1531511794941748
ATGAAG,0.14682987220053992
ATGATA,0.5359053081630142
ATGATT,0.08941121425014832
ATGATC,-0.03325385995428737
ATGATG,0.422189551049359
ATGACA,0.3428141431464971
ATGACT,0.09895317108282589
ATGACC,0.10673319946979852
ATGACG,-0.047817874350492756
ATGAGA,0.06829283645661362
ATGAGT,0.00668898815079671
ATGAGC,0.04696829536894936
ATGAGG,0.3250646826701265
ATGTAA,0.49190846463378557
ATGTAT,0.4995110271860138
ATGTAC,0.3164610370018244
ATGTAG,-0.06791120561621039
ATGTTA,0.1477121217555393
ATGTTT,0.2686668063382934
ATGTTC,0.0829526391748408
ATGTTG,-0.21868920096482958
ATGTCA,0.2564088786704459
ATGTCT,-0.03850154735457582
ATGTCC,-0.08678913007239086
ATGTCG,-0.4301577206985359
ATGTGA,0.2988553730499061
ATGTGT,0.3566749439387324
ATGTGC,0.13238918804574565
ATGTGG,-0.4878981191222859
ATGCAA,-0.32589601780371014
ATGCAT,-0.002187386945800511
ATGCAC,0.02682724223314406
ATGCAG,0.24266271363574266
ATGCTA,-0.21357410029805904
ATGCTT,-0.08695690927535393
ATGCTC,0.0559826347509367
ATGCTG,0.34286430383987165
ATGCCA,-0.30893352541793323
ATGCCT,-0.018770102681990492
ATGCCC,-0.03831886430213666
ATGCCG,0.4389130421757044
ATGCGA,-0.0650266832170725
ATGCGT,-0.17341677845099482
ATGCGC,-0.3865370982226456
ATGCGG,0.4637077007889209
ATGGAA,-0.21091721460209875
ATGGAT,-0.21825356602001794
ATGGAC,-0.09670780407096274
ATGGAG,0.42411622473426497
ATGGTA,0.30783512610360825
ATGGTT,-0.07799650589341431
ATGGTC,-0.5210061836981082
ATGGTG,-0.0616935690053399
ATGGCA,-0.07632226755963357
ATGGCT,-0.12910086058904496
ATGGCC,-0.6510989443164459
ATGGCG,0.026888900216331
ATGGGA,-0.23017757797158975
ATGGGT,-0.2363887780642304
ATGGGC,-0.5118777017167944
ATGGGG,-0.20548861607548893
ACAAAA,0.43181597403556793
ACAAAT,-0.017860744447245256
ACAAAC,0.05806380095476133
ACAAAG,-0.018980403722518586
ACAATA,0.20544397421480887
ACAATT,-0.15368974411962738
ACAATC,-0.1107120244158315
ACAATG,-0.08161627212096695
ACAACA,0.1506602748874898
ACAACT,-0.05965275197048724
ACAACC,0.08110916761270538
ACAACG,-0.20108383324947748
ACAAGA,0.006099646156723178
ACAAGT,-0.30138091680994283
ACAAGC,0.29132506373028194
ACAAGG,0.22206654528657166
ACATAA,0.3367847854595128
ACATAT,0.42042359203850016
ACATAC,0.5760812478385586
ACATAG,0.351298586902352
ACATTA,-0.10290240716269666
ACATTT,0.02285045658153864
ACATTC,0.15096645444662388
ACATTG,-0.3503664272312263
ACATCA,0.40199519938172124
ACATCT,0.048202101817877686
ACATCC,0.34995900197329544
ACATCG,0.19767694487714915
ACATGA,0.43337919621808585
ACATGT,0.21260604601142394
ACATGC,0.2753552599711225
ACATGG,-0.32047189527477193
ACACAA,0.03444473474172551
ACACAT,0.1975723970464216
ACACAC,0.4982468415591305
ACACAG,0.08605489676367302
ACACTA,0.1394005618978173
ACACTT,0.2276178317091309
ACACTC,0.3600821022603467
ACACTG,0.02995232228335111
ACACCA,-0.10436001532424263
ACACCT,0.7727993395075646
ACACCC,0.36640738085696345
ACACCG,0.3666917221822037
ACACGA,0.17160990119902705
ACACGT,0.19795330248565116
ACACGC,0.16822779371809515
ACACGG,0.11551288712184443
ACAGAA,0.39131338138441335
ACAGAT,0.07603290056330633
ACAGAC,0.32158362412746216
ACAGAG,0.32352273662183184
ACAGTA,0.11625980611586202
ACAGTT,-0.282965082573642
ACAGTC,0.10536051565782635
ACAGTG,0.045670036833188266
ACAGCA,0.6286086594223741
ACAGCT,0.4628861614768716
ACAGCC,0.691108443870097
ACAGCG,0.6249389305334118
ACAGGA,0.29092356637595185
ACAGGT,0.33480695730215165
ACAGGC,0.5739586632948269
ACAGGG,0.42684590313311466
ACTAAA,-0.17471695740873525
ACTAAT,-0.37331538169801465
ACTAAC,-0.3048721819338108
ACTAAG,-0.4172236615462424
ACTATA,0.3228939540812692
ACTATT,0.07385716748744041
ACTATC,-0.022906366208907476
ACTATG,-0.11778303565638351
ACTACA,-0.24014112768278095
ACTACT,-0.21784652795633985
ACTACC,-0.7167787850932223
ACTACG,-0.4634029452143835
ACTAGA,-0.016147986407982103
ACTAGT,-0.21697069220712872
ACTAGC,-0.4372138064227446
ACTAGG,-0.09143420595963184
ACTTAA,-0.649850374806621
ACTTAT,-0.24512245803298496
ACTTAC,-0.2994972435097129
ACTTAG,-0.8219800524029136
ACTTTA,-0.0925791812930932
ACTTTT,-0.07811777926395204
ACTTTC,-0.2329503792611977
ACTTTG,-0.44773367488569915
ACTTCA,-0.04294922675945032
ACTTCT,-0.21017851129692083
ACTTCC,-0.2652092165997223
ACTTCG,-0.46008619258838973
ACTTGA,-0.4556972335944978
ACTTGT,-0.23092925585933136
ACTTGC,-0.44468582126144557
ACTTGG,-0.7672551527136672
ACTCAA,-0.6359152346048123
ACTCAT,-0.16640610148805512
ACTCAC,-0.22813109282524877
ACTCAG,-0.461244449155854
ACTCTA,-0.3173836400586903
ACTCTT,-0.2579589709995747
ACTCTC,0.02601104891326635
ACTCTG,-0.5118777017167944
ACTCCA,-0.5492276712984361
ACTCCT,0.7309796362318345
ACTCCC,0.26236426446749106
ACTCCG,-0.0704332750489203
ACTCGA,-0.8201468713212527
ACTCGT,-0.7462570058738938
ACTCGC,-0.6986873609355608
ACTCGG,-0.34266420686913396
ACTGAA,0.0165749650942126
ACTGAT,-0.06775499222840536
ACTGAC,0.13815033848081718
ACTGAG,-0.39053945789148875
ACTGTA,0.050643732818754936
ACTGTT,-0.17641187306872658
ACTGTC,0.17633948511640726
ACTGTG,-0.16343687540342733
ACTGCA,0.11500910877365818
ACTGCT,0.3019244291673241
ACTGCC,0.28998356944006015
ACTGCG,0.3535741662604843
ACTGGA,-0.03867885456511137
ACTGGT,-0.12044615307586709
ACTGGC,0.021506205220963682
ACTGGG,-0.15565330971179328
ACCAAA,-0.29786494985683326
ACCAAT,-0.5596157879354228
ACCAAC,-0.43254606671083495
ACCAAG,-0.5585162826020058
ACCATA,0.0849932128333925
ACCATT,-0.24884223913551698
ACCATC,-0.09399178805106652
ACCATG,-0.19394959478907378
ACCACA,-0.14047444685845425
ACCACT,-0.3315902090239045
ACCACC,0.05715841383994862
ACCACG,-0.2076393647782445
ACCAGA,-0.3582122232576189
ACCAGT,-0.14571181118139365
ACCAGC,-0.04984780572756752
ACCAGG,-0.5371429320833642
ACCTAA,-0.32241661043135417
ACCTAT,0.019378474837310696
ACCTAC,-0.62057648772511
ACCTAG,-0.5838105165224797
ACCTTA,-0.29967878873941245
ACCTTT,0.05581477910639654
ACCTTC,0.03644561992045628
ACCTTG,-0.3488667614909206
ACCTCA,0.06048876148065095
ACCTCT,0.5208257071005741
ACCTCC,1.2174637340669514
ACCTCG,-0.4618180446592962
ACCTGA,-0.15910731946718668
ACCTGT,0.4757343039547206
ACCTGC,0.47927726603106485
ACCTGG,-0.44344435617338074
ACCCAA,-0.4998565923954166
ACCCAT,-0.5036299858260156
ACCCAC,-0.725130226412996
ACCCAG,-0.19322679027621706
ACCCTA,-0.34662460808523093
ACCCTT,0.2930296787783762
ACCCTC,0.20593142243308843
ACCCTG,-0.24151042818428528
ACCCCA,-0.813226428476679
ACCCCT,0.33340003758424275
ACCCCC,0.39416555285423105
ACCCCG,-0.034868825650823936
ACCCGA,-0.5507857084871507
ACCCGT,0.023969190112996187
ACCCGC,0.46734051182625186
ACCCGG,0.14310084364067344
ACCGAA,-0.10354067894084033
ACCGAT,0.013323661198470664
ACCGAC,-0.2352439582482972
ACCGAG,-0.24574338323145062
ACCGTA,-0.16251892949777494
ACCGTT,0.21495349734416536
ACCGTC,-0.2678437302321167
ACCGTG,-0.43655569517819537
ACCGCA,0.18392283816092841
ACCGCT,0.3347495833097668
ACCGCC,0.5349231753450512
ACCGCG,0.20479441264601322
ACCGGA,-0.014528100562909856
ACCGGT,-0.06820825002653358
ACCGGC,0.616885195726315
ACCGGG,-0.10660973505825826
ACGAAA,0.13477440086411974
ACGAAT,0.04525659158812086
ACGAAC,0.2563821927899436
ACGAAG,-0.32642190076771144
ACGATA,0.4029929189627753
ACGATT,0.0009095043828403909
ACGATC,-0.017159620282826284
ACGATG,-0.06843716155322849
ACGACA,0.06676321615968242
ACGACT,-0.2722408879634031
ACGACC,-0.7701082216960736
ACGACG,-0.41566927828240613
ACGAGA,0.03687863038536599
ACGAGT,-0.3962271671232281
ACGAGC,-0.32819632731735315
ACGAGG,-0.020990275891835858
ACGTAA,-0.029296369488430823
ACGTAT,0.24990696851302635
ACGTAC,0.2951170509392989
ACGTAG,-0.7108467576593462
ACGTTA,-0.09531017980432477
ACGTTT,0.1968262429968363
ACGTTC,0.23972767932974506
ACGTTG,-0.325422400434628
ACGTCA,-0.61818414208649
ACGTCT,0.16016875215282136
ACGTCC,-0.04714677842570196
ACGTCG,-0.4404031594694448
ACGTGA,0.21260604601142394
ACGTGT,0.4092458309480704
ACGTGC,0.13445347659949108
ACGTGG,-0.8823891801984737
ACGCAA,-0.40546510810816444
ACGCAT,0.012356732688905428
ACGCAC,-0.12516314295400605
ACGCAG,0.22314355131420976
ACGCTA,-0.06213178110700616
ACGCTT,0.352311300650959
ACGCTC,0.02127739844728488
ACGCTG,0.3619799961684256
ACGCCA,-0.21511137961694543
ACGCCT,0.11031102081768256
ACGCCC,-0.03993271033537111
ACGCCG,0.43987388779370634
ACGCGA,-0.4363555951275028
ACGCGT,-0.27842886697129776
ACGCGC,-0.34536118403845895
ACGCGG,0.31015492830383945
ACGGAA,0.20877361103125708
ACGGAT,-0.11365931847252136
ACGGAC,-0.05696682460667747
ACGGAG,0.3566749439387324
ACGGTA,0.2437628385169455
ACGGTT,0.0065789710980425605
ACGGTC,0.09844007281325251
ACGGTG,-0.0916671885258238
ACGGCA,0.3543357615855601
ACGGCT,0.5663284080886782
ACGGCC,0.12850204421952077
ACGGCG,0.39903421777787396
ACGGGA,0.3755880372452192
ACGGGT,0.011173300598125255
ACGGGC,0.06899287148695142
ACGGGG,-0.21697069220712872
AGAAAA,0.4533827480096952
AGAAAT,-0.15998215756392564
AGAAAC,0.14389417966006912
AGAAAG,0.42115356869702175
AGAATA,0.0998885457798329
AGAATT,-0.6225832168409526
AGAATC,-0.21014606290338386
AGAATG,-0.020177229285950726
AGAACA,0.227272944656221
AGAACT,-0.5255317711556861
AGAACC,-0.04714677842570196
AGAACG,0.21072103131565253
AGAAGA,0.02638675517319503
AGAAGT,-0.15933203856925593
AGAAGC,0.18613835532065542
AGAAGG,0.5494024218938037
AGATAA,-0.006000479578218961
AGATAT,0.032088314551500664
AGATAC,0.08926109672364523
AGATAG,-0.21697069220712886
AGATTA,-0.4791669439052542
AGATTT,-0.6074746198743385
AGATTC,-0.42806494002540535
AGATTG,-0.18825629231376917
AGATCA,-0.024328512823014115
AGATCT,-1.0736660207215325
AGATCC,-0.5866967465380934
AGATCG,-0.3399505009975377
AGATGA,0.29754442071190973
AGATGT,-0.14897011056902124
AGATGC,-0.14595391262307983
AGATGG,-0.18460205949267977
AGACAA,0.14241426620209985
AGACAT,0.2079917462936075
AGACAC,0.2135741002980591
AGACAG,0.42132047989795846
AGACTA,-0.47479980150922857
AGACTT,-0.36907200860503253
AGACTC,-0.3319979562262919
AGACTG,0.15369416304233824
AGACCA,-0.32864951094000405
AGACCT,-0.13630531950724786
AGACCC,-0.40742397259349744
AGACCG,0.28768207245178085
AGACGA,0.08605489676367302
AGACGT,-0.14795391328974686
AGACGC,0.0029455102297569658
AGACGG,0.4282220952307806
AGAGAA,0.3622929362429557
AGAGAT,-0.03625774802262436
AGAGAC,0.009273636785329033
AGAGAG,0.5452095681186578
AGAGTA,-0.19329058816452863
AGAGTT,-0.3364722366212129
AGAGTC,-0.25744218726206275
AGAGTG,0.1232982163444936
AGAGCA,0.04414189322992536
AGAGCT,-0.03317839869731868
AGAGCC,0.2953059975624403
AGAGCG,0.2625460991802387
AGAGGA,0.2971090834705396
AGAGGT,0.5033461573346981
AGAGGC,0.22143268691058032
AGAGGG,0.5759245259773466
AGTAAA,0.08375328707007218
AGTAAT,-0.25209537326397735
AGTAAC,-0.1750487974648749
AGTAAG,0.03599360264790545
AGTATA,0.5267410790718902
AGTATT,-0.2292785398817257
AGTATC,-0.09402894964827634
AGTATG,-0.015729301908543804
AGTACA,-0.06632264293107248
AGTACT,-0.6480267452794757
AGTACC,-0.226566258591712
AGTACG,0.0755075525081451
AGTAGA,-0.12958526071301135
AGTAGT,-0.45509034539501786
AGTAGC,-0.5858005669304895
AGTAGG,-0.4969802169439377
AGTTAA,-0.5603124093498706
AGTTAT,-0.2750036141920099
AGTTAC,-0.49394932284208937
AGTTAG,-0.4608711456824631
AGTTTA,-0.38992549010550975
AGTTTT,-0.14530606063459464
AGTTTC,-0.5190392223033795
AGTTTG,-0.3784364357202451
AGTTCA,-0.3862337461802769
AGTTCT,-0.3178912486812803
AGTTCC,-0.5240708505160114
AGTTCG,-0.29713723122253605
AGTTGA,-0.382281772652507
AGTTGT,-0.3310325133253948
AGTTGC,-0.42908335945637277
AGTTGG,-0.7665243662737715
AGTCAA,-0.09605505879593544
AGTCAT,-0.11531084651099437
AGTCAC,-0.1919648330657589
AGTCAG,0.3352072143146262
AGTCTA,-0.33050206963470913
AGTCTT,-0.34963994699586043
AGTCTC,-0.1368591827171973
AGTCTG,-0.018293193047325487
AGTCCA,-0.6678293725756553
AGTCCT,-0.49549125976588404
AGTCCC,-0.20701416938432615
AGTCCG,-0.2652092165997224
AGTCGA,-0.5747389495096434
AGTCGT,-0.26484258048195813
AGTCGC,-0.35065687161316944
AGTCGG,-0.5819215454497209
AGTGAA,0.3244025125338825
AGTGAT,0.18293243036212653
AGTGAC,-0.13976194237515874
AGTGAG,0.11739849421730544
AGTGTA,0.3904272307436239
AGTGTT,-0.11122563511022437
AGTGTC,-0.1860184186752808
AGTGTG,-0.059316577156419505
AGTGCA,-0.6192314976097771
AGTGCT,-0.28216689176367077
AGTGCC,-0.22103606897464506
AGTGCG,0.08096906253366709
AGTGGA,-0.4700036292457356
AGTGGT,-0.3974969384589874
AGTGGC,-0.5561813254867879
AGTGGG,-0.2507587183471831
AGCAAA,-0.0583596151855827
AGCAAT,-0.36758862381766594
AGCAAC,-0.007380107297622534
AGCAAG,-0.08701137698962981
AGCATA,0.18418375472501927
AGCATT,-0.20646386211555434
AGCATC,-0.2014608970046521
AGCATG,0.16189992607349107
AGCACA,0.24442094976149464
AGCACT,-0.11170398958000129
AGCACC,0.37362450225250576
AGCACG,-0.25685460865652154
AGCAGA,0.32897901354947506
AGCAGT,0.20334092401802994
AGCAGC,0.4638006851211278
AGCAGG,0.6096071683257746
AGCTAA,-0.630672256440208
AGCTAT,-0.1376387993270808
AGCTAC,-0.681074599325676
AGCTAG,-0.7582243497040764
AGCTTA,-0.26612791211679476
AGCTTT,-0.011696039763191298
AGCTTC,-0.14608250517774798
AGCTTG,0.1216366049723735
AGCTCA,-0.24686007793152578
AGCTCT,-0.08503024918457547
AGCTCC,0.24291605858207443
AGCTCG,-0.1639241916542386
AGCTGA,0.25670033484305244
AGCTGT,0.4576903690123786
AGCTGC,0.4968881159222091
AGCTGG,0.08787755287747871
AGCCAA,-0.2478361639045812
AGCCAT,-0.23934955002726258
AGCCAC,-0.5264177185258269
AGCCAG,-0.08635756853221097
AGCCTA,-0.2973573379751993
AGCCTT,-0.14128633291425516
AGCCTC,0.25714534859169924
AGCCTG,0.5143405658734352
AGCCCA,-0.41301231374354735
AGCCCT,0.010582109330537008
AGCCCC,0.12540126654127245
AGCCCG,0.4993969279423678
AGCCGA,-0.1643030512912763
AGCCGT,0.40904292945604837
AGCCGC,0.8070914399091632
AGCCGG,0.9988117555621585
AGCGAA,0.03822121282019767
AGCGAT,0.05649583306367941
AGCGAC,-0.5423242908253616
AGCGAG,-0.11506932978478723
AGCGTA,0.09781331002244334
AGCGTT,0.20067069546215124
AGCGTC,-0.2087548138621101
AGCGTG,0.2995165300987838
AGCGCA,0.27986953271498727
AGCGCT,0.40416724939256443
AGCGCC,0.44393138893596046
AGCGCG,-0.3948829987776275
AGCGGA,0.5108256237659907
AGCGGT,0.35149358519673474
AGCGGC,0.6984947868865405
AGCGGG,0.7753852787969173
AGGAAA,0.13372316556594838
AGGAAT,0.07373096932173542
AGGAAC,-0.3829922522561057
AGGAAG,0.38685326091356526
AGGATA,0.350090558010553
AGGATT,-0.08361414004113357
AGGATC,-0.22129569122573003
AGGATG,0.3588417920238226
AGGACA,0.2500165695653062
AGGACT,-0.4342145213941503
AGGACC,-0.7299611536826615
AGGACG,0.11066556788751938
AGGAGA,0.7950872189029399
AGGAGT,0.591882633179799
AGGAGC,0.6827664645053845
AGGAGG,1.7159357611687467
AGGTAA,-0.17471695740873536
AGGTAT,0.1464029930364325
AGGTAC,0.20252426411147392
AGGTAG,-0.5400711918624526
AGGTTA,-0.011257154524634447
AGGTTT,0.16545109206770994
AGGTTC,-0.13914938492874587
AGGTTG,-0.2260379093405742
AGGTCA,-0.1754675203661625
AGGTCT,-0.08471405417282964
AGGTCC,-0.6787584431078458
AGGTCG,-0.2715526905218973
AGGTGA,0.7409797195664178
AGGTGT,0.6298113053881346
AGGTGC,0.6034644776213489
AGGTGG,0.09548876717867227
AGGCAA,-0.32257744830239665
AGGCAT,-0.08640143491521537
AGGCAC,-0.1346935078047001
AGGCAG,0.385320542015697
AGGCTA,-0.3146730082786285
AGGCTT,0.06712893804888871
AGGCTC,-0.5356575994671723
AGGCTG,0.7985076962177716
AGGCCA,-0.7801585575495751
AGGCCT,-0.10406935989420638
AGGCCC,-0.47201772861743685
AGGCCG,0.4797057150521862
AGGCGA,0.0
AGGCGT,0.4248831939652659
AGGCGC,0.34778599652148634
AGGCGG,0.6112961541296252
AGGGAA,0.17733401528291545
AGGGAT,0.10816556658543487
AGGGAC,-0.28517894223366247
AGGGAG,0.7455936559324878
AGGGTA,-0.18960491018506287
AGGGTT,-0.018386626250439315
AGGGTC,-0.3939707286824292
AGGGTG,0.2975343688947926
AGGGCA,-0.06811817210907413
AGGGCT,-0.05597926774190125
AGGGCC,-0.27885948383660186
AGGGCG,0.15298856464708102
AGGGGA,0.6337972561755111
AGGGGT,0.363264753617788
AGGGGC,-0.13747099062860288
AGGGGG,0.869333748786384
TAAAAA,0.3795034320474695
TAAAAT,-0.03221872058016975
TAAAAC,0.0038535693159899723
TAAAAG,0.10106075473360589
TAAATA,-0.005880797488254077
TAAATT,-0.6755877691610082
TAAATC,-0.3922635962496284
TAAATG,-0.03489425606050917
TAAACA,0.2367030810998421
TAAACT,-0.2566985269318138
TAAACC,-0.21714132195318264
TAAACG,0.12344419109112176
TAAAGA,0.06194802272251301
TAAAGT,-0.02052523594473081
TAAAGC,-0.13185213110480262
TAAAGG,0.47803580094299974
TAATAA,-0.017845360320010398
TAATAT,-0.027747058354715592
TAATAC,0.10168809140556252
TAATAG,0.04094312588737068
TAATTA,-0.6278240379619562
TAATTT,-0.630069956798498
TAATTC,-0.5601615898228919
TAATTG,-0.5529712452167541
TAATCA,-0.13458281987913023
TAATCT,-0.4467314483366859
TAATCC,-0.38499559182428095
TAATCG,-0.2873395480435682
TAATGA,0.024057568372002087
TAATGT,-0.13298776662581246
TAATGC,-0.6365768290715511
TAATGG,-0.02052858014112882
TAACAA,-0.06426193421836912
TAACAT,0.14416979082957834
TAACAC,0.09097177820572679
TAACAG,0.21841987696643353
TAACTA,-0.21772348384487053
TAACTT,-0.5423242908253616
TAACTC,-0.49887955274759016
TAACTG,-0.23321316409034384
TAACCA,-0.46618537336592314
TAACCT,-0.3586953734059231
TAACCC,-0.14718771907200812
TAACCG,-0.2571057072140241
TAACGA,-0.08114100542259899
TAACGT,0.024984863083594766
TAACGC,-0.22738984219566089
TAACGG,0.05755729697248105
TAAGAA,-0.04479952818032038
TAAGAT,-0.29062803938585435
TAAGAC,-0.1884754223683329
TAAGAG,-0.23834654683386647
TAAGTA,-0.301973402562537
TAAGTT,-0.48121870006587547
TAAGTC,-0.4700036292457356
TAAGTG,-0.1765578520772046
TAAGCA,-0.1590646946296874
TAAGCT,-0.28640574809217617
TAAGCC,-0.2657031657330056
TAAGCG,0.15950687902778324
TAAGGA,0.21178696238187375
TAAGGT,-0.22628468021507067
TAAGGC,-0.44601120250251425
TAAGGG,0.0901857176385912
TATAAA,0.44966394500861284
TATAAT,0.38954849606493513
TATAAC,0.2617158261004493
TATAAG,0.25932965786091344
TATATA,0.6278335256729985
TATATT,0.31069363434498776
TATATC,0.4156550990139144
TATATG,0.5689448832239412
TATACA,0.7854249258079671
TATACT,0.4633232897809873
TATACC,0.16497291845934162
TATACG,0.5417653073008201
TATAGA,0.39036233992240776
TATAGT,0.3745858705052626
TATAGC,0.15204762963047957
TATAGG,0.21384115865189615
TATTAA,-0.432301762061724
TATTAT,0.3981203521141247
TATTAC,-0.06499462148755313
TATTAG,-0.3189119912655598
TATTTA,0.02178956235092604
TATTTT,0.3137827309668586
TATTTC,0.05075084794083464
TATTTG,-0.06861184652520684
TATTCA,0.21431439999229648
TATTCT,-0.015075662405447273
TATTCC,-0.1232004337861572
TATTCG,0.058403532570055365
TATTGA,0.1842211701364317
TATTGT,0.3428080550702987
TATTGC,-0.2021847002933661
TATTGG,-0.2895670871475522
TATCAA,0.10661916906502251
TATCAT,0.5240989803068682
TATCAC,0.4597071698369676
TATCAG,0.202692940842919
TATCTA,-0.09244279432716881
TATCTT,-0.0017683470567420034
TATCTC,-0.0678383591401264
TATCTG,-0.06785747539563489
TATCCA,-0.21099457880378714
TATCCT,0.2852753324212159
TATCCC,0.10196492665668809
TATCCG,0.19986586644486404
TATCGA,-0.05001042057466142
TATCGT,0.5871569419593949
TATCGC,0.036507416342463135
TATCGG,0.10183938525924745
TATGAA,0.2751032902449208
TATGAT,0.5239733282773806
TATGAC,0.2420120356185925
TATGAG,0.26466850449222934
TATGTA,0.8921931802950946
TATGTT,0.36292822122036406
TATGTC,0.16310151034734285
TATGTG,0.3027373655026305
TATGCA,0.05173567439918889
TATGCT,0.28128283820975025
TATGCC,0.018111749943046103
TATGCG,0.29446833213614004
TATGGA,0.0524993246844862
TATGGT,0.18890052789199707
TATGGC,-0.08004270767353637
TATGGG,-0.2623642644674911
TACAAA,0.20664222491237078
TACAAT,0.18128313510147298
TACAAC,0.10422737106065766
TACAAG,-0.06804003673167966
TACATA,0.7707932811984836
TACATT,0.0538268655426434
TACATC,0.2451224580329849
TACATG,0.37304192140293757
TACACA,0.13601895609632444
TACACT,0.263487343864724
TACACC,0.44885890001679085
TACACG,0.04546237407675741
TACAGA,0.3840426725207577
TACAGT,0.13720112151348496
TACAGC,0.38459996964420273
TACAGG,0.38789878439026515
TACTAA,-0.1708310620023549
TACTAT,0.3425777941836981
TACTAC,-0.01287966286366114
TACTAG,-0.1303400311335398
TACTTA,-0.3243834393022088
TACTTT,-0.10517092422679104
TACTTC,-0.17574567588779763
TACTTG,-0.3881736109981034
TACTCA,-0.1823215567939547
TACTCT,-0.126689860807806
TACTCC,-0.028618805305652563
TACTCG,-0.6654956492294352
TACTGA,0.13062018241706422
TACTGT,0.09967868219039551
TACTGC,0.14117961346277944
TACTGG,-0.24342430436656937
TACCAA,-0.34662460808523077
TACCAT,0.1367664333953603
TACCAC,0.21905356606268467
TACCAG,-0.37621256527072705
TACCTA,-0.10878747274780563
TACCTT,-0.18635870398092577
TACCTC,0.1823215567939546
TACCTG,-0.05231129456801082
TACCCA,-0.24154463668510104
TACCCT,0.0
TACCCC,-0.11332868530700312
TACCCG,-0.32711179386164924
TACCGA,-0.07076907088820715
TACCGT,-0.16309019486606707
TACCGC,-0.0096308930609613
TACCGG,0.1642010156807597
TACGAA,-0.19282953439236955
TACGAT,0.2947995402206448
TACGAC,-0.2311117209633867
TACGAG,-0.06453852113757118
TACGTA,0.15327387135372375
TACGTT,-0.08112554481236846
TACGTC,-0.1770996128128031
TACGTG,0.02765153133050995
TACGCA,0.09309042306601183
TACGCT,0.11506932978478729
TACGCC,-0.1823215567939547
TACGCG,-0.3646431135879093
TACGGA,0.18833962911951757
TACGGT,0.12260232209233228
TACGGC,0.45065710229953787
TACGGG,0.20037834054119733
TAGAAA,0.04677233380944803
TAGAAT,-0.2916299654593659
TAGAAC,-0.411163129222802
TAGAAG,-0.006483004878078154
TAGATA,0.015878828623357214
TAGATT,-0.5667909141930738
TAGATC,-0.5858354447708572
TAGATG,-0.1426563004015232
TAGACA,0.26306015871965216
TAGACT,-0.4146184900946516
TAGACC,-0.5289461648791856
TAGACG,-0.08748745412311591
TAGAGA,0.022173857494322075
TAGAGT,-0.35792416333916427
TAGAGC,-0.11365931847252136
TAGAGG,0.1505247827119557
TAGTAA,0.07389724620204122
TAGTAT,0.30305010268009497
TAGTAC,0.11133068264433012
TAGTAG,-0.1888362378151483
TAGTTA,-0.5629497417551798
TAGTTT,-0.3176820836129027
TAGTTC,-0.5091849343085307
TAGTTG,-0.6525180686712073
TAGTCA,-0.02884815433765839
TAGTCT,-0.3692620594442038
TAGTCC,-0.4647816852645839
TAGTCG,-0.5306282510621704
TAGTGA,-0.025595547188963653
TAGTGT,-0.14974538635934195
TAGTGC,-0.8127803555044902
TAGTGG,-0.29739088657874185
TAGCAA,-0.39264925233626713
TAGCAT,-0.285269526046397
TAGCAC,-0.3706789920227489
TAGCAG,-0.05055227916283121
TAGCTA,-0.5140205146625099
TAGCTT,-0.45281122870536267
TAGCTC,-0.5862840350175841
TAGCTG,-0.1823215567939547
TAGCCA,-0.6392188385343897
TAGCCT,-0.5345421503833068
TAGCCC,-0.5586300806106635
TAGCCG,0.20871328648518092
TAGCGA,-0.661159505066548
TAGCGT,-0.4898062565419152
TAGCGC,-0.42270691454267056
TAGCGG,0.28768207245178085
TAGGAA,-0.43947147609335946
TAGGAT,-0.2311117209633867
TAGGAC,-0.6523251860396901
TAGGAG,0.6786541732573784
TAGGTA,-0.333823228449636
TAGGTT,-0.3100764938553896
TAGGTC,-0.8977872603095953
TAGGTG,-0.21309321546070834
TAGGCA,-0.3407487933884731
TAGGCT,-0.29439029118689936
TAGGCC,-0.7745267868283232
TAGGCG,-0.1011581496867479
TAGGGA,-0.3771098823530393
TAGGGT,-0.4955881699463742
TAGGGC,-0.5306282510621704
TAGGGG,-0.014184634991956413
TTAAAA,-0.18861088570151863
TTAAAT,-0.5666456938636808
TTAAAC,-0.33285821028065643
TTAAAG,-0.3155465299278003
TTAATA,-0.29004769321590773
TTAATT,-0.784760498482944
TTAATC,-0.7501524768162277
TTAATG,-0.45160626410601934
TTAACA,-0.2659635484971379
TTAACT,-0.5391887899362408
TTAACC,-0.36152298625166557
TTAACG,-0.2450201510095186
TTAAGA,-0.41964974310012076
TTAAGT,-0.4695300322679041
TTAAGC,-0.4614721941962667
TTAAGG,-0.27229715361230145
TTATAA,0.2775188397455626
TTATAT,0.46914629705495847
TTATAC,0.5553392311681625
TTATAG,0.1923718926474561
TTATTA,-0.014772848677531496
TTATTT,0.13483836879488545
TTATTC,0.021038886029748283
TTATTG,-0.025623104887897645
TTATCA,0.3098726417811464
TTATCT,-0.14589155876491453
TTATCC,-0.023107575010149605
TTATCG,0.13595563623602894
TTATGA,0.2509348135852589
TTATGT,0.5005967324258975
TTATGC,-0.011385322225125352
TTATGG,-0.11887533505499241
TTACAA,0.09828452359457371
TTACAT,0.3397990640188035
TTACAC,0.2516716349287479
TTACAG,0.27522861138049437
TTACTA,-0.09880058474409338
TTACTT,-0.21705173539508804
TTACTC,-0.2992428948528569
TTACTG,-0.0030880106885765052
TTACCA,-0.12854108562293393
TTACCT,-0.15659666555551865
TTACCC,-0.32350800083449854
TTACCG,0.01709443335930004
TTACGA,-0.12361395596717664
TTACGT,-0.14788106681366298
TTACGC,-0.2537805207760996
TTACGG,-0.07089582163303759
TTAGAA,-0.4445425650474624
TTAGAT,-0.4008884410807526
TTAGAC,-0.3813675565291038
TTAGAG,-0.47830243206043055
TTAGTA,-0.10386333244604329
TTAGTT,-0.4654311475708455
TTAGTC,-0.4592033278949659
TTAGTG,-0.4301577206985359
TTAGCA,-0.5379542911542434
TTAGCT,-0.45240786735535593
TTAGCC,-0.678915960631996
TTAGCG,-0.5634693572514127
TTAGGA,-0.2598390106002969
TTAGGT,-0.6230015711931856
TTAGGC,-0.4747095202831482
TTAGGG,-0.5690945318899665
TTTAAA,-0.1933713929805395
TTTAAT,-0.47511350239800626
TTTAAC,-0.262364264467491
TTTAAG,-0.29898162770571424
TTTATA,0.3806863146240436
TTTATT,0.3411406509765483
TTTATC,0.29173601296457236
TTTATG,0.38459075139760535
TTTACA,0.3881704712856068
TTTACT,0.05171783270850972
TTTACC,-0.044757900641493605
TTTACG,-0.02154833620620295
TTTAGA,-0.20852392918797868
TTTAGT,-0.2229096058224421
TTTAGC,-0.2648032900668497
TTTAGG,-0.3392585298698961
TTTTAA,-0.10354067894084033
TTTTAT,0.5903916810284857
TTTTAC,0.18037502844132275
TTTTAG,-0.05135678443550686
TTTTTA,0.36996712014766897
TTTTTT,0.38069579957880517
TTTTTC,0.44456512094976747
TTTTTG,0.23095405704444782
TTTTCA,0.4676115880003162
TTTTCT,0.38598179110447184
TTTTCC,0.07847161544149531
TTTTCG,0.04424170060178082
TTTTGA,0.09351103295654527
TTTTGT,0.34391269232488125
TTTTGC,-0.007557576336079304
TTTTGG,-0.3326723587114381
TTTCAA,-0.05994465212734371
TTTCAT,0.46774704104450954
TTTCAC,0.47270999084347853
TTTCAG,0.17329360574591068
TTTCTA,0.06296361711528153
TTTCTT,0.2808021356772605
TTTCTC,0.29620312218371475
TTTCTG,0.23906383297975514
TTTCCA,-0.25765837343007847
TTTCCT,0.08951232341780282
TTTCCC,0.026501940745506627
TTTCCG,-0.03018497633839755
TTTCGA,-0.27565349658617383
TTTCGT,0.12975196878198533
TTTCGC,-0.12708542831869699
TTTCGG,-0.13659487717845764
TTTGAA,-0.08590473895717218
TTTGAT,-0.017132844298740443
TTTGAC,-0.14807740247688178
TTTGAG,-0.39120871581242533
TTTGTA,0.14226507259327717
TTTGTT,0.18933973007141877
TTTGTC,0.2544940811982858
TTTGTG,0.12828575785553264
TTTGCA,-0.16772275737280196
TTTGCT,-0.04625851724765238
TTTGCC,-0.17062551703076334
TTTGCG,-0.026150794288181636
TTTGGA,-0.6762106710290471
TTTGGT,-0.4110052884837798
TTTGGC,-0.4712914594301644
TTTGGG,-0.41021571086676223
TTCAAA,-0.18315662991137613
TTCAAT,-0.13005312824819779
TTCAAC,-0.34584127732294523
TTCAAG,-0.12400583109465252
TTCATA,0.3382865703514529
TTCATT,0.2868823922812166
TTCATC,0.347233052078313
TTCATG,-0.008683122573460881
TTCACA,0.38965193337174653
TTCACT,0.31851241828660215
TTCACC,0.4079682383262829
TTCACG,-0.08942780990125831
TTCAGA,-0.20633643299782845
TTCAGT,-0.01065729447398798
TTCAGC,0.5485659517488376
TTCAGG,-0.06364526516035622
TTCTAA,-0.19092894338302072
TTCTAT,0.37045638514174184
TTCTAC,-0.4682660093471947
TTCTAG,-0.5685553029742313
TTCTTA,-0.1663055256043332
TTCTTT,0.2943402276503712
TTCTTC,0.09772689080275525
TTCTTG,-0.3346622813759735
TTCTCA,0.03061463581960695
TTCTCT,0.22163259660721107
TTCTCC,0.4632683712369425
TTCTCG,-0.2198046500486951
TTCTGA,-0.1273394223766015
TTCTGT,0.27657645603927156
TTCTGC,0.12479575638047712
TTCTGG,-0.3219109515023925
TTCCAA,-0.6123062820764377
TTCCAT,0.0053803015579986435
TTCCAC,-0.4884884439198387
TTCCAG,-0.5073412996833798
TTCCTA,-0.350775221811544
TTCCTT,0.04989076961346502
TTCCTC,0.561045380745017
TTCCTG,0.06363667228642646
TTCCCA,-0.4546079437677622
TTCCCT,0.1687301295904155
TTCCCC,0.313925781212983
TTCCCG,0.044825431380064465
TTCCGA,-0.35324802612605005
TTCCGT,-0.09297645645810464
TTCCGC,0.2035202801300702
TTCCGG,-0.18524126689728931
TTCGAA,-0.4483901528251984
TTCGAT,-0.19277721589829322
TTCGAC,0.005813969865419816
TTCGAG,-0.4067221792982154
TTCGTA,0.01906956272035075
TTCGTT,0.15316497250249916
TTCGTC,0.2862941471769329
TTCGTG,-0.12825433552367885
TTCGCA,-0.4565944546307686
TTCGCT,-0.024949319047948615
TTCGCC,-0.29500811254385384
TTCGCG,-0.475845904869964
TTCGGA,-0.2922767638300913
TTCGGT,0.1658290947182294
TTCGGC,0.019893540519570572
TTCGGG,-0.39952155420731617
TTGAAA,0.02301864910489035
TTGAAT,-0.3754807410720242
TTGAAC,-0.2842589540745025
TTGAAG,-0.21595011038695633
TTGATA,0.05452083887841711
TTGATT,-0.15557823181844374
TTGATC,-0.11464612965588891
TTGATG,-0.1306749679317879
TTGACA,0.2291137183007135
TTGACT,-0.20153239305963236
TTGACC,-0.2937351441648583
TTGACG,-0.17934092865581686
TTGAGA,-0.18341744731459164
TTGAGT,-0.6772683519365881
TTGAGC,-0.44215737490808693
TTGAGG,-0.18050831966977376
TTGTAA,0.06239029259928158
TTGTAT,0.39128047311620795
TTGTAC,0.22428056110128478
TTGTAG,-0.36504560906526895
TTGTTA,-0.11549589462403165
TTGTTT,0.21284479911363527
TTGTTC,-0.03606493492079579
TTGTTG,-0.15638906912223804
TTGTCA,0.34584939843381
TTGTCT,0.09806847141340676
TTGTCC,0.1337715174906063
TTGTCG,0.04987183004017294
TTGTGA,0.07912288544096927
TTGTGT,0.24162539517800938
TTGTGC,-0.30812388161695786
TTGTGG,-0.31126542258786666
TTGCAA,-0.46085595630894843
TTGCAT,-0.255888256945287
TTGCAC,-0.21118038525593458
TTGCAG,-0.041710488581370275
TTGCTA,-0.47787486845383154
TTGCTT,-0.11652438224918724
TTGCTC,-0.4117516128709852
TTGCTG,0.20903894513266782
TTGCCA,-0.30951642663268464
TTGCCT,-0.29251730263817866
TTGCCC,-0.37677461564523534
TTGCCG,0.060525420387852934
TTGCGA,-0.5274145364590747
TTGCGT,-0.23033077598031518
TTGCGC,-0.4821249897780805
TTGCGG,0.1923718926474561
TTGGAA,-0.5896874447939274
TTGGAT,-0.6826758806926498
TTGGAC,-0.6704423868661882
TTGGAG,-0.1823215567939546
TTGGTA,-0.38374954119801463
TTGGTT,-0.5028629713429733
TTGGTC,-0.7949298748698876
TTGGTG,-0.3679543748915653
TTGGCA,-0.26479046864995487
TTGGCT,-0.4046417239529592
TTGGCC,-0.8911115144243537
TTGGCG,-0.22884157242884753
TTGGGA,-0.5519918628247633
TTGGGT,-0.3228170403720036
TTGGGC,-0.5832412025304444
TTGGGG,-0.6973934714413965
TCAAAA,-0.1146324664564865
TCAAAT,-0.2925614532358745
TCAAAC,-0.03933251370122051
TCAAAG,-0.527380741829038
TCAATA,0.13136922962002745
TCAATT,-0.2219306948890005
TCAATC,-0.1620967624757385
TCAATG,-0.1441886870985107
TCAACA,-0.12031949865229219
TCAACT,-0.3660310388627573
TCAACC,-0.43138879311795586
TCAACG,-0.3515554788325414
TCAAGA,-0.21247459496464227
TCAAGT,-0.3242550526826212
TCAAGC,-0.030996100368964025
TCAAGG,-0.16079522254592687
TCATAA,0.22442862324089746
TCATAT,0.5957127301745396
TCATAC,0.5229603562319842
TCATAG,0.05783090882158123
TCATTA,-0.024381199290507086
TCATTT,0.25429871909400525
TCATTC,0.30132484885556754
TCATTG,0.05928104807182259
TCATCA,0.3110049071055439
TCATCT,0.14528854961056634
TCATCC,0.35571663049692065
TCATCG,-0.20369641637868816
TCATGA,0.03922071315328133
TCATGT,0.22737546622078975
TCATGC,0.15266663305476322
TCATGG,-0.2952619679745502
TCACAA,0.10222669924165473
TCACAT,0.38398321929226464
TCACAC,0.416196642898089
TCACAG,0.05422155416663885
TCACTA,-0.005249355886143678
TCACTT,0.24230502293807785
TCACTC,0.34078056959426617
TCACTG,0.1272792013654726
TCACCA,-0.09189526470425584
TCACCT,0.736102130030342
TCACCC,0.42191546580713335
TCACCG,0.03474294844387284
TCACGA,-0.05442398188768795
TCACGT,-0.02071420438756322
TCACGC,0.26192957634936626
TCACGG,-0.587786664902119
TCAGAA,0.02938941768081536
TCAGAT,-0.37120051413406824
TCAGAC,-0.36926205944420365
TCAGAG,-0.25270235355575416
TCAGTA,0.11271348996308508
TCAGTT,-0.10977822411452652
TCAGTC,0.14606380877133038
TCAGTG,-0.4279379639602229
TCAGCA,0.48947249929542164
TCAGCT,0.4674893102790226
TCAGCC,0.5894547220028161
TCAGCG,0.4248831939652659
TCAGGA,0.07560274074295113
TCAGGT,-0.1907604254398193
TCAGGC,0.10227884912041825
TCAGGG,-0.20464007974965007
TCTAAA,-0.29563646334641924
TCTAAT,-0.3619513219221978
TCTAAC,-0.17007458318398128
TCTAAG,-0.579818495252942
TCTATA,0.2661538191881313
TCTATT,0.25647997158180164
TCTATC,0.264479175372117
TCTATG,0.15621893289131739
TCTACA,-0.24643190408640592
TCTACT,-0.5317588334324564
TCTACC,-0.49917911837966705
TCTACG,-0.7909794297969801
TCTAGA,-0.6170478370212981
TCTAGT,-0.365799851715733
TCTAGC,-0.6066551492065019
TCTAGG,-0.5967553348848795
TCTTAA,-0.4780022808281344
TCTTAT,0.06087071508702591
TCTTAC,-0.06217724495189141
TCTTAG,-0.8867682926078333
TCTTTA,-0.047948484126476384
TCTTTT,0.5083836201104389
TCTTTC,0.21341214386398563
TCTTTG,-0.21807324775779746
TCTTCA,0.04155509399279035
TCTTCT,0.046980208924192544
TCTTCC,-0.041640557044316615
TCTTCG,-0.27811262143563026
TCTTGA,-0.37022612143307015
TCTTGT,0.07430650302592448
TCTTGC,-0.08136052029561316
TCTTGG,-0.5688042139898289
TCTCAA,-0.3184537311185346
TCTCAT,0.21435079936623125
TCTCAC,0.006430890330290331
TCTCAG,-0.12912982804411138
TCTCTA,-0.030170877633363468
TCTCTT,0.36951209069941315
TCTCTC,0.37874203796741085
TCTCTG,0.027762796977356476
TCTCCA,0.008291157583981182
TCTCCT,0.8575791726031249
TCTCCC,0.44338434297045815
TCTCCG,0.11712535723741264
TCTCGA,-0.49883917888562296
TCTCGT,-0.07398041299799053
TCTCGC,-0.4601900077974109
TCTCGG,-0.26455965503092677
TCTGAA,-0.24972586559576812
TCTGAT,-0.02021679172537599
TCTGAC,0.0728613482648719
TCTGAG,-0.578077850775158
TCTGTA,0.07943683064803478
TCTGTT,0.41676726970410977
TCTGTC,0.2747081793080919
TCTGTG,-0.30010459245033816
TCTGCA,0.08582261910148585
TCTGCT,0.29803356777149476
TCTGCC,0.17435338714477774
TCTGCG,-0.15565330971179328
TCTGGA,-0.3642221495741152
TCTGGT,-0.31365755885504165
TCTGGC,-0.1251631429540059
TCTGGG,-0.6369074622370692
TCCAAA,-0.446240858784623
TCCAAT,-0.3041006017637201
TCCAAC,-0.4572270426667538
TCCAAG,-0.5955688053441739
TCCATA,0.025130664725579517
TCCATT,0.047887793650421215
TCCATC,-0.11256851803360561
TCCATG,-0.42594363945170505
TCCACA,-0.2130932154607082
TCCACT,-0.52267818079671
TCCACC,0.027973852042406162
TCCACG,-1.0914437991894972
TCCAGA,-0.4630349599296422
TCCAGT,-0.2846602700228643
TCCAGC,-0.014184634991956413
TCCAGG,-0.9538378044694068
TCCTAA,-0.20991778909494851
TCCTAT,0.3749703682598138
TCCTAC,-0.40546510810816444
TCCTAG,-0.4027948795522855
TCCTTA,0.1662200013381801
TCCTTT,0.72656657214914
TCCTTC,0.4457138724608169
TCCTTG,0.012170535620255114
TCCTCA,0.04676635139177345
TCCTCT,0.5384135802848196
TCCTCC,1.1516421970955775
TCCTCG,-0.1921933052731087
TCCTGA,-0.03940923233566633
TCCTGT,0.5513717181603406
TCCTGC,0.4491907988128324
TCCTGG,-1.3083328196501787
TCCCAA,-0.4389267482221271
TCCCAT,-0.1498122782286601
TCCCAC,-0.36427754970154985
TCCCAG,-0.5574155670258203
TCCCTA,-0.4909520262095461
TCCCTT,0.2794619819044332
TCCCTC,0.6956660735794293
TCCCTG,0.03822121282019788
TCCCCA,-0.2130932154607082
TCCCCT,0.5988946423137559
TCCCCC,0.7842485428011003
TCCCCG,0.12241330404054572
TCCCGA,-0.1736031057540736
TCCCGT,-0.051701374376890416
TCCCGC,0.616730950115582
TCCCGG,0.20507854391657088
TCCGAA,-0.3076732189303456
TCCGAT,-0.13546613951244943
TCCGAC,-0.40546510810816444
TCCGAG,-0.5944312076207875
TCCGTA,0.10536051565782635
TCCGTT,0.1275966571047081
TCCGTC,0.05129329438755048
TCCGTG,-0.1474052916877267
TCCGCA,0.20673479664781771
TCCGCT,0.6317075153264404
TCCGCC,0.16016875215282136
TCCGCG,-0.19313247289817023
TCCGGA,-0.1906203596086497
TCCGGT,0.004454350349380375
TCCGGC,0.5187937934151675
TCCGGG,-0.11849962472323523
TCGAAA,-0.1375580847338386
TCGAAT,-0.48110252231378453
TCGAAC,-0.6552969564288478
TCGAAG,-0.7469373551460831
TCGATA,0.033901551675681416
TCGATT,-0.213540062959095
TCGATC,-0.4264553840000003
TCGATG,-0.5273549257172012
TCGACA,0.31551687144522483
TCGACT,-0.3886579897917832
TCGACC,-0.7259370033829363
TCGACG,-0.7922380832041762
TCGAGA,-0.4470141110210368
TCGAGT,-0.8485957191028035
TCGAGC,-0.9014442237571606
TCGAGG,-0.38505623647695725
TCGTAA,-0.028505492997926287
TCGTAT,0.32434605682337236
TCGTAC,0.29859410590276364
TCGTAG,-0.7628805185746205
TCGTTA,-0.02884815433765839
TCGTTT,0.39406247601035277
TCGTTC,0.1026207879167061
TCGTTG,-0.4139397350991365
TCGTCA,0.25751119481841755
TCGTCT,0.0
TCGTCC,-0.09063727410493255
TCGTCG,-0.33270575382573614
TCGTGA,0.011935350549272854
TCGTGT,0.1424017873381753
TCGTGC,-0.023953241022492758
TCGTGG,-0.9019019944220554
TCGCAA,-0.9397960875478081
TCGCAT,-0.4560173872709956
TCGCAC,0.07526248450054678
TCGCAG,-0.15260508446547766
TCGCTA,-0.2109768125543307
TCGCTT,0.0030349036951538896
TCGCTC,-0.05585733139252448
TCGCTG,-0.17572087276260248
TCGCCA,-0.262364264467491
TCGCCT,-0.43388620401774014
TCGCCC,-0.578077850775158
TCGCCG,0.05299253014051038
TCGCGA,-0.5007752879124893
TCGCGT,-0.4700036292457356
TCGCGC,-0.3144933299024377
TCGCGG,-0.7600866632350547
TCGGAA,-0.3554065342133223
TCGGAT,-0.3801473001238745
TCGGAC,-0.4725005094443227
TCGGAG,-0.02071420438756322
TCGGTA,0.10101268272172284
TCGGTT,-0.12017333899696862
TCGGTC,-0.13704085226079818
TCGGTG,-0.01734863833461309
TCGGCA,0.24769624832008896
TCGGCT,0.06831924397747723
TCGGCC,-0.5125632436645314
TCGGCG,0.23052365861183235
TCGGGA,-0.3010538094176703
TCGGGT,-0.025853378826333782
TCGGGC,-0.3307415619122278
TCGGGG,-0.24746085896491601
TGAAAA,0.46078311128009286
TGAAAT,-0.047823513538336956
TGAAAC,0.004454350349380375
TGAAAG,0.3604664176749945
TGAATA,0.11692133805890229
TGAATT,-0.5770970922433395
TGAATC,-0.20650235499116942
TGAATG,0.11963423787027992
TGAACA,0.15015865855772093
TGAACT,-0.3291705115151965
TGAACC,-0.007419217922028677
TGAACG,0.2591087000077249
TGAAGA,0.05073943117760103
TGAAGT,-0.39038600128104406
TGAAGC,-0.0697846371656855
TGAAGG,0.2670887832472008
TGATAA,0.2325093073018517
TGATAT,0.31889328083135754
TGATAC,0.3086282104500396
TGATAG,0.30511713427388243
TGATTA,-0.1413056630478076
TGATTT,-0.021241715384247097
TGATTC,0.06706423058054584
TGATTG,0.019231361927887592
TGATCA,0.12116297434803647
TGATCT,-0.1707371001563225
TGATCC,-0.09024687784777817
TGATCG,-0.1601476992996327
TGATGA,0.36127265318736185
TGATGT,0.09455858262501257
TGATGC,0.09466522654107848
TGATGG,-0.07696104113612832
TGACAA,0.32158362412746233
TGACAT,0.25552496081724957
TGACAC,0.39128047311620795
TGACAG,0.5001791353715032
TGACTA,-0.10536051565782628
TGACTT,-0.06297479916138843
TGACTC,-0.18836387124991727
TGACTG,0.14606380877133038
TGACCA,-0.1416505170630268
TGACCT,-0.1404106611783177
TGACCC,-0.44769787173143727
TGACCG,0.19304552015693033
TGACGA,-0.3019547317384995
TGACGT,0.1815218766233902
TGACGC,-0.19782574332991992
TGACGG,0.23825718912425795
TGAGAA,0.10968484672082929
TGAGAT,-0.3614111849684649
TGAGAC,-0.13162279274496266
TGAGAG,0.13729025204520773
TGAGTA,-0.2496546768625416
TGAGTT,-0.4758687486981338
TGAGTC,-0.3038767583717616
TGAGTG,-0.17114825619582946
TGAGCA,0.020419839008742745
TGAGCT,-0.4076848648464773
TGAGCC,-0.36000273403140703
TGAGCG,0.05588045839445663
TGAGGA,0.2364897932671042
TGAGGT,0.15779716693087031
TGAGGC,0.01739174271186924
TGAGGG,0.09175486360204772
TGTAAA,0.4138096866184381
TGTAAT,-0.15711474276060827
TGTAAC,0.48977221456815834
TGTAAG,0.2657031657330057
TGTATA,0.6889008896784942
TGTATT,0.28196925504509374
TGTATC,0.2967627250875273
TGTATG,0.657325904108128
TGTACA,0.43142953751815316
TGTACT,0.053345980705292714
TGTACC,0.20633643299782858
TGTACG,0.4378004887511008
TGTAGA,-0.24663360301265497
TGTAGT,-0.26093874747626994
TGTAGC,-0.08388148398070212
TGTAGG,-0.29739088657874185
TGTTAA,-0.15876188062006266
TGTTAT,0.16983348666591253
TGTTAC,0.39559036018840593
TGTTAG,-0.27842886697129776
TGTTTA,0.2650044025154184
TGTTTT,0.4995376639921394
TGTTTC,0.2890325115496523
TGTTTG,0.13509622685805958
TGTTCA,0.26056176623258703
TGTTCT,0.1500166548078156
TGTTCC,0.004728141195945896
TGTTCG,-0.18088374202432708
TGTTGA,0.04796771766117356
TGTTGT,-0.0096308930609613
TGTTGC,-0.45425527227759643
TGTTGG,-0.5207759546191588
TGTCAA,0.2197708668355706
TGTCAT,0.3730616840535051
TGTCAC,0.604854573414267
TGTCAG,0.2672035411082404
TGTCTA,-0.09091939338683525
TGTCTT,0.15556410762440526
TGTCTC,0.38077249551779285
TGTCTG,0.2687061709927753
TGTCCA,0.01142869582362285
TGTCCT,0.013129291441792802
TGTCCC,0.06787742240308577
TGTCCG,0.6630491494026658
TGTCGA,0.22495678843839048
TGTCGT,-0.12653019716553904
TGTCGC,-0.32583383841615715
TGTCGG,-0.07960305059896695
TGTGAA,0.187334098617499
TGTGAT,-0.013817145553141843
TGTGAC,0.2247682470412116
TGTGAG,0.12179105705392212
TGTGTA,0.2774779022775392
TGTGTT,0.22949277899286855
TGTGTC,0.2833624113072646
TGTGTG,0.06899287148695142
TGTGCA,-0.24839578337795415
TGTGCT,0.01910017137341943
TGTGCC,0.048076133435774916
TGTGCG,0.2206466711156226
TGTGGA,-0.22015401246584373
TGTGGT,-0.271739333132947
TGTGGC,-0.6270073780554003
TGTGGG,-0.49617334697912036
TGCAAA,-0.10971720865672313
TGCAAT,-0.4673060284730871
TGCAAC,-0.6577452535090293
TGCAAG,-0.34921126239864264
TGCATA,0.24523901494202777
TGCATT,-0.22428575589298674
TGCATC,-0.047682130815070306
TGCATG,-0.1834032226646956
TGCACA,0.07796154146971171
TGCACT,-0.1903537284912189
TGCACC,0.026888900216331
TGCACG,0.0737031957871348
TGCAGA,0.10088122485378029
TGCAGT,-0.13157635778871932
TGCAGC,-0.038589997269868975
TGCAGG,0.25614984778237976
TGCTAA,-0.40773525664270366
TGCTAT,0.06476453537743031
TGCTAC,-0.2908021997880246
TGCTAG,-0.7059678689890068
TGCTTA,-0.21610126868879692
TGCTTT,0.28957661043556276
TGCTTC,-0.18320768888561254
TGCTTG,-0.19579625537731477
TGCTCA,-0.4201712554978599
TGCTCT,0.06482224932787015
TGCTCC,0.10377447250219152
TGCTCG,-0.3429447511268303
TGCTGA,0.4802629733558239
TGCTGT,0.4567584024957149
TGCTGC,0.36464311358790924
TGCTGG,0.18580588087656555
TGCCAA,-0.2939808745998089
TGCCAT,-0.01478379618423698
TGCCAC,-0.5247285289349822
TGCCAG,-0.2984196720854185
TGCCTA,-0.21357410029805904
TGCCTT,-0.025853378826333897
TGCCTC,0.0745414355328538
TGCCTG,0.16487464319023404
TGCCCA,-0.3608967886282878
TGCCCT,-0.16524957289530717
TGCCCC,0.1450257720502578
TGCCCG,0.13093735744747603
TGCCGA,0.117336706704542
TGCCGT,0.4744579795951157
TGCCGC,0.8380385349744067
TGCCGG,0.7239979562804213
TGCGAA,-0.28167816955001856
TGCGAT,-0.19375025261757753
TGCGAC,-0.48858001481867097
TGCGAG,-0.3456466128972542
TGCGTA,0.13185213110480254
TGCGTT,-0.02056627758147697
TGCGTC,-0.06453852113757118
TGCGTG,-0.048790164169432056
TGCGCA,-0.5162653470618089
TGCGCT,0.049271049006782835
TGCGCC,-0.2623642644674911
TGCGCG,-0.587786664902119
TGCGGA,0.41476750077047786
TGCGGT,0.5209779952300087
TGCGGC,0.42018834966105817
TGCGGG,0.46661953126149497
TGGAAA,-0.2642571289357438
TGGAAT,-0.5311486778238516
TGGAAC,-0.6529898587128812
TGGAAG,-0.23528013050056643
TGGATA,-0.043660936116015965
TGGATT,-0.5959234062951807
TGGATC,-0.7385301864077631
TGGATG,-0.21636739820367165
TGGACA,-0.08004270767353637
TGGACT,-0.5721613469990381
TGGACC,-1.5761631235492282
TGGACG,-0.1532574238500433
TGGAGA,-0.06952606264861022
TGGAGT,-0.4906229164484712
TGGAGC,-0.42035372060191506
TGGAGG,0.6601219251284509
TGGTAA,-0.21464601080376913
TGGTAT,0.1552532157713584
TGGTAC,0.10745915231474755
TGGTAG,-0.6015799870344549
TGGTTA,-0.2423395665202075
TGGTTT,-0.1420746762853613
TGGTTC,-0.47511350239800604
TGGTTG,-0.6805683983530851
TGGTCA,-0.36624439495488303
TGGTCT,-0.6718697821126605
TGGTCC,-1.007957920399979
TGGTCG,-0.7530795212826191
TGGTGA,-0.021560759106577624
TGGTGT,-0.08602218733785419
TGGTGC,-0.2116491718884746
TGGTGG,-0.4601900077974109
TGGCAA,-0.4740020352124309
TGGCAT,-0.2118803590354991
TGGCAC,-0.30661927347153184
TGGCAG,0.3389753668393314
TGGCTA,-0.4462871026284195
TGGCTT,-0.24049218964882269
TGGCTC,-0.4231932114017451
TGGCTG,0.16068238169047352
TGGCCA,-0.7192734851521654
TGGCCT,-0.7591051483517427
TGGCCC,-1.0667370801376606
TGGCCG,-0.2729184521461812
TGGCGA,-0.2754119798599665
TGGCGT,-0.06834225337681779
TGGCGC,-0.5108256237659907
TGGCGG,0.2200994089329817
TGGGAA,-0.4397201326584832
TGGGAT,-0.4595323293784402
TGGGAC,-0.7359671777428735
TGGGAG,-0.12810000262731575
TGGGTA,-0.43205869768161215
TGGGTT,-0.44009655207780485
TGGGTC,-0.6359887667199967
TGGGTG,-0.001958864485333034
TGGGCA,-0.31329464830850723
TGGGCT,-0.26837932019725225
TGGGCC,-1.1356939635726415
TGGGCG,-0.5252663079207851
TGGGGA,-0.4723157690041149
TGGGGT,-0.7342272063034099
TGGGGC,-0.8544153281560676
TGGGGG,0.16068238169047352
CAAAAA,0.22504716009187695
CAAAAT,-0.19530875232076572
CAAAAC,0.08833882808839565
CAAAAG,-0.027834798993443988
CAAATA,0.061574719659594074
CAAATT,-0.7267351517212607
CAAATC,-0.25454408776165777
CAAATG,0.04683453049831265
CAAACA,0.157334035906583
CAAACT,-0.3965761606909183
CAAACC,-0.30911735317184585
CAAACG,0.19687133780868576
CAAAGA,-0.3313236177121359
CAAAGT,-0.6484864097325246
CAAAGC,-0.25800062117971756
CAAAGG,-0.16692587131598124
CAATAA,0.010969031370573937
CAATAT,0.12071875660051334
CAATAC,-0.12614305484035476
CAATAG,-0.12571792798904008
CAATTA,-0.4081746123785303
CAATTT,-0.4313100498603067
CAATTC,-0.3523298533545523
CAATTG,-0.25073328632063063
CAATCA,-0.0713090277047818
CAATCT,-0.3289555779288471
CAATCC,-0.257279507749381
CAATCG,-0.12260232209233239
CAATGA,0.0074563006764549284
CAATGT,-0.2259466365413263
CAATGC,-0.43540457270679866
CAATGG,-0.43727693574317855
CAACAA,-0.1866134088754957
CAACAT,-0.12272945959170907
CAACAC,-0.11419236752565488
CAACAG,-0.11934675763256625
CAACTA,-0.23443755793296864
CAACTT,-0.5752365857478304
CAACTC,-0.2671604367309841
CAACTG,0.06085055095095781
CAACCA,-0.30728043052040943
CAACCT,-0.15006069457573312
CAACCC,-0.3472831527254284
CAACCG,-0.275847614804778
CAACGA,-0.3678884328545919
CAACGT,-0.5026674360645271
CAACGC,-0.24539416024902944
CAACGG,-0.50542645908822
CAAGAA,-0.18935888351453076
CAAGAT,-0.4536201499952115
CAAGAC,-0.09044990292207201
CAAGAG,-0.11394425934921772
CAAGTA,-0.4783641052541964
CAAGTT,-0.48821906913707663
CAAGTC,-0.5538851132264375
CAAGTG,-0.1331525329874849
CAAGCA,-0.1559923009739078
CAAGCT,0.0439335555554703
CAAGCC,0.0886237233023026
CAAGCG,0.16598513747426116
CAAGGA,0.041528458696582275
CAAGGT,-0.2703688812501049
CAAGGC,0.0014295928095943715
CAAGGG,-0.0309448038494216
CATAAA,0.384244152625279
CATAAT,-0.0061713939045424295
CATAAC,0.05726940779089235
CATAAG,0.0632490303076994
CATATA,0.5397110416705557
CATATT,0.2739832280936191
CATATC,0.527632742082372
CATATG,0.4792024353354785
CATACA,0.6543737946339846
CATACT,0.42893846429380644
CATACC,0.20935022918187396
CATACG,0.6295419306053726
CATAGA,0.05180441118886418
CATAGT,0.1849055375598797
CATAGC,0.08096906253366709
CATAGG,-0.0628924302309025
CATTAA,-0.4843814781368128
CATTAT,0.20571813460035054
CATTAC,-0.02078253918252839
CATTAG,-0.5168941296023715
CATTTA,-0.14330110970911838
CATTTT,0.2475460274268115
CATTTC,0.08139004869996468
CATTTG,-0.08432105822872968
CATTCA,0.11164804708886754
CATTCT,0.14189964229503918
CATTCC,0.15049307442816381
CATTCG,0.12118555680222322
CATTGA,-0.16219278936334083
CATTGT,0.06728200708332199
CATTGC,-0.3739226044715462
CATTGG,-0.6371435618722117
CATCAA,-0.21677850976133592
CATCAT,0.34269847603631093
CATCAC,0.5366950037444078
CATCAG,0.2591087000077249
CATCTA,-0.27369583047704105
CATCTT,-0.14636262640651082
CATCTC,0.38934572622828106
CATCTG,0.08313737887311602
CATCCA,-0.11752156356703906
CATCCT,0.4858243215605734
CATCCC,0.22598850344644097
CATCCG,0.05236798551731594
CATCGA,-0.4538860642246669
CATCGT,0.19845093872383823
CATCGC,-0.5619939103403901
CATCGG,0.033901551675681416
CATGAA,0.04338579967707564
CATGAT,0.17022114985986725
CATGAC,0.015037877364540502
CATGAG,-0.04362886238920654
CATGTA,0.09531017980432493
CATGTT,0.2541593804131374
CATGTC,0.0458095360312942
CATGTG,0.08649203135344341
CATGCA,-0.030844675351098413
CATGCT,0.19895395684309655
CATGCC,0.14536585027152543
CATGCG,-0.014528100562909856
CATGGA,-0.5136786927483972
CATGGT,-0.2056582369731903
CATGGC,-0.3026852390438298
CATGGG,-0.426856298089482
CACAAA,0.0059315353201221
CACAAT,-0.19303977301397865
CACAAC,-0.09242000438209144
CACAAG,-0.0965215669906219
CACATA,0.3113211091940219
CACATT,0.0816780310142671
CACATC,0.38246433882164643
CACATG,0.1737100934590359
CACACA,0.14573867160122364
CACACT,0.16788087263916035
CACACC,0.5733459807473246
CACACG,0.2644252102875136
CACAGA,-0.09992202502688782
CACAGT,-0.04067103973092786
CACAGC,0.4296001838434048
CACAGG,0.11964647290530271
CACTAA,-0.14746169167646164
CACTAT,0.18436445842375485
CACTAC,-0.21146269170145401
CACTAG,-0.27885948383660186
CACTTA,-0.35172600927737596
CACTTT,0.14792013007662227
CACTTC,0.07935565852249812
CACTTG,-0.20622707764750908
CACTCA,-0.454579158920104
CACTCT,0.09695710486144671
CACTCC,0.9360152372219336
CACTCG,-0.5581108967560026
CACTGA,-0.10238735017841004
CACTGT,-0.16750647100881394
CACTGC,0.29562312382459377
CACTGG,-0.21336617847591482
CACCAA,-0.2571532052547389
CACCAT,-0.0901018346971866
CACCAC,-0.04233436382656077
CACCAG,-0.25534669180884456
CACCTA,-0.09359344118527033
CACCTT,0.30421137440299156
CACCTC,1.498212277323876
CACCTG,0.6669863545212732
CACCCA,-0.25157279283472667
CACCCT,0.44486765597419325
CACCCC,0.44430494142442833
CACCCG,0.05675281659244963
CACCGA,0.22847689728957243
CACCGT,-0.36842383642781534
CACCGC,0.5180983830950706
CACCGG,-0.4091619699894905
CACGAA,-0.02469261259037152
CACGAT,-0.012646961700767421
CACGAC,-0.5007752879124893
CACGAG,-0.7786693539981073
CACGTA,-0.045610511252052295
CACGTT,0.12086470219379145
CACGTC,-0.08065790301745453
CACGTG,-0.26620304077465684
CACGCA,-0.20096390760323443
CACGCT,0.21760337093859425
CACGCC,0.23180161405732438
CACGCG,-0.1694181519580468
CACGGA,-0.6087298387473623
CACGGT,-0.258861633916289
CACGGC,-0.15415067982725836
CACGGG,-0.23111172096338656
CAGAAA,0.329716584025873
CAGAAT,-0.14894233472011997
CAGAAC,-0.022814677766171288
CAGAAG,-0.09739786323480894
CAGATA,-0.22713557258374725
CAGATT,-0.42451330307885893
CAGATC,-0.09806121317621475
CAGATG,0.10403863839991048
CAGACA,0.12379421734666433
CAGACT,0.030771658666753687
CAGACC,-0.12348105677102128
CAGACG,0.037041271680349076
CAGAGA,0.07509045135506982
CAGAGT,-0.27594681623336
CAGAGC,-0.0021253993123134776
CAGAGG,0.26637228586502987
CAGTAA,-0.1531297506931511
CAGTAT,0.2652811357626143
CAGTAC,0.2548922496287902
CAGTAG,-0.4560173872709958
CAGTTA,-0.17020019626160993
CAGTTT,0.017910926566530243
CAGTTC,-0.15787046092979035
CAGTTG,-0.4473431485891275
CAGTCA,0.23079469804972957
CAGTCT,0.27413784734402363
CAGTCC,-0.14937740107460057
CAGTCG,-0.42121346507630353
CAGTGA,-0.003120127336243634
CAGTGT,0.13493753300151246
CAGTGC,-0.2785495888885084
CAGTGG,-0.8638271623384143
CAGCAA,0.20093114604312606
CAGCAT,0.40283698570189486
CAGCAC,0.44538171551360695
CAGCAG,0.6068686727859682
CAGCTA,-0.1413135330665776
CAGCTT,0.34778599652148634
CAGCTC,0.4035438779302705
CAGCTG,0.6434589471788288
CAGCCA,0.16979757060891693
CAGCCT,0.5306282510621704
CAGCCC,0.44869384265898443
CAGCCG,0.9767224710590727
CAGCGA,0.32982769390254435
CAGCGT,0.56608830244104
CAGCGC,0.35350536917745334
CAGCGG,0.38688872253522893
CAGGAA,-0.1670540846631662
CAGGAT,0.0500978369827767
CAGGAC,-0.14842000511827333
CAGGAG,0.6367668471238377
CAGGTA,-0.11647499099636806
CAGGTT,0.0063492276786587445
CAGGTC,-0.10956220251152628
CAGGTG,0.4344526449814167
CAGGCA,0.08464264315407925
CAGGCT,0.32503785899554993
CAGGCC,0.3233385236711406
CAGGCG,0.5586162876023391
CAGGGA,0.10536051565782635
CAGGGT,-0.152107778197458
CAGGGC,-0.09278173345096621
CAGGGG,0.21581751122213688
CTAAAA,-0.1060887272685708
CTAAAT,-0.5394898000931797
CTAAAC,-0.13072573631122122
CTAAAG,-0.11264163615596473
CTAATA,-0.16300029510424094
CTAATT,-0.5619613714971432
CTAATC,-0.4071098453210428
CTAATG,-0.496436886313891
CTAACA,-0.19032159946103097
CTAACT,-0.4690416282095447
CTAACC,-0.5836112934916383
CTAACG,-0.18038169197612808
CTAAGA,-0.6101051878578144
CTAAGT,-0.5992510947928185
CTAAGC,-0.5814535215050963
CTAAGG,-0.17232147345937124
CTATAA,0.23118068885885873
CTATAT,0.46670631905918525
CTATAC,0.13941953524974512
CTATAG,0.16121259358371953
CTATTA,0.1013386774300062
CTATTT,0.18013041072170005
CTATTC,0.10854016857520597
CTATTG,0.1269919747416932
CTATCA,0.269582030808163
CTATCT,-0.09429956829840143
CTATCC,0.07690909443343362
CTATCG,-0.038282186571016924
CTATGA,-0.0754325731274396
CTATGT,0.44628710262841953
CTATGC,0.14953173397096384
CTATGG,-0.21576949086149466
CTACAA,-0.42872197027243175
CTACAT,-0.08938949939459727
CTACAC,-0.0881072675102669
CTACAG,-0.4741616393943992
CTACTA,-0.14723023698268461
CTACTT,-0.5276827408324136
CTACTC,-0.5585570265871808
CTACTG,-0.44895022004790314
CTACCA,-0.7803073560023458
CTACCT,-0.3364722366212129
CTACCC,-0.48669054803075024
CTACCG,-0.6973051907086091
CTACGA,-0.5682738506785373
CTACGT,-0.7106403380074625
CTACGC,-0.8368539012261204
CTACGG,-0.828948721719007
CTAGAA,-0.4202571255764838
CTAGAT,-0.5928244589320762
CTAGAC,-0.18023605030293327
CTAGAG,-0.4035585298375827
CTAGTA,-0.03223349457498431
CTAGTT,-0.45524684399989146
CTAGTC,-0.6742191706744265
CTAGTG,-0.5753641449035618
CTAGCA,-0.533802856902943
CTAGCT,-0.824825004535145
CTAGCC,-0.7665746491147626
CTAGCG,-0.6567795363890705
CTAGGA,-0.18514243313559597
CTAGGT,-0.4700036292457356
CTAGGC,-0.8544153281560676
CTAGGG,-0.8153648132841946
CTTAAA,-0.32634405948604545
CTTAAT,-0.6184856517909257
CTTAAC,-0.25185365719664105
CTTAAG,-0.804173433753449
CTTATA,0.23473116648659773
CTTATT,-0.13175898951235723
CTTATC,-0.0032206147000422834
CTTATG,0.26119611585000413
CTTACA,0.3092277145146473
CTTACT,-0.1108625928118097
CTTACC,-0.12656272330842924
CTTACG,-0.2116491718884746
CTTAGA,-0.8214015160836241
CTTAGT,-0.7894240109953652
CTTAGC,-0.9422021136586559
CTTAGG,-0.6592456288842639
CTTTAA,-0.29965826349849656
CTTTAT,0.41009117649694654
CTTTAC,0.18883623781514827
CTTTAG,-0.2874461955784147
CTTTTA,0.1896462383758784
CTTTTT,0.7090083470493276
CTTTTC,0.39949703703264305
CTTTTG,0.05168323395185993
CTTTCA,0.27362607136790007
CTTTCT,0.39597944778291694
CTTTCC,0.13585068241561352
CTTTCG,-0.03536714383729125
CTTTGA,-0.3791716622950426
CTTTGT,0.004530019071750119
CTTTGC,-0.24543861358414826
CTTTGG,-0.7359671777428735
CTTCAA,-0.3410115090546322
CTTCAT,0.2095459430488261
CTTCAC,0.27773174159861286
CTTCAG,0.008456710018223458
CTTCTA,-0.14048631763320044
CTTCTT,0.14121582894490212
CTTCTC,0.34581510870272386
CTTCTG,0.028987536873252187
CTTCCA,-0.31538467500111667
CTTCCT,0.2936926089539234
CTTCCC,-0.02112363145129342
CTTCCG,0.0
CTTCGA,-0.5358433867412786
CTTCGT,0.027922460619623283
CTTCGC,-0.300104592450338
CTTCGG,0.019418085857101516
CTTGAA,-0.35499568241901236
CTTGAT,-0.1861022796338606
CTTGAC,-0.297632403304949
CTTGAG,-0.5992510947928185
CTTGTA,-0.03181182763501413
CTTGTT,-0.02955880224154439
CTTGTC,0.3897358061996205
CTTGTG,-0.11488027599842214
CTTGCA,-0.08420370083543133
CTTGCT,-0.16514987412792873
CTTGCC,-0.19345339716279877
CTTGCG,-0.09917118846178434
CTTGGA,-0.5280674302004967
CTTGGT,-0.539813160639243
CTTGGC,-0.44361687407254063
CTTGGG,-0.45218273267562387
CTCAAA,-0.4404031594694448
CTCAAT,-0.2787965590945726
CTCAAC,-0.4030813167528881
CTCAAG,-0.4274440148269396
CTCATA,0.32850406697203605
CTCATT,0.09949883416149466
CTCATC,-0.007034026657379936
CTCATG,-0.06534988020845042
CTCACA,-0.28544743465036454
CTCACT,0.13702179756429117
CTCACC,0.2131133769542725
CTCACG,-0.22006188477680164
CTCAGA,-0.5093150494606239
CTCAGT,-0.7178397931503168
CTCAGC,0.161614361367348
CTCAGG,-0.32208349916911333
CTCTAA,-0.5100846085412715
CTCTAT,0.4076827551440615
CTCTAC,-0.2076393647782445
CTCTAG,-0.4321333551903257
CTCTTA,-0.2283153397166037
CTCTTT,0.6440240714898181
CTCTTC,0.2103579890172379
CTCTTG,0.07174390485884131
CTCTCA,0.05775883415219247
CTCTCT,0.43563598574152773
CTCTCC,0.7242838693457367
CTCTCG,-0.03593200922606333
CTCTGA,-0.33420208808667373
CTCTGT,0.18677590714333486
CTCTGC,-0.011996716287631437
CTCTGG,-0.3973514733339946
CTCCAA,-0.043310698404806475
CTCCAT,0.16402836374662919
CTCCAC,-0.004338401598598242
CTCCAG,-0.17504879746487476
CTCCTA,0.5953494372838188
CTCCTT,1.309035877982759
CTCCTC,0.9750488900962268
CTCCTG,0.7497175320483396
CTCCCA,0.22967525317742496
CTCCCT,0.5920510636885765
CTCCCC,0.6535736714954373
CTCCCG,0.5136544799664685
CTCCGA,-0.10318423623523075
CTCCGT,0.38234729899285935
CTCCGC,0.5436154465889816
CTCCGG,0.25564271870716443
CTCGAA,-0.7720057554722651
CTCGAT,-0.40546510810816444
CTCGAC,-0.5364933705145686
CTCGAG,-1.0321671892599569
CTCGTA,-0.22443304214408144
CTCGTT,-0.07751368000070472
CTCGTC,-0.0309448038494216
CTCGTG,-0.2782628505352892
CTCGCA,-0.5711887734930811
CTCGCT,-0.32482161940123766
CTCGCC,-0.41925843024050025
CTCGCG,-0.7055697005585025
CTCGGA,-0.4214289590971784
CTCGGT,-0.3562748639173927
CTCGGC,-0.15097102690987857
CTCGGG,-0.15663207067864363
CTGAAA,0.22635382694445808
CTGAAT,-0.23618787399524727
CTGAAC,0.083381608939051
CTGAAG,-0.24088006217291763
CTGATA,0.2051610487637774
CTGATT,0.029890145473208913
CTGATC,-0.002560820861673704
CTGATG,0.02970515441391591
CTGACA,0.5468655602491874
CTGACT,0.08247622182423861
CTGACC,-0.29573777328399764
CTGACG,0.35327935493759416
CTGAGA,-0.23224486556055526
CTGAGT,-0.35894509247327155
CTGAGC,-0.19640629667569365
CTGAGG,-0.07325046173959268
CTGTAA,0.1593320385692558
CTGTAT,0.46447151439443984
CTGTAC,0.4014409578084389
CTGTAG,-0.34054556200884883
CTGTTA,0.15786125922379404
CTGTTT,0.6955168499152637
CTGTTC,0.36022314399482963
CTGTTG,-0.18975653528147268
CTGTCA,0.5276327420823719
CTGTCT,0.6023179641906565
CTGTCC,0.46081520319132924
CTGTCG,0.018349138668196617
CTGTGA,-0.11012526558946546
CTGTGT,0.05218575317057025
CTGTGC,0.2625460991802387
CTGTGG,-0.3364722366212129
CTGCAA,-0.023573167718066803
CTGCAT,0.2601848229945589
CTGCAC,0.40689470091775876
CTGCAG,-0.08599044785552253
CTGCTA,0.060976796498715374
CTGCTT,0.4558667394852331
CTGCTC,0.06960882469398352
CTGCTG,0.7123785424878329
CTGCCA,0.06257324045261742
CTGCCT,0.4519851237430572
CTGCCC,0.3566749439387324
CTGCCG,1.180677241722414
CTGCGA,-0.2746948769249697
CTGCGT,0.2258646414285703
CTGCGC,0.09309042306601203
CTGCGG,0.8449531934279495
CTGGAA,-0.3424782606814249
CTGGAT,-0.11094489395172687
CTGGAC,-0.2113090936672069
CTGGAG,-0.23516403816833456
CTGGTA,-0.33825635841471435
CTGGTT,-0.2869465078728269
CTGGTC,-0.5403844260075351
CTGGTG,-0.05487661022583437
CTGGCA,-0.0953101798043249
CTGGCT,0.15562235043871442
CTGGCC,-0.18735935082391175
CTGGCG,-0.06899287148695143
CTGGGA,-0.4262991950110063
CTGGGT,-0.5200684908471682
CTGGGC,-0.3315339549806304
CTGGGG,-0.32208349916911333
CCAAAA,-0.23681485391217597
CCAAAT,-0.43432393657014434
CCAAAC,-0.32690278560506225
CCAAAG,-0.5254024086355238
CCAATA,-0.2588932439746123
CCAATT,-0.5458957231929588
CCAATC,-0.28035190148534644
CCAATG,-0.4762341789963717
CCAACA,-0.5728610146854433
CCAACT,-0.42280032010971
CCAACC,-0.44199885144062045
CCAACG,-0.7908468477616515
CCAAGA,-0.6592456288842639
CCAAGT,-0.7671680409056064
CCAAGC,-0.24632113962691546
CCAAGG,-0.3656907826203531
CCATAA,-0.16892692579310514
CCATAT,0.2025242641114741
CCATAC,0.4214457800965144
CCATAG,-0.2993162597331216
CCATTA,-0.1962299868400867
CCATTT,0.027276268642227614
CCATTC,-0.1797672769888579
CCATTG,-0.32449604557449724
CCATCA,-0.07901654031822443
CCATCT,-0.25729068686678974
CCATCC,-0.037740327982847086
CCATCG,-0.25327329276623894
CCATGA,-0.608929101475928
CCATGT,-0.1663212154475136
CCATGC,-0.19815302201063523
CCATGG,-0.6024928122918145
CCACAA,-0.4909520262095461
CCACAT,-0.17733401528291554
CCACAC,-0.34383423306228195
CCACAG,-0.2790511832525056
CCACTA,-0.41799884425542094
CCACTT,-0.7542831805516766
CCACTC,-0.33270575382573614
CCACTG,-0.4187103348581851
CCACCA,-0.46239902986051623
CCACCT,0.4222722264245456
CCACCC,-0.32104776629558124
CCACCG,-0.5452270504833231
CCACGA,-1.0572941393373787
CCACGT,-0.5118777017167944
CCACGC,-0.4658282578352548
CCACGG,-0.5996211225491218
CCAGAA,-0.5288707813655243
CCAGAT,-0.6348116035469819
CCAGAC,-0.132489183046079
CCAGAG,-0.365799851715733
CCAGTA,-0.3038014543316642
CCAGTT,-0.15600424847658126
CCAGTC,0.03315220731690055
CCAGTG,-0.4700036292457356
CCAGCA,-0.04628075256400634
CCAGCT,0.04737325800747697
CCAGCC,-0.11661276050819311
CCAGCG,0.018349138668196617
CCAGGA,-0.880456278864939
CCAGGT,-0.7665746491147626
CCAGGC,-0.7908468477616515
CCAGGG,-1.086636097621394
CCTAAA,-0.1643030512912763
CCTAAT,-0.39763309940143166
CCTAAC,-0.4633324904287131
CCTAAG,-0.529402009338926
CCTATA,0.3081367641476023
CCTATT,0.19081466419884985
CCTATC,-0.10354067894084033
CCTATG,0.26860592539096717
CCTACA,-0.456758402495715
CCTACT,-0.3399505009975377
CCTACC,-0.5232481437645479
CCTACG,-0.7960045659996532
CCTAGA,-0.6531694241649707
CCTAGT,-0.41834477097182554
CCTAGC,-0.7096764825111559
CCTAGG,-0.7696872576822796
CCTTAA,-0.30780204253372
CCTTAT,0.25745569630298853
CCTTAC,0.18420568358778938
CCTTAG,-0.6775499837462773
CCTTTA,0.36810363976235516
CCTTTT,0.6276808721283592
CCTTTC,0.5613076097182385
CCTTTG,-0.1436427022288433
CCTTCA,0.07186456122964403
CCTTCT,0.4879629803432201
CCTTCC,0.33869693164332404
CCTTCG,-0.1513996464553684
CCTTGA,-0.18061942872342418
CCTTGT,0.03622520417348281
CCTTGC,-0.08260352853521012
CCTTGG,-0.4473431485891275
CCTCAA,-0.20196855417775114
CCTCAT,0.2887082398070929
CCTCAC,0.13906043410366833
CCTCAG,-0.42241466642193765
CCTCTA,0.17515627759336816
CCTCTT,0.6136606979865009
CCTCTC,0.6693719150662871
CCTCTG,0.15762894420358306
CCTCCA,0.589370652561408
CCTCCT,1.5769886020856692
CCTCCC,1.00877158466832
CCTCCG,0.6528732814220054
CCTCGA,-0.8411565923651212
CCTCGT,0.03636764417087479
CCTCGC,-0.28678881647456583
CCTCGG,-0.3234001550538601
CCTGAA,-0.11568439899946217
CCTGAT,0.07712600319522903
CCTGAC,0.21843766027679706
CCTGAG,-0.2518193512908761
CCTGTA,0.4888467170472154
CCTGTT,0.5129111302570121
CCTGTC,0.8313648613755467
CCTGTG,0.1955116126521237
CCTGCA,0.33239454023167786
CCTGCT,0.504373988484502
CCTGCC,0.6975524740278617
CCTGCG,0.41215409625896093
CCTGGA,-0.8595379152817056
CCTGGT,-1.0966495795002609
CCTGGC,-0.45131149623358296
CCTGGG,-0.6368287499697219
CCCAAA,-0.3767226392425104
CCCAAT,-0.4738073614849821
CCCAAC,-0.5510074133988225
CCCAAG,-0.5677459140186729
CCCATA,0.041076091840895515
CCCATT,-0.27939540548577607
CCCATC,-0.1961148789262905
CCCATG,-0.5784842722398056
CCCACA,-0.46128517820585463
CCCACT,-0.5017523275603158
CCCACC,-0.1933713929805395
CCCACG,-1.001448540214462
CCCAGA,-0.7850846758856309
CCCAGT,-0.23507212217948356
CCCAGC,-0.15634607039069398
CCCAGG,-1.3181128487038183
CCCTAA,-0.5149348165161238
CCCTAT,0.11804080083373537
CCCTAC,-0.3591718241373197
CCCTAG,-0.8056251639866356
CCCTTA,-0.03278982282299084
CCCTTT,0.5902195284582263
CCCTTC,0.36190234737388394
CCCTTG,0.05246356953574073
CCCTCA,0.09706171284313124
CCCTCT,0.5183728294013736
CCCTCC,1.010186817641282
CCCTCG,0.08509933051800433
CCCTGA,-0.2452963559553431
CCCTGT,0.4488339477380228
CCCTGC,0.36739316015875656
CCCTGG,-1.1526795099383855
CCCCAA,-0.5017523275603158
CCCCAT,-0.03997953448727709
CCCCAC,-0.2363887780642304
CCCCAG,-0.8544153281560676
CCCCTA,0.08078925492732107
CCCCTT,0.7184649885442351
CCCCTC,0.7958013346200287
CCCCTG,0.38436574408391827
CCCCCA,-0.06637506894487256
CCCCCT,0.9223697779505374
CCCCCC,0.3290002217825119
CCCCCG,0.3053816495511819
CCCCGA,-0.23977861181874185
CCCCGT,0.09342007528590834
CCCCGC,0.5245244681241527
CCCCGG,0.16062319433287583
CCCGAA,-0.3640983028961442
CCCGAT,-0.2972515234679316
CCCGAC,-0.45145022134998775
CCCGAG,-0.5524472984568102
CCCGTA,0.028987536873252187
CCCGTT,0.3292258281004457
CCCGTC,-0.0745686954975085
CCCGTG,-0.3513978868378886
CCCGCA,0.31197476502082544
CCCGCT,0.820426381925418
CCCGCC,0.750305594399894
CCCGCG,-0.01354422510775726
CCCGGA,0.06136894637629202
CCCGGT,0.1687301295904155
CCCGGC,0.7004464830415569
CCCGGG,-0.3896545020815222
CCGAAA,-0.23095609105100345
CCGAAT,-0.23674920336998834
CCGAAC,-0.28611835047559825
CCGAAG,-0.1753528874778613
CCGATA,0.23693687344654563
CCGATT,-0.2231435513142097
CCGATC,-0.22734523816790989
CCGATG,-0.21868920096482944
CCGACA,0.06818151241607226
CCGACT,-0.4726044109457929
CCGACC,-0.4382549309311553
CCGACG,-0.7080357930536959
CCGAGA,-0.4005146029483082
CCGAGT,-0.31424909983650273
CCGAGC,-0.2002753604105505
CCGAGG,-0.7596369218287783
CCGTAA,-0.1840930364423367
CCGTAT,0.3504829736908112
CCGTAC,0.32850406697203605
CCGTAG,-0.9082585601768909
CCGTTA,0.14597523481201646
CCGTTT,0.4806118451694941
CCGTTC,0.31999337730412736
CCGTTG,-0.05826890812397576
CCGTCA,0.08474122845509051
CCGTCT,0.39184855811699953
CCGTCC,-0.13976194237515874
CCGTCG,-0.554842509182765
CCGTGA,-0.15057285847937443
CCGTGT,-0.5079643914849584
CCGTGC,0.10933666403746563
CCGTGG,-0.6337237600891445
CCGCAA,0.05715841383994862
CCGCAT,0.29067161130014696
CCGCAC,0.33702794655493595
CCGCAG,0.5631936092833068
CCGCTA,0.32798979593987376
CCGCTT,0.8053336612881714
CCGCTC,0.6670208759677253
CCGCTG,0.6739772644522252
CCGCCA,0.2548922496287902
CCGCCT,0.7868796582226525
CCGCCC,0.48783610554129203
CCGCCG,0.9115848408367424
CCGCGA,-0.27690997546986984
CCGCGT,0.07346715188187254
CCGCGC,0.10109611687136881
CCGCGG,0.6981597223834898
CCGGAA,0.02531780798429
CCGGAT,-0.05703763359944921
CCGGAC,0.3448404862917296
CCGGAG,0.6064503184337354
CCGGTA,0.08649203135344341
CCGGTT,0.3229638865964207
CCGGTC,0.24116205681688804
CCGGTG,-0.23399356733827556
CCGGCA,0.6027631190916762
CCGGCT,0.8808163436804953
CCGGCC,0.5313602262076985
CCGGCG,0.6578790417224875
CCGGGA,0.0
CCGGGT,0.2301122206303031
CCGGGC,0.17205189015649855
CCGGGG,0.0408219945202552
CGAAAA,0.024649135274654076
CGAAAT,-0.3683656003971666
CGAAAC,0.13568424598562365
CGAAAG,-0.13394797250973886
CGAATA,-0.011276388067934497
CGAATT,-0.5013811649379909
CGAATC,-0.35321441776428636
CGAATG,0.2218003677677421
CGAACA,-0.14213067621070927
CGAACT,-0.4223755802564809
CGAACC,-0.5992942717535988
CGAACG,0.5210821239331798
CGAAGA,-0.22666674932152667
CGAAGT,-0.6371991066274122
CGAAGC,-0.46642580789785154
CGAAGG,-0.2606144827437034
CGATAA,0.09850110610693316
CGATAT,0.40856725994225157
CGATAC,0.08042156731057422
CGATAG,-0.1022788491204183
CGATTA,-0.4619064190131163
CGATTT,-0.054136929541190315
CGATTC,-0.14210936129346363
CGATTG,-0.045212342821548034
CGATCA,-0.14410034397375687
CGATCT,-0.24972586559576826
CGATCC,-0.04995093040539431
CGATCG,-0.2654364635044612
CGATGA,-0.5029901282420421
CGATGT,-0.02656702738472175
CGATGC,-0.10821358464023272
CGATGG,-0.3364722366212129
CGACAA,0.1856211119911201
CGACAT,-0.19702770418365004
CGACAC,0.1325466559619831
CGACAG,-0.022329476398088657
CGACTA,-0.34699864960820054
CGACTT,-0.4231932114017451
CGACTC,-0.657215171333882
CGACTG,-0.23967285326542034
CGACCA,-0.9295359586241757
CGACCT,-0.6718697821126605
CGACCC,-0.9001613499442714
CGACCG,-0.10097591734000222
CGACGA,-1.0508216248317612
CGACGT,-0.6241543090729939
CGACGC,-0.6931471805599453
CGACGG,-0.47519844612283957
CGAGAA,-0.26354699671654047
CGAGAT,-0.4071303874272256
CGAGAC,-0.33289441527332897
CGAGAG,0.02127739844728488
CGAGTA,-0.4029929189627752
CGAGTT,-1.0214694128192339
CGAGTC,-0.5722342518946341
CGAGTG,-0.026317308317373417
CGAGCA,-0.42199441005937505
CGAGCT,-0.5283632444313183
CGAGCC,-0.45107561936021656
CGAGCG,-0.37586463833187367
CGAGGA,-0.2729913570417772
CGAGGT,0.02682724223314406
CGAGGC,-0.5490336786048857
CGAGGG,-0.1906203596086497
CGTAAA,0.029638451431156083
CGTAAT,-0.3007541540191337
CGTAAC,0.16663134105086747
CGTAAG,-0.38505623647695725
CGTATA,0.5566631619814572
CGTATT,-0.019093658815579586
CGTATC,0.4209062925965422
CGTATG,0.5877866649021191
CGTACA,0.2907169761469349
CGTACT,-0.01916991610772017
CGTACC,0.28998356944006015
CGTACG,0.5567353250700685
CGTAGA,-0.7259370033829363
CGTAGT,-0.082238098236972
CGTAGC,-1.2729656758128873
CGTAGG,-0.7462570058738938
CGTTAA,-0.4132776478449581
CGTTAT,0.3859096690470833
CGTTAC,0.03303985407820009
CGTTAG,-0.3255907364336788
CGTTTA,0.15043856997581798
CGTTTT,0.5964891100002616
CGTTTC,0.3143654608401829
CGTTTG,0.12152714951317312
CGTTCA,0.34962769842332936
CGTTCT,0.09726330542520685
CGTTCC,0.18571714579509285
CGTTCG,-0.2537805207760994
CGTTGA,-0.20479441264601328
CGTTGT,-0.14621655215183832
CGTTGC,-0.5257142362597415
CGTTGG,-0.9035786962857932
CGTCAA,-0.016997576368571136
CGTCAT,-0.05310982531394841
CGTCAC,0.049480057263369716
CGTCAG,0.06252035698133393
CGTCTA,-0.11283253049652718
CGTCTT,0.2172088157943953
CGTCTC,0.08997559681834698
CGTCTG,0.39221988135814384
CGTCCA,-0.3774912560657581
CGTCCT,0.11232918497391972
CGTCCC,0.10883878003415107
CGTCCG,-0.271373334409857
CGTCGA,-0.3867729750960119
CGTCGT,-0.03838424300831522
CGTCGC,-0.8280664984593161
CGTCGG,-0.46430560813109784
CGTGAA,-0.09227527610917081
CGTGAT,0.07014560936675977
CGTGAC,-0.20972053098206903
CGTGAG,0.2261241794523476
CGTGTA,0.16101177020720353
CGTGTT,0.33120833750167183
CGTGTC,0.2859741301066248
CGTGTG,0.15906469462968728
CGTGCA,0.10244080555449162
CGTGCT,0.01438873745209967
CGTGCC,0.10964317744982707
CGTGCG,0.17022114985986725
CGTGGA,-0.5994147028972381
CGTGGT,-1.0543120297715296
CGTGGC,-1.0055218656020977
CGTGGG,-0.9477893989335261
CGCAAA,-0.41678293304082603
CGCAAT,-0.64652133921989
CGCAAC,-0.35020242943311486
CGCAAG,-0.23516403816833456
CGCATA,0.3840739181268469
CGCATT,-0.25098757748538314
CGCATC,-0.20238911984476382
CGCATG,-0.07927318089450777
CGCACA,0.27083138209992524
CGCACT,-0.14107859825990549
CGCACC,0.2613647641344075
CGCACG,-0.3582122232576189
CGCAGA,-0.1445812288111077
CGCAGT,0.028987536873252187
CGCAGC,0.5863331762741357
CGCAGG,0.514232782087605
CGCTAA,-0.051959738930711104
CGCTAT,0.3184537311185346
CGCTAC,-0.0368139731227162
CGCTAG,-0.9901605804406105
CGCTTA,0.2773651054808486
CGCTTT,0.633494428589458
CGCTTC,0.377294231141468
CGCTTG,0.024368591016957732
CGCTCA,0.038740828316430616
CGCTCT,0.1802185065971758
CGCTCC,0.6006819528878518
CGCTCG,-0.6530689569925348
CGCTGA,0.3612204063104071
CGCTGT,0.49247648509779424
CGCTGC,0.037041271680349076
CGCTGG,-0.13976194237515874
CGCCAA,-0.18519099922190746
CGCCAT,0.07218674197582807
CGCCAC,-0.509648460592976
CGCCAG,-0.05244647537254243
CGCCTA,-0.0704332750489203
CGCCTT,-0.039530838756635205
CGCCTC,0.5435179854515328
CGCCTG,0.454472687214859
CGCCCA,-0.23001643060197186
CGCCCT,-0.04756841691910957
CGCCCC,0.15718558352241235
CGCCCG,0.10032272162786926
CGCCGA,0.10863384100279537
CGCCGT,0.501069448820626
CGCCGC,0.5523253546727434
CGCCGG,0.6122950839308503
CGCGAA,-0.24908973325879488
CGCGAT,-0.19709287411426726
CGCGAC,-0.6259384308664953
CGCGAG,-1.112796923660066
CGCGTA,-0.24191365399620018
CGCGTT,-0.34409616173187224
CGCGTC,0.0
CGCGTG,-0.44118319071024364
CGCGCA,-0.20972053098206914
CGCGCT,-0.26556426719816195
CGCGCC,-0.3677247801253174
CGCGCG,-0.3483066942682157
CGCGGA,-0.3364722366212129
CGCGGT,0.24419696051204198
CGCGGC,0.37998602280717947
CGCGGG,0.20252426411147392
CGGAAA,-0.008975988457151168
CGGAAT,0.10876767397944061
CGGAAC,-0.06382804153397252
CGGAAG,0.20895891632225344
CGGATA,0.11058245963897798
CGGATT,-0.2055244538736186
CGGATC,-0.3093212475552622
CGGATG,0.09574505695838434
CGGACA,0.26160983214200584
CGGACT,-0.30010459245033816
CGGACC,-0.5007752879124893
CGGACG,0.10032272162786926
CGGAGA,0.12405264866997882
CGGAGT,-0.13554549199622393
CGGAGC,0.4442511331433209
CGGAGG,0.8442721394706666
CGGTAA,0.044059989794030495
CGGTAT,0.3316451958728971
CGGTAC,0.5728980524083682
CGGTAG,-0.6458942957093998
CGGTTA,0.09582755499910271
CGGTTT,0.3566749439387324
CGGTTC,-0.10436001532424276
CGGTTG,-0.1941560144409575
CGGTCA,0.45279407619380574
CGGTCT,0.27014959369014047
CGGTCC,0.08263226458027018
CGGTCG,-0.5827233629455723
CGGTGA,0.06624938554120066
CGGTGT,0.35020242943311497
CGGTGC,0.17974423577965423
CGGTGG,-0.6343066805370119
CGGCAA,0.1511249589107213
CGGCAT,0.25439609481831427
CGGCAC,0.5565716455541946
CGGCAG,0.8063631961580804
CGGCTA,0.08841095734405294
CGGCTT,0.616500061887547
CGGCTC,0.5335170349680614
CGGCTG,1.0124345924270572
CGGCCA,-0.19885085874516517
CGGCCT,0.1523407245820188
CGGCCC,-0.3550947487192148
CGGCCG,0.5759649259369521
CGGCGA,-0.003565066164496257
CGGCGT,0.7214509567227972
CGGCGC,0.1993894653061025
CGGCGG,0.8975985988620026
CGGGAA,-0.11332868530700324
CGGGAT,-0.012170535620255179
CGGGAC,0.23211222129697015
CGGGAG,0.5927043975291002
CGGGTA,0.05750449448019111
CGGGTT,0.30951492828199406
CGGGTC,0.08004270767353636
CGGGTG,0.463197574776736
CGGGCA,-0.15415067982725836
CGGGCT,0.6150294012959933
CGGGCC,-0.8563476959071215
CGGGCG,0.17733401528291545
CGGGGA,-0.1797139933868737
CGGGGT,0.13185213110480254
CGGGGC,0.059423420470800806
CGGGGG,0.44486765597419325
GAAAAA,0.48880061178890255
GAAAAT,0.02113078163007332
GAAAAC,0.2975820036586522
GAAAAG,0.4195793992539608
GAAATA,0.13353139262452257
GAAATT,-0.553789720686062
GAAATC,-0.14871722610426286
GAAATG,0.13726506217657156
GAAACA,0.19759173987385978
GAAACT,-0.3495443181885656
GAAACC,-0.047939462289119064
GAAACG,0.40743555209546306
GAAAGA,0.2519037034894725
GAAAGT,-0.26788744512360135
GAAAGC,0.24846135929849972
GAAAGG,0.6119738905161228
GAATAA,-0.03658489379154257
GAATAT,0.19249558613515166
GAATAC,-0.02141846283255947
GAATAG,0.21500680992114807
GAATTA,-0.5475618635916102
GAATTT,-0.6663199383268013
GAATTC,-0.4487877900954628
GAATTG,-0.285796734675058
GAATCA,-0.05791727007311568
GAATCT,-0.3206085726480454
GAATCC,-0.3242021440293986
GAATCG,-0.0953101798043249
GAATGA,0.20812240657075112
GAATGT,0.09035648324954436
GAATGC,-0.004987541511039051
GAATGG,-0.18500612216462362
GAACAA,0.01142869582362285
GAACAT,-0.03951882017590922
GAACAC,0.06035680054089739
GAACAG,0.3985326713325196
GAACTA,-0.4614443758500657
GAACTT,-0.46707879533848873
GAACTC,-0.6596374016610672
GAACTG,-0.20513623456012595
GAACCA,-0.408792898200839
GAACCT,-0.2571532052547389
GAACCC,-0.38711596943996784
GAACCG,0.18571714579509285
GAACGA,0.4338040664266306
GAACGT,0.24675341695334346
GAACGC,-0.18451213817377327
GAACGG,0.39660040634791627
GAAGAA,0.16927056137405802
GAAGAT,-0.308854648277802
GAAGAC,-0.07354390332237022
GAAGAG,0.010333581854545398
GAAGTA,-0.3422470361150969
GAAGTT,-0.6151856390902334
GAAGTC,-0.37283988079208785
GAAGTG,0.06618782055934284
GAAGCA,0.06343820927156285
GAAGCT,0.04989697114462304
GAAGCC,-0.2678437302321167
GAAGCG,0.19809751938812215
GAAGGA,0.5461649902112996
GAAGGT,0.18340322266469566
GAAGGC,0.08363442147989952
GAAGGG,0.4714230758999618
GATAAA,0.28294497216751174
GATAAT,-0.1823215567939546
GATAAC,0.10944632318040663
GATAAG,0.05047126392613573
GATATA,0.5049171870798244
GATATT,-0.0746908926015891
GATATC,0.2283222267926612
GATATG,0.4317955744068405
GATACA,0.22980284340418672
GATACT,0.06090875308699252
GATACC,0.2432723187448235
GATACG,0.34400050304200447
GATAGA,0.2580034164317027
GATAGT,-0.2889312918522128
GATAGC,-0.022388994893478724
GATAGG,-0.012959144642505228
GATTAA,-0.6418538861723946
GATTAT,-0.22006188477680164
GATTAC,-0.13102826240640414
GATTAG,-0.5990081896460834
GATTTA,-0.4791639986443997
GATTTT,0.010994155630979866
GATTTC,-0.2276901618238056
GATTTG,-0.2528902469581169
GATTCA,-0.03688698980706105
GATTCT,-0.20911974994867882
GATTCC,-0.12744494656812036
GATTCG,-0.1615954262768377
GATTGA,-0.03482939114167981
GATTGT,0.09476238466600287
GATTGC,-0.19845093872383832
GATTGG,-0.2314807927520382
GATCAA,-0.31948793376667217
GATCAT,0.07910418109127224
GATCAC,0.0814930342511828
GATCAG,0.15415067982725836
GATCTA,-0.8865185735404849
GATCTT,-0.4657880252911445
GATCTC,-0.27274049245358195
GATCTG,-0.14429416120471547
GATCCA,-0.5104865832474014
GATCCT,-0.35667494393873245
GATCCC,-0.4085610858132924
GATCCG,-0.3190045435808221
GATCGA,-0.6526315116662239
GATCGT,0.09684982598991762
GATCGC,-0.1549906630769834
GATCGG,-0.04196419909903208
GATGAA,0.19098281060717864
GATGAT,0.24574338323145062
GATGAC,0.2186356548750199
GATGAG,0.1152861554577963
GATGTA,0.035401927050916
GATGTT,0.024382441720227438
GATGTC,0.062166906416551745
GATGTG,0.23869596432169463
GATGCA,0.014218249002279172
GATGCT,-0.018127384592556715
GATGCC,-0.06391332574365277
GATGCG,0.10536051565782635
GATGGA,0.10536051565782635
GATGGT,-0.07197349962508923
GATGGC,-0.15648032561006722
GATGGG,-0.3882637457496178
GACAAA,0.30388643817984334
GACAAT,-0.054152107310817384
GACAAC,0.22778393087071197
GACAAG,0.17197526473981029
GACATA,0.18121106250992752
GACATT,-0.03625774802262436
GACATC,0.4292456367735679
GACATG,-0.07386984856645541
GACACA,0.36957834877464035
GACACT,0.12546169497891346
GACACC,0.38399904821328656
GACACG,-0.003992021269537561
GACAGA,0.2836087470641452
GACAGT,-0.10935253692736377
GACAGC,0.8484220875994846
GACAGG,0.4765924521237485
GACTAA,-0.4690110733329839
GACTAT,0.006116227017436054
GACTAC,-0.715397789494765
GACTAG,-0.512203983736112
GACTTA,-0.5454570677356311
GACTTT,-0.20441860398188505
GACTTC,-0.178691788743376
GACTTG,-0.30073214189044994
GACTCA,-0.31334981920035887
GACTCT,-0.2838704696884546
GACTCC,-0.2392296890658341
GACTCG,-0.804560767930849
GACTGA,0.003034903695154111
GACTGT,-0.20430046351272993
GACTGC,0.435924315592873
GACTGG,0.15653447118253463
GACCAA,-0.526563204814001
GACCAT,-0.4727775561284609
GACCAC,-0.27369583047704105
GACCAG,-0.35767444427181594
GACCTA,-0.6616209269131713
GACCTT,-0.3922635962496284
GACCTC,-0.10919929196499197
GACCTG,-0.16685163502182276
GACCCA,-0.7188996766623601
GACCCT,-0.7528664152615676
GACCCC,-0.7077459799810979
GACCCG,-0.1670540846631662
GACCGA,-0.4110052884837798
GACCGT,0.04512043528046964
GACCGC,0.2629894598614094
GACCGG,0.24351085413864346
GACGAA,-0.21784652795633985
GACGAT,-0.22713557258374725
GACGAC,-0.06578774053800303
GACGAG,-0.06669137449867228
GACGTA,-0.5690945318899665
GACGTT,0.09040696599076796
GACGTC,-0.1823215567939546
GACGTG,-0.04688358589885038
GACGCA,-0.47284051058093524
GACGCT,0.2054439742148087
GACGCC,-0.11980119981262065
GACGCG,-0.300104592450338
GACGGA,0.3395805105794323
GACGGT,0.10536051565782635
GACGGC,0.10895118378855483
GACGGG,0.28577912230569485
GAGAAA,0.39973620802364657
GAGAAT,-0.1325891680484118
GAGAAC,0.2439904129537327
GAGAAG,0.3527686889716673
GAGATA,0.05870760082677791
GAGATT,-0.28668157211819745
GAGATC,-0.36414695877743336
GAGATG,0.19206584826863277
GAGACA,0.18661648107683534
GAGACT,-0.23208306635301845
GAGACC,-0.33885035902618044
GAGACG,0.16411001973001674
GAGAGA,0.46225594245490975
GAGAGT,0.16173492318556626
GAGAGC,0.2663157231794185
GAGAGG,0.6628418310646164
GAGTAA,-0.13182539277942235
GAGTAT,0.0077220460939103185
GAGTAC,-0.8506535682341759
GAGTAG,-0.4840178726205473
GAGTTA,-0.49740260343385
GAGTTT,-0.3746934494414107
GAGTTC,-0.509491400752854
GAGTTG,-0.19319122903085847
GAGTCA,-0.1562264460111028
GAGTCT,-0.19506058257138445
GAGTCC,-0.7089310482612073
GAGTCG,-0.4732877044469254
GAGTGA,0.4707056299765654
GAGTGT,0.190113025637728
GAGTGC,0.15415067982725836
GAGTGG,-0.2847365622220242
GAGCAA,-0.3836063142956653
GAGCAT,-0.04320875433123693
GAGCAC,0.2672854445441351
GAGCAG,0.41040687601894327
GAGCTA,-0.5750069382557202
GAGCTT,-0.037740327982847086
GAGCTC,-0.3829922522561057
GAGCTG,0.23251569114307297
GAGCCA,-0.43314853685658117
GAGCCT,0.04310324041750627
GAGCCC,-0.3024167322087176
GAGCCG,0.47000362924573563
GAGCGA,-0.02105340919783238
GAGCGT,0.07869226857566487
GAGCGC,0.0722449068733288
GAGCGG,0.7689660171172966
GAGGAA,0.5926894938441638
GAGGAT,0.44921404381515795
GAGGAC,0.12260232209233228
GAGGAG,0.9494429391910556
GAGGTA,0.312648695182242
GAGGTT,0.5359124581957256
GAGGTC,0.04348511193973889
GAGGTG,1.4627038302618918
GAGGCA,0.21801971431434025
GAGGCT,0.34778599652148634
GAGGCC,-0.19611487892629037
GAGGCG,0.4818380868927384
GAGGGA,0.5172072663555113
GAGGGT,0.2904255583975317
GAGGGC,0.1379366860924391
GAGGGG,0.8383870624493679
GTAAAA,0.22350384676037008
GTAAAT,0.003371060259584099
GTAAAC,0.21849021578856845
GTAAAG,0.28932951928237965
GTAATA,-0.002253098962909314
GTAATT,-0.5761247251542759
GTAATC,-0.09213389338590408
GTAATG,-0.23171431212353094
GTAACA,0.583280702981413
GTAACT,-0.10462495107887226
GTAACC,-0.36244772302447364
GTAACG,0.11725126217934795
GTAAGA,-0.1434553907105103
GTAAGT,-0.2550112901622322
GTAAGC,0.2645287674770641
GTAAGG,0.1856211119911201
GTATAA,0.5222380158177354
GTATAT,0.5561063282991473
GTATAC,0.794748293293866
GTATAG,0.5276327420823719
GTATTA,-0.210190455802747
GTATTT,0.127833371509885
GTATTC,0.11239218702150698
GTATTG,0.08903362237039765
GTATCA,0.36896011073331
GTATCT,-0.0858201916194767
GTATCC,0.16523755373676827
GTATCG,0.03980625040041979
GTATGA,0.4246256058472402
GTATGT,0.5313241453143317
GTATGC,0.3011050927839216
GTATGG,0.2266218156905347
GTACAA,0.10421569584189293
GTACAT,0.32302143889708984
GTACAC,0.14606380877133038
GTACAG,0.3987083256452845
GTACTA,0.07603290056330633
GTACTT,-0.3278141738780983
GTACTC,-0.14348172347769073
GTACTG,-0.026668247082161294
GTACCA,0.12654774887727013
GTACCT,0.09884583463663264
GTACCC,0.05299253014051038
GTACCG,-0.22103606897464506
GTACGA,0.06491954609931569
GTACGT,0.18703854667209346
GTACGC,0.23280546222594656
GTACGG,0.6885068010034431
GTAGAA,-0.26907248320260957
GTAGAT,-0.7172142066425826
GTAGAC,0.03822121282019767
GTAGAG,-0.10821358464023272
GTAGTA,-0.29915447361401776
GTAGTT,-0.8140997909776079
GTAGTC,0.07726878079081109
GTAGTG,-0.3285040669720361
GTAGCA,-0.34240697214102755
GTAGCT,-0.7615843421131738
GTAGCC,-0.1941560144409575
GTAGCG,-0.41788762810672153
GTAGGA,-0.475346473656231
GTAGGT,-0.28252172189247127
GTAGGC,-0.6135945488579916
GTAGGG,-0.7096764825111559
GTTAAA,-0.39848106942782463
GTTAAT,-0.4714230758999618
GTTAAC,-0.2696144256925508
GTTAAG,-0.13680273497368084
GTTATA,0.23736854224555706
GTTATT,-0.12356339857188285
GTTATC,0.11506932978478729
GTTATG,0.28517894223366247
GTTACA,0.23859246225525735
GTTACT,-0.1279414737747325
GTTACC,-0.020542272300314038
GTTACG,-0.1532574238500433
GTTAGA,-0.4532627163648447
GTTAGT,-0.14732471475685843
GTTAGC,-0.6316148888713004
GTTAGG,-0.3223985094095509
GTTTAA,-0.41841626045524233
GTTTAT,0.22725784283217204
GTTTAC,0.4802422003939105
GTTTAG,-0.1901036972360095
GTTTTA,0.06326079895954159
GTTTTT,0.5643143087169769
GTTTTC,0.3214667402514598
GTTTTG,0.16418738418109008
GTTTCA,0.12897038129696003
GTTTCT,0.13164774358535575
GTTTCC,-0.15006069457573323
GTTTCG,-0.07963776739669305
GTTTGA,-0.12193212237255949
GTTTGT,0.2862941471769329
GTTTGC,0.12839239509660386
GTTTGG,-0.5235797637311086
GTTCAA,-0.226566258591712
GTTCAT,0.17330571811233408
GTTCAC,0.2732276557116212
GTTCAG,-0.009290046907092642
GTTCTA,-0.1416505170630268
GTTCTT,-0.03278982282299084
GTTCTC,-0.004866189651173011
GTTCTG,-0.05575001510449183
GTTCCA,-0.37573457394982124
GTTCCT,-0.08182249942237334
GTTCCC,-0.020379162336652254
GTTCCG,-0.2394799706339033
GTTCGA,-0.3232658818076027
GTTCGT,0.0585793011184838
GTTCGC,-0.5371429320833642
GTTCGG,-0.06006424074265014
GTTGAA,-0.1980699137620938
GTTGAT,-0.23066238372823702
GTTGAC,0.09461597637484913
GTTGAG,-0.4252677354043441
GTTGTA,-0.19313247289817023
GTTGTT,-0.2272729446562209
GTTGTC,0.056647035664652005
GTTGTG,-0.13976194237515874
GTTGCA,-0.46216045178470966
GTTGCT,-0.3364722366212129
GTTGCC,-0.4820831549003367
GTTGCG,-0.7305347126315657
GTTGGA,-0.6749832099322742
GTTGGT,-0.7165552714579602
GTTGGC,-0.6810047937342197
GTTGGG,-0.5108256237659907
GTCAAA,-0.03738753207162033
GTCAAT,0.17733401528291565
GTCAAC,-0.10436001532424263
GTCAAG,-0.15057285847937443
GTCATA,0.380772495517793
GTCATT,-0.1548830123389335
GTCATC,0.19388819316542005
GTCATG,0.1021450788038519
GTCACA,0.23638877806423034
GTCACT,0.05777780066681139
GTCACC,0.10536051565782635
GTCACG,0.16251892949777494
GTCAGA,-0.08311490671050668
GTCAGT,0.34070654076000123
GTCAGC,0.6234138425452701
GTCAGG,0.13543797089510431
GTCTAA,-0.5655097146242004
GTCTAT,0.1304964889293686
GTCTAC,-0.28946619424528236
GTCTAG,-0.3190045435808221
GTCTTA,-0.3521191274028717
GTCTTT,0.21405257961295762
GTCTTC,-0.16932668993758695
GTCTTG,0.019002947125615264
GTCTCA,-0.09531017980432477
GTCTCT,0.247535004438369
GTCTCC,0.3082627801518017
GTCTCG,-0.32583383841615715
GTCTGA,-0.012775191488722918
GTCTGT,0.2680561079950325
GTCTGC,0.46530878494152783
GTCTGG,-0.1606600600127753
GTCCAA,-0.3436924845946999
GTCCAT,-0.1904848674331155
GTCCAC,-0.6292433785804651
GTCCAG,-0.5738004229273791
GTCCTA,-0.4791083962386548
GTCCTT,-0.05129329438755058
GTCCTC,-0.005540180375615356
GTCCTG,-0.24294617861038947
GTCCCA,-0.4035585298375827
GTCCCT,-0.0674822971815846
GTCCCC,0.040821994520254985
GTCCCG,-0.08004270767353637
GTCCGA,-0.36890751237436686
GTCCGT,0.18901054494475125
GTCCGC,0.3306994575354717
GTCCGG,0.127833371509885
GTCGAA,-0.0745686954975085
GTCGAT,-0.05077232537342326
GTCGAC,-0.3856624808119846
GTCGAG,-0.9039066726744335
GTCGTA,-0.2908021997880246
GTCGTT,-0.12636290314591012
GTCGTC,-0.34396290835037063
GTCGTG,-0.11778303565638351
GTCGCA,-0.8623623898485994
GTCGCT,-0.365799851715733
GTCGCC,-0.25131442828090605
GTCGCG,-0.9500017892164668
GTCGGA,-0.7205461547480597
GTCGGT,-0.3841877096608795
GTCGGC,-0.09925495809534114
GTCGGG,-0.055569851154810765
GTGAAA,0.34442534756024334
GTGAAT,0.14754859003890972
GTGAAC,0.25342704790146214
GTGAAG,0.31559086056885743
GTGATA,0.293445777168531
GTGATT,-0.004434597067865753
GTGATC,0.02876807017644263
GTGATG,0.3013957482139579
GTGACA,0.4469741517794579
GTGACT,-0.26759531388504354
GTGACC,-0.24512245803298496
GTGACG,-0.019802627296179754
GTGAGA,0.25782910930209985
GTGAGT,-0.22800974096538268
GTGAGC,0.024748169689194174
GTGAGG,0.6059248553573193
GTGTAA,0.30493926953954353
GTGTAT,0.5753641449035618
GTGTAC,0.1610852374959264
GTGTAG,-0.07165598890643517
GTGTTA,0.05568890586058863
GTGTTT,0.40430299292798694
GTGTTC,0.20900348854039727
GTGTTG,-0.012232568435634408
GTGTCA,0.2453477086252202
GTGTCT,0.0665744906226697
GTGTCC,0.13093735744747603
GTGTCG,0.2782033284972371
GTGTGA,0.15369416304233824
GTGTGT,0.10536051565782635
GTGTGC,0.0
GTGTGG,-0.2673147696273473
GTGCAA,-0.36000273403140703
GTGCAT,-0.044879326177432954
GTGCAC,-0.31918073951115183
GTGCAG,0.06424226872835366
GTGCTA,-0.21107097007994055
GTGCTT,-0.09411329157047876
GTGCTC,-0.09051400754083186
GTGCTG,0.49381427793945404
GTGCCA,-0.24686007793152578
GTGCCT,-0.07696104113612832
GTGCCC,-0.2275781483820755
GTGCCG,0.5855165163675798
GTGCGA,-0.19268434382950111
GTGCGT,0.44976536700474434
GTGCGC,-0.15822400521489416
GTGCGG,0.5145362031625264
GTGGAA,-0.2795505091729019
GTGGAT,-0.3364722366212129
GTGGAC,-0.8827947774459729
GTGGAG,-0.1971680649109491
GTGGTA,-0.13976194237515874
GTGGTT,-0.48452533658035274
GTGGTC,-0.6091615244868525
GTGGTG,-0.04348511193973889
GTGGCA,-0.24014112768278081
GTGGCT,-0.7884573603642702
GTGGCC,-1.3987168811184476
GTGGCG,-0.42102962464927596
GTGGGA,-0.3968813644167729
GTGGGT,-0.6931471805599453
GTGGGC,-0.22978809403287825
GTGGGG,-0.3285040669720361
GCAAAA,-0.02035872351515393
GCAAAT,-0.2705041226740473
GCAAAC,-0.02607224030977513
GCAAAG,-0.4210730057741554
GCAATA,-0.32223445395844075
GCAATT,-1.0011219562794886
GCAATC,-0.2681895236585714
GCAATG,-0.25454408776165777
GCAACA,-0.23600170625757833
GCAACT,-0.38376237166266997
GCAACC,-0.38473897759104736
GCAACG,-0.4006918293555066
GCAAGA,-0.25104338884300886
GCAAGT,-0.5120014028550025
GCAAGC,-0.02943270678711838
GCAAGG,-0.024317307650706242
GCATAA,0.15696996559654006
GCATAT,0.33377317965204784
GCATAC,0.38805006650648627
GCATAG,0.0422598092898826
GCATTA,-0.49875304253172154
GCATTT,-0.1919648330657589
GCATTC,0.07603290056330633
GCATTG,-0.43433719820225364
GCATCA,-0.10758027239613926
GCATCT,-0.12078153865264006
GCATCC,-0.004905978768854407
GCATCG,-0.5452270504833231
GCATGA,-0.035323760830408356
GCATGT,0.15141181790237093
GCATGC,0.016201974576280406
GCATGG,-0.3516624021151882
GCACAA,-0.2304849581725775
GCACAT,0.3406044739061235
GCACAC,0.25196398984970164
GCACAG,0.43560220252840315
GCACTA,-0.10536051565782628
GCACTT,-0.42357961514694104
GCACTC,-0.02071420438756322
GCACTG,-0.14328100759035448
GCACCA,-0.09742211300746836
GCACCT,0.6246607664147892
GCACCC,0.06078489106912177
GCACCG,0.17205189015649855
GCACGA,-0.1933713929805395
GCACGT,0.12344419109112176
GCACGC,-0.0228146777661714
GCACGG,-0.42102962464927596
GCAGAA,0.228714596363665
GCAGAT,-0.029558802241544505
GCAGAC,0.2542837920499329
GCAGAG,0.3011050927839216
GCAGTA,0.0630581359671368
GCAGTT,0.023157646675230723
GCAGTC,0.13353139262452257
GCAGTG,0.19795330248565116
GCAGCA,0.2453477086252202
GCAGCT,0.33420208808667373
GCAGCC,0.6085195949255918
GCAGCG,0.39304258810960735
GCAGGA,0.4113333564765965
GCAGGT,0.457544257153054
GCAGGC,0.7481192038049584
GCAGGG,0.3897989913637649
GCTAAA,-0.2660205756706016
GCTAAT,-0.587786664902119
GCTAAC,-0.6979742213082611
GCTAAG,-0.368685856604868
GCTATA,0.21397518322733025
GCTATT,-0.13319947914025626
GCTATC,0.09658082800578033
GCTATG,0.16073798512678014
GCTACA,-0.19549201998369972
GCTACT,-0.37051807803092995
GCTACC,-0.45501084465959435
GCTACG,-0.8092193518126993
GCTAGA,-0.5753641449035618
GCTAGT,-0.7712649598238973
GCTAGC,-1.3107868086117453
GCTAGG,-0.5661875530986572
GCTTAA,-0.4529192667348541
GCTTAT,0.23621563288156255
GCTTAC,0.30632874161904833
GCTTAG,-0.8204089601708725
GCTTTA,-0.08275396102891225
GCTTTT,0.5941401388742942
GCTTTC,0.37628341532710863
GCTTTG,-0.3865370982226456
GCTTCA,-0.05951412753240772
GCTTCT,0.002612104227924961
GCTTCC,0.04675519907906246
GCTTCG,0.15242802651581214
GCTTGA,-0.32727253972278936
GCTTGT,0.2599986437033641
GCTTGC,0.0027063615977430673
GCTTGG,-0.18524126689728931
GCTCAA,-0.45911118807931195
GCTCAT,-0.022906366208907476
GCTCAC,0.03144152583481888
GCTCAG,-0.475845904869964
GCTCTA,-0.32047189527477177
GCTCTT,0.28998356944006015
GCTCTC,0.1973594341584952
GCTCTG,-0.27690997546986984
GCTCCA,-0.5420012412344404
GCTCCT,0.6060003113947814
GCTCCC,-0.029980832211935784
GCTCCG,0.2981065897876651
GCTCGA,-0.6084059521048548
GCTCGT,0.07496303847345533
GCTCGC,-0.496436886313891
GCTCGG,-0.32621573645402385
GCTGAA,0.4092959658946454
GCTGAT,0.35288945045925046
GCTGAC,0.5589118104336285
GCTGAG,0.277686532620102
GCTGTA,0.4567584024957149
GCTGTT,0.7194795549041818
GCTGTC,0.6039160468320027
GCTGTG,0.20479441264601322
GCTGCA,-0.03278982282299084
GCTGCT,0.42245647331590064
GCTGCC,0.8281834643638882
GCTGCG,0.47148620920595824
GCTGGA,0.09218075321341643
GCTGGT,0.10536051565782635
GCTGGC,0.3639653772014116
GCTGGG,-0.20173964265105623
GCCAAA,-0.23033077598031518
GCCAAT,-0.3153446901953376
GCCAAC,-0.71609611354549
GCCAAG,-0.28906999772662884
GCCATA,0.0170458672729886
GCCATT,-0.11580087445239223
GCCATC,-0.2657031657330056
GCCATG,-0.35716262987865915
GCCACA,-0.8411565923651212
GCCACT,-0.7846622893957185
GCCACC,-0.36741704047063456
GCCACG,-0.5530005488167035
GCCAGA,-0.34514531787464175
GCCAGT,-0.12883287184296843
GCCAGC,0.12204743444284097
GCCAGG,-0.8207583051525913
GCCTAA,-0.3101549283038396
GCCTAT,0.04639303956971049
GCCTAC,-0.5386176410956494
GCCTAG,-0.9209855761783627
GCCTTA,-0.4308706315435873
GCCTTT,0.08386751759778562
GCCTTC,-0.09146155414303048
GCCTTG,-0.49394932284208937
GCCTCA,-0.44531101665536404
GCCTCT,0.15168458733206494
GCCTCC,0.9277194276977778
GCCTCG,-1.2149127443642704
GCCTGA,0.2720159557073816
GCCTGT,0.5658077581833438
GCCTGC,0.6200249157309827
GCCTGG,-0.3131611577527658
GCCCAA,-0.3682209349357931
GCCCAT,-0.3549342994609483
GCCCAC,-0.6534819241675139
GCCCAG,-0.5699517972660847
GCCCTA,-0.38544624121767246
GCCCTT,-0.24214005200486485
GCCCTC,0.08932810812677737
GCCCTG,-0.168715904738176
GCCCCA,-0.45281122870536267
GCCCCT,0.09352605801082355
GCCCCC,0.13005312824819776
GCCCCG,0.18859116980754997
GCCCGA,-0.7706224927282359
GCCCGT,0.2436220826577505
GCCCGC,0.559072457305376
GCCCGG,0.330006696856571
GCCGAA,-0.05176193455858957
GCCGAT,0.09431067947124142
GCCGAC,-0.12883287184296843
GCCGAG,-0.2144098713454552
GCCGTA,0.15684247149296968
GCCGTT,0.528844129268669
GCCGTC,0.5917946862996578
GCCGTG,-0.17034536574723888
GCCGCA,0.3697470255060852
GCCGCT,0.807091439909163
GCCGCC,0.9942522733438669
GCCGCG,0.6238124871588812
GCCGGA,0.8012893391796485
GCCGGT,0.5208759596194922
GCCGGC,0.9370527233225843
GCCGGG,0.7216188546412573
GCGAAA,-0.2235735663713628
GCGAAT,-0.08065790301745442
GCGAAC,-0.03198304585305065
GCGAAG,-0.18786173716957
GCGATA,-0.011472401162236807
GCGATT,-0.1319891080244058
GCGATC,0.012903404835907782
GCGATG,-0.168715904738176
GCGACA,-0.6194439847728105
GCGACT,-0.5368011101692512
GCGACC,-0.7066914056677026
GCGACG,-0.8858315243894465
GCGAGA,-0.3130917879771492
GCGAGT,-0.4234836136108427
GCGAGC,-0.31348271839651415
GCGAGG,0.1358506824156137
GCGTAA,-0.17301916413164112
GCGTAT,0.4385049621863645
GCGTAC,-0.02469261259037152
GCGTAG,-0.07864312731911323
GCGTTA,-0.062035390919452635
GCGTTT,0.3816502275148095
GCGTTC,-0.05908891637000644
GCGTTG,-0.6859786910813328
GCGTCA,0.027398974188114347
GCGTCT,0.09952959534703307
GCGTCC,-0.02197890671877534
GCGTCG,-0.21164917188847474
GCGTGA,0.005012541823544414
GCGTGT,0.6546808997321493
GCGTGC,0.14842000511827322
GCGTGG,-1.0216512475319814
GCGCAA,-0.5847791438381639
GCGCAT,0.011834457647002798
GCGCAC,-0.0713090277047818
GCGCAG,0.4725600856870369
GCGCTA,-0.23732818630616626
GCGCTT,0.4919571394616078
GCGCTC,-0.1570037488096648
GCGCTG,0.06252035698133393
GCGCCA,-0.34961303018227113
GCGCCT,0.21209371512762482
GCGCCC,0.03045920748470844
GCGCCG,0.22761783170913072
GCGCGA,-0.3638712108093273
GCGCGT,-0.46103495926297516
GCGCGC,-0.685425134466035
GCGCGG,-0.10956220251152628
GCGGAA,0.4164628623177058
GCGGAT,0.22705745063534608
GCGGAC,0.06899287148695142
GCGGAG,0.5533852381847866
GCGGTA,0.13858616328614673
GCGGTT,0.3814696025519488
GCGGTC,0.5637911593459034
GCGGTG,0.5023149340980819
GCGGCA,0.38620729150374977
GCGGCT,0.887635476113779
GCGGCC,0.0755075525081451
GCGGCG,0.6673946844575306
GCGGGA,0.3444348890442305
GCGGGT,0.7894414509800185
GCGGGC,0.48405538270138593
GCGGGG,0.653926467406664
GGAAAA,0.06544802552041183
GGAAAT,-0.13137389448450137
GGAAAC,-0.06254790481125534
GGAAAG,0.006058584671706093
GGAATA,0.07526248450054678
GGAATT,-0.3355845312810723
GGAATC,-0.11144721720729761
GGAATG,0.018820059326769886
GGAACA,-0.10594857800938066
GGAACT,-0.5485659517488378
GGAACC,-0.7736860430439577
GGAACG,0.1967102942460543
GGAAGA,0.0023103591331843066
GGAAGT,-0.3049238788862869
GGAAGC,0.16251892949777494
GGAAGG,0.5073352188262222
GGATAA,-0.05213800793911612
GGATAT,0.29799144211064227
GGATAC,0.2822912238169046
GGATAG,-0.09828637247737088
GGATTA,-0.7506185344744241
GGATTT,-0.06673680736026874
GGATTC,-0.06515714163363731
GGATTG,-0.03445122875424608
GGATCA,-0.2371624724935407
GGATCT,-0.384127970720033
GGATCC,-1.746825496748797
GGATCG,-0.029296369488430823
GGATGA,0.09540027395277086
GGATGT,0.3287791323017857
GGATGC,0.12136085700426753
GGATGG,0.1711838123834986
GGACAA,-0.017553367580900866
GGACAT,-0.15057285847937443
GGACAC,0.13543797089510431
GGACAG,0.38436574408391827
GGACTA,-0.5961689436549233
GGACTT,-0.5568107370078141
GGACTC,-0.41773520069997866
GGACTG,0.0755075525081453
GGACCA,-0.9108212560696197
GGACCT,-1.0236492501946544
GGACCC,-1.2932039380538787
GGACCG,-0.6859786910813328
GGACGA,0.06644509940815276
GGACGT,-0.294799540220645
GGACGC,0.06351340572232593
GGACGG,0.2195784851497136
GGAGAA,0.4532377488930295
GGAGAT,0.2795104233024615
GGAGAC,0.19574457712609533
GGAGAG,0.7141665477840207
GGAGTA,-0.14476612295973454
GGAGTT,-0.06676817646484026
GGAGTC,-0.21842656143607084
GGAGTG,0.791728009232393
GGAGCA,0.125163142954006
GGAGCT,0.2509231154212856
GGAGCC,-0.018433701688837907
GGAGCG,0.6900270532237017
GGAGGA,1.3055829807367185
GGAGGT,1.415004467002322
GGAGGC,0.7862376036259573
GGAGGG,0.9616294124632169
GGTAAA,-0.04750233398500325
GGTAAT,-0.42356514975178233
GGTAAC,0.05608946665104358
GGTAAG,-0.3581024959299177
GGTATA,0.4757343039547206
GGTATT,-0.060624621816434854
GGTATC,-0.08949057075106087
GGTATG,0.264479175372117
GGTACA,0.2664403570675339
GGTACT,0.107778896522108
GGTACC,-0.15732025458853735
GGTACG,0.11466290832013994
GGTAGA,-0.37320424588994294
GGTAGT,-0.7621400520468967
GGTAGC,-0.48550781578170077
GGTAGG,-0.6444820085786643
GGTTAA,-0.4386093523419182
GGTTAT,0.20237531051024538
GGTTAC,-0.12583136883921184
GGTTAG,-0.44238205193580615
GGTTTA,-0.20277216726524538
GGTTTT,0.43730170691943904
GGTTTC,-0.03484050466072022
GGTTTG,0.07491097005554227
GGTTCA,-0.2561077268531857
GGTTCT,-0.3768098523477883
GGTTCC,-0.3992442482330618
GGTTCG,-0.05129329438755058
GGTTGA,-0.4521366274173111
GGTTGT,-0.1904848674331155
GGTTGC,-0.4615218141898264
GGTTGG,-0.5255734804005463
GGTCAA,-0.3398678256223512
GGTCAT,0.004421525257877256
GGTCAC,-0.424722924712579
GGTCAG,0.17022114985986725
GGTCTA,-0.5728610146854433
GGTCTT,-0.0030880106885765052
GGTCTC,-0.2670154356432219
GGTCTG,0.06010392406970531
GGTCCA,-1.0355541527009728
GGTCCT,-0.41245814359913496
GGTCCC,-0.6652619770704097
GGTCCG,-0.6737290947028438
GGTCGA,-0.5583727796958258
GGTCGT,-0.48721575812685686
GGTCGC,-1.2110902720948
GGTCGG,-0.38752740742149716
GGTGAA,0.5108256237659907
GGTGAT,0.3290488776638011
GGTGAC,0.19311126421533487
GGTGAG,0.3587779941355112
GGTGTA,0.36994947514742854
GGTGTT,0.5053760189984261
GGTGTC,0.28626463777080763
GGTGTG,0.06291382541056918
GGTGCA,0.16561970717602315
GGTGCT,0.38340259284454725
GGTGCC,0.13805287734336855
GGTGCG,0.27598603268858957
GGTGGA,-0.3082018026829574
GGTGGT,0.06661474908198403
GGTGGC,-0.40228545519078457
GGTGGG,-0.2702903297399117
GGCAAA,-0.20199848488815866
GGCAAT,-0.5923300620861456
GGCAAC,-0.4682163186716398
GGCAAG,-0.10763066419236544
GGCATA,0.1545622871596798
GGCATT,-0.2244613639362865
GGCATC,-0.14877913602534742
GGCATG,-0.06280090123903036
GGCACA,0.07630819306332426
GGCACT,-0.5552104944675063
GGCACC,0.22314355131420976
GGCACG,-0.07232066157962613
GGCAGA,0.2097205309820691
GGCAGT,0.27489863282610605
GGCAGC,0.6362598061578939
GGCAGG,0.622713905511025
GGCTAA,-0.5420962666538116
GGCTAT,0.03636764417087479
GGCTAC,-0.419853845560264
GGCTAG,-0.5653138090500603
GGCTTA,-0.18809191325529118
GGCTTT,0.38477545040471345
GGCTTC,0.19307686271542582
GGCTTG,-0.1743533871447778
GGCTCA,-0.25414729136521025
GGCTCT,0.11851860023533742
GGCTCC,-0.3190045435808221
GGCTCG,-0.2352439582482972
GGCTGA,0.48803760875595004
GGCTGT,0.9000678963672677
GGCTGC,0.6738229077335426
GGCTGG,0.21567153647550888
GGCCAA,-0.7006191953986463
GGCCAT,-0.5038010088290262
GGCCAC,-1.4140311160914902
GGCCAG,-0.6490052873300199
GGCCTA,-0.6300890445928085
GGCCTT,-0.4880221347484139
GGCCTC,-0.4428526401797848
GGCCTG,0.36608677812107904
GGCCCA,-0.828948721719007
GGCCCT,-0.7576857016975165
GGCCCC,-1.007396280396448
GGCCCG,-0.6343066805370119
GGCCGA,-0.2859564464843111
GGCCGT,-0.010291686036547636
GGCCGC,0.4834266495778762
GGCCGG,0.5463323122229006
GGCGAA,-0.15946341871790445
GGCGAT,-0.0659579677917974
GGCGAC,-1.0818051703517284
GGCGAG,0.1278333715098848
GGCGTA,0.16788087263916035
GGCGTT,0.27763173659827955
GGCGTC,0.34805420089482536
GGCGTG,0.23889190828234888
GGCGCA,-0.11275248246766736
GGCGCT,0.1938159362196897
GGCGCC,0.06899287148695142
GGCGCG,-0.18721154208814647
GGCGGA,0.39304258810960735
GGCGGT,0.3566749439387324
GGCGGC,0.6972371658114703
GGCGGG,0.5943465958158519
GGGAAA,0.05789397841890267
GGGAAT,-0.06427588160881269
GGGAAC,0.09893994785490365
GGGAAG,0.05310982531394833
GGGATA,-0.0696677491909872
GGGATT,0.07913732055872379
GGGATC,-0.5338908966969867
GGGATG,0.42914759275172343
GGGACA,-0.24163813395037406
GGGACT,-0.21772348384487053
GGGACC,-1.0531499145913523
GGGACG,0.1645493870481568
GGGAGA,0.5329259707666566
GGGAGT,0.07843581228723347
GGGAGC,0.09360949912230754
GGGAGG,0.8965748687097377
GGGTAA,-0.3181650891768567
GGGTAT,0.04512043528046964
GGGTAC,-0.492768840018748
GGGTAG,-0.38299225225610584
GGGTTA,-0.4613881913401203
GGGTTT,0.3656907826203529
GGGTTC,-0.3516624021151882
GGGTTG,-0.42199441005937505
GGGTCA,-0.35611923400500933
GGGTCT,-0.025170738346551445
GGGTCC,-1.0874389880699844
GGGTCG,-1.0723443618474995
GGGTGA,0.4451975800946389
GGGTGT,0.5013468798114469
GGGTGC,0.32850406697203605
GGGTGG,-0.15933203856925593
GGGCAA,-0.5283187812135078
GGGCAT,-0.19171129714379367
GGGCAC,-0.3499859557879358
GGGCAG,0.24846135929849972
GGGCTA,-0.5684437020589881
GGGCTT,0.23391564829612102
GGGCTC,-0.01212136053234485
GGGCTG,0.3948657426711223
GGGCCA,-1.0624092400041492
GGGCCT,-0.4074832722644016
GGGCCC,-1.80280930541464
GGGCCG,-0.05826890812397576
GGGCGA,-0.4618180446592962
GGGCGT,-0.07145896398214498
GGGCGC,-0.1454169998585037
GGGCGG,0.2371297932889497
GGGGAA,0.34297609958057035
GGGGAT,0.4389130421757044
GGGGAC,-0.15507191434657921
GGGGAG,0.5435523172685477
GGGGTA,-0.17620532977651857
GGGGTT,0.1444279838487359
GGGGTC,-0.6418538861723948
GGGGTG,0.625894953550778
GGGGCA,-0.3907743926981607
GGGGCT,0.1700337260002613
GGGGCC,-0.720883935531545
GGGGCG,-0.29815337231907635
GGGGGA,0.8530356832889469
GGGGGT,0.3633938941874773
GGGGGC,0.08282435063541327
GGGGGG,0.1537961327574214
